bbb77e06
da85139d
66277326
803d17e7
7afd3667
5a06b79f
12572d45
080121fa
abf08b45
e996b729
d1029a90
c84bacb8
0642b896
7b5a57fe
05146aac
80747f0c
fd2ae006
846462f3
0f7adb2e
d7f91501
5e70ba0d
6f16ec35
e092badd
4ee16619
266c9608
2114479e
951dbecd
7a45fa4f
648361e9
1f76f376
e2122cba
5722d078
a8970b2e
77af1537
343e49d3
5d8ebd71
ce3bd441
22c66d18
03c64fea
8d563417
314ace5d
78aa19bd
48292a13
c004e866
fc08daa2
0cc1c88c
8fda1ee4
4cd9e407
7b7eb94b
26a66360
b388d6a5
82d8636b
581dc211
ebadd5fe
73559397
e5c57384
3d0f1d9e
092aeac0
da2adfd9
bbe65911
684c6f13
5061c544
71e75520
f32008a1
b4be66db
74c267c9
3f502154
542d21c9
f29b41a3
cf42f274
b08b64b2
5fb41d3c
5e6d9595
77373cba
84a6a9aa
63ebed03
d73bc6e6
530d73b5
520e0c08
e267fc2f
a1a0491e
b8f876bf
73d678a8
24a7ffe9
b00cfac4
c5d9c0ae
4443b748
67ff6dbd
c3599bb9
f5f6b66e
44579993
5bd1e601
852f44a9
daf01cf4
f4b0f823
9d2952d9
59370560
8af06c0d
69407915
aa3faea4
a28b2b71
3b4878e3
bed45be9
8085469d
2288a476
f6c991d5
5a99262c
b5cfb942
1e1cde11
3e09233e
57b32f29
7894d642
a9c00aec
bb260ae2
35348c3f
32d4f2a6
3c8cf826
d28555a2
7e141efa
44af23ff
bac2e177
3b623221
d9e3baf2
7908182c
3bb9006a
6d3dfbb0
9b39c035
c4d904ea
6cc2efc8
16451df5
0a870608
a288164b
a865eb0b
b594b0a9
53b1ac49
a12f55f5
39abd79d
28529011
30412a19
b5421398
111c6800
1f98e7ce
6f45e9be
9c3a5067
10edb4fc
683e9f65
c19e330c
f809ae93
76aea7be
e97fe4d2
a9506a20
26933d6a
66f5e355
897aed5a
4ee92172
322dd631
959dfac4
72689b66
41891764
0fd17c16
2a262bdf
04ea3251
16a65321
4481b540
371806d4
cf913b95
f49e1364
e8a38bbd
a3588db7
ef28acc0
acaae298
efcac664
57c5a107
9f432e55
abb79131
6ba222d9
d0dbb185
7b831cf0
1bbf0f3e
b14ef052
87d479f0
15a5cd25
2c265f85
1d0701ae
5b6559d7
fba7fef8
8b676444
9a1521d3
fbc48644
0a8a4b82
3cbf659f
d1915eb9
b28670da
ef3cdc14
e372af2b
64651860
2a460154
a7f27822
f63fc779
d4cce231
59d628f4
05d43490
eb88d353
cdbbbfe2
f2b3fae1
301c1ed6
cb166195
e3bc82e7
0feb39f7
72685e3d
4c579faa
4bf28f1b
582da073
68557a22
253a6cea
7c440f99
4b5d7902
6bd42cbc
2638a83d
54dd25e2
fc42a792
bea6ca8a
99009751
f6b4a624
2c72f49c
2ec8f06c
286869ce
8f66d7a6
e7d5908f
ed4f17cd
f960b2d6
087aac2b
e203b854
342728d0
f695498e
ab306ddc
77fc6db9
b32d231c
fe9bbfdb
a573f60b
aded8192
a62620dd
258b89a3
c347bc7c
adcce518
1c90484f
a6adf2e3
06c24dfb
a0dc42e5
389e2205
6701712a
6da6a2b8
87ce3640
61c4cea3
fa0a87cb
f485e4f2
4b6b9f1f
2984083b
b8e4b33a
feff6b1b
601c5875
8943327c
0e947aba
b9ac313b
cee2913e
0466f4dc
855e2de2
5cabfff3
49e44579
e82bbe5c
63ee442c
c619a2b9
bb91885e
d9dbaf73
2a86b449
7df2a38e
19ed9eaf
ed3d5dd3
9664cc90
f12fa60b
b8365b7c
1865b8d0
4082028f
1aafbe26
400a1af3
69db1079
715287f3
14321385
9e118c24
5d3e262e
a68ef0b3
6b8d331f
703808e8
55833f3a
7ee8a708
2b3bd38c
78051e09
a34e2e8b
b570c544
16da66a8
1be63e4f
59d9bb58
b8e30c21
f58f52d2
e576ba38
7405c720
50d58b50
d6408a6f
26ac34c9
a69ddeb3
b43db2d6
4e890f45
83528655
a091bcb9
77dc307a
cbb21af3
956bee25
fd487432
8a07f775
e9c4cd21
7c7a7731
6115819f
f5e7288c
0e22be17
65ee2e07
a5fd5c10
c1943ecf
8ff240c9
3a8b64bc
958539f2
65d7754f
e4a4cef0
d224f9ed
ee369341
b78b00ae
244bc741
c8daeb10
22ac984c
850d535e
c3b6194d
13689942
085bf522
a90e45fd
578b7185
0ec26658
0321acdc
e1fcc7a1
5813bf85
d38206f4
f8c5241a
d48f0d19
90aac66f
c48f09dc
9327fbc6
e7beb0c9
05568b5a
538989c4
34962b1c
cf4faf26
6fc53c13
c0a03e30
2badede3
54291b8b
9c5044c7
0dd53ac3
fb2cff25
fdc5c561
e8513d75
3000abca
8a46d7b6
46b7c22e
60b9f7b7
97a82a90
cdb61e4d
c1889732
beb96e25
fccd74fb
18158792
b415efc1
3454add7
9c2db920
4a3c3824
6a2309b8
69958a72
c3af65ff
cd02dc97
449e8c3f
363df0d3
8cdd4cc0
8dee9222
aaf54317
5063e9dc
86579170
fb4cc2cc
01bb1b86
3bb6b683
41b2a630
bbe13dca
175e4f26
09e6ef1b
54b94639
f3b558c6
4d1b2690
10ef7cf4
1141eacc
af17e4c0
22766de7
1695ba42
9a68ff2c
342a80aa
e3c1a415
3f2e9934
6d058930
585f0301
bfd09cde
252a559b
9cb948b7
0051be60
c429106e
22b0ccfc
5ec57c0b
d9c8f189
38cffcd5
2df2d09f
8bc0668f
652965e7
7b21848d
3db02bf5
211c65d2
19681321
7a8bea47
ffa23d66
b9da8d41
e629f678
c435db6b
94481c27
6e5a4fe1
d369fa72
68de4041
ba10356a
2b184db4
77754083
33cca911
7b3596a6
f5c77896
40630a7c
04bfc7aa
7515c86f
4f118203
956a68cb
d61ffab2
007c6cd6
313bae85
d98eb2f0
f5c61618
d7a4beda
4f840245
365471c3
b5e5f355
7a6584d2
950b940d
16c2bec8
626856e5
7e2c955f
7c67609c
9ee1bc66
84c832d0
d0dc00b9
49aa135c
73f3413c
614d5616
ba7189f1
e2b26696
627ec566
e09959ef
bf3f5b9d
ddd6e6db
20bd4dfd
a95786fc
688d6d38
606bfa0d
fa60e698
30c12de1
baddecbf
ee0bec5a
e39c56da
41a36d59
ad0330fd
a8825b13
9fe91683
1a1c2bff
73130d8e
46fa5f3f
aeaa8f91
1442d79d
989b4865
c365856e
0ac7edca
18a418d5
ec60544a
3bc580fe
f09aa773
2ae63c69
4006315c
4393bb0a
aaaecf13
1ade4015
894da61b
8c55c35c
b3f57123
a7f2e6ab
9fd89c38
07a498f7
03fc67ea
6f2d6d2a
9381c1ae
dd3edaf4
ca6b6144
6e35fec5
ec4bf053
da7af713
17827ebf
52e3e035
f24fbfa7
b2d0f23a
3e6b6a51
370d1be1
1a5f4af9
93027c59
4daf71bd
d0888e51
e91b10f0
ebaffb32
8dff9b96
af21fed0
8f8d630d
5e768d9b
7770e559
10a5e634
200530a5
442ba60d
2da9d178
e75d8ddb
8a3e13a8
412dc62d
c4eb41f9
3652c5f3
b37ec225
0c70a0b8
14923deb
36c1fbfc
3e719b43
ae26442f
b2d178be
25183dfd
7656196e
1a0bf9b3
c288ce8d
b0796701
0fb820ed
7f1522df
b29b4078
88118b72
968d6e6d
535aaa6d
c4f625a6
081e5567
94e853fe
4c6c4a15
60ff98c2
ef15b711
6700c6aa
85629140
3e15a645
d175264b
c233ee35
4157282f
2e01dac6
be7b1d2a
66184b65
81ef473f
481ae4db
84b05dfb
6ee035fc
63afbbb3
0febaa3f
2f229a49
f11b0bfc
9cfcba0e
7c1285d0
b9bae304
5e982cc9
3b250869
df24cadd
899675a2
a360d053
94377026
3c422adf
5a273c33
09815e83
6874dacb
9695a8fd
52c93e38
d4ce935f
d20b71ad
3bef79f2
4efb20da
76eec0ea
708925f3
d2da92e8
907d87cb
301a06a9
692cc70e
c86282e8
9fc61017
e55f0055
afe1fd1f
9808f2fe
4cb94b75
df2cea5e
0e8666cd
89ab5ba2
b932336d
14a27482
1c712afb
1ce49bec
7cb2d820
d16fb49b
d8642bc5
fe880c2b
1eaf660d
bfb9587a
027c1601
9732bdbf
d022825d
8d452f49
3d2f78ff
942ecd07
fc4f73c0
54d821bb
4d02504c
e671aae9
b6b08c9f
4344dece
cb332280
430dd311
d49e7b66
65a4657f
c875ceba
45f47b0b
983ab661
1028d25a
46117a0b
4355fac3
7db17c65
15835a1b
a6c0aa1b
c3f1e89a
22b82a8b
dac2769f
162a4e77
a374b125
9f517a2d
b284c6c7
61da4ec9
286c23c8
2ebbcd82
b67f66e7
0ed6dd76
7a768e8a
df54f079
6a25ea54
3a8f3d83
7ad9509c
4995e7d9
58b910ae
2f3152f8
a8a459af
51a4a487
63b0e5bd
9fe83dfe
92a18b75
da2028d2
387aeeaf
d048b378
02dddd0b
96e0d715
0c441394
48ec456f
c8796caf
58733579
e55d48f7
c4325416
58aaba8e
f094d313
34264b68
542d8c6d
51ab891d
318f1279
abcb28b9
15519537
d91bbf4c
70bf6e95
30dd8443
8ae12949
56c38b0d
d3e5235c
865d8bfb
d37cfd2a
d7eaf386
bad49e2b
0b2cbec3
02668799
802c14b3
55f4c82e
52dca496
0f8ef191
e62b90af
13f96cb0
f3810367
ae5cd8b1
9c16a094
48849656
93895551
9d4611c0
b0b9f19f
5fc08d9a
800ebec3
ad085028
46ad766e
e478899e
5c2d545b
226fae08
22767e3f
5b8cf407
6482a6a1
3a854fca
fcf488f4
d0adfe21
8254db35
3f7c822c
4813e3b0
b8dac9c2
ddbddf53
aca60378
f5ef969c
e0beb542
f4cb2769
94efa03a
7df2d98e
fea2570f
3c3e48ee
515dbd9f
3b2bf3e8
ef8cf923
65bc8f97
7d8ca3b0
d6a03eed
fec33c33
b1e702b1
67904749
80534e55
daaac9b9
f028a697
7bbca9aa
3fba432e
8c28a0e1
9ead539b
af1b1774
734bc04e
6302b80f
b46b03ce
56479127
280741d6
c781d8c8
6f8c7604
c8dc52e2
128647e2
9537313f
110dfe57
762e6fb4
c0cef958
e35b23ea
63e22f59
e72a97fd
0f78cff7
c642b234
908b3cf6
15a568fc
afec2081
547eba9f
e68e7a29
10a2974c
0b2dfb49
3cd4ac0b
83e68c81
1ca632fa
85daef46
de7a28bf
f6dd2429
195d8da5
b5c643f1
cab3f88d
01e249dc
53e45bb0
cad4c8d9
2a37e6fe
0be1fcca
bb6c7836
b93ee263
cb24ab9a
94af5291
a154f00f
d5f4fb05
181bb7af
b3227bd8
7779bb74
42f4749f
4099a72c
fbffbf52
8eaad258
48d6bd28
710da0b1
6667a5bc
c8ddf654
b4fee6bf
6d0f67cb
bf3ea130
080a033c
45d9464a
cf162882
4acbdda1
1e8346de
bd4f03b2
fa14c8ee
022e142a
d5cdbb9f
357332c0
364871f5
36af740e
ddf5db39
b4cbc670
4cb1ae32
578d83a9
18e2daf5
34373e4b
ac38c134
37dd7c5b
929c5e70
331809f9
76c12daa
3dfcc610
02ec056f
ca752daf
97dfb3af
54e60c3a
3941d7ca
74aa54d6
f821f20e
0a6a76fe
d2070024
7270bd85
ddc5c3c5
d217727b
b75986b7
766b8b70
e7b496b2
d93f6c63
a2d1d17a
87257da5
3aa8f44d
a0098dfd
a77ac1e6
1789b6e5
0bf5cfaf
f20ea34f
ea8d5ffc
6f2d17e5
77ebf0ad
3634de12
132fd5c9
db46a142
e2b23855
12a19ba9
1b41c323
4793e491
5b3afb31
8fc7faff
639c74d3
4dca2850
10c5aa30
15fce6d1
adf6ca02
e260bb79
54f3de3e
c9b53d24
ac20cfac
0f77bd86
e0273d45
f67c4ec2
8b221310
e14e81b0
1e6bb88c
463b8a11
d84f840d
31083d2a
e301a9fc
11f61e83
96e4e590
408af7db
d0428483
9a8639aa
ebd9b913
438d5aae
f3c53682
f7bedd08
afe6abe7
29d4a3ea
089e1afe
b3f65cde
75d9bde8
0ef7079a
2e822398
34d3cae0
fc7268c7
9c30de32
792d64e9
63b5e811
08434e0a
51c5e7ab
4b2ed753
a95b0991
c540f905
9666b295
46b2636f
512f4600
840c4417
9d5ae850
ca418778
af71bfcf
898a62eb
7f3b6000
74565a3d
5d251315
17be5a76
42ee75ce
06a98f45
df67a845
678cb332
ccbbf327
e9360348
02bdeb07
4477c9c9
14985aae
e67f3c48
3f31aad3
47123326
2fa8803d
ca48c2aa
91a09f24
cacf9ec6
1bff0bed
aad8032c
fd071832
de2bb172
a8b10b70
b236bc7f
d294bac3
fc53fc85
fba0b1e4
5e14a26a
81696f86
3fa6c08a
11499971
6e92a002
68cd542b
8b42f4ef
6e30be00
47e0ddf8
d7a18937
366454f4
23abdba9
43042f06
1a7502f4
ff5023c1
9e27b4f5
7f9d3589
fca35aff
6862d121
7a9be842
f5e6daeb
f9ce1b76
6eb802e6
b27a4714
a98ff158
a33f8bca
1a9abfc9
e1149678
08ae5d35
a21b0a91
aa602d95
558995fc
81f2ea87
48eefe16
72a2c580
6848c1a9
7fc6eb77
f7a31e43
190dbab6
653e9efb
6ad514eb
c14a092f
8d9a8a18
47e56af4
bdc86a89
a3bb4a65
94066cde
6a2d8210
97920bc7
0bba96f2
75fbb240
75c5c0b9
77824c50
ff0239d4
bf245cc8
a3159456
2274cfb9
cbf5fd78
ff022df5
ed26c5cb
86685f84
3e8bb048
58d01529
14d61a73
249a265f
6a6f3897
22ce5b09
dc4ef41e
5b6b9a78
2cb5432a
1ed86902
6cfc3f3e
886adcd3
adea704b
9f8f56fa
df55a612
196da8f9
222906c0
5cd1f0b8
3a1efabb
4c74ebff
f0670c3a
2de8dd8a
fd695266
339ac774
05fa2b0e
53e2a323
f75edce0
b49b9aa1
3e34f186
a0885104
ffb80e50
303c5c49
cd1113f3
028f8cc4
91f9dcaf
e7e15ab9
5a7580a2
a65707d2
9301f404
1da57a44
ef59c572
290a3fa9
b11a3216
1c49befa
594b8d11
35de95c5
0bae88b6
8dbc98aa
cb93283e
7c0351f4
d18687aa
2f0b2573
3f097481
22b2d5ed
79e674aa
591e8d73
9ea58c4b
cab3807d
ed33d943
5565bb8e
a0955a04
716e222e
105cafdb
31562c08
6e3d9a03
72cf031d
c731a32b
99c3eaa1
7660a5aa
386f4cc0
ef13a35b
f4695207
1b127f73
cb7a94ad
a400731a
e60fa34b
5ebf8578
6c0a9c70
cf14f5f2
64f939c7
3bfefcc7
68abb074
ca02dbe6
beb43879
0edb9024
e73ae72b
c0248244
5de96432
5c8c8c25
6c011e81
b5f23449
9c16d374
89767948
8db41687
e3fad795
980d4931
14454524
20d2f1d4
a3e19aa0
860f8dba
80a63aa6
b9a9f2bf
78347940
149c5b0e
60474af0
aa38c1fc
f2e4071f
32fc1d9c
98b7625b
eb7b3c85
119084f0
20de0a97
d01fd071
682d4a59
eda757aa
ed109463
0c0dfe0d
ca4cfa8b
f6abb0a5
97554fba
eae00d8b
81721c43
9db9bafe
f623de2d
3121231e
bd1fde5f
9c57bb95
0f80eee7
59dcfee9
063600c9
03c7381e
7c55c5fc
59aed6a9
ec0d5594
91412fab
2236abd1
1ed2fe97
6107fcf7
4db324db
0c2259af
a5e4dea4
f838763c
290e2523
58ec4d36
f81657f3
6fedfe67
d40fb897
40b46a39
7396b4c0
04d22ea7
61db2aa4
957ab483
bebc1bb6
84926f33
e7f91aa9
5127471f
815b845d
cbdbca15
e1bf5879
5cbfd901
546af30e
4b6df76b
459d58cb
3e0dbea9
b2c392e5
d37507ea
0287bbee
4aba2373
d45cc739
dbc3ede4
6998e5bb
d0d85aac
aa3b5a2a
eeb12835
bd4a502e
1eb29aa9
f114171a
0d1ab2c1
33155360
b65ae45c
b0f337b4
16be4a76
21ec544e
c7ddfe7c
7a5a0cd5
43d69795
b5ab9fe7
0cb4854c
1fb42302
e151f3e8
3abf13be
c1df449a
00ce17bc
850722a0
4b315329
4bdc33e3
79a69353
d2587015
570d7938
fd6aa08d
8611d230
36a60f7b
1e6b8f3f
9e0747d9
a977c847
5f9f0f78
707a5840
553afad9
465a22c9
42637ac8
8a77e6f5
a386c981
2c6c4f9a
1674f7f5
99c865b0
3abbceef
2fa7e4dc
b4bda502
03a1448c
4d2af394
78573d38
61fe2ac0
30696af3
bbd78968
15af2eb5
ff4727a9
6df34470
aad59f0e
3fbe2114
8807479a
7e72cbe0
c6d5d487
f4e45e05
9bbcf377
bf90225e
c0ac49d3
7b57ae18
5c09c312
e91d95c7
2f0e5ab5
6f499bb9
dbec2166
a7d91e46
0622158e
d6ed0f27
963340c3
3b40a516
d3ac2e07
9bf04311
e1d771d8
f262b3ee
27fb1dc1
cc20e3e0
dbcdf20e
d40c19c8
b1937812
0cbbbc1a
1c20f146
430e3802
05c97aa5
7924328b
11d08b11
16e7c248
3b7816ff
0d5aafac
4d4f7c9b
f955f355
a0d1698a
31ed803a
bcba992f
1c7ed2e0
02748fd1
e25224d6
7fde41f2
4beb1a42
3cca8c73
c5df80f1
8df6f831
0ceed869
2b91e098
e7df8079
edc5d9b1
88898bc8
87ea3130
f8466b16
91b28104
f3de586d
22af6484
09cff0fb
0dcd8973
20955742
c5d71dfc
eb7957c8
f186d608
43bfb6cb
19b70378
c2d78d14
5dd7816e
12b8e5f3
ced6dcf0
bc521cd4
06d48530
582b0f29
00084a0e
20785bea
4ba4c368
aafcfb0c
86315982
0d28af42
00dc8762
9621603a
fee9d809
78fbc55d
0a5ccbd5
f7e26a86
ecec0c3f
c0108bca
fc5dccbe
fc8fe53b
053820cf
2519cbbf
91aa9488
a44557b5
d8cded6c
c96ba45c
01ef2f2c
65517809
005fd901
948f137e
aafde9ce
ef4067ac
950758b6
bc25507e
d379f60b
5aa4fa37
79ad6006
601490d0
b3d3d337
ff1faa4d
4097e3a6
208cc737
b5251b42
dfe75ce4
bb031df9
cf366547
704e1588
ed16d217
ddd11e1d
3c4ae394
67322288
4f055419
5546dd9a
504e86e0
92ca1389
c7d02154
bca2d589
24635680
98dd4af9
01cc3538
6a05a72d
02ed63fd
7cc00234
ec513297
8a754556
792d1319
b285897e
76e35dcb
b61c5fa6
80f8ab12
26ce9a3f
44a91f9b
8c13caf6
5ce37a50
46851304
7859cfb6
744ac341
a87c5f50
515f9dfb
fef53deb
704658af
d12f45c6
0b64b8ad
125b8435
397fbe3b
19af9587
88ff0108
73189987
65217bf3
01b8e55c
bf7e1175
d741747d
c01bbbda
5b74ad2a
14e0c202
98b00e12
b73257cb
44a26cee
2ecaa651
3a17d171
c70bbccd
a2dad404
f31f2d09
c17ecc96
056c1ce0
58fbac98
807fffac
8ec24d49
2a0ad17c
748844ae
ffaaeea0
eda94c7f
40ff03ec
b0d8a60d
2733d421
eb4c85ba
0484f0a7
c89be00f
27d11202
b7bb498a
0fc6bf2f
dc4554fe
ad8f5df3
8012c38b
d41a38fa
f3a31e78
9de69f8e
8cf86825
be6d93bb
8f444376
e27a9c83
8cbe2ab6
74f10602
d21cef5a
b1069c81
3047348a
0c15e3c1
bddee517
4efa8089
c39e507c
3bab4234
2e509382
b8397fd2
6fadf253
ed18aea0
e1568a06
32dc13ad
a59494d9
d6fa449e
5350beea
d536492c
9e6b2385
b9642f88
ae330982
2f66ee63
a7f411f6
9c92a173
df28008d
38002d31
89646fa2
969590aa
b4989faa
4adc0f9c
aed2ab6b
8c496034
a9b9b273
61042c88
763e8682
7b3c2b55
34887bbe
440b6e61
112c0ac2
9ef45df8
bc21bcfd
fc757d62
28fb854e
521f4587
ef50e2d0
9259f1f5
2087ff06
338d4615
f2baddf2
899de770
9b0c44e9
61bcc901
eb0e3caf
bfe296a2
4be2a719
ff309bb9
64be7eda
c7c80668
27a9d8aa
8b2e4874
063dc5e4
6ea24e24
cbbd6f77
ac24379e
702bbc55
f382ef25
62a51ad6
fe08ff09
dcdc505d
8c2cbdf6
69dc77df
03db6dcc
a239855d
c0dfee94
9ca37252
afc02fe6
edabe5f8
b3810332
ef0652e1
8e1669cc
26d6c33b
288a5003
33ca2986
a9a08d9b
ba6583d2
49e71d7d
e355e379
b8677064
9b10b171
2ae42a2e
5b96023e
e1e07516
071a9457
e79b8d7f
50b0eac5
f0e5ea11
f95a7482
4e878387
6010a37c
fb9c3123
cab5901f
6e7fc4c4
4a06f957
30a62be1
4e94508c
5433eb0e
0315cb47
f5d3b959
dde3dc85
6816d83c
d1313734
0d2e573f
3ef34fbb
b7848319
db11adaa
3a37c5f8
939c333c
aa8c81e1
6ca72b99
b35da113
e887972c
562159bd
dfce21f6
65ed6dce
c2cdf564
f04821d4
7a29a64d
92e4069d
54c25f46
fa788ab3
8efd7ba4
10b48760
8b402ecc
5da4d980
1403e38a
662061d3
295caf1e
2b591961
06d2963b
d6ae5a11
a062e807
512ca076
61625e07
7ef7c196
5e6d1c74
419fb225
4cb270c8
57c5423d
0fd1227c
584841d3
5e3334aa
2c6b77d9
109ea4b1
45143015
a1c8c25e
89e88d7f
90a30adc
cee6b620
1c75fc11
dd0630aa
797cd943
a8cdc549
1cf9421b
a3fd3086
b853bc70
3466a85e
ccce05e8
821379f1
4888c387
4ff9749b
4c2ea1ee
9a769107
429cf0ac
4daac3e8
af2ee963
3254bc22
1fc5778a
97b98d10
65601dbd
bc265416
a23147c4
d3f9d6a0
cc99e4f6
f0ecc255
7c6c96c6
3830121c
74026b85
172830bc
36c8bc43
09595083
4a6d05c7
b067850d
5806a8ae
2f76eac7
b7e009d0
6d90051d
cb41e304
13020a14
1a54c5b4
dea29c65
28e124b2
829b33a9
79225a1e
7e51e6ee
130cf2a8
266f3484
df054b9b
b8b404a0
3c230eb0
e351290a
08714c72
1e1c8d2d
789434d1
3fc31116
e1de0326
16e0ac9b
6d0a6962
24e11751
c76dbed4
6657d76f
0bf55f72
a372a09f
1b465ecf
c3650680
1513dc1a
bc85c112
9057eb61
ca44427c
03778c59
ad6671c7
088aad68
f9d7fc9b
ced76899
5b4f761b
0405d77d
63af2908
574323af
55ed9cb4
29169ea9
a2bbbac8
69b8d719
18221834
3fb20166
8c412b89
8f3bbd31
eb21ce9f
8cbabb26
a01ccfe9
05df9039
0cc1b175
670e8c42
66547721
feb44c59
90d5af06
839ace1c
917d4530
02b0627d
d1076542
88484935
acbb99c2
2ff57663
a613891f
31305267
54e954f9
b0bf3382
8f244445
f23015f3
e14fbb34
d30f3420
84eef245
0e699dd6
87bb24df
87361caf
d0d8013e
cf0a8161
7bfb30b2
a042b6c4
25d3fca9
1298c0ca
5ab134ca
f921111e
bb552f7f
c9e2c462
bcb75675
99427469
2e28ce4e
cbc3a27e
4e0b8ab8
d4ce37d6
54ab274c
381552cd
dbdbc68b
c25416ce
51332788
8d859049
ce195e6f
5f4d5c25
6df94e61
c29cc31b
050e42e4
67062ded
f5c04ab0
6e50ab9b
1f5d374a
8f315990
246279b1
01d9ef7b
bae4bd60
845dd344
f89cc79e
6d89c289
eec1c4c5
1d78f2c9
671bb879
12869e13
e9d74891
18687693
c1f9a40e
5a7bc8f2
4fd6b140
a6214a5f
623750aa
8c68c3db
166ed392
4f82461c
ef79723c
e6ecc6c3
b8a7a2f9
d3ec3425
f87f6cb1
a8c18ee5
bab12f0b
755014c3
8ec1abc7
cc9bd57b
70a92241
c8c42e11
edc33ad2
d9becc5e
069484c4
5785b782
cfc56038
1b886af9
cc3f73d2
6ae17cf0
ea9497af
7448387f
1bbbda5c
7efd2ea4
be11a530
dc4bed0b
9cb1623e
ae29b2e5
96de853f
89518663
8a2aef0d
2eafb9e8
ebc87101
58ec5d55
bb940a36
60883cbf
84e20930
7d491192
b014bbcf
cac44759
07c78f8e
30f0a635
a2f491ee
29e078ca
f9dc5d76
3c262daf
cbe59da6
727d504e
d6eb72f4
ae007b6e
8cd090d8
47b0281d
14c681c4
5b3214db
2c8679ef
94c6ee72
6819d436
01789259
7544c3c0
4aaa1e9e
26429e62
c4527005
c00030ac
04afa766
f820f7a7
3c58fd6d
5d5cde77
14d9fafe
5b43c89d
685f4f15
b60856ab
27707065
06e45fbb
2f7c5f72
36dbea5b
39855df3
d555e92e
6673bfd6
20a79552
93ba36d4
797b50e4
7f9cf3b7
dca60b02
a50ef9c1
3cea7f9a
1039c4d6
3cc10067
85702e21
963d811b
e5c0b094
899b66dd
4d563bdd
cf9607ab
e30f635a
e3e0b9e8
6f65b346
f8aee7c0
ae88488b
54b613a7
4e95a006
a836b4cc
ab4e78fb
ee7470b3
6c2630c2
edfa9e7d
78994d87
74192773
4e1a8e08
e4abbd45
f369cc44
96c40fb4
f162018d
9b2cdda4
1393e0e8
9e5432cf
19b607e9
f02222cc
3b04e6d1
5c0c32fe
90206537
0c5fa5f4
e4ca6904
94bd03d1
ac200ff2
161d3abd
98128118
ce0d4500
b303bc96
56b2c51e
cc3140d6
6155aaa3
5435b4c3
b7191735
2a00448a
70b3ad82
a57e0f63
f6d9f86a
f34f4c80
41377c0f
786fa1d4
06f9983e
8a361ae1
6429d4d4
88dc0a2d
3aac72c1
2a751fdb
b849589c
f808b711
33b6ece4
2b6965d1
fdbb8138
3e043936
9d761147
b48503e8
8bf93b14
3fe64679
120aa04d
86674acc
88e15733
e2eba030
4b508386
3f2dacd6
dc52182d
75a90746
fd7c5126
9c4dfbca
45a1e050
4cd04c25
efcd1f6f
c83bf69f
6be1f08b
ebe7f413
b9d64a81
604c0a82
c29b7b8c
10bf0259
ee7f1e43
bb586b98
734d212d
3a75b9b9
25193c18
51dd97f5
874b8ae4
34f94c0f
b26cf4d3
b226d7a8
72af9be1
bbac9a08
355c41be
10103e6b
ec77e525
0abae4cc
924ab47d
5c6bb5ff
705c5235
b94b6838
5dcc41de
6b0a8f85
65bc6df8
e86026d9
7bd56004
2d64f62e
c78c903e
e4e4259b
6ab9c3b0
0b32b037
fbbbab0d
5593c060
9e65034f
ff937569
b6fda336
51f72d1b
3ed6f111
fe608c0b
13d2e49b
a775c45b
e02bdf24
e22d4aa3
2458ecff
0125139c
c98e84d7
3b9963fd
eb3fc9ce
52c6196d
ac95c298
8c1fd79b
ab7d114d
23c20907
3eb9d6b6
898d84a1
1a2ebd8d
7e701302
fe1dcc4a
b5015f80
40d30ff8
04aff2ae
a5b3b5b3
b3b23a11
6afc6d49
0df2e283
65f7e012
a74871e8
87d18f12
7041156b
0f67dfbd
6690bb55
4ebe56a8
0909873d
0429428a
a37a8276
95b3466c
52a9a2b3
b901c84c
81090148
852a6ad8
c650d2e0
5d9b2026
0a6061c9
cd711e45
3980ea39
bc3cd31a
edaf8695
b2d82d4b
5953c893
2876aed3
483ab0a5
dbede9f2
bca0c9fb
16609db4
bf15f4bf
31c09bbe
745e1645
644b4cce
b783cec7
053274aa
3f453e59
894411de
64855841
3e2eef67
9b8dae46
e6ea55e4
2686fa2f
c1afbf0e
ff82e109
d7d18bd8
33f5e92d
54d1c6e5
eda74c83
82d2fd98
7153f628
fd48cd83
7be3201f
e3f9320f
72aeaab3
58ebb0af
f136bdd0
f7197c56
cae9d3ff
e25f3d34
bace46c8
30f887a3
21920305
5fa0ec7c
07c6e00b
a33a50e8
cdc3ab1b
acb27e2b
8d9a9d90
1b36a204
21bef25f
0158d905
5576f319
e9a744f3
261da98f
f6ac0339
afa813dc
17ab6395
00e63159
1f6335df
42c5cf53
9ed58a44
dc3eacca
3d5aeb39
67829fc7
bb36daba
6c54fbca
969589dc
d26d5b6b
5900fa8b
8c668dc3
e606a6ac
68b4c765
fb5bf669
374400e2
5c5b728e
735fdaeb
885d23aa
a926c27e
5c4e638a
97d21935
4a6ebaaf
3a599272
0aed1959
910bdafa
a0c915d0
cc19c9c9
5132f879
c9863387
f12c5bfc
302f3c75
239f0305
bc079dba
b9afb622
a211e377
5196c548
aecfbb37
6c878b83
23030a78
0bc9409e
5888bf13
a235ec66
e89d54fa
02448a9b
f1e3c110
b1f13bf0
47616657
1eddc3c2
721fc290
c3fd7176
d7a3747f
9cb5d5c9
e7903f2f
eec04db5
09a55fce
e9c512e0
38bfd2ac
9fac48f9
c0df17a0
674bd015
b466a891
4fe3bd4b
3112ecae
fc64474d
e5367c6b
7dda2ff6
3cba8f64
c791002f
1506ef45
d52b4d72
2c2f3530
9ba35ef4
ffc97f8a
d732a556
f09cb7da
aa9f59c9
756d7a5a
9eecbe69
2d12c5d9
c0923ead
6fbc7cce
e49c575c
a08bec87
7e77234a
d9dbe6e5
05e598a6
68d1781e
bd81e517
a54bf546
a7884e57
661dd7b6
418441a3
ffb8ea1b
bd8497a6
c17843de
e97f0cbf
15f5f1ab
d3d84d2b
95d542b5
8dfc72f4
77fc9785
4484e563
dd35c797
dd25bbf4
213ad5f9
0b3ccf5b
c82b2030
2983b2e6
a434fc29
4d89ffd1
3c0f3be8
b5389c71
706b0a6a
35ee1dd9
3cfd9893
721853e4
74f91516
9d24395b
5be5dfdc
e3dbd5b3
b4d2d9a5
1327c496
9d1b58cc
3656da6d
4e7a90e0
90b544b3
3c442ce2
82de31ce
d81da41d
ff587812
fb1247df
ced63b4b
3e54ad14
d539650f
ca87c1a3
64c4a7ba
f6406bc3
9c36bdbf
3bae779f
5ee04b11
a7ca5ad0
7e95bf98
e5bdbe4b
1cea1951
a7c2c091
05c37059
12c4d21d
9861fd9e
5d9fa097
982f9e71
17d0fba1
1c3f2193
f9aa8f35
a1c31973
9f4e18a5
d7084788
20dc26f4
245c6a55
8bc5451e
4fb4010d
3d2d1e27
43df9b33
a78dce8f
d5d81581
3a639895
6752998d
b807543c
029f52fc
f0d4751c
b08e8ec7
4b9d93ec
c5ed8c9c
fbb8e2c3
1bfed753
e38e2cf9
e432e1d1
b91b2775
6348d86f
70e58ded
ea51e561
09486dff
9a067f04
e93c6b17
ef899e38
5590f3ff
3609f708
15f69cfc
0b4686c8
a8628be7
dadcfa68
f7aacca0
69edec5f
58aaabec
b7328de7
374dcaa0
4d28382c
0f9e3a7a
d2f2dc52
a663c52e
060b23ed
2ca0e816
05e42827
9cf182b7
3841a864
a4e8f682
fd25985e
8be19669
9cb1b51f
e85202d6
a91a4c92
f187e616
a5e13634
e7d90347
3181937f
7e202388
3072caa0
4df93853
349ec86a
5fec2ac3
8c30d4b9
425042aa
0aa1d2a8
2e6d9092
138c4b0d
c759691b
a535f8e6
5f0f8bb2
614a0d4e
3c987adf
4bb3e4fe
d2abd268
b436457b
efba7dd7
a0197737
5105d948
afb9279e
e21ee55b
e806da21
5b1e9380
a4b431d7
7356d290
89944452
22de9f7d
d719bb45
ee5c04dd
b635e47e
5dfe0543
379356e8
f48171af
8c2b6255
ec57fec5
6265b742
453e3d84
d35164a3
076a1361
e5c42da2
6e7beeda
67b4464a
00d34f74
4e8286aa
d4aef9a1
78c151ec
0d63ead2
770bcb0e
c32b8b5b
fa56fd1b
9b4473c1
b2b772bf
c0f7252f
ae0837c6
b6e4d47e
a10b4b2b
c5a7ac9c
36b2a446
2570fe3b
6c47ef60
a4df5115
91471b0b
36ee0118
2f6235be
536debd4
2cf4873f
3e741ff6
0cdaa753
5e2d822b
237a36ff
d119618d
583f5c39
c4bc9945
a516436f
c2092f92
1898918f
5f87efbb
ec6b0ee3
3b522f38
a8171c22
39fc448b
9cc2fb9d
b59672e5
02970f00
8d98a9db
8cd334ca
a30a3c0f
75fe670a
9af00b25
e9083b0f
235c2b5b
60d41040
b95044ee
88765d08
3938e083
803ad0f7
9eafe145
326970c6
9246613e
92504fce
ee91815a
09ef6ee7
624c633e
2b51514b
2e7e0f17
1c0f83f9
626a6de1
d51d1b4a
b8f86e70
13f0a98b
def8978b
4d3ba06f
1ffdc274
51d1240d
df476a05
72fdb3c6
54272104
b0f8d9e7
d349eca5
357a42ab
d8cc9bbc
3cdcf241
f004e26b
e57f3daf
5b91458a
1727bf5a
f95d68bc
dd1291b9
6b9b334b
b3b8e3f2
57187631
6211211e
806a82e7
d6f7557c
b741a150
ee17fc45
2275c5ca
c355dd2c
66fc4bd4
1f513ef7
297794b0
a7ded140
c32b18db
a63530a3
040b46d3
f6f307db
570db73f
dcaede8a
e88c3b95
902b212a
75cd7e8d
998ac3e3
ff2ea018
4e9b044e
ec48bba7
9cb8e119
93ebabd4
34ba4b1c
c6e74bf0
dcb2dbbc
7f66139e
1fa42f94
d08ab55f
4203dfaf
073249d4
8f1534d0
186b22f7
fa8a614d
62d0d99c
458fc8cd
2e50e646
619fde4a
d08cbf41
abf32293
3b858d23
ce14ae53
2002943c
222082be
7c9c2b25
c6e60cf9
e85cc7e5
64aba915
20a93bf1
fd341b5a
b5b3ead5
d5ccfa81
1903062f
411d834c
dffb0536
54eec998
366c61b6
f1056ffb
c3be1146
334ce02d
466be6a9
6d65a536
e1a23337
5f549a75
4f51d378
d2e3d507
a02f45e6
5ae7944f
a5aa2f78
e8eeb41a
f3d08eac
a2aa8a6e
8f01403d
47d0c47e
b4ba51f1
2e05d8d3
36e1b9dc
3a9d1f11
b691066e
5dcd2540
d5ce67b2
3e3d4eee
6bf866de
83513caf
3c55576d
41af3a11
7b446587
096b31dd
854468d5
038753ba
d7fc8f02
85816d8c
ae278b14
b7e1b276
b4496681
8bb8536d
bb63c367
a2e71ee0
665cf1dd
f482902e
76676ecd
ec6ee152
38d39770
0d8bffae
3dbed4b1
02386385
c7505081
6542d201
df5f5d80
a907b917
9a8bb6a5
67b371ca
38cc94ef
e0751927
296ac96f
78a538cc
28263552
3f0c4094
54cdf87b
939f5eda
70c07df8
90970aa7
49b99a86
27c599b2
0a81eaab
cd46b961
57381ed4
c8b42005
da206dbf
256b28f4
4ec4910e
4042d0fc
51f6e792
2d98c310
8aa1e44d
732bf479
b93e87cb
513db628
18e07f54
f6546ef1
0ac415b4
8628e02d
df8caa5b
123a0838
34991566
d08e11fc
44828c24
b5c6d247
9e4eb580
572cae1f
9f0ac268
2fb398ab
c87c09f8
61268679
8cd62f2d
6f46dd34
28e0efc4
9616dc48
fe60aa67
8eabc1d1
24a2c9b9
cf2f3913
29a4efb5
3e10a61c
70b55dd5
bafd9a12
3e44076d
6b96ff19
3ac52143
434cc895
919eb2fa
bffbf25a
f7aa82c2
59a0b65b
a215cc2e
69903d26
a8ad8dbc
3a5a2711
a9bf31ed
bfd473ac
059c84fc
356a81dd
cf737dd5
b9f83b91
6fc2de54
b500ce50
35999e95
cf2c8bb0
950e373d
2ede67e9
a645e9f8
74266ce5
8ee89738
1df4fedf
c7c4a6c8
30ac6786
37c3cca8
848b9be3
09078318
d5fb0aea
20640799
b2798d92
faba0297
e7ff4383
fe6bacc4
f59e4e9d
b5f3e7db
e81488bf
5969d3fe
01d26cd5
c555b4d1
0a3a0bf6
23d924d4
ef3749d5
c7b0b0b3
e571b460
ac466e5e
503e4d98
a82d2a9e
a2a36801
3bc6d5d0
cee808ae
30484550
24a97d01
6a224825
47f9cf76
bcf13fdd
fa509958
c6065145
89f01d12
c0111f5b
9cbbda66
191a5a3d
19e7b173
16fd7477
b60ac18e
2955a4f3
24bac8d6
c9a6f6c6
f8b99259
94a83320
cb433286
0f6725ef
908cb042
d61a9300
0b20f69d
ab98d0e4
81050ce6
33a249ea
2979a005
b258d999
841e08ac
e47eef09
0a65ab06
5fa3a404
4f450335
0b594024
48e7e0ca
2b21ac15
cac36bc4
50ccbb39
32d4e56c
615f7850
44f2d03a
c0467740
db6072f7
72e1f568
c5d6ba8e
42690a6d
07b7e41f
9dbb4925
676dfe2a
cdb29dbe
5ea7453c
761359bc
b9be32ee
839a6eff
06f8d27d
8a58f8e6
3dca3ac4
28c2762d
a6fb40ee
123a143d
470e1003
24c86204
39963e40
35966c8f
f8f9e10c
5fd86f60
14bc893a
36eaf517
614c0753
d564e780
7b0caa0a
27fe38ac
fd92d3f9
5a59a1ef
a2eaad7d
1febad3f
23c37b39
d82bd00b
e776c2de
da8eb448
8cf1fb2b
c10c9ec1
084662cb
47f37844
37866b19
a643fb0b
fd7c04da
c1083f09
1bc6f3dd
721b1163
16d85678
9efc5613
93f9bd8c
2d459aa8
5c0a61a0
17f35e5f
fb288823
afbf3b95
517a4193
304d8bd7
a7d242cc
1efd1429
337528b5
5a1bb304
a31f8219
38cdfd57
6b8c8264
83cf8f04
37c9f473
21b58ad0
8d179647
84367ca8
3fc87659
116a95d8
39e73230
2b8ae1e0
816d9d5b
6a1a6338
e9d370c6
7eb59743
47efbccd
bebeda36
dafd318a
e545b26c
320b66e8
841f79e3
0f46a232
bb1179f2
11c10f45
351f5d71
08935709
2c3a8030
fbab7bee
0e08c125
d3a12c53
334ddf86
9f1620d8
3aaca69e
61990581
6409a7b5
4f1ad68a
acb8118f
7fbd7fab
d946866f
38e737ea
1d590407
86e6a78b
10ea3e80
b078b6bd
7347f8aa
060d2ee3
d9f2fe6b
41c473f4
38e81109
63eca1cd
0d7a3ec7
1efd8956
5534c91d
4ef6edd6
fac0ea70
165daf57
d554cf0c
da184396
9f37bec3
7512bc34
701182be
488a313d
db1f5b0b
3fba45b4
96933872
c23d173c
7b8e4d71
f626b841
04ff9216
21180048
033308c0
274c0375
437cec64
00f0609c
909f3b4d
8922b676
226f2980
2cb60fcf
44bcb468
940a7370
96e7d602
e8d3a231
0e2c431b
4fa367bc
49ca34d6
e54e9cbe
edf1bd92
923186d3
ff9d4366
a9c4bb5e
eb43e529
6b37559a
b10efe58
b67cee7a
5dc4cfc3
43a5767d
403eb9c8
77f9bb2b
530397c5
1e9fc038
358eddf4
2835776c
5dce3400
f2814d47
be11dab3
2db8fa10
6da68ecd
33916eb2
d6a313b1
2e7852bb
a1cb352c
2ab405fb
eb6d2f3e
9fd3c71b
012a44e3
7f760738
4dba46f0
a9eccc02
3dfe12b4
0ab54160
f1bb15ac
f2d5594b
667ea315
f197197b
45b674c7
eef4fb50
4246b07f
1d6a513b
beee493d
8ef389f9
065615ff
59db66eb
95c59168
daf8d11c
dbbd1f51
72b76c3a
793c17e2
83c56a42
ff2a9d84
3fd332e9
6849fbee
b1b61ef4
3f7c5fc0
2404b5c2
e5293f1c
9b911159
8ef7dd04
dfbb924f
13b6b276
7afa01ca
62a8c9cb
09a31463
0ec77f74
c41873e0
86e6cc92
b1e0c628
8d97c5fa
d03f52ae
773b7cfb
0c260589
5e7f3b82
98ebc7a5
e3fde2ea
abb12a7a
513b8da5
316881a2
0ac6f08c
4e344607
186c6add
33c78886
9832144d
8dc0fb10
c6f4fa61
6ea6211d
fa3f5fbf
28de5c3b
8870ff77
6454c3b8
78540889
d1efd14b
531231a8
b1c05c5b
f3274ebe
44e0fb06
2b82ce06
3a04d3c7
aff01cd9
2106376c
1a9357b9
7cedbeeb
ad27d513
a73644f1
9aa23785
560dcc2c
1e8f46e8
3c1585e1
19959515
cddb714e
ddaef657
6fe6eb45
e34c5242
4980fec0
9d42686c
d9bf892b
3bc551a6
afcaf29e
c2b00012
94f6082b
eb9b1892
99aa8616
e46c76e2
3cb074fa
77ca904d
9da7772c
1b1b1f2d
672ee912
fb927694
1d552ab4
b87d2015
938e4b6a
0687e57b
bf37f58f
71409ccc
39fc99a0
f3d15444
f26ea5e8
fca566a1
5e5cbdb9
f494d0cc
bf2196ca
32ea96f6
66b8bb6c
4b757346
46a5f8c8
ce2c06d6
902ad40d
9fc93a58
a8cea539
f15edaad
6b669aa8
be4b1091
5772891d
cc746c95
7d3b60a6
34daae11
420f6d3d
5abbc7c9
6a1c2be8
034ad758
6d9e8a88
2535490f
0e890fa5
c0cabb7b
63178589
e77b671a
f8943816
8d4e3c7d
12f69abd
f58a17cd
590e62f4
3f45a3dc
ecf2ae23
9fe4c5b8
ed2b0431
38013e07
e7fbed07
d133456a
8a556d05
d94e011f
34d05889
c7ed8a49
a236b27b
fb44e0a7
8d5652ef
a679bc2a
ae6a2e54
9fbbab04
b1b09349
d8e5b605
aa8103f7
d50b7788
c4bf64d5
2c9fc827
66f31faa
a5cdf809
4356788f
04bc0b2c
3ee0f1c0
3bc4d42c
8961950c
c3c9556c
c5f09a1e
00d519a7
dfd4a2b7
3bce89b6
b5ffa58a
6896608d
3475cb0e
2f9dfd04
979b965a
4f443ab2
ca51c9db
9e30ddae
352eb2ec
8d1b29f5
ec9a4107
33e4981a
bc168549
fb4df1d6
eb957ecd
cdd3618b
9da87e3a
df8196ad
47dc40e7
37d827e7
57bf10d5
0118aae7
9ccc5865
efde8325
c8fda3f8
ecd12a99
f9cfa558
a1f0deaa
fe9db4b8
4958871d
6eda73c0
34ee11b1
2dd1117d
f02866c2
62fb4ffa
6b854578
a66eb94d
59a31c2e
7efee69d
e78fe6eb
7103e302
a11713d3
2ec71ec5
6ee4d10a
6c788668
ea02be72
0458b214
515d5839
b11aa794
58e2f960
fe11aa67
a0f8d6e9
fe90d49b
647b15da
deca81fa
50455680
a830528a
ee4934fa
d21402b1
1a037990
d3192208
1c536d24
4f0d6e3f
bb95141a
3bdd4ab1
c3ef5d74
2078e3d4
bc4dc775
90cfc1a4
7795cef9
071bb25c
5b515474
4a227ffb
be7ebfb5
588d4551
f4c4b502
2efc4230
71f83ccd
ba55585d
3a80eeb2
cd811e39
268f6a5a
b34db8b8
8f0de835
73617730
ed6c6793
5258dcdc
71ac7f9d
35abb6f2
2dcf3e48
8acd322b
bd80c98f
329e0137
a5ab950b
36594f4e
e9a09256
86afdbc3
c7272028
47640699
315fed02
5306a4dd
7435a573
d3ef02fe
45abbfe6
78bbbf6d
e5950006
f729bb4c
c84b36ec
7c4ad547
faa6e0f6
f1be46ea
1500513b
fbc0eba8
300686b2
fac66d9a
d9d3f220
55639c8b
f8af11b2
49b2c33e
2b747154
0e8adc9b
f62b54f7
0a0aaf0d
a28f3ff8
eb73b540
26a48e0d
5bcbc25f
5386407f
eab45adb
5c0e4fac
2a8b2f71
a3c030a3
1f544b69
511d2ed5
6c396276
4e87cbed
48bc3210
1134f88f
4a8eac3d
7e213499
4ef520c0
b747e376
2e09daa2
beef918c
d718cb83
03715a57
2f4e670a
96458d7d
daadef88
8cc758e6
9caeca6b
f9929bda
f7d85b6e
6a0943b4
0d83b3eb
04232c94
578215cc
b2487571
20276b42
64a6f145
eb4f8c42
423fe501
6d6cd38e
14b06800
2fbcffd8
b8b3589b
a7aa782b
fd42e3fc
869b5f22
42925a3d
336a2437
8a7307e1
bb650666
6e90bdf2
5cf6edc5
a88fa122
c9d22197
31f06b87
ac922d27
cfe18e3c
3ae854cf
3e443217
b8d74c94
79f962f6
e1568c85
2800a826
9d8aa224
f0069ea3
598f060a
908d4f0d
14f284db
c9511b0f
ac214cf7
32422b28
93c507db
54f1b6c4
2709fdd0
0ecdc0a9
6dcfc365
21c61f34
a63d2aa4
6e5cc910
18a8e74f
8c61a88f
977292d7
602a1823
46e35f34
8dbcff76
5814fdbf
33ccb3ae
129d0f32
dc19c76f
7a7ef7b5
3588bbd1
7ca3dfa8
ed8d5c63
8622f303
d01d1b62
1d5d399a
f7aab10d
90e378c8
00bae195
cd8595f1
984ac7ec
d653d157
23558a0b
d080c321
d4746d33
63961a9a
b86455f8
69b2de35
7cf886ef
e88f4f5d
2df9120f
f8a64fb3
1b56d47b
fae34677
d7900341
28f15f1d
614d2c14
5d360013
3bb1ffa9
8cdf6ceb
4905b50a
0b35d1d8
90dfa2bf
f5866f9b
36d76781
9ec278d2
ead257fe
a5953ae8
5bcf4a0c
e35cfa2b
ff2d20c7
3d8846fd
9fa87696
be253b4b
30c6aa4d
546069ca
7279a9a6
aee40a00
db27a792
d56bff78
fa11ed7a
30671a05
b7dda156
7d1b750d
64e146d0
cb57796d
ab23a150
3e301454
abebcb29
835ecfae
0fcf7d9b
eff1d905
4ef37ecd
04730558
ffded1b4
98e02b40
2c84d504
72a5ccd6
acd24069
7f3d52c6
79daf6f4
c788cbb6
0132fde9
8f71a76e
c81b6ea0
1c28b4a7
5d366ed9
8d4dd34f
d3a1337d
4c13dada
de58aebe
ba6e6459
aa4a9a4b
d9735f8a
e2ca9fab
96cb41b4
214a678a
dad93bb7
485b0960
0794a6bb
fb326c5a
619797c6
fe8cd051
f45e8052
aece9d78
d155dac8
2b91160e
234a8666
03498b05
770f7031
b82a8a15
c4638a81
134df318
08fa146f
048dfbd4
c513e3cf
9421b03a
e6f28409
780c1930
9e66f005
4ca876f6
0ca46e6d
ac5855f9
7a03f7ca
9bac0357
631b3834
87aafd7a
d8bffe78
c96d55c0
1979e16a
8fc2cbc0
01eeb33d
26a667d9
a1fb6c17
4344af4b
031927bd
da3c1d0a
6a334944
6062d1e9
71a27406
db77d977
2b7c023b
cc5dc366
f21616be
28f8151e
6123c653
24dcfe47
d99c3a6d
84e715a5
ac23570c
1e9439cd
ac17767b
19ded5f7
af6adca7
6b369dd8
a935f25e
f8b905c1
d82871e1
1493678b
74254cfa
6af626c7
6bfcabd0
2e5c46f3
76ccc3f2
38ec61cb
2e7e2f81
9a413286
3e243d4e
88399088
ff317e1c
cea05ac5
7aeb9f19
281fc83d
f2181691
e9839074
ea26ebf2
dc4ebb9e
6c92be00
5106d689
f121df22
927ab240
4268db79
79fd28ba
41aadf2f
53a97308
c4c1f06c
a34dac4a
ce580228
0db1c1e6
842e7f20
32810265
4b78cb63
1084cf49
a4d8d41f
75360d72
279af0fe
49248bbc
d23f9535
33bd8a59
dc2b8f62
1534a9a1
8019fd81
4a99c8f5
036d77f6
1fefc6df
01befde5
1e446e64
e29c53a0
75e49d54
2f83a013
2bbc57b3
880685d6
4f315888
e02d3998
a4dd58f7
f7b45dd6
fddad9f1
7a71fae3
e09ab6d5
7e49f355
444d1bc4
0188e39e
a29e8103
2565d3dc
7cdd9633
0d69b6fe
4d7b0f85
bdfc81c0
95567362
3c79c11f
8f1e4572
b1b4f3ea
d6fd25ce
3adf416c
8ca7aab5
47d7ffed
bd6a7cf8
ac55b5c2
4752ee34
48180cbe
7872e759
b7a377b5
f3e2d8ff
b750fca1
b05590a3
4a7fc1e3
fa3ce082
a3bee114
8c17859a
e83b82c8
943b11d9
360911f9
92f147a2
faae0ea0
543870bd
1fd048ea
cf6d720c
44b491da
0778e93d
51b7c652
86c78f6c
926cabd9
e5e68212
813fc0c0
5dd87633
30d9c83c
3217d6b3
d0fb88b3
9c5ab0e5
8288cd06
fe2052d2
7b37750f
274d2744
f7193456
e3e00f7f
a3fc5178
13bbf7b1
c4f1c3f7
6d64ebb0
f240e499
34a5cdf0
2e6ae4dd
2cdec905
4a3c6cba
32c2a28f
b4fd4906
a66d7ae8
2f3fb070
ff0a41e8
51d45413
b19d6eb8
9506733d
375e2f2d
a5c53870
5bac1bb5
c3802cd8
0572b575
285baffb
e938c409
c68a0675
4ed84fb7
a2ff0820
3c9e127d
24e86fb5
0ac5bc7a
141ef93f
ac16e8c3
50d8b8c4
bfc37fa4
d6c5605f
23191a38
0b9d58f7
b0fefe76
8931342e
5920dd74
1341fa53
ad7a0696
58beb802
7869447d
4c3f4dce
155d3ead
e3903ac9
7de47d0d
baf121cf
47d95bcb
f8a1befb
20a991c4
40b2090c
33e2b165
dc0a53c2
5839479b
6989e03e
e44f55d9
d07a26c3
00e39ed2
14050e8e
0f4618e4
470527e9
9cf6b4b5
06660125
0e1a8284
970f9981
e3cef85e
a461e1bc
92939f77
cedcf6e9
503e23c9
1cae74aa
9550eb57
8f73a60a
8de1e1b3
8b2cf258
b998e58b
001334ff
b7101099
156e2918
d9e566fe
d2691003
fd480ed7
6ec0835e
abc4fd6b
b9596cbf
0d161dd8
1b022b4e
93134b1b
b47a9243
2062aa1a
d11bc1ca
8d787e3b
d554b3e4
262a5c70
d9293ee2
20553298
46c842fb
9c77b3b0
2a3150b0
04cd44c3
26fb2fc9
2347e748
2a7f9b7f
fb12e917
603b1bef
6b99b3cc
e1e3babc
403a4d26
3a4fb4c9
5608a6e2
184c3688
4d324106
a742f26f
d8e2b3e8
5d616047
5c5ea693
991cd875
405d56fc
bad6d41d
6afdc2d7
864e3b04
64fde9f3
e1bf4752
23f57cf8
012d636d
05522c6d
5b2a2c42
caee0173
52cce673
0e5ecf32
20a4792e
5fbc332e
e2ea6782
6d54616f
ce47cbb3
d107b54b
d276151c
0a6633b6
4e02227e
43f10c58
2d3d91c5
7faab6a7
06b60118
14392812
1655616f
f5635633
6b0a45c1
55fcf718
a8edc077
0c8628c6
fa4f0d29
66ae3b5c
99789c7e
d41439a5
3736b695
dd68aa87
cf3dfdfb
60d612fa
f3a9747e
79fd874d
eb9c3b27
f3e5463b
3f637eea
477cc015
30bffaea
33b97e7b
92b41840
263e035e
2ce3bef4
3c9f7e2a
b810a767
337e3239
52147c05
6f02eb2f
7e85519c
4261c327
3aa6da85
df3745be
c79351be
193c2aec
105d7f5c
4962b067
f2a5a5d0
85ef5d3f
a759c97b
50aa2e40
b926bad1
a1e9100f
fefe8e9b
ca92d8ad
a1613dae
5c436644
21f43e21
6039ea19
f2267024
b87f2895
f0d96243
4ebced6b
b12d7883
d99fe43d
86128091
1619b9b1
04deade6
fd22afb7
b257607d
95450571
888ccf04
3ce4b1f2
f18e377f
db58552f
ee4667f1
75b2830d
9fb50d64
fd2bdf68
5e151d6b
4ab87557
c6445c9e
f720f4d5
defe2108
413aa087
b0630852
fc4d3c26
22f3e982
a7b34a03
109ae23a
d76d0ed4
a041046f
99582529
22543137
2a22e2ce
b9182793
00a935a6
e5a133a8
b95e1a02
39d286ad
49e557ee
80042a22
ad4d78c2
48f204e8
058f1b3f
3bf9812b
70407c65
865093e3
11bb8755
4b73e85d
f9723f41
6dd2418c
9999bcdd
6e4b305c
00563bfc
2212d568
6f42cfd7
e1bea5eb
9578322a
f49a4d34
1aaee6ea
080b7fb3
9858a5ed
104d307f
7e13e09e
4204125e
c9b9fd59
34466c50
c04e0676
109800f6
005fde15
883d78bb
c26b6eee
5969df95
31f295d8
0a7d2bfc
4f5d73dd
c5f2ca8e
08cbdf3f
16acd389
176b0907
bf319662
324f831c
87a0234a
faed776e
d41330ae
f2d39c0d
ab1de824
d5350628
cbf7a6d0
da9a9186
9de8afb3
8bcffc3c
fd408518
519d8ec9
e8df038b
1d629c5c
93ce5e28
5965378d
0d09e0a7
12be1d09
f2f5e546
85fd4f68
ae1b7560
d655b25b
63c2a8d4
edde44b8
8c63959c
24dd3474
c82d5efd
1dab2f84
7329e689
b0e4cfd5
0ad1101a
329aca13
10cb601f
e5df711b
747e8845
0bb9253e
ccc0a491
d20fffb8
92e5c1c4
7177c1ea
a0126caf
5d78b7ec
3b2757ee
ea851f63
64422137
2cfef1a5
ab8f30c0
ff75d76b
f68a2147
e6f19ad6
60cd3063
1ee75363
65e26de6
238980e9
61018d43
459167f7
4499db40
81cd73b8
d8f6e8c5
b8270c72
6c857466
83337922
6efeaa09
cc452d16
551ce545
ff30127f
528e14c0
92ddc5ab
677ea37f
d1324417
afadf12f
208b248b
c756b646
2251afa9
e3340b1b
28bc1c30
cc737c0d
dda33374
c2703cd2
78a9dac7
3dd27cdf
3b7d1a9b
9de8e70c
a02dd688
4567a536
89e68716
79891914
0fdd3c61
a2784169
e0f3bc23
79856498
77d7cc73
456480bf
7b124ac6
7b18ef83
bbff2217
a80054e9
f1399147
a133092f
c2c7ada4
d915f5bd
93eeabec
94f21c05
3928203c
98d86bcb
2189627b
b5069798
99412822
34e3f600
0e59b131
378e2cce
b0e52d65
bc797fe1
e327d243
34986074
2a497bdf
a361b186
3f765eee
61d773db
7a26d5ad
b2f79964
7abc08a9
8e83fadd
cadc6411
8d9280fe
6c28e938
50f5e65f
6bf07840
fbf10dbc
929af37f
525bd5a5
35035b92
9057a1ea
e930a83f
7ad1f2a4
d42f4c26
88d9cc93
983572f6
fb1e91a3
0c7643f6
4514dfb2
02bce8a3
6ab02997
9fdd3496
10b2ee11
e36dfd89
c7428f07
42e6ae96
71b0848c
4507b79c
cd79a2a6
dc8ed830
f693a574
c591e92a
ee2e7b70
094d11d0
c59fc90b
ab685dd4
ba833a1d
65de6b5d
be067fe7
4eae445a
428dae48
1fde68aa
8ba3782f
707ba5fc
9c40d45e
5fa1b05b
5cf6754e
d9a07041
22af4935
bab812d1
a4afbaa0
2c89f8fd
615c77f6
1bfac4c7
2f22abb6
30de851c
efd3d162
2a04a83d
5f69a03c
06aca4eb
d4003393
9c356fea
08ced6ce
90f88765
82988a8f
eaed4e0b
26adfc3d
bc6805a8
27762306
81c4c32d
2d8c905d
4f6a9c5e
80cb17ee
a4e27855
96fd1981
8c694f87
16a6542b
58481d7a
270961a9
6cb4c2d7
69254ca0
d694b3f8
5d99e22d
5a522aa3
ffcee120
5eb4ea75
bcbf5a88
aa205e9f
9f8e22a6
2083262b
cc8ae508
955e0ebd
c5b91bd9
3e8b5fb8
faf2d5c6
a902f983
306eb1da
2ce5dcf0
78097eed
ad4a55e7
192e059c
ea20c312
ba1dbc53
bf6c8998
e5ac4857
f8755e84
271b1d96
d1960782
3dafa911
d93047b7
e91f25d4
b911c3c6
ac412d32
b50211e1
10f705be
f8570e5e
2a049090
bacf5ffb
7732fb03
22036a6a
a68fb46d
5045b1ec
297018d0
672bb145
31602144
9c5fc7e0
f0dd4391
4d46b706
ef616075
ae9b9982
68dd5db7
ae105c42
16919f4e
8a71f3b2
34fadf91
8e11cab5
5fa113d6
c6a64a5b
f248980d
c8605d89
b9f29041
94a2723c
8656768e
5875cb6d
c21b67c1
728106b0
18b2dcfb
269e30cd
f07bf14e
441cba87
baca5701
f56bed94
93fc16f8
3540d349
ca157f7d
daa75d80
13ffe46b
012c8992
93ceb23d
f4af2fd9
3bd4e913
782d9768
92deb308
d34dbbb7
e3565cea
31aa196f
227fc5ac
838f31e9
d3f64530
71595b98
1f64a72d
fba91f4d
d05abecd
77e8fc8c
67505eb0
fc4b7693
c1b2a43f
3394da05
b251e38f
4a28d77f
4824fc9c
2155ffa7
4a8b4e17
4a7e49d3
ebc96651
27679fd0
4723465e
d2faa4ea
4a935cf9
0081e39f
a2b1a126
443067ec
5175b2ca
02bcaadc
6b0b44cf
71c605c6
9ead3259
2427cb6a
74165c2f
4def9f26
7f6b0443
e38e1df2
2639f0aa
1dbb2b3c
634e7d12
316107e4
222c6a6a
434ec69a
e824a1d4
ffdde4bb
2a1e06de
b273c43c
94700986
3d50e7e6
142ad130
8f9230f6
f81e1230
7159ec9c
d58315d9
5035a6e5
79c7e6b1
27210319
ef0637b8
17d54b40
691f97de
e7675fac
9ec9e545
ee439ad5
3e37ff79
facf4d35
7e5574a1
c8e6a4e1
932bd15c
c9049e5c
0329545b
1de631ca
a03c9885
56a80373
8e0f4a10
8ee24f76
269172f0
1121a477
904582a0
2223c7a8
000bb2a3
bda2d80c
32c640fd
a1ea2fb1
6793ca5f
c5dc8353
e36ff888
93a02057
62fbfbc2
adf51563
e4772b2f
234bbf66
c04df395
b9d2fdca
2b12111f
4f097567
55111315
99029d2c
9e48779f
87c02782
e534e55a
4a6cab35
3e46f2b0
e200d5b8
ee429583
22a7d4ba
de2fece2
55c41a5b
076d329c
86e2a263
877bcdb4
276b6892
0558b86e
58fb59c4
4bbbc485
5644df10
797181a3
61fd6521
667d522d
4b2a1211
246ee205
fde9fc52
8e187103
873272ff
e4d33f69
e4f58036
ca9e23af
d3935f9a
b46836ea
e410d9b0
1bf26243
a0ff1a5e
352b8b04
cd2e0d01
9d4b4386
5244da7b
e870013e
e2a117b5
caad245e
aafcbaed
8981839d
87bd93e4
8de02984
92cd506c
20d94d8c
2471ee38
2f6abe83
6fe6b91e
a0618afc
b6f60e03
91fce698
a8d3e1ef
49231898
6c31bd80
2bb39840
4fcd37bd
ce668720
ced38441
752496ec
18d5c710
a6c5766b
090a5f8f
1d8840b2
a65f45dd
927c974f
123b97a5
792fff82
5d20614d
7034d0e9
af193a5d
820910f4
a2efdf1f
788e60b9
27ba4455
892aaa6d
508bef9e
827f1d62
5bbedceb
845c63ba
0d4fd24f
17cf704c
c117194f
65e3e250
2c943e04
c1c99e6e
b280caec
d07eff42
fd41a9a9
c6e95ff3
4ffe6678
e515dbe0
93576e54
ad27f25a
3effe66c
8472e9d5
f04c8b51
45f5e382
c93e3740
f51025cb
c48e9eff
fd7fdfb7
d7aea293
7c64aecd
de123873
ba9e8b5d
1556ca47
4fd7c548
58ad4017
e554d040
94c1122e
6615a4ec
8381f8a8
2e007aa2
0bd16b08
f0bf7250
c05ad86a
f1ad6de1
de3d1ec9
c164075b
7067b41c
5a6a9aae
2ed49811
070a39ba
47966d24
cc67af9d
0b1679b7
403f8f47
8b31c22c
ddf76956
2b6b9638
6c3be72e
0b1bc761
0d0c0dda
1a567ba1
71641730
83cfb0d1
cf60ed5b
8bb763fe
9eda935a
5a871542
bdce23f5
4fa75a8d
3a23b636
d04f58c4
51af688f
2b640cd0
f5356c4f
4f28a231
36bb5f46
f7258c0f
922da4fd
f0f0e324
7e16b8ae
8966a9cf
d7b39be0
3d36f967
a157652a
f3b279b3
2c0cb9d1
ddee4d0a
9dafe28d
5e303c32
6f7c4dc9
3e66cbcb
04e4d0c4
417fe8fa
307e2f8a
446dbced
8dfcc7b5
b447cb30
e91c59a0
27257e34
9494f2e5
53c2a7a1
e1e6037a
10a3247e
f1b71368
68994a25
7a6493ab
ea2173c3
4f774c0f
782911f4
18e0231f
8cfa669e
c51117ca
1aeca3fe
5cf7b257
fd1de629
7ac43e65
5c14fcc1
b21b1de7
e55533b4
2751d685
adae70e5
15eec6bc
6a1d2420
1db12eec
35fae99a
71fa223e
8202e4e0
0d4ffe4f
a24a868c
a1f487e1
101f53c5
b6965036
ee8561be
14e29c07
ab29a976
5ee3e8d5
5cd27c09
7939e1a0
e4b5a7e6
5960b782
bd8ad90a
33d6a1bf
1bc77baf
62eedf36
980035f2
49796f0d
f7875561
b8440574
25b9b921
412f9d8f
e15abcc0
6e9e1381
3122db36
22c1ec94
f53f049d
a039672b
175469e5
d7781ef1
406cc0e2
d66d779a
6b5f7175
2b43ea6d
97c24c2a
16ab0229
ab2d329e
a2a07001
38a0cc71
04f16026
36433fdc
66aa7700
21060785
df2c38be
5f4140c3
9c7a768f
87d4049a
efafa019
6e3d342f
dfaebe13
05f79e85
32cff756
488f79c4
5142e9ff
83dcf7e1
b93bf751
3de72399
eb198533
ac4e956c
a28669bd
998e32c5
a50118ee
458fe7e0
9704d079
ac75297c
220f17f1
dedba6a9
ebd4a66e
9c3265a2
c04ff1c1
f08e11ba
65905426
8d80d62c
7fe6ac4e
e7881659
4d2bdbf8
fcccda92
944b82fd
669e4e17
44c3ce99
9f0ef231
6856a035
365b9dbd
f86ff62b
d3f83abe
415d8dc9
ec7e62db
24874be9
72bbaf94
ee6caa30
1e786305
51018b29
6cf7f87b
ece2e167
a9057900
c28a3852
358768d2
cb35d71c
4b1b9117
1e14dceb
34b63bcf
8a3be728
2d0d14a7
7cafde0b
6ab14a3c
3d2b9327
a6a5c480
d88cb8da
bd6c3d31
638a0ad4
78c3ec3c
adc9bd5e
d6243d8f
632b5de5
1a68cc6e
7f44be1c
f86e01bf
33664ff3
a992055f
ce0ba9a3
dccd13bc
a9ef30c1
b111d07a
e8c46b55
d071c9c2
c07651a6
42100467
11046009
3da4dfeb
6d647427
9ffc5f37
974c127a
b568479b
0ef45396
145ceb75
af73f26c
f6fd4493
938e7f24
d130f331
258027da
0e159b87
11c18395
17d55acc
2d1c15ca
5b054118
97e129eb
e95e0025
020c2588
5111bc16
b4faa4bf
edcba5a9
b6a7ebd6
307cc938
82282f35
7e175692
0c6ec2f0
5225b5e8
77803324
4d75f116
99be5f1d
19e71053
864cb905
3cee27d3
fa9340f9
c3091e5f
f89349fe
a434e428
2e8ef670
f8514450
cbbeab9d
c76d9b9b
f7c6f314
1d289f06
d7c35422
15ae1aa1
09b06a5c
9b86ec01
86db0f42
0154a7bb
21d2202a
df3d0ae1
b243aff1
300069cf
9a0b7d33
40019b45
1e495cd1
8fbfa138
088b0274
707374d6
c3decfe2
5e72dc93
b9f77203
a15002d8
806119fd
c883e212
2cfef632
b5212aee
9fe8f8d0
9ea5ad89
49879863
ebff01e6
73bb44e7
7fd287f4
caae1c22
2c614e57
b0de3cc2
9f8eab41
16336872
1c9fa86c
dbd9c805
b9fa3449
111e15f0
a7aff820
4dd15ad5
b7f2fb90
f89175d0
1348c665
7b081747
45f9bd57
383febbe
6c416a5a
604b513f
47fa3529
2abda546
5cb063cc
49f0bea8
9a97a6fa
a752ea1e
b83bb5d6
1ea34056
a39edb42
66224019
ea0f9629
019df3cc
4361abfe
b5d44ed1
bdc06a16
a0dcb8b7
ce822912
ffa5b482
6f8fd318
287fa42e
43bb4033
5c1b884d
8f55e644
40328eca
2c9301df
d9b036eb
32ca12fd
6224dc57
cc665080
c8bc24db
c8cb3bc8
59ffee31
230a198d
674abb90
372cd20c
00cd93fa
e4e3dec3
7845da9e
a1d919b5
df10e082
a318e142
592f259a
0e1b51d4
e01d9b44
3dd36d3e
5ee42584
90cddd6e
4761131e
c55ed27f
fd368317
87dac21d
2cb8b7f1
7297d092
983f4ed0
4d4bb262
5bfa13c1
29c5df00
d6975452
bfbc41dc
c77c99ff
dc29281e
dc7805eb
44647aa9
ad16d911
b0ac836b
38ff926b
9ce07172
cb017ab5
6ea2bb5e
00e590fa
edabb967
ca6590a4
7654bf1c
d75eb727
36f0a8ba
5f18d069
e7af8e83
d983523c
cb55f01e
df975c15
b6a925ff
d0c71274
63b8ed30
bdc495df
c0932e60
0eb0e52f
50b48885
f52d42b7
f20a0d4a
c7c187fb
10ed10e4
ecc8fa1c
82eb78f9
5371ee63
b90a9e9d
b1f035d1
5e0380f4
edbfe8ba
05bcbd2e
d13fb062
c14f9c9b
69405b55
27738240
b04e927d
22216cdd
f8e3ab00
3dfe55e1
1f03c640
9eb54105
e42ab3af
f9be5a80
6f263d17
b815a3f5
810bbdc0
20cb15b9
0dfe8467
7333511e
3b032f56
83d1c462
d0e6e04c
9103a15b
403eca2f
b617b4d2
51374614
8746c72e
abc6371f
c999d02d
801d3583
f3059c75
51e89a30
1779d787
9cad0923
8ca78b07
c52de964
782bf9e4
e5f8378f
823d676b
f4d21063
6d1b4a8c
8d13dd89
22f25dd8
406446fc
dfcff681
02e707ce
a1c86ee1
2e97058b
0ae65198
da730fb2
cb275c70
3580c8a4
be1f832e
8136e673
e2edb96f
edce026f
9dfd616e
0bc78946
a709b211
b8308c34
9f7d450f
cc4b62c1
a2714bc8
ea09c7cc
8cf5f834
4d9f586d
74c7cfa4
2b522e9d
beb6827d
b1dbb521
2881255e
89768a2b
5e4b0072
f6eeb550
28d00b32
1f7da2c9
cfbe3c3b
0f125cc7
d5d94ec2
7c2f6882
b6d363bd
8e31730f
aa48a7c7
68b30b7f
32411db1
2f119c0a
8e8a9a02
649c2807
d20ba1e9
60ec8cb2
de2c35ef
4aaecd47
f3cafc44
240766c5
d32bf7ea
170ac121
aaf61076
77e4654a
92e6456c
1336e169
2c6f7a64
a750e555
c4b90da8
44839aee
cc166121
067a6638
1d152fa6
a4d7c916
e351da6c
db9afa22
1f01f1ed
06b46f13
e19f1db8
472b892c
f7cc574b
d98432f9
a4bc9f94
de8e8253
d6584311
197b8d8c
718d04c9
f39dc423
2829b44f
caab38ff
1b254a85
fcc3c45f
0d44a91b
94972028
62d11441
4b7b99cd
3006986c
826654c9
57154676
04a4cafb
228764c6
0de7bae9
ade61134
97d47c54
1380ff1b
8010bc6a
642b4324
85b76563
4a7d0c2e
94ef8392
f723ca5c
4369a068
9bf7e09a
9b76fe68
d3c05a95
cac04d5c
ae1e31c9
6cc39e9a
fd0af352
cf7cbea2
4db28c36
9abc07ac
5378db88
49360e0c
960e8497
9514bcf9
53f82a3c
814fad03
e91119f4
8fd06083
fbc86d03
3b66b0d7
42f8eb49
adad74a1
6413f29d
524ba81d
ce4b6c99
d8dbb3d5
7a89d425
41a7d043
ce525f14
33a3244c
b27b74f9
40636beb
8eddb1e4
24c49f14
53eed467
a52c6a16
25b97a01
55d2b0dd
7aeb3619
992b19ad
b9c650e2
089f08ef
d9d119ee
a7783798
90e78cfd
4e7b9461
a202e95a
1a130f0e
05acac17
95ee8400
e8ba7057
70a8a2ef
fa5b6235
55acae5b
cc926368
9f1b41f7
139e96c5
e98c9aa6
21d49e8a
f2b57688
d0ef4ffa
1b127d32
c236fa68
b2056e75
e6b3f390
80f641f0
51c4d714
afe06267
d636a591
52141eb3
e980dc12
b25e4773
2cb35f4b
ac198026
1fbccb28
5de880c4
f3f4e1bc
97a99dfd
26db9136
cb521248
aa718e65
ec1114db
1fc8605e
6bb69e5f
b7d96e41
d8316a69
5afa2a37
e82478c9
809001b7
94729d64
3c11afeb
3475a8bd
ad2b498c
474fdba1
3b4f123c
f81729b8
b924c228
0d5b8198
d07f5aac
5e722019
5450a901
6f659e99
4a6cc882
bce0c6bc
22d58047
c9780c09
d7d046d5
3e5ba350
0c014f48
98e3ea3c
5127052e
81d1200f
1fc2ce07
8643adc6
8c99935b
60a72862
30ce7c57
17d89d55
8a35d2ec
3d6111d8
f419d0d5
0e61ed54
4aa5e291
280084aa
2a2ec4e0
a4e50a99
b3732002
39127cdb
a7add47f
b965672e
a595102e
f58aaf26
ada9dd31
57f970f6
45160ca5
14df3264
a0eaae8d
5255f610
7e678b3b
6f153bdb
c5a9c26c
4163af5e
a586d65a
96f8967c
02ddd887
8061e841
105b4855
536b4b5d
7a1e3dfd
0999a68d
944b1d09
0aa2997c
682b82fa
16ed16c0
329cd79a
a597b60d
3991cb66
1f5c6818
d9bb07d7
9176d597
33461ed5
e30415fb
56d3e1e6
7709a6b1
382b4c9e
66ac2c02
86afaf14
1aefc0f2
bccfc0ca
de02f681
9a804be8
ec5d40d6
ccb3fc55
d419bce9
9319484b
f81edd23
54ef333e
e39de53a
b86bde47
b7c8ad56
ee25b087
5e9aef3d
6cd49ee3
1e18ad87
7ea14233
8a062140
8beeccb7
1d78b4eb
775ff239
aa0a4015
a31ab331
5ae1d86f
5c6d1bb9
1c52c2b4
c4887676
829cb9f5
a1e077a4
4d80a5ee
7e946770
bd39d7ed
7f42b5ef
16176310
b4d6db6a
98ce3a57
af1a4735
186e0dab
e2bb2986
76fee223
fde038be
a4073d65
36dc2ab0
c2c41dd5
6ead302a
ddaa9bbe
557e86d0
313c4442
8f3f4b98
afc36f7e
87b50368
dcda0004
07830349
9aa8073c
d3b6897b
51a4eed7
43b375e8
8cc20e8f
6f6288c6
f130a89b
6054ebca
58977edc
5ed80a3a
ac73db55
343b0bf9
fdc42a3b
68edb93a
26984d3f
c8c8eea0
768c01ee
2086ec76
5c020cb2
af1c0d78
f8d05e01
9110f6a9
7777b82b
8e219a52
101b1807
1063f0ca
a12a7917
2f152c73
d9fa2efe
1891bd6c
c8b974b2
23c7b305
61484316
4c7c47e3
5488f1c3
1ca627fb
d37c5137
72092eda
ad9ae353
cfef8ecb
f8e8cbd0
d3c5d839
709b4758
16792760
6032fb6a
d4ab3c65
d7df7b36
2f8d4a2a
5fc1608e
09c3b5a6
919e09bd
4599bcc9
32141ce9
80a5e18d
ae1fa727
0596211a
f71539c0
558f2b16
ad5bdf60
0041335b
e362498e
e0284847
cd3b4637
1a436de9
8830b4d6
4bed4be3
b0ba0fcb
d921fa2a
2afdea18
606a9927
5a827080
86dd23e9
76a24599
fc3e28b1
1c2a9085
8978e498
289e63cd
7811867e
53122031
f5957cdb
1bc80a5c
4af364bd
eafe266f
e849ffb6
2055d949
f4ea2a17
84bacaa3
60364ed4
947fde62
99c69edb
09a6a175
6c859991
294d1f0a
df2f51dc
978da196
54517969
14f0fe37
6df56e2c
c62148b4
09c05acf
51aecbe3
928f1eca
5b9aaa41
d4832828
81486d8b
13d03517
bb292a6e
52f00edc
365f4e69
2dd235a0
07a60273
3ae83167
a45d2fa5
34986151
2ef9fc08
3e666234
b633ffa4
f12473a7
95452def
2fe267f3
009af9dd
ab8fb7ad
f23d1b10
7ab9445f
14632586
6aa8600f
b39fd83b
5b8b1297
02e4211b
5e274d78
468ac13c
cb04832a
375c3dda
ac039089
1c492f80
0e9f58dc
5511e9de
6d69a4ab
6661e2f5
1dd292aa
bf795849
1a767c51
6a7ae34f
f4701086
3a75dd76
bab0eefb
4a9474cc
45bf4f8a
25856c0d
889589ef
0ca6d25b
0b56fc8d
4c21eb2e
59c6620c
2572b12f
19ba7804
81e0b879
4b15b2ce
54cd8168
78fe9018
f54569a6
5641365e
61d30d7b
0ff1c5e5
dee2b623
8cf4d430
d8293e29
02605a3f
2dd06b2c
360a95b6
f3309ae8
edd0b11e
85929007
25d1620e
3b847e06
3cd860a4
2953e082
fd32ce43
3ba57bfe
0f84c3f3
68a7e9ce
26520321
a0f4177a
61738897
1c4d7447
ea7c6985
8ed3be43
da6ffb0e
84cb18a9
1c172386
f4946915
4f684c0e
9bdc403a
68ba3337
f5444f79
e9c174ac
2dc677c6
84e60d79
ec68f47d
ae028cce
0cfd5363
74bd654b
da994161
a4161f5b
9854d805
69db4c4f
0a0720a6
2c61624f
0538c93b
9feb41b4
0c6af11a
1b7a9ffe
582a0c3c
2c1d9daa
6abaddbe
10ada238
39b4f9ed
77a85f89
f7717505
e3e6844d
5e8882ba
95235f75
277d8273
714694aa
d9a32d23
3ce57720
d226fa20
a13d6eb1
91825044
aadd0da1
664c2ab5
80459c38
4b923ef9
85ee033f
f4b1fe9b
a73d9e6a
8aea5652
c42ebe02
6e300955
8c4945d8
3ab0e381
fedaccc1
4f155360
4a5d1a5c
cbcb3437
04fdd0b1
639e5744
87a6fc1f
5c8331ad
6c671236
4a1331e6
a9d319d1
97c2c805
1683e3e4
351585fb
30fe42ee
ecdc295f
57084924
9bb02072
687bda0d
74740190
7c890dd3
fb5b2a0a
5d5e85e7
31a641d6
ca035e18
99c1d1f8
dc2e80e7
8a7eb93e
f673a5d2
dbfd3276
cbca594f
9c9cdefe
ef20b6bf
c71262c4
e21e4b41
45b9a1ba
4055f6dd
2f4b1ada
ce1fe692
6b7a4174
49cecb1e
85052a48
29cb77ae
a0ec1211
776a4b86
fd4805eb
43567931
0273fe29
cb6afeb2
0322696c
8ff6030b
bd7fdcc0
9a1809d3
ff66ac02
7639d751
d6a9f638
e5bec3ef
85a49cce
d197add0
a19a4706
c62484db
81463f04
927516b7
24de3226
b1caee0b
6d74f9ce
bbe55de8
1b52ed44
99b38919
fa8b7771
18c6b523
0234f052
1be137ed
9e8da503
6f97d2b5
2de632f5
9ca40209
8040a31b
1052a84a
ee229607
20a726b6
4a41154e
75f4c67a
4a45ec07
0f6b8b45
be619cc4
32d21d38
5fd195c2
c0558db6
4d8ddda7
311191db
6674f98e
d1ede0ac
d2f29c50
ae63416c
0f9aeb2b
0d0be8d4
723b4b5c
71481874
3a928bb7
176f96e5
53dbc3bc
5e269b2a
25302ceb
3506cb1d
60c6b8cf
4c3f6720
bbbddeed
0c6fa57d
e0cf5abd
78871151
cf02fce7
8354c1a8
77584f18
a9d578e5
dff2aba1
da5f12a2
39629a47
2f63a512
23f8d6b2
1cffce85
40cc9e52
b3d04df1
f7a82806
a7babb12
ebc8ecbe
3db5a5b1
a97be730
662c323e
ed1bc36b
3babd3d0
7bef9438
a472c10c
7634db85
45c5a9c7
ef5b0699
7e844afd
0ca9b310
63be60d5
5b3677e7
2c917d42
641ea71e
af5ad360
53e3969b
072c2663
ffe0f5f3
ca824edc
e8686170
6c847933
97ef74a2
561a0bff
fbd9e9ed
1a61797f
9c9ef8d8
333efa5a
62cc4060
b2c69500
6cb20353
b7d6d2df
dc2d8739
f598badc
baaa3c1d
5815b3a9
227c77b9
3deb3e7c
1eb6feae
ed089dff
28575624
90e55acd
4c200573
dd4625b4
27e580cc
68752d72
76ba787f
0f051005
0db93667
45cdb87d
aa8e429c
39638db2
5268d2d8
4e4d2ee1
99be1e09
159d75f6
df5ee487
7a0ea960
4b7d20d1
03899b22
2d55a9d4
9583d983
38ca159a
35547c66
e1c4c04a
407a292c
aeaadbe3
4f0ee008
f2fa986f
9f123a14
d24a11bc
9fc6e9c2
1d2f9f1d
3745471b
6b6b71c8
af1c1f41
b2710e5b
e4fed746
fcd701ed
81bf5c98
2fa1584e
91bbd95a
b88d6e52
bda3bad1
95c60a0d
c477898e
9d8c368d
70eeff43
4fdfd0c0
0d36ce43
4b2643bc
e961c094
ff162d8d
6e558b1e
39f2b425
81b2505e
bc8745c2
d3dad47d
a3f32a37
100084cd
13bdb4a1
00110095
2075a214
12da69ef
a313659c
3bb0cbcc
7be20fa8
78f546c3
d5849475
a648e9f0
d5a03d2b
92a3b109
74de8a48
176cc8e3
406d14bb
bdbabd06
a95b096b
c6b7a750
79ea71be
cc68e050
dc338441
3bc5b19c
33389b87
29451fc3
dd1a693d
978da543
479f4ef1
666603f1
65166f5d
b74eff43
7c73c910
af68bcb8
a703f827
d8e9f0a4
395d789a
5f80041d
bf72f81c
ee500ca4
175b9386
c0474373
2d0fdb87
199547b8
9d21fe29
fe75643b
0cb78502
7ee0da29
d11cd79b
361ddfec
31e33a9c
80a2a944
64c233a1
74765dba
47e9091a
bf85359f
3fedf984
9b7a04aa
a60a02fd
2cefeb37
e0a51d93
21fcdf18
f9efc0f7
3fd521ef
e6f90f7b
25d792f0
26b6dfb4
55440394
73ebc8ef
54339f14
ddf0937c
3c71e2d3
055bda06
bd7f846b
f3aa90d2
97a0814a
76b9d34e
d6d691e6
99a021f3
2e5fe8bc
ba482218
7f64debd
72d29064
3b1e016b
9d5082b2
2dd60211
5f1ecfbb
5bd4752f
7b4e0d77
e6f6b0e7
2da35ad2
99de0c6e
522fe8a7
4850b87a
b4a52d75
307b3bf0
b7a71e32
d84ff442
fe334301
5c362d28
abff5dc1
48ace1a2
4781b62e
59cd9f0c
afa1295a
dbcfafff
e83b4407
97c76f1a
3ea65308
6c22040b
b8cd391a
e220ab4d
1e676dc9
8818b0e6
5e83c364
fb055273
78284016
757db863
8c46923b
9e3a7a5b
ff5f2e83
4b673b44
2df24523
cf94e688
3bfc2a6a
68979372
c5ca5fce
4848c237
51cf4c30
b16b1294
b4069a08
8fb29ccb
5959c91e
6f3d1d43
5e367a29
bf114090
77626931
72ced673
a81cac13
8e44895c
f28fdb8b
362951f4
9eec201f
47166068
e87f9945
71b1a92e
d61d27e4
2ed24c14
8d4f083c
e55f7d18
557374a6
471283f5
fae92023
0348c5f5
653b69ce
0857142f
b082a986
53f170bf
c13367cc
149c9409
45a317e7
cca36d48
804d846d
28c7bdad
313c3094
52f38b63
5060af2c
f524b02e
0709767e
1112f13d
a99ba247
67b6b96e
a3ff0543
29bfd9e8
82d4a589
dad459db
6c0d34ac
9982ede0
43ef701f
10741bc9
f2a33baf
2f04b9c4
bfb0de9a
281a59cb
0742031a
a30d71ca
abb2dd50
f30c0edc
28214157
017f8b12
f3abd09c
beba9c40
4b6fb1f9
17492571
4f048cc2
0d08d20c
fe626ca8
cd119f33
20078948
f4f2da3f
5918d145
253a4b7d
e6ee77b7
2b08f4db
87e24c52
036507a6
d1a35bae
e00e1e65
5b975f04
be8760df
01099bb1
7d8bf34e
7fa4655f
92f067d8
5f6e337d
b93a205d
5b0e2665
679bf904
0fd5de79
374e2af4
b00aac7c
552e897e
042064be
1e43bc45
50ae3ca0
7074909d
ae8f746e
4050198f
2f5adfdf
e081b46f
178bd249
d59a51a8
6a4cd19f
ff967da0
346ed391
2d8c177f
4317b90e
32f241b5
225f4637
99a1ac1b
2871db4a
700aca06
0009cac3
13677b0b
7ccac408
ad31138d
675e718d
849f227a
7ada1052
22d9cb7a
6d665281
41f2025a
36911246
8fe2dd6a
5db11eed
b3fcbabb
b1d2d52e
859b7235
90695cbb
c43249c4
2c5b6761
565b807a
ecceb950
477030e2
6ce65ad4
502da84a
41b7c1d8
881f3ede
975deebc
7bc504d9
b09767b6
d050b946
287b45ba
59489e5c
1ae458bd
af85b8c4
0b3ba5ca
8fd99b6b
2a200311
6204f030
7c534811
bf7d3599
200d36be
5d8c0fb3
533a304e
b34ca037
ce0021d2
8d7a9d2f
053d5a40
60d4a23a
66e09613
f07b4c42
a79b57db
616a7c0b
f38a64be
5ca29d30
ef97ccf2
d7397936
fbe76219
e32d70ab
ea3ef0d7
b0a55265
47d61d31
0a7f9e29
cee29c74
30e60a82
c7707979
c3b89796
f80dd953
27d480c0
4e57bfe6
8ccf4553
e8c7fb41
e255c256
19fac479
6fcd5ca3
4f728f6f
cd736420
9f11afbb
f635c3c8
87d0792e
964a57d4
4aa7880c
cf6cee3f
07cfca2a
2fd4588f
3c78b74d
78b142a5
4c5c9037
1519fc5a
78c78b73
bc9c5b47
c960b71d
2fec635c
d371e17f
0490acd0
305e2ef5
459e7295
f25e7913
92fcf20d
9b17de33
7ae0453b
3aa49f18
81bebcdb
929b0ee9
9b8cbe0a
85f2fdac
92a5016f
6397fd4b
1be4b9d4
171188db
e755801e
bd9b1d15
19039329
07b655da
6ca318dc
f8ab7f00
7e2da005
8f81c773
5a906444
95012648
88c7ab2c
c9e0aa5d
49c7e508
19b148db
25ec214e
9973842c
d7386a37
95a20608
790efb99
69cc9c47
b2c42dc5
d8ee591b
6a6b2f5d
ff919b3d
523df586
7d253bc0
91f78b2e
72dd1787
d59e6db1
1d207505
639b4465
69ebdc2e
5facb639
e415a30c
5ef56df6
9a315e33
8f1bbfc8
e4bab499
f7107c2d
ea21ac87
299548bf
90dff73e
a9380462
9f3607b8
a7e42358
5269617f
b69175dc
9d7d80e9
81767d79
95f638b5
0ef68965
24929788
ba163b99
d1c1804b
d8da854f
86170fb6
9bde7486
fc9d5a01
ac776c0f
7f233274
34da6682
79494a67
50b5cec5
c4ce5413
c7ca5595
226ed609
ed5ec19e
98ce7e28
b661e00d
c660a29d
945e1b04
b0e8a3fb
3665a7b0
d0ef39d9
cd544453
fe1ed13c
a3112720
7959ff9a
93f9052f
d8cb2ca1
16b513ce
2d5dbca8
c3d6c84c
4137e143
1ee4264c
df90801a
3de75db3
1c7b85fb
f45ea0b9
297b833d
7a9df9d3
71589b00
252de99c
9bda97f3
edb6ff41
79860bae
a6816d37
efdedc24
bf128729
110dca92
a3a4091d
7270b39e
e46b727f
cebe3acd
351459fe
7b531b8b
1c6c84da
1207d681
f227dfaa
3381f323
b1572ff1
c18d9105
060c12b3
0f1c235e
e5837a45
d3b87b20
475ebc8e
8929a9c9
3e0a2fe1
0530715a
687dae37
6adf3daa
202d58ff
ed6d51a6
ac6ff34a
12d5d369
bfac4195
c441b11a
be338d4b
3ccbda46
b7e40967
efd6b263
0ac31b6e
5c731899
d364c209
2f9d34fb
a9401f3a
fe464749
e340ffde
6bd371e3
b80d7194
d1c0abeb
53089f15
5da9f360
1b7d92c2
8d954c50
a7f495bf
9d2e8cde
da183a04
764241a8
f09c8cf3
41595232
08fbd01d
2df16541
2a71f84d
ba720cd1
86e27585
c204842c
02a480ec
c5907fb0
86a54ae3
d0de9eff
632e909f
96982821
e0147c0f
9d20d365
6eca28a3
5015f4cc
3f0c72ca
9bf82660
79b956ba
3ea9dead
aaf3fe73
7283694d
eaf21598
a06976b8
59780d07
43c0ec0b
9675c64b
f92a93b5
c0d0a57b
5b8a47c4
7d2b01dd
bf0545f5
e0c62b28
91c406d9
32fae496
a36a67e2
1d5c5509
685ae017
bf5b5d5b
4afab343
8ec97c4a
894df1aa
d86de8d6
cb9457cd
6cd7381b
f157a3d1
a09da9a7
a0812d13
2142ffc2
a9ea937f
8b24d91d
10e952de
6ce37f67
62fc42e0
bea6c1b0
b48eadf8
47023160
24e80f17
84554fd2
984c39a5
f06a5539
e36823bf
04e9b630
77da4bc7
eaf42656
a9e4f869
ebd1a0bd
270b849e
a4958512
92ce2e29
b66f902c
c92c7139
a665253c
5a962ffd
7251c969
24e55637
4a5dd5e6
ecccdf56
93e2bc65
49a1b412
9b5abbe3
48f103f0
7969c157
69233f36
d67af2d4
8c26ee44
6c2690d3
79a9566d
3fff243f
b46d99e3
ed6eb32b
5a721b6e
3ae52bc1
6c35c5ef
4581bacb
29c49747
dea970f1
e6523dea
9c0a8ebd
76744233
3879f86a
e9e3c1d0
aae8aebc
58d15543
3d58839f
8845d44a
6b5d28ac
07513e88
3085f7c8
41eaae36
91a0e020
393078b2
f2e25781
ba575a88
71c8336b
83087f99
13982564
f1a1713e
2f5d015d
61aa3a26
fb33c371
e8e9f93f
2e0029d8
4c5cb4e5
82cf4925
169046d0
d7037755
84d8ff81
fe3ad0b5
21a876c3
c1702e1b
52d6a402
4c824209
9caf6d68
5148e8c9
c66c32c1
46b269bb
7b248359
82b5093e
51c9c617
486940d2
6e152d8b
bf212379
f287951e
04aef48c
9ddc2bf3
0ceab3e2
084d0b89
8eb39df7
5cad6d51
d1e18f92
e2644cfb
149839c6
67bef2d6
8569aaa4
b79325fa
b6ad81ec
d4905624
14c398ce
9c970f43
d2956e7c
9400ebf1
a6af668e
05aef591
b88bbbff
3173bca5
9a00c516
d6eacca7
60b30818
37b110c0
a08a5894
988d0658
3085551b
dee97908
c8c83c6c
27fea20e
845c61f1
042afdc0
29c8d129
4e50f33f
56d05fa4
f9bad7f6
cbcc8cd4
10921e1f
396b2157
f57c1117
9c879db8
8925ee20
a8df7e50
a5bee69a
54dedfac
6a481f19
5cca724c
42fc9aad
e4831d59
6227a76d
4f83cd08
f2781539
eb36e796
cf43b2f4
9ab0a13a
5c636851
1c434c45
ccb102a0
704bee92
beaca39e
7131a8d1
c15ef244
fdd9c42f
6ed496a1
7c19dc81
b6b237e5
f9931782
f7005c53
6dc200d6
96c2117a
494a5a8c
4160aba1
d68094cb
472b4e27
f3189350
cf2e9ec9
8201a6f2
6d280e3d
f11c910a
0481f214
62ae81d5
e01b6b7f
23ed7565
2573eb65
5bf38a2a
7c6d3151
92a8f232
11307ce5
cb36a5d3
ee1588b5
bf63e1b4
a9f503de
38562439
66fe3071
bef84129
6d7a72a7
46fee530
d14dab9c
e3fd29e3
9eec3ae3
2fba915b
cfa83df3
cad106f8
abc00c1f
e2349efe
4c87a76b
b539f09e
ee64d46b
e9d84dff
ec9c644c
62af5c86
aec4db39
81dfdce8
321ed8e9
c9720168
a2b7fd27
ff75466e
a0ad1bf2
79b8197b
287fc230
d70cefac
15d010d0
ee897d95
e64c1c08
dc68f32e
83a71728
4906d6a9
e9a45740
0ac0ba26
ad0ae864
f0c41c87
19cc608d
2e6cc603
633357f5
30739173
09e7dbfd
a1985491
ca4e0394
4dac57ca
2dfbf860
0c0df27b
fa1ba01a
4d0c45d6
736a06ad
44485132
83a8f6a5
32ff1b7b
e39265d3
4a221aa7
27a93d9c
034d0fb1
f5d4a36c
569b65b0
7f826c66
73d81941
6ef02619
2c555300
4097135a
fd7c46a4
c0b77270
f1d5c48c
61c865ee
c3c7f9d4
a35192ea
b09fd7ec
062c297d
e37ad77c
8b347d76
97cd585b
a402e138
fc96386a
48f7d147
e9326d28
3670d303
ae04046b
ffa716cf
b2a1f670
0199b8a7
e7253fc1
5b7aca4f
44564196
00fc3324
5586fd68
cf5cb7dd
6d405ace
a52c9182
d4858b8c
db7317b6
8934e5f4
a4c78911
e955ff83
82132ef1
1e62dff7
f61fba19
2acfcc57
bbedfb55
946c7bd6
79c07dfd
b9833e82
143124cb
25a3cf7f
d5cc2a79
40e76538
24465018
26e1c07a
c33f6ead
f3b1e2d8
32ba208d
a3dcc0d8
433c7a5b
4298f060
ce0f1b6a
812bf6bb
0061c1e5
33f2c4ab
0795b218
8b0bb493
4eace1bf
81f676b2
ab223562
5c4e7705
c77d5412
d21b7f4d
03a2b734
fdc7af56
0d800340
b0e8b334
77426e13
6a827933
912577c1
c4744dcf
f47cee09
5e02a037
4a8ce395
093b35aa
9e460fcd
a84f8252
58b82450
da734369
f1d976a6
3eb6fd20
c3433889
2e1b1ea0
f42830a7
b5a99e99
49254924
e0369da4
43c288c5
499e14a8
ea61748d
5ae66855
6a7cf7c3
64195da1
ba061497
6a0dd37d
dc2172cc
bd69f5f0
f921377b
26092b1c
6e3fff89
a81c7aae
ce7c884a
b1c919f0
cc1d41eb
e0226c9b
1b9a1223
6215874c
8d71a872
b7893ded
96ae6b17
225878d1
850b8070
55baa4b2
24b060a4
3c3a6a36
5eeec388
556f9827
6b0e4952
e6af5040
984d9473
72bfc352
d06d0138
790d1abd
91002590
23ff8669
b56b31f0
b9fe531a
00387054
c86c1eed
3d82fd95
243dfd2d
e89a0cc1
894d7040
cfe91fa2
6fb81c2c
eb88ec72
36dc3951
8f3e74ea
75c1935b
b2f0c14e
f1f3d062
f405663d
409fa1dc
202b0a4e
6d3fb51f
e81f02f1
0065fcf1
408be28c
a795e0c1
6a346de7
16973a43
ca3b772c
3f0a0d23
ab641cf4
37ab99a9
d74de726
1e8b4cb2
94bbd0bc
3b28daaa
2fccd814
2d0e4c13
750794f5
74b79019
502a9b23
6a91aa04
a5f1b86c
cd725352
64124b1e
83422966
0bbfc071
8582ac89
d26f7480
a312351f
53855f27
f459a1f7
cc831944
5ad21cb1
31c23273
86015f15
11969564
a474ebd9
18f53c9e
53b2c68d
670f04bc
74802970
446c2547
d8500185
d4797b15
986f7598
ad559036
f538ac7f
f650b8a4
c9cd48c6
7a62ad2c
d720632f
b3f83f2d
37a56143
ea24dc25
45a8da55
82a8f1a4
0f1bc2aa
9e9998ad
1c01a30b
247a305b
2c5d4d03
3a50905d
233faa70
1849e848
8d5fa7e8
4df1fc19
3c2e4120
754d5f85
090f8bbb
f76a6767
cb5d8e24
29bf5e68
8c35d571
e5e629bc
3ae68354
bb02b452
5c98d056
94d450ff
c7bc4cda
8ac252e9
d37d4666
0d86cc7e
5525a93a
e051be5b
24cc0756
20f43de5
4e510661
bd3f34cf
2f79da9c
916041a9
b3f08d63
e9cb35ed
61ac9896
a57a18e9
2a8e309a
7f3ddc54
5250ffef
f80a1e19
c2e51c5d
4cbf11aa
7fcadb0f
b1ce021a
4022215c
853dc858
baec1e23
1c243457
cf7db900
73ed20ee
29e1e9d6
8fbf54db
c1a4cf69
5171aaed
e1ab279b
2e58a3d7
7e698606
9b854b12
6e055e41
7c6e8847
01a1e074
8840aac3
3e080daf
c803bc51
4eb1b135
6a7282be
7e8eaa2c
d2a486e9
0d497d75
7e1e4cc6
475c37a5
f4b61951
c418717f
8cc978e4
d96088ce
c75cb2b2
70519cd7
3aa0fb72
9c1b9b35
00d4ddeb
f657fbbf
2d23facf
1d3c4db2
05c2b917
0eee7c87
eea17b38
f90560bb
f7576c72
41fd02de
d570f3ad
aba3f3cf
6e955d62
6216803e
f0323ff6
4e582610
19da68fd
cc79b17f
b093a6d4
4d61daf0
b1c3dc0f
82097cee
1f09aea4
717a428a
1c48ddff
f910fe84
3ec1b164
154b9752
939d74c2
9da06240
aced7c34
6e144da1
13a3d051
5c915425
b4ac2acf
0f4f9495
4674051b
1c37c870
420ee76c
42862bbd
79c8c0e5
5b5e51ef
bd1cd29e
ceaf2619
67ee76cf
8fcf88d4
a473c07e
53f1a640
800b2e5c
5ddb4b3c
a326fd22
ecd2ef03
976824da
ed968943
ab60149c
978bccc5
2c70624c
2707b850
d1b7da96
7644f364
ed28e970
f0d4bf13
81eb7d88
251b5e05
95a0f468
ee9b8e3e
74dc3390
a7671227
e159c676
eb7a3d1d
37e0a551
4a180a74
2183543f
2b96a61d
15fa4f57
de00aabf
a1b2cd94
f8060314
34f77be6
aaf11243
9f9ff5ff
4524888f
52955035
eae203fc
f92700f2
3e10c1ae
e287453c
4e38c5ac
8720b3aa
bbe2db00
f0d7c361
1fc700bc
05cf15d4
09c92bae
bb2343f0
b8f8619e
2db4849b
19d0fb08
d08ef250
d65a5372
1abff068
72e2c411
667ed501
270bc6ae
a41b0161
42df2c3a
4c5fcd56
0b5fa22c
1c51e981
0d5aff11
05a63fed
892426c0
b27827fe
66702b1d
0164e814
10a2e2c7
d3beb3fa
bdffd25a
b1228180
c34cd029
70724d2d
0329c906
7b2b9442
3dd9c2f3
b573a630
f70d1baa
db764356
708dd1d8
9c6024e3
877d1b3d
a74f8f30
839d28e4
f6b6cf24
c519492d
6baf7953
142e3931
b2066615
a65bd797
498261a3
b3766c78
a1d33384
33d9daf5
1868a876
a1abb665
3b88c716
4e28c2c3
9861b69b
78e2b982
d58f230b
0c25247c
bdf4f509
49ed50c3
9d5d6619
02558416
e834b2dd
b38a90aa
d26bacc5
5998b8bc
9f6ce09b
6c8fa5a4
9f565e99
c42fcfbb
86ce9bb7
e2b27c0b
0b5a18d2
404fe2b2
3f266b7e
bb73991a
c2471b72
04003726
5e7a3cd4
25f6b4a4
9f2befb5
b97ae5bb
5c731cfd
c278c26b
9c8c2151
0c67ad42
c03da505
e73ad62b
0202f254
d543d270
4ebd3b36
d2aa74bb
1b960e05
908ea6ee
ce3bdc27
0253b9f8
d8fcea8e
f00c0358
7c80560b
be60a84b
c65a221f
c129e173
5df801f0
e503cd73
09118785
05c655d5
20eedf0b
9af7930c
7a52cfa7
5761f0f4
4697cd2b
596ca4f2
73a2c36b
5239670c
a5c3d460
36b8c327
f55abd69
fc0e4e52
8d4682b0
ff052b38
1622c729
963fc90a
8cc96e25
80be4ac3
7527c830
08104a20
2bdd1bca
9c27ec98
572f5402
08461075
83527f71
5b3b1ccf
2cfef35e
a03c0894
04fd9863
49c5d0fb
8883ebd6
4ad3746a
af9aeee5
ba80cf06
cf6b8876
72c7ffc4
2ad8123b
3b73a8f4
83ccf782
baab9a9c
f6f7b260
17cdf59d
86be2562
005ac90b
760b3376
1cda93c4
9ae4a635
ca6225a4
540abb2f
6e840998
1958b623
fc06ec4d
1064cdca
b264eda4
d5df33cc
4773e9ff
73ce8ff9
e40e22c1
2a944faa
cf4a9d5a
00d3f66a
bdcfa5c5
67930ebe
cedd7e1c
42c71cf3
8a7ca7bf
cfe257ba
27bff330
e2ea645c
6257deec
a8c85709
e70de5bd
2cf76460
cf1b8ffd
626a616f
e6b55fcc
e4d3d42a
548dbb21
9ed4b075
13989718
2e096305
4f518411
85a0e4f8
becaa487
a11c04ea
11abd16a
1b523189
f104d838
2a7e4a19
849e6b67
77a75c5e
19b69b48
91203ac7
596aae9b
9b80d027
b10a6c45
6cd4f284
a2057306
80d313b4
b619be26
ba7ae7c8
36f105a9
dec1ffeb
c6a101d5
35e18198
bf82ed51
a73f34e5
75d532b4
a3f8b5d5
1d0ba1f4
4f97b8ae
a8c6b90f
830bb97c
70ac2eae
5a4b1652
28a80852
1de9cce3
aac265f9
29dbee27
d7fba128
d800e827
65893e05
0b7e5b01
c3dd7ace
fc151d0c
a922e816
702a12c6
7c2bb41f
5fa2782b
04451f78
52e3d90d
118fd06c
9bc6900d
7125892e
c0050cee
52877862
0ce7b247
af4acd10
2bfe7ae4
70f39e15
6516ce2d
26b538c4
b412fa52
8041303e
6e92c0bd
e62a041f
739f5e2b
931432c6
bcd3f460
89ad3caf
e921bdd3
0dede15e
89094e1d
b99d7178
e1fd2e81
c188be77
1e809fd4
a2393449
12ba9431
47ae11cf
3761d384
af3bf48c
e4e99779
16dd533a
2bf3e187
afa666a6
0d2074ff
744d3120
9f425a94
5606a31c
cec927ee
aca6cc74
d026aae0
aa2fa3fd
9455b675
71fbe038
b2603e06
01b43e16
48a1188d
1da127f5
12acf01a
19513fed
eb3c97db
413eac38
03852ae4
7de6c888
3a04c493
f0484ed8
cbf57031
db9f3bc8
a02292db
bd48f707
d6a09cb3
63e55b28
d887d268
7b92a2ad
d725bc8e
763dd654
521135cf
e1b51cfb
0761e02e
57e38e1c
e223bc8c
23fcbcf5
382a9e44
17a75d15
7cb5e1f7
d1e757f2
583845be
417a12d9
67075a69
050db5cc
c539eed6
e4890647
4c710887
c15a18d7
ca578717
6c1a33ed
66975d1e
2bafab04
0727c803
3add3510
13901ecf
19772b8b
7cc08488
e667e6a0
4cce94d9
54ea8593
8f44105f
a4b129f8
b0434edf
ea808073
ab5d3bb4
895c0981
05e99b57
e6ef62d6
5c01560c
aedd40ec
ded8b20c
dbb39e40
a70285dd
00929e21
398466ca
1ef2f0e4
5d2442f3
7a33418e
5253996f
0eb353d0
fde55734
b77c6a15
7de4364a
9e8c705c
0078fbff
ffe59bfc
dfdd8b91
bb5c0406
4047e4e8
278dea25
c3e9ef61
3eb3bc03
6f4cebda
b4cd8ae1
b7a4ad09
62b61d6b
827e9126
5b15586b
f3104c87
aa9ae927
00702df8
bc2accff
531e9a85
89812ee2
27fa214c
19a18405
0d072235
c17f2435
9acb4fe9
95f4d832
d0a1762b
32e94a39
6e629a2e
99cfd31d
16241bab
3f771163
7638e60e
35db7d32
15df118c
0a33a51b
ac8fb033
0bb65397
f95ebdd5
f2655e47
6c1fc0b1
153cfc15
dd7d300a
14f5fb34
d9f6f15d
fc7704d3
81403e05
569b75e5
3cdef736
a530836a
1eeea144
920ec0c7
08d6bc4c
34b52f83
b9e5e301
b53df9a3
4b3a0847
4c6f469e
33264cc0
ad78027f
0bc12864
f77a5f42
2eda606b
38311100
58329d08
79e080e1
566e17ff
06a60b57
3e5d9e91
3c70f296
66665367
2d564922
6a3d187b
ef7180a2
33d04d10
74385509
adb002e5
10727673
893b1c8d
bff3f2d8
f4bad38c
77ab99c9
96c5cb80
d90e571a
6e4ec36c
724017dd
67ca7f80
2f77183d
426b1ea5
164a613a
17cc8d8c
49d498f2
839c0777
6d2e3f0e
f33ae749
55a184a0
c383717a
1820922c
46c7f4de
b3d176f0
3ce83697
7d63baca
4d650537
55b1e916
7af0b6bf
e8cb752c
4bb8757b
e7f1c9f0
073b7477
5f01b50d
5da41a7d
03917408
8f1c3280
20caf2e6
ac57b80d
31908166
163666b8
86c072c8
9bbfe604
8895e2db
ad1d8f3c
83ba2961
145b2f6a
477ca191
ba93eef6
2ee4e750
f3d974b7
74b0b810
15e3b0e9
1c2a83d6
c65cda3e
fe7da2d3
0edb1fc0
c9460371
2c2cdb45
5fc03c07
505ef4c7
560c2724
8ff10450
40112e4d
decf2881
403db8ae
1228647a
ca424e09
f3e6d6c8
0ec788b7
05f3fcbf
36e0102d
a850e1bf
388c2a0c
047369aa
4185bc29
361c0209
7df25dc7
ff1e7aa2
390e7267
1f1fd106
42d310b9
38403bbb
d9dfc020
1aa1c96d
52036dcb
c8f850d6
9ebcc547
c490efed
f4c9483b
64069d5c
420597ca
ef695934
4db8d973
8444d538
c2989369
ce4eb973
357a6da3
61080944
643793d4
5fe646b2
7139e86a
caa54070
37c55585
33c2dcdf
63781693
54e28e86
a37bcfff
8a0c151d
1d59980a
e5412be6
c78cf4f8
7b68d651
55fa1680
f269bfb5
7670d23a
eac32001
56abab60
5b30eae3
8bf99375
8b7a987e
d6d3bcc4
8826e041
d1f3a096
19c77ea6
346b704f
163512be
3833996f
28d5c0e0
89f89804
c5f2fa78
cd0b53e6
498fcbfd
aef64325
b4c8ddec
41d44096
f11a6ad5
34520a55
d60a8bf9
69c8e023
cc5be265
b2f457ae
3830fe6e
d8589f90
bef5b2e5
1d8bc091
d6a399fd
16110d53
c0d5a74e
f3b7f750
a6e3ce3e
3ba8542c
14945bfa
6281d5ef
5fbf27d1
d3ee1413
3ce3e805
7d8e7674
db555554
4e0258cb
a67c7286
2db87490
4666c5a5
4497734c
f52a6053
9d2bc4a3
524519fc
de26c961
e657b664
03fcfb09
0f2f3da7
fbee94aa
0603c2f7
b5fea6f9
45177b49
e5bfc0b6
a888c222
a95792c4
3ae8d723
21984385
14f61951
2c56055f
734ff701
385dab16
2ada9ca9
50bf81ce
b044202d
bc72dbad
07e60dee
0d2e76a3
bcb49c9e
cbce2aad
ddea31e0
e119fd6b
082ab411
8bbfd3e5
49aa2b84
978f10c9
c7574a42
edfcb4ed
174402fd
7466c770
3d9ab7b4
06ec4242
5a2ce710
1f1e0a97
17dc3391
a4653386
40aba30c
ad8d1449
ef824aab
7c3841c0
f40f03c0
9a96369b
d4ea6f99
ba3961b5
57fedcf2
007b8282
7554a877
eb1d331a
e2b4e105
ac1bb7af
872961d8
c954be71
8dcc96bc
fc783f11
88d6395c
b04e4ae2
5b54fb0b
428adb31
24720f27
d74d606c
135b644c
8589af05
bd43b111
a75f6081
22a3c1e6
097ab989
973d632c
50472e80
0779fd2b
234ca9e5
787a097d
13e30f37
32bf1095
c516c0a3
bd576a62
537b4f8f
6bdceb8a
2317cb5c
95f8ea22
9f2121fc
d8c17213
26ee4312
3f02fed4
7bd199b8
543104ab
e02f81d9
128193b3
3e0b9ac8
e7053041
60ab2827
b05694f0
3bdc1714
9ee7baeb
5ee728f6
c4cf144a
ee8eaa49
433562ea
0262fe9e
eb931886
98f00427
96e1abbd
d15d14b6
0ab64733
8858857b
86028900
337eb0b1
4874a2a5
582dfa15
0a8a1de2
6ff95659
e378ccc0
a6f687b0
b6172ab0
3b616110
ff2e3c91
2f3c192f
2f2c4b43
6ecb7441
0829d860
579dffb2
e512bb67
fdbe4958
a63f3152
42bf7a58
1371b8e2
a9d0b054
44979899
4718883b
95e7a5b4
4b73b69c
89a521cc
9e0a5742
48addb53
8b3f94b0
4c9ca4e4
d8095464
a23009e6
c29f9460
32620149
3b2815ec
0b24ade6
4d9c77ea
af4b9d1a
41fedeae
df4124db
809d1ff6
4f1a06a7
f612c940
4869457d
781c76de
2e3e7a1d
cec8fec3
f30e3f2b
a983ee9e
5e58d276
c6d03fdd
e4541648
b53985c6
35a1e7c6
227d4e2a
fcb13536
98e49f9d
69f078d6
bbbbffc3
4c3c41a2
45041766
3afe26d2
3aa721c0
0d769f6f
0df91462
c1dd38d8
be077cdb
621ab6b5
ad4d96b3
ece4d6be
b0569947
0cb757f8
2f4cbf5c
ac4b02ef
4ec61864
34910ea1
bde1a463
a4dd9a75
e5f5063c
e3663005
89b6d476
343f80aa
417ef55f
657e0c15
3b63330b
fd4dccca
de417aa0
d3b5476a
105f6206
7fe45d29
7c61e629
5438291b
72775356
9ba63458
f88e430e
2d1cf459
c1663fd2
d513ef1c
b6f757e4
dd74c5c1
fc5423c7
7db305f1
bca84597
37450cda
4d1ef115
f4bf09eb
a5ce066a
c56de98b
73ca0105
4ebda6f0
b618a3e1
eefe88b3
c2f61fa7
215d1be6
c612c436
4c1d24fc
f8d8c71d
e759f700
ee8ae05c
e2a61a9c
1f44c6a6
7598e8ae
792e81e8
8b697941
2c606741
3182b7a5
89b2a7de
7468263a
654493cd
10944233
829fa51a
b1a71e84
1c81405f
a5ddf95a
44203001
06261331
4c4a7331
47a616c7
2aa83b78
95229efb
194e2d25
41b68950
8304e2de
f4ba8351
3eced619
65bd07ff
6d122e9e
30fea53e
6f7bf552
2be60afa
bd9ecb66
fab51aff
64b0174a
ad75e8a6
1c453256
fbfa4571
d9d3a7bb
09b6b409
39c889d2
36a968cb
6db0a773
5281805c
33cc1239
80e6357c
8f7b5d58
7ed5c930
3986f3e9
188fa294
7777cbba
4e195bfa
c9a30069
9c60e37e
81e30c59
ed63d1cd
7c1d7660
88f2fe08
314127b1
a356a02a
9d28abe3
82c576e9
af105c45
378d6f29
d76841bd
34ae4c52
59aa2ac0
82b6b399
cc72869b
0894b1ab
4a92419b
568539ab
c7b40f13
8c9fcb38
cae6c944
6a0654c3
b352f50c
53937d55
bb01aa69
47d564af
835ed0ef
7120958e
11bdec86
29822890
fe93c5d8
43385f4c
52ee9fa4
a251ba09
370ac0a1
8cc432ee
59a703e2
82b8feef
31cf5bfd
8ca24205
58b28ef4
24ed4202
1905ced4
bb3cc9db
62f0a3d8
a7f88b3d
65717e32
1c547649
c13effe7
c6800046
179cc342
716c53b8
987ee895
e8e12e43
680c3237
271e0752
1972a1a8
e5b7666b
263a5816
ca2d7fca
df55a920
24421f18
9384b5c8
a28b5d96
ee06d84a
94ffdb6d
9ddbd824
3d3a422b
da9c0a14
200a589b
0838aff7
a50e6394
46e6326a
95cd75df
55a784e4
02519959
1e2e9d64
7dcd0f05
5995e373
5a85c04e
b3025008
d966bda9
d4a0c2c0
53ec333c
64f0e6d9
7d54a34c
ce97ad92
5f9bf000
12e7f96d
548fde88
448fadc7
97d5bedc
21cbf5bb
b0ebfaa5
3858923a
69e72195
376d289f
ddaeb5a0
684cb58d
21503493
df8aa932
df3920e4
9f9e73b6
6cfbf302
41ecf3af
2cb6f003
a46bc258
58352548
6f173bc6
859841d1
39e6c700
c1d047e3
eca42dd5
4ac9921a
69d725bf
2170e2ef
988e9359
1657534b
7bf7e7d4
66a9ae12
3e133347
5704103a
75646ddb
e3314734
b123f93f
0e8bb99d
4ebc8d61
3d089fc9
f0c4be91
85c30e5a
650fb79e
ec7bf260
d4c0d41b
0639b47a
266b6801
2606db34
51649504
bb4ae826
2f853b21
94cab571
8efa7c23
eeb1ef1c
b912d015
8110323d
6dade356
e92e3d15
ff1dc033
a46bf47e
866f788c
46a74a53
5242c905
672ffa34
954ff600
1a77bb27
4f76986e
1319dc33
3b6aa7fc
9d3716f6
82d4c942
646c133c
2777e719
a901f0b3
75ecbc38
af126cad
b270002e
fcc6bb94
5d31e78e
59c2faae
d4700545
4fc12a09
3a87d669
c9185fcc
9ed6693c
2dc9d844
ceeb37a4
abe396cb
fe69d096
4b1527cb
126a379d
c7ae07f1
ed54af79
6fcdd7a4
721e9a38
8a609814
b528c005
082ee4b1
43ad734d
5550104f
bc62a783
fac4ca8a
1122d340
22142a45
4cc7e48b
ba8d48a0
60b16cec
e8b5853a
5a4fcf53
d71a2ea1
cb06bf06
80285fd5
f185fdbc
88790e05
9e86a1f9
1d8d3005
ca3475a3
d486cb83
b3230278
bee1120e
08b3179e
225cb57e
2a96cfe7
9e209c12
39f1c2a3
3511ec51
1be2cb9c
10bc3054
40699aef
15bc2dd5
90de7f16
b8ae8188
7b690d27
0375c861
f54f1efd
c4860315
98708d87
b1c50587
3fc84a9d
e5e5cbd0
cf63567f
10307189
de2a8fa9
7422e086
2e74a77f
e9f85c72
acbbc469
52e74032
e6caf502
b537cfd7
d56c3f91
0158ed1e
839f4f03
259c5dbc
6b5adf89
25d71c5c
0dc31132
9349bec0
36ac7d88
9ab901c6
eab20c46
cc69a2bb
ffe96a24
871ded32
6dcdbd8f
95fa2691
f425aea5
7fd4e5fd
8e0dbd48
0d3092da
f210708f
7c3c3f6f
81e5f267
ca88bbd3
63a4106a
d48d377e
3e3b07af
8717d1c8
d8f304bf
b4f3a92d
fb1b5106
b640eafb
c8e431f4
958845b9
3ada4fe6
17f078d5
05b040a0
b92c8832
2d7158c7
cb5ec593
6e7920c5
06551b55
02c2d08a
42a42083
103058f9
7ec1d8ae
ff5372c4
b07cf261
e8286a59
490425e8
7a9125b4
9ad6de47
62ddc7c8
9eb1f19a
b0dedabb
1ab8609f
c3daf28a
2cf475af
ea79556f
da4e75a5
8ba124d8
48741be5
aa131241
c3319bec
f9c01a8a
a8b5df82
7bf75220
a7d045d9
420d7fec
53e1ab94
b4f0037d
2760df72
ad5ea795
4c2b5323
efab2084
fcc74e79
b404fb5d
468693aa
0a80a3b3
c02f55c8
785e50e3
fa0f5182
17dc2a3d
c1e3ad70
3df31d96
967fa476
3cdbf4ce
0a00a80f
ff29b66f
f562613d
91f62e7f
d3056803
bea3d721
4cb53542
a9bd09cc
18153c4e
4c08d380
9967ef3c
f48bf2fc
d052c556
97f0646a
f4d05354
29ef2d29
45070a8c
2e8dcc47
77a99f65
cce6b5a7
5019494e
5f260f16
46548ef4
26c6c311
2a371423
ded11f3a
5bf21581
31051d20
c68bda70
057516d2
524fa5a5
79918dd8
4d7f906d
513f9554
d13dd75e
11127415
ad8f807d
ed81d91d
02e05bcc
3aa23f00
d5023581
e5f9d758
3d45a2f1
aa6309fc
a0c16612
0c6f6273
e40f3e03
7a24a364
2742dc40
e596a685
1985dae6
f9f03aca
2b89b65e
b50d671f
243ff6e8
86b1e8b9
cf74382a
465ade52
af8283da
00ce38e6
3d81faef
595f6ba1
31492734
a05a1183
af2a1676
5170b004
a972643c
5b474e06
e27d3fe5
f5b61985
e652fa06
9b5eb76f
fbdd4776
3546730f
9fda3d1c
d743f520
95139bb3
2ad498a1
81dc6c61
86590369
60ba7e13
c0793c4f
19e55957
eb33e630
6940148a
11fd4d22
b37370ce
7031111b
10595a52
5973fcbb
fa7576e9
c1a7eb1d
a44efa9f
18b9c531
23e152fe
3e6c5201
31a92af7
8a0fd10c
75e34a7b
8928a18d
3e30af21
5147c3ab
8f6c1172
a508adb3
a76c286c
6e5692dc
3da4d79a
4daf4211
184b2c07
c4b5aea2
5d5b1452
c5f83cfa
8e84a4e9
5928b545
bf866225
0b9d8344
c55e897e
9a592b86
5a1f3652
26702f38
5170e093
e1366262
823caf3f
ecb3de92
7b5b7162
bb9040f9
c2681efe
f7407a85
fa04772d
e8dc46fd
6079097c
6b839337
254a8765
c165ab76
f5617f13
8aed3812
9002b245
0f045d60
11abf9b4
bd3491ba
cf7b015b
4556e893
90dc5291
4b418516
078c6407
ea94f1a1
e0bd95d1
12f40692
d6e7ffa1
0b6aae28
8b5fae9f
af024af9
2dfe2337
da8e489b
60390bf5
69b6e196
050b11d4
8105ebcc
b3f2cbb2
ba1b20f0
1eacb1b2
9bcc0a1f
4b730c58
75fb3da4
5bb924e3
9b8a1551
fd2b61e1
b3f6242a
9918adf3
1877ffa0
17f20041
a8bb7c3c
20af6be2
77baec6b
6cc4b770
bf7386c5
3ac36310
82884040
da80a500
0a388010
5d6b2cad
272c8a92
79aca40d
488321fb
bb36a305
8590a16e
a6181fb0
1827e5a7
76fd8a2e
30bd17b2
db28cc77
966fe9a4
0030dd29
692bec83
83cb5d1e
e575cc6a
c3ece0d6
a137ea8d
d0aaf37e
566bf79c
3b9419d0
ad66f567
0a8fbcc2
5fe7cb69
77ddbdac
cd63ee98
a6a66ec0
04b5349f
e6f6340c
2e8322d7
11e510db
cc3b0da4
1c74b703
d806db69
6e14a15c
bdd4d423
cd4456eb
b4bbb1c7
92e52046
eb529d30
a66ce80a
56db023c
e50fb732
6ed62606
e8c0d2ad
a0347707
f4448dcd
da5ef953
abe7e6c9
b0e34796
da2c985e
6dc8e56d
5dcac63f
a4a9b399
c9818474
d8e06693
527ffdca
151b8e09
ff8910e4
6f2a3bee
22aa1765
68966f86
09b95b95
7bb6b4f0
0834aee4
20e46210
3860bc23
d37db1f1
cd37c950
b7a7b89e
563f4044
78c474bf
3c2e1d56
0f10f014
335d6b3d
596a0020
34af9e77
2b42a527
83292054
435d8b65
b41b1ddd
23ba17ad
48bf664a
2ab8fa51
8baad5a8
f2e819c7
cbc0a4cf
347c4703
2f1350ed
e4d49f2a
910d72f2
d536863b
bbcd7ca3
9f7bc76f
155cc024
2658d788
a990f25c
4cbe1f91
66c37ed7
2a2ad13b
71bcae9d
6980e9ea
e30fe534
ea8436e0
e758194c
6a4c85f4
a4bd692d
3a8171c1
8392283d
14288597
97d69c9a
ccfa29b8
b060c69e
bed90a27
6c2918c9
a933f571
242a695f
4936063f
b7c5fa27
18a2d287
1cb06c3e
37c33005
69b4a464
5a3305f8
6b0f0f7e
d6f1cbce
1e87fd4a
c4f7767d
6d20af41
61ded785
deeb6852
cfcf45e2
c911dd3b
a46e4860
c12da4f1
c3c47b28
d88af278
5e73925a
ab204c86
f4ab661e
9575af6a
33871be6
cf8dc0fb
85c1fd72
f793e8e5
db6eb9e2
860d06ab
fdd6cd27
aa35dcde
246c9529
6ff427ed
8a37bf49
c60a9566
0065f995
55b7c1fe
1c82b07a
1b3772bc
5971898c
6047882c
b90a512d
96de9ffa
e11e502a
487bb147
f43a83ae
2dad20a9
beb0cad5
5aad1d20
d8255524
22bc60e4
7ab64134
e08397fc
ddf78682
89ddd231
40e6947c
df42f448
b8bd210d
8f0d6723
5ecbcc37
ceeacdb1
7cc865ff
7e800544
bb3ff050
e38f8b8a
4d269c55
4b221363
20808f44
1c6ae9f0
6bcde21a
2657f27d
db1ff051
87ad99bb
a7c69d36
f86c87c6
7a1a020c
71287b01
b744e085
41def0cf
672cbaac
ff511090
752cb811
a7f3c9c6
07a7b2c3
ce0aedbc
e419a822
f2ad952c
410e9028
f270ec0d
11d64555
f6edb48b
4fe26215
77b8bb65
7a514aef
329cee49
45e6a583
bb872828
8ec2ea49
a2ffd20c
4f71b433
470af1c8
3f4c5771
01e799a0
a8aff9e9
a5ccb620
521d5b24
d64d5498
e7133417
b3a30f3f
9ad445bd
5e1e7d0c
a6490fb3
705aa1ec
a881483f
b15bf77c
39360466
ceedafdb
19c8b850
d6955911
cb5fbe8a
ad52f96d
bd9b2a12
c3f9c9be
a300eff9
610d8046
f1a03044
02b1b990
85f7c971
e7e334bd
afee54e7
cb224d9e
d0a85616
97359f43
bf60488d
7847c515
9c418987
0356d8df
d1e7cbd9
3b030d77
0f15c401
452246ab
b3132a50
1d716efc
257023cb
00233aaf
89abcb94
ebff4cf8
4e69f4c8
6ee95ab0
f250758f
60dc941f
b9beab30
f7cb36dc
b30f34d4
e7265dde
bf2cf990
23c3da7f
490ed119
f69aa96f
d5540e34
c6c62bdd
740cca63
455b44a3
94297ac4
d54548fc
f7042cf1
21dc823c
82f004d1
cf26d964
95403f41
c7a294b5
33bbbbcf
dc8d4c6e
d5166b2e
160745f7
29828fcb
7701ad36
164ec0c5
0496fa2e
a1b9af27
1ffda429
c462e335
9885e9d7
925c7a08
beb3e446
8553ee3b
ea0abc51
0d9890b1
ee5951b6
499183a1
45567533
f5fa49ab
25218e4c
89e88338
a876301f
a0c90385
978598f9
b7cffc34
41625a10
4e2bbf00
00bfdf45
91b75f2e
3006e2e7
6714ed8a
ae1fcbd8
bbf8ed2a
6de23e84
6c67d83d
7b66422d
d754cc3c
94be01f5
c491fd15
9d57310c
15a71a57
2b5da501
6044951f
ae0681ec
b95ce0d1
8d9c9c32
dd40b4df
b0bd1772
5838953b
1965def4
f5dafa89
fbfa764c
13463675
64976a91
b164c013
05b020a0
35202e32
2c28be61
4774f1f3
f0155796
0610e645
41d12e09
e617bc21
23e109e8
595d1846
b0e108ec
ae64c252
f3fdb1e5
fde753a5
e5ecf5ec
117840c4
357942f4
b9de4087
481d9460
a8accc28
1413433c
f2eb5dc6
b329fc8f
1bb300b3
0f0ef141
f5f18392
75f78b33
16a4861b
4a930028
7854b903
01e17999
f49b90f0
563fa5f2
f2b722f2
cbc45946
5d7b9f30
fd2c87be
d6b55b33
c7b3be9a
bc7473ea
732c772e
44f0f08a
06d222ba
122d3cf8
03fea201
2063d21e
1e27dece
5a33ea11
c94aec89
0fab5a64
f81aeaf7
0dcf52f5
15a1a69d
0f30d2a4
b9ef5ad6
0403c20c
f40df98d
2cb3fe73
3ccb4e6d
f5de592e
e18b4c33
89a06e95
0a23192c
49d3184f
71874962
8dc3e3d7
c6961a6b
beb46846
442a8298
9b489c24
91475002
13a29981
52c1a0c8
bdcae724
c4ece1d3
42031ab8
0bd54852
f9347e9d
aa1b582e
e2c1ec81
3565c609
3930bbbb
e6be5f98
84e46efe
2e4ee603
a35117c4
b4933510
941add08
38cce075
3c805094
e4cbb07d
ca4f7aff
87018697
4db492be
238494af
9334a8c7
c3a531f1
d6ff44bc
f373aa88
427fdab9
9c3c638d
19f4becb
4b9ea27d
65f8ff35
39d2257a
d2d62344
c16bab7b
3496be59
88e01117
d2943ab6
ed98dab7
2f067bd0
effd762e
662a40f2
e8b6eae8
8895f3bd
eaab514c
90d0b0ad
5e6f2a2f
de7860fa
9e8e70e9
42fc6ca0
22696994
e4262919
01a62afb
5bdc3867
46c677ef
8f41adb2
e401a9e9
f6a0cf97
05195ffe
f237992d
23550d24
dcc847dc
52461565
8db55f10
ecbecb5b
8f638791
0daad379
af7ecbfb
b6338f9b
3fd1031b
e9fff482
fa985995
c4faa940
ab8ed489
52e64cc6
f4a6ee59
04d6870f
52d6af94
63a9ecc6
9811781e
554e9177
6b666a27
6279fff6
ed653795
3961f99e
cc156c57
52682f98
a4fb8ef5
718dc887
db34d5e9
70b3708d
caf9245c
2028bfc5
cdd0818d
61c8a0dd
cfb47cb4
44794805
c2420999
ed5c6c01
7b53f18f
a92074fe
50430301
34445910
53a6d2c3
b62031bc
b2eadf57
c9093137
0adb72a0
f5675c07
c211ddf4
cc4b0543
30855572
df405487
6fcb138f
bae45f12
11c6f5b1
2166f329
1f7639a8
d029e4a9
7b2aec17
f3abf723
24b5e104
8a30848e
ce80321e
d0b1599f
8bda4f9e
87143fca
1d42883c
c4e0edde
f2336f13
65f95f9b
8f490b5e
6a7115af
505ee86d
2732d644
c2b77f99
85cd6e5b
28c55158
df2c15cf
ef2ebba5
331af688
d4b3cdcd
0c4d5248
6684280a
932620c8
b0de61b7
e1ff47a3
286f47e6
d2ef124f
247ba99c
78482638
ed6c179f
9c67ca50
c092e006
0edfa7af
bf6d6dfa
4896b6f3
575ba337
44970789
28a8c2fa
2e04caa1
5d469029
673d0688
3a60cabe
45d47f85
8eb3e877
84134489
7cc04bc8
c2975394
345d3b26
f40fe5fa
1ea495e2
0f0aee2e
0b2fee69
2ab41618
a69f0643
8cbfe868
47e8c691
b863e88c
6b334c95
569c5565
5a23f4dd
b3b096a1
8df82473
a7b619c8
f56a5a6f
7adb4afc
631ca4fe
07e0f8df
079980e2
c73ebf20
0b8c5eed
8a666665
93f64330
299db1f8
6bfd3b09
5f13d5a7
9143c9f4
e7da848a
5e387acf
7d57fd9f
de6fc14d
ee883fae
c6cce910
26365807
4bef1d1c
a1d5ee7a
9f4eae97
191110f9
5acb82be
7916a9f0
29370364
e2271ee9
3ebdfc94
a4c8bc63
dbd43de1
d16e4975
105c4ff5
adf6c7a4
d54dd985
a1d499db
6f13f52c
2779c317
fc7ebfda
5b38a918
8d6a4cb5
5b6d57ab
c291a387
2ac62617
2e9293b5
e065b527
8eeeb6a7
5f752dfa
a388037f
df11e30c
8d724434
7b607f0e
e4b12c8e
e5310fde
5d9f1adb
66409299
f6629a90
0329c908
7b12558c
05da66fd
69b9ad9f
dd4610da
f4f6b1f4
7bcc3290
4e57c7bf
62afe10f
4f478748
4a75cb7f
90500cb2
a9068e71
61dad0b5
4241c733
2e54d660
278909ac
d12dd4b2
1ccf8c8f
469d5e20
467c390c
eae6ede2
dc0c7faf
2ccf7c33
aa66cf77
028ac0d3
08813efb
c49763d4
355303e2
f0c247d5
bf2fc2e9
a92aeb50
7c52bf70
5c29ff6e
1b45df0c
b425e49e
1e723865
76a82f9a
183190d7
6f47dd82
0a0d28d9
4dddb512
948e9d0d
a2cccdda
55859c41
27b427a7
cb5256e7
b0503220
74994c6a
ff907ee0
f9ccde06
2389cf00
575184b4
9f21ddb7
367a907c
ead16a86
37b8e186
5a8ebc02
2cd9ea25
22351f8b
b943d249
a258ea4c
5d378d44
3f743a6b
bf19c897
476619d2
0fdf647c
89422f54
59b1e900
f6aab248
bc9fa519
4fa881e7
ad1d8b8d
91e892db
f5c5d342
ba1b2614
05e0e678
3cd2b70f
2c5f20d6
c0f51a74
14cede89
2cecb9c6
c150a1ac
79cc28de
66254015
0ad767c6
23d54ef1
cb6e5574
39da6714
d2236c88
49f45971
99991b9c
e7b21bc9
3da65c2c
3257409d
92d53a5f
8646d290
de8b6fda
dd7eba22
4d6518df
21af73e0
35b19529
e58262c3
929093ee
9d4f6098
5ad75ef6
90310832
97d50589
dbe3f95b
3dd1acdf
010357ba
15706a40
1f34addc
db627bfb
17b76f55
b1ebfd1b
0757bddf
ed689089
10402995
bb22e6ac
1915bfb7
72821006
20dbc0a7
412e94c0
e56d7e7b
1ee55e6a
1020db3e
63a4cd3d
ba6117bc
8a4da517
e3041660
58ccf604
078eb542
f5f527f1
706ec1f4
a252ae5c
04b3e790
707aadb0
9c5b5596
2bd432a2
1d84a822
98952022
aebeb32a
63a227a7
cd8c558c
a0833452
072bfd96
6bb93a9a
d1a1c10f
d98aec2f
05e68b28
44ffcc49
13a0ecb2
c8e3de89
d5664510
a54d35b2
7c95fdaf
a72ffbdf
52d2c955
74f5f989
b353310b
7b354df2
83e7f257
c808bca1
2c029e8f
85bb6da6
e9f4ed81
fcda03c3
28e58fd2
baefe8fd
b9fd0ba5
09bd5bc1
fa607ec3
42b4e7ff
1726739a
f3feb930
bfcdc0dc
fd1e25d7
0d3ff9a5
b36f34a0
ea98d5fd
f4c6b02e
7aaf48af
e4e6cf32
9d12a7f2
f47ce384
6986a7c2
12a996dd
2e36fa64
de3a59f9
35a35c1b
9a22726b
598073dc
a880dc01
d31415a1
65a3b351
6afacc15
5c76c089
0893f5fa
b3bd536c
23cb2f04
835a0e31
9115a09f
85cc119c
f80dde03
3a7e6345
34c1b18e
5cfe6e36
b62433ea
3b741306
9b857e0c
bcd861ee
ac5aca1c
563f2290
ffc20f66
7bfc9e51
eeef830a
cf5745ed
dab43518
def47973
6a9c025e
b0215195
d8642f1c
ed77ba3f
5c3ab3c7
42088a26
3ac01380
2eb1f4d8
1575656d
82cba9a1
0801b99e
d97ea6e7
b9ea46f6
d7ab33ec
8b0b8be7
b495cd5c
aaf733a3
dcedc9a2
deeed28e
935d0af1
72654df0
a0bf23bd
dddc9af9
9ef02ab8
ef4b8a0b
5f5e04ce
6736ee8d
e6056c3e
3bd3b61f
ef1e6277
4942e83f
9ce541bd
ae8d8154
ca46cee7
60dec26a
aae81a43
9da5fcf3
654a302e
4ab3d0a9
247bf7ba
0b1fc57c
85b7a824
66d11fdd
e0793448
18fab130
954e5d9e
814beee0
6e6585cb
054dde05
6f290923
8fa48a85
c0709a1f
b5516346
be04149a
ae7e10f1
e060dee1
8c2ce4df
06569c04
6f18ab0f
3557b053
a8eb8e5d
fd281b6d
36fd4daf
7654a36b
a50ffc97
093b0af9
64e7c7ab
1e4fdde2
5b8e0c7b
da250e1b
072c2ee8
dcdc9d90
a2b9fec7
314b5e97
09abe8bb
e32aee45
62a037b4
ee86367f
2171893b
1a8ac310
1ff4aee4
cf2515f0
deff449d
fbf30acb
cfeed45e
b9c6c36c
54c50499
7e9d88f2
3ff64953
2d56159d
135d8f8f
f72be5f9
f9048653
50148434
d2deebdd
fb0ccdef
34928a57
ded34fdb
5226fdaf
3ff837a6
18918f20
07c6e8da
81657334
cf7f7215
068593eb
2bed9b77
88e5d1f6
69ba1bfb
7268bdb9
de2a4596
4581159a
817ea663
e3ef7bfa
9e978bf2
92d67cc6
f49cde41
85cdf48b
50cdad85
4ad2985b
22e76257
1b114521
451ae39b
34586acf
19335faf
2a165f4c
de0a59d3
333e1a2b
ff1b40d6
7738a196
02405273
09c8f8f4
cc18007f
4ee748f4
58cafa08
f6f4c06d
b1d3b531
29cb27eb
ebfa4f70
e097d13a
4ca31022
fa4fa951
e3d45283
5904ce61
d9d94ea5
f1bf42c3
2502e830
789e5272
e8d9285a
7793d8d3
9dbe6c77
5624298f
b1a1a0a5
331d0d9f
c77a3dc8
98acc889
3600e2b7
6094e41c
7ef458f7
48b28242
07a309df
b58388f3
572cdd1d
5d6c701a
be846c0d
53bf646f
5969a536
d42529f1
527d1efc
c5fe238d
307fea0a
6ae75e35
a5166a05
62893bee
fb6ffb94
87b24ada
13c4d86e
91e2dd4a
8334f58f
ad2672ed
0c078950
58930f06
1709a45f
53c8e65e
af633a3f
ccb37b8d
db93c7ec
ceacdd3b
f479607e
d6af44e5
f84c847c
70a533bd
0c8de254
a8207cd7
50e32e4a
9064ef3f
bde2363e
9f94fe2c
0a7ebe84
68645a33
876b3fe2
f276fa89
89de4f5a
4690c740
9165e7fc
9ed45711
92f9dc4a
8769d6b2
0a46c5cd
8d1e9af2
965e4f92
aa2828c4
492f14dc
dd2ce1c6
639428cc
3736aaca
af9ce45d
51fce716
6ed672b9
b0a15dd9
f85c3ad4
9fd62fb7
1e3cb647
9676559d
c47ea41f
0f54c041
7cc9d60f
870ab46b
e17029a8
6cee2aca
9f50fc31
9a05171a
242f2649
dc2aa17a
88b10a78
96358e67
d8d6cefb
203c619f
2df52498
a5aa654b
c96d488a
6ffb2e34
4d88ce6a
dcf12d48
d2526d64
602af1fb
fca450d1
a1773a4e
81e5f371
cef25a34
3327852e
b3c6b90f
f80a04fc
aa2ece76
0fe6c746
36c3f4e1
43a1e90e
ae82df8e
5b1fc3d7
cfcb3ec5
aa6a934c
f86e86ed
3ed56434
d8260ebd
27c5eae5
c9b9f289
0afd86dd
fee9020e
0bbd061a
c4bc6705
43c0864b
3230362f
aa4c46f5
70cc003c
e9b4f379
8ca6fa14
2f6e2f26
bbd9d603
a227276f
9f96654a
34de9675
2418eadd
112999fc
60d71617
c0a354bd
eca09547
3f094223
fee81925
44543fa3
b7a7f013
7d132ce1
096f1466
97979377
dad170eb
6d413b2d
0eb379df
509d8a7b
db81c8d2
b1e4ca7f
3dccfb6a
f69cad7a
05484083
a65ce3cf
7e86c57d
630ffb49
10b43a3a
699509a3
dc80b393
94a46baa
23f5cf02
d8ad8308
715a5aae
7bff7289
206d139e
c1ccc0b1
628347dc
45609ee0
812a027e
edd1fb4c
85ba5010
38bece4c
cf90e017
a1df521e
380a4dd0
47bed408
3accc877
db8d4b56
2e11f685
08ea8245
4ce3cc94
9b5b93ac
cce2805b
01dc6bcf
181c7e3d
6ca92fd0
63326459
d8932325
220c769e
3723fed1
57c6af0d
c6ce8dde
f9dd8ae4
58a4fa24
3be32354
aeb81e90
00234c85
5fc8d3dc
f3dd51a5
64d27771
6db40f8f
64f6ac0d
9f9dc276
ddb1227f
c6296e80
94da74fc
92f6a21e
901d69c4
999b1d96
bf1db0c2
29bb7c40
8058b479
4c2c3d52
bb450ab1
5877d0b8
ee70b088
f4585bb8
1acba1cf
b0bca076
b2fc37cf
b4bc746d
7c08e7d5
7ebc822c
31d7df50
8d8af38e
ac901413
6c56405a
2ff71cf4
4156a2c0
34d3e0a7
5023bc44
d2ceddb1
2667d8ad
7330d494
5dee68e5
8ea2931c
44eed2fc
4892a924
ab72d81f
fe5944c7
0ef83b47
3b8b2e6f
969ac8cc
3fe6cead
2050ab34
93f0044f
fc4c1393
b9f7dd0c
0899f8c7
c7a163e7
90633729
264be12a
17bf0fbd
3f5247b9
830ed10b
7cdc2e1c
dae580f3
3581644e
381db18a
4bba651c
e4253490
1455acab
99d3152b
95b71a90
aa411da2
b7563258
52bc5016
cf617569
d848946f
926730ad
fa27f814
a18a2a46
7c919cc7
ae223323
e082c700
b431fd11
f9e083d8
dae515b5
7222ba1c
89443d2c
d2d6f1dc
914382ea
c2c8fec5
7f1639ed
bd537af8
938e6c3e
9f39e47a
d5684181
7659ea8d
2a058e29
e3dc9ae9
60b1d789
125b8f89
16f955dc
b41bb45d
909ed7b5
076202a1
a1f6267a
c213c826
d9fde00d
da722c93
63e06f03
ae073863
6864e026
786b18d6
754b78ae
518805a1
76bdaadf
bf234eac
08221f37
335f8075
a9797a7d
40e5b5a6
3c70df4e
d4b89cc2
23375512
fb3b4ad8
de607ee8
e61fd0f6
9c22c036
40a826a4
cbec17da
6bf91971
5234be5a
7a0c0805
9a9665e3
936ff036
c049d6c2
a8ac9aca
454d2130
cc016125
e49397d7
5b4ea083
648e62ac
b3ad6ee1
d0597af9
1fc28a3a
9e384278
58962123
0af3e03a
a867f340
97f4d0a7
b1e6fcb7
a0755a6f
6c2f4193
07b1103d
9362fe26
586d56d5
a4467e4e
1a7efaa9
605cbfbc
02c3c949
06b0433c
d42f4eb7
82cfb92b
c8b6981e
6d1fed44
865386ff
270faa99
99c09557
e62c2ca2
14b3f2be
3664fe4c
9c0879da
f55d7823
117f94ef
9fa2a6de
a4596f22
be10147c
2f668c53
237ef785
4c4b0102
a101b1d7
7058530a
3d1cecd6
b049ee35
3c6e16b2
29bd142e
ec2aa7f2
a243c898
b1440330
15616f81
2abb2ae9
b3238e5a
9ffd4aee
e2b2a67e
79da9540
45229fd9
cdef2215
1c1f4ea3
4ca1dc86
9115c4de
184c1339
df44bbac
4e12e934
75b8756e
19a49464
ee226ff0
d85bfdde
5bedabee
3c938866
fe72bb89
897a2e08
5bd242f5
62118d53
24c3554e
833cfd1b
8f6df9d4
3abb5e1f
7e6a42c3
f075029a
54eb3ba9
405e4ea6
b8d38603
ca63c34a
f35193af
e5a6749d
4d8de1e7
c79e5edf
84f2a75d
d3348571
30ca133c
2718e72a
444ae054
104de2f4
2e75ab5d
f8d69c92
43ddef30
3949958d
74fe3e51
d5bcbeab
0f560c7f
15e8e973
10172f10
4b5fe8aa
7f14826f
047bada3
48315dc4
12b46c00
79b050da
06ce08ef
3da2ebc6
7b996ecb
9e44988b
a7ea3a01
f5e720d4
2e48ad6a
475be398
5e373f8c
811a8e8f
c9abdbaa
e9069a65
730ecf40
f635dc53
fa4ccb0c
068229da
349048c6
8c9a5642
0c1cd80b
74a38325
9c230986
5f6556ef
42a14a53
1688eb66
7761fc14
548854c5
9c0ba26d
e088bf8e
18598272
2aed1959
b109cafa
828f14f1
62319bd9
7818fcfc
976ea8df
0cd85545
c86e39dd
e5e65097
d1604acd
df095cf1
6677d1fa
1553241e
4bcb4236
523fedf0
5fb6fc30
86273928
41433c89
fc93f3e0
df19e077
81f94e7c
aee5d687
9292af3d
29d8fc67
fcd4eeed
4026b349
5fb4d5ae
652f92ee
793133b7
b7b87e94
b53ef681
16328db6
b709a0f4
e1fb4e9f
8d35bbeb
73501f2f
660d29d5
a5cae18e
c690f313
c6ad122a
f9e46b9e
e665ab75
326f7cf0
63d35308
3ff8adf1
62958292
8a32d5d1
c19b2f35
2bc67c6b
6d26a78e
833057c5
b0ded701
2de681de
467ad930
b6c6245e
3bf67278
42981c24
628b29ea
f17b2c11
0bd18bcd
6faee5b9
d02a1a95
fc669609
fa538a1a
e9017dd2
11d08f6f
07908151
e0effb0c
ee40edab
8d4b7e71
b220c953
ca556616
b4653efd
64e87320
3b048aa6
e053ee4e
2ed670e3
f9867046
c65bdba1
18db03f6
6c1a0b24
82ad2efb
c939f502
04a0170e
ce7b51ee
2c9eba6d
81bf9704
18bafbcb
bfb4bd6a
2b24c5a6
c19bd1ae
ce67c359
f793f3bf
b56ebeed
34d6d934
11f5f74c
4c983882
3a83f586
c251e47f
25111910
c0505b29
ad96c8d3
e51ec035
9e17a999
0fb33d6b
6bd345e4
6e974e33
6d7cdefb
22db70ea
d404c7a9
d2c9fbf1
5b42086a
53a7eced
697965f0
fd2fa573
39b9f7d3
ef311a32
4290bd29
f38341d3
ec94edef
540f9a1b
4ed99e1d
de5a1290
1d03ce14
fceef2f4
74bc162c
39444f10
a464ff23
4b90de83
585242c3
114f7206
1ef67da1
f9049500
1f30ba92
043d2ac3
8dc65451
aec6a917
076ae845
162ecbf4
2555a7dc
a4638e6b
607e133c
e1218430
e55a7083
c202e1e6
59f3b1d9
d6d8419d
039a53e8
7509947b
b75c20b8
5a2c1abd
f6011600
4ceef060
ceb59b31
c7a33ed8
af75b264
3e1ee1f8
a6138de8
227221df
af77ad9b
0258ffd9
a9d9f008
6ccfc764
1042a3d5
c33c18e9
440207d9
9bdd9105
16599a9b
8457ebde
5caefe48
ef90409b
17e9381a
2da66d8f
e2e84d04
825faca0
8eb97fe5
89f467a7
a51021c7
843abb33
b8cae13d
794b5a2b
53c856ac
7aa2be62
80b3f275
21588c6b
2a6b7421
d901bc96
3cf2703f
2c4081e5
b3fbc4bb
a6f4e0ad
66cae67d
7aae349f
3b8cdaa1
bbcdf36d
b1aa661d
505ead89
381620be
7c32497e
96afedf0
092ad778
2b7a2dda
b6ea0dfa
1df3fc50
2d4060ec
0ae3f802
c993dc93
f23d57f3
40a069d2
fedbecff
ebcde6fd
b55fc3f4
e90dc9e4
561d5e7c
4786b235
a9cb0075
f17d5677
2dc0ee6e
31abfb68
961d5d6b
8bb455d3
20c89fd4
5572cfed
9d625cea
09118535
0f50042e
f56dbb44
02a65286
d628295d
b37ffb5c
ce9ff796
3dc8dba0
f125d73e
3384693f
6ad91bae
7c331078
d9bff3a6
deaf2823
4ec1eb36
07454e45
7f3a9963
aecb0268
1e4ac04b
8e33ee2a
8d2c2df1
1ad33eb8
dd84077a
f006502f
7a7608ee
d6193e3b
ca1afc54
2796e51c
9d960846
cf422729
ff4f1dba
83f22b06
14c381af
fa3c2954
9dc44d3f
981746ce
69196b89
c9655e1d
367f268e
877f74f9
55ec6129
e0ec946d
3e40a6fd
797d65f2
6daaad73
389eff51
09e1318b
d5d88a03
578981af
90361c51
243ea46f
e6d4baf6
40c20453
0944ea97
16de531c
4b0a1502
3ce06b37
0154ed74
03be4229
b49bfd54
ad12014c
4a450df1
9490598c
6b935ddc
053364c8
5ce053bd
846cc636
89eb0403
c4090676
7c3136b5
0610c306
d0718bfe
c0c95459
a2022e78
1e66ee5e
b604be88
1b606222
f3a11fb0
dab984fb
aef4ace8
565f9adc
058d439e
12247941
3c8eef27
cc258dd2
ce6190bd
72bf9e46
af94c15d
c0502ac2
64090086
c725b3ca
5ac5a7e4
29134ff8
5d619e4e
bba54a5a
4f2e668d
fc0f6932
340d1566
429258f6
381f1a30
b077841c
5e70a8a6
27edef94
d9fb71fb
4f4d0939
23219f8c
0ad2eb64
a07657db
3b2d513d
b05d8eb8
30db41dd
44f9780d
14e553d1
6d7abf5e
68bd20d6
58575625
e0e642ec
3fc10091
e5b6c078
8a820a24
b31b1727
ee0c64d8
307de7f3
1cfbf7f2
22b558f0
bcc89885
54d58249
7706d0e7
0e56ab2a
bd4350d3
3c72349f
26dcd40f
37f02e01
7432f439
7c0ded03
f4105775
212f894a
d0d28869
ba22f846
406310b3
6cd950a9
9f462a2f
1a7f02ee
be75401f
d8a3cfa4
8bb4feef
994b8fbb
ff2fe745
7b2f9266
a501cc37
0c6b2cf4
574699ce
0b9c65d1
63e6ce02
fefcb131
738e0edc
f8ef2936
a4f51d92
efac9811
e97e4e86
357d44f1
21866a00
74059003
06b7f321
e2a64648
67853c9f
c2c12e14
07786f35
5947853a
95f2a88a
dc92979b
4257a5cb
6b3d493c
814fae11
e53b3eb7
df5e67e1
67eb8830
cb5deb86
b38f0290
287844be
3d1d0de9
08ac1499
cdd14146
5ac784fa
e14aab16
312e1142
93c330e1
4e322bce
6236230b
6cb51420
081f1438
b9944ff4
3d302fe1
214e6367
497c4b36
c3478c5b
6b52529d
013da1bd
14413c38
4b029ebb
026ba8f1
99c3da2b
b25fa668
94c22101
ccaf4770
ac6bff50
a3b34490
af050100
eb85d4d2
72e837fd
f6e21336
2415a7f4
8d869fa1
90208398
8a2bb591
6fa4907d
48c29ba8
6d455813
0eac3d30
a8454f15
355a1706
80e777bb
ac1436d3
73063534
01bd1364
d9e9930c
9a84bfc8
a2ca97b6
f7b9daa8
517b271e
86874792
a0d325a8
48aeb4fb
5802e783
9aa23aba
63579c40
8b2551cf
02888961
6730b6d3
4cb72ae6
949c7c73
79502eba
ec6d4fd9
f75fef52
5c00eb08
6d58bcb8
233fba3f
5b7e3063
3331c59a
7bd28b3b
7c0a3241
7203e360
c3936eb7
66feeb35
c89ac9d9
a5958029
a785f6c1
32e6978f
e2f7f704
9ef858ef
295bb1bd
b2ebff6b
6dd9c4e8
fdd9270a
fe397956
f369ea3f
0be3c828
2e38da3b
9a8bb004
7de38e61
89daa6b6
7c8d0e30
74277235
d6527fa5
ad74fdb6
6a86be37
15401277
f6d1c7f0
0bdbbc07
f737276a
6897be67
7439288a
742043de
f72c0393
9c955fbc
db3a45ad
e27a212a
6db972a5
3e539933
e3ce2ea9
e578a924
fbd6704a
8e3a7e05
fead61f8
00db5e91
0a2029b5
edc749fe
9be9fbc2
36acd8ca
1b0c0c10
cb466bb7
c0219d4f
828895eb
968203d1
09f15d0d
684d6885
6ee8ef4b
13376fab
268c698a
dc12f6d4
dbcec1b0
7ce0c9cc
def61f20
bf502489
c3ea7449
21014df8
1f777d47
eb234028
e7e636db
06958ee5
5e67dd61
1cbe5f04
3c8821cb
2e9aeff3
1ff27e61
57f0b9be
582c627d
5816a1cc
09c39cbb
30ccf3b1
79ea196c
623705ef
d3de31ea
a98c187b
7aeeca7a
d79aaeea
cab256e9
8d89ed1e
b564d46b
d2ddd07f
729286d6
6b42a9b2
f0ea2788
3774cd25
74d773ed
cff949b8
3f09613f
76ff9da8
2c113ead
7357f2af
2d48d1ee
d9d440d4
6813ee53
aee9135f
1cd416de
5ffca2f9
bfdf0228
acdf9145
8014d9fe
7e49990b
e073285f
2a69d683
078e653f
ae15f5cb
053f2e3d
ffe73661
3c484474
ac1d1cf7
fffc9df6
e40f1137
c317b643
8e26592c
e57c8e0d
e31f9e33
0be73dbf
6645d977
7001af82
fbc8623a
0664665d
df5fe24a
41c0cbe1
4f24305f
ecd92dc8
e5696678
fd6657cb
c47aac84
aca6ea51
4c72a647
0ff3095a
b5d7b8f6
1be26bd2
8598135e
79818447
682158a3
25963e19
a8f88953
838402fa
78b321f7
8d343991
4ac58ed2
98e9d8fd
dd3309c6
3d796fa3
012dfb45
76e58887
395464dd
0c3c597a
65780493
d8a09aa6
b573d4dc
32ee5628
fd4e6d9d
2f476983
8c9a7fb8
aecedfce
d3d38ff5
e782a283
c981f62a
1fdd7c88
b9c8b16e
5341f51c
d1aa3e4d
5a197afc
dd9ecbbf
99cc10ab
60f6d5a7
f20f7846
bdf16e65
978d491b
eb68ffcc
66b1b504
5232bc8c
b1c4f5fd
c0130a40
8a30074d
d1e5a601
c19326f3
0cef9ef5
19196ccd
a49a072d
6b857752
6885e945
600951f3
0cd589e8
00f2349c
8a53622c
24c4b5c7
fdfd93d9
bf54175a
8a567925
eb2d881c
1fea846b
a39fb8d8
c416c1da
999c764c
fdea4126
0c15a3e1
b5522575
ce634ceb
58319d94
1be622f5
28a54809
b52133bb
f9955810
00795a3b
4cfbdb24
c4775d8b
d7036768
c629697f
8bd9637c
5160a447
f8e4b0d3
b122122c
9f9a987f
5e36d895
21a37ae7
91080e98
8bb39855
ef91c529
31a558d3
cd51c40c
4fd7e264
c0fc4e89
6c8409ff
5ac87b62
e12627b0
9fd69e58
cfaab296
a6fff32a
4bc97387
d28d8a3b
1a91a01e
fcdc9db7
82230a42
8e0c4517
d37a6e40
48f60239
9e9daa41
51666acb
1bd7de54
e3b8e51a
1c608877
a0a3b6c0
1900625d
bc32d7f8
3f79375e
2bcd8977
c687a4c6
71f0c4e9
44d7dbbf
4bace98f
05313ae1
6fcc7137
dcb6d982
f755d261
ee23494d
665ff3c8
9cf144bb
38a9af88
a64d8da4
e8d9cd58
ff2619c1
bfdade0e
6776ec63
e5a0f2de
8492ab43
eeaed47e
b000c3ae
a6dfa514
1ddc896a
12c06d52
f22e7e07
803e9ef0
2ff65700
47d294eb
bcb037cc
f374b7e8
d4b920ac
e537c7ba
a5d1a21a
a3c7f0b3
e7e6753b
016132fb
c0f66de4
a4178361
db0aa2dc
657dcbf4
5c679b55
4ea0f6b3
5ea16f88
195a9220
28c8424f
30b7f3ef
1784e5ca
ec81ead4
eabb4519
c11ca6b5
ec8fa650
10f0e432
82a2e329
0632250a
10fbcc23
468c8b1c
2a037d8b
f3f5d512
63a18699
3d236b20
58af2363
24a0bd42
52147c06
6f0e8b4c
728ddb9f
f635b360
4b6bfacc
b27e7a75
db2c794d
d4bb9aaf
5a2b0258
7663f268
0df0399f
52b8433e
012a6471
f92836c3
01f50e5b
a7f9f6c4
bd0670d4
1085e21a
34187b59
551b9ae0
eeb6b1a3
28db71a2
9b0d4875
727ddff4
f9e45d95
388e537e
aedcabce
4f0bb59c
0ebd0140
7c3f974a
54049401
161e3f23
eebccc1e
90d9c7a1
ad9bc557
7318b62f
de71fce1
dc582ef7
e952e4b4
0d43f496
09f0a2be
a94ae1cd
5b1455f4
e4fd1901
bc7e470f
e76c3540
5944b1e2
206a5d9e
10eca632
017e20c7
69b2ecf4
b1a2aaa2
7a2583f9
81021c54
93975f10
76d9066a
9499c160
3a07707a
550315be
c12d02e4
4f47f9dc
bff81da2
35cc7304
ce397492
f5c3dc27
46a81b84
fecf9468
8410db69
70cb2e37
b4b55291
c208c1a2
9da17b3c
ea12e9bf
538f178d
9ea30972
0e2be034
37867d62
fd626f97
a28a2c3f
06ba4899
ba80a6ed
65f769a3
90aaf582
0d40836f
b880d2d9
f9afd534
6223c2b0
54cc3eca
b1b7ff40
85a4d58f
fdb27aa5
ee36f916
1390121c
2ba0c455
5665c5c0
356be76e
7946760d
4776340e
bf012a55
d3332970
75b33dbe
529a633c
c1406402
75c81ea2
b590d02c
5d35fb26
a8780bce
8932768e
3b997a9f
8d988fba
119fb02d
14d61fe0
3264fad5
0aff850a
b189bc85
4532aea9
0c175d9a
1329a748
dfd621a8
6786a779
de52076d
4942ee72
851822b4
a892a073
6f0b799d
0723e9a1
38e961ea
8e515b80
01002b10
88270d01
59642182
77d5ea28
98816360
294a1bd6
2c2d370e
d35aff68
1a409f53
3cf58b46
3e3cbc88
9c10e39e
8c0f164f
b61ee4ac
3be16cc9
d970b955
0515b178
d467f445
77076772
e6c43a46
50159a80
8bf88f62
d884cf68
6c54145c
35238553
f4b13577
91e83378
67686fdb
38f468d2
08203685
d0e2ae5d
2000d5e9
6d00fe57
2b8ec172
87bfece2
3e51af93
7fda8202
dcc06c2f
f9f9752d
3ccb6ee3
73f3eb68
dd4368c7
bb21cdaa
d00d50e0
383cd0e8
e611bef8
e81415ff
3fd3d5ea
e8b85cfd
87d620ae
3bbbe8af
936b54f8
c7712842
ad5a36be
9a3dec78
d1ed0b81
633f6a2f
41236f52
b5ee1ff6
b40c7b3e
561f77eb
a4ab38da
b5b33942
81f911ef
db50a1ad
23c9a5ff
f9bf86c4
25874c97
4eac993d
6ce1a8f8
662e04e7
70e4407e
e5947d6b
2d1c2697
901cdc70
79c9ee99
c7477e14
3838a096
a964a6e3
8aa3dfdf
da50a913
21277bea
0511c427
8f32674d
b8af72a0
8990627d
3e2f92d2
42c329e8
d83978f7
13db8fe4
26c0e017
6281b3b6
ca1c606d
842d8fc5
8f7390cf
502bc13a
299e32bc
16f16e58
5c740b65
7e0078c9
523568e5
1a1f5951
d79538ab
608c7d8b
089028b5
bd5740b6
fd74e8d6
6dad04c1
6b9d093b
9dfb80a6
5009fc71
9f7a9df2
5453c990
815a3b20
01f55fdf
ebd3b1d8
20f71aac
b7fd94dd
a9a0fbae
6c797844
2d4ae67c
412e897e
90212ebe
0b203ce5
9b2fcddb
30070eb1
ebf98d79
908eca12
70597074
94ac34bf
554069e2
57fcbe5c
c6dc96a7
d503c8c3
2f64270e
db33eb4c
6d1d3441
b93b40eb
f5ef4778
bd0976f8
e911dd73
854551ac
c1680494
fea66949
4265414e
a3d27968
731eedf7
7aab0e47
771f9d36
139af22a
f62d0c65
a3917115
3bc16e4c
d7144c48
8d3103c6
047b3922
08b6592d
b1e08464
8ce6ce92
f3a02508
172a8f88
9dae3045
2f710f56
dde2cb7b
1530ce9d
908e756c
9a5895dd
948d442c
bd139f28
1029f233
e39f2584
e2db6473
44fd2879
dfbd6880
27076b16
86dc0aa4
f699a560
848d4b3a
90a9a42f
21aed119
8a3c173f
13a59912
b076a371
e70e9edd
ae71b257
9f58d70a
32836f16
b3519466
ba7f8588
131abd0f
d3d49512
6fa84089
909339f5
0211a643
ede278cf
fd82fff2
ede1374c
aa128bc8
961539dd
14fea80a
fe0e9655
b44026d7
a3c94dda
c43b5483
7bc71916
845739e4
0e1a8271
94c5263b
3049997a
6fbdc1e9
2791cf09
d06ce611
d972e886
082f3c57
1b10db25
0efb18ff
d17d0fad
619a6ac9
b4a8c9a8
1e2e73a6
db01aaeb
25cb0565
e9977d16
c0827f8c
6104be95
2c1ada3e
9cf91390
6fe2d675
90a1f083
78893cbb
bcd015b4
72bf9a67
bf94695e
6549b021
3afa8967
111dcd0c
bf3f3312
72f6a83c
59de0344
af6f3c7f
54fff9ef
d38bcdce
ec794237
43c7c528
d7318bb9
2e9dcbda
6b3ec509
c0682406
59f84832
4f3a29ed
4af6112e
92a13da7
17a5628d
c5677197
41e5039d
d34cb996
cbb52e89
a2e30edb
a439e7a7
816433e1
e41a1dcd
53de2d9c
5bd133ea
c825eabc
db3850a5
f4bf9e53
e9ca40c9
9bb53420
9b147db8
80cd8ac9
0302f263
f4992444
d22845cc
88a4b804
eb22cd16
e28ade96
9250057a
cd1e8ca5
8dce7ee0
0059a2c9
b41381e9
41f6bc3e
5857d7c6
f74794b1
bfe77d79
5946defd
d1bec991
19115737
4d02774c
7e952199
8e6bf58a
eb837107
31d9a916
9b96060b
31be3fa0
3f02d425
d54e9a26
c7417d43
f5c44fd7
fbeca8c8
b04669f2
d27afe8e
38c4733b
62ca452a
678d13bd
7aa0f940
d491bb04
9dd8157c
718c8227
d8ca4aa3
a2522fec
12545b5b
bed18f44
681053d8
2f073f4d
d5319c7a
316b4b85
5b633688
8bf72271
989f800d
7b5c9c02
f349a5ec
397c84d6
95241485
e12354bf
fd2addc5
74d7ff0c
edf16877
df02e908
c656ab39
7501d681
b5ebfc49
86359678
abab0ca5
8dc6fefa
112b6936
fdbf7130
60b6677c
276f9b50
54bbdb12
d4e8133e
0778b759
23e06d90
e41d2d99
746b848e
9bb29893
dcb304a3
38c06cb0
9f98b57b
afc5ade0
554dbb5c
a6ef03af
95c2dca2
04898aa9
8e4ab8a7
f298b508
63012594
b1c34fed
dfeefdb2
0b4f0e5e
ba13d89c
e1073b9c
c8e3ac66
108968f1
8f7d917a
970b35b3
c61880cd
1628326d
1cd6d1bf
1acb0b2f
0e7409f8
662285fd
e53ae8d3
bc3a4ca3
406498f4
bc345869
d0151d55
044f15ca
3832f091
a23c93a1
395ddb25
c51e7d19
5d1650a7
775d9fe6
50868b76
bce97bc2
e1bf334a
fd186481
c08fb4e5
f472f26c
eddbc913
0bc58e8f
f8924325
ae21d09e
12790a67
558b8c5d
a407f5fd
0db76c81
e4c0aed2
d2485dbf
e605f940
7c976f16
bfc9122c
2c1741aa
406e14db
dc538181
201d01b0
85437505
9797be74
6b78c558
09ac6a91
1b3f152e
cacf9583
3782de3c
e4e86bde
dbe83df7
5680c85c
bee69cb9
c340ca21
9a946343
c97d0f9d
795de09a
6c96859d
388a0a6f
413d070c
da420ba2
fdf6c119
9f6b8d93
35eac51f
c46b64db
b6fa44c3
322925b2
c572b15d
f87246d1
a5afee25
55072010
91aa6ad2
42f8d1ea
40720c88
3d828359
d0db200d
2f819660
b4fe8006
fb303d59
6ff70194
777d08b6
1b1fd3e3
cd1ba912
bf0f14ce
ef49baa5
dbb3a3cb
569811ee
c01a8c3c
a235dab2
35115663
e47a082d
0a80a8d2
ecc604ff
a767a8b3
1c4dd0eb
6c4c9ba3
182803df
122e1136
d11f9f72
7cc80f4a
d90f4a9a
3bde4434
984f0e98
4a1a7896
a41ff852
39a72ed8
53f45c26
d66ef3de
0ab3cd54
1037efd8
545fbefe
d385c8fe
39dd8bd3
9c525f80
23e4be71
317248e4
75b06eb3
74a06280
66fb81f8
ce55d9da
d8bacecd
ad06e1fc
56127560
0f715edf
b1ff3dca
9e8c8bc9
f1402a53
754c3a96
b1cef0b9
94e50df5
9e2d5c58
816e97eb
21e81a62
762d2d30
a2e3da55
ec8bc6a1
1faa3d4e
5879f8af
8ae94839
de29000e
3b3f5c5a
c63af400
8fedb3fd
0bd3e9b4
aa4f0a06
2af21fa1
49c76f62
2144d397
ddfbaf8c
a9450aa9
0a15fa81
1df58443
02cbed5d
936e2f4d
867325ce
bb9801cb
cf86bf7b
1553baaf
22cb1e2c
60d96bcb
f9a58e7b
4533838e
9d097ccf
e0887567
2ab8acd5
db607bc4
570aa8c8
406691e1
d905e14c
c0a6289a
b3182240
5d5f44e8
0d81df29
faf8677b
34f8f270
7c6a024b
b84cf71a
f35b2ded
4a3e155e
9a27b394
e6f5b27e
47f11e43
e310c7bf
870c13cc
abc7bfb6
da1b646e
64491b85
a00a9b39
9ed5936f
bbb4c353
5808e53c
d147aa0b
a4ddd908
e0660836
0d7bc846
fa157d9f
e1705ecc
bf9cd898
b576913f
8d791077
41835e4c
6313a649
ec8b3924
fe506293
b24d09d2
7d9f4d49
12f2cd12
2145bffa
41ec2047
7970f415
99be9a6c
1494ddb5
6b657ea4
5282037c
4f5ccb4a
1089ea50
95bc6a91
05269a26
1a2413f7
930d449a
485d33f5
2a5f7864
6f20c36d
9ee641ab
8cb25282
1aac4f93
f892a1bc
380b8a2e
6083bfa9
f9a41652
16a31745
fd3a2160
9bd9c08b
dad6dc8f
29a0b9ac
ec31fa26
bddf201c
624d12b2
c37d655f
9500e434
b9423e17
2e948bb7
43a4bc86
52b6c51c
c8b502d6
75112281
79646e01
6022be33
cb7c7de1
dccf8fa1
8a4c9ebc
2af95c51
2f1ce1e8
d716b778
3ecf4704
13da2e73
9498ca59
37a63ab0
eef81bc8
5daccc08
41986dde
c852f22f
54fc7da4
b25a9000
eb06e58d
c15c9496
2a01d351
1d1497e4
72e25210
2ca98640
90508670
934601df
3cc4c441
2dda7a87
33dfd382
fc511df5
22159242
9beed7ec
637d9bc5
d0af2b27
8cb1e982
81bfd902
296b2ded
d603db46
0002f393
906729cb
de901fe4
70f2db12
5981559a
1577ac63
ff8c3fde
768fbf45
ad8ca136
0ce5c183
2e6a86c9
a8c0ab90
0bec5c69
8c46b779
0f9eff8d
dd89c0fa
5748b411
789c2a74
4788473d
a297d1ca
4d790e3d
fb6d9422
74d7ea16
bb38b55c
1fff1135
46e034f9
4f99ac06
3933704a
b0796137
17a62c18
968de44a
6a929848
0aeb1425
659f8252
2f649fb8
2eebffd1
732f1c79
84aef109
0b70758e
bdf75aae
82f48e1f
75db9704
e05987b9
c577322e
456e9557
6f43e815
5a696795
a5e467d8
0af119b7
113a47d4
61dd8db4
dd07d5a1
d1cf2978
a8e65208
364b083b
bec4303d
20b207dc
697f48f8
8c6111c8
65509a64
b5980c2a
37bfd2a4
708dbe71
2f3c47d0
5f049253
649c0a74
5f8deb3d
bfad7348
294b0eea
5a5b3e81
8ceb08c4
538c399d
43418b82
340fa1da
c6a4b9c0
620eb0ce
36f27265
6f63297a
43c1e7dc
98715061
fdd802bf
4c7c1378
0c7dfa51
d5c7fa8a
784357e1
4550a97e
5f976961
e5d917bc
22f0714b
b7f9e3c7
fba986e7
a5d568fd
11935f98
366c37a8
a3b49364
0ad97a88
948561cc
2f234fd2
9dfcbb7e
58fcb8d7
3321dba4
02feae4e
31d7bf75
0116f149
38c86416
bd1d7853
50f53a58
00767167
05043f0a
de42f178
8ddb988e
278eda8b
67275864
09585051
691c4ef8
f8a4edb9
c76c1930
cd0d59b5
a1429fa8
a44b3893
a87e1edf
1f1caaad
c360bea9
420b6a93
c47abadf
f7037aaf
928c0604
5bdd6b62
209b577a
04f27a40
3cf1ac3d
27b71846
5348f939
c1901ece
8b7e42aa
264f44df
144cb515
df24d822
c037fc72
c88dd66e
3a45c68e
d01cbf44
b9778b7e
4b158132
9d4429cb
17d5fb55
bf5eee4a
30647f21
4f801cc1
cf1b436d
49a0aa16
c0aac887
aef6ef1a
11a74490
df92394a
8fdd97f7
994e45a6
6eaf063b
436c00ef
ad41abb7
9ed7f22c
72da0ec5
53545fc4
cd3ac1d2
3519a112
2647d06f
5501970a
9bfc7bba
85ed0e1f
a1f17d08
44577e20
d9f656c9
76c0949e
ee3fb057
1e9ed5ed
4041e87c
d4848dbb
e34a2b62
62e13651
c14dbcc4
ac75f26e
553f5532
4cb0153e
8ce9b495
f5127ca8
ea631c8b
b7b53632
3f1cafeb
f6d2c9fb
52523fad
a1553abe
c65dce5f
8d542314
2fe2566f
c0df1bf8
57a14f28
b6ca714a
e48aea5b
81fb01db
d9c2365b
7e2a223f
77d63e29
b27b8220
85c384df
5e5bd013
af6de5df
69178ab4
90699414
ff83e941
d7da8a94
578173d0
4692aa8d
6ba36eec
c9a357b3
c9f9a539
56818956
92c42ae3
e49064cf
e937e9ab
9452f6ea
9b75a60d
d9362b37
964866ff
c86ebd34
e6ce68d0
515bda7a
68856170
51cb6785
9a40fa18
2574abb9
b079a4b8
19323f2f
8429f8c4
dd158edc
f5092fdb
ceb6d3e2
8d99a967
ae17b29d
50c3e95f
90ebeacb
5bed7e52
70cfcc61
a136b0c0
92ffe1b7
b7efecb3
054c986f
5e675aaf
136ee6f6
39b864ee
919271fc
2a1e5b6a
cf1e11b3
a82693c7
319793e8
beb4b1bd
38e3ba7c
ba2fa8ea
a96b2113
646dd157
16ac90f4
12f8070d
512c6e21
41ec2af5
52effd2c
040f5aa9
041bad84
44c9bf71
17d37aa2
6867dac1
f4c9d89e
34959113
5041fb48
8a31575c
bb8a6111
02af6265
32951794
9c9c2b47
276c301d
8c97d5ea
b37f711f
f6cb4991
60ddebcd
692086ff
46141a00
6fdb6dea
4ea3b7f9
33cdf137
3081af82
ab4c4a7a
6260741b
f0876f2a
b12612fb
1c5023a7
1cbd3915
c8675f9a
5115c450
da69a37f
2ec0bbfc
0e5bc343
b040931a
e653c36b
59e362f4
8202fd6a
6855a41d
461b24b6
73334bf0
53e59c16
ec82a885
8bd8ddcc
9c43aa7c
c88781ba
2eab61a2
117f1d4d
a80e40e6
6244ad0f
0b43e95d
bb663f49
ed6b00ce
23224897
2c232c6f
7c73ffb8
731b313a
b2b30f24
b9ab376f
3791a14c
74bc3290
af273707
71398f64
5a70cece
368ccc5a
4ffca0f9
a79e4c08
adf01be7
7f193881
592fa425
18c10cf0
12bd1bbf
889ec81a
6229ba54
f9010c45
c9b1c021
c706879b
e9486041
4d466ec1
935fdf4e
7e7349b5
fff9a0f7
b7038584
31dfadfd
486d966d
aea92c9d
ec63e900
b9379581
3b759802
86c61b38
f18604e8
127890c5
0c662e55
fc31bae3
a6da55f5
60f4fb27
0d9cf90f
c5175a71
e574c6fd
c8c05d28
afc2afda
bd0bca06
4d266c43
9567ce94
fa1a610e
7144b873
2f1fc196
32802a00
cfc60de0
c13b517d
c9803a17
169513b6
2892b127
a87ba1fc
54cdb41e
ab8ea219
867a021f
0109a163
919ea5d1
e1b04f23
e2df3a29
b6d90464
5cec268e
df8cd890
d741a13f
8fa0210c
fbbd7d4c
d68e3f86
3ea01019
a8c6e748
f1d476bf
9f768efe
9b845cea
133b8826
25d05e19
ec7e4b10
86976a5e
104f69b0
525bf68c
bdc679e9
2d977214
b967ec3e
d8e1c78e
e21e8746
6c3d999d
3ec4955a
219feecd
54823d2e
77d9631d
2ce736c0
8dd5283f
32895696
1328cddb
58e6bad2
782b1c8c
6ce8bb71
0b5270f2
ecce58d4
dd4dacfe
72994a77
2127741c
3b36ea0e
289c7f95
4abf0862
ddd0aadb
d9fe7d5e
dce378f4
cc49804a
7457732a
dc7db853
058a50e8
bd799343
6d272dab
9ad335a2
708679b1
49b0cb49
4be1a785
9d3639ad
1a75212c
744f3e84
e0611e2b
b727e0d9
2ca04da7
87835a8d
76831064
857cde43
c8229239
d6da1e6b
37f1a8e0
5f589b56
ca7dd4af
6de997bb
bcc5deb4
e578fa9d
bf4fd688
f6407ca7
c348e9ed
10d1fc37
c5b6781c
5c0a5586
c1e945bb
c2947394
d03c6907
fe8856a9
7ffc9c67
627141bf
0296171c
cecb13e6
3a47321d
5c9b7fff
5ff44fed
173919c9
b4045ae9
d475cde5
d4e23b21
e34c0ea2
3197822e
fb967a27
ae82898e
09d5fcb7
7e2bb556
18af53d6
a868bd3c
462339bb
039d6f11
619c1dee
a614333e
2e0f83e7
1012971e
1cdfbaa6
9aeae303
17d6e886
920ff145
e8cb8d96
b659246a
c8518d00
c7cfcef8
fc0aeff0
9f635e4a
61e6e7ff
1e327713
4ad7d01b
aa49e651
46f22f10
6115fd98
0a74cbab
f33da74b
bd487081
d8592c8d
44d6bf49
f4c50c16
fdbb3015
ec8264e9
a3fd8826
4dd16a1a
72d15033
42349758
cb2019d7
cb49269a
1cd83bb7
6e741a60
4a35f37c
7f1b2371
75d4d7ab
0b19c75b
4da56ae2
ffd2095e
61cb5262
7b65e381
25a1a16b
2015fc0d
6d166b27
ae29b8de
bf74bca7
34e95237
cb581160
e7face9a
7b13e04e
e45e5ba3
ca6faaf6
d91fd8ae
634b3ccb
9e998ae2
57763d00
8a18d80b
b227e067
8b4fc932
3f5fb0c6
e1a598c5
051f22fb
c946793b
ca425b6b
a4c0047c
2db51d3b
4c557c72
98b2fe7f
28d2c5e1
7db56716
fbae381d
a91d4f2b
1ffdc5b7
4e25b452
ed5e88a5
b50ce680
1242bfae
f35cf3d5
c9eacd86
9b12f0cb
6475bb8e
b386538c
470a0197
e024a36b
fd76d0af
cb0740de
408ebb50
6b7ae4e2
cb315d31
f276a23a
e00fd562
4ed09e53
fe40cb1e
034c696f
425805bf
1f175dc8
616ad47f
4740182d
ccf6dbef
e6ed356a
484afc0a
eebd4a0f
b86db7d1
dc6583da
efc04f75
23fd1022
bedb0b1e
28ac3c82
48b9489c
54f5f169
b1cc24a5
9e4b5f29
406eba3e
720f04ea
c0d3b9c3
4a9bc4f6
72a6a374
7fc67210
81017092
4d7f847b
03e7eae3
29c5427e
b0d295db
af59190f
036f5953
e0ece351
ec595f52
31dcedeb
205aa0bb
fdf2a93d
b27ef7b7
fd8c1f93
b1b6552c
196efc05
1b29d132
00ffb715
35b0ef7b
23acf1d4
0f53ccff
af4ee4b9
08e657f5
810a49d9
ce10b5e1
cd33cf57
2ff7d25b
6227c825
ff479334
a903a124
79ceb957
7265ca85
ad94ecff
31698bba
03c7bd15
78c983c7
5e99b47f
6ada6ef4
c79b53b6
10556d40
025b447e
30429394
2434730c
e0e162e6
5b0553b8
df374b21
fc3d7108
119758c6
ab7355a1
f925bd02
9e3e9240
c2a03b1b
7da406ba
53143863
571e7f8f
8515acf8
21dc231d
1245e982
41ca3938
db4a738e
3244db73
8c771326
ac6f61cf
4a829d64
3cec2f93
9adc709c
8d30a59b
a9f2a21a
4b820482
695a606b
8fb54ac0
fb466f76
e3be3062
93fe35db
fdea9059
53dd1289
c00503af
6e6aa177
72cfd6f5
8a376d5d
94032cf3
c23bb39d
3d417e99
40d8add0
f9326b41
3f183cec
2831b56e
cd133e20
f03a022b
bf987894
a1debaf1
a6949791
b8b319e2
aa69b085
13528999
0e509d89
a1d7dc59
11c6ff97
08bb692d
d64187a2
30032bf8
fafc2986
86561a60
e65d254d
1c6022d7
1f63178a
cfdf4123
d89d691e
c26cebe1
bd0c6949
348f7a3b
a2c68c3f
1b6be67f
9322800d
a74b721c
e81a4598
b58bac4c
c04bc5ed
a6310b56
6c2a979b
e5e4f617
1fe35b04
e4ffc9e5
a5af8784
feba884b
59c44dd2
dfb2d84d
13dc7810
0718f99f
1d49a4ca
13cef462
65188aa3
fdd6c025
9f9c2b4c
444160f6
63ad0ff9
881b94d0
aabcdb90
0816ad97
69204be5
6bc7a2ab
6dc32122
350bdff1
904ec9eb
67022712
5feeaaa2
ddef501f
ca79d6c9
e4b15db9
2fc55d7a
0921b6af
c17d63f5
cd7d5bf4
a67ef655
6e392bef
23d927ed
e3b40b9f
3a3c857c
f8f95695
97586f80
cfac7854
547dd8e7
0348a5b7
e8378748
030fefc7
2019673c
9322c923
8adf4820
18b4406d
878cae11
5b9e61f6
63bdaee6
1a41bf16
99ce5127
2eb98292
c3927107
3be82c1e
f315964b
7a460205
fad91fc6
fd17d996
c2864a04
731f3307
3a8caeb8
4424dbb5
3510979c
db8389cd
fdf5ee90
44de1ee3
67459122
7956c9d2
adf7e564
7a32f4e9
b157117e
3c67e082
ce8fd799
bbe15947
89f7d543
18ae116c
8afc798d
bc76b60b
3c4b8950
e15453e0
0e24a8f4
fc76c849
8a80a436
5ec34d95
d94f338d
d8ef0e52
1d8f0ac0
6639e1cb
1a1535ab
28a1749b
c070e7c2
4d91f946
2599035a
bbba75c3
554f8702
105d2f75
03c9602c
d6520e8a
67e3ac2b
5ebe6618
ddd8cbe6
50295f34
0233b8b3
d199a601
4e67610d
ea9495ee
7d0456ba
0dbec733
7e417e7f
605861b8
e185a66f
fc45f5ab
1ce62eb3
ff34674b
087aea05
f2767398
bca8deda
490a6103
a06a7156
265808b6
ce95b931
4fc718e8
37939e25
ceb49dce
fca31a48
62a0e21d
a28cd0ec
2ab8d824
06345fba
35a8723b
460ef64c
80207fcf
74e2dc43
c23fd536
2bb8263a
c0914125
fe073a9f
33ce1095
ca45c71b
26755748
1f1e31c6
fdf537f5
3a7cf470
3aa66729
3e24bd08
9938d08a
e613f2de
9147a1ba
cb6ab342
3d5505a3
21c44133
95accd82
8f8dfa0c
29402f2a
b80a5678
aa60cc5a
ce91604f
b186d163
1efa1276
ca2b79ac
06cbcf43
9b518a92
ea706df3
1e01bc94
1bf623fd
2eb46b19
d93444b2
65e7a003
ad1696f0
86dd8b94
c24d1823
48605867
2effa3f1
8abc3891
b86dd686
551fecd8
b813abda
607920ae
c9f49198
2330331b
8f3b77f2
d96da510
d43ded17
5a7802d8
1e46d6e9
57e90024
8a5ac192
9f75fc66
3fdcaf5a
ecc0f261
a319cfc7
c6cd3457
68bb6af4
b958e8c6
2c4f2626
d9fbce03
a7443dde
3f025981
f27a3098
39443f2c
6a9deffc
3b228ded
397c0ce2
a4e202d2
73be214e
4560ea25
5ca8a0d7
5efef54e
8ab9d9c5
81a501a5
13a79ccd
e7f7d692
b9969800
3843042b
400f4148
ace4be3b
5f5bb6ea
195aa709
facf9b54
3d06ef46
fd25b911
0af03e52
aa75612f
cc40c2e7
579555c9
58ad60bf
63e5a6a2
31002a7a
bda17bfd
c90cc0d2
73c3a379
f23c954f
723de5a5
1fad7ec1
bed5d99b
b931d668
fc6e6556
28531bb4
2f927ae6
791fdaa1
cb3ccb04
19d0276a
ba905774
bfaf662b
3e2fdc5e
712baf0c
9d8f8049
dd5447ca
e0088e9c
cab5b851
ca4b774e
30fe46ff
fc1a870f
339d1f32
9f19f6ef
994c87ad
3e9d4d51
71d3ff8a
ca75abfb
9e547bbe
3555d6cf
7e025029
b4ea2f6a
d1e5eac9
fb236e77
4b556521
19d7edf9
697f466d
b7e67034
45f95444
814d9c7c
6a82a6bd
f4f62b77
0282a4db
95241537
e7dd2036
38a3fabb
b9639161
a2b54c06
6d84ba1c
a22fa89f
b0b00321
aa5b122b
cbdcd2a4
60873660
4f25dde5
67b9f289
64f731dd
db56c7db
761967ad
0771b1bb
199fea18
7f4f96b6
3ebb1f3a
f6d24314
68a315cc
494888e1
52c41dab
ff53b773
be0fe60d
1b028a2a
02ba0e29
2c9efd56
95bcdd4c
ccbe1286
d3346bd1
9782fa36
d04f94d4
7875b27e
0978b903
d54213cf
704cb212
27dea3b5
86a73641
6d8be8b6
03393ff8
bc039efb
344fbbb5
a4163f09
1d12f0b2
2396b730
5b697c88
ebf09874
e732e56b
c864cc24
6decfe54
b6e6efa7
09557fee
73b57bfa
4580e67f
70aa71d8
ecbcbc90
1efea1e7
9286b446
c5c49e61
971a39c5
d47ccb54
efdbd63f
3693ea91
33fc0151
c9196ffa
782deca9
72ad60d5
08425e4e
32fc4eeb
df0f1c1b
ad0029fd
afc461a2
5df63b1a
c833fc50
408d560c
a3d8c66a
d9aea7e0
a7068869
b779feec
9c236d7e
c01662b8
846df798
6943b037
f7eead35
6b4b9e31
093bfc97
a38ddfa3
174fc07f
074aac3f
0b61ce79
677012ee
c091ef78
52aca927
368d7683
93f60f0d
10e746c6
ffc0a1f9
940174c6
e9a4d8ca
25099314
fa080c81
889278ed
3678de6a
9b049eb0
1281c1f9
7d606066
5cff82d0
381f44c2
c06afca1
602cf89e
18d7a721
6a4dd638
c1dd71dd
933a23ee
3fb681ed
1ee19328
bc14282a
1b3fe0e2
0359bd13
ab832aae
14073565
a7d66a30
389bb078
9c067172
172b14a6
c2422159
4b410fcd
3dabc8b1
d304970f
7d4fa85d
80cdc39f
2f79c7c0
e7b84c00
293f589c
87bb88ca
22f4c0fb
e7944c4e
adaad340
0f97bc81
f8fbf0c2
5a9d85d3
aed588c0
e67d63e6
0a315a26
0fc4d91c
08057e8f
5d4d61c5
dfc2969f
2f3732f7
e45f7e23
78f8662e
f38e1a30
29c848d4
3a89cf1d
6e27bba8
b30c1721
0cedd575
7e26e4d4
f53a84ca
11d1557b
54bb3044
64c68abd
07bf7ed5
e4d0f607
b81d0aef
315c2faf
219b2a9b
ddc5771f
17f37f0c
7a4aa3a5
e9fc83fa
49fc185b
9414b920
6527afb8
8acc1dd0
27b5340b
a7b686b1
9b733d21
663b0a0a
e8337f57
7ce24bdb
86bf13f7
fcf9f377
907935bc
6f1335bb
3d2e7c49
a643865a
079d0ede
6e95225d
91020172
f4a91564
16ba32a6
4d3580f1
585012e4
1b9b43a2
0e0870f5
02cccf3e
fe4317cb
0bfd0b56
f8645dbd
09ab4ed4
6e4e236c
ee5d39dd
65b110ae
b33a9cfc
f408f96e
8f8cd37c
a988682d
353ed70b
1427dc64
1ace5d91
fefeb0cf
340fd33c
036eb508
6c34220f
e6c37095
92e30b5d
829281b9
861cd58b
891ac07d
f3b41617
5faf1b2c
25926c69
6bf074a6
c9f44494
6dba60c7
15f092d6
f2e07163
65418fa5
c215ba1f
df9a7634
bacb6dda
39788a22
2fa719bc
5e8f0174
6a9a1aa4
101f4623
e3b0138e
d9f5ceae
6427e97e
b804daba
4922e973
959cedd5
0cef7106
bb37cc41
15466ede
cb259090
5fc22d6b
57874bdc
616e00e2
8f301b3b
06b09f10
bf002299
d138b930
05c59ddf
79bafae0
fa3bdbf3
a9fa9171
814d5ffb
7cf77ee2
f6459997
eb9c3eac
e5789988
3f75b72c
bb9e0f64
3424f9fd
c87a8270
9ead032a
e7c3d58e
33393dd7
84f92556
aa251a9f
27a93aa4
1f4ae19a
2c4984e6
867c1b0c
a6aea9c2
014cd129
f65e2f3d
448b4ac1
97bcf928
1ba651e4
e2cd9c09
78de014f
a6001bb4
0bafe8ef
20fc0576
aa003ebf
172682d4
28f04c2a
0fd68e90
1e98d3d2
98b0a5c3
0d18fb27
5dfe5139
6cfe6075
bee291ad
763fbf06
ba38c2c9
ee57ccd9
ee5000df
273968ba
4feb980d
a1aee978
ecbb3038
dd32d9a6
46cd0e05
06b66de3
aa4764a6
9ca37e2f
9fba141c
7a06aa80
4589584b
be81ee6b
ead5366d
cf0ebc41
08549042
d1cf30ec
cd87cba5
aa9d4a5c
790fbd57
5a065aa5
bb04f38c
8bd947f6
c7dd1ac5
f4349867
8031349b
72e2fe8a
8b46aa73
9f144b97
dab2b424
0af835df
8439ac3e
8678a8c1
ff78ef51
b0c57d18
f3a827cb
1d76b003
a5a002b8
1b1d5823
b33565cf
ee1dcb29
b860d235
e6e247e6
6dc4cdc9
7bcf6917
4b558e41
a927b2ef
b035d712
5025dd59
9a5f9b5e
4fb99744
d774146c
eace6c90
ccd398fe
464ce418
833ea69f
aa40c049
fb7e94cd
150327fe
4e673f00
996a13a3
b8dddbac
76a31578
958ff0be
1898ab32
b223546d
cd7d9f7a
accee653
70937471
ddb6349f
7f9ef8ad
b1ea15e8
99bae423
62e2313c
bc71c89e
292b0fcf
528bbf66
898ad775
bfe7c627
a343b376
708e25e0
327d80d9
cebadcaa
30d5119d
ce39e52e
a117d060
3864404d
bddab71b
8c0df267
7a6063a7
b483ad0d
e56fde1c
cb26780a
80c07939
7304c78a
954bbc70
ba7c6f52
c550a7b9
e55a022a
06fd0405
69c3105b
72c6c25f
fb239439
bd3aed8b
f1f4440e
57c2ae34
4281c9f6
0c59b109
75690a95
d34b9188
8e22e795
88d5f15d
e9370e62
179209ff
83159789
0d71401b
8b3466e2
faec87d6
28d8297d
93046f46
c378a630
2067700f
02b810bc
155d8d8b
397b405d
7f69d445
f9cb8015
b0e5fad1
f8447cce
8c6d6320
212717a4
b9ad3fed
d4428865
2c833282
10b9aa8b
98f3d79f
a208957f
a44288ac
5fb932e7
45582cb5
591b3692
c6e447b6
8c46b75f
0f023b29
4480dc5a
be7dc83f
e83f5bc2
6ba45641
ccecd817
aa2c6fe0
dddffd08
6da36ad7
1fc8dfcb
820607b3
1cf89fab
eeb2fd8d
9163a48c
5bb898d5
5ce18c04
c1466c34
94dda0d4
38212657
8192cc62
dbc2edcd
491ad0f0
739ff732
2247c04e
9383c049
9ad8240c
55648f20
549d4160
6a96d838
83a19ef0
bf871f2f
d038f2de
0209e80f
de0ae6eb
d82f3780
e53a350f
d0eb1c82
dc1ba2df
a042c91f
d54be04f
8108c92e
9d85e238
199ca9f9
18da3aa8
ae6db88f
36f6d211
7a240d2b
8ba30d8b
a85108c2
a06880a6
bfff0b98
8f08bf1e
858d5e0b
e7c90c8d
0d413b81
6c10ddb9
835f0b2a
25753cd7
df1c29a0
1f289234
a0ac84e3
362f639b
91d1b815
7cba24fc
3c92a52e
6edd7795
c5d947c2
490f5b12
efc40ea4
ac078c2c
edc67f4d
67d6051a
49d7c2a0
81f0d641
fc2fc07d
802c2fcd
bf6429c7
71c649c9
a7198376
7996116d
ccc67ab0
719f1478
f11be3f0
21d10d02
0e58ea7a
71e3ddd1
4166e75d
2c2c3afb
c512e702
a7af949b
f2a71ea5
3f05759c
a76115a7
3f635eed
c36442f2
2c7eca8f
50c55318
ae63e72b
825b2368
20fc5e13
ccf31a0c
59eb7775
d7bc5217
e22d01e8
00143ce0
76879ba4
3b9872fd
8d3ecbde
dce11e7c
1af2dc8b
6d101b7a
a192e4e5
5cc97622
33aceba4
75dfa5c8
adba4a1b
7bd25487
191728e6
7d794a83
d1091277
9bb6f154
f61620da
73a2425c
46d22aa8
7362460b
4fc4409a
3d3b0d51
ceb16039
b4701d22
4d54dfc8
031b275e
99ea4066
ed3bfa35
dddf726b
41d37fe2
ebca3655
0d18da75
dc985a9e
2eb5de1b
3ba860a0
c03314be
f634386c
56099ef0
df222f7b
c36d41bd
00005610
52883d51
f164cfc0
7b038a4e
4303a20b
df19ecea
b21f68a8
be42a28d
a87d8704
0b3c620a
68d15734
04c933cf
74a89077
b26e27a4
a5c901c9
3bfc0511
d0916f7e
52a4e9e1
3c8d6b8d
ae6ced13
4a1c0a74
a10f147d
3392221d
8de68755
fc8d33b3
0594a70e
bfd0d934
3a3762af
1a3fda5e
cff93664
cf8d9d3e
f966064b
0c40291c
2516180d
24eeabc6
c35472ad
ed3f718d
62d4d14a
e7404bb4
28e1294f
b4d13acb
e28a72ef
362f5404
4958f033
bc89c81c
34cb51f9
807f8ee3
45d91072
9d3b10b9
1aa5aacf
507fbb11
44a4db7f
26a1c7da
d50b9617
5eed9b93
5e6e26dc
cc089b46
3366aa36
22233de6
f6643a09
558171fb
0c7ba8a4
548d9673
2e332f12
31f815ba
5aa6cfbd
e974ecb5
e8acae44
d1e60e36
143802e6
98fdd254
745f22ef
9053d72e
bc7a2cd5
c5fef485
76a57f72
f0212937
75f3d534
e5ff015e
bf4cb534
14ae19e1
25d81728
c09d9276
28be08ff
dd9219cf
4bdd65da
0bac9b49
807b124b
a4726912
c35beafa
7e9a4af8
cf6f725a
05a07bc8
51f6aa24
12ff67dd
3e93a33f
1478aee5
3525c8d7
0bd2b7c8
f858b2fd
2eebda3e
e02a2de8
17789b43
860fd02b
fd5b4bee
10fefe5d
29920127
5f6c6a7c
9653eecd
9acd5a08
00041b0e
efd6cd3c
f85b9684
dbe12be1
2d33e14f
725f1182
9d8c2f15
15bee762
e30abaab
3faf9004
7841acb3
f72aa158
c33febd8
f6da6bba
ce03bbec
96b28d33
25855999
5871e682
f0930e92
b961c072
ac97d865
a4f126a8
84a8b1fa
c060ae91
63ee6d48
66a0770b
6065464b
dd2401bd
ff6269b4
f8c2a35e
398f944a
abd088e9
e373446f
f422d390
644013b8
a0d334c3
0f2dcb26
7f635042
b8084417
a1d57612
edf102b9
796ec92a
a930f8ef
73853cd9
57d0ac16
081beadf
dd463f9f
4c0f8a65
152dec44
bc023ad6
9048683a
34a3b53d
0282b3df
cbd64dc3
4fabb274
0540fe46
4b8e5342
bd2c2591
0a5d329e
2dda37b9
0e8967cf
6c624817
8977ee47
e359b718
62e16565
87f1aa23
e407fc59
6a16e27f
7d727333
51955d99
bee611ca
e7329b05
3e1e44ac
27fc42c9
5b03967b
1050b13d
c89552c6
3b79d7a0
30373ba6
3f3190e7
a883b851
2eb70535
0c29859d
afdd41d0
fb0f0643
632a1fa0
3b1ff62f
7e94ec82
839f7d00
ebd628ff
f7f22cfb
ffcfac6d
420320cc
e54ccbe1
fa2a6ad9
59533d41
e19b45bc
acbca46a
3e0ef632
f9d00c96
f014a657
ff10f338
cf87f3e3
0e8ae8de
21b123d6
bcb7c753
cfed2add
3c614f46
a4b935c2
c227ac82
c1491c79
ba0fee5a
bf553ab8
1844e199
0a87f7e2
7b02763f
8d74177d
fceda6b0
4f4bd70d
80e7d6d8
3da19306
f7ebc826
5306a571
72b01205
6ee1c5dd
9d1390f0
0eb109b6
df7c10d5
f1b552a6
27d65596
41f887a4
7089cb62
75505d90
a2ae3ec1
cbb3a33a
454326d0
12bff59c
6d8c70da
917f6331
de36ca1d
e9d85d47
ac69439f
0746d3d2
7aa354cc
176146f1
c8505cee
ba725c08
cf97bad1
217d5057
e589486c
5c116bee
5cfef858
fd428de2
332de83d
4b6bea28
f3f0d6df
cc430b0a
0961aefb
ab64c424
4febe754
532ea454
73289746
59cc9366
bfa6e076
16aa25e2
10dfd1c9
b63613fa
fd64521e
93d2982d
da3c5086
55bbaa90
3ddee664
c350cb4d
9d19cc71
3660797a
10ab9e7d
0fe5f62f
9529995f
6647619e
c4e87024
977e3f12
4316bcdc
0523a5da
42837fd6
824c842a
4bf0648e
ab5160fe
6e928879
cc2b4157
243f99b7
362b5453
c8825a63
fa010b04
b75d3034
3a2cabb9
44205e94
b1add4cd
6dba5bb7
ff59b2f1
e9f93832
111cf6ed
77e330ad
2f259296
3394998d
b408523f
77b24e18
f05b7520
411871bf
aad97328
133a1fb6
49520dd0
15e93d24
7bf92442
b15834ba
4e2ac4fd
c0189b47
bd724d1f
6eeb3997
32e2721b
e884a52b
f81e9c5b
5928dbb1
0985895e
ad6cb429
46d8b27d
42707cf6
f03dda21
24422c3d
5972273f
af2cf755
090fb976
3a01caa6
69f46a8c
7016831e
aed777a4
44592115
6f0d9428
6c97a76c
97370171
943a455d
4ea0e9b5
215a6fbe
f91ea4e8
9df5f709
418c16e3
a952fe2b
246b4960
e5aa97a3
5c8b2d8c
1e6c9331
0d5453b4
63709485
4de182d5
cad89d08
f647c734
da894ce4
91a318ae
a4629f55
0680d6b1
9689ebda
d5ad3a43
2e490511
d38f6ee4
f42dc86d
e929915d
bb49c75c
f7e2d72d
0de3146e
82b298f9
e417d5cf
cb696998
2d194c15
97e62558
3aec933e
b9ebe81b
59f5a78f
4d8210ad
fd615ba6
14abe52c
69c4744b
0ee19a4d
88acb7b9
d5288a14
49276c01
3044d412
f21eef51
d16fcdcb
32018da0
7504033a
590408eb
db399807
ef188f7b
20059000
d2bef942
bf414ea9
44109983
b33a9073
c7a49dc9
d7af6f27
7339d242
674769ba
c47dfcc2
0755a730
c5cc23c9
77114173
b8ded36c
34df2495
d9f07ad3
03e44146
f25450a0
704dfc80
346ef6ae
bdd33d93
964724c3
2930c82c
369f56f6
547ee216
8fb0a708
f16cbea0
b1a9327c
6b39c86f
14b42fd5
b8962932
cbbaaaaa
431b1e7d
3a416cf7
ec2f6418
1520ed8e
1ab41106
8a0734cc
ff4ed2e3
8746ad2a
0e9b4f3b
88ff8c25
56190398
bb2d2d0d
cf1ccb2b
994982f7
8bf1f9fc
2d0a50fb
85b56d51
2bf4729e
115be9ed
e0a9841e
d56fad6b
38997c4a
f516cf82
b035a7d1
9d3f3376
1168151e
6ab0439b
3aa14dba
71d68211
930aa9bb
0188fe05
d7427501
a5a127f0
aab38cbf
bfa4248d
5d86bbf7
d5fbcfeb
2cd9c4e8
9cdd178a
fba55b1c
48189c9f
2ae17a1a
b1e521ab
afd92323
fc1dd95d
a1fd0206
360599d8
22e5b3a7
06b2240f
044f47d6
7a0bc00c
43426029
e7afb6ca
3fa93051
2dc08c80
b642c7a8
3841ae93
bfeac31a
16b7eb1e
915f8074
4b772b5c
6d837612
6b67c1f2
f860c39e
e27d0177
082bcb9e
5a5e5572
8efbfc4a
df2a5a93
1b76654f
2c223aa0
05b7ec7b
ff26fc87
3677975c
5712d752
b2eaa46e
2a85fcfd
3658d870
878f15bb
c230a3c7
1f4d3483
827c05cd
5a71314f
f7450303
b38c5ab1
2396bd5c
7395af02
08c40b38
bdcab2c9
99ef0700
58e84b67
6114f705
0171371f
d5ca5e16
5f12f352
2e6ece2e
02c5ca9b
c9481d50
96ad7c01
1c855277
6fb6cb52
6d46d7bc
419080e4
60092c62
f52c9aa0
a96d9a1c
5fecf66b
e51f299b
05a5782d
feb122dd
87b71aa8
f8a733f9
c5db8e35
37b3f35b
72ce4157
e67b7885
a4181a30
4c977a7f
d8c1b9f3
100a6f8c
e283ef51
72599c45
7bf2890d
70b4b0e4
33a035b0
97d3c85b
35c339d7
0dc7e5cb
dea153f4
6f2a9afb
b2c97ce1
37f75b2b
4ed8f922
6e6eaa5c
df8b8e0e
67093c4b
508ffd6b
4b7b95ba
0055e2dc
3dc9a7bb
2ee6a7a4
b8590f0d
aea499f1
8ece40bc
9de599d0
f52e595f
feb16dfd
b2da2b3a
001f0c64
d3ec690d
87712b0b
e0135a63
e0b0864c
ff56b070
024c3f5c
31584c6f
2263b0a5
da90695e
20c392e3
0164ae2c
008debfc
03b495a5
b10fd985
0dd4cfda
11d77c6d
350ecb40
60b11313
18b91d3a
58d65615
d0835cff
d880cf51
ec3b7364
c8a1fbaf
0d5868e5
08ddd027
e9f4402b
5fd30ab3
ee2bcbd1
7d65af59
d95388de
a14b83ba
f6a9cfa4
24f8294a
1bfe4de2
9a0efca3
f6cd73ae
4fab61b2
503b3ffc
cf5027de
bedbc36b
106ec630
ddbceee4
4c699454
a2864f85
05ad9dfe
7452d817
c555d85f
b59ee970
7eab7828
24606f1f
19f0e01e
bb977e07
dea131ac
ea0d7126
c11bf572
4908bfa8
814f8a16
71a33010
e38643c0
543491df
07ed49d8
7415c8d3
6cf604d4
21f68ea2
f47460d3
75a9a064
75051676
2ebc0ff3
47053212
c9a75491
4599c46b
df87c6c1
cca158ae
112985f4
1375b2df
00ee0948
f92a5ccb
e4dfd7d2
da9680c0
5b5e3567
23a1e85e
cbeec66b
775650ba
15688d5a
9cba285b
ef95b4e3
7836f487
726ebd54
1d499976
e28e86e5
7815c64c
db58e262
258cfce8
f8259de0
38aebdac
0c720e01
fbf313d8
a883bc9c
3d1a3194
1e390c00
c89b685c
1787e814
ba26b796
f65c7e7c
4beb9415
144c3c81
e856f88f
dfa766ac
5d2d1db5
2de39df8
95cae816
d1c1c232
d97928d1
700daae0
6f68c148
9f7ea7e8
3bf3c709
214a1680
10deceed
e96247ec
926d7343
bca4a561
291abdc5
aae67014
f87c8ea6
5ca73432
fe040d62
8aa62476
8b30af22
4440a948
7c59be7c
39556d57
0b072228
0708e4a9
6824e587
661b866d
cc138dc6
08c97173
fa074200
5aae2f43
77861ce0
37529b4d
e35a2350
413e69c8
0ce2d6ab
90c42bb0
a3f60c49
2d9cb3b6
c6afe623
7718f9d6
6c63b527
422c50c4
cea22f1e
e374fd7e
e7bb6173
f93dd399
2a9495fe
bd4a348b
80be05a6
415651c3
e6a0faf4
c63ec76b
c4a6a842
2472f235
3cb98acf
b1edebdf
9e57bf14
5f14720e
fbee8e24
6f697d11
59a4d3f4
b89c7139
e1d206e4
80d41a03
711b02e9
3983630a
e9a3369b
61723543
dc92936e
511d9631
98a33c5c
1a30bac8
a05e33fc
a2119d6c
a636e3f2
335b4416
20ec96ba
f54a7b47
fe7a0c96
42faff22
bec8840d
67671609
3168ef9a
bfec8337
dec4eab2
31c3e41b
e554f5db
061aadac
264f8b1b
32bc912d
b3b54d41
59b169af
e412ce4d
06bd24a0
e707c334
f348dc04
f1cd2460
fd60d6c0
10ac069c
9f861ac3
c714c12c
b91cb834
ed5fc819
9fc0a4d7
e01a2e3a
1e7aa654
1cb0628c
0cdcb57c
d41c70e5
1a1f4145
b4c4939e
f05f5865
712d4c4c
cc30a3de
d12af09b
680337e7
d105c398
47a81343
fdca65c3
9f39f23a
8ea2b225
c429b496
a5dab4ab
9aba0c8c
be57c239
8408e711
85bbe7e4
d1a473a7
a5c735af
2d2c76d6
dd2a028d
32066a30
1742a790
35a04f48
b5637cec
852ca3f3
3b0ba01a
ae10345e
bbefa273
bb9d51c3
25021b31
aae50863
76c4df77
486375a2
fc33ffe9
fa1d5fce
6d7250bc
cbdda2ce
8f0ffc8c
6356dca3
a09ef882
8e5e6fe5
37ff28b4
8fd1f9c0
addd9734
f8580d89
c4c37edd
c809e171
70d0d722
2ca0e538
30f85a5b
4dd7d7c2
52d646f5
db1dd5d1
555f6542
87184e99
57ae167c
395a454c
4f8c4b15
1b3f8422
9ccd8e1f
8cc16b98
97f55361
8eb4d80d
a31b2837
05a8cc19
9957a38c
c9e4b6ff
b8545522
6cf1871a
de4fcb73
c316a483
e75f2740
7553f5fb
767e91ad
2d271288
21b8d353
418779fa
79b5ba66
11dabe5a
842a7712
93c21cb6
dac2271c
5a1ce98c
228c495a
df4ccda9
99c01475
f291c392
969f3a83
48232ee4
9208bb7b
2994a0c8
0c323fce
32b09f4b
0a641307
889257a5
8eb44456
c1ee6e69
884a4778
d401c26a
65d27dcc
6716f7d9
845ceecf
292543ad
ab44c3a5
553f3d9d
e3145fbb
7482728a
60b6d383
e21b32e0
0ca968a3
161e17dd
485e684f
2fae9664
512f7275
53503565
ea6b4cfb
fd79cd21
5f6c66af
a4840113
b0681b40
d3081ac0
da5e2fe8
ebc72719
eba411eb
5ab1e1c7
b7af62e3
2596cc5a
7fa3b8d4
1f9ead88
8fd6db7f
c39b3543
0353fc9a
e4d0ddba
139ba329
9828aa16
202fb8c3
31c1d858
53917a9d
e49e7b7c
55cc3e04
93963742
fab5e25d
99324562
e253d80d
b314a024
c516462c
b7abd865
5844d8f6
a815523b
48145152
85f079ed
d37e0deb
4aaff5ca
36cb17e1
d2d4a2ba
96fbfe9b
cc35abef
50469e2b
f3f442aa
0f86d03a
65bea5ba
903e1afe
3f5f9a8e
4dc9ada9
77ea8377
d70a6615
e2d9f5d1
5014c7e0
d5fcd114
b410a99b
8550b84a
d96f9da6
71b251ab
4b62a168
f6ba772f
b3a6ab00
be159403
9e2bbb69
c19b168a
ca0ae2cf
5c3a7526
41493149
8b647dd9
9f34a976
4957e31b
13afe9a1
3dec636c
81b6ce2c
561f20b5
f332ef91
76d386d1
c73d1f75
fea22e9c
d54f97a4
d0db8b59
97af8ba1
bda8814c
1daba60c
44284599
dff33954
a3e54238
7feabac9
3ec25c90
df5ca138
240b1425
977d7b22
3b3dc2ee
ef68289e
a50829c3
a63322bb
8ee052a9
12132e93
8fefdb13
e53dabf5
58275954
d2bd9a92
5c12a6c5
118a56a0
30911aef
6a529229
3ae26a62
826c2715
d75e0e12
c514eedc
412715db
d018a6b5
5d02fe92
58c740ba
aadb4292
93a51916
207febf5
7d258bd5
47b6f2ba
a5de370a
04d79435
3c78acbd
140c110a
538e599c
8f0f2d82
3d54437d
124c85e0
dce85798
157cae35
97f38368
1440e447
11c80443
394df083
6ce7b68d
dcfd2956
432d621d
02b800ea
560d76b8
e39b5075
bb23235f
365d339b
95ed6a0c
2d323d1a
38b84212
2fb9578f
ac5e104b
a4bfab60
6ba3f2a9
ab2dd212
3c9cce05
0edba9cb
07bc737a
b3bd85f3
637f6a32
4914c8ee
d1257daa
ac905ea2
4fcded00
bfdf12f6
edbe7af6
7ef5db46
76324888
db49b439
5412b91e
651e6846
aac975ed
0ae66d37
2f5d3c77
92a09bde
bab87d53
175abc9a
59f2433e
2324f574
0ccf5d91
08dccbcf
a50900bd
26c2a472
3bd777d4
709e3502
71fbedbd
85c538fb
79937b56
c9cfb56a
d33fb1bb
8410a4df
81ea9fda
90276c92
cb175b48
2fb72597
abb1a2b5
630ee586
48713179
a59aec96
f90242d2
9a5315be
e471904c
19771570
80f47b1c
fd686637
c47122e0
e5870c36
843808f6
21f7c6c5
fcce4012
ad4f54f4
bdef149c
b0ebdf62
abf8a6c1
5b3bf371
8fedfabb
27eade26
f9ea2611
18234825
55ddc676
4f7d6f1f
b1413450
6ea48915
0f4c8c16
470e6d51
de250863
9a03a917
0b06ee67
0f86c542
32f33475
dbca772b
30c4ea3c
1de4a35d
b867b4da
9166a724
f5c2b945
ffa34e30
5ac5a542
23dfdcf4
d0672a54
909ba882
54f8d2a7
9b2eabd1
84c1339b
f4f25a82
4beaef33
d79c0295
ae1fa732
05c0838e
a3986396
52b47803
6b3aadf9
ee37c5db
c7197d3d
ff6b8522
763fda65
2314a75c
4810e8c3
f41ceaa7
404ffe63
4ffbf5e2
19b20561
7adf342e
170dfa63
a0780623
b73af9dd
e824967d
278a6a08
33a0b2cd
9ad90611
f974189c
3693104f
c7c19a42
65bda0c6
e5040a94
ee81af5f
b62e7faa
42bb6ba7
d63c1440
c233fd5a
0e849156
096dff21
67b908c5
9290f935
3b75e22e
613c5776
918eb17f
b38f274f
bbbb737c
6f47ab56
df89ee40
aa727360
67de2c8f
ebbc28a8
bb8ae07c
1727647e
8eb3ecea
96f47add
2c55174a
593e1294
f6f73b62
22f5064f
c5a84d71
4cc76532
ac4fd542
8a107811
27514998
c22b9b89
9a0687a4
14b6797d
a8af2291
d359b90f
6b7d4d53
983ecb38
6a649914
d18ad357
f7eea247
576c2114
ba97ded3
68fe50d5
fe709547
77d8664b
193643a3
f90b2b42
10078b13
cdd6ef81
14fe35d2
9ac782f0
39af403c
e4bdb5e8
121301e8
37e9271f
72531dda
2ce2f0ee
2d1e3bb1
a765be25
0483d8d5
8cb1a439
beeddc62
a9524492
d9cefa32
d79f97b6
8841e542
29d619f6
b7fd3cc2
1ccbeaf0
532e9d7a
90b23a7a
285f2104
4387205b
560e603d
db382a19
1117c1a4
cd459395
99d68dce
458256d9
e4775fd5
fe32fa73
8ee5936d
ad8d8809
8d186faf
9d5434f9
62a83a9c
da8a8441
ca5ec940
7daedf9b
6de07a15
36ff83c4
166b7067
749226d4
395f60f0
7d604050
d8252645
e15abe53
6480267b
69a1bddc
9d5848f1
1c827892
21923a1a
bcf86732
b3d1989d
988d677c
b83d54ed
46bf4a1d
506b0183
3b344c6e
e5837372
f643a604
d2ef8fe5
4174f3ec
3e2a9168
ecf34a0b
33ff7292
6806d4c4
e15fbceb
ce9826ca
82617eaa
1b396670
c918cceb
c03d5189
2b84d56f
9404d29b
c4a103b0
7e394abb
baae208c
a94c65b3
9ab8fe8e
2846fb7a
1211dd2e
1f353774
82a698b9
67839c41
957d7ec4
6e199156
da5c96af
59a30f8b
321c07e2
eee3ccd2
78412aae
ff8c40a4
84879668
bf1f04ed
afd3eeac
92c6f24f
dd69b508
92d0dd6c
a6de2392
37260a44
3bb0df13
2a07487a
a205563e
1090d9bf
7f40b1ec
46ddaf12
94cd472d
b937de19
1c6f3303
bbeaee84
2179aeb9
817e192e
0924f863
5332bd97
948ba537
e58b9101
62d4a054
2d153c5b
d95d3b94
bbdf14e3
71285002
1e2d9f56
15263f15
8a5a3897
645f7853
e1fee2d9
891e5d6b
14d09a72
f445ee1d
794b311e
f2772bea
f6466d8f
45059ef4
2db7d6b9
3b733c29
c2307812
6b798feb
0a1c9789
8552841f
6ff0d017
cbb3572e
8b8e3725
e03c8390
7999cd57
4652a48e
4aaed00f
85407358
ee4def6d
27acb11d
8066729a
8897a580
f8d4e9f3
d8bddbc6
1b606ea4
c0285a3e
a6900ea9
4feadc6b
98917d58
507efe65
79f12e3c
dae684c7
45b25ef8
c3c6600e
f7335a4d
132c3a70
182c7861
73226dd1
ed92013d
1b0b0b07
37111072
b6f4055d
fda87032
86677545
7133c562
3a6fb40d
51203d3a
866d9959
9d92dcba
06ba08b8
b20846ae
e166a3c0
96c990af
3f587ae1
308c1e83
d8d8c28d
d1a95be9
a054d6e3
6b9ddf47
dedfb8dd
11458bdf
a7f943c0
7fa18400
ab15d190
35dcf963
f4e94f7b
7dce7ef8
f035d9f0
2a7472d5
21fe9882
af3a9f55
66d8669d
2b758098
f7bf684b
4c76a710
8a09801a
fb593eff
4c50a73c
4e566787
d67e1c54
ab66436e
027def8b
4e16d9ed
304d5c78
e38022b9
1d395b12
fd3b07df
25d58edf
15cabfd8
040246c0
d796750d
3fcceb56
f6693aa5
f683b55b
853a3caf
975802f8
77ee661b
de862a2d
63b37e4c
8325f651
8016dc66
28dc04cb
a0e32dc9
6e1783e4
5302d6f1
3242b1ff
ebd11be1
dd06a957
0da5e561
903a2145
564f82cc
64dc6927
d6e746bb
f8370dc3
28634184
4a2fd40d
a56ba71a
e099741e
0d40b173
76b54444
1988c01a
30fb9b3f
301704d1
c124de77
07a87342
31c6c3e2
dee410df
c3040aa0
08555a88
c3856a4a
b74fb8ac
4b1908a1
2baea947
2e40f684
229db74c
1afbd3b6
71295df0
087967db
b4c0a6da
a36d6c37
d39ae302
70a67b1f
477d5b5d
6ec72796
cc81f30c
aee145fc
4d8e5cb3
4517885f
379a7871
6a18e35b
b804b422
fe9c8f22
8067eb5e
dc8eaed8
23e0e432
d3b1cba1
b27646a3
2ee165b2
48b3b7b9
f6d59bfb
f0f1fcee
22e73058
596617ee
e8e8de43
97383db3
814cab74
90660dc5
6a0e206a
6e65da0b
71bec3b9
90ff5cfd
1778e8ed
46ccf63f
d9643d7a
87a111ff
164ac530
9370aa86
42251b56
c8bad5d1
d21726f1
efeaaf35
fb861453
18817275
ef36eb52
79cafdfc
e8d8b606
3d19284a
1a1cec02
7401164c
8fdf1828
f79fe6e5
632b2bc4
cc26b54d
4b6c194a
c0e29068
cf14faff
592d699a
77d42135
8dade14c
010b484e
685535af
12f6e93f
35fcb437
cc3ab4ca
ced48afb
aef362fe
9734b6a8
3dd77d58
9dfe98a6
93a585b3
416d737a
0f4adb9b
d30ba167
43c54c74
a33c9371
1b07d0d8
c288aa96
2c9a2e1b
42762c57
786d7a89
30ba13f7
2a5d9835
b235e798
d61aff9b
b4d2b68f
a267d64e
4d697939
2b836bde
99e99ce2
e4c4b2d8
216ef977
364cacb7
d899b61a
250aa7d7
4fff9acf
2862b71c
aea003dc
75a14291
e39ac168
cd440ad3
cfd7d75c
92b5f582
acb1d380
4ef284e0
d3bff137
9eb9f89b
94f3c18e
748c8a0f
5c6e05c9
063a1fe2
fd09dd21
131e5097
f8975e31
797f84b9
b4f4e9ed
10e2fc29
a39888da
e2f1a2fb
037b9c2c
6f3aae33
6566baed
f5533df0
cf43e446
caa4c9c3
200c81ad
b7164f91
a26e4c83
143d36fc
eebf1e2d
a22daa90
f88b84cf
8a563806
e78d0b0d
9b7d871b
5840a854
e40bd0d1
5c2644f9
039cfa05
075e990b
5b8df5b4
425be209
fd417d84
8cc30b7c
583348ea
14ec1fdd
75e97e96
1d49e2eb
0386de41
d19cdea6
034f4bc2
acd8a5f9
b49ce08a
393b2d4c
cec2e3a5
c477553e
f4c0c896
579db19f
d46a0848
390b1dd9
0cb200a1
d866d8b2
6d63b84a
57345a9f
509d412c
efaf1370
b5e3a790
e3292418
32e2be6d
c0cab3ba
410aa464
a543fa47
9b659f02
383ca340
26ca582a
d42af76d
d22553ce
73c953e0
6f1a987a
bead0870
ebc3f381
23c0b258
84febb3d
20bf6cd1
69806223
dd4228e1
9396dd0e
4ed01bb5
f97531a6
b77a1ec6
60f63677
6128280b
e10639ff
e1009683
89c1620b
158a49ab
cb5ff974
ba5d0acc
7b946e8e
3eff602c
8daba371
c17a0df3
98419fb1
dd4aa72a
bc5bdc5d
3dd3e915
5edc44cd
1ef4720f
860e90f5
d613455d
69affa21
4b99bbd4
e083b105
42c810d4
5a84a71d
028b65ee
a8e4cc55
1ca0e8a2
3721a778
7a1a757f
a2046b85
c1ef5bdf
78017c35
a7790936
4daec939
05bdccdd
38e06b0e
85b7880e
e27838f5
49bba286
8084f213
c6153370
6f1b6aed
4a9fb20e
271ba041
316690c8
8c83cf97
5b5bf0cf
8d024fae
5a0a5775
0c7b1fe7
9f7ecca4
9ba795f1
4a29aedd
81b415a4
631210a4
01d684c7
f88f8060
18f30001
66909378
eb0a89e7
fcf0ab7c
da74a9d3
a69320f4
9335f7f2
94bf83f7
fceb6377
803cad95
a44eed12
447ead64
ab9ed42d
5272d8a0
25bd5e73
401c500a
89b3d584
9366aca5
98b7d45c
25b0cd02
be02f24a
e9338f8f
80865e2e
2334ca6f
f5579d33
d8ce372b
db405ffe
c7410381
011b5339
04f49667
513f921b
cce8d705
170b9c21
f57e42a6
98791a53
dd57de8a
f65734e9
09898d0c
3d2a3218
1648fa2c
28a2abea
c62575a5
7aaddc4d
e5a7873f
bd4dde7f
d6c59afe
d6d76e53
58bf687d
03a2c605
372b3d34
413f3b32
6d7c2bde
e8f4647d
eb053e40
d56e1ce6
c8a8247f
48d3efec
90e0da1b
ffdc068a
9ea2588c
63c5f8f5
47bde598
9add9bff
1def8aee
7af5aa57
385a9c88
12be84cd
86cffe1e
588c5198
85582027
aacc91a9
27cc1775
017e5964
800535ed
f1a85091
8cfba4cc
f429475d
4493aebc
19c2f5de
a85bda22
b0e1860d
842ca5bd
03fab3f0
e517bf72
4dc737ce
cceae871
ad7490e3
d27505b7
2ab84616
6d28724b
0f455c9b
3e1bb0f0
48b70ab2
95c2d602
2f5cc1e3
5b7fb033
0249576f
3c30c49d
b0cdaf4c
a1a1961e
ff21ea4f
8f65041b
d3280ee8
8c5995d2
6292dec3
101eeea6
74834023
8c62e260
d5ffc497
80cb7601
2f6f0184
24a3234b
598606ee
b22ac223
a7b43594
01d207f7
64b42b41
da530e4f
c8ccc3c2
4621d898
db6e2621
eaeb3774
0cbbdfb6
9ee9a610
ef5593a5
f902bb95
6079d90d
3052c081
601840a0
6982e066
84496e81
9aba53ed
c834ea4e
fadd1ef0
79657c51
0b09d3e6
1fd460dc
ea3a8e5b
c5c7c7c3
9ac892dc
9af98435
e591504a
3c968746
63b81e59
6e12c260
fd85f0af
31961d87
b6f61614
f2a12dce
34084e02
84ca0c26
6c9b7ea1
6aa4bfc6
56dc2c68
b979fdc0
5ef66aa0
e7e64d51
e7c33497
ab6313df
ea0a7d33
1025b345
6fe54c03
0acca911
62361a26
8f23d97f
75842c59
f1e1ff9e
0c594a77
87e0a77c
f2e2b19b
3ee1fd93
2b203a7a
a182e5ed
5ad85532
5fb99cad
e9ad5ddb
00d586d0
b1f40437
1f2d6d4e
e21a758c
39dfd8f9
9ad3aab9
1f1b521b
de591e57
4fe3935e
8c81feda
d8060997
3fa844ad
d0821953
e6ae2067
76f8f7f6
68c67d55
4afd5283
f5051875
9779fd70
b2228a7b
8edee26d
00fe0fa4
e0570b01
27d258da
f5ecf97e
32a28fff
08f69471
9563f0ed
84ba8f12
7e4c127e
7c76239f
b8b66c3d
d30f2205
debcade2
2b19c422
602c306c
2219acfc
e742c0df
54769113
4cc2f519
5e5a5909
ba150534
4cc285cd
931e55f0
6daf5d20
4768da85
db32c7b9
fb716d3b
0c1aac50
6b809398
47864341
722ab276
a8e868c4
1be7fdbc
6e51fd14
6f99e84d
009c41a5
9dbc1bd1
c600a2f2
998ff07d
978c141d
b4f86dda
912d5e1b
672a4eec
f00ceb77
c1258506
412ac544
29cb7925
9b10b012
2f4465fb
dc91d4c6
27259f82
0e6728e8
8431f7f5
e32e58d2
2eb595c8
1d97a20e
d314ca45
01d5a20b
070780e1
1460b6ec
551bc1f2
89977b60
b9924bbd
ec57ea2f
33525666
4a4bff89
82e26fd4
2c098358
90332049
737530d4
78949603
a0c4e609
bcbed96b
95e2dee2
09e1c65d
1465a7c8
b3020746
8ebd68d3
57443900
dcee7772
5207f032
2c3d2072
8e57a90b
15a862b0
2633a7af
0a0bb74c
e0a32e9d
2b694885
4d44de99
04652f92
9370d479
b609a046
c2250986
01aaf98c
8df18ee1
3993ee17
ce74abdf
3ae3ad58
a659d57c
02357be7
04706523
12542869
7c713b65
38ab6b8b
ee9e0da6
ca719c53
c68b956e
30e7e0dd
5378f2c3
e9363e33
f0f9602b
4371a4f5
8a08df42
adfa21f2
d146b710
f3322c82
62e4cdb3
9108d35a
e7190b8b
0b691f5f
38df88de
f141abbc
42ff7d47
07aeb66c
fd08857d
594d266e
4d938d6e
bbf43d51
b79e6cbe
3b3ba6fa
b37ce008
c0c30176
bd5fb100
248d035f
183284ac
5c433f1f
4fb89b2f
c777fd61
23a3e08c
a9fba5f5
75e801b7
ce05b058
79df07bf
bc3dce4b
bb613a91
1a59c588
7ff24b7c
e527d672
e2daa946
49b4655f
66e31dd0
ae7af0fc
fcc4110e
a25821fc
6a99ab2f
a070fef1
4a7ea5e6
46877a67
90b21ec2
be2cd997
86db4818
14dfc174
72d7d68c
88c4436f
159dc45b
0fc8a8d0
40861299
d87b0d93
80ef1f97
00a40d39
a16edab8
3d051324
735a4e14
6982b858
efbd449c
a2f2066b
a5ddf9f4
468de425
bb2e1d01
694e2986
23a94899
5df7d544
4cbfdb8b
4e12edec
6643e35b
5f3947af
8e5f1569
f2b26110
6c97f558
d5ab3486
d44e0e7b
a5adf3db
61055830
8a649b11
39d045d2
1c29b187
6931d5eb
221f198d
e4f5fa5a
2c6c6725
b19a7b41
20b6a338
6eeaf350
209d8910
a647f82f
7104a54e
500fe498
3f0ae816
230b3b52
c84a7522
5b20bcf5
db796fea
260ec1a8
394c6815
3d9cd472
454a389b
49726f57
97892e7b
fa84fc58
c4f6153f
cc6f34f7
74c9f06f
124294ad
5a358c06
9d12025c
766472f0
ff7bd34d
27540944
69e7953a
f3538bda
c739d30e
5655d9e2
40540596
dc321945
7c442fc8
ce1731d6
2d915dc0
c3028454
e281ff90
7301b409
f5966fe9
3501285c
115eab79
420cc541
8e358a73
d0054c0e
4912a94c
9b5fcd71
3cca5d29
9a87955e
6da04848
f186399c
e001fa06
376be166
23a79c65
d541da70
2ffa0397
9e925e33
7fdec7b9
421f318d
21f6b0da
0a5ceeac
66ad8868
23bc94b8
9452498d
711360bc
bd9929fe
8c72100d
000931b4
e1cbf7cb
7969d212
265dc367
581ce39f
498354a8
41dee143
232f38b8
43330e24
7c0474bf
a0ee5336
3b9c6832
65d41c9f
2eb6783c
d7809464
6482aaa2
0b08bb69
90d73e3b
951cd3d3
e3b03860
73350dfe
83de33db
f10b5029
fac9886e
b3419c0c
98cbd1ec
bc323277
b5e94669
39a1379b
f5195e72
04395239
e1b2c5c6
98417123
7acc0831
8280ef54
722e3cc1
037e855a
a9603ab0
68fbd8cb
6fb4967a
520eb027
05485662
ff0625a0
4df53759
88d23816
35c3603e
6155175c
b46026e3
a73fc91d
9d948473
ae46bd3e
45c9780e
33d9202a
ec511344
09077f58
3b6d89ee
c0519406
a8f480ae
24cac71e
f90e184a
7aefec69
6b3374d8
b0a6b78c
acb79047
8954bc18
c421dd13
0ffb9892
e1d53a26
94aaf4ae
8dd56791
05cdb742
d79074d0
f84912f5
98ec203e
8196272b
eb1fd7d2
2d567b20
a4734d19
77d175d1
740455e4
29adfdb8
554c6015
f09b3af2
6f631310
ad23a790
e3e8a478
1b9c26ab
766828ef
1dcbdbf5
b01c5d4f
4d01b235
13a2dd56
490f1312
c6cdd224
eda4e060
44b3ce34
93df414e
05212a15
2c10dea4
cf4ced86
0d7c9bf8
5e794bd9
97485b58
1841bc69
d65dfa6f
4b15f207
5ff87d0d
5b675101
99a21de2
99d82d4d
1249add5
d990dbac
9e42611e
9e58cdee
7b4c8d9c
b5106483
898b5023
92677d64
c4b3b3a1
ea3e9282
35b71815
000fbaaf
1c1e0142
5af3c479
6de25da7
ec837f0c
ef35691d
00cbead6
cfb397de
1449263a
2141b1dd
f8395660
8c52dc5a
2ce70176
55fd4552
57b804d9
b342e648
1ef9a02d
757ebf33
f189419f
eee36502
ca2fe043
f2d4f150
f32622cf
d884f770
8b305ce5
953b2ad3
fc476e83
2377cf48
894ae2e7
77db65ec
77bbe3bf
724ccd79
97908988
529891d8
54d580a9
7cda8be9
99501a7a
d9fdf9d5
be2a3c76
cd349424
a9b7447c
662478e0
ce3983fc
3689e73f
47ae4308
762f990f
24c94a88
be91c4c4
4729ffc0
62e9b6a8
d3af0a76
6edbb3c6
0ccc8d77
31265b06
b29a2285
2f95c5e0
721840f4
3ad94317
45cee30a
ac52147d
3565a173
a83bbb16
347b83fa
c498def8
37b19a3b
9a29f040
2015e850
3eeb7d3f
78da06b9
39aa6d5f
f4375cbf
ebb6de8f
3c83f13c
162e5dae
6ee59f03
7db7a1a1
b9fb6960
4e37626b
ed303996
aa531e77
fa2ecd99
502276b7
c067a06d
b9295158
f34103f9
b4f706a6
d05e7a57
fd862e7d
317bd979
00cf5633
ab2125d7
7cebc15a
9cd0e47a
8ba36ef5
29ca04ab
42b55084
fc113e16
a1a1ec1f
186a03ce
5a6e1727
89ddd722
5408597e
bbd16b4d
41a88231
6c3fd206
59947e19
1cb19372
f52747bd
a7cdc3f5
e9dee9ac
a98508f9
1bdfba34
7fb0c378
9c21e277
ad851a40
d76eb9e6
0a1d402f
e106d543
4e7bba14
1e1df788
bd78583e
7987a321
319b7fd0
924b4ce0
8131106b
c4b81f55
2d09437c
a9bef82f
a1df4d32
475c08ce
0ef0d66c
9396d232
73c66d9a
70db26a0
95eab847
9ea51ff6
9623ea3b
87fb0ea9
23e5ea7e
4be6c04b
ee12de3c
0f759e16
2a5709ed
a6334758
15dc26b4
b0572811
fff175db
f805d2be
08144177
8766cc2a
8297c83b
09822b93
d2fdd08b
757c1b5d
34efca96
7a10e548
b1831494
b12e5e9c
25419fa2
c00f4bf8
077bb740
43e27ea9
8adc4ef2
6343e113
f3505ac3
f9009e27
b24563e5
d90053d9
bc1856e4
6e553d46
f64eaeb8
50ae51f4
c8830b3c
957f260e
466504f1
3991a60c
a7543424
1bc43d4c
11d39c3a
28c94f10
2442bf25
0762f836
54e69484
48bca05f
4a52ee84
e7cecde5
f03c295c
d7e5e937
32a4b696
2ab2b10d
eef6c7c4
f7c5c4a3
a561e26b
bcb5115d
cd497c52
baaaeb53
1fdfeed3
a2ba05f1
a28eca93
004e78dd
25e25197
95c0499f
028f1b26
dc9ed1b3
d3beee07
c1bf2e38
ab7fbc84
c10d4c93
7b7c035c
99e82437
30bfda80
b6185197
39771fc2
8b696225
429fa7d3
7ad600c1
e301c966
9f81ea70
fb38d9f7
e0cf7774
ca1ffce4
85efa285
4658711a
4719b1c7
550c43b7
72236c4a
eaee507f
3cd5a1ef
95e8b6fb
e5c57b60
1f8298b4
de13e13e
e4ba74a4
effa97d3
1d158333
030504ca
d01eb584
d368ecb3
1123924c
0e2e5cd9
7316de63
b387abce
99375e91
2e4dbb83
be8f74bd
53076a91
74f7a2db
953cd32d
e477e4a1
049ad2d0
86df4bb0
9a86f0e4
d7d00789
3308cf39
7710b38e
4d4924fe
530cd2b5
e218d518
efce81e5
c1b5fd9c
bece117f
e0d82eef
45b231cd
72f99108
5bce9de4
8639627d
e4a47f86
01c5cfac
be326534
a00713be
0c6ea246
dce7c4f5
ab57afe9
8bfeb73c
fe3a2fb0
c2423896
2f47fdfe
cff2e5c2
fa176087
d6f6fb04
3b59862f
78101fc1
06e84495
c12696a8
6d807571
06e2f826
65248e75
69a0d400
173d5f90
252f3f17
9b7a7051
7b7767c9
664f8dce
6936c095
95a338e7
a54b96b8
240353b6
80c3250c
6838309d
ab5f5688
7040bfaf
9118e2d5
25028af4
ffda2b9a
ef8fef0e
5faae119
72b1db7d
7215add2
325e4ea5
8ad8ff60
33a20aba
2c5b0bc0
e9468771
0cbfcf05
5ebda0ea
beb222fa
a74eee0c
2b653a2b
08239b5b
1250191f
3f0dc566
73899076
71696615
e8d6f0c0
ef139f47
039d167a
8b12dcb3
c01e4ad1
21c9a013
acb29436
38b14eac
3dfc05de
15b4f4dd
eecd380a
7047c16c
852aae79
cc59276b
fe325511
2695c479
5d4fc5f4
1bd3f68c
c54ac5ad
221a4112
2d3eb5ce
8b6609ad
00221c04
37f50775
746673f8
f93cf074
817a3e4d
10cc5f94
fcecd36b
b6b1854b
450c6ea7
d3c5b3ab
d3accf13
039fccb4
bb2f07b0
20fc61dc
3431405f
9b6f6602
824ca775
c2e388a4
cd1d7abf
2b1fd8da
d09aebd8
31d40828
aafb5840
ff942f99
368167ea
55f97054
058a780d
1bf45448
bede8236
bd96da3a
bce48312
bc5c7f71
45fa93a8
e67c958f
ed64b2c9
1c8845b7
93eb5aa8
ef7af817
bf70454b
4cf6aa47
ae7ed598
ed70103e
01835725
079f9056
4730791c
4a687fb5
f641523a
5cc9fb19
16f7b34c
f3562363
d071473e
ea4995d5
c6986c2c
a8acbde2
dd0caf2a
55d0a09e
79ab4f9f
1b4c51d3
bfb95468
33b7c0b2
bf9d4922
c1994dbe
edf1cc89
58705199
1a284fb8
68378cb7
ad852c87
0aacd92d
a0af0cc9
67f78612
71843c88
34bdb7c2
caf36ae0
52481fd7
67e836ce
47090c96
b5e404bb
9b1cbe42
964bfd28
d43fb23f
6d702363
4a928a4d
60bfd3a0
c3b84665
a5e4f83f
6683ac8e
715ec5e7
95ac53d6
e5051b9d
88a58c66
1c034eb2
cf73bf58
ab848194
4d7595af
07c143af
d9223ad5
516268c9
93139874
e3b0673a
05bd42b1
108dbcc4
45b8868e
f844eb7a
c058a40f
4ffce203
a421907d
53e1162a
55a9b9b8
314f9617
b22fedf1
bdacad19
29fcbade
6a43942d
0001318e
e02cb056
b2ef23e5
84e6bd2c
3b21852d
7b003d0f
e89d88bf
68c2cb3a
0517eee8
e198c32d
c65ee5b3
47f99027
ca5411f9
4509ac4c
6082958c
74529e35
d511921f
0d123776
34668388
66e9c1e3
84645fa9
fdbe7441
55fff69a
ceb0828c
02ccd27c
88e0d99d
e9b53ef4
8318a1e1
73bd8413
a4cf340c
0b9c304b
3f37c6a1
3b932f50
91590dec
ac7e665e
76075684
0624850f
4620e7ed
01703ae3
c3a76755
c6f7ce93
db939121
9f4b5aba
77907634
538f997f
b4a50ccf
b2a02c71
52e4ab26
37811426
b5be0a24
ebacbb79
e4b70618
8af48062
45e16ede
6f69c2a3
b08cae9d
8ebc9a72
a3a845eb
c9bb7c41
6052e458
a7e6bcb4
7e70950c
f6f54fe4
be35ec60
74845a3c
07b71e7d
6b614461
3e45f777
95c1b362
d619f434
fb7f0f1b
491028f5
cddb70b2
da614bd4
906df979
c71b15d8
11a8a608
a85d333c
c96c3001
a2eac157
a2cbdad7
ebbb95ff
b98316dd
b043b551
1bd73285
4d7a6486
3cbe2a13
c67aeb4d
f973de44
d5d8fc39
81a89bd6
c890455f
c7436d02
f68c7613
718b6cb4
9fa1b5fa
8aca8fd5
bd380bed
34fb4c2f
f2aed090
3f245d0e
243d2ecc
bd7929fe
90921e7d
b8e72db3
f77d007b
b93b3382
362898c7
833d21bf
c650957a
4b085fa5
5f6724bb
c5f33123
d93719c8
7bce9d2f
a50e0a5a
ecea7778
e2a1e93a
2f5e19d9
60ccb28b
25289165
d7817607
d17cbe47
903bdebd
966d622b
7f2bf8df
06330027
a0cdb4bc
dd1dcdb1
f1d02364
4227eefa
40e6d1c6
c115c989
7cbe66fb
bc4a87ab
7b4daf74
1aca4c85
38026028
f4ec1f4b
97addde9
ae0d97c1
82428edb
a0a965f7
0eefbc7c
d568594c
16777bec
d85a6a49
377318c0
d90d6c55
e47934d6
9e912147
ed8a1f7b
62c02169
bb4b71ff
7beb93e5
3b71d2ee
24ae5d78
0f2475f8
b2fd9395
11694992
3339a25f
e93a7d26
75432349
346b705c
167b70ec
74bf573f
5547fa73
eb302197
0f5474d6
b8107211
7c132e38
23507892
a407f8d3
38ab1efd
35e6fba7
b8dfb32e
99f0da13
d4ed920a
b330cadc
e708e2c9
91665341
3ac58606
caa56384
bc6fcd2e
fc8fd6ab
cd0c0546
f9389114
8856f7b9
829e61c9
9a4bb5da
72e0f7e2
ef8cbc6c
78210dec
6a088562
2e3bfe30
6e470f0e
7b77937d
aa1689d1
1ebe1ca7
7878d472
3c220429
e844553a
3e87ad2b
af77bffa
4992a47e
beb034f0
bde37407
bf1c4b76
f82099af
89b48885
0c20be37
672c2b44
aadf96a6
59642ec3
4b38333d
e6a907d2
0c37bb9b
93d06119
6192d2e0
42172fe7
5a981e52
731c2d9b
2349ef4c
caac639c
9d27de93
b84430c9
f5fcf307
1818ffe9
fb5e5f7b
2695c343
41406b9d
ca4e5d04
3c356393
98ae3db0
bc1a55bc
231873aa
80c9869c
b3518cb1
da3a5792
89c3a136
4146e744
286b1bf3
29be9159
892c5ef3
5cb5ceca
48f373fc
f710f7fa
d417a2ad
2800430c
2c5bb4bc
034f229a
049e3394
9f768ea2
9affd793
61bd7535
2c6de5b8
8b8f1775
4551fb65
3d91a91b
1eeb6502
3b2898c7
2e3df73f
8b91b512
1b46daeb
c3608626
a721d174
3cece193
bb04ee7c
ffa4de39
e81a4d08
96d8a775
c4fe8bae
a4e36c0b
e52f7ffa
50d768d2
0463b0b4
3cd4384e
c06911a0
a9f1714e
7cc6a6e2
ab4cef0f
e30f9f79
0cf65629
0051b330
f0c2ad4b
0818603e
87ebe411
965e8d05
b83fd1ba
031ea77e
29d09c46
71506c2a
e6775a40
aad4c73f
7454fae6
8a01a322
72d23e10
9714b798
3d115a0b
dc561543
c1313dbc
365f111f
5befff01
25fe2dc6
e8952145
db09447b
834deab8
fd444315
d1fde946
f676faac
0d4ea99d
d7d1d1c3
50d121d7
e9948fe2
75768916
2ed77cbc
e9531f9c
debb834c
7498d085
bf80bfe1
a7e5b03f
2da9410e
b498fa8a
d2f402ae
069c943e
1778d853
8225732a
a444844a
ad761bac
ae76390d
43a21966
1155fd01
7044c51b
f41dfc68
398beda0
c3c6385f
9d769d19
9466d413
9276ff41
fe41c84e
2e4516aa
1e920ca2
bfca0701
1a614a14
5759a325
049b65db
6c2608ab
0b54f872
1f04b9bf
8e50a966
f4f8bfd8
837a0579
b97dd6f3
77d55362
6a96ca7e
c8f321d2
35efc176
75ed9556
2fa1e855
47c36100
578dead1
b02048fa
9ed5d8c5
9c602e43
aca85077
727a87a4
734cca83
a9872e2d
c417a98c
15e012ff
e040dd20
8770ba92
9474e2e3
0d385817
c16dda4a
3eb04c58
d051af65
5212cadb
627c409f
a79560a8
7b8cc868
b2b69c28
47463a91
829f09fb
17ab5d4b
fc426a0a
916d23eb
971b7503
ced6521e
96279ad4
cad8252a
01dd4094
903d1a13
5c93162c
f487a9e7
36d26e7a
18bf6d74
5723687c
7fb2582a
a2574c51
30747e5f
4847f180
7882fddb
c00846a7
d3449be9
470ae555
6fa95825
d1169413
710a4ef9
227b20f3
8ac91be1
9f18885b
4c664512
1c4ca970
a53f55e1
bfe91620
38864e76
d8562c92
a5482c70
b809fe73
7f3c6f90
ab0cc817
73c81310
44ef5365
7ef720a4
c69e5775
826ed8ed
7719ded4
d4ac6e15
74b2b6e2
6fb21d75
af89c41b
76571c5e
2e4e40b0
2d5e401c
4eebe4f2
7cc204c8
b7384645
41e78e1d
b4aab7ef
a8b3fe44
3819aad9
a5130378
6af05906
5bc5942e
c144314e
aad78df8
367ca9cc
cbea75ae
2ea11721
84e31163
3f2f4284
388a8e5b
417a859b
28f4429f
b459ab4c
a73d1154
a7e5e83f
46a2ac8e
755fc7f7
398d45c7
b78846fd
55a09396
bd9c7f9f
7f9f53a8
28a932fd
d0242546
c5152f00
7e56f03a
aa6de252
d2d28161
dd22e3de
aa750d32
71ba53bb
4268e5fd
843a3856
a523a00e
f5631b7f
579abf59
0e427341
456419d4
0d81a59b
1f69f942
28748522
a2c3b00a
4c91d70b
b8610a53
bc4ffe06
326ce7e1
7c828589
aa45c190
5c8eddcb
61c83450
8f02f9d1
d72e886d
c24644fc
51e1f390
9deb4f79
7486ba1b
db74f4d9
f81133ee
13ff07d8
938bb51a
4038764e
90c3b7f6
219d99e8
c6bac7b8
57fc9b5e
56701bb5
f5d4b7f6
06628a03
b37af3d2
4d186f12
5fbbe28f
5ea87c3a
74cd810d
59642c1b
40036f68
90214a7f
94b02fc8
b8658aec
2e39c070
d0cea60b
85f7458c
c59896cf
3f62b08f
471fe2f6
d36e9596
3a56fa78
46289674
c821bce7
08194419
33d4fed4
2dcb32b3
383398dd
2e2bb469
4c71bf7a
08469415
824f7797
fb0998e9
ca8f4083
7179084c
5e64aef4
bcf32e09
ff7e3090
14e9a8e6
1f5a7b9c
5513a288
0914f709
69460293
8b92f539
73824bc3
65bce17e
cbf8eb57
04de63de
dc1d360c
214de722
2894d736
fc3b8fef
3503088c
d646f225
084892a4
599feaea
3c9de9eb
b5b9ee5b
862b8622
2b1817f5
1532c3c6
e40e8903
90f08114
9a9a6edd
3f750add
5bf25c8a
1c0183db
a3244926
6a1318e6
28f45041
fd7806df
49d099ce
07c7e3fa
8ca31ae6
100a0e39
686ddd3f
aa80cf9a
dd091243
1760b183
2b4af44b
cdb67bea
5bac6b6f
0efde1ef
eacb496f
ff3bfb1c
8b5f5d30
7fd4c4cc
0eebda2a
c07abf5d
65bbc635
b2d079eb
0045a4bd
2e998454
dc7260fd
9ddc91ab
f2d73dbf
b97a36ef
0b528ebc
0a215c3e
1577114d
1c8796a2
242790eb
1169e536
942949f1
1ff1d83a
ba27c261
0f13a9d4
3f0b8cc0
9ce6daa9
b1c8f770
4bf2bc83
903884f2
94761081
9aa56df2
d47df99f
028bab38
8a7e890e
30b3f081
9add0dd0
57851c03
74a5c621
40518231
72e4dd7a
c036d23f
5456dfe7
7ae57e72
7041c807
61609847
3f606f13
62c0dc12
5116b6d3
7e5e3395
bdb53fe3
53630a27
76d995b4
c989c7e3
dfce3479
316203f9
52be7597
1d97a9b1
fc9e41c1
a06909d2
ab32261b
11d70d83
fc85a3b0
56837ee9
12960a86
ab12cfc5
afa8c0b0
406df68f
293153f1
6aa13896
fbc817af
de8ced11
26f37c46
6608879b
a9804026
911ecc64
5adf6d8d
5abc517a
c2fc5f53
6bd560d8
3e0e64df
a02a4f35
d05fe1b3
a15b6767
7b4bd63c
300689ba
c7069d62
81f031d7
7e98d472
e6c26959
d6ca890d
7a8635f8
3b141764
86e1b898
8faeec41
16fa4f12
bc1c335e
748a22c5
2a81cf2c
7fec955e
45a35c5d
eb358269
34697575
423cdad6
f5a8bac5
bcfd1c1d
f0a8c7e2
e2ca8ac8
c1e9b321
0630f407
0eb313bf
f45c7e7d
09ef9534
92647a90
bbf8f56b
0fed3fe1
aa3836c9
30c95799
5d752a04
fe8f15de
9aafa344
b62590c7
839329f9
33232f4f
8f96616a
34db1657
942a76bf
854283e1
72e7e6be
483c5566
908e71ee
88c04857
b897fef2
ae7a3796
f998f992
33f39227
775d0d7c
08ae26a5
4326f398
37e21b72
e50047b4
532098af
469e4e15
64c99edb
b5487f12
efe62aa7
7ce9203e
45374569
1edc4724
51290b38
798850ff
0166afb4
4698fa7c
633d8477
a5d2b86e
a93f2121
ee7fd22c
93715e11
aed76b48
34771877
384beaab
e6cbaca4
f8b3c46b
87e26af4
9d2d7aea
7c745992
1f8a2411
3a0d1b35
b4150780
8844b3b2
d86d69cb
dfd25f41
137c9edc
944c8f6f
b18cda5f
7222c8bc
4d9ef9e6
c6ec6657
0ef2cbc4
a6c66021
328cdd40
8db5b392
433a2051
e1307ae9
23c8963f
10e2b9b8
bd66d012
8bf0d7a0
b1977b62
819997ff
dfa3e7cc
c81cfa41
bdcacc8b
6f200a66
a3f35750
ea3f485c
65adf106
aa26c4c0
25614e7f
997bad28
7705b3a7
ef5750ff
ac5ef93b
1c4db067
e261ada7
2d71efed
0104b2cb
7ceeb5c5
e09e5d2e
4c4a9ed3
ed8ed27b
cff49afb
c9d1416e
de62c390
44009398
9804ac81
bf05c32b
eb74b3fb
dc7642be
90109d6e
f41e8ab0
8c5b9a94
1e25c710
7e351a13
739581a8
b7bcef78
602cb071
327f8760
90ef2309
e549108e
2c4ed762
22ff6a53
3918dca9
7330500f
5f001e77
c514d210
b5894adb
069ef2f2
c0db0cd2
89629232
bfb34ba0
0e2338a3
4fdaeb38
4501aea6
6a7f8f4c
e95e1267
494e1a2e
cb787a4b
421e7233
0752d7ff
e80e3c09
de6e720e
15d8f939
55045486
2d0b92cc
b51591c5
e28b7833
3c268055
69a69e23
f636c152
ed8e5ddc
e08c1606
2bd00320
5d36c9ba
0438bcfa
67595009
e6528205
745d588c
36da526a
ee72a801
d52862b8
f69ecee7
c7051186
c389809c
80d55371
7dd7a3ac
bdee88dd
f256ca47
48d9c6c8
701f27c8
082bdadb
1d60ef03
10916723
b2d63a39
c7b53ed1
6d8af226
4a0b53e1
2e9b189a
fc87b59e
4cba6004
17e6eb79
9bbc699d
c777999a
bcdcb4b8
633f923d
be772aa1
3f47c130
2b55f280
35b2b842
35e3eaff
5f39fa81
6d54bc15
a01a4ebe
d072b158
4d67bcf4
e5d55088
b74a9a2a
65faad8d
3929a0a8
aaa860f6
7068860d
758bdd79
cabbb70b
370bade6
145edb1d
289e8ce3
d9509c22
90439048
ab16cccd
2365e4ca
60618db4
6b338ebf
46681a6d
e196871f
1fda8b05
99fb8758
cb0e89d0
5ca41d8a
3db37200
2d9824d9
09611b58
6b4bc5fd
6d79ece7
4c41b635
2a6245b6
38422f5c
c89ba088
2dd5276d
ae20bdd1
8ac2e29c
04b03354
598cf519
22d9674e
c824aa96
f3bec18d
5a61fd0a
ddd172aa
830d2668
dfc68488
e5a7e743
30bef764
241209ed
c0dcf43a
9528f9f7
c8ddc37c
66fd1f85
64b67d63
c853552e
fc2e4ef5
8bee75ad
ee251700
d4631d22
4f27dee1
2b8f371c
60f6e4ea
3114a13f
03516766
d80ba7b8
3362c906
2205b8c7
36bf5b69
6790a580
17331e10
ead5a968
a0e85414
e73aa501
c0c1454c
e57e9e78
e0812120
500d2d32
40c9eb07
c88f8fb3
164792ef
675a1ca2
bd079665
b6a92180
c1b4714c
bc2706c2
c3127f1d
12c2b5c5
cb3cc8f8
165fdcc9
5517cf6a
33a1fbf7
973cae98
5f1a520f
be2cace2
5dafde7a
6a79640a
99f8e9b6
1d0311f1
989cc38f
1d495cd9
ec9e91b0
ebb95264
ff43e15e
ee647daa
5bf0a502
a54897ea
41040a30
c80f2831
8c2ac815
702852a1
35f5bc7f
cd39b502
88a8910e
cbaa950a
b878a86f
03d6c475
b05932f9
56cd66ba
b9512d57
038be66a
9795a0e9
529ab48d
8569c788
0e8bb1c4
6ed2be3d
1bb55457
96c275c8
d7182755
adaf3b2c
13995769
17f911b3
8c2201d4
4f041cd8
5f702877
15a24c48
d94729fd
b36a6fe1
2c5025ea
3543421c
fd1d7f1c
0d241a03
42e39b11
01b5d9f1
ebff3234
ba8f29e8
a9f2c011
cfe385c9
5405b6e4
b9f1b688
6b3ed218
9eccde66
a5038026
75e27e05
7e7aa194
634ea2b0
5407debc
55d123d4
44d8fb21
2c22291f
493e4e7f
9ecc2ee7
7908ae8f
f7f66483
57a53f30
f82ba531
1d35ad97
b8642354
bdd91733
78d82d2c
d2cfe1d2
f04363a8
1af39bd3
58b02df7
fcd28d70
02e7a20e
226532fd
0360cce0
4564f25e
bec4a6e9
692bef45
8cabe1a4
e37c248b
9a4398dd
c251c251
b96874dc
49864b85
9e23d43e
7028abec
cff63186
311859c5
7e3c7e75
cfa6770c
29b9024f
37ec3057
8d379c24
a8d74cdd
68d5431b
d67e2b40
71d27bab
ea479bf8
3e2a7be4
5b8eaaaf
55bab582
625474e7
75d4b2e3
929cc7c7
46e07c55
6435e4e0
cd989e34
1590527b
e4388f14
4e94cad9
2e3fa6fe
86e17a4e
9cb53dda
5ac26bfd
e005c443
493c88a5
dd20d291
2920b428
cb10d4ba
e1787359
0d77bed0
af15b346
36d280f8
bf7bc05e
297c1f26
f989c72a
ecf0141c
200f8785
cf16b0ba
393e7b7a
3c794a12
b25b116f
dea5b3d4
733ff0db
29be1f69
a03a0240
ee3c3d59
5b721bd2
1902ad16
d8a92386
67ea20aa
5c115bf5
9a97c802
116080e9
2ec9aab7
6877a878
32643e44
003076d2
d3ac0547
339d5465
bb26a54d
9e6963ca
f01f2282
9da27c05
96741794
84552737
36c93aae
2202be60
cc1e1467
dccc96ee
8c3f4d26
d6ec428b
891cb775
e1b1090c
d28dc1c4
3c1be75e
5ef0e3e6
130c56a0
a2db53cc
dcf4443d
da0a0e84
e082ae49
1c31496c
9686afa2
2d2b0d7b
dc0d2c19
48482b1e
e8527ceb
5e26ae8c
f51a0597
00bf5723
a13303ce
e81ece0b
0a296a64
cbdac316
e4b1138a
1ec62daa
b5130273
7efc137d
6eea6bb4
5003b53a
f2382b68
1dff4882
69012c55
ddfee810
1f61e5ae
5952bcc4
d78d4f81
b1d7475f
7eadf3e1
dae7c2a9
74ec8df0
4f0d1479
5dca15b8
f0de5ac6
4b5667a5
73f20af4
673ee7e2
c39dba63
eeede16b
0ad5a96b
40ea4477
04f0a8e5
2c6c0273
2864b822
537455d2
e0015f95
b580d7ec
40dd0a12
d278617d
14a26496
5e21994e
cc05968a
a449d5e0
4046c9da
b6c569e4
64c56718
cce6626b
15cb45fe
d3e3d3c4
9afbe629
21e813f6
514e859d
be51c903
694cbddb
2003f6a0
842ce0ab
1f081a57
941c7ab6
721c5573
eefb6c6a
edbbd7f1
7ff23633
1fbd1f89
35c0544f
d67cd68b
d91f8b7d
2677d7e5
4de82da0
43dd384e
7e45cea4
35b480ec
10831538
36a1a96a
7211fd2c
fb3f2536
eca4b5ba
386aded3
15a16e6b
35ee59fd
24e15435
c29993c6
ecc45d76
8a3f76a3
f98fbe16
c7e25f30
0c873f72
86485206
0d125442
b4dcc66f
ae373c87
7d58f2d4
034a29f5
88e1f32f
660d45cd
1824d077
c7645d22
d4c75302
ea468671
6b9fdd95
958b85e3
43c57878
758bcdbd
8bb11fc3
a16c5707
5a18fae1
eddbf023
e824e04c
f186111a
470c51c8
6b93dd12
1603344a
61c3cdef
17ba1bd0
ccc607b0
8a3034a8
180b2dba
ca363fe4
b49d9921
f08ee55d
a88f3aaf
b4855502
da865810
210e4a92
e3d3a93c
48782a86
e8314e52
fe96bb4f
1616b9b0
e53bfd20
c969bd8f
25dc7e83
eb853b25
d0d617f5
573f62c1
d784f132
7df02983
60cec983
86205afc
228c1423
a10ca0c7
979f13ed
c9b3aa9c
20eee96c
45a1e62d
55eb297f
285ef2bd
372c1e99
2b13f826
d6f5578d
fc9df86f
31970d47
d7cf2e58
7282dc1a
09309bda
5331091f
3048d2d6
6852fc3f
cd75fd75
29b7e718
7fc53bf2
cfd9e24f
819f0b67
7e88b8de
5bfacef7
46a1d345
e5e0e901
e0d61941
5c3b3f7e
4148b014
be096d91
e4db8dcc
392aa8dd
ea16e665
ed91fc08
90023500
02e99471
3c922402
7a59596b
7ff62bf1
eb828015
cb8fc775
5f4ea665
fbca3724
18f3dfd3
023844b7
5f7a9de0
9415ebe3
045a75b7
177aa8e1
0eb39392
e4fc53b2
bfceba17
7901a471
fc7bf476
dc5bd48c
7f8afac9
3aaa9ea0
46abe9ff
49169295
f3cb99d7
9ed60c4f
b4a7bfe0
282857ed
78693667
8a1adf95
eceafb41
c3d2d280
a9d15661
e0bbca0f
a6b6b8b2
45b8cc22
dba8e5bc
24ffc053
424c0b09
a684197f
90d69eea
2274128f
a491f13d
cc7590a6
b24c9d56
1d2ff905
a3ea2842
3aa17d53
b469ed16
b0a65793
30d55d99
f7a0356a
d0acb06c
928374bc
7e85dc76
6464a093
fea1ada8
a98dcc62
10310822
179f47b8
126f398c
5e86a743
c7beccf4
da283f64
655ee146
97b9c25d
51b48124
f39c5c6c
7a2dece4
3190e8bc
bc68a11f
a129b27a
7bb180e9
3e3c22df
f694626c
21e23f00
a6438c21
2f3f3f82
d12c6745
e559dd47
00db15df
2e78590f
8e6cdfc3
a7021429
556f9baa
654b9c47
cead93e6
e6fcdc4e
d3d17c74
77afc93b
5f95219f
8f7135cc
90d4c428
0269c000
77527bb4
3cb81366
e44d4d8c
f2618532
9a332e71
0053406f
638c1c40
e089e402
5d308ac6
c165f2b2
9942284b
552febae
a3158fe3
4fd53477
c22fbb9a
9ec0c7b4
40f6914f
c9383c20
193734be
0bb1e6ae
dbe39e9c
ae391a04
22424bb8
0d9aba62
000c3629
5fe3fced
2fb7d692
79da7820
ed120aaf
24b02d0c
03260d04
925b64a7
273083c0
de5b94e4
342f1267
1a10b396
802cc147
188185e5
2f9b0e9b
87417e5f
b9d3895a
d7ed09e6
acefa34e
484faead
0ed05c60
aed7870e
98fb6ab5
401bbc03
c4e33e0e
c7775c7f
b3edea63
da902b53
20beb16e
24f24ec7
c8799212
bd4e4eef
e6e10066
1b59c110
4c01c50d
e0abb4fd
50bfa307
3f3d3c68
8ebe7630
4f72978c
ade030ed
d4456773
6dcc5fe6
202d733e
4714777b
f6950346
8940ef38
0053080b
4b194ce2
322289a0
01c1bd4b
fb70099f
b231037e
d98fc071
11bfe691
40dbb4c7
fe2ab326
a18ac721
d4bde956
5b74ae3d
18de45e4
dc371775
e5ecab39
61fddcfc
9624086d
f21ddcd9
795ddb5a
84e9b261
e61cad53
05686588
32f54de4
f2798840
ad4cd6f8
c5ea6b11
9989e5f5
03d5faae
2c8cf92e
c6857fba
47336b63
61bcd7cc
93e067ae
7da8eca4
67b7cbfa
47d0575e
ea4d89a3
344147ff
8b6b9da0
e323d82f
9ce8f3bc
d1796c93
61852e26
4c700cc6
f0f5ac72
ea02172f
b413c8dc
6c0de558
c4772c6b
1eb1ce56
c818a08b
5d3c7f6f
88ef36e7
a84fde3e
228ec8ba
88a75bb6
19e4e19e
3f3b0dd5
8eb1d035
225267ae
ba558f5d
7c7b7ac2
77455933
5009b742
bad94272
c07e2c19
ba5cd207
23986329
d057ce37
1bb6651f
35a83c35
77fe2162
c99529eb
f9a7885f
1d21ed29
301f700b
1dd19f84
ea001a14
c11f3815
e5ace87b
6cd5316a
95fa96d6
23269d86
e2529c6d
8a33f4c2
61d21c77
69c14679
60c6993e
cfc1190e
70f540be
c4bf752f
694a8462
011dc8a1
b93f2005
faca7dda
1b5d8b22
ed0a59fe
608c9664
ba4d87c4
5c15515e
31e3a261
f05bb676
543392bc
eae4304e
f1550138
7f3719a1
1c6d83a0
2f23602c
27fef65f
df983265
e34b2f6f
52770bbc
d31a95bc
b407f82a
2b5128cb
c741b20f
d1057b6f
b37c2f3b
e5f1dab6
0a49c945
5f4f6e55
e23775f7
9dbbe5d3
c13f5f33
71fc61bf
44b4141a
00d1d721
7c88ad5b
4d5cc08a
7cf0afac
49a67eee
490447b3
ffbaae0a
e50cddd7
a876530c
20eba2e7
c25a7f3c
3a0a85a2
3d60ef5d
31e0bc18
ea164a09
49b80fe2
40c913c0
34957198
ce61a5ab
a043a0e1
5fa2b30e
31ad8a0f
9d696559
8981aab8
26086eb3
501d70dc
3ed7743f
da4f7ef7
87a103df
5c8cb672
8210f933
3bec22a8
4896d3f4
cfeb4a80
71d8227d
c760ae76
876ee301
3ad33e46
fe61c9ab
2dcd8a21
0db568c5
b51e8af3
ec5bc2b3
15b0fe15
44393eac
1e7d641a
ed31d1c5
362a5261
f0afc612
05ddc6a4
1c2a1c20
aa684d17
da9562b2
aea023b3
f014cdd8
5c50d8ef
aeee7269
74cf2538
9d65cc8c
ba7f8036
0555c44a
06478e24
07edc945
6663f2c7
1f58c59a
fa9b4b8f
eeb6ad3a
592fe6f2
1bcf754a
59afb0d9
592c2763
65c519e3
19da497f
4e45a1a5
b45eef3d
5e9607c1
53a37636
91d0b804
5cdf16ec
7e5bf44d
1a98d0a4
11064ca2
cade7d8b
a88cf8bc
c4f70d51
8efac01f
09d02703
ab3872fb
098f4948
f4611a7b
32ec2c6c
5b5f0c5c
e04ef7f6
e8b53d6e
ac0386a2
4622b1e9
13eca526
6e4cf6c2
e20d1f88
7e7bd1b6
8def6190
5a777ebe
01bc69ae
1db412aa
63c2b61a
953c7fda
42216599
bcdc28d0
0100b253
fe11e736
9c1f8fed
d1a13a9c
28aafd45
974ebe44
5045dee7
98b02e4b
32591e17
22e52d9a
6d93e811
02a9cb79
431825da
b3cb876b
a7f659f8
f5e49c1c
aa82cacf
88b13762
65f929cc
58d1bc2c
85d57b46
7d086d18
65c1fced
11d249a3
4426bfd0
e84231fe
61c97ec0
8c3a60c8
c4431bf9
40b16487
e817e077
9738451b
6cf63016
f46008ec
5ac3b812
95fc30b2
6ea551a7
56abae0f
4e21a8fa
1ce479c5
e84e954b
661aef38
4443aa06
116d2267
11128617
7bd8991f
7792e122
5d602bd9
5b7fdd54
ba74aafe
ca44d00b
58f69d09
e1a8ece2
7aae8df8
c92ad670
ef776fc2
536afe25
99655632
47c2f383
2fe1741a
2d24a1cb
9aae35e5
de45c66c
b786d028
ddff3bc9
6a46d7ca
a7463d35
7cf505e5
5570b3e1
229afe87
d40e2462
00cfe843
453922a0
4ccf50d6
7c6db43c
97a07869
8d0f93df
91fdc0c5
154bf2d7
0935ccbf
a4ece92e
00ef8c8a
dea83295
c7a523e8
18da5284
03d583e1
c696bc95
318696f7
8858ec3b
2e271c54
7812aac2
84157087
6ab53525
4e2f968d
233376b2
f1471840
5bad3d87
7fa9d2a9
fa66dab7
07356fcf
f3578f89
5673759a
20c516ba
c050e1d3
51371326
d922db6f
cba03348
74e3e02c
142aefbf
72784171
309dd71a
c5a49685
b9f7badf
9b23cca9
b46523b2
127e1cdb
ed479109
f3b169fa
0f46911d
71ceaa4f
3464198c
5ded86e6
4b173fbe
30f5900e
dc763ff4
6a9ef430
370d69bc
dd6e3081
74bdbafe
bfa17aef
8f6680b1
b1616e29
08240f1b
b12254f8
8c180de6
3935edb4
14e6d155
174ed053
65de08d1
3c4b2cd3
63fd675b
2dda7ad0
32893990
a2dd5aed
399f3b8d
03306bba
c6a2bfb9
bbef3573
f56e01b3
9e5718ff
d4500d3b
6b17ffc0
09190357
070d0a2e
6f5bb84a
120c7803
3c868625
64085084
ad041688
d5752d22
6afbfc0a
ba2c6057
f2f5f3c4
dd27e5c2
126914ad
2f6936b3
3e551fec
28b2f638
b8cc6d42
99e2c9f0
db499a5e
e847e5bf
8af1f727
36bce88d
de0eb63b
11f399bf
3a4d537d
9475d6ec
fba076b8
5b968c63
c94f84ae
02915023
3a31a949
ec095665
1e7735e7
e1be99c2
625ed0a1
b11f3c04
856d7e2b
7fa9649f
346f0d42
6d23d381
fd2cfd28
33b041ec
4a36596a
a2706507
74ca9f8f
c056ee52
ae08b31c
b5068a09
ecb49d6a
9c25be26
57cc1116
6839c7c1
48f83b81
be8fb4e5
4a752d6c
14c38a80
d7e4b169
78ff802d
97b6ee50
05e5a6ae
9737f8f6
6d0890a2
9c810aac
074e5c86
5701a7c9
1cee7095
8d6b848b
42a9d4b6
7fda3d89
350b363c
2a5f649a
1f44b87c
8124f779
e6b0cb1c
05b5aa55
af15176a
b2f26356
2d835f5a
8b6fb1ae
d613af63
dc0c4d1c
e0531eab
f341d268
e89a6b2e
1a00c3f1
4da2bb0e
42adbb8f
4e580d41
b1f15d99
d20427b8
889294e1
9bd5e526
c957e55e
8a7bcba0
92f9f6c7
28095a37
6ab8c990
02d4faf5
2cc89230
ef5f2397
6e950621
04796029
27f6d6f7
58214403
64829633
fed94f31
30df916e
9cb432f7
47b12fc2
2b628226
1fe98915
f7acf070
5dfa5081
eaa515f4
4b6d8ed9
ac6ca3c2
3a8b06c8
101757c1
a70e5c76
fc95ecf6
606a8213
3537bae7
8f0c4192
e0fe43ad
39f50ae8
8da0913c
6f6c811f
16acc9b8
7cea40d5
aaefaf0d
beca31ca
e692bbd3
8cf8e7c7
9009b727
7b4d8e71
9afaad30
24c5995e
6a2c4789
b97fca07
47de4918
515cc2a6
e804a262
f5535486
67b8b787
58458b43
cc9e6575
062868cd
6d0867f5
5f2816ce
e3cefef6
be143f3e
078f9b27
698b2b12
91c4c1a6
37f0ae9e
664c8e6f
07a3a04f
06e54ada
5875fda5
1fe4e6e5
e438e859
df452cc0
217f246e
7ba25477
14b930c1
66803bb1
5f33420a
d9312fd3
65ad0776
6d371f37
54e6b3bf
d0b34c17
9f0fe16f
07642f3e
d2f6619f
c674515d
c7a53932
70ea6713
bd0b3bf7
94c36f6d
dcf8ccba
68922fad
8194bade
cf214699
19b0b960
dd0b7bee
fcaab875
df2df947
60a001e5
730ea4cb
55657700
8b245282
2ff65538
4f75d590
4d324113
a71450fb
8c6fe9be
5a5a3352
9a3fd40a
776a2ef5
6426624f
a5951978
d1f95e85
bf19f1b1
a4ddb5e6
5e4ee616
d3008d50
97f76ca5
361dc314
419f814b
87618b90
7469c3b9
cfc67376
34bec7e2
641cc9a3
583231d7
df1304b3
4f225551
b4868535
e022f385
7413992c
e1f54c57
478e8568
735a11d9
1d440449
24603f4f
52b01feb
78e7beed
68717770
9575d3df
cecaaf58
ff1dbbc8
44f760ba
b4eeed8a
42acbd85
7692966b
afa36cc4
854a36f9
b13b9153
a1238bbb
dac4f1b1
daac8ac8
35404972
b1acffe5
e459516d
00e65cb7
a56bf8ef
94b8cf54
2713365d
7ace6091
6d5f641f
ba445ad1
12d2299e
abd98fae
dfac55b8
f6749995
cd876df6
270e00aa
047d57c7
7e39f025
4793775b
06787f07
3a8be2ab
9d0a9944
0a6db4f5
229a1b0c
5e8ed5d1
02a24eab
25966910
fe37b40a
1e68fa71
25fd86a2
30180af6
199c98f5
dacdcb34
16c426c1
d195b62f
8d5cd567
e9f7ed7f
9f58ed33
dd2745cc
86453f63
1480b957
76e148c2
a0ddc0fe
00839f7f
1ee49fe9
2e26d5c5
675ffeca
8858a3a9
19947a5f
4d25f730
8bb254f1
e4ae9887
c0720858
ae505464
3f4c474a
430ecf98
c54dde26
afad0d22
cf200ee6
11699a98
656bfb25
5be59262
dc9d7076
20e2aedf
d217fc23
9fe2d7aa
67e95101
f4e3ab45
b0e23b80
05da4969
d21ead52
f1293f88
0dd2c864
cf12236b
e49fdc54
fdbf281e
0f206c40
57a5cf94
24b02f5f
0a2021b2
ccdab199
c7d2414d
708f70b0
4dbec07c
23905e24
22cd8bce
e5344094
c9f836e7
2bb29fd5
71487dd1
a0be37a8
af2b952d
6c4526aa
da905ea2
f9cab600
4e56d125
1a35589c
95f681ef
fca3224a
85afe9df
6a128735
647373af
4ad4432c
9485ecf4
0a747759
177db7d6
9163c5b5
d3773abf
b038d54f
f8bd60e7
c094fc57
bcd848d8
0da15519
c74eb598
2e4a11a6
e3a214b9
8799e043
c9aa6ceb
02de90f0
c8dfea90
8433fa96
9749a3e6
c5937dfc
efb9b5aa
f89fbcac
ee4d5e09
f407c52f
98e64cbe
7f4524c6
a06cac28
88df6d5c
cbef2326
def56883
0f431f51
f98829a5
6b22089b
6c1ecde3
01fc1172
f99003fb
c40cfe8c
20773f22
35f0818b
9dff9e0b
a9e7eb94
c63d7a1e
46af5a81
121aa3be
8bc55188
1f7c6f32
c1d6a99f
884d3e4d
df15b86f
6b15e003
35a89aa9
f9489337
8eeed2a0
c3e5e75d
9ec1639a
e4fd22a3
55853c17
b2f30794
923c3c14
a2686fab
5c3654c5
43794dd2
32a42ed3
58bcb8ec
3b8ab8bc
ff3cd0b2
c07ee6c7
88671a14
0f905f46
8b6b323a
48ac912c
8ba6f168
e4f0ae0d
d71fa435
50bbaad9
99f39d09
a00bcc20
e87bbc07
60996cba
eccf4d9d
aae10b43
faacfe67
c965b637
8bce5526
6c3c07f3
748023d2
6fb12e4f
05658513
0d3041f0
a4c62d97
4feb588d
bba7b4f0
ea0bdfec
af34f5f7
00cbab72
c11fe5a0
88d495d5
57a924a2
1496fabc
b3e2f4dc
42594e60
193a0eea
440b31b9
65bc1447
01a47c7d
4b58f668
e72e48e2
e871e09b
583fbfea
5797a96b
f5e99ef6
00d0804d
0bfc2c01
41f52cdf
69b963e8
fd4c604a
59e605e8
b23261e5
3fd962a2
622847e4
304aa34e
e0497abf
2cc15b30
f34c4483
005f34cd
3e1a126e
f6aa64e5
fce5a63e
4c6a07cf
9eefd146
fc234785
0ea6106c
59d53119
013bb2a2
9a96ebb5
bbed60e5
e9c8a8bd
6731ac92
06db7da3
448a0b94
bae9a468
42f8881a
2c87dd07
33cd8414
eaa7f3d3
8f6eae1d
0f094a2b
efcb18ad
17012682
49fe922a
ecc86117
fdb4dd22
a4056b6a
246dd41e
43253649
5860f35f
876d3b1a
21c308bd
5a459237
e863c0f6
9fd451c8
a8463cfe
94e0a952
b89f9f57
25de074d
43cd6f16
2bd4d821
aac4a969
c2db453d
e5eab063
cf37bb90
30f151f2
432c8e35
8fa2af40
93128ec5
9b83bba0
720e76bb
27f05237
9b62396c
55b53e2b
bc74c573
bf8c54de
97e644f5
b061a269
01b4cf9f
90ab143c
b7b1486a
4934a1b4
7d4ba995
0758b889
197b850d
52982de0
b3a4c832
7ef13103
42fed00b
870072f4
a2887d3b
08c63e2c
2f78ec0d
6dd3fb51
458393ad
c9332296
015730e6
0e3beb23
18a9e30c
bdc65c68
bf278eed
91bb3b90
2fe15e74
81d45003
715288c9
293ca56c
0fbe0f24
0507e929
fc741238
b8568901
47a52afa
bdb96b67
8a6da2ad
f93bab91
05707b15
48491d9c
14afa441
e4d97e12
a870287f
028c46c0
c0d47eaa
af223c6a
fd4e0f9d
ab0b89a3
9dcf133c
8abd31e8
bc84d2a8
fce9f9c0
b9e29d28
a2bae96b
0d6922a0
0e9bf1fe
64253c2c
b7bb627c
a5657f46
5b3afa00
8b25ff9d
ae1efb36
5e7872ca
5402419a
9a10ffc2
38f75bf6
a2b7b472
d30213ae
bf84f9b5
36fb746c
56add2b7
7393dd8a
0c71aafb
1cf41bec
6eb35128
965c3f03
2636ac7d
8497c181
e85c2592
f1242f45
ed5a1143
4136f9ba
5e3f21fa
fa07a3ba
c06c74c2
907664b8
c0c813c8
949f2090
612e0216
8cfec6a0
d1777a15
f88d64ef
d6057207
70f06a85
c9be7ef5
ca7b6565
7c2557ce
0d4368a0
6abc49eb
93aa5d4b
d869780a
1a60347e
8110bb29
58cfd273
f2bd8553
00ef4f58
c983409a
939a5a12
c3d6b9be
88cf0a0e
585127e9
e92b0e5f
94f5efcf
088f7269
3e860008
2e68962b
a910e7dd
0888b828
ee3b4a2e
68a7fbb1
6de39b79
cf1a33df
a5537a8f
8a5d0e4e
590fab04
2180db53
67be62e6
d7bc15f7
f55931b6
be9c9821
9e8d734d
2c7dacdf
a52605ac
d7e55bc5
ef2574eb
76beb2d7
bc645605
e23947b7
933798d0
6598b006
0091708a
fe84de8a
cfe02820
966de712
7b79f8f5
c8882206
55d80822
cf502bcc
8f1015d8
38c132ad
cc072107
2cdd7794
c7d966e3
8bab1f41
e02a2760
3c08d563
f2306011
3875de08
f5276592
2b300258
4419eb45
575f885d
6cdb1597
c357a6c3
c6747d84
715ff5a6
72853833
65e56cb2
c61a59eb
29c89078
43363efb
19ca8d6f
448e62dc
92617076
31922661
de99a50e
ad3a1252
017498aa
de53a2da
eb1e4c1e
712e3750
4f49faf2
72e7ddd9
a2cb9797
d71aeeeb
d23eba88
a898bfdf
53030dae
646c4a55
49f50406
c7c3a73c
d7abab6e
fa017bad
7be293f7
1a108019
48670710
b82f3912
bea78414
8a8143c6
fdc385fa
22ecebc4
4d12b5ce
6ec47b7b
d4c61e6e
f671688b
b76cc25b
cbd10cc8
a347446c
3296d0a9
f8f319e8
e204d5ef
6f983fd3
642f17a2
5db98d2f
ef973f01
06947c7a
aa746617
f0643ccc
884d6172
a8055b23
6f4668f3
e953623f
278cd615
148b3ef2
19fdac58
22a9b603
99525ad7
9312a9b3
02b1fe81
9159c611
9aede95c
df092d5f
aef4b1ce
2160d8a8
74cd77d2
9cdc03e9
88849a99
61215932
0ae0ba11
a9f00cc0
a5634674
7819b4e2
9e3fa7a0
33b9ca65
54588cff
fd2e8d9c
bf3e6192
128f1a94
ca61ad3a
0714c9f9
5b5f7b6c
32668fd5
90179d7b
14a15847
ca9d55f3
6443b9a2
7d89f339
3e30ab0e
417eaa66
12762f9f
27312ffd
5b1f5dda
a42cf488
6d00d316
9b273c47
e953a010
376c39b8
bb375335
7b6aa83d
e3cefe6b
bc738d2a
7703d3e1
a2815e9e
a3099cd7
82f5a75e
f5d1f671
a8e9cc3e
bca6d5a9
a46b12a0
01d1465f
0a4ce892
7c82849d
ae376035
040dc48d
2f1b62a3
2aab4384
19a7bfc9
2583f426
3be42d05
76de96c7
24c2bc44
1a0ab9c1
eb655458
7c20e14f
612f182b
c76d1efe
f2ef7847
a1154034
2b6b531d
6012a0b9
b4b6cddb
ccbef0fd
468a6c0d
6a72f888
991fa519
da2acb27
ea833a80
37bcf149
9b2535e3
8eb02ecf
e658e41b
a1a4d7b6
511349ff
3dba08c9
e8c1c598
de271981
9ff3c64a
00644f37
b9df9536
245761ca
c5a6fa5d
4747b24b
90dfd34c
3c7aa4f7
746a6025
35b55e52
51957ccd
3f98daab
bd78b16d
c1fddc27
3559227b
33df14f0
f96ef650
d33855c2
e98f5942
56441a31
754846b0
ce51779f
f4fe1e0e
d0c777b1
f8185d89
86898ffd
59b8fc86
832bedd2
2cab81da
ce8d1dd2
cbda0269
f97b93e2
ebf55a41
571619ff
111fce8b
f115876c
7efcd590
6d9a5157
d1a4f36f
b6efa5eb
080e7c82
3455b6ed
d382a289
7dabed60
00fa4103
539aa8ae
d76216c9
22d4fe94
1dc222f7
6a012919
ab67ff88
c64c6da3
34fd23bf
81dbf4ba
16d5a89c
db09569f
ca830032
fa27bb70
a47e0754
f60216de
2fe81af2
ba7fd989
6895fcee
3602ba2a
49be9ba9
c3b52f4c
adcf1022
b6a58f27
ef6cfc67
6ce4a6f7
ff7d67aa
2289c3ae
457dd4d0
0312cf43
05aac5fe
ffb045f4
16d97013
23ba83be
0a623158
c56bf8fc
f4f09d06
0d55fb6e
f5342c32
66f8d90b
c6e97b07
d8b417a3
124b0ae3
11fd3e68
703ccb70
c30544f9
18d077b4
d2f96847
01cf005f
d956871d
3f115b27
9ac392bd
fa1c9817
4ad7df98
95b4664a
36d87474
328be3bf
9178bce1
5a7f2df3
47e35073
9049f625
7f2d2d03
8b2928e5
688e201f
3d3f5d79
0492d011
8c8b3479
aa884e1b
ca24887e
3e47d88b
6f8d9e20
5577f084
c78383d7
48de3d4b
619444f0
c84c3ed5
bd419ade
4d59a7b3
4c5097e4
8b2b2ef2
30562888
5dad174b
17c515c9
1af18197
72adea36
3282f5a3
eae2d4b8
bec41cc2
96d40fec
f2190b78
bdba3aa3
a72add54
6c844194
7260ca2f
0f86e81d
82210abf
cda1db84
2cf53d6c
e047e0c0
97a2330f
e9b4c62e
5f56ec56
d951ca38
e2c1fc53
7435ac36
f7d2910f
1b975d36
f60d40ee
9c055326
fa508ad6
8a4dd533
2d9e0586
48f8d131
0905d39e
ddbf0e85
b199a6f2
2db32e71
47d863af
3e196959
757a58c0
f22ab9d1
0709a079
53d5a6ba
0750325b
22710816
6d0afc4f
62e3a4ce
d9379193
4bb96631
8891c44e
b313d402
fbede9ab
9dcdf227
52a97f83
d67d04cf
aa7f281d
a0e95bc3
f9bebf6b
e42ac002
39711cf7
4711c180
9b1e3c10
cf1e599e
819eea88
c537590f
ecc36e84
a3666fad
bcece464
2c6efed4
8534e6ce
24486d38
1400402f
9cb06b8d
a9f1eecd
11289ff9
58206cd2
e2fac7ef
fae8276c
3ebed5ae
656792cb
70e993d4
10f5613d
268175d4
0f45c8e9
7d4ecb65
206517f4
d1e10199
cb997770
4b97bcab
3c52d7ea
b35b331d
7227c9a1
e9662928
a424de29
c3dddaf9
68da11b8
774d9d0e
596bd078
4ffcf88a
cd57cf7c
a3b2f120
4f47728b
83de0200
305a5a2f
18ef73a0
25fa154d
8d235a64
2b9a8333
0467076d
75d07028
017cf582
6653b6e4
0168eac3
9a201fbb
a3315950
8b78b6fd
294c5dee
fcc85e56
175e5f37
4ba2fc0b
9051555a
e5b34cc7
0956b092
37d77930
c6d3bc48
9a067845
f4d0aa82
d193d202
d1ab3a8b
69ba3f36
e5c1eb18
ccf26e69
a6ded036
e7dde51a
34af9c05
22c4add2
58a87bcd
adeff485
3c90da7a
dc2ebb35
624bccb1
6061cabf
7ff6c2a4
53e03fd5
d74c0ed8
847397f3
273c1a15
2ba3ed6a
97de4bcd
8a5f575e
76204784
a4cfe56c
542b62fd
36ef0627
135a2b72
90bc4d68
3b397de0
842b83e2
7ea080e9
b90f6157
f190d365
947cd5fb
d6b5e1da
3b5c073d
ccc4a6e0
5b09d76c
5d68945e
b38d064f
7bd9124d
6b834e25
4aba0fc6
631b8687
6aa68322
e2915623
c2ff1329
33de4fe4
be74ec55
5c35e8ea
c433d7be
664d535c
48f01caf
27defabd
e9adf9d9
8448a0d2
9a07b79b
f268ddc1
d3c1ac09
2e5f1a09
6ed5cc46
3cf19ae8
fa3f3afe
b17e7d8e
a73fdfc9
c41ce4ea
48b09dea
3ab3fdec
e4c5b20b
021b9269
7a87c202
da3faf41
d5248dea
d7a41b66
cdd6d142
e82dcd1d
6046fe9a
4d29cb50
fc3ddf51
bd2c4bfa
be312bb3
f3a7c410
6f9df1c2
e51efb10
75e023ee
4226bf20
2d9c4de1
2027c1d1
dbac363f
f014e9ca
c89e74dc
c6bb0c1e
402b6fc2
97b41c4b
9393bcf5
65a0b093
05efc00a
4031215d
e74cd950
f0ba0b03
8a9c4e2e
68687fc2
95918d4a
232b7596
feabf81a
b4b7e10e
5a56ade5
72a30810
678139c0
579a2a1c
49edcd70
f8351f71
20b9411c
1bc26f71
93a0e887
58b9b43f
a9f20720
cbd806cb
ab216a2b
4aed6a39
12ed046c
fe7b76dc
84b76f0c
438daf47
3ac3bad5
febebf39
0268f935
b484a5d2
27e04c6d
e3d2903b
8b60b2f1
3ae551ae
8acbe106
2b801413
094e72d2
259e7a58
b074e972
860d443f
ffdcdc3a
ef2e6cf7
74a3284f
24f2d3da
afbc3f5e
22aa85d5
3013877d
5f7ce763
b18c33cb
c95c4e11
5357859e
df6699ec
8738e7e1
e355ca63
19296a8f
bb6a86d3
9da2f26b
be11801c
4c5aa5b5
056d31a3
c87901ef
e0d62c6d
8e2846c0
58f0b2b8
9a55288b
d7ceb209
307dcb0e
aa95bf80
b1d39772
a48b6b6c
f5377c7f
4daab543
7b59c082
2a7d85e6
c2e01846
fcffaef2
2d1ca622
82cfe30e
ab6d9779
29d5ccb8
981217b9
864e03ab
81535676
982194b8
fc6efd83
580f01ec
be696355
d272c0d4
c768b9e0
dacee88a
fc2ac7c5
3e94802c
7cbbbbe4
7320fee7
f3793bb9
55c0467e
fcfab7d9
ea3999f9
f9dc7a3a
a5fb2f97
c13c5df3
1ac10ef2
58f53cdd
12b28e2a
2d8a1db1
a9bd5f4f
48c372c5
f5e3f088
f5a41b51
af0e06f6
95ced2de
bd339794
37ef7ef4
de03cf6c
5a2d8ffb
9181d852
fbf26ff7
77964ad1
674a8357
d32f6027
da5869f2
3bae0a61
a6a8b510
b1574fb5
4c99bf45
15557d5d
e52e8462
81f908d3
bc842ce2
1a167dae
61d9389f
9f9584ba
cf58b45b
e3a4aef2
b9206c2f
201f19dd
a7bfd1af
ecc9f22a
8317b6ec
cc8b8d29
18f0847e
07974861
3df8faac
770014ba
c77aa051
fd69f4c9
bde61311
8f0596b3
87aee31a
227c517c
a2232ff5
3c606f7b
006de03c
312dff29
57db91ed
992240de
f604e002
2a963500
6afe207b
70d3f763
c9cd9ffc
3c767e45
846a54da
10df07e2
f444c193
e2a462a8
b0dbefd0
6910a140
da2b645c
62b75e8c
a5b5dddf
dfc869d8
8c931481
2e6b3380
4b79e62d
8033c393
f07a29d3
1d427d13
0ee6b803
e5302af0
eda50227
f1d95e37
99e5b438
c336d2a9
351c3d18
e553eca7
802f5844
0fda5737
e2ae2089
f15d6916
d38f6209
c605e02e
3a03b8ee
eed59241
cf2e1def
9eec8f66
ef095426
74332ae0
3c8b68b7
6229af59
af9633b8
55c1ee48
691393cc
7629d159
cc583c58
b1b86f91
35082734
0c3947a3
bd6b8d65
542e2bc6
bb82cecd
a938e3e0
1dd39102
918f399b
a1303a65
69e5e23b
61fff5aa
7615bbef
ec6f503b
cb6e52ef
2745fcb6
82bd6b3f
d4890692
7f3cab5f
a0b0f0f4
6b6bdbc3
1265ca8a
cdaf3d10
6ba82ad6
b0a9684f
29b8157f
49ebfe74
f289c9a6
bc10e378
af89dba7
0b534af9
2387241f
2790543d
8febb476
d5c41044
ae5bcfe2
235b6211
ac35d63d
c8bdd5c4
32a8f406
a92c6052
81e06ae1
1b3d9b5f
a293c1f4
8f08b8e2
9a8229e8
285780d7
d1ec92d1
3564f24a
ce911c5c
4e47b0f1
b360577d
887adcfa
af5b5408
7e9cea45
99534e4f
e3c01642
c00cfe06
a64e2de0
1db19f39
e483aa52
a8fdf476
d814d6af
1ae3ee2f
83e18a3c
e66c3e8f
56002471
034b8bf6
349b2f6c
7fa67d37
b01863d7
30396126
9fa84a28
4b4d2a9e
2dcd2fb1
8f523e2c
da6c9687
5f3609f9
5f25b95d
e9c3c61a
b1191dda
c6e085eb
1dec5665
73370355
f8e0b59b
2427f4f2
8d82ec6e
d1e7c949
311158ee
5b9e28e8
4eef9289
2b637616
f1930c06
926305ef
a90d0c80
1b3c110e
baae2d80
9cdc53ef
c296af5f
f8d5d8c1
3a76fdc7
5c038b20
81942ff3
8923f506
07ea9627
f0e5cab0
7fce2349
cf4c8dda
800bb681
2da6506c
12dfd499
e1dc975f
15de9644
25d8cc2f
b7fb7221
ee58e13e
bd945821
e49c0e49
cff68083
e33b0170
e1bd5fba
030d697f
6a7913ae
499202a8
3127cf2b
d09ba20a
3f8cbc87
ab9d19a9
1daf825d
516ec14f
a1abd86c
8e6092df
1b5ca482
7658cfe4
9b2b7ef6
6a4d550c
dd7a1a3a
599fb1a4
5ac7a851
56762957
f8cc9fd9
0dc6c202
655bf0e1
73bc7502
5e953a0c
c34c1a26
4117be62
6daf04ef
2b66ecb6
28faae0e
da5142f3
b3e42574
de1d64f1
22eccbb0
c8c859dd
bd809ca4
6c9d3e6e
a143e306
794aff77
f2258885
25942aff
b9b8c9da
b0f8eafb
195c5928
dd5b1294
5e306f10
299a99d9
2e9115a9
88a244db
c711dc27
6e3d0fcd
375dcdcf
52693d1d
cc9e58f8
f7aa3c38
b581e1ee
be30c330
6c84937b
239a0dce
265c673f
fdc19e22
0eb29d20
ffc0c6cb
04237da7
1962a5ec
f63f6363
5032c70a
12a3ef03
8734ace2
47b45376
768446fb
35306316
1305485f
fbd05e58
f37fecf5
d2c83b25
6032cf93
01d6dd13
94eed509
87b597ee
9c41e40a
b8de792a
889b5837
9024f6d9
d105e566
d88b65f2
329a82e8
3a31c2eb
4ff8d87d
ca1d12c6
60f93a64
b106ae7e
fde2df5a
6730479e
97b5bf9f
288fb83c
2e82a8f8
082f33f6
24611f1e
f7d9473f
38e7dca0
ad041e39
f6a60258
eb4e3cee
b6aeba67
5daf3856
ee110584
1a9db854
1f7abd7f
527a5bb5
38921153
2db1cdef
9588dac9
54e60981
2f1a0e2a
b53051e5
5e996203
29fe568f
86d72418
28d6b372
29a909ee
1a0d7924
101dd5b0
ffdb9c45
063c37ec
98ff060c
7fe9f873
5c10b800
29032c88
ded352e1
256a3c66
3e3f6fb5
aafd6c71
e91ab6c8
47becc09
59cbc1d6
1fd334ee
5097c169
bfec13b4
8ecb2259
ba8e9439
6939879d
608b6478
8c882d3a
acca1c0d
0632bea8
6d155d3b
10f99222
7505acfc
d3d3da91
b8b474f1
f363b364
24e14d83
a7744e4b
f91a1bb5
f7f036e3
d4a9e0d5
fed5a50c
04f406f6
017a1883
0f216f76
7b387c31
e372abae
76e1250d
1a55298d
53fe11df
a9729e9d
ae893a6d
b15f0f6f
46ea21f6
5848f31c
83415129
85e096fb
70c811e4
2c61bb5e
7a44adbb
1184f202
775a49e0
f2ac8cb3
046178ee
44e90750
e4659f71
a6f90234
5147ec0b
341d9768
58ea5610
5723bf84
3ab6d24d
ff1f4472
e5b0f8fa
af57700d
6b88e466
9787e364
168184b1
e4e140fa
5332b625
bb348f1e
703c14d5
a67f7d46
7324ac0d
320a94bf
7335dad1
c59c4226
f6cc3d8a
5ed5e3b4
b6c14e45
7e3d99e1
6d3a3341
4112dbe8
57950d3f
306052e6
7dad70f8
a5f13d01
c87ad909
f82da424
d9894c70
f0e1ba13
33d48182
df769e70
9bab9dac
ebd35dc3
8d04c336
b9233967
1ff97a60
2619257a
547ae001
072243bc
a5e966d6
af4fabaf
1d76b0f2
a67a3d86
d89b2103
2bd8f49e
9c2ee95b
61b092f9
0e1eeace
bbaf2ecd
90a29f36
abc3ec14
1e61e1b4
68b9637f
de028394
4078d12c
11f2fc42
8129f49f
48f32302
befddc2b
aa6f6c77
bbd45f67
372c481b
7bc1968c
6b167284
0d92a4c7
78476002
1caa2e01
742e7434
efbd8560
bd24f7e8
58e52684
7a8ecb5e
df4e0f2c
cbdb8f59
fc2eba61
473375d0
18a54394
aa24e41f
e244f6cc
ef3458c2
e1a97054
3bd16725
f18c5b5f
261743ac
0236373d
5eef5ff5
17250add
79a0cda2
628308a8
71572503
2b16f0f8
5438c5fc
dc6b145f
62f5cecf
bea42879
4ec9a02c
234fb40a
6c1d434d
4ae4af97
3dd2239c
4d9276cc
6a351a49
e6f78017
c85806cd
d8b9932d
b1548e23
328f330b
492916fc
1522c3e7
e69eac48
51e10da3
7affe4a9
4b3a741c
b2872ec0
bcbfa88f
7c63e758
1194049c
b1fe4fff
7833ec1f
b3b1d627
a7db213d
bc60f8a3
cdedea39
65f4bfec
b3219be8
8bc7a306
8b4cc675
63cf9934
8dc37940
bf8a0e95
3542e699
5bafb871
38980a01
02deeb4d
2953b656
acb26ada
dcc21fee
78cd9e51
abfca192
c61130d5
e177fad0
db934d06
f44957ff
086dcc24
8ccb8ed0
5f2ffb58
a8d1c43a
9a8f4e31
1a63a535
b66378b7
f7cb75ad
b6adbb52
39388d91
39dd8354
bf5fb66f
7bdc2666
1d03a42e
594c4d4d
cc5522df
69d02dd8
e108664d
55f7a50d
8b9ce166
e1b57d7e
8d49d413
4eb61136
1e8278be
63279ef4
8fd38788
1b7dfb39
274bafb4
051ddbaa
7370575e
4aeed9f3
abced27b
41b0dddb
1b798b1e
69519c73
0125f29c
51b389c7
31e449c2
a356e02c
9538af25
9b55a62b
dd8aed83
87637e5e
fdb18b4a
57cd09e6
28c7e15e
49652e28
78ab5778
5acf951a
a5fca4ac
1c4ebf18
be16830e
a099f295
47a8a3f0
2907c97b
d530ec8f
dc8c733f
0f9cf30a
ae428574
23633a42
c14052b7
a9cc30bc
d4af4d71
9d2f0dd1
ee3760fb
47283c0f
5596773b
f55a0ae3
34c02ce0
1adabd8e
e0003c5b
16eedc5e
61ca276c
81d10a1f
b2c5f096
9631e95d
c85986d0
e8fca8b1
c0bc7ec4
a3fff7b6
fc2a3f72
c3407090
6710d119
db4a3f80
0bf44a7d
d5cecf20
8973ef95
64a78f75
3c65dff1
74ec3bbc
80e38c51
dc534845
1e2defe8
d9c77e00
f6ebc563
46bbaa40
4d85c499
57c55c52
75a32cd5
17091de9
a230d1d3
b9575716
2502674c
5491a499
60542798
704decab
76c5a2a7
90b55e0f
55e0d515
a7080434
56542993
bfa22420
9fed6fd3
70f5cdd8
e09b869f
994df9db
e8a7d6e0
5d00247d
687abffa
cf39e738
880d4437
31fd3a32
41dd1c8f
abdd3889
954fc30f
c8eca698
dbce9867
108dfcc6
4db802cc
f1d523bc
e1f3a4cd
38238178
49980abe
513235f9
e62ed9df
9fb1cdf5
67e8e0b2
042d34ed
f4a87315
a39f6070
bdb9b0b8
fe70588f
595985df
55a874ee
3d86b7f4
84700b48
26307144
2b044c48
f32ebcce
b25abc35
5e51b5bb
743ad8c8
cb5a2479
757d31f3
bb243212
91abf881
39ce545c
9bf0123e
af444245
c692c9a3
6b7a2870
e0f3d60a
dc69b973
83b236d0
6862d8e4
5cb66a3b
afd91aa3
1d2aa045
6d66be54
ef200342
064ea826
ba0a31e3
7af3d0f8
1d76c14e
6eb31fc1
a42c15e4
f480532c
2250279e
f2dd6d2f
b06cf0f3
e0227e8a
519e4713
b6f11e0d
332e6635
02ff81e1
aab8c880
c6babbd4
a9ce15b4
046ca108
99f0ccee
8dc4d7d8
f0c454a7
3041b86f
eec722e9
59daf324
f0706f9b
4ded5a1a
336340ed
34a76712
d0ec2d30
fc0af535
f72c8803
a3b7b9b5
c4a74d55
8cb281b3
4c1571d1
a7cb3806
d9b89403
ac2aa27f
f4c2f7ed
eddf5cb2
cf6aed56
cacce2f6
84d33e5f
800d55b3
7ddf3d2e
d52cb273
2f3c8b82
77de0024
4c81a2e9
634b6e67
de76ada4
738720e5
64e2ae28
15d161db
04a9b8ee
453847b4
f412cb33
03eb4ca9
25b56b56
93220819
96096029
fb8fb8cf
9e5d8e04
dc3e208a
1dc2ff3d
068abbcf
6f9d15f6
6955df87
860f8c75
87a3e115
8ba6a675
b26d11e1
1a7600e9
9702f65c
f0eb45b8
93dd3b56
a24bc0ad
919fbdc2
a2de14f1
68409ef1
084ee4fe
4ef89c56
f33c2f0f
ad637841
8f0c17f4
b3a0b0ad
131d0c97
e3790fd0
92eebcb1
ea6f7fad
b6c17160
854a9fd6
00b6a54e
57fee761
e942dfe8
e54f5057
e7f34955
55ec6919
c12b8abe
bffe4280
826153b7
aaeb103c
d5727d0a
c0bd7c03
8898583d
f06887b2
f348485d
b2313afc
38b0f92b
d524d6c1
b066f6df
b91911a1
fe82fad7
9ad10d5b
d43c2c26
66a05bba
d7328771
7c40777f
275a6b28
2dd498d7
670ad1b0
9aa52aee
c0e65752
4b8e58d4
92078b5e
0ee327e8
29dc4e07
a3833f29
48a9de5a
1f365a8b
588d47b8
ff3dcf25
9df0c569
2ee95f27
a4ba0981
54c133c4
2588d998
e9c31e65
cbf09722
fb83cea8
c8877fe3
c81a879e
85c876aa
e8b317a4
c2bd8267
2cda38ff
13784ebd
4f539eaa
ac5eddc9
8b1f017a
0d3ee8a2
d572d657
78b640eb
a5c46f7e
2d5cd60b
44205565
9f169643
f604c52c
ba8f3dfc
fb22ffe4
3f1b9ceb
dc5d8fa8
d8bf96fc
66607a4c
4c1015d8
9bcd632d
c2b3c7d9
f35fe55d
f17c1647
052d3c3d
f7f36068
e43b9f77
6d73a73d
2b157517
334d2e4c
461844ce
9eb5d24e
bb7c0630
4cf9664d
662e3cf5
97a9498d
6d8e6ee1
aa11c7c8
cff9593c
7f0bc133
e299f605
577e3d09
8b35f9a6
b4255766
c7fa9842
0aa0d55b
117c169e
e65c7669
7abd2601
11d04edf
197ff99a
2fd59d3c
123833a5
9ddfa9e3
749c4fd2
51a85d41
1a0a5861
71cc4ca2
f356614e
d08860d1
4ed7fd98
9df0006a
225cdc14
821e1f9b
7c46b2cd
e9f7bf82
def9e0a1
bf5b8b37
099c8909
8f014fb7
7808654c
e09a3c9c
46340c18
315a97a3
167608f4
3a748b40
c887070e
24bcb49d
f7c6fcca
23aab445
d167f454
d24117e2
e718d83c
7ffbe053
7dc1b4cb
2046dd87
853e4ffc
d4fcda1c
b850c5a3
bc7a4ff1
4506b353
feffc645
c0dbce9e
9802115a
9f0eb58e
7e557b71
f65d4e6c
ad8cd524
d22198b0
c7caed4b
d61bcf3a
5067c044
a58d9a13
cf31dff4
6d2b97f3
e56afb39
fbbd41df
23578b9c
96a8334e
88f6deee
364dd81b
2491293c
37639507
fda9ab26
d16ce740
fd1cf1c2
07b48a50
4926e4cf
22568c10
894a4aba
c3b03c34
42ed1bcf
d305eba5
a05eef3d
ca974dc1
46c0f696
5a51497f
1cac88c0
3b2d0d5a
ca460339
4e05e309
bef3fd5b
ea474317
4691e2a5
226a8727
23459260
b0328664
ff30b57b
da6b9734
b9252d32
8cef0d13
c4e62d15
29d53b57
594c1d08
87437fbe
fe2db764
50e37384
ecee756d
6a3b4dcc
73db4dad
57b2f3da
30ff50fe
86ff4c4e
81a1c555
986c03d0
1ad7f4bb
6c5c35fb
b68731ca
47756b35
a86479bc
cd2ea8b5
1f389189
ac3f56ad
9bb06ed8
5b0f984d
a8cbe58e
5b33b9d3
ad303537
d9469f7c
5f8a5f28
9985f6ff
cc1aaf12
a6ecde2e
980917fa
e4375aa1
e30cdf10
65328f87
ac8cc926
80aa6db2
6e952cbc
ab5bee9d
078c9ef9
1e2d6ed0
cd11d24b
1c41f507
7ec18a97
bdfae69e
c403974a
6bbb0bdf
52dd395f
4b22d724
290da727
20c833b3
f1765d6c
61a3c021
2d5a72b2
028c65b4
496ef789
646c1486
396858f8
7c9f79a3
e6c15eb6
6fe8ff9d
73779590
b97f7b32
953b17fe
0f512f9c
7ef5e36d
919c6601
b6d55d4f
b2eacdd1
81439759
86b11f2d
0fc95d67
a8d045f5
adb80d82
2d0b6b46
4c12e597
04a1b527
72acc885
9c3fb63b
35e48ba7
3697040f
14c76f84
dfc5f0ff
5a9e2252
44518a38
d7c0a6d3
a04e4c9e
526ab670
90323062
11fd74dd
53b7e6ae
432c52ff
e7091e86
5fee21aa
e0bea4a7
b16188f2
8f8e916d
e9c0e83c
6c2559bf
25499cf6
cc3da43d
6ffd3460
e75b4bd8
4a2195c8
6b8d9904
cd03df12
6ad94822
3878104c
744023f4
77ede68b
aca081b5
2e59803e
d597ad31
26023809
41663988
4cb82ec3
656d2413
fc0bb864
ebe8c107
8ac34483
a839e0ea
10b9b5f8
e6d2799b
95c8e00b
b0f1590f
e1ce6807
b51d5260
f57ae4c8
9595b719
4da652e2
78b072ff
ab1a9888
f977752d
ed890644
657dfc64
84d3329c
b298b85c
17fe3835
cfe6f969
09b1f08c
c3ad00dc
156091e7
ecd23b69
dc569876
e453a49a
88d533ba
faeef98b
9e2ee7e4
189a972d
059d5052
5d7fb4b9
d6f0e8ed
b6488e7b
57700ab8
92c314cb
fb1b9026
aafd8189
4359310f
ca6495d3
4305ee3c
26803afd
1a2ec852
a7b9d1c0
2db27f00
281b8b09
762a7134
39914b72
0f1f62ad
8a1cd208
1be69ee6
cf7d659b
1a08bbfc
a39095a7
95a18b95
3ebc467c
780035e5
a929fddb
44c804d2
ce1eb99b
3c9774ad
9255082c
5942a104
a126d115
1b8dde77
a82ea496
eb3703c8
628ecb8f
c411b870
90e7fe1f
8ba1182d
bc39639f
9913bcfa
3f1dfc3c
93ddb251
976793da
c680cbd4
20bea109
67609386
d71d48ce
be924e4c
1c2d09c1
1fbb9e2b
e3a7ca94
445dba2e
901877e2
426b6a90
c816dc8c
636dfcaf
43f628b3
5ae173a3
e63014c9
7181953d
27e4816e
4eea4bca
f5f20863
2b38719c
84778039
fa63da21
a5d0ecf2
b190ea75
371d9f5a
1a253901
1dadb7e3
c161cb2b
f89e3209
e53ea1a6
10455d43
c6417615
f8f7e8d4
b8402e62
0c0a2424
595e8c03
930ba5ec
117c90d7
efa01de4
6f8196aa
f7cbf800
91bc30c5
e337f9f7
9d2be993
e326ca7f
774fde2b
1dd5f5ae
cf6ce7de
2176ccb5
e4e20865
1831a8d2
885436a7
de9aed07
e473dfda
6e92d3de
a9c83cea
64f053c0
bf84f404
0188f446
ff074306
fb969e15
22d16ddf
e23bc72a
c10782e5
1a3c7348
1ef21522
d6991a29
4e545827
6f4b8b6f
daeaebfc
75302ef6
6d3406a1
51ea5a71
4e2a9343
941d5122
f918c9fe
e4c8444d
6473dfcd
eec47108
7c4d6e3a
e0c2991f
cfc53d0f
64f9ce9d
f8624108
b8203c09
4b8938f9
fe53f8f2
a8f2f2d4
23a93980
97be424c
a10a5b57
a6790287
431d93f3
dd12e302
af2e94db
cb0c8a21
135867a5
ea35c613
0c066268
c92b4bed
aa81c306
cec804b6
058ad0b9
ac263197
2888773d
eb97454a
64fe9e75
513cd84d
8c96b7b7
166f2a67
9755cd36
f09053af
a65c157d
ba874784
1c8a395f
2f9f656f
a56e7a36
2f396b62
48f06348
d7b16184
8bb214c4
ec74fa71
14669e6c
32c4ca99
d9605512
ab8de293
ec2ea6fc
26d66a04
9945662f
8593010f
53e0e916
9683c097
3cbbac3f
6eb17c81
650efe31
e3d8e9f5
2220e646
e3ef1f72
002ab132
97979cb4
e424f834
1f6af105
680445a0
f6b68af8
dadab88c
34a4b349
fb7587cf
3a040329
f64ebd39
1cd8346d
50e6b1a7
5c904b0e
ebc59f36
5c4d17c7
28049b3d
d70fb70c
1c2ad89b
a00afbe7
11baefdc
c468767c
9e55f6cf
310cd7a9
d4cde8f5
53bcff9c
45ac2edb
ce92f2e0
8919ea67
3eff59ed
6d90f28c
0be826ec
e9818fb6
d693522d
26032486
10eb7c2f
92bad098
dd9f2d4c
3ee09bb7
9f5bc2fc
07821ebe
ceea6e14
e63d5f80
f46255a6
640f936d
5a2d73dc
7e87b717
84c77785
2ccbb15e
06ebd9ee
c712c7a5
63232296
e94dc4ee
6bd5acc6
17ed7fe0
ba355ee8
2ce2959c
b4747c34
45aed86d
4ac5d0bc
ea973275
97eb1739
5485fa5f
920398b8
c389ee72
36bdfb71
b3a06c98
785543a1
d4007d91
adf43948
7178a8e6
e8ef0054
145500e6
3d7ac282
c07cb2f7
926d4526
63fa9002
0ea3d71f
fc41aadf
ea5fe412
cd6840fc
6b83eaa7
cc37384c
4ceb17b3
edb1771d
a9046034
855ca415
2a1f93ba
d57f4e4e
aa6492b5
3e77fb2c
e3516f05
1884a3fd
1393f580
c95ba131
12c62e6f
367f18aa
782c71ff
346eb436
bfe8ad02
e35fbce6
8cada667
344a10b7
bdc5b8b9
508127d0
fb18a04d
0d3f8f65
66b9708c
5db24fd8
9d61fa7c
e7eb460b
6a66525e
a5958b48
8b6ca7f6
eddf6fdf
04b5766d
e568e971
f0901f12
9d36f3cb
2ab9ffec
bdcadc8e
2d369bc3
379e1864
66cea78d
f5d48cd2
ed912055
fae77798
969bcfd2
035ef422
6681832f
8a6d43fd
604cac74
4d888435
fccf5cf2
fd73fc1a
dcef5122
efaa42a7
5820da58
2e14864d
65725d43
f59f6fee
1436d83f
291aab47
f23cdabe
440eef6b
a59bb0da
a393ba5a
4fca96f6
bf9f57fc
f97f54cc
6f3d7adf
ccb9a76c
f2df3386
8150c3f1
bcfb43a6
4572d5c1
e695bea4
7963d684
75d9bcfd
0a81861e
72093cdf
e7cc34d6
4b8e4bdd
dc40fe47
b2878fe3
2c02059e
fa8f8b06
760690d1
2780b93f
244f6cec
f38388a5
d07a542e
c504f371
36352644
cd40087a
45aae5fd
3bbc6797
5e955a30
4fb73bf9
b1c1bc3d
4e8dbcde
dbd60af5
4b9c5191
f46c3986
18c4c528
8c512618
badc3871
8792d598
7916da08
e8a6ef43
9c9c2964
2fa4123c
119b5d6d
3ceeceb6
4237f96a
1e461b07
79f42714
5fcdea7f
b2cd1cfe
3b085eb7
2b0a7dd8
f298bf80
48716bb4
c5fcffd7
1ac06854
ee969591
b8b1dbe3
fa72baa5
09efcaf6
e69f276e
4c2e2cb7
bea9850b
4f1ce3ef
bf4c21bf
54005c42
ae8e4346
ba30b695
30aa5c64
1ffadf17
c71bbe7b
aa444431
7a8cdf50
cdb35383
5faf6c22
f745d3d7
eaddbc48
f7c6cea2
ec41accb
e2cca4c7
bcdb824d
5edac484
cf02b381
b7293838
95e075cf
f062d403
f6becf32
c44b8b5e
1122280e
d05b81ff
ace2086d
50140dda
e44b84ad
0f13b682
41ba8603
3e27397e
f81a2aba
14ebb79c
2118d490
4ad3e3f5
e3064cc3
7959080c
534c2020
3e413b04
3d174514
6300560e
51f5ff2e
2c194ce6
b5344aa4
b07a4614
efaff348
29198ecb
00dcb7cb
529607f9
df44b76d
7c8f4499
1799fc77
2af607fc
ab37adf8
8f98d53c
32dcebc3
5b3f5e31
afddefed
5628995d
e560605c
c41909c9
412b3079
c3a47e8b
c2d22e91
6709ef31
0713aa86
3a292747
c6f8ccc7
33682d97
ed8009ba
7a50c3c1
27328875
b1be7e0b
b19b07b4
fcd00f42
5a3e0a1e
f4cd73a0
0d92817c
ea18dbe2
ddf88950
568f0819
4602083f
e7b89c1d
73538600
71e37ee9
d9f46f36
d64222df
d128f1b3
2cc031bc
74033c27
637d6964
046047cc
9fa1f180
93a58848
773fbade
8ce3676c
e1dc7a0b
bd3885e5
1d0a17c7
a1a9dffe
d09c0875
63c2973c
1584fa6e
d3e69e4a
05d415fd
6a153f48
72776f76
6ca5f7fa
99010437
8970a674
2a737dcb
fc8ddaee
bdd719c6
83112091
47693110
482b3715
f7f98e51
004a6448
d4ab0709
3d05d8ac
44136f24
1708803f
e6e314b8
0afe86c2
9ef3d1f1
7d7df177
a93d6b1e
8f8b8f11
3353d485
71a95ce4
1c8bce3e
cccbaf98
9e269384
c690804f
05b86b63
1255ee29
5d83a5c1
0e49badc
1b56ecf5
1fcdddb1
2b0e5e0c
f93a630b
1e306d66
600831a8
a19d5476
6961ae1f
c8ee698e
be2ac741
3e901020
ae15c32a
d8618a52
cc5c6627
538c6b0b
0341ebdd
f970ccc0
fdff2a34
0f8d6b68
fee77918
294a4eba
733ae074
c9ba8a2e
871fcc71
acabb419
9f37d8ad
e06b1d3c
fa57479a
4625d7c8
67499d66
c84b9594
e5d055e8
02c9699e
d0ad7203
a34883d5
d57d33cc
1395c38e
d76e99fc
8e726154
89488f78
8c5fa64b
6a49ba00
fc3b0404
0bc28179
265c1d6f
1bc45d77
9d345d02
c416df48
e005c657
412e4c30
9da904e4
1b8e95be
ee1f1562
9ad9345b
36134432
8c304478
135fc2c7
8bedbfc4
beb1180e
2ba24c16
26371dc6
74785f21
8c145d0f
f1026475
0c1fccd3
453f1431
50959a4d
98553fc3
ca0542b5
2829a01c
996fef29
f5d550ec
a6d71e08
e7d1ace3
9bf91d65
b2e9c8af
f471c771
5f6fa6fe
ddb657e6
fe191423
4f3e57cd
3d3110ee
fab73078
8bbffaa4
e9835af1
d97a487f
9ec9e8e5
d97638ef
d3112c9a
26c0ecbb
51a5b310
1f3fde93
79545045
98cdb48b
e5c4b705
17a1fc77
2dce0460
450c2ae1
ca5d33e9
e8249ad9
148f6ba6
c6813c3b
c1c3bbb8
6028fca2
882cecfc
a3dfa285
a66a0102
2f0c76c7
9b4c038d
7c886c73
51c0aaf0
d74f9f5f
b029ccad
be392613
c59a66ae
a0b3a329
4e0bc102
f358d8f7
e08fd654
52ee35b6
1f4f4cda
2c5a81b0
f1fb4f46
9a6baaaf
08f99b30
486f591f
cad1ff99
51760408
af1ed293
dcdd8e95
ccec1a52
bb69cda1
d968352f
267ae3e9
3af823aa
ef22e16c
d2e8258b
1d7cfa47
c4bf30fd
76b0b40d
6615a6b5
8aae9554
58831396
64c8132e
b311ef78
512ba8e7
a2dc057c
6c011ce5
bc2efe4b
1f1258b8
d4ab25fa
b29383f0
9f51b246
8a3dff8a
8c5808ec
25fc078e
04bf3408
a5f6e7f7
580f5513
e700e4e5
881b1c4b
99d339c2
238bd057
69a28e77
35e23a61
276a45f6
9542f19c
a55390a4
3fa81be7
a648542d
3579eb2b
0b8d6b85
794e879b
9e0bdbe5
4b96229e
77710afc
93fa9c8b
cd180b7e
428205e5
45ea3bba
51322474
a2297bea
27dbd540
f30c84d9
11653752
466abe35
242eca83
52a453bc
c2a44575
0b52ce70
010000fe
22e7ce51
be9dfb27
3eda60bb
2b6a027d
0f976a0f
b80997e4
d45f015e
baefb7e4
ce712c4d
94e7cf91
cfaefa7b
0cd3d36b
a16f8eb4
479dfbe8
e4f07498
a6033489
d2dcecc0
a7dda722
7404397e
965b9d8b
58bb60be
a13be7e8
6517a86b
934a8ca6
991b94e9
9b5ee46a
bda377e3
b8b0b7cc
67657de8
d3db2904
6985bd59
1bf0bb8e
9caec40e
c1cbe539
10ffea6f
5bfdea76
30d87ccf
d771ee8f
beaf003f
8bb1220b
51f2ab93
9499f3b3
f7171e44
8f2d114b
8d889ee9
54ebc9a3
962856cc
02c28e34
3380d176
1c6eb181
8180616e
381110b8
5ac5aadb
1c491f94
c8cb8969
853846da
318b454b
7d63329a
7d3f9f42
54249d09
373e07ab
0ea8958e
9f322bc2
930ada07
c1019a62
bbf9cbc4
d2a05a04
e5f66874
37e77d08
d084344b
97a296ed
6a95de12
fba92199
2cd7a4d4
d1e456b2
3d755e4b
4132d7b5
634b30b7
aee79139
c4d37479
e1dc2bb7
f1f5c5a2
61758142
fae8946c
e4c96b9e
fee32723
dae64e20
776ab191
0a48a69d
cdfa33d0
fb8eb410
8c98f056
c0dd5aff
1bd368fe
af5ee098
1af6fefe
6002d12a
7ed60b19
491beca3
a57d4a64
8a0843fc
cc87da27
cfa71906
bc7e27e5
68d5cf24
f715d03c
ef5ca015
10998afa
191d9939
ed6768a4
0e0efb3d
fc4f42a9
97577c24
62abc9ed
695ae0e6
9d8172e5
c86cea6b
f115bf9b
9a3961e8
768367aa
54b378b1
4f0de903
b793f2b5
f163fcb7
505e226d
166ac4e4
903a107f
9486b5c5
05f8af9a
1177147f
8ce93de3
c1f40169
7af93125
c76a562b
38416f7c
a07250cb
a703fa3e
d0ce959c
4ddf80e2
05b05e63
c1fb12fd
d73886cf
3bc1a2df
fcd2e752
a7261e8e
fa0a7255
3c5186d5
9def3290
0c1ce68e
8960b3e8
7ca270a6
6463965d
c3af9c29
357e23bc
d032bc38
710a03a2
1eb538bd
8dfa49ec
5c32da6f
e89803d0
f4ac8381
ff4eac0f
73247468
48885d3c
26d069cb
56ca9bdf
b39e59e7
6cf23376
79002138
d9c4eacb
d728b825
c5a37e53
e7402787
95a67dbf
1827a657
714b3401
eea8e364
aa475ac6
62e8f369
ec38484b
431a00b3
62804795
2428872c
ad6eb40a
0616f65d
c37a7c53
12fb1f4b
535abf82
91f54737
1b64cc7e
df82ec6b
c3f660ec
f2970439
50158b11
cf8caeea
1069bb82
c424e9ce
7abdad40
2dac938a
446c00e4
4a6cb95c
75ada81f
d56b2148
990d44c9
031bfc63
ee63e728
c253630b
6878d652
24e74e6b
6863573e
521659fc
bc1b3868
b9dce983
b97fe555
ff79905f
6330ca26
34f2d49c
a24d162c
119a5b68
0419b473
606e6a38
080ea92c
7843b099
c4426191
8670b089
9c5acf99
709824ed
f4b2630f
a2a833a6
3f4898c8
a66052e0
2bbc9b3e
a3bbed33
1da1a59d
0b503394
a97415a5
53d4a8e5
1fc51ba1
2a9ddad9
a910f57a
40423a05
e751a904
9c5947bc
217d208b
28ec459d
aba903f2
f137c539
3b8cdfd1
aea352aa
5a386af1
bbaa4902
a3c478a7
b6c1572f
18bbde9d
0e61aa09
5f3264b9
670ce00b
9ab24c2d
b5c73376
26928ee2
9e905de5
30ba5913
08989f3f
74912280
48e056e0
05b2883e
c2192ee4
1f7e7dc6
c81c6105
c3a0807b
a65ebc2c
4abb9ce1
1dd3ae32
6aae9d38
9831f63c
78328da7
194955e4
4d4c4fde
524a5d25
2430cb92
95103353
fc39472e
4f414540
9ac7a034
b6e3fdd4
e27a3678
3219e062
cca14a68
586b2b5e
9d1e4e1e
cf692a70
aeccb303
2d3525f5
b8f3e730
46a5227a
bfa872ef
8f4c88b5
d51ed498
fe37b89e
2dabfd8c
1150c4a1
3158e823
a7cf5fad
cb61efb0
24650b9b
27d30b10
90942148
831849d6
ce7b5427
3b032d58
8ba8438c
f8e9ce60
e59070b2
9b4eeb51
82b9e023
690630dd
4ca52d33
c9640ff2
5bd71c5f
b3c8ae51
66597750
5ed93229
6b19e287
be6c0d43
c74a2681
f0d2aecc
0464f569
c3fa99ad
8921488a
a63b4ad2
234cc122
d6734e56
4883e0ca
a7cdea67
4aa1e3c7
adfe2dcb
60a844e8
6e9b6eb2
6ae8cd94
1814f319
48859462
bb3c85a6
5a825c22
31c48081
9b4afd0b
599410be
abf4129f
1d5b2fcc
6cf0e03d
6e187086
611890c2
131dc102
cc87471c
a8fe70ee
ba93f07f
57123411
239387f9
3efd47af
571579cb
fda0de7d
2b8ea40a
1efcea2d
f49875d1
be6730c0
579c831f
381f1ce0
abed5501
28e3c147
49aa2d62
8ccb0741
68497b50
a34840e1
c1d29c2b
d8a11500
ba2c6800
d2a20156
c3998a52
a8a5d45b
57f914cc
d97561fc
dc11b079
a9c24bb6
f62b866c
5a2ee6ff
58d9f567
a8d1edfd
38aeee0a
48944b1d
ff06f726
1da6dd37
060b98d7
d73909bf
37dcc5b8
4219d3ad
75e5bcfb
8d2d0506
9c37abc0
40bc7387
175268c1
1306d964
cd6d9351
9ff61692
f9ab7800
43cd59f5
f6823c0c
917f752d
8487b2c0
292efe4f
2a0bc2bc
19d119d2
6783d047
aceceec2
17a27d58
59237adc
f964dde0
39c57d0c
5af271fe
8d7ac898
595df72c
10b89af0
7f35fb63
cb6692af
3f5cb8f6
a007b637
8eeed7b7
d71baadb
ea53e49b
4ed9309b
7186fb3e
72cce58e
21d704b0
e96de610
e0565427
7086888e
937410e5
3c7fb271
8c0f1a49
8787b0aa
43cbc403
523c8d66
b195b96e
d1b73c72
f1158aae
484d3b4e
0bb5175c
8286bd93
f3aa1629
9c82bd5e
ae0a018a
295de477
2fba9d5e
fe3d0996
bef32431
94d8486b
2779b6a1
241e5097
2f9435b1
8d6a6520
f80ebd27
dae314b2
b6d41988
89456c3a
bc85f53b
4670116a
cff31bc4
3df27da1
3a8af4c2
e6425fab
1b5a4770
2539bbea
5adaabc8
fbd62f39
f8131401
c8fc5048
1c5b5772
a010a928
138b85f2
058b7968
3e6fcb5b
279dd3f9
21b51c08
c4bfff52
51e1fdf8
a5879037
a7aa2517
821e26f3
9eccd7f3
826408aa
6d586b52
6671722b
4eb2f011
06abd169
ec5f2a6a
2b5fb283
7cf83c84
1678a730
514a699f
934973c3
1b18e63b
fc2f3f54
6373e476
e0585a88
8a2cce8c
6c55a932
f70334eb
a25d98a4
386b1000
170c9b95
0bb14cea
67afa27c
efed1a0c
d93b371a
44dd3636
a16b605b
616cbb8b
35a9b025
760f2f93
ec5dcbcd
f1ac6abf
e38d2c82
85b4be0c
5cd3d1f6
fb4d5280
72b23bce
8cb7c44b
f3ed54d4
7788f58f
4e1d0373
20119d0a
65aa4e92
a37b0d6e
98032ca5
4f69bfae
6b143fe0
71e17b14
8ef95ef5
01d220a6
fd1e8ae5
a405a444
0128ac42
80bc2452
82faaf69
35eb78a2
051dae7d
aa989494
b9435ab1
90b764db
f9ab636d
2d17b84e
99dcbd61
c063d179
f3d927bf
32fb2928
ac1e5a27
8c0bb8ca
99422d23
40224950
2801f754
cb84f801
c41aba23
f88ce20c
fd675d2a
ce80df2b
79df66b9
34098b9d
aa3f0d20
38fe354d
34aaa6a6
6fb485b9
1f789d38
972cf1b7
2a58b27a
beea6251
a6a75b21
f5a8e5c0
cb02b848
1d753fed
eb909789
d558ac19
dba662f4
e8e5c808
6d78ffba
237f595d
c2c73397
b20df86d
ad0b834d
712bf27c
e3eacc0e
f701765b
e0852d7e
e073328b
426022da
81537927
208a2d9c
c20a7f00
30ad0755
98ba01b6
c91913f0
878bae23
bbb95784
b87a7b20
14de154f
188450f4
c1c9ae99
77446614
8b55e137
d9104b4e
df458d32
b29cb223
bfc0c9af
785a2075
b6c755bf
d263eb67
4ee4c0e0
09edd81c
ef2e2c0b
7f4472dc
d2eec033
57fc0da7
1f5856e3
a503b801
927dd100
23e560ee
70e40552
f98993d5
b59993ac
7a665b1a
91ad3098
c07b43a7
a9f103a0
b92dab22
85744dc6
955dffa0
7f94b474
ca525fd9
b48edead
84326900
eb53bca9
041c8b8a
38dda6bc
0d467799
b513fe23
90289248
ce5bbc78
8348f2d2
3f4d773b
a4e1a22e
842165fc
bb4887d3
dde4f34a
323fc30c
819ae243
678f79ea
9efdcbd3
d770ba10
c6699b29
5494f44f
89b35961
b17e0dee
68bd446f
c6284a97
2023686a
e8efd15d
4a4b7fdf
93a12de7
75af4bc9
061291e2
d1f18555
ca31eaf8
1abcb8af
388ad11b
379989af
d32135d9
46d78d94
5bcf92e6
9bf3c3cf
92c0134a
858a78de
98aa6f56
7d587b36
35eec709
4cfda04e
e6779ab4
b10314a4
a168508f
c4454353
e9cdbdc4
90d74d3e
57668146
6e8e5ec1
0f93a12a
0d6d42d1
03d1390a
bafd0532
51324bff
11f95cf9
76aa588a
8adbccb7
9ae7f731
e43d4311
c7b7e2fe
46efde4a
19fedbf9
92b2cd99
ab308b39
f0a93452
1240f723
9836bf51
b44baf5f
f5a5de6f
836b323b
40a8350d
873f7729
52961b44
ae24a4db
6d44e904
fce637f6
7905b5ba
39e0de03
66354d73
3cf21d7e
94e1b8d0
dc86cc8d
a7faaec6
b660ed37
d30d4254
13b80117
60c7f39a
482b64c0
b2dda5b9
cb3a570c
baa96bc1
6df10509
e7507781
dda44971
c5c225b4
afe844ce
494b39b6
e1c03f88
2018de90
4292add5
f228ce61
9777e9f3
237e2637
10ae088b
e65f0ad4
e7b4a396
0b0d14d5
9b6be3de
051a5a96
875f0bf2
a20e64a2
bdd86e0f
b3231663
ec0ccc14
c440acb3
eb022f58
73c67dac
3207d135
cc03b185
fc5adf1c
509894c0
02160dc0
b663eef7
bc100e09
07ff6cc1
a68007b2
68b485a9
f83aec89
10d855dc
5618c54d
989900b5
a97062b2
01e87401
e2622515
7eda18d5
85d46095
311e4ab6
f15624d2
8c43b8b4
91fde6de
89e039ed
55660ee3
03feb37e
67b22f76
69c33558
e26e6f6c
dffced0d
09f0e843
8be8c5df
f93ee2b6
886e3042
82acb951
a554e1d2
14b911c5
e6b4fa25
47fcbd7d
da3ddfd4
592a89d7
0a1dd63f
ab97a412
bdacb898
7d4a1527
c233b0d0
3114b244
4cd05caa
afe2de08
70572739
02b9e141
ecaa1f29
46a2794e
38fc0ceb
95473b3b
362c274b
ea66db09
11fb92ca
17fe807b
39c1f3e3
f00f979d
5d7aea83
057bd856
b055caae
2901cbee
1ffc79d0
880007d3
97be566e
f304a237
8f0c4356
ebb69c45
3ffa2b1a
29b39c96
1e0f4146
32d8b0f5
bc065056
b799c150
79c357a9
75f9b872
1c0cf829
e23aac0d
40d1add0
d8197bc5
1b55aed5
7f646bd2
b1d4097d
2f8d9100
28162516
7a26facc
0a9a2613
855446df
bc7ba318
cb002594
39ea8bed
7a74eb66
041345aa
f8604cd9
ce9990a4
6d20b2a2
15ed2c18
bda0f1cf
d0b14063
ef16db9d
b8c9544f
da5f508f
399bbda8
8bfdcd5f
7890baf4
960faf73
1fde2ee3
9a465fa2
67f4d81b
620f0a60
eb2a33e1
079eec0a
99e7e1a5
dfbd1acc
e070337e
25ef8e51
509d4c23
da33454f
e1c57c42
87ee77e4
6b48becd
eeb53025
5e873bdd
86642343
43840ae5
99c1baa9
7c0d7183
95926b3d
c6414fa7
190ed7dd
bd57d2c7
a6ed3940
39620de2
6310402d
09af6147
55798304
c63f0088
e3ec607f
9395464e
50cfe7e0
2a458ed9
e84281d6
b77ba0aa
aebea2bd
27cec6e9
1d60b560
725aa046
ec1c1e8f
9674e449
5545e7d7
de511208
7e1dec00
b02c340e
e3100458
90f5c735
2a7d14bc
95b0c9e9
1d385a4f
d8479f97
5d1823ed
75d044bf
d5b4d99c
9e68a53f
d32f0b58
7ac65d3a
9d49f4ca
d9cc4162
6de51bd2
1d78af3d
1b7e6532
2cd1951e
d0391ec7
8fd161d7
de91d462
67a12bec
194ddac2
e0acb2c8
a844bff2
c8e6e5cf
9fbef3e0
7998b321
90683f3f
667d0bf8
274f6759
bf2073eb
9af423e5
cf991881
7da09665
82ec3bb3
b6d176be
98d9ad1d
02312fa0
df62b402
b5b4ae93
2cbd0aa0
30c0c6d4
2b5009f9
6788a50e
1602cfda
b0ccace6
8f5fb78e
4c672079
a562dded
253f52c2
2389db51
049d1320
79d14bdc
45f692a9
63dcd678
db66f4d1
ba6613cf
7be637c0
1ed340af
ae15e24c
59d10722
5f9a0cb8
dfad747e
5573110f
dd0fbe66
72ae0be7
c984f3ce
a85e1e30
189d547c
f04323d5
1300f0e9
aea71a87
f30c53fc
570e07e5
69af6f9c
0fc91bf2
ba5ef889
ccb2afee
b0ab4a69
e526d5da
cc2cc894
f2f2236b
657c1ca4
3bf515d0
b0a47797
f4879f3c
eb638d0c
c28a4dcd
ed46a2d4
1a9bf51a
e32867c6
15cad5ee
a19178f5
5f7c69f2
9a0a5ab3
fad611bd
24d4146d
6d650f61
5da06d85
520c542d
c9ba9549
f96ce0c0
cbee9d3a
1173f2de
8a28ac0a
6a9dd81e
e2506af1
0ec993b6
ab56f0c9
dcb2a7ae
80a3522d
b6366c9e
0f17b8cc
f9c6ddab
6c063ed2
d0594cbc
c018bb3b
3889a004
9dadee40
2cda3032
3154eedc
3d682bfb
3afda9f0
77be2c31
f532f08d
cf43a69c
c99f11d4
5f1504c6
0e3adb00
fe04c40d
b62fbeaf
7eb5b412
cec59129
e0f16479
43ba6a86
d3bf1393
086005d5
138e96b8
ea673494
9243ef2e
1b6d475d
c3516d5e
31a19e43
4f561197
21f25385
1bda0ec4
1a56db65
e67964f8
962630eb
57546636
a9cbb41f
364f4cdb
255c2511
9e34e82e
65141f76
39af2d6b
5c464e2a
25ebd98b
85884a26
15554440
067e4f6e
3deefc47
aeabc3f4
0c703b5e
686424b3
72b46b8a
076fd968
74164e69
06bd2004
f503da1a
465b7a7a
0b91f0f0
8472acd7
ececa043
647b7a11
6c12ae2d
03354a06
e4ce38bc
58ec8350
d85a0573
86710829
49fb09f3
306acfb1
5a07b49f
3e145875
164efdf8
f7c2b900
bcbfc751
ceed6a1b
1669424c
fa3b76dc
08f7292c
57892765
1fd26437
39c11e3d
5ad0d4fe
49a9aff9
f6808b92
19a5b50b
4f94d3a9
69d2b279
cc2c3b57
23992074
f563d45f
72e606cb
f5d8c554
43344e4d
954ced53
1437ad20
d3e860c9
21d4c911
a620182a
01845db8
cc500c81
75c90641
f52094e1
102420df
13ced2c0
fb40776b
4000da1d
3329a03c
e2ea56cb
ae5f3892
60e6dab4
cdb0eaec
cd4d51da
89b26e41
4b3fa3fc
574ff7dc
9f3043c6
7e51c422
9c614e48
00aa871c
596cc838
cd1ea9ad
1d4bb2b8
088c61f6
12ee964f
c4c5dddc
90b22e03
7b36b3fa
047d0e9e
107d1569
e8ddec21
fe65372d
4897d6cd
fb8bd2aa
ba049ae5
025de769
68a39e11
7757c781
7b53aa12
cc2c4e5a
f902b989
684a1c90
50d926fc
f4d5031f
c26fe1c4
f4b8a30f
fbff5f03
13f9d68c
0c200118
8c63e439
ec73352b
d0141840
309a080e
42e5e8a3
01cf1c3b
ab49aeff
4c563734
dcaebfec
613472e5
027c0f71
f1dfb9b8
dbffe34c
d5586067
f3c9756d
71f3c03f
3770bc65
3f7d8f7b
5cc7ae72
883ee436
c3b9c32a
80432644
75f15421
b1de28fb
ecef21fb
12d8f7f3
88f4ade0
b45ccbc4
89aff796
9cfc8b38
beea3355
e89d0db5
6c5aad20
06288a3f
fa835088
82d100e1
fb634167
fab2f0c0
31fef035
10fcdee9
ef16d459
86203c77
b47d08a0
b8494094
9b2a9f99
d3e2a555
6e4098d1
d60a49fc
79854aa6
caedbb0e
cc04fcc8
202775c6
1d6583a9
0f0e5101
60ec6156
741c3195
b7f3f8c2
d5904a57
4782437a
f24d950c
5d6a9a3a
cb9678ac
94fca74d
02b5efa7
576b50e7
938265dc
3808c240
285a9e60
0942d6cb
20e87fc6
cd05a18e
5fbfff94
a9e8d9f2
e80ed3b9
7d44ba25
aa0d8b85
74d9e15b
56a60162
47cb4ec7
ec64800e
f0cab9bc
58502202
de19cd4a
11af2cd2
7297cfc8
e6bfc59f
df8979b9
e77a1d26
3f0f6669
ab87de88
5a8822c3
84ddd8cb
c7504209
2d31b5a1
6b369403
8f63b3d8
da0125d4
29c08ba9
2e034993
a1104b6b
a7d295f5
58e5a723
6c379543
4d68fb8c
11330280
5d047c11
82409f12
a5f06fa3
a88f2f81
e29a0efe
cbf674dc
a8d33b2a
397582d1
acd32e86
e972cae7
b5e02cf0
bfb0ed2f
e0bed885
4e62cf12
e7901e92
6c07bad3
f0ef78dd
e16e33c7
c5cec9cc
821fb157
f29802ed
aa7eaa6f
995dcb36
27587e4b
3ab04a63
4c7a403d
8bc1a263
4e3e2905
e8c75dca
6cbd92d5
020ce966
7b2cb836
696bca43
1457e812
c3ee4bb8
59b09074
3c7880cb
a05f299b
e8e10e8d
ef2988b5
19d7b2ea
1eda20cf
02be586e
ffcc6a57
2250d194
342bf905
2a64ec80
4962583a
4ec63808
b128e18b
0e2337e7
73239288
2f20d411
81ff36c0
83c7af33
b21f7043
def0f748
c32b7fc4
36a69c0d
41ce9d5e
dec799ec
92bbed31
0caaed5f
71259e3f
9ea1f68e
ae7cb076
363fe5af
9bc67daa
da11e5f3
33512224
f5a09c6e
2388c078
4b7c6adb
02ca50c8
52bde081
3b1b4d37
050d0949
20ab103b
17267ccd
cf49a2d2
9960743b
6b0ca6c8
056efd62
8298d063
8a0b7909
406f581c
c6fd38ea
5de94b5a
e4c4127b
b7e366fe
bca5a760
017dcbc4
b8a7ef06
eda6b905
6a468c86
c1143ccd
973a4eeb
020f7298
67dc9276
47d73f5f
a7ad6761
63691ae1
4696459b
4a8933a9
f3789f37
f35fe078
e54c1dd0
b833fbcb
2e15f5ae
84afc23e
e1efb50a
fe912b0d
a5ec3855
7e37ade6
faee2c43
d3ac2df0
9452d9d9
225a53cd
6c5b3c5c
71c78f34
8408aba4
bef0005a
6198fbc7
a2e4b257
a1674800
448aea53
21d050d3
528e83f6
dcf0534e
05a6f842
8f7477b5
31d839f4
ea32f267
3bb74358
a8597c76
7d280c3d
e95ddf2a
05ae78b6
9da360aa
c77d5651
db5f51ca
1da72659
d4e3270f
b0517ece
6e96d04a
27668aa5
3078663c
ab40f403
0dd91283
dea5cda7
8532dbcf
1721c9aa
ec874aa0
bfba4169
05744ee2
19a15e76
7f9f6f61
dc13cd58
12ab6f04
9631c481
7a97c9f1
f69cac85
028b9d63
55df7bf0
ee85f2a0
4aea83c8
48e25ea1
65f9987a
88289321
d3d33ee7
35ff18e0
0a8d01b1
fdd5e96c
5ff16b10
20f91979
79112ad2
d523da17
624cc9c7
95fedbdd
9e2ecf7f
bfe09f7f
2dea0678
c9832daa
2af14d91
6b2eea30
7b7e9184
8086e143
c97b4d94
b9fa23f0
4d0ffb72
fe5daa02
28a43e0c
43d8de7e
5af17cd5
d8172a60
963dad6d
51938805
32f431cc
2d709eea
eb15f63c
ef99c675
3db6b61e
85d57724
4d0db53c
8ee355c9
6f1afb64
3eba08bf
8a173a49
c69bb026
a37a2549
1dbda2a0
94d73cd4
1afd2b32
4cfdab1f
ca58cdd0
afb62001
1d708e9a
98dad1ab
9f15cb5c
e9b55403
2597a6b9
f95d2d39
c3be4bc4
521f1a47
9ba3ff6c
6d8fa42b
b85b9d6e
b5312a35
9e8f83ce
b038e215
23389128
12acbd66
2507c326
710edf77
f6ed2ae7
258d84df
37d3e4d4
22616f70
fe627e57
84b016e3
4bea8f75
5a806c97
b54644de
c66afc30
a47aa806
de3807db
06a21ffa
eef2d7d4
3509b7d0
7d857309
af63659b
b9dcea13
b74d93dc
a3f439a7
bcd9b327
dd1fd959
e0a9a223
4958a2f5
fdc3a2b6
bb31e9fc
47cb759b
067825c7
5ad85047
4ac39dcf
16364f32
25dc7b9a
ff42b76d
9c4734fa
21d17b56
d9cc3d6b
924f393b
d864126f
1f12301b
7b3eeef3
7afb6de3
ffa7ce40
cb966397
fb748cc5
376f2fd3
8031f5b9
6e57d5ba
08fb268a
e960437f
c0f5acf8
d8385fed
ab7757ef
70d8726a
ac34a920
1b0600a8
b97ec901
6b85fcee
57128aa2
ce9ff9a1
04d3eff4
5c873f22
d70770f3
1a38839f
4327b1fa
160dc5b6
79d10f8b
5c2830fb
1cd8c1e0
987cb1d2
c69828d1
b3cf4b10
0f01ae86
60ff0e2e
a66b58d3
635a930b
16469956
68eb47e0
02ffba8b
407aabdc
b5250adc
9bae9c83
4fe5cb1c
26403bbf
07ceafa4
95729199
2f7b9519
e6cbe555
d64004c5
0dc13a89
7891f7e1
8bd36e37
24aa5a9d
90c06141
01e9e995
a7b1a8f8
c772d44f
22942cf2
464dd197
7396baa8
3cbef1e9
b2f7b5a8
cc1066a9
d861ffab
15096041
192ac4e1
776e437a
5f2ac3ba
eced8294
cb5ab5ab
201cf0dc
7ee2d43f
a8c1e7ad
12b5bb57
1e3e3eb8
e4c31bcc
70e1da31
3f5c23a2
de2ff8f6
071425ae
f7952bbe
0eba9b2f
e635edc0
2a35c0c6
d78473d0
6635bacf
fcea7d59
db619bd9
eb433554
30d787a0
c45f1191
ebc97647
653f6c27
9fc2c73a
239971a8
b82298be
8d9089a4
082cb936
7e4ce0d3
a888cef8
9ba55c33
3447a062
c93b88a7
bdc9a2b0
ba63299f
354460d7
92855378
25a3aead
5eb2f456
073ebd0a
c36d3de5
fee45e2d
d119531d
942b5aa0
109b86ff
68ce8d7d
954f486d
f4181fcc
0bdd63bc
52fcbd49
6fea0383
dcd4fd8e
2fc69bbc
6a9dd964
e797063c
ed403714
9ffa9a65
5a7ddbfe
c14f049f
1a427a51
f4066a75
10520cf1
684c86f7
ead14d7e
aca374e1
85d98a3e
275c1e51
365bef5a
3da1dac2
d9caae7e
0ca027fc
03abd9b3
6b2d3a5d
40b971ae
bf1c5be8
b8497ad8
75541b71
31724dec
6131c0eb
7cbd03dd
441f7a7e
c14d1516
1e1378c1
506768c4
1289791b
88eafe0e
3241e6fb
dd4eb734
7eae6ee0
dd34dc79
91c03ba4
402aef3e
a4691ad8
61797161
a5fbafab
d1da522c
e86c6383
e79a002d
54618fa2
d72a5068
39c4c19b
9f09dd60
30146972
1a748a0f
ed90dd35
30f6c3ee
f9e582cb
7e2404b5
28e9a66c
98a127be
36818b35
fb023006
1d577e67
a1e7026a
74e6355f
fbfc0359
0974ccd2
8d365005
a1eca05e
89082f0d
11d0e659
ae63da54
700f28c0
37fb2b2b
01522ee4
d55f18c3
feab1fe0
37bd782b
8fb2da97
48ea4c07
2c3f3af2
a742f702
cdfbb1b3
c27c06f5
16f27324
4a4d328f
6f8834a1
4a9825cf
8a1db93f
9a72b3e2
4ddc2945
d6694adf
19687d86
cdce6baa
17de5517
72e7ae89
61ef6f52
0ca84350
9c8a6711
dd6dcb85
e7b668eb
7fc8aa7e
3a6cb89d
02968a62
a88ed26f
2aa26ace
9888bf53
633184a2
27184370
c1bccdab
5939b44f
99bc1177
69cd6b7e
50fbeccf
812155be
d94eced5
1219bd7f
937fbb24
e77a2c09
fd90f3f4
9e2e4263
9a232312
36629a72
c0b1f464
399c643a
1674a857
ecbf34e8
4e640ed9
385669c6
58b4bd51
2cc1a11e
04afc08f
6b7584d0
a612cdc7
0ae01052
15a0d0c7
f8bed47b
64050903
618479b1
38f7f3e8
17d8850d
e85df091
9fb08d76
4ddf4559
0bf2cb83
02d2da82
69d47e23
241dc84b
3f883ee1
32d45bab
8d8d881b
ad503ddc
f796fd89
2cdefada
833da018
d0e9cb67
d92eab05
858fa962
64d9f753
1c44f30a
c69bb118
a7a5c1c4
ec348f4a
c663c524
662452a7
6268577f
7877e4bc
18e4ff4c
66aaa58a
71646c67
61f6b073
48e9fa6f
8320161d
bd9d2b6c
06e44594
4486d55f
5b823369
a00cae5e
8d29e31d
98096cb8
0658f897
30089272
6a9ea971
49aa0389
32bfcbe4
b3a6eea5
a03d4a1c
26a71ac3
7a1c1fbc
c4978a69
8e8ca004
4b098502
0e96e216
885d24fc
b494e13d
3ed9f9e4
3d4a5bd6
b024b90e
c7a83b0c
d9f2b668
68c1cf17
7543f746
7ecd60f3
88be5ada
3f425e28
e46be90b
b012706e
3de62341
c8418f46
cc8f41d2
b2176288
968ff8cb
5b432c00
e6a55f41
e4e66507
2094b5a4
722db834
60400e81
5393d769
06a29916
e58e0916
b137b340
acad8d0f
bc8012a9
6478d5a3
a75dd265
bf3ee14d
01f96806
b3ce713a
c0c8f60e
1f22784a
55491bbf
b1e6d4a0
052ec239
70581d2d
0c4d1eb3
5cfe06be
19189dea
5e1ecfb8
7ad805cc
3656a77c
b5939220
3d29c8ab
83a9fc15
394b4200
70663a25
537af734
be124eba
0f6bde58
e0bc6508
efb733c6
30311301
58767f09
65758c82
485178f0
8ea621b7
188c7b1f
6a15cde8
a6bc23bc
7bbde9f9
16d7fdb8
c571a808
fe6ad630
313c08a6
b53a86f2
59723400
e1b544d9
6ce6498e
1f2cb7c5
b35e36cf
c57a6d8c
91be94c9
27d53e1a
82d1fc31
17a7d1da
5e000594
88e7f36d
a7c76d28
062b4b39
86c7cf7f
9a2a0d8b
a8fb0886
f49e2213
2b5715dd
f476f44b
750fa7b4
bed58e48
ec8db106
0f06d650
6c5b2a76
2ba8317c
9d73505f
1861b783
fca9d9ab
340796c5
1d35e0ea
8436ffbe
23e3599e
52c70336
e692d6a6
348f5825
2ef96be0
73282e62
aa6ef710
e5156796
7517efc5
950e7df2
0cb205ea
cde31e4d
6b77c258
f4adf306
136fda60
ec566051
2bd65f9f
e49c3e2d
086c5fa1
f09ff3cd
d22cc37e
0227edbf
0d9e3c97
8b9b8bb1
a7570e27
94ea60ae
c70656f1
b6d673bd
6c9c124d
346d61c7
92ec704d
805e19df
2fded5cd
5986e0be
37bd2cb6
d75f11c3
998a0570
fda955a2
34b2bbac
1b2643af
b92a8ac6
e635e11f
18d3ae94
cd221a94
406b682c
80b12dfb
04cdf0fc
e0979f35
7d57e72d
b7f2f974
f35dae5a
944f6f31
4c870f45
0090c7b2
14b7fba1
93b66640
b0b7761f
90e39d85
893ac9ac
d1eb14cb
dd378332
876b66da
9dba3342
a191cbcb
85f4105f
f80187a0
d649989a
4e0fecd7
c13ff6bd
c2e16069
336ad4ff
575500a5
1f7abba5
49c9cbe2
6603c4b8
cc0db5b2
2dc2d50f
9b02d97e
c5825468
6eed6e0f
a6b11cb9
21e9bb6a
c61af528
8f489797
2afd100a
977e9af4
c0272464
b1dd7011
e434a03e
76585cc7
c5d0c6c7
7c014023
d4a44e01
f1ec56d3
1df76248
c67d4877
8100660e
35fdfd2e
c1577842
e5bac2cd
0184bbbc
489d6865
57a6ef0d
c2a64fee
602ac223
35b97c94
5f55c1a1
0b53d031
5becdbfb
d2e8adf2
2d874579
6028fa4d
934dda5d
28cba59e
d3713fe2
652db124
b2224ca0
8d701e1b
58d41102
8473b378
b18584b6
237bc3df
3b01c5bf
7572a8e4
2da922b3
36178fcc
3a23eb5b
ae5db71f
0f753340
8ab19e0e
97705476
22258ba9
f94ca221
cc1e2005
0bce054a
a7833fd9
cf778345
dcf8a58a
c179b46e
0975fd14
6c33e99f
310022ff
9ea4d250
9934d4c7
762a9731
bd580fb7
29788de0
2056a1c2
79bde555
67f3dc1e
927256e6
cd71ac91
e49dece0
7939cc60
56086b7a
3787dfe9
4329a354
9f200655
62b7dda0
b971b501
75eb8fc9
864715c0
fb1bd05f
a31e6a37
a54f1e7b
968bfa5b
d1dd39db
aa2a37a8
77377927
9a6970ee
3ae9b054
9085f285
f47df80f
24fb8b91
e4b9abf5
e92b01d6
ab212e9e
50a79507
e2e3a484
581e981d
e8b2cff3
98d21df5
b6f6d823
d3a3559a
9b196b52
781d7d0b
2032ac75
c23ae3cb
563a51aa
9decea0d
1504013b
31465eea
a9f71747
28e58bc8
aa0427c6
f162e7b8
1f239f32
f478c350
6e441e79
5ce25f3c
f7bf437e
e5c11e56
077c1733
36dc8a3e
54f82793
51479d56
ff4c8820
a75f5f84
d950c3b3
e5fea720
124d4a0d
da9a46eb
daaa96c8
86098cd1
45ed1418
0aa2924f
4580997a
8351b78d
01a9e6fd
93bd5086
0c1c0650
161e475b
005c4c01
b259350f
0beb7113
dced5d17
9ebf50b0
e1843664
8e583dc0
b5ef5f30
9f2776b4
4fc807cc
a905aad4
97bbbb9b
f9ddd41f
289ca3b0
21b54565
aa2d9cc9
2f22b273
54f13665
3588401b
8cece51e
19aa8a19
55d843cd
e9986ebd
6db82fda
6028249b
f3d5ae06
84bcec8c
3c81635a
0daf4ecf
6aad4274
9e97c3a5
ba894a54
ebb3f515
3732ec3d
3c1a5587
a3fb5492
e44774e6
51ad80eb
d7a29653
287e2807
42a969b8
9c559097
e6ab9134
05263532
b3828ab2
b843c0d8
cb4cbe74
ccc01695
0c48e21c
11662939
5c6d0039
71219f8c
18d7e264
77f91509
fe5beb05
e45a5998
4248cbac
3c91a072
1b63639d
950ffab5
21749cb9
ee9f5cc8
a5cd972b
f2376b5f
f4cc1ad1
8556225a
62b51854
f640e9eb
84c276f5
898acc9b
d3215677
c4169a80
ff94b543
4ea0da7d
e80541ca
47b81b54
de859e9d
c7970ef6
ef726792
d38ebc12
85933c94
a2387f14
168f96d9
6ecc5a93
565743dc
7bbf058a
facf09ad
64ae2e50
8deba2a2
ce4c51dd
ca8daf26
924342d2
b936841e
5f1b6844
706dd8ed
a573b7f5
a222b853
503cfa27
2077cefb
ecb087cf
756a248b
0e90d2b6
8c050275
a53d3e50
5c10da4b
ac6aa507
e18d1522
2607e276
9360a512
7f967893
a00c5af1
411f8458
830f4ed2
30724cb8
454b790a
672fabdf
d8d45c55
38846aba
0fbd7a33
bf92038e
0394339f
3915bcec
5f870ea8
741861a1
7da3cb57
9dec0f53
9cca4b50
61a41180
9118690a
1b1585d6
de4d1021
f568cea5
7b3f079b
e24965dd
10a6f624
022033b5
8e84a25e
43228819
56158029
240ab701
2fbf60f4
b791a5a4
e789e2f6
a13eacbd
e18febc9
822e73f2
c652ae9a
e3b54c1a
0cf30921
d734e68a
3755ec78
d18f8bb5
3fde42e9
07e03c28
0cc2bf5a
3e138b0e
a13ffa57
90d398cd
9a836c28
17c4e2cb
f82527a5
c6e4906d
c9ca5939
df4a31af
b68c3f10
1caad347
9e8014e6
1f8fc7e8
09243e71
53a17984
eea93e4c
e57b857c
2f5dbd56
8611148d
349c3f6d
dd491c75
263fa1d6
92a41254
0d3dde43
68494219
4142019c
2f41a5a4
6550239e
4559b2ef
138906cd
594753c5
d4cae11a
95d548ae
a4d24f0e
4b4ccb77
966a0ea6
206a0a59
450243e9
a293cf96
b74d26e6
61ac0aee
fec6e856
5a4b0fb0
4c1f5fae
5ab3473b
78d3fc31
edee2cfb
265a40a3
a78ce704
56e32cf2
5cd3dccc
ce03a249
f31132ec
7cd7d10a
582c9c51
bf7de9c2
4af0b4e0
d1ffc016
165f89e8
0b3db179
1f4b31f0
57d4a40a
a9e531a0
f5f7ff48
49c1b2a7
8d38c0cd
310461fd
1a487360
90ab5732
b3e02894
68ac8e4d
d5cf0d1f
b9f21209
8ddab5d0
b77bd460
7301e1fb
a8ea6ae4
53659fdf
f35ffd90
91528726
f772d85d
235ce241
5d8724ab
9b511c62
a37d018c
6adc856a
b446b212
229ca110
6161b3af
b59b7c85
9b7d8180
42ff10e6
bc939277
157fb639
94a41b45
ee5aa4c3
e291ade2
329d48f4
ebf32395
7fb94ef5
9a9f7d06
d2cf74b9
b7511835
1ea9b1de
3aded777
e638aa8f
9e4f545b
ec45c919
f9beb6ea
c31fca3b
714e55f7
c5ede9ef
62d68567
fd3db71a
30048c55
9041eed2
1ee4fbff
b2f03d72
1e9adc7d
e7be8017
c03302e9
ada0291e
b8f416bf
7e5e9e6e
1ff21c47
d3209d3a
d0701259
955033c4
f637b050
078bb98e
67f27bb3
3805f1d1
41cdcb0e
ed229c58
6b91a28c
a7c1a0ec
e8514942
ee54563e
f6e72a97
650daaed
da5c3a65
ff06294d
7fdd1f1a
5bf811a5
605f3523
5999dd9e
276fbdeb
ca8405c2
0db07b5c
59a4bc11
0af99b42
0ba936ca
837c6e32
d9ff048f
14b1ff38
418bb8f3
e42db499
05690506
9cf32ba2
c965fb41
b7b1e8a7
de0cf355
4ca81fa6
a4c3f908
a7b00bd9
7fa46f3c
ba3155bd
8051023e
a2c4d495
329b7f7e
f3e6a944
ff097e43
c8efb243
ea5e6f10
d033e50e
3edc1ba7
08bc0b13
b21bd07c
ca92bab6
2542bed4
2198f498
de7688bd
e344cead
28bb2f45
e726946c
80cad999
a4cb18c5
3da8beac
65d859d2
b2a7fac3
f2083bbc
5a87e163
73d194f6
68a1fe71
ba914d06
f509575e
23bded4f
5c9c0ae5
65d844a5
c4d69263
c5c5dcee
b55c5b82
fbac9614
44aa76c3
44306cba
7d460549
00000c7e
30765b99
9ba5c57b
425c2b3e
204a9cc3
098a606a
f5675789
ed597002
a873646e
5b260431
efad55c1
e7bfbe2b
1f2014d6
aae19b6b
a81a420d
eb29d620
ec5a6416
bbc67b3a
e0812c2a
6585dba8
00e62ed0
62b5c58e
9a89790c
00bcd8d8
ef55346b
72d66067
65813e4a
0b43b2ae
dfdfc885
ff2007a2
05533148
0c3a1e55
b1e3ac0d
482fa9bc
1e169130
4a2e1228
850195bd
417ba2a6
90c07e11
7f402390
1d71df29
f4096003
d924ece7
d3bdf9db
fc535c98
6fc2f878
2971e3de
b44f023b
d5014fdf
63a0e5e2
9c8fd7ec
a83efe75
89fcd42d
7c56cfb1
11b71141
8076594e
20a820c1
b2b241b9
aa26839b
30ee0891
ce765d8f
bd3052ec
5adca21a
1d6f2ff5
eaaf841d
5fa9086b
aa2eb019
f9986fef
78db4e7d
33883817
a5d28812
6ec6fd3a
9d5d54ca
cf45ea28
321ab628
ff2f0ca7
c9c79cba
7048f3d2
a8621dab
91360040
76fb333f
0307b551
40101f67
3c670db9
67d82971
3c31394a
7816ec06
1759a76d
5536c057
2ab0bfe9
94fda8af
1ce3533b
a6050759
db2aa1ee
6df3eac5
05c31090
9df54c78
bb309ee5
b56138f3
dd9d284c
6a0614c6
bb4e91a9
460b2794
7dcf6be8
86f65591
c4ce25d3
0efcf8c9
ad57975b
a827c825
754b5634
ee36e7b2
6ad76492
4ee991b0
e72a543f
1811bfc9
d2f98f9d
82419d18
8dba78c9
96c40a98
e5772b33
02382c5b
f1dabfc2
627736b3
10838883
53e8d10a
70ff082e
aeaa9ab3
426c0ded
b9e84ca5
bfea27fb
99b27451
303fc66d
d6b24094
4ab17744
ef616868
8fed229e
5c601f61
ae0e0447
be5cb384
2da8d5d2
d543453b
016b02e9
47f45c32
423d3b6b
4f5511a3
4141e573
c018cb04
f67cd0b8
e117372d
f9a00e54
f534be41
3d6948df
9a26fe26
f9a18637
e5875204
f73d6907
19a92529
9c8f6e4f
59906b6c
cb45e352
92dc8065
58d400ad
c0f8556d
80e798a7
0d9b6a9e
79dbc5ba
2cfc248c
a5d3e7fa
fcb5a6ec
456859d8
843ca0d1
14f79082
3a13ddd1
74927da5
5ffec6f6
6328e9a6
bd9ec3a8
d895dafd
1a832818
8f82ecd8
91293f54
6ebf6295
df5dff83
75185575
896f9f6e
2ace27cf
28c1aa54
acefb6b1
1d0ece0d
5d2e812a
2c7b724f
0464d996
759c919d
12470b0a
97e061b9
e1368612
0f6f03e8
0d5cf841
d8c6bc0b
e7bcaea8
3f5b641c
28c173f0
d151654f
42e78dd3
d8eb3bdd
4d8846b5
ee86475a
ebcf99ec
06b0a735
5897cdde
84a7f448
3ff7e2bf
b7ac0e8f
f9c34391
a7944269
d4f7c525
a63d128c
89fe87fa
793c843a
decdac07
02e24d81
211b4d28
5f734797
c7b636b7
2d7a16e7
9b7ee7b4
b680ca70
561d2f77
8d85674e
0cfa48f8
f9482b4a
7803be1a
f7dfc6ba
ee18a6fe
a224683d
cb582a2c
0da46962
91854de6
3f0baeba
1145b154
4a833e83
873a4d6a
1c7a2e01
6efe795c
9b609f76
994d7d11
eb078aa6
503bb66f
f83ee794
bd42cbb2
62abcca8
7ce6e7d7
a396acf9
b73f485d
98ac2fa7
b640e06b
e3f77ced
813181d8
9051f2fd
6fcebaba
abad7836
91dcf603
ec8ea02d
29e89168
43741dca
d96a882c
8586cf7b
d159a8af
6dcb6ba9
17773536
cbe0361e
6951816f
76f5f7f1
c97dcd74
6abdd6bd
dd29cf88
7fcf0164
639a1c35
23892b5b
daab4d6a
d3ccc9c9
144c5ad3
7dd8de58
a46e4771
fc8a7711
ff69ca85
01183ab9
cfac2a5e
161e2a8d
bab3866a
85aac9f5
4e14f05f
d3f07250
6af98d2d
30dc10e3
eac519e3
76d2feff
08ac4559
80e38e1a
d53667ca
202a4e8d
56809470
c5d87897
939543b2
4780d623
f5d788a1
9cb6f2c0
1f34a557
f85e1398
7f8cdf4e
68c8c2fc
62782c57
99ad0a6e
24fa15de
ae7d393e
22054ff3
f4962bce
0c119419
ecc7c150
8954afe6
89a457f2
6818ddbf
064f8968
1b3ca9f9
4e7a11f8
84e7ec9a
57e69420
293804b1
1c683ca6
6462da58
da117c4c
46885680
c756652c
758ffa75
d2e2fdb5
27d778ff
d1d76ffb
b92a2c0f
69ddf91a
09249ec5
c57204db
38cde3cf
123c7335
17093e18
298ee9dd
62134367
458b6d58
2c2f5048
02e0583b
3500a5c8
168f1794
7bc058ea
6b793004
e24b41b8
c5fc9446
b9fb807c
f778f446
d7f8577e
7fe8c755
8748ce54
4ec223b5
5c245b0f
3fffc50d
2c9ed2e2
2e9fd9e3
61d9b572
b98c07e9
17565171
727be66d
d87e67f6
84951b76
d882d9eb
f440feb4
9957649f
cd5371dd
ce788d49
25e99681
f00e1ebd
48ed4d71
c920a7d0
6683ee9d
71582595
c8bd5360
38fd2308
0f11c586
c382d496
bb1b5bde
dc7e8e2e
bad25693
f0099cf3
b1643a38
f2470409
4a03802a
7add7809
6e5a6e07
50c9668a
ff1b0846
5c636eaf
076458f4
032947e9
515a3263
f5dd64e8
71494148
756dd2f8
29641941
e3c1e087
25fc828f
000a3379
8ac3392b
5123d4d8
5ca0e184
5298784c
efab0604
6213f791
80dae5c1
5037d5f0
fbb99634
e69123eb
9f68713d
b8bcaada
91187909
591bd4b5
5221cb13
033048f2
4fefb145
812ef966
9e40da87
271f79ef
cc7d423e
e36cb443
c9793891
23069b24
fc2e01b5
bf0f4899
95943177
64e1cdea
f6c8cbc4
19b7bf9c
26cd5f7e
2979e40f
aaf9d093
8d94e426
3315b96e
033f5532
dab55e3e
5f267667
acb10cd2
284a42a7
63ccc7a8
9c0efcb4
3093f278
954677d6
2c2fdb08
3e98a54f
6c1b5ab7
eefa9b31
0e005a1f
ad34af7e
23b51173
b2fd067e
546b2387
3360aaca
e106c316
15e7eb24
f8e0f3c5
359c31a9
c68047dd
010b9ce0
206310cb
0d306f36
1a0344fd
21076bd3
43d0d04d
62f2c881
47bc5b70
56959e39
4f0b5e90
bff0d37c
167f37d3
e020ddb1
89468f3a
4c9d8e2a
564ea046
ca820dc5
ec67e358
1191809e
11c85bbf
4d496ae0
62be07aa
eb29c76f
ab4d9f2d
0dae5c59
0286f62b
543cf94a
a9ae44c0
47f8ff3b
5be9d5b4
4ab3c67b
7deb57e5
f5e871ae
80644440
156446f6
2ae3cd4b
3a1a192e
5ec35391
a29c50e9
38adf189
550eca27
0507ec42
e975d0a5
3f4a7bb5
77a096cb
ca414a97
8168b8de
58154f07
cf4f285d
62d7329f
14168b7d
6a5071e1
e9e01937
b21706d4
0b7859f2
088523f1
3391e40c
ed1c1304
80e833fa
54712691
64c4e6c0
fb8fc30e
7e2e5dd9
0731c573
cc68ed3c
e82fbebb
e0e2f9a7
451e8fcc
080ff25f
3ec946dd
d44f5754
ea1cc8c6
138219c4
47ec82b9
20c2e5e4
f3b520bb
a3ef062a
2666905f
79cc4749
d586e4bb
2b218653
66969f66
1a3abebb
f052f1ed
638fdd9a
9fa6e104
334e5827
f1124442
8ad1496f
dc63eab1
8786df4b
d19dbefc
ae03b67d
c143397b
6bed43ed
b180c685
8356778d
f959da9e
834508fb
69154316
ef8b960d
34056da8
afb40f70
e51913fd
2bbcd98e
a12578c8
c9b38516
9b322a5e
11492922
b9c31194
a5ce71ec
158b46b5
d6e6db7b
bcbe0a5f
c34f4005
42b141e2
3b2ba024
aacff1d3
ca42ce89
e1e74f40
09e623a7
7fc608ae
64a16f27
61f0db25
281c8b8f
94cbd019
37d868dd
62b9623c
91266d23
ccc64f22
a163bbd3
152fab3f
e94f587b
4a47123b
a804e15b
b1dcf2cc
df29c4ce
11be95d6
a382bed4
7f50dbf8
e1d2d40f
d13e5d66
48c095cf
15524693
ed810233
75279ed0
5946686e
1d37ab2b
e2055f42
744a4d34
8076ab82
f5dee121
16a06e5c
76179ec9
3c1179ee
76babf78
0be05592
2b10b25b
96225236
50fb7c84
d2178511
74033d2b
676ccbf8
3c652ad1
bed78f8e
abeb6bbd
1509b693
58a328be
8b2a3ae4
42ad473f
a310915a
964ab127
cda81310
3684ea55
d20de9f2
8940530b
e70f21fb
65384c03
fbbb51bf
a013d659
81cbfd95
315d7789
6a2f13bf
834e45f3
35f0016b
8e720b25
2dcf596e
1abdb9ff
1dc3e8fe
7b5f0a90
dba5b556
cce739f1
50f88fbd
60eee87a
01df27ca
41e4be79
135558ec
b1581dc8
eec9d3b8
43698507
0ae2c083
0ca3b6ba
34edbb80
f022b38e
6c373447
dd4db218
0ade747f
4e6f3cb7
96c8812b
5b59e9fd
aaa9230e
57dc292a
8dd90a96
3df806b3
98e17ca4
59c144de
5a0d3213
75aaaab4
3f7b638a
324b4bef
3de648f4
6beee388
4468b0a7
1df34ab9
e02e4d8b
1a7811c4
10532164
fb8cf03b
d4fffd3e
405d3ad2
07e62371
b2843415
b4d74cd6
f4f9ec70
e78691ab
83ce8532
3e757c46
ae4363b8
84b456e2
c36a2b16
471daa52
b8a5fc59
e2f5260e
80ac6794
8782d6db
7662d697
bab4392f
8fa93b07
b1f86303
0e93e42f
30d199a4
7f461296
1f850f9c
70acc447
ecae5af5
d9edc8ad
7ff342f1
e2004dc7
9ca3db7b
1e55db3d
03771d24
faae44ed
744c4374
787511c5
93f64083
2727a370
ba709054
a732c949
3d695ec4
c08b661c
255eb738
84801264
5f56f142
aea0ce5d
5a0d88e8
890f5160
074f7ed1
fa3079fb
54e30cfc
9aee5e02
74e8e435
65a07042
1ea8b756
000c1d97
f4693548
8acbd928
cc3a9a3f
70db85a1
0d9b1756
814dfd2e
e3ec691a
b72cd1dd
8ffb8d96
376f64f2
a5d8684a
b2fef862
d3a35dfb
bb905f55
bf2e4a68
ba0d5a79
390c29d8
3ad98fa3
6e90ac95
1b441394
bfed3eef
1e2a8c17
baa133a3
0676a4e9
8f965e1c
ceea7af6
b72bbfac
db15a7a3
93dffa33
ffac239f
00203070
c3e85f87
cb03aaeb
758c2d44
f4be7f96
52d8e430
8586a0ff
62b46e53
00b1446c
2fa6de32
787c6442
6a7f9938
b2426714
2ab390c4
4dccaeb1
db46b53c
b1c74a4c
4952276b
ba577734
c28a70ec
1e616247
771af133
0eac300d
9d175f3b
a8f08c23
97e2a3b9
b129ac13
11da4686
785fea63
276ad5aa
c62ac3e5
5493b50e
647ee6f7
acab0e47
61129636
495db45c
051f3d57
b4002dad
870f7b97
67c85a89
ffb0d465
42bcd99b
e8757edc
b2757c6b
a2fa4077
b46e74ad
2586d3d0
006929ee
8fcb93c4
4bdecebd
d32dd099
4ee644c6
49a638d9
5916af67
13bb2a5a
a8fa7562
2c9e8f69
5309ebd0
a00841c9
ae178ff1
a2d980a5
cb6051a3
ebde7029
9eb31a44
42877399
3274b983
0dd5ef01
b687747b
590f379f
406d8441
ec5e5a53
c59112f9
1e0662de
99e4b5f0
e40cf9fd
1d5fe8e4
e8200065
edb65a13
f8710449
c7f14e95
2a50a904
d176e13c
a77d9514
ae3ce09b
77dca80c
b9767522
8d93d7ab
1bbf4f18
b9daf0f6
1f4c2194
f4a3694b
a8c2f44e
3f22a20b
071d00fa
47407c1b
50a4373a
1e209f7b
b430ca1c
03108805
501400ad
d038dd0d
b8ba00e1
ec6dcaf2
f347ad0b
da3f0178
78139270
41ef7c9e
61e19fa0
10a363ea
e71dad25
059dab59
ae2cb762
20dd8b42
a705f098
3bc97e73
94e59a70
d2dabd05
2a31a8b8
fbf2424b
c4d40956
fa239e89
b7adb470
255528c1
89e45407
6ff20315
dd862f7d
1559ea69
2a8f1203
d12ddae4
245c945c
6c3ea9d7
9986bff5
817f21e9
cd045a48
8fe254ae
6b8934b5
eee9f57a
d89d7679
bc1fc750
da49406a
bacb5048
c8853d09
8ba179fb
37573d34
cecb7ccc
8b0720c5
8ce95e0a
4221fe5e
c0aa15cb
c075ac82
c95f1870
6070a658
e3c81ca5
ebc55deb
4f7ba737
483605d9
9921527f
deb392c8
31b2531d
01e81055
7fb48524
0d1e272c
f683b9f1
b606fccf
5a7a2800
f03ed01d
6d91c563
f28c705d
ec7a2dde
91f69efe
070682aa
3d268963
6d5973a6
269fd430
5f2efdbc
93be83f0
3bd4e010
5d00cc9b
d6e25492
127b0fea
0348b309
b01aaa3d
4ef26af3
762d6f85
a069ef0b
2c90f82f
41353d45
35202f6b
2967b6ad
29fd57f4
e37158d5
c51800e0
65882e22
69c79e84
d8fd226f
eaaf7ad7
bb469d8d
76163736
aee5468e
c0a43714
8e9412d7
951062b0
b183ec73
4db0a4d5
7c6f2040
948ae213
d1d42897
cc1abc74
e91a467e
9b6f0414
065a85a2
8b333475
5a01b7cb
f3e4d757
48ce79d0
79737f6a
c558b085
ba475d01
6d0debb2
df03b26f
808edfc8
3589bc13
43707fd6
ddd9abf3
fc504ba0
51a21772
7ac78454
c3e56f32
ae601e53
18ef3846
03177115
4b81566f
48dc5fe9
a702d159
5818766d
8c6a5de7
3d0d1f8c
4166ceb2
8ea89faa
36efb184
db356c8b
a222ccf9
8c0fb5c7
2c5a7b1c
04009a80
fd42b428
d33bd8ab
adf37b3c
9007d4b6
38b51e3e
f520e367
c0c28fe1
b6e208be
0943dbc4
355739f9
9f66696d
1b37e948
25cdd2a7
6cb6d00b
604a8150
3c73b560
112d91ef
c1142c87
d4193665
a8680eef
9f02fc95
d297a77d
e97a9c61
e42ac25a
305a512a
359aaeb5
69cbecf3
9ee55df9
9e168dd4
ba296a42
7b4d5fb2
c7d58a0f
a41e79e5
0f7f62f4
8713ffe4
e50f71f3
6d13990b
d86c3452
822d3f01
9c6cb107
43c6d001
a11120a2
25a16620
25c930d2
79bd565b
bdbda3e0
31f54700
bbb47aca
a949373c
7a70ed8b
9ff6730b
637043c0
0a06bec4
6614554b
7b1521b5
3b5e2aa4
3f506181
5f6b5e11
a185ece5
9f311fc9
25c4540d
47f1d64f
da3912b3
f58ede04
e7876d43
4fce02d4
7d0c66de
cb2c1895
4fed0dca
24d366e0
49e71e07
eed2c994
4be25ee4
07e5019b
5d107c70
0154f2df
7ee4f658
e5df4faf
897f9efa
2ebc96ea
3050939a
665b93eb
90f9c6f8
acf4cf8b
95b31429
11ffb9f2
3ef0d8d2
98bbcec7
cd0890b6
3cd9d819
fc858574
c94f4f41
34489d52
dbbb1ac3
a487f0f2
09aa2a7e
d05c4d8c
6451ce3a
ef42bed1
ab80913d
8d4ad02e
3ea00aa9
c1539f33
e4016b49
e46dd05d
92adb2ae
bbf47a92
a06238e1
08b3009e
7cbe6d0e
92e145a1
f0f229eb
0c2d728c
ede8d5f2
1d8b2579
5da3048b
9b7d3852
b29bab49
39affeb0
094a2c0c
d5bac749
27279de0
47e5020d
133eea3f
0154cd63
87e4c2ff
e8de8962
07a866fb
65976b40
971ac8df
0e28b43f
0d445568
7acbc51c
4f60c128
bff8bbca
b8b45eca
5ecde8fc
99913bb5
621f5c06
ba64c1e9
6967e865
190b4850
702f7a50
73c389a2
5c0ed3f9
4847a8e1
16211fcc
8ec82120
d760ee96
9cfb322f
ad6b4170
6de15992
9cb4659b
10e6be98
218e7d42
2aef0071
96c9e521
e7df92f7
a5ae7ed7
24e1d64d
db275279
1c65336d
fb110349
b4719055
49151e68
b1d50b84
0415f916
dddbf52d
ccbe96d2
d2ffe5e0
e63daae1
3f55c971
490ee3cc
3b920797
177b9ec7
f0cade56
cb093116
485b77e3
f24792b0
0223c5b8
280be6b2
cf6c175c
fd71827f
6afe98e0
85ba4631
62fc116f
fae1a1e7
1579f7a9
5a148f8f
b74445dd
c000be62
2e5e2504
b524df1b
f632a778
f96334d6
60cede6a
db7bbe8b
39fb931e
3896ac92
4d97d810
6425e81a
fdfe55a9
de26af8c
71326687
81b196b6
df86efa5
4c3b9d1c
cc9858d0
37c55931
0085df40
d6dddc36
c63e79fb
2922b21b
935c58cb
10e3a9c9
de8ddfa4
ca54ce18
216b1db3
1976c77d
f2b9f191
5dfd4d54
7ea1589f
e3e0da86
eebcbd1e
5af773b1
24a037d1
691ad97c
749d4ca6
7c35a662
d7c9c1de
11bcb2c7
7b663795
0f0de2bf
d8113952
185bdf2f
147fd0f0
22555fc0
bc0e79d6
15a489cc
17343bc2
99ca4f64
d4f24997
25dc0997
3939c7e0
397d2742
2f301888
a800dd98
c5c30c61
2da0b686
557d0cfe
68b4676f
6f675d23
1cac9702
47de94a4
3c019e21
f77281a3
4f90f200
6bcb87e8
7de7c413
29d93281
feabbde5
abfc74ae
885d655a
ba30d301
aa44c609
623a162b
3f13acd4
1ba83b90
879c8a5d
cc3307f6
357fa390
e0b5a1d6
c56639b1
48530bb9
0da3da4b
abbaa6fe
13c630cc
6e249e43
407c9615
8575b60a
452915d0
95f7e539
434ec3b1
fc2d6b8d
7ac08743
2f3298b7
f8ac9205
376ce913
e3955ab4
50bc2475
526f23ec
744de445
d06124c7
6bce69db
785e0e81
88403a86
6d071cce
5d4deba1
e70ecc1d
ef23183b
08a3fb09
8f9efde8
54596ad9
594cbd58
121c9f4b
bf424991
38724789
60e8a6c8
f20206d0
e9d3a83c
0658ac96
6a86cb13
cf7aaec1
cefab190
81d74374
5e8702a8
6499e5e1
5c98d793
8b380066
eda43a7c
379a6e29
31b113c6
6af29e62
1ee69d5d
64e6249b
aed78081
863673a2
4000e7e3
c3699a3d
f5e6076a
9460e00f
8449c3df
3a7dc506
d975c968
6b47d1c4
be9c361b
33b60cb4
b63e4124
bd453b09
5ea6d57b
0537189f
22b5fa2d
23f28e75
35befa0b
b50201f4
52a3962a
2cbe0539
6f333595
39b3bbf5
976aaef3
94215a89
51748311
e3ceb0da
8f68ac30
c732c9a7
5ecab224
1948fa03
c71bb9e7
b4c73f74
361b4ae0
b7abcd23
0ff68ea4
1a6e5715
c11f7533
d8995f0f
9c6010d3
513dc22e
c676a4d2
4f715924
eee88ace
099797d6
96c86660
da814722
becabc10
c051de34
89735c1f
bce96187
8be0f48b
3b4a1853
7048ca13
48594c56
5ba42b5f
073b2338
08de4056
da48e7bc
115f9883
abbebd24
ff5a6609
c0f8e744
5e1120cc
3b1b24c8
afc36a29
9243462a
aa491649
988e3329
838cb7dc
bb909187
9da48fb7
861f5a5e
c7c13274
d07794d3
7f515105
fb4aac1d
77e23459
1c48914d
c247f9dd
92f4ab03
f50dd1e9
a92a1851
ae29e561
c2340843
24b5727d
d5a87700
b24b4e24
aa7bdf83
e0f13f86
27321cc6
f1f73cf3
db43af27
7a4416f4
ebc7bd99
92e6e7c3
8dcab94c
8689d39d
23bf91e0
e1fcdd01
31c4c5cf
86d35f51
4a18306d
cea37a87
9f8a85be
28996620
8ff1e5ce
da47f12a
a836c07b
770a9487
96d6af0a
25ce1cb1
2d51bc3d
40143b96
2bb59c85
9c8b6277
e87ab8b5
52e4a763
071c2887
c39db9a1
e19ddd55
1cdd598e
4a748d78
a0a7f235
82ced5e5
5639625c
342933c5
5862c74d
11e78608
c5f825fb
e9a38e58
95708fec
1524f8ea
cd064336
a970b146
545df3aa
af30117e
0eef79d1
db700e5b
8ddb63c6
d5d9b1f7
9f032084
99687cad
494f6db3
3bd2a62f
8df94524
0eef66ca
a4fcadf1
19103f50
c1bc358d
a6bb776b
c2981b40
ffff0cb8
d368720c
781a0f98
04cb7eec
09cfa787
5ad81a18
6afdec75
3917de4c
9919db43
ec4ca51b
6510d4ec
8e200e6a
724c3a1c
54f7d3fb
7f94735f
ce029fa0
232cfa3b
311345ce
6cff8a7b
2ba430c3
1a3cc5bd
d3efbbf8
b6859fb0
ab003c29
3c2c070b
256a14cd
998361b4
4306f6ae
27bc70a7
9cb04a13
2bbe7daa
6562ba4f
7743281a
5a4c467a
82ee885b
2f5df489
a85f118f
07b443b8
77a38f79
cfd927bf
8ef8f728
93aa5be6
c208062d
9b752e2b
e8ba7f13
4c51db5f
907a1882
be2c17d7
a60bde3c
644a2b9a
06161bc6
68b99751
1020d578
5b75d7df
d046a418
9c71693a
9b9843b1
ee2b6286
cd0794db
cc0189b5
5bddb2ee
5d8081ee
fa118130
8ccb614b
fcac567a
ba06842b
3af9fc2a
aaeb6c14
2a587ba0
80a14ff6
82a4b079
81d8dfac
df8f45fa
d133d222
c58f34b9
4018a395
d92f1da0
69fb1d4d
4005b4e4
25b0baa8
6e51d89a
fd14f55b
144b3404
2bba2141
9dd4e788
2599045a
a75a9cb3
6d5c5c75
3c836c9c
73084694
00859459
f3d3469e
fb19a8de
0e43f43f
6841a7fd
cb7b1de2
b02639a1
95566728
6fda35d1
05602d41
19c9a985
b3dae0d9
17f75019
4375d283
dd9c0c31
df5a45bc
6a5c470a
b513bcd4
93a2ef90
04419fb8
c1660803
0cab6e30
4cc68e46
3cce18e1
059aa608
7a2a5a05
1c36b4b0
9ebaede0
a3d70003
393f7ce8
02e0e099
c08a33e0
583863fb
dca212d8
41d2e924
823a8cbf
a60da849
7394b8ab
74b4f78b
a2f9b789
15136c2d
6a48fca6
ce5ccf48
a10976d2
75bd565b
31bd65e0
3d244760
0ccbad04
54092791
6f9cc26c
0df60904
560b028f
fd05cde2
d38c587e
48f533df
3f5a3798
4c8862cc
5ae99624
6d896472
61e79ad1
c503826f
1c8921c8
2eb78f90
37f9e672
6dc3dec9
d5444d44
c1708572
ea0b1e3d
b053a1bb
48f0d2a9
061ea49b
8338167d
bf092646
e3f4df66
7b1c4e2a
a9f79f86
1ae92225
eb1e3313
82f4f00d
825e9097
59c74e91
b2b3e5fb
0f90bd5d
1f593940
36558a78
6443f755
4f821a21
9401b402
f2b50d02
31b9f588
ee16b38c
3482d85f
9ea8fcfb
a7cc5060
95c89680
6402748c
78efd965
fba42804
aa367d96
d51565d4
4c54f963
bc66eb3f
41264c5f
9d10e929
8684af53
7eb61a64
02a257b9
42ff21f3
7ee340f3
c9585a2d
81aeff43
9690bc60
a283612e
1a7e09dd
b3fd4b9f
4b5a7dd8
98ce8aa8
7aee62c5
6065aa5e
70ee19e9
c9bf6000
9251293f
59a4c204
fd607c36
ae3e6de5
13dd78a4
25fd7ec0
ce824192
50b81b8a
2ae73fae
6f41bdc7
47d746db
4e825afd
be62fa73
c4b1b645
bd548059
86a96836
de5041c1
1b695455
0d9e7824
91c9b449
4f583ac9
4826e7e9
0faa3d04
4959b921
b1c965ff
33afa3c4
3d3f45cf
655f2e8c
915337ab
0363a378
969f873e
a976f442
882f781d
82b19aeb
8c78e1bd
99ae3ada
805fe1a0
f1102d35
62681aae
4680ac30
33d633d3
402909a5
42aebc4b
31d54dd8
95ae3c0f
17d15618
9f5b5ab1
75ad1657
3b942164
48a729b8
1f9f9170
5b8d12a8
c2d5a6c4
b7aea582
00c455ad
c447a235
30225c95
0da8e8ed
061d5657
362be7bc
11541892
da842791
90b33dea
16cecbcd
39568ed6
f90b6890
173d711c
9acb1ff3
df956e49
39d29b87
3eeb9416
c1473662
d6e7d147
b52bc320
64bb1567
c4e93bec
910d8ee6
3afa8f4e
097c2227
2a2813db
223f99b2
f03f97f6
5aeb8456
664b7da6
36089279
acb3ab1a
e3c079b2
723fb6e9
18b84798
1922b81d
8a06dead
6bb99ec4
54476c74
80ffa290
e11e8006
12d549a9
c7e6bf79
113b78dd
ba3c1e6d
07c5f035
81a29654
be6783e0
8d6f394d
229321ae
927e9d5d
7b76ab57
6d9f9779
716fe0e1
23034d58
1fa5698c
e002a806
15446267
b8111283
d266cbc3
68cb67cc
826e5f75
799bad15
8b186a29
4dfc29e7
d0d51d67
1c415fbb
c172a860
1ba2a9bf
9c38b055
cc78fccc
afc3b2bc
eb1f90b6
3822da72
0ef9d344
a6b8688c
de9e1658
96f61632
d23ff96a
8f475383
c3d72218
d5120b92
186035e2
c5532b0c
a66d99b5
be3d5018
93f51ae7
2595b4d3
f2fc37d4
f4d73737
540a1bcf
f90dfeb6
9db8a6bb
a49fc38c
c123d29b
d56d0b43
f4af7961
6be9c0a0
2c40c29e
b6700a77
50e88ce8
6fc02612
0b4821f3
e1be8f48
3aa57b03
2d6f6dc1
da3298ea
acdc13dd
fa53354e
03addd53
b8fbcb50
f3a4d898
7e4a74a3
2b1f954c
ef794b77
04eec7fc
5e341774
4785da39
64920f58
8a5aa164
10bf85bf
e10aa2db
1f629613
f9bac8a3
b571e674
be5b77cb
c4ed8cda
dba83a41
40eef211
4b3f35a7
1cfbef22
42ec6a0d
3a1816bb
2122315c
8639d9d8
1d526c79
4b71e6f7
82489920
bcf6e356
731e7018
1eb8fc56
2775a52f
e9d19427
b1f6282d
ea85f8d4
e675117b
cf103996
cc712d67
d26a88a9
ec82cbd6
0af2746a
cb9ddcf5
706bda74
6f8ea326
c6ade4b3
3d4c8c6e
34e25bce
8cef2463
640d7a12
a2a4a915
c7444816
86934995
1b9256e5
78951602
90f25e28
bdd145d3
380683a6
e634c47f
a9d87f62
60b9e378
c60f6f73
57c24ae3
cd5a902c
74b4afe3
c85f57a7
77df78b2
81e7ee16
f8871084
4864242f
50d5e9bf
51ad968e
8cf8c130
0f0fe0bf
90175f53
045d570d
7928aa33
e1b17c84
0a12e914
b138130c
d8609ea0
bd2b943a
3a3ace6c
1d188d77
9a7b0eac
8e709c1b
2385eea2
546dd0ca
20e819f0
59170b7b
b77edfa7
fdcb35a2
f4983bbd
8e13ab0a
952040d3
3a77a78e
1e46196d
70112cd8
e4cac5bd
33da4be3
2e64c0b0
7821eaa9
ebe9ea73
025bc520
2500f3bf
5596ce84
04871c47
06fe77c0
c8c46ba3
f3b5061b
3dbfbba0
93b00665
fce114bb
10b56b80
05639922
bebba221
95030c9e
66866c16
cb9bcb14
eddb5f68
40f59213
a446e248
79f417af
9b30cfcf
dbe4bbcb
df224d25
46526aa6
6bd34b85
56deb054
9a5a77fe
401e682c
2e6e7a81
c6fb69de
d3df7bfe
a8b4106e
7d816372
6c0e7b25
ce3bd890
1019c284
216382a0
77c2ed5b
675a958f
8886803a
48bc633a
5fb36bb7
6a77c875
fc5d18e9
b742fe69
f97aefee
3468c80d
8046a999
fbc1c743
a6111c37
3760617c
52b067bb
96a23b98
ebfb3d70
06fa101a
dbd73ea6
bc7ff447
1c1192bc
e686b67f
3960853b
1139cad8
243903c9
8c441cc9
f47a5fc7
4fdee0c6
eb0b4d85
d5ce37d8
7592f602
4106d6cb
e0209fa4
8958af8e
098d1a9a
f11ff155
e99f8f2f
17360152
3499715c
4ced7ca5
8c4c0e39
bcee377c
3a30c5fc
7365c3db
a8c60cd4
42cbb73a
b1b148ac
8c341b3e
e5284e77
703dd884
ae8a9f52
51749da2
9ad72482
b6ac2f81
58ded3cf
d649211c
bf31dd09
16875761
710a23d4
9b6794ec
56be2231
cdf122ed
dc32315b
d93a96b7
f66a5b61
1dc299a2
902925f9
265da9f2
ff17a823
486a686a
a98271f9
101966c7
a4f28c47
5a38c9ba
22faaf9d
962fb739
79dc4cfd
f8310f5c
e2869591
36a11ceb
b2b2b8d5
50a52a21
49cf6af1
36b20f99
9f639319
4d1876b9
3a219c9e
3ff950a7
a85af071
3cc1c03b
9c12e958
e608b144
f42963d4
d222705d
191a5769
2d1c8cd2
2c54c0b1
3c15e890
a1f2aa73
632ab58d
86fae740
9843c369
e5fcfcbe
370b30eb
73d97460
f7fe038a
c66451ed
c7632fe1
f1748b6e
63361722
9b92feab
4cb86d88
6020ec8c
cb9b18d4
b8b85e14
dc2a7289
dd186d34
c76e280b
4f866ebc
c8645d14
3b196217
fc2abefa
d540cb00
48350f10
d338049b
a6caa48e
b938a9c3
2c1367a3
5c03ddd0
d0800f8c
ff4d01b4
b00e6f29
c0854a5c
501129db
d0641a8e
358b9194
b09f7b48
a13cc2d3
15b17260
44509c5e
acb581d3
8d721d14
14cfb5fc
ac78dc44
49f0f03c
a91c2327
826266fb
19115505
458c777d
a715eb4c
55f0a832
5e2fc169
6654ff68
ce89f534
f5cea943
3c3dff30
f8ac657d
f47c10fc
ba16d26d
6b330a40
451ae0dd
3928c7fd
1b3995d6
19eb63f7
c7229e9d
0adfe845
0d31466e
9a6e0690
0d39520e
c868b7f2
0c458f99
0b68d902
195ab5e6
b32c10b5
166fad28
9a91456d
f5ab3213
eeca6707
e7701452
5abef34f
1e3d75a4
a1bc11e0
53800420
338199e2
1706ee3c
92e060dc
418e5b81
d539e13e
cad4e391
827bf082
71121857
7104ca3b
e0381d5a
91f6bef3
83374107
09e5050c
81dee46e
f7325227
13ab7f1c
f550e638
db65cc93
3c0420e8
bb36e064
80702cd9
38828bac
5710d5b7
f9647fe4
a58051a8
5915c832
e26cff5b
cd739298
5b396c08
a1b2bdd4
37009cd0
b7cb5d3d
51fef26b
79c963f2
e3562c09
fc34f322
2840c34a
351af09e
0a29a65a
e2bddc4b
7fa68af1
71e74c2d
9436a39c
48e5747e
2b322e2b
b0185350
f433c349
070e09e4
006fb55d
2e49a9df
753ac8a6
a9edc891
0f03fd2e
6466aadd
96971a23
cfbb598a
35c3322f
2359866c
6115fb66
1153df1a
3ca5e202
9c59ac70
9328ebfb
44ae56d0
40f62caa
2906ed7b
619712cf
fa18d628
fb696e86
01817e9a
e4171fd3
fa42f885
0f134fac
ba39673f
4d074650
1c6f8276
6807b8a6
7d75d2cf
22a67a79
50ccbd2d
2a46adb9
01cfba61
26ffc520
152eebad
c33edf80
0114af07
0a74aadd
7ac7ec0a
6f9b1a89
958da16c
15a6063c
795c7d0c
294d4832
89224af7
cfe593e9
ce892985
9c867779
1f46b7ed
fed51530
d2145a29
737b86a1
765b49b6
f2dd4600
19b00ace
05d111fa
da2603ad
50267e04
63308f17
289899be
4e47c949
5ab8ed3e
a4fed891
82742b87
e79dc8a5
8fa1bbc1
a3e1320d
31bacb7d
727ebdf7
1dc1edf7
2f9ca4c8
dbbad00a
b6c1ca37
7f6ad374
858c7f36
473dfa63
f64d2d3b
2ea6fd0e
d1eff42d
c2223098
021f2280
2fa56547
e2b55ce1
6c0256d5
fdc45299
857e6312
6a9cf41c
77fecc73
606f922b
d77ddcfe
f0a77b6f
e69805ca
2207ed9a
292c8a40
b4fe1832
88f41a0e
7d0e2554
8d3bc946
767d1aaf
703a975b
78ed2053
4002ea20
b59a74e3
9bcb4560
9f80a6b3
e186e018
8d3a259a
f8a92a9e
62aa0803
56e54316
2e7876f5
347e1266
3067869f
d634de65
f2f34bb9
eb00e91b
325db34a
02a29b50
68dec534
bf7bbc08
d7a1d6d5
421b0d68
55758ad3
61dc8044
cb5b6d6e
78293cb5
a849de2a
e2162a6c
cc2c81e1
de0172c9
fb5d7645
e72a6d6f
fa7cddac
58e4c448
cdd92bbe
fd7d62c9
75a9213b
6043567c
5b16b47a
3eafe476
8609e9a6
dc93f338
fc60ea02
c53b88d2
3013ca82
61366a43
23b5d3fc
a089fc39
7edce47e
a839ffb7
6e25de50
68192047
ce2d2faf
10c7b223
36f78d22
2d267feb
b9b6be46
a1b76659
e2f07c07
436dbd5f
6c02c0bc
b6be0c76
912e0a2e
5d17a17b
8e2a2907
aa5f3cc2
f52c1e01
ab6cab97
fdd4c798
c1d9546b
81dc79e1
d2eb8cb1
ccc25cef
6ca01740
a74c2ce4
78c70c0c
b19ed54f
0dd71a54
3d204e5a
a98991cf
edb7bef7
57432ba3
74dd05b8
59279e2d
f6af00dc
c025fb46
96ed98e0
9bc0c918
de928549
4947a8d4
37f3a9ba
1a5dd3d8
a4f6faab
0fd7483a
3cdf1112
015af3ec
bbccd39f
165b4b40
995deff9
b0f968a8
2068ed9e
86bd5d13
8efa581c
7acee6e0
644408c9
4ef61687
08f0a214
8af7a5ed
b70d63c8
75f9a032
7e07d96d
206d44f8
96b210a1
406d04b2
ff9dad2f
0d356e53
bf149bac
a040be1c
47efde7d
38242dcd
0e27b363
f13e4786
001df741
60448f5b
c45d660c
7b069a02
a0974a01
733e93aa
883be2ef
78a9635c
cc9bee9d
984ad119
8f5b958d
40a32478
a1aafbae
2537dce1
0bd9e534
d890afeb
60d882fd
60644d7e
d0b4cafb
749a4fce
9111be9f
7e83b23e
104abddc
b9d2daa4
b2435707
ccd8b196
87a98083
408ed0bf
c9b6c393
2951c551
2e86582c
55f6f74d
e8fd4a82
740860d4
7a49477d
067f0bee
0755b58f
8d65a2dd
1efdd602
2385479c
e5a6c6c7
92b93778
3e9bc733
89cd05ad
066e9331
5513ff95
76c81645
f41104e5
45341ac3
0bef2755
0fbbea37
2d5b5a69
84dd7522
655d23de
e5f6eaed
2dc181b8
a3276723
b7a73882
465d4bf9
0b619168
10dd340e
7dc94b20
c1014fb6
f608826d
2eef78af
fea5f212
5c15de41
1c6c384f
f7d72a5d
410ce173
797f13a2
fa68dac7
c73901bf
06dcd538
1308fba5
83f7eefb
bb3e8c0f
3d547350
d4fb732f
e9470260
286bda45
37492954
5e17acc5
da647942
fcce6f64
157c0955
1e8a8cbe
acb00d30
0fdd2cdb
e28526f8
8d1abf75
847a33ef
82f1ef6c
5c9a2ca2
38c26485
fe0d2b2c
36785598
a5a2345d
86155ce9
9c852f8d
17e6f5d7
e2d25e59
8a3c7075
82689fec
a33fb3e6
fd2871a7
9081ed09
0933e8b9
f0baa7cb
2c3128aa
2da9eb38
091288bf
58add31d
bb0e4d3a
278fb9ae
c7f82f93
834ffc56
e46544b4
d28fbb6d
99a33a1c
22f868ec
d35a1cde
88f3037e
fb0a5130
94ad3d66
533d7826
7b01017a
3ee3f14d
59845428
b32688a8
24448f91
03685c0a
15ca17be
b0827820
0f46fb83
d6e88098
19879f45
a7860432
870e81f2
b12da72a
bcd45c0e
dde57324
03b89664
3ff7c51e
2dd8b034
401b96bb
6b51147d
720c82d2
a880ccd9
926d3ed4
834325ef
18287410
c3e597e5
5238e249
804d4b51
0dc88782
ba21eade
68374503
927bcc48
95a58f91
aea00afa
501cbda5
32a7b051
5113b2e7
cea76940
52606867
b2f85df1
91820b12
cce44f22
e50599e2
9107ad3e
f0abb2ae
59380bf1
5086fd92
69abbb08
c79c39cd
54128a7f
aef072f1
b56e5666
8bf79f57
7bb52879
09f683a4
e9cf83c5
2f52ccde
afefc0fa
a9e5cb42
013de384
14ea9962
bf19aaa1
c3f43f67
c707500b
8dc2f788
b5405c31
66024912
cb23cec2
ed81205f
f8de37da
fa8871c8
62907990
d9eba761
0dfdeda2
b9774546
6a2a1889
0e5eae94
aa042912
cbe9aea1
3983c65f
6848d99b
1c0b84e6
fe79270d
8985a261
84fa0c25
6aa71dda
aa9f33d4
d0572166
bb04903b
097f73fa
07084f3a
d30e01ed
7546a6f4
9296b138
d283ff60
009a9337
0d771369
0c52d864
bc900aab
0563bd69
2b1a25ce
9bd991ff
9522848c
73dfacf5
4e68b575
40011bd6
0c06a70b
c412c478
0f2cccf6
40fab24f
c0d87bd6
3bf95ce7
1cd32e75
5aabed9b
c40b5cf7
5d288c9d
dbda52c0
a1c15a21
da22d303
881c9762
44eb995a
cfd895fa
7190d269
10653767
67b80843
b0bb387b
21324781
51883f60
9ae69e12
6dbbaa80
059f7855
b8200eff
8609f200
b17c6aa4
b93662b0
d96b5800
ff0b2795
e4c08749
711276fd
c674ea7b
3c4f5b26
3255e6d3
5f77f314
83b1505e
9ee254e3
5bb5855c
88d06ab3
354f4670
6da43eb0
a43b3aa9
aea118de
3ae95e63
3583e8d1
5ba47f3d
5c35169c
223bd40f
4ff91212
dad7fd2f
8b33fd56
67b1a45a
34637527
0230b0c4
912f60d0
db9e970a
2685a515
d6ceccc6
e59766cd
20968f2a
df0545f3
80d8dbee
ef0f91bc
ba3bfb20
6eaca86f
8f87825f
8647ea99
198a1573
3faf44c1
31d6e41a
47ef84b0
58423e8c
ede599e5
85fbc7a9
5cddbcee
8341208e
4d46d7e6
60f1db5b
28c84456
28101a97
431f09f6
e6128426
6455f2cd
9b8bc6ab
88843784
c0e2a77e
15a88278
b91791eb
2e705bbe
85f6ae9d
5481f76f
27e86979
722cdf5a
d13a9c99
d796446d
fc6697e0
fdca950d
420735b8
32bc9be0
99d9ab00
3b8656dc
dae86032
0b2723e5
04257d48
da09394e
59307c1e
80c17fa7
498ccf9d
df9ff3e2
1d97c173
5283a64f
ef00f82a
f0bdc528
4b04c5a4
a5b5a3fc
288f4839
f089175d
9e3913ec
34dd740e
d1c3dd20
e6968a73
ccc6c27f
85ac2f5b
08aea078
48980b28
7658d516
f3be4e0b
759955b4
bad0be43
0e09912f
b9a18819
9cff6548
7a9df103
530398fd
23993693
ac21d2f6
599460e9
64ac6f8d
c2eadf43
b95c8b82
2db72d14
caaceade
a9172585
f953c996
8c487d66
ff7b6e14
c58d4e48
e4cb752a
c7a073bd
f3215d96
caedca3f
06e86eaa
6c984db4
c0f11b43
90b85b6f
e16b2625
30575ab2
bb2f9172
693f4bb2
89603956
471d7013
caf3f71c
36158f94
7b0ec087
c0d05008
90f79960
18aeb92d
3ee4a3e8
f9a72224
a1963675
8c4c1ef9
fdf41f30
bc562719
6e125323
aab20218
b4df9b60
b1c4af99
a2c42dc2
c8f3b1fc
6741bdda
4fa06147
329cb0e3
3490d6c3
e75c9d07
eb74a859
b1895ba6
c5470dd8
bb7feb66
8472058f
5cb37a2e
4d22d975
d7823c13
90029673
9b5e75b5
e8f71761
497d7fec
3691192c
a326ed36
ae825cb6
478929bc
356d8483
3a4969dd
f92a8ee4
b63d097f
f54ebc36
7bc5c712
a7db36a1
e0e1b2e6
011e2eb8
5de0d75c
a665eff9
68c284b4
32d70b5e
a428f280
f56d583c
93341629
2fd6e4f1
9a5f17f5
6c90ff05
1d7cb11d
e0b5c2f2
459e7e67
c009b28e
3d593de2
464b6290
6937841c
af3d5006
a28fc198
0d217406
57951f16
7a83008d
48c71544
e797ce13
d4e18619
60785508
31f56ce4
115df8d0
66b25193
bc84ddb3
c1676b6a
ad4d908f
f4d39b01
71cce3d8
5b453563
40cc5977
b7b94c46
5809a89e
ce519c73
462fd11c
3d8dec5a
80db6779
6ab21d03
0b5f58ca
e88b75c9
4070ccd0
64b6e485
bce50a56
a85754a1
1aa9edc0
c52e3748
7b21e3cb
ac4cac87
02565d49
f61c2f76
0da8076f
a5f9d86d
4072d5f7
434b2ab1
e5be2e5f
2ece12c5
7e4e554e
281e289d
4cb23d7b
68b64655
afea7b0b
f1e6028e
074c90f5
3f1d31dc
bdf954af
7af31c39
37f220e3
0e215b94
8f2aee9d
8ddddbc1
e219f2f3
54b866d0
542b16c1
e8969ab8
43f16c58
a13137c5
7ef35001
8a9c3578
8a555f41
16109c7f
b670a8b0
cfb9d963
662da609
8f71009f
433452ee
e4573d1a
7d7be0e0
2d9bea33
4b69e9fd
bc982816
8acc2fbb
e8524ce6
98155c21
41bdd8c9
ae3436fb
3583134e
aab5efdb
fe9e0bfc
c3d3158c
8d3a629d
ec5de709
472105b7
956d19fc
fc02d875
46895593
eb5b724e
274ce827
f342f563
1036b114
049e11de
1213e30c
a038d295
f72fdba0
87206c2d
de14a69f
122b1c7c
4530316e
20a7cce0
fe4fafdd
7d354ae7
5951dab3
22f6fdb0
5550e110
672a7089
0e53c694
a6aec754
b6cb76b6
dba68db8
48209eb0
2520da2b
f2d10639
90dfa972
dbcaaaca
5ce61de3
741c7b8e
96d50138
e8b15261
9d5f70ff
1b5582bf
cb44d0fe
7a3c3233
733fadce
5643ff2d
1d6f343e
86f9b08a
adfdb73e
78552cd3
642b64b4
1f01fdaa
362113f0
9fbc223f
64823782
6c3eb1db
fab417f9
712a705c
db1c164c
6362ee66
eb681711
d8c23954
62f622a0
72ec4fd1
99d4591a
4c151c41
1c343a6f
f44b6db3
a65568ed
62516469
955003e7
30b98751
0a274878
862f046c
b2f4509d
241a712e
2dcf0211
7c25de37
3b88e506
c22ee4d2
c821da88
9d64c530
bd9a3df1
bea87c83
9630c7ff
57237398
135d8930
ed00d9ad
30955457
d9e0d258
b6ddc22d
dd94c941
d325a8ff
a17507a2
31a9ab22
9d70c1c4
2c486f60
152b89f2
e6aa84f8
708e23a2
2bbd023f
f4ae5f82
d49e058d
91da5cda
926f4eba
0cbe5fa6
2e157c63
b2b2c94f
98f0ccc2
ac7142b6
00dfd405
b1be2c6a
f2599813
ea288f7e
8321613d
4fd4417e
3887b2e3
15ad044e
11b7455c
da8b8392
f5cb4b2e
09766a59
439820a7
b6108f41
58e76b1d
0516aa3f
da7560f7
bb1cc382
4efed4b4
196bce80
77c4257d
9e1465c8
4700ff5e
4589764b
03445e8b
9a3a22e1
12abd792
636dd47e
e5ad696f
589508cf
c81e1529
5ddd3ef4
ba7bbd55
77fe0c1d
79c31343
6ec4ac56
928c2fd1
f9b6892a
3ae87103
adc96787
a601247b
d34ea2bc
e43d0730
dfbf8efd
e267006d
4f3e8a58
50cd6922
40c3ad16
994f8366
4d4d8917
718df320
32db0e54
31255c5c
cf7cb06b
774e66b3
c893349f
6e10f07f
73fa2670
d1b380aa
95749f59
d5683ed6
84e0666f
8d958d59
bbe8db86
b391328a
2dc7352a
a72003fb
4cb93ad4
17926b85
06be3874
f7abcd2c
4fcf4f4b
62e9f758
dc59f279
a0c2cd32
d5fac180
349a6bc5
45bc11b4
36d4bc51
8a87533e
7cf4ca8e
510a73dc
f14e70e4
d50f06ed
8f853c84
2aa0b94e
8ca596ca
f1e5f774
ae614ed1
70de8c8c
88a4d94b
623ba12d
d5df4e62
be711d0b
27d64f83
2aed4a90
f45e62af
39784bea
30a76ee8
723a0af5
5ff2dba7
94410564
29563d52
317d4fac
8998fee8
5ef30c8a
d328345b
61c4efca
7b87eb54
5b482c62
864c2300
47a860d6
3de224ef
5680f250
51901095
23d1b3d4
a0cc1921
5eed3275
ecde2aa4
18dd7241
6434286b
c61e2617
59442859
55a3a9be
321b4774
0448abce
371d0996
53dfd2a1
98ff6ae4
c1d9d695
9a6a6910
3e485434
ad170433
ffb91d9b
5d48605e
7932971f
51fd3c17
398b4228
6803332f
c2bc579c
41b184db
5471558e
a6d5f72e
1e375df6
44b50172
77fd54df
71bd97ec
ab4ebfcc
ea573377
8b03780b
644f2b4a
a5e350f9
307ef7e7
3ece7466
f81b44a7
817270e0
22acfdb7
1e52247a
01746b94
0cd31f77
8884d5c9
55826637
31d5d835
d0b496dc
0f89ca8b
edce8d07
b1a01530
d3cfdad3
3a207db9
877fa932
3963d3de
201e7812
0c95bc1c
d9da5377
e52baf0d
8982aa68
453745ef
1cd4966a
4d2bbda6
69737dc9
df818b2c
326bf79e
df9a2b92
c7ecfa26
4daad832
c33effe4
848c4125
99b40951
0b5a86de
2bac08de
fc442d25
45f68b75
07944619
65b317f2
eee7ded4
b297dd0a
6fe18bb1
8c671bba
8d1dea72
3a25f93b
2559acfa
081a77b9
9b43ed2f
3a29b5dc
9ed44135
c8afa3cc
a6118947
701d79bb
3a64b3ee
2f3d99a2
1d3b6366
5ba4e26d
3acd12b9
8bd5a074
c4bcccb9
f85387ac
9c6e3c1f
2653ccc9
a692a6ac
baacae6f
c34a623f
6eb57299
dc206faa
eb7daf40
8c25814a
bd9736cc
329df60b
07c6d485
77955fee
5176ca9a
8c9c1f88
e2ce1ffe
070823a6
6ce0a118
60b03259
b99f05a4
7c5e8f11
1a23c02f
26e436bc
a64f3205
41f9f242
89803eda
453c0717
7e0e3af8
937dac50
f8005a4b
9a613e0f
09b09b3f
4039bcd4
83c3e7a5
19d03ffe
dbd1edc9
2b7f615d
2dc0fc17
7a02a3f6
e1f2edc8
353dce4d
12712ed7
c2d17542
63512cbe
9e1f347d
6a85ae95
35bb46fe
f1f1a1cc
7cc02628
78a65f6a
da239f2f
9103524c
921f52c9
708f93aa
dda8c837
51670660
84c08815
2d8e3c74
aa19e7f4
4a02bc67
ac4406a0
be920de8
1ac13d9f
932aa7e6
3d1685ad
59c93cfc
b486f937
1fa5b007
9d059e75
f7ae0b10
ef4e1eb6
bf81d7ba
2bac7521
0408f305
57639811
a854ee01
870e4dab
99da5436
b8c34e98
f314e410
9d4ca8bb
03225e56
55fffe62
ec4e841b
a572b5dd
8ae4eb19
e77fdb9a
9d9e261c
72ecdcf2
c72fe12b
5a59096e
15ea6e54
5c388ac4
e165a2f4
f25a0549
ec9cfa30
0882b87d
ae2bc0db
1029b3a3
ede5d12d
afcb036d
3b7e537e
d32c9536
70c4cb93
df6d3648
4d2559da
25d33075
386b82fb
4eac1ac1
737fdb5b
8a8b1571
ec8d6d03
64889f35
9aae94c2
4ee8ebf9
216ba472
e95c1e80
3b095306
3c5aedf2
5d773d00
e03b6d0b
3ed33306
4ec834bf
43a1e290
81887049
7fa3e6a9
6dae2552
89820bd0
d7f59a2c
f2b526f4
9b1a35e1
69691d72
12287a31
b0a4c446
2dae1a50
3269c962
63f414c0
cce0eab6
e77e0fcd
f6702d4e
88eb00e2
f611a7b9
9e3a3f8a
e0a97e8f
2067df53
aa378035
1c10a88d
29208dad
2a330d07
39ead10e
1aaf3d8b
5eda4384
c3f3d2f1
8c186ac7
a9598687
a8ac6223
b9ea1ab7
ad2c7ac9
6cdc3593
a7aa3424
c4f652d3
db2a8525
fa427ca2
0f1aaf69
0403e052
793a1696
46f1a722
30ae1b28
8aa73b6d
d49f1c88
d6cee6ef
48737f26
d562314d
fa30c5e8
b33b216e
35c7d645
2eed2982
f078a1ec
6cef2a0e
bc7b75f9
8a43affb
082ab485
89fd40d8
1d2c554b
672aafa9
692d4e06
dd502070
f297d73f
067653e7
4d5069a2
4ce53b90
997e853b
72e1fb37
fd608374
4cc0cb93
e3e2a80a
6a95dc1b
f3cc4690
18d118ff
42124618
50f92d70
dfb5ecbb
267508ea
6a69609e
892af7c3
2d8d796a
d6af7f7a
1144589a
d0bde391
f5314b36
56ab46bd
f1e3c9e3
93225c0c
ccd5bbfd
0eeee328
83fac7cd
bb6243cc
906cf261
ca3a7b51
2f5326d9
3a8c40bd
e1ec87f0
53455059
d08f933e
7fe00b0a
aeaffd0a
70dc242d
7f663e21
acea0c70
41eb2282
92d57bbf
89f228ae
5016557d
cd8ebc01
5bdcb1c6
7166f1b4
4554e59c
e506248f
136d5cc4
a645977e
81e1f84b
63f020df
9a95966a
23408a86
701a224e
be2cf487
373c9ff9
3cbe5e98
1ac980ee
705ee504
33385c1b
2fdf2886
933e31c1
f5c15302
2b8ee692
1cc77abc
8180edf4
1bfa5e8b
5549c55e
d1a4464f
74dcd5d9
2297dfaa
f53c907b
814bbfa2
214f1b5d
86bf93af
ed83708a
f1dc5923
25f88fbf
b5e1c2b8
3b660803
b6a4b330
3896c971
d6abac0d
c661ee98
8de0fb61
c31ed6c7
21017ea4
d46ac00e
0103815b
5433e02f
2ef492b4
28ebd045
0e887fb4
2ea11e6b
a0e3637d
5d18025b
f73ad2b2
00f44484
84f49676
d171f00b
016c11d3
e9903f78
219640a7
d9d858a6
8b52c9c0
9f3ebe55
56737fcf
08dae24a
c6e28863
6a3ad114
33116a18
d41ec311
83e040cf
f4c54353
c94ead84
833a5c9b
dd82412f
215a947c
09709f56
49d0117b
3415c404
1e354b8e
5fded5ac
2809f439
c75530be
491ac3ff
3dc042ed
8622fc43
ecf4e256
677d5b29
4f1bb985
3d4bb790
3c8bdbcc
b9bd7e95
db9561e2
828a5cf6
eb8bf7fc
3bf39586
612d55c7
b92fd1ad
20505420
705c680a
56f78224
70d97edd
bf5cdadc
a4ee533f
bfb90b1b
459eaab6
89cc7892
dd19445d
47c14c14
a63c9d95
844acd12
60f49f26
9114f36e
e05fae92
a4316ed4
b49eee01
4281af6e
9ae6cfd8
20a02496
a26c276f
f6bb51cf
0cdd0e4e
0f878044
0e608fe3
ec00e58d
e6968775
f97fb569
f580c280
57c63968
8d8552bd
dd8ecbd4
9a7d7c6e
8be47456
a8b86ac1
19e31e11
3e016321
5ecc0873
2782f5d2
5e29a08e
2d32e7d2
48db79f6
db50ea84
06013904
05149b14
58bc55cf
92be456d
186ac4e4
5e3af77f
1a77f5b5
7ce5dd75
2e28c4d0
e0e92ea9
62b1ead7
a28f8162
06deee53
b98898f9
f86a5bf2
d19c0d78
56578941
4880a53e
d8ce2e8d
beef8042
921b0111
b51259ad
3ad7517e
cfe7d942
ad3fe785
68228322
309d3f21
7853c73d
16388b87
ee456c43
3a689905
004d9981
dcc1e7df
e7748f82
a61a6cc0
9bc13921
204dad33
289b7f06
a8080bdb
8714d322
b3632eda
01b8b546
f51fa70e
3e3299d1
cc1965f5
f4510166
5bc8c058
3bbfd699
ecfe53cf
f673b10c
8a1c5585
15324fb3
c4443bf1
247d77ec
da96e72c
c81fe6b5
ade2c6f1
52af118f
a34b91c0
ff0cd659
dd3f53fa
df41031a
1b65adeb
75cbca67
9c62a8a4
e7bfcfff
d6443b3f
755d866e
7794b066
d29815ea
d48282f8
1f65d256
00c758e1
90baac8c
60428d39
0d530cab
f40d03c8
daf117b2
f8e25d91
d954a319
ebc315c2
a6193e9f
b899513a
c57554c5
9255a553
f90513ac
35677c94
8447ac2e
4988cd2f
558da219
d810ad3e
7b567745
026f3eda
53358c00
b40a561a
27e446be
4949f5c7
89d4e9df
890f76a8
9c92ede5
e4eb8332
053ca7f4
a98f8db5
5f193489
488d21ed
7aae0115
eb137633
3f7fcff9
16911b99
89a60c68
4d4e27dd
bf0da3e7
65598dbf
c926bec8
c1098757
cd80eb66
cd642110
6186b3d3
486d8d8d
c2567d03
b33564f8
eae70e8d
6de3c9d6
8ff974fa
8daaed69
d0f3082a
8f340af1
c32f9544
0166bd67
0f8cf642
b9db22e0
6d6ec843
38b8bc70
c9e3d68b
d56f0d52
ac6fb130
137a1e94
45be6ec0
84a37493
ac1d50eb
c6064e8b
f5320560
0655aa4f
d09e6be1
a1aae710
545baf34
161ac2aa
87bb142d
42e610f2
9ffa014e
25a67a47
b7330930
14b9257a
32d9d351
1ecd1608
3d8549ce
0324b190
37c9987b
9c19b918
cc677c25
5f9a7754
3f6f026c
3b7f525d
f7a7c227
f3879f16
0ccebba4
acf09959
44a73034
f69dcde4
ab0c24f4
ddc4d49d
adbdb1f6
6becfad7
627a710c
a7270301
afa714e2
ea553d9f
f13996ec
bf6a94de
53d566e6
1e32f522
52443849
7ce32f0f
395ab24e
8d7bfd27
a933ed48
47ca67a5
6ce6857a
357af09e
0649a06a
7adbd048
1a88d401
011674a5
3fd4dfe4
2129b3f0
fda0b33b
93337dd8
6d88701c
12f3faf9
d83169cf
54169a2b
6d2489c2
7f8a4e4c
fe3978cd
f536bbfd
6b6851f9
4bbf6b12
7d7277fc
4230297a
a4f61455
a9ec6a0b
b10e13fd
1d40c2e5
a6906d0b
cd1a4af3
0cc972f1
707f34fa
4ae7ceca
d4e43df5
380c3f58
430b75cb
9bf26152
2cd11d7e
e0a582e1
4fc8d93d
c9053a0a
a6cde828
62d45c4c
c2e8b4a2
5bef4d1c
fbde137a
0f98bbe2
047a0590
ddccd974
9aad3aa5
82c90f79
c7e9a3aa
800fd6e4
20be1a2d
9c82b1d0
9da2450c
75765e2d
68c78ff4
be112e68
e0501346
a52ce91a
39f916bd
7ef9de6a
e3a322f0
785140ce
595db5aa
12f8c99e
72aa831b
7bf7bd9f
04c76c1d
c1d3af5f
333abd23
f74302ec
74c7e503
849fe730
7742ba8c
22767a25
4b673b3c
2c1d4abc
2c1b8b39
f2ec3567
fc5d07a7
c990f793
3b3d7862
121f3d3a
42b8fb26
e65eacc8
4b31104b
4e30de37
eb348d4c
293b3042
a959acbb
051ed95c
1893fe86
8f22a9c7
995ebd8a
9314855d
745bb4c2
5abd41c3
a22e48a1
0c71fabc
57ea06cf
f14e4796
0e2ff248
fcb7c51b
86804531
4ae26662
c3ea8bd5
c09c313d
91cdfe60
ee3cc560
a48f3b28
3ea9417d
c65badfe
cf62b58c
a3bc55c5
0998c9a7
05281fd1
dc95abb8
55b17669
14f11137
ec2aa1dc
ba3ec754
385ab1fe
a2cd9f4c
35a6ec1e
ec8e598c
d0468033
085ce273
164bc73a
bb3abdec
7c6e3e4f
cf57f01c
1bd97e76
b6e32bdd
a084a031
a4d1d470
55acf0bf
bcd5d922
f9c2c19a
9fcbfd22
ed966fb5
2c7b2f25
7a6ad6aa
374f5855
54f75897
43590bc5
2612c075
bd97b01b
390a4ff1
6e7ea6eb
eed0ecfa
9ab57efd
98324d48
e2ff9525
1b3c9c08
9f06d296
efd237bc
8d9986ee
15c711cc
0823ac53
c897a267
a7b0dd4a
3f21ab86
407cbb6e
35330c26
c24b29dd
496b96c5
4dd6489c
1c74d53e
5cb99cb7
8ac62f20
ab631e91
de9a03e9
420affda
a3c79562
7c144737
6aa9748e
c32a44d2
fdb8604a
c79a4ad2
56c9fbf2
5f466a09
d2e7624a
eb699ebd
cf740ea2
9aad57b2
3b3afc7f
f210ea85
07479985
7a9f347e
1e07f4b6
f2b9db3e
f21185f1
97575066
d62e77ab
03b86306
f4cc39aa
0cd14a96
95f092b7
73601de4
6b4814ca
53fd6462
115a209a
fc600dfe
4629d131
fdf629f6
21d647d2
cca21bc4
74815909
abaa8df9
b8afce93
6ecc4b8d
100e9233
8b5af1f7
79eb13e5
69607bee
a5ac94e0
d1216078
58edc30f
f1063a69
ff2b28cc
dc6e5f75
e79e6215
5046289b
3ff54411
7992daea
7b3efa2d
2b1a0a10
215fd8bc
934e8698
30294d96
2aebaa3b
aa30584d
860cb2f1
1a01c1d8
6560c865
f1e69c33
6e7d4d63
3df89feb
eeb8f5c9
f03414e9
2788ba1d
29ab4d78
4089c23a
611975fd
bb78b7ee
1d2104ac
8b27d4b6
4794a1ae
a78007be
498514a5
8929e48d
02bbd471
7e8cc50b
239715bd
e53a708d
ce5b2618
f99619d4
6f3c14c2
59206010
f16b1aa1
d5d1047e
5e8964f1
30f8c2ba
3d5d4b4d
12a08bb7
791b21dc
b93546cc
2c75097a
261bf537
4f1a1449
bff56280
67080112
82642267
c330ef13
048eef3a
f451b24e
811a7b02
0131dbdf
730ef9ba
2b041b66
a5796512
b2b75e1f
77e6c605
4be00356
3ad634f3
754d7037
b2344fd2
420c5495
db4c8b9a
0dc23e25
0ad1dfe6
148de970
9dd40981
8060d993
f10c737a
930295ab
f7453b70
55497fc5
2c8db13d
cfe1d168
4c59da4e
95141906
d0ae919c
513f0a92
bdcf4624
f4767881
57aee372
f3dc34d2
dd8f8051
9d3364f3
c402f885
f950b48c
17e92eec
74a24936
8d166974
4721e468
0e37ee7e
8cf2a7c2
d95bf327
40d757b8
ee2057a8
7e719d82
f5fe9722
c442514f
4315393a
62736f43
fcfa194e
45a35247
d29f13f2
2cc83bc2
5dbdad5a
eac5b371
c9dc19a4
17ff26d0
978eb702
6cb42115
fa485e9e
c2e72c33
cb4aafe3
486697b8
c8aa84f0
9eadd5aa
a7087366
85f81d54
4c0911dd
a8625e44
96ff5db1
d46121b5
faa8ca5e
9f8c0e4f
d6f9cccd
036374dd
d2e4a601
82b00773
c99aeddc
1005de4c
d24d7eea
cf900462
2c985e6c
cdec7506
2ade00a0
b384cd65
6f277651
bc4fc247
c4e708c4
9a0cdd5b
35500c88
ace3cbe8
664a85c7
e8bda97e
efdab157
87f1b84f
aff80653
4974088a
c4c0bbb8
a54d9e03
c7335de5
3d7adfe2
b6533881
f92d7420
a282a174
23271e62
dd8cfcf7
0055823e
b2515cd7
a0b5f672
d10c90af
20337543
9dfd73ce
4311eb8c
b26ac33c
ababf17a
651facb8
81947b7c
d1847c21
9e0e1701
c12d37b6
9ca34f3b
5dcee6b9
a2294095
cd4f1488
d41e6f87
243eed70
cb82a6b8
75e8cb52
fcd51f73
b8514d2e
af6c7f54
305b0df7
6d5d65a5
fcdd0f71
fb533ce8
0500236f
2cd5b8f9
e290769c
6433971d
ccd7b2d5
6b2cfdf3
66ce10fa
3ef150d2
89884e47
885d2287
adb744a1
e14b8030
b8f4da56
547f7aa9
de6ae0bc
cdd911c2
13c5e072
56b50577
3568513a
d6aedd3d
ac260c99
db165223
3b156bca
5be07f7c
d5f57a1b
2c72cf40
c6c4442d
8679a2ad
f7a72cdb
55b4fd65
891f3549
997270d2
3a6337a6
ce6ce44d
0e48cadf
f5770b96
94bdf314
7133a91b
8609a973
d7d58ce0
af7e4744
9548656f
a55cfa3d
7973a130
a7e154da
22301e87
1dfd2097
841c1060
c4127e68
f0384b67
d3ce2e6d
d67328ec
deb0da3b
7b0cc0c0
8182980a
82f5982b
0fecfab3
87e08f2e
56a581ac
349e2e64
db080f6d
865d81ff
fa2d230e
97d54928
e0fa9c50
dd6878e8
9cd72b92
4d0fbf40
e61ba453
c0a02e7b
688ab54c
fa4661fd
f94282e1
8ac03bae
3b0213f4
56e9460a
bb2f1ade
56ea2a64
6772d557
86dd5cdb
85836578
ccae2c2e
2c56ffdb
861127ad
fe7e0d3f
c4e7a8b3
0fcbd92b
e93ee8dc
b08b2b0e
68babe9b
d251e4cf
37c606cb
14fcb5c4
cacae826
6e021be1
82bb869e
bf6fcaea
80679793
202c15f9
f0fff2b0
db974964
65c1d719
bb79c988
cb599d2c
e7704b12
2c5dff7b
e5e802e2
53323738
af728792
0f97b212
c36451f8
6235dff5
e0a97110
1fe9dcf5
aa9ab70e
731a2f53
e8fad14b
e8aeec62
91746893
90a6d2a0
14ac0cf9
335faa60
046ae449
449eef38
b64dd304
8987f752
9adc1064
02c31d8c
4f270b95
64ea6b5f
19b26c7f
d3896a41
26e79101
4c3cb722
81cbd38e
8cf7a433
764ef96b
851a769a
b2e33cbe
7be65684
97e74dff
b54ac8b3
67c70d3d
4a7d2fad
1e97f549
e7ea0f96
650b0fda
9af9f9e2
1d788b00
8f092c8c
f987c1c0
3647e2ff
89149993
5ef86480
1f61fb34
20ea0dd7
4b4b729f
86088273
5e938350
f1cb11ac
ec25d233
9a10b942
2a2f441e
97304c48
49996194
d0d1bb61
1000ff5f
f2880dea
9593ba70
b964a8de
a390a2c1
4ed3fd85
1d0be3b4
4ed7324a
bb5ae6a5
16489922
a8f7a914
e775f83e
563094e7
d1268091
27a0a16b
4236cd0d
e9733806
400458df
a8e47750
e7c2eeb7
f89e241d
bfaed873
f0b1ce43
e640951f
6882e2ae
ae302065
eda67a1b
7e446649
a32adeef
e61f1014
87afd15a
cd115c98
36c7d4f9
474ac875
d6c88db7
28bfcf08
fa8a5347
acbf8df6
fd2d0db6
cfe79c9b
b2e8b681
2320573d
113b981e
25354942
0fb4a6cc
f6c0043a
3ea0dc39
81da3bea
12440f99
e55bae02
83ef6faf
ad4dace2
02edf1ca
26491ba0
a29e3efe
cd78479e
74f74e3b
3b3c74c3
012d8c31
a5d578e4
53f64d80
d28614c3
13d1e54c
c0762cf0
b8edee84
a290ef5a
5005ec07
5d2a2265
35b75416
398a8a0c
71acf349
177131cb
1841648f
aec34207
16fbe986
12a89003
15b6fab7
96ef8727
a761d062
30d60454
fbc3733a
212b44e8
7f7a6653
45b3eeeb
35bcc95c
3e74fdf7
9883ef52
48526126
8aa2c0bd
84143507
542e5ffd
65e7b2b5
e59a36cd
cb3b2aec
62b9463f
05aee300
e01f7307
c18d1338
1eae7b6d
e9b5c20c
6f793436
7605c9e9
282940d5
064ff94c
d5a6ba1f
5e4e36cd
8a6c8a46
7facbd54
e8cf63b7
9389bc8b
27095e67
9472b8a5
afa95bd6
1ea8ee5f
6f02f22e
19a27b2d
8e39f98e
9004404a
19ac85cc
abbd6986
d738f2c0
e5725870
61fde68e
78a54b18
e9025c9b
f0bcd7b3
231ad056
5b15b71e
53363d45
0744364a
b02be70c
558a2c49
10638d48
589d080d
ca064ca3
71d7802a
bb8298a3
fa4711e8
1739a775
5935c55e
d250c7b1
9e76dea2
f1f53213
a15840c8
81639968
bb92e9af
3248257c
ea107fef
58504e39
637f98b2
9d5b8046
4735eb0f
b0dab285
37c659c0
633ad05f
1f14b427
bb920d0f
bc4192d6
4d79aebb
6d70af6c
6b3f7762
3fbdc4eb
633c081b
a5dc3984
7f79b6b2
7c559ec5
3e267963
d0465d26
67b08a37
a83c78cc
c398809e
a2ee023b
37833e8f
5a0c2266
16512586
6ede6236
f1869c3a
62386a7a
8194a5e1
b03961d5
1c727554
09c35b38
3629272a
4b41a7cc
88bb1a10
94d4926c
d5bb3520
d0f2f94f
74b08ae2
d873fa94
43040984
84a9fb5e
c38eb15f
a10e2a2d
ed3cb908
39ad04c6
bf8483dc
d01d9043
20ade869
29b05199
53ef6b58
6e02b75a
25d48eee
352b89aa
c7c39f05
304fc794
df195a8a
7d44756e
8ed05fda
2040f4af
e4747365
29042b49
21c6f29f
0d38c7f5
ad0bcfd6
4addd06e
eadd68c6
bf74efa4
728fa264
5eaf41a5
65ece7e8
db22f760
3c180567
aa2b9c9d
eeb25861
127b7d7e
c744f114
75ade947
d828cda5
f21da00b
858083a5
2b7942bf
66fac628
f9c4ffd7
a1fbb5c8
3f191349
b37783d1
22bdc8b7
eec7c922
eb93d8b3
803beed1
41d7b401
5dae3aea
c495c5f3
f958e726
5236eaf8
625c04cc
ba7b406e
9cabc3f5
7e77227f
dd296303
d8660f47
28529380
3e777cb1
edc7bc61
5339b9c4
e4207344
a3584a60
e897f22a
cc859123
aa980013
f9dc9e9e
2be218b9
765494a3
7cd05ea3
9784a101
77349ab3
683398c2
7e517fb7
65515be4
8b9262b2
3f4c6b50
f6e07a23
cd28b8d1
9c6c4cc8
ab5d8072
712a76bb
c05c21e5
c874d975
38104bd8
1c013ecd
40c8e701
d935cbb5
68282914
cc596db1
dc089586
19be699a
4525385c
a7f7e02b
25a71792
2df3b338
290740b2
e33d677a
b59212f3
0e4d2bb5
cc401b28
2b8aebfa
a8478080
52a239cb
a6f133c6
91bfc3c2
51315301
11789b89
433eeb2d
553b8400
92c94d7d
d7b0a90e
90b00086
84b19216
6892248f
ac79834e
1e11a586
7e8f6a16
ea719df0
e031d3f7
93a484d0
64ee2caf
8e081e52
35810ed3
9f37fb3e
6a5169d6
aa1ac603
a98132ae
75421dc4
e9aa5199
d0bd2af5
c995b084
8f24e786
6951e3ec
f0a5663a
d023096b
90c80c6c
b9fd5d0e
59ce1020
e281e565
1b886413
f64bfd56
b5ce4d66
f034d9b7
0b438af6
39b388f8
5d39396e
388c48e4
838295ac
f7d8dbd7
78ebfd46
ef24e207
1fe34d15
be7b1095
51520a81
10467280
1cd5aceb
805b91af
bfaf1b98
c75a8b36
51bc0528
f234d924
4b1dd82c
f31c2420
849be26c
e215dee7
60eb5263
5e41d130
e89b8363
86024c18
3fa450d8
025e4ae7
ab5b23a6
2adf0211
9935acbf
b8e9072e
999dee28
af477c84
5a2c410f
93b4c929
58ac6041
40216873
c8c8e264
44050ce6
56ae7b6a
a1ad86eb
3f6d2433
e68a3106
b5fe8b33
f783f69f
a35a14d7
d9d002d7
e8db4c52
ab78d3ba
90f6ac9d
e9c0ebcf
639743f3
f6c5a6e7
01359a8b
fef0d499
681353a8
4eac01fb
1cf3d0f2
bb59d304
a61b6098
8b08b61c
24a467d9
a3bd6d36
cd6eed5b
08752219
2afcd442
beed4378
c6cb4f19
4a2f292d
4e510ba8
8ba3bb7a
655c269c
d0751d3b
099ade92
1b5e4176
bd6df10e
6aca25a8
e1996077
7f6b313c
30db0eda
710cad1a
715c76ed
0fb48c8d
5a89107f
685f4bbc
a439ee28
a668f816
9426f0c3
0de80e5c
885281ed
d586f69a
61e3d530
73fecad2
fe3f2f80
622b6e87
f08aa63a
2dfb379c
2a1ad118
7704c984
28b3ed5e
f618fd92
dcf3e1a7
b82d6944
b5b99b06
5dfa152a
f4b40a25
cbe28b7d
cb21a15b
1e5d651e
ed217041
a60f0b75
ab509065
92d1f5ab
20fcb0b9
6b92b24c
86beb881
6478ba96
16622363
13c326e4
94ec300b
4f4676dd
b22f5473
4c821c43
ee450306
8a996694
6f3d0391
26a7c2f6
01d4dcca
d3f7ec6c
e1351171
20790f7c
33477957
51d31b41
65df619c
b478082a
1adf4014
a96a963a
8e18d66c
0e769cc6
60287411
bbe60bc4
294867eb
9317b311
cbc194cb
d2498487
b9fba88b
51bf713e
4c8530b2
b8f3ba9b
3bb7142b
ff710ef2
0b4b1505
549bbff0
4fd06602
2110f6ca
c6fc8cee
bb4d8c9e
511777d1
424c0cc7
b945288d
96c45247
8d1b3c21
b97244ae
cd1877fd
bf1177ce
acf7187a
b0f78f46
62f296e9
35da713e
044c14c0
5c5ea2ea
88777b8b
87c32908
bea95759
1c059278
67126efd
7376a8fb
6b5ae22f
d4fc2da0
7848a584
f3fa6cf8
72c34a8a
69d2ef23
b2e43238
a0c62549
e989d8be
81504fd1
9def5b04
a773e823
948b4618
754f3fbc
c5a62ae0
1fbf793d
e38c8f51
3eb45a22
0bf85b9a
11e8603f
a01e57c8
360b35db
46bfcde3
5f7dbe22
ff88c5be
00d1b201
e4a0a069
e512ffdf
e7c117cb
623abfb7
8c44ef71
24f23324
3046cf8f
df5c31d4
75b53187
a332b0e5
50e32432
b8cabe00
0e53f925
5f9b525e
8fc19e76
3def0e51
588d4823
c0a34c07
8d5cea56
12d269fd
a251276b
513c8295
eca60662
a1205ab7
e4ab1e0c
6a316a99
ab2f4c28
17e7c2dd
183eb563
1cc4f76a
c71739be
243ddc6e
69ba2576
8f8a8c7c
1ea90cbe
d8e4b701
8e92b063
cb4939ac
63e53dd2
4fbce05d
a5521946
292fe51b
6411147d
954c7172
7725a4a3
b5850a1b
8c0a6f78
fd44feca
312c7f04
6758ac22
29467ccc
3d2e7bc3
b89a3fe8
138f4b3b
a7e29faf
76f7b124
9abd58ed
05bce79d
b0ae6c7a
d9034faa
ae3cadf1
4bd09630
7bc1eddb
892f7226
8a1bb3f3
70d015e1
3fed9637
284d24e2
16f573ca
a9019e0c
c2ca3eec
27e87087
16e80b1b
e6e77b1e
3913445c
62857e90
67b41f5b
6fbea3f4
c3cfbc94
bff9f1fa
b918d239
c8abd156
e2a84ad6
95ad1acf
e868d715
a3cbc450
b37497f0
10da6195
c1f513c1
122d42e7
f44e043f
adf6353b
017d72f3
4b4be922
fb99f0b5
74697c32
260d2965
e718d655
47931f3c
aae52dc6
e4e0a768
f1b632ae
cb9ec2bf
6aec403b
bf81788e
828ee806
ae4effe1
47ee0038
7ac13a4c
ec9a0588
2941203d
a596555e
8889fac0
4de58428
517fa998
2dd38c7e
d7d02850
8992669d
6d75239d
e9da04de
81739fbe
a200f97c
18cbda8b
10cbe386
fbd9aebb
0fdb9e3c
ff982672
919560f9
8cc199bc
413e8ea7
8daefc92
15ae240c
f4d65ffb
da0d2d8f
8822b871
3ab20b07
01880b2e
1d54a058
a2a37a17
71de6007
060503e8
69724a54
27239348
fc1d844d
de1442e7
9f59b1a3
84dd27b5
255963a0
2c8181f6
8b56ba89
dcf125ca
f14b242e
2c1b77e9
1e28a5da
58eff2f3
7089f4cb
8c06cba3
fb22a25a
425f082e
c809a9e3
5b835859
218463bd
13813dc4
b30d5cd8
0a5c42f3
c24e1db2
3ef3f48e
4c20835f
d522e23a
a5d93788
e626b59c
22309716
2a9ba09f
8f8594bb
9f4fac72
32fafb52
df813eda
f31a5c17
ab84eb3b
ea91990a
efa60f92
e4df4fb8
a8216cac
332160b6
f9c24a8d
a2e5ea44
ea01d7d2
cf840a4f
97746809
54dde353
fe491608
4d8771cc
d46aa273
84b4ce41
b2e0ff1f
0d6a7a5e
0612f28e
5020cb4f
6068f28b
b90c1f77
66bea2c6
ee214d15
37f25454
d265b7e8
f7883124
c435f7b2
22b2d0b3
6c3510c1
0b87ad37
3a0776c7
4f2069a8
00bc5ce2
ef2b7732
b8638d54
f0e45fb0
195e2519
62501707
76a82cbf
14c15120
e24c8412
2b1153d5
2c159f60
60c3c31c
0ca9a6cc
36776474
85c8a808
89f5edec
bd468ec8
ff68a867
a6e397f5
57b6e29b
f75d2a49
10904b23
2770dcf9
a113b34e
38390693
05863626
ab106767
586647b9
82b4d1d1
09514f56
37c87e6b
38a54f49
b8c8da0f
d2a412ab
4eda00b3
d7409d75
5925bf42
377c8ca4
7be3a5d0
e46dedfc
639a63b5
d2765c23
27b42b9a
fa2065d9
25fcec14
b7b8354b
9330b5a3
35167b41
b5bae9be
f926e2f8
8a47f8c4
deb70f0b
d59864a0
f88d0ce6
7b2dedae
159192a2
df7de940
28eed52a
bb366def
a7fd63ea
7b84e36a
1ad3c35e
35be7242
853fb899
37b8906f
93193415
06e215d8
cf7fc974
fc7b19dc
775a19fc
b8d5fa0e
f5130144
3242b0f9
efe9f837
cd017840
a32821c4
450ebbcc
dc992c17
da6da3da
accc4ef1
875df378
1f6f13c1
5ffee40a
ec835315
5ad7bcc5
04a60622
4826a673
01f988e7
2c4b6235
41b1a453
d244270e
821c47dc
561f974f
3a3283b4
22c2e456
b74b7532
e4466144
25b05b13
f497a33a
1eec8b02
7e1d1444
4e2abbce
333d9b87
89ea4f81
c35bfe0c
2fde2861
b09ddc08
6887e946
204311b1
0cd701eb
71a8e45e
c9414b2f
e4bfbc9d
76aeb46b
a4530b3a
63b11da0
40a289e2
2246e48d
24304726
b646b8cc
4abe0403
cdfa029c
38914d48
3630ff54
12971c99
d18cc77b
6513fa8a
521442cb
93e4b24d
b00f03fb
5e7933a3
79a09b05
32c1c2c5
59b596a9
8778a039
fc86f946
566b3ab1
169d47cf
72fbe75d
cc184af5
6d978296
256482f4
12715549
23d54d85
c6d0be57
f25ced9a
921cd7cd
144b045f
ecdb19df
73f77bcf
0d546488
b961a92a
04d14e08
8f1b4880
276c4b25
6f1f3801
8bf4ddce
19efa8e8
72a90cb1
34dfa0ee
d882116f
cf583b38
cfd4bbc7
4d2285b1
af01c41b
67df149a
2cced1bc
29dc72c0
57000142
b2253016
90d8baa5
76077503
8c4c7350
46e83a23
74232455
05980c21
8799ebcf
e6ea815f
6ee67ddf
8ae46351
d74642d6
fc8d2658
5087451b
bcab5829
226c6c3e
529482ab
9af1faab
113dc759
9300c5f2
fc66c58d
be398b26
64fc9d88
1ef123ee
6b132ba8
c2a3bffb
1ecc2ff5
fd6a8fec
3e7c6d47
c94e410d
2c93d6fa
9fdb065c
1d0fc354
49c30d26
249cfbb5
c6aace40
7332bfd1
bdd93b15
cdc11f48
2b2563dc
6c8aae13
10528457
5bd0c35b
34cbd246
9ee595e7
a7751aab
802f6fdb
d7531f11
229dcc69
f9049dc1
3d2d9b7f
4605b79e
ee37f345
1bb4362a
33562ad2
378e2b54
ae7e96e6
e8ef7e57
e3962565
c06849f8
e3b28733
d9c36db9
3af6e7e3
27546826
e04f5cce
7105bd85
101aa53f
d3118b41
ad4295dd
00d00e01
2315ffa9
00f2aaf9
e019a5cf
40a5dc7f
9e627caa
ef1dde71
cea95718
6d0e829d
16f2fa53
7eaf6f6f
fb1a1f0e
a78bed13
9f15e0e7
422b3d03
94e2b706
8240d6e7
8b132f89
32ad67f8
541732f1
fb603175
54931592
f2089ec2
dbc56b6a
a3aa17fe
cbe14dd4
a92c23d9
87b5bb32
2aaf883b
aeb8380f
9e8816b3
17992b1c
6dacfe41
bef04913
4d9c2dba
cd4a3c4f
d2b0bcee
608ed178
ee900928
191aa0b2
ec9400b4
fcd46855
4a00e7fa
890e1c25
1bd9b560
83c1d89a
a28a5a93
d2d1819f
bea00d2e
5fb7c72c
4d108425
ef15570f
fb662b55
ff9e1e33
b75463ff
5e58532a
d39a1fb4
9df627c2
78c723e5
0bc27ab8
d63e46b2
c3e93106
5cf9ffa2
02bc4aa4
f6f96550
90320759
cbf0a995
068eb874
e18a4634
80dec0d2
40513ab0
87e62f53
0381a4f5
d4fcf03a
15893da7
75855399
21359022
f502aefa
bb6a6c14
2bfa7b60
f65f6c4b
611635a0
53eea851
5a7daf43
1d22a9a9
4ae219e2
3215fcad
3d8357cd
b8215270
df8c73a7
6eefd03b
09f7b3af
0fc7a1ae
85b196b7
5b828d84
4c731b3d
cd813a57
b3be4972
2896b37a
21c80cc6
2a4b412e
0fbaa339
20687437
f33eeb40
e489710b
9fa6ffbf
4a76cd77
e8d4f7fb
b35e312e
da02b9f3
2aaf72cd
5a20a676
93266121
bf4fbaa0
4b684b0d
03308b29
58e1e263
f11bb695
7ee3fb51
30b2a935
d713441f
4d8f8137
088ec383
cf27b47c
0cad3da8
c8156ca4
d5ba12e4
6b3dfbf7
5c2d4b16
5cb1c791
ec3963b0
c9af7177
d7b1d457
4a531b8a
0d6bac7b
647af129
71a64cc6
bfe4cbf9
f5e4ee34
6c691e85
b88ab279
3679467b
c8730d20
933c60ab
fa08e8df
057c1196
6e9cd411
77cf4dde
50ec9e64
a72f8174
b7247474
0cf7fc81
9f930372
005aad0c
ea9bf9d1
2193f321
a108679a
12955d87
9d99c3b5
18091902
5e01d656
fdafa253
355d1281
76a259e7
8e4a4228
07eb04cf
892839b6
4dc96999
7fb54564
342c73e8
f074f6c0
bb34f356
8e9a1ed9
656a5759
dfad73b9
4a9701d4
ff1744c2
e66eefa5
48d01f68
2c9a6436
638e1338
9cc13a4c
ca941688
40e367ea
afd80d45
606fb5dd
4c5f8857
17f3e95d
31d7fa11
1c22163b
824e7069
c42dbf48
0b5453ea
a4033cbe
b10733f4
b84a9148
a61f6b59
25f9b283
6692b1b7
242d7545
da3790e7
2d47fab2
902ba4fa
722642a0
f431ecb9
fd73a52a
b30299e1
e7e7f63e
3d276f6e
c992266b
26bf1844
7348a97f
aa8833cc
32cd5334
8dd87341
f5b241b9
0d22d01b
b312eaeb
27b0444c
c803a9d0
1a071ecc
c202a643
4f9b29e6
7e586a15
10448098
8aafd6d3
7ec453c9
631c3b77
6a27808e
dcf7bf35
49305d1d
10e856d4
5c69a26d
6ca2f99f
41b10ab7
7c1c8244
66daf9ae
040b8e79
cd5607fb
b88544cf
138934e1
97b4c30b
f56138c1
9d574e5d
e7065673
94cc3277
42d9bdf6
d98fafe5
a210225c
6d25df51
0f3d12f6
01130ca7
707c4064
f66737dc
030b4dd2
3c9629ca
cc4db6bd
29df55f0
af47bc40
413d94c7
8704afb5
4cb2df4c
fc31c8c1
6018c0f5
78cdc236
d1e72c13
b8cf9201
1b7d7f86
25315dc0
dfa20a04
42ba6bd5
f7d94a95
0ffb3fd0
682071d0
a552197d
29c48223
89976283
dd213c60
af0567f6
7c8f676b
9c2ba41a
fdba998e
7fead7ab
86eb01a4
3d21abab
02cd3fa1
0210ea9d
f72be2bc
e4f8c742
7e0fd00a
05d493ad
638e77dd
03c5ad87
78d7c11d
9e700d87
67d4ee87
ba8a0325
a7351412
b35d8fe9
56b57999
c9428e1a
88b1c91a
83c8ebb3
4966596c
cb389169
fbae6183
c45d53cc
aab87f1e
0e265bd3
6ed776dd
819e4dbb
4d083c4f
1abed8ef
f5c85ffe
38cbfc45
af2c8364
d7438444
5ea1a381
30e76bc9
6e5a85c6
e2a90c57
a7523506
dfa23a1f
84d35b8f
1bfb479e
121f7d5a
4b3c3380
64c6f1e6
e5b7fffb
535ac93f
45d8ac21
5bc825ef
b1c8a0f5
1f1c11de
39d476ed
56382049
14140371
1b3740cc
96f9923b
336aace4
b835ec7f
b2fbdae2
fd583811
b116c2bc
416fb59c
4c51a032
72ac5f39
d02b701c
7b3d4e08
8d78c9b6
1d8631b1
adbff149
2149e8c2
96657baa
1b14c362
ec60991e
1727f15f
c880def9
b8ad7d96
f4e97539
93893bde
2aa69547
f9cf2140
a102d9d3
bd205d2f
66392bcd
2b55e7cd
622d8f7b
ab9255da
c405cc8e
cf127ac4
891de6c1
8d7e5843
88b57478
e1768bc5
31c84b82
2fbaec1e
351bb542
35c947fb
bbf30560
b0b2712f
2c6a22e4
6ee4491f
1f3c857c
7dfb1415
f04ece89
1a60b286
8a3ee75e
8c748ab4
b9628085
c738d3bc
74a89e7b
8b9e74c8
e5ed9f2b
971251cf
7850341a
a4ba2513
e31e96ff
09ecadff
16337916
5b21365e
c0b3ddcb
da56e98e
eb826d9d
60024e25
1119a206
8e7765ea
3b88856f
4f8b6f5d
6e7b13cd
8c540c4c
b66cdee2
9ba18f7a
e39dd1fd
6de9f8ac
0d766b92
c08d3990
905e43af
5d5a78fa
5ae30ad8
4cbaf784
5b05aa81
24ea48cb
d390d872
db417b9d
72669104
a88e65c7
e2e04c5c
861c84c9
c6305eeb
70465bbd
dd056285
5beabfcf
8e786106
c944e56a
e8d87c5e
0d2a3117
2a1666f3
3fc6c777
0222c883
3d62265a
4c820b4e
b0927adb
06e5c2df
6971cd80
48fd59e0
9be42800
c260c932
b39a76b1
54c92af7
4369b5bc
ce1fe533
658a118f
d0c7a812
9d7aa4f0
f57cc042
c3e269f8
5578fc56
14b13ccf
56306e3b
25135bc0
8304e255
f687f3b2
16c74e8a
1dd85121
e873213f
06c465b5
c422910c
56681bad
f6afb543
00fd7d40
45f077aa
2ba75728
e904c6a9
4bea1661
2de06cb2
2eb1ada9
7b94854b
8c8f8a75
c5e38635
118ae847
dcc7eec6
02f8f769
9eaef503
41d81584
2e7e3230
ef3083ac
17eafdce
42302507
948c2faf
3e412573
47064884
4cc77e6f
c25332aa
24c23589
2c17b2b0
927a2d90
2ec088f4
c41cf47b
08e49f72
fa58cc17
9891e2ba
3c18ebf9
0d9cb20a
e06a4364
a8d47b87
d33582f5
0e097b40
0d4c15f0
71b81329
087c5227
c526945b
e2120e2d
d9280706
e0ddd7a2
1f1eec76
9099eafe
1509ffbd
75371282
7b843f11
70aa4562
38c53541
53c61497
bbc33b9d
4aae4d65
e3573064
ae2debe9
79488a61
68975203
d8391e68
857811d2
6f005c13
f4c3c412
04798472
aa0c1f29
14cc507d
46b45c9c
69d0fbef
a3093799
3ab0f9e4
94010f62
084fa714
69067102
43ea30b1
ba7e5baf
507be66a
ba60b611
38fac840
5fadef99
a9896876
147aac95
7ceda041
d4596253
fa7cb51a
f727add5
513c9ffb
9ab04dda
f263cfbf
f91924d5
6dfea894
a562e8a2
f6ac47b9
b5304a14
3220118d
32249925
810d5d05
7f10e233
0980c098
23eac271
0f3f2bc3
a2a0e2e0
616b0e5e
14b90fce
9d5a78ae
9bb5e0a9
d3babc59
020a1661
5804d642
9b5213a4
fdf919d7
06b14076
f94d7209
b683486f
2e5632a8
e86b9389
d9452e04
ec379886
fbcdb5b5
e21d5208
43d2b2e6
a4417c01
f3e225c1
5c1193ec
a3e8bf9a
376f1777
65b22b57
3bc3bc5b
c557b59f
4f6dc1cd
1dd75687
17fe6d84
939e94c3
61dc5c40
a0d1042a
8ad48400
50c5ac6a
4c5b470e
b3e83f33
35cea3b4
d6b23e68
be91ac37
e9f63e3c
e8048da4
4fb61efc
0152c1c8
741642dd
35fa239b
40a610bf
d4878d07
81c88d14
9d22e101
e1569180
5fb78e53
61ca94cd
593681e4
a842e941
583ccd74
f3d79a1d
121370b7
fcb07815
85e6984c
8b09545b
91cef7da
a9879840
0b7915e7
1179c1a5
00e3d563
33be80c4
976853f7
3fc952fc
a74dded7
8e71231c
e84c34b5
b58ed8d8
bc281dd2
4dd2417b
ba595325
978adc5b
4c3a913b
dda23895
ccaa6c6d
a5d6133e
918dfc26
ef2c4f62
bec7bc42
60b4c445
ffbf133b
a6d7c737
98100dcf
ac9d827b
868f6e52
03e665f0
245849dc
811832cd
6f7bfccd
0ca8c33c
8d26623b
6d4573eb
a4363c97
173945e5
cf3abec7
84a04476
09f68e41
dfe6899e
d47c9074
88345aed
6e569079
376424f5
cca17c08
8721be98
aeae3ac1
5733e97a
698b32f4
f56316de
60ab3d42
e76ca6a3
04a7109f
3024fb65
464994e1
ee645feb
d6b8a9c7
b38528e7
c5a1b6cb
9c6d4197
bfa8ccb8
61cc6b47
783b5fb5
6a733c33
b35e03e9
17405578
a0042a6f
8c72c1ab
5cbeba88
f610109f
7472d95e
c478d0b2
13b10f25
78e377ef
d5cd00e0
cff67b08
12781323
13931e8d
7812532c
7c8e88f7
1f97f9df
f52158a9
18b6e1d3
55109135
a1f4476e
0a2befa2
8c2d1ded
dd85ee85
6afaab4f
cdf9c446
5b5ea13e
605df6c2
0e3ee980
b2de80e7
3a886146
e2b7f8d6
a80bf600
0fb831c5
399235a5
9bf3ecf6
2bc6a7c0
18e5d3bf
f0de3c36
dc4414da
85300d15
16cf04dc
3ccb0136
c1500740
f6b4941c
e2d3e6e7
5fe675e0
ba1d94ed
1886250d
58da88de
31e8cbfe
3a74e915
4d954d7e
63651303
e1a763a1
b7bbec48
8c63a371
f9b21197
cb9526b7
873dd3d6
95a6a3d5
7a58445b
28b0bb72
c402773d
d657dbaf
89678afe
7f36aaa2
e6354df3
beea4cf6
19ea1ecc
1c45c975
080c43c0
8ef47cba
2d04bd6b
ef9987df
332305ae
214b60c5
e72f2bec
4807f265
7f2a2140
5b45a4e1
14e792ad
30fa7f74
9d8cdf3e
cb089d6b
cc17b619
6045e513
401a8760
0e276c7b
96a7c84f
9a6dec98
d8211387
b0605b4f
da353fab
c5cc482b
d5e8c7af
6eb56501
80b1a56b
378f73c5
e70058fe
6fe230d1
16f8818d
dfed7fc9
72989fa3
4cf52db5
c13cdb94
1380a0d3
f4c2a0de
bbff26f2
bb086522
4223a074
f38a5722
94a73935
03b5be55
3b97c92a
94efe613
6d9bf2a5
6a243302
64c4a120
ecfbf350
c0a6f918
ef3b2d9a
db8d331e
c03770c9
ebe6bc1e
b0c927ac
13a15bf2
233ff43d
6abf66c1
4a87bbb2
03c50c0a
eac7b828
a5946fe9
2542207d
48fbabbb
8c167add
2af2941b
7648cc43
97d3efc3
af54a016
5199ca1d
73919070
7269a75f
96cee7de
0c955a44
5c6cbcea
b5c2bb52
b7b9cac6
52c8fb76
f965a905
c4e0cbc7
6e90e46b
31aa11c5
01c3898c
6eb40f55
0485c7ba
3229e9e3
eda44349
dc67644f
2d3d1b38
4511deb5
a62f7b16
60fe69b0
14cfd5d4
20d17f2e
e9a3ae34
10c960c6
a6e66b6e
1af84bcb
63a5636b
36c4f56f
a5416a3b
88cf8938
44fe0c4c
2b8e1017
d81c1ef1
23807110
99ee9fe1
0841c7e8
27272976
83388632
ec2f766d
5eb8349c
5d5889a9
c1dc7c7f
8424d196
dcd5cd3d
cb39af04
25f35d68
859132a7
db75ebe5
a72664c1
1c7052de
d358a0ab
2ef9c2ad
c321569b
d7ba0e22
59bea6bd
20414129
04e8c67b
98d2a568
4387a9b7
60934f0f
2727dd76
4da71572
4e295c36
d05a72c1
5e41a5c0
35cb873c
e0a890ea
a4009fb0
492e4d2b
91e6c0ae
7797aeb7
ca60fd77
6c008590
eae5c2e9
05a1bd15
72638694
5491fe4c
005137e0
f309b276
6da50a75
51924c00
1a5a4129
1d964ad6
4d50f6b0
235d3113
2a9d662c
4d4c0500
70601d36
0b1a7e75
de4b7fff
872c2385
68ccc74b
f49e3479
7030a351
ef0c9efc
e6b73235
1ec3dbed
d2776f72
ccbf277e
224e9996
def80428
11d009d6
0db2f5c3
325d3486
0d7a62e0
65ee0c13
29ebfa85
81d54ad8
39458d7f
95af084a
e0683139
2fa321de
38804652
3909d097
607d125a
84f05b61
7c1ba94f
2f7bf716
62bae49a
fb1eca4e
68b477c5
2fd83883
31c1d007
73e78907
da2224e4
49639cdb
65e4d547
16c516c1
37b0f52f
0bb53505
0fadb26f
85e1dd7f
77822958
678f318c
b660db33
0ddb5bb0
b3007426
0d19b664
41705a4e
0d0e5512
3222ae44
9aa9ab91
54a053fc
85206ef3
97371b0c
fe8285c7
697c699a
6da42c1d
ecd8f9ce
8fc947fe
41ec58c5
94672a5f
54b2abe9
383eeace
498c57dd
ad855aa6
dce2a00e
9487ab9f
5f7b17c5
8df68984
c402db07
732ce276
0328ed27
cf0c4e41
9e4de943
4fd686d1
7e91c3b7
9a071844
58fb3ca3
d2872194
e002e30e
300cdadf
c1ba81f4
a10d6ff6
9286986f
70e04dea
52fb19c4
09b3a585
dd645b84
948ae14e
dccbe6ff
a29e8855
0116227f
6e6dbab3
fe4d73ee
5623e536
7a233ef4
a24bb14a
5831f41b
b0e64f02
59c043a1
673d241b
b47a9d44
1d9fbb0d
b533a032
e78595a8
f3275930
182bf330
aff5c2d6
e24e2921
ca294814
865c89a1
fa7ce0b5
ab240380
41d6d36a
ecc00857
549948f2
cd61f011
9f169da0
d8f5c5d1
69b56b36
5eaae2bf
5d5d7be1
b6057cd1
2a7553de
81d4a8f9
8dbbd11c
049d70d0
fa6397f3
9b2bc41d
96aaace9
a5ca4332
5822c964
20c77583
009925b8
a1e8c24f
8d8ead7f
5c0d4c8f
46061e61
3c85ec04
a1a0bc46
732ccd12
bb51f2f5
24ed1e32
6248a947
9b6e2c17
83708f41
c18427ad
eb4507b5
3dc3cfec
c3f3d393
89bc0533
2a56567e
f3a52072
a2c23f47
407f1792
f32ddc54
5c4878e7
39c298ed
313ebdc2
36575ea1
6de11c60
83ca5196
f6e6582a
8183ddbb
bcacd481
e1a0147f
86df38e8
59830929
2c609a3a
dbdf7089
8c0707ae
f2accb37
1289c492
6969a27f
f9ebf16c
7f00636f
1edae1f9
1e59f1eb
2cf4baf9
ced322ac
fa580a0f
982b67e3
6e38cc88
82971cdc
4099271a
eb30f1c7
54050323
78423b73
daa4d845
74274af3
3255edaf
73e901bf
2807c250
d9f8e4b6
68a68621
b43db810
64c8886f
cd6f032d
8c5c00a8
8569d70c
4e8911c8
fab4d590
60da57f3
6ea07ec1
4e75a1dd
b381e3ba
712a6c61
a86c1472
76aa6163
6a459820
f17f6480
a0022497
76866d3f
df1bc54f
51fca456
6bb6db4d
ab3b4762
b93bb7a9
3610f98e
0d048ede
073f1691
5845c887
cbfe5d8d
09b048ea
150c1f3c
4b915d69
67b5e397
a32aa0f4
11bf36ae
1a3b2e7b
817a41a1
e08ea5c6
b2f9847d
ccbacd86
3442a763
757011b4
9f93e8f7
b3224f91
a0d24dd9
c44a34cd
d8a96124
653ef722
c087b32f
eaab439e
d9c09cb2
80818ab9
8b08b812
1d5c74f7
eb997fd6
48186107
c32cc07b
3f5230aa
51aecd29
897e8cac
458f3bf9
fcf91aa1
2a07fb97
7bdb548d
38157928
713664b0
09a77660
0a0bbf75
c1411167
8edd9af1
8df72230
5f93cbe8
fb35cb7f
091b4012
423f235e
6cc2bef4
58984c3a
72fbb215
939b1969
e67e6772
7896757a
7114a2a6
4d4210c6
e4003a0b
8b645ecb
171aec35
1911461b
0b95e0b2
47fc9513
7e8d683c
a2dabed9
553d6f79
e2945110
7e7acc2b
d8084554
c4f70da5
8d345f84
de5f4026
fd28fa6b
aed88079
64281d52
97cfbcf3
6a6c77bb
77f7db36
1ebaf2be
5d4f4bc8
32f42bb3
47c01e32
c4c9fa11
8aff5d54
4be8523e
7459efc9
7dbd8839
5be302e4
4c4c785b
aba846f8
cd95ff23
3c45657b
8da3ecce
f770ceb3
3a7de5e0
5ef57680
f484dcd2
8ccbc0fd
6e574877
6c6490bb
30027fc2
80ba07df
c871781f
092f9f66
a2a762e7
918f16da
19d98170
170524eb
c09bb9c7
43c340d6
50eb327a
e2294c28
be29163e
013d9169
d10df4c1
9d29826b
01f22ff9
c5a8921f
2a8824aa
edb30724
27aff06f
ededeb7e
40c264df
8769dc93
2387bf2e
5820b6ff
91114180
9d02bf10
96fb9660
62cb6b1b
faa9952f
c98e3409
eeed624e
1634e09c
cec3946f
358b6348
65abb899
45aaa965
004625e6
5baa74fb
b396d241
5206136e
9d18f03b
e0e5e734
dc6a6f95
a2886c79
4fe464ba
ad1be563
e74a5ab8
2fbc9a76
22b285ef
33e4c1e8
d0eb1484
fd027a99
f8717591
0ea4e0f0
c5ef9c0d
fbaac07a
d71fe4a8
5ad4dccd
e8ee910b
633261ec
cef13b0b
db95d7a3
4d516573
5e19840c
bd9e5b40
a83a675b
7effd353
162bd239
e1f445ef
407bb82b
d8a6b114
de02fc96
b39ff79e
e0ee3428
eb0fc4bd
6095c351
c70e6aee
40265727
d29cba86
fc475460
cfa0bfa5
d2da026f
c062cfa4
ab566e8f
b670044c
69c23930
f261e602
1a99eb12
d88ca50f
c9810039
d94ccbba
474edf47
08685394
414081b9
7f86a942
ff793eb5
cd51aea2
e837cee0
2c9304b5
ccb5d457
b1dee648
cfedc8a3
a9cbe83f
4d402979
458a848e
b6728e63
106d2a3c
1074e589
1475fe8b
df3da079
0d6409e0
0751b64c
029dfe80
14f9a4e6
2ccbee54
71299c54
16c49da5
2b7f9cbd
c5e249e9
173adf46
d6951ccf
d4940f69
fa59bf75
7b584c6e
28631584
10a5ad4d
0487a6ab
fa056ec2
ac7da0ac
156dbf98
f1433437
6f766575
d8ca07b9
9f901f47
136e9e1b
d51e57ed
e39cfb9c
e107f88b
dcc46780
56bdbcda
c5f70569
8e1ccf44
e97cd37e
11767417
216b864d
65e3dd1c
d64a15bc
0b462782
39760b79
fb33b9d5
0d22a5f1
6a098edf
219a25f6
c1be3be4
de95a825
19b6804d
fe57d6d2
953f0614
ca4a21aa
419bf435
dcb43cdb
3ec158cc
aec29620
7cdbec43
2b2211aa
4bfbc101
48a4e56c
5528e268
65dd1d9a
0ba9eb0d
efc25d49
290ec0fc
d33636f4
a8ff3c00
a09c6c5f
8fe4c054
ea273fc3
b6347cac
0d9deffc
bc24ce6d
98c6efb9
e30c4901
2fa7def7
5b53cdab
7e3127d8
038b5d1d
6d31e829
56a8e653
0636cf22
258ef9ab
adc77a36
12b2f5b6
cc866534
043c41a4
0d1873a0
6ee230d6
37e471ea
82f4cdc6
72cc0c60
9b4ecdc0
1c2b7bdb
19546c13
0e1e8978
390d3ae0
547fccc8
1135dd5b
f943ea94
06343b1c
aba88d57
fa443a96
dfce47bd
f0046801
dd8aa6e3
a386cb48
271131df
2470f80a
554513f2
105e258f
491a50f8
63af7e3a
016779ce
258712c1
3c3574ee
c7b74afa
f3ebac4e
4a27c09f
f4bb4925
2e6b5aaa
e2f93e95
60547c00
155576aa
cb8d062a
0246024e
83fbca69
ac647172
6b0e2ab7
654b2efb
121d9891
80f2ead6
68a0c442
753f3696
ee5a5360
22f62e1b
01928da1
54f633f2
c38f6c76
ee36d5b6
a481f136
ce48f0c5
da57254d
e12ddc72
0ed59543
33c8c4dd
413d5ff4
b2b6f835
dbbdb34d
d7509147
6a7a6c9b
dacaf28f
17f14882
e2c3e9b2
61492f48
d0a1ae18
49394989
6103682d
8cdf0bee
d9fd5adf
2676f20c
fed6ccf7
ce4fd533
a9dc47a7
043e5153
0c9e9d79
390b8ec1
52a2dfa8
23acbb63
2cd0a163
27677ebd
dea7e645
6f85b932
ccd13903
95d4b39b
775d9b48
42abd312
21f861b6
94185d71
697067ea
d42fb0ac
657e1791
5600eeb7
311340dc
78156758
4b3fa9c7
7ee5ce44
22889792
3f233a4f
5534393a
90711653
e5decece
bce5096d
a4dc56a9
ef25540d
f13e0d3f
23a75b13
d06eb151
ced6dc13
bfc26199
8dd63441
20980c2e
02a648a0
bdf78259
fa2c1467
6cb9ced7
f90388a6
8af6990d
6335a926
143147ee
a55fa888
599e954f
edd12a54
dbe20d39
d2e9637b
2e49fb38
34f0864f
a317fe33
c6e7bb3b
0198bc9b
d771245e
8ca929c3
9bb2bc6b
4bc8f4f4
ff9d95bf
e860366a
3b0d26bc
6487c371
01dc0da5
8d755fb1
f6eef2f0
3eac33a8
a3f49744
129df68a
25d0f52c
55d87a56
08c074ff
cdad6dd0
62fce6bb
3b54cc6e
f9f2fd42
6d07238f
a7a661b4
198a5bfc
0c4ba246
786896a7
3d343cd9
ef47704e
2898adc9
9913f879
2589c597
ba5e4a4a
11f14be1
29238347
7022b3a2
ec8af1a9
e54e9636
c681f3b2
e60e36e9
3ab3d680
4c1d2091
e9e1e656
7042d4a3
700298c8
406aa1e5
9e97720e
6a07c6c5
c93adaea
de9da8f9
1bd51a38
aada8851
81ca6299
7ebdaef5
a70e03c4
89a0bf9f
54310676
eb007d29
7000c01b
6871175a
19d430f7
66997d52
6f5020ab
03ebd429
54b7db5e
5455dab0
0f760b11
0c9dcf7b
1b2c4d82
c114dd4c
0d137252
08797c3e
d82b57e1
e832ffca
4eb761cf
f354c188
07db737a
5f34f3a0
e952f300
5167bbb9
6409de91
a4a1fefc
f4b85b23
0454dd6d
60df60b1
15e9dc75
e28a0386
fda8cd9b
67602d56
3b915a53
0bbd75fe
055e089f
4dfcdd99
1fbd417e
45c98c57
fc2998b6
28d8da09
40a59b65
8ae112a1
be19b99b
ac793cce
f7f79efe
8123c1aa
dbc95901
edc92fd5
ce4e924c
9ce495af
c47f2267
26499dbe
aa34bf61
86c8b02d
8966512b
2b2101ca
6810cc86
4186bc86
54d0c62d
cebd44c7
a2976d75
a804b7c9
e14c9e57
224ea594
297783aa
f9574a4b
13da6ac4
8eda7525
cfa8165a
61052d8b
5231d5f1
7977f776
74b7e3fa
91d4145e
78a463d1
6f190e7e
940bcbb5
42debc6b
3f214e82
c8d1baba
0f562a59
89b085b7
b9c30fb4
de89966e
64c029cc
5ecabf30
2cbbcf66
ffb39c6d
0bf13432
839b33a9
58224a9e
3f41c6e6
f43da028
472886b4
a83b842b
cf6f86f4
c9923cac
4ef88e4f
b9197b37
5985d108
9730bb9a
8834ccdb
245b258c
5dba3ad9
46c3e289
68c927c0
ca113ad8
4403c3dd
b377c1c1
22b748a6
bfde4397
823f9061
76428778
f31f11ee
3579f69f
7ee87a0a
4489591e
9aff77ab
f54f986e
ce0932af
e3c876a1
4e9825cf
0e1dfb3f
9e3233c2
d109e307
4047c3d3
bf82066d
16b4e08a
de195ed8
4d86a319
a55c328b
42a522ad
38eecb75
d1836d15
3813f3a5
8a896256
7ebdd7d7
4cadeb74
c9a16135
5571cd36
f63050fd
79de53aa
c6c2059f
48457247
27b1c961
cd2123cf
c24e5b03
2ce9cd14
bc23b191
882f67b9
ffd6cf75
e137f149
fcc50606
dcb8e884
f4a90250
488e6c01
24cfde46
3fe94965
ce79a2e7
be82c155
33aa5221
44279416
6204e7c4
217f0ffa
d085d8fa
18cf0bd7
cf0776ad
1b8a0ec4
1006de4d
b22c6eea
c1d71352
5415130c
38e9eef6
a3d2a1cd
0a843d38
294c0e89
bb322227
11a10e1c
3c30538d
fe7cfd0d
5a70d183
4852a5c3
81b3bd76
35bdc978
1ec36911
0fcf6cc1
a8b080aa
ac1603f8
e14f8c4c
080681cf
dfdeb7d0
2db2db02
ac86ad0b
5dd9c298
d4d4fbfd
3ec4bb28
9d9c10f8
efe0f819
ec97ad68
3e6e9f55
5d0d7b77
be1faa86
22a6ab01
0f18eca2
43181964
46a396be
bafddc04
2ed6cbfa
0297f5ee
7963349b
e1fb3703
6479854e
cedd8be6
8b8ff2f6
cff00bde
1ffe3ffb
d8274c9b
0732bc61
476833fe
63edbdd5
5eb9883e
987183c1
a9370f65
53aaea08
d39642dd
6270085b
0c106526
16200afc
f88fa923
b8d23136
206547cc
9b0cf3c2
abe29e78
fd91afae
c4e5781c
173f700f
dee37e90
9715e708
556aacb2
1f61754c
08d558a8
dbc12048
06c3aa2c
03446e0f
5e3ce0ed
86051e5d
9c1b3bfa
97e4cf48
cfb4c18e
a72063cc
c06f7a60
cb4ed3d1
37ab922b
f834cb5c
4ab00593
0a4a52d2
4216699a
6b88af08
b35b97bc
f4229a2a
4b96bab9
04fb4ff9
cd8f761b
4accf01d
4d28753a
326d8b5d
e3cb311e
38feceaa
c45439df
2e90f568
378043b6
c12515ed
10880001
018d20e5
17ab978d
ce1aa120
dde36bdf
a382a1f3
002bff8d
84966c60
6a53554d
1fa45330
2d8123f1
361fe6ce
920e360d
cd38312a
a8bf8024
4fdea359
ed0c1ee3
b4d978eb
e34ef429
84b2934c
0db47c01
c4b7be7b
5c603f27
2b1aae45
a49414ac
e631722c
c6e654d6
83eecfe8
186fbec1
194aca5a
4034e11a
5eee2d31
f2405235
f8d748f6
28f98252
0eca0f6b
abce57f8
471d8b60
384ffb58
23b7818a
a353a169
38a3b016
9a8bbf86
421a2e5b
fdf8fbd3
b2dfb8d2
fd7e9c30
f1e9e2cc
7bb08694
07245785
37429c8f
feba9226
333e8f79
b8ea1c31
96e47167
01db3d63
a89aa558
7a0ab340
a0360b51
4adf641f
6dc63111
d76cd883
c3ef491d
7353731b
bb33ade3
1f7afe24
5775911b
4f86f5b0
b7271828
d0647519
8628353a
91699add
e47f1344
c4e599af
8dd80aa7
1d1930c1
5b20a561
be18f647
bad883cf
fe87e57f
4728890b
973183ef
4eca3969
3504aeda
bb286815
7378f300
ce00740c
d0b31dcc
d2524d69
e41b3256
c867dcbe
4df0ad86
50487566
8277d894
55c9e0e6
5377958c
990ee88f
c7fa7a80
9dede475
0d09cc44
a4ab9684
1914ca99
88b2fdfa
36b719fc
64969438
74282930
50cc2757
50f305c4
393821c1
9d03f761
9e1b7456
e2a84fde
812cb497
e075b648
812f3fd6
bc6c5b3c
d673d799
3c949af9
56b64e9c
73d5a4ee
2e48ee0a
42bf4e0e
c4a5ad91
53e1165a
5467b72f
f2c2cbae
dd5c90d5
a784f9b6
2ef6980f
4317d874
bb398b78
c08f0433
2127f2d7
30d2d049
31a361a4
ef6e228f
4cc53510
a68f4443
8ee76b40
12640a67
f63cdd93
dc5fe1d4
2ccb4d26
e89a5db1
c6a9a8c7
859712ff
9ed0e27b
d167a5b4
9ff7dcdc
e9e1b3aa
2d071060
2e658b45
7ea1fca3
67823b19
3cc06649
312297ed
183fc642
fe093119
dd65dc8c
b8799136
c1bd9739
180b5c14
02b55fd0
80ae6597
cf88d0b9
666cd4b6
63b733ab
3d80380a
6aadcc0a
b6b0561c
32028c85
11d1b4cc
ce4cca68
b73ddce8
98bb8db8
c893defe
dac4ac58
a6bef41f
7f982821
291a988f
3b63f4ca
faa850d7
e6ebd94e
2588a24f
09ea0f4f
487aa28e
9946fffb
918e2847
c45aa284
91473aa1
b47714a8
8aa5c4f9
75654164
747c57c0
2e0138c2
2a36f58e
646eb66d
e6caa8bc
c8735b12
c13819da
826423bb
c47b56f2
7a0d75a0
439ae07c
ed389976
3cd2e9dd
5cc65c09
7fa1c2ea
b8688394
ab50a4b9
473cb01a
f6cc8825
9ecb63e1
a4506dfa
940058ad
7da353c7
ecacbd6a
1b39ddaa
311d306c
750f8764
398bf735
aac3e4e3
1da2164c
b21c86d9
7a3140fa
17eb144d
d933517c
d08d96b2
2927147f
bebaa4cb
ae558a9a
ffde6639
5032a915
a711783d
8ac51af6
1ae2095b
22e1d35f
09cddc5a
fa9e6a59
cd7f67d3
1127f531
1fb5fcd1
a5de1406
8c821289
14b9e9e0
193a5962
10d03d49
f85bc855
ab74375d
9e6fb3d2
6aad3cd8
6bfd1223
fe9bc91f
70b532a3
0ac603b3
9cb0db8b
7ffef50b
8aa77124
f4fbafc5
a16aa7c4
47d9fcad
71c071eb
8058ecb5
240e4812
4c83ac14
19272214
51de4866
828a45ef
8ccfde74
972ddb74
a42ae7f5
e253487f
e0c157f1
8ddd4f2e
a32b3b72
4ce63350
db02b4d6
3e9e715a
e61c6900
0cb7cf5e
5ed2cbf0
f235cce6
3e8c0f72
532008a3
14bc7699
d78c6e6e
1271ea8e
cb279ede
277416a0
11a8ca70
143f0e63
4b9187da
1635b78f
b844fa4d
c6a470ab
5e97aa93
d3767151
b6d7a01f
18584fd5
25fe0784
44d05563
81fe59fd
12fa4f3d
38a594d3
cdc9884c
64ceb3ac
e5d634d1
4accab97
287aad48
c7a1e781
9166ff09
9e78f10a
8b67d5e6
4abe8c6b
fd479fb2
d88ac5aa
87c77315
5d191f27
a145cb79
1d760aec
59577bd9
73ac192f
e1b9ac0b
532c64f7
29ef8eee
de767c17
2f66094d
27b4132a
1ff13982
20edd9a2
e0e35d8e
e109dcc7
88bb606f
7268b4b4
fb3edfab
39be560e
9c821991
29ba9f69
30a7ca02
f51a30d1
d3096371
1380a482
e50c064a
dd6be1a8
8a8891e7
8e338a1d
117ae105
e61692a8
bc3299a9
0ffe0b6a
1cf6a843
f62b3b3c
b8d280da
f1ff237e
a78ddf76
900139a7
5185c59d
cff431c6
70567120
7037ed39
3f81f5d1
26417ccc
32c7fc20
6530caa1
f0fe46f3
3c276683
ce1ab1f8
9c9a40aa
4562374d
72f94788
1b053b0c
30f842fe
2c544b0d
03828b77
0f640221
6b2cd391
da8fecfe
c517d1b6
db00cae6
89d112c8
da80a68c
04797524
7161e90a
c4516a6a
ca978264
61b8fe29
b1c1c3f7
be538228
0cca4143
d8a26572
158181f4
925d764b
ae150821
ed34da89
baddf6db
84d40fd8
a0cea4af
ff34aec2
3777ad34
98f8c7dc
8063fc7d
026852eb
0e93e8d1
02b7d3b5
e0e0f575
378b6012
2aa8b716
b5074f53
c14d2585
da4b581b
9844775f
c35c1d08
5f5a93b6
a8a6f120
a6db8641
146a6448
448a4f19
a0445c0d
5378d40f
76db0e93
f625c7f7
95bb13da
0fc52f7a
ef6d778f
720a5f61
052a11d2
a51e391a
25944884
3c174606
4e2a61cd
406bd844
570bfb55
2448a3c5
3633607d
1da14103
85a643a3
f792ac0a
e0641d63
1ac1dc67
08e8b4e1
d0e7e0bb
b2e24ea3
9dfc3438
741c0925
5222a499
d0817fe1
10d92bbf
8074fc68
e0c78114
0c4425a6
96e49a1e
b14c416d
155e467d
6fa09e15
f02204a4
a66d431f
cfda2718
ec153204
00e772ee
39e273d3
849d2bff
1db9bace
76ed987e
79a56b6f
4dd4c06b
6ee09a67
c824d291
1cadaeea
8767f012
55d418a0
0ece0bc0
397bef7b
d6010b11
1b0944a0
4036f0ae
5a4c885f
a3a6b27c
c8c81988
b4d6f2f4
3b80b1b0
9b624a0b
964b205a
ba43363a
4c071778
73e0418c
01ee70e4
31a074bd
d9ceafe6
8a7f561f
772c4e61
22e23331
f4000f13
49a0a9a2
ce0c3ae8
6372d640
0ee3993d
c544fc3f
02a51a9e
9f27c6c5
9815f27a
ed0e8bb7
b376c4eb
1699b2de
388e355f
3a90e3ed
fb4743fb
743d6687
c550b4d1
aa955bb4
3d98b3e5
5764c4f7
30b2224a
eb905ed7
e91310b2
eba7b330
a5f607d0
c48a9f96
787a916a
60af4c61
ad4636f0
189864bc
95f239db
8bef275f
8f9aeb7d
8c5162e7
a1b78ec1
5d9f5836
65a1ac3a
54fe4109
073ac3a6
b68bac21
a2f25966
d2035ca9
8b522c22
14176269
f31df6c4
f56f54e6
e180f8ff
2d7391b0
b7f27c52
f7704dae
267bab4c
31525a65
39c62a2a
6ce1990b
a7da0b8b
33c8031e
46d083ab
821cd7d9
04188eea
ad7d4508
be54bb26
0f3d987e
3a72ca87
076179d6
232e129b
cedd4685
a7b765e3
2a6f2ca6
308ae03b
fd3b79dd
d2128b7d
ecd032a3
ba00dbc1
8e6dc4dd
e8398b66
f3f1de4c
cf3f7050
0799798a
3dad961e
62ac2489
21938577
7694f0c9
f939356f
2d03ee05
48afaae4
039df7bd
102b2808
d068413d
d1be2e5a
9ad9e860
5d62caca
834a9237
f08f4c91
3ab163ff
cf1f9b98
b1fc306e
c9cc9956
0628f085
1f33cfb9
be5f47bb
83a9910f
808d10ab
71945d07
bcacc3bd
bfb54bd0
cf275657
98593081
7760bb05
60054ba5
e7406cbd
b0208316
a80075d7
71e217ca
507286a7
146ab874
2fe72106
b3371845
57cd9b1a
717b80ed
2da22b9e
72ea2136
ef53b050
b266637c
bf325378
5ef81316
cfc5563b
c54293fa
708e94e4
e05af84d
5533fb64
61b2a72b
9fac6d80
5190f54e
a81b4892
e0246ad6
c2ad1149
7004206b
752e778f
c0268660
0dbb4cb5
e1960ac3
39012e24
8471a886
9d4736f6
08a0ac7a
b8d3bf4d
287562d0
01cb3827
bf328340
0404694d
ac9c36bb
6323305e
a036ab8a
ddbdf409
04a05777
c798ba50
ca889519
dd50f88c
8a622c2c
331eb03f
463d74d3
fc4b7080
d93c0c0d
4f0d8a33
373937d6
29bc19d7
fa533e14
2fafeb5c
8a4445fe
5d8b14e3
ddfa0668
3bde5693
d0858cb5
43709bbc
50e1445f
7539952a
b4022a64
d8948aa3
71d90623
72b49b0d
db7c3707
ee03c0e9
55cbd726
cacf1691
2bb9717f
b744e534
57ac6865
8eb40395
d6123a36
bbc2e11c
1bc34f6c
37f0391b
2abb6f32
acfc9f1c
dcff12f3
ea8cd9c3
4724a239
bf1e9a88
e5ba394f
f0e288c6
9eb91f5b
17161fb2
48e68d82
b386a409
87f146ca
4a227a9e
ab46bce6
e79213eb
180b029c
734f68b0
557dd41c
103a5f83
22885ea6
02cdcb08
ce3e4d1e
f42c54d0
a87b1aeb
afe5f078
2cb5e92d
a3903d45
23212479
f26ef26e
a847ab9f
fbb8c5a5
828e9043
405dd800
90e9106e
ee75aa9c
3fe6e6ef
84559932
d90b93eb
c5a26c50
8d2d20c4
0f833f9e
6669bf66
612fa324
3c2659a1
15524728
eb5a5793
94a48fa7
af5dccef
cec4d66f
d52a910b
667de34e
989d86c4
20e74e26
ed5ebc57
605c669d
7d79ab9a
49533c7f
f545a931
4c168900
3bee34fb
53546223
3d1dd8cb
469b82e9
ee1188ca
3e1c4e8e
4e777868
8e3f3275
66456fed
bcadec11
24d65c46
048396c9
bd0b3164
bfdc4217
c44982d8
764de2f1
886758f8
0c7541c4
2dffefa2
d1733347
546a918a
cd218647
40ca0ed3
231da53b
60eb5226
5f5d7951
fe930c2a
7dd67781
d7e7cc52
e3def7e4
996f47d5
432e3cff
12824a47
229a73e2
f026b7b1
fcc01ff9
18d74ca6
d93d74e7
839449d7
5f7b3c80
258f3e55
8afa1197
d1da2b93
01a83927
d7179641
9e2b316e
f8d720cd
851f5bea
a227b7bb
cecf47b3
e11fa14f
b3ff3154
ef66ec7e
6fcf944a
3595c7c9
20f88e9f
1445b74a
f738659c
8af89379
8a681972
a185a7f1
ba0a24cc
2ce8ab25
080eeb83
7aa2c6bc
6cdfa746
9ed240fd
0f7cf8fb
9c19c98a
0033b8de
92202a0a
7b4516fa
eadd7cd7
edb070f4
967ea543
180a6128
d1c62cdf
9fe518d1
a31bf36e
73bde775
25373b5c
89c79432
137cdbd2
88dd25f1
a0016bc0
225c82fc
f268245d
2a9c1aac
90f00748
9330a7c4
7ec4e020
bad2b940
52a3381d
81b0db6d
c17bf663
494efeb8
45af0b74
3cfafb94
12810050
63e83bb5
f74b96ba
360e1af4
5f4cebdc
84d65227
9cc038ae
e1631dc4
d9a04989
c2b139e1
54200fc7
eec0604b
bbe754cf
7ead1270
408cfc21
3e1ec705
393c9b3a
e12a4cf7
be2bed0d
b2cfb5c8
caa46993
b5536158
f679b164
caff788e
983be559
76865531
38254f01
a961db83
d02fa3eb
ae08e982
d426f3de
41fbe8f0
a05b26c2
54e394e3
e9831c5c
cb13f258
1e4db674
b8ef2495
d3c8ffcb
4a0ec3b3
dd65bb6f
2b05a30b
73f51b99
c04c289a
eeb60c95
cbb3dbe7
a9231380
a13db309
fccf8c47
a5aa3664
8fbe3d37
4b07de5b
a950219d
011932ac
ced8804a
04e44b62
3c81f966
760a2eb0
485adc9e
6aebba3a
a832696c
46ece783
9981bb2d
726dc7bf
99d21cb2
92c20390
84bd33c8
7a4077ea
e31cbb34
fb3a2029
58d4a976
72bbfeeb
a1b59358
680dcc57
e16fd614
6e062382
e4b0e199
e8f406d8
6dc96b2f
5539c459
dbe88280
bca40cdc
9acdda23
10bcf607
41f67619
699721e3
38cbe1f6
da55720c
f68dc8c6
bd30ce8c
38c2837c
7d0bd26a
ef94a8e9
2bbf000d
bc667f92
0114cd58
8f4fa1e7
151cf79e
f6013f49
ece6801d
a042f38f
385efe56
151dfe1c
f11b4513
ae94502f
b6a5ee87
65d46c9d
e0b0af7e
5ebdaff1
833cb050
b3e1e3ab
7d0c4841
74865a23
478edd82
1be4a03d
738bbe4c
8c05b1cd
7dbd96b3
2219b1c6
900e0116
55b1c900
feae1648
b086071b
7cceba09
da76360e
8a48f2f5
16d5073e
706118c7
3c43fe1b
339744bb
bb096e5b
4e8ae27a
4a70c818
3d0fd581
304d5d9e
e424dc41
8a34b177
9f51b03a
838236b1
6fdaf77b
178473c1
a67ff8df
75e2b9cd
79ba1ca0
7fee3757
9995f175
d0d317a8
f6ef99db
bf4b9d11
51d2b7c5
e2689e50
c5fe36a1
6668f1b4
7397fefb
0553c33f
dbb7a905
fc74d78e
b621bd4c
b087cc88
6bcbe863
ce37e300
78a8bf4b
877cf58b
207eb4cd
2a0a987e
59a9fb7c
be0f4bff
b96088a7
a6f3af3d
b198b057
55d2705e
60ee0bf2
93937c7a
7f940cf4
3f548dd1
7331ae66
9954ee18
966a6633
8f2107c5
54e7f509
e296856a
75405297
9d432ede
eb8ac0d2
c18bfa5a
66dc427a
3cfdd353
5469f318
2b5205bd
175799af
6823785e
e23fc28a
57bf781d
af2c0c23
fba71597
3baadabd
7f5412a3
5d018843
ed3216a7
53328bd4
4b4954f0
5b3be77b
dd4606b1
af952759
64be5e26
4023fafb
d0ec2de5
ff444eed
a5a36181
fbf78c48
45afa797
9afef819
fa42a607
7ec03986
47e86abe
1d4e73c1
b5f1711a
e19de293
e43a22f4
acfaaa06
cef8cdbb
3eb7059c
1e99b95e
1fffdd67
6e3aa68e
6784049b
05f5f510
d1a2bfdb
4d6a0217
a83474e3
f3a8f157
5dce9556
63e64e64
ef79f551
eba40ab8
3494c7e1
217e8b75
f21a3cdd
05b905bd
84d8507a
543db531
b1e76bfc
cf8073b0
ff347a2b
7e556073
9936429e
7dd0efac
648ea87e
81a7277e
cc526e9a
b1aca51a
84f1043d
2aa836c6
a26cff3e
8cef1e9b
88b569a5
95bab7c5
ab0cbae4
b654bd4c
1e589bf2
a9fd7141
fd7f07cb
ad4b4808
4d0f6f8d
bf2d61b2
707e2fdf
053736bd
9ffc0eed
da159e5d
521f5cf2
89a94672
8d8d8ee1
b667a9e9
280fa0c4
5efe972f
0f7d1562
17f172ca
0cadedde
93d8dff5
8ce14726
24bf71a4
9bf908c1
e6cfc391
c900752f
331b295d
9024eae5
a271c779
c94becf6
2e7ba51c
01d90670
03f5c99b
e2186bf8
0384952b
b5160adb
fde74f5d
95904e3b
16bb6210
25d2b2ec
026e6e4b
3b4a5a98
73353014
73cc8b6f
b6825ddf
5a01ab23
83da6eb1
0f891f57
a01ec5a6
6ded0793
6eff229c
df301e8a
40c72fba
03379962
f36f8c8f
5d33d3f0
cef5ca96
834119e5
afc0d2bb
076ae670
2f3dbfe2
80f7c3c2
69784f25
7307320b
3d850da8
1a3835b0
8d494517
18950ba2
85c3fd12
b659c462
546da208
e5b691de
c6240918
a7e279fb
f370df35
fa5764be
ced5541e
ee826095
f082aa7d
1c664bfb
76316f97
23b7ecb6
1a093766
a058cb94
9c68f721
d31e5a87
119862a0
a441e486
82fc752e
876fd342
ddf215e1
76813286
4aea872e
5be60f09
daeb234a
6ec5bd6b
f47e8a3f
82166cc3
be4b4b84
304fa339
4134c48d
ed0403bf
c30975c6
5b89a0de
9dd8b5f7
e7a418c4
f329f9da
4e4925b3
3511694c
1f244f50
4f0e82d7
75d182dd
f4ca0318
218270cc
9ce32721
f8e81f62
9b807ee0
1fdaad0e
05124e53
d7d90fdf
32700d0e
49eb4826
3d1c9271
450e5ed8
54762ff2
a08cc1f6
2ef1a84f
64f0f3d3
2bdf7c56
4eee11fc
16eb2514
3b7a1a30
7fb8e3ee
1b67538c
d3c3cbe7
fd50a9b8
e49c6ceb
4926350b
7f654bc8
15983806
4186d80a
ca7d7c69
dbfdbcb1
e11efa04
f592c04b
1ee52646
ff9ad150
13a0f288
b3cf7a70
ccabd230
6b5ca186
12efd830
d4dc3444
18c730ae
24837727
0691f094
28eef675
322581c5
c1b179ab
3e09b3c9
066269d1
2055e3dd
19efb48a
00aee595
5f9958fb
e44655b8
f0d91ac0
a3af1300
78294f07
68f97b83
b6ae30a7
67e7f7ba
bb0f9d72
5c9edd62
6169019b
6a1267f6
fb7a2480
42a515d5
e3e77e9a
8ab32880
1bc8b571
a1b4eb82
a45209e0
48a111b7
386f5b7c
b316ed7c
b9921e20
b09a026b
ea345a00
4ff93dfa
608f72f9
54d2a7b1
04b473c3
d3468205
63c25346
1cfa75f3
1ac3a6f1
adab8e1f
5168054b
69e8f8cb
a8c5d5d3
5d88216c
6d143a7e
a12a6533
5c020d55
a8bcd3a1
6bd5b265
6eb6e989
c375990a
7ac8c520
2ff276d6
44384e02
f2fd373e
d7417b53
fd478f86
9a5e727d
d62ef6d5
167e074f
04660c84
7b2b219f
fc010c73
6c6f5434
5bdb7f40
b25fce79
3989bd91
c948cb0c
d50d4018
dcc1ad7f
c4a900c8
72be2090
63230306
6b3b9647
279c2d7e
e4443087
28c8d40d
7b64c809
aed6be5b
5aa1b875
d84afae2
65c9d449
b75ba6c9
b3de0608
10f8cf67
2b91564d
2a462ac1
0cd1d48e
fe41fa6e
e08707e8
0f3afd75
421ad2df
1066e11f
44e9809d
ebb946e0
afc1cd12
5a1b0243
703c922a
ad4dc1d6
bb9666cd
9eb0502a
021e1470
d29ef338
93c75dc4
7783de9b
8647aed3
002314bd
34243907
d3949025
73920d4d
754d3e50
826db573
acba2d52
cb13229a
4746927a
343a873e
ff73df50
17aa3e9c
5f4b42a0
d4f47ccf
36db9e59
e70306f1
7c71c6ff
d16e91a8
682990a5
1d9eaadb
d0707999
3725f138
a9540299
09e1f55a
de1f711f
37ada921
d3b0c4c5
ae282b71
c38d8492
10e05ebd
7dc997e6
a99b7ffc
0af7050e
a080b485
7419be2d
385bc7a3
555f7974
f4452dcc
6e6c2372
aa40d813
991ef6f2
bfd23752
de39720e
ff618c72
131acba5
07a79cd2
73897f4c
d07afefc
7b021cee
2b67d481
ef04133a
c10fd4eb
49c78d62
b519bbb7
cf8c4a80
9d51542e
4d4d3744
9f1d9056
8fff9d7d
f65069f5
96b83c02
b63ea75e
387f90b4
8747c580
8108b51b
62d8470e
2d0ff052
b3bee3d0
975e5272
ff17a3ba
677c274a
9137c680
5519bc13
31e6469e
df8aba84
9395a3c9
da7e97df
182b003d
7dbf194b
4c50f600
008b3648
ae02a849
9a754c4c
4c6663f2
83141c3e
12e85297
0fed678a
c092b684
5e0dc905
028e48f3
b999ea5b
1e8bce72
8ff207d0
2e046ad4
c889d41b
b3536ede
0f90f2da
28bcfddf
57ef8ddc
6cdf8036
07f8c51a
f42adc57
5bad1b67
e0f167e7
4db1ddc1
b7311e65
0b43777b
d028900d
87037239
c1c0f5fb
3080b2c4
fddc14a8
966c4a8c
f8856752
d98ea1c5
bb76e4de
9a4ff228
e552c58d
018454fc
e869bf51
2ffde290
e65ac3a7
7be1eab0
904ef48b
9529cf64
346639c6
988e8d49
6dd6b29a
cb304458
b4df9525
8919d518
c4eb1465
6a9b0d96
6e10c842
940eca0e
e4aab989
c0e3c8c4
86999319
2ba7c5e4
b07ea149
eea1df22
7dfb4580
bc22ab85
c31d9aac
794c7388
109c0ad6
a916c495
410fd6b7
c0f4003b
5e9b4802
c4f96a2f
de2320d1
fd12e46d
927d80e2
6e5beb92
761de2c6
82edbb64
85a51524
c7315224
43c1375e
c0727cab
730c3058
55ee11bb
6cfe70b7
fff0f9a3
f859d1e1
8ed78ab3
8fbb7b13
fbf4049f
179cfcac
892e2da8
dffa7745
b341664c
6e9d9888
6c123f8e
579ea59f
e68d8529
9339499d
fb5c2798
8a4c11af
074747f3
189355cf
377b179a
e487d69e
d4d72f34
1707422c
17150c2d
648e1bc5
592beffe
be538f14
399c714c
4100f856
9f48fd33
9d3575c4
42306c42
b8b9785e
61ec8367
c1836f47
2110f732
c123b1e9
54c786a6
2671814f
dd552603
4b3a23e9
e7a78d0a
d6de0729
d15eaab4
850d3eb0
79bed47d
c5159945
b19d493b
0ffe89a6
078efea3
d304a34e
aac55ff8
2671b3c5
112a63e1
f79bc40a
6c42b367
7fe78070
72d13704
d2023e9c
2fef7af4
d682cf2c
63861b7f
bddcca6b
b6a6bc43
44f37654
6d058a48
55d069ae
44553e5c
90473df3
88d5a7ef
b923669b
6bfde003
2840945d
63ae0e38
ef42be8c
aaff3a65
fbc42b3c
aad119cd
b4f75a19
a93eeda3
e5dc4b26
fbaf123a
24e3870e
d44fccef
97957ac6
217972a0
ea83d3f6
8f562a88
0ae6feeb
72457ab6
7f6953df
f741b396
e75172ef
e8923b49
5092da34
715fa41e
3e58f8f0
099be233
ce6aa37d
daac819f
1977ded0
b7185f46
22e8e6fe
f8d00545
f763f659
bcbac32d
7f3d3902
dbbfb48c
88ea617b
5c690039
f1addfce
00d36664
efe5dd0b
dcd67209
407c3302
059e118c
3251b93b
abadab80
c569392e
abdd8908
456c0ab6
436fbdcb
2e0673a0
ee3270b9
a48515cb
c1b2ac75
13b48b0b
d860e641
51bc26b5
78376c00
2353fdbb
c072cae9
bcdb69be
ec74e848
5ec7ce36
472aeb76
52c0ecd4
a4132459
d394e6b5
a70e4394
80e2716a
172597ad
1fdccde5
4a65f475
698eee00
3d9830c7
4b996de7
a2926055
3d8e5439
1628f81d
2c40cd88
8bcb3970
704caf42
51372f90
2c6bcbb2
f6a986bc
09b2d5e3
32dd10e4
88fac804
eebe3fd9
01e4641b
218f17a8
ac34b4b5
6ee33564
01b99923
6121edcd
cf9413a1
f1e2bf71
67954297
373f6bf4
92715c54
868b9589
73633d14
8cf759f4
9ef4a810
7523108b
f17d1952
18b97f59
dd1adaf0
4ed7a392
ee1266c0
fb8cc305
1e660c93
21746e49
3b1e1af7
f0505c37
810efa5c
96effabe
5eb9c222
b94b9adc
881f8554
6e1218ce
8c72072b
5e772d60
c0b5612d
fe8e1bc5
832202fe
acc9cb40
2191b390
eb94b441
de89f32f
fd600879
71859f8e
8cf3e834
cf57090e
e0ad1895
344cb00a
ebf984ac
b6e14a5a
6ae2f46f
b98ec558
459b4c8a
ad494b6f
00b9c6dd
342d276c
88dd0e8c
089fdb4a
8d2ab491
aca7d0ed
81f12db0
2ca88df3
9fc89c78
04bc913b
45ecf4b6
b431786b
fcb6eb55
1a572cdb
064a549d
d7e38cd1
6946024d
88f12f8a
0d07184a
2fcbc6ed
b5dfe1a6
748baf33
2cd43f25
cd299d1d
2fc20958
b3cefbac
fbd2f3d1
10b8a1a5
950c7f83
457e4d5d
1660cdd7
f49f6d7a
3f341da2
2c807fa2
4df1ed18
7a087311
f9274da4
02eb784d
d1bf393c
e58cec70
7858de51
11cb3c98
bd58f134
ccba31eb
da6581a8
20462480
7e1c8b8b
02de1b9d
f416b22b
682ba342
943e4103
dfdfee8c
63c18eeb
11843b45
4b76d653
a6232f2d
bb1b370e
62a9a793
9d267b7e
1b7bd91a
6b4d8ff6
8cd7774f
25ea6c50
646b5460
d20d3173
f04e0722
25e1b197
69b857be
0abb6539
a592b0d7
828d0b73
5f8c2ac2
8054f2a8
de3e48a8
f243249d
4cc93155
369720a4
82faf545
561556ec
65ddb988
8f76cf3e
84b5aab6
0d8d3aa7
f1e876ab
18904f95
3d3e03a4
54155d21
09915dd9
6767f54c
a0090ccb
b395ac63
c520228f
ef45e4d7
283a8a38
56cb6646
7a74d3a7
e0083747
3af422d7
6b7d2d80
17641626
21b30236
7f49bb4c
4c23f4dc
65b5dd80
1eb3e2c2
3f99e557
65539d0e
c8b89897
aee8bd02
905c9566
5cfad7de
c6238f1e
4fc28b3e
ca0dc9ec
153e7ef4
86f2e304
88d3c7ed
f5ede0ba
76aa0ca7
d0e01038
8e08502b
05a3378d
090662a4
6f0281ad
d9d0f8f6
1f0529b1
fc59c1a8
49f8d05e
2d940d47
2babd079
653fcdcb
0c5a9288
9f7c0c2d
c1cdc971
64997500
0d13539c
8b7ce5ac
eee4a748
3bbed38e
d8230e49
84a4253c
0077029d
e4be836f
aebc59c6
9515eb84
24ca8976
c96a0304
a85237a1
3a6a7eb2
c23c89ec
33252dec
458432a0
b9da3a48
2cfbe521
5ba24cce
554b3fb3
65159b4d
19f65e13
94beb629
0d0d5594
504f4f2b
8ce40c3e
a11a9b6f
bc9748d4
e431a052
d74a81af
689b6010
97b529dc
6358a3fb
93d8f568
23c3c992
04c539aa
ddf52212
4f5c87e9
2b98cf19
7d0532a4
b16a3e8c
21c37ff1
8992650f
634f1556
bd572124
77023e3d
28754dbf
b99f469e
78d96938
ea363b27
870b7c4e
f8dbc9ef
bd2b4a9c
5b6cb4a0
72e299dc
1af82f30
fcda375f
fc00c2a7
6ede412d
798df850
1674f973
a201661e
569ece9f
66e04e19
8b486888
4d7c5f24
158f3168
87eb5f99
6f193b35
47885e4a
c466352a
5aadfd2b
44151a4f
0ccdb5c1
f4ccd79b
a9cf9004
22288183
7107e96f
0963a03a
d1ff0f88
31cce66f
0d2b4d0f
f5d9760a
b8132b46
720b3a9b
be5256d7
65915ef3
87ac2354
7b12f457
9698d5fb
08d98ee8
1996df2a
8c0c3c73
7bc96ff2
90d799c9
1e3f8ffe
17c73bde
e72cf380
52c52aee
048ab562
16fd5251
2a52ad4a
80818457
b16cb612
d2725d65
a20880ca
f022a182
2644c2eb
7d264107
15d98b04
b39a3258
4ff85eb0
c1e1e847
61c7b053
6e7eed15
c85e8b9b
3c9106ad
94d1b96f
dc7d1ab1
9a4ba1a4
219585fb
b47f00ae
d937b9fb
ef11111f
6b606746
969a04c2
1647d7a3
7acbfeba
a68b3ab4
fa66911a
20fd6238
1bfea8c5
122b9976
41a85774
2398a837
e5543c78
39baafb5
e5cb0bf3
12101c89
21a7bd69
17543bec
95178cf8
f59f693c
0fa44960
57894ea4
b5e3c0ca
72a620d7
612feaa9
132a1614
6cff62e0
94c77491
30f85edb
5f474a0a
76cc7029
e1eca5ed
df76d7e5
b4c4d120
f2f80c50
9d3cc8c9
8098b1bb
435cc76c
ad947c34
604f4a9d
aa896c73
67eeb1f0
8bcdca18
6354b8bf
7c27715e
d393f358
12ec1124
89d3f140
088add1d
3603c5a9
986e9cb2
34e7d08e
10388955
2357125c
e282a892
4586d81a
4e3f3c58
9f3978c2
b40d7a92
70b9d09d
1fe0ecc8
4d445374
227cacc1
4b7e3153
27d6e8d9
a37b025f
a520fb27
f2cc86a5
211ae289
d43479ac
3b3b51ac
70d1dc4b
204ba507
c9868132
2db971a2
722b3ce4
a34171df
22203b22
8dc95980
79d8557c
1d8a7427
32d909a0
6e4d0a96
2cea0e39
c88e0d4f
2ddad25c
85bc5b14
d505531b
93a799a8
72c795c1
8f814a3e
7e1df2fd
c804695c
e0d6b2ab
e6faf4aa
b592fb3d
b450e6a7
b80e0e45
4114c666
e2d53bca
f0277a9c
f1ea51e6
c10f4dad
3fe5c7f0
646b0bdd
a70583f5
f81e2148
bad0d533
aeaa4408
234dd4bd
a29d3250
9e31375b
a39b6df6
0a9c9664
925b13cc
f47f907d
c8765be5
6255b660
47a259ac
9e6c2307
5b950e21
b07b3229
11f15ff6
7bffdcd1
8cd22083
d086b8a2
f5cd960b
a696642d
286dd5a4
c9fa85c8
b13ae449
5bc5e090
1d25fc1b
f67f6448
443b4f53
97f60edb
9385fc6d
ad010749
30e4561d
fed2cace
56e0786b
644ba73d
052de20b
94f7091d
cf46ed17
4e6488c5
30f4a81b
1b04c6e0
f8c8668c
772a0c80
e1f8ec7d
72917a86
e5f318a6
5a14e175
017e6f68
5ef22d01
711215a8
4746831b
7390b9a9
f010d49b
bafbfa9a
70b3d18e
5ac08d2f
27cc5b3d
39de0068
c3bceca1
9b349515
3b500a1e
786935f7
8428a91c
b06752b9
1c3bab81
403c5ba4
a25f7e00
fe74412f
bc62dae7
00f76678
6b3a1ce4
3c779e57
381e28a9
5c65b3ac
a8189224
f1d5ae4a
c78544c4
8ca39a0a
03b61a9b
dc4647c9
8352df56
cfb6124a
b215c215
40bb80fe
242f4d2c
7cdfd6c9
46d00c8a
af6c8a6a
fa1b7a3a
3ed26214
208bb0dc
84936914
df82244c
fa76d0e9
2d17fb5c
9dfe5e22
917c92df
67c91acc
d687a804
53600127
3bddd825
9bfe3169
e7b4cf80
b6dae4e2
a29ce9e1
cbba1011
beb6ed6d
0074e0e0
117d7454
4102de4f
43ad566a
c56c399a
09b44e15
8ea36bee
98059a21
43745fa1
d88367c1
3b18a27c
c5b18f37
7eb5b69c
c4ac074f
ccfd68cd
5d7bffdf
7281dd7f
6ced24e8
c6785ad0
6965b461
22d68935
8dfa496d
5e26ebc6
e8932749
03326ff4
9755dad2
adfe1675
8920bc4d
4b833039
9d04d99b
c0c0ea80
6f800d48
ab0e71dc
c38dab86
a9574ff8
55a59a2c
3aed42dc
c467fb67
5a6bdaa2
06cecd9d
30dd4643
9ab82369
447ccc63
63e891fb
4b2eeb10
5fd8a6f6
2bce2dd5
20eba70f
d547cc4a
b51ddf8d
d363679b
4d9b5233
dc791a7d
19ee7926
0f909a23
864a7d69
f5000ada
7f3d2e17
850bce68
6410b16b
3580e6d5
02101d78
365ca947
cdf7075d
8e8a8bb3
206c0ded
9bee5da5
5b006488
a5b8a740
9b4f02e8
1955d341
c489f93f
8e62f9e8
faadb9a7
feb6920b
b20b6a70
37e5bf92
82e04cb9
e5920942
33f978ff
8034470c
126dafa6
54beb12a
d1edbc87
a9d09899
e2bf5af8
35eb9f08
875d3dad
3df936f9
7fe5762a
f52b89fa
0685f5f0
bf4e944d
d527576e
c69b99eb
0172c438
6748f082
524909ee
1deafad4
14bb2a0c
4ea8ccd1
b16a2e48
60c9d739
1ff59fee
2d0934aa
78125de4
46764253
49b0cced
5585db9b
302f50e0
9c5482d9
8dfb3f1e
a909c852
907bca33
ce860b0d
f312333e
1bc09904
14e3b3f4
313d55fa
ebc95f5b
c469b60a
a7b9649e
ee76c06b
f90cd196
04fa2129
5b3b0986
7b7144e3
2e4cafb5
ccf01f68
2cb26426
66e4139d
766ffb16
a8a28d90
db0ed218
28f7857e
d35d0312
14d02b2d
2705fd17
8c4d79c4
4dc8e7be
76deeb01
dc6d451e
ed195059
255069d0
2525c145
3ca8d7a3
edc8352d
86d1f3fb
ad773a2c
0c617995
492acfbc
0b75bd92
2433ddd1
aeb390b5
480e8207
918bea20
753c14a7
02b96113
fdf9dd9e
0f05a9db
fdec0c44
f0f2fcb6
43e90b84
31aee3c8
57253143
d0a81165
821fdcc7
49670084
878d53df
932201a4
b1cbedcf
423f1536
b3a92a3a
4b2a08ed
4cc21336
da3e58e4
3578ded5
faef5904
2835ed83
253d2f61
9af8ae29
6884ff57
1aa2f8e0
f2659ddf
7a15fb30
6b00a8a9
bca343c3
4fb27c6e
07c83251
31c04090
0399d359
07af1ba0
7fb6506d
02cefcb0
764ad19c
a351b3a0
319adf72
24e1e348
09950e8c
a0df8f6e
777e9917
2fd94c19
cd1789b4
b803e324
488723f7
33cb24eb
bd9b8740
630fded9
8242e4d3
05c59c5f
7f8ac878
f63ebc7a
178c78e2
8a9ee1ea
82d2dddb
f453fc8f
f38974ae
7e879e20
2538c8a1
b9b22057
4aaf6feb
4d19d402
84ac560e
c3dfb638
960d3a34
183ff0b1
231dd705
a65a449b
37e32c1f
1e7c40cf
5ad8945d
42311ef4
5c1a6e63
2b16d788
cd12401b
273d30f3
a5411c22
5e66f740
915857e7
ef3bbc95
8d8348e1
777c4f6e
2caff4e6
9458e21f
8b738452
84ce8c6e
fd2fbf2f
5381130a
4ded14ba
003e43e7
c01a3f06
78ad239b
471b9374
9bd4300e
a76a2264
87fcad17
5996c338
bfc1fbc0
978ec81c
9f20841a
7bd3faab
945585e8
b9fa641c
5a4a4aa0
70d626cf
35fc05c8
1deeb22a
bed9681f
e882ffb2
59e86508
fc60ba2c
8f8cb87e
08edf3df
645f5a14
6cae2eda
87d27660
eadc4f0f
048e4cb1
6e194d9d
b2f30748
9157a6e5
d4edb020
3fd9abd4
5ec6fe25
a141ca24
98a5c2e6
3fdb41da
abe56f6a
c70da1ae
14335e72
8059100c
e940e520
49776592
1d6b9970
a6f06412
e43c544b
b8156131
925a2e28
2477f907
b1b9e12c
3e18dba2
88fdab94
8c699f33
4e7bbe74
0f11776e
1e685590
8f91a05d
c8d1ef90
51513521
8950f5bb
6b1c1748
d75915f2
4902cf21
0c3a0d12
fe95101e
ce4934f5
f22bf35e
044edabe
3c37d372
0d67fb9e
b09c1014
614fa23b
34199f5f
f9bde866
d2904dfe
bed3ed49
ac2f3274
06537fc4
5cd2a931
376534ab
aff39633
7b868d89
ecc8ead2
c3c8917b
ed14a888
78b705ca
99cf306d
87975e0c
e68becc7
f97b688e
1936b5db
3e3bf1bd
418246db
227d6c97
7216a760
79a477bd
1d262e94
c66c9f2e
e4a7c8aa
abe24813
beeb7503
d924d9e6
011f25aa
50e8f89f
b09cd322
75e84d9e
f72dc5d3
bd67c118
edd894fa
17b2c079
b8053347
d3d65251
2a13ad7f
a8303681
72e87fd1
df5e4a58
d4bd6b12
423de85d
19f0cf06
0211eece
c6ce146a
8c299f2b
4658b96d
7fd30b37
c80969cd
4327d1f5
9a3c8259
44834b22
9104a7f1
baaa248c
3940a9b1
a2a56eca
e0f907f4
c0fb1917
d8ecb79b
8de1e214
85c46265
38901281
62c5d3c1
cf0e6c7f
52b02adf
aa97c46a
114f0187
de8cbe38
6038c93d
5af5e3f2
37f1c657
e85f188a
6285f88d
6f12fea7
2806de44
8a0ad3c3
de29a4ba
bd6cad45
30473dc7
28097138
c3e037cf
662f1d23
34ecc326
3d82f922
36778651
110564ef
0e839e43
d433dc26
595e345d
656ead57
a846b395
b8b1bd6f
6c9f46c1
0ca3b8a2
0d4f6a59
e083713b
5a2e9b49
a1b802aa
9c4f59dc
99e8aea6
0bb93fb8
a58b1a7f
1e57babd
c90da99d
fbf8c7c2
831e3e02
df15d1cd
c0a4283b
f1ce37aa
d056ead7
ac8d8671
9436a250
4feccfae
1535f0e2
ce154bb6
8b14b8e7
9d028a83
460319ea
82f725d5
affb6893
9fc45507
b9f34915
cae1aedd
18745940
f8de0d2e
1601e3f3
658d4f4c
40f186be
74e9ab0d
708d52e9
80d3efa1
59d19772
0cc3bf4d
1e6e79d8
fbf73f32
9e3f567a
eaf5ac42
b0c5bc7c
ee0dc4f9
84cb39b0
9c54418e
98d4fc3c
ed3c8d35
efd87c78
eab68633
746f9a6b
637586ba
a7f7420b
b976bfd0
bf1d9a56
86bcd3dd
8428ca7e
318fdd6d
8e6117fc
3f46f7d3
d62006ad
084c7737
53f05822
4672bf58
22af4514
8bb9a252
418408cb
d33c1825
572a9719
bcff0a5d
eb241467
5cb0d6d3
8b382926
4d896b28
7d67309e
f5e319a4
4c2d8b2f
544aa4eb
1a2f5480
e75ab73f
861cf3c1
14ff2193
e96a0755
999e8135
7eb8b8c9
5d942f39
d61f0300
f99c1fdf
369f9f6c
6b3dc775
a9b2dd1c
b035a694
9803b807
0f66df46
4540d521
a37f80b3
3e50e9e7
4eef1271
388de001
153dcaa7
2146eef3
6f86e75f
dec683c9
d94b3656
4fb49b56
47189219
fe288e34
122141a3
78b2a989
9df07648
f41ec554
ba3e32ce
f09e535d
64482ac7
430fb3af
1a3b2b52
957bcbba
6d934a3c
9e4dc296
e5fd22b9
74ee6fec
9b65dfc5
33309eeb
3d503d3d
64078886
37f743ad
2fd301ec
b23a657b
2c3a3c11
1cbd106d
68ad0995
fa66661a
e2029448
a1f24dad
e0b4a84e
c2170090
62a723d2
5d79373c
084fd493
a964725d
c2d7f88a
85126b49
c71ec1f4
fb2982e4
a5d98c9e
1d0ad1db
a103da23
92bd3700
bff888ee
7246ec1c
5762443e
e354f24c
deb4d482
c0b26490
08247280
48f206fa
0d851f6c
6371c358
38473475
07f69931
4ecab879
217707fb
f088e0df
7efda456
84972ccd
40d9350a
a97080f6
94ad9461
e2154951
2cd6d50e
389aa895
dc8ff471
62396b51
a53ef3f8
13780558
69b29a91
66f45bc1
5c0dade7
df961edf
95f3efd9
e91fc07d
331d7655
27248f7e
6fa9977b
f59de2d8
711e015b
979201e1
22670cf6
bccc0c4a
95ef0fe8
f65489c1
8affd497
7dcc9881
3545320f
f397ea2d
d49be5c4
ac450b75
a85e11e0
2626bef1
cee427ad
0825f605
6a44a397
38f1ad0c
a7555f24
9a8af6fc
4ef78e16
5997200c
0f492627
5a37afc1
5634dce6
78a73c72
7a0f4f26
ee931cb3
2da27c11
262dcd21
6ebdfe45
ffd3e91f
dcf94487
795208d3
3146ea17
6c8bfeb5
78f7b47b
416afba7
dddc81a8
f0dd4cdc
719aef9f
a14a2ccb
7eb4eae2
9ef3b9d6
d0e8ab72
7557bf91
d61e06a3
cf87d506
91c6fd35
826f3aa5
c24eaf38
e29d396c
f3a3ed34
4ea06cf6
24ef2049
dc2a677a
88688c18
a493dd4d
387848d0
1d285c41
c2ae9531
111f1b95
bfd596c3
acb3f8e5
a6491772
1045b101
6add8453
90a6a678
c9590dcc
f4ffce3c
aa315ca0
b5069232
8f5cd3d2
b1f5b161
fcebc32d
154a0c2a
cd23afed
a31423c2
cae27ef4
22ab312a
d5443ecd
012b47e3
53357208
53f59af2
f5defe47
68d762cc
155ab1eb
2f99fb58
0eac9701
15d3ddc7
a30a54b2
da106ffc
2a1f056b
9cf20672
5bb925ec
9f97d7ae
c92686ff
26d42a63
d09b6e4f
1708cc26
df0d6760
0fca8c90
954cd43c
f6a128f9
a47245e6
751083a1
c9f6b373
ec834b5f
38f5dccb
eef352dd
11bea1a9
74f78eec
2063c359
591124fd
cc59fd7a
8d2e54a1
b0f0b8fc
5a020a6b
72a39e4c
2c29c1d9
964f91d0
eac1deaa
f38a3220
0c037027
22f385a4
1aa2bc67
e8e124f0
43971b2f
bea7c196
9431795c
d84e3ef1
ed923619
c1793591
1ea7a8f4
9c92f828
b164a583
9f4e3a49
58e1ff0a
87111dca
31a9fc5e
ca6552af
6620d457
e9eb4a42
94ca0873
6d4450b1
0d126018
63395290
6405b285
98fa0e4f
ff43d816
0c6a1cf6
b16b9a8c
857509b1
ac244990
87dd387b
3a9b4a52
29f554fa
ee20fcaf
c719ead5
b225c974
6a62d2d1
3725b36d
a8422ae9
4ef0f0a6
4c670254
29975c02
80f8dc29
f4cb8377
10010585
2686067d
2f737e79
5733bac7
2d0214b2
9d180c78
0e7f0453
30577609
0c511102
e059817a
dea38161
7f7132e6
7c961070
6d91a8bc
48469b1f
ff83e72d
efa6d55e
94acf4d8
4cc9c9a3
ca4ff8fd
9f5808f5
569a1d16
b22226ca
2998ab57
a2b8f0ee
2808b93c
dacbf3cb
32eaf3d2
fe8036da
f33a5417
8ea5f1ab
2281b583
920a2cfb
2531c111
bf6e1c98
e3597e26
5f26d568
34f9620d
0fa10471
cac94f26
869228b0
b30d6732
e28e3027
b5d28e22
66c13909
7de706d9
3ab160a7
c214f555
cb711a4a
ef3de496
264ea561
aebd7e10
2e90ab4f
44d380d3
adf6ac57
77f27d49
33336de4
8f7796c3
c856ca94
318c00d6
83459bbd
36765724
6ec784cd
559317a2
db8ece31
4b550db5
b698c044
7c92f68c
6a2f920d
95a1b97a
f35baf9d
53a1d5e9
4a84ed87
31b8a5bd
84edf07a
66b70c6b
607fd136
d172df5a
d9a298d6
ddbbacca
ac75a3bb
185b38fa
97ccac58
4ab2021b
54dd8b03
520ea27d
4e696afd
05e997a6
d4b4c928
ffac13e0
c7d58c08
bcc25362
23636e95
988cd06d
52af548d
bfebbad2
de824fca
7813ca97
29646cd7
3b250ba8
d0589680
93960f44
1daa691b
41ad0abf
ffa9c282
38c5cebe
a35b88d7
9a613f17
0df3bb16
28b98d9e
3842627b
f5aa37dd
d96800d5
f72b41ec
7dc74287
276ae1cc
1138d0c5
6f2edff5
2ed4963d
3e7e6eb4
86ba7b60
f315eeeb
97dd986f
bedd2ae7
6bb923c7
b7fd60c7
67542b95
a6f9aa46
e595505e
bc4845b1
2b39c60e
6cf9f1b2
0b3c8275
f53f964c
f934a357
c690caf8
263b06ff
9a7c742d
8bc21471
e0c64a37
19976017
472aa17d
73a4171f
d9b6783c
c08f9fe4
5d13cdfd
b1238acb
cf2bd436
000492e0
d943a24c
0c44ede9
aec927b5
cdc797ea
d863c697
b69faf2f
2c37bcd2
ae1fb184
5dccaff3
ce67d6aa
a2e31293
d6934bab
4328ff58
c4b9f619
b52fcfa4
d7b650e9
a8c4b9bc
c197eee5
b52148c0
1b19dd5c
36fbeda5
22a26842
9ae9ed77
4fac8454
3beb1327
687423e0
6d02e964
35e05f13
fe462252
7b8395d4
2e1b3848
6b5184e1
227ca9e7
5f425aa7
96c0a52c
cec9e7de
b4798627
1319ab59
e8219460
8f12dff6
4962c580
2b8b6049
b7ce1288
c67a20a7
cfbeb390
205b51b6
07db2480
0a29b185
bf38fea9
bd5c553f
c88e7682
cd98800d
6eb096e1
f1fd9237
34d12eaa
3188a328
985b8a1e
ca1fecd2
c7335510
1fb178d8
25e6712d
93b73d4c
f7ce6f23
7f6854f6
cb236fad
7c050406
4c30e2c4
5d6114f0
801a4aef
e1be07cc
09b57a8f
7a7df65d
5270b4c6
d9e280f2
b66c058c
ed6e42a2
827817df
90f5445e
37ad9441
219b2cb3
c5a0b815
86ec59c4
b74f3aee
52488e07
3281b7a3
8acf66b9
a516c315
d3ffe84f
f035f9b4
af689895
3336b3a8
4d3be029
16e5ce76
4a406583
98f4f99b
ff34d578
d6e71115
ac70c597
2c8d8136
09cae303
e0ff9316
41361158
e0b74a16
3744536c
181832f8
d6a086bb
08873580
28df11fb
96e285eb
0daf5e44
2a920397
36fa0a07
80e0ea9a
2bcf6c23
0f268fc6
051a3589
36cdbfdc
a7f997a7
34aa9901
96dbd244
7ef7a5ad
c20a510c
8d593639
d8563d36
e1eeab0e
a5615869
43ebd4bf
16f92821
4c5f2a3f
8a0b48d3
813a723b
20d3c525
569e6ade
e37900bc
aeb2c06b
2144bdb4
68bebf6d
553b5844
f84b2cfd
274c80f7
5d15509e
17db88bd
bf4f60bb
385d0bf7
bd574ba6
d0579757
7511a729
7f605db3
ee16fcd8
003167de
b59c86db
8db97b78
f8136873
36b51d5d
36c00d92
d938934b
a1634a83
ce5a9dda
21d3f66a
bccda545
04c52f97
87c47e8c
0aaaaa46
a3aaf357
45cddb57
2a4fc484
893a908b
be583ede
89f7e1ff
cccf587b
dfc558fb
ef9a5056
1788915e
b1c9226f
25159d0d
403abcb7
e226bb41
9c9ebd26
2c714fdb
b4cf8ede
e799e6d4
b32265d5
0c8ff939
86bcbd4d
33b7ad27
0476ebee
f863aa0b
29731fda
1b87295e
2b3e5708
da3bdb07
8a361eea
748439ff
84cfa462
78385423
253da2dd
bdaf07ae
f607c963
ea5e7036
af4ce15a
5f90a5c9
2e1dabfd
f72a8fcc
7cb8c805
d2b301f9
e3036f5f
53f1cd4b
214b9487
28b0f02a
e000c570
ed799dc7
06e34647
ab59bb12
1b4d14ef
83c5a8e7
edf322eb
bc6ec1bc
ef770190
e7e5c072
a29e5f67
4723f01e
1d25bd4e
fb092908
1b20859c
79f30af5
0d1972c3
4b616f03
b6a6b423
647e6272
ae3ebb2a
52233767
ad366d00
725df42b
57c6baa7
92d1472e
fcaf9cb4
e81a7e28
5c3a9527
dd503f68
8d1714f6
9eb58572
ed619d9f
04904c36
afc7dd1d
d8eeb2cf
d85de714
f355fc2b
d6c7f223
38f34a22
67537dd9
15e36c0d
743cf7bc
b3ab59f9
ca16a3d3
d3f55045
46445bdb
6ad4f5c4
79edf1b2
3ca199bf
fd59b0f4
a3adffb7
973922da
df25560b
c96593d9
18cf4496
fbe26bb8
64332eb2
3d48a640
1996e280
7d168c03
3e41f348
053698dc
13830a8a
289c0f83
84eb5d95
0468cd19
a4b79c7c
b03ecbe0
411d1761
9dd995b9
42b2a3ce
cfa67dcb
03fca544
7dd9b32e
3c3688f0
483732e4
63175ff1
95ce4b25
c9f26b70
17190efe
ee1c663d
39a51d50
dbe55ab7
66c3df2e
b9e4261d
99d4894e
1754eb30
cc676b09
01cd2aca
36132880
33632121
bfa27ac2
efb2155f
0e2dd9b3
166784fe
39fec7c2
c1d81f61
84bf911b
a50580f5
b67e6578
20fa5a10
1cb5964c
61f46f32
6e597e5b
73d5ecd2
07b6b555
f293c6bb
c2d890b9
c934c31e
7bb25d15
320c46bd
e1acc1d0
4b495e7b
7047c938
a5713c88
deefc2f8
f0aae5a0
2fc8c64f
d726842f
f3cf983e
19c3531a
07a5738a
93588b60
c4ad853a
f55518df
9f94acf8
4b7e965d
af1a2a67
a08156cc
c14aefe0
0a6296db
4f828a67
c702c500
6bf3d0f1
2c52f8e7
1a8a0940
2fe6b6b1
df2daf09
335bf78f
f8ec1a1a
0e439e6d
cc4e15ea
d09900f3
e0640eb0
57f5f349
da085767
cc7f3db5
52f88271
1466e66a
ddd385df
006e5e0b
be44205c
73b8121b
4e921626
868cd1ad
8b9681d1
2e3d0ce7
7b94cdd7
a7e5c4c0
f0c4a4be
ee398477
08566eac
75f201cd
8cbcde28
f8436714
009405c4
85b47f92
42816c91
8d7c1818
c19cfbc7
8262a215
122d49a5
d82f3109
ffcfcfce
c0f79675
751cc249
47e70883
781044f8
6160eb5f
fd6d9e1a
9b71d0ed
8ce82b3b
b86ef07c
aa492acc
6d0d45c4
730144de
28cf8b73
ed9173c3
bec734d7
53e2e7d9
ec21caf5
7a9f090a
ec7e9e75
c9b4140d
2d87a377
e4ccdfe3
99208f1b
90b6c43a
4e05a462
abbabde6
7cc67f45
d6fe5c92
b0ee56a4
3d679c99
106fa783
77690c4c
8af440bc
5e9bf86d
135f5c66
e2afe1ef
ccd3da66
44777489
f6263eba
0fddae02
f9abd28c
fcb87d51
9156bfd8
931e0d4e
044b66b5
7b23ad9b
dc8990b3
3d6f787c
9e72b8cc
e400d359
331a01ec
17d0b79f
2549b6ce
619f9fc6
de85c855
966429d2
78926fdd
98537849
1c1e5f64
29a4273d
0539e21c
1635aa81
cfdebd53
16eefc49
e590a7ba
dd947e29
187f9721
b9e38fec
cbd31783
8d474152
c8cb4f64
85d46117
3726386c
f553cf59
1bad89a5
f9b6e1c9
9475b2ce
67a018d8
f3de7a25
afc24968
3b0879ff
b2c7ff64
e84067d1
73fc840c
8cd3c3f2
6112cd24
2e7c7e9f
94560748
c35a8ff7
c620f205
d467f895
45dce8cf
c069f10d
374deb09
cfbd4dff
a651413e
40ae06a5
8f263598
7b373b12
16f39238
f220ac22
133761f0
1e2ad0f4
c2ba2f2e
6caa3ca1
4cff2efe
8d37f7ae
0b83c7af
1db5dc94
62c6ff67
18627fb2
a5169b78
b94da8c4
86f0f32e
8a3a93e4
d0898727
edcff531
7e524c25
cd080e0e
55fca52a
ea693546
54f3f7e6
6beb7ec1
8258c7d8
ced2dba9
21519e3a
404c3951
2ba926a2
e0d1429c
d8d67d7d
f8430ee1
aa7327ee
1f5e9589
7015bcbe
37c1f09f
33909ab6
380f1075
9a3a73d5
5c578755
3b13506b
72dd0464
986c44cc
0e4c5a76
2559c617
aefe339a
7925bc5c
1b653a6b
39288b9f
233489f2
f3588e17
b1d9f41a
64048557
616dff00
0f3f9886
79cbf4b1
ece734ff
4562e9a3
12863488
56fc8ee3
23312313
ed3b57fa
7f4ed718
101d3c0e
44085fc0
b1ff7f38
9d1256b4
2f531796
f99fd986
574c02f1
355b6678
6b1d1cf2
d8e42ed3
faf269cc
4ebdf709
fbc94bc7
8489917f
62636fac
fd4be487
bab3c92a
b14bf4c1
35a5d628
6372a298
d3169808
02e49863
acfea277
6ebfbbcf
a104f2ac
d57ccd84
d54117a2
0110a378
ba8a9127
fd6eab70
28175170
851f3dec
36f31b1d
e782ab75
ef661263
8866fa36
b3222566
065d4a81
4eaa9de7
bfd81eec
3cbddd2e
64138ae2
bcb7c8e5
f0c20c30
99cec6d2
63806d58
ab4013ed
8e810913
5bc4e682
258c6408
88ab214e
7cd076ef
33b852c9
05cca919
8d17ecae
60c0890f
4dcb6e1f
211b5d7b
1c371c01
095f389a
27cdf83c
818cbf79
da111d48
ceb45314
de08de9f
7eb0d232
fa22a969
4ef4032e
1ca528a6
8f873bbe
76e93706
51323f42
cd94f1cf
260a3b39
4cc85a6f
b736ac0d
34509796
f2eadc27
84a37a90
95d0e268
ba297266
18daf2d4
968a6314
87f94260
5917a2fa
045e3f9e
b61e5748
e21a4f53
d5ff2fcb
30ccaec8
07aa7402
6c680277
e8fc58e4
1ffdcb94
776c02b3
10793cee
cb78049c
b697cc49
acc7b306
0e4c94f5
069d291c
d461e0a3
e6cb67b9
cdbc5647
a9e62a5d
f91a3d6b
68574430
9af18f58
c8418075
f1a4d612
07b2d781
f519fd20
9d0e97be
b0d77802
a535eac9
15f4191f
4c21fcf4
0457e04b
f38170e4
6e2e5b6a
0d2a70ab
24d917b4
c3dd00c3
1b6f7501
4c2ad326
df8d1821
eda9cac5
4ad1171d
6e62e384
705d2b2d
7224d791
f206fcba
9fa4e432
677611c3
0c8a4fe4
ebab46bf
ece00721
6c8e7543
e6eece50
dbbee982
d75bf265
8bf7db2e
62d64f87
cff9b894
e583d8c1
4ded460c
40ba27da
8c6ddaba
d06aa5c7
1e92f26e
5b3d5221
de58593d
7a8de3c2
184dd7b8
f5ea5a45
6af60794
ea9e8056
681ffe9c
6e4a9a3a
9cb5533c
ec8bc2f5
0e703b7f
2ae421f0
7594a53d
c75dc124
9056ad98
f954622a
d7320ce2
436ef115
34cfe9d3
f7484809
376bf28d
6e74b410
e62fc50b
cf5be3cc
d76571fd
52074750
e74e5ee6
bec39d4f
602964ba
db7e5e45
066835de
1aad4357
ea38bcb4
48660e03
bd6370d0
bc5a34ec
a23ef86f
db57f836
ae7469de
4ab8b759
d6249770
dd9c17b5
b2399800
a602cb1c
1347a12c
0b28013d
6afb33fa
9c0ac2b8
4fe9b256
4dca9e67
dec85de4
7be25c9e
3e411066
95f61640
b0f9863f
87fae220
ac6f701f
0ffa9409
f208cc34
9a490793
eddc630e
560fe9d0
cd82350a
ef4523fb
2c76aaa6
dd60d0d7
28303e2a
d15853d0
bf65f661
34930015
c6a0c1fd
0d7ed8f2
1a7e8b82
aadb6ea5
26fa0962
9d192ba9
b5e6a47f
4c47edab
8fa87f12
890599d7
7dd3fdc8
4f35635d
8888ecb2
36c2219d
2cc6a445
f1817422
3fae2fa0
b110032d
9fca8977
1265cea5
dd9654dd
f6b2143b
3290ea01
d5cb60c9
83919820
a22dcd2a
6a989d2e
5e9157b0
f88adde3
c5eb6378
9902c0fa
e2a1eef4
309f282b
66de7e26
8a47bfcb
ca62c394
d011591c
9d663425
27b58354
6c365fdb
5e60eb9d
217e2894
69f78ee2
9d5bdc17
3df0a01b
178948a2
ed3fea6c
1e3e28f5
bf3c49c5
f69aaa27
d81d62c8
fccf45aa
9b3bfd77
7638889d
82487a08
2c2ead0c
c86568ab
cb777873
ab5843af
c693b519
b6296d21
ea2d1c07
7c16c2f1
2d5eaa75
fa1eb9dd
8984e6af
bf708ce7
736b49b1
51f1f77f
8cda3ef0
ab8f3532
e8032766
111b8331
4ecfe26f
e2c93eee
678710e4
36e19709
84161429
94f1fb60
d8287b6e
3fffc94c
1c136ec7
48bd7262
38d9625a
86d72a73
10b60c5f
f68d1ce1
f733db49
070d11e4
0309acfc
e450c157
7331b22a
ebeec290
4427b28e
fcb35d15
7527653d
a991b65d
741167f0
45063b67
cf39d012
5246bb6f
204826ba
b771ea55
cd5ae648
a3e67ea1
ea7f7fb8
b487d2fc
95d6c790
e9b8c142
c38fc8ca
684425a1
72fe08f9
cfcf5029
9c863b4c
261d41db
4aeabfc8
bf659961
857e57e5
bfd8d4a4
0cccc642
149d4440
3eb6530a
6e3a4541
f4dcb708
258d44d6
2fef89fd
04d89435
dd99dc5a
244f0533
59c9efa7
e39a8a99
ebf78c5d
55f80d03
df50a2cf
aa2dce2b
6efc5c3f
4a021ec2
32911fcf
3c76181b
11d5f381
5b150e33
a0b1781a
79fd87a3
e839e7c7
4cecd947
2f4e0605
1e54e982
eff9ee30
95cf62cf
4b417e84
f6a8554c
7c34c2cc
69cb2fba
8bb15d24
a2a428ee
d0869d72
66334026
c8c7609d
be4e8c17
964725d1
2d5aa94f
761ddbb6
6004dd63
8eb0d657
1b35f12a
070c97e2
2be33e5a
c923518e
c14ac0e7
b39be5cc
2b6249fd
29e6c2b3
c7ab970b
1c1f186e
1d465b07
12fcd294
9d6ccea3
93ad331f
8c17f6f8
2bd13c1c
8605fc95
0b7f4b9e
a393a998
02b89bc8
29f3f628
b1ed6bd3
8e77b698
6c35d38a
1edbeda8
0eb55fff
0c17461a
7e5afa70
0389b5ba
92e30b85
81e99bcc
e0981204
b9c48e68
293ad7ec
0b2aafef
843b7004
ad4b2639
f8003d1f
0bd7fb0e
627e6bf5
4f1312d5
847d2a51
07d4438a
7b0dcf58
9e336b4b
98142e26
a7ccf90e
25498a78
94d68f1b
e38c7da1
eb351c1d
5e659086
62d1f13c
c23db7a7
ede4d5a3
9d414f6b
2122d29d
1558ab85
052979b1
69f6db7e
e1b10472
e6dbb94d
afb86734
c88865fb
42db9be0
0557e553
c642cc0d
67a75e6c
01399379
5983f092
d5a5c81a
f8717769
051bb8c7
326f5906
f0b14181
c8a0b5e1
1d83a70f
452c047e
71d7734f
68654e90
f752e72b
dd4d8cf0
f6a4e9b9
19ec7270
63e50d81
88fcd9cb
6b73b509
a781e7e0
f4c8e19e
f791e983
9e9c76b3
1909cc56
30e09ef7
44f38268
a36d9ed7
0659a70c
65bff450
fd82808a
1fe15e23
b081a211
1cbbce70
cbca658a
6817a0d7
1dacd4f1
61645a68
af0cc0fc
d57835d5
ab9d7ab4
9db4e2f1
3cb28284
f0a4aa55
d8292ce2
4b175538
97b0b9e0
9113cd66
ff505e19
66f38e50
f0093c4c
279a260c
08296381
af73640d
bda61b74
a7dc2610
40d8c47f
52b602d4
cf75bfe2
69b1b766
b4f641c8
e5208a4f
794b1f1b
4fa63baf
92a06706
565dece6
93ea79c6
4688224f
1afd86cf
eea2487d
521acecb
73b6ce6a
e500b1b7
95f32dac
f89c646f
f6267287
36a7593c
6d96487c
37aadc30
e9b1aee6
51cd1ad0
a07b10fb
8ee628e9
349e8f94
48e3d962
4a3f9025
bf56eb38
240a9e20
8e1a1d27
7a6de4f8
18a277a1
9c99edca
853f561a
90781d64
e94e454e
1d15221d
938d0876
62f9f7d7
dc640316
dcdb4fb5
109b1143
24da4b5a
db968dc2
4ff7d275
029c3d89
2086bcff
143dc913
0ee00c1c
e312fe0d
26b30ce4
a2da4113
b5f2d98f
36aa932e
fd234869
11ea6dbe
d7edf190
52276a9f
51ee7185
640d532a
0366f7de
6e367b10
8bd15cfa
a987d77d
3e6387e9
9d4e9466
b78c0367
cbffea77
e09334cf
47586e8a
1ba8720e
a8dea7ba
f912ec6e
3770ba01
2621c939
ffda31fa
85408c08
0cf90b68
9f17a9e2
2f504217
c544825e
f4e273f9
e93cd857
34f628cc
cc15d75b
a92f08a4
4f4e3b99
8f96af67
1536291a
d2b52310
ac34171b
f43b6e70
a75173ca
ac269c9e
89190bc4
a45a2174
eeeef88e
0e1b2e51
11f64c99
d4c515cb
b9f59055
741980ea
c498bfe8
bfdf1d1a
d3f217a4
b1dd3bc7
c21fc235
71769c39
fccc4561
f86bb571
567f9073
2a45eb2b
7338d7db
51b3e47a
8aaaee64
3ba6bf37
64450bf7
624aa42a
ef3016ed
5055c37b
ef603ba6
ea857a2c
fddbc14c
3bb27515
d70d1c3d
e5da4978
3256ff42
5a67fa3d
01211d0d
729525ed
133531d9
14c7209e
ea478674
4ba86d30
87c788d7
ad772499
75602d0b
68efd80b
ee30ce7c
081985e3
2c1acf91
c8f279c5
7e99de20
eee26d4e
ca34618b
86a173a9
b254ffa3
99b1a713
0721a6fa
4c211fa5
956481af
af7d03e7
ef3d6887
07989bb1
89388906
9b18a44a
7da5d3c2
3c63f5ac
181ccc27
b295f18b
98366cf9
e085a38d
ca711717
fae3e89e
79fd07a6
f83ccf62
5bc74eca
f1d4af65
e33f9259
3fe3e683
2547445a
7440353c
2e1605af
3ad1cd3e
6db79c25
585d14bc
a397d2f9
60d31dbd
6ff33def
0195e0c8
0c1b7fce
1fb349df
a79ac1fb
0b1e1b09
c794b9f6
45e065c3
625c0c8f
9a7e3049
d290f032
5e4c1959
718daaaa
5fc99006
d4e5baa2
1588a43a
20f3731d
9c8e7ef5
394e1cfd
a0e9f335
4f6c9232
787d2847
73c1795d
c1b41228
3dd749d0
49495766
17117034
1bea7b5f
c4b792ff
ebe558eb
5ffb0a77
e80b508d
c14c8180
7ee98efe
a9fb45c5
e93329e4
0df21383
bfc8dc02
2d510ae6
8db450e0
f2a235b4
3689187e
a55c851d
8a18c3a2
dff59814
f212e38f
6209c37e
16a3e7ed
21902a82
bccf64a2
5b3a9d6f
1a785da4
28567d02
193f91d9
8b9c4f3b
4d1eeec6
880ab205
1705d920
28106930
83f90ecb
e627c4bb
c8a5d783
38e45b89
c1316a23
62daff39
9a85f547
a18ded71
985baf60
5b4ceedb
146a5f90
ac967bdc
1e548f6a
78889e76
038b1175
5515b547
9419b7b9
ff361f0e
a62fedc5
297b61ce
ed12ee8f
a8a98b2e
a04cfec8
cd29c142
553e8382
2c9ea585
fde14bd2
47f7527f
1aa470c3
0337093d
a00bde95
a0fb7c59
217747c1
f86f63c6
96e2906d
5905115a
9eebb56d
e08a488e
9ae05423
9cebfe31
86985b47
33ef4a5f
8e3c26ad
57d9f8f9
701b7fda
e3e6356a
8c279e2f
83aa7a1e
51d2512a
651486f1
4c915e94
8f3e4b95
8fd5ded3
b5fb3e54
940b3ecc
898a2385
72a64a78
c6cbe60c
fb4d5a29
5102178d
6d8470f4
90caa619
453567bd
d194d8dc
1b60cefb
554a5b24
dbf45253
667d4b0c
2c893cc2
693e500a
c4d77335
7c890bcd
e3e02395
15ccfbdc
dc50ee67
f211bb89
697fde19
c52a5fa7
5501e1c8
4e227fd4
3ac71838
e1ceefd8
ba8bc982
b4c6e3bf
7e97cb07
791a777c
c9487c46
1edb3be6
4d5f2195
84d77143
351ba3bc
6cec624a
f40f1118
d3af5bce
22067305
60b203f6
3956a190
41fe3362
75d425cb
dcca92dd
5cbfc735
2f7f9639
6aa3c445
5746c750
7a3c9046
eeb0afdc
92211d59
80c6d61c
1aaa18de
6f8f74c6
a3e97ded
06c7e327
aeccb0b6
2397f7bb
717fd86b
c42d5712
b72b2ed5
8ccd120d
ff180c2b
2d3f7fc5
9a306a66
78e0dad8
14c68ba5
73fb66fc
fbb9c4ae
a6a0c238
6214342b
76b5ea03
b54810d9
5d3e0570
2f993cb8
09c92f5f
a879f08e
5b670cfa
e5fa2146
9b84844f
6aa158e9
76375ed7
2053f401
84ac9668
da523658
0fb67a94
dc77c626
b2d19b9f
b5e5528e
e92737d4
f46bb77a
d2127138
1a92db62
7e29c83d
a2e73eea
e271d297
dc488e46
7d853846
8b3f3500
de7f7a2f
166ad4f2
d262e388
4c6734a1
f49b7ad8
e3c6d038
01f857d8
6b691979
4085b61a
3e972a19
a1589993
ff3eb466
1ffe775f
f3aa0575
d39b6217
44e2629b
1e91dea3
8df02c21
86fd4b7b
ddd5aaf2
79f00857
67a0516a
dc29d22c
2be8025a
5fc9a6eb
098a9f41
1630dc70
ba658f4f
7a013ba9
f3f29773
8288585d
b9f42f1c
bee193f7
1f7982b8
cafc30cf
d05b211d
3b63bf01
dcf49140
954a73ee
bdcc10d5
c50348fe
2f8700f0
3cb580bc
18ea9b4d
3be0cf0c
622a9f8c
0abbeb41
8dade5a8
120759a4
df47029d
dd831ff7
71c9b9e9
9863e8f3
4ac2b3ed
8b5cabf2
da7e7883
b8ac54b4
75637889
5438e3b0
41963577
602a4b8b
023cdbe6
b14abf86
31fb97bb
2296119d
f41df82f
281f89c3
fdd72f50
1f994a8e
efdaacaa
f3b9802d
b4347f93
43064c70
db892fb4
3185c1eb
bea443d7
ed09afb8
c726bb27
180833c6
d06f633e
bd1f1a7a
945edf12
b82ba14c
4c4aaeed
2b7746e6
b6d70153
89540f8d
1c10d03f
c4f155b4
26b3f077
4f1ab909
1f493794
0ecec269
06f2ac28
3d8737f3
b45e73af
3f5e79fa
fc49788a
b85275e6
2b371cb1
dc8a44c1
1657f7c8
fd7ef07f
4d513927
24c86fbd
0ec4bf62
bc3ecd36
d69fc0ba
ff9a683e
e123df70
c37fd0d6
15c480e4
3ed00308
e8929650
f141a4fc
7e168473
7d8ed4df
45b98df5
f4e5e936
71a2b737
cfccd635
f441cab0
6fe22b5b
7ba29dff
2bb057d1
080689f4
fe34c868
80068574
45ad8920
65b79fe4
5f21cce1
b106285f
f5b3b979
d107ded7
71785c99
27837c6c
49d5d50b
9ded5a91
e153580e
c00979c7
090c25bf
3acbef22
a2de1a15
520dd1bb
ef627166
8892d9e1
a67c96f6
a0ebd847
a789e376
e70abe25
a9068e02
6018be41
8dc41089
f573db03
4c6c7d4a
bb6ec9a8
2924e825
30225495
2ca9f06d
462f7edf
976d8e85
f11a86bb
987b7dfd
0f5065ff
7e1f0508
497700b7
855734e7
1ab74542
b1f0f5ed
46ed4b2b
1e83c10f
b2e0599e
83ab6b97
35e6639b
cb3a9571
ab0bcedb
88c831d3
50b0c3ea
5179560c
0ca591d0
6d661d7f
77fce97b
b0ac7e52
d3a21dc1
9354cc4c
51746d62
47d022ce
32b1a24a
d9e4c7f6
625ec81b
d0e34315
a8b655f5
23105ad1
2107b074
362225f0
211f8b7e
de744b86
b790a084
d38e59c4
0e6c667f
d6db22ee
e251ce0d
a9907b65
796d8b7b
c853603a
2eda3010
73d88bfc
36406f4f
4e9bc1fb
e233ef89
67928d68
f1cd5897
012d2af8
2a3d60e1
42017dd1
dad60a8c
6b776eaf
52fb723e
ab292060
6b8999b2
4f41484d
af53b649
eac5aa04
af25bd06
082b59c4
016ee1ed
7736c7c4
560c1443
4407de21
47b799c0
2577b367
b07c67aa
adae042e
c855a5db
e1318e2c
ce78ac96
a6aa2d03
824dac46
cf6b8324
5ee4c8c3
3865ac9d
333f06a6
ae9e4533
a13ad3cf
932a83ae
a8bb6221
5b1b2b9e
f37661ea
d62cf7af
53ff4ba3
ebe5aa26
8a89ebb6
48117969
80b13417
604366ce
9fceb0e3
738c754a
598c30d8
2d7cbd73
e082835a
addafeee
b2efba4d
f1612b5e
555aaa3b
03a48c95
d4fad44e
40193d97
92d62602
94dfec29
4205e804
1fa7e746
8aa58ac1
444b50df
e4445917
83b75a24
768e25fd
f40a4045
3c5576c4
c33a4fc2
d28b1ec3
9b37eb2a
ac019863
7ebb4b45
edaff52c
7245e989
21e16853
918acae6
d21bbf2d
1a37f792
7c7d7bf0
b3615c51
858d34a4
402d0028
e52677bc
51eda8d4
7a1c0f4f
8547c415
c56e0417
b8703ac1
5a20eff5
bc13ef5a
fee13b66
e83f63a0
8d275125
877b9624
4252f39b
98122ceb
6c6b67ac
13421b83
567820da
1e0a748b
43fca406
38fdf8b8
7abdd2ed
dce2413d
0c70c0bf
98827b0c
2b918f5d
553e6e60
86b66139
18bdea51
1b048dea
dd889e76
068113f5
bb0b90ca
eb443c23
f4cd2223
41a42687
6be0239d
9de53ed4
7dcbdaab
d5498564
594b8556
15cb6566
5594a375
feb61288
a006939b
3ccc9e81
4c81c8ef
c61e5601
97107dae
8c1bce7c
4f52a656
689518da
ba499ebd
ba513432
06307179
0bf5fbb6
24ef5f17
2eb6cab1
0bf2b961
c70856ce
77eff4e6
a71d7bbf
05396eca
34e76dfa
f2506b96
1b7854e7
2d733eb5
1e12c707
98b28bbe
f160c4dc
d69d3401
73b8adef
a6aaa34d
aaac3fac
866c8900
fedcd666
e614a9ae
170b57fe
c3618984
b87f652c
cf832761
c6850816
97788175
6d9a391e
7d846402
d18fcc80
2be4c96f
ebe7716b
bc88624e
a8febfee
9f6b4d8f
2d800aa2
b65fc5c8
923ab5db
54b744fb
3927270f
6513946c
e45debc3
7d914d71
d3d7aaae
f6cd440f
97ddee09
6987bbe7
419987da
5d3d120b
10fdbb15
5476539a
5eaecf98
6cec0af6
5be539cf
67485381
ca30e6bd
0a02940e
48ec71af
1de7aaa3
fec461ba
2c9000a3
bc0aaac1
c30d3368
c9603ad8
0950e565
aa75bcfb
a0b093ce
ebe85fea
e2b893e0
e8599bc2
bf177c12
42379f58
8a443176
81341f23
58dfb72b
696a86f6
0f3f1fac
7597d0e9
7edc52ac
65bcb5e8
93384168
f9b490a2
1fbc4b32
4d924bbf
9850906d
c1f3dd23
f0abe108
1dde4eed
5473196c
dc8edaa3
fc8d908e
9d128fc0
51b7df15
e0f06ddf
4434943a
00c45303
de2abc71
bd3fccc3
d0565c90
634e7f32
39a545a6
b32868ee
788b0974
2d153166
ec0f2bba
26758fc6
662d8400
03100596
77fa4ca7
f3b8c190
9adc3ef5
bd509ef4
7f477fd3
8717a62d
0995c744
9edee0ba
1bf9ba1e
bbf7e423
a90754da
301a9794
3fecfae0
b6a5fdb8
2b4ddf11
85595f86
7b90d292
5996ec13
068d0d39
4265ab2c
170a452c
aa52b59b
60d4d68b
babcbaa9
90d807fd
94da122e
05689541
efd76a81
526e3382
17d9082d
ed4adb23
73f2e6b4
cbaa55e6
a3cc78cd
b66c1a47
91b8fa75
5035bcce
122dec18
5a79c22f
25be7511
8898337f
50051484
a028540e
ff91ea1a
988ba513
691fd3e7
ff0c3096
5ac74f39
d726e389
61af0262
bd8350f3
24363c9d
971844af
6e308649
a1cabf95
3134f5a9
5fb1cf49
ad4350c5
2c29fe68
6f7a04da
d3cb366a
15c3b1c9
1caea6b4
c7701388
652f5008
6aece47f
3a0c968e
b37d5ee0
0c8b04b0
efbb657e
e1887a74
36172ff7
aedd6663
4031ea0b
d36622d3
f0b560ed
c9b53999
be43f59a
deea69a2
e81269ed
00dcf43a
552499f7
055945ba
902c7aed
f14b7ff5
4807854f
ad691a18
4b61fcad
ea78bc37
423a7bc8
a52cd049
db9814bb
f8ec1fbc
186fe411
795b7a87
d779a1c2
8b739c22
e603ab79
fef49b2f
dfb8f107
f29648ab
4be5982a
e4f42f1a
43fcadb1
1f163414
eb0fc31e
7eed5fa8
761e91a4
21623591
9dd4e959
1f06ede6
95f3dbdb
3f915f7f
9ba81d40
980a7940
336048f1
75b0cc0e
ea1678d6
8499e050
aae43f39
8d623eb8
9c1e27a2
45a33137
533dde55
f6164fee
c299937b
ee27eb00
7bbbb6c3
a119de32
c125b8fd
b17e5fe0
2ace3681
6fd2714e
1e8f97d3
62c5bcc9
7ec23a87
0bca0f8e
0d46b8f3
914e0e3f
41b1091b
72d97312
cbd8b4af
74ea7b29
4a679b2e
9942f24f
2665488a
61fda930
4fa3a8fd
6d3ea1c3
99d53540
d0d8753e
11849a21
dadf9361
3ec74038
0ec54058
7f0c74df
c36a6e94
59ad90c8
9d284752
2d8bfbd3
0cc7e7cb
f7e10554
3e3630d1
fda1f427
a78bc315
22c890c1
2ac5bd89
33eeb553
4dd059d1
9ba10e24
f6dfb1d6
1c4b4524
e9101533
9d761de8
87ad632d
52d20fe9
76cbe9be
7479a440
5ec10338
aa61b10b
14537a4b
185edf06
b471a5f9
9916765e
ac6e2bb0
4a1bf8bc
9480257a
95ca80cd
7fbb06a4
f29eab73
d9ebc9eb
ba09c980
e4088b9c
5a155501
e614a63b
28ac1512
ebce02b5
588e5859
e32302fb
ecf84be5
5517bdc7
f74e9e90
b70d171e
a83560c9
81a4193f
52fcf7be
4d6166db
56fcf6c6
ccae0854
b9355e46
4d4f7038
ca4c121c
49f9757b
8d92fcd0
931a2f54
08e841ac
1b65f982
2ee89ea8
9a8d86f6
6039283f
e2e3bea0
33c9735b
a9e1acca
136cfc36
11a53223
4bc033b3
fb78d868
eec0a212
aad17533
0a9db608
37c1ece6
41f810c8
3fc71638
7d0f6fb8
8ffcdf44
969efc8e
68ec1929
92e0d56d
81eb182b
bf2f22dc
35e563a6
abac02ae
54c33d12
5f4df0e2
cb69c90a
bb56f5ee
d88be47b
249e1959
111c1ae3
da464ba3
7576657a
82f64b56
38097d98
e0f4bee5
922c8b51
6b93f4b2
b5b27830
ac34a82a
1f0f62f2
997a301a
305aeb66
cbf5a25d
88798dc2
81f3b562
1cae576d
1e3015cc
8dbaea88
cd9bdd5d
7034eee5
50ef3a31
42817d45
c81491f1
1f790064
d1c6641e
b5f0fd3c
e0b22af7
187f9821
84027e1c
b3f2e47c
00df6b82
5844f7f5
11fca1a8
3cf58acc
3825cf5a
b817381d
bd824577
50b723c1
2d246d66
b1975962
0dddb3df
cf67cf8c
e45ccc27
c6da4bab
7a42e3fc
e1936ca2
0cea3e81
2c7d589c
6abdfe4b
7bea6ad1
e0ba60a9
394dc93e
8d23686b
e5e177fc
a8ccdc13
5a9a1334
076f760a
dc66197d
f67f6df9
63c84339
1e458b2e
4b238b7e
73c69d58
add460ae
19f7b98e
3607d34d
41acba3a
0b99b8af
ad049bc9
f1c93a17
07fd9b12
276faafd
943c1f45
ed42214f
84192aba
888979bd
506fc622
bdd19c97
46244d76
3ed7bcd3
e0fab6d5
7229f565
dc2b17c7
64a6bd6e
d26fb98b
8e87afa4
151151bd
dbfb2bee
6e50210d
24473295
80ab807f
e4271d8d
f5417686
a9aab28e
009aa313
cbe5c48f
1df7bb95
ba28b437
396e4e60
e4e4f011
263b4122
8dfbe38d
c0cd5248
3a08864a
72fbb66a
82e87a51
39e18c80
06409fb8
a3453903
88ce3d11
a2eb6e47
2b5ed316
d6b11a88
49ec6f78
4462a259
1518c3ed
a1c9cebf
9bd234b0
75cf1852
4e677530
b8e58f50
28fef137
2dd5213b
b7b2bd82
e0533de3
7a0cdc94
d25ba73b
712e18c5
f4eada1e
5a80f48a
c62346c2
7191665f
f60fb6b2
1be72d1e
36d6d5bc
6045520c
8a9256ce
c9352b8b
e4cbc889
268e6ae4
91817ead
74c4b167
bfec2273
4fe9abe2
282f03a8
c3169725
2fb5c45c
70fff7a3
4f71c466
885acc98
e8fd2bfc
fdd32a9d
88981d7d
edc8e426
d8c7cc80
0bac594b
902a5829
becda27e
5ace80df
d0719315
a07b019c
c954d6b8
23fc1059
9f1b74e2
c16ec801
15b262f6
647d4e00
7a18331e
f3026943
7b609c96
76bf750f
9bc5f900
b8588532
b72cb8ed
26101655
bf8e2338
06cac74c
9a4e63fd
900cf445
de0e33e7
1629241e
67f5542b
637a00f3
4fea5961
9c091b42
53419ab2
62eabd99
9e696195
f9288fb8
f3208137
83c40634
63527115
8368320d
2013c3b9
54fd3eeb
9724c81b
cad24e08
e172ffa1
6e569ca2
0592ca23
c6060d48
f24edd7f
15c4186f
4fffd26b
03effef2
7a09ddaa
762b13f4
9ee6a21e
1e0daecc
d15b1fe6
e6575015
86eb31df
fac49757
6de62b40
b9419fe7
dd1a6d99
8589bc6d
f28ce88f
9c3ad761
1c04154a
4b0e599c
878ea9c2
046ed3b9
1d2a0a15
d1780001
fe715f1d
67c02f54
27795661
bb1b67db
2bede94b
4e5c8709
0904c2b7
bb1f29de
9abc1f4c
33e7ef26
0e6a4cc7
b9a368fe
432496a0
efef3558
21c20eba
62baa8b0
c23adfa6
a0043b61
ca691275
ecdf0aa6
bcf24003
6ab9153a
4bd05795
65783784
12984e40
71583ee8
a625b0ea
1727e636
97cb2b06
a7d9d833
07213ddc
33cf1fb1
d713a20d
c9182724
7264fa9a
4bce4c21
cb0f8d84
6d5d0bbb
496bb86e
f2aa8cfd
c59ad187
6ae5b412
5094de01
a1c7eecb
dfcab844
908df885
dc34a62b
56cda833
9abc8316
51168959
8780c1a7
6939a1dd
fd47c4dc
be548072
e5003cbf
b0621374
b391a432
65e35099
f1fe9b41
7043eb4a
a87f163f
1da2bf03
021dbe62
0fe535ca
82d80de4
effd4696
a2db0521
8d97c7de
d8eb9068
f63e667b
64d27b63
5c7fd93c
4c595890
8e260d95
bd05c1bf
a37647e6
1adcf643
068e5d69
694064f8
de3594f7
f9c316e2
f8fc76cd
b298563f
b3a2a810
32bbb340
dea1b409
ec3ce339
7b249994
eadbde7f
b39aa855
349f18bd
2692bc59
522d3e75
499f7404
44eb56eb
e8f21ff0
ca8504b6
286dc65f
846baf8c
c2d0bf61
72a24a1f
47d74a0f
7c4955c4
88ce293c
f0d876c8
3e2030c8
3f1cb654
931a355f
63864f67
e735b012
77ccc9a9
31ca4475
51dfc237
9ab7a99b
9f1b3579
cf395dc3
74a8bfe3
09c92769
89a62e9b
c2d87c81
644f7e85
f86cf20a
a39da29c
ee0b061b
57cc0e9f
15ef3790
90b48dde
20e6e679
791eb5cd
5b4f01de
d5e710e4
c88ae839
243ddd1f
6c5028d0
400992d5
3832747c
a1042b62
a9675396
21a3f19c
ad9b94d4
3f2e11d4
5f89049e
9c459973
c2163606
9e0879cd
b703bbf5
cfd202ab
7f638868
c3bf64bf
ca3af64b
0a885a72
390548b1
927737b8
e481b2f8
8905a977
b941bb22
4a923a30
b753a79a
b7b04f0a
747b5462
c0147839
ad7c89b0
b5186535
8e6da4aa
65e7c316
2d2cf754
cb03f857
35210833
90cb2620
75e4d8c7
3175b899
4abdaeea
1372ba1a
c20ad842
b9584ca3
a942ec65
6d08f642
0bd17be2
b1081f34
ef360e23
f0bd521a
0539d3c5
d76ce0c5
25f8ca9f
a9cdad8a
93e09534
a98ce777
9921a506
1da74b06
6c39ddc5
a7ab96a5
7a94df5a
ce821345
11b45330
e191c5f9
fcffa4ae
052673fb
a077bcb7
abcf9fa7
5f5124fa
02057abd
07030e94
bce6027c
e99e3928
f9dee0d5
9d4e14d7
a54fbc9d
095a8b93
5d303767
2043aba9
f3e28772
c29e4874
79897a3c
8f14fa3b
1a21d052
255b88a7
dda71280
c116a21b
bfecde91
a3e37d4e
4511b60b
09cd1383
dc19edfd
d56198ee
29f951d0
7ba95611
7c008a24
c5c3ac46
b92db803
cb963db5
8833ef05
4fb5886c
29b69130
898d73f8
d9be6021
a2f3157c
cbc25f12
842bbf42
8bb352c3
dc8304f6
3faec5f8
05277870
af08a1e4
ddbbf3be
da402958
32039b4d
6c2964f8
567ed0c3
00b828f0
b1636e43
49c762d6
1623f318
60582038
efbd50f7
f1d1d6e6
aaa31f60
e0a00327
f856fbe5
c2634670
ff0f77e6
2f845cff
276630b2
cf70014a
247dfa26
fc1780fa
8d10193e
48c45a85
b107f2af
a51495c6
c2258c10
07510da3
fa4aa4f1
744ea0fb
aa638ab3
bd856209
294d178b
fc3a78f5
d7b4ad87
0289fc25
9ca516c3
f1d0565d
986af1d0
0c42cdf8
ea4107c6
9d8df1da
5562a021
2db692d2
027909a4
4afe9842
a7240399
cdb13672
849f7a6d
118f1f04
bf932053
a8bc9e7f
551f1b06
798f8719
a4f0964f
711c8733
dea86e0e
be5130fa
9189a77d
09acec0e
1181a518
817446a9
3d8d2d59
9cee680a
6c0f1f5d
737bed4f
d4934ee6
14b5d861
588c581d
a27daa9a
f2f2c0ad
f6018e1e
3f87921f
75468b5d
2182502b
1b67b8e8
63231475
341b20c3
506e7082
51b1881d
76f110c4
c9deecb0
9d543414
6101861f
698b913e
6e27c1e8
554bd645
dfef5104
8c36b783
0219a6e0
ee720dc2
56895ec7
d7618d8f
3cd3c207
d6f3098e
4f90df8f
d843a25f
2d0a9f3b
a355c9ed
5764fff9
dbeccd34
0b07ee31
2ef71f71
6e32665d
7dc33301
6fc0c4d0
9c0510dd
fdcb5592
78529bee
4ec68159
43502bcf
8314f3bb
b1103c4a
65bdc7c6
75e845e4
d7cb928e
16da0823
ac163a4c
00ae7383
1510e96c
0f90c332
e92791e9
784d30e4
146a264c
44d24dbd
a1d88aef
a023670d
54968cec
24628349
f578b0cc
8f496efc
f0414957
f41379a2
ffc9f211
f0fde854
f31e9b4f
2e9a05f4
aab2ee26
19bce63d
2a1b9480
49fca065
63fdbd3d
5f149510
7b688aab
2d862915
fc3b55a7
477022e0
26ac6db6
c845ff5b
827a350c
5fa13b41
61edc385
ea3ce62b
a9ce17b7
0c20874b
85f4cccf
91c97dd9
70325ee0
462621f7
c1089f9b
8d894a26
3d76d040
08aadc1f
360ba4eb
104a51a0
15b1ef7f
239d7150
3b51c6eb
7218428d
33722a89
b2450298
50d779f3
42c186e7
31b6a2c9
5811f7fe
bb2e95a9
5aebade4
c5b073af
b37b3fed
4458406e
c6e16ec4
8c0af058
9232b258
4b43dce4
2b37d5eb
e0d178ee
36573e08
e35c8ea3
23922b07
b8adf7be
cd1ca6f3
619fa852
0621e118
7a5d7f39
62fc8964
89de610c
fa07bd93
bb0eb269
c5373dc8
734bbd6f
982dbc9c
d87b4323
b3f01eac
b49d117e
c0e99ec7
9511ecbf
b84d477c
04fb2a8d
54fdf158
b0060253
79c714d5
f0e2d61b
ee1d826b
94496523
a54673f5
0c242b49
a0e4b20f
e20c62fd
a42d4f54
b53eff57
30516d9d
a1baaeec
788dcf3f
ec23beca
e4acd5d7
bcd7515c
8963be62
2b5fa795
2a006023
e6867701
24ae2572
e002bb32
5bf0b080
f1f25870
e57ca4ce
4d4edbbc
511b04a0
006c9087
ddfb0e99
3926612d
5574ce2c
5a9426f4
1713f3f1
44d10fa7
c19e7b95
d3774083
57809b30
d8319123
a8a50109
18008c2b
3938f5c9
d7b90729
1cd7cc67
4e30878a
86fcf5aa
117e884e
ce9226d5
c350bdd1
49b40324
f3cc1e4c
70b16f8e
f550a4ee
d86f9508
731e8d8f
f748a7d8
95c91621
56a0d947
fc8befe3
af8e2458
0ba72a9a
3077a1e0
4d33bb65
71bfcf0a
8387af85
b891a37e
133a8521
304e192e
9e1fb3fb
647c1eab
1288a29f
ddb37fb2
fae9b490
4301870d
0fe3c15d
8ec30d99
017b1e01
35dae4dc
416b5ffc
780d9c76
bbe40f57
7bd0b850
f78b499d
49ac7ee1
087786f9
edb38f0d
161e45a4
0bfff4d1
59d06203
e79531ab
75ae5e1b
73c1448d
3149ed85
93d034d9
3c2091fc
edffd893
cb5bcf45
e4d5f59c
16ad4d4f
5f9aab6d
5416ccd6
3c050810
3def94f3
2143fa2b
9ed01028
067e9602
436937fd
d74203f6
70ad8568
c01c4868
6b3cf0e0
5131c470
5e41e54f
3feeb35b
d93154b9
8767a02a
1f39eafb
6eb5e2c8
8f7dfc7e
2eb6a4e7
bf6d07b2
ecf2479f
243f467f
52e8c0e7
1474b63d
d4d9bbe4
970c0cf6
c4ca305f
daf3b6df
292819ab
69b0f805
a0bc08fd
15d4bdac
ce4eef1c
6601bf8a
6fea3932
3141c7d4
3ed32229
0853c322
76c0dc19
c53a9db8
4737093e
6403dcf6
ec3f7438
55b6d9e4
5fc9ca81
b5a2e06d
dc49a3fa
eee46bc1
10133bef
9ab2eb58
3ce89e34
caef3dc3
87be2668
2d13fdf1
07136047
086d0c8a
967f16f4
e0943824
9581f66c
c2c85a8a
fab6b686
a0aa7615
237c8501
c843610f
2838b4fe
ea4a1e0d
98f6b3c8
9f7d056f
c5cfaa67
20e916e6
448f287c
919fef3c
e3737900
0634da09
33c322d3
a4b44aff
909c3d4a
f19bacd0
043c34d0
d668c5e3
144c93a9
4107e615
05660617
71341c65
a5a06219
9581cbe8
336f2f56
06350694
7a1d6907
3081b1b9
d064cea2
7fa5e53a
a35a53db
cd09ae2b
e15afbed
7ac79b3e
bda3e22e
fd2e197d
fe3569dd
32d2eb1a
99820482
fb57296b
d1328c96
94a19406
6201e5d6
89da5beb
964c0db8
e89bcee5
b9a3ee86
4a1adb5f
3f574f07
004f4fdc
df23dbc6
2f32748b
55c7af1a
a4b35e08
21350f91
982a91b2
898a233c
70557c8a
274e3e68
f0ea8b09
90f4824c
171d4052
5dfca4f9
e51fe948
1eea4f33
b68c9215
bd0a2e32
e14e58d4
60cd723e
1fd07a1b
02f15812
1792918b
f1d9b81a
1d89f597
445b854a
aaa93953
3de0edd2
2b0d021f
e29a50b8
b92d9b3e
43019d7b
657660ac
851537bd
5fb24fcc
df3359c9
354e5a4c
3ef30caf
b3bea09c
920f7a0a
d48e910d
d349791a
7122a2cf
8a115e32
9b3e95f9
79b3b619
e162a581
0f893268
1140f7ca
f88fb2d6
d47bc23c
2bbe9062
cfe73bdb
3b15bd35
1ad836ec
9cb2a52e
caf72585
e6b5c666
915c021a
32f61835
cfe8d96d
4c6772ef
e562bdb2
e8403fd8
18d248a5
691ec886
b1c440a1
03dff569
5327d1d0
8aad2e9e
c0a1dd01
9b3190a1
8d996253
9bb905fa
dbc51759
5cef720e
e7738079
78e19327
1a2f9ac5
c79e81be
e280072a
aec3f518
dc733828
d5bad7f3
67dafa71
2a0c015b
eec1bd48
f472ee7c
9e1a6ee2
ab0ea721
82bda254
e8101ccf
9ab8a86b
79047991
30f273ca
afea9d6f
74a76acc
a62a6053
ae2edd23
c4da7b26
fc6121d9
d317d374
0651bec8
009c678c
01d996fa
53df2059
4d5f2dd3
b4462d81
4f309a3a
d2897421
7da86ec7
7e66691f
dbffc71d
4092a4f3
95951055
c46ad8da
714b3b22
d3c17695
5f66ab9c
c8b8bc56
39706a2f
b2879695
4af7c15f
e9537e11
54b2b679
4dcf7fa7
e54219fa
69dc5244
9100d24e
e263aaaa
71e28711
011645b1
fda02d41
f90659e5
7566fff8
f9acfc34
a363ab01
167fe000
a58d32df
790cb5b4
18f20f49
7a7b7b44
b76dc86d
c26d84fd
2cb1ad04
3b35100c
bfaf4e56
9ad109e4
c6575652
bf3d039c
f69f0b5b
e9787481
1aecc9d5
f9132ffe
01789088
7e5abebc
1828653a
856ac0dd
7350c2c5
0a02bf61
e0388356
fa15549f
4055075c
f7601763
440db905
968172f3
a3369d1c
62318f96
2bafa897
0919dee9
6a5816eb
782d1789
81570607
536d0f4c
a21a37ce
7893325f
c5c37b53
ff808ee7
25df20e9
f98e6108
8040003f
88b3a39c
64cbe27c
0809a9fe
9bf89bc5
988f8f25
44086990
6e73ecad
6f2eee9e
ed538be0
19d77b17
2009e9ed
bbbca997
ff4584d0
b42bc4df
5ab81267
466f1dbd
1ec50571
730432c4
5ec5c52a
2a7e355a
76756530
80b20379
db7521f7
96343412
0679f569
224de963
73591cb3
4925ce54
ed09f243
bb7e8783
1a549ac4
a8879602
12b89f01
2a4f4a0d
a2dffaca
ed541529
91d158f1
e32b9756
a9e2e976
6d463110
c7e8f0e2
e76f5f18
9d07729e
19c5edb4
2a14ce2d
c9f7cf65
33759a68
872394f4
4210ab6a
b8c5da54
726429f3
1c1c799e
f6d1f129
d6621f33
25028bd1
fb6aac4d
72883cbc
d6ef4053
e242db01
9d765590
af4bb032
f0fe0e14
16ae47ca
14ba74c1
1e6d43d0
74f403bb
64e026ba
66dd8281
0734f127
bb1be84f
045f0386
61d983b1
645ee7a6
ade50593
a7bb0438
20b09366
69550b08
ceb98d52
1d65e9bb
aa09ebd2
790fed0b
117724dc
48771b6a
c85bd207
f1760a4a
37d518f5
0db5a090
8d587423
f856ec6d
9eb08e80
6379ef30
8d67cf9f
e616af75
4cfac7a9
95f2586e
01011531
5743b8a2
2aaaf9a9
c6638fa6
457599cd
3fc41f8b
3a9113b1
0400c782
82e1b6ba
32e33881
eb957d78
c371b3c5
54244161
5d09e3c5
4f5f1cdd
3459bd5f
7db9c866
d2106dbc
2b57cf8f
866e9d5c
ed63c07e
38e513c8
c9178e46
23351709
bb5a8b83
af794c56
588a2acf
a7ab40e6
394b009d
72490a11
326b7114
d5723930
d8da735a
409e7842
7d598ea9
dd1d950f
983418f1
7e6c99e4
475d86cc
070bdcce
eed67267
33cac76a
0fd1edd9
7f30496c
b5a3be22
8e947d31
2779e8a8
57f0565e
fa4ca0a3
a546066f
d4f141ea
65438e0c
84c28ded
7a97ad12
6980fb88
a8c9def0
f1e5781b
8220da68
b4df4d1e
f2e8d7a0
eb88d66e
d9e8b74c
2f2b494c
865fa3ed
3665657c
c39fab39
e9ea98e5
e43ad65e
60d86de6
c1f7f1d4
c660a872
bebeb965
5bd7982c
b29bc4e5
8ae73d26
c53abb67
d8945bcc
2e53b57a
4767f984
b2b3904f
d7f81252
63f529eb
1fcd7b6f
a4b8a4df
b440850e
38c3f8be
bd5771d4
3ed6d422
6e0e276b
f681515a
49e59eef
bd387d93
e3c2de16
b80800d6
ba41073f
ce73e7ec
e349ebcb
182c7eb3
68b0fc8e
9301e4de
5cd41173
01b9dfce
72405f2e
4d11dc7c
a5528153
5a6be60f
f3e8be1a
615a0def
3c184e1c
8ea14ad1
589c1cac
ba37d428
56ec7a51
ed60e6c2
c6a31dde
06096512
7fcd38a7
c3ef2dab
ed118e46
47fd256a
89528c82
c096bc83
f7dc3700
56bdfc5e
cfff5065
9b8fb11c
d82cfe8a
b84e33f4
b821116c
db97512a
07f33793
412d8573
c1f02bf2
554f3f15
e7150e23
9cf8e42b
8fc546b5
c56d52bc
88664101
488e6562
006e8913
f8dcb715
a9fa214a
57b1e3c3
12ff72c7
685a7e14
d48556d8
b5935717
314acd4f
74803efe
18a72d71
5c270d55
0c3381f3
fdb62155
0a0f2efb
15d71b73
219905cf
253c4ebf
3194e18a
191b1c58
28940310
b63cba0b
0ec49c15
35882476
11d96255
8fe84f1c
477a0f39
d538a297
ec2e6662
3ca4f473
e77269a6
e2996c25
2ca8decb
d9450b13
7ccdb700
8f9790d6
cc20ac10
edfad8e1
6a32d1d2
3119b316
e81565cb
d128d43d
be4d2caa
60d44986
d57b53f4
5fb402b6
23b705a7
a37300e6
ae9b8b71
214d55eb
f5fe7273
4db1facb
2ffcd45f
1b9ab264
f714856f
909380d3
f1bb8277
bf51732d
b7a7ed57
0ba82271
f326b5c2
964206ad
046e7126
83105463
ba12650d
20c474d4
658adc9b
fd2dd177
a7614c36
521ea3e5
4a2a5a54
2d7b8664
eb523f5f
3b88a963
fa3f1811
3e9ba56f
0cfa6ef4
65bd02a6
78ddaa12
7e6e177d
2cbcce9d
1889b16a
fa382138
3df498d7
732bdba0
03a42e6f
4b58263b
bc735f74
242b23fa
4adc39d0
712dbb43
0ef2b441
572db7fc
db9aa5b5
6aa40643
a7ee7dd5
62c9d61f
5949595a
3e262d0b
8b6129c8
6557a264
b27637c9
e56a9c4e
6a83e0df
c59979f3
be4af8a0
ca8f89ef
4dfcf2f6
a7e93fc7
8222662f
121bcadc
034f90fc
db5d62d4
97fcf3b7
38c8f932
da3bf265
2a970b9e
b77163ec
fa99632a
097542d4
84ddda23
ccad180f
9a3534f9
a9eb5f2c
83d97b4b
3ab9ef73
eda617d8
c4fd0eb6
c0547843
a4dbc24d
4ed38c84
d7217785
c3e4c6cd
3c942133
aef1b02a
86633650
f5818684
6f7de1ac
ba490908
f660d33c
6ce382df
8bb5fce3
b1195817
d965565a
066bde2d
c8665fba
71b2d032
5d2438e8
9d13eb74
efde720a
127b7a65
dbcb7b3e
2130cc68
2f07d6f6
6ef6ff5a
92a11d54
90737ff1
0e2926d7
7489a66e
48cc8fcc
ff990996
0bdf7ea3
6566f866
f726cf33
f6d7b233
12ab9d1b
40117e7f
940b9b90
0844edac
2bd5cdd4
df8f9883
bf62374c
c8f2baa9
6b5d7a3a
47515ed7
fdfa9ad2
7ab13dc2
fc233b86
f12573cf
b4cb3041
8aac5d20
2003e924
f9cfb157
f34f8205
62eb53c2
1af1e6eb
e3be2a5d
f846bdc7
d0370d38
0392abf0
8b7c9046
37ffc37c
3d94b234
d19e9c7d
403693d5
dbc32493
55727c5b
45db35c7
4f1b4ab6
effeab90
6b1a6c16
f58f541a
fe8f681c
6210da9a
5137615b
1e97a575
ad177d49
1571fed6
7fce5be3
22fe56fa
ec0d3faa
34f31096
8ade8726
1d772d5b
e35a1795
94b40f61
be5c9c6d
97f47a25
0eaa19dd
ffa27db5
b284325f
ad36cf38
eeef5f50
a5aee792
52cffcbc
065d6810
c0b88a5f
ef935666
2ea54de9
641de2c5
d0e0f207
1aaedfb7
ea53bc7b
264ec035
374bfd31
5552d1a7
e3a0f494
5b734bad
72d8a76e
a09fdaf4
23ef9594
faf2da7a
96049e24
bdc38444
64273ec1
fc14b8fe
0a62e21b
9214886b
6024d507
aa0d40e5
402ddc4d
8f24327f
24110f8a
b9e9e23a
3072fd4d
94b63ea0
3f20f531
115e7bb2
1b22c066
26ea1fd1
c711a679
88010d56
9cd8a9e3
b5752f31
02f3e878
80662746
d5566521
27bb72d8
75ea9328
d67f9d0f
9e1393e0
61935f37
44c2fbad
6d5d98b6
172dc5f3
5dedb57a
83129bbb
dcd7e2a9
30d88fe8
0596703a
b9bbebb2
5d74f354
a0dc49bb
148c948e
45bfe780
90b8dfc7
e34f3687
b6655d48
a446266e
71f1134b
20930a67
7a269b88
83ae2b43
9e0b6c20
826da907
dee70681
f8d00ada
c8edf5ff
bc17f416
1037bedc
1a65e86a
4a77801e
f4f7b9a4
7ba430e5
4aa52919
1f49a59a
54a4fc87
adbb5abd
1b7fa0ab
023c54de
9c5dc12d
ab761131
4350b6b9
e570333a
81f75491
07cd6543
c7cf4ed1
ecba42bb
3943696d
d9b2881a
9e800402
5e016b42
1e4b4c36
8e7b4dd0
1fe6f830
dcf39040
7183209d
a781c0f5
6c7ac87a
9bc7cac0
31608a6f
25823559
060dbd6d
85a8f21d
e688e2e8
a0666fc2
de5d38ad
505c2529
4bd485f5
b6234040
1b4ec5f5
bdf085ad
05eb12ef
916ee7b4
fe906e78
98bded37
8678e8fa
f79b4c69
5cd24f22
b3f6b299
d111a92b
62a3dd11
393fc3b1
e879e1b5
5daa59d2
c49241da
1981b64e
c6445caa
f7f67202
0f73f5f9
48514eff
505d5938
943eb425
15fc9a78
50c8fd01
a277ac15
a951da0f
d01e13e7
5e3da016
adddb429
704ba925
a88e79d2
91354b08
32deb362
72e2a65b
e3137caf
1c5d876c
3aba77b4
fdd57fd2
17cdce65
6e2615c5
3f4292ca
ce676ca7
5d80369e
3128bdd7
f4db9d5e
6973c226
37d65d1d
72c5e7c7
09917bf9
fb27594e
11dcb869
5ceabb21
7a5d4226
91248e6a
1dd00dde
9113be8b
3e9710aa
4cc5e38b
e62b81f1
54a8b59b
01656656
1851e0a1
acff82e3
c8da5af2
f30f3d30
818fdbe4
249fb53d
9537f801
2cca4e5a
c526a79a
2b680170
43848eb3
980274da
05b2ad56
5310ee1a
94a2a713
c8544153
4fbe2cec
ce5ed65d
863afef7
e56a32a5
c4e6a47a
1d54658e
ad5842fc
05f59f9f
76c2b71c
2405c68c
06551426
3ee14f8e
f50004c6
468f7f4a
85ab14d9
0138af61
8e44246b
53e160ef
806b5d31
926c1237
1575be62
f58c48fe
eee56057
1f1b8520
9849ed1f
18a1a2aa
b26a6ed0
09b23008
b9d1edf1
099e7706
28a44399
ba314db2
e36fca51
5e990f23
90d7433d
6eab33c5
12a1622c
e27b569e
9db28b8a
54b6108b
424040d8
0137db55
b1fdc91b
130b03f4
1dc2f38e
35d158b7
c6314d54
1cece9b9
baaaa3d4
34dac33c
fb13d922
86ccfe19
38f5815e
931ea311
a8e8b54f
7660478f
aca28027
6865d0f4
9d1c00e9
bd24e349
08f7ae0f
5bf02214
a9e3346d
22b0889a
47d9f82b
63482ce5
bc434e6f
645651a8
6203d5b9
0e2bc583
a5e8470e
0c33e0ca
7579833f
e6d677b0
2c2c17a0
75d0594c
a1c52030
bda778f1
0597440d
4fc4c246
26015980
ab1abc18
6fa188d4
89dfd6a9
12532aac
97d4b4cf
28e7d949
aa1c856e
6c9a5ef6
cfd527d4
0eddda23
06a5fd0f
998c702d
e6b2a6c9
ff10207c
98e46393
865732d8
618c591e
bf526569
8c18ae56
a396755f
ca89dbe1
cf45e07b
1a1d821e
e19cf111
8863370e
3ed289af
930c95dc
3755b5e7
bccbb773
8e93fe41
da2f7b6c
9d1ed86d
847837e4
d21a2266
5c8380ed
bf58e2e2
c39a9f60
9eac3c3b
3c41456e
897d6c18
bb31b287
214392d7
3032303b
b0980f01
9e76801d
80d5e3c7
a90eafb1
e3ee886d
6e85129c
56086a17
321e51f2
fc2dd1a2
852fe76e
41816a6f
f55b3d29
cd34de96
8a208945
fa04fce1
d6852b8d
0d62fc97
0cf6880f
6317d874
9b3b9b78
e2c90512
8f0fa0c7
19f8d4cc
6f4bfafc
129a2c36
b48430b8
60f617d1
e380bc37
74c2e0b4
325aef1e
989a0082
c9cfb427
d6223bc2
ba1c5e8f
08796b49
871b61e1
8fc1ba32
a8736851
6a5c774d
720107f7
0d061f88
10186693
858b1636
0ef91790
ad6b3335
aab320d3
1b8dd767
8d4d9d37
e3872a02
de2a4541
46c7ee00
dbf1c3e3
92379685
7c07d836
672a2d76
721b7ab4
b4f37652
9d12328e
b3307acf
31515b9b
5e64e7ca
91251604
4f547136
ef28e06f
978a465d
3770b65d
16dbd680
ed77f025
7d186a1c
7b219411
7dd188c0
d5fc7a24
0da23878
1f0eb8ee
ca708007
9471aadf
8469530a
6f00c5ce
809efc52
bd86e8d8
7326ca56
e7e7b360
20fccf05
9a9a42eb
8a2e3a88
e29c9ad7
490e04b4
ba80cf78
ce9c472f
89490673
996164b0
0b10f72b
ab4627f1
98be358d
9ff8ebca
d2bcbbca
fd7efc28
7d8647f5
1a6f1469
e4ab4b18
34c9b27c
524054df
43a88ef2
1caa1ee9
b1953b12
c8197d49
11b5fcb1
6a52ffa0
817a4b13
cb11acff
2f4844b8
dc35bdb7
1bee66b6
3021686a
b8a8f97c
57627d5f
01fbb65b
912d55a3
48bc258f
4db9d2a9
8a75e2bf
f2612c6e
2a7c7498
390bfb0f
8b2d3f7a
b48f4a7b
e5c097fb
10ce00e4
ca8ff92d
80e23cf8
28d6b786
3ae71a35
ed9b0a45
16ae69ac
a8eb0841
f58adab0
754d361e
a25d64f9
d68a3098
83b66254
b06470ea
f15cd516
143a3dc9
23e5b508
3ddb0aea
cc4af189
dd088e34
55036233
11e6ccb1
c66199a9
5fcca363
bfb470d3
046f0884
4a80bd5b
f8558a0e
6b99be04
d77b1528
0e17b727
e696409e
fe376c5c
642055c2
bd9c734e
4d40fc34
0a0cffb7
2ab0fc0a
930574d2
8e7a69bd
aaf8ab7b
4d6502b0
4b5df109
5ae9dd57
4922b336
f7cbee14
cb2c4910
03c36af7
bd2a0a99
7353c005
613fd02c
fc79ab91
e8760d94
1157b7b6
138188a6
703e646c
2ac4fc95
1f96c1fe
3285276a
5b6da79e
1c5c1a71
7d5ccaf8
6474a7d9
e1700c5e
ff8c3843
6808e421
e5133287
eb31f7e6
6c66fd00
cb123883
0c41cec2
86ab15ce
66465f27
19ffd736
8035b1fa
f757b51f
3f7ee945
a89135ae
4ab2e53c
d4b8a8f6
f5670c85
8a03793e
41bdbe2c
3970e710
97cc4ef9
dc7f5ff0
c7a9c230
02180527
55206b59
512788fc
a73344e0
3a4b45d7
0cc0194f
f2d629db
ca47178d
3e62d916
cd455d76
bb9e6e63
bc149c0a
dd2cb3c0
21c65b2a
becea11b
375379cd
55344af8
510fbd6d
72eb89bc
785d0212
dbfaedbd
4fecddfb
5e292d92
08f15bbf
5353e5fc
d262334a
156c10af
784ed973
cf7df0a3
5c5caaf7
e947e0b6
bf7469de
7bb9afd9
8617b7f8
6df97e0c
05233d10
32a08650
6f387bc5
685d9745
8c1e19ff
ab1a138f
c41b607a
aa9afa70
4f4493da
7ac815e5
76e5b23f
d4e47fae
3923d6e6
3c19d439
d54019b6
18a0e32d
9c6d68af
1e6a9273
c8be5841
75794ada
d866bdab
f5a89202
1afc9f36
aa596cdb
7f8ba87a
5a194a38
18900177
0f634828
aaa9187b
bd61a9a8
82c95dc2
8758663a
f8731d55
e0e7e799
9e8dfbf3
1f82ea4a
1bbaeecf
8a06923e
506ebdde
7d72f8b4
6ee95946
fdf6cf66
a759b00b
ba4b8c47
b3a23d66
75de6b41
ae74f45a
2f0a2885
294d0c88
93555426
03e0910e
29ea642e
c89d45b9
6560e02c
55cecf5e
088c60cc
1621f246
254de832
913766f7
c0deb863
ed88a2ca
c3e25a62
9d659895
e092da6e
c037b7a1
eeb214c0
29621875
27fd2523
e879956f
805718a5
0b32a984
9e42d625
544498a6
2d575ace
07d1c0e9
c6531eef
145b2928
5ebc2377
80876dde
caaff340
ac3acd43
47c826ca
2139af02
8fe548ae
f8e3e116
1ced0db6
1629f07b
2cf60968
56b48f25
2d59dd2d
c972bc33
4066fa69
7a592a7c
bdc63b17
2e382ee5
5777f9f7
a160f7b3
4d4fc778
01b328a8
f065459b
421737f0
39c5d504
efc78276
eea0fbf2
ca06a0bd
dc30f915
a1552b1c
82e389e7
883d1108
699c84c6
d98330c4
4ce60e29
294e7fb8
31989064
5114346e
24aa6be2
5315fe29
76c5a061
9bf5c1a5
5bef78e5
2a83d11c
44af50cc
78667577
6fd10c73
85b620dc
741d814a
42a0c950
2ad67635
6604239d
ac89a666
90e062c4
0bad3f98
27935f57
c34ab40b
2cb8432e
bf6fb940
40b43103
14127b69
3491ac16
237eff7f
6ebd47d7
0ebf5a74
5bc4b90c
504eb0be
4d7f41d2
0def3d70
a2684250
ee60ff61
c0185347
846a199f
2c6adc53
8bf073c3
348271e7
2d6b3bb8
099fc876
e2bf77fe
84568a1e
f7b97214
e68843c9
30d38291
50b1d8f1
1e5669e6
be32ca33
09efe8a9
6bace854
226473e7
2f00788b
223018e3
04a166d5
27018fe8
c96c1656
3f788325
cc9aa1cb
8cd23eda
aa2a709e
630192c2
7a66b7ae
3ef71d07
77a5e62c
a760701c
8517310d
05e2b256
26a32bc2
38b20fcf
5031be2a
996d77d0
c57aef7b
8a2da511
ef7cd096
d8ab6e01
18098234
21add473
ff5cc5a2
9afe7c96
f8fe5220
65f324dd
2c780949
8776c3c1
bed74486
9eb25b05
6f80ac6c
3baf3c2a
596855df
29a01af6
75273ea9
ccb8add0
f95aeb71
22a7b40b
50f17d18
951a1491
2683b5f5
579a808b
f6f78a8e
f36f62fd
f92961c5
7724c2ed
005bbf71
810131cb
403848b7
6cff0820
3292957d
679da903
8509abfd
bebc2b06
40422be8
a2da0797
a73a46e3
132c7310
34898b57
b98e5d66
36762a97
97b2d3a5
7504bd86
b435975c
dd1c9253
a58c6af8
32bcacb1
42713ba4
c5b4ade6
5100f9a2
88a749b8
539f5770
975072c8
b82ef7cc
bc3fd047
80d578dc
d613085b
541e4937
3a2412cb
b7d8f055
9392933c
ff5b0b06
594b077b
0d2b0e89
f3b90674
bd8a162f
16beb888
f454d3bf
aa43916e
d5a99679
0bbe7c8a
41c48d3d
dc0be48c
b3dcace1
ee5367e1
d74fd076
8561dc16
628b2f87
e8024b7a
8cc6224c
597f476b
83dd8be2
669b84f2
d6bc31f0
40c12f91
c3549c08
4a633822
818abcb1
1582005f
e4b099fb
067fc5bc
27cf61d8
b5748062
8a62891e
b365b37e
a4444e9b
9f703250
be75a76d
59984601
7a519b0d
6f33ed35
403dcb9f
d084b038
96f1fc59
862b9464
604aa8d7
9f5a1d9f
41dbee8b
bd58814e
0353e936
b0d7d78c
0ee8217f
523f479c
e35fc5ba
66f9818e
8fc537aa
0f3c0572
7dd255db
da4ce38f
819932b1
5e276b96
d9ebb5bc
44d02052
5b9247df
7e5c630b
b59238b5
a218df17
86b61eaa
e90cff7b
aa97254a
89f608f5
55f91ca1
bbcdf577
a901ef06
08cdcbb6
86d13e0b
8311dee3
a171b225
719e6e5f
36efded5
6b9611af
9dd70abe
ec9e6b3e
1ecec382
1162fb7d
8fa2f31b
e9fe849b
14d2fd8d
270c7fbc
b78ed3e1
d3aa6618
724c1c2c
c8f57dc8
8ec583ae
e8bbc236
8f540348
e89d9e16
30b10499
1467bd88
990f4003
50ec0804
ec70feb2
877e2b41
00d3630a
faf0bf33
4fc39eb8
be8496f2
a702db3f
70cde4ad
475c72a1
e80ef285
fd977cea
534c880f
8bec2c09
c3cc6cdf
84a2d574
1f8b7432
50ac9a34
bea503e1
c5fcbd2d
197fb421
1087985c
92015ada
92128897
a3012bf7
498e91c8
ed4c5e73
b6c3ab72
b61cde24
96d151c8
21e9f83c
c3209e2b
cc575d79
d8f5be25
89141e1d
5020d5b6
18502f5d
aacbb180
4380205d
b6ffd098
d1722b2e
16e38585
ac31c32c
1ed529c6
c65b3230
a3b125fe
66da6959
55dac881
95973264
08aafaa9
a801db96
fd1917cf
23f39fdf
5102acbb
962c10d1
92f1638a
6e8fe58a
d5e37e35
fe95e7c7
0fc9f8d1
2aabd7b8
5bc30d56
7753dc22
9624d369
85775ced
b3b3b898
50bb83c8
3890e689
ac7b4189
4d0a762c
7a310eab
276c2879
ee087048
e0210948
e005504c
0b925c0a
4274bc63
6aee657f
6e7b1dbf
b4539079
0dc6b9b7
84f6ad2f
7b3fd546
b37de42d
f0f039f1
0e0220d6
09007e9a
dcb48393
d41e7bf0
776ebe40
b47b2c73
ef51b5a9
e57bd23b
78a34905
21ffd944
8031b1cf
770953ab
f2ffbfb5
a42abb11
9a54b415
96145dbe
a9d1fe8f
560ae46f
5a6724ac
60ad8175
c0ea6fb4
2e898e7a
f79efaf9
30f81db9
5aaba7de
e45e6e36
1a8fe5ba
21220266
4cb0a8f1
6c7a20e6
24b86e75
07ad830e
4e4f05e8
70b800b1
656d0426
78dd7c92
3ea5b195
9a7dee1e
d07985e1
f87f65e3
8ca2ffc2
b8001b8f
d54560d7
52a83378
cc243a7b
2604860e
6e66b0ec
b716f6f1
50d4a0b5
5c8e3854
eb1a4756
ddea036e
2d76380d
a48a4bf6
536b5c8c
27a2ded1
f360dd4d
f1e82c09
7947b19d
61fe92c7
c7634994
6462493c
85fe2c5e
4ecc40e4
1cc4d20c
5627388e
97e2a2b5
b5380e8f
29df2b9b
5929946d
1f24365f
a41ccfa8
80d3fadc
0e88a618
533ecc9d
df0810ab
7ebeda85
182b2632
e14650c4
4086680b
3d6e97c8
1d6be063
4d91aad0
61b94015
7ec35dc8
ba30b9d5
0c43a550
65dabda4
7faab6f3
07ec8b69
46bde509
b98bb8e7
1c70ca2c
a39c5e76
2203c1bf
1cb59805
5918943f
38756ff0
24ef8395
473472bb
e50db74a
2f7f09b8
0745bd1c
ac2ac88f
52511052
7b36679f
4f7e53dd
25b39abf
8a6e686d
ab1e905c
5bb0b616
e338454f
99abc067
d54d4634
ccf4e6d1
55f33606
554e1c7f
4ef754ff
29743fab
7ea0158b
fe383be3
d1c0cf61
cdbde597
50e89f10
225d6c35
74aaf0d8
7c8d5580
119aed5e
ca106386
0a78d676
0675db8d
1d8084ef
aeb12e41
e450345d
b9a74330
69ec11d0
911ae35b
634d5983
c7d6ea1d
483dadb7
4ced5d32
0e26bc77
ecae24c3
2efc4bd8
57641b7b
55693ebe
25663bc1
a1d3330e
31e08a37
346936e4
4402487e
acbc51f8
f6eb1599
1f578915
20de9bcf
8747419c
81ea32e6
3164b69d
515fed86
310005d1
06fd9c8c
18e4817a
91bb26ff
59f335ed
d69fc30a
f12c1ad5
3ca6fe2e
8f0abc7f
c823379d
74c8de55
8f4b7354
c511fb44
b559c978
02a76723
262d7042
8c8bfe50
9b7179f0
3dab5937
873fdc51
ea0d836b
1679053b
ed11b4d4
aae07b31
154737b2
8590c32a
234c77d0
1b72006b
3496f754
a5fc4f2a
af3a3de6
f857bd05
f114453e
4fc48507
33e55c15
9491b4e6
e3a999e0
c22bc4ea
ec6def91
62630c9e
7de961a6
6a6ca048
32de303a
6ff84096
9abcdf03
2acb4a0d
32d3b2c8
d5d8812d
7a5539b3
7105d742
b653a434
987dee9e
9069b569
7e5c076b
28921e53
0051341f
fc8a29b6
8e2a1868
69c8a19b
c28413a6
5eee881e
724cf2e8
6e2118e0
ea9af1be
210016e8
587de7c6
742fe504
996b0923
f1adb584
a4bfd74a
9481b441
e3316de5
1f38fec3
1cf348d3
c8cb56c7
e06f1e0e
767524f9
8fa7dc0c
f0eaa5ff
2ef7ed75
b87dbff9
ffd19f38
4ae9dd43
59713983
b66db2c3
068f89f9
01aa9601
3e396934
70e3f7db
cd0a8a37
15c8a631
20de5076
b0cc46de
3ae4c075
ffac1100
cc09d706
2bc4e232
47ddc793
1ad4d884
b94714a6
21acd0af
cc94c313
ca27a468
ebfddc9d
5da4c1ea
76a587e6
0d7dbd8a
e358bd6c
6a5da5d6
02065e05
f115c626
73f57b0e
4e0e7dc4
b7611eff
036820a0
e8f840de
fc9de54f
46b08ff5
be8e8e12
86d3cf34
1993256e
dae5a5d1
a5a9ed3e
99c24619
f120ddb9
b86696b2
3cac9eaa
4048abd6
f37a68af
73952498
37cfac7b
8a55063b
78dc1d32
943e316f
106cf4a6
51f6089a
8c451de8
d0f94894
c49d3841
113018eb
57834e5d
f756de59
bf20eaf7
edb522c8
746cc1fe
663d8d37
24fbd9ba
a65a7ddc
d5d0acac
c8ecdd4e
3be3a96c
970fcf6b
b2b19b5a
ba89ed57
634a9606
00c396a3
30ee3aa8
00d36fd5
c816d161
5565f7fc
98da4411
db598b9d
af618f88
4c88d8c0
a58e9208
8e3a940f
4bd85012
7a9c2f1f
1089a4a0
a7ab636e
b31e172d
4e8a75d0
063eccc8
2b53c07b
38cdb375
5ac9d0a4
7b71798a
dc4266ea
8372ba05
527c739c
5dfc2efb
dc477faa
45f6e813
866c4949
e7e8b38b
c2acc3a7
01d9d7ab
5eb9ed9d
0245ff18
097298ab
169d6698
f3894c5f
9a5aea9e
26206a5a
460cc20f
17e4e809
d654221b
10fa0910
6adc1e7c
cb6eb455
a1674e47
5d5ec810
0fcdcdfe
78388e27
567701f9
7f47217d
f67155e9
454f6a6f
a85913ae
cfbe41b8
f6a10dfc
34c22813
49ce6e93
0795df3d
32360184
b2d9e867
757cbe2d
b5948151
9268c24e
ce09ac9e
88d83b33
787d816c
c25ccdc4
276866f6
5d60d68d
b19bfff5
02c22027
9e1a8bc4
232fe2d5
31d0808f
19ef7d8f
3d8232a0
0117e62b
478de082
882674cc
914525f3
8a90bece
346f3d2a
aa888d2f
de8b2799
f5730e05
02cf6fdc
09a79086
8d5286fd
6c244f5b
5c24ea3c
ed025b2d
6a92abde
c2c7f16a
a1bf4cff
4c31950f
ac9902a7
15793ce1
6e45b7f3
cfccce6e
962588ae
c13b3df6
76307834
5fee514f
2d388e2c
a35f1a12
43b2399c
94b6c05c
db11a642
14eba46e
6cacdffd
1d338ed4
f1ce2ca0
bf1ce72d
5cd38cf1
84faf0b7
8763c5e1
042cdbce
75ffd8e4
5280ed35
abeb3e66
48d496d5
9bc52192
c118b349
394ee6d1
5702377b
2c46ae2d
c9ed2f6c
ec13b4ec
cb414ccb
b9d3e947
5b960c7a
d9392fb6
653dabf1
d83f99d0
4bb40612
a5b25689
03032638
9f46ae9a
182cb1d0
4cc82dbb
66924984
dbf914f5
d59ec086
bc4ece61
d5d948a0
656bee06
0dcf6833
f9e672b7
c1a1a48f
5337fcf7
39801ec3
71541e0f
a0256fe5
b6e0e829
d75626bb
63a8a01b
82d4820e
403c23c4
4cdcfd26
bc72c7da
75b7465e
32e5d4e0
874b8b5c
322e79cc
5fe76fa7
f069036e
d091c6ec
e1ca6b8a
3bd4c737
c57ca36e
73383726
ce4574c8
7b54d066
ca54798a
e9c67c38
ee6c8c18
8219ce0f
c0d60f83
25eb8d10
dd7d41b4
dc349931
ad4149b8
0ab77be3
5ca649c6
2646a229
b27c9e28
16885074
8c5d18d7
c7ba01f4
771c84f6
17c4d1d7
32309228
2ec5c052
4f36ad95
ca0c5a37
6819c8d2
7177aa33
02008d4b
6695777f
c7249b02
dcdad520
49ac55ff
a1695ab6
cdc42a89
5a30f6a3
d8722ef1
282444c7
b72267b9
81727033
21fa86a9
54dc59fe
239d37ef
29723ebf
ba18d44d
b2b5a4a5
c201f115
7846cf84
9775f4bf
15a2098e
c6ef9b27
84e75da2
85366b6b
433ec786
e2070641
5b2bc3e6
49b55bed
bbd9dba9
953bc41f
5ab20aa3
672a8d50
e6925410
2e104118
e0591221
81b736cf
8ab24a78
bc585b46
5128db1e
032cf95b
1cfd3c58
d5ba5d83
5f442246
ba9d77c0
98cac3b2
d7209e6c
5942ff5a
d39e3dce
90d90c7d
9b886e16
5f164353
78f1754d
9d473241
1aead706
414cd763
afbb8cd3
1a11fba3
89d4ab31
8ae22868
3206bc7f
54acf9db
b9687e10
63ee8de5
f81ced4c
d31ead56
d039af8c
5cc3f068
7b12c0ef
42e91c68
4de1b79a
194b8873
60fe5671
ec344e49
da56ca57
609950f9
1a4ce2fa
446fdf93
4c21ebfd
5a901912
6ffcccab
3b53247f
a44199b1
7989b34a
b3fa43fa
8b2ab938
5db730fe
cebd086a
99bf89f2
78be4bf2
89ca3152
33e2c2e2
1c68509d
d9048fa0
56e5d0d8
732a7247
91331236
9dc0da0c
56a230cc
07ccaab1
c1c2bc7c
5fe39c1a
a0798f6a
a30473a0
837cc618
6c46b327
fe63c8f6
68d42248
7f37d4c6
30459431
dabd5f50
5bbb989b
3db5752f
f10b4847
987f6c86
c81d5851
01fe729a
3a07fccc
765dde63
7faacdcb
e4646682
7e3649d8
56af599e
0e042d50
fe637867
bc95cad0
bc36ced7
d86f9801
469a1b76
bb6fe80c
8ba72c5b
aba312ed
f6241452
e163aea5
025fdb3e
de3493e2
c5564d06
9227e4dd
b93203e3
d08df7c4
a0dd5f3e
6c69cec3
e381077b
aeaedf4c
ddabd80f
73e7001a
ef6534e8
76fa1294
a1b990c0
e79afb10
a7ec4aec
f88a6b34
087a8982
701641c7
bdf147d0
346aa7f5
7212c05f
693f9f33
c1eff9bf
e5d8dcb3
3796b114
d73c780e
5f8f1610
14e45e76
7a70ed83
9fd77203
437273c8
ac65dced
e8f69531
7045ab39
617fdca8
c7b8aa7d
8c1b03c6
60150b17
ef86fe2c
382fa7ad
579659c0
096ce577
2d8bbd56
1e0b5886
d66fe36b
6a505b2a
47905db0
c8e90fc3
cb32722b
2b9d4290
fa2f6d97
e42d4d79
fdcb3cb8
d1d24356
aea13eca
a67f74b6
55db8882
bdb08607
0376275f
342936b1
4d1ce60e
ea7492e0
7d3d7074
b540a44d
98e3c189
fa80ade0
08a795be
b8153e76
e4a5c2fb
c3ab1c46
a45206b7
74160a55
1ec2ef9b
25046e63
b1c31ae7
816de6a8
8aa7f6f4
fb50d5c8
dcdd02bc
eddd23d9
7d62c64a
90d9077f
b6e153e4
0f2e28ea
8c52b393
9e376ee3
0e8dd5d6
32deb66d
667fe8e4
f7078ff5
d9dcbda9
835ee93d
9155a621
97a309c9
25d00204
9782894c
13c62939
0acd2b69
5babcb99
79c7a455
24e51c93
6990da28
28698b02
38313746
c5e6fd6a
533db9af
650d5ecb
145f6d81
c4091fb6
180a2569
c8424c7a
b864df1c
536e953f
b8ef8ebb
6e218ec7
a0d1665b
0f524a96
86159b56
9a977cc9
d4c2af8e
a756cdf7
a3ea42e3
9d7cb038
640d0525
51912951
e3dd528c
78123f0a
c19f7e93
e7ec3f15
61db4d52
0650242a
5879cd40
5bee48a8
cd9b3b75
f44c0fef
c38b73d7
13c960cf
c5c37bc7
fdc21dda
71595e26
092bde68
2e3a047b
b81f3701
811837be
7a193d69
eb3245d3
d286f6f7
875a0bbb
038c1d0d
85925e7b
05f673f5
ba9e7011
e71121bf
a7f2a5ac
9bacddef
02368107
90d7098c
4d309e9f
82896c2e
4e938ea8
d794b06b
72a7e447
4bc72950
7342bae6
a7d375c9
e42c1efc
99860da5
5e62b63c
1c037fae
0d264cf5
53a95b89
63d0bb45
e3bc0239
1c996b44
0fcf843c
16470898
1dda1572
b1fb23c8
65cb6829
1107c58e
df785bf5
54d4af36
e773fa4f
9f709c12
12a1d70b
2054c64b
ab22baa5
72baf75e
a6750fb6
f7fa4297
4ab75523
a27fc06a
14270733
6ce2b733
7a9d8c11
a8e6fa5e
820d3088
a7987246
93cc336e
a19ece7e
72777896
31db32a4
a67cb503
2b4560cd
6cccef03
d4b20535
168908df
c5cc91d6
a9393f8d
57d3c5c9
c234bdfc
e4e9f019
87bd10ec
91b0c5bc
a9e726df
eaa0e861
023ac557
08910bff
14311e08
c9f0bbf0
0f544257
64c2dad8
cca16794
ea21601d
0276c28c
9ec2dc7f
6ce685f9
37668175
0e4208f1
a4dde4bf
110b1bda
3c7c3ea2
ceac4db6
a44f695b
65e190c9
a8ebfd95
3c7ff119
89cab6d7
3d1712bf
37533eff
41122199
a1016229
25c495eb
584c64b7
4f87359a
8fb00100
7d989fc8
a254b7f8
a1de180d
392ea522
5cd8ef07
663ddcfb
69f8976a
19a8b6e0
e1e29a1a
e691ea0a
a1c83ba2
7139377c
ad050e77
95b6ea52
576d4bac
3d0e20a0
da51d98d
cd612e9d
feeda244
1e05e5d6
f551e5a9
f5708a3b
62c49c20
d95c7480
ae47b3a6
5e58a85f
213ed336
9055bdda
da332b8d
571851ac
f892187a
c83db334
b53a8f39
7f6677b7
8389209f
54c8f912
36b90007
c184803b
61fad7ba
5abccdbc
a26eab19
96bba37f
b85270b5
3ed1d977
ba184a88
da6b76ac
236b3293
e21771ef
897868ba
09823b2d
9210379e
0894000f
9a212ce5
4807b45b
6f1de8bd
934e16b8
62bef0f4
28a5fa24
6bc70b54
df140e42
855044ac
3575cb8e
0c8dfc0c
d28894ca
c2272c82
d1589479
b92d67d2
af328a19
304b7101
9304b8b4
86556d1d
552dc426
58872cb2
1f37757a
c291fb76
4217f4a9
2cd3d7e8
93f1631f
4dc94616
c47d26f3
74cda2e2
d2a1d7ea
e3c09b44
e5a40110
d54049b3
52beb688
0991635f
9aa8a5e2
4c80ffe8
3cc71c96
35e3d4bc
a1fa13c6
93d6e2e7
bece8162
b2bc3473
b27b832a
81cae685
7e5f2908
f4b2f257
f5f0a24b
d68fe077
7aa3b3d7
97f3e2db
9eb616ef
d110c39a
e51f024b
af9a7ce0
e0c79083
4828c4e8
46087af2
6395d579
fe69a564
926d40c6
74c6227c
a1b6bd38
b4214030
18c6ca43
f0579a04
61f46a6f
7b867a53
2d444695
17403f9e
06cd0f27
421e2ad3
6fc52751
aec33a06
f9f04627
d7af091d
e71af93b
bf856185
650cc3bf
5210fd42
faabe85e
73ad1a4e
cc72f5bc
ca62a71e
4ea4239e
90275855
1e957da3
9509e353
85192ba2
adca4914
79ffd760
e1614bc9
cb19f765
4b509e7f
4b751430
d79f79e9
2ceaf2b8
2504b726
cfe5f416
5d869805
5e499786
fb955a9a
48006dd9
f2d68f84
47e5dcf7
73131b8a
1c2824db
0eda58c2
fd857e43
1bebdbc5
72fa3a0c
82cfbaf1
c7a5a719
1b9169fa
e368670d
1ebfa9e9
9bdd7928
abf409d4
731d0ad3
9aa77df0
d631a8fc
86e5740b
24e40719
24e9d65a
da71b02b
62e06431
a2a81342
b8c06762
31a3d3f4
3073b55a
9dc210f6
244b5c18
b6c7047c
9f5d4458
cd1da9d3
7cd94dc0
f94d8970
44160561
13f680bc
bfcd48cc
cc4cb766
0eab1cf6
cb88a7ec
31dc4296
88551471
71bf029c
ac75872a
8e89e522
f7927ab4
a0507c16
558f941f
4688d4b9
dfe48c76
83270323
0b2902c2
455bb83a
79c0c394
57fc1aed
409bc71d
37771f01
467dfc0a
c664de74
e8e46481
eafaa1db
66f249db
d6eef9df
3376bb95
64895b77
b3140c04
60063c8e
556247e5
ae43cc6a
2e12162d
f6278886
e1de28bd
bdfac1f9
5d77f07b
cc60f927
bbca6025
0e19c382
fb5a8e76
f8177cbc
e79e18fc
b4b0dd3c
4df65c57
49e31249
5eeed41c
09cfd36a
87ffbddb
78d85ad9
03eb2018
9aea6e6c
33d73a1f
4602baf5
3ade593b
ced17927
df48d27d
65e50f3e
44570adf
049bb379
2c61ea63
349ddc55
6df0401e
db85ee07
aee29985
479aaaec
4a23526f
2dbae958
62abf310
85f653f4
be967230
6ad90158
14b6a001
d66aeb1a
ea343d5e
de66b9b1
23433e39
d403b31b
ee70c74b
25a25ce7
a9eff4f8
b96b3740
2fe848a1
f973003f
b7e13c25
9cdf56f7
b6303317
ba03ecfe
3415a930
a74edc89
e7279e26
8889deb7
d8b38418
ae2ad000
717fe8b5
0148dea1
49028e0f
00af2fae
4e093d63
5d085f91
89b0c96c
833d2562
d5bfa3ea
199c926b
f1e747e3
3a7e46ae
a7d4009b
df291c78
686a274b
bce9704a
ceef5e7a
812191aa
d1858c20
60363820
417f1c99
ff61d00f
696a055f
11ffc65f
cfbe0a65
d0a70e9c
1fe652e6
62e5ff5b
7cd0ca5c
d6f46ab1
2fee8b60
2edc7001
bb5c0d8f
6753efd9
4fb0932d
e776a527
4999c50e
563f8fd2
5f761a30
1a3ad128
43e1d5c7
5278240b
89d48197
252bc1e4
fffa828f
5acd9e1a
c8dbf93d
487c5aa3
a6233dd7
f2ae1e7b
1d4dbfab
fda9d417
2241a7c2
c1847f5e
839c9549
378207b3
99ffdd29
29034c84
52ee756d
1430f2cc
474788f8
7d42a954
256f9160
3f3ca2e1
c77a3d71
9a5ffe7b
d7853ad3
6b33353c
bf02cd36
322bb2e4
ca950b3f
15a90606
98524af2
f0802cf4
56c4191b
69056ee8
5fd99c04
e77c6f28
39b216e4
16bbc133
bd2f59dd
948e8837
f4811493
1470ecda
349eadcf
c5c096dc
3474d771
7dcea7bc
8e171720
f2970a79
68dc5135
bdaa8948
7cfc1e29
18117715
e88a41ec
b645a757
57478600
577d6da3
a3e76827
92964596
1eb1b804
1f94b75c
a6910f83
6b44aa53
3fd81fd4
b872b965
0493b78a
3e3b19db
fd0abc3b
fb3ca6dd
930114ee
820d0820
422a2d24
f65b7283
99608e46
9da94852
20c91263
522b1701
29aec3e4
cb955aad
78d9936d
1c36d0d7
03a62be1
1d97790c
a4668ab7
d33a55cf
a9fcd8ce
6e45363c
d8d89ddd
a70855ec
1b05e5f6
50d5b34b
3128a2b5
8abc114a
1a3ff500
776f6eaf
cde2bdb2
d0c2a398
128dd9c0
9f042e5a
4323049d
55a61de5
55442be8
d7113d74
e747604b
628eb86c
05ef370d
82d237ca
4149ae3f
e540fb78
bfdf4b8f
837e9bd8
50b3c89a
1db3150a
9d5f3ae3
3a6f9ba2
ea6c5acf
4784c0f5
2cdbe838
6a44da16
d1ca3035
6e57a1b3
d6501ce3
6c4ed6a5
65df90e8
6f99ba29
434a7ea7
9f4d85e8
d1e2d010
f7f229e0
eb006067
06928fc1
ba3a0af4
97fa1f86
555c05e3
69e1ed73
ddbb4dd4
34336d54
6aa1f298
caa9c4c1
b40226f9
eb72ac77
617e7229
485bb334
f998a96a
7a067930
112457a0
e1d35348
fcf8c435
6bbcd74a
dbe813e0
eb1b9a6a
92845e61
30462a65
5454ece0
f0d98884
f8e46460
f96394d4
f4d37428
d0911963
841d171d
f92a2822
39e8f095
d8b22e68
32937a37
e7632f7d
d315095b
35f458c4
637c71f2
450aad33
053469c5
899d35a3
ca0104d7
b9e9a2da
3be62463
122d4116
fbf45e31
767a8328
e5ed94c7
b9deb0dd
9761c0df
40349b22
b946e3ca
c2cdbbf5
c3d704ac
4b1034ad
fd33ff8f
da89832e
b76afd58
f0f0ae38
43cc48c3
905df889
c6d52acf
12139a29
4b87dac2
ab27970d
6105662e
75d8d90e
b1dce032
968c6d3f
7e5b95ea
903ca0b9
815bd72c
8c7b7493
bfc5d907
984255d5
8deb0989
7791a364
3c5d51da
5aad07c9
b0df0683
51e69e04
c6edbdf7
5b3fce9e
ff67a2e8
6c6e49d5
0fc3d49f
df51c8d7
2f2025b2
59587f59
80ddf400
f5e08eee
639aa2f0
cf539b52
3b092c8e
cd849b82
806a6bf8
6fb4a332
818145bb
8ff85520
2edee64e
b0fcb7e5
e6009845
54001ae1
bcde38af
02b74c0a
8df94bb1
35680736
845563d1
2dc5af06
9c814194
22c0e26d
ef26f84b
35df8bdc
5029584e
1f341e1e
02059cc5
8231e56b
6d079e85
44394c2e
da2be4f0
700342ea
139fd665
c3335b4c
a30b6341
2307baf0
5f63cb5c
e7035358
206aa86c
d985493f
64f0bcae
1fcde69c
c0d8d573
94add148
fe1c074a
a05a7e30
1c1d363e
e18fc133
2c9c1107
79286d79
e469907a
1ab1d269
3f60a0f7
44b4fc48
bc8fab16
7444b3e0
a5209d7c
6767815b
7ed9f55d
4e3cd9e4
75065fe4
61aa93b9
4868e0b7
dbbb7b88
2d8e1c4d
2efea28e
af4ce4f9
49a87f10
8f01da95
3e37373c
c2cbb1d4
2adc1e2c
8a209ea0
a76e991a
fdf184bc
61aa23ef
9f2df184
02b1404a
7dbab7d6
434c2cb6
1d8b74bb
10998b95
1c8c5760
5a639650
3d99c284
bce14c60
38cddc16
eaa4eb91
8d08ff3a
cf113fed
f57198fb
0bbde24c
49730f76
3b26bc38
78988768
66c3d912
a1d36ba2
584ef3d1
40a689ab
a3e78d22
1a3f6463
20dc987a
c9a3b3f3
446c0fbd
76e26370
6b03b8f6
9fb3a9f8
bb174b7e
1d6cea02
85b1a894
a4cd6865
31f85c25
75e0c27b
d85d012c
776f1f10
0527ff96
a07d1d7c
79810e35
50b7c0d6
bd07c480
f76b2f2b
c34ecbec
5c5b9855
c574d05d
b094a3a2
b8fecb92
501bd1d4
6e09dc44
e5afa604
3c8af8d3
11858a7b
b99df9de
d2616b2d
1f92214f
2cc67ed2
8095a4dc
b5c9e5bb
a6a6e184
285dc52f
8ff5c733
d5642bfa
53733d17
aee9289f
f4ab2122
816a05c5
fb8a60ac
4468d703
8f9b90a7
4c6ec260
10738651
778b57ad
b2a1db52
b0b02957
06c8e0da
40a61bd3
f85b7d9d
6afa5b49
13fe1b80
c1400b27
c4b5ed95
59e953d6
01e6e9ff
47f595f3
5c3a6596
019d1792
ce8fc285
ed3044aa
510bb978
e2b1e72a
14cdc800
147e4226
5b676b5b
77865bfd
23cd15a1
ae57d6bd
c48bc35d
20e7988d
ad3c7fb6
7b9f74b3
342298d7
8031222b
2af61231
feb88b49
15ea4881
c3b2997c
83377772
d6f9325e
e6e3cae7
6853c238
128d8c72
c3702393
27462252
828e6954
bb3d1e46
064f95bc
6bf597c0
f8b29386
f282da07
918fb226
9ea379a3
c37b4c68
f4353b73
3835291e
3fc25535
d9fd3f67
bc2ded8f
321da561
50890119
65e930cc
3de2b7b4
099445fe
a453680b
e31ff8e2
9c756a83
15875031
0fa0f1d1
22c1fa9c
afdcfef5
304a9874
0bc11316
1ddb3f27
3dc3a538
65f4b0ca
8e5caebc
6aef4c59
efe1908b
63e35013
35c7a883
da22b5e8
1f618747
dea760e3
65d82e7e
62ec10d5
fe2ed56e
b4e3e2cf
dff6b4d2
24f2fce4
16a66b33
a3ccbcb3
bf02155e
489cdaca
ab7b9628
ee61a417
868605a6
806e315f
8efbbddd
d14c4edd
4a6f9056
b4c480e4
bfda4388
02cc33fd
12c9e524
e3c33052
3cef6476
dc584486
4dd532a2
9ba1eb22
7e7af040
2e2eef59
8b7361db
0e463d9f
f74295c5
1ab68038
9c8d4960
818b25b0
4297b2ee
2d8f39eb
9cf5aaf2
1cd43ac7
ea1e7721
bbb2eedc
2b4aa0e8
95a47723
73434ae3
59fbda6c
747f2dd7
a9752395
adf727d6
68b5a950
6e67347f
95fa916b
3d25c280
2bc5877a
fe7bd70f
17d4dd02
02efbc38
5870170c
08a6f2c4
093d2edb
30250da8
a398e960
6822717a
e7a96dfc
88c79617
3aac29b5
4cc01978
b208ef6f
534e4b3d
df1d6309
1cf32c57
5647ed8b
d52dd670
939fd1a1
5cd36bf4
04139762
a9026fbd
7a420527
6639f2d4
54088245
cc400cc5
76c18f09
a3311fb9
9809849a
bbc88a37
fb49d170
ed9189a3
481579d1
02ca6286
9dca3cab
91b90104
82a2e0c8
09ca7d35
8bf33e63
6bda27fc
cb93bdae
38e2541d
3e58688d
5a73f409
baaa0870
8f2ac1e2
35cba749
65765cd8
734c7e6e
6cb9c5ee
d481d26c
3748844a
dffb22ea
cf61d819
7832c728
3a2d3f23
24eb2927
7832d1c0
6352d865
3392ed0a
a840d873
da92db54
befb6ea8
b6eee0df
34538105
ca1364bc
7612483e
dda76134
01bec774
f355505c
72816293
84b692ba
8adec08a
0b3a944d
6fd00a14
bcc516fd
dd4d87f0
dbc59409
41d495cb
bede13dd
e8143c6f
9ca49fc3
e4c3f5cd
d53906f0
4908fc63
86125301
4230b238
da849863
78934847
22efb1ca
4e05ef81
8d43791b
ae6d6d4b
7b459989
c6ef6bd3
5936dd39
d0a63251
cb6f3dc7
b62ebe2c
5c8ad5f9
c08b2a83
1eb815ae
9db6aea8
4412d9b9
fb9b334b
23b1abf2
cf33f235
9fd45b6f
838f9753
5ddc33c1
af2bbc73
cc13b401
e8eae048
2894fd19
51c756c2
d8f622ed
89da1bb8
9f02a32e
a787d53d
f92b2e0d
01b2cf78
53e18996
38bc671f
3fa47b30
a8864971
54a36d05
1979e104
8e7706a8
bae40ed9
5cd95b86
829daa12
cc21ce5d
48a881a8
4b281126
689241a0
346c6f93
8a5438dc
a4b8711b
f9f3ce96
84089e46
6fc2a166
4621eeb1
05099a0a
ff50e4ee
9a67f408
f83e091b
1ab3c735
28ff95ff
9243033f
b6b7df8d
e58d7cee
0803a526
e84c35d5
b022f76e
37274129
3f43dba8
c2e9cfd3
9969991a
e31b0bdf
ce75f70f
6211c7e5
074418f3
0f1d611e
c4e0e0a1
c66137bb
f252d9f0
84fd2586
29f341a0
792b4923
11eb05a4
5aa81c6b
7d8f4fd9
1af09983
31df5103
a414c37c
b310f561
1a2cf45f
104d978c
f5349c92
b27b17e1
c06cabe2
f708ec2a
bb36f4ec
d0c38119
bcfedc49
898e31b2
b8b29bae
9322e7ed
343b2042
565a433b
d998a885
5d85b6e1
80658aed
163e7c51
ef3221eb
caed99ec
43d48584
bfe9eaf6
d45a1e0d
64e54dc0
66f846ae
ab9b86b8
b2d188de
fa8b2e5b
77403e9b
62ffbc92
38db72a4
8774e583
63558441
a864784f
cadcf4d9
dcb821ba
c96eb25d
fb86a42f
cf69266e
9f36e43c
3599f964
5c1afbfe
6fc273cc
16c78131
3adb9a61
7b644bea
b1372e26
ca8b4fbf
cce33e21
cfce3df2
067f408a
23a0801d
47c4004c
3e7196ea
9936c73c
7bfd9d54
c2b8569f
c51187ea
487b1e9c
5eb9e248
3ceab530
23dc82d6
c34579b5
e20e1e0c
183e538b
9ba40f2c
5271c38c
2a0ea70c
2304571b
950b1ee8
2c1ad5e3
a27758b0
654efc00
e31a8d87
e7ecae92
35e4262d
951a091d
5301a321
8bd3a2f3
0e3a1b95
e45b3b11
e4120b2d
0b88cb56
4ea246c7
c92e1aba
4552af46
07f6847b
38487727
e33d0251
2d977eaa
8a09aeeb
4546b121
ff39ca90
0b1e9d05
cf747a1a
46d45a21
7f9381c9
fafe659c
fff229fa
e36ba71c
6685f7d8
d7ade707
02eb6681
a955421c
23ce9077
c9c11a77
bb7e6930
bd52119c
135c2bac
5315f7b8
51b2a869
934eccf6
10d51a5e
c04ef1b1
d1630f2d
a0581aae
c2bcee28
b041f314
4a45b4a5
66fc336d
f2ad8785
09fdd3cb
c319ab29
39e2f2f7
90380409
8794e6f5
72032150
d30c62c4
b5cd60ae
22cd2402
4fe9c3a4
8432752a
987d5c41
4d59d2db
9753a21a
8102e1d2
7a21268e
80e9f736
7fe26e11
762ab721
391e6f86
69346bd1
6d890736
e093d1a1
ce5022b2
8ac6f191
ca6b868b
ededc116
ec2a55d1
7494f5b9
ae57b5a8
44b1a2f9
6d39eb4e
5a506fa6
a3340af4
6f39e3e1
3bf8a223
d8266a5d
b8d5dd8b
6ff33b19
1a93f571
e3810a8f
98c1f707
6209c6f7
0036781c
29866f46
69b57351
3c39277e
020b89b5
149f154b
30f7c450
c7c9adae
bdfe8690
c8bab0c6
4ae5cd77
9a21ce92
dd88320b
a2eec20f
2f4cf458
89323bdb
076ea31f
b2a879b9
0e7fe9b6
9a635252
f5042286
5bcf9fac
af733d91
d0ee47d1
1a9910bb
2943f37c
b2a745aa
18573cc3
062b47a4
b521e9ab
8a8d7981
921420bf
d67abc7e
bf52ac04
b09974cd
5e13e26d
69943b02
30758378
8342add5
09f4b389
6f3e552b
16f79b26
57f6140f
3b806834
e6589d97
48aaeb22
ac1a9965
19fe993e
91feb612
a0a6640c
e8dd91ff
06a9cd4e
df024b0e
5a1bc7df
7ee6e34f
f3651308
71834aca
039ad247
6391cb6e
0578e410
26a7f54d
d9c9100a
82cd902e
29c1410a
3de03eba
7cdb1781
db4c2a14
9fde2773
3d3d378b
e24f57cd
1e688156
c60a8897
741c407b
7e789032
e3a227ad
4dad54c6
01890cdc
22410675
537b4172
51f687d8
a0b52c9e
a1fb2fad
45d358ea
f70ffe2d
11811348
4ee95d3c
cc931cfb
4e8944dd
a4482d54
9dbd4905
a7239a2b
58b49318
90293813
524b7346
b85607b7
6cbba707
13322e6a
8917e7b5
c9ced5e5
7d3df7dc
bb04d1df
06db0940
99946d99
90cfb6ca
a4ce7de1
053f6358
c3d6e9b2
c2f47e82
e9a71a10
5646f322
8c7c1153
c498b978
a54dc4c3
a760ef09
eab3db69
aa08c346
fe6b14b6
034ec3c8
bdc26433
d9cbeeb1
27ae0b5f
3e769f9d
5d2c62bf
fe06aa42
42910345
3dcbd519
aa72030d
a8691684
dd83a8d8
bb876e14
9efd63f6
62f4ec57
10b00ee8
3ccdcd9e
2ab7ab01
252b79aa
09dd8805
a373f90b
560c1362
58671312
faa4cc10
07f94de3
e6e262e1
fd7ce07e
4f110827
acae3a8d
140a4132
d9a9cba4
fb7a428a
d64038ff
faa9ba50
71984881
6982cc65
31c0f822
f6514740
099c2b9c
1112508b
3b60bc4a
b1d4adfe
a90486ab
03eeb223
60fda636
535a894b
4c0ee632
89d52496
85b9b495
d642ed00
f7b7b6d1
2cdf5a87
3674f140
a3c808ae
f96ea1c0
87805a0b
14eef10b
933179ec
3d985aaa
ef6d384c
44f713be
76909f3e
cb9add25
97f8927a
33458481
f969480b
dd6047df
66e26f52
4a0f6016
67b39110
a7a2e0d8
8c8a3d84
ac61db39
77d0a7fa
06d51bcd
1031ca7b
06a96644
665f9df4
29cbb784
b8581b39
dcd3b266
f97bc209
a66ef014
75e5c862
51d42cd6
5d9e58d1
460241f3
c9b8fb4d
0cf73485
a69bd776
52da50cc
00b8490d
3aa455e1
b31d904d
23922827
b44996ec
541ee166
8e7eca9f
b28d2029
c78966cd
8146dfc5
0d7401da
24afe8dd
ef30a4e7
8e2b1f11
54e07755
1b55b050
06a3391f
519dd23f
9092bd92
23335e42
579c7ddf
dcd9c84c
5fd76e24
f065528d
1caf2d77
d9378f17
327a14dd
6cd0190d
91c05055
e29d0bb0
3e8e62e5
a885ca0c
294c1f2e
ff98c53a
00c12205
b4b398e5
32443d72
08aed767
9a099686
b3f95faa
9986262c
f532992d
64fa2ee6
05f930d5
5f93a5a4
4fc136d7
4a67a91a
57d261b8
6748e50a
06da873e
9190e820
1e01632a
7ee37918
29ce4ef8
e236e0f0
fb370364
702a57e9
603a3ac2
cb2f4713
5a6be855
cb4a2745
7bfad214
16b01bc8
aceb34ac
85a4e3f3
228b6cde
ad01e196
b75e48ef
b6316e0e
e5ec9d36
bf06a473
1a96c757
8df48b49
8f2905e7
5d23f78d
599a8ae4
1007de67
92a23bc2
6e9834cf
683df92f
341626c3
e909ea24
5ded0042
4142e8b0
96c835da
9e148183
cab834b1
49e02666
e8b4def0
1e360fe5
2692c000
accd1669
ce061c49
bc686b4e
913f8a0e
6fb13c11
4e543908
e7deebf2
6eb662e2
ffa40177
8ed108f2
562cfdb5
fadd1678
5a557451
6f3ae9fe
72a32f7c
fed83f9a
dc4b62ef
b2cd8664
4221ebe4
94f7dd0a
8583fe81
b027d6a8
14ac89f1
37cf8c38
0f550c9c
761da41f
915a8f50
d6ad0e08
9aea827e
9e01c2ac
6cd62146
b7281219
18067d2c
23d1495d
55a76820
acc5ba51
6a7d6556
1c2f019d
7f872df3
dd191d0f
29a8c833
2578bce4
6e609756
edc74b73
918c0dc7
16a85e7d
b199e90e
1bb58512
c9e583b9
4bc17170
d8073367
f3124612
c1db24ba
0ccaf59c
1d52c8a0
cc9bbae3
c3376700
d5396d8b
e986482f
30f4b5ae
6e65f74e
c107be08
ee12080b
4d74cfc2
45105504
b9aea95c
fc26fcde
54188d00
f2ad545c
5cf9f1af
3b4839e9
b2d5fdb3
a110fb42
71646bbe
7e696357
1276e096
02ecb324
05875560
0a4f7c55
5d707857
1d2c9c2a
5b9af4be
a4abf138
8b1f13be
4474064a
5319a694
9ea9bb51
91ba39b0
07060c36
169541b6
6ad80207
39823e2b
b6ab4008
0befc4fd
9d73b5e5
92236042
3b40b5b7
933e2acc
9a97be1f
c7d97e15
eb6ee918
fff3b5fe
a0ca1a58
93ac1898
075d0827
6d6eda6b
725fce3a
f881b536
0ac55685
a2a1776f
05d6f869
81ad1584
40ad054a
e0829c48
d2737c6d
022ed0d2
deab65c8
f055a4e1
ddfd7625
14041899
75f91152
adbc2ddb
28ec62d8
325120e3
dfe43365
689f4b81
bc0a45b6
632302e8
6cbe69b7
9093f713
204de54b
007dac19
0a240a26
e7717d56
d3a0fe5b
4114f5ae
2b8a15be
4e81c520
b29a3872
471455b8
79c55e49
938efeaf
c73c28c2
06ad73d0
b233d0db
cd324d2f
166a03e4
94c3b50f
ae26a3fe
31728492
5dfe7822
cdb45abf
9a90a00e
5cb5cf86
4dead9a4
cd140bab
c048fefb
2d69d730
e6744217
a8e4348c
e0c1d576
97807061
a80f8847
79efdc44
ce84b397
4639826c
b8f31396
8ab66416
80a4668c
82c9f676
3cea66d5
762f276d
ca9b0f8c
c6319d19
47ca3dd0
0e7780e8
3335047d
e4e759a0
f5b89769
0ded5ca3
69549c7f
a1bb2352
7ff136fa
7ce517cd
1d87c0a3
57e99f2a
e59148ac
5c11732e
3ce5c894
3b16478f
8f1c11fc
a9517acd
471ba0e9
53d5b42a
4f4056c2
f69eb5ce
24cbde7d
bf8e6e1f
3bfb5019
6ef34445
c9070878
290b93fc
35f3f686
2f4171f7
2e8db848
a91a65ca
51c9b47b
8f9a1cd8
4c2e21d8
8ab9df92
983321d7
7d3e45b3
04879197
2014536d
e54d6c71
50ae6a10
2068b826
dae01190
c29dc2d9
221d28fa
6747441b
77481cd9
eeb3d0b0
0016c6a2
c09fb2a3
efb2f106
83df502f
528a1c82
3250d5ef
354912b9
f4d91ff6
33d138c5
8dfbc681
50581e94
22dc5d71
873710c8
c0ea69bf
36642571
eb81de94
da35e11d
a4d830d6
fa969757
27f00e49
e11e97f5
4fe5eea5
b417c01d
ce9c84f7
9e4b3536
e55ca140
5fe7a6ba
cd26d762
ee990c67
2da4f64d
deccf09b
5b29ae74
b20439e7
9220ac1b
73d2768a
9d66296b
5127cc8e
be7d4275
d04ec4ec
12bb5025
6f46433a
430b45ea
5d741611
297d608a
28e025bc
a6a1c177
4f62a830
56f00542
9d55a3ae
0d2e90fe
3916d3a6
8f2e20f7
2d2c488f
2382a8b1
a402cc9b
4fab9833
a9112ac5
057050c1
e26699d5
1ad80e1b
78771156
d1ee1378
63a24db8
68be4ef2
8d6b9602
0ade9337
cfbbf20b
8ea39436
78806ea4
dfce55ce
bb8471d5
8267aa4a
92f4ea7d
f8d2f9a0
5b33e033
c187e689
978ddc62
ac30c622
2a6f5758
d002d45a
dbb3f2de
18e4656a
1d64868e
3b150ad4
d3b73993
a42d39f1
61701778
107bf057
a055ca8f
3980e7ad
8bdff7f7
d1048187
67bc62bd
969d5e48
97dc5ca2
954a4246
7d5f7427
e8a0648a
621b84d2
42b87fd2
e5013713
bf85eaa2
58e4d28a
940b89d0
430e9248
b9bc878b
00f3968d
3663fc1c
75eb456c
b59fb22f
38940b82
8566f970
13525ed4
4996a090
2d192412
3af77b3f
678ecf17
73e27401
912b1cb0
a511d82e
5c9eb3a4
d7a4acf1
056f106c
0b3e987d
de1bd8c5
056662c4
eeee4d3b
ce6eed7f
6be1977f
78c524f8
57131075
96a8f59b
8b61e356
566462b3
9c7f9aea
8b7f421b
04be6325
d38e4e48
52af2e0b
5aaca23c
1383ec69
afd196ae
3d871dac
186ca415
11260e22
cca6ec33
353010c3
d22501b7
3068cf7e
19646c1d
08174bae
cd3d98ff
ba6aba2e
48ce9b99
ec033ea7
f124f2cc
80d5eb32
8bc5088b
705bc1c1
041f5bf0
0344a440
6e511b66
ea8242f8
f97f6156
bfe0d47c
088fdfab
9c2204d6
4badfbca
6e4cf5a0
efe9365c
ed788b6d
7ebff987
b0647140
f7c1a2a6
b1356eec
81f4f398
ef78773b
d2739974
8af4729a
904129e9
1af639b7
65d65db7
627dba67
73172f1f
486408c5
e6e5431b
9e468f58
ba18b94e
0b14d516
a77de46d
65f97b35
1960313a
f7a8adb9
a1e06a76
39717801
d85b3419
65d125d5
6c1f0960
2b5ab0d9
d5746159
72b2d336
3254ecdc
56285c5b
e9c143ca
f6b401d6
a751a8b1
dabff3d2
bc7197b0
5e7dce93
125475c4
017bcdf2
60738390
1030f990
ef5d3c31
53bc33dc
6d3cfedf
ae0b922c
5581fd6b
2fb9a7dd
730345fc
6c25cc62
60953076
15e9f45b
4732bcaa
04596bd9
0d69b648
4fb5d898
6072fbab
dff70128
c591c6e1
54fe90a7
5bac4992
81527b7d
098a3003
bec48f06
cbaf4a14
7f56b722
9fe6dc9b
cac64a81
715b020a
32531a67
72e58fe8
a00522e4
8f6db9c8
32c019a2
0f7c6a58
c4d24323
1a7aca78
258897a2
d8e54f9c
53c815f7
7fad74cc
f7a71696
bbce59ac
6f87dbf1
0bcf802d
8281e4c8
7d0fc344
29873f17
02d2bc85
fd04f2a4
0958228c
ac3d2508
1b180986
5f3056d2
e8adb8c7
a91b94bd
aa07761b
dc42bb59
ee12076d
7101f252
a6392b17
e82addfa
c12d4230
4405a625
e8eeb6e5
f873367c
4923dd62
637f0085
ee93c772
59c445cc
fec80332
2b69b0c5
b352d1dd
c449a849
d95eedc9
981e38fa
bf2bb83a
cdbf19ac
ffdb53c9
21e51a18
d66d322b
75252ddf
c34a1790
b6b2becc
cc028159
191406ed
a0f4ab29
87a3adc1
b1656d4c
8550866a
262c1824
00319cb0
47572903
ec941f38
811638a1
86454fa0
d99a5778
fdd6c682
85d41421
ed56c6a9
85fc7168
71ffe480
209be4d7
dc247037
16759de6
1ce8ef42
21155782
f74f1c70
8ce3d410
3a544b20
d53245b8
2d24643a
95cde98b
376f2355
b3b8b037
127e5fe8
e9e55609
27aea4fb
95061103
b3ed0890
4d1f3c0f
f94fa140
a1935993
9e8ac4a3
05c6322c
b3f9ae4d
4039e7f5
e4284b56
451d4317
428560a8
3c92ebe0
5c35b9f7
8a6ea232
9b3169e6
77b3aee0
4f9a5537
a2aa4289
b599e974
9e5288cf
262ae22a
379c7cbd
b97b97b8
ba12bdbe
590466ec
6ee80c00
826f4d34
12f6e2d0
1b3c3546
2f03ca0c
9e0e448d
85663782
315c9f69
f48c2811
40482a16
e453daf3
7eb35bd5
acf7d711
94ae5f7b
b7630bbb
14941691
5e89cbf2
9900b929
4a9e195b
bf128da1
3a7d84b2
d79bb927
b75e2678
01b2e9b0
cc1c39b2
2e61d8c7
ba5f7d1b
ea7acb45
d1546b4c
db856f12
ba859001
18333c23
895b1cf8
b2495ada
bb589c33
b30ba3dc
29784ce4
3c7f4e56
6309750c
f8b2a8d8
18963f8c
339dd7df
a5a81eec
68cc7716
23f64421
85302298
ad0f2709
742a5c3e
ca1dfee8
cdd84508
6a5dd134
df1c1829
df3bd285
080f2630
75e35ad4
c9836488
0754f621
ab83c7c9
bc2b40f4
5280f72e
c0c7329c
f4009b16
0b273c47
795ae810
af47bdbc
46f22944
788fbd89
68e598d6
a4199009
55079ba5
681e7b1c
48c8bce2
b5ceba48
3276ea6b
08444336
847aa7c7
c0c7df46
5ecf58f1
0ff56139
d9900ad0
c186b015
e7076137
6f111047
ee230fab
75132040
327e316d
7e2e83c4
649cc90f
4a17adf1
4a939685
30267e24
03b2bb75
cf5a127b
2fb3aad1
07dd5305
1a091ebb
021228d4
a619e150
dc462569
058a2a9c
5be8d4f0
6fa87d2b
61a8888d
679b0af1
de601bf3
7edcbafc
d9ea899d
93f4d3d1
385015d6
67b3dcc3
995de816
afb87d19
a37aaf94
2782ced0
b546ce7c
fda67f38
7a6da518
17168d9f
1204d76d
95cf5039
86c1b47d
b987c71a
6df052a8
93094e3a
e30438fd
e76ef4f0
07ede908
e35a39ae
299ad8b9
2335fe1f
023c5ce4
bdb39eb4
02ca4946
37b73a57
cf4bf709
84fb745c
a460ade4
8a52d44a
cba478c7
d32be9b9
6d8f4857
1438a8b5
24ef0c62
6906f4b3
4589201b
50c46b1e
695f7c6d
5c817f84
1d4901bc
92ad7f63
956139a3
f8f511a9
02c385e9
3dad0616
309e9c81
82d76dc6
829cd451
1ac9f31a
b1fe88af
7d80439a
cb941503
6fbe62b9
decb7aed
8346c6e6
28df4e4b
e3df96c0
31f45623
dd3d1cdb
aa6e3288
ebdf9677
3b3e251f
0c2ae0f1
56a9f58b
6b0c9167
dd21b317
8327f076
d808d2a2
89c2820c
e9eeb76d
df62156c
2434aaeb
9c5bd9bf
0ae50b29
db8fa3c9
d1241272
3e250327
56742ce7
aefc0773
ec5c7f3a
14dad207
9dd8bc0a
c16e9de6
4898c56f
5694a3d5
9f2236e2
e63d59bd
ec513838
a19deff3
9013b982
0352c873
11cc2efd
166b5a74
d9997826
2525ae68
8df4259c
21b386df
7c61830b
cc18646b
d239e001
290f54bd
b08a3b51
0bec7481
2afed1df
e86c7e1d
9252548a
c0ac658b
cfb95325
5e6db8ab
c66d2ef7
15cc1aee
44a3a566
31e0d141
52d47005
4643738f
2e627556
79d82372
cb7de889
bbf2845f
845b2d83
dc8c93b6
91b4edab
8c30fecb
eed330df
91da03db
e5806a6b
f162bfad
747ed026
6132a47b
82060a05
2b97ff66
5b11fe3b
fe032650
c3e40db4
08073f3d
13fdf16d
17d0f725
2fbe245f
8d838965
6945b172
32184627
614bd269
7bd902aa
2a0182ec
51ddf782
0a95c294
ea246517
b6507cd4
809ea611
dfc92bdf
ace46646
25ba7c50
2c396048
063c6a50
e5b3d28b
63bd523a
f6b4ae27
0d7f8c7f
62f252e7
3d7a70b0
1ee569c6
c863f528
6e13672b
5c36cc50
322d5f4e
a15ea62c
c6f880c1
0af9bd91
943be5b4
f92f2fb2
87f55a1e
ba6704e5
058aba98
09ebed74
fcefbd96
60f27f38
cdb87ef2
8eada7e1
7062c3e9
2be10b26
5a3c02e4
967d1554
ae2668df
048a9161
8275dc72
068b916f
e06f2cbc
baed6640
d288c712
8736a6c7
2e238930
bfb170f2
a4407c85
d1c1a4cd
4e56ba41
bac40f0e
5f9f811c
58368e82
b537c451
fa05936f
4562bc3b
4e5f7c69
9b939c80
e87ef8a1
da32a194
4e0cb414
c9455233
036375f2
d67d609c
37b568cb
cf24f63d
6d8ca74c
d5ce243e
38747fda
4663e7bd
681f0417
9b29ab79
669d571a
43b05585
691af1a5
d2e70c72
5e43ed06
5f84a217
b302d974
eda98122
6c385364
acc8e98e
8ed75f32
c31498ea
5137ed2e
3edd1787
199a8bb1
557d7727
88a4b78b
d4eecc81
a2a3adfe
349cc870
1fc14999
e8bc2ee0
c1631250
c6013b44
cc50b5f0
8735c867
f91fd81b
418b9bb5
6d597bab
07ab6d1d
2b17fb39
5a669121
801c5500
5d365b9e
5effc73c
651a9230
dccdba5e
1b4fbc3d
75c52179
eca7580c
f37da03f
a83613c2
2382ba45
ed8e2420
084c2405
15548e03
16012569
672f9bdf
1ed20f55
b82899e9
c9a86003
70a43837
03f6df26
da5c16cf
483e8b2d
b2379780
58314b83
59637743
c6ea9c46
3920c817
246538c6
ecca9678
7ebce63a
ad0137e7
f44fd139
c37637ad
b5f138ec
cf72c2da
7210e08e
ae23e64e
8fa3a85b
afbe14ef
c95b8dbe
a56e28c8
6e940693
268427b0
ec3ca7a9
61fec26d
8fd4e834
489e4afd
b9f4e9bd
bca8205c
acdc7dad
4e504f39
b15ed0a2
021e05e7
96f21276
432bbd28
a55a4a8f
6d704dca
fdeeca6e
b0c01fdf
d44f6e02
08696a65
819ec617
72dd5d99
f4ac34ee
34087336
77bb6e21
559720de
801bbb18
1860d424
5e6eff96
b2139458
d3867694
b7cbfffe
cebf2764
6025fbed
345ebc61
998f5c88
31d2d567
04be1bd8
3f6a7f7a
6025e038
58734b09
135c0380
f6a508d6
a0438229
d0df8f6a
07692193
483157fe
3b1a75b9
c000828f
da705e47
e6a205fb
65bbe855
0e99c5ad
f3a3a9db
5589d877
be66e9b4
095b5b9c
2735bb88
98da86ea
c8f3ffc9
565a0dcc
eb93419d
f7b4a9ed
33ae2d89
35f1a646
2615bd9a
a5701c69
79508df7
75256980
dab5b4ca
e9b4995c
297ba673
eb08fd89
638d5d75
cc50b5e4
87674ad2
a99a844c
db7c6065
b96d907d
67248c4c
2303945a
60976f5e
22e1d5e0
13e6e00e
330fb85d
448b31bf
7524dcc1
392df87f
426936ae
f3245af0
7736bf6d
bbb2af00
2409dd09
eab6a97d
ccbbc091
219ee265
4795ad0c
b4bed6d6
a2e01d64
88d57582
eac1f0b0
4e24c1bb
146a9cf2
b96b1e08
8fe418fd
938c6e80
d5d0546e
34e283c0
f7cc802d
9eeb6ae9
85705572
7414013d
7248bfa4
d23da23a
a920f1e7
54950749
7bf7f397
352f7bf5
90676d7d
c4d680b9
8cf4f1f9
4bb0cb1c
08bf2cd5
499ab2a7
e605f540
4d16fbd6
dfe22ee0
ddf21c1f
5047d7c7
fd533198
f76ff928
01155cad
fa95944d
4b9e1823
9bddb1ae
90e48c1a
2d9e5989
334e511e
d4d058a8
2763de0a
c8f4bb3b
aded6ab2
17de770f
fec08990
11ad3349
4f4d5dcb
7a7db991
64b019f6
9653ac11
99ee42d9
671c0a63
2c53302b
0098d500
5d23db9c
ec595e34
3468029b
b3546846
f5ca5a68
6e67a04b
d7bf22fc
4ff7da8c
20661b3f
8330dd5f
8bf55352
127f703d
736d6e21
0b8d0fd5
e488a72e
fdcefc18
6bf04afe
3758ce89
ffb6c06d
d0d505b0
7c048da1
5babb459
8930dbe9
dbfbeb2f
75555460
24fe4a0c
5a4826b3
8d53567c
140813f2
d8bd41e9
608b6c89
ae530a84
2f7e4da5
3f9946c0
ff68e160
8bd68882
021a59c1
6d69f750
23f80cb1
6fa98d46
9e2d2a86
54c31038
ee45601a
0a862619
06e9465b
ea64180a
45c8fbb8
0d450a07
2cb23ca5
0ff38ff6
bfa36ef0
9dddfe0e
6199cf00
574584bc
1d9c9df5
4a6d2664
3a9bf7b4
c9c7e5c2
9a8850dd
82e4aa14
e3621927
a8938984
edcfcff5
921dd84d
0b99f427
96bcdb89
b472508f
321a387e
d7ad9c74
e046e2c5
bfd5c58a
ebf44138
19bd6af1
28810080
1ab19dc8
0819a0cc
bc07e74c
5d26a05b
ac9d1d6d
e927e455
a0049ee3
48c406ef
cb29de83
efc1191f
50b172ae
a275365c
93683463
2967ccb1
cec11de9
42f521b7
3eb5e816
f55a506d
55a25706
f7118c47
15b8ee6b
06c4c071
479f4d94
6b9ecac2
ea1ca781
a37ba617
209c94ab
f33c184f
768dcaf5
35b2ae9c
6c42cb2c
91cd665f
9dd5835c
9a7ca5e3
d6d892e3
54168481
145a3e82
22c0bfa7
93bce29d
f207e82a
ef575acb
85c9214c
9dfec63c
e215f0a0
dc3a0aa0
30a6c6f7
e7720bab
66e02da8
09f69c42
95a89edd
481cc164
d63506fc
abbd0ca9
4f2d1e1d
7137c52a
bbcafd83
6b27187e
8d3b112a
0cdaf205
01d51248
d0143346
99e7d778
0214397c
224487c1
e5232d7f
911d2a19
bf9c16f6
951bc2b7
44e7d631
7a148d01
9d2fc3bb
ce4ab3f7
9eb7e24d
3d301572
cc571d1d
d161f607
1b8d5b37
ad978b02
c20b4a59
c347c0d9
50c35397
6c84772f
ae5d25ff
56bad14e
9ef1f7e7
a1a5bbc1
cd6f854f
85090e2c
3d57550a
2939a0d1
b9524640
c2ddef2d
98366691
c869f083
39449c5f
f32a0e38
ef47be8e
0a582a65
ed85300f
3b1a4c6d
206d71e6
446f2f0e
905946e9
a8036fcb
7ab7cbf6
fae00852
86ac8147
c6092aa5
88e29a6b
ae5d603c
4906c331
bd75dba1
c63eec81
6e76eb96
d38a3094
2687b158
c537f8ce
7fea9ef9
aa80b483
3e01dbeb
aaeb93f5
ca3ea85f
f99dbf65
805633fd
831fadc9
a27065da
77a5255f
b2db37d8
502be4c8
baeca0b1
f1a86e4c
70539ffc
762fdb6a
251964ab
380c0dcd
8f0bd3f7
5bdc60ed
2ff4caad
62870e5d
ead1109b
d0808bba
ff02c361
4ab8aa16
a0b2f88b
0bdf0c1a
a1db1fb4
87922ae2
9b0f7b25
f917c310
2fcdb6ea
bb07f622
fdb10ca3
58855491
b0f6beda
829464cc
cfb19a8a
60f43bba
17e2071b
b728dffb
362adb90
c6454abc
8d4d5b95
e1c2f9ca
61873057
763fe1b1
cb391215
c60313a8
2abe73f3
7ccc53f3
20fb5dea
23813169
b02e645f
e812fbad
5b8703de
c46f5a20
ca42fb15
31222125
d5d1cf66
6b925678
0af59c16
9797150d
d3e77d56
b5f9cd70
06a6e03b
8e9c400b
d5394be5
74f72d27
bb23344e
68f9c9fb
6916a218
17ea6af2
0c34f2a8
de56c898
effcac7a
3409f923
6e9e0a15
5443429b
be17aef3
32f489f7
da8d3a52
c52fd291
d0c048cf
e2e14043
97c1e3d7
dcd1974a
292caa96
33b8a189
d6bbdbed
15038cce
f7d5aee3
03341307
abc2c60d
9360ee0c
5a8402dc
812219d3
811b033f
ceeee3a1
41c3976c
56efd19b
37401955
b93ecf60
7a8d1e29
f042032d
b4d89cfe
4fa6e4fd
f418a141
e62eda79
915d7de9
e2e811b9
fb377b16
9ee396bc
6ab87466
e2a449fc
18e47a11
63642982
2cd74fa8
61678a19
94b8a36b
9a65e321
e63bd401
0bccf1dc
2b105fc7
3dfd59d3
4e2924b0
3d5d2c0f
834c8c41
4a500143
0570cb9f
9c67965e
bb204008
d7022a98
d87d15b0
23ae3275
59fcf025
38fe48f9
cdc31129
532abd9a
97a60516
b7993c14
93657739
8dcb76f8
8194e932
8ae64a0b
374670d8
d2fc82b6
17e61f83
56d4a488
8afd70ea
b8e471da
ed3a7c15
f5a92469
f5a9f39b
b08438b6
c5ce8c9f
9ff1b091
959b4860
6e71f34b
530fd3a7
8617845a
a5031d94
108e274c
589e629f
0d74d7d9
66783fde
51fa2cff
98dd1f6d
5d24fc55
97699d42
3cf06b62
021a462c
11238b23
68bcbb00
0444592e
635a0d5e
7cca58e6
cd06e2ad
3b3a0a84
373c4191
5ec9fcd6
4b32839f
736ca9df
2cb06474
27e0790b
30e0a00b
b8db9d1b
a46b8c47
6983d076
622e2fb0
5cd7f7dc
e7a8ff8a
f361b766
742fa1a0
8367d40d
452f573e
56d0db9a
f9d4142b
117879e3
d6c6cee1
ec47c4ec
8f939ea1
74bfd0c2
5a5d25b1
23842244
5e52c5e2
db3e5435
26a761c9
995ab446
3590664f
126ac683
1deaf81e
1fca342a
70a4492d
c9b3284d
3be11c10
14011401
e6a4c761
b753d0e5
64adde02
32d3c734
0c9927ee
24fa885c
cbd76624
c56d400d
c0f601db
1961561d
47ff164c
03ee5e37
cd339e43
618f86fe
bb51c496
fbabeb97
5df0579b
b7609f5a
35fa2eff
749b2b4d
2fa2f534
518dfb76
328acce7
09d534ec
46548a48
34a1d906
ffa2c606
4b28e357
bf073636
61fa8016
0ef345aa
ae80e7a9
fcc64cf3
9e5efdbf
7cce942b
673fc2ce
73afe2dd
7174a1c7
4cca5f41
e36de6d0
a94ee86b
fc35fb0a
29c7cea0
d2677389
bedffdc2
6d943351
9432b36e
89bd5a61
7cdc0839
46b18c54
905dcee9
199fbf09
21a3eef6
d3dd19c8
6c6016fa
b9535505
ad80037c
101564eb
2d830f4f
c133e63a
036be0c0
91083059
776820d8
1d103541
6cbb0b3d
b64917b3
0358806c
79f43106
0545536c
4a381bf8
61a0d43b
1fd6bca8
c038c9a9
f8bd20cf
c8393d3d
1c43b4b2
306dfad8
69e11523
23ef40a1
b49baedc
e94981fc
f7bbc5a7
6ee32620
4ec34553
eb4ffa87
97fd0188
ce4f57ae
b3ea3b93
679c1a3f
7faa8212
d2f26926
650a3f6d
7e164dde
42171708
be3ea913
08836f3d
c9fb4c6f
aea976d4
8e056b4d
4ef7859b
76d3ed99
6779cd09
85c08ec5
1714fde9
9d9aae1d
c3742c11
9833c22a
eea8b031
ed7360a6
ad9be2b5
e8686033
69a03284
91e02afc
0343f4c3
c6aeefee
71376aa7
101b5656
20e4ccfe
96115823
1fb9b389
10d86acd
adb945ad
2498424b
b6f7b043
5f01f7bc
5f3eafa7
d38b5282
82b2838f
8aa2572e
c8b916ad
a7f4b0fb
0c92c9ce
e0cf407b
10c4a77b
015b28ae
ed958ba9
c0f03ef9
22c0d0ae
22749444
af75cb7a
d54a8e97
179db7bb
8c3a66ce
dc9b115f
68a56ee7
6a44673b
32cdf92a
30f7041e
dee128a4
854f7e9e
390df1d0
61c1fb2b
8a323b59
6676c355
7d9bb73b
64e68225
20ed76f4
48458c4d
c04645cb
171b1734
ca48148a
d3ff2c26
f905147b
2ac16e7e
e6db12d9
148e63b9
c7dcd765
fb3b665d
69e13905
96f672c5
4d712cd2
75804c47
fd1ada23
6d83c88c
86da1a65
774dcd6e
12ed29de
4d00f495
21ddd6dc
fbc570bf
ef85f096
637413fd
c073ac78
0a622646
9bf2e373
3400f71d
768b0fec
f9a60eb7
366ea36f
a2657fae
bf8795a6
eb5d14df
711cd7bc
968f6b69
07aca598
f0e26ef7
1aa6dd49
e0fc240e
ebc71030
31e38ed0
470c774c
f557e47e
32dc32d2
24433ab1
21b25c5b
2d1821a7
0cb67311
98527d1b
29dfaa83
4d7b3c44
74868e9d
0ffafad7
44a66267
95b20452
723df70e
57567d60
87bc12bd
b89db948
f9236cd2
0395b74e
1af993f0
387771d3
1fe22455
367d95c1
1c7b03c3
fc68e582
fbc2682e
6e399aed
f1e69fbf
603cb857
11f25a4c
0dc51531
430f3280
0eb365cf
235c2d8a
7b4ae17c
cbcb2b0e
7bfd373b
7e5d0f76
29c7b54f
32a965f8
dcdb3493
f3683f57
64d607d6
21be2dc0
64cda7a3
d70c585f
dcf55ddc
9e92291b
ad95bca3
5a3be5c3
f6f146c2
1b045316
bdbdaf05
03fc6e4b
489c6371
5ab60008
cc5ee733
07a9628f
54ea7913
62ca8a17
428609b3
f5b5250b
7399dda1
4d96ef57
9ff4aa49
5d0c6df7
c6ee506e
909155ff
fff3f5e8
a8981caf
cab88c09
bc01f335
ce8552c6
ff69b5a8
f246f986
83b3c89d
aea2ac6d
9ec14eba
55dcf311
bc686f0e
80b70e8a
4da9b919
2bde2fdc
2a9ec10e
a5507271
c8def83e
ecff4992
bc6c65f4
2a8d4e3d
ea1f5c98
3007d79e
947a2e64
e76e115f
8df99c5d
703e0fe4
899837a5
62f6d273
afa52bcf
51451a81
b0bd32eb
caeb6afb
513f7d01
6d7f4b8e
05d7f8a9
a2961cc8
40eaa5af
9fb6bf80
4095efc3
50d3dfd5
4e042261
83448fe5
45bcf199
aa78379e
3dff9abb
1bbb200f
88e50592
22bd6699
43ae346e
2155691f
02af2ba4
1ca0d169
d733b7cf
988ae26a
5c3fc129
274cd7a4
0ab92678
e0b01923
911515c9
4629afff
0918b494
eecd5171
d8893300
23c0c2f4
4855b85b
148a5974
ab3a2266
01a42e7d
09124548
76d7d735
0a17148d
f85ed90e
4c9e1e91
66c35fd7
aa0e902b
797249ee
39bda8e9
18b91999
4aceafdc
79996886
c5b9da82
23d55b36
9ec8328f
8baa46a3
acb6a49c
7c86094e
085d64b9
3d88cd5c
a048b6ed
643cf947
9998fd6d
4096d097
ca0bc775
ee42fee7
82568328
1446ec11
f151b693
37f51f12
16f5b639
a66a0220
23e057d7
0a4ec81a
baf1d63c
86f4d2c7
892baeb1
6343e92f
d2a6c59c
48bd5256
bc0b868d
57925ce0
9dc40e07
9c98e0a5
910c1c83
4112cc6d
0b736462
981de43d
b7d09870
3f0789ff
0939d283
5e5ccdd7
3b2f8aa4
85169cb9
86b368d9
9eaf9cad
ca7b4c30
dc5ea40e
13336c41
a9d5109c
73143a9f
7cb3b73c
40d270d6
d7de41f2
e3e1ce42
9f158996
eacc8e25
1a0a6781
89b7f37c
8cd15a90
57e22371
620d5c57
f97cca14
67f13b6b
53131f85
2c975974
308eefa8
4208bbb5
fab8104a
ee94ae52
1084ac5d
24e6959a
3ce078b0
4d3a482b
83da6cb4
07ddf9d2
a41b5181
0b49c414
4aa0e3d1
8d87ff3c
3e68878c
fdbb08c0
08cb94b1
31ecba7f
72c22cee
dca11f61
16e55827
01dd3c37
6d2a6c5a
3486bd4a
86de177d
c20339c5
0242a058
9f78e4fc
ff0384ef
7c5a4720
a375f29f
b9e59d8c
40d70c66
8a2805ab
d9393c45
288d80bd
8bd7f2f0
c4b0ceb4
71a220e7
82659d38
09923ef9
87ea023f
321dbcc9
351f1f6b
08b09652
5521b68f
1dfc8997
150bd1f0
89892b2a
316b96dc
35b6d784
078224c7
20464c0a
d12865c9
6fb44b21
3cd31169
813ddcd6
6e473125
84197794
f79ffec1
00bc86a2
9d795c56
688b22cf
968a5066
4c593a85
0a3c4f21
f8ddf76d
803efad5
b3ead987
f393f0aa
3d583b49
7c11cc71
f666197e
9c71b89a
c737084b
e1f111d4
bab5f611
8a8d516a
34a0267a
3d80b7ed
44dd4833
56b0851e
847fa4f7
6cceec67
9908cc06
9181c402
893bc0c2
d55cf233
284c407e
a839dbbf
fa803118
68caa669
bcf4952a
e4698242
5014a212
4e868719
52d8ed4b
a144f493
c507e478
0897ef3c
5b72a504
f5967f4d
75878c32
04304872
aaffd34d
425d3bc6
4194a3d4
68276d43
3466bf04
934f9627
50e39aa2
554ea459
b97d53db
73c17158
e0a1aa0d
69ec7f5d
26f2279e
223b055e
108c66d6
168bf75d
646c0ecd
530e5ef7
82cea17f
8acc2bef
f9884ad7
ea88857e
bec035cd
b740f7d1
9eeae28c
95db79f1
a641b4e3
8b6e0d2d
13ba8148
31e7b0a1
398d9858
da5d7e7b
c7d6b2f2
2097bcf6
362bf932
68be2b34
16c746d8
3d9b0316
e2c450aa
72f5bc82
69d65830
f8d12258
4fd3ceb5
f6abc357
56ede2d7
bc59860c
1f904840
c590228c
f9f98fec
c889162e
a3d8c208
c8aa6744
0c1609c5
68f72512
06f14438
e0bc3363
bcdc616b
2ed23b73
5e319a0d
c3719a15
f65b038c
5373dbb9
289918db
7bcdde5a
c0d93579
28baae02
d220c75f
93a3057a
928ba37c
3a6e51ce
faaad545
a0468dc4
4e38925b
d2085022
d983f8a4
7472560f
e8c68396
2e3fa64c
843f2dd7
513a5fb5
4352a8b3
dedcb1b1
55bc0d44
56880e8e
bc654162
9d686386
b2058a4a
6ad5b66c
5f135460
86769b4f
f6f569c0
2265c0e6
d550f69a
bbf9b83b
132d56c4
8744cdfe
c19b52e3
d32b8700
dab10a45
84c32099
fade6ed1
d78eff33
057bfbe7
3ae3fa64
f0444ed3
4a5c519c
cd9984cb
5d13d32b
c9a2b290
61ef5068
f7a0a6b9
8d891742
43411eb2
727ab1d9
ac71fcd9
eeb830ac
fd155bba
9a2421eb
dd309207
2172a25f
d21660a3
de43fbe2
86c284dd
1d70b1d1
62181af4
4993e0b7
852654d5
b826b26b
a3174e9e
1251d47c
33164273
9053a43f
7e52fcf5
1845ce73
90f42876
aaa6b3eb
e7a65d46
addfe361
67ce9cb8
3f611414
a190c645
925f67c9
aa696bda
655f6233
aa31915f
9b5d9712
1e47ba6d
c847b3e8
f96f3255
fb962527
d9698d7e
f0011abd
b98cb1d6
d97aa7ad
3c676c2a
edaadfbb
7de17635
37d80b66
e02ed7bc
61f010d0
1eae0585
1dc79bca
396b3e35
8b1b9d03
efcbaa9e
c99cdd92
17f82425
7ced3efb
bd745f22
e490892a
4303cdf0
6d07c56e
20e3b8db
a8e697c7
39d713c8
ae61bdff
a21c3310
abba04cf
8f51ba9e
b846f57f
bbcde76b
e3301b9b
e8227cfa
50108ba4
6de149d6
dfaedcdb
828266e1
059a180e
95e49323
f79eec83
6bdda904
0155893a
be20b163
a99c29c5
b8376d77
e6ad50db
da74c680
16381d92
a4c0bdb7
ddb6858c
ade762ef
76eee472
e67ed902
968e720d
4130332a
adff4080
f8032c97
2fa1c9bf
c4527c74
f04b8ada
a301c012
fb7a7ff3
240cf391
f5af5b6e
c69015ef
419f68d9
3c07cdfb
72a12bc7
ace5e54b
19dd20cd
055f1bcf
22f7935c
c3131952
a718208e
c23f904a
36efc271
1a912101
e892d579
f5882087
c28fb12b
a1f3a4be
79e5cf8c
c291df46
d6551cba
cd8ead3b
1d11e4cf
108a956b
06dd5b78
1bf3b981
f4b653e0
e783dc25
1ce176e6
758850f8
8d7a8953
5640681b
332792fa
ee6efa86
16fa6139
0170e6b7
a96704e4
768fa339
dff08bed
1f24d9cb
07a28365
ae0f18c2
eff8b769
dba89783
e24af6cf
2efa5846
dba7fd5f
a58de479
395bd7f8
373a336a
5bbe33e1
2589fd00
5f17f294
89e164f6
0a813f69
80ed323f
f3f2ec2a
60889931
067e9c26
6abcedbb
167531fe
b91f92bb
225234ff
fd7135b9
a309731a
2024c04f
bd82f779
8ed97f2f
86a53991
1376221a
31943980
62283892
c2730bef
c2d9f768
7aa5a732
06338273
b9c6f0ed
9cb70300
e630900b
7200c873
0add2374
78cd718d
096be493
cace738f
934dabd0
e0c0a1ab
6a42c1f1
7de3e12f
3906384c
3ff72e2b
9c764572
cfddccde
be80c85d
56ec4898
201bcb87
740be172
0c910960
9a1ee87e
a5307536
d94aff5d
52829dad
27d09bf6
a1667581
951a2f2a
cf1fedf5
668bc005
cfe68740
fedf9027
97b5bf0a
2ac90b20
7e0cd036
65462453
984e8215
498cc473
f15b52b2
faa6b9b4
9f95c0fc
d6c03419
d82cfb38
ae30cb3d
5db12256
46800bcb
b8d04ed7
90543c12
ed1888d9
7c790dd8
e5864419
8dab21fb
db129311
a76e0289
80dd33d6
f25bf025
07bdd74a
17cdf5e0
87458a58
f7dcbabf
71e635ba
5d74ec52
df27498d
f4c8a246
f08252c6
e1833acb
5d992d66
7e8ffefc
ab57f4d4
ec669872
d2703f06
67822c0e
627c5cef
d5d8cbff
584ef82c
6e2c4aa9
085a3bb5
aabb3843
7bd4edda
2b94034d
d44320d3
bb7a071f
88aac0b3
c725d54d
cc053aeb
005587a7
a486c117
e827f7e5
cdb0cd88
54355688
226116ba
167c8ac1
63b9c333
202e555c
ba31a3de
470ebb9b
9fcfe705
06c1a4d2
7924421f
dd9c8f2c
c35c0b10
05fb6bef
78514a2c
7388b666
cdccdc44
9eca9ba6
7a799259
4e605e40
f0a7ee14
a1c87c66
66d983c4
82843a14
bd11a617
b3b35d3e
da8ad7b4
8ffee6ca
37d66479
907e0375
5201e4dd
bdd40190
8125f303
d7f41881
c8664c93
3f71a149
60481845
0b51b545
82d87c99
24285dbc
dc668413
9078ae41
33a95fb9
13900156
64e3d9eb
e4087684
b1c8fee8
6ca095a2
bc89bfa8
e4e3b8d6
ecdf146a
c4183b23
acfb693d
fa4993b3
cfcd622c
1292aee8
aebe24af
2f55c6fa
66d36adf
7a996c7b
b5d2d9f0
33797e46
8a87b3de
e375f9a0
d47b2780
a1e48765
100fc3c1
e68568ba
39d3a313
fb8d5cab
531a8047
615e580e
e1a66901
bc4db702
5f13b8d4
292cb6d0
412bcc4b
2cf4b35a
e96a6cb5
3b6f47ab
a0d382a6
c0627645
5bf8b310
fec82e7d
9bf98c3e
e5bd3921
11be35cd
37f8378e
10340e4a
ae5dd034
9f301939
1ef99172
b62f2439
07ad80cd
413b19f7
62b8f655
f23f65ec
cedfbf0d
1efe71d2
c84f6fb0
9296d0ec
59e5e189
5f42df03
90f51712
70fe8d39
8a664f35
33991055
23e4ab1c
66697bbf
6ac95930
7c004127
f0b7fd95
efae18f7
baad3b4f
a55e600d
42a160e2
b91fe03c
e61014b0
744ab893
4841eedf
c6dcb652
52cd1579
fc2be448
94f62739
5234c911
a9c71fda
0db32244
56894199
a9f18644
be1011d8
3942b66d
9e6b14ea
623378b1
a98e9a43
221e2320
293053bd
4bbba1de
cf8fbdde
3eb85944
8788b20c
a8e627e8
ef792d45
90eced8d
a6f42f43
4097876d
bf359550
be6de07f
4e22288e
6d4e4ff7
32af484f
af7e761c
56051e82
4f71a968
31ce1c86
b98a1089
88f2e5c4
5d0bf3c1
4d0b8d78
a836f66a
a98a2ff7
62e3806d
4f2b0a5a
e26bf02a
11b13dbd
f6d6517e
a3c86f42
6a2f7212
09c374a4
8daf26ef
472cb896
d7fc01a9
aee843ed
7423a447
15c3c652
cc3faa16
16d3a3a8
3674cd9b
5738b578
736523d3
34fa23dc
60b2e81c
8b9fae44
b4b53c8f
77be76bd
9458cb29
2a881b57
15bf1b66
2ca7a1ef
cbdf99e2
249b77f3
06c36ae1
18709aee
6e86b078
a9b46bbc
bcbcc27d
ba9d7084
8532a282
fd33cc53
13842fef
59491eb3
29773c7c
11e3bb00
b6f28061
3924b0de
48dbcf61
17c908ba
ed142975
6f6d1068
616eadd8
2e6b01f2
84f9bdd8
db1e6b59
d8dd4c03
5aff810d
f110f822
2c8d2a28
b0c5b74c
c3aabf1a
1d7f12fe
1b3500ae
df333afe
b5f87fc8
fa257bc8
fed67da6
1d3607f7
64d9ab73
674b96a8
a64d1087
8fe3a789
994dba00
efb80dc6
2e17e206
98be2e8d
f09ba77a
0ae00d40
62491464
587334c6
e3969dd3
35b05d65
fd80af0b
e456dc5b
c469d515
27aa4470
8baa0fa2
819b7b2d
312b2612
e8c0d026
aa4941c4
cc419f7c
0a6275cb
dfbdc366
9df7214e
42056981
0992fd7b
918b7ac5
24a7102c
12fc9cdd
ad88f1ae
c4106670
d31e41ff
7f14218f
9f923fbd
d4db826f
365034a4
28513406
d4ef9eae
c073eb53
1e236e3f
0f724e6d
91466b72
d928a9a6
4f9dfaa8
e9d8db4c
a4956094
187b7e37
800918c9
c11d4161
4f1bead9
7a5aacd9
d7f2fc19
86429c01
6d980ae0
f443acc2
baae29cf
8d693684
dc858858
dc596d7f
cf284504
369c7ec0
91c06e22
1c886420
1181e8e6
bf3aeba8
abbccb6f
68f772e7
53d1e7f2
8add9cc5
11e12c87
ba4b015f
9671018f
7e57ef4f
f4779c90
fb567322
93771edb
6524972d
0fe8d56d
bdea862f
48cd07b8
ef740705
9d06892f
c84aa8fe
37f1ecd4
470655c1
3a7850de
3c12950f
b8db0896
e0fd2a32
f2d2550f
b60ecff6
91f739ce
af169789
c116a63a
afec7692
06fae7ad
1be23fea
dff56d45
39e3790b
8e847f2a
2d46ccda
6f632034
67d11546
ea4708ba
6159ef52
cac3a06b
671d7e8c
d15fc7aa
1cf8fc9f
6e08b86a
59bd59e8
a28435a8
a215d1b0
1c586981
3c606795
22c9245c
ce1648dd
e6b0803b
2044f760
6bbdaeb4
130371a1
dbda887a
d0642f10
e546bfb3
64a81b8b
9cf04487
187d3857
51877a6c
679e0429
44758324
763e5cac
08dbcd59
5f6a69c1
581a5de8
674dd35b
79fd64c8
79e5c13a
f99edabb
7bfcd03f
de935882
05eb0a23
f14456f4
08c78c19
d1dec7db
2d91ca69
8f40e0e7
f8d56069
cfd52aa5
3ab64345
a90ddf6a
4ef2555a
8f7bf9b6
f9e57390
a57c533b
cc7fb276
7c1c82ae
656fa5ca
ab030901
8e4ace10
269c1f54
0baf700f
5072b9d8
ee7ef5fc
28ecde1c
d6cff6eb
2a42dea2
43426b49
cb42c7dc
e498ce00
564ea52c
df87ef79
6f7317ed
bc58946a
7465e300
c8b56742
efffb8ec
04a4a73d
982aac9c
7a900240
21dfdaac
8bcccac9
402993e3
38ec93e9
f8ad3281
815a821f
f23858f3
ddeec860
98bb8831
de06410f
d2d2e99c
73c4e3ec
189b9230
31694c9e
07aa9c83
d360055e
aabe3bdb
d568ca19
495a0d8c
159ab6d9
2b775859
cfff1487
8093a430
76ae197a
05a174fa
4cfa0dc5
a517c7e4
e0864b31
15ef87e1
47697868
64edc71a
5dd3cabd
b40b671f
c5f5860b
d3af4eb1
7557022d
374ffc24
d1a81061
a72f6fd3
10707d99
e7a91d78
44c9901b
af93a4be
bb852ebc
d4069335
ca6630a5
8220451c
daf38bfd
da03b95b
0839762f
f96c2f71
ecc41730
aa662401
b2205d32
894e7fd1
903bedeb
5d599e28
bd0985a6
3a1d6c78
65d6d191
43716203
891786fb
40d399ff
4e606129
0ae9616b
fe465329
b04e4e38
48a72d7c
0c1784f8
6d97ad3c
9e3c45a4
c79112e0
5c6160c6
7f4a87ba
d807dce4
50f2e809
b38a10f0
c3196f7a
303d5821
fc1f821d
87d8a253
e1c3f8da
45c60176
38f8f3c2
f694b0c2
7114d004
8990944e
f83a2182
3d4dcf67
108ccbd7
b73b8aac
0ba35afb
7f7d5a25
530b9719
1cfc5a4d
61038377
3cc013e1
e939bb5f
1414bab6
eb0559f7
4748a4aa
286465c4
3f4a42ea
95f01541
7c57a34d
8ff6ad12
10ccc738
8d5be68d
c0cdf748
babdc31a
590eccd5
9211bf7f
1a3fbd80
5c76a3a7
8842f366
13e55651
9cca7206
83d1b323
0304b6d9
2e245af6
0a23c12b
32d59d28
af6b6f90
91b8d55c
e9710a75
cfc6032a
fbcbdb9b
97a78327
9fa94806
6393b912
828f9a0a
4812bf4d
e09906b0
c9a3b477
5a8c77c1
5af3829b
7ebe0eab
520d12de
fa83f455
052bdc71
aa1da743
c04ccf19
6c57ba0e
f9d0c725
c7b6e05f
6c1cbda1
8eb4eed5
7ea6ab22
d39566a3
97661963
dd003b86
9462417e
55f00458
fa1ef245
ae9e4dae
825c795b
a394e3e0
c2f77e94
8998e8c6
048c3246
da52d7a4
9464e917
2187bb34
0acb58c4
5baeed8d
45fedec2
5afcebf1
37d7ae30
80282838
20c23f4f
8256779a
d80728c8
9ed8fea7
a0879a01
2b35efa2
4efd7c82
ccc4cab4
e7de6fdd
6e9e832f
619cb612
1c8f3a1d
8250189b
a9243f7a
f7a66bff
61eb44f3
27d12969
5d7d0af7
78510826
73e9750c
f453aea8
b15b230b
727f1b56
b3a7e85c
9b25ae4a
f373debc
9c27472e
ec9514af
8e1aa64f
80b64fe6
601fc323
97060cde
85211590
55fb8d79
aec35533
48cfb721
7b52ceb4
720fa136
430d6662
17eb61c2
01b0994b
41a7f0e7
48d2a87a
a6613414
9c9d78c5
433de1e7
1f2eb287
e6b8f138
eb6e2397
cc865739
ca4ff529
a9b324dc
68308b48
526f4b64
db714a45
b50bf879
8a93121b
f2d0c813
918962ba
0611f6f5
212618d2
a5b9104c
71aaa114
948e49d0
eb38864a
85c6cdf2
d36cda0e
4d8afd18
5717758c
8d7382bf
59a7998d
f85bf406
5db59a0b
30652351
15e66396
eb0d24dc
bd46e1f7
4e7e182b
221cec56
4d58003d
e6af54d2
8a974bc8
1e213ddf
0ac2e352
83b988c6
e6832356
dfdde662
01236aaa
e2b58eb1
3f136700
2d9a91d9
8b904f29
ccd0ec73
fa827f5c
185d18e8
d348ec48
16f0ee28
6d889df2
b8eabfc9
0d6ee040
fdb79693
e3dbd501
b60c8e3c
dea8a6f9
848b9b82
088faf9f
52fa1501
1b1d98ac
a901d9a8
d4a686f2
8b605d0e
98fa70ae
0b14a0f9
7e7220fc
77da048a
de20bacf
e65ef013
33cd0b9d
c562ba82
d464c0fb
c30b5e06
b1b28603
cf2041fa
24f32cd5
6c5c2041
e2daf90b
02833936
d11cb764
b9f2871c
cb3f0114
48af07da
a2d66df0
826312c4
e747b9f9
1f6aa965
0283a486
b478ae6f
9716c815
8c9dacff
19485fbe
454d4ac1
6eb685ab
7e74efea
92b21bee
e839d229
9deff9f7
38f43b7f
4ceb12f2
f81df0a8
8712a62c
a93eb727
8497718a
3e669ff9
5ea0ef95
291fa9bc
5920b2a8
a1c73752
a287cc44
3ae359a3
6b353848
4bb79496
9d840884
8e045f0e
b956227c
de2a02f0
50fdf48a
23f4b43c
1b1ebe25
57957148
ce3dbf56
433f341d
12241ea3
aff6fd3b
7a650773
8bea4cf6
8ce9544c
6a7068fc
8a94b22b
86ea5423
41a41094
b568d8af
61d09db1
3eb614c2
79eb7075
eb5eab67
f878dbbe
82e22d19
2f6cb999
b3a77376
e4fa2fd2
8107d512
0f10b0c0
381f34c4
0e7cab67
f910db0f
ac580cd7
1595fcf6
eb665793
1310cc79
5962cff6
131df8b8
2d5f791d
8debbc43
b6178f32
b9cc758a
d8d8e8b4
7c0f4033
15242cd7
876e1588
fe39db87
6c627d43
5a8b9866
196ed805
8fad3f72
202e0133
e10a37d7
59e001cf
62e06943
96cfea47
1b60cf04
528986c4
2877ca6c
f67e7cd1
056c4443
31683491
c8bbe2ec
28212b7f
a49776d8
03c62c3e
0e706cde
7e9e084b
4d71c780
c5be5540
eddc0bab
f982e21f
1deb4f1f
f51a367b
c974fdb1
8e9c2cd0
6bc30333
7f09bac1
426663c9
4dff9c06
719f6419
3e9d5877
27eda57e
fb07b73f
b1ea682f
61113d58
91f9dea5
ef885dd3
627bb68a
81f5673f
8f40a776
ee6b7e81
b6d8d5dc
20037e4d
b695cca8
ef19ae28
8144ab86
92b8521c
87885241
35c6a081
db08fd2a
511630fc
76369478
338102a4
6964e28e
539e5a94
815e48b2
414dbe56
2667a7b5
80bcb15d
c47458d6
a2b95341
92f7d209
7e6e0c12
426e6f64
7fd7bc05
82bc5dee
2932b4ae
8b4e24dd
b561c5d7
36b7047a
113dc3a6
8063b742
27fa0ce7
aabd2554
cce3e9bf
8b5e7bf5
c03fc545
2a7858ce
0d5087be
a94e64cd
df2932e6
d7c445dc
b082a603
6c143062
a918a8ae
3dabe3a8
7a06aba7
41319fde
2b86b1db
4a084fa5
3c65053b
0487401a
7c0abd58
5f94b988
dc1e669a
0968f17c
ffa8213f
8a7823f8
4eebfb9b
0288e9b7
e87ecb68
1369afc1
f4a20da9
17f99362
972df4a8
1ea4eef4
ec3fc669
8aaf6e10
8ac6e966
aaaa50f3
f63c5589
ed24322f
075d147f
1f867456
f09746d0
11e41436
ff312d67
8929a509
0c93a26d
6319fe42
c6e3956a
3d9f66ed
f91767cc
a8334a5b
ee711607
5a839bbf
177987e5
d723b0c7
865b0b1a
003f2846
43c4c17d
a68a9d88
524705b5
ecce656d
2c197edc
7b9d189d
c9544f9a
5442d6e9
dd61c566
5c638780
bee1a8e9
f4656ff7
6aefc47a
de79640a
adf3f3b6
a32e14f4
57a421ac
a1a8c4e4
9fb717be
d55dcade
ecc1a77d
dde3062a
19e50f99
bad801d2
e6a188c3
2089e0ff
8e57d834
df7d311c
528f3bd3
0b552409
555e2f83
856efd54
024e56f6
da8ea57e
ca0d2fae
90e3d212
be9d0f02
f0d5573c
1c6dbe85
dc14203b
5a7eea72
612dd4aa
aca7d7b6
9c76af5e
7a343990
5dcea573
a570b9a3
fad490a1
70d01ce1
1accada7
6079497b
6397b7d0
38d251a6
2e33b275
57daf72b
2ecde534
df0eac21
5bdba5e4
c38178b7
7e6a317c
30f0069e
34580f6f
830b4315
865b4281
2f69a504
62ec34e0
6a789dd8
41b78619
9feb2ac3
acd5c4da
9d9f515d
812d9a67
7e4d09b7
300b474a
44a74c5b
08a3236d
f518144a
05b4dfc2
57d6cc64
451b6269
039c8e82
dbdc7324
e2a3e6f8
51e99106
1ae57ca2
1b5da55a
5120e681
f3ecef59
aef8f31a
a3e681b7
09db53bf
163ccf49
7560bcc3
3de55a5f
4370d008
774e6ab0
f91ec03c
023346b0
364b0b82
b05763ff
d93d108b
1ea5eebd
cd31ff84
aae1da64
a40f44f2
deb575fa
714bb21f
e60262fb
e1f7ad75
9f79ec79
fc253d42
2a274004
86d383f7
230e0c81
b155e40e
b7507e64
ab08e76a
4b5a6f98
d384f54c
e887289a
bf19a450
f9efd2b9
74a69fc5
4c93e12a
26619751
85fc1f94
c7dd0ef3
a668e3b2
f9c1291d
40be0aec
bd9a89bd
7906a28b
07a51020
11891cf0
70f7ba9b
7337b069
22608c74
4e2ca5e3
8885bdcb
d8a488f5
7efb8928
f40f5627
c7bc9102
e603824c
5f036449
42c1ec0c
974a262c
a276328b
e0cb7398
59beac44
0afb21bf
b7522df9
af43e56f
ae23ff98
ebc27970
39694bc6
1221fa0e
8165bb7e
f7466f1b
6e075b69
282d025c
84be0b8f
fc36e468
37c57295
ab64559e
1b272bd5
35e36b9b
4a94ddb3
f5787162
91ddd5c8
47fccf3a
1d67e6d7
d613b729
be2e2d12
0a064a54
aad9d5b2
9d946d25
1628629d
55023ba0
5cb061fb
416a1e3c
571e722a
b234ae67
d8f3eefb
00b751cd
bb5e15ca
450a4e19
95e467dd
3ae6a112
36565870
565cfd5c
f7142d47
25227739
136939bb
bf963114
4f25340e
dd349b5c
85b8b213
eca9e62e
dde58d18
e491dc5b
3c40a916
052dc947
3cab9fe5
a5b4118e
d73d8bcc
aec3252e
86b683bd
8ee0137d
1d71527a
d0ff3545
fca643ae
aea0a127
ea0790c5
1bf8a58a
e675a7ee
03819bea
2f64b114
918bdb57
b6c88ac7
559718ef
67ded6ea
1d7ac50b
feab7b26
a8318be1
b0f10fa7
b1b14385
a1f443c5
18121763
0535199c
66df997f
2bf64367
90c087ea
878d7974
3cde4985
483cfd32
24c0091f
999c862e
227112c2
05030816
e43eb8d6
57a849c4
8c8c370c
47dbf57a
17e191c0
9ee9e6ac
e5bac1f2
0d1f3930
ad10c9ac
3087647e
5d11853a
db688fc1
98899ba9
d46124b7
ee00254c
bf93d318
7be68de0
e101c16d
fcadb29b
15200b64
9ddca902
176142fc
d8e57103
ae606641
f7aaf5b5
8a9c265b
c4bf6f70
037e00d8
afc94c2a
4fc5ae8c
b89e2346
e22d7a9d
e2a17862
78068834
890bca34
f9eb7052
6bce0fe2
ec71459b
5c8ab8ba
782253f4
79c5919a
b5203841
f7206bf5
b1886d9a
3b550367
fc0c719b
35da3804
298aac49
fc75fb48
20878206
c82266c5
1baa13b8
627ad596
21c937b2
e0d1f18d
02e7e15d
274bf95b
5476180b
799145b0
75cac943
b0b55972
68f9835f
4adbadd6
d34f3ea6
a7e7798b
521181e0
279bae36
19f5a418
03a8a6c3
f969621b
7067794e
76902bc9
0ecf759d
efe811c3
57d0e24b
38ad5767
da7e36a7
89f1c6b2
95dc1a01
c51a18af
47f8cea8
9b91d67e
8a969cf1
781a9ed5
53c54d95
b485856e
8120a83a
10d3e709
ea6cd310
71d389f7
1d4059a1
d8fa21fb
0464fcb9
e581b940
8793d294
45e4a2f4
e6f30f09
655ffc80
c3398d07
a1bb9d2b
91cc10a4
68cbb048
c6955a09
d75dd083
c4fd4285
f9174eb3
08e5fcb3
590b264a
858d6dcb
2eb723f1
93e5b435
8903d604
8ba6d345
68052fe2
72d82ade
87f9f2ff
8d6f8bac
ff5c8181
82fe50d7
54760005
1aabadfe
8d9f14f4
8f35cdf4
e7e18091
298aa668
d5b481ab
f5b9ae0b
cf6d68d7
2c80846c
bdae572a
9e2ebd6f
79ec4c6e
fc5f7f9e
663a7f48
13be1f81
d984a366
f0e0f7d2
2d42db3f
b285058d
54a13e77
1e931fc0
d00f0fd5
0f4352cf
c64a8802
7e1af747
3eb2e0fe
370f24a8
a0d3e1c5
418ed9b0
cdaa096c
1c7e2acf
fdd36ddc
9d7c18e8
d243ecd8
54cfddb4
40584b08
6e149d14
4b7a1a2f
0fc03830
1001b633
fe3f6f50
6979b1fa
b79d1579
b375c3e0
6a310ae4
26d84512
e13857cf
93f987cf
c306ffaf
82912b16
5984a50f
6981503d
335cee3e
7df45713
15dfdf98
2bb9b94e
8e9e97c6
d0a94755
f030f5f4
3f4e54d3
4f5d8919
31a412e6
cce9e85a
cdb8c5cb
7538262b
4e52a475
415d2a7b
66553632
d2f1d91b
d38b73b2
0250c4cc
43e07ca8
c2de08d2
7b4d6f30
03cb88c5
28b1242c
8aa0e4f6
51f392c9
56fec09c
534dfaaa
6f015866
c5baf660
f5a1c0bb
7b6e0a60
fe68b951
c11f53f0
47498e40
a6b71500
c6f1d66b
7ba5c6d5
ac9fea2a
6a8ada27
080a7ac0
ad197449
f192a5a1
01fc3172
7d9461fb
c4c45cee
a46ed302
bfdb2ca5
93b3d1c2
d8f745e7
393c0582
880f31c4
a8c75d3f
2f730d6f
95078a00
ecb0bc43
9c2c9a3f
e204ccca
082b9184
397ebda9
37b6b34c
da3737c3
a5267d24
3adbc4c5
0a2bf964
d5ef3f07
73f70600
f5debcfb
6a7876bb
f14bb96c
4aa931bf
ff4219f0
33f4be0e
2290ae94
df049395
e3b4b0ee
c0800d7a
e4ca904d
6eae0eac
4000fb31
b3b864c2
5b2f1112
98acbf14
e6892ed3
a936c03a
5706ace2
d1cf184f
6a1ac4ac
6364e08b
11ca1911
0fea1cc5
c221c57c
ab493f5b
18e1384a
c2e4907e
4d84796b
97867fdf
57cbcfc1
e84ce3d8
f2cce1a3
b1ee6d3f
f57fd07b
e1664fa3
3ad546aa
d209baea
4fc58040
06720b66
a4c3f5c9
952da674
1d85e625
8963c625
c544c036
f507fc77
5baa3f53
944a7f13
aea62a27
17bd0516
54ec4db9
763b6194
5b347e90
48248883
ffa40739
97200b98
5c3b5691
ebc4d145
4c657fd3
9072ad9c
7de8a0fc
571594e7
54a9c243
f0d31253
c1be58ff
5e96084f
6c6b5780
d5f1cd6d
67df7323
bed1a83e
f1139775
fc53a7eb
9d7ef43c
3cd3edc0
6c1263d5
2d72afc1
69dcc304
c63b409a
6b22a64e
c2844edb
20be65f4
6c12ed74
0632c0ea
9bda505d
ebe28e15
fe2e13a5
b70f1c88
c758ee27
89100e49
93f42e85
d2b43777
df05561a
cd03b3d9
d46102c5
7302c3f9
44c33ea7
41ee2aac
13c6f6d1
6e8abbbf
0655af61
c483011d
30be9aed
9f8a289c
89a17fd0
6d3eb35d
d1fc9017
3c346ce8
848fb3bc
2df952c0
f38b7310
20ce8164
ecad5bb5
bca0d358
7fbb879d
e64c2719
3749ff8e
1fbf4192
062230d4
472a89c8
d463dae1
48ca02be
1b2518f0
bf53d94d
4b397570
d77fb0db
0dfccd49
1ee14b03
c7a728a3
74d866ba
79ec4d1d
f9bd327a
a1b9ede3
1cbdbfc1
c3fc8603
34a53c3d
f778602c
94ce2fd2
77bcae48
acce3132
37e0cc86
e0736c7e
3261ba80
a306bb18
f8d5a46a
c7408a86
1414104e
55aef340
f31062c3
1647d187
629fb03c
07973470
c231db7c
d29addb3
acb3dd85
3761d684
bb9b5bdc
ccf6c62c
925aca95
aa09ed31
625f5a26
aa600bcb
c83ef6a7
cba9a792
14289fdf
fdbcfaf6
3ea37b67
6839c380
59749f24
989f37ec
b233937d
cbd63933
92fbb62b
63ea22b4
d02a9c2a
f65c225d
30e0d196
70929b1f
5ddc3607
b88bcaa9
fa0fc286
49bf7689
4aaea2fe
40d49d46
bcfaabf8
d93e387a
d81f9b22
44021d7f
f2122b89
5b095738
4c23962f
e22b42dc
c4607b64
aa9f42a2
1baf5b27
e9b3ab02
06a7080b
136560d8
50b9d387
33e9da83
1f8e653f
b61479cb
1c8daefd
831910d4
817bcaf5
fc87ca07
bd223464
8e77ffd3
403945b5
7975efb2
54fa7393
4b8bc437
52aa8b91
78cde5dd
4ab2db26
2b146a6d
6d6ab161
53971482
91e68c21
4c330e10
93d205e8
be82e7bf
acdba625
dbf22f6a
5dfb2cc5
34118e74
be3e9ffb
d5f8ea7b
de4a2a20
fac29347
bdeec552
cdd249f0
196d7b46
76b9e8c4
3f88ef94
6d35ab89
d0d812cb
82a26aeb
3012cf94
55ef17e4
556a41cd
b72e03e4
9d05b1ed
4c388a51
f32219e8
b3f77d07
d6a1d6ac
62f03256
f3e2c16b
d231650c
2c83d2c4
8db44c89
8088bdfb
71c55a60
8bafd3a4
4ab60269
d5978594
8187f7c6
909e0759
5ed4e303
9428a979
a1fef6ba
9a18acee
7f204eac
a84b4f16
f4941782
bae9fab0
3248b58f
bbd1b993
109063a2
806197d0
e1e21d3d
eaf86fff
07f873fc
397910df
773d50ae
7837397a
7c1ee836
82176ffa
92eb19ce
cb8685c7
7cf36358
03950994
f65cc027
a55af66b
896a9fa0
8940af0f
08812abf
970d56d4
872ecfdf
84751615
f0430c8e
ab820887
b8c1240e
1455efee
9ca71c7a
9a241e2e
25db891e
cbf40f22
081d2f6a
13f70bd2
a32b6014
2a197780
99c7cb74
75861f20
7a2ac631
7f721fa7
ac5add64
0932f57f
a43ae891
dc3e34a5
4ff9a7f0
1bf4d413
afa861a8
d03b3ca6
425b4951
455ee1c9
b596223a
4bfa0092
76e0e9a6
115795cc
9e22e35b
8b75ad9f
e60c0d7c
93d46b0d
c80d4eb7
5aa8551a
516c9eff
94d0eb66
be3198b8
29fd1b4b
d813fe21
5d26348a
ed501371
08f6d92e
a9bd6827
9388c51b
ee57f14e
1fb91751
973616f8
e8cebd8c
d09b6453
3e3a113b
ffb4a995
3a41a616
deef4bb7
c4afbf1b
5ad4111d
c60c71a6
4f2a22fa
65d98f40
d2050e58
0a08c05f
5266029e
d484fb04
376f8036
2a4d53c2
869f28d8
13073a5a
7dcc0ffc
7a4dcd45
bf449a57
adc3e650
f0385454
ace788ad
e3b2ccd4
ff2a29c0
f85cede9
d9de1c39
517f13b5
d234ac11
b163568a
adfd1133
f4b5ad1e
63dfff35
1b1b3409
cedf7244
326ba3ef
84da7c64
a185a02f
a589170f
6a7e23db
6ea78ff9
7444eaf5
ca5df178
fa2ba361
46bf4c02
48d4283d
77ae3454
95b97406
dc04dada
aca897d5
741f777c
c4e7fa84
4d5b8cbf
a54229f9
efd24127
5928a95c
cc62e4fd
8f5c9ce3
84dea2e3
40dfbee2
57770903
7cb17728
18df9e42
89e2d2e9
a44cfdf6
45b621ef
b0fba46a
4aa64c71
e62d9145
d4a673a7
4081470e
6476d4fe
63c03aca
f7b05846
6ba4255a
0eed497d
5f95e91c
b47510a7
da5e8977
657df52f
a0d760a3
d4a7fe82
4582cc19
9c3da139
2b4833b4
8aea004b
9683a27a
bb5ef09c
cce5057a
e50418bf
a46abd76
8b449614
29454037
a93ff256
b9d6246c
d628c2e1
00e43ebb
6150b962
b9e489dc
333cabd3
6e9586f0
1736d375
665aaef9
4337705b
0ab49e65
b67629f9
1a6f3bfd
5f0c4bd5
18a69d2e
ab642d4f
f7769f09
b6620502
2e85f203
887e9641
0c65f85a
deb2dc4d
225ce4d0
6611cdd3
aadbc2c6
82ee1b67
71d9af66
c29ce2fc
86aafe3d
f4cb63eb
8e7fb9b0
50792794
e5f827f1
c1c89932
8f38b8e5
9caeca17
f86d14c1
04562edb
f028edbd
5e785532
cf19d4fd
4547c9fe
3372af82
b6d944a3
57e01b25
c416bd87
676cded4
6a72316f
a7a72f40
0baec287
ac372478
5fb804a4
bab9cd72
e1ee53d9
5939a473
db49a7a8
1826deb6
bdff968e
aae05239
b4436f2a
ed6e3cd9
74543dc3
8e68a295
dd73be88
feff90f9
90f667a9
dc6e5ca8
e891bdf5
3ac13e22
bdab64a0
f6de8bdf
d30a79ad
1bcd61f2
499c3b6b
10d6be73
240f021f
4ddc8719
7ac6f946
18231d91
09b10b79
3319ddd6
1cc02967
247477b1
fac25cf0
9adc8f9e
6ec60b29
5bcce3f8
31c38401
693310a0
6fc5b353
ec584f04
52af06d8
fcffa3a2
19f71b07
a8674fcc
72430f63
6643b034
18e23ad6
a8a2744a
2343acbf
8c589d75
6138234e
cf6bed26
eb21fc61
411b70d7
cf316db7
b2786274
78e1108f
04eb6317
79bf5d33
d137f3df
c6cc8b59
a35791ca
7cb1d6dd
8b20e8e8
5189dd36
2fca2c01
230d1da4
978262f8
a07cedd6
85005595
79e4fbcc
353c18c2
72a479d0
4e5ee4ff
cae8fe7f
71c9e96c
d06dacde
db3d9a85
65ccd8d3
240e30b8
a1317734
7521ab3f
488b089c
1a8b1650
70646470
61a95aa5
154624bb
ebf4a633
996dccea
3ee30ed2
b815488e
3194818c
950f7a9e
31cc71b0
40bfe7ed
3401204c
111da148
03aa8992
0184fb1e
4209f9cd
db3c8df5
1ac31e34
59b1f476
80dffac9
8f5a444a
3dbf93c3
37351020
331a0db8
270ba92e
17e64719
3fa41bfb
27bf9756
7ff2827c
d81fa1e2
a85d0993
2482c9a4
cb78989f
d50981ea
43a2dd70
1996ffb6
0a6bcc46
0f858357
4208a8a0
b48ce6ee
22776a06
29ce7e3d
273c0a19
69905de6
27b932f0
3d017263
7aee6365
66d19ca4
fde3f6c6
e4559c3b
ad882d92
af7d086f
c06d05b7
7ba16e9a
9832b1c3
0f5c6e06
d1010648
c8c7ab2c
89e48a5d
0d4be74a
45f16cfb
65a9214c
7190b00c
95b17b44
e1ed6328
fc80f86c
922c3cea
a39fb072
e7aa8dfa
74a748f0
2a99c3ac
4f65119a
4792c111
e9ad37e9
a5563861
291f00cc
e9da6daf
29942c98
2ce829fb
133cff10
1709969f
9e96ea32
39c1f09a
fd84dd13
a2f74e00
2dda18fb
b66cbcb9
1e8a04c4
9c47d26d
a7426c68
b32c38ef
b2099c17
b0eca692
a3e0652d
47f7c36f
4cd5e8e2
c8f3d0c6
ef827fd3
af71b20f
bf33cc77
1114aa09
0eeccc43
7bf819d1
6082b3b0
e861b18a
14434ae2
def9b9cd
d1cdc88d
7357c083
e3bb4120
f87f990f
6091e8a0
ed3d0a22
c354efde
8b4f11a9
463aa794
4bcdf0f0
4fa2c939
c639ad1b
80cc2e16
a4d37eb1
aba25d53
e101e7b7
631a40cc
4b797ced
f8793d7f
2500e014
194dee35
35e89270
d376b5c3
bc1433a4
76757c14
e7058d0f
822c8dfd
61f7a2b4
218c64e4
0f06ffec
cf99e5b1
96d838e6
a952b084
170bab85
2d1c6db8
b5cc804d
9d63674f
c0d50eca
4083b7cc
f93fb2d1
e3d73903
9a1c3478
8ef47c11
2fbdc9ea
469897ea
d8da46d8
9020d5d8
d9e98235
dc458aa2
cf2e796a
0064140b
de439a59
0c15777d
fdaa4600
18298a15
040ceaa0
b24c678c
e902e292
1f4fff7a
f4b92a6a
ef745090
c9aa2643
21221eb2
3c7996c8
dab2a298
52dd58e8
c1c4a508
f9d478fa
afab707f
f53ae50d
9af929c0
47efb220
84d6b455
19db921b
18803d37
fbfc8624
0c3e44b8
518dfb6c
32e18f9c
6153ccb5
00697a37
cade39a0
b0add5f5
487d6f7c
57c12b15
26d5fac4
a82bf642
0a987b53
bbb12cea
5ba85c7c
54d9798f
06fc2b1b
f07e5054
74ed60ae
c7e15692
4b5f616b
49380892
4d67fc67
ef83e752
fe543226
7a090bee
35e82cd4
3e24294d
dab74dab
5344b16a
685be81e
be5c74f2
2887bef3
346f9abf
203b3d43
b5fcafca
20ba06c8
6c05e9d9
f6ea8986
5c99570b
b9798ad7
8c46f606
0245f7e5
2b983e99
a52a1f3c
3f70671a
41f4e4b3
713faa42
0a82a759
935ca5cd
fb45c1df
2cbe0c60
4b7d25d9
1708357a
2548c889
b7672205
37d2d956
f3fdca6a
1ca54972
04e12557
29317b32
ccb03b39
b138a492
10fc7ea7
7a32f753
bfc822df
c9e07dd6
0d01019b
8b7c9742
2b0faa88
15867147
ae716e90
f7c6c761
ca74ee74
a0f2f089
229650f8
f9adb33c
b6888ff9
49887402
a60ae746
a6a91cd7
2344778e
1b09cbd4
6c18074d
f2c3b795
021be42d
ad511722
79170ff8
85e0320c
f79f885c
d41569d6
5cdd3d61
955d7bf9
7e6a9be8
8fe62103
330af8e0
eecf138b
9b70cf54
d1dbcd39
a7eb99e7
4e35620c
ace6f5f6
3959979a
7ef09baf
dd2ce0cd
67996ab7
133a55d0
698f5b10
df4e56a6
a6c9110b
19ee5c9f
9dc76181
4f18563a
fe39ae75
b51a1a4e
3c278d87
7f7662cc
d6d8d03b
57251cd4
634337eb
b274f3b4
ac4ed315
b3a54863
4f8d83d7
011499ac
d60b473c
637f910a
ba8dad05
ea8c58f3
53d30f7a
75b69ae4
7ba37bb1
8e7f6abb
062f5ecf
532fceb4
f5da62c8
89e4ff29
d63b5109
3f5fcf84
134ab6b3
f6027bdd
96496b41
df03ccf1
752a485f
b8177faf
abb43f9e
a4bade1d
10593581
ebc8d055
c9831e34
e2fca9d6
8f0c1495
be48f91a
8c16dc4f
a47de780
09309306
715b8b6e
06ff25d5
aafb6a17
3084d0ab
f8ad5983
203f19ed
a359d5ec
a5673ade
05a7a3c0
ca24becf
e2537611
1eb31b79
c65cb777
46fd9aee
41a427fe
6e2b2f33
72641075
fd33c040
224bd97d
75eeec2f
a5005b5a
6302c18f
5d54bed6
9b4d69b1
f911030c
f76d1934
dd3dd131
8463953c
2e49a59e
45b77483
cfcf6310
56032a06
5b3d8747
9177470d
4b4da306
1a8e8e90
a0c18cfe
ba9e8e71
0143e0f9
d6c334b7
bae41f3d
1977d43c
9df49d44
c5df572a
c87a1657
dca6d2ef
d99d03d2
45089b01
9b7a9695
fca21a61
4222d756
01cb7d72
a2c44240
7b06b7c6
123a0619
0dd8e3c5
25a929b5
136eb6ba
728b18a6
2265dd49
a05a844f
eab098e6
cc28a230
d5b70ee7
b9156e92
8c23bad1
94450acd
968ab823
f059a464
5e7d87ce
3e02210c
3e501fbd
89538cae
e000296d
4092849b
103c7ffb
67a9535a
f58482db
de25d6b4
fa9ffd6d
a379a174
7dba313f
482452d1
8dbc6e2e
0f4c6c52
da0bcb11
ce5eee05
6056be8a
47730c69
f939ddd6
92ecee77
eb633526
3531cb65
87f0c42b
71c899b1
3d2f910e
2ec8e7a9
75860857
251af031
18815a5f
4a9ed4fa
903a43ba
d1e09c1c
8e0cd88d
b6b33263
cf18799c
c558a8a9
d9f1f16f
1c5032a1
5a87ebc3
5804dfbc
bd94f6e5
4a40af61
aa38b657
22b30dee
22d36149
91b6a0b4
f1a04ee4
f7eae99a
f1e66236
89b72026
dbc9091f
a7b8192a
373c67e4
c3d7fa84
ac6bfc27
ae01cfd0
688b018d
1fee1fd0
5e9a4a9a
eee92ebe
acefef01
70f31746
5160172b
232e83c9
99ac9622
6672a156
7957773a
61bfe0a2
28d62097
74526855
12424bd9
3c118ee5
b4682863
9de60af1
cbb8910d
eab2e5e1
77dd4226
2ca450aa
70993db2
b2c59285
12336b2f
95802404
b11d7c04
cd239a0a
7232225b
f9527587
4bbb00b6
5e177960
965f1e5d
c7041677
fc9046d2
7d05e217
e9ab3434
6a9387e2
57969075
36962599
b68aedeb
8dc8f670
f3d14193
a78ac022
0e510345
e90f3f79
d2e31929
890a588a
81744967
034d042b
dace8c2f
622658ca
8ed6c6f5
9701f3d1
860b6aec
818577a7
c14183ff
d6fd7760
7a382668
a0563b52
80b5514c
79044442
c003ec04
0de56a65
b59adc11
2d09e8bd
13d656f2
f80734b6
ccae843e
99000f6a
854d609c
02807253
958892f6
7d1432bd
933e0c9c
07191c8a
b581970e
6b62837e
5aa681f8
d9a15234
8f12d327
7bbd6a1c
092ead03
4d5acbc4
906a7b75
3f922a17
20ce189f
986ca751
9c56a352
4fa42ecc
85c4b5b2
7d2d7d6b
828ef14b
c8505c18
b9b483d1
101851f6
5ef50045
2146385b
2fe844dd
c90d1be4
2444755c
f71ba54b
f5e216d2
5039a48e
f1a28d9a
a2222fd2
1cdb9bfe
9b29e9ac
659b6ee2
00a272e1
9130c65e
b69316c3
5d288026
e8a0b0b0
286f328b
09f88714
3a5b78b9
fcc231ff
e54c1ca1
bdd9f66d
e196eb07
a234bafc
980f2969
d964c8f8
4f06f065
b04904e0
8a7cddca
29773028
2138a5b1
845d71b6
671f34e3
b1e19062
fe5fa314
4d99e74a
5f6361b2
59f23b18
ccb7be50
54c9de2e
8e891ca8
0e950ee6
467ab102
1b05dccf
b311fca1
1c36c683
583e5af0
ff627b40
b14e4be5
7e68287c
17952c2f
f00231c7
716bd19a
604a12f6
608cbc7c
176bb85d
6c6525cd
d340d5c3
f6e2f6df
af111aa3
04e2aca1
7fa2275a
5266253e
4ef4659e
8abf531d
7b44ad13
3231f660
9343f3de
4a30ed02
a5805f8a
60585ef2
1b434d11
2ecbd841
edb986a0
70d0ead6
dcc99e73
0ff6b7f0
f813b5f4
5b0326e2
c43058ad
2b9678df
7530b9b9
22f2bffa
d4b56afc
44b01729
8cf79463
b102a09e
473350d6
88194e02
9af2832e
9873eac5
404c3250
06cc7b33
bce1a326
9821cbe4
8afe720a
d35d1af5
7073dc74
745668ca
90a1f9cd
5c99ce21
cee64d6f
ee3e778a
392bda4d
0e2934fc
3e62b447
75a66672
94672206
74dc98b5
1e832150
2f8a9c84
ff5e73a9
14422cbc
6b650e96
9c42d26d
07ed3c2a
ad6dafde
0a5a1135
47ee346b
ad018f9a
02a2bd83
f74c164a
c528fd88
89ab8844
eccdf6b5
117488b8
8c1ad9a9
32ddd5fe
8428682f
ac945b99
db0a652a
6242b15d
b9486649
05a28da9
d6e773e2
2bfeda4f
e65f0094
cffdf5f2
59322733
a75d72f9
29489978
76970d2b
7176f0f2
42740f86
b31166c4
66fc8d20
1c46270c
cc5ea0bf
1160dffb
5968ec34
d9278623
159da892
b178a275
03fc4d2e
c160c842
d5746ab6
5c725247
d16d921a
06f2922d
c25416b6
50dc2817
6e0afdf8
07094162
cb87c8f0
61a3e63c
b1e9794e
46de33ee
94d5c45f
a7987c70
aad3271b
08342063
0b38c99f
536f33da
17910350
c8980d0d
ee00fbb1
dfa2c24a
7a93f65f
8f5a9a13
5f0a17ff
a34ad9a5
f7beb6da
0dd92b68
3e33d972
e6aac47c
7a8676ae
3e2e7c67
c5fe7276
7da6426e
0890cbfb
2c1bc28c
dd077d89
647ede92
4a34e9c4
368c4a02
4646e964
f62ebef1
1fe14f29
f68af14b
bcdb665a
d2198412
b1ed1ebf
556403e2
761d04ae
079d52aa
14c0cd8e
a3506df6
7331aaa1
8ad09bf3
ac7853a4
679c94e2
55156222
d37a8fca
d2f25feb
b8e11eec
fca6bd32
4b1dfef2
6cbb56f3
cac38de1
d481fb9e
95bb8287
58891e32
12a31135
6034a797
6c018374
d18a8523
a4fa1334
3500ef3a
3410d269
e5e14da7
46ecba2d
e4872dd9
26bda5a7
d32898c3
c62383bb
7cc3aab1
3b24411b
d3e86b98
0dfb9e75
b8952c8f
bd9c83ad
90cf9e79
031170d9
8c428ddc
62d50720
841da138
376d9d85
1f72828b
ab5b665a
3598f7d2
4736ee03
c42eac78
259531a8
f7ae7f78
306d0858
bdae5d8b
b5ffd604
a8d142fb
9142353c
2b5e070e
9c49e8f1
8ba4931a
213c20d9
01cd1b0a
f72d41dc
bdcb24b7
f2e8ab39
1670e73e
58736cd5
88d31201
b8fbae48
6b6bd2f1
378ab70b
4c17107e
6d086932
65ed3d85
89e269cb
5fb61f66
1708b82b
01b6dd8d
9ae5014e
63575928
8631bf31
8b2f3c9a
fb351244
76ca61ba
655aa444
0b95a90d
683e9cb7
ceac0d03
ae851a25
b5f62465
5e2d27d8
a01d0cd3
316aee10
f9b3d0c4
f6c93331
c54017a6
31223bfc
bded9a92
d944646d
ecf43fa9
0b246f09
5e64810b
06f54309
7c12bc23
594ff4e8
5d864721
39279f90
906aa5ba
5f6d7d54
e83723d7
85f57bd1
7b669c56
b56d0c20
89c9ccd4
ba318b5d
e017b0f0
d73ec574
fd98153c
18c2bec3
ac45d08e
dcd76f24
174d001d
5e918cfa
8ed194dd
350735f8
a4b3d8a4
2b41d997
1e15046e
6d8bff62
5e917c71
52f3fb3e
9f119374
0297fcab
5d5ea76a
bfc7d5d3
eacf7acd
b74dd8c6
86f6c36c
8df6e801
4e2aef3a
6a797d5c
ff892915
8fd76c40
29b4f08f
430c20fd
256f8df4
4efd941c
73b32e43
d913eabe
2ccb6b1c
74b1b2c8
1ffae43c
2cd5f5c2
dfd26274
e009dcfa
a948d711
c6ff7644
2ecba9bf
2470ec61
0666c37f
1f20c31b
ef37b7fa
20d798de
aa4a1638
f9212dbe
4e46fd55
ac6ea1c3
728940e8
0819d9e2
57958e70
2d2456fd
588f0500
bdc47bf7
65ead7ea
dde68441
a0bafc36
18b436a8
524e4a98
f8bde5d6
c4e7fd75
52615af1
5ed78bae
5be1939f
5bdaad96
c3653ee2
f390db7e
f7128f21
7829771a
8f89939f
02bf8122
a1ecb58f
dcf48a01
fb2517bb
63993112
f2d12a2f
25009d45
e3ace431
9a758f24
59b2476c
3aa637a3
761718ca
34cc5bed
49852295
57297bbe
738e75b1
1a396e8d
caf27a59
329a0825
004cacaa
2eed6e86
e4800c18
456cadb9
cba75f54
29f42132
1794ccbb
4e7e9cfa
21d3d34a
2ced6c77
ad1a5406
14c61eab
3571b162
68e3e94c
ac861689
a4b735e2
0361c807
764793d7
039b08e9
32452cea
6cdcc7c6
70abc754
00692df4
9f205cff
034122a0
c5b3146a
40fef955
6556c15f
12d283c1
17fad014
f2f6abe8
d6fcbd8d
68ea984b
479f52fa
15c8c75a
a953b8ab
16904688
d6687ca8
e65f1a96
a4b6da10
816858aa
c5d6ef14
1eb802ce
c2d87a7e
7f6c4a15
33fcb142
1f40d6a8
b72f5822
d94df0d7
8db34cfc
61bb63aa
b40a8ced
577c9ae6
40272636
38d73c86
37b5f785
a1e777c7
ace9b948
e3de61a8
d285bdfd
c27fc360
78681349
3a20c769
7b7337ef
ac55fc28
69ce4dc0
aeb5a29b
463f32e8
ac2e39f9
0934a251
32a7512e
c8dd508f
3b5cbcc9
347c9fcb
57302d29
0031a803
930b81fb
85a69c41
93fc7d96
9598c591
287ec384
f1c94be3
ce1db099
79db3f5e
d82ef886
e0f95839
b43da506
1331cc48
7da3fb94
58fe257c
166c81d4
4c9e1d1f
688aeaa1
8e04d98e
b3977194
e91e3786
d232ee51
70e9bc0d
aa6fc899
3ce4e5c7
abd6e8c9
af31866e
607d3b90
26e45af7
1ae7696a
0e80036f
d3516739
097124a2
914b3850
3e692d70
632332f3
aad759ed
7cb1fa18
3da9a7c1
2361ee49
cbb0e2bd
2b02008e
096d55e7
d9ed65ef
df4757a7
83c602be
31ad8db6
837abadb
5017a9ab
0171fc7a
e12ac3a5
9299de4a
834996a2
822c43ec
40691e44
17945d14
1ae4f2ef
139346d3
126a7597
c7cfc49b
d4cbdd95
405c6f09
7a181337
77a72e08
deaa805b
5a95466b
b953b7a7
3b413ef4
8f69a7db
c9c1d852
abb7c7d7
3aecc051
fe309562
7f08c6ac
9c73dd02
1dae338b
a038f2e4
72e19716
406d95f7
a8b29f5e
907d7cb2
c28f4ba7
548c751a
9fc459ad
8acf8975
07c38425
9fa4ef46
4bc9e260
873eede2
0ad294c3
5111c426
5b332d6c
ed48f643
839d1fe3
2c4c95b3
61aff30e
6601e1c9
1d257675
ce9a7f80
ac2dd995
f4f1315a
89991ed7
e236d536
2a9126be
c69ad23d
077ab633
6623234d
4b1acf68
4c0f0473
3ca77453
9782d5e5
6afc7c3a
4a129e67
22102388
ea4727b8
d8b43ce0
ba2a7df4
470460fe
a8636b13
652c5bf3
241bd79a
83ffa52e
9c118ee3
147ab8a5
2ea91b52
b5a8ebd3
b28928fa
65524511
93fe0ec9
16c7fc9a
c3cdce30
3b759595
b1295fb6
c12589f9
7348af74
b26598c7
2ed27759
67158fe5
0bc1d6b1
13ea297a
8e6d0118
e78cd1df
cb56ef84
c26afe37
28264cc1
d67d9fde
d54bcebd
3f1b2693
22e40597
e880233c
701d7caf
2e969e0b
57a794a0
034b0119
0e6a050d
97bbcf68
2481b023
423ef541
0e45fa4a
9090bb4c
78d66eb0
1506b230
ab5aa190
12731aa4
55d3e4d7
006b1e13
1680b727
0ceeb5b5
91576bb9
f82ec089
27c1e256
6aeeddf3
9b4c4e3b
43efc8be
e5f2ed82
b01cc5c3
3c3283b1
e4d627f3
2522ab07
780c17e6
a4e5f95e
6208a399
b90cac24
bd8f7660
3b28a7e1
d546916b
ea15a91e
b9fe9625
0c7a74b8
1f47ec0e
ba0df0cd
869e0a27
bc83f08a
90c8e9a3
326524fd
49a33f80
e4363d89
5366850a
fb3719c9
19c88c0e
01604d6a
116c288c
1bc1b4f2
86a3a9fd
80127653
15d656df
3eb6f279
ffcde2a5
30b50e49
bef0b817
97b3912e
57525f45
8be4d218
255c83ab
101e9edf
bb66f89d
ead83e47
4f05b12f
dd259a5f
a3a7e068
aaf3381d
73ef2245
635efb56
3ab8cccc
470af6dc
23fe3cb4
69711e80
1e8641d0
01397b4e
e44520a6
4a69d14e
784504ae
c2c5b006
ec6c06e4
faa6a73c
e667339c
0282c156
0fadac42
fe939b50
32c2682c
873d2e2f
7de33533
73ee4ab1
edbeca4d
aa1976f6
1c396635
2f04170a
11453ef8
65d6d315
4931b52f
8d193645
d1e9b60d
0224d6b9
8684e2c0
41411a6e
23918668
78cd7706
13965e10
d2d2757a
13d213c4
64fdd931
24a94d5c
ad5bb07d
b1dbc737
ee953689
40c267cb
8b5b3b16
6b082c4a
beaa3a4a
c583d1db
48a52ee7
424eb33b
111abccf
96ec8e4e
e38cf65c
d5ae571f
f6faaf99
c2321dbd
b13a529f
96502a4b
f0397b27
34e365a9
529b59c2
0dc3a773
5c928745
833e0e78
1cd4cf00
23a53eda
0bb9a045
c992ec3d
16b5c0d7
7b418780
3d85e958
957b88ef
68a5415c
d15a827b
a3a1fcd1
1b49cb4c
662b11dc
8602e954
be289cc0
1ba98918
7bd917fd
7df5f6ae
a72ab0fe
d79404e4
b61d4360
d058c758
dec7c321
f2ddfe70
ef68c7d9
05e01e10
c261bd21
4d791fa3
bf245445
80313cf3
524eeba4
687fab19
3e847777
bd332702
e3b2768b
010b477a
55624288
bb5ace31
b10f709f
bc8b5d31
328fc247
922fa3a4
ad3901a9
2c8082cf
a7f6e8c3
27380334
cc8c83fb
c28a7dc2
2b7d103b
a63ca446
643bde9c
e2e27c68
008a713f
9b1b7b49
7a360f70
c0d2011c
9ec9ede4
cdd2b79e
ff067bce
3f8bddd1
c20a26e9
5c3ff5c2
f27b74a1
010c4016
a8d656b1
2208b191
b36bfa0c
49699f39
2b5ecdbe
afc7ed8a
1ca61291
007fe08b
71b1293c
c646ed97
65740dcd
7d762acb
bdcdcd5c
88afa28f
e331e2f0
329e25a7
337d68f2
520f9fa3
9e8e449e
95a85d90
5d58413d
fa86bbc2
92234a9d
95627385
b9457f8c
c02a6e16
30f5f4a2
425f81d2
fed684e0
e718eb65
b4f2fdbf
83e86bbd
5d6e12b2
783bb8ee
ebe990dd
e7b9d8a4
490be8b2
b7abe53c
aa8c17fa
261b3ba3
6c801994
99e767ed
d6455160
f14485d4
5e38904b
ca0b1c33
98283655
42b9fda4
dca52762
71623386
d54fe9ef
2631a716
48bea19f
0d2cf4f9
e5c03920
be6d4212
d3ce29a5
c9aad9d8
c0a38290
aeca87e8
38c8e693
a748075e
53d1056f
1ce746f1
731a814d
45552a54
e3e4913b
49baf29a
eade94ae
312259eb
39ff9864
949cdebd
e6245a18
c18af9cb
48c904d2
623d6f9b
360367fc
05659ac2
718dba5c
1e0d7edf
8b0e00b4
280c0238
a12195bd
e159f2b6
3ee4fb11
9157f192
83d54220
59bbaae8
b0312ffb
2c0ea69c
e37604b2
5feafd02
091d19c7
ee903675
e382a91a
6297fb0a
23284bd1
601da1f8
507bb6c9
f2f23698
300cfd88
5808e096
c75a51fb
21cb9e69
12d47a2a
2fbfe8a2
87d3ff17
fe1d02ef
9659742f
a345c061
72745565
e3c9a829
0f508aaf
dea9d00d
71a84979
686df27a
1279f40b
b3e8cc97
e5354cea
d9ad7d7e
b652499f
135b13cf
557ba09e
0c66756a
9ba1d5ef
8290c941
ecac373d
233fe118
3c8d5c56
77fd2d75
982f6fdc
cf4e73f6
2726deae
629f7a37
36e247bb
bcb60e91
d1e61443
7ea1c374
9f236273
9ec20365
0b774a72
a51616ae
9fbf4caf
b37860fa
53889669
69f74fab
804f9aea
114e8f03
d57f65d4
017adff6
0a026434
961c29b6
7676e443
f524f6bc
159b2be5
6c11c156
d35e422b
787edb66
c15b170f
d4ee7c92
74fa14ac
fb9e7cfb
b421d99b
6d4d3c52
92243f11
ad04abb2
362c06eb
68d68ff3
9c3edf87
be0d9060
8c335a60
089a123f
11673d71
2fe5a4b5
f51a688c
b97d25a9
a4c962ed
9a045247
19dbf641
856f5cc8
b03b1dd3
a3a39673
fcde4665
b64d71ec
166f4754
2e32bad6
54608a22
e1b9feb0
139da167
5193455f
1e2f81a3
2d69436e
a594bc6c
713d8960
c22cc468
0e9cce38
7c2b3735
437ed033
b6676d6f
229eb1ca
6056f8b9
57716439
05394182
8c2bf7c6
a8ba9b4f
81b3d266
84129cb9
273f381b
c7bb38a5
b556d6b2
9f948f32
c02bc96b
99d848e8
886511ca
61d4d864
a1dc8408
1aee0866
a7b61777
ce407ebb
f378b070
4bae9bab
83ad4f06
63fede20
bf6ac59d
1cfbd851
99c8be89
4d22e925
10ce65e6
522bb03f
a1a40709
09e3c2cb
46e9d8d6
c397e3cf
c22d9b38
581ed03d
c13f1711
5879f91f
8c1f7cf2
13a0ab72
df13eab5
eae66977
dedbc8f3
5f7a9931
87cb5cff
66cd9075
4ca81894
b8ed5669
562f9059
20b8ab2b
8e67e965
1a2568c0
509b589e
4a982e1a
a4327f57
90c5bddb
c8a702e4
378945b9
f8f32ee6
38dbae51
ef24b3f9
522e45d4
c8059b5e
16a2bbc9
7aacdfa4
ca5dce08
00020f06
7dbf1117
6c2a65f9
323fe3d3
06f97ad1
1dca8e00
cd5fa8a5
31298480
36890fdc
f92208c5
bf646fd8
6171a477
ea12bf88
019fce59
f2c6dc13
01d1be91
f6733790
80ae85d0
5281169a
7a1fb8d3
2db65471
0038fa4d
f15beb55
0a10a4ed
cf2c7ecb
5e52e891
6b59ef11
81c76dcc
e3a5a593
b5ea2d18
f963f2bc
61b215e6
42d64841
f01b986e
e1d52545
eac9589b
fa9156b6
d8b82c35
7ae2b7ea
afe3dd45
5d29fb60
2afc8202
ed2f74dc
752a55c6
cdc3cbef
237047b0
5b4c1c13
c10c1ef4
18854c3d
9154233c
b3469d05
7c27a3b6
8275d45e
273f0c01
1156a49e
7d65c9fc
4f1f51f1
01054f41
b54a5dd7
20e8974f
722ca7af
3dffaca3
c51eba56
58da1cfc
73f7ba9e
1023214c
f559f269
a9824b83
feb924ba
9fef3c0d
75baa77a
0beb0dd0
207627f8
75a3e23c
3568bf0e
73a4a70a
0ff701a8
178cbf69
8c5a3479
907b5373
b8bc8159
3a611752
09e039f7
d5050d98
e270cfa3
8b1e9e41
4204d76a
c5d698de
cf6724b8
55f61940
4d1417cf
325f9719
d7263fa7
0a882e0e
e674dcea
c0dde1de
e025ea0d
f1e8f35f
1feff75e
c18cbc5c
96e5fcbf
073308c6
a35481b3
5f3df842
e68cc358
a218794b
0b18b5b3
a875b7e4
cfae2ca0
4d7f1e1d
7921c123
61b5b581
37ba3e63
7ebaad58
4926a2d0
32e161ae
c4417644
bbb9e300
7cedbd6c
a34b414c
a7363b5d
6be8c513
1a190a76
51ad2c7d
707c3bec
1739cdec
fe0f0f6e
e3bad37f
83789d35
8b10de1a
8aa91813
9cceb406
03847501
29a661f3
569614df
15ba65f9
79a8461b
5c08cb6e
e9c0125c
9af714b9
746119a9
bdd65263
84db3c6e
89873565
8a5ffcf0
cdf90410
4215270d
386a7a97
902c806b
041def1b
8624af64
6accf680
778d1d4e
50b25cdc
7e13f848
2245e065
5768e761
3b18b6c3
95d8c443
274cbf8b
a70d7d75
1cd8fda4
6ee3fe52
341f6e06
e2279fc9
2a0853e6
2ee4f85c
8c0b35cb
bcf632d2
2f25bf04
806b1fa6
906a6349
5c668448
111785df
d42eb429
57d93afc
6056d55f
e5506c01
f2d73549
9bbdf1b6
94ef4d13
d4ef6515
31f6ff53
2d81e3fd
2e372b42
a0bed34d
203e8ae6
dd2478b7
1464846e
19c9c55a
0d30288b
0c08dffb
e9013400
3fab2bc0
00b3d389
229b13e8
5c2040fb
d3de5664
3b49874d
7fa4713d
c1f6967c
741ae3e0
24b80db3
84c199b4
491f0baf
a53d4cda
98675ba9
115a0620
625bf30f
9b79bf52
3ee68a7b
1a9a284f
adef1746
aff9e865
cc5522ff
695429ba
6000eeeb
c66bb0a5
bf965bda
e949142c
b252c88a
833c584b
0e92b671
53cbf1bf
927cef61
fd89dd89
012b4c35
7d16d403
554a1ec8
c4f1a5a1
f8fa4de3
9988dd40
c6331650
3bd1c1ac
7f6c4b9e
35e1e2b1
3f4f0b2a
1b6ea3df
2db1aef5
158f5a82
2533d84d
9970bd50
5585bd9d
a4fbfc46
b5196e1f
83828c32
92900330
cc3f032b
a714d5c6
882d6910
84e00977
3c1bd990
a216ba84
dd8604c7
bec3a348
9ff205bd
37fc89ff
7ea4695e
8275c3b9
7a5d29b8
322287ad
3835ce06
bf5c917c
8313ff65
631b025a
69583db2
b3271265
7c18c0d0
e45ca8f1
5914ba50
0585729f
d10e29f4
9224de6c
34c20998
cbd75f60
2752a0dd
1a6e1659
cc0e1b6b
e30ce79a
800c94c5
40138c6f
0250e0a0
d6d91fc2
51058f12
fc105341
397907dd
29d7c89c
c8403f3e
3b54854d
d45366d3
a9a20877
fd3f1801
d9d9d4de
8b0eca9f
19fd7591
5eaec8f6
71b92eee
d8fc5f5c
31e92c37
99970600
53b06fcb
976d3d0f
29546849
2ffe5687
40f64610
8eb4434a
dd7d04a4
c0def050
c44b187a
4fc570d8
da1e06d7
42599d15
4e9bb8e8
0952214b
e2179936
371b646e
2947bd05
02093cb6
96622159
9b6467dd
e4664e52
982f0804
5cd926f3
78e824f0
f2b543ab
02c1d7ab
3ea1dd91
a76c1c18
b90ec38f
4e9d7530
e75ba08d
fa036c28
6742da8b
be6734c2
47144f1d
100684a6
d2d6b90f
bb1c2574
c9e5ef0d
f48ad4ef
6cfb1f64
ede4850f
d5ee2e0d
15df455a
53fb07e0
53e4d203
fd3e0cf1
a8a66681
eab8e3fa
2e3ccbb9
5e3db39c
e186b0db
c424a9b5
735606bc
c3ba30fc
311bb7ee
bb2cd7bd
1ab78d50
88a2e31e
4ce866be
47cf5281
1e7bad8e
1281550b
3c250a7b
302ebd0e
166ed7e9
5ee1a5a0
20e781ca
cb0b9d05
adc74b50
d10049c6
df245e9a
ca11a8c1
1e371fe5
44b3e100
2aec5469
ac45af79
2cfaf62c
35d6a953
ff6b9c8d
13b524f0
524493c5
c7b628bb
5688748b
5b3e2867
586268be
bbc1e284
75b508cc
4130b1da
b67091bf
2ca3501c
92be9acc
7d007ddf
25cf34c2
a9b5b849
c92e75f7
f58251df
48842e63
644d3027
8b7f9163
532a748a
aadc70b7
bd9ad892
37959116
33556a6d
5d082941
5c248f71
7493fb14
75dea36c
97dd0515
d8886bea
6b5d6310
20df116f
9ca092d6
51b8a0cb
f19da17b
f3ee97e2
034a2a0b
876648ce
818a51d1
bdb29529
0def96e2
1946861b
f935d9f9
0351c77c
4c750ec3
580e1ab5
f0461439
6ae48679
bf50b6ec
9821276a
254b188c
8d0dcf81
ab434a1f
8219a8ff
57c47cfc
d3298af1
ac8ca28a
23622264
82fcaf93
f6d64694
fe9feb56
7d507f2c
240d08b6
266acd5b
87f3c5db
1653959f
f8e8ba0f
1a8c96bb
832de056
dbc0c765
a6acd893
8a6a6fcc
35e20ca5
faa4455e
33f83779
97f6b3b2
719abd32
e1a12bac
5e4df106
edc56730
654bb381
7448d99c
8016aa01
ff82b5ea
8ecb8fd5
191b59ed
36fedf3e
4e345ff2
7c85dff7
2810d50a
64800612
ec0cf253
3a93c570
058169ae
3e230374
97f82612
f47fde6f
f9f50f76
5b678c1b
f6739449
1ba430b4
2bed33cd
3f0e75e7
c7ef4afe
f8a32966
2c7b5381
87614004
43536134
c1cb274e
01740e3f
96c662a6
08c3720f
b6d6888e
9f2816cd
23cefe95
7f9833fb
450a8e08
8dbb09cd
7cd92e0c
7a08d280
6b44b72c
4988767c
afbd6e3f
4d2b6f42
38a4db43
da51be05
5fbc716d
e3a68d05
72c0b4c6
ef509baa
789112b8
0201c4bb
684187f0
4f4ade4f
84e5b5ce
79d1f0e0
be77b3c6
49e5afe1
7f27cc4d
536bcc5a
76f3bc6a
2ea16675
4f972f02
e4907d19
8d563880
0285a9c3
400fd1bd
fd3db881
0f9a0f77
80edc1ed
22dfcd25
b41b1398
1b676d2c
2e905fed
88d0463b
82fba030
2946b28e
1df6ada5
c00f5904
4ed65ef3
2407f297
90fa881d
fed054c1
7d49d245
a72b6965
8af220a6
12367d75
6e8ec499
75aa4d77
bc92ddd5
0229c661
665a9973
9be89ae9
9e0a28d3
b9148e3b
32acb012
317aeae5
e8e9e236
41464441
b00a3466
26576b85
afd26cd6
ab5363b2
238d4420
ea293524
5d37bf22
f0a6e32b
b4b13c0a
f53687d2
9c5673b4
163b8e24
981886bb
913bf95c
2c11c4d4
85e29cb1
18ee26eb
5a5636b2
0c8726b2
e27341da
c340db3e
dcc9928d
3d90fde1
67b55217
730d496c
9e342bfc
723f6d79
6d905491
874aa510
aef15064
1b4fd15a
cdf8dce8
1ad34c9a
1b46927a
e83f693e
a60dddf2
abc1f64b
3413452f
ca67e5f4
edf6ad98
30f386fa
45b03b6c
196eda42
86f99171
2e2a885a
9b1f0e8a
23000e4d
7bfe5a09
a75b6896
83707bf2
0dc1c355
80c44980
377de23a
ec661347
efd26c40
e91d90cd
3b87b4af
6f5476e6
d0900262
cb596b8c
233b8b98
1b5cf53c
3a9dcfe1
ef546471
1894c61c
8ab7c0d7
270e29a1
a5756f3c
1acf85d5
a4df4d0f
e2affdb0
be2794bc
dab66e64
f8265ef9
4cd587a5
780a6f15
88f269c1
7c8f4fa4
3a0b2639
874902bf
44c89730
93f938c7
28d1d457
593c923a
a40d4767
90d583f7
35c507e2
3218a2be
efa142b9
39362902
7ed4f629
e2256201
82c9c353
eedc3e42
4b9d13c8
d568807a
6993fbe9
cb34c35e
38ba74d1
b22d97e1
1ae746a9
b471e9b0
a1b20f73
ebdff4fd
bd4b95fd
317e12e7
9773e5b6
936f5ad4
7e893f0e
7472a4fa
3d53650c
6fab7355
39fba515
e67d5499
d1240f2e
48fd0e8e
ccbbf918
c08cba54
af042757
563486a0
1afc5fd0
b1c4fd33
e233ca42
f403381f
f312a27f
4cff2bf1
99aab911
1f9734f5
d834e651
db2261ee
74e2a641
25785cd4
f2bbbf05
2e30e8a8
579bd67a
87c49ad0
874c837f
f34e752e
809ed0bb
0bba221f
b0c55983
6553bb59
552adae5
c0b9c61e
f7353e43
4f53b19d
1561a88d
2e730e15
b980b06d
5e25b2cb
e7e87855
f4b728a4
25d7aed5
d1a1bcb3
20c25aa8
197a8303
6a42364e
bdf7e16b
7a8e9146
bc66a7b5
7a964c5d
d0ab0fb3
9afbd4bd
edec95eb
95688223
20b8b615
f93ba828
0be328d7
b1c60acb
63750204
a589905e
67c1687f
131b0e18
29ded9f4
aee43004
34702ab6
15f8b685
662af531
2915e797
290ee1e4
537174dd
c0b7af28
9f0405a1
e9b56559
e6d29d16
1b70f26e
a29b2ef0
2fece712
d2d12c35
1da9045e
9979832f
8a9ac381
8fbbd474
5390f32e
f357af54
d118ad4a
52806d52
ba6a5a27
d4f694b0
ca726780
56c6bce1
aa0155cc
97aa2790
b85189bc
a5afecef
5e763e36
afa6ef2e
3a21d7ef
1b5ac7a1
367608b6
1b76d3c6
e0c01b61
96251c57
80533680
36ebfde1
63a8d00a
4c9c371e
858dd601
d6f0dd47
6653268b
52cabe8a
a6647ce7
16e98b7b
d759efb8
bf7dc70f
f418bce1
93194943
fc1fff3b
7ceb4627
91da2a30
47144fbe
129ef12f
5bd59932
f686042b
f66c9a6a
c11cf7ba
a29891af
a50816d9
5dbfc330
1eebaa5c
1fa3ee0c
2e29b89d
3e789400
b3e8cdfc
e0b40237
7ea89b8e
d6f4c122
94c46f0a
3d815098
e5d93171
bd1961ca
b52d421a
b0af990d
324d018a
ddfd1e34
b94f8409
701e9d2e
d4da9293
579e8b37
59fd212b
46dfc727
79547f7a
21d3c0c7
60aa8862
057cc691
287ba086
d10298d3
c10f823f
184729fb
527edfa7
b8c51722
5e0a1c72
ad0e04b0
de9e7dfc
351f58ec
1e544a4d
74a999a3
b42697cd
bd3f90e2
ab5d1913
0790d8ac
8c2f8b2e
d404c4eb
dfa9d647
4949da17
336b6152
b760d0b2
03ae0729
aa23970c
c08d16cd
28c47b07
533dd275
c713df4c
23ba2711
8c5ea31d
5f98cf63
88e50779
294c5cfc
f8a23f35
57dcd277
7fd8c37e
91512405
0fea034d
bff3150c
770d8f05
1b44c213
e3da9190
8cf1e5e4
b9ea8582
c20c94cf
423ecc25
ecfe1ef8
cb002468
3e25366e
85fff95a
20440230
a0481411
fb86cbf4
7df30b88
8cc2bce9
b0a1d986
f9bad58e
c263c56b
e311f98c
5822e41c
908dafcc
8bf393b6
c920c1f4
f2db061b
d11dcdf7
7cc02d66
54f6ebd0
b8194dd6
a5db65e7
e59bcbd4
00c1b124
ea406096
2c08a45f
28e85bde
51e2c8f7
1779bda9
395d342f
64cbe3a3
0f4e707c
e9738b5c
9b10ad50
59e7abad
3ed9e164
5c5963de
7471e22f
4eb0e095
06ef5144
743343c7
953e11a2
b6453ec7
22271729
d888be48
277ae4e8
071cfa7b
92291c12
84cb9c27
1eaff780
ebaf724f
b934873c
13b16975
ed65117a
a604ad3f
47c9c92e
a36afd58
64f1e438
56afc863
5bdc09f2
86a6b4e3
5765633e
9b59095f
f42438a6
1528e6fe
371362a5
33ba0fc6
3a1c2a07
54ce2089
8b365426
77e42b1f
a271f9dc
340cd859
4ff2549a
a943d36a
b6f1a55d
c912ca70
9bccc99e
5d1e14c1
6f491b42
c80ed712
4f7f52e4
01538ed5
61abc4b1
3e80edcf
441a9633
cd4356fd
54080353
d82b6522
256093c5
d41d2169
76371751
0f72dadf
d10b09ab
b7f80734
54c54bdb
4a74f584
4c47e326
b44c1dd7
c92a23ac
26a34563
8fef4ee4
a04c425d
28f93d9e
e615bd5b
66604504
b6debee4
4143c2c5
1a74b748
1f23d1c6
c67f4a2b
c87d8b76
5b7d881f
a5bdb920
41afbdec
745eba45
c1df320e
d442d9e1
60a9759e
8d48c0f3
3f8ba158
3fb01588
9d206a08
9c456538
2cadd469
52375059
bfb9a4a7
ee8d2711
078b66e6
01a5faed
61f8b7b1
96db2af6
8337f5b4
cda825f4
ebceee9f
f5bfa7b1
287965b5
9d373d92
2a2d5ad0
af94570b
8bd19391
8dde0740
ebf21abb
bc00f3c9
ed49dc55
0ea1f1b4
227a561f
7f89ca23
9f7ca1e5
63408ce5
295ea4eb
45b4fb4a
816712a4
0547c49d
47575497
1579acd5
3c808824
9d07c226
cd252067
4c176a93
89ee1c11
07ef3dc7
eaa2106c
bd57435b
f2bd3165
c6a6de8d
b39976f6
35b8f2f5
572ea7c6
f912e38d
090136bc
d5028bb7
0af1182d
17613637
055e1264
254ccc4d
246377cf
19cce2c2
3708e108
4e17671c
fc627aa6
d5ea849d
2a55a201
5cac6c6b
f50dfb9b
05a96a24
35523412
09d9f2ba
c65b86dd
668fce3d
764c12b9
77725e34
aa2ccdae
40bb9822
4447fe5d
ca0c70fb
c6756cb2
17803123
252f67d1
f371445b
a4b37d66
a8e4c5c9
3be24107
0b918426
59be6c2c
134f6011
16eac957
b7c1d857
15a4b872
d7fd9dc7
ececb345
2a01eee7
ec7da429
47eda2f5
85dc1eac
c73a28a8
c7c25e5f
0d36f33b
b96ea8f3
e26f27ab
d5d2d826
541db6ed
bacc962d
292d6709
3c4cb80f
c2ecb889
ea4bfc97
2ef3991b
e7ca2993
fdfb050f
360fdfe2
738cda7b
f0ba0d5a
9333af92
3ef202b2
aa2bc1e0
90e2b58b
0c2562e2
af57291e
04ed48a4
12ca5558
544e5468
46a07a29
754aa5bb
1e477de5
ce8f0618
e7ce36fe
032d28b6
614ccecb
ea2f82a1
550e5c1c
4f3ff81a
b7a0e084
ddb69edc
c3ce24aa
ec3787e7
85a659c2
9d59ef2d
b73ff113
6aab063d
47f8c26b
a9043b91
e0b799ea
62d0d5cf
7548369b
00f68596
d8c19b34
9f4ab207
e84ce6c2
e6070d88
f177c433
37c5b9ab
9ee3a3b3
b82369d9
761c49f5
1b705ae4
15b68cb2
40357ae2
0240e796
c8f7312f
f48a0e86
1e08114b
980e943b
1bb3fe9f
e865b94f
b6c2abc9
94c4b894
7911169f
2399b4be
b4c1b919
ffb9c5e8
27906b2a
7452f450
71c4c6bc
cb757495
d91b2aa6
35b924a1
348c8ad7
1f113fbc
2432da2f
9197b714
89d5916e
44f1ded2
9a5f89a7
0600de52
a4988657
3e15b3be
8424c66f
81cc2b7b
90ca6c6a
75af1be9
4c9c6080
d10c1806
1392d100
7fec4ef9
3051a9e0
a8d8c196
ada16583
a339e46b
692dbd91
0d61a91e
300cd2df
e0bb9974
e13f477e
33c0f156
90aed3c3
100443a8
9650fd90
b5b59541
e4ab6f2f
a097ba88
af14bc0b
2a2dc861
f7159fd1
d91c2966
da2828be
38cf6301
414a0396
2620a24a
7f5694be
15e1499e
a6806917
dff94406
184608fa
f27dae96
b246e561
b3b4b094
91626aa7
5aea733c
8532d63a
214ac1c0
572d5259
51a791aa
d1c28c03
88172862
ce70830f
1c308ce7
b8212c11
29cb1ac0
18f4cea9
a5146919
2edcfd42
9fe85af8
025504c3
fb6b8105
e227f0a0
9a4c2999
f09fc2e6
10a3d667
278f6950
9e048c42
fe15bb04
67d6e87e
e1f7d752
78aec15c
b02732de
99e7e5e0
ce213eed
d661a873
8e988144
48b98d9c
584c1239
9b60b8bc
0298ae67
fddcfc6d
287cc5e5
a8c78d25
75033314
7f56ee24
f0d5d2cd
1b06a6eb
34af81c6
5673522d
baeb6af6
210de4ac
2e9d6660
c875ce48
46222456
57b44542
3c91334c
45ef7830
f7cc85c4
89f2f9be
0e6f095c
07db213e
1c66c8c0
6aabe59f
d519dcf3
3e7ebdb0
d0d1e3d4
79c9a5a1
e2c9c0ff
801fff14
80555daa
57e1031a
87cd63bb
5cf8daa6
b22b1770
c86a9d52
e3d286f2
d29f71f4
a89c1b24
54e955d8
b41f34d1
02228ff3
284405bd
b68dc944
fb0c9c56
784b6ab5
b6a5c75b
c79aaffc
dec9bf0e
cc2978da
857b6123
c2b1c40c
bc371b94
b7f332f6
e41ede20
c482f86d
ea6da0ea
90693592
6dbef11f
c03452f1
0720af44
4bcce220
2699b564
169292be
dc6b6b5c
9116c85c
4bb0e612
b92338cb
197ccd16
9b17e259
8cc2cf17
7128f567
9f007605
a9d34245
f2ebd388
9bc86f65
52b40a97
af36efe4
2b8086a1
51c3da6b
7b5b4aac
53d6b6cb
24fd1dcc
6fdf13ae
38f83a1b
c8d3fd06
591fb15f
49b4de65
9d7afc79
9c421d63
222c4014
effc3563
435c58ab
c162cd6f
81234008
cd64a7b9
6be6c570
da5b0654
e8aab89c
48958f40
d6c38c3e
4fc7ec1c
fac292fe
bb3dd0b0
2451d485
c6ee0745
c6d22c86
eb1709c7
4fd276d0
2006bcd4
0414a45a
836a2eb5
1121508b
5d358f73
77a8bade
7e9a1e47
970efd2e
5dc8361b
3a64085e
d69d28c9
0302106b
60e54d6c
e05d90c8
1ad384aa
2298c0a9
6b32400f
45458356
50c801e1
4e753afb
cc6fe3ae
335d4fc3
ce0930b1
ebf3f37e
26134fb0
b3486002
56478b66
42480693
11d2bc1e
8c7ab9f6
b3c69ed4
6399f59a
f879faef
23ab56dd
676a9ec5
a2f6b71c
f6b4afd6
0a859051
a9726ed6
71b34cc2
1d4b1a37
bfb56311
693e15ba
daa90fbe
9088f031
5f5c79b6
dd30e1e3
e090cdc5
dc2a3b71
f3ce8cb3
69474e7f
9195295b
a3743384
859081c6
20a96952
bde6ddf3
ad49553f
7a302fc8
86eb15ac
6f8217e3
82b24adc
b6dc4a28
ccb3e964
827904cb
fee682db
f9034525
a5521336
01a0b52c
f7a2eb6e
f320bf29
7c78442b
eb5ed4f5
09cdeeb5
377983b8
e6de87df
f28ae56d
6ac55dbe
ef2d5de7
d6a26a4f
e69330fa
910a273c
6854748a
3e6dbae8
af2f3070
6d0388e0
9fef5b0f
e55ea848
3aa1bc03
a91a88f3
f8960ad1
004af0d7
9457c01f
e6d6d095
a449b017
db283f72
44043331
8e2c3200
05eaf0f6
2577bc8c
8e2cea1f
7e8f76a8
9b1dee25
fdf2f469
cc8f3f16
46d0bea0
71965262
c093be6f
5c9ebdc0
eff9f233
e640a76c
a706997a
f1158eae
58cdb70e
2bac0318
d225891f
03cd4b1c
ff7d572b
e69ba107
c5da031a
32993906
a287889a
2108cb50
34383b41
59505fc9
0783853d
93a7cb4f
330ddb28
857b7c9c
b7f9b4e8
adfa7f1a
a1308cd6
a5e884e3
1be37579
dcc1943f
2686609c
b8272f16
e57dff74
08f9159d
631eb7b8
08d444cc
89fd19aa
73c1d50e
6566067e
109b01ea
64694e99
faf340c4
cf9abf91
9572a705
f3de9e4c
22f6c6a7
be692d76
e333b235
3bde496f
ac89d2d6
4cb86e5f
6f067226
891eb267
b51dc40e
be1c5ac0
9dcc4c22
9d48c6c6
3798c5ce
cb03599e
a629f946
b92fcd06
516a8561
391215c2
0ee76af7
94869e4b
aeb4606c
7587d730
63538080
7b32ad01
fcc1d348
13beb39c
7c677e3a
e7ae8aaa
e981eb37
480b49c4
0748f2fd
3bfc90b6
94aa8c23
60ff5834
f4ca24c8
ba3ce0c1
e2bea9b3
c6929c97
3506f4f7
9894465b
1bbae0f4
b32c27e6
cdcf7dce
6ca33255
57db7301
0ed2b45c
537a1670
2737cbea
17167d2f
cecddfb6
d25f804b
6888dd60
17b87ab2
0528ee65
046c00f7
0a26fb0e
7dad640d
f4b93ffb
bb80fd58
215e46ed
d9f1d7ac
8380e3ee
6050ee10
cfc8cbf9
004794e2
a9ae1c6f
2e5ae6be
232ee0f8
19027360
baa54237
4e96c386
4a2f5655
bc5162c7
913092a3
eff2d131
0f41d0bb
9f83e810
b2b2b350
7fc0e6bc
01fdb1d7
4f264cb4
50a1726c
a3756e5a
d97b09a5
b1b145c2
b8206186
360f8a4e
2f83144d
ec58cbc8
51179a58
e9c5a5b6
f31a2aef
7eb5a84c
bc35ffd2
7a387895
d076a200
82e2a37b
0738af9d
4babd9f8
220cf7f2
22afd8eb
efe85272
516a7481
e0b134fc
03f42a8b
520432f9
5f346254
bcaff68b
0da84134
b456bd93
1f796041
5d5a66d9
21a88d39
31f912fe
677dbe8d
c522adbb
82253bd1
8ebe26be
0751b2ca
1015a38e
28e2063c
6c93f7ee
5fa9e5f9
01c87a32
df4993d5
4b5beccc
ee8c820d
a76eb00b
5c92ff3c
6ddaae46
3a5c3baf
1819225b
b619d232
07a557bd
07068394
39f96dee
9cd05e4c
742b2dc0
23f78429
bd2b7f90
89fbc97c
ea5213d6
ad387f82
fbc5b226
fdabc826
11460451
e845da57
32ed69d0
6533e15b
3a093737
8114f140
f8a3251e
1c15c8de
04c51179
7ba6238c
45287087
2c2e167b
32c1206b
cf452aad
28074b05
ed96fd76
753ca92a
e32abde6
2652d20d
fe7acc84
5aa9f151
f4ff8110
9f6decbe
7dbd85a3
6c39e7c7
48e4db47
a20602a1
28106288
ac6f65a8
5b92fd65
83f5b03a
8bafb2a3
c286679e
c0c1b424
3eecafc6
c99373cc
5abea719
45e5c6d7
5ad45148
cf5a1ff6
1837ad24
5ff8264d
3d04d175
426e7ee0
3bf53f19
1edc7352
86791a29
02b17e57
820a95aa
c7480355
237ad844
763eebdd
c3e6d19f
237293d5
50096171
f8c89322
bf3868f4
f6f08d07
0d53cb4f
f3783b12
775a22ff
53beb4dd
218f9faf
9d38c4d2
31fa0663
57fd81f8
1f9cb139
bec16964
ee59b2d2
d87044b3
cc2fd4c0
e04e3cfb
ddf8ad73
c2838258
ebd3bcbc
14ca215e
4cd8ecee
79e58dcc
c3d155a2
c5c94310
58cd8d65
c54a6375
adb47b07
7845c7cd
d73cf5f3
79d49772
8c6eff0f
2269efc8
ed8ce000
4017c006
bafcddad
0864cc29
add53ff9
4f69476c
971a616e
bdce5255
871dfb77
3613ee8e
3383668f
b5078de6
d3d698db
1972ef1d
d6bcc7f5
860a5a54
65572274
a225bdf8
a6cc5195
b3221aaa
fe9370b1
80260693
5e7c9bc9
6dbe742b
c453f376
fd90a368
d6472556
6f527820
2a9b696b
b1737cb0
02476b82
09dcdf39
d54d72a4
18202a28
b1c1b7da
606c3ca7
18ed443b
bd25fdce
511bac80
b5fc6665
1f2b855d
9f82413d
2314d70f
87581555
3bac022c
c6d224d8
cb65da7c
75662f49
a165b6ce
e033df10
e1e3cdf8
93ccbb16
91615161
d2e8b427
49eaf431
faf72f67
fc63ddaa
7d0d1661
27ea69a1
3111e50e
bbb45916
2246aafd
14375f51
047d175f
74422694
2287655c
0bbccb0a
c9658ee4
6f9f65b8
e62ca1ac
313a0ca0
6568aa17
75643242
96ad7154
287a4ff7
51177995
7a955667
db62172b
a96046e8
961fd0f6
ec25f836
37412547
6ed05ad3
d4cb0ad6
07a393de
ced54f72
805ca10f
9bd42d11
d0b6476a
133a63a7
b69b2c00
b073f42d
10305996
7b5016f7
48578c30
83ebcbd8
a8866490
e69e85da
f29e07c8
7e84c19b
304d8ac0
a3ac830a
4a76876c
c9f20e01
8e7f2918
00df8a76
c3b7657e
cc0eecb2
228c2bbe
588cb023
1f9e5b87
4934eff0
4d9a3735
64eec3eb
2eec49e2
5ddb1b4a
e8fac673
b6ab3349
c88d1e28
024d5a0c
889d5fca
4fe5c178
0e9de93d
c4f80ce0
69e9a412
f0129e47
d89fdaea
5b93ea6b
fd0db984
0d9e8fda
50d19ce8
0ad9048e
6352e4ea
c638daad
70cf977b
c6367b0b
23b4eba0
66d62cc0
ca81d187
e698723f
f3232c50
43858784
9ddab9fe
96468d0c
bb02f11f
410d126f
8b50fa2f
16bf5485
79ded8d2
fa5dffb0
f0d071c5
23fd7891
110cc226
a04096c2
e1897e4e
065bf4ae
610f11e9
e57c7e70
3cfb2e09
7e7e7014
bfe9ad6a
c2d1a148
29e39cb4
14d3004e
ef85be43
51f3bec5
e34ab7d0
03ad4c08
efaf3ade
166b2a24
16dde5d3
e69dcce0
bf3d8f60
d4e08908
7dfc96e8
0b1dce78
e8807531
22e2e262
ab7d3b95
8dfc2fd2
08cb11f1
345595eb
5bfe657f
7d681437
8237b3c0
fdbeb507
48d65188
de050f9b
813c5c60
5cbb7e38
5cf09746
8d16790a
04d41a31
75dd46f8
7d472759
ac253a6f
667324bb
5e6cfce9
ffc63e31
38004411
20cdf650
5ef09333
de4c7a78
71690dd9
4a92b3b0
80730582
f8a58983
7b2c6469
0386c899
88253fb3
d5ba431a
26f0f336
2a53c0dd
1b4176d9
86d3ce94
1f271394
57e84afe
88431105
a61b42b4
07f917d2
856bef33
e9339dd5
cba762b1
d9db7869
6c166342
afb01cdd
2956b3c8
1ad647bf
96181b4f
3b478f17
9e0442e5
dd45d0e9
8c40abe5
beb4a81b
5d4c65c0
ef75aa7a
1d622b87
5a4e164e
8874dbad
732f378d
2e057122
840f5772
b2c52042
cf600fa4
1c09f52e
7728ab78
2ab4d13b
a2eec732
3b1ffcf6
54aa8876
b12d1e24
4fdb7d50
2e5cc068
7c62f340
6356aae5
77406de0
2576435e
4ea34fd0
cc72d3fc
57ae07ba
7c788ed6
d9ed78e7
a8c5d07f
4b8d1a5a
f003e919
29317ea9
da6fe6bb
f1aa2907
25d8fb02
6dac6d9e
e3e46fb1
ac5d6fb8
34e782cd
537652d2
bca796c4
81990e9b
a90de97e
90664e8f
6f47c8d4
5dfd7cba
bf22f46f
d443f3b8
eca072e2
bd74301c
55821947
c3f4b052
ea258f0d
23445f0f
bc1880fd
2ce9a93e
2002def9
0065a1f7
3f38609a
564c18ef
7f63daa7
82d02f3c
61ca7847
f6936be6
e6132431
d03dea1b
c2a92824
1216a5b2
12b05aa2
2566dc50
2378c7e6
4b075ea4
baa2576d
f9be660a
9a98aa15
7493f2f8
5352045e
68e07bf2
945f0f9d
c03e3c2b
f0d0a136
7a347aed
585dab79
4b6d41e0
89773948
a59fc287
e42e8060
b071d451
d58d94ac
841cc320
93616e9c
68e48965
c0c2e5a1
12a7f8da
5a250e84
854b9cbe
2d58ddd0
eaba1281
b5a6b874
37a92d20
53a9a0e6
911f34bc
86996078
f8509353
ad6a4f8e
77e445a3
155b1b6b
b0fe4e70
5f3e2fe8
c2af33a9
bf9a3944
eeea66bd
e58f63c3
3717e038
a90033b0
41bae56b
bfe6f7e0
42422acd
e46aa140
b81dd541
540b777b
66654b29
2f019989
9a2645b1
0099d3d9
66bf3ba8
b88512ed
41cf4fa1
af5c4c3c
fda03571
9ac37636
74bc4ab4
40bc3c61
213f80d9
f5bdc12b
fe887b07
ccf49d93
b79c9430
864a511d
415b7209
cc52f504
ccb5b3dd
230bf9fa
daa66be0
ec9661ad
34d9ee7c
2bdb3417
e667a5db
49455a15
a2f6e9d6
864ed030
d5573c94
6a711b36
6be8081d
37983068
03303ce2
9123a834
608e1ee6
c90366af
1f0c5cc4
0606474e
1313e719
91eeecc1
c2abb5ba
37895934
89553b03
e89ccf39
5e012704
26d2d4f4
f5c13092
a9b0361b
411335e2
d243a095
6c7b241d
17e88c41
ca754151
29b55fbe
ca190d7f
9d658c24
b0c250d4
a1cd1ab8
51d96555
d30c866c
3be5d60c
a5a6c55e
dcaa40d8
02905a80
31cb9260
3371c7c3
7abde2e7
1acd5377
a4de8fe6
d16cdb97
09ddcd98
bdbc204f
0f0e4e35
1fd92771
5dd447aa
710cca7a
e03c353b
b5f7a8b6
5cc85006
8fdfd722
d24e1a5f
31bba97d
d6114dd7
0ad19242
2ba00fce
616286a2
076d1159
0d8a1cba
8db20d34
4e898cfe
9dd81dd5
523cae64
39f9fe1c
c175dd21
20e9c969
215854eb
53610029
1fe72afb
adbec347
cf152c2c
3883b5e4
89dd4d9b
2da9882c
892cc93a
117ba6df
d1aef5ef
ed715ea6
121a4374
14e9278e
33070fc2
8d1bf11d
943d38a1
56092795
2d8c63e8
9fd75110
cb5816aa
f82b7fec
6d0034e7
1800c409
10bd6d69
1f126fc1
0fa6b034
edabc064
21465c57
b355ef11
d84ec10a
0d9fa69d
d0c33d5b
5a68db0f
602a6aeb
83949650
3a8d411f
c773e148
d00d2045
f4b2f2a7
f62ebd54
11019f56
7f828a43
f79559e6
c99f41f2
15833562
16c6d255
5d0e9673
77d683f3
52beb4c7
00e4cc54
b4ae1c83
90f6a49c
c8c5d36e
27ad6d7a
ca4f671b
f32e9ded
32f69924
db9f506d
03cffc24
752b4221
b082fe56
064177b2
3e535ec9
e4c0d58c
30547c34
4586d87d
4fafd019
0039f32f
f5dd8c21
cf684fad
152c1083
70bb58bd
6e32580b
835678d2
c5cfc074
85ea8c14
5964a220
693852b0
0ea203e7
95065588
a9583033
449ef41c
d9ba1b52
c0d2d17a
c5465c84
d40da60f
7942bb49
eb5a07dc
df9b938c
10a2ea59
f0d4790d
81493817
6f3aed72
60023338
eac1214a
13e8c1fe
713786b5
bdcdaee5
0a30574d
1be71301
c96eb782
ec41f1ed
9dfb22b3
cc0af2c5
d811666c
6f4f1c42
14245e01
63620f93
709fa5bb
0138724f
e1432b17
0010a9e7
b0a42d51
94cced16
24ab1d81
a478df8c
4ea90948
9f87ef88
2cad08d3
3b52ef08
b0c85671
fac34532
decccc00
aed11b66
3a0e2ab8
1473f794
3aa91854
2dd10425
a7e1f36f
a807aa89
f7822062
c2490d05
9ed242d1
07893b35
3d1ee302
cea4a41d
1ec208ce
a4a70343
dd2765a4
03ec50cd
b74332d7
f22ef13b
ad3960df
a57ac98e
752582cb
6aec8ed5
9dfc3a8e
4f130cd8
ff8b681c
c39c8a58
0823c553
61ba3ff7
eedd5675
c6695bfc
4fc30397
d98f7daf
f16a50f2
d5fde448
47eeceb2
5920f46e
b20fe0b8
8d003134
eff86047
9deec65f
e1859d6d
172a9b59
cc72b659
cd82bba5
c43c8d1e
e6739df1
2c7315f7
977780b1
8b53f321
53c29efa
03a60074
b6b4d5a0
ac18b7a0
e771b016
ff100d4f
298bd073
2336af91
2e5a6a93
020f59f7
cf08608f
a025c163
193c0187
b8990d21
be91565f
1f057232
992e38f3
983e8a8b
649609bc
119ab6ec
afa5bcaf
1e3a4657
88e128cf
12eb5853
45c190c3
8ce0aecf
be194833
74f3143c
d8e77fc6
d4eb2d69
998cec8a
87a87e04
857ffc30
25c1e8cc
03d4f0a0
25d77640
a8fd6a2f
b2a99693
8f0d636e
4f76e91e
d8f966b4
71dc08c3
e8460481
32102daa
c30bb978
30b88e2a
0ec60c14
27d99d76
9a9dbeed
854101ed
0ae29933
615e6ff1
38a32d81
ff774208
f1ff7bf3
cea382d3
61ce084f
b830bdac
5f2827ae
20648240
b5b79096
b30b1bc4
de0d8c5d
9f45685e
7b989e59
6222c470
6f37fde6
81e5c1c3
026a188d
6e089e30
c41aba37
f8de60b9
ade2017d
547724fb
adeb8d6f
54866acc
a22b6243
020fcb32
96572646
21643e29
7288e259
b6bd5238
83b1d4e5
9c882613
910b4cf6
ea2be73c
4f49a71a
0ef1832f
ec1bf0c5
d2602144
1f518660
dc2fa46e
3cec77df
f0ee1454
7ef521a6
82f01406
8e6213fe
4fab0bf0
f4768fda
94367e9c
275fbeae
c1c8cb8b
cf813d37
ecd28da4
11ac31f7
65c1ddfe
91b86ae1
006496f3
c5ed4a6e
f8b73bfe
e6d6775a
2f994bc4
dad8de34
e2d9e9db
23be236a
1db100e3
8802b895
3d1e94bd
1ea12c59
5e68284c
37513a7c
13c8fc13
8519dcf6
6e6f3515
9177ff13
bc20a379
a1b53c9e
c2f90e2d
84a729d3
52325abd
35db37ef
37f931fc
29119aff
53808cd8
016e1775
b39a0015
8083e2f9
674b2e77
523c2995
36d2a052
39c2f6fe
84bdab70
0ba5c0b9
c5e59560
9e7c7644
062b3dde
53896fd6
b0018d0f
b5a5963f
eb2cc44e
07028e1c
8ee58afc
c8f8b101
05c733cd
9462a052
cd788ca6
416878d0
8039a2c9
387bc7d9
509834b9
97e8c87e
520eaead
7cb2e540
23445ced
b3ecb8a1
bbe9d17d
b900025e
9038419b
9966de5e
170ade08
d5b4f5cd
2aa3792b
f54146e8
6e192ce6
3b3ceda4
778fe2e0
f1a74629
352f3998
91964256
624979b8
e2b5bfe7
fc67dd23
ffb46682
1fe7f930
f8f0a350
7fc076bd
53ea28f6
c868920c
9f069c18
dc32f11a
c02ff252
f2d00160
ad737bde
8313819a
9737b94a
63c7e1e5
609acd18
1e03e104
264952b5
8fe163fa
d0503495
0e9d0174
78c9138d
0dab44f1
c39f9b0b
2f228df4
ad1a65fa
d50ff028
4a56500d
8aa1b4e6
3b9875f8
91ca820b
f0fbdb0e
f8d186a3
c8b5d681
3edc39d3
8526a120
7153bd81
da9040f0
834b1f57
f4906fe7
d4f29971
7c43a97f
24e5f4e9
d56ba375
81af2d17
e5b21d31
6499a95b
67eed1c2
070f2a09
ab811eee
83cfc2c0
09681e6b
5e0a1c19
acaf697d
719dde1d
819d7d72
e856670b
b255bf50
b2480c6f
cb73042d
d528cb16
4507cb53
31d359c5
079142b0
d72dff33
71bec196
9806ff50
ba774866
3c0f9abb
244b3ff7
350a3b8d
3d0ff4b0
b0ab3afc
296ef1c6
1d9f07cd
51bdf6be
0222606b
8bcbc8fc
a8520356
ef2e5e0a
b90e83dd
47d7fb87
ac4fbd54
27470466
3ebf57e3
5c28e582
53883c0e
d533174a
4c9b9847
cdff964e
d9ff7375
c5a8df1d
17291738
8c0fb63f
23c5003b
fb861a9a
227d98f0
bd19d861
44a2d60b
d2149e7a
7aa42c77
1a7ccfa2
f29102a6
8a70d344
931b7248
571390c1
847feac4
5dcd9cb7
253a78da
2e00b48a
2aacf082
2321b15c
b44d40f9
961fb4d0
703516d2
8f08cb05
5b6c2611
2a635106
483595c7
ab2c18a1
2f3dbb1d
9394b172
b2e4864f
67839c79
959a799f
8f976dab
2665abfa
f04eec97
965f5559
e27d2f43
b538fda9
fb3c950f
5a3579e1
542d4fc5
4767b4cf
8e3f8a30
904f040c
6919310b
a836a477
ebb73f4b
879575e4
0c15cf70
0a89242d
ef9ef64b
1ba652e0
eebd79bd
70d5d678
894cddd5
4c38e16e
52b425e4
171112e0
9cec0086
836511f8
0a1a2bf5
a3f124a7
6bd565b5
2b176684
3f372987
9af33404
720a8d9d
549eb461
c0487868
27e6e68a
9dccb931
57b914c4
d11464d4
ec578873
b6653d3f
29986e1e
af2c3a53
24af8260
489eea31
2ec89b7d
8943906e
928b94e9
e2ce58a2
129b85af
27e4c3b8
4de01251
bae8a504
67463620
91cebac1
944188ca
0e4bd6a6
e77ab1c9
993ae468
734750d3
b2f2f3dd
7dad96b9
2020f184
fc1dbf0c
347f44b2
41c43206
3716a944
a5f5533b
fdd4aab2
78d90093
41a2d236
6767e744
ea6a7ae3
03ff4778
89166cf0
d5819834
366a0597
adc3019b
73f0eb03
bc87352b
1e6d7f7a
81ce90db
296eff11
27182eb7
7b1525d0
2a460ae7
8849722a
678044ac
8dab97e6
15b221ed
607a8c6a
0f0d46b1
5cbd9edc
03ab448f
0c68b352
5a5d3433
67be619e
da337f58
0edc9334
0bf1f049
8ae19c15
950f7424
0af2f5c1
dd150364
d24e06d8
4034fdd2
2e5490b5
340fbc14
b226e792
b4468ff8
d28e19a4
26e8be59
15535fc8
abe6733d
d5bdde5d
a0bf65a6
cd7bf7c3
c3fa0e42
c473e43b
a66fd061
d0181450
80ddde39
58469534
d6ea58c4
23a0519d
1bef4fd4
b0a36d1e
7d18b05e
097bff37
a539ab59
9a0aad70
3b3d9ee2
94d2c8d2
74d528f6
e8bb8273
86406f29
ff04559b
c356e740
e863fb7f
76864fd9
50db3c87
de332362
f1b8f7ed
07e129af
784fc065
882728c4
cacc553b
4d09b4ce
099969c6
b096c956
5e3b8c88
daf9f0fd
7822734e
ff3ea50b
5865c844
ccca26b2
8b98753c
22c943c3
5c95f5fb
a776792e
62222de7
d4451b28
932437b8
afb49771
960f925c
ecc02fbe
cfc4ff85
56ba847f
c0998bc5
cdcb3595
c441c509
60f3f459
d163b7c5
54f3c508
a608b701
adf121d5
b0b36330
4674a61a
84466761
5de605b4
3749a89c
491f1f91
f7403607
c1957627
8565906f
da6510bb
763bdcc2
b9d0d873
f903ca9c
8a515c34
9b26173f
61faa03f
8a5602e1
0b4afb64
d0ec7f97
bcc8b318
ffd72fed
5f7addf8
9c7e2cda
654d4528
70ec585c
8713104f
464ada82
be4815ef
2240d935
15aad546
af446a27
6213ffc7
a0893772
4a81bc61
dcb9fe07
8c5498db
f6b118fc
6070b74b
a5a46ce7
2f2b879b
a4c1c697
1e7e7b5e
f3afa954
d62068d6
bc626c2b
cd09efd8
eea06381
b8d66fc9
d0c1de9e
895f09f7
645a6527
372cba58
ac9aa70b
f70cddf6
faf75e4f
36e86cd0
553c5c49
08177173
21152f8f
1875325d
79e76502
3daa9b81
b58b116c
2379ad5f
cc9a80f6
0c05d834
57637515
01f8f755
fd59435c
73679165
a82549c0
22b4608e
7a1b0c5c
6980b314
83a39045
c4c25a90
7d93b658
604ecd74
85e22104
f99afd45
6073c5dc
01c17eb8
ecdb5fd3
630ef423
0cd39626
bcfa4c8d
58195138
35f36cc7
551fbeb2
fbfc5516
5a8b1a99
02dce8d5
6706e1f6
dc37f12a
6046a443
2d1d5aa4
4f7aa980
531e3005
36c58bca
702d8a94
ee922f4b
c4184436
5f42ad59
57d88d8d
8b48d999
9f0d8524
da8b4cf0
d1b7ba3a
f8edc102
59798de4
70620946
1810ed83
b1b16533
3ffe3cb8
f541510c
3377693c
14404494
868b955d
7029a6ed
da70b677
5b783528
e67e6306
69c87729
8281f35f
21a3e86a
c97e419d
28f1c65b
176f6686
8c44b079
533836dc
e990198d
be98577d
3a820586
3c6deb7f
a14b343e
3e5e6cd8
8b67b27a
d831512e
b089eca4
2eb86f6a
49f2e6c0
b07766f5
c994fc81
969a07e3
1aa796d0
e7c1bf2e
d4a6f0bc
5c9fc964
13d06c1d
d42ba5b4
b333caba
86f91e88
0021cf9c
03983dd5
80716744
3faf9008
78702d3f
c7298954
366d38f5
bf09d9cc
02336154
ad231d58
1f87399c
ee2c7d06
501d35c0
220c9cd2
83460739
3781dbc9
93e74b15
2a3f1cb7
fc9a9403
6d4ec2ce
17fc50e5
21f77cb5
0256cb25
bd72d13c
0df17056
5c8f94cb
6cc2dbc0
c0e2c3bd
8a30d117
925d5ade
19d64dfd
dd593ce9
a24850eb
a2f9fce1
31d7d833
90ea763b
1b825c8d
52694404
27d6d770
5a2d946c
fcac67bc
7b202db1
ac506dba
9d08d469
773342cb
f22f82be
4d7033c2
2a029e86
439e2f8f
4b9e1bb8
95c2a64c
e0639fe9
e04032e6
258cbce8
f02d59e0
393ff968
0441d641
efb4c9a5
a68a0e45
0f196164
458bef3e
35ea5208
8ac6d67d
51229159
623fab7d
7d585a75
b4ceeebe
4a3a5c72
373789a8
065fbf89
c4720c9e
39d043ae
0516f4fc
aaaa3e38
40c4594e
b6526bb8
9f87d36a
d8be927f
54df97e7
6247ba36
35272676
ecd85ec2
070dc502
4a168054
d995e61a
cf840291
b516aa3a
6a6a9852
157858a2
d3eee514
e6c034f2
eb9e9f7d
36554be5
7a1d2a51
35bbdaba
937b044c
8dad4b15
bd30d732
5d0e5ff9
48d7a4a1
34388a80
887b9eb4
8e010f22
534602d0
f095209e
c45f917d
f87562e5
d114f6d1
b610d7f6
312671a1
1d57eb28
e661fd11
e1b58ff0
593f5d75
e0a5239d
de029f36
31672144
7cb6b783
e296d6a0
301b9aa1
2abcfbc6
0d4845a4
ba642c1a
c3090ec9
b8dbab81
78d647d4
b5bf6782
70ae6f85
168cb46a
8037392a
855b1ec3
36e2bdc2
4a03608f
e440e346
fd23b512
fbb7aa92
d25851e0
d4e38792
262326da
1df0b366
7812a3a8
a09106fb
898afd5c
1203dfcc
56b70d11
55bba5fb
019e7a59
14729b53
a403c33f
50edecad
427f7831
0258df2d
2e130d93
bb880223
c24bc765
ee407cf6
da074f39
4feeafe9
d86b9ee0
dd4eac5b
107ccf19
ba6ad116
e9444772
54ecc347
5c0ce5a5
d7bc9ad9
d8148dea
7c94cefe
4c24f73b
8abc351a
8ff111b5
153b0d96
e5b70d92
84acbd90
70c837ff
b0ca7064
26176fe7
b696a852
1007ea1c
45c78b7e
21aa346a
83cfb8d9
ee40f4d3
eb877b7e
99ff984a
342b4b11
f461f315
8a65f494
aa1ab30f
731e8b72
ec63d30a
5659d96b
c3e575f1
c63708dc
c2bff20a
a32b22d5
294dcccd
8a50b047
175bd30b
ca6a3756
1c9693d6
136aa0a0
a8aee0ff
e2966e47
c48da4e8
720300e0
51fe340f
788c69b0
42f87ecd
e91ef3fd
db4841ed
bdc482b7
9fdcfbbe
15cc468b
3eb068a5
473eff97
81462dd1
db79da4f
e63900b7
03dff7a0
585aaf95
b8a92161
0c2cab43
b1d47bc1
eb24d677
4cabdec2
d9032a1b
3442935b
a311c9af
dea8f31d
d9ad5c78
366ec849
039460ba
7fef881b
537942cd
1f3b34fd
4d31adcf
698640eb
92f574e6
b15cf092
c69a4195
5bbc7ee1
5866aef1
3aa1cd8d
611deca5
4dad7ec1
acd0d09b
6ebe94ba
3918df6e
7c54cc94
5d01f097
017702de
c4bafb48
e1a56281
f359eb1b
09676cc6
7b040999
bcddc4c2
8cf55ae0
d2806fb4
31a681ef
d2f93562
7ef4e648
a58f7d96
0d8e8988
4b431d37
3458c1e5
a0ea8d37
d8cea7b1
8b28b40d
288201f9
7f1fa147
edd79f5c
d9be1802
4d74fefd
87cdc2a8
cc8371e4
f54bb7db
f5a25663
52a35354
21f02930
be11503b
16d93c30
1abbb77f
e6d84bf5
1b7518e6
b5591e92
47e9af37
33e1b030
b911eaa3
0cfcd8a1
6afed9f5
89c403b5
3fe64aec
21cd8791
b6c20ece
146d1d23
4eedfe27
d405b0d3
21e3da5c
0fa69608
7198efdb
e01484aa
60be61aa
3de58a0f
1821a7fd
b71c23d2
5fa93641
554474d1
a0191efe
fb157cbd
c4dc297c
7f82b925
3c67a3b6
ca31f07e
73f70641
f4d2941e
6c71e1f6
59ae33f1
65dbdf39
d9a2f4c7
6070bc1a
898b3b83
319eb33e
18d91882
42e1e9a6
8577dfcc
af4271eb
ce934bd4
5ada9c20
228d896f
e7a4375f
48b318f8
5e2da8ee
8d33b3b6
93e4cc94
44bf7c4f
cdeff354
43283856
c07992a7
b78c7d91
3ff6704e
ce06de91
af4a7b1b
e5040aef
ef62c0a3
59a99818
3fff04ed
333ba0dc
a3206acc
614e03f0
873a3e68
de1c9c73
ffc98dfa
00a3f2e1
a1025e5e
b3f48c7a
6d0075a7
15202bdd
1b2bfdf0
f62c38fa
575b4c03
e5bd5eae
837f8ada
36ba8ac8
9b949e19
02a0fc72
b8f8ee45
0333877d
085fccf3
c9fb5673
c5999ac9
2ed8f489
3970590d
786de485
5b59f99b
e93fde6e
4cb0f5f7
13c9a2f0
d561965b
12fa344e
da081097
db490fda
acf462e3
35aa4457
d933c227
8f99211c
dce46ce1
7e74effd
92ecf938
b4b4047d
b34c7260
9d0df0e0
412dcc68
ecb6b738
7064e810
41b54ac3
f5468815
acc37cd7
a866521b
26856229
d2c0ee69
2eb8940f
bb142873
fd50b8be
a2a6be3d
d945b52d
93e4797d
85b13418
c57ed5a1
e695b2c4
496e4ee2
96fb99db
5dd1ec5b
6b0d32b6
6629177b
dc0cf618
1b35389f
38f6570c
b0e26ee7
5ae0ff78
e4f4621f
7e417ec4
62a31708
0800f209
de7afc09
be880274
661d7ff7
f59c9bc6
ba697e34
20592883
ac600ec7
1aafbb7b
55d51efb
374aba3e
61a40d38
e06cda19
1ed7364e
fbcfc261
73ff97a0
a0713385
463bc025
f9d0987a
b12a0fb5
eb462cbb
f4fa21b3
a94f2375
e9151945
0d8e173b
224b016f
0ebecbdc
2f6127fe
7842a411
b4d2dc51
0449f45d
628b6ebc
e4c1cb52
68d75567
cd057f1a
3e27c349
0f9e8dae
1b4f75db
4b798b01
392b57ad
28051602
d2677f60
8ce75505
aebf02e6
929f5777
7640e2af
28b3c305
4aba26ec
c2939a3f
8b507875
0f8dd11a
0077b26d
31774770
eabc5c3c
46467881
a395996a
07a2f7f6
72df7058
0653f872
52ed1f5c
d1da1c3f
d9eb1731
daa03c57
787cea82
40b7da94
c745eba6
3c13c17e
c3b84f60
80d1630a
3abedf12
cac1183c
d11b773f
4065d0e1
b548367d
c37e387e
8a4eb286
dfd5cda9
aa7b0db9
b24543bf
5c677a66
d6579d93
99580341
bf3d94f9
b9f4f728
c52d70a0
0c11e2bc
3889297f
a97e322c
884b3391
2915f52d
61b3c055
2e94fda9
95112219
9b190cb0
eb656f17
967226d4
87b13f80
a86c9ba0
580843ac
5fc099d2
d3a50a4f
2f76b419
c748f483
e2c7f58f
92b56d34
dd6da51d
50080eba
6a33acf5
ea0d6743
9a41a211
6e797710
53f1bcfd
e9abf78a
7c0578c7
b0a3d869
be7d2a7e
7d6e1b07
7fda2400
501d0c0d
c2064ca3
79d7042a
b31318e3
d1ed0c64
7c573ed4
ea339152
9b2a369e
62ca9422
39974ca5
d0731024
fc8eeaff
1bf258f7
4d7e80a1
30372c94
611d0e86
d97872e0
33a73732
7d62afd2
3b87885e
9b098e18
f391b4dd
6444bd58
8e17514f
e3eee950
e65a3072
aad02b58
58d4ec25
6f55ff2d
c6b6d9d5
ac029573
2b3dce85
cf49d993
7b03b66e
b40061a9
be96abd3
16733a85
5557e094
81e3b2f6
001c2c28
36b4b264
bff42118
4130a293
f93fec62
92c6695b
a249f30d
192bbe39
b37980af
eee80239
3b45f8ae
0e5f2a46
89e4666d
a0115bd9
e62df3ec
525ba744
f0d5b7bd
8264a12c
de646b8c
31ad82c6
bf5545bc
ebbb07ed
e39aab8e
6b8d2f9b
01bb3c24
a1ce685b
f462f919
c3701b99
c0682898
6a120e85
5395d7e4
c44d4950
c1888383
eee9e49f
9d37d9e2
a77ef607
4e7b71d8
284c5ef8
d1f2e911
16c16059
6381fabc
c61cce37
a49a3a9a
9ae864be
59821fa1
54b061da
49eabe7f
da8f7ccd
97ce0e86
95c254a9
35b47b42
e150a3ac
518e7efe
546fcb16
0ca6ef90
fbc4607a
8ea8687f
f75efc2c
33b66061
08fdc83c
8eb808e1
7b298953
0a7a4612
15bcce8e
01c45fb8
cc504e81
75818461
e4bd5a07
b04e22d9
f6b222b3
ee6763e1
41731f6c
714f4a43
98ebae40
4958c2f1
71df8432
aa69175e
98d0f0ff
5f252098
9dfdfd63
6860052b
706f7869
7320ecd8
b9c0ab25
382ff397
0df36799
410e9439
e2b6425d
75431343
f2446216
bed53fb5
3d51f7a4
770bb8b6
03b26fb8
86ec5bda
bf74bf31
3ac3e478
8fd42c9e
42bade1d
36572681
826a9782
c3cd462f
0a1ae6cb
8eb618ea
f8c4b9df
9012aa20
6f8fd9eb
02ec85f2
d80317bb
e47172e1
8f8bc917
23831a23
582c1240
96eb9132
7d79c9d4
cc2e1555
de12f0f7
81864ed1
43d5151f
cfa63124
39d40945
a762525b
4801dd2f
07249b5d
1da15e3a
faa6a429
ea51f438
4e055433
74eb8832
b8549244
699cee0a
7fe750a4
2b80d1fd
06524d62
b03b793d
3c8a60d3
62972bfb
7ae909ef
214c44a5
92ceb969
f994c898
7078e3bb
edf9023c
7a627883
9b32457a
a030fa34
51b2946f
64d1cbf0
e85341c7
8d17dfb2
aad53c82
a5ea3e20
a7e7a9d7
09717799
d7cacf58
4a108148
1d0c26d4
a30baddf
00b4f667
5173723b
d9b5b981
be3076a3
ac6d94f1
c084ca88
63692a22
83846fb4
c02ff92d
de4293a8
0acd63d3
705d4188
d5e99a7e
32630c8d
2da22bf4
734f6cda
445815b0
9b28ee27
5b65e771
16fd2234
e5c49649
96bc342f
17025a53
d54a9a97
451f0afb
2c4723bb
ce34d3c3
dddfa545
07952e3e
e8055df7
34c8196a
cb4d1198
46ba81c7
c6cf3a46
117aba25
81f91e7a
e4f7e341
0b662ece
194ebbb1
0927690d
64d1dace
ae8e944a
fcfaa369
ba6d3362
9c2ed122
875cf6c7
29075aa5
8820ea0c
3945373c
6bfde54d
3dd1f207
71b36a2f
82260ed4
3c694a6a
b1a41ff8
793bdc75
541ad8cf
ef64d68e
c310a6d4
2e83eb11
2fddbec1
98bf8aa3
54901496
965d0d77
c98d274e
c1feee7c
9a1d6ce4
c7bf13a4
9cbba961
db6848ea
9cd95bd0
43c30021
5b210982
383fe5ca
545e36a9
c3e0a26c
22047efa
16b66af7
a6f40763
e516f98f
7ec7971c
08ae70ce
104da135
29013300
e347a2b0
f5248e38
f8943569
b91c64d5
855d1cd6
fe3e3915
1a8c36fb
16300292
da2b7dc3
07fba64a
156925b3
0a34f6dc
0908a9cb
9a093db3
0a5f6eec
17d1388d
28d09d4d
545d3ed1
836b8552
8bf62af2
9ba1f966
35200f20
ac46bd02
073eded1
407684c3
8d3b3a34
a5c42e4a
21a2b7cc
9c3a8041
4a6a0d58
73e01fb8
72f3d1d3
11ff0357
c326e83d
da09a28d
2556c181
51b57972
2df381df
e4c1a85b
e89eb77e
f05c6086
f5df4aa0
8de3d845
2b8b6530
a2859266
09e21a42
1fe59df7
273e509a
4881a78c
f2732f34
65297b3e
039d5d39
af7f0da4
97bef2e1
75bc3410
94f7fc6f
043f1392
2fe93634
2cd9e6c3
103056a3
466341f1
e5f3ad3f
9ad4a7b5
ca621424
943cdab7
e22d9d42
613b4580
38e369e5
ee23824a
533b229f
da73fc4b
1aa31876
4c1170a0
22ad75e2
0e3f0eaa
12ad12bf
afaff282
6e0cd5dd
6256ff46
0a7252b9
448f07cb
2ab08bf0
421c54f7
d8d8c676
c2daa9dd
6bc9078d
2c28c031
b1f1bee6
438a83f0
6d65cb4a
5590c8cc
dda4bf88
00e6cee2
fe66ad9f
517e56d5
ef33dbe7
1da149c0
a7b3220c
bdaabd55
aa0d62f5
cc2bfa5c
df645e6c
c1977338
d1fcfcc0
82ffa5b2
bf720c56
21eed66a
9f5e949b
f4779ddd
fe4bf95b
ad7be48b
ecb763be
18d4d81e
f93c6755
cf094a7e
2e99d2fd
8c096b5e
8d3d860f
827366d1
3b8f0125
aed252f0
75083676
0b1f3d35
7b848649
82f7ae0f
91f8c714
aa5a70b9
6de9717f
3b10a31c
c115a005
d7b26b6f
c1270600
1d05c893
26e8a998
48adbed5
119b4cae
79d8a589
c05fd49d
6341569b
7bd05812
6a962f1b
41d60c81
888bf8e2
056fa609
c471251e
fa803b97
43a608ae
d4c2b717
c622d6e7
03316b98
e60deb99
34a222e6
6f2589b9
1c4a10b0
95dbcc5e
665f34b6
99ff2e92
f9874004
217ed027
9433feda
96f1aeee
c6abd078
28354b6a
aa513306
0a0716de
f348f4b0
560ec9bf
6814aa43
56ca294d
6f93973c
b3f72946
8d278709
c515a4aa
419b512a
5c7e9a55
69bbc42f
36fbbab0
741ed6a6
778279a3
2e76baf8
dc110bec
50f25e1a
7d1363c2
3c0e4597
632726e9
78b2e794
ac4ec334
f1275d20
4ae95c41
4d48d2d1
b549f258
eb544cf9
3ba0ee1c
ea0cd88d
52b54063
ad92fadf
abe514db
26b07ce4
0cb1e632
3e807f29
1dcdb4fb
c102ab12
18748562
93c8a0ce
7df547e6
74344122
7e1f9a6a
270104a3
f5398a49
4a69c651
26d83f00
063ddc1c
0a7e5aa3
e4611cf6
38085e29
4a619e2f
4d2c1d5d
1e7c99de
25a4f0dd
cc5ead42
272ad699
c2c0c4c5
915934c9
4fc9aa09
2b9e5eed
e832574c
f9ab4201
ac8e7474
22186bf4
c3b974a7
4891a411
fe64f918
49befedb
5adf68c9
4f04766a
f8e3874e
894a6a2b
45e26dac
02aad967
6944a124
516bad14
bdeed170
9fdcb090
30183a97
de12e772
dd60278c
eba8a3c4
05dbd9ac
a322bdbb
662159d1
ee70b4dc
e5825d89
68567890
4fc14d72
ab88f6e5
1fd585af
436671ff
26633d33
796ac7f1
130a105b
712a43bb
12faddb5
60c77b73
7a82c847
52cd09c2
8d533738
9d3c1ea2
c3e26b16
5e9d6696
bbb42991
ee44cc92
8d005859
476c50dc
63817a87
d6e6210f
4a3ec5ec
c2e2990d
a9ad4c6c
043943fc
a49c6e3f
0228c8d2
7d622c2b
240d5b58
63a5818b
a1058061
303cb445
703ca4ff
70c5e36e
59a0e27a
f81f912d
4d7cb230
bc612a0d
bd38153d
4c62b4b2
446bc0c8
b22900d1
d45e50c8
d6aca28b
1d419d55
f38e6e20
f70451a5
db29289d
39640780
8b1f320a
c696d005
8e59b78e
adad509a
f07c7be5
9f1c68c5
529cf927
7ab7809b
de301ce9
680715df
dd2aa0a1
aee643fe
b5afa6f2
6f490f0a
9ba5639e
cd01b6d5
80b60c38
6714b8a0
f018d4a0
bb189d26
bf3d2678
65b75ba1
56a4a4c0
85a47e1e
4690de8d
f56b558d
648df660
9272f340
4f483ced
5262a867
eaa731d0
9f3bc45e
11be8746
eb92da4d
abbf6620
a813f63d
0c5397b7
aa0c5445
301864e7
ac17ce05
ef3fd92e
97587743
afbb28fb
9e219889
0b2d2c31
7bc037e4
daada63a
a330f0ef
18848159
9d5344ce
4c953b4b
9479f815
c41ab8a8
f2f1d4cf
c5624f9b
1ebc53b3
0d854316
191ded45
3216fcff
5ca42d5b
f8eb1a5c
efba260c
c4058591
e244668a
bc3729c0
78efada7
263a6a4a
0510e193
3d732d42
43b364cf
ca78f81a
7a018647
13e12743
d622c427
5a6a0df4
614483de
d6d85361
4a37ba5b
12ec1845
ad7ae657
c7bfaf6f
78189e86
12c50722
f602d872
0c951074
7de32019
25e191c9
eccffe85
70f5b64a
01ae3fd4
0ccf433e
71b6dc2a
ec4aef53
85ba27e3
e982cf40
bd3879d5
f2529a54
821111d8
a562786d
a79a061a
0c7f8376
7e3692be
2041954e
4fe3db7a
a51ca6bc
08acf579
56705178
d7b095b7
65c4f1b4
85b385ed
54c5b22a
b290ee2a
45eac980
87823a4d
d9b4bf28
84629800
3b3c8591
da50fa96
65495af7
8ce4227c
1ddf6309
c6794116
2525315b
e2cc0b5c
1750eb6f
4d9cc051
6747d9da
13e62b64
07d2c401
b50bbea8
99052727
81dae337
6a31d0c9
5533c37d
86d2cfb3
3bbcc401
c4aa067f
08d12ded
80fff03b
a1ed47a7
2a2dc64b
ce790819
0031ab24
9ff3004e
00ad49d3
9b78de18
97c856e5
3f83b58f
6f7c53d6
45dacbf5
8828d147
d20f70a7
bf6a5bea
76fb5dc1
b52d1f60
cee39400
301a8c11
528b077d
7ef377af
10d56a2c
0f862864
9bd36901
28957d78
607de245
5a90a7bf
828b710c
79fa6c79
badf9e23
6a608f6e
0a2327a8
b41408a3
950e3643
2b098ba0
55cd555e
13bbb74d
cf169964
9b78f859
0a00d660
09571ec6
bb7adba1
e1dfff66
d8553f9f
8b7ae9cc
1e235f4d
cc9270a8
d2610c8b
8df2bb13
88867d3b
a306ebcb
b1892a74
0c3be2f7
7cc26265
21559e62
c1ab72ee
512a47b5
2241803b
5a9bca18
58c3a574
a1cb5b02
9fc4b4b7
231853de
05136a8f
60156b6e
62617792
def12abb
8f60da68
119f9fbe
af6dffca
02024780
14be3dd9
b3abff3b
45d3dabd
ee08da1f
5c2357fa
ed5d9e14
8d791a3b
69fb89a4
012fbda3
25ef7b2e
9bd1130b
8fb5d5b3
95764972
d75ccc9e
972a54d9
6b925a21
3a1b230a
9133cad7
e5428283
1745b94a
adf986fc
39ef458f
fa876920
e3cf3cd1
8ef6c19b
8e74d5d9
8d30087e
0bce4241
b34673c2
daffa6fd
ea222c4d
5ad0a898
b7b26059
8c9e8d25
fa7a74b8
2948f70e
c28cb79a
db846905
8238a8b7
72ee6720
7f4d3c85
c363ed8b
64888ea2
dec2758c
9e040b15
f3b23066
026bfd99
c6c48dd5
b8becb2a
5aacc327
9bc00a23
ca00cb41
be78dc55
1bb7fb2c
7e9321e5
4f5e1af2
0c0382b2
f6ea6f98
d83f7094
f3909bc2
fdfddd76
8c34f5bf
42e0833e
026a25dd
9ce57015
6e1ee5a6
e7e5e293
2d424648
d4e5e52d
604e50ad
e12f1580
707d9daf
bacb952b
c5bcb29c
2e0c760b
b9658bcd
0b99d7a3
1cd84db5
b8b20742
f31d568f
605fd749
cc61f852
9e13fd07
d7ded61e
aebf0290
93499926
adcc2b10
3d69d7a7
f43bb949
e149c0c0
f3642168
9e6a434c
1676a1ed
8b2779c8
e7d73327
37c9ac3e
4b83ce39
7ada147b
32f86271
e87df86a
b962e992
6e4bacfa
6148c310
5c750f25
4fabec4d
7668fedc
5fda0aa5
cf5a19a2
01aded35
3d697530
6a20e637
aa2195c4
8bb26888
12c270f9
c772ac77
cd7ca429
66ccb275
e0cf2cb4
ae6c6d18
5a20e31f
8e2727fe
31c280d2
5ac6f7fe
0317c9a2
be5d62d3
52e671d0
075bc87e
b4d2ddd4
026d6660
7a871730
944a3b00
b6600035
7ab99bc6
71ee9be6
f0d35f4f
fc64a892
47ad5909
7d0de6af
fad4ae23
8d0fcccb
e6444680
bc1a488a
546533ef
b10df683
f46fbccd
7d35bbf6
8328c4b3
ec63c4ec
0b3fdcf3
e49950c3
1eaba7e3
20a9abc8
afc48520
d373c890
e65229a0
cfa97a73
fc0a2a00
9004a205
8cc404c7
87c0bfc9
97032d75
a7137043
ea75ed0e
ad54da64
f5106c68
eb3f14e6
3dd9d6d7
e7659f96
c679ce7d
09742566
36ccd2ca
3e2d5480
031ec51e
ac1070c0
e30c1944
64b18396
ccae5717
cfda3211
ba928d7d
8c964483
c4c6d680
dccde8eb
5bc7b863
35ba4ec6
f034ae17
db39e16c
05964e26
460fe9ef
dd78dab6
03e14d81
607e6d89
142c76ae
c5c68192
ab6da668
ebb59eb8
5434e3a9
c07556a9
3ea83cd9
1f530840
b53ddacd
c2ebc21f
efa7962b
b13debda
849312d9
3fc0761d
117a1d1c
09ef3a70
3a88e920
d233a436
7013daec
6285b62b
5c573d6b
c4ba1256
58e2b4ee
c19109f1
f5446d66
65fab352
418db9da
2066d2a1
bc6378b8
bdf63142
0017d90d
9df69656
a8b248c8
d4cc3bbd
24cdfe60
fb37cfe0
5bb21e25
16a0f1de
1bfd87f3
cb75fc32
ea834f2b
efabbd98
9b06c314
2fe83666
0db8bc74
5cf01c8f
b35bb4df
7dc6f1df
dc554401
ee7e930b
bfe24d84
3c04630d
bcd6fcdf
0ae88259
4ed64e08
65f6bde3
fb1a1c06
abca892b
a71d1fdc
9835284f
9aa60cf1
3c382ccd
0d9393bd
836585af
49dff4a7
5e22af42
7297be47
2ebc81e8
6eba0ba8
d62c95af
d7b3ab83
fab0c6a2
aefa0590
27462434
9bda6f54
10200dcc
22a92500
c72de684
0456343a
98f3bf12
0d209bda
d5214a17
701950e6
1ab20164
094b294b
e02d903a
1775dccf
31613d99
cc90c8f0
645ae4d7
20c30e57
603014b3
366ef9e0
c3032469
5644a26e
83296e2a
736352dc
3e231640
c18c3e95
8d890afa
36158eb1
7fbe4750
5dd783ba
19b2382a
885db951
d1875baa
64b2dcb3
dbb0c701
a9405389
c5156031
4b7de3b8
16599f9d
90ef8448
6cb03b1b
11beb0b2
32baffa6
c48f2921
14c82774
14f34387
ecf02506
e242b4ee
2f3afea1
6d323c16
7cadc08e
533038d0
d1684a65
dcb44897
e176cac4
3de48cb3
2225ebca
74c068e4
4246554a
9505769d
410fa5b6
029ed22a
c3a436a7
eb6e77ff
97a123d7
c8a8dd7a
b3f96bd9
4ec29798
9a02a980
296b0d39
514d22bf
564dbe72
d1f258d3
c7e6c147
e60bfaa0
b2a977ef
16cfe165
b685b694
0ab1e15f
e5d95852
14bc985b
7140cb80
6e2f0c98
78352386
54f43924
a9cac94c
ec85169d
8484a776
1d278723
55b1a982
70bae182
bddc4f27
b32e125b
5dcc17c9
399e5233
88d1303f
74066dd4
8e2a904a
5854753b
089cb602
55cb9cac
ed9fffe3
5e114c92
87e5dd33
b437c152
cfa94cdc
20654765
99bdc701
0ae3024f
3ff0345a
16167407
ca49f1cc
7a717574
cf243c7b
5dc47dee
9d434e92
66bfef9a
f2d0a5bc
2a8d876f
d66561bf
30052e56
2c3b3291
074fc305
1acc8ed2
e9c7e079
acd1993d
6138ae06
ebf2db3a
a22dad70
e7f77091
354fd803
07b43ba4
98df8344
7e51d4ff
dd0cc598
f2430fa7
e54369fc
87e91582
0e79e2ee
76a3447c
dbb5a62a
816ae3d2
7f09661a
2a8bf01f
c58f713b
5ea8990f
fca2a6ab
a685c090
cc6e34bb
55d36927
26053edc
ba013853
3c69cc16
b88ad283
b982be2e
26a628ad
95ccd7f4
e9785dcd
baf0190d
83ed5945
307849c7
11561987
9eb48634
c03220ad
00df957e
bc75a486
14497e74
4b7b9557
03fc5e5f
8ec8b2c4
8a9faf0c
90bc06d3
1cabb2e0
340774fb
89974f57
6fce7249
916753ca
18dbe6e5
e4e9e826
e445ded0
ac61d2ff
51f145e0
50e25186
4081010f
74bafabf
564ce669
9ab5c609
6cea1153
f6cca053
3a18d730
3f262eaf
a485c916
a947ff65
83c5f230
8dfe72d1
372a1363
dd8f71c0
455a6b7b
0e94e341
cd6dcddf
ee14e134
34795d8d
e6d6bf49
16cf7d16
d4d5f5a0
2659d290
9d704e35
026229ae
adae8aa5
e3b88fd8
ba3d29d9
ffc6cd1a
ead65b28
17da35d1
7d679141
66b12a26
3d4cb05c
c3abda1f
a5e4ab0b
203fba69
392ccbd0
aa85e49b
d4c77d90
55d9656a
57f723d0
c22238d6
222ff30a
5595788d
aa101c2f
9b20b445
38a200b1
6e37818b
5ed37f88
156e8439
78d11f6d
3caecc93
42a71fad
8b0f0f84
3508e59b
1ec9b986
16d4c23a
5ceb6b13
00ab6937
dc3a41d1
140551f1
795ef36c
41573e55
75246e7b
e58533ce
3c669430
32fc8b40
d10f8bca
2eada5d1
d8eed39a
512fc854
ac869486
bcdb1a2d
2c4469a2
8f7f5a5a
e2b12040
1191209c
85d5f1fd
46a3cd08
df5883a9
2a9543df
df32b7a8
b1399a2b
cdebd9b5
6d7979bb
0b892b1c
f3bd3149
e7134be3
4382f654
b44766f0
4bb01d3c
4ae09fd7
7a50381a
d73b90d3
0115ea23
366b556b
c4057a08
03cdbaea
2684b4e2
b30d312e
b0378cfa
74b569ee
e890606a
773716a4
299856f5
4b9a0d96
4f31d8c2
f11df816
8dfcfc39
5d017584
058847dc
a30bedc5
08d7711c
3864cea6
97bb91be
54084c78
ed6b35db
f1d21653
d01dd43f
39da2f32
fbb674ac
915e299d
d9d9d6cb
83182e2b
5d7ca5e5
f1cc41a5
46e37679
2da40f8f
26e28d05
9f00c224
6fc43146
d47c33b0
13494c15
63b5df70
d32dd8fd
6e7bd064
9a9c11bf
0dd440aa
3de90b0a
8d80ec8e
923df446
ba11619c
5277fb2d
0f53b924
7697a6ff
cb48fcbb
4f212c54
3fd8b921
376d26bf
e4eb6322
99638bc5
eb70a6c8
0a92fa9c
edeb5ffc
44870236
3cf39a96
bb8ed586
46fa8639
d18809c7
c6a0b27f
cd087b08
8f4a5dbc
5b4a4782
64fbc5bf
95c958b9
651add16
e9b84b0a
fbf617a6
195bafc7
f8cc4b56
4570c325
ff9df84f
521338a5
95f7c6e6
c84d3e13
9e625354
551f9350
49cdddaa
bd647656
467b5fa1
9c6245a6
4e0b166d
b412a1ce
e5492abb
c3db7c34
27e8e95a
62b5335b
5f1817b4
e0399123
91ae9d8d
01fc8cc2
9cf41af0
eae8b185
67d592c9
6417d9ef
7a64b93a
45327cfb
5f0e2c0d
cb77e80a
f8a0d511
a2520610
b09e9c58
01a01792
6918915b
1d4a5482
ac9dd28f
cf4b04c9
559c1720
3877ef1c
7715b716
ff15ea4d
09d10703
0f1f00fb
0f02f81b
5037b37b
6d488ab7
ffd4c3b8
93ddfd49
a2eda513
dfb608b4
cab07b64
7e4fa8ca
e1830141
b4c75314
8a1a7486
55d00ea3
d48cd081
9d062e2f
40bfab8e
0c081c49
ffa64aa9
e89d4bd0
7d0a0f43
a0ac5772
62024833
4b838b91
64c76bc9
be7fedd6
3b648ab4
ec79aa0d
fe34b4b1
7cf6bce0
c637c3f5
f766e6f1
5ca2b68d
44116534
7e4dfc8f
fa53f041
0f29dfec
ae5cf546
2e718abc
fbe6a0cf
d015b130
a043c709
ccf3e058
afefbca4
571903b9
9aad19ce
0b0c6584
70286d1a
cce9683f
dc31e1c8
e11aa84c
367d3ae5
b51b9cd5
16aaad35
2289bad3
afa9d77a
3d9d66f9
b903c558
f4bc140c
b1884d52
bc687923
dac45025
48dbd0e5
6a2a5946
0153b127
999a391c
09831e40
232e47c5
9104d7ee
74db5052
c4f2f87a
e4434504
1093edd5
c8061361
472cfcd4
ce74016f
85610e23
3002b251
af5c8fd5
ea602046
237a7932
e7ddec9c
138676db
76f276d5
3d3192e1
e2db1fb7
a49a5b01
10bb937c
385060d6
bd1de493
307f0ed4
e51926c6
f9f142e6
e410ac30
c34c4b9b
0ddede04
15d8946b
edeb0fe1
0efa54aa
c989e53d
50e9caea
5f237830
34896462
18a02460
99a964b6
12c03b09
a1832af9
5f517a77
73ebed78
c6d9a11a
ada99487
781e587b
d13d5f93
232f5c74
dc96bca4
6b451d85
d64ee61f
5b2d6879
32645e68
8c89553c
63fe434b
d979a680
5893dad4
5ae02d30
b78650f3
ce99c9df
03e813ce
33abb3c6
ffb974cf
f53f77bf
62dbd13b
076b15e5
df2766ce
4c295911
86621814
697fae24
0bd76f59
21bbb4a7
b2c09930
9d3ff1a3
027fa4e6
2a80ed77
d2eccae0
3dad0838
09e28bcd
4bfbf780
94764da5
e59aabc4
acac0515
add8d152
49ab9fcb
700ebea2
5c8f04af
3f4deee2
d0ac1aea
2ddf1152
3153e3a8
e9fe625b
931700a1
13603d20
8c42df02
23fc6eb3
6b616d66
9f7c4e00
c134ee9e
c0071d4d
567b3fda
018c845a
b1f617f9
1228c1dd
487ffe54
4111944e
0095ddc2
de95cad4
9e205f53
2c84c376
29a17963
d72e5e85
8320efba
442bfaf1
55cd2e2b
f10ef3cf
c1978af4
29eb4090
7ed56dec
be780f58
4df942b1
d0455ca6
01e5888e
ae760e74
98af8ca8
4e6dbe95
ce532b0a
cd75ecf3
6d9d2446
eba5994c
490a944a
6bf8e8eb
aa53c0b9
9ad5bafb
9cd34bfe
4032d428
4c4cf713
877136c4
94952410
32f0bf7b
86e67374
59923130
e933e3aa
3d9bc829
d74786a6
d5f9f88f
b7e5d29b
bb603c40
21e424b4
0b2c37ad
36e3f961
70304d46
4a8e80ca
c8663da1
f5915348
20ffaa34
62915de8
6ca356be
c8e62504
8492c7c7
512377b2
c5702358
e2733975
2ee6a0bb
a4c605a3
ea38a4da
2ad0eaeb
c63fb48d
256f979a
240b36d4
18e3603c
e87f938e
5bc58fa9
ac2b8c91
6a818bed
247cc473
22adbb4a
2d5284a8
c530f32b
b1ea2ea1
73f0e37e
9c7d8291
a9d92446
2765ff2e
888e1eae
20249b63
da5cfa27
e61f2dcb
776fcf18
5f1d839e
02a8b109
85baf2ed
a700dcde
2ff310f3
f04796a5
50f5ca6c
debfe8b0
5696d5e4
09686dd1
9e9bb8b8
d81543be
7c35ca6f
6a7152b3
44c546a0
6e3725a8
dace7dc9
bb9db932
9bc4128f
2b2a36e5
d322a3de
6c7d2e32
feda570f
33464f52
af223284
c72a019d
6425a031
d45eec20
3287f16d
59ecd038
be9d886d
fd95db05
985e579f
071e47e9
33830318
2fe577e8
a21edbe4
552e8df5
169d981d
16533092
78685ef2
0572c209
fb4a5e90
a398dd5c
be5329e5
b6936e12
b17934fa
6b21de29
4c7e1d3b
74fe6037
a7e3552b
658c2288
da771ea6
0ddb8c97
f56304d3
2adcebcf
430f53bd
866c4721
df846cc5
11805cab
58b30581
38640980
93def06a
f7a146e3
30d462fd
2df80bb8
bd6ca21f
0cc58788
3aafebd2
3d6ccf38
35f832dd
47d2ea8c
4aef9e6d
9d6e3d7c
02f3939c
6085505c
9b58167b
ab706cb0
7a21c7a3
18655fe9
c09ce285
c541f083
916c484b
14c1ab59
14f9ea0c
1eb7a4d0
af97e906
04570bfd
4033f449
e9e3a994
06fd987c
0bba1225
762c4d9a
0c7138f5
469e2502
c5faa7bd
b0a4a85b
90548b0c
27947956
bf634c29
0a26ec1a
231d3ec8
1c4be9ea
4fa5b371
c0b61d14
61870f5e
8dfd6268
17be24b0
b621e9a4
e9b0a9ee
6d2fe2a8
be2fe8b5
24144c09
1f3262a3
3fa34910
86ad2850
574009e3
99f4197d
41ad3610
0a87f147
61420910
2c633d20
332400a3
d5371e5b
e970c185
d9433d85
608b9d7c
77a6892e
76e0578f
fe20b967
c88991c1
ac885fb9
489aacc6
bd4e2aa7
7b4423ea
181a92b6
03c28590
3d652928
904cc408
1175cdae
b0cb600e
4593030b
9bbc4fb2
5b0ad477
3102a215
cd462615
3914d837
e05f4efe
3991cdfe
05efb0c9
8d2bcf72
6c7b5710
d5b3dfdc
674917f8
f3709143
ca48bc0f
64ef6f8b
aad72b84
bb5606b7
0b9bb597
d8040b63
7460bd37
1b0bf654
dde9d234
124b1d83
4e93eabe
4b4258dc
0b62c6f0
24210aee
aae5c250
4756abe7
d76a5cb2
03760b4c
81e2a223
6173b6f0
e21a19e6
85f7a7d5
50aad533
4b9ab695
b44b1e11
26a3ef75
32e138b3
ab1d1b48
06f7f132
e2e8661a
2b4170ef
aeceda61
c5dad4a0
769dfbe7
f5ce9df7
e87db72f
8d977403
01f39488
1f370a19
30fef143
340a2328
7d8c78ff
a0efd776
1a2674b6
42ab032e
7b149b69
e74025f5
9c20754a
c3a6fdce
9ff94be1
662324c3
55d3f65e
481c5992
a6e178a5
b74617bf
c3886187
38a42d3b
1d6164fa
0e39bca5
0c0d0e13
14282674
0c336ee7
5c187c10
20d0ee7d
9ef54eb2
d341b143
485ddd17
8c17d9e8
9276addd
be68e95b
cb38c7ba
aa3225fd
3f33a5db
3a94e3ff
7b8141ca
24bd2ad6
bd12ee85
f885e264
dde14000
49c664f0
2e5ceddc
cf01b1cf
de3d8733
b5a1db9e
5499c217
f7b99b3a
5f0993f5
c397ac8e
f6c8862d
27a7f04b
ec716f1c
f3c37575
30dee3a3
79f44b36
e2cc9c9f
5ab7c230
fcc3fa48
f2ddca2d
3891b3c1
d3db0215
c0a680f9
078cbc05
9186d463
2a58ad26
c07229d8
2c6404fc
338182a1
7961ca2b
44b5cd19
5fc4e1d2
bc26c58d
f67daf06
303497c8
fb75136e
7a0703a2
d412ddfb
7a12bf8d
918226fc
7ee44612
32e9dd21
20f2c967
421ca488
0734360e
bf436874
9bfdab12
fd6077fd
806a6872
61ed96c0
b58a141a
162cdc5e
394c0b2d
bd171019
bd97edf3
451c1107
20aec1b9
ebaa2355
57da4215
ec8556f9
8d10ef54
8fbec209
a806f736
aae18486
d4503e7e
a06d6191
87b7b07e
46b15ce2
c88864f4
46c6591f
315a024d
5360c244
2e249dd0
0e46a0ff
917c97b3
72d438b6
4d92c8b7
84007c55
fad9ab90
3ad244e5
3b956582
7388ac10
a7597db5
951ca182
24b0c394
a489e355
8482eba4
e736ecbf
6e832c0f
6b5bf84e
9e147e87
29565ac5
a3dff382
e85c37f5
baf6b424
e23241bd
eab3235f
55c80253
e5cb5ad2
5cbaeeda
2d54632a
871f05f2
938fb262
ddbbd0e3
535b8530
5c4f0d0e
003cecd9
2957c34a
f6e39175
1d631173
96e49475
892cfe40
ca7a5372
829e3c78
e732c0f0
5abf73a6
2db6d1a3
07db8622
94e0480d
21d5795d
512d5a62
b64d8d12
fa161245
338b632a
a22f977d
48c3fcbd
dddca5f7
652e4986
2fc52ea9
c8193f81
12c466d5
5dcfb29a
d8084dd4
e7e604ad
c9055594
154b6daf
67288bd0
bc04afd9
160cffe6
b7ff18de
c87aa72c
0f724503
bd92dbaa
3a1af3f9
e8d9d8ab
aa56f8ed
dc272b48
1088ca0f
30ecf38b
7d255c65
039b7111
da959e6d
425952e1
68ad9a83
a44f78dd
21cb5397
3c8b5f2b
baac871c
63ad555b
e9cc6ad8
f67c4af3
9b60b922
04d35f00
895e7bb9
83066d0d
9a5aa19e
0349d3ea
1fa56170
c2ec2e15
a2fb1dc2
e9249103
1b9d5ca1
b12db005
e28f61f3
d891d3cb
bff0955f
063f5db2
5ca405b6
5e47dc5f
1c41b999
45230820
a0c45c53
428b1774
2cd56f86
a5980d94
21712fa1
9424b183
408ec1a9
8fce1374
f9b60124
0bc1204d
d6da6289
cbeaf64c
3144a77d
10c1e0a8
b64a2e82
80d8feaf
7ea77409
94e59f5a
c6d7577d
ab24cd41
631274e7
9c5ec620
d7c669cd
450752f2
4471ee9e
4de05baf
94268445
d16ec452
357494a0
5bf82d50
94124d59
6a997325
db43da3b
a099ad19
32623704
e4d325e5
8d977f92
2ec4daa0
07808d68
d39d49be
2ffc298b
f36e814d
4ba12d2e
ae9f9fac
f02c1239
3f0a6a8c
3921a781
b7e1ac49
cf7162dd
867cda48
bb8f4e92
19f9d03c
5c3679a3
f3485462
c1497880
2578fa2c
7d918172
fa43120d
985d3f8c
ca38ab1a
342b1257
9a5af587
59a489b2
dac7129b
2a19b4f1
8c74ccf2
a8ba46e7
ecbc0c54
cbe1e32f
070b654d
1ffce31c
f07b78b3
72c7b7a5
0259e23c
fdd1db53
11c0d9ce
55da8af2
941ddeb0
d6b2e3f5
d34cd4f3
7380935a
5c97964f
659a0d60
a2f5f01b
82255260
25418cd4
8fbbd199
4499e0fd
6849eb7e
f1e63c4d
fb9f683a
c59c4db6
c97fdfc3
62737680
98cd6af1
87f95738
0ede3757
cea2daed
2a193252
863dfb1b
128e7134
49bb7360
dd3b71eb
d3cf4568
572943f9
959dd612
c4afb61d
7fedea4b
96398839
40e18f66
50a38be0
1a2cfaef
2b5a52b7
409cc411
dbcf8bde
7c3f8e04
3216579b
e44c36c9
3031d7e3
537be225
c8d5e2fa
e5d98f5f
5272ad86
ff8fa287
7037aa68
2a27f275
594e3061
7709a7c0
3dc14138
a92f32ab
a034d7d6
630f5c91
9b3a233f
34e83eb1
54fee2ee
9ccfb15f
3668e18d
6173c081
351e6a30
f35ad59c
94c92c68
99caed8a
4b023957
89333723
153339c8
334a196d
7c97aa9e
b141e1fc
22bacf23
108cc30c
954de83a
211d3fff
5ab10d4e
1806e882
67cf8b29
43f6effc
5f2d3ff8
e29a31b1
31243f07
6e5408c5
06d73303
f6534858
7458f974
05bfd52f
1c531ee2
8e634585
3ca14b6c
ac54f0ca
7bf8946c
47d13a16
72ea81bf
79736af1
91855c07
7ab181a5
1a259807
8d80be35
d28c31d6
c26daa2d
922e0699
0d5cf307
f4b709b9
a5844c59
ade0319e
d1a72a97
aa4fcd4d
2f2ed37e
5d6c521e
32d0c8a9
537a542b
26182254
6804dcdd
807fa752
e62e7e18
1440372e
461a31fc
04938c2e
d7d8a205
b0941ae9
4aed42ad
b5aaedd1
ea0782f9
514d5575
87929804
46dc3bed
f59e9c9d
e7a8dcfb
7acf9ee0
ab689749
89bc9aa9
47df4c7d
6447d1f5
515ee7e9
39d3a638
ef8496f2
d607e3bf
6472c667
ab793f38
1f515797
81d60586
6dba4395
9cd6df51
a0a7452f
4852a4ee
85223ba9
88b82ac2
31e5aa72
11deacc7
4c83f264
6b220b63
6381b6c4
fe7a9168
26af2f23
aa2efe46
c9269215
77e3cb47
dfeeac42
46bbc751
f46ef759
7a3d817b
88420a32
e981f8b0
0465ec9b
872cdc60
88ba9430
9da3dcee
21f391d1
2afa9e95
5c284221
d9e54af7
67c9c7ea
b9a1a670
2093f827
ad71ca6c
13bc0e32
dd3ae6ef
bd0f859c
fa384b02
9856276e
cbc2ef53
53304ca7
0e34bf55
a21424fa
f7e5805f
ba2636a8
e29212f1
b9403077
569f75d0
bc801182
68b1d59a
12552ffb
42e891ee
4a7a4904
6803dd89
65ec7e50
aee76323
12e76e22
1b4967d3
c1d09d4a
9d4f3ab6
392130fa
f8f193c5
9ba386a1
858db05a
435bdab9
3990315f
c8c21ec2
e85972af
0792c489
bf7aaa08
ad403db5
f42fd10e
cfccd729
f0126a1d
17630215
9312a925
00fb2dfe
cddf34dc
43d08ebe
12eb901d
7de80d49
f4637e49
eee8601c
bf99bc49
8a0bd061
f0f68422
2e28577b
bc238618
50fced68
6760f3c0
5a0126cc
a5cbada0
df87767f
185955bb
6f2bb54c
29c5082d
90dd65ed
b07ba07d
4af82aa7
ba314351
d93e65fc
a5bc08bc
b1d8c7c9
8d17d879
b500add5
b7f1ec88
c6759eb8
c1f62949
9f3e6fe6
0a925667
4b8c5f48
ccc2d03a
4e7eb058
96ca7022
c105d4e5
08b06c09
a3189cb1
a1527a36
2c8d6abc
ba8fe071
96bd8511
e5e975de
a108de97
e1961cba
6228fafa
d3870c61
736d99e4
ca7e404c
4c8fef97
9ed7b209
7a426e02
c7c48da3
986815fb
c0302a90
692b4c01
15c6e6d4
ea9c491a
14582065
1ac581af
f4f6ae37
073b8b4f
bc185ca6
46142b60
ac71115c
45001851
874971d4
870708cd
a5cde382
2e0844dc
f4e92535
d9b24f52
9b50a8be
46a2dc3d
b98b274f
7137963e
fdf2ef06
a25d9eef
218eb3cf
09122eb4
d4559216
a4fb42bd
593c198b
9baf852d
0a4805a8
555d1a16
35eb8239
f03c9d0f
1034d4e1
dfbe8715
e4d837db
a647ff8a
6f64f971
f91e8bd4
24e7e326
c8eaa387
0fdbb48a
5013cdcf
1ced1a5a
4b66b4a9
23889050
01d39ab1
2235fd93
2d7db950
d0a97b1b
0686fb3e
e5cbae0e
914ee76b
f9d796fa
6a12bcbe
8d292dfc
ba49cf57
f7cebe46
20cba6e5
d6f2b12e
9a3119e5
98b14903
83bf48ab
3fe9a23e
7e629ac9
8a4e26d4
9c04b25e
43a19859
65fa818c
8ca87649
ce43f859
98589f5d
fddc2a04
6b0e5f0a
bd06a0dd
4abbbe33
92c5d12d
34eccefd
0b5434e4
34d6b200
b04eaa2b
c474ed6e
62f931c2
dceb27e2
baf046c9
f70ec47d
dfaf041d
dabbcaeb
df399818
6b672ea5
58caf67c
c6abdabe
0274cc40
e46cb67e
26caaacf
01fd13c6
d335c284
07cb91f6
cb580a8c
8b341e88
144645ba
42dc1382
d52a4954
1c106dd4
24f64521
66107208
62798220
1588ccfe
8ef65455
cbe61b0b
18689648
5e93f018
328cea50
57110bd3
bb014c26
c23d69e4
8f3a12e4
61b87eb7
a3bb9980
c1f5c965
63f3f429
b3ad88d2
544ef8a9
e0283d84
14810748
b96bb2fc
29bef9a6
27c21e83
e65bddca
21b8b45b
d14a3782
60fdb7bf
174dabfa
e465e683
4e00f1f9
57c0c526
a3e07014
11b67a45
0128127a
6f8d2ae9
90dd9fa1
461c6895
aadb0f52
ad14738a
4fc16538
0facc5eb
752c2203
dceb6c15
9c5b0081
75208a24
e8e33ad6
788e1c4a
dbe738e9
a3bad414
de3d3988
588ca4ce
4eb55a44
5a48bffa
fb4cfd01
f9710197
f1322bf6
3dda8bd0
f8b70d80
39e72163
64aedf46
578e5c45
1cd0fa86
73875386
a70c30dd
03e78a96
a4134a4c
660f30c1
82fd498a
524f91ec
ae3a7b75
cbc1d03f
c90f535c
4ffc9f2e
5f3f1562
0ff27ecb
454ce51e
e40674c9
79777146
7ca0a7c9
636fcf45
ca6362c6
6145cabb
da4a10f2
92d787d8
27ba6f0e
2128de43
66f4c553
358595fc
60709a41
1428f87d
6fcce02e
8ae2608a
189b3d93
9a0522e7
f56264ab
871c5250
a79ccb9b
e319296c
00ad84b6
b75889cb
6a56e59b
6a5e03c9
eec9ad9a
b42a84c7
72f0c55e
213d3e13
591cb0ec
2f2bbaec
56b4cc37
297b3e6e
986dff95
d476c71a
9e25ab50
42b86017
99ee4e0a
55cbe5bd
06f67163
d394d4ce
68ab3948
ffc5efa9
042d3891
c4d668ce
303a2909
d67d4304
bda27d4a
b363cdaf
901f5044
38ea44af
7f8c0e90
3590465f
962ca6b2
5da61e2f
521592de
e98a7dd9
6010d6e1
2355bb67
131b3e1b
efd4ea97
22404954
463140c1
ab03ad75
0b012643
d6e36547
f330d422
df28fff8
da246df3
a4dee1fe
64c2ac4e
1825e98b
078fbb21
ed9789d4
890df7c2
c9402b38
48cee84b
2d3f97a8
2695f1ed
8dabaa99
e7e62a45
777df952
c2ac7259
d009f16a
2abc0978
d9f8ca91
d5fbd244
59d3b63d
cd943757
24a0afe8
1aeb5f86
526f466b
eeed1c7a
e12d23ab
ee5441e7
ab7ac8b3
bff6e125
199c694c
0201c1d6
7d5885ab
d057b8fd
ce496079
aa801a1a
91a2d19b
b9ab5e33
9fc7b7a5
4f5744bc
5fd27cdc
19776bf8
750a2e7c
287375de
9fda41fa
2b482b08
eb0ebf9c
a3591da2
9d4ea754
7d247346
9ad596e0
2939de64
4c5fb4de
e2411e3c
f159211f
7a2fdfe2
bba83e6b
30c50b79
a4e6162c
a257029d
0294f07f
0ff09872
832417ad
3be75fe5
d3696ae8
38b6abb2
55d33712
551cbfca
9e5649b8
bb4d2308
faa9bf5e
6501261f
799e393e
698d6a22
5de04086
ebe5e5be
bd13ccf7
55249891
00edaaca
0322b210
f9738ca0
941ed2b3
875a2777
b520730d
d3705b0d
da2377a5
2e26340e
fc578bfd
a82d8049
1cb1273b
329d3910
22510a2f
61899f05
1f4bd011
cc719415
209a26ec
ecb50d2f
ef09bf47
c4c755d7
e1c9ffc9
1826aaf1
626565ed
15ccf2a1
f88a7acd
4da3a5a4
1bf01ccf
1557ef9b
fc3b82e9
00ba7f9a
a66a1ffe
57200bb4
9c82b37f
974bf729
dc7adc3e
7856a7c0
3970c377
02d84cf8
63ae623b
52c3ec2f
c7856a0c
325f32ae
55598dcb
f8fb28db
21e0c34b
08be4e6f
ef0a1416
1c98d892
f6d9f1b7
d501cdc0
7b8ec81c
f32e321a
98c07d2c
7bd3655e
f86d72a2
911a2e7e
4e650694
3849c82f
28c939a9
f07fd4b7
57cf09a3
699d691e
5367a361
4671cc64
805300da
e94e2f3e
b996d42a
016711c3
88bf0dec
495594cd
82456c4b
d64f6e0d
4a54aa8a
3fb52408
fdb95bd2
0ead66d3
ec9daae8
61d04708
4f1f0190
4a8796c6
b3be57c9
51ae262a
380ebf7f
13c4396f
09dbf07b
8d41d9b1
7883f3ca
d9aca657
e1aa7c64
6af3c597
5a64ba57
68e9a4c0
d240d5f8
d7098167
03874c55
abbeb333
c6c5563f
ec5287fe
290e2ca8
7ff00645
982ba2f9
62ea6ca3
c0bd789c
9a77262b
a8fd5732
4179d1df
130383be
0dfa3284
3ef87d71
1b9efe9a
4df64b3c
16a0a7f4
499afdbb
d39f430d
442120b2
66dd4589
03ec555f
a1b9ce7c
96b64aa7
a3b22f96
2e530a76
aca052f8
791f3167
7940413e
5d90882d
de34c287
8ae43715
8cd4b3d6
4f61aea1
2c03cc9b
e7804c33
2ecd3d30
a4044925
893f0915
6bae3e7b
2040012b
2ccb5239
97067e9f
4263ec55
c2c32781
6059c798
4df7926d
48f7dbb0
c3b1cc70
bdc99c8f
455f4fc3
38484b90
167032ad
1496cd5f
6a9433e1
71e4d735
8b425434
f9522e16
2e86bb9e
c755ebe4
3f0388f0
8da8503e
7255aec9
36114cef
ee18c609
2dea31c5
118621ac
63caa5d5
d973d3cd
c24e6b48
ebcaf7bb
12846985
69244dbf
f2e86336
2f555251
26f92b1e
70c7b0b3
5ce3e8bb
1f679061
40131c54
50a83e98
b819b185
4b0384b1
4922961b
67de868b
56f81c8c
f85f7138
d9773a84
fad31777
9f8ad649
6d3109e8
cd89d22e
0e4150c8
af501e64
3f05cd6a
53b109fe
2350e799
cbd8d148
efc68fb0
f82285a8
ba6ded83
fc6c43cd
f6aee127
7bc89822
715164c4
e4f08e20
53aa63fa
e570ae10
e6e81f69
45acf08b
ac0257f5
396c15eb
c1f42863
dbf529ff
a79425da
46c1fded
56f04b33
ad569bf8
bb1d396c
9a2659f4
7206de78
90f8d91c
f0b882d1
fcb886a0
61f2e256
8abfadca
9fdc9b69
9a861b11
6566eb83
bacc2688
fdba0946
2ec076ef
23ad5ac1
9652e9db
a654618f
66d7031d
5028e8a7
eab9e919
24cef854
8344b376
b0654583
027014c9
1dcfa31d
dc228eab
3302a250
8e5aaf74
ad3c176e
d5e9d046
13cd9176
9d833167
8e5a3ab0
e88798f6
68b3f27a
c96b9984
f133d189
eb543508
d3557db2
e0837ba3
711cd758
9503f6c3
90a786ee
6f34acb3
aef48da2
d75a9242
274089ab
f8cba0b1
17651d3f
2c964c9e
45ba3d9c
433e2f98
5f60f33e
61e5641d
61b2f76e
d4ba30e1
c66d6ff2
19f05d5b
593dbab6
230abde3
e26a10b8
afd55046
be6fc7a8
95c67845
03105162
2ebeaa7c
85dba704
d650acb9
bb3a461a
8cd68326
caffc29f
672b42e9
e1bacf12
b342b4fe
5e7dc410
39095a8f
594ec7c3
b76a0418
0ac6826c
8be68a09
0e576c1a
995fe3f0
c11bfd60
6843e55b
89f96acf
30bbcb7f
7355fd35
529452cc
c17a6bea
0cead0c9
8888adb0
3ae286cf
2d512992
040ed9c3
39ec1d58
f2af4f1b
72c8751d
f1168e28
3aa05661
3de1a4b7
279f418c
3a7a6d3b
8c7bec75
cf53a56f
c43d0a90
c8883cc7
2d07d2af
3d1979c6
5617aa16
c9f24c3c
8ec40cc6
e4c5a668
511943ec
55fb149e
da712a6a
18beab74
77d9fe1c
4b511831
62b68f5a
d8ef4874
0ddbc004
ceb427c9
03e97f0f
ad19a86b
9a840841
6a089567
6c2d6f95
fa2a403a
f7867cac
3a6ff405
5909f832
a7feed95
33c266d3
9c1f12bf
b7517efb
8944053c
3593b86d
11591d62
6c5dc718
436b05a7
58217d48
8680970c
184afabc
a4b67f72
0059511e
652a0043
816c2892
8bb33f0d
660fcda4
68db4d59
2f7dd1c1
3df2d703
854215ca
389df0d7
566d2114
bbb4de53
2fab63ec
390e82e7
c310df8e
c4cf0c3e
8c530dda
50ef5eee
dd6aad97
93d9369b
144b8fde
d3bfddc6
28e63165
37962600
999daacb
b45f4989
f0a6a0fe
b39726e2
be22e5a7
b058e96c
03d2c516
35753d6e
c9ce3442
e7880fc1
287bc3d9
5019b0f9
a6d2dcba
55f9a118
5a88af55
a3273464
f0d94091
c1aa9274
ef6f2b46
4afa26e5
caf6bf36
bf1e467e
8de60f56
cd91c350
4a8c8c0d
baa570eb
83bb4c57
ac0af0af
b1f25da0
b28230e3
675b7f2c
1f619513
95bf9db2
a7343876
2767e50b
a31bf5e8
6975fc5b
092013a4
61c657ce
ccc78871
84ff6435
6747f129
b5312e98
8caebbc9
21217262
e2cb8f54
f7099e44
5ceef8a4
fcbd1279
80b1bd00
552d3788
885582a6
382a8a66
45a9a475
55c0a026
794c5844
bad08da6
c7e71a94
b204910e
248d629c
930a7893
5f16a57f
fc9914c3
1e2263a3
18937b88
8baa4f59
8a60c159
db3ea7fc
f7e5239c
2147c0b7
f378cfff
ba6c0d3c
42b98bf9
0b14d15a
b6c4e165
77e2d631
89b8f4c3
733b3533
a636a05d
359a1123
8077157c
39cc2610
1cc16a77
007dc4b0
a5988065
071b2f4f
3cad38f6
edc510cf
b4463301
36e36852
26c9b166
0c4a5b94
a027f908
bfdc07eb
db0e771b
a84ea04d
f4a0f3ae
b07d9e44
7516ec5e
bb327a10
7a700528
20723002
a83a245b
7a977263
0fb059ce
95baeaca
d49a19db
6387736b
30a0e65e
a10d3d0b
d32795fd
129c8311
dd22afae
92325365
d38d760a
d4cd1d2c
9a7c7598
8d20801f
3946ff4e
3346cf39
be92d749
6b0b2bf4
c0c0350e
0a5351fe
6df898c8
a2d550b8
1088cff9
278a8302
8ab5e617
f894b8ac
9fa0e2ec
fc594152
5a1e060b
c13a47e4
b116e3e7
c02c9f12
2a102855
cc4964d8
fa908291
b29829f0
43683643
f1aee6f3
8362992b
d8b5b008
b8246d12
8540cdf1
032ad24e
7504e11f
cdc9c40c
5c4feba8
866ddd95
86330c3a
1133c3e0
40b11fa7
0bfc0ea5
cf359d91
ec77f992
7bf3b630
ab83a5ea
38efc4d5
ced5990f
c37cb955
de905cbe
75f9319d
2a9db778
122dd161
a8350941
2ab8942f
3f906e11
7818b038
adef61d7
7b61869d
3df26bc4
61d0a3a1
c1339713
c9e4719b
bd317c70
c55990cf
1f41668f
418377a7
c187839c
0f7777a6
d1fb2b87
25f9a982
09f5dd26
f879c5ce
d8ccd06e
1ae710ce
e72b3a91
8f520f0d
18cac2d4
529c311c
4344b323
71378fd3
99785915
d90cb738
b299896d
f5397e57
848d96ee
fc59f506
9dd3db3a
3029e460
9819a472
3e61f519
18987a78
ed3943f3
6daf6b50
98604d72
a806f735
aaede4e5
d858b47d
143911d6
f67a9037
2bf86329
d4374c07
8b41e95c
7b2c7f49
6c61804b
d171019f
d911befe
370f3ab9
db562035
f5417c3d
82109a9e
b92155df
e0c57e52
aeec2375
7ad050b4
681bf237
ddfe3a39
4d9bfbc5
6e8b1434
8dbfd472
910452aa
7172ff42
fdcfa9ef
16bbff56
4370743e
f305ca65
0360a761
e61d1847
e7ae836d
cfa4290c
1a34058e
ca34914c
5bba9502
2a40e06f
ffee7269
05ca1db8
89daee46
565acdaf
f20a6158
7a06f748
391b02df
7159019f
7c33ec6a
366b3a15
741fe2a1
813b5604
948fdcd9
8d8da133
0cd06126
1e608adc
e85aa561
222db85a
31f0ebe9
bd36684f
77c9ba50
50f0d831
352d648a
ae3162d4
cf1fdfc1
a81b53f2
8ecb2ac0
99f8be29
4986ffd7
59f6c9c9
993a9c6e
9c501f95
6bfcf8c4
68645476
bfb64563
9459c32e
2bb6f330
4fc1b2d8
4acb4cb5
48e25e7b
668ac24d
e6acd8ac
ca95a870
8ce9601d
bdb89d68
6cac8622
717fbad6
42820144
57fa8231
f0289c0f
9688b6bb
8bad4414
46d565e3
a7476a37
0a3449d7
e2d3e250
4dac0e9c
4382fcc3
9f48cb0e
43004b5a
070ee38f
b492a830
d30fc7ba
54eada86
f8f9b63b
09e895a4
70df194a
ed340691
d1241c22
06aedb32
64d64f16
0bafe80c
236c783b
21028fce
6f9581d3
2a5e4e84
92595723
af1004dd
5ef59018
722a2a03
da206776
0f174e31
3cf2b679
2d89cf87
9b5d92db
09da2d58
c2506760
193c07fe
a1b2e8ff
6903a389
b3232b30
1eed4252
624c7921
406ddd35
82ab1ad0
dfdc2f28
1d1944b4
84741013
c8b81628
85d311d6
1adde662
642f582a
6a61a85f
b2269aaa
4f0ea873
da102b13
3136b1ea
067bcf8f
8ec8190a
30cae03e
f56fdd58
d65f9d7a
9be93fc2
3e35188a
39a6d518
83b137da
0c0e8a9f
76fd8211
1147e88e
669d8a05
2c757c8b
ff6ff259
25be8bab
6db9a80e
4fb0ce12
9826004b
5dc6c7dc
229dad02
7089751c
9b719b29
aa890b43
f7c4f8d3
730b3b3c
99fa904a
b58503d3
aa124cac
9370108f
bd56bfdf
3f003ba9
36d5f5f3
8511e906
be1fd6de
dc42a33c
8c8982ee
26578c04
2d3b9a0f
9130f372
64806f7d
4490828a
ccfcf5aa
1b7a0d4e
00afe4c7
7ad8215c
a0805a85
d1c542cd
4a071e63
90ae7a46
a3342315
cd84877e
f00650ab
787699e2
c21b04a7
f37909e0
9ae97882
0ad52dbe
4335fbef
7544dcab
34e8b3a3
71049f4d
bf44895b
e39033ec
5855e25a
67c4daf5
6fda93b8
881c20ae
8d3533ea
4244af8e
21158ed4
892790d3
1c8464ed
932810c1
b73f7379
735f85f1
ffdd6421
3874dc2d
ddd49775
a8780de8
916e784a
9285f859
9c571d5e
8060b6a0
402b42ba
27fec604
18f90afb
0d68b328
7aba6b6e
cd21a025
dd8aea57
98c90cd7
9325bfbe
be9fd737
cb5bb46b
0707da80
76a331cb
03d16946
f1ce797a
e2c5e74a
9bbd83dc
5304d1df
eed5fd40
7ec76a3e
e39c9c3e
7377e253
68857c6d
261f42c9
0686b8aa
e3e19c03
dc531253
7d3c86bf
5089190a
06a47b1e
b138005d
974ce044
63c8d926
65688f50
e4d41731
a0728128
faa8d963
d11dfd81
bb10b037
0fd6d13c
6bd64344
d46cc1fb
c6237d92
9bbc421a
6c1e7745
fc2641fe
b72ae5b2
9806dffc
3cd6be00
89cfbaeb
acce51e2
b8b671fb
a7ac7d5f
28f6a2dc
6906cdca
a7456735
7fdb9e64
8ef4158f
84fb860d
7371de10
5eccb369
dc9f1019
ed19c5b7
6046a360
3175d7d5
fa697052
58081603
03c33787
c34f46de
5906f194
61b273ce
d6bf214b
605d5800
a0fa886e
cf112235
81a9045e
85700d2f
1e6047e5
c50179cb
ad35f637
6d90e60e
5b72ca66
45ff6459
87f60c83
8aafb9b0
cea968fc
9565bdc7
7974d989
aaf49dcb
10f1cccd
04677759
bb0861ff
51cc96e4
a11e9aec
3a275a6d
fc38c9d8
4574d079
30086744
a0ffdfb4
3a273430
488a1660
42847b23
71efc7b3
aa2584df
4d735980
ee2a1e81
12b767fc
375b83d8
a334a948
f5abfa86
d594809b
f57f8958
8ec5e532
7e143c63
ca9c354f
ca8b99f5
8f19c0cf
570f12af
1e0fa842
8bf425e1
e6484ae5
0d87308f
99420dc4
c7a6d699
b3cafc43
641fa622
8bae67af
ac2f2442
5c4f4231
352e3e95
ad601a8b
68149ff3
86bac2c6
02afdb57
c16db115
9eaa7cf2
f7bed968
beea2b01
8ac4ae44
fe881982
4abccc9e
b6c3c429
0696e24a
81262b85
ce839c6e
1cce5fc9
31d59e12
c0e47c39
a30c0a88
69fe6f66
264d508f
07c22281
31d64a48
eb79f6e7
610afa95
f550f299
8b774418
1d7ac9a2
cd9bdb25
691b2b1a
8375c9e6
736b8c82
5d82721f
6bf2e41f
d952eb47
0373621a
8932a5c2
6cdbebe7
254765b4
f7c1a8cc
99d17da0
7ac1f4d2
cf29491f
2751995a
9b20bf87
16d3240f
380d59e6
f50bdfbe
517740c0
948c9297
dd104ef8
4d2bb77f
434d193d
ed33e808
9666a231
0634c701
4441a50b
6cff521b
513259e5
5bd068a2
8e447bc0
26b3109e
d0beab0e
be3255c1
65cbff04
5f453031
d12efe90
d163c42e
952c4b7d
943f4edc
c17af5ee
67283bad
6be8dbe3
6204f689
6660b483
6eed739b
d3500954
9d26ed49
51724cce
059b97db
9b79410b
d8576c47
8e2d43a8
ed524004
0f00c70d
ebccf35d
c14a584e
c238708f
491725fb
18aa76cf
98040336
143b2fe7
49391784
12fdee60
490686f8
a2e08894
cdb87ccd
8616067d
9de92731
98e42d76
b41699b3
83398e43
ecc7505b
df4a549d
2eee7051
fc602443
e5ef3ed7
448e266d
883b0fcc
d19d9e8d
2bcdfacb
060ec0a1
1d4b7a2c
33d6a64b
04e90d44
8d726364
e2cefe8b
9eef8084
b119c89b
89577f5e
b12d0c00
050d8e96
2f3d8bd9
569a7bba
244bdecc
addc51a5
daf4a871
b0af5e0c
36b084db
e3550e0e
100907c4
2ec2683c
1b7ee21e
20957180
5a03ec92
d5a6541a
fb866a88
ec394d83
74a0a7a7
6ada862d
79f85f62
3090eb68
92424f56
aeb4b2c2
25713834
4c8098ef
ac37b301
10a07b6a
e66ba50c
cb87e149
c275895e
18906ed1
bc02caf4
4edb331a
3fb48f86
66c70c24
6f3a3f25
330fe20a
2696700d
fa632c86
6187cc9f
9a987235
0f0d931a
10bf380d
00629992
394ef77a
139951ea
0d25aa38
b43c3729
69f8c6e5
55af9097
50194a69
53de8ea3
c35f5b66
2e42609f
28678757
c92c6931
c5470db4
bac2664c
37783469
0f549ef3
0ddca676
bb57751f
eb634345
e27ffac0
b9d97e33
55f5f2bc
9fe2eacd
95de5990
8362aa26
12e62795
14897f7f
57b6db4c
173cb943
8287b069
e5dfefac
1d661499
215e3703
107abf5c
b5b28e14
6a7ff9ac
3c0c5229
7f6c08ad
314325b1
eb50c62b
812e23c1
ef920c2a
6cf47f01
8191ffeb
73f4db7d
fbfae930
7d4bf19e
6c7e3462
f4b6027b
abd678e7
fd9ffac2
5a30cf81
3bd90241
69b4dea9
be5174b9
8805879a
262da7c1
c86c1bcb
29be9661
952bb0d8
8528e940
98140d40
2e3c325e
a6836ac5
b0ae4a28
4485ad7d
d464c8e8
e24424d4
bd0c60db
13f41250
a6750b6f
e405f483
082280e9
5fce1236
2c9b02b2
d561fe54
bfca6b21
a7687cb6
b723f1e9
eac819a6
d6690658
22eddc29
b47ea33d
633f5511
ba3b0a3f
b4ec77a1
79111f0d
04e2dcd5
b0723e49
00d7d714
bc906bce
8cd7947a
b5458196
ab9f268d
a69a846a
34e05341
ef85eca5
103dd00d
edb88773
5785a2d8
9804b5d7
d9740388
79a0ce4a
6d5e71be
ce55e14a
3def96f4
291f5cec
92d5080d
49428d07
04ae4fb6
6645ca5a
3ed25e7d
d6a55a93
c3178968
75689ed5
b0f3bc0c
2939a915
9f7be418
9cea2964
e11e7567
d9e2d57e
eae7cfd8
70840c96
d3c037bd
73c859e6
6660161c
f0d72ded
b83a6c58
4393c680
5338bf01
dfcf10cd
87036ae6
a1a426e9
8a5b9ef5
c92d04d7
5f4dd18c
4af84572
0892af79
f2c99927
fc4e23f1
3e33e2c9
0f369c7c
4b973620
073f71a9
c84e80ac
133a9ca1
557d0236
524cadcb
39406811
bc081430
6f472597
f5458dcd
db7df9d3
ecb2d5f0
779d5036
6ee4219b
b031aaf0
2892e0a7
e4416664
d93dc662
5fc765da
dcf3f0e4
ff0b13f3
33d29469
4aaf1c06
8cde9ab1
ae9a3bd5
d5fd0b85
e53fa9a3
1173f566
943f53a9
b703dd0c
58e550fd
adabb980
89e14d6d
a9db142b
a09c2104
b32ad81a
ed146dce
751e2e98
a963a93e
54c4e49c
c2b71657
2fc12b49
5fa9cdbd
a5d588f2
8db39077
081cfa89
7effb4cf
84a40f7c
ac3a36f9
b64912eb
169324c1
336c8544
db4ec066
6b023927
a8ff29b4
f4f86550
f2113659
4f95fab4
e8a35875
f61a8dc3
53f57c52
73970fcd
dfb239ba
88238af8
d6e23e86
b76475ff
02aaab52
afd8d6f2
15df4251
4f368ffb
47fdb37f
c3d75d76
2748a00a
5a76cc6e
fc92fff3
cef506e5
ab1bafd1
02ddf481
35fcde47
68b942fd
5c3e934e
44b598c5
02052173
63495ea6
5b2ae7e8
fd2b6463
a54edab0
bd04523c
df3afa3d
8fde5a63
d6d11d6a
5af8dd54
6b1dc25d
b9977536
b1024b6e
f5911c79
15d4b9b6
dea52027
2e9e5397
7974fdc1
3f597a47
1223dbaf
4397ef84
72812657
9f364332
bd553bda
5fe0af6d
0ba8670b
ee69914f
5443f28f
6852f746
e1ffaf7b
96086b13
f6229266
29ae0a71
f4eb9e21
62d04b76
1c696b89
121233a5
d8b18b56
d2bcc8db
3f562c08
a03d7d03
fc3e436d
be2cd1c4
a69c3a0e
1a60b6e0
9b2aa77e
3765131c
35ddea7f
9adb88f6
93629f94
d29f845c
6096bf96
5be0a0a4
b174ec9e
b000674d
21dabe19
b52d07b5
aeae0658
a2c31c2a
e981ada9
5aa895d3
4a48ea9a
b46ba3f7
c2b15c5d
ce6b90c0
320a11d9
761031e1
75a91717
be304af2
5aa479e5
668ed609
35baadee
60ece04d
6042f9df
d059ca03
ca220f6f
f23afb88
043e088d
60d6895a
8e4fa524
27881271
9d0232d2
b05bf0be
07c6a498
b9ec6b72
a4c41753
e3e2ecc4
713c4cd9
ec4501ca
c3f09974
cb10527b
eab50854
3c4a1ceb
853f2300
4abd664f
28ea5bd5
118989bd
377905a2
ee6486c4
a93b0ada
c465f3aa
38015ae2
78ff7acc
637092ff
54c60768
1142e2dd
ee35ee71
2c87160c
0698d4cf
9c26632f
5836cace
ac860559
e98f7aaf
dd89a182
de8b3e9e
924ce472
d696c173
d9ac63cf
ef608d85
24da0f4d
c3402754
32f254a1
74af5ad2
615ff028
740d4f25
60d9bbf1
a351b462
2e6a6f0c
12f007e9
53a8f30f
f4ef888b
ba23a4f4
191536ea
46cd08ce
1d43dfa4
b05af31f
2915e463
26a01b4f
9cf4dccb
eada50dd
b8f5b71d
ccd412d6
9f5047b1
6363a022
fb9a99b1
bd315107
752eab6f
a820728e
684dd776
86ccbac7
231e13ad
cc13a018
ba0f7e10
ec67ca36
b1011466
e23e29a0
c64d7e85
5a20a32b
86f96529
e1de10e7
5b9ec1c6
f76e42b5
d8275809
57ea52da
ab929c42
fb4ea9af
e1108cd2
e1dc2677
c74c6b3e
0f5a4b4b
80520212
c214615a
89dfcee5
70698a64
65807436
0bd6b715
7bbb486f
446287b4
8615b23e
3a1f28f7
3f354997
56fbb014
3fdd2d68
d47c6a50
7ffe9fab
2d7e9c6e
209741f7
dd9171c3
86846af7
708b6c5a
bd04799a
74d330a1
4a242182
0c94d788
5ad60bfa
ee89c3ee
08797a14
c046d8a9
712d5500
aa2a2006
2b787573
9f16f498
713f5f1a
c1561cf4
5bdb2f90
fb0f2004
fefa5fe3
15cac960
d03b0d73
83338299
9f7bbe09
ffe7a0d4
7459806a
cec8aa40
ab983780
006447b4
9ac2fc5d
6c6ee1d9
bae6a793
ac8ae3b9
ef4ac327
52e16eb0
99dd744b
ddd5f3c1
1611a0f7
63e56ff0
0d7a175d
bda38235
714ddc27
93e27123
650987c0
ebc40a38
3ae4d059
bd1ba5ee
fd66269d
0f06d2a7
7f1959ce
d036c81e
2f949c04
3e9c03ce
62560b3c
c50a8e24
0d06cc23
44da0a22
b657554d
c325bd72
e5f321d7
b8f9a753
0e63aa1a
1f3a26ca
278a2c5b
222ed63b
e5d083af
410636dd
7c677353
d3a610f5
26afbd09
f0d0444e
f366f422
91b6f8b3
9ab74383
2a2446e0
fdfae41c
8e5fa0a0
33382d25
e50e5b0b
e38aabbc
69536882
8c267ec3
3c39d8bc
e2e53e4b
e0a3e77d
15cd223b
80c9453e
a5b4f029
4d8873d1
3dbc3728
d0743a04
b1a6a25e
d84745a8
2eb9e7f1
5abe1492
9daf0804
e9597c33
1d3094dc
fac97229
450b358f
54e24e12
b92010c2
dc39a69e
f5a84f8b
77736547
60aa9dea
51ef4841
a401b272
dbb8d1f5
f14437f6
80e3494b
d081e86e
5c078ba8
03297f31
b5266396
53c778bc
26c47c54
809bb693
3f7c1b57
3ec20edc
9c2f9b50
87f032b2
b5607e41
efa861b5
9048bf3a
7258214d
b846f4d5
bd5090db
463f48be
4a333a6a
82b3f675
73d8212b
88522075
47c02d3b
0e8aed08
3653573d
ca2ff587
a77ef6c8
4d5e897b
12454f23
cf8f2c93
69b66a3d
3ac290e5
731e95ca
95572639
4397e0d1
4e3e7df7
b19b7bd7
02df6047
342912ac
d9efabd2
be2a4e98
08df99e4
878fe6b5
10761839
bd5b61a1
fc8a0bd6
03e230ee
fa059031
48711230
2cd3c24b
c7cb88c6
6cb1664f
4f6c6813
8fa34da4
24e06b4f
18ba6eeb
f983af58
0175c4ec
84eb1b18
1685735c
a53b4a4b
423bc232
75ce7e8c
f9ebd3e3
f169b728
3616492e
194d2057
15b44074
2aeb5b89
72d133c4
c19aab90
09f4dd64
d95a9d48
d488de11
2619af34
6c1bffab
6e3c5ddc
55724cff
8159f3a9
5abd0bdf
831451bc
2d59708d
6a52f409
aeaa0260
3228d773
3012c110
6e2e5408
314fcdbf
d7f171a3
c168c561
e155b9e3
9b57a837
a47e9cff
8bc9a6ef
5d9735c5
ded6c212
d404aa58
68bed51f
f1b0ee31
62a1b94a
e492a24e
abbc7e43
aaf58359
494b6cd6
bee6697e
0afb83da
2a9f2dda
2ba54348
fa4c576e
649448fe
5cf4395b
a039a234
1b92696b
815b64b4
547fd812
40c43a2c
37bae46c
0ddd6f17
a7c43e08
20a0ef4a
947f8c2e
dab5a4b3
aa5d87e2
4e989cf2
fdd8bc51
a00fc678
40dda918
4a24af07
27403c45
39d90801
03fda9cd
6e4e074f
7a51b39c
c860a42d
404821bf
cb839380
878a2059
b3ad52b9
26b5b6c4
9dc2a0b2
f3440f58
2749f7ef
2f377d95
d0320737
8a4144fd
f90807d2
c7b55e4b
e3fd06d5
27d76f86
8ede9835
e6dacdf9
53d3fb2b
ba672370
9f2882f4
61beecaf
394105fa
263769a5
ab7628a4
a2316d35
7d66d53e
5fe99d1e
e5070c5b
9501adbd
b67de126
417da54a
4f476ba0
e4546d99
5508542a
ae2a466c
3a1116ff
0111a998
b074c2a9
2c1f2199
cda0d46f
3286a0d9
35238177
e4a53dd1
20f8b79e
f766fffb
3ba8fd57
a443e596
c6d8742e
c3e7d000
051e5293
26c6f395
ee31d62f
4a7fd6f5
a484fa05
434cbb07
51aa1331
6a4b6037
cffde131
08a4e35c
0d2a0e5b
d0c84d4b
f5497e9b
89d40916
162f60cd
bce10716
1c72abf7
68818151
4dda2d84
053f9f91
2f755a17
02c8f98c
a2d79970
6ecf800c
4707a20b
db95eea8
ae5b6c88
ba8ba0cd
1cde9704
09f0737b
f47d0634
c3ce2149
fb0755fa
26bbb9e6
616d7585
346bff0b
3adde30e
51306a50
d332c9cd
cb6eb5c8
a720df43
25d4c5c7
10e31551
3b6882d5
4d74decc
030b86da
09cf1972
b6c4ac42
4ad34164
7d05d37b
2a30c90e
51330046
1640c3bb
c8c330a0
743b9eab
fa3156dc
cdbd6b89
7943060f
29dfb30e
287d86f1
8cdebea0
3a58f785
b1a0fff1
658f931e
6a6f05e8
d09a50a1
cb498126
96caae90
a0012c9c
37cf24f5
b96c46fd
07cc3aa4
9387a7e8
88281ef5
f5299ace
08770736
faa7dcbe
273398e6
d1c12cd1
7f35a97c
8953c251
d22ac17d
caa1ab9f
0594bab6
ca844937
37f39426
eb99a53d
38f33ee2
bac57fd5
b2c57c0a
b5c267a8
dfd47d53
5fb898ec
d802e97e
208016e8
69fdff06
15b7d508
0dc2f2e3
2049deac
68163f22
51b733bb
4fc1033b
9b6cc9e8
4868d0c0
1c6fc6f8
72a620a0
60fd04d9
ccaed9aa
e4e9de87
3813727b
9ddb13f5
0b1c48c7
c299d165
ee14aadf
12a19878
147f9d4f
1d17da24
2c3608ad
495819bc
07982deb
468cd3d9
420429e2
203945be
195ebed9
1e3acafb
abd4a069
c4ea6f25
a8dfffe2
b3511a13
9275715a
b79bc1d5
3b81c6a5
69f986ef
7dad05dd
7fcfa196
f459a968
efedf392
626cf0fd
7216f644
371a254b
05dceed2
98dab8f1
375b1d73
ca5fb629
afcb84e4
35ba02af
c814d358
1d80b687
615a36cf
d7fb64ce
d73dd69f
d02e0d68
21e3b089
a9a5d570
72704255
3d613648
6eaf481c
723df28a
41f6433c
bba17974
0579d553
c5a6fdfa
592fae36
31ce3002
0e0f7745
fc1341f6
1194b7e0
6a767ed4
10392c42
839fa5da
93bf1748
5b93d383
1d97cd32
620e1a6a
892253ab
a9bd1200
745fe83e
a255fed2
ac79b2b5
dfc4abe2
1da1197e
ef560119
c1d3e2c3
0cf05cc6
ea7b7132
0ff3109c
d1f46bec
cdb170a8
97242e3a
4e8f8e2b
561c804e
04b14bc4
94f27920
a1148dab
249f4a9b
7445c3dd
4bfebd82
1598c705
a2745699
3c4b3b8a
3c7094f7
f3221380
9b1b2e09
25945de4
6b39d4f0
65587843
2055800b
9ac1ac01
477aaf81
43da5e44
0a4993ed
3eb1d117
96f5589e
81364bcd
41b632aa
7b851a3b
c080dd1a
bf5de1eb
6f708b3b
bced5230
c3c075c5
626edc59
8551b5cb
cef90bdf
1fd11fde
b972f8ab
2a9a9898
48bd2fdc
459df69f
92830c38
938ac2fa
b1690510
a8a2f355
2fcd2e11
cbe629d6
d54139b8
bcbe50e3
a2e37df2
66f630dc
bd51f5ea
fe72779c
a0b4545c
6dc7e923
8c9beb12
cec3ae2e
dbc0460d
b3307e2d
22458ab7
f17744fe
24f9894a
afc8b7e2
9fa1c478
42fc6a0f
380057f1
6d33bf4e
41943643
2cda884d
c7b1c224
0152861e
63bcb416
52ffdfa9
885fceac
40c4bb49
2213e37f
91f9a461
0bcf0dbb
a57b0867
4a86c1dc
c51c18c2
868b03c0
389d6799
19afb86e
3ae3e8df
b8fd4f43
33b1dee9
05f3a13f
4b5b4375
458baf0f
3d20b07a
4ed3584d
9e87bea0
4322cb29
52bb274a
fc1df003
01ab90ad
047f2732
f3bbf8be
1923a3e8
c68c3da7
66275a5b
20e3e14d
c5878a28
ac909969
48013057
af770d12
94782578
8a3acf73
a94c15b9
549f28c4
8179f0e7
53cca5f5
293eafcc
642d644f
dc38e3bd
c9ab50da
d5b86142
eb99fcca
541a0f8a
a883ea9f
6fdc6e97
a3d10d90
ce0ad881
364cf38c
af99d5d2
31583723
c035d35d
31978032
f3a5bfba
ce096ff3
9d18bf08
d5c6b4f4
685e9e58
c92db1d2
9dee0579
f56070f9
949a8586
416ed5f3
e1cffb7b
cab2114b
9bfd95c6
01ed6de4
2666c24c
3bc8963b
08f3b53c
b4d548d6
a43f4011
cb9587ef
1663113b
fccd2839
608ebf5c
5bc9f92e
f96d6058
f9af178b
70913ea4
bff735c6
70b4f541
2d88ebaf
2f5f69f1
8e4430e1
035a8d6d
0c1786d6
656a2eb0
373be32e
209ed6a1
b31bfb04
4318ba19
df2db6b4
569b4b69
c138e6d2
61bbcc43
1e47ab1a
8fb74f88
ae89e9cb
e5a8c273
413d4c80
fd0a2216
905f68f2
d563dc12
72d8a722
a1a653bc
11ed2cd4
3a892b0f
e2f05b9b
d9eaa41a
205df76e
48bf7ef6
4b5c4586
be706a70
d4f84e0f
7a01d2f3
4badc95c
a24033ff
23cfbde0
5a092cf9
8d505572
7834872d
f2fb3be5
257df5e6
e3ee78c6
b223791d
7d16443d
07a66055
be3815e3
2c015f81
f9def359
d10dd0e3
0921280b
a82b9d7b
ab168799
0756d70b
6b4ce3d0
11e5912b
dbd4b9ab
d0de04bb
1964ff7f
57e0db7a
dd781a9d
1b516488
cfcf9268
8dd31989
32ab91f8
520287f2
5d64170c
2f3ae10e
107808e3
3de86a71
246c1662
72a0a372
bf14d2b5
8d0e6294
6ac4857a
b71cb1af
0401665b
318855fe
5dc684c5
26922f2a
0d9c8cb1
1d56b434
b1da6a5c
6ea31694
8243852c
ae29f7bf
8b15a5d0
ca58fae7
758a7cc5
784af84c
cf2e164d
b111a77e
3a3a95a1
795ebd26
71bf613b
2e91b117
0ed8f48e
196ea9ea
462277a3
12146ac8
76e988ae
b8710150
9332e2dd
224d8849
fbd8dc8b
e970594f
a960c403
8dff6293
540b7ae5
51af2e8e
3ba82291
c0b9b0ec
222d3c7e
31f56b4f
0f046521
f7a09ad1
7ba3dd2c
00cdf8cf
455ca385
f4a10973
646f7534
d3ffba50
b200a94a
421ee11e
5990ae00
c6418d28
0b7a2d9a
97e0153e
3db46c3d
b64110a4
1eee8b4e
3f62bd2d
7022008e
3648ca77
cfc18374
0a40e8c3
fc48ee8f
d2b6b623
8a28575a
98a9b05b
7af2664a
f15c97b7
16e28a22
b37bd7d1
f9b3f131
7527cd9b
1e0991f1
aac35aaa
f3593641
67beeda9
fb79852c
b0507882
574c8362
2334beb2
28b63ca3
0b674d72
bbe6fed6
e3bd95c8
7193140a
7159ede3
d050d9b1
a7b51c42
839695dc
748a940a
e77326ef
f67e6038
7556dd84
72275417
8c1af0e5
92c10526
fed61e94
9d9482d6
b406c211
e4de5253
fc108639
762dda12
60906805
df8f276d
5731c15c
8c54acf1
209a8294
69cf64f0
2f75ed58
c90a22d7
27400b9f
e04ce846
d5c6ca64
9dc3c801
7cb0d660
a9e04e9e
a6480e67
57130905
f045f19c
80bc8247
0e792d9d
52999778
6ea24f23
cf81ac80
b82be088
436ad035
34e3ece3
668aa3dc
6cd66e24
83456b0d
eabf5fff
295754bf
bbda7ebf
75b17399
238db178
21fd8e89
95b0357f
f0ec02f0
66f56f89
ab816b6b
5b654bbd
b040c434
b0041ab7
590e80de
abb58ed4
578f7f83
b797343c
73030a34
5af5e1d6
3f250491
695a020a
0a718667
6d121c19
fcb44171
e7d13cbc
c89d4f7f
4f216706
1bf34a26
2441dcdd
e4941530
a076e309
fee85d42
5d4c9ba2
092f2b7e
6453369e
529e0c1e
f0ad3790
9dbc8b5f
963acbb4
26c9ae52
737f1db3
89ef8f37
79233553
eea20877
5a3b4b81
5a2536a4
62c8d35c
6cce8ead
1e757420
aed4a758
7dc8f2a7
10184e49
23fd3681
2087d6f7
917220bb
79c06b29
e00b5e1b
f2c7041f
5ad94a9d
02d0b858
aeade415
57c6ed42
c7b3e6d5
d64a7741
8ce17910
dba636d1
b2ff158f
599568a8
64824fe8
829473b7
90b02d06
3704564e
0474dda8
67f3db48
8fc075a5
afe636ff
4e05ae03
8373cfc1
abf9c204
e49870d8
bae3b6b9
4aaae4c3
d063749a
60fd17a2
832fe266
9300a737
7b269c44
bd674a73
d1090c87
e3ab0dab
c1dbb824
6d330a2b
82bbee10
104ba42c
fd0cdf2b
bbd807bf
ded8ff28
e68e6976
5fb72866
edcd125b
bf4ce698
50611db7
092f4fdc
fa434976
fed5d8c0
fc72bee6
de6b4d11
4eefe855
cf472547
5615c6b0
36b58bf1
7eb6ea94
df6357a6
076e60cd
a5830bb6
5a40904c
416fb968
7e1eab69
c50804d0
77dea539
cc434425
3c317e86
6fd759b6
18daa306
dbf2ee3b
408c6901
7829d537
136d9a70
a45a8641
66c95d08
e0670c3c
3df1154c
f44bc6e0
1e6795cb
770ef724
94ae59f1
ad9a9119
08801665
43dadb23
0f6858fc
8a8c8227
43c58723
971248d3
1f00bd37
1c6d75e4
e8e43d0c
87f4df6e
9f3b3d22
eb7f2ccd
d237fc7e
9abd7ee2
9945ae12
bc78f271
e4e6ee2a
1d55e5db
9c3470ac
561ece3c
74f833d0
22c358b1
737ed73b
9aa59d17
09ea5b14
1397b050
5625915e
65ca4879
b46abd7b
9b703fb9
0c6d6eba
96f5b287
340d1875
777d8d74
1cbeadbd
e8244e19
5d0c83aa
624d07d6
9443772d
ae73e5be
8a4dd75c
246faeef
e7f6e0f6
46ef9d42
1db77bc1
ab2b7666
791d4635
eaaa55d8
a231bfd0
2cb55395
5e31ae36
151c226d
bb689265
8da8b817
cfe8bd02
d15ab5e6
7b20f4b5
d37aabae
47ea3d89
0b38a924
dd98e36a
ff4db190
668d30cf
d202a025
46ce27e6
c466791f
63f60b1d
f02ab0b7
61bc7689
02c906df
604c0d16
dc3901c1
7c2aa7e1
3204e2ca
65e34964
95362f63
4b9686ce
f2ae6649
f28c763a
f52a0bff
3ee38b75
be2c9ad3
83ab6168
1f44c3cb
6081eaf5
e633e75a
c1c5acf6
ff318dbb
1e57d5f8
79fc560c
94885dd2
79781b2b
39b58285
b549a897
8b3a1ffa
d0624898
b7518020
6dedb2ca
ad277d10
122ed612
d572bee4
d76189d3
2d28c53e
846ce0d9
168e50a2
4fd5a30f
8d33e475
c61aa9cb
f7538b1a
40218842
5417ea16
83faa93c
0d750812
2294db09
87415993
221e9aea
d937eb2b
ae01b942
bc1f0f16
e241dce8
e24ab0c6
3e17770f
ce2911f4
6eeb181f
b0f7238b
c44b50c8
6412fbc1
563208f4
f2bcef22
844b894e
59244c1f
c45f4dcc
913dbcdf
f26fbe0c
b069a7bb
174e3b74
d43abfe4
fb09bee7
5672292d
79a79046
fe4da7b1
1dcfff6c
a663c1dd
1559d0d1
c73f0970
e4325578
7d3d44f6
61de2ac7
34558804
2ffc1f6e
2e20a5a6
681b656c
926a01d7
9841971f
fee66b8e
4161fae5
b991da9b
da9d84ba
2b54c65f
c0708d90
e99e4b51
3e7b1e4b
ebf842d2
97ec1363
a58f4dc3
cad670d8
9d63257e
c05faa98
949ab3de
9ec3476e
33f17359
aed1ef14
f557f72d
7df80c74
f2a0fbaf
5778c5e5
b74c02e7
d50fd48f
dc5a4b40
33723af9
f1893d0f
133e757b
6fbe0dd3
6e8360f1
5135765f
0023dda0
096bed0b
ed9c5aae
bffc908a
905509fc
1c38b869
6d862393
9776fa49
4fc03496
6308d7df
47926fe6
47bbf0f1
0d1c4843
06992369
7c765073
797502af
fd3149df
5552b89a
4a7ecefa
e799226a
b9547380
d3a96a52
2289f143
88927d73
20b3a34d
cf9f0d20
e9585d9d
bf9a11e8
494a885b
107d6b1b
1ed4e714
c4f2e7ef
99e636e8
b85837d5
6afbd804
2e914fd9
ea27e1ec
d55736c1
426eefc6
6d5a61ad
0c95f25a
e9038d95
8e9d586d
978dbe05
29ecca43
a43ab031
b5a1cccf
0b3530b3
0943c262
50f8e645
ca3c6bfd
af3ee3dc
1bee15be
f26e9b52
019db1d0
435aaa63
d4ceec68
213ef1e9
1f766368
b07a5645
ace3e89c
eff00ce4
23f38192
2bfce632
5065484f
d4f64bd9
ac21c6ff
0b33fc80
e0db1cf1
ebead733
90911915
c5cff94c
662ae3df
7072c017
2676b1cf
f9aa14e8
ddde6713
36bdfe2d
a67b48b1
22ccefe7
593a5f9f
4bff699b
7f47055d
6271bfcb
e49654ef
ef7fdeaa
81f80b1f
93eec112
32583a74
97c2bf1f
c406deef
e4bd1142
943b3308
b9130e85
c0bb9e64
dd9fbc3f
69116f53
db9e88ee
5aeaf84f
b9804d7e
b5d57849
4156f1c7
72a59070
d5d5f485
03e945c7
4167bd8f
6c16da64
5c1a38e9
7be5b82a
50f3551a
70510e72
6273b11d
9e537d95
cdd509c5
f15e69d3
b0e6ebc1
de415cce
4ec42262
9b88e3e6
7978639c
d470fa39
adc04be2
33376e3c
00e0a9c4
aedc4628
e533f1a4
fbe0b8c7
73fdf9db
541908b8
d4c875df
940ce426
198c2c22
1d0c66e6
abcd2fce
c8a9f254
2a822d85
8965f99c
fc9a3457
f801a2bf
4692b614
1a57f9bc
49616a8c
e22bca14
f649f3a0
cf8f607e
5396867e
e879fd92
2eb11897
b9dc3686
de91c900
1186e1d8
7a0d67c6
084c5b3c
e658cf89
0a9b9bfd
4564e6ef
ee942c53
08d1425c
33c09031
1912ba92
865b6bf2
8f8e9260
e5952ca1
4024b881
31aa907b
171df489
981c89af
2c04ca5b
1cb1ef7c
0a9185b3
7ed8eca0
0ad77dc6
48962151
1b34a6ef
72c9227b
864b4e38
1e0b063e
a753d258
7e0f2654
c2788df6
ab02a6b5
055b52bf
8e9c2219
513fe9b6
2d2689f2
7f0e483e
7733b47a
36226024
3efd7bd7
a17db194
fea87c53
d56efc82
5529865d
d9a0812c
f929d82e
87a35e38
60e1294a
fcc13e6e
ba9eeee8
8f387469
b71782d3
aef5efd5
72e78c12
efd439a0
74e1b7d0
01694d7d
3019dade
6301f09f
ff55fcd6
592c8a91
c7a71b6e
bd93e86b
d343eca4
7430422f
f2c61eb5
1304619d
79c64ec6
b3c40fe9
751fe855
8ab487bf
522e395e
35b3c85c
dbb5ae00
a0c6be7a
96317a3e
97aa3625
fcb12cd2
fc4b08a7
36ab6708
13030f8d
2ca04874
90758ec3
14123cb5
23121b97
6c79bf47
29bf236f
77861546
10ff75f1
366470f1
b73b954c
77dc8725
0032c399
50783899
ba0d56ac
0bc306c0
087d5aed
c735c4dd
8a653a4a
88a1f75c
7f0fa359
e7fc1b8b
f524706d
1e1452d9
1da8273e
30b298b9
1714a40b
f1253de1
85bfe30d
421183a2
3edaa890
12db33f4
e014bd66
80b091fa
c37c8f1d
017fcc12
e743fdec
873803f3
6f822a50
73cfd9b4
97daa4c8
ab3b6849
00774150
e3fb9abe
852e4fe8
d6be59a1
acc49be4
c8b88338
c32205b7
f1002bdd
7b05cde0
958c3b3c
4f9dfb69
eee4c131
ae999050
0ee81d39
a4a8485e
19d80f6f
1e898dd5
c95473cc
a297db1a
67624be0
edd5c10f
eb757555
fe2100fa
19fbd345
11fb130c
00cff2e1
2ce618a8
119e8571
e72878c9
ee14b6f1
619ff814
4d3bdc1a
e1a86f86
6743ecea
410a9125
76e92ef2
35dfaa49
d24baa42
477481a3
3f51ca63
c5a884cd
731884f5
1344b3f6
227c1c0b
9e58b255
8a589ddc
a589748d
e80ab121
7bf708f6
c7d935c2
cd41ab32
fcd57301
041a313b
05937485
0b7fc184
9aa83c43
392248b3
76b60589
76e8afca
012a1602
3ea48917
5f41e454
1aa1e391
fca9cff8
6f830733
e3c970a1
767bffaf
384d7668
46879828
05da9fc9
92510fd8
c6e097ad
56bee947
f95fdd0c
5d35d213
098ff4a8
144b6b85
5e451418
640b251b
15a0ecaf
0e941e15
2789ef7e
56a26bed
60270642
9d0fc095
c6b7117b
b79405d7
d2f13640
7310c7dc
16853709
bceda85b
353f59a8
1f4ce30d
e68d51fb
daf0e3e2
1714d424
3f924f6c
b9817e33
5eadf710
e9bf61d7
b535e1b5
296be3b4
f6b46e7a
14196b27
16cf64b9
b15f0b35
5709e609
12d68e4d
a0f6b782
b6df5ca1
f4211284
184ece3c
f0acf1f8
bceb1091
01d2a24d
e6fe3880
1c2b2697
67c6a78b
d5c45c10
96881553
1065d702
fa3d8a40
25c050ba
d537ed71
3ba2fe9d
ea5cf805
ded037cb
dd0e403f
b43cfddb
5b768b18
c8ac0c52
6deb70e1
7d1d725a
b99d25d1
b9c66302
c16523f1
c67d1efc
d1f7298d
ac14ee2e
0bf7ee06
30ddf6bd
4f4826b8
387f6d97
6c710951
e63af07c
be90a0a6
fa028964
cee5c293
a044a0c8
bfeae626
86e4a191
480797ba
e4e1d282
088e469a
cbf1b034
431e972f
ae9cc592
f3fd4e25
1d01a419
19d08bd8
1dda7e2d
11e11362
42241e24
fdff2454
37c0b52e
0dc9d61c
d643feb9
9b05c413
53710fd0
23ede435
720a7b80
9236c29d
06cdb24f
a0054bad
276d0db5
5da635d8
f8b27296
6afdd526
db76dc4a
1f0c1a95
178063fa
641aeea5
00041a02
ebc76fa0
c05efb99
fa9755ef
157d02ba
10691dcf
49cc60c7
7f48a78d
1c9f7871
81b51699
4fa2c26a
ea1eba3d
967996b1
31537826
94a576ad
7469b935
2aa82ad2
d1bdd84b
3c252f31
a1ab39d0
14ba0998
e4ad48dc
fb6b2ee7
4847b63c
6e8d46fc
0c061f75
32f3c8a1
371e6712
8477076c
f7cc1101
c86d7517
bf3b6870
94952c2a
131ee0e2
2f5a2b03
2d75bdde
c3082799
3897e8e4
74ea4e01
98646214
90fbe8e7
5108bc94
95d9e4f9
81949b1a
4c0d9e41
077df5c3
817ced01
8744ae8f
403dbf65
0dfdf52d
d8599ca1
9274e1a7
c640d667
4d075c01
7662c702
fed09823
574557e9
4ab92f95
863cbe30
2eac6f6d
cb72476d
f06b72e2
58d8c2d9
50fb9198
7bd89f7c
6ed24787
e2742656
b1647429
c3c830f9
7f393052
7f58c5ab
9a5f5dfd
4df864ad
6cd1677b
47facbe4
ce4ed047
9c8176e4
f9e8568a
94148dd6
b067af21
f5f611e0
ce8b4aa5
5c28900a
8b1714de
5810e318
ca0be501
63d854d4
411eeed5
04441657
57581710
e2fd846d
1c71a7f5
396d65f2
2fbe8c7b
3803ff03
bb9422b2
c78dd733
d01ab946
6175613f
670e1556
11347704
6543a52e
2d2bd67d
ab6fec6f
8aa6c4de
159895c0
e3325c50
bfb9098c
4f901fc8
c14e067c
31b1513c
694d4217
e0f79090
4e56a5a2
c6b7b2b3
2cd892a3
ef115145
620be8f9
fd8c2913
6d60ddc4
add4b3a8
4f946178
b4db1405
1d203a28
56c3d45a
a558cdbe
21052ae9
0f515065
8ee1bbab
8b046b41
cbe54697
05c5768c
c980c3c6
eef50c7a
a0371327
082993ce
70599226
01b31628
0db2d5f3
b69f50d5
cc3e0c77
bbadbf4f
84cf74cd
208add26
1eea3691
5f3f6b2d
f908d200
8a5cd724
07b3b078
462d9c66
4185f076
0ee2b9d3
62c652df
bb2134b1
2b5c172a
9e997d36
96c35089
6693d2e0
85344c67
9baded5b
e6d55558
c3b01f87
c8536b47
0240e29a
dc661ff3
ec9677df
6fdd5bc9
50272afb
1a7a18a7
74b45610
30b30c4b
7672de16
9bb1110e
8b813506
0915d156
d4d651e9
c384ad1c
92c7c7ef
2d784cb2
b92dc665
3dcdb435
e2216390
04339399
be519f99
39fdd048
fd66a7f2
1a8694fe
cb3f2eb2
f3c64106
47350255
0885ecaa
170e3262
f90142a3
fbfc0b29
29bbdac5
0e892534
6fd9b443
736ee58b
54259ee4
18d4ce18
a3e65cf3
6779112f
eec6a3a1
6ce141f8
df121177
3aab42c9
0cbb3db0
0aac0ef6
e523e2af
b7bf8c94
8388dfc2
966aacba
bc4c25c4
26638e7e
a220d0a8
be841af2
8692c7ff
13c451e9
a6de9fb5
d028a101
451483a5
79696bb5
d7e3d6fa
0aa4cce4
f438aa78
cf8c82a3
a4c164af
82ccd025
01c7f461
163ed344
4690988f
e5ab1baf
5d09a0c0
4b231d48
39cb28ad
c70a7e82
9395270f
d9ef4a15
2513ba23
18a99208
77f868fc
261d646f
d888e5c7
423c9c3f
e6d988a2
2e79cbc4
f72948c4
18055c5c
c25e36fb
94abc3db
76ca63d3
6cb3cfeb
bc9a0ccc
5d7dbbed
aa0db34d
90e7b29f
b0385965
d980390f
0a977dbf
413d0acf
ecf7c55d
9fd18113
51856baa
62faef92
de1eb2d6
00caa874
ed445056
8e9addd1
71327f61
e51641ce
88dd7c79
cd1bb5d0
cf9ce800
0104e88e
1eb9b604
275d6538
f4be3865
45e2b63c
7782ca6e
f72cbc29
759c23dd
cd189eee
0663000c
aa34d49d
244af50e
278a071b
8a43c14f
bf21573a
2d0de6f9
ab834c10
82248f10
6b165893
a0897ab1
743cb69e
bf0ffac9
4a89a6a2
b5e6e80c
740cd39f
2197d0a0
abf41141
1258904f
0a7f7c87
58122070
9f99e1be
d6607d49
e0ef040d
0dba237a
737db590
7c353997
bbf13694
395cf8a5
6f497ba1
47920c5f
c5240533
f5cab9b2
fd69b14c
a34ac96c
b681bfbf
afb5ff84
18eb8366
78699385
093bc7a9
4815368e
3654bc6c
9af4fc80
a9fb3872
1056fe08
3d64a1a3
8342346b
7c29e70c
59c0aa68
dd3c09ee
dc3d1a2e
906457d2
495d493d
ef29b900
d9337584
47f666e5
ee7aed70
c94227da
3a9d01c6
ce141e14
f701a71f
bfa6fb2e
78a262af
aa048254
738df113
78510f44
6e8dd098
4749e037
12a88f90
680b499d
2625c921
7f357281
fdc27c53
fb40eb97
207d694e
27c91364
b117a776
fad1f4ca
4d520b2e
8ace6b95
b021e12b
0c9c2209
93758a87
668a0935
d23be683
7391ef36
809609ad
75d2a6fc
00abf93a
8e1c597c
a348a745
43abce35
77c31363
a0404f34
9d75e707
1337ee6d
31bd1b10
c9351d9f
3a5fd35c
c6b25b86
35997187
6e9a1633
a7d063bd
df555bae
f034967e
3d978763
620bba1e
bc4667fa
679aeb66
6430f5bd
2a6a773e
f53d2a78
5e324a61
f8b25a1e
cdc9bf26
bf8d4430
f662b915
89497f15
73da0440
5911a0c9
cc1e7fed
7f981d9c
f95fd2a9
625496ac
e0acb36c
aee0098c
55ea12e4
e165bedf
8170c580
a1d1a560
3ac0141e
303acfdf
51e27cdf
d14bef83
3bc0e21e
d7e50a3f
a2f8fcae
10c12118
a8a55649
4fe2989f
82dfaa07
847148c8
006bd1fc
30d9f616
cd7d127b
897af9a2
1f948225
75dcdc6d
247063e5
29962b83
702183f0
4babd83f
25282d49
30a2bc29
83d258fa
d162ef1c
1ca402dc
030658c3
cbd5c54c
1cf3e2b2
7417cee0
34ba88a5
d06d5432
278e01a7
10e8dd3a
62bc8b3d
88b108d0
9cc0dca5
6dd3deef
d7c888e8
1c689bc2
ed0b550a
72e08d3f
0baccf1c
dbafc15b
5312a3b9
ebd5816b
24e15e77
ead885e0
b6fbe292
9f913f06
b645c4fe
d59a71f3
ef2fd801
91d1b0d6
5eaf4553
76aab471
24b40803
133361f9
9e83b19f
feb49d27
cf193e4f
f2c5eec7
acb80069
3a1bb053
ce2f3d3b
1881761f
fe132afe
f2d84c58
91350fd1
2929c176
31e63755
169176b3
30a65890
8d308c0a
0a81c812
43f1abb3
a679eef0
ef53c743
60c67f5e
4a90f1c8
c192a81c
06bd28d4
d758d9e7
40efa575
3c6ab5f5
3050337f
f1c6c460
0010c865
3a90f98b
9190e03b
3f6f18f0
525fafc8
53797f7b
ee520730
783e5d2a
c0f3d807
c59fda3e
e5d8af12
f76876ef
cf08ac95
89d65ad8
1322085e
1715c80a
6c8f3f00
e6802c57
825d0792
77458e65
17a0e901
5a994461
30bef00b
39430dd4
47cd94a8
5e452e84
892fba8e
b1b6f391
97586a13
d952a4de
34ed657a
900f423b
714bddff
54732825
1f85835e
522c8189
81a5d067
4e8c9bd3
63243028
410915b8
147aa887
6c276e72
bcc4be46
4a8113c0
77ddd03c
769cecf1
8b559770
0ecafe0d
7065a788
560c7d82
ee367adc
0cd0a72a
1e888d30
eaffde47
37d1ed5c
45376441
9e5d035e
f8ed54e5
1c4a667d
403829df
e57e809e
98c61f28
3f456599
ed378022
bb4a19db
f651b983
ed569f53
e920e1ad
57b25fc7
951c8da2
91b13136
4562f55d
62e24f99
493e3831
4933ba8d
f222b23c
28c961ce
9ae4d576
0908bf33
c334d8c4
5da2ee92
0e657bea
821507a6
7edb0c16
f461b4fa
9d2c2525
2899b5c1
da12c0f1
c3989f17
df38f26a
efcf88d0
c46570fa
253abd27
2152e968
f3853db7
d24d026e
321f96ae
d98cefab
cb4c1f77
5cf9bfe6
0bac06e4
e568a8dc
fe194c45
25a1762d
67fea07f
cdd22967
972f2e18
2f6efaae
f75314d3
2ceef8d7
8d78448d
38dd6959
2b3677e2
5c82e5e7
07febaf8
c49b87a8
39b56e7f
1b224c02
06e68f33
371012d3
9c0766b6
6ae2451e
6a7313fe
099628f8
5da0993c
9e60f19f
8a396776
7c2977bd
09012492
9ffd393b
2392ef96
b2620466
af391f31
1730529e
b11019cf
f71dbbbb
4d358a4e
73faba70
b221ad6a
76197b2c
76e625d2
f9dba37c
3b38d166
03943c6c
07263260
ec200875
48f502a2
fc87e8b2
33a4a73a
4f3527fb
928c71de
8a404f25
f7317017
ff4c6d4e
2e5713bc
483e402c
874b8611
06b26775
01c0a93b
881faa48
d7840883
841c3ae9
6b627269
80c75f3e
0f35ff6e
abd48742
5ca7815c
3d06b45a
9a3db21c
a3baa043
01e5c8da
a7244005
cbba0577
e980bf5d
33076d68
0bea459d
28614211
044f2200
e1e512e7
3483b45b
03165ebf
d0fa813f
9b790b71
f8f9b93a
340d4475
0cf6ecb4
fd608484
53fe3dfc
1c7f0c5c
436aa666
e36bdb15
992fd531
12b15a55
068733a8
feba39f1
890ce353
b9b7b5e0
ae79dec5
2187b6b5
3d7edebd
3388b0c9
97a1c221
53530fb3
660baac1
7923ee68
99336fff
6d5246b9
952bfb1b
a35529df
cbb797e8
101be2ed
e488ed0e
dc0362da
bb572436
a5e8b01e
ce8e148b
8ff12204
dd8f0c5c
bc96d99e
930063cc
704c2270
74495651
8ee87b10
b0cd4175
049e4d84
68fbc973
2b6192b9
3fe17a62
050b74b4
1825ee3a
19bd65ab
1403bacf
08170722
f695583b
efd0c8b2
2e1889f1
dbf07a22
423e5f78
b3f26990
26c2c8f0
844214de
1def41f2
4ffe185a
1256da20
eb456b89
80b97af3
530eed00
5b7be0b7
cacf7321
b1c36ff4
5b8dbcaa
6f09de66
cc63b484
e49e565d
e4e9cf97
7e73625a
553d4386
54f25920
e51c8fab
e9d36e3f
068d4a95
5428123a
9b8058ad
8223ac07
03c5cd16
f68d5485
dfa68beb
d5a67c46
5ff89b71
de453a7a
5842991f
674ee94f
f68ddbfc
f3bddda5
49226d81
96dbb6c8
e05a1fe9
d74aa97a
ced0a148
85c04ab4
1e47131f
78b52cad
793ca59d
5c61181a
932e92cb
6f8d9c70
5c7dbc51
950adcea
1c688f81
be8d80ed
dc94d305
987e5f9f
223f5d79
fb932f91
52495481
63f0554d
4261fdc1
c6e5868d
b0b7af77
ee74d6bb
e0d211aa
fe071bf9
b27e9de5
5983ad84
aa54483d
492ccb14
d98a4553
b52dd5a3
fcafff8f
689dda20
a8efca4c
656a317f
4bfddb7d
e2d265b4
62f2e246
e9fd9e7b
1c68bf22
7a13a664
d53b006b
13f164f0
d28013a7
ce67e07d
7f637069
3ca5431e
0c1fe6dd
e843e95f
38603e8b
c9996b33
7b1050cc
5034e148
4fad6f86
a9e60ba8
7af4c3c1
b31ec267
0110ee0e
86f52ca6
4f5e5fd6
103f6d04
4e6deaab
942695d7
951685b9
f1916a49
47dca085
aa414503
decdea13
1278c154
401acbdd
354d8acd
06997027
3b2d0949
da88ed2b
2290391d
93c2f344
78e8a7b1
efc8867e
1fe0065d
fa5e90c8
20b7198b
b3451148
3cef263e
dd39cf6a
7e4b5d00
a881a955
28c3b780
98408bb9
afca0b62
3a61ba11
a9500c80
b0cb44e0
d2b231ab
046466e8
9f9d7434
12667b99
7fb39773
a6e3ca7d
2a2cb0cb
3a8454f1
b35fb37c
e3322d64
75413b4b
172639bf
d2278757
7b63b011
a1534281
e963c600
a5d254f1
06cc69b7
f4a3450a
1c4b2a6b
59c8abe8
da043bf2
f230fcaf
590825dd
ebc6cb84
647c093f
4e28e9d2
31428b3b
649ebe09
d8a73366
e7b66c63
6d7936be
3e74be49
9e049877
ac45a0b2
122e7ffb
67ff5373
3fbfc2db
3b7ce409
584f6917
18d7a781
68d9c3d2
44d6dbe3
6af472f6
71f2d4c3
463e8fb6
6ec88e12
9e54c377
c17e2d2a
9fb687a7
a70a40c6
0d4c1eaf
5dae8583
2ecac28c
a5f441e1
94c697a5
8070833c
92fe2dd7
bfd828d5
e2986334
312c1d2b
e3ada98f
85103ae1
cbc72327
dbd94a36
a1619c59
cfb450ac
f19fbdfc
c227e36c
f705f569
7cb6c61d
2ad3b0c7
c5a4aae2
4fe0915e
e4a488db
c2459284
72b07b4e
c6e931e2
fa753088
d0e7c9fa
12cb3fd6
d3096c8e
2d82ab82
66a8289b
14d45186
427f0074
ec4bf8cc
f9141dc5
2f3c92f3
11372402
4354c5f9
a69a898c
02c53979
18a33a0c
83b23a5d
5bc6fc01
0c955a62
5cf0784e
2ccba7f2
5e8cb6e8
c26b8ac0
d549b879
aa9bc21a
89c585b6
171878ef
18b7094d
ca4465c2
997cd13c
683142b1
4c8f12c2
7437b089
c6fce2da
0e567ea9
f1e4f368
9eb1512c
2605e7a6
c4dc311e
1d05dc41
77384fe7
a6568025
bc117a8c
fb56d6ac
11eb8bcd
72d16b04
a9895f5c
ce3153cd
6d58bcc9
22f59489
9cfb6bdb
c18e107b
73af46db
f5f90741
7738f4e9
5d19e75b
5fa443e2
2cd569ce
bc71ce38
33671083
ff941f38
f2170121
54562f38
a79d9be0
88d3a390
689a65c0
a06c8df1
0b841618
a1ad05db
23dacf50
3c2ebb48
83be138b
78253eec
20e2f310
ae994650
4c33aa59
166a4a45
bb7a7f54
6680269c
28216115
847ba194
f9626fb0
26128aba
9ffbd218
52acb844
712f0856
949588c4
942e5a42
b3a08bd1
f985ad3c
c8636e8d
13e116d4
164a4769
8a4e4f7a
3784fbea
b7c41d56
b9b62b41
e71890ee
55a067ec
72e4a302
36169840
46c3b32f
246f24fc
dee85404
597f7830
795d428c
f099eb4a
73e97bf2
ce75a299
3ef14eca
f228ae9e
1898b103
d9a21dbf
d8a3a615
204b5485
11a1ece8
aba3a436
3b847f24
38740794
a85da137
9312ae4a
1daa29c7
4ace544e
88bd59cd
5319e9ef
aaa3e15d
078d6939
ffe991ec
775a97c6
91eae7f7
6f984edd
ae38627c
ec81dba7
295f5bfd
8633c74d
25991c20
c5befaee
4685c47f
3f41343a
210963f9
a3beed02
bdccd3ad
d0956e51
d6b16f3e
918c8035
30ce3ef0
1518ea78
02aa2433
83a08385
e9dd27cd
e9b08abf
e405cf4c
e06056fa
bd531705
29c8c35c
05c82a2d
113cc70b
b2619f45
b0a68fa1
4b017e08
fcc9c168
5870c05a
4f0fac87
e97d28c8
c0e5d1ba
208736b3
0c7786fb
69bb8d4f
1a5e4986
beb2e611
ac665209
a2cf625a
9e04a618
5233cc1b
5da781a3
1fe55a2a
20a84f3a
00ac683d
38da53e8
264a3ddb
5fdcc943
186d8d19
9011c63e
b21c18f5
1156aef4
5581dab0
b42a56bb
21547165
40685df9
313c5a52
f4beaa49
1f04ccf2
55c3385f
6bd0e65b
946c0716
85576771
5e97060d
7489dde6
a99275fc
029d4b2a
d4f38416
2a53d3ee
55e944d9
d3391660
cf58bdda
c491a4cb
f11f252f
a2e331b2
5e7768d8
deea1cae
328dd031
99fd3af4
ead71105
16011abe
9f8ec2b5
bcd06a79
827d4476
7481b0ef
11124581
6deb6350
31ad1190
e07453bf
2a73517e
4bca9b50
0cb27700
08189309
554e7895
d1ce22db
a73c4a31
e135dc8c
0e2a4a1e
aa5c9cea
01f9c14a
03c329e2
b914093d
3e4511a4
124a2c1c
aef978f8
bd21396b
db8e99cd
1e508f56
f8f359eb
ea00718c
6201f114
d848bfa5
3833771b
8cd7b213
28280479
3c41356a
47637b9c
2a0d1d14
bc54e1a3
2c72a3f3
79930155
2e8c1ca9
0e342e85
f77da597
3a23ea70
aad4f106
aa7144fc
df3e34eb
2dc85f7a
e2c68149
6f18bffe
640f322d
cb10b208
776a48a0
f1b4a47f
c255aaa2
973bf562
db6ff489
9a2608b6
3d2c40ee
130a94b6
7212fb78
82c05506
847af7f6
8a0f0c34
1abe87f0
825cb8d0
bd90fc13
e04b6e5a
3d8d7bda
cc382681
d5e43c55
1fb81922
8f16baec
5129cfe9
724fabe3
6142873a
051e22e8
e92b0b69
808b860a
f91d7bcf
9af2af5d
2c3472f1
ef2a7b44
a817c7c5
4d06b9f2
dd2e292e
1977404b
deb54674
b9045469
42a4d80d
ed078f3f
80ec48af
36cc2633
f349f9f6
429ca66d
1c7cc5e5
1cc4d725
4226b295
1aff4d4f
998c4864
0098c4a4
19855ce2
f131f82e
08bfb9b4
0ea18870
ca5d6347
a083bbfd
28727063
a9ba48dc
f496a90c
17500337
f1ebfd2c
47897b6b
7461cc39
f13f938a
6a94978d
f4cc3c5f
1bbb5a7c
6e68a2c6
3c3ba41e
5fb04802
80b4481a
3f5694e1
54928284
9c821c45
3e50abc0
4e3f74d4
b4113446
c1ae1c4a
46ccf679
d874f578
9da114b5
59ca8eee
0afe1645
ceec999e
e6319951
7661a85c
2e2b34c9
5ef42290
8e6fb7a3
6be6962e
9d425d5f
0bd3134b
5ef2b556
03565e3a
dabe3432
9b373fee
e592f0eb
ca7668ac
eb1e88bd
7b2f8299
e4e003c7
778aa0eb
516df520
16f9da44
9b98df1c
8f18fb01
9f6af49d
fedfb841
332409ea
f13b0c26
874f0b59
a2a7112b
50c87c2a
b6ef620c
0f77243b
95f609a3
cc8a3b82
f4bdf19f
1b48afd8
d8c6b8a1
f5817648
b24b666c
0e57accf
82081428
9127d9ae
2857b847
34b9cae8
b17d4f5a
0a566131
08746329
06312501
70b39d69
60c92026
dd758a40
eb8a379e
024d8562
eed21e52
0e19131e
a3226143
0e44ae06
eb005b44
ed7dc570
efae1cb9
ab1c7e05
bf45410b
fbe17d99
5e14c1b0
0276f681
4871a292
f8584ce3
c94ed421
6a954544
85892f1a
ad2ddacf
d8f20f55
ba0498f9
0a6e22f4
0828786c
e39a843e
d0beabb0
bcdd83d4
9847b567
b3872052
a6243914
01d39b77
25150709
3b78db93
215fd956
94dbf9ec
97278fff
bdd3cef3
45b45255
302c20ea
321664b2
2e8b25b2
0d95552c
41205034
2ff84147
ddc6e74f
24cffcd8
b1c6bf32
a2394862
ed9cf2f8
0bbaa839
89094b87
af468cdb
a567a515
69609317
1b4b9c56
70ec6ef6
5b68dd8f
5bfaa183
f6920aa6
4f14b9e5
dd26cbd1
8fc1d61f
154fff5e
be2d0b8c
f4cc0062
eccf3a42
7b688fa1
390fc70f
fc26b8f8
4c0c01e4
4a2c187c
ed5c614d
4fcbcf17
f30fb463
b5f902e2
21040e30
b8899471
caf9df32
d2e3101d
acfde5cd
18cdf00f
7f442e49
ab2312ef
e6ac5c50
c9eb32a3
585faafc
0d0ff3fc
9d7142c4
101a9250
0846dc78
aaff061c
0da8c342
add1bde2
d7dbaa54
f0be189c
461da80a
908ea104
d16e6933
9548e5f7
b73e608c
1ed47e7b
b2718836
ed96382d
78e221e4
a7094eeb
545959a1
92c584f7
6935ce9a
cc3a3bc9
e3289368
d9f8928a
be9f5c9e
f49a7518
fd1c2884
799e04c2
99c51061
42ec9d25
f842e5a1
3a246c9a
41599f61
2405415b
09e28ecc
5f5f78f1
b8611af1
fcd19aae
3f0390ec
eed8fa03
c284bb2f
e9cf4a3f
119de51b
0ae4a304
4e09e486
21baa48a
d0501dff
ae1d1508
9b3e7996
d59ee190
3c304d86
85927f86
86398c57
41d5c64e
da9322c0
67a4c905
2e06dea7
4f9acd8e
d34bd5fb
9768c121
66d87667
6a80efcd
9857fa51
84a0d23f
4208d4cc
4abe6804
706bd0bb
45ea0525
ac9a57c2
2a2efa93
5ae0e58d
8c7db205
7d9cec7b
e26c7232
e96a80c7
9735b3be
090e00ff
eb210a97
84027a6e
a2b426e9
eb4bae7d
4e0c66df
982b1134
bbb06a72
693050ad
079de6df
d38d34fc
d74340d5
546e5059
52c2d20b
18f57f0a
5598f480
2a12f184
f06b3935
7ef780f3
53dd5767
df08b41f
f8ed2b9a
ee56eff5
46a29201
88b5b670
f10e80ed
03753ce4
39d43c90
768a15d3
b23d96ab
1df62d3f
d26583f7
21710dba
180ff6f9
3cc417b1
787f7da8
6e8cffed
df55cdf5
bb808e80
e04baea8
26426887
010518ee
e109b5a2
200e51fc
ac053864
6a3e01e0
ea48c8c1
9942bc49
17b49eac
084acf1c
64859ec8
3cc259a6
8922e9fd
57b95d93
fd6b7156
fb7ee636
d0be88aa
34d2c79f
e803206f
0dde4b68
52d60f11
f5b8b7eb
8bf16f69
659f9087
66685340
ec0ccd40
c13a05d2
b180a752
083c0907
aa891ca9
aa937cc7
64743602
b434ec58
1e40e867
6acd31e1
52df84b9
eb56463d
51af0955
a03bd3f7
92ee8475
0e60ade5
605c016b
ee533b33
af96ea89
2a398eaa
6674a8dc
9e857c0b
118495a9
e50f7211
62e7a157
4f6c4c11
1b2fe3a6
0c31516b
e5986ec5
e057e645
8f76494a
8dba66c5
ed3668f4
2537e4e0
ecda8e95
1c067231
9a475931
5d4971a1
1cd06bff
245fe628
cbcbc6c5
d174d6cc
3e03105a
dd07b59e
5d3868c4
5438da54
a13dc04d
3fb9f637
2e9dc788
5bfd1b7e
eac641d7
7d6aa589
12a9bde4
87b0c2ae
634ce6dc
0d743bf7
cb5940b2
8aa153b5
ba23d81e
e52f694e
08d304ed
619c898a
e51b8a5c
1e584ef4
e75e63d7
4fb65ee5
093d26d0
11097443
cfa07be3
db530a2d
f8c813e6
ac21793c
e3d1af5f
117eac02
5b2f41dd
d183b2b7
5d752afd
fd742be8
792bea6c
88ab63bf
7f42cbf1
e1a3e50f
3d4b3a4e
1a583eaf
ac37dd49
a4440646
b5165400
8d5b12ab
0ecea0ac
81b2f5e1
3ed9f6a6
01abe2a0
c20457bf
5681eb06
17c2c036
b740dd54
31ab6f01
d52745a4
8fe8b6cd
bf1a10f5
5d9d0097
4c7c5450
1830d24b
4d4fdd97
6951bbc9
9b3e2f7d
84e5a2b5
26d0476c
e987de32
5a737552
affcc8fe
ea81626f
1f50c029
ede993e3
2d261909
2eee8f4a
1ff1a9e9
735f0d6f
cca626d6
07e0bfe8
13ab4b26
23397e61
925e5b7b
7f13eb83
4e12dcf2
a41e50b4
af1411b0
8962e301
75579980
4a9c8cd3
bbd6ab50
b92f1dce
0848e025
9dc50a63
ada7f0c7
24581a18
c47a3b35
e0878ddb
36a04de5
dc82bf0b
e710cdfa
2b51a70d
e9b11275
b40526ca
0b51ba24
beb1a1ee
db08b1a8
6a8731f6
1b8f42ea
899d1b63
74dcad7b
cf040582
b9382958
3e7d9d71
37ac8898
7144a327
41260757
b8585191
ff2f3c24
0dddbe51
f8efa81a
b071336c
5583f422
4bf39581
11368d20
d2cf4049
6209d86a
799229e8
a949c05f
b90f773e
aafb058a
830e354f
f159041c
ea8772d1
9f77475f
840f0eb1
defa97fd
0cab4e1f
c87b09cb
8105902a
5319fcea
fc15dfa8
bbff7758
f79fe792
66d9e6a4
1ba43fe2
175e080e
1dabc701
cc316124
e2a7b4ee
9375a093
cb9db720
d248ba1c
64604bb9
cffcfb72
42c0f45b
d53cf5be
3ae91f1b
3844005e
b1bc1359
49327cf2
d32bcb24
e3acde63
7470c833
c3a54f88
20db2ee2
e5eec041
813928f2
20c066c1
af12496d
21ccd432
d213fb77
02d4f4e9
157ac36d
effff926
0bbd182b
bfbda297
7607ab60
ee16b075
3b198359
65267ae0
e53fd47d
e9bf0f05
03aace6a
1693c879
9c072957
5c934de1
90c199b6
dd1601ed
b85e4078
7a7e7250
32b1210a
c49d2202
7b771fec
89d0a689
3d38c929
a7a29fc7
7f1ab8aa
29f2790d
bcaea6e4
6630497d
8ce400b2
92ba9fab
e8bc7e8c
8ad46a7a
f4fe1f57
d5887f7d
9691fb8e
95ed80be
9ab01a23
a772edf9
a37ba37f
35913655
782860f8
f2dc0683
3387af25
0a0eee94
2c5caa3a
9a6d6057
fa94f7e4
e960ffd0
25ca173d
829d11cb
342852b9
f192dd46
ed73433b
27985791
802645a4
5acedc4d
a9a0a12e
0d22c26c
f88273bb
685c50e1
aa4039e1
02f5a4bf
7a21ee4e
bae9bafa
3b613801
9043d011
a2712311
447b4318
af12f794
cde1e3e4
c23e7e6a
b3942af3
ef806356
9eb086c3
437c9f17
c35cfc58
c62d9453
e05e0e00
125dc72f
fdb63c13
7cbc6029
e79e36d5
09d44897
981bf674
3c75a6de
9d6a73a9
b0f87ee6
5bb8cff4
0a8bb437
fda02c11
fc6c7000
3fe56ff6
d167399b
fcdc1491
b78f7d76
5c13bda6
5f4a66d5
61892cbd
c7cb78f2
b278ff98
1cfe82fd
5889d10d
37a04b79
e721f7de
e2913d53
625cc60e
a9321340
8016bb4d
b8992eb2
34ab22b5
4f48f3ab
768add95
8a350a29
4577cdb1
24f7c9f1
64f965b5
41b3d3d2
42f848f6
37330da5
86775a26
cb463b5f
89967469
a4758b64
b6393ce8
a52af37a
93fc15d8
39a4b21b
531738e8
35463f4d
a753255a
bcf89066
7074e49c
70054f0f
e57cbc5d
2c1381e6
d9c291d1
f4e6718d
602e5026
ef726353
c012093f
a7809d05
302c85b5
b3d4caf8
7bf0281d
a0855be4
74c21d18
db41d3a8
c7a0c572
3ed3b455
437f3f59
361def73
f58a9bca
78829ed3
4045849f
ea158274
113ec479
ff819481
6f2b9329
b4990c4e
37005e06
a4d08ca6
1dc6d684
25d094ef
dee08669
0b95ee9f
7e8ce23c
bba97879
0064576a
dba317ee
928fe361
b29d7610
97b07fdf
9131acba
307163c9
9d01f46d
d20cb0cb
c6abaae1
cd0db05a
1bdf76f9
5505a359
ccb08e2e
73d13214
e7e0837d
06644ffa
7cf24ed7
903e3c23
a0f4883e
0f994827
f52ad649
539796b8
89580518
b6937d45
fe4d8ad8
adc30733
69853581
299b317b
b93aa281
403472b4
02302525
d4044b8f
f3c52395
a142a18e
5b107dd7
c1fc47c2
69804b40
7de71db4
546b811c
ad4a7438
9a6dbe1e
986371e9
3d9b7206
28a8e68b
bb4a0a57
ba127db7
41380bc5
4851f745
a194ef39
b209f100
091f5594
96192c02
c0bf8c0e
16f4c6b1
4a7695a0
8099e1e1
281669d3
40a313e5
792bf3ca
ed04bc03
2a18c961
55aaef9b
0368fd57
848075f6
cde0edc9
db6d1945
70f52987
6d71cfc5
c5a1f5a1
99a0ad4b
0d38e2af
3ccc4939
088d4a4c
9957cf6e
77fdd953
562c3838
f441450d
40f1e4dd
f12527e8
eed9ad84
b6414630
4e662713
da044871
32427f74
c834f5e2
879b4a66
34285cad
c8018d13
cdd1a982
e4d32bb2
b5004760
006f2b56
45b6a354
aa511cfa
b00d1bbd
7c2cf200
affce5f6
5b05b6b7
57b72b9e
ea52ed7c
485be6c2
a4f42ce3
0c63d6b7
a014b04d
f5bc6323
42dfc62f
f9551f62
0d9735fe
8e388d2a
6c2dde64
2bc78714
bf883a46
a0d462e6
bd9e20e2
49c9d843
2af1a543
d560878f
77b1ada7
02a8f805
a8a28cf1
dea6dd8f
a7f0df84
3c003104
7e352e94
a71faf87
0f03b8f0
7bad1b3e
c19c5c3b
09783ff6
de59ee15
90fcc4d8
049fdd8b
1af6819c
9269fb3e
0cc3da99
8588eb71
84366742
531e668d
663ea42a
e5cc1397
9066c948
60b2500f
7cc70f96
3b85a08c
7d188f86
f1e747b2
3b306c7a
e159d385
be0adc31
541d5017
3de62c18
f4cf556a
d221513b
f8cfea38
b495f77c
45343a61
8d7710fd
82786e69
79143fd3
232a3424
d07e5893
76ea9185
bf9e5ee8
fc2ffde9
71c95820
0363dd86
62b71c0f
a7e12e14
c65e0fa5
f2ff2270
c0940c28
6334b8a0
703894b0
377a1907
ff02a66a
d239c22d
a5fef573
1145b3bb
41628462
2c375e35
39c2246d
d4b8e38a
d1f13a2e
2024aff4
0e94d639
1e243e10
a5282e83
bffbc11f
3cd01c93
d70e0572
e3a99ae2
ce43e198
fc67aca0
3786a379
9ed7a32d
3cf4f8f4
deaf0921
ceedea64
078b2534
069f00e2
36e547c3
5db0716d
2022ecc3
caecf1de
ce346d15
314b771e
aabb818a
8bdf352f
c22691d2
1387e25c
164ea2fa
8021fdb2
4d6bad59
20d2b619
b4240f31
8d848fd0
93aebc0f
c1c0bd18
1a191309
377dc995
47aaf8f2
0e2221a8
08f790c3
a71e3b34
6f69ea08
1730a09c
674700ad
6d0e8384
12b5fa5b
12275824
dd573215
59a47c7f
13551a2a
b2104662
e1573a8c
c6d1886f
0c5e63a1
c56e5534
f6d288d0
5ed3bdb4
05c009c6
9be1bcfa
23abf265
e108ee56
648856d7
a402be3e
8b65fc5c
a922a34b
543c002e
530cec72
1edbad53
054ee58b
e602c7f4
617f09ca
888734c9
adda5b06
31e7e33b
7d9c5a9b
2f277e7c
ddfb5f08
755a84a5
9c08fe02
fad70326
4cca019f
93c51b83
261918f9
a5c1753a
e7a861a9
983bb887
0a4ecd52
af7870a0
8ce822d6
9ee6776f
517c522a
bc168976
ca3782aa
76392cfb
276ac028
92900c7f
f0eb1bf0
e13f157a
719ac2f2
11565410
a15306ba
f100e978
69dc728f
1631c869
c8a30117
b8b71fb7
337b90f7
6dcf58e5
5ca4ca0c
7940373e
8b5ed54d
6f1ceb76
bc381baf
56f92529
39dbbce7
86a80344
5ed8c4a4
8fc097c2
3a2bb29e
c372c0e2
f6b767f5
537090f1
6cbc9886
0a28cd50
63da56b1
088024d7
8f42999a
524743e2
fd50811f
4311e366
90de87d8
44915e8a
87450c6a
ffc3bece
8b5d62a3
c62b35c7
b2e3344e
5939511b
105b1a56
112d981e
e7ef2829
5fab22dc
45e75ba4
7ce2114d
e7be6b28
71b4b6e5
0a64cf71
e2de7034
b7c42d58
7f89b98f
5fb7c7b3
4f7f7673
979993cb
19f4865b
aecbfa44
e1e14225
fd155817
94e5f09c
743ad907
cc5fffca
47726539
717d5ab3
9f41a366
ce8be8f0
c123967a
ce7d7e0c
56251492
6252f7e9
a956fe7e
a5b9a372
ab22d8b9
f68594c3
c7a70f6d
ef1d3548
7f3623d2
d2cbf0f4
3671f55e
139c1753
bfb1c2e8
7a7ca2de
2ac5ac6d
76403ae9
52b96e87
925f9753
760d2629
8bc586ed
581f5741
ec12e97a
9683cd64
0ac86493
cd1af07e
f1ba4774
93c7e01e
9746e87c
0360e658
ead6d82d
0bbf7844
7246c9ff
c456f423
4081b00a
a699a20a
c9cdc7a6
561ed87a
2f2a00b2
88b292ac
8608843f
476ac078
f3dc368a
d4a4cd8c
efb80bc6
36d72866
a8abb0eb
086149b0
0bbc7a7b
1a985842
239201ca
16c573ff
afe33be2
db7cea0d
81904b73
97338e8c
3aadc25d
de2246ee
49067fb1
58f385e9
2198880e
23b35802
5ed4b73b
ce45d762
e19c0bf6
7cbd8b67
77f0bc6f
6fd0e671
10c1003e
281dd3fd
de25634c
3bd7972a
ef64c5d3
8c0d59bc
c0638e01
85dd2cd0
28a0a293
a2a941aa
d914d864
01175468
98de1505
15ad9f7a
6e13073b
d0786861
73f0fdbb
e4b2d898
4b916e48
ad53f1e4
be8c1233
a587e696
73f44dbc
b235a33d
cc120294
04585234
cdc4725b
3269401c
57336809
7c78f710
31c20dfd
7fcf2da3
d51b135e
59619426
17495b54
b85b6de5
691345d6
34992542
161cc61a
5527efd5
b37e6cdb
a2434689
98d27bc0
22e812b5
376affaa
7b6ef745
1546b546
be2c8291
e1a8006e
d513a73c
9f7a8f06
1ddf212b
c6bd8716
bdb0fb19
f8a2c470
a5be18a6
b3f79593
69ff7311
743f0b3f
3e4c93f3
2a6618aa
c716ae73
49c024ff
e6a3a850
e695d104
ca1a949e
89aa039a
f2fdc9b6
32aea633
2b7e15e7
d192a1c6
30ee4173
e0cbff73
7b9fccc1
c2f21582
8800a1c3
1b29743f
807f53e8
2a4ebbc9
5bcb4f12
770bd6c6
b7b115cf
341f562b
05917186
5f952e96
b2b5e515
ccff01de
b45e203c
7b6a9a10
2d394e84
99d052f0
e24d7dd7
f300deac
f2707206
7a294fde
298660d7
5602b139
0497b44b
b1cb05c4
ff0e42dd
ddead797
6416f77b
e5c08ae7
671e0589
5241bd9e
dbbba387
56a99822
d010b474
1554b05b
e8adaf74
f5233b75
dbf79833
36cc652b
f7425bff
3b8159c1
0797423d
15c22f75
55b84b03
c7d8a88f
8bed1c8b
27f17e15
0e489b8c
ba1bb710
53c3fcec
a79332a3
f9217a40
1b4b3ff4
ea05b46e
cd831f6a
63af03fd
f9cca0b5
d69cfd58
6fcce1a3
8ce7f3bf
20957417
4cedb09c
a537f183
3bf03c00
b2746538
e4bc3071
34f60428
7a1cbc31
5ec7b57c
a5644848
a1c691be
0ddc6086
b850ec60
1e4b6f4e
07f0457f
e4abf8d0
ed871408
efc462eb
10bf57c7
b2be9664
6e36edfd
c2ab9319
a9d584dd
308b273a
d9e5ec8c
eaff8876
65d9f44e
31532526
eb0e347d
9db1d51d
4556f414
e153063e
b3045874
39524a51
731219fd
35999c8b
c7170e6f
fd855d42
938bfcd4
6e30515c
e7678971
df7de8f5
2e0c4144
62b6d896
8d2cccc4
823c955e
027cffb5
2cc83f70
4fe37683
0753c55a
80efee66
d9410e17
e8f1d896
af8d5d87
838a4cb9
89bc3f57
c48dd7fc
b03f7065
984c10fc
50202775
cd1b0f52
32d23c6a
deb79e65
821e33d8
c8c72caa
871d3a63
2a78032b
69b3b285
e380b3f4
4a37686b
40712536
fe2d3cfd
6fe4b4a4
d7794b9c
3f5c27b9
cec017ec
4b83cfb2
7cc74788
12f7bff3
443c0397
4d9eb7b0
f677ba84
25c078f7
710f3e98
4d52cb36
92b424ac
d214583c
7b6d6215
32da99c2
5dbfcf53
2eea5259
f0894129
cd2da29f
56b1ba20
5f44d19a
6b899701
745aed15
16f364c9
3725467c
62bbb8a9
a07cddbe
42ab0b3b
5a43217d
f3ff572b
3a5d4f66
e589117e
3370e70d
ddbb4865
2241f5fe
83394ba1
e3eaee67
7aec7ff4
57422add
5129f9f1
acea31ba
b17d9e54
5454feef
baa61e4b
54871d7c
52301be8
78eb5a8e
64e8f933
021a3e54
ffc30b3c
4a3c49ae
a234ed6a
ccafe666
3c04f4b7
f0dafa3e
5c30d3f0
8f90ea37
c81e28dc
adb0659e
817d56ff
5ff6c6ee
6243ea1b
ff1036fb
c02a699c
2e2c4d10
564dc437
37a13912
00ed5b33
dae6b036
90eebe86
a0f5fe39
f968e5a0
5e4e7e8e
a2613e61
3006ca57
c0c780d1
2b6aaf5f
aeaf73ff
5ac6c177
dfe46063
2eed1b77
3df40b76
2fc8325b
19eb95da
014cee32
0dd6ee97
d088b435
07c09172
a835ab25
b771b42d
bf7ece37
b1bbb00b
30ecc916
9005e3d1
a385682e
de9542ae
aed7800e
841b83c5
78086774
e83d7de7
b7b67ac7
653a70b0
4ea0c1e6
85197fa8
f769711e
f0116adb
7406ebbe
875e9fc6
c068c735
c94f6532
98cfcf06
44c8cdb1
f2a6a2ce
f9114791
ed82e360
8c39c977
17f90c7c
f8a47fa7
9d4425ef
26c0eb73
4e7c4224
012c8638
ac92176d
2187ca12
c0792870
4b9c03ab
b6c9cdbf
60b32a00
bb9637d9
d0c8048f
db6818c3
d6728b9b
6734ab7b
b92df896
c1d84aa9
d92cd30f
2aef4789
81ded646
39d1426d
2201bec3
aee351cf
5f80a7e2
24e489dc
0e353553
bb7f229c
babd2c4a
f9b819d0
aacef6b1
f7057b1d
54b812ee
8a5aca1c
b03d5190
5be4ce77
8763a322
93f4ce81
4eb999f3
cd7f2130
027f861c
a5339702
2da4218b
9b37bd61
ffeeceac
e150eb91
78740580
e04b45a2
97177a7d
73442c71
2f849594
1bff2aef
2af4027e
fdc97343
a78e28f3
309f4edb
f1cc0d59
7c85b82a
bb9320aa
2f47e249
b2dbd20e
dbd4be23
ce0ffd4b
05763698
b70fbe0a
591513cd
96f5011b
ec193470
987d765b
e077ad00
af235a8b
4a394ef2
1f00df21
987b5733
a13481dd
10e8121a
47c032af
732bbec5
9a908b3c
f51e9627
dc96dc8a
e7f47e29
6e1c2c11
9851421e
b24998f7
abb033dc
14b74219
62779003
9e80bf38
a5988aeb
2c73a1a9
50931cca
5242ecaf
f53663c4
10911303
6cdc251b
e79915a4
60931172
551755ac
4bf3c5dd
5a47f359
21bca8af
218b4d9b
4f393967
6aa840cd
348be335
55418f23
f01e7351
f0fdc10b
534c29c5
18e8bd1f
e6200dfa
1478f895
6621f920
79bf61e2
25ee0f43
64c5b540
9fd652b6
e597b6b6
7b6e9dd6
b2553e3c
a7c42a55
735df952
428c3249
5c6b754b
6a83896a
6e76531d
26a183f7
cd327b98
ca666db8
fdfca450
47a48d8b
14a556a1
70541ab9
936b2438
0a67a60e
2a6532fd
0b6048e0
4df5721e
956ebb65
024576e4
3fadb5a8
aa06d5a4
66ffd25d
0a33bce7
c8432430
346b3812
3e436566
0f1e0e31
15d162fd
0855197a
c43b9427
615ac078
13ee4692
bcb10a8c
21f84bfc
387c285f
13854a64
e3fb7700
2e7d002d
41640531
f98affd0
686531e8
05528e44
c7dea529
7c0a1e14
c6d8bff0
f5fc3b03
21102bed
a9dea2bb
ccb6739f
5a77cd5d
d85baad3
0d321633
b17e68e9
f00dadd8
f3676f63
cfeb04e6
4185f8fd
2dded1b0
0afde2c4
62020b56
4e7386a2
ea5ce7d1
a2796cc2
73cc0d72
be24bc23
1db9d693
ca1f01e6
6e594a17
a46abada
9501eb02
a45e1972
897d338a
ce80e58c
94109e14
7d99e25d
7b9e3434
1e05bdb8
9fefc541
8fbd0aa2
f3c2e716
4b2e6046
63fa9975
2a5002ff
6bf108f8
172b9c6f
f06f89bc
2a592b10
e85ebd2d
c09b58d0
dba0af10
061bce11
84e3ee5d
dc2e6be9
3b3b2b40
94338949
4641a344
370a5050
dd0db4d0
1967a27b
483e290f
2eee7f80
c2dfeeef
df403cae
c2678844
5e8d2f93
949977ac
f7f9f9da
d0996adb
458cf37a
a7980feb
6ac2a7f9
f98e8407
08c06080
9edc3fe8
3d075c78
078ed0bc
6ebef070
a6a5ad28
731431a8
51082c38
c56fc99f
b7dac191
12fa5ac5
6df81494
823ec701
010787ae
cfb5d5b7
d562e9f6
83d1d6d8
985bc1fd
ece6282f
1598471e
b20abdc3
53e74c5a
f7e67cec
3707faf1
c36e657d
f7f9913d
7e142992
9fe49421
a176e0b1
d17f3e21
e1dbaafc
0408777e
5611f3ad
64e8947f
ba8ea6cc
a4b52d07
23ac7c2d
2918cd19
27c55dc4
03cee4ba
3460a9d6
0a15561b
ba1aa870
0d8f20ba
da9a9ab6
b04fd450
127bd772
7a21c438
167a480b
b01bf176
089f9bec
87aea5bd
303caa11
0aa5cd6e
d202c9aa
edce4a11
b50372b7
b1ea1cbd
bdc575e3
7c5a97bf
fb017dc9
43bec535
f81d3f99
a2283dae
16284360
d6cdc402
a7fbd7a4
7ce81d43
97481e83
079ead2f
955fa272
432b8dba
61064a74
a15b5450
b1f706b8
7525eb28
c0516e08
5f9300c0
cee8ffa5
f29ad24b
b2af2262
8a8a6b73
3b6978a1
9bd7017f
04e34ce3
c29c51dc
5c59446f
ee475ea5
b7ec71ec
03ec4d84
c1cd9dea
3c6c7e92
c4728eed
2043e37a
d9bd20ec
c9b359bc
f215973e
5ebc9fa7
644b3963
6f8c42d0
1d10165b
e4b44f76
c60d82bb
bd01eb56
8d060703
f12e7ff0
e4dc7398
3f479f2f
58e136be
b8effd05
aea0aae2
c46a549c
51cbefe0
aac8c69b
f1640d56
69105311
0d3a17a8
b62939af
b28eb501
e1fa45d6
815affb6
0b264ce0
95ff9a1d
b13d2123
b6303e4f
8ec950d3
3ebf35fa
d80326ba
265322d0
03297954
ac7e05f5
f4d2e135
b676bcaf
5d8ee79e
aed18320
480c433a
cd0702ef
86047c02
390320c0
fe7ac7ed
7661a16e
0bc44948
df4c0ffe
88cff447
bea2c3e4
3d1821eb
1d8ef259
bb73c4db
bef060cf
efd2eedb
f3332c3f
40246bc5
66c9000b
9fc02e8f
d821f367
2fe16861
5f446bf7
9566bfaa
10e80283
07b5313f
93c2bf36
40a7b9a4
45ff2fcd
a0dd260e
87806400
eb041180
4fb0865a
b006d507
3e660ad4
18a25c0a
374586fb
74ce03f6
22a3ac6e
b2e6b8d9
da48eec7
359dccef
0c0d370f
f77ccd59
b42c9c72
d3fb3bc3
24e331c2
19b1454f
120f05a3
a5d8833e
025c25c1
5a6c90d3
c6a409e8
b4bc6ea4
1476b010
8ceef46a
1e10363b
023c1050
86fc592b
b6fec727
ad58156a
51555090
93a28b53
9bd9ccd7
ea2cc336
3b0d7873
14691c32
ca07bf65
808b3390
39d15d6c
5de65e12
52aef500
0dd8d3e7
e3233e95
1aca414d
0e9acfbc
bac1e54a
4b7429be
06325d7f
fe2eed91
500757bf
e4edb227
07861513
61a6e7a1
1701b808
2015a908
33a891d2
13cae27b
bf311299
312df928
4f1f7bac
ad3fd8b9
9332a60d
399fdb74
9cd67b8c
275d99bf
192c42ca
bfdc0470
d51160f9
d8c9b3be
397e98c1
a6bf73b2
51ebed16
a56e5d72
b6c56852
622b9315
196e5d11
8b4e9a97
5b9685b9
ef1de509
24217637
5615fbc4
c4cce132
45bb25a7
00f57120
74f5ef48
ea8df306
c94e3770
fba624a0
d9755c19
2c3ee922
d240e44f
17e5064b
52ab867d
6ee2deaf
93d3a2b4
172f7fb6
e3e1b89a
4aa0ce83
3d60605b
1c08052e
8914a478
aeeefc15
5ce0f0c3
1dee865f
6985196d
9fb35b19
6ed02f51
0c7d634c
a282db86
c7be889f
c3011ae9
ebd51227
7bab0b0f
43962b2a
58962233
06d1873b
f0e97820
224fed16
22451ee0
b2b29bac
d92a02af
b68a6c10
9a0a2314
13714820
74dff65a
c88a9950
efba4480
4268f5b5
c711009a
0744507b
2425ad1e
a1429e7d
a325a05b
f2f7b24c
93783273
33f505e8
fa41c5cc
9dfcb2b0
7efc5bc5
4514a1e7
f42d0713
cd26e3f4
3a550058
d197e397
9147b9c5
a99a75ba
028583ac
ecfb0054
12c903ac
652fc4b2
2a8087ae
74de0814
0e468dba
21c5ea02
0c396c40
179eef98
87dcdf6e
9a133fb6
4155a9c4
79c72db2
125552ca
b985974c
66ee4dba
447218d6
ea73b722
0e609449
81defd9d
93c327cb
107db696
734b9de1
1e000eda
e4b367d7
8171bd93
6eb358b2
b1065660
02871b25
dd9ab154
fdbee50c
02f1c5e3
73faa065
d934605e
f2ced2e1
3ace33a8
6bd2f355
82b178a9
1925c11b
81d8c298
a8fa45fd
e8f72e3f
ab29dc47
848ff6f7
3074503f
f40e4dc6
8b64f0bd
bb181a84
b15012a0
d38d2f62
ba4bde12
f0b62416
b2ab3f8c
7e007101
742d4b31
742bb714
5beff870
38d4ea00
1703a18a
0568d273
fbf101e0
a260ecc6
40f6147a
cd5bbd86
e78f3e93
0bf6891d
807dca97
1cc9f600
63350784
bb792aa6
5b9913b0
440ac7a7
833b12d8
cd6c2f68
58a06e28
f9cdd7da
25e07e61
6fa52597
a9e3a39c
6f99e7d4
3f0a82c5
8510b8ec
d3a34caa
fcfc6791
71c18d56
4d06c103
31fb9990
1bfea674
29387c6c
f00809f6
d7e09ccd
4b5280d1
725d03d5
96de9206
d7507969
d7db9fb7
21889981
65acbb7d
aaaf219c
9d0c5c92
c55cec7d
42bf6294
735b09a2
5f875235
0df4b275
ecf1aaa8
ed3c093a
ef7499d7
f586b9f0
75adbd2c
8303d928
fcf2025b
2b9ebce7
7c467e26
c3de1b07
17619058
883adf4d
a9b1c224
af54511e
8b87f705
d98adb76
de6f1a84
9acf077b
3e2b170b
c58174ae
898ce5a4
b2358838
6563bd81
48a109e8
5a1b99e6
0dcee3d5
e7314aef
03f576f9
086a0dec
732289e7
61d165e8
e0e4289e
db0c96c5
735657cf
8c528818
776d30b0
fe1059ad
5195e4df
4cc03958
3688890d
d28e61f9
c8989a81
a2d23bc5
50f7cb10
9b26649a
a114e740
8263ce7e
8e2206a8
101b5bb3
16cdc6a5
6d3f0489
3862299e
d76b31f6
9be082dc
fcd3a721
8ecfa47a
325bf21a
cf0a16d6
37c297fe
c291c960
8c0b237e
e4f67ecc
4ed2803b
c4680571
5c0ea552
9c308100
0e082608
53ed4eec
bc26cd74
d48789b0
9382f668
64bd892f
66987f83
446d4dd7
572cbcbc
d7d0c0c1
36d86385
6fb304f1
ea894f87
ac40095b
000cc22e
91608f4a
91b86ece
105dff3e
58f77483
7a8eb9b0
1aa502ec
e5e32d90
8a7cdab8
3451978d
d2a6af7d
ee6897f9
6e6efff2
838c007a
73eb76db
bb331023
ffd48bb8
bad421c9
e34ec95f
76c3b9cd
3eb93f30
32b9407f
4c6309a4
87a47eef
074ac0b3
b4cd6cbd
3202c210
225e1130
ef74408c
8bdb94fe
d1c123dc
42e1f921
c5791fa3
372c9045
01a83837
d375b760
d6a9302c
e535c73a
e78793b3
abced02b
48ba910e
49f0d423
3de72eb9
de3c3681
456b6417
14db8c83
cc301ae6
22fb1750
4237dc58
8e2c9046
98af94d4
2c91180e
fd8b2706
b41eddd3
9b35ca21
6c4e9839
5675143d
6aab06c4
4403fc5d
4a8072b9
de396a92
9e0137c7
a7c8fcdb
b22bdeb2
f642b3cc
a75719f1
c94a6365
21f6bf36
341083fe
a98568e9
97911e05
3e6d618d
d9cd9cc3
20ecf4c9
70c4f593
20aab7a8
bdae1c67
ba7aadb6
164f5050
74e0e032
74341c61
00b0b01d
c0d073c4
1bba0690
366d4fa4
6ca98d68
fd90deaa
2ef85c88
884089bc
b79fe5e7
2f472eb6
98a0f43e
42c9928d
639952e1
716f9663
f7d541f2
a28eeee7
9514188e
d6bfa20c
7d385d13
a5dacd9e
714706ea
a2dbcac7
abeba7c6
3d7201af
d5bc3e8c
1fdf60fa
8bcb7a5a
74894b5a
e1a690cb
4442cb94
bb38e48c
528fdc58
8995939a
473f0349
4d986ca2
418d9824
a3a54d60
4b2044e4
3420427a
b18c95ed
4515aad5
f9a12cb2
5ad75789
b4e3dcda
206797a6
80f4e30f
8e34a5e5
4b891c81
6b38192d
6bac2943
3e03fe21
79382682
c0e356b6
ec8db62c
134b7a08
fd42c5ad
1b11dd96
34c2b527
2eaae694
3d73aaa8
4cf759db
5e412d9d
05a4bce4
d536caf8
8150554c
f4cb86b0
07a5537e
149276fb
13ea407d
275c7c6f
b2e8c8e7
d57bdebd
7b29148b
6eb352b7
9853a865
46b0a78a
1a781bea
39afba68
12b97e39
92b65046
4f693f39
794b44be
2a4d0650
da6f2173
f66a9433
39786ee5
a03e4257
66e65bcd
1e6a0d42
a78e36c3
4b9aab68
c0032673
3d6f96b5
38937c49
b4548f44
923faeda
9b7f7828
fb3200b5
dfbb59c7
24ff9346
047039ad
6bf699ef
a1af94ca
35e95771
ffe866b2
94f5ba8d
572560bf
9d6d59e6
fc61db0e
270f694e
8eff47fd
a61a4b5d
01420045
681a9ce0
4b56a543
602fdd3c
ea8a0ff8
c5de1202
f454686d
52676ce1
4099709c
bfd23cf9
f1e17b3f
0e587bfc
25d8968f
d624cc6b
ba98fc5f
077a9416
eaf7a3aa
cedf718b
3d2e3e7c
a6d9a28c
c38512c8
5a5866e6
86153924
07049e3c
0ca9dffd
dd9aee96
8945b8f2
f5271c3f
c2be1a8f
3c10b578
7d4ba4c7
33bb45ee
3bd3a5cd
a22e6d78
9faa0db8
1db13476
5cc2d4c9
cd250b64
e57e1540
dd16d3cb
ea99bffc
71ac78af
29851993
dc50a5c8
d5d1f63c
89d67557
a8ea6bc9
57f41900
4e5a1e2a
be744445
e963185b
c76f908f
9ab32c30
199f26ea
5501112b
93ad1d99
33da9756
473c9e0e
4b5bba70
bea12b3a
e302fdf9
2b0df747
294eeb15
71aa1163
434b7ca0
b732332f
dba2db04
988177c5
794813d9
1d52c640
f6c6752d
341aea9c
40629938
7bf783da
fa1c459c
275065ab
57471b79
31244ccd
af0ba2f3
b1e04479
9488210e
859c821a
ae26d655
e965c843
5ddd8ed5
6cec4216
7170f861
a1e104bf
afa22484
8d68f2bd
f4dc7f62
1d305dba
c665c9d9
948418b6
e5c8bc9f
b93f93f2
237f3c12
5b5ed3ec
a5417cdd
d189afb0
6b846c6f
2736120b
4b9716b0
81690010
8c014405
34b77ee5
b61dd950
abcc26ab
cc3375c7
f3f354c2
b4005697
648fd63e
57437a5a
390ced9e
335087e1
563a70d7
1c330427
ea4c95fc
66961925
13ef947c
cd6cfd4c
0a6fd1ee
fa1f5127
174c9e7a
14f01b5b
e4f56256
5f4f4729
42eda37c
26c95f9d
aa65d900
39ffe5e2
6d3b2f23
133622cc
3a96e61b
2ceb5311
97a35af5
634d15eb
fff2b773
8a8cfc5d
b5ed8d1e
8d87a819
68123f3b
d15c50e1
334bf561
f11981d2
e5578923
9a0f805a
2a9a5e58
4b7cb0f0
71391661
2d56ecfb
e9f7677f
a6083b93
8e3b6eee
9f3d3cbd
2dfa9de8
b6b3fbab
f1191648
a9df8ba0
4ddf5955
7840efcf
d29e9f73
2f6f06ab
38fa2fb6
dc96f730
4c6e3708
db613baf
7e801105
e8b165f5
45fb59b2
f76cd454
d12a3647
6bb12b76
95264f39
c4e96a79
dd61ebea
e387a764
fa0eb6f1
b6c093b9
324bdda2
760892fd
eeb71a16
b34e416c
171c677d
e582da04
6682a9c5
44f81318
95fd3af5
66d3f724
1ed81cdf
b53dbdbe
53c5e39b
19687c40
caee9130
01db37d4
83110cc4
f3b26d80
7e4462a1
b0174e89
610e0f2a
bd88f4bf
c0f7e330
aeae5278
f8cd6108
c96524be
d3a89aa7
df7f41f9
df4f3179
1561b4e9
5c6c27f7
cac7dc7e
18489f9a
7cc092a7
bc1cf84d
41bc7127
3c862b8b
c711d970
7bcb4a8f
41cedb82
cd640d7d
d5bae818
9f8c24c4
7981808e
7b9cec86
2787af80
9c8f11db
a83d9ea1
66dfd9f5
21c7d7a5
bd505dbc
6a175f2f
bfad0516
fef698b1
91f56661
9a12475d
8dc84a01
158d20e5
83aadd8d
db792180
16629aa4
e3f13fdf
455d069a
5448bffd
3550fae6
6b89d3e0
6f4a985a
b479093a
3e9e7135
e7ad8449
b3b574bb
b9615f6a
c30693ac
3f1079b5
34fef566
a01a49af
ccd47a38
31f825d1
9d01f170
c6dbbc07
9a3b91ea
e8d218c9
d2a6c8ac
7ddae3d5
15aa33a5
2809f30a
db7fbffe
bc8d5e7e
ff102e3f
a021d9d4
f8799f79
b94d8cf2
12aadbfb
73667d31
24c06971
1425ed46
98224980
f3560029
59340980
d888d5c2
842e6f9a
727c65f4
2691c835
ed7b983e
51fef700
6cc8a16f
644adebd
cc314f13
5fb8e2ba
3e1feaed
ab0742cc
28828f03
5538a5f2
715e6311
1abfac6f
09754536
9ba96e3f
7bb47408
5394dcd2
c9d1e275
46782ffa
336e8919
abf6dfdf
71adfcf9
0865c7e0
a3aa6a2c
331c363b
0eba9616
d3777d6a
a79e43e7
93b016d6
bc395203
59565edf
c33304b9
d72ad80b
09543dde
5318ef89
93d4f75d
aad56982
fb406470
0e0ded77
c7c9c066
076a8f04
87ceac61
1a160d40
ac72737f
a1a1ac51
11530ec4
61fd66a1
680d2695
5723ffba
3241d1d0
0701684d
6b137469
b6548266
e5127c2a
f87a4541
aa959828
2b8208e0
3959884f
025de087
77e6ab81
f04d838a
47a09114
e5c54175
f0933780
5a0cea91
2c8b8efe
f7d86ad4
aad06535
68a457ce
a9e13ae0
5912ca7e
0bfc4050
fd3634cb
4e466a9c
e1a0c9d6
ebd4c6fb
127870be
91986fa9
11cd327f
47d3be7e
3390a870
f549dcdf
14992d76
17c9484d
e6de128d
b57bb98a
8b198d4f
ecb632f7
77f037e3
508183c5
7fdb6499
7a41ea9d
a55f4b94
c9905dc2
8727e616
07466764
befad491
69785205
0420b0b9
54c4ade2
ee69269e
9deafba3
9141a76c
1022c2fa
47c97e44
683882c4
7467e074
854dac40
28733062
8195bcfd
f74af8f8
a2e03692
2276b5eb
6dbe5e4e
688e63d5
3a66a44f
33095438
2845471f
947a0ecc
61df67bd
2838a409
ab8ad0f5
c3150fdf
3f350ba8
5648d588
d3c78d74
6f4a9440
8593de81
3633b5a0
50752983
5de35701
d76efc80
1721e71f
53804d3e
1ed3a58d
2624273c
fabd3dfd
fd54dcfc
bfa69cb9
ea00de81
cbc04b49
978849bd
494b7aa2
e5fa1c0d
69060930
ac2bf920
b2fd8447
4cd9cadd
c5c8539c
38cd3c61
776b2be1
50f75faa
db4a074b
efc679da
3f581d24
a36ce81a
f399528d
e0db5349
dcf4f410
0cac704b
d60f7239
31418dbd
1e339506
feff0aaf
eaf64a3a
559267a2
35a34931
cc2da913
58f14714
726c1cbd
ce834c40
4668e765
0a092ec7
d5eafccf
c4186736
d726aa69
4f1ae0dc
732c42dc
95805387
61ef739f
7c065e71
4ecc9735
59617d20
ae6d8e02
ea15fb54
fa956c8b
b780c629
47f380eb
ca31989c
dd6ee5ad
3ab3ed40
a462176d
3777416a
3417b627
98b5de8e
4fe5e8bc
acb02965
9a0768cb
94d85bc4
6bb21694
0570c6a4
a92d46b6
3e8b4f2b
baae971c
61e9447a
65a239e9
717e1c66
eca226ff
a7cfcae1
8ceb70a8
bd3e3b37
3144257b
0888ee4e
bd65b92e
424ffdce
033a0595
32980e71
5990cc9a
40763ffb
76aa9bdf
9ffc4fd7
d6d23e54
b2062dd8
801fd6c6
22225f05
519bb764
c993bf3f
70f400a5
ecfbc275
02102dcf
f2900d7b
94dd8864
9ff24b0c
04e7a8e5
ce957318
7e3e2f03
c01c4f6c
77cc9914
79230703
21ae17a2
881ee7ef
c8869e5e
72e72cf8
78748fc4
d8031b42
d60bd817
0c24bcf3
ece8b4ee
b4d43354
656beb6b
18d66a68
66fb1405
8b0d7138
8066160d
16557c9e
811aefdd
40c5140d
aadc60cf
fe77e60d
547ead96
b8498370
8cdf2b03
5e50845c
95bf4511
deb6287f
6c8171c3
159f237f
cfe7cb67
e7ed3462
6d4bce92
87a91f1e
2d1b2a5b
425da013
3da8dcbc
e1d6bbc3
e376d214
1fbd9f4e
26d525e4
cf557ed0
71669c77
ffed8d63
86788223
51a98e9d
6f39caa0
9bd1d356
96d332eb
e14b7f2c
5b79b71b
dec6db16
b1272144
f4fef3a3
7bda5a26
234ecf49
ae55d15a
9badf7c5
8ffde88f
6f6e2ed9
fc1e2be3
1528bd12
53d576b7
5d7eeef6
94adba66
5fcc1956
40305385
025a0205
014ae208
fc725d2d
4d237e06
7e964197
623ba265
d896229e
8478737c
c8e17897
198e86ae
e23f6263
c013ae1a
0fc62ab2
9891f0ba
765a9cd9
9df46919
0a3f6f32
1cf2c71e
c63587d6
af20ea91
fc20e6a8
fe474c92
ed75e878
5f22c8e5
c1f314ba
cfe4a408
37d4befa
a17e711f
84e97091
f59bb86c
d0595dc7
87d9c6d7
5f6c5396
76c1da39
fd5d43ba
f06f0ccf
2f2a62b4
0ce6b24a
8f5c7cbd
19b047d8
3822a0dd
eb1feee1
cebb7580
a16f9525
2aa884c0
7c23a2d8
076c7a64
8c3770f4
2711fde0
0d13c776
ca5a8c88
e2b3eccd
7a6a6858
db4f0ee8
68d06781
e02ec7b1
23c7807d
aac17ab9
37551632
27f0839b
c7fcf31a
6a6c6575
3e947494
b0d33e77
34ab0ad9
ebf00401
857a6699
fc8d6bed
6fec81b5
04919558
f16b46e5
af42edfe
ad57c480
ed3a2203
8638c17e
5cfe80d5
1068b247
c22a7bb7
26c77e39
e9076d99
923db7a3
bdf17d27
d8ef55ad
79077c80
4471ceab
c9369f59
416bf4d7
c1d06ecf
4d34f1ab
b33efd4b
fe62cb00
475188a1
bef7e3e3
13fff666
4b5b5f1f
37ad4723
76647867
d4747eb3
2fe45f22
2409e962
3d911bf0
c30d8467
03aae947
8ec6e6c6
11dff6e9
0f568c68
05a783a5
4fb870cc
759bd39c
f2e2d968
903e3c6f
a1cd0176
3d9bf167
3551273c
27635307
ed712546
f2e9b4ea
4ae64cd0
ecfda0ae
45e1d79a
9d47aa73
69363097
4bb467a5
2f5424a5
d3daf9e5
1025ed56
1c6009b1
b792c45a
0c278916
5da3c514
852ba514
c0a2e7d0
174d967c
15cad31d
ba83cde9
a4ef02b6
d385fdaa
ea21fdf2
6665309d
cea8e466
96ade3f4
70bda53d
47568130
79699b88
090f6e04
7d3c1003
18bdfc3d
407bfba0
def360c7
ef90eff2
bfb40e65
f16e9a79
6614c649
256ebdc7
a812b12c
38de88d7
d1479a95
60b0587f
1c4e39a0
b430d7bd
76233b1e
395e847e
d3f72256
c002c888
bb630421
a70e7392
46fce2ac
8f88f0f8
a360be53
21fa04c6
4d3c7a97
8fb18fa0
76ffc0c2
521f3191
31843b67
6bf88273
0d6d2aa8
af37a834
1c11a0ac
2882a16e
e944b819
b6b3407a
09318ba4
30e7e746
4de76961
b9a83984
6d843fc8
a5d41436
cd0a347f
fb37a61d
f1743d07
ac482bcd
8f0a35f5
ff2ad4cf
13dfa4d6
0fe7f9f4
ebf93298
78e0dded
08f4c423
9e6d6f7b
43c0c1fa
240a2ca5
5249312a
f9e5289c
c2265a07
25b16834
1e4a618f
1d0ebef2
90c3e8da
56c318f6
8e658118
f695595b
ea7ce704
a517d50a
a961e0f1
3a8ec38e
bd112cd1
89e35214
9795db44
b354ea7a
ed6c1397
8cc64718
c089c44a
f81ff10a
c1e8f0b5
2039d60a
45ebf5b6
50f82b18
e6fb3b75
b32eac5f
b20a9ead
da368602
542eac59
b51c5deb
ea8575db
c3f8cf44
98146bcc
b8d1ce3a
a3cf1891
5b7e071f
e828f0f1
30e3d6aa
0ce0c591
9e0f18b8
de1ce0b4
03427791
fbbe5869
26df6630
893964bc
10787b0b
fc3b8467
1a5365bc
aa7f070e
1942aa61
cddb20a6
90393c61
411db0db
17d3c058
94c60134
c8f5c3c4
61220bc2
2b11260f
f5c8fd07
a7656e53
5f4e6b84
d5eaf1fb
f16f5631
6e860745
63b0fe32
f2a68129
72f5bd68
6e432744
5fdfe031
d8ebaa7d
192fc94f
e0cd70cc
944e2366
547ba597
39e3eb93
d6a492bb
da89c882
90a6d08e
1c518f75
9a580cea
e3652008
abe474fa
8a1feea7
8ead9d02
9cb5b304
7071ebae
ed85a8ac
4a909864
6a1aa1ea
fad821d9
228caba8
48c7fad4
4439025a
ea3c7c03
d239f57d
7e5245f6
eb7f4e80
5746b537
bde2ad27
e0811984
b58ef3dc
155d82e6
05231ca6
b04a105d
ba78e6dd
72c1a40c
8e40e2ac
d0b05f66
b0c2abc8
52c0fbb5
fb79d0ae
ece27318
f2a56958
ae46957f
e1c02a6b
752a3d8d
61eb1cc0
4c10a2d9
513e717c
7d266074
943fa4e0
74d10291
c4e212d0
51b2600c
abce3475
c554f875
1114de58
d12cfdd7
9c51691c
9f248505
ff007a27
f8d8a2a5
7d02e883
224189ca
7c60ceb6
d371b1cd
4c440e49
7c24596f
16319f8b
9ddd400b
8e5b6645
b0e5568c
5cafa956
99228f14
d0cd05f4
7e04046d
2fb2be09
7607e430
dab58f70
002ce17d
1c62e0fc
4fd55882
7c6836e0
2c357cfa
f6e5d8cf
f27fd811
26c2694f
169c2bfa
ef87636b
7eaa515e
a4b0e8de
8cc5f56b
7f7907bf
ae57c778
81a568a4
ba8e217c
aa925bac
dd12c0bf
25a9259d
224a2710
b3aa9cc4
e67ff77d
0a9b3d95
c81ccb21
7e60b03d
6483a5ce
1777d7b3
5db9ef13
6b2c58fe
e64ef407
210f0460
f1eff081
f00538be
b548b5d7
ddb281ee
3c6fe209
c5fae1de
a1eccafe
2ed1c247
c5bc086b
d2980c53
b152be9a
36b0369a
3c0ebbcb
85826070
f80c9276
220e8db7
84ba990b
24e9ca06
a8899e92
f029f4df
18fc0346
8a056e8c
dd4b51a6
58868939
bd9c50c9
c7280a6b
0ac42279
5fe3e2bc
553a1fa6
cf144ce1
9781bb05
bcc825d5
b629e46c
de2006fe
010a99a1
15ec877e
2563ba1f
162e12ef
5a008216
020e81d7
94b5116d
e58dee01
51f1a6c7
c007fe33
c7f1bbb3
e073ddf0
e27f92d6
148e0244
4c1becc7
01e194c6
5c50e23a
42e7c411
f6d29d43
0a2f503e
e534e56a
4aaaad66
ffca3e45
b85a8ac4
c94db6e5
8db40c8d
8890f97f
605506a0
d0adbae0
99c0aa18
1cfe6779
d234c151
09c64f9e
c6881f04
68774bb0
a1206d30
3c415513
ca84f222
ccd39002
64a2620b
3481d93a
fb7543c9
328503af
cce5f037
2e860186
38606d7d
8c3524da
3d60612d
19fee86f
5a9e28d6
6f104594
93fc3ee5
90320a55
fe609fc9
5ea0e9a5
3119658f
a8b9e03b
036786e4
84d49819
ed21cdb2
466b18d9
8b756641
d017e67f
b7da1273
47151f99
782ff0aa
41648557
e80fbbb0
f04f358c
c9296093
425533ce
61bcbad8
2a1ff4cb
44592f88
54abf4dc
6c3c5944
0581f30e
47e5f13e
c18bf63f
56c57ab9
cbd6e870
cdc4809c
e732e097
df2bfde7
b27ef82c
c2129cb1
a11a7a13
2555cadf
1dc2ffd8
05020644
fc9e3081
6b4fb506
200845d1
3efc4088
6b4e643e
5ef70c9a
53e67628
39442f99
2a5d6982
6ac02cb4
8585f8ff
69dab3f2
cb396820
219e7cfe
2e38b43e
2f526441
1894c02c
92b10ce4
d6977b32
07d5de8a
3c9cd188
731dd91e
cff1dd21
7ee5666b
9725809f
c1f81384
b296ba40
de0f9d4f
996b181c
b7744028
d15aad90
19f51364
c8a01ba8
b17ab602
10ea3e3f
b2934089
8ac3b4c8
77039645
bcada0a0
1f8d3b7c
a4be06ad
e9190798
f4a60ecd
9a893a32
042bbe75
0f41d767
80089b91
fc24b7ac
30f15a44
6c832498
0a143290
0488e2d3
028359fa
5e3989a4
8eaafa62
ed3c80b1
d8795aa4
9699c572
68cd9f49
bfbe89bb
bfb2011f
0da24437
e1b45205
156c381f
df9db428
4a089424
490b3422
de631f45
0cf7d180
2e32f683
6cb770b2
d68f4da2
d85955df
aebb596e
77498f05
93888671
eb9a1d92
ad293946
ca363486
9878a875
23bf970e
fa99cb81
bed8c4d5
6e04c974
126c6ec1
6934227b
421dac06
043feec8
c534d55b
ac6cc814
98a406c3
17f1355d
1a0b33f0
f2d4b48a
ecfd13a8
9f8ea96c
1ec28b9d
b99084e5
88827c03
274d8fc2
40051798
bc3aba83
863f49f6
8f3670b6
653294e6
c267a911
dff7c4d3
cadb5bc5
95d6c994
d0699326
a3a96620
62c91356
54dd93e7
32811657
19343032
7975cacb
c5b5917d
84db5cb0
06e849d6
f58349df
0ba417e3
a25e5aaf
487a4b6a
23f677c1
4cca0986
b2a3201b
02a5422b
f6ee9c3b
88543f6f
f882ced3
8a47319f
e2e81305
f190ab61
7b63daff
07bb66c1
070d1d70
30caab01
d0fd8354
727150ff
55bd05c8
558b960a
ce12704f
8361d802
b4594272
1efec359
14258273
291db886
5fabc780
cc21518d
2400d225
f6c9cde7
21dc01fd
9d9dd08c
d6042a0a
3bed36a8
3a377eb4
69d31cc4
4338a5c1
a7956e21
40782a29
e2983e57
4f07333e
8574564e
f80fa390
83c9106e
9954910c
65d78276
26b81ffa
8daee679
7d5c37e9
8f8c2d19
4fce09ce
50065815
fb920777
d4ebe3e9
ba4463e2
f13f273e
aec55792
82d5a4a9
fe536ea9
e346ea2a
fe75104b
d3f790d5
1c492443
20ea5c43
072337b2
5b7dac58
302dbf43
7f760881
72a881f2
3048e799
bbc1e944
5bcc6c30
1f0ae5b5
3430e90b
0b222de3
9d533f2c
ac6e8c97
c2761f49
3278cf46
59934b4e
2fa8f553
11533792
8388c402
fa11f946
6212209a
e62f00da
c0bc3bc0
bf471c62
c5a532e7
1cc5807b
359c75de
dfdae1ed
ff0703de
f0e54060
45c4ee94
dad6517f
0fce9963
40b07552
8d5859bf
4b90ab88
82d11bf8
94672ecf
46603410
5ca09841
babb6d35
34a971db
48d18ed2
5875b8b7
0306cfc6
85323599
b3afff79
c45fd279
fc0d4351
d88e6522
916fc9d7
62f6a25d
61167963
697381be
31cdee9c
0fdb3af3
7828b891
886f4e8c
56613433
6c0ae440
20dd7c21
647a6a2d
0ec408f2
749becff
298507dd
a6a28f22
1f9024a1
7b852d43
1b8968f5
e46da47e
4cabcdef
97d0dbe4
192fabf2
6662269a
749f8f82
289e2b95
50735103
7036a96a
066cc707
4f016061
02a34d07
0b708846
5570ea3a
4ec64a01
77431182
bb183c5b
2ef34052
99dd46ee
111353ae
17b36dbd
3a9ae75f
a857b887
b7a993a4
3e77780a
ffbc4691
9aa5f9e6
96bc4e6a
f1513b92
124100e3
79f2406d
0e00ead2
780ecc9f
9232f671
536ab1ef
afbd3bc4
10724b66
7aca5ac9
03ff2200
10556a3f
1f484276
f7d7b755
269feeab
b21682ce
2ba10ec9
457d5555
1527d57e
1e8435fa
9f5c0507
e061b5d9
0d852834
b8fc72d5
e27ff946
b7b1ca4d
51fd8b11
f364b09e
cb9f0685
42b9d762
72e0c248
3f97149c
7d9bb9de
5eafed4e
c3c9e56d
13e3613f
8753657d
946aa0e3
cea2bbd8
a2e711b4
5ae78a5c
de27aeca
54219d95
95f2c5dc
646d4c78
71a77ba9
44908cc0
f41c6ec4
415e96e6
e3c1fbc7
4b97c6fb
da5714bf
20ddf33f
49f1d022
0d4092d8
fc6837f5
a84bbd7e
2366430c
8bf1676f
448648c1
3e5befce
37e3cdff
85dd50f1
d7af8510
c6bf4456
e887facc
ec105543
31b085ff
00e1da78
4e76324f
8fcd5c50
acae8013
e93716e5
769dd110
5b495eaf
630c5ac1
e2d5d38b
4c3764f9
b5aa810d
54e12ac8
46ba5094
99b20ec0
d5263c55
473e3563
b3d0a0ea
5e7bd28c
a16253b9
89b5c053
0648a90c
7e4d37b8
cff12745
8827abe9
d60c1dc4
e32254de
9e81c042
77b3b3c6
38a51743
d3ea76c5
3b6193dc
2a58fd71
8b2e36ca
f31d5611
6234053e
b0e53a97
e14df8cc
94deab26
76f3349b
1c6bc9cb
cf01f722
cd5c35d0
37241443
0029fc35
ca473fa2
9bde461b
30bcfd35
4c5b5db8
da65878e
381a2a44
d700094d
13118979
65e9b4a6
3cd6fe18
81a47dd2
cdd9617d
df208146
2e0cfe82
8a402bec
68806232
fc041a71
960abf54
fdebab24
99628303
e95277c2
52e6e6f7
49307c8b
9286c4bb
0821b7d3
e5a2df7e
77e54b58
0f4aa7ff
2d182e85
31dbc6c1
697b8a40
1e434d79
8a66876f
0be20f6a
0be227cd
ac6fa840
75971a93
4e630fd1
dcbe3bbd
62fb5d79
23db43b3
3e0dcac5
6df0048f
c15b95df
cfe5a9cf
2152e081
d51d3a20
3979628c
b035eb18
a78b5bd3
52dae8cb
f7b26a6a
e51195b5
234c92a6
92194f6a
c57e0090
a8ec46e6
2622493e
8fb2693c
902486b6
1eba9f2f
e6b46980
1b0fd402
d0737c65
400ff0da
7c8915d0
985463e9
9100765d
66b8aeb8
1e9d76ef
b859172f
cd2bf451
c7903da1
c4abcbd3
07ef525b
592cd5a9
b0ab18c5
a5c9f29c
e8ddd571
1c085548
c28a9d18
b413640c
cac380e5
e130ccca
ed97e35e
2e795fa0
b426f1a6
2852914f
3512c232
c7c22798
e51da600
6a6c532e
e135866a
6ee53c56
e49c84c1
f49746a3
942638c2
34f47afd
cedb6228
f1585f87
afb098b3
28727ae0
82e76797
aca3a33d
c04984bf
eb1d86d0
2332cd53
298a93ff
055c8ea5
0584f8c1
c90e246f
bdfb976e
2dd02c45
234b9549
6db12ab8
5427d7ab
748ef882
d84344ed
ab092cc2
5cb45aca
2a4356bc
520a2836
f69095b0
60fa13c3
72ce32c2
265339a9
6da11a5a
93a5d8cf
3f39beb1
151cc206
26d4d1a8
20d074d8
e7271c5d
913b7f6b
241a6000
6b50d5ad
4d4ce6bf
e2f6a032
e8ef920a
4f7534fd
d4b6e108
1a6b4d23
0a2d8c44
cf0f6356
4fd3ee64
71f19a0b
14abb133
3331eed5
d3827da0
1af044db
5f0e902e
2c69c3cb
960591a3
a20d94db
02496e90
dcf452fd
83d0eca8
56f1d2ca
f9bc375e
95aed655
a3ee6d07
a799fe20
93ebf3ce
5fdae5e7
6fa68ed4
71f66caa
300d21fb
127377a2
ec6635c1
711e156e
c5c21a57
579f9b73
3ac4886b
d2fe0c6f
7d0f5f16
4b575860
ab3a01ed
8bfd59ae
39d9b08a
f6d61aae
85fbcd8f
750026ea
4a769e84
ad6c18b7
e1271eca
5d35a915
eaf8dede
d54fafaf
37f1a1b2
7b3bea71
c8cce02b
cdfce3af
60ac460b
e5c7159d
e9e272c7
50e2e25a
999d25ce
99bb90dc
9facc48c
e095a552
d3c626ed
f46a2160
b8895123
c70276d5
b2cad519
e559a48d
e8c5e149
c9718cdf
e5a805ea
47b3db60
a72764ef
3cee8772
6c169f32
41e0998a
08efeca2
5a0115ff
6f67fda0
8aa50ce9
4c3f17d5
7679f657
5ed573ce
e535b898
16f4a0eb
dfd9b27f
db52f034
2fd2615e
1ccb84e2
e6a9abe9
a948a263
1d9700c1
4c649ec6
283a1218
255dc3a4
3808ab30
80b90d67
83a2004d
b6d3f298
d8924dd8
b409accc
b39dec84
cfa01bc2
57df886e
7c917be7
2e5bf031
5be2fbff
973e2f91
0b48f817
9d085472
674da991
9d83f56e
86e6dbd9
ee2777f7
1beb64fb
99f3d761
80ef5b2e
1adf738b
6163525c
6e322ec8
568c5c9d
7eedd052
5819b601
b5ed8ccd
8af1f017
2a9a07ae
2791a1b9
6777852a
6d8356a3
edb19408
392f8990
cba05e5e
cd14330b
25dba091
68fca6d5
78e96006
c9d8c432
fa837f3d
39f6246f
520ce092
0dc6343d
a37fc23d
3c31bb81
63725a01
2e7fad18
a044de36
4bc27d17
88737bc7
0676e002
94af6a19
4462ab0f
316b324e
b379e23f
68f6f1a0
6e97f2e1
89b8ca04
8ff84d78
4cb6c433
122d2b4b
5fc60dc9
51933c36
f4a900bc
4363b683
83ca471a
ae05334e
05f21878
995a5bc6
967ca837
6c3378ca
666d12bf
436884e2
2d694e18
91e3c5ed
c29c3902
f237205c
d1a9c302
d0f70b26
03e9ae0f
f322f67b
1055d12d
e474a6b5
64e5e264
cd88c830
455aec97
01c81e93
41558c5e
eb18b211
56077b3c
9574560c
e90ee316
98eb0da0
d2b150ef
ed355b99
8e8d4ffa
c9319423
8d04b6d9
602cfdf6
0dda05df
e159ae8f
458cbdab
950f2257
59faa455
a3705f4d
bbaccb21
7bd7b2e5
3ce1d020
da5fb912
82c01a2c
b13e872e
5ab58fa3
8372da63
dfe419fc
c7ad45b1
8c7115bc
761e993f
021c5fc3
b56b1d11
0fe398d5
e3d9d389
ecbb74fd
c6b6280f
754ef354
cfa0fe06
dc6a90f6
40f6ee4c
3adb3ab3
ec23fad5
fc5b7e49
e1d0e780
5933bb10
e4642b38
41606c99
d29e36e0
9c05a4e1
3bab850d
2a4a1188
671f9315
3ad24ccb
1a29b8ae
8ab1a830
49490a8b
6b138e67
41330208
0f304491
f3ee8f40
62d55623
ca3b174b
b2964762
353d71bf
fa515b7a
f6f00f45
14024de9
ea5725f6
d3d5b2c2
d435c084
e88ba456
1c246096
96ebf92d
d00b948a
f1ca3d27
7bbe4410
d4bfac4e
07f9e675
5ddc262e
fa28dee2
df692d18
a3805fdd
a70ed7e0
c3afca39
67f61eed
215673f8
0a0989ec
5db69ab6
52e3a506
ee2db2c7
56daa15d
5cd10485
f472ce05
1bf5235c
4c416ef3
5278f9bc
e4a4bc7b
1657582e
570e3667
a9914e46
8b60032a
eba5d3a8
6bcf9340
ad5c2df3
34a969c2
2bb5844a
fcadb354
1225d0d7
afd3fdc8
dd382a5d
d60f2ae4
5925daed
ad7971f1
eba51a12
5408b241
0a56df41
e66c645e
3615b48d
900ecd2f
7cca36ba
79b01d34
38c2a7df
eb1749a3
46463ef2
b29ff9fe
f9a3faee
59314bb1
78ad21d2
4e76fcb9
add31d69
01b51096
d757a9e5
6f0802d0
85149a59
dda99fb6
25ba3bb9
3b68713f
9cbef898
3616f08e
e8efd52d
5b05fd08
7035641a
4a7f0261
ec5d9878
b5044df1
abf4062c
4d03e534
050ac126
f8ebd991
f8eeb7dd
ecb51a37
b188640e
1c36abca
e0be62cd
b01d437e
162367a7
2020e34c
b566d068
82171c7d
52891a91
4abb4dfc
439f53be
94f02e0a
b715f4d2
3879b2b5
cbcda1e2
81ca1d5a
8e46b12a
54187e7b
21314190
296be731
e4305317
240a43fe
e2c30d44
ee1252d1
2d4c3e55
fa5fa9d6
e3c8a2e4
051f7cee
badbfc4f
6f1da226
b078feca
5b9cca5a
982a8d11
f891f375
1919314a
d93db492
9a57abe5
8a4cb270
9c553251
79fee49e
08c3b328
aa77031b
089c8431
9b47efbc
b0bbc064
de53a3df
ef2acfab
6d216c44
55904e10
d61e6719
45540687
75140ce5
65920281
9d843c60
5b0e1de4
8ee8e61d
d74aee08
dbfec2ed
77cf04bc
7c412d10
65833dc1
4558875c
e3d69d25
3e36869c
324b4c2e
221a98e9
51f78d2a
aa013d63
380e6d15
403a4fa3
300b43c4
560e105d
14bab1bf
13236fd9
a5d66615
4b8aa17f
eb0c9b0d
75cde05b
f11a73b8
52c8adce
a95880b6
908d9e31
4a3e5d14
b20f269a
8d55f374
545637c9
c7448d5e
8b03a309
133d6bb8
770ca73d
9e85afc8
44ebf4b6
75d81888
afed5e6c
803b53fc
a2d07d1e
030e9f47
cc24f1b4
10594f1d
0ee48bc0
6c0445ce
73030590
65908548
d20e4554
4e3dc8c6
138b19d4
6685900c
440b338e
6d26b4d3
cc2da8ad
5e3eb211
87e613cf
f665f100
40ff7162
74bfa76b
8a026f02
3babd293
7ecbdf8f
a27d9f52
236d24b9
78b2afc4
840d1541
f201e473
1f7385b4
97637896
f649516e
50fb14dc
7e71306c
57ef1612
108c9c04
e287edc2
f8cbe9fd
3b756be7
5731dc83
f890d0b3
b25efff0
d9b9ed20
67ae7aee
b68e3c77
511c7a17
15805238
e72ce6bb
048cd386
4177c3f8
981b70fc
3695f43e
8a5c76d7
94540614
864707bf
b0aa4807
ccf04e92
616fec63
009b8052
62aefb5a
057952b8
cae6e0cf
c91e7db0
d3a7a264
da8d03b1
2598c74c
935a6774
29259d6e
cb8a156a
adc52ed9
0bdf5016
da61fff8
564f2bd7
d587dbed
f1b7fe90
c2dacde2
f7beca71
f0ef5c29
7624421c
329018cf
00b5e16b
2f833bc7
578408fa
05ff5557
05ed9d5d
7e8aa9be
5c12f060
41c0dc8f
10732547
efa41a6a
f1c4efde
ebdc21e1
93e6f431
e17ea2a1
90799eb4
d646a303
46fe8010
4965a6ae
4bb316b6
05dd8284
04265002
0ae89531
11999bd6
7e8a1e47
951efc26
19d9340b
d4513f47
848d75fb
6c721ca2
d32f2171
d72244d1
68bd4aad
fcf9c179
5e06e152
c7b0e8c4
8fa8b790
b2059c9d
3351b696
b5edfeb7
4d586eea
5024dba8
a1667e00
ba6f6333
972c2ed7
4c2e322c
c7151439
d7d2d8f0
155f4c56
666bb5bc
0b5b8792
0e96b286
c005c245
71e69203
d772d9d0
055b6174
47cf6c0e
e391dc09
da029021
88d87062
5c5a1208
dd78bda5
934360a3
15b89e08
c94a3bb4
49a369ea
b7594f05
498dab79
60bc5408
ad9903d6
319321c7
e0d68952
0e66e42c
8e82a6fd
91f011b3
eb013250
6421ca55
f003d8e0
e8ec308f
b14119d1
dd156d6c
67a27330
11489d92
5da1410f
c593e22f
831d8644
4976ea6e
13576e13
2c3b5a79
a9ff61a3
fcaf4b86
ae2fac49
2f7292da
d814658e
c014745c
9d65b173
42335e16
17c0d72e
a987263c
e550931c
115e7825
150c5608
666e242e
ff9d1e3b
d71052d6
74157213
90b89838
f444e507
74621fd5
c48c2739
4d0fc68c
0e1d9003
3fa86fad
79e706e3
be5e65be
2fda058a
820535df
b3663780
c757a42b
49896582
c21bf4de
2c8d395e
ff712d2d
8048e8a7
36d48729
600f7211
47efb3d7
833468bd
ca5a3a2c
2ee068c3
5cfb3edf
5f38aaaf
07c09cb9
9ea164d2
f554c42f
d7f34a27
68495afc
21c99597
7c14f96a
8400d636
460d73f5
e6075e4c
b415cdcb
b839c8bd
a4eb2d6a
e987b4e9
fc49f7e4
9417c17e
eb3edb22
3b0ae2ef
8db119c4
7fb01e80
f06436b0
a0f3b0c9
0bb58c3c
fc787585
abdd30c1
b567d243
aadd2f54
e9c2b12f
4306d55c
ac0e28ca
4bfcd461
ff6307f9
6c116ed7
78be6872
03be27ea
2f238d2b
8e5e8f68
a9c7b691
bda29a7b
335c2cad
6ff32ee9
4fef743e
8c7475ca
5b6ba12c
c688e7eb
94c8b0f1
d80ce2da
cea79ed1
92c9ad8f
487bd853
5d459c8b
3445f7c1
dd0fc17f
81264e0f
5416c5fc
198976a8
dcd1cdc6
48469132
d6731c42
0a9bd15f
66b129e7
3230ec01
d9aba0f9
1b2e1243
f5a5c0f0
fac7238d
c8671616
7e1dabc4
a7cc80b6
cc91303b
b8528b70
cea3022e
72343efd
48976508
22f0d573
338b82dc
39d445b4
9d313da5
ea3ddc07
661f8ff9
6bfc6529
0c7fe625
e7dcf178
478a7da1
0ff56e7e
e5651303
a7af40a1
b8d3a8fc
74458d5a
783b5a0d
7c2485b0
7ecc8cd9
05acb532
f25d2a57
b5ebda5c
1aa79c8c
cffb6af7
f61eaf05
5c3dc1ba
6554845f
4e3cc8b0
327ec785
bb4c4a82
719e620c
06282083
4530727f
24894fc0
a3586678
5d7107d3
cce07bd6
b0c1997b
fe39a90c
a811dc80
e3b33d40
077496ed
2086fb19
0351398b
a8693cdb
71b17f62
95ff19cc
ae12f74f
ef968972
e9a213ee
d02f4621
258430d4
d042c27b
89b129dd
3dd12c98
10063799
085ae083
dd1ffe66
78b6ceef
8c04b51a
4e58f169
5ecad333
913a9dc5
92c9cc04
c26a2da0
7c13a7af
142e385c
b79fe80e
195fa561
538d8098
9040dbb7
edf9bbac
8b068baa
140f34f3
a0b49adb
4e1386ac
e605202f
021cc4cf
ca28582d
e49e8fdb
99db5849
a8922520
6afc345b
62936e60
e4b2502f
784b09f4
37c52c8e
d8c01124
867b7696
fd919a82
16f601a2
0e8772a3
fabf3b8a
a400d8cd
5c3dcf61
5fe22ca9
549733d2
ef487e24
f11d4222
727cff4e
5f3c7904
d38eb04a
b579a3a9
a094a6cf
bde6c1c9
de25b7e6
73f132ca
e0a35bde
f0c31872
ea6f2314
cfb92652
85116e8b
b0cb078b
d77bfd56
b2fc4efe
5f51fe8f
7085f72f
026e73ff
4e2f4b17
4ef2ee91
77382721
085be72f
e3799370
f3e8849b
8c0931e6
ec813b7c
b6350feb
eec4e5ef
3d5ea6b3
d89efc97
e68ffd31
3c13e505
56dfcedc
4f87329e
934068f4
558a5cbb
ddbb4515
162e4cb9
28996fc5
a95863d5
0170b9c4
df4e6ee0
40de9289
c370820e
b5145956
f9ee4f69
306d9a68
e73ba4f8
e739486a
08b98170
2a643a5b
08ce954c
9688779f
9700afe2
dd697d1c
ab9a0b59
b4da9a01
14c3f04c
3382e009
9ffd0ec8
faa62a9a
c15bd960
f4870f3b
b96cd4eb
5dc50773
58482526
c175a150
deace41f
07cb8408
9e1d4a0d
dcc2c5c3
0b26183e
cc1639ee
6e54731b
e6db0300
51d34bfd
2d3202cb
c001dbbe
95baa6a5
eca2a452
bd3fb086
2ec5f731
94507b20
fdb2e1fa
9033d6bc
b6605a0e
1919575e
4da35a47
fb9e8f72
646b930a
d751d9ef
61e5b4f9
382517c4
c1668fea
03e33347
d4f7d1c2
f73f5205
b2806bfa
4011f4a5
ae281707
35dc8d03
2beb589d
5fe3c4c1
c80518fc
084f0351
ec8fbf23
76118056
8577083b
ea7b1a63
afd0e1f8
ce18b9ef
fd839add
55d7cb91
381205a3
6c6d67f0
d2f3f099
30f05bc9
4aa5a7ad
345f6825
f22f3588
8759c727
481267d9
99c1f00d
5fc07e4d
51373f69
6d92c484
95499ea5
7530d08b
8b11647b
5454a134
ce3a60ad
c7dfb6fa
111d213a
127d4f47
c92ba32d
1485ecca
8a83f0c4
67fa5ba9
bd62d02e
0b8b103d
581c1b9b
b68dd3ac
93f2efd0
0f199254
9732935d
6e736fd1
72a08cb5
05f5b8ee
efec12da
db5be421
5c2d6e0e
cc7609f8
a468e4dc
a6942c05
41872c6f
2559532a
e8be8234
27fbd748
ff4dc1e1
a9498979
94ba4c0a
7a573077
176a553b
e46e607d
245b5ded
b33d99de
00cd627d
3cd013bc
ea56110f
268b43b4
91417d8a
60fc3cb2
0a2befe7
8d31b58c
cb8d61cc
912e90d6
25ba58cc
bade1c3d
526992b1
67cfd76e
3969661f
a0fb158a
8b0ca14f
fb8c957d
4d433c6c
731b886b
40cbc560
349cf333
f5a20f8e
3e212147
5b304423
2535b2d9
feb5b6ae
446a015e
8c79acbe
84283969
e3ae458b
48f93084
b3d979f0
0001c7e3
274ac83d
b7e7b47b
6c766d2f
9ba86506
76153ec2
e86fd2a4
55502c99
48a7bbf8
44c46694
cac6d17f
0dce186b
16a0fe4a
245ee53e
e7d27102
97beda9b
d15e014d
3f829736
c1e85104
b2de28e0
8f807321
bd6669b3
7a5602fb
fb2ec01f
468b00a9
f5584f26
6b22de78
2d5507ce
383ca218
238170c7
beab576b
5c8df448
a2942c0a
c5ba8f80
1d127105
356deb1c
89cbcc7b
f8de5f79
551dbac1
aaf89783
b91ddb67
4c5671bf
ce5bc16f
78b930d4
8ad06f25
61a51b5f
9b1ddd38
37e361c5
20a66928
5de0e2c9
7685a0b5
90ff5e7c
1d2c9f64
56cb5884
86a30b49
1e814d2c
d3be017e
61a8de76
36a24be5
8404554a
db0f519c
16a5e942
da326c04
61e65c7d
e75c8069
9d62e3e1
e2caceae
d8f53701
bcb0296b
8a3fa105
bdf8ff4a
e02c2602
f966daf4
653136e8
3e6ef4de
fe5dd024
cf773308
0bd2d7e3
74fd71f4
82b00e35
edab1e4e
4231b69f
e8aff12e
c7cd770b
4ca8503d
9355be2a
b68d6022
4bac81a6
a89da12a
8ba501b6
59e95b9f
21cad892
21cc1a3e
f3fae41b
4043a747
a1c0ff52
7b76e8a7
6a292956
af7a1437
526cdbe9
eb227341
0c0a3d64
3f758e57
595a0808
133b8085
06493310
254f43a5
6a4b2238
cf8882fe
25328fb5
ec46af37
0daa2f07
41178f62
af8974ff
a3cc5af4
3acb191d
64fa28c9
1d801f38
d285116b
65a16edf
472ff6a2
8686a1bf
049c7407
c986f029
e7f8a6e8
979e303a
62b24636
64e6f28c
ec52d537
6879a7ed
cc011c4f
1e99faeb
1955cb29
a627dd11
ed3fa9b3
19317357
dc2a97ba
556f8a54
208e5086
b9425ce9
a93fb546
ad7c0b2d
af2e1901
edcfefc6
16d3dc7d
c6d510b3
fcab1892
689bfe8e
fe0c904b
ecbd0f69
e75131e1
ecc35bb7
710af5cd
d9db0094
80f25270
9d3ad2ee
2b895afd
1a09a856
cf6c8537
a6831092
56b7699a
cb0aff58
08d71028
b09ecd61
4f69e6f8
056d3b43
e2a44261
37e2b5b5
4bd086ff
3ae62478
334232cc
d66a8061
4aba8912
68805f1e
0f167b4f
cf809570
78f18707
4a3922ef
a2fa4e7d
8d86e707
7da3d934
d62e14b6
83a303aa
99107a61
5dde38af
c3b92c8a
232bec5e
8aa062ce
59c5d7f2
84472b8f
47e99994
efbf5cd9
80aba7ab
7f890d04
9b1de010
c4e1807f
692d5b08
8bcb7fee
62ef7355
1c3737f7
a3fcf8f3
a0b256c2
a7261d17
f41d25f5
44d61924
79a9817d
7946b27e
4e2d9aba
522e24e7
40e3787e
d2795e88
ccac69dc
736eebf7
6c1bc31f
9b7d0d43
607b7509
d5901ee4
1fd24d82
9a26f0d3
c3aaeb6d
462785ce
655dcea1
4db99c45
b81168fd
34decd3a
42468b46
f6ee58f1
83fca729
f4281805
1230b1b1
84d4e5f2
153f9127
047b57ea
be423589
e69e57f0
a06879c0
4555e368
de2b6174
f2b2b6b6
28e0b404
f2654db4
21afebfd
46d49735
5279f8ac
c0e58d5a
58904a5d
6aa394b0
1e868dea
284ee497
6f53a1d9
767901cd
9e51d74d
33bc8731
c804251c
d857eaaf
85411dee
796d5c90
8d19880f
3f1ef663
db8e37ca
b3985751
973756e8
c0a76bbd
97cb77f5
df80c68f
2d79e1c7
39602587
87cbb68f
d25fee42
dd6088a9
42cc1cf3
eb11971a
e7a5c783
b5e48d09
acf25a4b
10d27b56
a8aa05ca
ea7509a3
2368cc63
66729331
b6818e5b
6e1f123e
074a1652
f58ee6d2
03c2fd78
d1d7ba8e
f64b506d
1491778e
7675fd7e
f2916bf3
2203e484
8cfa326d
9c4911f6
7086576d
f71ee158
4d8b6c82
237cad6f
6cf3d6e7
d3c883f0
b56aa74b
d1f546ca
5cab71dc
608dfa14
262dab93
f8afc5bc
0310f3b0
b1b95d63
d8bb7d49
5552dec0
dfd1e925
bc5233bf
be907b0d
8fc1fd55
bd0ba960
ccde6313
173c6aed
d6517c7d
c20ab2d2
1e47a7ba
bca2cea2
4ba97f39
ed83cede
1f50dab2
84d58e91
95f13652
d45ed62f
ddfd1d22
b57523ce
30918248
1bc8c6a4
6094a26a
6fea98c6
a2ba915f
e2b02bf7
1e19ba10
022e791d
6cba4cfb
8182f349
229c2b3c
5884e0e1
578cf70d
e4cb44db
065c3c93
b80d92f4
4031ec7d
ca7026e2
1b2c3734
2495c3f1
019e1d04
85e17f7b
ebc705fc
64688840
d976ecf0
99f53e04
f88182de
d39ef0d3
bd165431
8599b0d9
c3dbea18
6d8e1fd4
60edd52e
9347794a
f1aee8dd
ba1e8e67
11992a4e
aecef4e6
7a13952f
1e785ff4
a55c73d7
4ff64ec4
43ff37b3
0429a3d7
3a38243e
e9409741
8eb19835
0b5bbb2e
fbf6e311
d50ecbbb
834c1d67
1cff5ff7
17394a97
f31d01e2
370c6632
c2850137
36d9dca6
a4ee5a00
9a63d737
f02da9d5
e7f2409e
53db3aae
a552fdc9
a79fb73c
7e7bef80
72f626e5
737163f0
bee6c297
b036286d
d24decf0
95a8b839
d754f4ae
71e3198e
4888cc07
700894e3
300c7089
7dbcff67
a85da7af
89a1769b
493ae162
b7c3d6c9
6e4898c4
d754ebec
0f0091f8
bacc7387
a32db2f9
bb219040
ac134e54
7eec3bb8
caf3a9d5
46e39011
a8d4e641
b78755af
fb61fdf6
5f34acb9
9eded4e8
cc3d2fe9
51c75a29
eac6ca68
42f1a60d
b0379fb5
3be2d4f5
4ef4cd2b
3d6916e3
e91a5e19
f9fcc1d5
590c77f6
29a95def
40832045
b5f9d200
788b2e5c
b554bf7c
75deea01
bb4d578e
262f7550
d8273352
f7e0e2f4
9c7cf24b
4487f971
ce991005
7fa10f69
97cc09af
c9c5b8b3
a4af1c9a
a0b39f84
bb2db285
a2df935b
462fbb21
9833b304
243bc18d
dd43be88
f8cf93e1
5cc561b8
eeb121e1
9b21f047
000118b3
41fa4e38
0f940ee6
4759b182
5c50eff6
746feb01
a8fe7f46
85c7156d
8a3a5dd8
f1a69e18
6ed46a6a
90b22f66
7e8e3ce9
9b7b4c60
ac11967b
45099b94
b91f3589
aa69719e
0f0485d3
686beb8c
b6564121
b0399d18
f0c14675
d9fec432
2e68154e
b4f9a6ee
84a0f97c
ea69a3db
1c473692
a83470d8
e3c31a2f
9051f7ec
7b2837fa
c73e6b31
41518dbd
6c24ac0e
cd070b5c
a1ff302a
b8b02937
0f44687c
cb3e8279
754457e1
08b90f9d
001ddc38
c8cabf55
7b2a4865
76f8dfb6
cccb0f11
08064925
e573bf34
c03bb9be
56886538
1fc64dcf
198718f0
a9b5d23c
6db92365
7361566f
6c3fcd99
24184cbf
9c78f578
d8213673
230a0984
256dabb9
9342b534
796eaf06
3d491161
f3c2e4b3
45ceb039
eaf2e27d
611e3d43
7077cd18
b345b7b2
b3cd580b
014ab9cd
98156c74
86e52199
78140eb2
c1847833
9ec5d132
b893eb23
7b0ad2d8
0b698c70
6615b163
d70e969f
be73fa51
e60ee36d
760895dc
f2d7d725
0e5d14bc
359299f9
b31cdf4f
36504d95
c3bcbee4
d8628e54
bca11a80
61dbfa78
cc0a5372
4aee5840
bd250ed3
8313752c
5b66fd17
1c4fb1d5
a4d9f90f
e4f2ca93
09be7c23
017598fe
ff2a38ab
bfdf9234
febfabf8
73d56d18
10b64643
d7b705fc
d61b5178
3ab5e322
5cede90a
d857e46c
bf94b621
0340d3a9
3f8a1953
e8a8a763
74d39161
d909f1de
017a0aa7
45f79cb0
7a593780
c98a2354
31fc5124
c0c915c8
ac7cfaf0
577e8f41
544b6d4a
05a406db
2a9ba8e4
af67e3c7
30fa6348
eef8fd21
dac8146f
d0f691ed
5bad2188
0c179686
26221545
f5da6700
9e7d483d
d8248380
42c052ea
5b3be224
c89142fb
f904011c
5dd00c6f
d7e58a61
b39abf95
6965d981
98e785cb
6384ed64
3b2a5c70
6428e062
7cb71270
41d2fc8c
d62d060d
ab7f321b
eab2e425
70f5f8fe
32a1be6b
a8f7477d
43002951
836f62c4
89cd7ebf
e54b3bf2
c49267e8
858b583f
3f152059
f8d7f716
c093b58c
726fbd3d
3cc3a4f9
43c8ba37
c5407e70
9b4d7dd7
aa07722c
cc18d1ad
138e4ddb
9c9d58e1
c7ad0701
8eef8047
a20cb9b4
927e4609
0d562196
e5f421a4
59d2b9c4
d3ade891
b940060e
89b2c30e
ebbe1707
028296a8
5aa06ee3
b8f88efd
8dc837ae
ec8bf430
d3ba1bf6
8856e114
dafd2eee
9b3afebe
5946c5c8
be0f23d7
14c8334d
4692d9bd
a90b9a8f
9118e3e2
21f84f50
2a593079
8694dc12
bfc4c1b9
d98dba40
b6742962
5856690e
3b8b9515
6c0b21a1
0fdfb27e
cb91d876
e3736719
7d901af1
a70eb756
4d6dbb24
bb218220
e7dd35d2
6d8df941
8613b273
fbe8e1fd
1d3170d6
565e8123
492ee1de
37b801d4
c7d1d8b5
6427dc16
6b0f2b44
429a6297
d7d83b93
c5ec4b06
dd190540
4b9e0898
db24f61e
f905894d
4dada63b
d43deb4e
43d7e364
48dcab99
68534c8e
3993018f
6dfb669e
243c674a
b27b1720
c370928f
f50259ff
79813ac1
85ff800d
ca3d44b2
37cd8907
5b486451
af8f99b0
cb8f4a6c
7a99baad
f44bb52b
df3c1fdc
c431865f
6bb99862
4e0b7338
2de002ce
9a835652
f964a0b6
c33897ef
e966fead
e0dbfb74
6913a16e
baf391d1
d1f36315
0fa2267d
26d9daab
ac1a39cd
8f5e67dc
371d07ce
6b750bbc
8a5f391d
c2e95bc3
dbb8ae6b
00c08371
057bcfe6
ec610505
54f9afc5
4126d7e5
e09d7b08
b077c236
4e15e3ee
bf63019a
3555e872
832667bf
b5e5aab7
16da172e
d3c05b11
cce0ff40
b21a4e44
8184c60d
31e83f4f
f6394daf
2e148f49
4043e657
adaa1a73
3265ad21
7ff816e1
d9a50613
558c0ea0
5f54f50c
ff57ab36
4c1cabee
f541ec9e
d29b5617
b364ad5b
ff3419bc
fc77501d
d8eb9fc7
c976638e
a5f380ad
692f019e
aa8c2710
e3a834c7
43246dbf
1ceeb436
876a3142
e9002d83
7ab740bb
c6ad548b
ebbc5035
56e2dde8
a6a4b3a7
2ad9322f
9f065841
d5c41a86
840ac84c
7d67ff6d
d3c9db28
fd3940be
70f3af09
a7433d80
de98e2d9
9ab7d4b8
643c71a8
ab29912c
b887e8ea
f6cbcec7
6d7e408e
08959519
fcebe842
bd9efed3
2ad151d1
1d854524
11126934
daac22ee
80c87f56
6b7de027
385418fb
d22f8e9e
5c77b360
e9672bcd
8fcf3582
4697669d
e2d6e45f
f5fe7551
51dd579b
9ee70b8c
8d403ca7
d047a06d
ad085b48
6a400778
3f4977cf
27a37df7
4baa86d9
7544c741
583ea377
0650aebf
636fa8fc
587c1b44
b98a2f0e
7119b65b
bd8c43f2
8bb1386b
3b3dc895
c7ca19c2
1ab16cdb
d268fe8e
7a925212
2ad1453a
4cb68421
1a6fad38
16d3815c
b9fe7620
9073fa1d
09359d25
e8bd6dcd
e59906af
6cdc0529
635331b5
a9d7f3e7
a2cc3e72
854ff293
18a84cbd
36c36062
032eada5
05d6bbe8
87d1851d
593daa24
6352df18
2e89ab40
67d570b0
f1a19e71
8f943786
25fa95b4
9ec9ec52
cb3c4393
2a8e44b4
a10e02b8
4a7f7094
29d9f6e2
f7b21160
06573e4f
d24b7e80
0eff29ed
939d7d8c
b9b090da
dedb24ef
f295a04c
951c6342
37f1d0f8
b03417ef
6bf43feb
6d2c140f
1a1df8f9
0553c578
c2638b46
d2694aa3
9c97b09d
3a009e3f
112a315c
b732c15c
0c3fecd0
c5171442
d477b62d
74f2e9f4
1043df52
1e9cfa46
bb5b2f2c
0966ce13
c43c0e61
fbf19fb9
c8ddacfa
d518993b
01ccdea4
d91a66a8
2c2aa5af
6b7045e0
1a42f4c6
df98c3cb
3bd9c75b
65667e82
fc7b10f9
52eb86ab
65e00134
dd10c937
42ff2eac
42755a19
cff7dec2
b1df1e75
102378dd
98240f61
20cc5325
ffbc6851
2478504a
e051e932
738f36a9
3e11dc84
b5aa96c4
093ecadd
dcc55f0f
93b4173d
3b244d14
e2541eb7
51db00b6
0876d250
95abd28e
10b6cb13
f34d30d9
ff917432
f3fccb99
3b74051e
c1248655
6c2fdae2
7909fa3b
8f999a9c
2582dbd9
a1c15005
f3f70945
492ba56a
8d598e89
2d96e96d
e7dd1730
e25d800d
19dd2d43
32d77c59
76da6c17
504aa6db
96a956f3
329a71c8
e8cabcb9
54e5a1f7
fbbd02da
272b8a09
9b3aa6bc
3245680a
77c892a8
d629aca6
941eb278
0863f950
9e719c74
12161beb
fc09789e
b040f373
6bf648e4
ffb9abb1
93323416
63a3470e
6312d74f
069e5df2
692f1722
f2a94a27
a6553df1
3c88bd84
4c3d2b18
c295a957
80512388
202e4298
e7dbe266
e97a9a0d
fd578510
b345feaa
9e87a4a2
2869e4cb
8ae158d3
9e966dee
365b0b1b
b0305067
fda14259
68ab1d2c
6add8dcb
b7f48f59
e5e83696
846a666b
dc4b2538
a563508e
212c11d7
c1c2abdc
03955180
9d05af12
34189741
f8e42319
ec60961a
2ad6802b
a0a03502
6604e642
a357bfa4
c0c1ab55
40c54180
f6538aba
6795ae38
980a2531
49210787
53ebbe8f
a373ded2
cd97a246
0230ab89
ff718509
35c89ec1
e40514e9
959ae305
f6bed8f8
99980b28
8755ad96
6e09e845
332d5965
983719c5
1aff0c02
9499061d
3f057a30
98257031
f24a2f20
4260ea17
bb669546
50025581
4cfd63d8
f04460fb
f73ce416
1c7c28e9
b549cf79
18738c6a
5621ea35
07888f46
da68cab6
a4f30e09
637bde90
0d938a44
e7bdb109
620b8127
57c26e30
5a880572
1eeb6441
3e0cd370
2832a961
dec84a2e
2631dce8
a83695fe
2ba47ffa
2f36d737
4fd9f63f
52dbf8b0
94702496
8cb73007
3c4b4edc
e78c6694
0084b45b
57fc74dc
f594958f
838d85bd
547db820
8c40fa1c
f365403d
373b7c0c
4fe0da71
c174d4e6
26ef1b52
75220b90
be5226b8
aa2e24ba
b9932f26
5287a2bd
7cda6b75
072ea64f
af02d83c
74a165fe
5bcfb7d1
0b8de82b
6792be8f
382b936e
0288bfed
bbd7bfb7
c80e4d47
35731f14
84a73fdc
08cd4032
b9a15ab7
cc098a4c
554ee96c
840686fd
cff89eb1
59f4c466
ee74ff9a
41776c79
33fb5aa5
4d5508b2
6424ecf3
cee4f5ee
5b7aa582
f696ae87
4b8dbba4
63d1fed8
dd50cb7d
43de2522
683ef57f
64b888d7
c1e812c6
b5a6d0de
9819c700
bfcb78fc
ca468256
5b85a550
0ad58a27
c9b7ca0f
2e307cf4
14736843
561dab3e
8c394ae3
09ca7271
b70a47d3
01fb5d4b
20130422
527be949
c50902e0
4ffb790a
3b9f0587
bede8a10
9c0b061e
65dfb73a
f42f6a66
35177c37
88afde9f
1cfce301
930ceaaf
c578bde3
8a5224a1
160a1b82
fa3456df
6d1e5ba8
6b0a1b3d
25d84e6b
aeb23441
ef766bdc
63b2a19a
c7beb11a
2222c354
3347b070
6c738854
b259dbe8
adb7703a
35b22da2
70cce181
736a481f
775f104b
3f9166e0
7ae08786
281e234e
62853bd5
7a00dc6a
5038392c
b4afc6e2
c207bbbb
9b68e163
6fdc9ae1
6c985081
b7803b65
ad74a173
1201661e
e695969f
dc8dcb3c
d8a540e9
67b34e15
c04ccc8d
62754c03
b55c76d9
4b6e285a
42c0c268
0b300aee
47d434d8
e8a5db9f
29145cf4
f3db3b91
01836965
f9501972
b5baaded
e0e8c02e
e542f758
ce9cfb0c
6e572db2
f7c42002
0b4f65e0
1991d539
45ea70e2
75309639
99073d82
a85f19f9
27639569
ec1d6e4e
7b455a24
d037f6a4
f28f5b75
25df0725
624372b8
8e9ae2f2
8a5db990
909b43c7
e4982976
d765ac0d
3e63929f
ca3ac467
c47bcabc
18ae916a
9af5314b
a755ab85
56855077
6df20872
b3779f8c
5041c62f
78065fcd
cc0b6072
a0ab7e70
23c62182
19345d59
c179b6d6
03c2ade7
99b2bdd8
0f32815c
bc3cf4d0
767a55e3
a4035b80
2114bb19
788fc462
807b4803
c610cb7e
3093fce1
aef097a6
3c853d24
ff1fe634
78f59cd8
a6b1d48f
182f297f
5d16481f
16a9a0b5
755d2caa
c9c89d0e
974f377a
45a9baea
2c6cb190
f1837b5f
43f2514b
32bd8166
d0b105ee
f19b00e8
a14f4d4b
54272e38
8deeafc8
5ae7fba3
17eae42a
269fb23d
cbd73071
96f9d53d
279a4152
99b6e7ca
ecbf28cd
3d770fde
4d189298
b63c1a9d
989ba56a
6ae4fd51
5c9a5936
e02ecfe8
03a9b321
8c7cb127
5153dd6b
752baa94
0f5c7fa8
958ec07c
fdadb13c
3ac88bd9
5dc47e00
9286f742
c1bcbfd5
9e80aa36
f303d575
bc0b05c3
4ad278da
bcee7dfe
19610e96
2ec98b2f
ea20fbd9
5e2f8ff4
55fa5b9c
cfb34fd8
6f4b837c
fba5912e
798ec82e
b1e0550b
d36c7dcb
c6734781
7ee528c0
a455e2fe
194ff19b
08e0a685
9a311b3d
938a1556
f5370506
a76e366d
55d7713c
c5e53444
0edd3bb2
9ccec387
d37e3ad8
9083298a
43f07933
d611d458
7fcee0b5
d8da3a79
6d3fe3d3
b9fca551
8784ecba
586797d3
f929f13d
26c865fa
649128e1
70282cc7
c3ae35ff
a72b3997
c32e8afb
5c4d9ba3
08080bdf
270e03a6
082cb37b
5630171a
cebcd313
cf0db6fc
439348b5
7a3a4317
794ffd5b
5a7f1b09
9ad29746
cf7c583b
cb185ac6
c85fa626
aff4750b
0bf5b181
057c2303
a29c722d
b7e14c61
53c949b7
250d0dc8
123dbdd2
15724d31
c65c283b
28365b56
88c1b5f8
71a3b227
fb0d6b54
9a9fcc87
02ecbd00
3cd20366
eb615a19
c4615b08
0f05bd88
ae28db92
1e02e6df
19fdd1d3
db3be630
584b0c0e
0090cd8b
3d15827b
260e3e16
d85d50f0
3a2e53f1
fa5170f9
5d89611e
44f9a0ab
6d73e37d
32953593
10c4ef80
2ba18a5a
47b222cf
7e93a47a
4980cff4
5fb29eab
8098eb98
209f08cd
f15fc9ce
04a7b25d
af610e4b
5bad0aff
a4a06746
a1569f22
24ee291b
d86a065d
8c9cabad
24c9ec79
319edb9a
b750336c
968095b2
02e46289
5815bfb3
1396a002
3546fae9
a96e5364
035ebe45
4658f5ce
44c22e7e
20b031f8
f76b755f
a1dbee5f
5e1c6ab7
ba168152
2da27dcc
216254e1
143662de
d5d413e8
a28e3fbc
ca482d00
32e11474
1d9c1423
7c1f4e4f
2f0a7024
40d6d4c3
d391c564
8c9b2fba
c4ef7a8c
5c630533
a46a1171
2ecc0833
568dc516
2bc13221
bd278883
cace1d98
26de3de6
cd3327b7
9177f9f5
a764b4f1
0eab0d8c
8c4dfa21
5231b705
fef588cd
b26de85b
e3b772e8
b0a4f7bd
e43b5214
414b3028
ce8a526f
1c39f18c
63047188
4b95e552
10c4076d
95140059
b6fa7016
e7e1412a
3748bfc8
36845d90
1bf6626b
20d65f76
8c25b7aa
60cdb282
052ea04c
f5ce533f
ca9c318b
d9038c7d
b9037f5b
0be6f1cf
6e301f20
d751108a
5d456f6a
e5a2b0fe
c4180d20
7231903e
46f87485
4576e691
ad35c223
bb44bbfb
ab427126
49beb135
6c9381d9
89bd5e2d
6d650d31
54aa2150
00850b10
9d0c2783
267524dd
df3670ea
344c379f
e54e56c0
dd5e606b
3b321082
5d6fee73
b49a1a43
0d9234ea
2ae57ccd
2aef5013
dd475cc5
ed2312ea
60bcbff5
1f0eeed4
9855f87e
cc1f51b3
e30d7647
f573a405
bf9bdb7c
5a7319c6
10336903
df75c6ca
923a169c
cdd623e8
3ccfc09d
5f5c5c93
4d048874
5d46a851
81d54297
19717cd4
eb971381
3501d932
cad45a01
731f03ab
fe2f69de
7180aad4
ff990f99
1322552c
6978c40f
4eda8293
cf955737
cb03344e
1cdef3eb
96dda5fa
6e3c6dab
92a6f18f
de71cf44
14bead88
e0f66cef
8018d11a
dd405ce7
0d4626a9
fbff2e60
d8570e59
0a1a6077
8480ccdd
3e7f6850
bdd53caa
524e40ca
d0bef1c1
de5c06c2
8e095980
0218689c
ee760c39
d1d643e1
2ce789b4
67fd8cdc
1aaa9a0f
748081ba
f2498fc1
b5880d39
31c192ee
70163720
68bfe779
1e412771
6f4c5ee6
768d796e
edba627e
9f4ba204
8a61a7a1
6c2ec58b
27600744
d69a0480
5743bf25
3446e1b6
e67ae44e
e49c5fd7
83b784e4
164c9351
00f8d902
60ca092e
1c14e2f9
893bd95c
b0142ad4
9c98be13
e009ec7e
6d4e151d
5251bf8b
d1bd463b
56394a46
91470a3e
701eb5fe
7285f36e
51e2f65a
ea1f880e
78d6f5a1
6a325490
34a8dcc0
c929a058
597907e9
49077e4b
7f07e8ac
c0571d05
5d02333e
77da2f0c
754d7431
a2ac0354
7a14d4d7
f146d690
590ca81a
4dfe4dbd
0d7c5cb9
5b8cc64c
abe1da2e
842e1dfc
b5a678b4
2ca8786c
5718de7e
d6303ab5
fdb8b2c6
97e0e1f6
f012e739
3247b923
6914c9d2
f5f0c965
775ffe6b
9ac99e62
89b4d6e0
7e7335d4
01fe8fb0
d1141134
3565ad0d
984de08f
afde4681
86c4f5c6
17fb06f8
93a3902a
d572bfd9
d3b20d3d
d0a962d7
628c696e
1b9a097e
0c0960a4
23a3e5ea
bccfc6c5
c6ffdd0e
969e7781
55a10d76
f5f11951
0db115bc
cfd6c5df
fac8e349
3297b339
5aeed961
b9958980
1c143792
c62166c1
b5df441d
f6c59cd3
eea411fc
ffef5191
ae72149f
70d1df0f
2d334877
c38cc749
37dc959b
089b42ac
7910abab
e0da4eb9
88aa7ddf
252e34b7
94ac080b
a001397d
62f587aa
92157bea
906c8e9e
36568661
35c070ac
41684586
72cc8c2a
8a7e0c4e
350adf15
b3e14441
f64c1755
e0772dc6
bc320b01
5718e0a8
2ab560ee
53b494fa
e45d398f
2ef3ff19
730e05b1
c4b7f1cd
6b47ddca
8f246315
6b9e9476
9b11173e
8727f365
502697c0
d904034f
74d430d9
ab225e7e
fd502f08
ee9b3950
bf9ecc88
a7f00e6f
618a1351
5fe47681
f7b3fd7b
8b87f7d5
dad0c00b
98e9ed03
0c722b47
6a47168a
9a544ae1
72040fc5
8c66115b
87e799dd
ef5c75d3
5d228120
add673c3
166a6094
156178a8
74f8d7d2
ae56bab3
591c2053
7fd3f5d8
2c7658ec
0a1ec079
9020a751
1d9263b4
6d7da386
f8acef00
ccd76966
1e8c8afb
75a60f52
3dcebbf4
bcb99b2c
7457c482
143f9ec1
1b1e6b72
1878490a
3a793566
866a9a8c
72557231
5e74bb38
eb682991
2515a93c
967e4585
871796a2
cdbe6423
267a937e
f6b847f4
3691a237
583f28dc
19ba3f8e
9731c5cb
5e96b3ef
9589e4da
8b4cfa33
955896f6
7744b395
c7fa02ce
73d3a2ff
f6046619
2228143a
3547c9cd
43bff1b2
0cb401b6
1cd27917
2de6ad0f
f0a114ac
94ab4b76
457b4714
9ea3ead8
9cebffa4
80fecb4b
6b677780
37719c2b
9a6b3471
60482a63
c58b64c1
8b711948
a351e1e4
72c8e412
a718f5d7
8deb69c6
faa8ec4f
030e843f
a2a8b29b
2b8a9426
58c37c81
dd3ba228
86a02477
c7fe2960
58972929
0bf8a9f0
c61274f3
99064615
695d1017
a0ad22b8
9bbe3865
cae471bc
dea9a975
9b68ea76
42eb45c5
602ded6c
6d80762c
0bfd364e
0ba0ba54
81acb001
e23fe137
dd38c95b
466aa112
5b55eef6
37e0ebd3
79c94d5e
5c36088f
39d3659c
f9792aac
59b453fa
aaa439ff
9ee22972
a24c9614
214fc433
e0f0d237
ac7fa2ec
5c63d15d
ef442d59
37083dee
26095334
81957563
c8195d1f
94e35482
301e1cdb
8325a639
cbb124c8
0a2238dc
ea0a5640
b882c201
f890de60
88c9560e
e310264a
1cfba166
723df4ad
59ae6dd9
16b5fdb3
897aef72
460c6238
832be4bd
083b5703
39bbcbae
590b52e9
599b0302
0690a01f
40fa6396
9d9c1f92
d3a44405
3fbdfb77
9ab838de
29d577ef
62325b1b
0374d9d3
91904b74
872e666b
378750da
6e13bc94
29a73ad4
114668ea
57339e27
ba1ae7dc
3ac3812c
1622afbf
3978a4f5
912452c6
74ef7078
c6e79c08
99b651db
222e1bbd
ca60a931
379a34d2
5109c612
50bdec17
4ad02b88
bb808758
c6118f4d
08f2c291
44b992e1
aa54bbf3
987269a6
7d9ea3a5
94a0bd50
e2556675
9de7c638
c13e61a8
ac67828d
daf79e56
0e9413c8
1147e27e
4c02cbba
bbc5a100
f35178b2
54ad84b1
6341032c
27b0f57e
1afa17d1
580361f1
b396260f
9da84924
051cef22
87e4889e
c81f3f45
d1069f7e
5fc29f4a
8950f2bf
77ec7ebc
ff4bd681
36ed3dcc
bbca59a6
ef22daf9
3bc9b827
95669661
b2f82334
6541f71b
2ff5e38a
e319a348
3969d6f0
754d324b
b38342e9
a01fefc6
e1072795
bb45288f
d4cc3305
073bf033
5e88390d
6c9f0ef9
254d6379
ad62fae8
b5cffd17
07ca3c01
490db8a4
3d31b2a8
67f2545a
82595e26
9a2497e8
13ebe304
9ee1cce1
48ca54bf
49eb07b1
0abb54df
64301d2f
952c1245
fbf38717
e935717f
a44cecb2
028cbbbf
2a993902
ba96841e
28bb5394
1bf7acf0
2352a344
907903f9
b0c904ba
9b9f9e35
63784939
21b4ded6
f7a63fc1
3b9efa2e
7fb24023
c17144f8
d42831ef
90a2a445
4166ac50
097022e6
a8b06a70
1a39296f
dd8e0a45
841220e6
c1de9cc1
5a9009a2
2f28ea70
7eb89b23
d645746d
61d5e929
42e44d71
a20b1254
c87fbcf4
c3c54384
1d0b3d9e
2da0d882
e0a0f89a
09cb2f23
e9c05fb4
a4e37b4f
bad52fca
faa06bdc
0ca99611
f31e8da4
77e982d1
b1c3a008
7d9a9fc9
e216b7f8
a9dc1c0c
61ecad62
7c527f02
45f6fdbb
d27bc3fb
ea9a29d9
5b8a9f29
0598d8de
cee1e47f
bfa1d448
203a4d5c
5baecb14
db4d4432
0aac8737
d30f6852
fea3dd50
243a6554
7a8af29c
bff57ef0
1545aa45
a1a61223
1faa3992
4b92ee1e
dc7583f6
ed65cb93
d6e7b298
3620fa82
0765697a
e305f7bf
e3b51186
713bd9c4
4a68c465
0e6deff7
c1f991fe
8b032bbd
20eb6c67
e192f054
4c9ddc98
16da44ff
96f4f07d
1791d400
8f299388
164169a4
55cb77de
5d25e286
cfdf15bc
8078e208
1b0c2e94
4502de9b
c4e78f93
97ab5639
50ed196f
8bd0916f
a65a8fb1
02365887
edfd5e94
83d04de3
c7e17275
dc5b72e2
f2ea17c1
b25f96c8
505067eb
c9081e1d
93b0b478
22c12a07
f7b8f127
da10d8c9
e03a91ed
f2ea752e
35b28a29
fa049212
609a2011
b79a59fd
6815724f
0dc2dd41
9b3018f4
9df44883
88607cd1
78b9faac
ba67721a
d0a71908
434619ab
8e140bd2
e2a7c0c5
4d52deda
c7bb265e
cd664b26
8453adc7
cc8d9372
a29e6c63
8d5546aa
9582992a
1250f559
9381b7a4
0bd9c6de
5341f4bf
d71268d4
db1c1fd0
442047c3
d7d8344f
fb662007
d3bd2934
a5e9dd59
5614fd78
fec8ad05
86676e91
1d1a122b
b4b4ed04
0b9b484e
30c599e7
fcde3b7b
4d9992c3
87f86943
d0d9c94b
d7eb6bd3
e8bb85fb
989196d9
e3169c7c
23b98230
6c0ef22f
fb222a4a
730d9a9f
cb9d4cb0
2364cb15
fac0f4d6
6f12999b
b81d16eb
42cf0aeb
d1d55f62
3d1d6dbe
85f6588b
9204e0f8
cd671955
e7f86013
94b4c82e
bb90d036
935e5f5d
4e0fb3e7
b612f41e
fab94a96
ae978f03
b18fd7b8
2466b284
b4ff387f
2deec167
4d892b46
74da39f6
4f78e084
3e616f30
636bb893
9b43874f
9ee841da
4cba1cd3
eb2f1323
20258746
896ceb20
9514c5a4
b9a82df4
3ec88c1f
c6240cfa
b0d68bc7
54653910
9baf56d3
5fd4c349
300d9277
ca255996
43e28abd
44115f07
91c0971f
e745e74e
2e2d5998
26dd79f7
b5987dc6
fe3cfa16
4ebf5f89
0c8b88ee
cf58b285
f807be21
f7b0a1c0
9292d084
d8c4ac65
e44d72e1
083f8ac9
d5bc193a
85f53c97
6e9e7924
96ef96d9
e2a41ca3
4739cb5b
b4001a32
5f8633b1
a7fbb669
f7e920b2
ac1e20ed
6875296c
664137c0
579be41c
48164390
8ce477e2
411eeb2e
1317c773
94c3836f
716c3638
02c2f04d
c5a4bb28
0af3db48
42c69325
84ed15f4
ec235d7d
761b69db
7f208d2b
be3e9749
f627a562
53f760c7
42143930
63792e89
93ad967d
0d26ff4c
8b2dd34b
19d1d6c9
42140eed
baf02e29
599f67d3
19cef141
3b30e4f2
d2785385
d91b6fa1
290daf16
010b0d41
74c0bf10
07735ea1
f84e56b2
6199f03e
ac5de1d1
1c9ef5a2
87704257
68665c8a
dd1ee351
2fecbe8b
bf8dd035
b4e52cf0
3e1faded
bfef6fbc
110010b0
71d53e5b
15d89fd4
c2618465
af46ff73
65bc43c7
555e7185
f6bd1a72
eb9d61eb
b3a4655b
deec415c
8e3aaddf
aba523ff
f4824652
354356b6
ad2296fc
00504942
2679b23e
17f13e01
3611c539
d86aae22
387bb655
989710ad
2ad3306c
d70c5663
e5c308e3
1f3a7b0c
5b21b701
d5f59dc1
affc5207
9228bbf9
2facf312
88139555
ad904929
32125513
6eb1202b
1c38cb51
af0fd6f8
efcf7e10
01a2bcd6
9132ae8a
5892139b
46cea38b
c54ed054
f7cfa136
7ec57882
eb7f5d68
1a99fd21
8284385f
b4748998
8db4fc5b
55cd3dc4
bccd5b3e
e2f88d8b
9a7b11cf
f013302e
54c1df85
89184bbd
8d9adaca
0ebdc4cb
72bb04f9
56a1908b
f2a898b3
d66f85ec
fc90c625
6ed695ef
310e509a
98b0cf94
a903e995
5215522d
f2414ea5
a925ee8f
8a749a55
3ef8ef8a
423e7fce
3538dc8d
fb8410f9
4afa8ab4
6e2ceb22
9a528246
895ece2b
43eb4aa6
7d4c60d9
dbb03632
73b509a9
82885dc9
af161371
c278bc6d
6b5ba477
e57c383d
2d0e8900
79f015f7
1297c250
b16b50fe
b5eb55c4
3524f7cd
d07d4643
6e165939
03145f81
94634593
66fa249b
6f43e04f
7a0b34aa
8f512645
d8a3a2a9
322c4e92
c4343ecd
3e5a585b
df715c93
688b9aa2
60253eed
38e75f31
b323c091
ad012429
b90c5d8b
6519be75
0831d4de
67ebbceb
1eac4ed0
79b6a80b
3a445450
a90f8ad7
52fd995d
db1f7f76
aac504ce
41c4fde0
116ac95c
406cc2fc
de56f245
03d41b0a
96167150
5fb7f48e
85eae7bd
fab84d53
9158cf9a
9dd2b22f
b971cb64
83bc662a
e05d1356
04c9bbed
453444d7
78768200
aeec157b
a42f081a
e0a13b0c
3fdbc56c
a9babc37
39b84609
1e56a815
a1d9da5f
c8dc95d6
16a96445
7e1af3f5
2cec3b27
da995283
e9e01607
8f30f177
b2d566f8
df47565d
84117ffb
d6270b8c
dd8494c7
ac963a69
10bedf04
a0996fcb
2169661b
b8ea190e
82bf398b
d44302cc
3741c0e1
e4e10eaf
63a50a95
9c0eb62e
13a13a2b
a86c4b79
016c04f8
bf9bc421
24ef726e
9ef830df
8490096e
320cfdb0
1aefc6cd
a4f4ed16
1390061d
79265934
f21086b4
ba088d37
de6924e0
a45e6ada
49a6d558
f2be071e
79e61830
e6e8ed40
93528ce0
9b135d67
e7476238
6b0c90b8
da666a95
f1ace0ef
db97f0d7
942d4031
b944baa4
ec15982c
bd16c324
cb3c423d
2c03b380
14004999
bb5f8700
3c4bf93f
2eeb29a9
301ba486
d5e39ea3
60c21ab8
51346532
6fdb349b
204257df
3d89d2e3
fd639029
63b804da
074ddc2b
25d4abaf
a4836c1f
e91dfb7f
98343886
fbba1594
9811eb10
0b048c89
c829d9a3
90a5c58d
2a9a4167
346497bc
74fbda55
f99ecc2d
2374f820
32646518
6620751b
78e70a1a
ad24dfc8
ed655066
aa5fc992
3ed9a4a4
43e911c2
5bfd446a
9d7fc792
d43b1fd4
4ff942b4
9251dd03
97ccd69b
aee9b294
8fd4a7e9
7e18c5dd
b2c9870c
c7208518
27fe35f9
c96dce79
64f81328
b5392ca6
85193af0
eaaa11b3
bb189a5d
a23ea0f4
b2236764
073e8863
1062ec3a
f154d3c8
0e912d9e
4f7df9ef
f84c582f
1a79b0eb
a0fc1df9
4b26a758
6670ff7e
4a7f7591
3d6df917
cba45e30
4c2dbe21
86d59975
8a9f5288
79023f0f
e29bcfbe
f6e40308
a622310a
e063206b
09ae49dc
d2209b56
e80d4593
575fbc4c
ba1be8c7
276e0386
04c8b129
4f5e93bf
380e984b
8bf634c8
e08d5d9f
2ced9800
62572936
6944fb4e
33854b58
c72ec3cf
f5b2a0e4
94607653
cfe13bc6
fba87eca
7a59dab2
60f8fc95
92260720
0a87e661
3f3c15c4
0d1dabc6
b4c3c974
7048dfc2
1da5e95a
b151dabd
cac1c87e
8a0042b9
c8b351d2
f3a15256
e4942ac3
58433e85
cde3a8cc
a7b4e291
473d3322
ca79724e
6228ca96
143cd24b
40cb5b51
5f8cbea1
c347ab2d
f26017bc
e26a1117
a95c8753
0f698a88
f92a2714
04d7c7f0
791e8564
9ff8661d
f44a7f80
ccfe69fd
39f8eabd
b14445aa
07d23312
77ba2a8a
6f850c1f
0ed7e89c
8b463ebe
deaac636
4be4e500
3fd55ae2
05a34466
c8d9ecd1
5d357870
b55b2ccd
c89e712c
d1c5bc51
afba41b6
1612bc70
720f0b7e
ff70db0e
663c49c6
0f9b36c4
4133cec5
258524b0
a37fe319
bc817e77
fab52dd0
beef48b7
a8c9ea2b
2414dd4d
481970f3
a6e35df0
66fa509e
b1d95baa
cf26897c
df29c978
26d1f51b
1621bd62
10305924
798e416e
85d8ee5f
9a7b0896
965f1162
fa1e003b
7936dbd7
ebc134d1
66353dfc
f0d17a19
2dd48fd0
39f4e927
3edb32af
495123e8
c8aebabe
e0d7dd02
75858799
6bae6162
57cc26c3
b191c669
a2c8fa27
0c04d8c1
748adaaf
d43a8540
16ca2629
13eacaee
1c52d915
a97b0f0d
dbc3a340
5ad56635
34641abc
514be585
92913c78
16d2b817
7bdf671f
70a55ca1
bd133619
a1df05d1
6dc5a903
c4510b51
4250604c
85612b60
a1a217a6
898267ad
6b8307d6
64418f2a
e1385af8
a682d6ab
76aed880
1a6f45bf
a9c346b3
e3bd8119
204f9216
93aa5910
c98e9fd4
54f64f2e
3f6bf547
79a58166
f8ad91e2
18af61ea
66d92fc3
270ca433
c2d92336
314d9d49
de7b7b5b
931839b3
11ec6724
3c1d9da0
7a9294f4
298c1eb2
e11b787f
4c8f31d5
fc0d556f
82b359df
d8916e7b
5e90ee54
2813b0d9
9f1f447d
858b2915
f596d161
d8e6313c
c6f675dc
01f3ceba
7cb2e7a8
28b906eb
04e839f9
79341a52
b5bacacd
70808b3c
5d00422f
fdf4992d
b4f0c6e5
29aa2e93
e3776d4f
d50fce20
b5b0d0e5
5a28c153
02528a12
310c90da
c1e7ab71
a5bbb795
ba66b811
c1f17ac3
3b84df77
ad278702
e53ad5c1
4fd7ea00
e061da2b
bfbe2099
0e0a94af
cf7406e0
baac07b4
7109c9b9
4fe77966
b9b6c963
73c9bcee
cedf8644
fcf430af
26dc563f
2f67e672
a6903b66
9e69d898
0a2bce85
0c91b878
484a1357
4e3e3ea7
b4b9d012
59c13eaf
bc88d505
632ce431
0afdc764
f032d3ec
e3afdfab
130cc346
e7ec9874
e8a662a5
baa8cb5c
dba04d1d
9273079c
a29f255c
80a44e86
27e5cdbc
54125035
dc8b18df
4d8445f7
62622a2a
c3c84e99
897a7914
0d4bdd38
ab702f8e
7eb6a10e
f871bce5
32421973
5ce47965
aadea0a1
a79d4744
e1cddf3e
1f6c774b
a12eaea9
eb8d2e54
86b6a797
1ac9b815
94aad0f0
182242ea
5f9a7075
230fcf5f
866c078d
d5293ca3
a5199a5d
5c1c5ff4
2bb434a5
09388495
2cef2040
d40fc253
a4f33a51
b4960a2d
cfa18844
2b879510
fd9ac9c2
30f9a9f3
bd3ea910
6b8f3ede
06c3a674
33aef132
5c903936
2d6c494d
2cf2d68f
b242be5e
54a89fda
ad2c7213
4eae7724
891c5721
7cf6ad7d
827263f1
0f88ba17
01809832
425cff51
6b6080ca
144653b6
182f696e
5558ae0f
53b4a623
296416fb
dcdf47e6
b0502317
3261b8ce
aa773432
d2db1b0a
86fa7937
f24346f9
c9195d57
b4ca4dce
530d9d97
f75eb4c8
1933214b
de558706
b81b7bdc
3b729dec
712a18eb
74db5ff0
fb8f5c22
116990c7
4d5d4e9f
755547d8
686b08ef
27ab66d4
2549aeec
0210f266
97dbb548
cf2a7bd1
8a5364d9
3fcec01d
1e6f6c9b
8c72d9c5
3e085e60
8d4cd4c2
ed477a28
424d1e09
d005972f
3ee88dbf
c4b03810
