Info: Propagating clock constraints...
Info:     derived 200.0 MHz for net 'clk200_in' (through IBUFDS 'clk200_ibufds')
Info:     PLLE2_ADV 'pll': input 200.0 MHz, VCO 1000.0 MHz
Info:     derived 83.3 MHz for net 'ctrl_raw' (through PLLE2_ADV 'pll')
Info:     derived 333.3 MHz for net 'ddr_raw' (through PLLE2_ADV 'pll')
Info:     derived 200.0 MHz for net 'ref_raw' (through PLLE2_ADV 'pll')
Info:     derived 333.3 MHz for net 'ddr90_raw' (through PLLE2_ADV 'pll')
Info:     derived 1000.0 MHz for net 'pll_fb' (through PLLE2_ADV 'pll')
Info:     PLLE2_ADV 'pll': input 200.0 MHz, VCO 1000.0 MHz
Info: Packing constants..
Info: Inserting IO buffers..
Info:     IO port 'clk200_n' driven by IBUFDS 'clk200_ibufds'
Info:     IO port 'clk200_p' driven by IBUFDS 'clk200_ibufds'
Info:     IO port 'ddr3_cas_n' driven by OBUF '$iopadmap$tms_ddr3_ax7203.ddr3_cas_n'
Info:     IO port 'ddr3_ck_n' driven by OBUFDS 'ddr3.ddr3_phy_inst.genblk4.genblk1.OBUFDS_inst'
Info:     IO port 'ddr3_ck_p' driven by OBUFDS 'ddr3.ddr3_phy_inst.genblk4.genblk1.OBUFDS_inst'
Info:     IO port 'ddr3_cke' driven by OBUF '$iopadmap$tms_ddr3_ax7203.ddr3_cke'
Info:     IO port 'ddr3_cs_n' driven by OBUF '$iopadmap$tms_ddr3_ax7203.ddr3_cs_n'
Info:     IO port 'ddr3_odt' driven by OBUF '$iopadmap$tms_ddr3_ax7203.ddr3_odt'
Info:     IO port 'ddr3_ras_n' driven by OBUF '$iopadmap$tms_ddr3_ax7203.ddr3_ras_n'
Info:     IO port 'ddr3_reset_n' driven by OBUF '$iopadmap$tms_ddr3_ax7203.ddr3_reset_n'
Info:     IO port 'ddr3_we_n' driven by OBUF '$iopadmap$tms_ddr3_ax7203.ddr3_we_n'
Info:     IO port 'rst_n' driven by IBUF '$iopadmap$tms_ddr3_ax7203.rst_n'
Info:     IO port 'uart_tx' driven by OBUF '$iopadmap$tms_ddr3_ax7203.uart_tx'
Info:     IO port 'ddr3_addr[0]' driven by OBUF '$iopadmap$tms_ddr3_ax7203.ddr3_addr'
Info:     IO port 'ddr3_addr[1]' driven by OBUF '$iopadmap$tms_ddr3_ax7203.ddr3_addr_1'
Info:     IO port 'ddr3_addr[10]' driven by OBUF '$iopadmap$tms_ddr3_ax7203.ddr3_addr_10'
Info:     IO port 'ddr3_addr[11]' driven by OBUF '$iopadmap$tms_ddr3_ax7203.ddr3_addr_11'
Info:     IO port 'ddr3_addr[12]' driven by OBUF '$iopadmap$tms_ddr3_ax7203.ddr3_addr_12'
Info:     IO port 'ddr3_addr[13]' driven by OBUF '$iopadmap$tms_ddr3_ax7203.ddr3_addr_13'
Info:     IO port 'ddr3_addr[14]' driven by OBUF '$iopadmap$tms_ddr3_ax7203.ddr3_addr_14'
Info:     IO port 'ddr3_addr[2]' driven by OBUF '$iopadmap$tms_ddr3_ax7203.ddr3_addr_2'
Info:     IO port 'ddr3_addr[3]' driven by OBUF '$iopadmap$tms_ddr3_ax7203.ddr3_addr_3'
Info:     IO port 'ddr3_addr[4]' driven by OBUF '$iopadmap$tms_ddr3_ax7203.ddr3_addr_4'
Info:     IO port 'ddr3_addr[5]' driven by OBUF '$iopadmap$tms_ddr3_ax7203.ddr3_addr_5'
Info:     IO port 'ddr3_addr[6]' driven by OBUF '$iopadmap$tms_ddr3_ax7203.ddr3_addr_6'
Info:     IO port 'ddr3_addr[7]' driven by OBUF '$iopadmap$tms_ddr3_ax7203.ddr3_addr_7'
Info:     IO port 'ddr3_addr[8]' driven by OBUF '$iopadmap$tms_ddr3_ax7203.ddr3_addr_8'
Info:     IO port 'ddr3_addr[9]' driven by OBUF '$iopadmap$tms_ddr3_ax7203.ddr3_addr_9'
Info:     IO port 'ddr3_ba[0]' driven by OBUF '$iopadmap$tms_ddr3_ax7203.ddr3_ba'
Info:     IO port 'ddr3_ba[1]' driven by OBUF '$iopadmap$tms_ddr3_ax7203.ddr3_ba_1'
Info:     IO port 'ddr3_ba[2]' driven by OBUF '$iopadmap$tms_ddr3_ax7203.ddr3_ba_2'
Info:     IO port 'led[0]' driven by OBUF '$iopadmap$tms_ddr3_ax7203.led'
Info:     IO port 'led[1]' driven by OBUF '$iopadmap$tms_ddr3_ax7203.led_1'
Info:     IO port 'led[2]' driven by OBUF '$iopadmap$tms_ddr3_ax7203.led_2'
Info:     IO port 'led[3]' driven by OBUF '$iopadmap$tms_ddr3_ax7203.led_3'
Info:     IO port 'ddr3_dq[0]' driven by IOBUF 'ddr3.ddr3_phy_inst.genblk5[0].genblk1.IOBUF_data'
Info:     IO port 'ddr3_dq[10]' driven by IOBUF 'ddr3.ddr3_phy_inst.genblk5[10].genblk1.IOBUF_data'
Info:     IO port 'ddr3_dq[11]' driven by IOBUF 'ddr3.ddr3_phy_inst.genblk5[11].genblk1.IOBUF_data'
Info:     IO port 'ddr3_dq[12]' driven by IOBUF 'ddr3.ddr3_phy_inst.genblk5[12].genblk1.IOBUF_data'
Info:     IO port 'ddr3_dq[13]' driven by IOBUF 'ddr3.ddr3_phy_inst.genblk5[13].genblk1.IOBUF_data'
Info:     IO port 'ddr3_dq[14]' driven by IOBUF 'ddr3.ddr3_phy_inst.genblk5[14].genblk1.IOBUF_data'
Info:     IO port 'ddr3_dq[15]' driven by IOBUF 'ddr3.ddr3_phy_inst.genblk5[15].genblk1.IOBUF_data'
Info:     IO port 'ddr3_dq[1]' driven by IOBUF 'ddr3.ddr3_phy_inst.genblk5[1].genblk1.IOBUF_data'
Info:     IO port 'ddr3_dq[2]' driven by IOBUF 'ddr3.ddr3_phy_inst.genblk5[2].genblk1.IOBUF_data'
Info:     IO port 'ddr3_dq[3]' driven by IOBUF 'ddr3.ddr3_phy_inst.genblk5[3].genblk1.IOBUF_data'
Info:     IO port 'ddr3_dq[4]' driven by IOBUF 'ddr3.ddr3_phy_inst.genblk5[4].genblk1.IOBUF_data'
Info:     IO port 'ddr3_dq[5]' driven by IOBUF 'ddr3.ddr3_phy_inst.genblk5[5].genblk1.IOBUF_data'
Info:     IO port 'ddr3_dq[6]' driven by IOBUF 'ddr3.ddr3_phy_inst.genblk5[6].genblk1.IOBUF_data'
Info:     IO port 'ddr3_dq[7]' driven by IOBUF 'ddr3.ddr3_phy_inst.genblk5[7].genblk1.IOBUF_data'
Info:     IO port 'ddr3_dq[8]' driven by IOBUF 'ddr3.ddr3_phy_inst.genblk5[8].genblk1.IOBUF_data'
Info:     IO port 'ddr3_dq[9]' driven by IOBUF 'ddr3.ddr3_phy_inst.genblk5[9].genblk1.IOBUF_data'
Info:     IO port 'ddr3_dm[0]' driven by OBUF 'ddr3.ddr3_phy_inst.genblk6[0].genblk1.OBUF_dm'
Info:     IO port 'ddr3_dm[1]' driven by OBUF 'ddr3.ddr3_phy_inst.genblk6[1].genblk1.OBUF_dm'
Info:     IO port 'ddr3_dqs_p[0]' driven by IOBUFDS 'ddr3.ddr3_phy_inst.genblk7[0].genblk1.IOBUFDS_dqs'
Info:     IO port 'ddr3_dqs_n[0]' driven by IOBUFDS 'ddr3.ddr3_phy_inst.genblk7[0].genblk1.IOBUFDS_dqs'
Info:     IO port 'ddr3_dqs_p[1]' driven by IOBUFDS 'ddr3.ddr3_phy_inst.genblk7[1].genblk1.IOBUFDS_dqs'
Info:     IO port 'ddr3_dqs_n[1]' driven by IOBUFDS 'ddr3.ddr3_phy_inst.genblk7[1].genblk1.IOBUFDS_dqs'
Info:     Constraining 'clk200_n' to site 'IOB_X1Y123'
Info:     Tile 'RIOB33_X105Y123'
Info:     Constraining 'clk200_p' to site 'IOB_X1Y124'
Info:     Tile 'RIOB33_X105Y123'
Info:     Constraining 'ddr3_cas_n' to site 'IOB_X1Y125'
Info:     Tile 'RIOB33_X105Y125'
Info:     Constraining 'ddr3_ck_n' to site 'IOB_X1Y143'
Info:     Tile 'RIOB33_X105Y143'
Info:     Constraining 'ddr3_ck_p' to site 'IOB_X1Y144'
Info:     Tile 'RIOB33_X105Y143'
Info:     Constraining 'ddr3_cke' to site 'IOB_X1Y122'
Info:     Tile 'RIOB33_X105Y121'
Info:     Constraining 'ddr3_cs_n' to site 'IOB_X1Y134'
Info:     Tile 'RIOB33_X105Y133'
Info:     Constraining 'ddr3_odt' to site 'IOB_X1Y121'
Info:     Tile 'RIOB33_X105Y121'
Info:     Constraining 'ddr3_ras_n' to site 'IOB_X1Y126'
Info:     Tile 'RIOB33_X105Y125'
Info:     Constraining 'ddr3_reset_n' to site 'IOB_X1Y120'
Info:     Tile 'RIOB33_X105Y119'
Info:     Constraining 'ddr3_we_n' to site 'IOB_X1Y136'
Info:     Tile 'RIOB33_X105Y135'
Info:     Constraining 'rst_n' to site 'IOB_X1Y115'
Info:     Tile 'RIOB33_X105Y115'
Info:     Constraining 'uart_tx' to site 'IOB_X0Y100'
Info:     Tile 'LIOB33_SING_X0Y100'
Info:     Constraining 'ddr3_addr[0]' to site 'IOB_X1Y127'
Info:     Tile 'RIOB33_X105Y127'
Info:     Constraining 'ddr3_addr[1]' to site 'IOB_X1Y133'
Info:     Tile 'RIOB33_X105Y133'
Info:     Constraining 'ddr3_addr[10]' to site 'IOB_X1Y139'
Info:     Tile 'RIOB33_X105Y139'
Info:     Constraining 'ddr3_addr[11]' to site 'IOB_X1Y142'
Info:     Tile 'RIOB33_X105Y141'
Info:     Constraining 'ddr3_addr[12]' to site 'IOB_X1Y141'
Info:     Tile 'RIOB33_X105Y141'
Info:     Constraining 'ddr3_addr[13]' to site 'IOB_X1Y147'
Info:     Tile 'RIOB33_X105Y147'
Info:     Constraining 'ddr3_addr[14]' to site 'IOB_X1Y137'
Info:     Tile 'RIOB33_X105Y137'
Info:     Constraining 'ddr3_addr[2]' to site 'IOB_X1Y130'
Info:     Tile 'RIOB33_X105Y129'
Info:     Constraining 'ddr3_addr[3]' to site 'IOB_X1Y129'
Info:     Tile 'RIOB33_X105Y129'
Info:     Constraining 'ddr3_addr[4]' to site 'IOB_X1Y135'
Info:     Tile 'RIOB33_X105Y135'
Info:     Constraining 'ddr3_addr[5]' to site 'IOB_X1Y138'
Info:     Tile 'RIOB33_X105Y137'
Info:     Constraining 'ddr3_addr[6]' to site 'IOB_X1Y140'
Info:     Tile 'RIOB33_X105Y139'
Info:     Constraining 'ddr3_addr[7]' to site 'IOB_X1Y148'
Info:     Tile 'RIOB33_X105Y147'
Info:     Constraining 'ddr3_addr[8]' to site 'IOB_X1Y145'
Info:     Tile 'RIOB33_X105Y145'
Info:     Constraining 'ddr3_addr[9]' to site 'IOB_X1Y146'
Info:     Tile 'RIOB33_X105Y145'
Info:     Constraining 'ddr3_ba[0]' to site 'IOB_X1Y131'
Info:     Tile 'RIOB33_X105Y131'
Info:     Constraining 'ddr3_ba[1]' to site 'IOB_X1Y132'
Info:     Tile 'RIOB33_X105Y131'
Info:     Constraining 'ddr3_ba[2]' to site 'IOB_X1Y128'
Info:     Tile 'RIOB33_X105Y127'
Info:     Constraining 'led[0]' to site 'IOB_X0Y233'
Info:     Tile 'LIOB33_X0Y233'
Info:     Constraining 'led[1]' to site 'IOB_X0Y234'
Info:     Tile 'LIOB33_X0Y233'
Info:     Constraining 'led[2]' to site 'IOB_X0Y238'
Info:     Tile 'LIOB33_X0Y237'
Info:     Constraining 'led[3]' to site 'IOB_X0Y237'
Info:     Tile 'LIOB33_X0Y237'
Info:     Constraining 'ddr3_dq[0]' to site 'IOB_X1Y196'
Info:     Tile 'RIOB33_X105Y195'
Info:     Constraining 'ddr3_dq[10]' to site 'IOB_X1Y184'
Info:     Tile 'RIOB33_X105Y183'
Info:     Constraining 'ddr3_dq[11]' to site 'IOB_X1Y179'
Info:     Tile 'RIOB33_X105Y179'
Info:     Constraining 'ddr3_dq[12]' to site 'IOB_X1Y185'
Info:     Tile 'RIOB33_X105Y185'
Info:     Constraining 'ddr3_dq[13]' to site 'IOB_X1Y180'
Info:     Tile 'RIOB33_X105Y179'
Info:     Constraining 'ddr3_dq[14]' to site 'IOB_X1Y186'
Info:     Tile 'RIOB33_X105Y185'
Info:     Constraining 'ddr3_dq[15]' to site 'IOB_X1Y176'
Info:     Tile 'RIOB33_X105Y175'
Info:     Constraining 'ddr3_dq[1]' to site 'IOB_X1Y190'
Info:     Tile 'RIOB33_X105Y189'
Info:     Constraining 'ddr3_dq[2]' to site 'IOB_X1Y197'
Info:     Tile 'RIOB33_X105Y197'
Info:     Constraining 'ddr3_dq[3]' to site 'IOB_X1Y188'
Info:     Tile 'RIOB33_X105Y187'
Info:     Constraining 'ddr3_dq[4]' to site 'IOB_X1Y195'
Info:     Tile 'RIOB33_X105Y195'
Info:     Constraining 'ddr3_dq[5]' to site 'IOB_X1Y189'
Info:     Tile 'RIOB33_X105Y189'
Info:     Constraining 'ddr3_dq[6]' to site 'IOB_X1Y198'
Info:     Tile 'RIOB33_X105Y197'
Info:     Constraining 'ddr3_dq[7]' to site 'IOB_X1Y192'
Info:     Tile 'RIOB33_X105Y191'
Info:     Constraining 'ddr3_dq[8]' to site 'IOB_X1Y178'
Info:     Tile 'RIOB33_X105Y177'
Info:     Constraining 'ddr3_dq[9]' to site 'IOB_X1Y177'
Info:     Tile 'RIOB33_X105Y177'
Info:     Constraining 'ddr3_dm[0]' to site 'IOB_X1Y191'
Info:     Tile 'RIOB33_X105Y191'
Info:     Constraining 'ddr3_dm[1]' to site 'IOB_X1Y183'
Info:     Tile 'RIOB33_X105Y183'
Info:     Constraining 'ddr3_dqs_p[0]' to site 'IOB_X1Y194'
Info:     Tile 'RIOB33_X105Y193'
Info:     Constraining 'ddr3_dqs_n[0]' to site 'IOB_X1Y193'
Info:     Tile 'RIOB33_X105Y193'
Info:     Constraining 'ddr3_dqs_p[1]' to site 'IOB_X1Y182'
Info:     Tile 'RIOB33_X105Y181'
Info:     Constraining 'ddr3_dqs_n[1]' to site 'IOB_X1Y181'
Info:     Tile 'RIOB33_X105Y181'
Info: Generating output buffer for '$iopadmap$tms_ddr3_ax7203.ddr3_cas_n'
Info: Generating output buffer for '$iopadmap$tms_ddr3_ax7203.ddr3_cke'
Info: Generating output buffer for '$iopadmap$tms_ddr3_ax7203.ddr3_cs_n'
Info: Generating output buffer for '$iopadmap$tms_ddr3_ax7203.ddr3_odt'
Info: Generating output buffer for '$iopadmap$tms_ddr3_ax7203.ddr3_ras_n'
Info: Generating output buffer for '$iopadmap$tms_ddr3_ax7203.ddr3_reset_n'
Info: Generating output buffer for '$iopadmap$tms_ddr3_ax7203.ddr3_we_n'
Info: Generating input buffer for '$iopadmap$tms_ddr3_ax7203.rst_n'
Info: Generating output buffer for '$iopadmap$tms_ddr3_ax7203.uart_tx'
Info: Generating output buffer for '$iopadmap$tms_ddr3_ax7203.ddr3_addr'
Info: Generating output buffer for '$iopadmap$tms_ddr3_ax7203.ddr3_addr_1'
Info: Generating output buffer for '$iopadmap$tms_ddr3_ax7203.ddr3_addr_10'
Info: Generating output buffer for '$iopadmap$tms_ddr3_ax7203.ddr3_addr_11'
Info: Generating output buffer for '$iopadmap$tms_ddr3_ax7203.ddr3_addr_12'
Info: Generating output buffer for '$iopadmap$tms_ddr3_ax7203.ddr3_addr_13'
Info: Generating output buffer for '$iopadmap$tms_ddr3_ax7203.ddr3_addr_14'
Info: Generating output buffer for '$iopadmap$tms_ddr3_ax7203.ddr3_addr_2'
Info: Generating output buffer for '$iopadmap$tms_ddr3_ax7203.ddr3_addr_3'
Info: Generating output buffer for '$iopadmap$tms_ddr3_ax7203.ddr3_addr_4'
Info: Generating output buffer for '$iopadmap$tms_ddr3_ax7203.ddr3_addr_5'
Info: Generating output buffer for '$iopadmap$tms_ddr3_ax7203.ddr3_addr_6'
Info: Generating output buffer for '$iopadmap$tms_ddr3_ax7203.ddr3_addr_7'
Info: Generating output buffer for '$iopadmap$tms_ddr3_ax7203.ddr3_addr_8'
Info: Generating output buffer for '$iopadmap$tms_ddr3_ax7203.ddr3_addr_9'
Info: Generating output buffer for '$iopadmap$tms_ddr3_ax7203.ddr3_ba'
Info: Generating output buffer for '$iopadmap$tms_ddr3_ax7203.ddr3_ba_1'
Info: Generating output buffer for '$iopadmap$tms_ddr3_ax7203.ddr3_ba_2'
Info: Generating output buffer for '$iopadmap$tms_ddr3_ax7203.led'
Info: Generating output buffer for '$iopadmap$tms_ddr3_ax7203.led_1'
Info: Generating output buffer for '$iopadmap$tms_ddr3_ax7203.led_2'
Info: Generating output buffer for '$iopadmap$tms_ddr3_ax7203.led_3'
Info: Generating input buffer for 'ddr3.ddr3_phy_inst.genblk5[0].genblk1.IOBUF_data'
Info: Generating output buffer for 'ddr3.ddr3_phy_inst.genblk5[0].genblk1.IOBUF_data'
Info: Generating input buffer for 'ddr3.ddr3_phy_inst.genblk5[10].genblk1.IOBUF_data'
Info: Generating output buffer for 'ddr3.ddr3_phy_inst.genblk5[10].genblk1.IOBUF_data'
Info: Generating input buffer for 'ddr3.ddr3_phy_inst.genblk5[11].genblk1.IOBUF_data'
Info: Generating output buffer for 'ddr3.ddr3_phy_inst.genblk5[11].genblk1.IOBUF_data'
Info: Generating input buffer for 'ddr3.ddr3_phy_inst.genblk5[12].genblk1.IOBUF_data'
Info: Generating output buffer for 'ddr3.ddr3_phy_inst.genblk5[12].genblk1.IOBUF_data'
Info: Generating input buffer for 'ddr3.ddr3_phy_inst.genblk5[13].genblk1.IOBUF_data'
Info: Generating output buffer for 'ddr3.ddr3_phy_inst.genblk5[13].genblk1.IOBUF_data'
Info: Generating input buffer for 'ddr3.ddr3_phy_inst.genblk5[14].genblk1.IOBUF_data'
Info: Generating output buffer for 'ddr3.ddr3_phy_inst.genblk5[14].genblk1.IOBUF_data'
Info: Generating input buffer for 'ddr3.ddr3_phy_inst.genblk5[15].genblk1.IOBUF_data'
Info: Generating output buffer for 'ddr3.ddr3_phy_inst.genblk5[15].genblk1.IOBUF_data'
Info: Generating input buffer for 'ddr3.ddr3_phy_inst.genblk5[1].genblk1.IOBUF_data'
Info: Generating output buffer for 'ddr3.ddr3_phy_inst.genblk5[1].genblk1.IOBUF_data'
Info: Generating input buffer for 'ddr3.ddr3_phy_inst.genblk5[2].genblk1.IOBUF_data'
Info: Generating output buffer for 'ddr3.ddr3_phy_inst.genblk5[2].genblk1.IOBUF_data'
Info: Generating input buffer for 'ddr3.ddr3_phy_inst.genblk5[3].genblk1.IOBUF_data'
Info: Generating output buffer for 'ddr3.ddr3_phy_inst.genblk5[3].genblk1.IOBUF_data'
Info: Generating input buffer for 'ddr3.ddr3_phy_inst.genblk5[4].genblk1.IOBUF_data'
Info: Generating output buffer for 'ddr3.ddr3_phy_inst.genblk5[4].genblk1.IOBUF_data'
Info: Generating input buffer for 'ddr3.ddr3_phy_inst.genblk5[5].genblk1.IOBUF_data'
Info: Generating output buffer for 'ddr3.ddr3_phy_inst.genblk5[5].genblk1.IOBUF_data'
Info: Generating input buffer for 'ddr3.ddr3_phy_inst.genblk5[6].genblk1.IOBUF_data'
Info: Generating output buffer for 'ddr3.ddr3_phy_inst.genblk5[6].genblk1.IOBUF_data'
Info: Generating input buffer for 'ddr3.ddr3_phy_inst.genblk5[7].genblk1.IOBUF_data'
Info: Generating output buffer for 'ddr3.ddr3_phy_inst.genblk5[7].genblk1.IOBUF_data'
Info: Generating input buffer for 'ddr3.ddr3_phy_inst.genblk5[8].genblk1.IOBUF_data'
Info: Generating output buffer for 'ddr3.ddr3_phy_inst.genblk5[8].genblk1.IOBUF_data'
Info: Generating input buffer for 'ddr3.ddr3_phy_inst.genblk5[9].genblk1.IOBUF_data'
Info: Generating output buffer for 'ddr3.ddr3_phy_inst.genblk5[9].genblk1.IOBUF_data'
Info: Generating output buffer for 'ddr3.ddr3_phy_inst.genblk6[0].genblk1.OBUF_dm'
Info: Generating output buffer for 'ddr3.ddr3_phy_inst.genblk6[1].genblk1.OBUF_dm'
Info:     Created 3 INVERTER cells from:
Info:              3x INV
Info:     Created 57 PAD cells from:
Info:             57x PAD
Info: Preparing clocking...
Info: Packing constants..
Info: Packing cfg...
Info: Packing PLLs...
Info:     Constrained PLLE2_ADV_PLLE2_ADV 'pll' to bel 'PLLE2_ADV_X1Y2/PLLE2_ADV' based on dedicated routing
Info:     PLL/MMCM: disconnected 28 const DRP/control pins (Vivado leaves them unrouted)
Info: Packing Gigabit Transceivers..
Info: Packing global buffers...
Info:     Constrained BUFGCTRL 'clk_ctrl_bufg' to bel 'BUFGCTRL_X0Y0/BUFGCTRL' based on dedicated routing
Info:     Constrained BUFGCTRL 'clk_ddr_90_bufg' to bel 'BUFGCTRL_X0Y1/BUFGCTRL' based on dedicated routing
Info:     Constrained BUFGCTRL 'clk_ddr_bufg' to bel 'BUFGCTRL_X0Y2/BUFGCTRL' based on dedicated routing
Info:     Constrained BUFGCTRL 'clk_ref_bufg' to bel 'BUFGCTRL_X0Y3/BUFGCTRL' based on dedicated routing
Info: Packing MUX[789]s..
Info: Packing carries (atomic CARRY4)..
Info:    Packed 574 CARRY4 cells into 183 chains (atomic).
Info: router2 PRECYINIT fix: 574 CARRY4 cells, 725 constant carry pins disconnected
Info:    Carry-O relocation: 18 sum(s) duplicated, 18 CARRY4 split(s), 0 bit(s) skipped (unrelocatable)
Info: Packing LUTs..
Info:     Created 15486 SLICE_LUTX cells from:
Info:           4325x LUT1
Info:           2792x LUT2
Info:           2136x LUT3
Info:           1630x LUT4
Info:           3257x LUT5
Info:           1346x LUT6
Info: Packing DRAM..
Info:    Transformed 0 tied-low DRAM address inputs to be tied-high
Info: Packing BRAM..
Info: Packing DSPs..
Info: Packing flipflops..
Info:     Created 6899 SLICE_FFX cells from:
Info:           4622x FDCE
Info:             16x FDPE
Info:           2236x FDRE
Info:             25x FDSE
Info:     local-const FF control: disconnected 89 SR(=GND) + 3985 CE(=VCC) pins from global nets
Info:     Created 28 SELMUX2_1 cells from:
Info:             27x MUXF7
Info:              1x MUXF8
Info: Constrained 3772 LUTFF pairs.

Info: Annotating ports with timing budgets for target frequency 12.00 MHz
Info: Checksum: 0x1b3f90aa

Info: Device utilisation:
Info: 	          SLICE_LUTX: 15486/269200     5%
Info: 	           SLICE_FFX:  6899/269200     2%
Info: 	              CARRY4:   592/33650     1%
Info: 	          PSEUDO_GND:     1/69165     0%
Info: 	          PSEUDO_VCC:     1/69165     0%
Info: 	               HARD0:     0/ 3960     0%
Info: 	            RAMB18E1:     0/  730     0%
Info: 	            FIFO18E1:     0/  365     0%
Info: 	        RAMBFIFO36E1:     0/  365     0%
Info: 	            RAMB36E1:     0/  365     0%
Info: 	             DSP48E1:     0/  740     0%
Info: 	                 PAD:    57/ 1062     5%
Info: 	       IOB33M_OUTBUF:     3/  240     1%
Info: 	       IOB33S_OUTBUF:     3/  240     1%
Info: 	        IOB33_OUTBUF:    48/  500     9%
Info: 	     IOB33M_INBUF_EN:     3/  240     1%
Info: 	     IOB33S_INBUF_EN:     0/  240     0%
Info: 	      IOB33_INBUF_EN:    17/  500     3%
Info: 	IOB33M_TERM_OVERRIDE:     0/  240     0%
Info: 	IOB33S_TERM_OVERRIDE:     0/  240     0%
Info: 	 IOB33_TERM_OVERRIDE:     0/  500     0%
Info: 	       PULL_OR_KEEP1:     0/  980     0%
Info: 	            IDELAYE2:    18/  500     3%
Info: 	        OLOGICE3_TFF:     0/  500     0%
Info: 	      OLOGICE3_OUTFF:     0/  500     0%
Info: 	       OLOGICE3_MISR:     0/  500     0%
Info: 	           OSERDESE2:    45/  500     9%
Info: 	        ILOGICE3_IFF:     0/  500     0%
Info: 	ILOGICE3_ZHOLD_DELAY:     0/  500     0%
Info: 	           ISERDESE2:    18/  500     3%
Info: 	                BUFR:     0/   40     0%
Info: 	               BUFIO:     0/   40     0%
Info: 	          IDELAYCTRL:     1/   10    10%
Info: 	            BUFGCTRL:     4/   32    12%
Info: 	            PCIE_2_1:     0/    1     0%
Info: 	               BSCAN:     0/    4     0%
Info: 	                BUFG:     0/   32     0%
Info: 	              BUFHCE:     0/  120     0%
Info: 	            DCIRESET:     0/    1     0%
Info: 	            DNA_PORT:     0/    1     0%
Info: 	           EFUSE_USR:     0/    1     0%
Info: 	           FRAME_ECC:     0/    1     0%
Info: 	       GTPE2_CHANNEL:     0/   16     0%
Info: 	        GTPE2_COMMON:     0/    4     0%
Info: 	         IBUFDS_GTE2:     0/    8     0%
Info: 	                ICAP:     0/    2     0%
Info: 	            INVERTER:     3/  240     1%
Info: 	          MMCME2_ADV:     0/   10     0%
Info: 	        OLOGICE2_TFF:     0/  500     0%
Info: 	      OLOGICE2_OUTFF:     0/  500     0%
Info: 	           PLLE2_ADV:     1/   10    10%
Info: 	           SELMUX2_1:    28/102950     0%
Info: 	             STARTUP:     0/    1     0%
Info: 	          USR_ACCESS:     0/    1     0%
Info: 	              BUFFER:     0/   82     0%
Info: 	        ILOGICE2_IFF:     0/  500     0%
Info: 	       OLOGICE2_MISR:     0/  500     0%

Info: HeAP congestion knobs: beta=0.400 spread_scale=2,1 alpha=0.080
Info: Placed 221 cells based on constraints.
Info: Creating initial analytic placement for 13697 cells, random placement wirelen = 5404190.
Info:     at initial placer iter 0, wirelen = 44796
Info:     at initial placer iter 1, wirelen = 41398
Info:     at initial placer iter 2, wirelen = 40694
Info:     at initial placer iter 3, wirelen = 40081
Info: Running main analytical placer.
Info:     at iteration #1, type ALL: wirelen solved = 40042, spread = 704161, legal = 710322; time = 0.31s
Info:     at iteration #2, type ALL: wirelen solved = 100364, spread = 485974, legal = 490801; time = 0.35s
Info:     at iteration #3, type ALL: wirelen solved = 132672, spread = 420533, legal = 426069; time = 0.32s
Info:     at iteration #4, type ALL: wirelen solved = 153544, spread = 322673, legal = 335934; time = 0.31s
Info:     at iteration #5, type ALL: wirelen solved = 164246, spread = 348337, legal = 356334; time = 0.27s
Info:     at iteration #6, type ALL: wirelen solved = 171865, spread = 399071, legal = 401054; time = 0.28s
Info:     at iteration #7, type ALL: wirelen solved = 186111, spread = 330820, legal = 335078; time = 0.27s
Info:     at iteration #8, type ALL: wirelen solved = 188148, spread = 297629, legal = 309716; time = 0.27s
Info:     at iteration #9, type ALL: wirelen solved = 192416, spread = 329648, legal = 334933; time = 0.27s
Info:     at iteration #10, type ALL: wirelen solved = 199986, spread = 323772, legal = 327068; time = 0.27s
Info:     at iteration #11, type ALL: wirelen solved = 207136, spread = 282801, legal = 286193; time = 0.26s
Info:     at iteration #12, type ALL: wirelen solved = 209218, spread = 301383, legal = 307269; time = 0.27s
Info:     at iteration #13, type ALL: wirelen solved = 212433, spread = 318655, legal = 322356; time = 0.26s
Info:     at iteration #14, type ALL: wirelen solved = 221451, spread = 291378, legal = 299445; time = 0.26s
Info:     at iteration #15, type ALL: wirelen solved = 224752, spread = 313944, legal = 320620; time = 0.25s
Info:     at iteration #16, type ALL: wirelen solved = 240623, spread = 337513, legal = 339578; time = 0.26s
Info: HeAP Placer Time: 6.85s
Info:   of which solving equations: 3.32s
Info:   of which spreading cells: 0.80s
Info:   of which strict legalisation: 0.92s

Info: Running simulated annealing placer for refinement.
Info:   at iteration #1: temp = 0.000000, timing cost = 790, wirelen = 286193
Info:   at iteration #5: temp = 0.000000, timing cost = 430, wirelen = 272634
Info:   at iteration #10: temp = 0.000000, timing cost = 413, wirelen = 271676
Info:   at iteration #15: temp = 0.000000, timing cost = 409, wirelen = 271495
Info:   at iteration #18: temp = 0.000000, timing cost = 408, wirelen = 271448 
Info: SA placement time 10.89s

Info: Max frequency for clock 'clk_ctrl': 69.63 MHz (FAIL at 83.33 MHz)

Info: Slack histogram:
Info:  legend: * represents 34 endpoint(s)
Info:          + represents [1,34) endpoint(s)
Info: [ -2361,  -1652) |+
Info: [ -1652,   -943) |+
Info: [  -943,   -234) |+
Info: [  -234,    475) |+
Info: [   475,   1184) |+
Info: [  1184,   1893) |*+
Info: [  1893,   2602) |*************+
Info: [  2602,   3311) |***********************+
Info: [  3311,   4020) |**********************+
Info: [  4020,   4729) |*************************+
Info: [  4729,   5438) |****************************+
Info: [  5438,   6147) |*************************+
Info: [  6147,   6856) |****************+
Info: [  6856,   7565) |***************************+
Info: [  7565,   8274) |********************************************************+
Info: [  8274,   8983) |*********************************************************+
Info: [  8983,   9692) |************************************************************ 
Info: [  9692,  10401) |**********************************************+
Info: [ 10401,  11110) |**********************************+
Info: [ 11110,  11819) |*******************************+
Info: Checksum: 0x420643a1
Info: Running post-placement legalisation...
Info: post-place repair: relocated 5458 stranded cluster(s)/cell(s) to valid bels
Info: Routing global clocks...
Info:     routing clock 'clk_ddr'
Info:     routing clock 'clk_ctrl'
Info:     routing clock 'clk200_in'
Info:     routing clock 'ctrl_raw'
Info:     routing clock 'ddr90_raw'
Info:     routing clock 'clk_ddr_90'
Info:     routing clock 'ddr_raw'
Info:     routing clock 'ref_raw'
Info:     routing clock 'clk_ref'
Info: Running router2...
Info: Setting up routing resources...
Info: Adopted 7066 pre-routed arc(s)
Info: Running main router loop...
Info:     iter=1 wires=335090 overused=11655 overuse=11988 archfail=NA
Info:     iter=2 wires=343264 overused=35 overuse=35 archfail=NA
Info:     iter=3 wires=343304 overused=0 overuse=0 archfail=0
Info: 1000 slowest nets by runtime:
                  $techmap672538$auto$abc_ops_reintegrate.cc:611:reintegrate$667701.A[1]    512 766.0ms
        $techmap$techmap236243$auto$ff.cc:337:slice$155290.$auto$abc9_ops.cc:411:prep_bypass$236168.CLR   4444 668.8ms
                                                                              ddr3.reset   2167 485.6ms
                                                                   reader.reader.advance   1024 483.4ms
                                            $techmap239025$auto$ff.cc:337:slice$113567.D    517 347.5ms
                                                                    reader.reader.rd_ack    289 325.0ms
                                                                              pll_locked      2 281.6ms
                                         $techmap680220$abc$665779$lut$aiger$o23413.A[3]    489 281.0ms
                                                                            recalibrated      1 242.4ms
                  $techmap673727$auto$abc_ops_reintegrate.cc:611:reintegrate$666965.A[3]    192 228.7ms
                                    $techmap674720$abc$665779$lut$aiger665778$26471.A[2]     45 219.0ms
                                        ddr3.ddr3_controller_inst.data_start_index[0][6]    105 197.8ms
                  $techmap673727$auto$abc_ops_reintegrate.cc:611:reintegrate$666965.A[2]    191 197.1ms
                                    $techmap673748$abc$665779$lut$aiger665778$20613.A[3]    118 192.4ms
                                        ddr3.ddr3_controller_inst.data_start_index[1][4]    208 188.9ms
                                                                      reader.reader.s6_v    309 166.2ms
                                                    ddr3.ddr3_controller_inst.late_dq[0]    197 164.3ms
                                    $techmap673751$abc$665779$lut$aiger665778$20624.A[4]     73 162.7ms
                                    $techmap674716$abc$665779$lut$aiger665778$26460.A[2]     44 160.3ms
                  $techmap674020$auto$abc_ops_reintegrate.cc:611:reintegrate$666947.A[3]     94 150.8ms
                                    $techmap674716$abc$665779$lut$aiger665778$26460.A[3]     44 148.4ms
                                    $techmap673753$abc$665779$lut$aiger665778$20629.A[1]     88 144.5ms
                                    $techmap673753$abc$665779$lut$aiger665778$20629.A[2]     65 143.7ms
                                                 ddr3.ddr3_controller_inst.stage2_update    158 138.3ms
                  $techmap674058$auto$abc_ops_reintegrate.cc:611:reintegrate$666941.A[2]     98 137.1ms
                  $techmap674600$auto$abc_ops_reintegrate.cc:611:reintegrate$666900.A[0]     78 135.5ms
                  $techmap677974$auto$abc_ops_reintegrate.cc:611:reintegrate$666239.A[2]     66 135.2ms
                                         $techmap682895$abc$665779$lut$aiger$o17364.A[2]    136 133.6ms
                                                                                    s_go     64 132.2ms
                                                          ddr3.ddr3_controller_inst.lane    133 130.4ms
                                        ddr3.ddr3_controller_inst.data_start_index[1][2]    147 130.4ms
                  $techmap673772$auto$abc_ops_reintegrate.cc:611:reintegrate$666960.A[2]     54 129.8ms
                                            $techmap240855$auto$ff.cc:337:slice$102215.D     84 128.0ms
                  $techmap676110$auto$abc_ops_reintegrate.cc:611:reintegrate$666645.A[1]     82 127.4ms
                                              ddr3.ddr3_controller_inst.stage2_bank_d[0]     44 121.3ms
                                        ddr3.ddr3_controller_inst.data_start_index[1][1]    168 115.9ms
                                $abc$665779$auto$simple.cc:210:make_patterns_logic$83920    141 115.5ms
                                         $techmap674690$abc$665779$lut$aiger$o17570.A[0]     88 115.0ms
                                                                          calib_complete     18 114.5ms
                                    $techmap674091$abc$665779$lut$aiger665778$22985.A[0]    115 113.3ms
                                $abc$665779$auto$simple.cc:210:make_patterns_logic$84111     72 108.8ms
                                                ddr3.ddr3_controller_inst.stage1_bank[1]     54 108.5ms
                  $techmap676542$auto$abc_ops_reintegrate.cc:611:reintegrate$666528.A[0]     44 108.0ms
                  $techmap673387$auto$abc_ops_reintegrate.cc:611:reintegrate$667115.A[1]     68 106.5ms
                  $techmap673387$auto$abc_ops_reintegrate.cc:611:reintegrate$667115.A[0]     62 105.4ms
                  $techmap675753$auto$abc_ops_reintegrate.cc:611:reintegrate$666726.A[1]     79 105.0ms
                                                ddr3.ddr3_controller_inst.stage1_bank[0]     54 104.9ms
                  $techmap674735$auto$abc_ops_reintegrate.cc:611:reintegrate$666890.A[0]    111 97.5ms
                                                             ddr3.ddr3_phy_inst.sync_rst     64 97.4ms
                                        ddr3.ddr3_controller_inst.data_start_index[1][6]    107 96.5ms
                                         $techmap682894$abc$665779$lut$aiger$o16398.A[2]     76 94.8ms
                  $techmap675340$auto$abc_ops_reintegrate.cc:611:reintegrate$666812.A[2]     74 94.7ms
                                                                                     rst    194 92.3ms
                                        ddr3.ddr3_controller_inst.data_start_index[1][5]    112 89.8ms
                  $techmap674071$auto$abc_ops_reintegrate.cc:611:reintegrate$666940.A[0]    193 86.7ms
                                                    ddr3.ddr3_controller_inst.late_dq[1]    196 83.4ms
                                              ddr3.ddr3_controller_inst.write_pattern[0]     48 82.7ms
                                        ddr3.ddr3_controller_inst.data_start_index[0][3]    181 82.3ms
                                                 ddr3.ddr3_controller_inst.index_wb_data    129 80.9ms
                                        ddr3.ddr3_controller_inst.data_start_index[0][4]    211 80.2ms
                                         $techmap674599$abc$665779$lut$aiger$o17609.A[1]     76 79.6ms
                  $techmap676523$auto$abc_ops_reintegrate.cc:611:reintegrate$666534.A[0]     50 79.5ms
                                $abc$665779$auto$simple.cc:210:make_patterns_logic$84305     71 78.1ms
                                        ddr3.ddr3_controller_inst.data_start_index[0][1]    170 77.5ms
                  $techmap674015$auto$abc_ops_reintegrate.cc:611:reintegrate$666949.A[5]     57 77.2ms
                                        ddr3.ddr3_controller_inst.data_start_index[1][3]    168 76.9ms
                  $techmap673073$auto$abc_ops_reintegrate.cc:611:reintegrate$667287.A[1]     43 76.7ms
                                         $techmap680398$abc$665779$lut$aiger$o22116.A[0]     64 76.3ms
                                        ddr3.ddr3_controller_inst.data_start_index[0][2]    146 75.5ms
                                    $techmap674093$abc$665779$lut$aiger665778$22999.A[0]    109 73.8ms
                                        ddr3.ddr3_controller_inst.data_start_index[0][5]    110 73.1ms
                                        ddr3.ddr3_controller_inst.data_start_index[0][0]    105 69.4ms
                                        ddr3.ddr3_controller_inst.data_start_index[1][0]    108 67.5ms
                  $techmap674120$auto$abc_ops_reintegrate.cc:611:reintegrate$666939.A[0]    105 67.4ms
                  $techmap677870$auto$abc_ops_reintegrate.cc:611:reintegrate$666250.A[0]     53 67.2ms
                  $techmap676450$auto$abc_ops_reintegrate.cc:611:reintegrate$666553.A[1]     46 66.3ms
                                    $techmap674081$abc$665779$lut$aiger665778$22966.A[0]     45 65.7ms
                  $techmap673356$auto$abc_ops_reintegrate.cc:611:reintegrate$667121.A[0]     79 65.3ms
                                         $techmap673725$abc$665779$lut$aiger$o18073.A[2]     63 64.8ms
                  $techmap674131$auto$abc_ops_reintegrate.cc:611:reintegrate$666933.A[1]     72 64.4ms
                  $techmap674600$auto$abc_ops_reintegrate.cc:611:reintegrate$666900.A[3]     49 62.7ms
                  $techmap677532$auto$abc_ops_reintegrate.cc:611:reintegrate$666312.A[1]     47 62.1ms
                  $techmap672967$auto$abc_ops_reintegrate.cc:611:reintegrate$667338.A[1]     44 61.8ms
                                            $techmap237410$auto$ff.cc:337:slice$121007.D     67 59.7ms
                  $techmap673122$auto$abc_ops_reintegrate.cc:611:reintegrate$667274.A[1]     48 59.5ms
                                    $techmap673757$abc$665779$lut$aiger665778$20638.A[3]     53 59.2ms
                  $techmap673098$auto$abc_ops_reintegrate.cc:611:reintegrate$667281.A[1]     47 58.7ms
                  $techmap678212$auto$abc_ops_reintegrate.cc:611:reintegrate$666191.A[1]     44 58.6ms
                  $techmap676450$auto$abc_ops_reintegrate.cc:611:reintegrate$666553.A[0]     47 57.8ms
                                                                                 tx_busy     77 57.2ms
                                    $techmap674087$abc$665779$lut$aiger665778$22974.A[0]     47 55.6ms
                                    $techmap674070$abc$665779$lut$aiger665778$22952.A[0]     43 51.6ms
        $flatten\ddr3.\ddr3_controller_inst.$shiftx$build/uberddr3/rtl/ddr3_controller.v:2248$24919.Y     64 49.2ms
                  $techmap674600$auto$abc_ops_reintegrate.cc:611:reintegrate$666900.A[1]     42 48.9ms
                  $techmap674120$auto$abc_ops_reintegrate.cc:611:reintegrate$666939.A[1]     72 48.0ms
                  $techmap678442$auto$abc_ops_reintegrate.cc:611:reintegrate$666141.A[1]     41 47.7ms
                                $abc$665779$auto$simple.cc:210:make_patterns_logic$83995    129 47.3ms
                  $techmap678200$auto$abc_ops_reintegrate.cc:611:reintegrate$666194.A[1]     42 47.2ms
                  $techmap677563$auto$abc_ops_reintegrate.cc:611:reintegrate$666306.A[1]     42 46.8ms
                                                                reader.reader.cycles[30]      2 43.6ms
                                         $techmap674732$abc$665779$lut$aiger$o15820.A[1]     44 42.6ms
                                            ddr3.ddr3_controller_inst.dqs_start_index[0]     48 41.5ms
                                    $techmap673766$abc$665779$lut$aiger665778$20655.A[1]     33 39.0ms
                                         $techmap680240$abc$665779$lut$aiger$o22498.A[1]     68 39.0ms
                                         ddr3.ddr3_controller_inst.stage1_next_bank_d[0]     35 38.7ms
                                                  $abc$665779$lut$aiger665778$56941.A[5]     41 37.2ms
        $flatten\ddr3.\ddr3_controller_inst.$shiftx$build/uberddr3/rtl/ddr3_controller.v:2225$24915.Y     64 36.4ms
        $flatten\ddr3.\ddr3_controller_inst.$shiftx$build/uberddr3/rtl/ddr3_controller.v:2248$24911.Y     64 33.8ms
                  $techmap673121$auto$abc_ops_reintegrate.cc:611:reintegrate$667275.A[1]     42 32.4ms
                                                  $abc$665779$lut$aiger665778$47570.A[0]     42 31.9ms
                                                  $abc$665779$lut$aiger665778$47570.A[1]     42 30.1ms
                  $techmap672859$auto$abc_ops_reintegrate.cc:611:reintegrate$667404.A[1]     45 29.5ms
                                    $abc$665779$auto$simple.cc:234:combine_resets$101938      3 28.9ms
        $flatten\ddr3.\ddr3_controller_inst.$shiftx$build/uberddr3/rtl/ddr3_controller.v:2225$24907.Y     64 28.8ms
                                                                  reader.reader.c_l1[21]      1 28.8ms
                  $techmap677498$auto$abc_ops_reintegrate.cc:611:reintegrate$666320.A[1]     45 28.2ms
                                       ddr3.ddr3_controller_inst.delay_counter_is_zero_d     30 28.1ms
                                $abc$665779$auto$simple.cc:210:make_patterns_logic$83936     27 26.0ms
                                $abc$665779$auto$simple.cc:210:make_patterns_logic$85032     39 25.6ms
                                         $techmap680173$abc$665779$lut$aiger$o15891.A[4]     28 24.2ms
                                              ddr3.ddr3_controller_inst.stage2_bank_d[2]     39 24.0ms
                  $techmap675340$auto$abc_ops_reintegrate.cc:611:reintegrate$666812.A[0]     64 23.8ms
                  $techmap677009$auto$abc_ops_reintegrate.cc:611:reintegrate$666438.A[0]     64 23.1ms
                  $techmap677553$auto$abc_ops_reintegrate.cc:611:reintegrate$666307.A[0]     37 22.9ms
                                            $techmap239266$auto$ff.cc:337:slice$112983.D     41 22.0ms
                  $techmap672640$auto$abc_ops_reintegrate.cc:611:reintegrate$667599.A[0]     46 21.8ms
                  $techmap679512$auto$abc_ops_reintegrate.cc:611:reintegrate$665975.A[1]     28 21.6ms
                                         ddr3.ddr3_controller_inst.stage1_next_bank_d[1]     38 21.2ms
                  $techmap676557$auto$abc_ops_reintegrate.cc:611:reintegrate$666524.A[3]     37 20.7ms
                  $techmap677440$auto$abc_ops_reintegrate.cc:611:reintegrate$666338.A[3]     38 20.5ms
                                                                                 uart.tx      1 20.4ms
                                    $techmap674726$abc$665779$lut$aiger665778$26483.A[2]     21 20.4ms
                                    $techmap676521$abc$665779$lut$aiger665778$44001.A[4]     33 20.1ms
                  $techmap677471$auto$abc_ops_reintegrate.cc:611:reintegrate$666328.A[2]     38 19.8ms
                                $abc$665779$auto$simple.cc:210:make_patterns_logic$85015     39 19.5ms
                  $techmap679780$auto$abc_ops_reintegrate.cc:611:reintegrate$665857.A[2]     27 19.4ms
                  $techmap676571$auto$abc_ops_reintegrate.cc:611:reintegrate$666519.A[0]     38 19.4ms
                                    $techmap674711$abc$665779$lut$aiger665778$26452.A[2]     27 19.1ms
                  $techmap678115$auto$abc_ops_reintegrate.cc:611:reintegrate$666212.A[0]     27 19.1ms
                                                  $abc$665779$lut$aiger665778$35397.A[3]     38 19.0ms
                  $techmap677313$auto$abc_ops_reintegrate.cc:611:reintegrate$666364.A[0]     34 19.0ms
                  $techmap679518$auto$abc_ops_reintegrate.cc:611:reintegrate$665972.A[2]     27 18.7ms
                  $techmap677446$auto$abc_ops_reintegrate.cc:611:reintegrate$666335.A[2]     37 18.6ms
                  $techmap678692$auto$abc_ops_reintegrate.cc:611:reintegrate$666128.A[1]     29 18.5ms
                                    $techmap672977$abc$665779$lut$aiger665778$51379.A[0]     23 18.5ms
                  $techmap678494$auto$abc_ops_reintegrate.cc:611:reintegrate$666133.A[0]     28 18.4ms
                  $techmap674794$auto$abc_ops_reintegrate.cc:611:reintegrate$666877.A[1]     38 18.4ms
                                    $techmap677393$abc$665779$lut$aiger665778$34280.A[2]      5 18.0ms
                                    $techmap672844$abc$665779$lut$aiger665778$55885.A[1]     39 17.8ms
                                    $techmap673177$abc$665779$lut$aiger665778$22602.A[5]     21 17.5ms
                  $techmap677440$auto$abc_ops_reintegrate.cc:611:reintegrate$666338.A[2]     39 17.5ms
                  $techmap676559$auto$abc_ops_reintegrate.cc:611:reintegrate$666523.A[3]     30 17.0ms
                  $techmap678494$auto$abc_ops_reintegrate.cc:611:reintegrate$666133.A[1]     28 17.0ms
                                    $techmap674056$abc$665779$lut$aiger665778$22867.A[4]     28 17.0ms
                                         $techmap683370$abc$665779$lut$aiger$o18212.A[1]     31 16.9ms
                  $techmap673353$auto$abc_ops_reintegrate.cc:611:reintegrate$667122.A[1]     36 16.9ms
                  $techmap679518$auto$abc_ops_reintegrate.cc:611:reintegrate$665972.A[1]     31 16.8ms
                                              ddr3.ddr3_controller_inst.stage2_bank_d[1]     36 16.6ms
                                    $techmap678690$abc$665779$lut$aiger665778$64655.A[1]     26 16.5ms
                                                                               debug1[0]     38 16.4ms
                                           $abc$665779$auto$rtlil.cc:3488:NotGate$222609     19 16.2ms
                  $techmap676531$auto$abc_ops_reintegrate.cc:611:reintegrate$666531.A[0]     35 16.0ms
                                    $techmap678817$abc$665779$lut$aiger665778$65141.A[1]      3 15.9ms
                                    $techmap673751$abc$665779$lut$aiger665778$20624.A[2]     32 15.9ms
                                                ddr3.ddr3_controller_inst.stage2_pending     29 15.8ms
                                    $techmap673769$abc$665779$lut$aiger665778$20664.A[4]     35 15.8ms
                  $techmap676487$auto$abc_ops_reintegrate.cc:611:reintegrate$666541.A[1]     36 15.8ms
                                $abc$665779$auto$simple.cc:210:make_patterns_logic$84835     32 15.8ms
                  $techmap672860$auto$abc_ops_reintegrate.cc:611:reintegrate$667403.A[0]     23 15.7ms
                  $techmap676197$auto$abc_ops_reintegrate.cc:611:reintegrate$666624.A[1]     39 15.6ms
                  $techmap675085$auto$abc_ops_reintegrate.cc:611:reintegrate$666864.A[0]     35 15.6ms
                  $techmap677898$auto$abc_ops_reintegrate.cc:611:reintegrate$666248.A[1]     31 15.3ms
                  $techmap673421$auto$abc_ops_reintegrate.cc:611:reintegrate$667108.A[3]     18 15.2ms
                  $techmap678455$auto$abc_ops_reintegrate.cc:611:reintegrate$666139.A[1]     36 15.2ms
                                    $techmap673764$abc$665779$lut$aiger665778$20648.A[2]     34 15.1ms
                  $techmap673333$auto$abc_ops_reintegrate.cc:611:reintegrate$667124.A[0]     33 15.0ms
                  $techmap673727$auto$abc_ops_reintegrate.cc:611:reintegrate$666965.A[1]     39 14.9ms
                  $techmap677880$auto$abc_ops_reintegrate.cc:611:reintegrate$666249.A[1]     30 14.9ms
                                    $techmap673177$abc$665779$lut$aiger665778$22602.A[4]     24 14.8ms
                                                  $abc$665779$lut$aiger665778$56941.A[6]     39 14.7ms
                  $techmap678228$auto$abc_ops_reintegrate.cc:611:reintegrate$666189.A[1]     39 14.6ms
                                                          ddr3.idelay_data_cntvaluein[3]     20 14.6ms
                  $techmap677553$auto$abc_ops_reintegrate.cc:611:reintegrate$666307.A[1]     18 14.5ms
                                                          ddr3.idelay_data_cntvaluein[1]     20 14.5ms
                                        ddr3.ddr3_controller_inst.instruction_address[1]     23 14.4ms
                  $techmap678455$auto$abc_ops_reintegrate.cc:611:reintegrate$666139.A[0]     36 14.2ms
                  $techmap673367$auto$abc_ops_reintegrate.cc:611:reintegrate$667119.A[3]     19 14.2ms
                  $techmap676481$auto$abc_ops_reintegrate.cc:611:reintegrate$666542.A[1]     31 14.1ms
                  $techmap678425$auto$abc_ops_reintegrate.cc:611:reintegrate$666145.A[2]     35 14.1ms
                                            $techmap238288$auto$ff.cc:337:slice$116933.D     40 14.0ms
                  $techmap672860$auto$abc_ops_reintegrate.cc:611:reintegrate$667403.A[1]     40 14.0ms
                  $techmap675578$auto$abc_ops_reintegrate.cc:611:reintegrate$666772.A[0]     24 13.9ms
                                    $techmap682370$abc$665779$lut$aiger665778$20448.A[2]     29 13.9ms
                                           $abc$665779$auto$rtlil.cc:3488:NotGate$222483     19 13.9ms
                                                 ddr3.ddr3_controller_inst.stage2_do_act     27 13.7ms
                  $techmap673431$auto$abc_ops_reintegrate.cc:611:reintegrate$667105.A[4]     18 13.6ms
                  $techmap673414$auto$abc_ops_reintegrate.cc:611:reintegrate$667111.A[2]     33 13.6ms
                                    $techmap673763$abc$665779$lut$aiger665778$20644.A[0]     13 13.6ms
                  $techmap677233$auto$abc_ops_reintegrate.cc:611:reintegrate$666382.A[0]     36 13.5ms
                  $techmap674051$auto$abc_ops_reintegrate.cc:611:reintegrate$666942.A[2]      8 13.5ms
                                                  $abc$665779$lut$aiger665778$35397.A[4]     38 13.4ms
                  $techmap673365$auto$abc_ops_reintegrate.cc:611:reintegrate$667120.A[2]     32 13.3ms
                  $techmap673426$auto$abc_ops_reintegrate.cc:611:reintegrate$667107.A[4]     18 13.3ms
                                                                               debug1[1]     25 13.3ms
                  $techmap673732$auto$abc_ops_reintegrate.cc:611:reintegrate$666961.A[3]     40 13.1ms
                  $techmap674685$auto$abc_ops_reintegrate.cc:611:reintegrate$666896.A[3]     29 13.0ms
                                         $techmap680321$abc$665779$lut$aiger$o21926.A[1]     26 12.8ms
                  $techmap673099$auto$abc_ops_reintegrate.cc:611:reintegrate$667280.A[1]     40 12.8ms
                  $techmap678239$auto$abc_ops_reintegrate.cc:611:reintegrate$666183.A[1]     34 12.7ms
                  $techmap678006$auto$abc_ops_reintegrate.cc:611:reintegrate$666237.A[0]     32 12.5ms
                                                  $abc$665779$lut$aiger665778$65445.A[6]     36 12.5ms
                  $techmap673435$auto$abc_ops_reintegrate.cc:611:reintegrate$667104.A[3]     17 12.5ms
                  $techmap676487$auto$abc_ops_reintegrate.cc:611:reintegrate$666541.A[0]     37 12.5ms
                                                ddr3.ddr3_controller_inst.stage1_bank[2]     31 12.4ms
                  $techmap674071$auto$abc_ops_reintegrate.cc:611:reintegrate$666940.A[2]     34 12.2ms
                  $techmap675723$auto$abc_ops_reintegrate.cc:611:reintegrate$666741.A[0]     28 12.1ms
                                    $techmap674725$abc$665779$lut$aiger665778$26478.A[2]     14 12.0ms
                                        ddr3.ddr3_controller_inst.instruction_address[0]     25 12.0ms
                  $techmap673426$auto$abc_ops_reintegrate.cc:611:reintegrate$667107.A[3]     18 12.0ms
                  $techmap673343$auto$abc_ops_reintegrate.cc:611:reintegrate$667123.A[0]     33 12.0ms
                  $techmap673421$auto$abc_ops_reintegrate.cc:611:reintegrate$667108.A[4]     18 11.9ms
                                    $techmap673065$abc$665779$lut$aiger665778$71274.A[0]     37 11.8ms
                                        ddr3.ddr3_controller_inst.instruction_address[3]     27 11.5ms
                  $techmap673445$auto$abc_ops_reintegrate.cc:611:reintegrate$667100.A[4]     18 11.5ms
                  $techmap678425$auto$abc_ops_reintegrate.cc:611:reintegrate$666145.A[1]     37 11.5ms
                  $techmap677489$auto$abc_ops_reintegrate.cc:611:reintegrate$666321.A[0]     27 11.5ms
                                                                               debug1[3]     22 11.4ms
                  $techmap677233$auto$abc_ops_reintegrate.cc:611:reintegrate$666382.A[1]     34 11.3ms
                                         $techmap680272$abc$665779$lut$aiger$o24000.A[0]     31 11.3ms
                                    $techmap673047$abc$665779$lut$aiger665778$38898.A[1]     24 11.2ms
                  $techmap673414$auto$abc_ops_reintegrate.cc:611:reintegrate$667111.A[1]     34 11.2ms
                                                                               heartbeat      2 11.2ms
                  $techmap676557$auto$abc_ops_reintegrate.cc:611:reintegrate$666524.A[2]     37 11.2ms
                  $techmap673517$auto$abc_ops_reintegrate.cc:611:reintegrate$667063.A[0]     29 11.2ms
                  $techmap677471$auto$abc_ops_reintegrate.cc:611:reintegrate$666328.A[1]     40 11.1ms
                  $techmap675578$auto$abc_ops_reintegrate.cc:611:reintegrate$666772.A[1]     29 11.1ms
                  $techmap677446$auto$abc_ops_reintegrate.cc:611:reintegrate$666335.A[1]     38 11.0ms
                                         $techmap680223$abc$665779$lut$aiger$o22132.A[1]     29 10.9ms
                  $techmap678442$auto$abc_ops_reintegrate.cc:611:reintegrate$666141.A[2]     40 10.8ms
                  $techmap674122$auto$abc_ops_reintegrate.cc:611:reintegrate$666937.A[1]     20 10.7ms
                  $techmap673122$auto$abc_ops_reintegrate.cc:611:reintegrate$667274.A[0]     25 10.6ms
                                                  $abc$665779$lut$aiger665778$60085.A[3]     39 10.6ms
                  $techmap673410$auto$abc_ops_reintegrate.cc:611:reintegrate$667112.A[4]     18 10.6ms
                                         $techmap674896$abc$665779$lut$aiger$o16347.A[1]     32 10.6ms
                                    $techmap674693$abc$665779$lut$aiger665778$25513.A[1]     23 10.6ms
                  $techmap673713$auto$abc_ops_reintegrate.cc:611:reintegrate$666974.A[2]     30 10.5ms
                  $techmap676531$auto$abc_ops_reintegrate.cc:611:reintegrate$666531.A[1]     33 10.5ms
                                            ddr3.ddr3_controller_inst.stage1_next_row[7]     11 10.5ms
                  $techmap673441$auto$abc_ops_reintegrate.cc:611:reintegrate$667101.A[3]     17 10.5ms
                               $abc$665779$auto$simple.cc:193:make_patterns_logic$101932      7 10.5ms
                                                    ddr3.ddr3_controller_inst.write_dq_d     21 10.4ms
                                    $techmap673757$abc$665779$lut$aiger665778$20638.A[2]     17 10.4ms
                  $techmap673445$auto$abc_ops_reintegrate.cc:611:reintegrate$667100.A[3]     17 10.4ms
                                         $techmap673687$abc$665779$lut$aiger$o16653.A[1]     21 10.4ms
                  $techmap673074$auto$abc_ops_reintegrate.cc:611:reintegrate$667286.A[1]     39 10.4ms
                  $techmap677333$auto$abc_ops_reintegrate.cc:611:reintegrate$666361.A[1]     30 10.4ms
                                    ddr3.ddr3_controller_inst.stage2_data_unaligned[119]     10 10.4ms
                  $techmap676571$auto$abc_ops_reintegrate.cc:611:reintegrate$666519.A[1]     32 10.3ms
                  $techmap677277$auto$abc_ops_reintegrate.cc:611:reintegrate$666371.A[1]     31 10.3ms
                  $techmap677489$auto$abc_ops_reintegrate.cc:611:reintegrate$666321.A[1]     25 10.3ms
                                    $techmap674087$abc$665779$lut$aiger665778$22974.A[1]     17 10.2ms
                                                  $abc$665779$lut$aiger665778$60085.A[4]     39 9.9ms
                                                                                clk_ctrl   6980 9.9ms
                                    $techmap673763$abc$665779$lut$aiger665778$20644.A[1]     12 9.9ms
                                                  $abc$665779$lut$aiger665778$60085.A[0]     23 9.9ms
                  $techmap675723$auto$abc_ops_reintegrate.cc:611:reintegrate$666741.A[1]     23 9.9ms
                                                  $abc$665779$lut$aiger665778$49390.A[1]     29 9.9ms
                  $techmap677743$auto$abc_ops_reintegrate.cc:611:reintegrate$666277.A[0]     10 9.9ms
                                         $techmap682676$abc$665779$lut$aiger$o15877.A[3]     31 9.8ms
                  $techmap673431$auto$abc_ops_reintegrate.cc:611:reintegrate$667105.A[3]     17 9.8ms
                                           ddr3.ddr3_controller_inst.stage1_next_bank[0]     20 9.8ms
                  $techmap676197$auto$abc_ops_reintegrate.cc:611:reintegrate$666624.A[0]     38 9.7ms
                  $techmap678006$auto$abc_ops_reintegrate.cc:611:reintegrate$666237.A[1]     33 9.7ms
                  $techmap676792$auto$abc_ops_reintegrate.cc:611:reintegrate$666466.A[0]     31 9.6ms
                  $techmap678161$auto$abc_ops_reintegrate.cc:611:reintegrate$666201.A[0]     27 9.6ms
                                    $techmap673178$abc$665779$lut$aiger665778$22603.A[0]     12 9.5ms
                  $techmap678019$auto$abc_ops_reintegrate.cc:611:reintegrate$666236.A[1]     31 9.5ms
                                                                reader.reader.cycles[12]      2 9.4ms
                  $techmap673414$auto$abc_ops_reintegrate.cc:611:reintegrate$667111.A[3]     23 9.4ms
                                                                               debug1[2]     31 9.4ms
                                      ddr3.ddr3_controller_inst.write_by_byte_counter[2]     30 9.4ms
                  $techmap673353$auto$abc_ops_reintegrate.cc:611:reintegrate$667122.A[0]     36 9.3ms
                  $techmap679836$auto$abc_ops_reintegrate.cc:611:reintegrate$665825.A[4]     34 9.3ms
                                                  $abc$665779$lut$aiger665778$65445.A[5]     38 9.3ms
                  $techmap673333$auto$abc_ops_reintegrate.cc:611:reintegrate$667124.A[1]     30 9.3ms
                                          ddr3.ddr3_controller_inst.start_index_check[4]     35 9.3ms
                                                  $abc$665779$lut$aiger665778$49082.A[0]     28 9.2ms
                  $techmap678206$auto$abc_ops_reintegrate.cc:611:reintegrate$666193.A[0]     10 9.2ms
                  $techmap675601$auto$abc_ops_reintegrate.cc:611:reintegrate$666760.A[3]     18 9.2ms
                  $techmap677898$auto$abc_ops_reintegrate.cc:611:reintegrate$666248.A[0]     28 9.1ms
                                                  $abc$665779$lut$aiger665778$47983.A[0]     22 9.1ms
                                      ddr3.ddr3_controller_inst.write_by_byte_counter[0]     30 9.1ms
                  $techmap678149$auto$abc_ops_reintegrate.cc:611:reintegrate$666205.A[0]     27 9.1ms
                  $techmap673410$auto$abc_ops_reintegrate.cc:611:reintegrate$667112.A[3]     17 9.1ms
                                    $techmap673065$abc$665779$lut$aiger665778$71274.A[1]     37 9.1ms
                                            ddr3.ddr3_controller_inst.dqs_start_index[1]     32 9.0ms
                  $techmap673441$auto$abc_ops_reintegrate.cc:611:reintegrate$667101.A[4]     18 9.0ms
                                                  $abc$665779$lut$aiger665778$60085.A[1]     28 8.9ms
                                        ddr3.ddr3_controller_inst.instruction_address[2]     23 8.9ms
                  $techmap678019$auto$abc_ops_reintegrate.cc:611:reintegrate$666236.A[0]     33 8.9ms
                  $techmap677358$auto$abc_ops_reintegrate.cc:611:reintegrate$666353.A[0]     27 8.9ms
                  $techmap673405$auto$abc_ops_reintegrate.cc:611:reintegrate$667113.A[3]     17 8.9ms
                  $techmap676464$auto$abc_ops_reintegrate.cc:611:reintegrate$666548.A[2]     26 8.8ms
                  $techmap673343$auto$abc_ops_reintegrate.cc:611:reintegrate$667123.A[1]     30 8.8ms
                  $techmap678200$auto$abc_ops_reintegrate.cc:611:reintegrate$666194.A[0]     18 8.8ms
                  $techmap677682$auto$abc_ops_reintegrate.cc:611:reintegrate$666286.A[1]     18 8.7ms
                  $techmap672996$auto$abc_ops_reintegrate.cc:611:reintegrate$667332.A[0]     18 8.6ms
                  $techmap675085$auto$abc_ops_reintegrate.cc:611:reintegrate$666864.A[1]     35 8.6ms
                                            $auto$alumacc.cc:548:replace_alu$93219.Y[26]      3 8.5ms
                  $techmap678161$auto$abc_ops_reintegrate.cc:611:reintegrate$666201.A[1]     31 8.5ms
                                    $techmap673047$abc$665779$lut$aiger665778$38898.A[0]     18 8.5ms
                                         $techmap682725$abc$665779$lut$aiger$o15963.A[3]     25 8.5ms
                  $techmap673098$auto$abc_ops_reintegrate.cc:611:reintegrate$667281.A[0]     26 8.4ms
                                                          ddr3.idelay_data_cntvaluein[2]     20 8.4ms
                                        ddr3.ddr3_controller_inst.instruction_address[4]     25 8.4ms
                  $techmap675753$auto$abc_ops_reintegrate.cc:611:reintegrate$666726.A[0]      6 8.4ms
                  $techmap679433$auto$abc_ops_reintegrate.cc:611:reintegrate$666002.A[0]     15 8.4ms
                                                                  reader.reader.g2_l0[8]     10 8.4ms
                  $techmap673323$auto$abc_ops_reintegrate.cc:611:reintegrate$667125.A[0]     37 8.3ms
                  $techmap672985$auto$abc_ops_reintegrate.cc:611:reintegrate$667335.A[1]     24 8.3ms
                                          ddr3.ddr3_controller_inst.start_index_check[5]     34 8.3ms
                                                  $abc$665779$lut$aiger665778$47983.A[1]     24 8.3ms
                  $techmap677333$auto$abc_ops_reintegrate.cc:611:reintegrate$666361.A[0]     31 8.3ms
                                    $techmap672844$abc$665779$lut$aiger665778$55885.A[0]     40 8.2ms
                                                                               debug1[4]     21 8.1ms
                                         $techmap680408$abc$665779$lut$aiger$o21911.A[0]     32 8.1ms
                  $techmap676854$auto$abc_ops_reintegrate.cc:611:reintegrate$666455.A[1]      8 8.0ms
                                                  $abc$665779$lut$aiger665778$49082.A[1]     30 8.0ms
                  $techmap677277$auto$abc_ops_reintegrate.cc:611:reintegrate$666371.A[0]     32 8.0ms
                  $techmap674709$auto$abc_ops_reintegrate.cc:611:reintegrate$666893.A[0]     33 8.0ms
                                                                 reader.reader.g2_l2[24]      7 8.0ms
                                    $techmap676943$abc$665779$lut$aiger665778$25543.A[0]      8 8.0ms
                  $techmap677313$auto$abc_ops_reintegrate.cc:611:reintegrate$666364.A[1]     31 7.9ms
                  $techmap673182$auto$abc_ops_reintegrate.cc:611:reintegrate$667233.A[5]     11 7.9ms
                                                  $abc$665779$lut$aiger665778$35091.A[1]     25 7.9ms
                                    $techmap673068$abc$665779$lut$aiger665778$57166.A[1]     29 7.9ms
                                      ddr3.ddr3_controller_inst.write_by_byte_counter[1]     23 7.9ms
                  $techmap673405$auto$abc_ops_reintegrate.cc:611:reintegrate$667113.A[4]     18 7.9ms
        $abc$665779$flatten\ddr3.\ddr3_phy_inst.$logic_not$build/uberddr3/rtl/ddr3_phy.v:1126$23889_Y      4 7.8ms
                  $techmap675599$auto$abc_ops_reintegrate.cc:611:reintegrate$666761.A[3]     13 7.8ms
                  $techmap678143$auto$abc_ops_reintegrate.cc:611:reintegrate$666207.A[2]     34 7.7ms
                  $techmap676792$auto$abc_ops_reintegrate.cc:611:reintegrate$666466.A[1]     26 7.7ms
              $techmap87365$flatten\resetgen.$lt$build/t27/specs/rtl/fpga_reset.v:94$8.Y     33 7.7ms
                  $techmap672859$auto$abc_ops_reintegrate.cc:611:reintegrate$667404.A[0]     20 7.7ms
                                                 ddr3.ddr3_controller_inst.stage2_row[3]     11 7.7ms
                                    $techmap674388$abc$665779$lut$aiger665778$24311.A[2]     33 7.7ms
                  $techmap676481$auto$abc_ops_reintegrate.cc:611:reintegrate$666542.A[0]     35 7.7ms
                                                                 reader.reader.g2_l0[56]     10 7.6ms
                                           ddr3.ddr3_controller_inst.stage1_next_bank[2]     18 7.6ms
                  $techmap673399$auto$abc_ops_reintegrate.cc:611:reintegrate$667114.A[2]     19 7.6ms
                                         $techmap680577$abc$665779$lut$aiger$o21594.A[1]     25 7.6ms
                  $techmap678348$auto$abc_ops_reintegrate.cc:611:reintegrate$666162.A[0]      9 7.5ms
                                                                 reader.reader.g2_l1[38]      7 7.5ms
                                         $techmap680217$abc$665779$lut$aiger$o22134.A[1]     32 7.5ms
                  $techmap673625$auto$abc_ops_reintegrate.cc:611:reintegrate$666993.A[1]      9 7.5ms
                                    $techmap675854$abc$665779$lut$aiger665778$37038.A[4]      9 7.4ms
                                    $techmap678517$abc$665779$lut$aiger665778$63789.A[0]      6 7.4ms
                                         $techmap680652$abc$665779$lut$aiger$o23104.A[0]      2 7.4ms
                  $techmap673399$auto$abc_ops_reintegrate.cc:611:reintegrate$667114.A[3]     20 7.4ms
                                     ddr3.ddr3_controller_inst.stage2_data_unaligned[89]      7 7.4ms
                  $techmap675644$auto$abc_ops_reintegrate.cc:611:reintegrate$666750.A[0]     20 7.4ms
                                                                 reader.reader.g2_l0[17]     10 7.3ms
                                         ddr3.ddr3_controller_inst.stage1_next_bank_d[2]     20 7.3ms
                                    $techmap675453$abc$665779$lut$aiger665778$33112.A[4]     14 7.3ms
                                                ddr3.ddr3_controller_inst.stage2_bank[1]     14 7.3ms
                  $techmap677880$auto$abc_ops_reintegrate.cc:611:reintegrate$666249.A[0]     31 7.3ms
                                                                 reader.reader.g2_l1[57]      7 7.2ms
                                            ddr3.ddr3_controller_inst.stage1_next_row[1]     11 7.2ms
                                    $techmap678704$abc$665779$lut$aiger665778$64714.A[0]      7 7.2ms
                                $abc$665779$auto$simple.cc:193:make_patterns_logic$84159     16 7.1ms
                                      ddr3.ddr3_controller_inst.write_by_byte_counter[3]     24 7.1ms
                  $techmap672963$auto$abc_ops_reintegrate.cc:611:reintegrate$667339.A[0]     20 7.0ms
                                                                  reader.reader.g2_l1[6]      7 7.0ms
                  $techmap677358$auto$abc_ops_reintegrate.cc:611:reintegrate$666353.A[1]     32 7.0ms
                                           ddr3.ddr3_controller_inst.stage1_next_bank[1]     20 7.0ms
                                    $techmap675859$abc$665779$lut$aiger665778$37057.A[2]     12 7.0ms
                  $techmap678968$auto$abc_ops_reintegrate.cc:611:reintegrate$666106.A[0]      1 7.0ms
                  $techmap674735$auto$abc_ops_reintegrate.cc:611:reintegrate$666890.A[2]     33 7.0ms
                  $techmap679733$auto$abc_ops_reintegrate.cc:611:reintegrate$665879.A[2]      9 6.9ms
                                    $techmap673068$abc$665779$lut$aiger665778$57166.A[0]     22 6.9ms
                  $techmap674776$auto$abc_ops_reintegrate.cc:611:reintegrate$666884.A[2]     19 6.9ms
                                    $techmap675346$abc$665779$lut$aiger665778$31743.A[1]      3 6.9ms
                  $techmap672967$auto$abc_ops_reintegrate.cc:611:reintegrate$667338.A[0]     23 6.9ms
                  $techmap677088$auto$abc_ops_reintegrate.cc:611:reintegrate$666412.A[0]     10 6.9ms
                                $abc$665779$auto$simple.cc:210:make_patterns_logic$84904     31 6.9ms
                  $techmap677381$auto$abc_ops_reintegrate.cc:611:reintegrate$666349.A[0]     10 6.8ms
                  $techmap673614$auto$abc_ops_reintegrate.cc:611:reintegrate$667000.A[3]     16 6.8ms
                  $techmap677457$auto$abc_ops_reintegrate.cc:611:reintegrate$666332.A[1]      8 6.8ms
                                         $techmap683655$abc$665779$lut$aiger$o16622.A[1]     32 6.8ms
                  $techmap677498$auto$abc_ops_reintegrate.cc:611:reintegrate$666320.A[0]     21 6.8ms
                  $techmap673435$auto$abc_ops_reintegrate.cc:611:reintegrate$667104.A[4]     18 6.7ms
                  $techmap673367$auto$abc_ops_reintegrate.cc:611:reintegrate$667119.A[4]     18 6.7ms
                  $techmap679867$auto$abc_ops_reintegrate.cc:611:reintegrate$665806.A[3]     14 6.7ms
                  $techmap673694$auto$abc_ops_reintegrate.cc:611:reintegrate$666980.A[3]     16 6.7ms
                  $techmap673074$auto$abc_ops_reintegrate.cc:611:reintegrate$667286.A[0]     22 6.7ms
                  $techmap673073$auto$abc_ops_reintegrate.cc:611:reintegrate$667287.A[0]     21 6.6ms
                                                                 reader.reader.g2_l2[17]      7 6.6ms
                                                                 reader.reader.g2_l0[55]      7 6.6ms
                  $techmap677532$auto$abc_ops_reintegrate.cc:611:reintegrate$666312.A[0]     24 6.6ms
                                                          ddr3.idelay_data_cntvaluein[4]     20 6.6ms
                               $abc$665779$auto$simple.cc:193:make_patterns_logic$101941     10 6.6ms
                                $abc$665779$auto$simple.cc:210:make_patterns_logic$84575     31 6.6ms
                                    $techmap675459$abc$665779$lut$aiger665778$33090.A[2]     14 6.5ms
                                                                 reader.reader.g2_l0[59]     10 6.5ms
                  $techmap678115$auto$abc_ops_reintegrate.cc:611:reintegrate$666212.A[1]     30 6.5ms
                                                                 reader.reader.g2_l0[50]      7 6.5ms
                  $techmap672984$auto$abc_ops_reintegrate.cc:611:reintegrate$667336.A[0]     21 6.5ms
                                    $techmap673401$abc$665779$lut$aiger665778$17784.A[4]     13 6.5ms
                                                                  reader.reader.g2_l0[6]     10 6.5ms
                  $techmap676865$auto$abc_ops_reintegrate.cc:611:reintegrate$666454.A[0]     10 6.5ms
                  $techmap678149$auto$abc_ops_reintegrate.cc:611:reintegrate$666205.A[1]     25 6.5ms
                                     ddr3.ddr3_controller_inst.stage2_data_unaligned[42]      5 6.5ms
                                    $techmap676994$abc$665779$lut$aiger665778$25600.A[0]      8 6.4ms
                                                                 reader.reader.g2_l0[21]      7 6.4ms
                                            ddr3.ddr3_controller_inst.stage1_next_row[0]     11 6.4ms
                                                                 reader.reader.g2_l0[15]      7 6.4ms
                                                                 reader.reader.g2_l0[45]      7 6.4ms
                                    ddr3.ddr3_controller_inst.stage2_data_unaligned[111]      7 6.4ms
                                    $techmap680198$abc$665779$lut$not$aiger665778$7505.A      3 6.3ms
                                                                  reader.reader.g2_l2[4]      7 6.3ms
                                    $techmap674388$abc$665779$lut$aiger665778$24311.A[0]     33 6.3ms
                  $techmap672963$auto$abc_ops_reintegrate.cc:611:reintegrate$667339.A[1]     28 6.3ms
                                    $techmap674095$abc$665779$lut$aiger665778$23001.A[1]     22 6.3ms
                                    $techmap673853$abc$665779$lut$aiger665778$21346.A[4]      1 6.2ms
                  $techmap678401$auto$abc_ops_reintegrate.cc:611:reintegrate$666154.A[1]     14 6.2ms
                                                                 reader.reader.ph_max[9]      5 6.2ms
                                    $techmap674725$abc$665779$lut$aiger665778$26478.A[1]     14 6.2ms
                                                                 reader.reader.g2_l1[17]      7 6.2ms
                  $techmap674776$auto$abc_ops_reintegrate.cc:611:reintegrate$666884.A[1]     13 6.2ms
                  $techmap679672$auto$abc_ops_reintegrate.cc:611:reintegrate$665910.A[1]      3 6.1ms
                  $techmap674685$auto$abc_ops_reintegrate.cc:611:reintegrate$666896.A[2]     10 6.1ms
                                    $techmap672857$abc$665779$lut$aiger665778$71071.A[1]      5 6.0ms
                  $techmap673182$auto$abc_ops_reintegrate.cc:611:reintegrate$667233.A[0]     10 6.0ms
                                     ddr3.ddr3_controller_inst.stage2_data_unaligned[75]      6 6.0ms
                                                 ddr3.ddr3_controller_inst.dqs_store[32]      5 6.0ms
                                                                 reader.reader.g2_l1[56]      7 6.0ms
                                    $techmap674108$abc$665779$lut$aiger665778$23036.A[2]      7 6.0ms
                                                                   reader.reader.dg0[22]      1 5.9ms
                                                                 reader.reader.g2_l1[34]     10 5.9ms
                                                                 reader.reader.g2_l2[30]     10 5.9ms
                                             $auto$alumacc.cc:548:replace_alu$93219.Y[1]      3 5.9ms
                  $techmap677563$auto$abc_ops_reintegrate.cc:611:reintegrate$666306.A[0]     20 5.9ms
                                    $techmap676950$abc$665779$lut$aiger665778$25558.A[0]      6 5.9ms
                  $techmap676610$auto$abc_ops_reintegrate.cc:611:reintegrate$666507.A[2]     19 5.8ms
                                                                  reader.reader.g2_l1[9]      7 5.8ms
                                            $auto$alumacc.cc:548:replace_alu$93216.Y[24]      3 5.8ms
                                    ddr3.ddr3_controller_inst.stage2_data_unaligned[114]      7 5.8ms
                                                ddr3.ddr3_controller_inst.stage2_bank[2]     19 5.8ms
                                            ddr3.ddr3_controller_inst.stage1_next_row[8]     11 5.8ms
                                    $techmap672858$abc$665779$lut$aiger665778$71105.A[2]      5 5.8ms
                                                 ddr3.ddr3_controller_inst.stage2_row[1]     11 5.7ms
                                    $techmap674814$abc$665779$lut$aiger665778$27769.A[5]      2 5.7ms
                                                                 reader.reader.g2_l0[51]      7 5.7ms
                  $techmap679209$auto$abc_ops_reintegrate.cc:611:reintegrate$666064.A[2]      7 5.7ms
                                $abc$665779$auto$simple.cc:210:make_patterns_logic$84831      5 5.7ms
                  $techmap673033$auto$abc_ops_reintegrate.cc:611:reintegrate$667300.A[3]      3 5.7ms
                                    $techmap678205$abc$665779$lut$aiger665778$60729.A[0]      7 5.7ms
                  $techmap673121$auto$abc_ops_reintegrate.cc:611:reintegrate$667275.A[0]     18 5.7ms
                  $techmap678960$auto$abc_ops_reintegrate.cc:611:reintegrate$666107.A[2]     13 5.6ms
                                                                 reader.reader.g2_l0[12]      7 5.6ms
                                    $techmap674084$abc$665779$lut$aiger665778$22971.A[0]     18 5.6ms
                                                                 reader.reader.g2_l0[38]     10 5.6ms
                                    $techmap676721$abc$665779$lut$aiger665778$46031.A[0]      6 5.6ms
                                                 ddr3.ddr3_controller_inst.stage2_row[0]     11 5.6ms
                                            $auto$alumacc.cc:548:replace_alu$93216.Y[30]      3 5.6ms
                                                                            wb_rdata[62]      3 5.6ms
                                     ddr3.ddr3_controller_inst.stage2_data_unaligned[60]      6 5.6ms
                                    $techmap674788$abc$665779$lut$aiger665778$27223.A[0]      7 5.6ms
                                    $techmap673742$abc$665779$lut$aiger665778$20626.A[0]      7 5.5ms
                                                                reader.reader.cycles[28]      2 5.5ms
                                 ddr3.ddr3_controller_inst.read_test_address_counter[14]      5 5.5ms
                                                                 reader.reader.g2_l0[19]     10 5.5ms
                                            ddr3.ddr3_controller_inst.dqs_start_index[2]     20 5.4ms
                                    $techmap674096$abc$665779$lut$aiger665778$23002.A[1]     15 5.4ms
                  $techmap673690$auto$abc_ops_reintegrate.cc:611:reintegrate$666982.A[1]      9 5.4ms
                                    $techmap674106$abc$665779$lut$aiger665778$23031.A[1]     11 5.4ms
                                            $auto$alumacc.cc:548:replace_alu$93219.Y[18]      3 5.4ms
                                            ddr3.ddr3_controller_inst.stage1_next_row[2]     11 5.4ms
                                                                         ddr3.bitslip[1]     18 5.4ms
                                                                  reader.reader.g2_l2[6]      7 5.3ms
                                         ddr3.ddr3_controller_inst.delay_counter_is_zero     21 5.3ms
                  $techmap674010$auto$abc_ops_reintegrate.cc:611:reintegrate$666952.A[1]      9 5.3ms
                                    $techmap676875$abc$665779$lut$aiger665778$48358.A[1]      4 5.3ms
                                    $techmap674946$abc$665779$lut$aiger665778$28151.A[0]      9 5.3ms
                                                                 reader.reader.g2_l0[27]     10 5.3ms
                                                                 reader.reader.g2_l0[63]      7 5.3ms
                                    $techmap673364$abc$665779$lut$aiger665778$17327.A[1]     12 5.2ms
                                    $techmap673744$abc$665779$lut$aiger665778$20606.A[1]     12 5.2ms
                                                                 reader.reader.sd_e0[56]      1 5.2ms
                                    ddr3.ddr3_controller_inst.calib_data_randomized[103]     14 5.2ms
                                            ddr3.ddr3_controller_inst.stage1_next_row[6]     11 5.2ms
                  $techmap675404$auto$abc_ops_reintegrate.cc:611:reintegrate$666801.A[0]     10 5.2ms
                                     ddr3.ddr3_controller_inst.stage2_data_unaligned[40]      8 5.2ms
                                                  $abc$665779$lut$aiger665778$48896.A[5]      7 5.2ms
                                    $techmap675803$abc$665779$lut$aiger665778$36651.A[1]      3 5.2ms
                                    $techmap673613$abc$665779$lut$aiger665778$19382.A[1]      8 5.2ms
                                                                              line_b[10]      1 5.2ms
                  $techmap673196$auto$abc_ops_reintegrate.cc:611:reintegrate$667230.A[1]      8 5.2ms
                  $techmap675827$auto$abc_ops_reintegrate.cc:611:reintegrate$666708.A[0]      9 5.2ms
                  ddr3.ddr3_controller_inst.stage2_do_update_delay_before_read_after_act      8 5.1ms
                                                                  ddr3.idelay_data_ld[0]     10 5.1ms
                                                                 reader.reader.g2_l1[61]      7 5.1ms
                           $techmap674684$abc$665779$lut$aiger665778$26045.A[4]$sum$7957     11 5.1ms
                                         $techmap683283$abc$665779$lut$aiger$o16312.A[1]      8 5.1ms
                  $techmap672985$auto$abc_ops_reintegrate.cc:611:reintegrate$667335.A[2]      7 5.1ms
                                    $techmap674070$abc$665779$lut$aiger665778$22952.A[3]      9 5.1ms
                                                                 reader.reader.g2_l1[14]     10 5.1ms
                                    $techmap674042$abc$665779$lut$aiger665778$22782.A[0]      6 5.1ms
                                    ddr3.ddr3_controller_inst.stage2_data_unaligned[108]      7 5.1ms
                  $techmap674776$auto$abc_ops_reintegrate.cc:611:reintegrate$666884.A[0]     10 5.1ms
                                     ddr3.ddr3_controller_inst.stage2_data_unaligned[96]      8 5.1ms
                                                                 reader.reader.g2_l0[36]     10 5.0ms
                                                 ddr3.ddr3_controller_inst.stage2_row[7]     11 5.0ms
                  $techmap677845$auto$abc_ops_reintegrate.cc:611:reintegrate$666255.A[0]     11 5.0ms
                                    $techmap678700$abc$665779$lut$aiger665778$64698.A[0]      8 5.0ms
                                                          ddr3.idelay_data_cntvaluein[0]     21 5.0ms
                                                 ddr3.ddr3_controller_inst.stage2_row[9]     11 5.0ms
                                                 ddr3.ddr3_controller_inst.stage2_row[2]     11 5.0ms
                  $techmap675104$auto$abc_ops_reintegrate.cc:611:reintegrate$666859.A[1]      6 5.0ms
                                                                 reader.reader.g2_l0[29]     10 5.0ms
                                    $techmap674912$abc$665779$lut$aiger665778$27960.A[2]      8 5.0ms
                                            ddr3.ddr3_controller_inst.stage1_next_row[9]     11 4.9ms
                  $techmap677553$auto$abc_ops_reintegrate.cc:611:reintegrate$666307.A[4]      7 4.9ms
                                                                reader.reader.cycles[35]      2 4.9ms
                                            $auto$alumacc.cc:548:replace_alu$93219.Y[34]      3 4.9ms
                                                                 reader.reader.g2_l1[53]     10 4.9ms
                                                                 reader.reader.g2_l0[46]     10 4.9ms
                                                                 reader.reader.g2_l1[40]      7 4.9ms
                                    $techmap676964$abc$665779$lut$aiger665778$36220.A[0]      8 4.9ms
                  $techmap673073$auto$abc_ops_reintegrate.cc:611:reintegrate$667287.A[2]      7 4.9ms
                                    $techmap679368$abc$665779$lut$aiger665778$70055.A[2]      2 4.9ms
                  $techmap677063$auto$abc_ops_reintegrate.cc:611:reintegrate$666422.A[0]     13 4.9ms
                                                                 reader.reader.g2_l1[18]      7 4.9ms
                                                                 reader.reader.g2_l2[10]     10 4.9ms
                                                 ddr3.ddr3_controller_inst.stage2_row[8]     11 4.9ms
                                                   ddr3.ddr3_controller_inst.initial_dqs     14 4.9ms
                  $techmap676234$auto$abc_ops_reintegrate.cc:611:reintegrate$666619.A[0]     11 4.8ms
                                    $techmap676864$abc$665779$lut$aiger665778$48152.A[0]      7 4.8ms
                  $techmap676277$auto$abc_ops_reintegrate.cc:611:reintegrate$666613.A[1]      6 4.8ms
                                                                  reader.reader.g2_l1[7]      7 4.8ms
                                              ddr3.ddr3_controller_inst.o_wb_stall_int_q      9 4.8ms
                                                                  ddr3.iserdes_data[122]      2 4.8ms
                                                                  reader.reader.g2_l2[1]     10 4.8ms
                                    $techmap674825$abc$665779$lut$aiger665778$27852.A[3]      2 4.8ms
                  $techmap674046$auto$abc_ops_reintegrate.cc:611:reintegrate$666946.A[5]      5 4.8ms
                  $techmap678089$auto$abc_ops_reintegrate.cc:611:reintegrate$666216.A[0]      9 4.8ms
                                                                 reader.reader.g2_l0[16]     10 4.8ms
                  $techmap673777$auto$abc_ops_reintegrate.cc:611:reintegrate$666957.A[1]      3 4.8ms
                                                                 reader.reader.g2_l0[54]      7 4.8ms
                                                ddr3.ddr3_controller_inst.stage2_row[10]     10 4.8ms
                                    $techmap677388$abc$665779$lut$aiger665778$34285.A[4]     11 4.8ms
                  $techmap678348$auto$abc_ops_reintegrate.cc:611:reintegrate$666162.A[3]      4 4.8ms
                                    $techmap678696$abc$665779$lut$aiger665778$64680.A[1]      9 4.8ms
                                                                 reader.reader.g2_l0[37]     10 4.7ms
                                                                  reader.reader.g2_l1[2]     10 4.7ms
                                    $techmap679472$abc$665779$lut$aiger665778$70430.A[1]      2 4.7ms
                                                                 reader.reader.g2_l0[25]      7 4.7ms
                                                                             wb_rdata[6]      4 4.7ms
                                     ddr3.ddr3_controller_inst.stage2_data_unaligned[95]      6 4.7ms
                                                                 reader.reader.g2_l1[10]      7 4.7ms
                                                                 reader.reader.g2_l1[59]      7 4.7ms
                                                                  reader.reader.g2_l2[7]      7 4.7ms
                  $techmap678856$auto$abc_ops_reintegrate.cc:611:reintegrate$666127.A[2]      4 4.7ms
                                    $techmap678345$abc$665779$lut$aiger665778$61569.A[0]      5 4.7ms
                                    $auto$alumacc.cc:548:replace_alu$92923.Y[1]$sum$7993     13 4.6ms
                                    $techmap677317$abc$665779$lut$aiger665778$52580.A[0]      4 4.6ms
                                                                            wb_rdata[35]      3 4.6ms
                                                                 reader.reader.g2_l0[35]      7 4.6ms
                                    $techmap676967$abc$665779$lut$aiger665778$31419.A[0]      9 4.6ms
                                    $techmap674088$abc$665779$lut$aiger665778$22975.A[1]     10 4.6ms
                                    ddr3.ddr3_controller_inst.calib_data_randomized[105]     11 4.6ms
                  $techmap673365$auto$abc_ops_reintegrate.cc:611:reintegrate$667120.A[3]     19 4.6ms
                                                                 reader.reader.g3_lo[34]      1 4.6ms
                                                                 reader.reader.g2_l0[47]     10 4.6ms
                                                                 reader.reader.g2_l1[29]      7 4.6ms
                                            $auto$alumacc.cc:548:replace_alu$93219.Y[38]      3 4.6ms
                                    $techmap679574$abc$665779$lut$aiger665778$72715.A[0]      2 4.6ms
                                                                 reader.reader.g2_l1[26]      7 4.6ms
                                           ddr3.ddr3_controller_inst.stage1_next_row[10]     10 4.6ms
                                                  $abc$665779$lut$aiger665778$60869.A[5]      5 4.6ms
                  $techmap672768$auto$abc_ops_reintegrate.cc:611:reintegrate$667471.A[1]      3 4.6ms
                                            $auto$alumacc.cc:548:replace_alu$93216.Y[26]      3 4.6ms
                                                 ddr3.ddr3_controller_inst.stage2_row[5]     11 4.6ms
                                    $techmap673362$abc$665779$lut$aiger665778$17325.A[0]     10 4.6ms
                                                                     ddr3.dq_tri_control     18 4.6ms
                                    $techmap673048$abc$665779$lut$aiger665778$44045.A[1]      4 4.6ms
                                                                 reader.reader.g2_l0[11]      7 4.6ms
                                            ddr3.ddr3_controller_inst.read_lane_data[16]      3 4.6ms
                                                                 reader.reader.g2_l2[15]      7 4.6ms
                                         $techmap683748$abc$665779$lut$aiger$o25421.A[0]      2 4.5ms
                                           ddr3.ddr3_controller_inst.added_read_pipe_max     15 4.5ms
                                                                   ddr3.iserdes_data[93]      2 4.5ms
                                                 ddr3.ddr3_controller_inst.stage2_row[4]     11 4.5ms
                  $techmap672996$auto$abc_ops_reintegrate.cc:611:reintegrate$667332.A[2]      7 4.5ms
                                                                 reader.reader.g2_l1[22]     10 4.5ms
                                                                 reader.reader.g2_l0[40]      7 4.5ms
                                 ddr3.ddr3_controller_inst.read_test_address_counter[20]      5 4.5ms
                               $abc$665779$auto$simple.cc:193:make_patterns_logic$101919      7 4.5ms
                                                                 reader.reader.ph_max[8]      5 4.5ms
                                             $auto$alumacc.cc:548:replace_alu$93219.Y[7]      3 4.5ms
                  $techmap677550$auto$abc_ops_reintegrate.cc:611:reintegrate$666309.A[2]      4 4.5ms
                                                                 reader.reader.g2_l0[26]     10 4.5ms
                                                                 reader.reader.g2_l1[58]      7 4.5ms
                                    $techmap674226$abc$665779$lut$aiger665778$23628.A[0]      8 4.5ms
                               $abc$665779$auto$simple.cc:193:make_patterns_logic$101944     10 4.5ms
                                                                 reader.reader.g2_l0[41]      7 4.5ms
                  $techmap675749$auto$abc_ops_reintegrate.cc:611:reintegrate$666729.A[1]      6 4.5ms
                  $techmap672922$auto$abc_ops_reintegrate.cc:611:reintegrate$667360.A[1]      4 4.5ms
                                    ddr3.ddr3_controller_inst.calib_data_randomized[114]      8 4.5ms
                                               ddr3.ddr3_controller_inst.stage2_row_d[9]      2 4.4ms
                                                 ddr3.ddr3_controller_inst.dqs_store[37]      5 4.4ms
                                    $techmap676632$abc$665779$lut$aiger665778$31185.A[4]      2 4.4ms
                                  ddr3.ddr3_controller_inst.read_test_address_counter[2]      5 4.4ms
                                                                 reader.reader.g2_l1[12]     10 4.4ms
                                                                   ddr3.iserdes_data[16]      2 4.4ms
                                 ddr3.ddr3_controller_inst.read_test_address_counter[12]      5 4.4ms
                                            $auto$alumacc.cc:548:replace_alu$93216.Y[25]      3 4.4ms
                  $techmap675353$auto$abc_ops_reintegrate.cc:611:reintegrate$666808.A[3]      1 4.4ms
                                            $auto$alumacc.cc:548:replace_alu$93216.Y[12]      3 4.4ms
                  $techmap677964$auto$abc_ops_reintegrate.cc:611:reintegrate$666241.A[1]      7 4.4ms
                                         $techmap680472$abc$665779$lut$aiger$o21630.A[1]     31 4.4ms
                                    $techmap678542$abc$665779$lut$aiger665778$63884.A[1]      6 4.4ms
                                     ddr3.ddr3_controller_inst.stage2_data_unaligned[12]      8 4.4ms
                                            $auto$alumacc.cc:548:replace_alu$93219.Y[14]      3 4.4ms
                                    $techmap674946$abc$665779$lut$aiger665778$28151.A[2]      7 4.4ms
                                            ddr3.ddr3_controller_inst.stage1_next_row[3]     11 4.4ms
                  $techmap677870$auto$abc_ops_reintegrate.cc:611:reintegrate$666250.A[3]     15 4.4ms
                                    $techmap674611$abc$665779$lut$aiger665778$20848.A[4]      2 4.4ms
                  $techmap676306$auto$abc_ops_reintegrate.cc:611:reintegrate$666599.A[4]      4 4.4ms
                                    $techmap682120$abc$665779$lut$aiger665778$19438.A[3]      3 4.4ms
                                    $techmap679139$abc$665779$lut$aiger665778$68287.A[0]      4 4.3ms
                  $techmap678668$auto$abc_ops_reintegrate.cc:611:reintegrate$666129.A[3]      5 4.3ms
                  $techmap678317$auto$abc_ops_reintegrate.cc:611:reintegrate$666171.A[0]      9 4.3ms
                                                                 reader.reader.g2_l1[60]      7 4.3ms
                                                                 reader.reader.g2_l0[60]      7 4.3ms
                  $techmap677538$auto$abc_ops_reintegrate.cc:611:reintegrate$666311.A[0]     11 4.3ms
                                    $techmap675182$abc$665779$lut$aiger665778$29644.A[1]      5 4.3ms
                                                                 reader.reader.ph_cmd[1]      3 4.3ms
                  $techmap679871$auto$abc_ops_reintegrate.cc:611:reintegrate$665804.A[3]      6 4.3ms
                                    $techmap673807$abc$665779$lut$aiger665778$21160.A[3]      6 4.3ms
                                    $techmap674075$abc$665779$lut$aiger665778$22996.A[1]      8 4.3ms
                                                                 reader.reader.g2_l1[32]     10 4.3ms
                                    $techmap675460$abc$665779$lut$aiger665778$33095.A[2]     11 4.3ms
                                    $techmap674036$abc$665779$lut$aiger665778$22764.A[1]      4 4.3ms
                                    $techmap678523$abc$665779$lut$aiger665778$63813.A[0]      8 4.3ms
                                                                 reader.reader.g2_l1[52]     10 4.3ms
                  $techmap675860$auto$abc_ops_reintegrate.cc:611:reintegrate$666704.A[1]      6 4.3ms
                                                                 reader.reader.g2_l1[44]     10 4.3ms
                                         $techmap682777$abc$665779$lut$aiger$o25097.A[0]      2 4.3ms
                                     ddr3.ddr3_controller_inst.stage2_data_unaligned[72]      8 4.3ms
                  $techmap676508$auto$abc_ops_reintegrate.cc:611:reintegrate$666537.A[0]     11 4.3ms
                                                                reader.reader.ph_cmd[13]      3 4.2ms
                                    ddr3.ddr3_controller_inst.stage2_data_unaligned_d[8]      1 4.2ms
                                    ddr3.ddr3_controller_inst.stage2_data_unaligned[115]      6 4.2ms
                                                                            wb_rdata[75]      3 4.2ms
                                            $auto$alumacc.cc:548:replace_alu$93216.Y[22]      3 4.2ms
                                    $techmap674193$abc$665779$lut$aiger665778$23503.A[2]      8 4.2ms
                                                                 reader.reader.g2_l0[44]      7 4.2ms
                                     ddr3.ddr3_controller_inst.stage2_data_unaligned[11]      6 4.2ms
                                    $techmap678725$abc$665779$lut$aiger665778$64795.A[1]      8 4.2ms
                                            $techmap236720$auto$ff.cc:337:slice$111606.D      1 4.2ms
                                     ddr3.ddr3_controller_inst.stage2_data_unaligned[73]      7 4.2ms
                                    $techmap677844$abc$665779$lut$aiger665778$57410.A[0]      6 4.2ms
                                                                            wb_rdata[65]      3 4.2ms
                                                               reader.reader.sd_chkw[47]      1 4.2ms
                                    $techmap678466$abc$665779$lut$aiger665778$63253.A[0]      4 4.2ms
                                                                 reader.reader.g2_l2[13]      7 4.2ms
                  $techmap675599$auto$abc_ops_reintegrate.cc:611:reintegrate$666761.A[0]      9 4.2ms
                                                               reader.reader.s3_chkw[45]      1 4.2ms
                                    $techmap672962$abc$665779$lut$aiger665778$71610.A[1]      8 4.2ms
                                            $auto$alumacc.cc:548:replace_alu$93219.Y[12]      3 4.2ms
                  $techmap673691$auto$abc_ops_reintegrate.cc:611:reintegrate$666981.A[2]      6 4.2ms
                                    $techmap674101$abc$665779$lut$aiger665778$23010.A[1]     10 4.2ms
                  $techmap676110$auto$abc_ops_reintegrate.cc:611:reintegrate$666645.A[3]      6 4.1ms
                                     ddr3.ddr3_controller_inst.stage2_data_unaligned[90]      5 4.1ms
                  $techmap673690$auto$abc_ops_reintegrate.cc:611:reintegrate$666982.A[0]     11 4.1ms
                  $techmap676596$auto$abc_ops_reintegrate.cc:611:reintegrate$666510.A[1]      4 4.1ms
                                     ddr3.ddr3_controller_inst.stage2_data_unaligned[56]      8 4.1ms
                  $techmap675320$auto$abc_ops_reintegrate.cc:611:reintegrate$666823.A[1]     19 4.1ms
                                    $techmap678514$abc$665779$lut$aiger665778$63776.A[0]      7 4.1ms
                                    $techmap674311$abc$665779$lut$aiger665778$23959.A[2]      4 4.1ms
                                    $techmap677375$abc$665779$lut$aiger665778$52952.A[0]      6 4.1ms
                                    $techmap674174$abc$665779$lut$aiger665778$23430.A[1]      7 4.1ms
                                                                 reader.reader.g2_l1[37]      7 4.1ms
                                                                            wb_rdata[26]      3 4.1ms
                                            $techmap236521$auto$ff.cc:337:slice$110877.D      1 4.1ms
                  $techmap678193$auto$abc_ops_reintegrate.cc:611:reintegrate$666196.A[2]     14 4.1ms
                                    $techmap673808$abc$665779$lut$aiger665778$21192.A[0]      5 4.1ms
                  $techmap673293$auto$abc_ops_reintegrate.cc:611:reintegrate$667155.A[1]      4 4.1ms
                  $techmap675320$auto$abc_ops_reintegrate.cc:611:reintegrate$666823.A[2]      7 4.1ms
                                                                 reader.reader.g2_l2[16]      7 4.1ms
                                                     ddr3.ddr3_controller_inst.stage1_we      7 4.1ms
                                     ddr3.ddr3_controller_inst.stage2_data_unaligned[16]      8 4.1ms
                                                 ddr3.ddr3_controller_inst.dqs_store[28]      5 4.1ms
                                    ddr3.ddr3_controller_inst.stage2_data_unaligned[124]      7 4.1ms
                                    $techmap673060$abc$665779$lut$aiger665778$71327.A[3]      2 4.1ms
                                                                 reader.reader.g2_l1[62]     10 4.1ms
                  $techmap676234$auto$abc_ops_reintegrate.cc:611:reintegrate$666619.A[1]      5 4.1ms
                  $techmap672583$auto$abc_ops_reintegrate.cc:611:reintegrate$667656.A[1]      4 4.1ms
                                    $techmap674476$abc$665779$lut$aiger665778$24994.A[0]      6 4.1ms
                                    $techmap674115$abc$665779$lut$aiger665778$23058.A[4]      9 4.1ms
                                          ddr3.ddr3_controller_inst.write_ack_index_q[1]      7 4.0ms
                                                                   reader.reader.s4_p[0]      3 4.0ms
                                    $techmap674197$abc$665779$lut$aiger665778$23523.A[1]      8 4.0ms
                  $techmap679495$auto$abc_ops_reintegrate.cc:611:reintegrate$665983.A[1]      4 4.0ms
                                     ddr3.ddr3_controller_inst.stage2_data_unaligned[14]      6 4.0ms
                                    ddr3.ddr3_controller_inst.calib_data_randomized[123]      9 4.0ms
                                    ddr3.ddr3_controller_inst.calib_data_randomized[118]     10 4.0ms
                  $techmap677267$auto$abc_ops_reintegrate.cc:611:reintegrate$666375.A[2]      4 4.0ms
                                            ddr3.ddr3_controller_inst.stage1_next_row[4]     11 4.0ms
                                     ddr3.ddr3_controller_inst.stage2_data_unaligned[57]      7 4.0ms
                                                                 reader.reader.g2_l1[63]     10 4.0ms
                                                                 reader.reader.g2_l0[39]     10 4.0ms
                                                                  ddr3.iserdes_data[114]      2 4.0ms
                                                                 reader.reader.g3_l0[21]      1 4.0ms
                                                                   ddr3.iserdes_data[99]      2 4.0ms
                                    $techmap674923$abc$665779$lut$aiger665778$28114.A[2]      6 4.0ms
                                    $techmap674808$abc$665779$lut$aiger665778$27668.A[3]      2 4.0ms
                                    $techmap673775$abc$665779$lut$aiger665778$20777.A[0]      7 4.0ms
                                    $techmap678744$abc$665779$lut$aiger665778$64874.A[1]      3 4.0ms
                                                                         ddr3.bitslip[0]     18 4.0ms
                  $techmap676686$auto$abc_ops_reintegrate.cc:611:reintegrate$666494.A[1]      7 4.0ms
                                    $techmap680091$abc$665779$lut$not$aiger665778$8874.A      6 3.9ms
                                             $auto$alumacc.cc:548:replace_alu$93216.Y[8]      3 3.9ms
                                 ddr3.ddr3_controller_inst.read_test_address_counter[13]      5 3.9ms
                                                                 reader.reader.g2_l1[49]      7 3.9ms
                                                                   ddr3.iserdes_data[29]      2 3.9ms
                                            $auto$alumacc.cc:548:replace_alu$93219.Y[29]      3 3.9ms
                                                                            wb_rdata[39]      4 3.9ms
                                    $techmap674578$abc$665779$lut$aiger665778$25179.A[2]      3 3.9ms
                  $techmap677096$auto$abc_ops_reintegrate.cc:611:reintegrate$666411.A[1]      4 3.9ms
                                            ddr3.ddr3_controller_inst.stage1_next_row[5]     11 3.9ms
                                             $auto$alumacc.cc:548:replace_alu$93219.Y[8]      3 3.9ms
                                           ddr3.ddr3_controller_inst.stage1_next_row[11]     10 3.9ms
                                 ddr3.ddr3_controller_inst.check_test_address_counter[1]     10 3.9ms
                                    $techmap675611$abc$665779$lut$aiger665778$34785.A[2]     11 3.9ms
                                    $techmap678503$abc$665779$lut$aiger665778$63731.A[1]      7 3.9ms
                  $techmap677621$auto$abc_ops_reintegrate.cc:611:reintegrate$666292.A[1]      8 3.9ms
                                    $techmap674175$abc$665779$lut$aiger665778$23435.A[0]      7 3.9ms
                  $techmap673144$auto$abc_ops_reintegrate.cc:611:reintegrate$667261.A[1]      3 3.9ms
                             ddr3.ddr3_controller_inst.delay_before_read_counter_q[3][2]      5 3.9ms
                                                  ddr3.ddr3_controller_inst.stage2_do_wr      8 3.9ms
                                                                reader.reader.sd_chkw[9]      1 3.9ms
                                                                 reader.reader.g2_l1[24]     10 3.9ms
                                                                reader.reader.ph_cmd[23]      3 3.9ms
                                     ddr3.ddr3_controller_inst.stage2_data_unaligned[76]      6 3.9ms
                                                                            wb_rdata[13]      3 3.9ms
                  $techmap679533$auto$abc_ops_reintegrate.cc:611:reintegrate$665967.A[2]      6 3.9ms
                                            $auto$alumacc.cc:548:replace_alu$93216.Y[10]      3 3.9ms
                                    ddr3.ddr3_controller_inst.stage2_data_unaligned[113]      7 3.9ms
                                    $techmap674909$abc$665779$lut$aiger665778$27947.A[1]      8 3.9ms
                                    $techmap680106$abc$665779$lut$not$aiger665778$8922.A      6 3.9ms
                                     ddr3.ddr3_controller_inst.stage2_data_unaligned[17]      7 3.8ms
                                    $techmap676507$abc$665779$lut$aiger665778$43859.A[0]      6 3.8ms
                                    $techmap678693$abc$665779$lut$aiger665778$64667.A[1]      7 3.8ms
                                                                  reader.reader.g2_l1[3]     10 3.8ms
                  $techmap672935$auto$abc_ops_reintegrate.cc:611:reintegrate$667351.A[0]      2 3.8ms
                                         $techmap680315$abc$665779$lut$aiger$o23096.A[2]      2 3.8ms
                                                                 reader.reader.g2_l2[31]     10 3.8ms
                                                                 reader.reader.cycles[5]      2 3.8ms
                  $techmap676777$auto$abc_ops_reintegrate.cc:611:reintegrate$666468.A[1]      5 3.8ms
                  $techmap679473$auto$abc_ops_reintegrate.cc:611:reintegrate$665991.A[3]      3 3.8ms
                                    $techmap674429$abc$665779$lut$aiger665778$24828.A[0]      8 3.8ms
                                                                  ddr3.iserdes_data[117]      2 3.8ms
                                                                            wb_rdata[79]      4 3.8ms
                                                                              line_a[25]      1 3.8ms
                  $techmap674680$auto$abc_ops_reintegrate.cc:611:reintegrate$666898.A[0]      6 3.8ms
                                                                 reader.reader.g2_l0[14]      7 3.8ms
                                    $techmap683033$abc$665779$lut$aiger665778$75454.A[3]      3 3.8ms
                                    $techmap675187$abc$665779$lut$aiger665778$29653.A[0]      3 3.8ms
                                            $auto$alumacc.cc:548:replace_alu$93219.Y[37]      3 3.8ms
                                                                reader.reader.ph_max[25]      5 3.8ms
                  $techmap674333$auto$abc_ops_reintegrate.cc:611:reintegrate$666919.A[0]     10 3.8ms
                  $techmap676748$auto$abc_ops_reintegrate.cc:611:reintegrate$666479.A[1]      7 3.8ms
                  $techmap676710$auto$abc_ops_reintegrate.cc:611:reintegrate$666488.A[0]      3 3.8ms
                                    ddr3.ddr3_controller_inst.stage2_data_unaligned[118]     12 3.8ms
                                                                            wb_rdata[55]      3 3.8ms
                                               ddr3.ddr3_controller_inst.stage1_data[49]      2 3.8ms
                                                                 reader.reader.g2_l0[34]      7 3.8ms
                                                                 reader.reader.g2_l1[13]     10 3.7ms
                                    $techmap679463$abc$665779$lut$aiger665778$70627.A[1]      3 3.7ms
                                    $techmap676953$abc$665779$lut$aiger665778$25564.A[0]      8 3.7ms
                                    $techmap673066$abc$665779$lut$aiger665778$71289.A[0]      5 3.7ms
                                    ddr3.ddr3_controller_inst.stage2_data_unaligned[126]     12 3.7ms
                                                                 reader.reader.g2_l1[35]     10 3.7ms
                                    $techmap676514$abc$665779$lut$aiger665778$43965.A[0]      3 3.7ms
                  $techmap672549$auto$abc_ops_reintegrate.cc:611:reintegrate$667690.A[0]      2 3.7ms
                                    $techmap674835$abc$665779$lut$aiger665778$27279.A[3]      3 3.7ms
                                                                 reader.reader.g2_l0[53]      7 3.7ms
                  $techmap677368$auto$abc_ops_reintegrate.cc:611:reintegrate$666351.A[1]      6 3.7ms
                                                                 reader.reader.g2_l1[20]      7 3.7ms
                  $techmap677485$auto$abc_ops_reintegrate.cc:611:reintegrate$666324.A[2]      4 3.7ms
                                    $techmap677044$abc$665779$lut$aiger665778$49289.A[1]      3 3.7ms
                                                                 reader.reader.g2_l0[22]      7 3.7ms
                                                                 reader.reader.g2_l2[14]      7 3.7ms
                                                                   ddr3.iserdes_data[37]      2 3.7ms
                                    $techmap674221$abc$665779$lut$aiger665778$23609.A[0]      9 3.7ms
                                     ddr3.ddr3_controller_inst.stage2_data_unaligned[24]      8 3.7ms
                                    $techmap674172$abc$665779$lut$aiger665778$23422.A[2]      8 3.7ms
                                     ddr3.ddr3_controller_inst.stage2_data_unaligned[68]      6 3.7ms
                                    $techmap674106$abc$665779$lut$aiger665778$23031.A[0]      7 3.7ms
                                    $techmap674952$abc$665779$lut$aiger665778$28122.A[0]      8 3.7ms
                                            $auto$alumacc.cc:548:replace_alu$93216.Y[13]      3 3.7ms
                                    $techmap675157$abc$665779$lut$aiger665778$29560.A[3]      5 3.7ms
                                     ddr3.ddr3_controller_inst.stage2_data_unaligned[27]      6 3.7ms
                                                                 reader.reader.g2_l1[25]     10 3.7ms
                                                                 reader.reader.g2_l1[23]     10 3.7ms
                                    $techmap677221$abc$665779$lut$aiger665778$51227.A[0]      7 3.7ms
                                 ddr3.ddr3_controller_inst.read_test_address_counter[10]      5 3.7ms
                                                                                 s_b[37]      2 3.6ms
                                    $techmap673352$abc$665779$lut$aiger665778$17266.A[2]      5 3.6ms
                                    $techmap674939$abc$665779$lut$aiger665778$28146.A[0]      6 3.6ms
                                    $techmap673403$abc$665779$lut$aiger665778$17785.A[1]      4 3.6ms
                                    $techmap674223$abc$665779$lut$aiger665778$23617.A[2]      7 3.6ms
                                    $techmap675728$abc$665779$lut$aiger665778$35510.A[3]      2 3.6ms
                                    $techmap679999$abc$665779$lut$not$aiger665778$8034.A      4 3.6ms
                                    $techmap674910$abc$665779$lut$aiger665778$27952.A[2]      6 3.6ms
                                                                 reader.reader.g2_l2[26]      7 3.6ms
                                                                              line_a[12]      1 3.6ms
                                    $techmap677738$abc$665779$lut$aiger665778$56135.A[0]      6 3.6ms
                                       ddr3.ddr3_controller_inst.force_o_wb_stall_high_q      6 3.6ms
                  $techmap673811$auto$abc_ops_reintegrate.cc:611:reintegrate$666955.A[1]      9 3.6ms
                                                                              line_b[34]      2 3.6ms
                                    $techmap673755$abc$665779$lut$aiger665778$20632.A[1]      7 3.6ms
                                                                               line_a[4]      1 3.6ms
                                                                 reader.reader.g2_l0[49]     10 3.6ms
                                                                reader.reader.ph_cmd[30]      3 3.6ms
                                            $auto$alumacc.cc:548:replace_alu$93219.Y[31]      3 3.6ms
                                    $techmap676882$abc$665779$lut$aiger665778$48354.A[1]      2 3.6ms
                                                                  reader.reader.g2_l1[4]     10 3.6ms
                  $techmap674050$auto$abc_ops_reintegrate.cc:611:reintegrate$666943.A[1]     14 3.6ms
                                         $techmap674896$abc$665779$lut$aiger$o16347.A[2]      8 3.6ms
                                    $techmap678728$abc$665779$lut$aiger665778$64808.A[1]      7 3.6ms
                  $techmap673018$auto$abc_ops_reintegrate.cc:611:reintegrate$667310.A[1]      4 3.6ms
                                                                 reader.reader.ph_cmd[2]      3 3.6ms
                                    $techmap680010$abc$665779$lut$not$aiger665778$8071.A      4 3.6ms
                                    $techmap678502$abc$665779$lut$aiger665778$63726.A[2]      7 3.6ms
                                                               reader.reader.sd_chkw[16]      1 3.6ms
                  $techmap673196$auto$abc_ops_reintegrate.cc:611:reintegrate$667230.A[2]      2 3.6ms
                                              ddr3.ddr3_controller_inst.stage1_data[126]      2 3.5ms
                                      ddr3.ddr3_controller_inst.stage2_data_unaligned[3]      9 3.5ms
                                                                 reader.reader.g2_l1[30]      7 3.5ms
                                             $auto$alumacc.cc:548:replace_alu$93219.Y[6]      3 3.5ms
                                    ddr3.ddr3_controller_inst.stage2_data_unaligned[104]      8 3.5ms
                                    ddr3.ddr3_controller_inst.stage2_data_unaligned[123]      6 3.5ms
                                                                 reader.reader.ph_max[4]      5 3.5ms
                                    $techmap676515$abc$665779$lut$aiger665778$43974.A[1]      2 3.5ms
                                                                           wb_rdata[118]      4 3.5ms
                  $techmap677443$auto$abc_ops_reintegrate.cc:611:reintegrate$666336.A[1]      3 3.5ms
                                                                            wb_rdata[54]      4 3.5ms
                  $techmap675106$auto$abc_ops_reintegrate.cc:611:reintegrate$666858.A[1]     10 3.5ms
                                    $techmap674921$abc$665779$lut$aiger665778$28024.A[2]      7 3.5ms
                                                                 reader.reader.g2_l1[39]      7 3.5ms
                                    $techmap678521$abc$665779$lut$aiger665778$63805.A[2]      8 3.5ms
                                    $techmap678693$abc$665779$lut$aiger665778$64667.A[0]      7 3.5ms
                                                                reader.reader.cycles[31]      2 3.5ms
                  $techmap672647$auto$abc_ops_reintegrate.cc:611:reintegrate$667592.A[0]      4 3.5ms
                                                ddr3.ddr3_controller_inst.stage2_row[12]     10 3.5ms
                                                                           wb_rdata[121]      3 3.5ms
                                                           ddr3.idelay_dqs_cntvaluein[0]      6 3.5ms
                                                                 reader.reader.g2_l0[57]     10 3.5ms
                                                                 reader.reader.g2_l1[11]      7 3.5ms
                                                                  reader.reader.g2_l0[3]      7 3.5ms
                                    ddr3.ddr3_controller_inst.stage2_data_unaligned[110]      6 3.5ms
                                                                   reader.reader.dg0[24]      1 3.5ms
                  $techmap675404$auto$abc_ops_reintegrate.cc:611:reintegrate$666801.A[3]      7 3.5ms
                                    $techmap676992$abc$665779$lut$aiger665778$25594.A[0]      7 3.5ms
                  $techmap676722$auto$abc_ops_reintegrate.cc:611:reintegrate$666487.A[0]      8 3.5ms
                                    ddr3.ddr3_controller_inst.calib_data_randomized[101]     11 3.5ms
                                            ddr3.ddr3_controller_inst.dqs_start_index[4]     10 3.5ms
                                    $techmap674188$abc$665779$lut$aiger665778$23484.A[2]      7 3.5ms
                  $techmap672710$auto$abc_ops_reintegrate.cc:611:reintegrate$667529.A[1]      7 3.5ms
                                         $techmap681774$abc$665779$lut$aiger$o24488.A[0]      2 3.5ms
                                            ddr3.ddr3_controller_inst.read_lane_data[38]      4 3.5ms
                                                                 reader.reader.g2_l1[15]     10 3.5ms
                                     ddr3.ddr3_controller_inst.stage2_data_unaligned[82]      5 3.5ms
                                                ddr3.ddr3_controller_inst.stage1_pending      4 3.5ms
                                                                 reader.reader.g2_l2[28]     10 3.5ms
                                                                 reader.reader.g2_l1[28]      7 3.5ms
                                                                           wb_rdata[100]      4 3.5ms
                                    $techmap676297$abc$665779$lut$aiger665778$41954.A[1]      3 3.5ms
                                                                  reader.reader.g2_l2[3]      7 3.5ms
                                                                  reader.reader.g2_l1[5]     10 3.5ms
                                    $techmap674175$abc$665779$lut$aiger665778$23435.A[1]      6 3.5ms
                  $techmap677443$auto$abc_ops_reintegrate.cc:611:reintegrate$666336.A[3]      4 3.5ms
                                                                reader.reader.ph_max[20]      5 3.5ms
                  $techmap678132$auto$abc_ops_reintegrate.cc:611:reintegrate$666210.A[1]      8 3.5ms
                                     ddr3.ddr3_controller_inst.stage2_data_unaligned[54]      5 3.5ms
                                             $auto$alumacc.cc:548:replace_alu$93219.Y[5]      3 3.5ms
                                    $techmap678705$abc$665779$lut$aiger665778$64719.A[2]      7 3.5ms
                                    $techmap674197$abc$665779$lut$aiger665778$23523.A[2]      6 3.5ms
                                                                reader.reader.ph_max[21]      5 3.5ms
                                    $techmap678515$abc$665779$lut$aiger665778$63781.A[0]      8 3.4ms
                                         $techmap680579$abc$665779$lut$aiger$o23365.A[1]     11 3.4ms
                                                  ddr3.ddr3_controller_inst.dqs_store[9]      3 3.4ms
                                         $techmap681405$abc$665779$lut$aiger$o22444.A[2]      2 3.4ms
                                    $techmap674877$abc$665779$lut$aiger665778$27540.A[5]      2 3.4ms
                                    $techmap676969$abc$665779$lut$aiger665778$31425.A[0]      3 3.4ms
                                     ddr3.ddr3_controller_inst.stage2_data_unaligned[49]      7 3.4ms
                                     ddr3.ddr3_controller_inst.stage2_data_unaligned[65]      7 3.4ms
                                                  $abc$665779$lut$aiger665778$60869.A[6]      5 3.4ms
                                             $abc$665779$auto$rtlil.cc:3386:Mux$99579[5]      2 3.4ms
                                                                           wb_rdata[114]      4 3.4ms
                                                  $auto$maccmap.cc:240:synth$108954.Y[0]      8 3.4ms
                        ddr3.ddr3_controller_inst.delay_before_precharge_counter_d[6][0]      3 3.4ms
                  $techmap673196$auto$abc_ops_reintegrate.cc:611:reintegrate$667230.A[0]      8 3.4ms
                  $techmap674600$auto$abc_ops_reintegrate.cc:611:reintegrate$666900.A[2]      5 3.4ms
                                    $techmap676274$abc$665779$lut$aiger665778$41657.A[1]      4 3.4ms
                                ddr3.ddr3_controller_inst.write_test_address_counter[14]      5 3.4ms
                                                                   reader.reader.dg0[21]      1 3.4ms
                                    $techmap675216$abc$665779$lut$aiger665778$25938.A[2]      4 3.4ms
                                                                            wb_rdata[90]      3 3.4ms
                                                                   ddr3.iserdes_data[24]      2 3.4ms
                                    $techmap674115$abc$665779$lut$aiger665778$23058.A[2]      9 3.4ms
                                    $techmap680111$abc$665779$lut$not$aiger665778$8934.A      7 3.4ms
                                    $techmap678737$abc$665779$lut$aiger665778$64851.A[0]      5 3.4ms
                  $techmap674685$auto$abc_ops_reintegrate.cc:611:reintegrate$666896.A[1]      7 3.4ms
                                    $techmap674711$abc$665779$lut$aiger665778$26452.A[0]      4 3.4ms
                                                                reader.reader.ph_max[12]      5 3.4ms
                                      ddr3.ddr3_controller_inst.bank_active_row_d[3][12]      4 3.4ms
                                         $techmap683638$abc$665779$lut$aiger$o25063.A[1]      3 3.4ms
                                            $auto$alumacc.cc:548:replace_alu$93219.Y[30]      3 3.4ms
                                                                  reader.reader.g2_l0[9]     10 3.4ms
                                    $techmap674611$abc$665779$lut$aiger665778$20848.A[3]      3 3.4ms
                                           ddr3.ddr3_controller_inst.stage1_next_row[14]     10 3.4ms
                                    $techmap673425$abc$665779$lut$aiger665778$17869.A[0]      7 3.4ms
                                                                  reader.reader.g2_l0[0]      7 3.4ms
                                ddr3.ddr3_controller_inst.write_test_address_counter[23]      6 3.4ms
                                                 ddr3.ddr3_controller_inst.dqs_store[12]      4 3.4ms
                                    $techmap674384$abc$665779$lut$aiger665778$24302.A[2]      5 3.4ms
                                                                 reader.reader.g2_l0[30]      7 3.3ms
                                   $techmap680167$abc$665779$lut$not$aiger665778$11415.A      5 3.3ms
                                                                 reader.reader.g2_l1[27]      7 3.3ms
                                    $techmap681130$abc$665779$lut$aiger665778$59404.A[4]      5 3.3ms
                                                                  reader.reader.g2_l0[5]      7 3.3ms
                                    $techmap675140$abc$665779$lut$aiger665778$25872.A[0]      4 3.3ms
                                    $techmap679189$abc$665779$lut$aiger665778$68542.A[1]      6 3.3ms
                  $techmap676782$auto$abc_ops_reintegrate.cc:611:reintegrate$666467.A[2]      4 3.3ms
                  $techmap675599$auto$abc_ops_reintegrate.cc:611:reintegrate$666761.A[2]      6 3.3ms
                                    $techmap674922$abc$665779$lut$aiger665778$28027.A[0]      8 3.3ms
                                                                  ddr3.iserdes_data[121]      2 3.3ms
                                         $techmap680464$abc$665779$lut$aiger$o23047.A[0]      1 3.3ms
                                                                 reader.reader.g2_l1[31]      7 3.3ms
                                    $techmap674836$abc$665779$lut$aiger665778$27286.A[3]      2 3.3ms
                                                                              line_a[19]      1 3.3ms
                  $techmap672703$auto$abc_ops_reintegrate.cc:611:reintegrate$667536.A[0]      9 3.3ms
                                    $techmap678546$abc$665779$lut$aiger665778$63900.A[0]      4 3.3ms
                                                                            wb_rdata[48]      3 3.3ms
                                                                 reader.reader.ph_cmd[7]      3 3.3ms
                                    ddr3.ddr3_controller_inst.stage2_data_unaligned_d[5]      1 3.3ms
                                    $techmap674088$abc$665779$lut$aiger665778$22975.A[0]      7 3.3ms
                                    $techmap680104$abc$665779$lut$not$aiger665778$8924.A      7 3.3ms
                                                                   ddr3.iserdes_data[33]      2 3.3ms
                                    $techmap675172$abc$665779$lut$aiger665778$26155.A[1]      5 3.3ms
                                                                            wb_rdata[44]      4 3.3ms
                                           ddr3.ddr3_controller_inst.stage1_next_row[12]     10 3.3ms
                                    $techmap674956$abc$665779$lut$aiger665778$28191.A[1]      8 3.3ms
                                    $techmap674101$abc$665779$lut$aiger665778$23010.A[3]     11 3.3ms
                                                 ddr3.ddr3_controller_inst.dqs_store[30]      5 3.3ms
                                                                 reader.reader.g3_hi[39]      1 3.3ms
                  $techmap678364$auto$abc_ops_reintegrate.cc:611:reintegrate$666159.A[2]     15 3.3ms
                                    $techmap676959$abc$665779$lut$aiger665778$25576.A[0]      6 3.3ms
                                    $techmap674910$abc$665779$lut$aiger665778$27952.A[0]      6 3.3ms
                                                                  reader.reader.g2_l1[8]      7 3.3ms
                                                                reader.reader.ph_cmd[24]      3 3.3ms
                                                                 reader.reader.s5_inv[1]      1 3.3ms
                                         $techmap683283$abc$665779$lut$aiger$o16312.A[2]      7 3.3ms
                                                                 reader.reader.g3_lo[53]      1 3.3ms
                                    $techmap679374$abc$665779$lut$aiger665778$70060.A[4]      2 3.3ms
                                         $techmap682980$abc$665779$lut$aiger$o25482.A[2]      1 3.3ms
                                             $auto$alumacc.cc:548:replace_alu$93216.Y[5]      3 3.3ms
                                            $auto$alumacc.cc:548:replace_alu$93219.Y[15]      3 3.3ms
                                    $techmap678544$abc$665779$lut$aiger665778$63892.A[1]      3 3.3ms
                  $techmap677227$auto$abc_ops_reintegrate.cc:611:reintegrate$666383.A[0]      9 3.3ms
                                                                         ddr3.toggle_dqs      4 3.3ms
                                     ddr3.ddr3_controller_inst.stage2_data_unaligned[52]      6 3.3ms
                                    $techmap680081$abc$665779$lut$not$aiger665778$8851.A      6 3.3ms
                  $techmap677355$auto$abc_ops_reintegrate.cc:611:reintegrate$666355.A[1]      8 3.2ms
                                    $techmap674918$abc$665779$lut$aiger665778$27984.A[0]      7 3.2ms
                                                                reader.reader.cycles[10]      2 3.2ms
                                           $abc$665779$auto$rtlil.cc:3488:NotGate$227135      2 3.2ms
                                    $techmap678086$abc$665779$lut$aiger665778$59523.A[0]      7 3.2ms
                                    $techmap676384$abc$665779$lut$aiger665778$42503.A[2]      6 3.2ms
                                                ddr3.ddr3_controller_inst.calib_data[20]      1 3.2ms
                                    $techmap674190$abc$665779$lut$aiger665778$23492.A[2]      6 3.2ms
                                                                 reader.reader.g2_l2[19]     10 3.2ms
                                         $techmap681247$abc$665779$lut$aiger$o23388.A[2]      1 3.2ms
                                               ddr3.ddr3_controller_inst.stage1_data[15]      2 3.2ms
                  $techmap672985$auto$abc_ops_reintegrate.cc:611:reintegrate$667335.A[3]      8 3.2ms
                                 ddr3.ddr3_controller_inst.check_test_address_counter[0]      9 3.2ms
                                                ddr3.ddr3_controller_inst.stage2_bank[0]     14 3.2ms
                                    $techmap674090$abc$665779$lut$aiger665778$22980.A[1]     12 3.2ms
                  $techmap676327$auto$abc_ops_reintegrate.cc:611:reintegrate$666589.A[2]     10 3.2ms
                                                                 reader.reader.g2_l0[31]      7 3.2ms
                  $techmap677204$auto$abc_ops_reintegrate.cc:611:reintegrate$666388.A[2]      4 3.2ms
                                                                 reader.reader.g2_l1[36]      7 3.2ms
                                    $techmap675960$abc$665779$lut$aiger665778$38405.A[1]      3 3.2ms
                                      ddr3.ddr3_controller_inst.calib_data_randomized[0]      7 3.2ms
                                    $techmap679691$abc$665779$lut$aiger665778$73592.A[3]      2 3.2ms
                                                                   ddr3.iserdes_data[35]      2 3.2ms
Info: Router2 time 21.62s
Info: Routing $PACKER_VCC_NET connections...
Info:     $PACKER_VCC_NET: 2749/2749 sinks bridged (0 holdouts; max BFS 33)
Info: Routing $PACKER_GND_NET connections...
Info:     $PACKER_GND_NET HOLDOUT: $auto$alumacc.cc:548:replace_alu$92923.genblk1.slice[0].genblk1.carry4.DI1 (bel SLICE_X144Y169/CARRY4, wire SITEWIRE/SLICE_X144Y169/BCY0_OUT)
Info:     $PACKER_GND_NET HOLDOUT: $auto$alumacc.cc:548:replace_alu$92923.genblk1.slice[0].genblk1.carry4.DI2 (bel SLICE_X144Y169/CARRY4, wire SITEWIRE/SLICE_X144Y169/CCY0_OUT)
Info:     $PACKER_GND_NET HOLDOUT: $auto$alumacc.cc:548:replace_alu$93216.genblk1.slice[0].genblk1.carry4.DI1 (bel SLICE_X116Y141/CARRY4, wire SITEWIRE/SLICE_X116Y141/BCY0_OUT)
Info:     $PACKER_GND_NET HOLDOUT: $auto$alumacc.cc:548:replace_alu$93216.genblk1.slice[0].genblk1.carry4.DI2 (bel SLICE_X116Y141/CARRY4, wire SITEWIRE/SLICE_X116Y141/CCY0_OUT)
Info:     $PACKER_GND_NET HOLDOUT: $auto$alumacc.cc:548:replace_alu$93216.genblk1.slice[0].genblk1.carry4.DI3 (bel SLICE_X116Y141/CARRY4, wire SITEWIRE/SLICE_X116Y141/DCY0_OUT)
Info:     $PACKER_GND_NET: 1921/1926 sinks bridged (5 holdouts; max BFS 6883)
Info:     $auto$alumacc.cc:548:replace_alu$92923.genblk1.slice[0].genblk1.carry4.DI1 (bel SLICE_X144Y169/CARRY4): CARRY4 DI with S=1 never selected, left unrouted
Info:     $auto$alumacc.cc:548:replace_alu$92923.genblk1.slice[0].genblk1.carry4.DI2 (bel SLICE_X144Y169/CARRY4): CARRY4 DI with S=1 never selected, left unrouted
Info:     $auto$alumacc.cc:548:replace_alu$93216.genblk1.slice[0].genblk1.carry4.DI1 (bel SLICE_X116Y141/CARRY4): CARRY4 DI with S=1 never selected, left unrouted
Info:     $auto$alumacc.cc:548:replace_alu$93216.genblk1.slice[0].genblk1.carry4.DI2 (bel SLICE_X116Y141/CARRY4): CARRY4 DI with S=1 never selected, left unrouted
Info:     $auto$alumacc.cc:548:replace_alu$93216.genblk1.slice[0].genblk1.carry4.DI3 (bel SLICE_X116Y141/CARRY4): CARRY4 DI with S=1 never selected, left unrouted
Info: Constant holdouts: 0 local constant LUT(s) added, 0 re-route pass(es), 5 don't-care CARRY4 DI pin(s) left unrouted
Info: Running post-routing legalisation...
Info:     BUFHCE pass-through CE: 8 tied to VCC, 0 already driven, 0 could not be reached

Info: Critical path report for clock 'clk_ctrl' (posedge -> posedge):
Info: curr total
Info:  0.1  0.1  Source $auto$ff.cc:337:slice$115474.Q
Info:  2.0  2.1    Net ddr3.ddr3_controller_inst.stage2_pending budget 0.000000 ns (211,98) -> (220,124)
Info:                Sink $abc$665779$lut$aiger665778$17314.A1
Info:  0.1  2.2  Source $abc$665779$lut$aiger665778$17314.O6
Info:  0.3  2.5    Net $techmap673358$abc$665779$lut$aiger665778$17321.A[5] budget 0.000000 ns (220,124) -> (220,124)
Info:                Sink $abc$665779$lut$aiger665778$17321.A6
Info:  0.1  2.6  Source $abc$665779$lut$aiger665778$17321.O6
Info:  0.5  3.2    Net $techmap673359$abc$665779$lut$aiger665778$17322.A[1] budget 0.000000 ns (220,124) -> (220,125)
Info:                Sink $abc$665779$lut$aiger665778$17322.A4
Info:  0.1  3.3  Source $abc$665779$lut$aiger665778$17322.O6
Info:  0.2  3.5    Net $techmap673362$abc$665779$lut$aiger665778$17325.A[1] budget 0.000000 ns (220,125) -> (220,125)
Info:                Sink $abc$665779$lut$aiger665778$17754.A5
Info:  0.1  3.6  Source $abc$665779$lut$aiger665778$17754.O6
Info:  1.3  4.9    Net $techmap673401$abc$665779$lut$aiger665778$17784.A[4] budget 0.000000 ns (220,125) -> (214,118)
Info:                Sink $abc$665779$lut$aiger665778$17829.A4
Info:  0.1  5.0  Source $abc$665779$lut$aiger665778$17829.O6
Info:  1.7  6.7    Net $techmap673431$auto$abc_ops_reintegrate.cc:611:reintegrate$667105.A[4] budget 0.000000 ns (214,118) -> (227,128)
Info:                Sink $auto$abc_ops_reintegrate.cc:611:reintegrate$667089.A1
Info:  0.1  6.8  Source $auto$abc_ops_reintegrate.cc:611:reintegrate$667089.O6
Info:  0.5  7.3    Net ddr3.ddr3_controller_inst.bank_active_row_d[5][2] budget 0.000000 ns (227,128) -> (227,128)
Info:                Sink $abc$665779$lut$aiger665778$19830.A3
Info:  0.1  7.4  Source $abc$665779$lut$aiger665778$19830.O6
Info:  0.7  8.2    Net $techmap682218$abc$665779$lut$aiger665778$19843.A[3] budget 0.000000 ns (227,128) -> (221,128)
Info:                Sink $abc$665779$lut$aiger665778$19843.A1
Info:  0.1  8.3  Source $abc$665779$lut$aiger665778$19843.O6
Info:  1.0  9.3    Net $techmap682222$abc$665779$lut$aiger665778$19860.A[3] budget 0.000000 ns (221,128) -> (221,120)
Info:                Sink $abc$665779$lut$aiger665778$19860.A3
Info:  0.1  9.5  Source $abc$665779$lut$aiger665778$19860.O6
Info:  0.8 10.2    Net $techmap682240$abc$665779$lut$aiger665778$19919.A[3] budget 0.000000 ns (221,120) -> (220,114)
Info:                Sink $abc$665779$lut$aiger665778$19919.A4
Info:  0.1 10.4  Source $abc$665779$lut$aiger665778$19919.O6
Info:  0.9 11.3    Net $techmap682343$abc$665779$lut$aiger$o15556.A[3] budget 0.000000 ns (220,114) -> (211,113)
Info:                Sink $abc$665779$lut$aiger$o15556.A5
Info:  0.1 11.4  Source $abc$665779$lut$aiger$o15556.O6
Info:  0.0 11.5    Net ddr3.ddr3_controller_inst.o_wb_stall_int_d budget 0.055000 ns (211,113) -> (211,113)
Info:                Sink $auto$ff.cc:337:slice$116419.D
Info:  0.1 11.6  Setup $auto$ff.cc:337:slice$116419.D
Info: 1.6 ns logic, 10.0 ns routing

Info: Max frequency for clock 'clk_ctrl': 86.55 MHz (PASS at 83.33 MHz)

Info: Slack histogram:
Info:  legend: * represents 26 endpoint(s)
Info:          + represents [1,26) endpoint(s)
Info: [   446,   1007) |+
Info: [  1007,   1568) |*+
Info: [  1568,   2129) |****+
Info: [  2129,   2690) |*********+
Info: [  2690,   3251) |******************+
Info: [  3251,   3812) |**********************+
Info: [  3812,   4373) |********************************+
Info: [  4373,   4934) |***********************************+
Info: [  4934,   5495) |******************************************+
Info: [  5495,   6056) |***********************************************+
Info: [  6056,   6617) |**************************************+
Info: [  6617,   7178) |****************************+
Info: [  7178,   7739) |**************************************+
Info: [  7739,   8300) |************************************************+
Info: [  8300,   8861) |************************************************************ 
Info: [  8861,   9422) |**********************************************************+
Info: [  9422,   9983) |********************************+
Info: [  9983,  10544) |**************+
Info: [ 10544,  11105) |********************************************+
Info: [ 11105,  11666) |******************************+

