Info: Propagating clock constraints...
Info:     derived 200.0 MHz for net 'clk200_in' (through IBUFDS 'clk200_ibufds')
Info:     PLLE2_ADV 'pll': input 200.0 MHz, VCO 1200.0 MHz
Info:     derived 60.0 MHz for net 'ctrl_raw' (through PLLE2_ADV 'pll')
Info:     derived 240.0 MHz for net 'ddr_raw' (through PLLE2_ADV 'pll')
Info:     derived 200.0 MHz for net 'ref_raw' (through PLLE2_ADV 'pll')
Info:     derived 240.0 MHz for net 'ddr90_raw' (through PLLE2_ADV 'pll')
Info:     derived 1200.5 MHz for net 'pll_fb' (through PLLE2_ADV 'pll')
Info:     PLLE2_ADV 'pll': input 200.0 MHz, VCO 1200.0 MHz
Info: Packing constants..
Info: Inserting IO buffers..
Info:     IO port 'clk200_n' driven by IBUFDS 'clk200_ibufds'
Info:     IO port 'clk200_p' driven by IBUFDS 'clk200_ibufds'
Info:     IO port 'ddr3_cas_n' driven by OBUF '$iopadmap$tms_ddr3_loader_ax7203.ddr3_cas_n'
Info:     IO port 'ddr3_ck_n' driven by OBUFDS 'ddr3.ddr3_phy_inst.genblk4.genblk1.OBUFDS_inst'
Info:     IO port 'ddr3_ck_p' driven by OBUFDS 'ddr3.ddr3_phy_inst.genblk4.genblk1.OBUFDS_inst'
Info:     IO port 'ddr3_cke' driven by OBUF '$iopadmap$tms_ddr3_loader_ax7203.ddr3_cke'
Info:     IO port 'ddr3_cs_n' driven by OBUF '$iopadmap$tms_ddr3_loader_ax7203.ddr3_cs_n'
Info:     IO port 'ddr3_odt' driven by OBUF '$iopadmap$tms_ddr3_loader_ax7203.ddr3_odt'
Info:     IO port 'ddr3_ras_n' driven by OBUF '$iopadmap$tms_ddr3_loader_ax7203.ddr3_ras_n'
Info:     IO port 'ddr3_reset_n' driven by OBUF '$iopadmap$tms_ddr3_loader_ax7203.ddr3_reset_n'
Info:     IO port 'ddr3_we_n' driven by OBUF '$iopadmap$tms_ddr3_loader_ax7203.ddr3_we_n'
Info:     IO port 'rst_n' driven by IBUF '$iopadmap$tms_ddr3_loader_ax7203.rst_n'
Info:     IO port 'uart_rx' driven by IBUF '$iopadmap$tms_ddr3_loader_ax7203.uart_rx'
Info:     IO port 'uart_tx' driven by OBUF '$iopadmap$tms_ddr3_loader_ax7203.uart_tx'
Info:     IO port 'ddr3_addr[0]' driven by OBUF '$iopadmap$tms_ddr3_loader_ax7203.ddr3_addr'
Info:     IO port 'ddr3_addr[1]' driven by OBUF '$iopadmap$tms_ddr3_loader_ax7203.ddr3_addr_1'
Info:     IO port 'ddr3_addr[10]' driven by OBUF '$iopadmap$tms_ddr3_loader_ax7203.ddr3_addr_10'
Info:     IO port 'ddr3_addr[11]' driven by OBUF '$iopadmap$tms_ddr3_loader_ax7203.ddr3_addr_11'
Info:     IO port 'ddr3_addr[12]' driven by OBUF '$iopadmap$tms_ddr3_loader_ax7203.ddr3_addr_12'
Info:     IO port 'ddr3_addr[13]' driven by OBUF '$iopadmap$tms_ddr3_loader_ax7203.ddr3_addr_13'
Info:     IO port 'ddr3_addr[14]' driven by OBUF '$iopadmap$tms_ddr3_loader_ax7203.ddr3_addr_14'
Info:     IO port 'ddr3_addr[2]' driven by OBUF '$iopadmap$tms_ddr3_loader_ax7203.ddr3_addr_2'
Info:     IO port 'ddr3_addr[3]' driven by OBUF '$iopadmap$tms_ddr3_loader_ax7203.ddr3_addr_3'
Info:     IO port 'ddr3_addr[4]' driven by OBUF '$iopadmap$tms_ddr3_loader_ax7203.ddr3_addr_4'
Info:     IO port 'ddr3_addr[5]' driven by OBUF '$iopadmap$tms_ddr3_loader_ax7203.ddr3_addr_5'
Info:     IO port 'ddr3_addr[6]' driven by OBUF '$iopadmap$tms_ddr3_loader_ax7203.ddr3_addr_6'
Info:     IO port 'ddr3_addr[7]' driven by OBUF '$iopadmap$tms_ddr3_loader_ax7203.ddr3_addr_7'
Info:     IO port 'ddr3_addr[8]' driven by OBUF '$iopadmap$tms_ddr3_loader_ax7203.ddr3_addr_8'
Info:     IO port 'ddr3_addr[9]' driven by OBUF '$iopadmap$tms_ddr3_loader_ax7203.ddr3_addr_9'
Info:     IO port 'ddr3_ba[0]' driven by OBUF '$iopadmap$tms_ddr3_loader_ax7203.ddr3_ba'
Info:     IO port 'ddr3_ba[1]' driven by OBUF '$iopadmap$tms_ddr3_loader_ax7203.ddr3_ba_1'
Info:     IO port 'ddr3_ba[2]' driven by OBUF '$iopadmap$tms_ddr3_loader_ax7203.ddr3_ba_2'
Info:     IO port 'led[0]' driven by OBUF '$iopadmap$tms_ddr3_loader_ax7203.led'
Info:     IO port 'led[1]' driven by OBUF '$iopadmap$tms_ddr3_loader_ax7203.led_1'
Info:     IO port 'led[2]' driven by OBUF '$iopadmap$tms_ddr3_loader_ax7203.led_2'
Info:     IO port 'led[3]' driven by OBUF '$iopadmap$tms_ddr3_loader_ax7203.led_3'
Info:     IO port 'ddr3_dq[0]' driven by IOBUF 'ddr3.ddr3_phy_inst.genblk5[0].genblk1.IOBUF_data'
Info:     IO port 'ddr3_dq[10]' driven by IOBUF 'ddr3.ddr3_phy_inst.genblk5[10].genblk1.IOBUF_data'
Info:     IO port 'ddr3_dq[11]' driven by IOBUF 'ddr3.ddr3_phy_inst.genblk5[11].genblk1.IOBUF_data'
Info:     IO port 'ddr3_dq[12]' driven by IOBUF 'ddr3.ddr3_phy_inst.genblk5[12].genblk1.IOBUF_data'
Info:     IO port 'ddr3_dq[13]' driven by IOBUF 'ddr3.ddr3_phy_inst.genblk5[13].genblk1.IOBUF_data'
Info:     IO port 'ddr3_dq[14]' driven by IOBUF 'ddr3.ddr3_phy_inst.genblk5[14].genblk1.IOBUF_data'
Info:     IO port 'ddr3_dq[15]' driven by IOBUF 'ddr3.ddr3_phy_inst.genblk5[15].genblk1.IOBUF_data'
Info:     IO port 'ddr3_dq[1]' driven by IOBUF 'ddr3.ddr3_phy_inst.genblk5[1].genblk1.IOBUF_data'
Info:     IO port 'ddr3_dq[2]' driven by IOBUF 'ddr3.ddr3_phy_inst.genblk5[2].genblk1.IOBUF_data'
Info:     IO port 'ddr3_dq[3]' driven by IOBUF 'ddr3.ddr3_phy_inst.genblk5[3].genblk1.IOBUF_data'
Info:     IO port 'ddr3_dq[4]' driven by IOBUF 'ddr3.ddr3_phy_inst.genblk5[4].genblk1.IOBUF_data'
Info:     IO port 'ddr3_dq[5]' driven by IOBUF 'ddr3.ddr3_phy_inst.genblk5[5].genblk1.IOBUF_data'
Info:     IO port 'ddr3_dq[6]' driven by IOBUF 'ddr3.ddr3_phy_inst.genblk5[6].genblk1.IOBUF_data'
Info:     IO port 'ddr3_dq[7]' driven by IOBUF 'ddr3.ddr3_phy_inst.genblk5[7].genblk1.IOBUF_data'
Info:     IO port 'ddr3_dq[8]' driven by IOBUF 'ddr3.ddr3_phy_inst.genblk5[8].genblk1.IOBUF_data'
Info:     IO port 'ddr3_dq[9]' driven by IOBUF 'ddr3.ddr3_phy_inst.genblk5[9].genblk1.IOBUF_data'
Info:     IO port 'ddr3_dm[0]' driven by OBUF 'ddr3.ddr3_phy_inst.genblk6[0].genblk1.OBUF_dm'
Info:     IO port 'ddr3_dm[1]' driven by OBUF 'ddr3.ddr3_phy_inst.genblk6[1].genblk1.OBUF_dm'
Info:     IO port 'ddr3_dqs_p[0]' driven by IOBUFDS 'ddr3.ddr3_phy_inst.genblk7[0].genblk1.IOBUFDS_dqs'
Info:     IO port 'ddr3_dqs_n[0]' driven by IOBUFDS 'ddr3.ddr3_phy_inst.genblk7[0].genblk1.IOBUFDS_dqs'
Info:     IO port 'ddr3_dqs_p[1]' driven by IOBUFDS 'ddr3.ddr3_phy_inst.genblk7[1].genblk1.IOBUFDS_dqs'
Info:     IO port 'ddr3_dqs_n[1]' driven by IOBUFDS 'ddr3.ddr3_phy_inst.genblk7[1].genblk1.IOBUFDS_dqs'
Info:     Constraining 'clk200_n' to site 'IOB_X1Y123'
Info:     Tile 'RIOB33_X105Y123'
Info:     Constraining 'clk200_p' to site 'IOB_X1Y124'
Info:     Tile 'RIOB33_X105Y123'
Info:     Constraining 'ddr3_cas_n' to site 'IOB_X1Y125'
Info:     Tile 'RIOB33_X105Y125'
Info:     Constraining 'ddr3_ck_n' to site 'IOB_X1Y143'
Info:     Tile 'RIOB33_X105Y143'
Info:     Constraining 'ddr3_ck_p' to site 'IOB_X1Y144'
Info:     Tile 'RIOB33_X105Y143'
Info:     Constraining 'ddr3_cke' to site 'IOB_X1Y122'
Info:     Tile 'RIOB33_X105Y121'
Info:     Constraining 'ddr3_cs_n' to site 'IOB_X1Y134'
Info:     Tile 'RIOB33_X105Y133'
Info:     Constraining 'ddr3_odt' to site 'IOB_X1Y121'
Info:     Tile 'RIOB33_X105Y121'
Info:     Constraining 'ddr3_ras_n' to site 'IOB_X1Y126'
Info:     Tile 'RIOB33_X105Y125'
Info:     Constraining 'ddr3_reset_n' to site 'IOB_X1Y120'
Info:     Tile 'RIOB33_X105Y119'
Info:     Constraining 'ddr3_we_n' to site 'IOB_X1Y136'
Info:     Tile 'RIOB33_X105Y135'
Info:     Constraining 'rst_n' to site 'IOB_X1Y115'
Info:     Tile 'RIOB33_X105Y115'
Info:     Constraining 'uart_rx' to site 'IOB_X0Y149'
Info:     Tile 'LIOB33_SING_X0Y149'
Info:     Constraining 'uart_tx' to site 'IOB_X0Y100'
Info:     Tile 'LIOB33_SING_X0Y100'
Info:     Constraining 'ddr3_addr[0]' to site 'IOB_X1Y127'
Info:     Tile 'RIOB33_X105Y127'
Info:     Constraining 'ddr3_addr[1]' to site 'IOB_X1Y133'
Info:     Tile 'RIOB33_X105Y133'
Info:     Constraining 'ddr3_addr[10]' to site 'IOB_X1Y139'
Info:     Tile 'RIOB33_X105Y139'
Info:     Constraining 'ddr3_addr[11]' to site 'IOB_X1Y142'
Info:     Tile 'RIOB33_X105Y141'
Info:     Constraining 'ddr3_addr[12]' to site 'IOB_X1Y141'
Info:     Tile 'RIOB33_X105Y141'
Info:     Constraining 'ddr3_addr[13]' to site 'IOB_X1Y147'
Info:     Tile 'RIOB33_X105Y147'
Info:     Constraining 'ddr3_addr[14]' to site 'IOB_X1Y137'
Info:     Tile 'RIOB33_X105Y137'
Info:     Constraining 'ddr3_addr[2]' to site 'IOB_X1Y130'
Info:     Tile 'RIOB33_X105Y129'
Info:     Constraining 'ddr3_addr[3]' to site 'IOB_X1Y129'
Info:     Tile 'RIOB33_X105Y129'
Info:     Constraining 'ddr3_addr[4]' to site 'IOB_X1Y135'
Info:     Tile 'RIOB33_X105Y135'
Info:     Constraining 'ddr3_addr[5]' to site 'IOB_X1Y138'
Info:     Tile 'RIOB33_X105Y137'
Info:     Constraining 'ddr3_addr[6]' to site 'IOB_X1Y140'
Info:     Tile 'RIOB33_X105Y139'
Info:     Constraining 'ddr3_addr[7]' to site 'IOB_X1Y148'
Info:     Tile 'RIOB33_X105Y147'
Info:     Constraining 'ddr3_addr[8]' to site 'IOB_X1Y145'
Info:     Tile 'RIOB33_X105Y145'
Info:     Constraining 'ddr3_addr[9]' to site 'IOB_X1Y146'
Info:     Tile 'RIOB33_X105Y145'
Info:     Constraining 'ddr3_ba[0]' to site 'IOB_X1Y131'
Info:     Tile 'RIOB33_X105Y131'
Info:     Constraining 'ddr3_ba[1]' to site 'IOB_X1Y132'
Info:     Tile 'RIOB33_X105Y131'
Info:     Constraining 'ddr3_ba[2]' to site 'IOB_X1Y128'
Info:     Tile 'RIOB33_X105Y127'
Info:     Constraining 'led[0]' to site 'IOB_X0Y233'
Info:     Tile 'LIOB33_X0Y233'
Info:     Constraining 'led[1]' to site 'IOB_X0Y234'
Info:     Tile 'LIOB33_X0Y233'
Info:     Constraining 'led[2]' to site 'IOB_X0Y238'
Info:     Tile 'LIOB33_X0Y237'
Info:     Constraining 'led[3]' to site 'IOB_X0Y237'
Info:     Tile 'LIOB33_X0Y237'
Info:     Constraining 'ddr3_dq[0]' to site 'IOB_X1Y196'
Info:     Tile 'RIOB33_X105Y195'
Info:     Constraining 'ddr3_dq[10]' to site 'IOB_X1Y184'
Info:     Tile 'RIOB33_X105Y183'
Info:     Constraining 'ddr3_dq[11]' to site 'IOB_X1Y179'
Info:     Tile 'RIOB33_X105Y179'
Info:     Constraining 'ddr3_dq[12]' to site 'IOB_X1Y185'
Info:     Tile 'RIOB33_X105Y185'
Info:     Constraining 'ddr3_dq[13]' to site 'IOB_X1Y180'
Info:     Tile 'RIOB33_X105Y179'
Info:     Constraining 'ddr3_dq[14]' to site 'IOB_X1Y186'
Info:     Tile 'RIOB33_X105Y185'
Info:     Constraining 'ddr3_dq[15]' to site 'IOB_X1Y176'
Info:     Tile 'RIOB33_X105Y175'
Info:     Constraining 'ddr3_dq[1]' to site 'IOB_X1Y190'
Info:     Tile 'RIOB33_X105Y189'
Info:     Constraining 'ddr3_dq[2]' to site 'IOB_X1Y197'
Info:     Tile 'RIOB33_X105Y197'
Info:     Constraining 'ddr3_dq[3]' to site 'IOB_X1Y188'
Info:     Tile 'RIOB33_X105Y187'
Info:     Constraining 'ddr3_dq[4]' to site 'IOB_X1Y195'
Info:     Tile 'RIOB33_X105Y195'
Info:     Constraining 'ddr3_dq[5]' to site 'IOB_X1Y189'
Info:     Tile 'RIOB33_X105Y189'
Info:     Constraining 'ddr3_dq[6]' to site 'IOB_X1Y198'
Info:     Tile 'RIOB33_X105Y197'
Info:     Constraining 'ddr3_dq[7]' to site 'IOB_X1Y192'
Info:     Tile 'RIOB33_X105Y191'
Info:     Constraining 'ddr3_dq[8]' to site 'IOB_X1Y178'
Info:     Tile 'RIOB33_X105Y177'
Info:     Constraining 'ddr3_dq[9]' to site 'IOB_X1Y177'
Info:     Tile 'RIOB33_X105Y177'
Info:     Constraining 'ddr3_dm[0]' to site 'IOB_X1Y191'
Info:     Tile 'RIOB33_X105Y191'
Info:     Constraining 'ddr3_dm[1]' to site 'IOB_X1Y183'
Info:     Tile 'RIOB33_X105Y183'
Info:     Constraining 'ddr3_dqs_p[0]' to site 'IOB_X1Y194'
Info:     Tile 'RIOB33_X105Y193'
Info:     Constraining 'ddr3_dqs_n[0]' to site 'IOB_X1Y193'
Info:     Tile 'RIOB33_X105Y193'
Info:     Constraining 'ddr3_dqs_p[1]' to site 'IOB_X1Y182'
Info:     Tile 'RIOB33_X105Y181'
Info:     Constraining 'ddr3_dqs_n[1]' to site 'IOB_X1Y181'
Info:     Tile 'RIOB33_X105Y181'
Info: Generating output buffer for '$iopadmap$tms_ddr3_loader_ax7203.ddr3_cas_n'
Info: Generating output buffer for '$iopadmap$tms_ddr3_loader_ax7203.ddr3_cke'
Info: Generating output buffer for '$iopadmap$tms_ddr3_loader_ax7203.ddr3_cs_n'
Info: Generating output buffer for '$iopadmap$tms_ddr3_loader_ax7203.ddr3_odt'
Info: Generating output buffer for '$iopadmap$tms_ddr3_loader_ax7203.ddr3_ras_n'
Info: Generating output buffer for '$iopadmap$tms_ddr3_loader_ax7203.ddr3_reset_n'
Info: Generating output buffer for '$iopadmap$tms_ddr3_loader_ax7203.ddr3_we_n'
Info: Generating input buffer for '$iopadmap$tms_ddr3_loader_ax7203.rst_n'
Info: Generating input buffer for '$iopadmap$tms_ddr3_loader_ax7203.uart_rx'
Info: Generating output buffer for '$iopadmap$tms_ddr3_loader_ax7203.uart_tx'
Info: Generating output buffer for '$iopadmap$tms_ddr3_loader_ax7203.ddr3_addr'
Info: Generating output buffer for '$iopadmap$tms_ddr3_loader_ax7203.ddr3_addr_1'
Info: Generating output buffer for '$iopadmap$tms_ddr3_loader_ax7203.ddr3_addr_10'
Info: Generating output buffer for '$iopadmap$tms_ddr3_loader_ax7203.ddr3_addr_11'
Info: Generating output buffer for '$iopadmap$tms_ddr3_loader_ax7203.ddr3_addr_12'
Info: Generating output buffer for '$iopadmap$tms_ddr3_loader_ax7203.ddr3_addr_13'
Info: Generating output buffer for '$iopadmap$tms_ddr3_loader_ax7203.ddr3_addr_14'
Info: Generating output buffer for '$iopadmap$tms_ddr3_loader_ax7203.ddr3_addr_2'
Info: Generating output buffer for '$iopadmap$tms_ddr3_loader_ax7203.ddr3_addr_3'
Info: Generating output buffer for '$iopadmap$tms_ddr3_loader_ax7203.ddr3_addr_4'
Info: Generating output buffer for '$iopadmap$tms_ddr3_loader_ax7203.ddr3_addr_5'
Info: Generating output buffer for '$iopadmap$tms_ddr3_loader_ax7203.ddr3_addr_6'
Info: Generating output buffer for '$iopadmap$tms_ddr3_loader_ax7203.ddr3_addr_7'
Info: Generating output buffer for '$iopadmap$tms_ddr3_loader_ax7203.ddr3_addr_8'
Info: Generating output buffer for '$iopadmap$tms_ddr3_loader_ax7203.ddr3_addr_9'
Info: Generating output buffer for '$iopadmap$tms_ddr3_loader_ax7203.ddr3_ba'
Info: Generating output buffer for '$iopadmap$tms_ddr3_loader_ax7203.ddr3_ba_1'
Info: Generating output buffer for '$iopadmap$tms_ddr3_loader_ax7203.ddr3_ba_2'
Info: Generating output buffer for '$iopadmap$tms_ddr3_loader_ax7203.led'
Info: Generating output buffer for '$iopadmap$tms_ddr3_loader_ax7203.led_1'
Info: Generating output buffer for '$iopadmap$tms_ddr3_loader_ax7203.led_2'
Info: Generating output buffer for '$iopadmap$tms_ddr3_loader_ax7203.led_3'
Info: Generating input buffer for 'ddr3.ddr3_phy_inst.genblk5[0].genblk1.IOBUF_data'
Info: Generating output buffer for 'ddr3.ddr3_phy_inst.genblk5[0].genblk1.IOBUF_data'
Info: Generating input buffer for 'ddr3.ddr3_phy_inst.genblk5[10].genblk1.IOBUF_data'
Info: Generating output buffer for 'ddr3.ddr3_phy_inst.genblk5[10].genblk1.IOBUF_data'
Info: Generating input buffer for 'ddr3.ddr3_phy_inst.genblk5[11].genblk1.IOBUF_data'
Info: Generating output buffer for 'ddr3.ddr3_phy_inst.genblk5[11].genblk1.IOBUF_data'
Info: Generating input buffer for 'ddr3.ddr3_phy_inst.genblk5[12].genblk1.IOBUF_data'
Info: Generating output buffer for 'ddr3.ddr3_phy_inst.genblk5[12].genblk1.IOBUF_data'
Info: Generating input buffer for 'ddr3.ddr3_phy_inst.genblk5[13].genblk1.IOBUF_data'
Info: Generating output buffer for 'ddr3.ddr3_phy_inst.genblk5[13].genblk1.IOBUF_data'
Info: Generating input buffer for 'ddr3.ddr3_phy_inst.genblk5[14].genblk1.IOBUF_data'
Info: Generating output buffer for 'ddr3.ddr3_phy_inst.genblk5[14].genblk1.IOBUF_data'
Info: Generating input buffer for 'ddr3.ddr3_phy_inst.genblk5[15].genblk1.IOBUF_data'
Info: Generating output buffer for 'ddr3.ddr3_phy_inst.genblk5[15].genblk1.IOBUF_data'
Info: Generating input buffer for 'ddr3.ddr3_phy_inst.genblk5[1].genblk1.IOBUF_data'
Info: Generating output buffer for 'ddr3.ddr3_phy_inst.genblk5[1].genblk1.IOBUF_data'
Info: Generating input buffer for 'ddr3.ddr3_phy_inst.genblk5[2].genblk1.IOBUF_data'
Info: Generating output buffer for 'ddr3.ddr3_phy_inst.genblk5[2].genblk1.IOBUF_data'
Info: Generating input buffer for 'ddr3.ddr3_phy_inst.genblk5[3].genblk1.IOBUF_data'
Info: Generating output buffer for 'ddr3.ddr3_phy_inst.genblk5[3].genblk1.IOBUF_data'
Info: Generating input buffer for 'ddr3.ddr3_phy_inst.genblk5[4].genblk1.IOBUF_data'
Info: Generating output buffer for 'ddr3.ddr3_phy_inst.genblk5[4].genblk1.IOBUF_data'
Info: Generating input buffer for 'ddr3.ddr3_phy_inst.genblk5[5].genblk1.IOBUF_data'
Info: Generating output buffer for 'ddr3.ddr3_phy_inst.genblk5[5].genblk1.IOBUF_data'
Info: Generating input buffer for 'ddr3.ddr3_phy_inst.genblk5[6].genblk1.IOBUF_data'
Info: Generating output buffer for 'ddr3.ddr3_phy_inst.genblk5[6].genblk1.IOBUF_data'
Info: Generating input buffer for 'ddr3.ddr3_phy_inst.genblk5[7].genblk1.IOBUF_data'
Info: Generating output buffer for 'ddr3.ddr3_phy_inst.genblk5[7].genblk1.IOBUF_data'
Info: Generating input buffer for 'ddr3.ddr3_phy_inst.genblk5[8].genblk1.IOBUF_data'
Info: Generating output buffer for 'ddr3.ddr3_phy_inst.genblk5[8].genblk1.IOBUF_data'
Info: Generating input buffer for 'ddr3.ddr3_phy_inst.genblk5[9].genblk1.IOBUF_data'
Info: Generating output buffer for 'ddr3.ddr3_phy_inst.genblk5[9].genblk1.IOBUF_data'
Info: Generating output buffer for 'ddr3.ddr3_phy_inst.genblk6[0].genblk1.OBUF_dm'
Info: Generating output buffer for 'ddr3.ddr3_phy_inst.genblk6[1].genblk1.OBUF_dm'
Info:     Created 3 INVERTER cells from:
Info:              3x INV
Info:     Created 58 PAD cells from:
Info:             58x PAD
Info: Preparing clocking...
Info: Packing constants..
Info: Packing cfg...
Info: Packing PLLs...
Info:     Constrained PLLE2_ADV_PLLE2_ADV 'pll' to bel 'PLLE2_ADV_X1Y2/PLLE2_ADV' based on dedicated routing
Info:     PLL/MMCM: disconnected 28 const DRP/control pins (Vivado leaves them unrouted)
Info: Packing Gigabit Transceivers..
Info: Packing global buffers...
Info:     Constrained BUFGCTRL 'clk_ctrl_bufg' to bel 'BUFGCTRL_X0Y0/BUFGCTRL' based on dedicated routing
Info:     Constrained BUFGCTRL 'clk_ddr_90_bufg' to bel 'BUFGCTRL_X0Y1/BUFGCTRL' based on dedicated routing
Info:     Constrained BUFGCTRL 'clk_ddr_bufg' to bel 'BUFGCTRL_X0Y2/BUFGCTRL' based on dedicated routing
Info:     Constrained BUFGCTRL 'clk_ref_bufg' to bel 'BUFGCTRL_X0Y3/BUFGCTRL' based on dedicated routing
Info: Packing MUX[789]s..
Info: Packing carries (atomic CARRY4)..
Info:    Packed 842 CARRY4 cells into 179 chains (atomic).
Info: router2 PRECYINIT fix: 842 CARRY4 cells, 1021 constant carry pins disconnected
Info:    Carry-O relocation: 22 sum(s) duplicated, 22 CARRY4 split(s), 0 bit(s) skipped (unrelocatable)
Info: Packing LUTs..
Info:     Created 18721 SLICE_LUTX cells from:
Info:           6540x LUT1
Info:           2058x LUT2
Info:           2208x LUT3
Info:           1774x LUT4
Info:           4169x LUT5
Info:           1972x LUT6
Info: Packing DRAM..
Info:    Transformed 0 tied-low DRAM address inputs to be tied-high
Info: Packing BRAM..
Info: Packing DSPs..
Info: Packing flipflops..
Info:     Created 8377 SLICE_FFX cells from:
Info:           4711x FDCE
Info:             43x FDPE
Info:           3595x FDRE
Info:             28x FDSE
Info:     local-const FF control: disconnected 1442 SR(=GND) + 2760 CE(=VCC) pins from global nets
Info:     Created 51 SELMUX2_1 cells from:
Info:             50x MUXF7
Info:              1x MUXF8
Info: Constrained 4484 LUTFF pairs.

Info: Annotating ports with timing budgets for target frequency 12.00 MHz
Info: Checksum: 0x05ffaa2b

Info: Device utilisation:
Info: 	          SLICE_LUTX: 19953/269200     7%
Info: 	           SLICE_FFX:  8377/269200     3%
Info: 	              CARRY4:   864/33650     2%
Info: 	          PSEUDO_GND:     1/69165     0%
Info: 	          PSEUDO_VCC:     1/69165     0%
Info: 	               HARD0:     0/ 3960     0%
Info: 	            RAMB18E1:     0/  730     0%
Info: 	            FIFO18E1:     0/  365     0%
Info: 	        RAMBFIFO36E1:     0/  365     0%
Info: 	            RAMB36E1:     6/  365     1%
Info: 	             DSP48E1:     0/  740     0%
Info: 	                 PAD:    58/ 1062     5%
Info: 	       IOB33M_OUTBUF:     3/  240     1%
Info: 	       IOB33S_OUTBUF:     3/  240     1%
Info: 	        IOB33_OUTBUF:    48/  500     9%
Info: 	     IOB33M_INBUF_EN:     3/  240     1%
Info: 	     IOB33S_INBUF_EN:     0/  240     0%
Info: 	      IOB33_INBUF_EN:    18/  500     3%
Info: 	IOB33M_TERM_OVERRIDE:     0/  240     0%
Info: 	IOB33S_TERM_OVERRIDE:     0/  240     0%
Info: 	 IOB33_TERM_OVERRIDE:     0/  500     0%
Info: 	       PULL_OR_KEEP1:     0/  980     0%
Info: 	            IDELAYE2:    18/  500     3%
Info: 	        OLOGICE3_TFF:     0/  500     0%
Info: 	      OLOGICE3_OUTFF:     0/  500     0%
Info: 	       OLOGICE3_MISR:     0/  500     0%
Info: 	           OSERDESE2:    45/  500     9%
Info: 	        ILOGICE3_IFF:     0/  500     0%
Info: 	ILOGICE3_ZHOLD_DELAY:     0/  500     0%
Info: 	           ISERDESE2:    18/  500     3%
Info: 	                BUFR:     0/   40     0%
Info: 	               BUFIO:     0/   40     0%
Info: 	          IDELAYCTRL:     1/   10    10%
Info: 	            BUFGCTRL:     4/   32    12%
Info: 	            PCIE_2_1:     0/    1     0%
Info: 	               BSCAN:     0/    4     0%
Info: 	                BUFG:     0/   32     0%
Info: 	              BUFHCE:     0/  120     0%
Info: 	            DCIRESET:     0/    1     0%
Info: 	            DNA_PORT:     0/    1     0%
Info: 	           EFUSE_USR:     0/    1     0%
Info: 	           FRAME_ECC:     0/    1     0%
Info: 	       GTPE2_CHANNEL:     0/   16     0%
Info: 	        GTPE2_COMMON:     0/    4     0%
Info: 	         IBUFDS_GTE2:     0/    8     0%
Info: 	                ICAP:     0/    2     0%
Info: 	            INVERTER:     3/  240     1%
Info: 	          MMCME2_ADV:     0/   10     0%
Info: 	        OLOGICE2_TFF:     0/  500     0%
Info: 	      OLOGICE2_OUTFF:     0/  500     0%
Info: 	           PLLE2_ADV:     1/   10    10%
Info: 	           SELMUX2_1:    51/102950     0%
Info: 	             STARTUP:     0/    1     0%
Info: 	          USR_ACCESS:     0/    1     0%
Info: 	              BUFFER:     0/   82     0%
Info: 	        ILOGICE2_IFF:     0/  500     0%
Info: 	       OLOGICE2_MISR:     0/  500     0%

Info: HeAP congestion knobs: beta=0.400 spread_scale=2,1 alpha=0.080
Info: Placed 223 cells based on constraints.
Info: Creating initial analytic placement for 15079 cells, random placement wirelen = 6289484.
Info:     at initial placer iter 0, wirelen = 55111
Info:     at initial placer iter 1, wirelen = 52191
Info:     at initial placer iter 2, wirelen = 51091
Info:     at initial placer iter 3, wirelen = 51142
Info: Running main analytical placer.
Info:     at iteration #1, type ALL: wirelen solved = 50282, spread = 807060, legal = 823169; time = 0.58s
Info:     at iteration #2, type ALL: wirelen solved = 124612, spread = 461312, legal = 492995; time = 0.66s
Info:     at iteration #3, type ALL: wirelen solved = 145215, spread = 428351, legal = 447047; time = 0.56s
Info:     at iteration #4, type ALL: wirelen solved = 169940, spread = 377893, legal = 395503; time = 0.54s
Info:     at iteration #5, type ALL: wirelen solved = 188150, spread = 406221, legal = 414264; time = 0.51s
Info:     at iteration #6, type ALL: wirelen solved = 205442, spread = 398138, legal = 410223; time = 0.50s
Info:     at iteration #7, type ALL: wirelen solved = 215341, spread = 530917, legal = 540878; time = 0.48s
Info:     at iteration #8, type ALL: wirelen solved = 244982, spread = 413023, legal = 428225; time = 0.47s
Info:     at iteration #9, type ALL: wirelen solved = 243658, spread = 496419, legal = 503383; time = 0.46s
Info: HeAP Placer Time: 8.12s
Info:   of which solving equations: 4.24s
Info:   of which spreading cells: 0.73s
Info:   of which strict legalisation: 1.16s

Info: Running simulated annealing placer for refinement.
Info:   at iteration #1: temp = 0.000000, timing cost = 1118, wirelen = 395503
Info:   at iteration #5: temp = 0.000000, timing cost = 1148, wirelen = 362829
Info:   at iteration #10: temp = 0.000000, timing cost = 1258, wirelen = 359311
Info:   at iteration #15: temp = 0.000000, timing cost = 1276, wirelen = 358711
Info:   at iteration #20: temp = 0.000000, timing cost = 1226, wirelen = 358510
Info:   at iteration #22: temp = 0.000000, timing cost = 1261, wirelen = 358443 
Info: SA placement time 18.63s

Info: Max frequency for clock 'clk_ctrl': 62.30 MHz (PASS at 60.00 MHz)

Info: Slack histogram:
Info:  legend: * represents 54 endpoint(s)
Info:          + represents [1,54) endpoint(s)
Info: [   615,   1402) |+
Info: [  1402,   2189) |**+
Info: [  2189,   2976) |*+
Info: [  2976,   3763) |***+
Info: [  3763,   4550) |*****+
Info: [  4550,   5337) |******+
Info: [  5337,   6124) |****+
Info: [  6124,   6911) |************+
Info: [  6911,   7698) |******************+
Info: [  7698,   8485) |*******************+
Info: [  8485,   9272) |***********************+
Info: [  9272,  10059) |*********************************+
Info: [ 10059,  10846) |*************************************************+
Info: [ 10846,  11633) |************************************************************ 
Info: [ 11633,  12420) |*******************************************+
Info: [ 12420,  13207) |**********************+
Info: [ 13207,  13994) |********************+
Info: [ 13994,  14781) |**********************+
Info: [ 14781,  15568) |******************+
Info: [ 15568,  16355) |***********+
Info: Checksum: 0x8e3a1aaf
Info: Running post-placement legalisation...
Info: post-place repair: relocated 5664 stranded cluster(s)/cell(s) to valid bels
Info: Routing global clocks...
Info:     routing clock 'clk_ddr'
Info:     routing clock 'clk_ctrl'
Info:     routing clock 'clk200_in'
Info:     routing clock 'ctrl_raw'
Info:     routing clock 'ddr90_raw'
Info:     routing clock 'clk_ddr_90'
Info:     routing clock 'ddr_raw'
Info:     routing clock 'ref_raw'
Info:     routing clock 'clk_ref'
Info: Running router2...
Info: Setting up routing resources...
Info: Adopted 9800 pre-routed arc(s)
Info: Running main router loop...
Info:     iter=1 wires=448104 overused=15536 overuse=15983 archfail=NA
Info:     iter=2 wires=459298 overused=118 overuse=118 archfail=NA
Info:     iter=3 wires=459463 overused=0 overuse=0 archfail=0
Info: 1000 slowest nets by runtime:
        $techmap$techmap225413$auto$ff.cc:337:slice$154255.$auto$abc9_ops.cc:418:prep_bypass$225309.PRE   4754 1132.5ms
                                                                              ddr3.reset   2174 1060.6ms
                                                                     matvec.aw_stored[2]   1543 630.8ms
                            $techmap673867$auto$abc9_ops.cc:1552:reintegrate$664486.A[2]    237 608.7ms
                                                                      matvec.act_addr[3]    924 600.9ms
                                                                      matvec.act_addr[1]    924 594.5ms
                                                                     matvec.aw_stored[4]   1543 574.5ms
                                                                      matvec.act_addr[4]    924 571.4ms
                                                                      matvec.act_addr[2]    924 555.6ms
                                                                      matvec.act_addr[6]    924 549.7ms
                                                 ddr3.ddr3_controller_inst.index_wb_data    129 547.6ms
                                                                     matvec.aw_stored[5]   1543 505.3ms
                                                                     matvec.aw_stored[0]   1544 470.0ms
                                    $techmap673858$abc$663144$lut$aiger663143$46549.A[4]    128 463.3ms
                                  $abc$663144$memory\matvec.fq_hi$wren[6][0][0]$y$101201    128 454.9ms
                            $techmap671988$auto$abc9_ops.cc:1552:reintegrate$665002.A[0]    341 445.4ms
                                                                     matvec.aw_stored[3]   1543 444.0ms
                                                                      matvec.act_addr[5]    924 442.6ms
                                  $abc$663144$memory\matvec.fq_hi$wren[7][0][0]$y$101207    128 415.4ms
                                  $abc$663144$memory\matvec.fq_hi$wren[4][0][0]$y$101187    128 384.9ms
                                   $auto$memory_libmap.cc:1641:generate_demux$92734.Y[0]    176 372.2ms
                                                                     matvec.aw_stored[1]   1543 370.8ms
                                    $techmap671572$abc$663144$lut$aiger663143$24587.A[2]    341 342.7ms
                                  $abc$663144$memory\matvec.fq_hi$wren[2][0][0]$y$101171    128 342.5ms
                                   $auto$memory_libmap.cc:1641:generate_demux$92734.Y[6]    176 341.4ms
                                    $techmap673862$abc$663144$lut$aiger663143$46553.A[2]    128 324.8ms
                                    $techmap678332$abc$663144$lut$aiger663143$81706.A[2]    301 319.6ms
                                    $techmap673864$abc$663144$lut$aiger663143$46558.A[3]    128 316.2ms
                            $techmap672985$auto$abc9_ops.cc:1552:reintegrate$664727.A[0]    192 311.6ms
                            $techmap673867$auto$abc9_ops.cc:1552:reintegrate$664486.A[3]    128 308.4ms
                                    $techmap673858$abc$663144$lut$aiger663143$46549.A[3]    128 303.9ms
                                        ddr3.ddr3_controller_inst.data_start_index[0][6]    143 290.5ms
                                  $abc$663144$memory\matvec.fq_hi$wren[5][0][0]$y$101193    128 289.3ms
                            $techmap671849$auto$abc9_ops.cc:1552:reintegrate$665023.A[1]    203 286.2ms
        $flatten\ddr3.\ddr3_controller_inst.$shiftx$build/uberddr3/rtl/ddr3_controller.v:2225$27175.Y     64 281.4ms
                                                                               app_rst_n     50 277.2ms
                                    $techmap673862$abc$663144$lut$aiger663143$46553.A[1]    132 273.1ms
                            $techmap670635$auto$abc9_ops.cc:1552:reintegrate$665532.A[0]    182 270.6ms
                            $techmap671849$auto$abc9_ops.cc:1552:reintegrate$665023.A[3]    146 262.3ms
                            $techmap672301$auto$abc9_ops.cc:1552:reintegrate$664837.A[3]    191 260.5ms
                               $abc$663144$auto$opt_dff.cc:251:make_patterns_logic$83353    144 253.9ms
                                                    ddr3.ddr3_controller_inst.late_dq[0]    197 250.7ms
                                                 ddr3.ddr3_controller_inst.stage2_update    158 247.1ms
                                  $abc$663144$memory\matvec.fq_hi$wren[3][0][0]$y$101177    128 246.8ms
                                                          ddr3.ddr3_controller_inst.lane    135 246.7ms
                                    $techmap678339$abc$663144$lut$aiger663143$81715.A[1]    166 234.9ms
                                                                          calib_complete    128 227.9ms
                                    $techmap678339$abc$663144$lut$aiger663143$81715.A[5]    154 225.4ms
                                            $techmap228301$auto$ff.cc:337:slice$119457.D    144 224.3ms
                                  $abc$663144$memory\matvec.fq_hi$wren[0][0][0]$y$101153    128 224.1ms
                                   $auto$memory_libmap.cc:1641:generate_demux$92734.Y[5]    176 220.0ms
                            $techmap673422$auto$abc9_ops.cc:1552:reintegrate$664609.A[0]    149 216.2ms
                            $techmap671624$auto$abc9_ops.cc:1552:reintegrate$665037.A[4]    141 215.9ms
                               $abc$663144$auto$opt_dff.cc:251:make_patterns_logic$80890    113 214.5ms
                     $techmap682809$abc$663144$lut$flatten\master.$0\buf_valid[0:0].A[1]    157 213.3ms
                            $techmap675137$auto$abc9_ops.cc:1552:reintegrate$664082.A[0]    180 209.9ms
                                   $auto$memory_libmap.cc:1641:generate_demux$92734.Y[2]    176 206.7ms
                                   $auto$memory_libmap.cc:1641:generate_demux$92734.Y[4]    176 200.3ms
                            $techmap674549$auto$abc9_ops.cc:1552:reintegrate$664283.A[2]    188 198.5ms
                                  $abc$663144$memory\matvec.fq_hi$wren[1][0][0]$y$101161    128 196.7ms
                                   $auto$memory_libmap.cc:1641:generate_demux$92734.Y[1]    176 194.9ms
                                    $techmap671958$abc$663144$lut$aiger663143$28484.A[1]     77 184.4ms
                                    $techmap671632$abc$663144$lut$aiger663143$25577.A[1]    114 181.4ms
                                   $auto$memory_libmap.cc:1641:generate_demux$92734.Y[3]    176 181.3ms
                                        ddr3.ddr3_controller_inst.data_start_index[0][4]    208 180.2ms
                            $techmap674898$auto$abc9_ops.cc:1552:reintegrate$664168.A[0]     50 172.2ms
                                        ddr3.ddr3_controller_inst.data_start_index[1][1]    167 171.6ms
                               $abc$663144$auto$opt_dff.cc:251:make_patterns_logic$80811    184 168.5ms
                            $techmap671906$auto$abc9_ops.cc:1552:reintegrate$665011.A[1]    154 168.4ms
        $flatten\ddr3.\ddr3_controller_inst.$shiftx$build/uberddr3/rtl/ddr3_controller.v:2248$27187.Y     64 166.8ms
                                        ddr3.ddr3_controller_inst.data_start_index[1][0]    108 164.3ms
                                        ddr3.ddr3_controller_inst.data_start_index[0][5]    151 162.8ms
                            $techmap671620$auto$abc9_ops.cc:1552:reintegrate$665038.A[1]     55 162.6ms
                            $techmap671616$auto$abc9_ops.cc:1552:reintegrate$665039.A[0]    144 161.5ms
                     $techmap682949$abc$663144$lut$flatten\matvec.$0\y_pending[0:0].A[3]     45 159.1ms
                                    $techmap671571$abc$663144$lut$aiger663143$24595.A[0]     74 157.6ms
                                        ddr3.ddr3_controller_inst.data_start_index[0][2]    147 156.4ms
                            $techmap674597$auto$abc9_ops.cc:1552:reintegrate$664273.A[0]     41 155.9ms
                            $techmap671543$auto$abc9_ops.cc:1552:reintegrate$665047.A[3]     64 155.3ms
                   $techmap678343$abc$663144$lut$flatten\matvec.$0\act_rd[63:0][63].A[0]     64 154.2ms
                                                                           matvec.pop_go     55 147.3ms
                                                    ddr3.ddr3_controller_inst.late_dq[1]    196 146.8ms
                            $techmap671910$auto$abc9_ops.cc:1552:reintegrate$665010.A[1]    185 144.0ms
                                        ddr3.ddr3_controller_inst.data_start_index[1][5]    108 143.0ms
                                        ddr3.ddr3_controller_inst.data_start_index[1][4]    206 139.5ms
                            $techmap675137$auto$abc9_ops.cc:1552:reintegrate$664082.A[2]     57 139.0ms
                            $techmap673487$auto$abc9_ops.cc:1552:reintegrate$664592.A[2]     72 134.2ms
                                    $techmap671969$abc$663144$lut$aiger663143$28455.A[3]     68 133.1ms
                                    $techmap671969$abc$663144$lut$aiger663143$28455.A[4]     72 132.1ms
                                    $techmap671970$abc$663144$lut$aiger663143$28466.A[2]     81 130.7ms
                            $techmap671986$auto$abc9_ops.cc:1552:reintegrate$665003.A[0]    124 130.5ms
                                    $techmap672550$abc$663144$lut$aiger663143$36140.A[0]    109 126.3ms
        $flatten\ddr3.\ddr3_controller_inst.$shiftx$build/uberddr3/rtl/ddr3_controller.v:2248$27179.Y     64 124.8ms
                            $techmap673852$auto$abc9_ops.cc:1552:reintegrate$664488.A[0]     44 124.3ms
                                                                         master.read_ack    157 124.0ms
                                        ddr3.ddr3_controller_inst.data_start_index[0][3]    175 123.6ms
                            $techmap673891$auto$abc9_ops.cc:1552:reintegrate$664482.A[4]     48 120.8ms
                                    $techmap672028$abc$663144$lut$aiger663143$29434.A[1]     63 118.6ms
                            $techmap672383$auto$abc9_ops.cc:1552:reintegrate$664834.A[3]     82 118.1ms
                            $techmap672393$auto$abc9_ops.cc:1552:reintegrate$664831.A[3]     73 117.7ms
                                        ddr3.ddr3_controller_inst.data_start_index[0][1]    169 116.7ms
                            $techmap672299$auto$abc9_ops.cc:1552:reintegrate$664838.A[0]    111 115.2ms
                            $techmap671973$auto$abc9_ops.cc:1552:reintegrate$665007.A[2]     86 115.0ms
                                                             ddr3.ddr3_phy_inst.sync_rst     64 113.7ms
                            $techmap673487$auto$abc9_ops.cc:1552:reintegrate$664592.A[4]     70 113.7ms
                                            $techmap230138$auto$ff.cc:337:slice$101891.D     84 112.7ms
                                        ddr3.ddr3_controller_inst.data_start_index[1][3]    170 111.9ms
                                    $techmap672537$abc$663144$lut$aiger663143$36137.A[1]     44 110.1ms
                                            $techmap229285$auto$ff.cc:337:slice$116743.D     94 109.8ms
                            $techmap671862$auto$abc9_ops.cc:1552:reintegrate$665022.A[2]     59 107.8ms
                                        $techmap671374$abc$663144$lut\matvec.pop_go.A[5]     49 105.3ms
                            $techmap672576$auto$abc9_ops.cc:1552:reintegrate$664784.A[1]     70 105.1ms
                                    $techmap672537$abc$663144$lut$aiger663143$36137.A[3]     46 104.4ms
                                    $techmap671972$abc$663144$lut$aiger663143$28481.A[4]     62 104.4ms
                                                                                 mv_s_go     78 104.3ms
                            $techmap671988$auto$abc9_ops.cc:1552:reintegrate$665002.A[2]     60 101.2ms
                            $techmap672576$auto$abc9_ops.cc:1552:reintegrate$664784.A[0]    105 101.2ms
                                              ddr3.ddr3_controller_inst.stage2_bank_d[0]     47 101.1ms
                                            $techmap229963$auto$ff.cc:337:slice$102214.D     49 100.7ms
                            $techmap673560$auto$abc9_ops.cc:1552:reintegrate$664564.A[0]     43 100.4ms
                                            $techmap225724$auto$ff.cc:337:slice$147011.D     79 98.6ms
                                        ddr3.ddr3_controller_inst.data_start_index[1][2]    148 97.0ms
                               $abc$663144$auto$opt_dff.cc:251:make_patterns_logic$81249     64 96.6ms
                                        ddr3.ddr3_controller_inst.data_start_index[1][6]    104 95.0ms
                                    $techmap671901$abc$663144$lut$aiger663143$27080.A[0]     41 94.3ms
        $techmap682869$abc$663144$lut$auto$opt_dff.cc:251:make_patterns_logic$81317.A[3]    124 94.0ms
                                         ddr3.ddr3_controller_inst.stage1_next_bank_d[0]     44 92.3ms
                                        ddr3.ddr3_controller_inst.data_start_index[0][0]    107 87.2ms
                                    $techmap671971$abc$663144$lut$aiger663143$28473.A[3]     58 86.5ms
                            $techmap671777$auto$abc9_ops.cc:1552:reintegrate$665033.A[1]     43 85.9ms
                            $techmap672640$auto$abc9_ops.cc:1552:reintegrate$664778.A[1]     41 85.5ms
                                    $techmap672537$abc$663144$lut$aiger663143$36137.A[4]    111 85.1ms
        $flatten\ddr3.\ddr3_controller_inst.$shiftx$build/uberddr3/rtl/ddr3_controller.v:2225$27183.Y     64 85.0ms
                               $abc$663144$auto$opt_dff.cc:251:make_patterns_logic$81827    153 82.9ms
                            $techmap671526$auto$abc9_ops.cc:1552:reintegrate$665050.A[2]     44 82.8ms
                                                ddr3.ddr3_controller_inst.stage1_bank[0]     46 82.1ms
                            $techmap672077$auto$abc9_ops.cc:1552:reintegrate$664976.A[1]     46 81.9ms
                                                                        matvec.hq_lo[37]     43 80.2ms
                  $techmap679236$abc$663144$lut$flatten\matvec.$procmux$58689_Y[31].A[1]     64 78.8ms
                                            $techmap225415$auto$ff.cc:337:slice$154253.D     41 78.7ms
                            $techmap671737$auto$abc9_ops.cc:1552:reintegrate$665034.A[2]     66 77.4ms
                            $techmap671626$auto$abc9_ops.cc:1552:reintegrate$665036.A[0]     41 75.0ms
                                                                        matvec.hq_hi[37]     47 74.7ms
                                    $techmap671788$abc$663144$lut$aiger663143$26021.A[2]     67 74.0ms
                                                                        matvec.hq_hi[53]     43 72.2ms
                            $techmap676206$auto$abc9_ops.cc:1552:reintegrate$663682.A[0]     54 72.1ms
                                    $techmap679277$abc$663144$lut$aiger663143$43935.A[1]     42 71.7ms
                                    $techmap671792$abc$663144$lut$aiger663143$25999.A[0]     64 71.0ms
                                            $techmap225791$auto$ff.cc:337:slice$128785.D     78 69.8ms
                                                                        matvec.hq_hi[45]     42 69.2ms
                            $techmap671906$auto$abc9_ops.cc:1552:reintegrate$665011.A[2]     73 69.2ms
                            $techmap670635$auto$abc9_ops.cc:1552:reintegrate$665532.A[1]     41 67.8ms
                                                                              rd_addr[3]     65 67.6ms
                                              ddr3.ddr3_controller_inst.write_pattern[0]     44 66.9ms
                            $techmap676062$auto$abc9_ops.cc:1552:reintegrate$663721.A[3]     41 66.1ms
               $techmap679293$abc$663144$lut$flatten\transmitter.$0\count[31:0][31].A[2]     67 62.9ms
                                    $techmap676529$abc$663144$lut$aiger663143$71948.A[2]      2 62.2ms
                            $techmap672097$auto$abc9_ops.cc:1552:reintegrate$664970.A[5]     45 61.5ms
                                                                        matvec.hq_hi[54]     44 60.6ms
                                                                            wb_rdata[11]     23 58.8ms
                     $techmap682116$abc$663144$lut$flatten\loader.$0\pstate[7:0][1].A[1]     41 58.3ms
                                                                        matvec.hq_lo[31]     45 57.8ms
                                            ddr3.ddr3_controller_inst.dqs_start_index[0]     43 54.2ms
                                                                        matvec.hq_lo[15]     43 54.1ms
                                                                        matvec.hq_lo[13]     44 51.5ms
                                                                        matvec.hq_hi[55]     43 48.7ms
                                                                             wb_rdata[5]     23 48.3ms
                               $abc$663144$auto$opt_dff.cc:251:make_patterns_logic$82076     36 47.6ms
                                                                             wb_rdata[8]     23 46.9ms
                                                                        matvec.hq_hi[38]     48 46.1ms
                                            $techmap228368$auto$ff.cc:337:slice$119297.D     42 45.5ms
                                                                            wb_rdata[36]     21 44.3ms
                                                                        matvec.hq_lo[54]     41 43.7ms
                            $techmap670794$auto$abc9_ops.cc:1552:reintegrate$665386.A[1]     64 42.2ms
                               $abc$663144$auto$opt_dff.cc:251:make_patterns_logic$83325    129 42.2ms
                               $techmap675846$abc$663144$lut\matvec.result_read[20].A[1]     44 41.9ms
        $abc$663144$flatten\ddr3.\ddr3_phy_inst.$logic_not$build/uberddr3/rtl/ddr3_phy.v:1126$26157_Y      4 41.9ms
                                                                        matvec.hq_hi[39]     50 41.6ms
                                                                           wb_rdata[123]     19 41.6ms
                                                                            wb_rdata[76]     19 40.5ms
                                                                            wb_rdata[30]     22 40.4ms
                                                                        matvec.hq_lo[29]     45 39.2ms
                                    $techmap675903$abc$663144$lut$aiger663143$65480.A[2]      2 39.2ms
                                    $techmap671946$abc$663144$lut$aiger663143$28482.A[1]     30 38.8ms
                                    $techmap679215$abc$663144$lut$aiger663143$28018.A[1]     36 38.4ms
                                                                            wb_rdata[80]     19 37.4ms
                               $abc$663144$auto$opt_dff.cc:251:make_patterns_logic$81049     40 36.7ms
                                         ddr3.ddr3_controller_inst.stage1_next_bank_d[1]     38 35.9ms
                                                                            wb_rdata[38]     20 35.6ms
                                                                            wb_rdata[66]     19 35.3ms
                                                                             wb_rdata[9]     23 34.6ms
                               $abc$663144$auto$opt_dff.cc:251:make_patterns_logic$82722     16 34.3ms
                                                                        matvec.hq_lo[30]     45 34.2ms
                                                                            wb_rdata[15]     23 34.1ms
                                                                           wb_rdata[110]     19 33.7ms
                            $techmap671785$auto$abc9_ops.cc:1552:reintegrate$665029.A[4]     35 33.7ms
                                    $techmap671935$abc$663144$lut$aiger663143$28388.A[2]     41 33.5ms
                                                                            wb_rdata[19]     23 33.4ms
                                                                            wb_rdata[10]     23 33.1ms
                                    $techmap671933$abc$663144$lut$aiger663143$28393.A[0]     41 32.8ms
                            $techmap671593$auto$abc9_ops.cc:1552:reintegrate$665040.A[1]     32 32.1ms
                                                                            wb_rdata[72]     19 32.0ms
                                                                            wb_rdata[12]     23 31.7ms
                                        ddr3.ddr3_controller_inst.instruction_address[2]     22 31.6ms
                                                                            wb_rdata[42]     20 31.5ms
                                                                            wb_rdata[78]     19 31.4ms
                                                                  matvec.result_index[4]     12 31.4ms
                                                                  matvec.result_index[6]     12 31.3ms
                                                                            wb_rdata[14]     23 31.2ms
                                                                            wb_rdata[13]     23 31.0ms
                                                                 matvec.result_index[11]     12 30.9ms
                                                                        matvec.hq_lo[41]     30 30.8ms
                                                                           wb_rdata[118]     20 30.7ms
                                    $techmap676132$abc$663144$lut$aiger663143$67809.A[3]      2 30.3ms
                                                                            wb_rdata[33]     20 30.2ms
                                                                        matvec.hq_hi[19]     26 30.0ms
                                                                             wb_rdata[0]     23 29.9ms
                               $techmap675846$abc$663144$lut\matvec.result_read[20].A[0]     44 29.8ms
                                                                           committed_any      1 29.3ms
                                                                            wb_rdata[65]     20 29.1ms
                                                                        matvec.hq_hi[25]     33 29.1ms
                                                                            wb_rdata[22]     23 28.9ms
                                                                            wb_rdata[63]     21 28.8ms
                                                                               debug1[4]     24 28.6ms
                                                                  matvec.result_index[2]     12 28.4ms
                                                                        matvec.hq_lo[14]     42 28.4ms
                                                                            receiver.rx2     39 28.1ms
                                                                            wb_rdata[92]     19 28.1ms
                                                                             wb_rdata[1]     24 28.1ms
                                                                            wb_rdata[16]     23 28.0ms
                                                                           wb_rdata[117]     19 27.8ms
        $techmap682174$abc$663144$lut$auto$opt_dff.cc:251:make_patterns_logic$82844.A[2]     40 27.5ms
                                                                             wb_rdata[2]     24 27.4ms
                                                                            wb_rdata[97]     19 27.4ms
                                                                           wb_rdata[109]     19 27.1ms
                                                                  matvec.result_index[9]     12 27.1ms
                            $techmap670711$auto$abc9_ops.cc:1552:reintegrate$665456.A[1]      3 26.9ms
                            $techmap672749$auto$abc9_ops.cc:1552:reintegrate$664757.A[5]     31 26.6ms
                                           $abc$663144$auto$rtlil.cc:3574:NotGate$208333     20 26.5ms
                                                                             wb_rdata[6]     23 26.5ms
                                                                            wb_rdata[31]     22 26.5ms
                                                                            wb_rdata[96]     19 26.4ms
                            $techmap670763$auto$abc9_ops.cc:1552:reintegrate$665417.A[1]     62 26.4ms
                                                                        matvec.hq_hi[17]     34 26.3ms
                                                                            wb_rdata[48]     20 26.1ms
        $abc$663144$flatten\matvec.$8\dot_one$func$build/t27/specs/rtl/fpga_ddr3_matvec.v:2028$9811.dot_one_body.prod[31:0]$11001[10]     16 25.9ms
                                                                            wb_rdata[94]     19 25.9ms
                                    $techmap671582$abc$663144$lut$aiger663143$24543.A[2]     25 25.8ms
                                                                            wb_rdata[45]     20 25.7ms
                                                                           wb_rdata[126]     20 25.6ms
                            $techmap671551$auto$abc9_ops.cc:1552:reintegrate$665046.A[1]     35 25.5ms
                                                                        matvec.hq_hi[49]     33 25.3ms
                                                                           wb_rdata[127]     20 25.2ms
                                                                            wb_rdata[77]     19 25.1ms
                                                                            wb_rdata[25]     22 25.1ms
                                                                            wb_rdata[87]     19 25.1ms
                                                                            wb_rdata[67]     19 25.0ms
                                                                        matvec.hq_lo[59]     21 24.7ms
                                                                           wb_rdata[105]     19 24.7ms
        $abc$663144$flatten\matvec.$8\dot_one$func$build/t27/specs/rtl/fpga_ddr3_matvec.v:2034$9817.dot_one_body.prod[31:0]$11097[10]     16 24.7ms
                                                                            wb_rdata[37]     20 24.6ms
                                                ddr3.ddr3_controller_inst.stage1_bank[1]     37 24.6ms
                                                                           wb_rdata[115]     19 24.5ms
                                       ddr3.ddr3_controller_inst.delay_counter_is_zero_d     30 24.5ms
                                                                               debug1[1]     24 24.5ms
                                                                        matvec.hq_lo[22]     39 24.4ms
                                                                            wb_rdata[49]     20 24.3ms
                                                                        matvec.hq_hi[29]     39 24.2ms
                            $techmap672018$auto$abc9_ops.cc:1552:reintegrate$664993.A[2]     30 24.2ms
                            $techmap671886$auto$abc9_ops.cc:1552:reintegrate$665013.A[0]     34 24.2ms
                                                                            wb_rdata[68]     20 24.1ms
                                                                        matvec.hq_hi[24]     29 24.1ms
                                                                            wb_rdata[74]     19 24.1ms
                                                                            wb_rdata[26]     22 24.0ms
                                                                            wb_rdata[59]     20 24.0ms
                                                                            wb_rdata[20]     23 23.9ms
                               $abc$663144$auto$opt_dff.cc:251:make_patterns_logic$81403     32 23.9ms
                                                                           wb_rdata[125]     19 23.8ms
                                                                            wb_rdata[56]     21 23.8ms
                                                                            wb_rdata[35]     20 23.6ms
                                                                            wb_rdata[93]     19 23.6ms
                                                                           wb_rdata[113]     19 23.6ms
                                                                            wb_rdata[51]     20 23.5ms
                                                                            wb_rdata[40]     20 23.5ms
                                                                        matvec.hq_lo[56]     28 23.4ms
                                                                           wb_rdata[104]     19 23.3ms
                                                ddr3.ddr3_controller_inst.stage1_bank[2]     40 23.3ms
                                                                            wb_rdata[39]     20 23.3ms
                                                                            wb_rdata[95]     19 23.2ms
        $abc$663144$flatten\matvec.$8\dot_one$func$build/t27/specs/rtl/fpga_ddr3_matvec.v:2032$9815.dot_one_body.prod[31:0]$11065[10]     16 23.2ms
                                    $techmap671794$abc$663144$lut$aiger663143$26007.A[4]     40 23.2ms
                                                                            wb_rdata[47]     20 23.1ms
                                                                            wb_rdata[82]     19 22.9ms
                                                                          transmitter.tx      1 22.9ms
                                                                            wb_rdata[50]     20 22.9ms
                                                                            wb_rdata[55]     20 22.8ms
                                                                       loader.h_addr[31]     13 22.7ms
                                                                        matvec.hq_hi[21]     40 22.6ms
                                                                            wb_rdata[53]     20 22.6ms
                                                                            wb_rdata[18]     23 22.5ms
                                                                           wb_rdata[120]     19 22.5ms
                                                                            wb_rdata[75]     20 22.4ms
                                                                            wb_rdata[81]     19 22.3ms
                                                                            wb_rdata[85]     19 22.3ms
                                                                            wb_rdata[88]     19 22.2ms
                                                                            wb_rdata[91]     19 22.1ms
                                                                            wb_rdata[44]     20 22.1ms
                                                                            wb_rdata[61]     20 22.1ms
        $abc$663144$flatten\matvec.$8\dot_one$func$build/t27/specs/rtl/fpga_ddr3_matvec.v:2029$9812.dot_one_body.prod[31:0]$11017[10]     16 22.0ms
                                                                            wb_rdata[54]     20 22.0ms
                                      ddr3.ddr3_controller_inst.write_by_byte_counter[0]     29 21.9ms
                                                                            wb_rdata[83]     20 21.9ms
                               $abc$663144$auto$opt_dff.cc:251:make_patterns_logic$81215     39 21.9ms
                                                                            wb_rdata[60]     20 21.9ms
                                                                            wb_rdata[24]     23 21.9ms
                                                                           wb_rdata[101]     19 21.8ms
                                                                            wb_rdata[73]     19 21.6ms
                                    $techmap671582$abc$663144$lut$aiger663143$24543.A[1]     30 21.6ms
                                                                            wb_rdata[90]     19 21.5ms
                                    $techmap671874$abc$663144$lut$aiger663143$27057.A[1]     38 21.5ms
                                                                           wb_rdata[124]     19 21.5ms
        $abc$663144$flatten\loader.$logic_and$build/t27/specs/rtl/fpga_ddr3_loader.v:1622$929_Y     33 21.5ms
                            $techmap672114$auto$abc9_ops.cc:1552:reintegrate$664967.A[4]     19 21.4ms
                                                                           wb_rdata[103]     19 21.4ms
                                                                            wb_rdata[23]     24 21.4ms
                                      ddr3.ddr3_controller_inst.write_by_byte_counter[1]     22 21.4ms
                                                                             wb_rdata[3]     24 21.4ms
                                                                            wb_rdata[69]     20 21.3ms
                                                                         matvec.hq_lo[9]     31 21.3ms
                                                                            wb_rdata[29]     23 21.3ms
                                                                               debug1[0]     35 21.3ms
                                                                           wb_rdata[116]     19 21.3ms
                                                                             wb_rdata[4]     23 21.3ms
                            $techmap672090$auto$abc9_ops.cc:1552:reintegrate$664974.A[2]     35 21.2ms
                                                                            wb_rdata[86]     19 21.2ms
                                                                        matvec.hq_lo[61]     38 21.1ms
                                                                            wb_rdata[79]     19 21.0ms
                                                                           wb_rdata[121]     19 20.9ms
                                                                            wb_rdata[58]     21 20.9ms
                               $abc$663144$auto$opt_dff.cc:251:make_patterns_logic$82956     32 20.9ms
                                                                            wb_rdata[84]     19 20.8ms
                            $techmap670932$auto$abc9_ops.cc:1552:reintegrate$665309.A[2]     35 20.7ms
                                                                           wb_rdata[119]     19 20.7ms
        $techmap682723$abc$663144$lut$auto$opt_dff.cc:251:make_patterns_logic$100928.A[1]     32 20.7ms
                                                                        matvec.hq_lo[62]     38 20.7ms
                                                                           wb_rdata[100]     19 20.6ms
                                                                  matvec.result_index[3]     12 20.6ms
                                    $techmap671935$abc$663144$lut$aiger663143$28388.A[0]     35 20.6ms
                            $techmap671620$auto$abc9_ops.cc:1552:reintegrate$665038.A[0]     27 20.5ms
                                                                            wb_rdata[28]     22 20.5ms
                                                                            wb_rdata[62]     21 20.5ms
                                    $techmap674896$abc$663144$lut$aiger663143$55030.A[4]     33 20.5ms
                                                                        matvec.hq_lo[47]     38 20.4ms
                            $techmap675045$auto$abc9_ops.cc:1552:reintegrate$664107.A[3]      5 20.4ms
                    $techmap682883$abc$663144$lut$flatten\matvec.$0\mstate[31:0][0].A[4]     35 20.4ms
                                                                         matvec.hq_lo[5]     38 20.3ms
                                    $techmap674322$abc$663144$lut$aiger663143$50955.A[2]     19 20.3ms
        $abc$663144$flatten\matvec.$8\dot_one$func$build/t27/specs/rtl/fpga_ddr3_matvec.v:2030$9813.dot_one_body.prod[31:0]$11033[10]     16 20.2ms
                               $abc$663144$auto$opt_dff.cc:251:make_patterns_logic$83369     28 20.2ms
                            $techmap675221$auto$abc9_ops.cc:1552:reintegrate$664040.A[3]      5 20.1ms
                                                                     ddr3.dq_tri_control     18 20.1ms
                                                                        matvec.hq_lo[32]     31 20.1ms
                                                                            wb_rdata[17]     23 20.0ms
                  $techmap678856$abc$663144$lut$flatten\matvec.$procmux$58032_Y[39].A[2]     40 19.6ms
                                      ddr3.ddr3_controller_inst.write_by_byte_counter[2]     30 19.6ms
                                                                                 any_nak      1 19.5ms
                            $techmap676580$auto$abc9_ops.cc:1552:reintegrate$663562.A[2]     32 19.5ms
                                            ddr3.ddr3_controller_inst.dqs_start_index[1]     36 19.5ms
                            $techmap671737$auto$abc9_ops.cc:1552:reintegrate$665034.A[1]     39 19.4ms
                                                                        matvec.hq_lo[55]     41 19.4ms
                                                                           wb_rdata[122]     19 19.2ms
                                                                            wb_rdata[71]     19 19.1ms
                                    $techmap672587$abc$663144$lut$aiger663143$36185.A[0]     35 19.1ms
                            $techmap676762$auto$abc9_ops.cc:1552:reintegrate$663515.A[1]     29 19.0ms
                                                                            wb_rdata[64]     19 19.0ms
                                                                            wb_rdata[21]     23 19.0ms
                               $abc$663144$auto$opt_dff.cc:251:make_patterns_logic$82381     32 19.0ms
                            $techmap671976$auto$abc9_ops.cc:1552:reintegrate$665006.A[1]     39 18.9ms
                                                                            wb_rdata[27]     22 18.8ms
                                                                        matvec.hq_hi[33]     37 18.8ms
        $abc$663144$flatten\matvec.$8\dot_one$func$build/t27/specs/rtl/fpga_ddr3_matvec.v:2031$9814.dot_one_body.prod[31:0]$11049[10]     16 18.7ms
                                                                        matvec.hq_hi[23]     39 18.7ms
                                              ddr3.ddr3_controller_inst.stage2_bank_d[1]     36 18.6ms
                                                                           wb_rdata[107]     19 18.6ms
                                                                        matvec.hq_lo[40]     27 18.6ms
                                                ddr3.ddr3_controller_inst.stage2_pending     30 18.5ms
                            $techmap675558$auto$abc9_ops.cc:1552:reintegrate$663903.A[4]      5 18.5ms
        $abc$663144$flatten\matvec.$8\dot_one$func$build/t27/specs/rtl/fpga_ddr3_matvec.v:2027$9810.dot_one_body.prod[31:0]$10985[10]     16 18.5ms
                                                                            wb_rdata[57]     20 18.5ms
                                    $techmap674322$abc$663144$lut$aiger663143$50955.A[3]     17 18.5ms
                                                                            wb_rdata[89]     19 18.4ms
                                                                        matvec.hq_hi[16]     29 18.4ms
                                        ddr3.ddr3_controller_inst.instruction_address[3]     29 18.4ms
                               $abc$663144$auto$opt_dff.cc:251:make_patterns_logic$82158     32 18.4ms
                                                                        matvec.hq_lo[45]     38 18.4ms
                                                                            wb_rdata[43]     20 18.3ms
                            $techmap671593$auto$abc9_ops.cc:1552:reintegrate$665040.A[0]     28 18.3ms
                                                                            wb_rdata[34]     20 18.1ms
                            $techmap676769$auto$abc9_ops.cc:1552:reintegrate$663514.A[1]     27 18.0ms
                  $techmap679246$abc$663144$lut$flatten\loader.$procmux$73481_Y[31].A[2]     32 17.9ms
                            $techmap670932$auto$abc9_ops.cc:1552:reintegrate$665309.A[3]     34 17.8ms
                                                                       loader.h_addr[24]     11 17.7ms
                                                                  matvec.result_index[8]     12 17.7ms
                                              ddr3.ddr3_controller_inst.stage2_bank_d[2]     33 17.7ms
                                                                            wb_rdata[70]     19 17.7ms
                            $techmap671824$auto$abc9_ops.cc:1552:reintegrate$665025.A[0]     23 17.7ms
                                    $techmap671816$abc$663144$lut$aiger663143$26027.A[0]     20 17.6ms
                                                                        matvec.hq_lo[63]     37 17.6ms
                                                                           wb_rdata[111]     19 17.6ms
                                                                           wb_rdata[108]     19 17.6ms
                            $techmap674494$auto$abc9_ops.cc:1552:reintegrate$664295.A[0]     10 17.6ms
                                                                           wb_rdata[106]     19 17.5ms
                                                                            wb_rdata[52]     20 17.5ms
                            $techmap671782$auto$abc9_ops.cc:1552:reintegrate$665030.A[2]     33 17.5ms
                                                                 matvec.result_index[10]     12 17.5ms
                                                                        matvec.hq_lo[58]     23 17.4ms
                            $techmap673084$auto$abc9_ops.cc:1552:reintegrate$664716.A[2]     16 17.4ms
                                                                        matvec.hq_hi[47]     40 17.4ms
                                                                            wb_rdata[99]     20 17.4ms
                                                                        matvec.hq_hi[40]     27 17.4ms
                                                                                clk_ctrl   9714 17.3ms
                                                                           wb_rdata[114]     19 17.2ms
                                                                       loader.h_addr[19]     12 17.1ms
                               $abc$663144$auto$opt_dff.cc:251:make_patterns_logic$81283     32 17.1ms
                                                                        matvec.hq_hi[30]     39 17.1ms
                               $abc$663144$auto$opt_dff.cc:251:make_patterns_logic$81242     32 17.1ms
                            $techmap671406$auto$abc9_ops.cc:1552:reintegrate$665126.A[2]     23 16.9ms
                            $techmap673534$auto$abc9_ops.cc:1552:reintegrate$664573.A[0]     10 16.9ms
                                    $techmap674377$abc$663144$lut$aiger663143$51223.A[1]     14 16.7ms
                                                                            wb_rdata[46]     20 16.7ms
                                                                        loader.h_addr[1]     13 16.7ms
                            $techmap676206$auto$abc9_ops.cc:1552:reintegrate$663682.A[3]     19 16.6ms
                                                                            wb_rdata[41]     20 16.5ms
        $techmap671827$abc$663144$lut$auto$opt_dff.cc:251:make_patterns_logic$80899.A[1]     24 16.5ms
                            $techmap674597$auto$abc9_ops.cc:1552:reintegrate$664273.A[4]     27 16.5ms
                               $abc$663144$auto$opt_dff.cc:251:make_patterns_logic$82813     31 16.5ms
                                            $techmap225418$auto$ff.cc:337:slice$153856.D     39 16.5ms
                                                                        matvec.hq_hi[58]     25 16.4ms
                                    $techmap675670$abc$663144$lut$aiger663143$62756.A[2]      2 16.4ms
                                    $techmap682162$abc$663144$lut$aiger663143$39068.A[4]     34 16.3ms
                                                                        matvec.hq_lo[46]     36 16.3ms
                                                                        matvec.hq_hi[32]     33 16.2ms
                                                                        matvec.hq_lo[17]     34 16.1ms
                            $techmap677482$auto$abc9_ops.cc:1552:reintegrate$663321.A[2]     22 16.1ms
                               $abc$663144$auto$opt_dff.cc:251:make_patterns_logic$81853     32 16.1ms
                                                                        matvec.hq_hi[46]     40 16.1ms
                            $techmap677361$auto$abc9_ops.cc:1552:reintegrate$663374.A[3]     18 16.1ms
                                                 ddr3.ddr3_controller_inst.stage2_do_act     29 16.0ms
                                                                        matvec.hq_lo[23]     40 16.0ms
                                    $techmap671591$abc$663144$lut$aiger663143$24532.A[1]     25 16.0ms
                                    $techmap676750$abc$663144$lut$aiger663143$73797.A[1]     28 16.0ms
                                                                        matvec.hq_lo[38]     40 15.8ms
                                                                        matvec.hq_hi[18]     29 15.7ms
                                        ddr3.ddr3_controller_inst.instruction_address[4]     27 15.6ms
                                                                        matvec.hq_hi[14]     39 15.6ms
                            $techmap673229$auto$abc9_ops.cc:1552:reintegrate$664669.A[1]     35 15.6ms
                                            $techmap229050$auto$ff.cc:337:slice$117901.D     20 15.5ms
                               $abc$663144$auto$opt_dff.cc:251:make_patterns_logic$80677     32 15.5ms
                            $techmap673266$auto$abc9_ops.cc:1552:reintegrate$664656.A[2]     32 15.5ms
                            $techmap674966$auto$abc9_ops.cc:1552:reintegrate$664139.A[2]     20 15.5ms
                                          ddr3.ddr3_controller_inst.start_index_check[5]     34 15.5ms
                                                                               debug1[2]     26 15.4ms
                                    $techmap670929$abc$663144$lut$aiger663143$28028.A[1]     35 15.4ms
        $techmap87133$flatten\master.$gt$build/t27/specs/rtl/fpga_loader_wb.v:510$9444.Y     32 15.3ms
                                                                             wb_rdata[7]     23 15.3ms
                                                                        matvec.hq_lo[51]     20 15.3ms
                            $techmap672715$auto$abc9_ops.cc:1552:reintegrate$664776.A[2]     21 15.3ms
                               $abc$663144$auto$opt_dff.cc:251:make_patterns_logic$80885     16 15.3ms
                                                                        matvec.hq_hi[31]     40 15.3ms
                            $techmap677350$auto$abc9_ops.cc:1552:reintegrate$663377.A[1]     30 15.3ms
                                                                        matvec.hq_lo[24]     32 15.2ms
                                                                         matvec.hq_lo[7]     40 15.2ms
                $techmap679282$abc$663144$lut$flatten\loader.$0\port_wait[31:0][31].A[1]     32 15.2ms
                            $techmap671626$auto$abc9_ops.cc:1552:reintegrate$665036.A[1]     36 15.1ms
                                                                           wb_rdata[102]     19 15.1ms
        $abc$663144$flatten\matvec.$8\dot_one$func$build/t27/specs/rtl/fpga_ddr3_matvec.v:2033$9816.dot_one_body.prod[31:0]$11081[10]     16 15.1ms
                            $techmap675598$auto$abc9_ops.cc:1552:reintegrate$663887.A[4]      5 15.1ms
                            $techmap674948$auto$abc9_ops.cc:1552:reintegrate$664148.A[0]     10 15.0ms
                                                                        matvec.hq_hi[51]     25 15.0ms
                                                                        matvec.hq_hi[15]     39 14.9ms
                                                                            wb_rdata[98]     19 14.9ms
                                            ddr3.ddr3_controller_inst.dqs_start_index[2]     19 14.9ms
                                                                         matvec.hq_lo[8]     39 14.9ms
        $techmap682396$abc$663144$lut$auto$opt_dff.cc:251:make_patterns_logic$83638.A[2]     29 14.8ms
                            $techmap676769$auto$abc9_ops.cc:1552:reintegrate$663514.A[0]     29 14.8ms
                                                                         matvec.hq_lo[1]     36 14.8ms
                            $techmap676762$auto$abc9_ops.cc:1552:reintegrate$663515.A[0]     30 14.8ms
                            $techmap675726$auto$abc9_ops.cc:1552:reintegrate$663839.A[4]      5 14.7ms
                            $techmap672380$auto$abc9_ops.cc:1552:reintegrate$664835.A[3]     29 14.7ms
                                                                        matvec.hq_lo[21]     39 14.7ms
                            $techmap671882$auto$abc9_ops.cc:1552:reintegrate$665014.A[3]     32 14.7ms
                     $techmap682991$abc$663144$lut$flatten\transmitter.$0\busy[0:0].A[1]     36 14.6ms
                                            ddr3.ddr3_controller_inst.stage1_next_row[5]     11 14.6ms
                                                                        matvec.hq_lo[25]     31 14.6ms
        $techmap682784$abc$663144$lut$auto$opt_dff.cc:251:make_patterns_logic$80666.A[5]     33 14.5ms
                                                                        matvec.hq_hi[63]     31 14.4ms
                                                                       loader.h_addr[10]     13 14.4ms
                            $techmap672715$auto$abc9_ops.cc:1552:reintegrate$664776.A[0]     20 14.4ms
                                    $techmap671946$abc$663144$lut$aiger663143$28482.A[0]     23 14.4ms
                                                                        matvec.hq_hi[61]     32 14.3ms
                                                                         matvec.hq_hi[5]     38 14.3ms
                                    $techmap671530$abc$663144$lut$aiger663143$23307.A[0]     15 14.2ms
                                    $techmap672554$abc$663144$lut$aiger663143$36049.A[1]     15 14.2ms
                            $techmap672130$auto$abc9_ops.cc:1552:reintegrate$664961.A[4]     18 14.2ms
        $abc$663144$flatten\loader.$logic_and$build/t27/specs/rtl/fpga_ddr3_loader.v:1618$920_Y     32 14.1ms
                                                                        matvec.hq_lo[16]     30 14.1ms
                            $techmap671616$auto$abc9_ops.cc:1552:reintegrate$665039.A[2]     16 14.1ms
                            $techmap674148$auto$abc9_ops.cc:1552:reintegrate$664405.A[3]      5 14.0ms
                  $techmap679279$abc$663144$lut$flatten\receiver.$0\count[31:0][31].A[0]     32 14.0ms
                            $techmap677396$auto$abc9_ops.cc:1552:reintegrate$663359.A[1]     26 13.9ms
                                                                        matvec.hq_hi[35]     28 13.9ms
               $techmap679227$abc$663144$lut$flatten\matvec.$0\stray_acks[31:0][31].A[4]     32 13.9ms
                                                                        matvec.hq_hi[56]     21 13.9ms
                                                                        matvec.hq_lo[48]     32 13.8ms
                                                                            wb_rdata[32]     20 13.8ms
                                    $techmap671397$abc$663144$lut$aiger663143$35677.A[5]     18 13.7ms
                            $techmap672125$auto$abc9_ops.cc:1552:reintegrate$664963.A[3]     17 13.7ms
                            $techmap677631$auto$abc9_ops.cc:1552:reintegrate$663253.A[3]     29 13.7ms
                            $techmap672108$auto$abc9_ops.cc:1552:reintegrate$664968.A[1]     28 13.7ms
                            $techmap672104$auto$abc9_ops.cc:1552:reintegrate$664969.A[3]     16 13.7ms
                            $techmap672134$auto$abc9_ops.cc:1552:reintegrate$664960.A[4]     18 13.5ms
                            $techmap672921$auto$abc9_ops.cc:1552:reintegrate$664737.A[0]     24 13.4ms
                                                                        matvec.hq_lo[35]     25 13.3ms
                            $techmap672637$auto$abc9_ops.cc:1552:reintegrate$664779.A[0]     31 13.3ms
                                    $techmap672963$abc$663144$lut$aiger663143$38344.A[2]     25 13.3ms
                                                                        matvec.hq_hi[22]     40 13.3ms
                            $techmap673422$auto$abc9_ops.cc:1552:reintegrate$664609.A[4]     30 13.3ms
                                                                         matvec.hq_lo[2]     26 13.3ms
                                                                         loader.h_len[2]     15 13.3ms
                                         ddr3.ddr3_controller_inst.stage1_next_bank_d[2]     19 13.3ms
                                                                        loader.h_addr[7]     14 13.3ms
                                                                         matvec.hq_hi[8]     30 13.2ms
                                                                        matvec.hq_lo[33]     35 13.2ms
                                                                        matvec.hq_hi[43]     26 13.2ms
                                    $techmap675490$abc$663144$lut$aiger663143$60705.A[2]      2 13.2ms
                     $techmap682116$abc$663144$lut$flatten\loader.$0\pstate[7:0][1].A[0]      9 13.2ms
                                                                         matvec.hq_hi[1]     30 13.1ms
                                                                         matvec.hq_hi[7]     40 13.1ms
                                                                       loader.h_addr[14]     12 13.0ms
                                $techmap671864$abc$663144$lut\loader.line_value[10].A[1]     32 13.0ms
                            $techmap670636$auto$abc9_ops.cc:1552:reintegrate$665531.A[1]     62 13.0ms
                                                                         matvec.hq_hi[9]     34 13.0ms
                            $techmap673532$auto$abc9_ops.cc:1552:reintegrate$664575.A[2]     25 13.0ms
                                                                        matvec.hq_lo[50]     27 13.0ms
                            $techmap672104$auto$abc9_ops.cc:1552:reintegrate$664969.A[4]     18 13.0ms
                                                                        matvec.hq_lo[26]     25 12.9ms
                                                                        loader.h_addr[9]     15 12.9ms
                            $techmap673196$auto$abc9_ops.cc:1552:reintegrate$664678.A[2]     34 12.9ms
                                      ddr3.ddr3_controller_inst.write_by_byte_counter[3]     24 12.8ms
                            $techmap671785$auto$abc9_ops.cc:1552:reintegrate$665029.A[2]     33 12.7ms
                            $techmap671554$auto$abc9_ops.cc:1552:reintegrate$665045.A[2]     33 12.7ms
                            $techmap674867$auto$abc9_ops.cc:1552:reintegrate$664185.A[0]     10 12.7ms
                                                                  matvec.result_index[7]     12 12.7ms
                                                                         matvec.hq_hi[2]     27 12.7ms
                            $techmap671554$auto$abc9_ops.cc:1552:reintegrate$665045.A[0]     33 12.6ms
                                    $techmap672966$abc$663144$lut$aiger663143$38354.A[2]     18 12.6ms
                                                                        arbiter.handover     32 12.6ms
                                                                        loader.h_addr[0]     14 12.5ms
                                                                         matvec.hq_hi[3]     23 12.5ms
                            $techmap672084$auto$abc9_ops.cc:1552:reintegrate$664975.A[4]     22 12.5ms
                                                                           wb_rdata[112]     19 12.5ms
                            $techmap676445$auto$abc9_ops.cc:1552:reintegrate$663606.A[0]     15 12.5ms
                                    $techmap671532$abc$663144$lut$aiger663143$23337.A[2]     27 12.4ms
                               $abc$663144$auto$opt_dff.cc:251:make_patterns_logic$82762      9 12.4ms
                                        ddr3.ddr3_controller_inst.instruction_address[0]     21 12.4ms
                                                                        matvec.hq_lo[34]     30 12.4ms
                                                                         matvec.hq_hi[6]     38 12.3ms
                                                                         matvec.hq_lo[6]     37 12.3ms
                                                                        matvec.hq_lo[11]     27 12.2ms
                                    $techmap676341$abc$663144$lut$aiger663143$70280.A[4]      2 12.1ms
                                                                        matvec.hq_lo[43]     26 12.1ms
                                                          ddr3.idelay_data_cntvaluein[2]     20 12.1ms
                  $techmap679279$abc$663144$lut$flatten\receiver.$0\count[31:0][31].A[4]     30 12.1ms
                                    $techmap673080$abc$663144$lut$aiger663143$39048.A[5]     33 12.1ms
                                                                        matvec.hq_hi[62]     31 12.0ms
                                                                        loader.h_addr[6]     13 12.0ms
                            $techmap673328$auto$abc9_ops.cc:1552:reintegrate$664637.A[2]     16 12.0ms
                                                                        matvec.hq_hi[59]     22 12.0ms
                                                                  matvec.result_index[5]     12 12.0ms
                                    $techmap675486$abc$663144$lut$aiger663143$60731.A[4]      1 12.0ms
                            $techmap675059$auto$abc9_ops.cc:1552:reintegrate$664103.A[0]     10 12.0ms
                                                                        matvec.hq_lo[53]     40 11.9ms
        $abc$663144$flatten\arbiter.$logic_and$build/t27/specs/rtl/fpga_wb_arbiter.v:271$9680_Y     32 11.9ms
                                                                        matvec.hq_hi[42]     33 11.8ms
                                                                        loader.h_addr[3]     14 11.8ms
                                                                       loader.h_addr[17]     12 11.8ms
                            $techmap673224$auto$abc9_ops.cc:1552:reintegrate$664671.A[2]      7 11.8ms
                                                                        matvec.hq_hi[28]     17 11.7ms
                                                                       loader.h_addr[11]     14 11.7ms
                                                                        matvec.hq_lo[27]     21 11.7ms
                  $techmap673225$auto$abc9_ops.cc:1552:reintegrate$664670.A[1]$sum$12099     12 11.7ms
                                                                        loader.h_len[10]     16 11.6ms
                                                                        matvec.hq_lo[39]     40 11.6ms
                                                                         loader.h_len[6]     16 11.5ms
                                                                        matvec.hq_hi[34]     33 11.5ms
                                                          ddr3.idelay_data_cntvaluein[1]     20 11.4ms
                                    $techmap672539$abc$663144$lut$aiger663143$36120.A[1]     21 11.4ms
                            $techmap674598$auto$abc9_ops.cc:1552:reintegrate$664272.A[3]      5 11.4ms
                                $techmap681391$abc$663144$lut\loader.line_value[27].A[2]      4 11.4ms
                               $abc$663144$auto$opt_dff.cc:251:make_patterns_logic$81187     31 11.4ms
                            $techmap672108$auto$abc9_ops.cc:1552:reintegrate$664968.A[2]     27 11.4ms
                            $techmap675145$auto$abc9_ops.cc:1552:reintegrate$664076.A[0]     10 11.3ms
                               $abc$663144$auto$opt_dff.cc:251:make_patterns_logic$81762     32 11.3ms
                                                                        loader.h_len[12]     16 11.3ms
        $techmap682869$abc$663144$lut$auto$opt_dff.cc:251:make_patterns_logic$81317.A[1]     30 11.3ms
                            $techmap674565$auto$abc9_ops.cc:1552:reintegrate$664280.A[2]     16 11.3ms
                            $techmap671862$auto$abc9_ops.cc:1552:reintegrate$665022.A[4]     24 11.3ms
                            $techmap672125$auto$abc9_ops.cc:1552:reintegrate$664963.A[4]     18 11.2ms
                            $techmap672130$auto$abc9_ops.cc:1552:reintegrate$664961.A[3]     17 11.2ms
                            $techmap672134$auto$abc9_ops.cc:1552:reintegrate$664960.A[3]     17 11.2ms
                                           $abc$663144$auto$rtlil.cc:3574:NotGate$208205     18 11.1ms
                                                                        loader.h_len[13]     17 11.1ms
                            $techmap672044$auto$abc9_ops.cc:1552:reintegrate$664983.A[1]     19 11.1ms
                            $techmap672140$auto$abc9_ops.cc:1552:reintegrate$664958.A[4]     18 11.1ms
                            $techmap673088$auto$abc9_ops.cc:1552:reintegrate$664715.A[3]     32 11.0ms
                            $techmap672146$auto$abc9_ops.cc:1552:reintegrate$664957.A[4]     18 11.0ms
                                          ddr3.ddr3_controller_inst.start_index_check[4]     35 11.0ms
                                    $techmap675289$abc$663144$lut$aiger663143$58374.A[5]      2 11.0ms
                            $techmap674817$auto$abc9_ops.cc:1552:reintegrate$664202.A[3]     18 10.9ms
                                                 ddr3.ddr3_controller_inst.stage2_row[5]     11 10.9ms
                            $techmap672097$auto$abc9_ops.cc:1552:reintegrate$664970.A[1]     15 10.9ms
                                                                        matvec.hq_hi[50]     27 10.9ms
                               $abc$663144$auto$opt_dff.cc:251:make_patterns_logic$82459     31 10.9ms
        $techmap682772$abc$663144$lut$auto$opt_dff.cc:251:make_patterns_logic$80728.A[2]     34 10.9ms
                                                                        matvec.hq_hi[48]     31 10.9ms
                                                                        matvec.hq_lo[57]     28 10.8ms
                            $techmap672114$auto$abc9_ops.cc:1552:reintegrate$664967.A[3]     17 10.8ms
                               $abc$663144$auto$opt_dff.cc:251:make_patterns_logic$81204     31 10.8ms
                                                                       loader.h_addr[30]     14 10.7ms
                               $abc$663144$auto$opt_dff.cc:251:make_patterns_logic$80980     40 10.7ms
                   $techmap681990$abc$663144$lut$flatten\matvec.$procmux$57133_Y[1].A[0]     23 10.7ms
                                                                   ddr3.iserdes_data[55]      2 10.7ms
                                    $techmap676683$abc$663144$lut$aiger663143$73302.A[3]      3 10.7ms
                               $abc$663144$auto$opt_dff.cc:234:make_patterns_logic$81426     32 10.7ms
                                                                       loader.h_addr[22]     13 10.6ms
                               $abc$663144$auto$opt_dff.cc:251:make_patterns_logic$81168     32 10.6ms
                                                                        matvec.hq_hi[10]     21 10.6ms
                                                                    ddr3.iserdes_data[6]      2 10.6ms
                  $techmap679313$abc$663144$lut$flatten\matvec.$procmux$57972_Y[30].A[2]     31 10.6ms
                            $techmap672724$auto$abc9_ops.cc:1552:reintegrate$664773.A[4]     26 10.5ms
                            $techmap675426$auto$abc9_ops.cc:1552:reintegrate$663972.A[4]      5 10.5ms
                                                                        loader.h_len[15]     14 10.5ms
                                                                         ddr3.bitslip[1]     18 10.5ms
                                                                        matvec.hq_hi[13]     40 10.5ms
                                                          ddr3.idelay_data_cntvaluein[4]     20 10.5ms
                            $techmap672084$auto$abc9_ops.cc:1552:reintegrate$664975.A[3]     20 10.5ms
                            $techmap671777$auto$abc9_ops.cc:1552:reintegrate$665033.A[0]     33 10.4ms
                            $techmap674363$auto$abc9_ops.cc:1552:reintegrate$664343.A[2]     16 10.4ms
                            $techmap672151$auto$abc9_ops.cc:1552:reintegrate$664956.A[4]     18 10.4ms
                                    $techmap676093$abc$663144$lut$aiger663143$67331.A[2]      2 10.4ms
                                                                         loader.h_len[7]     14 10.3ms
                  $techmap679216$abc$663144$lut$flatten\matvec.$procmux$58879_Y[31].A[1]     32 10.3ms
                            $techmap672724$auto$abc9_ops.cc:1552:reintegrate$664773.A[2]     10 10.3ms
                                    $techmap672061$abc$663144$lut$aiger663143$29690.A[2]      3 10.3ms
                            $techmap671616$auto$abc9_ops.cc:1552:reintegrate$665039.A[3]     18 10.2ms
                            $techmap670954$auto$abc9_ops.cc:1552:reintegrate$665287.A[0]      8 10.2ms
                                    $techmap676370$abc$663144$lut$aiger663143$70614.A[4]      2 10.2ms
                                                                        matvec.hq_lo[49]     30 10.2ms
                                                                         matvec.hq_lo[3]     22 10.2ms
                            $techmap672146$auto$abc9_ops.cc:1552:reintegrate$664957.A[3]     17 10.2ms
                            $techmap671973$auto$abc9_ops.cc:1552:reintegrate$665007.A[3]     18 10.1ms
                                                                        matvec.hq_hi[20]     18 10.1ms
                                                                       loader.h_addr[29]     12 10.1ms
                            $techmap672140$auto$abc9_ops.cc:1552:reintegrate$664958.A[3]     17 10.1ms
                                                                        matvec.hq_hi[27]     23 10.1ms
                                                                        matvec.hq_lo[44]     17 10.1ms
                    $techmap679267$abc$663144$lut$flatten\loader.$0\quiet[31:0][31].A[1]     32 10.1ms
                            $techmap672151$auto$abc9_ops.cc:1552:reintegrate$664956.A[3]     17 9.9ms
                                                                         loader.h_len[9]     15 9.9ms
                               $abc$663144$auto$opt_dff.cc:251:make_patterns_logic$81377     32 9.8ms
                                                                               debug1[3]     18 9.8ms
                                                                        loader.h_len[11]     16 9.8ms
                            $techmap672505$auto$abc9_ops.cc:1552:reintegrate$664799.A[3]      9 9.8ms
                                                  ddr3.ddr3_controller_inst.prep_done[1]     17 9.7ms
                            $techmap671402$auto$abc9_ops.cc:1552:reintegrate$665127.A[0]      8 9.7ms
                  $techmap679254$abc$663144$lut$flatten\matvec.$0\req_gap[31:0][31].A[1]     31 9.7ms
                               $abc$663144$auto$opt_dff.cc:251:make_patterns_logic$81944     32 9.7ms
                                                                         loader.h_len[4]     14 9.7ms
                                    $techmap672541$abc$663144$lut$aiger663143$36099.A[1]     18 9.7ms
                                                                        loader.h_addr[2]     13 9.7ms
                                                                         loader.h_len[5]     15 9.7ms
                                    $techmap672965$abc$663144$lut$aiger663143$38349.A[3]     33 9.7ms
                            $techmap670969$auto$abc9_ops.cc:1552:reintegrate$665272.A[0]      7 9.6ms
                            $techmap675356$auto$abc9_ops.cc:1552:reintegrate$664005.A[1]     11 9.6ms
                            $techmap673603$auto$abc9_ops.cc:1552:reintegrate$664548.A[2]     16 9.6ms
                                                                       loader.h_addr[28]     11 9.6ms
                            $techmap673571$auto$abc9_ops.cc:1552:reintegrate$664557.A[0]     10 9.6ms
                                                                          loader.lcn0[0]      7 9.6ms
                                    $techmap671572$abc$663144$lut$aiger663143$24587.A[0]      3 9.6ms
                                                ddr3.ddr3_controller_inst.stage2_bank[2]     21 9.5ms
                            $techmap671849$auto$abc9_ops.cc:1552:reintegrate$665023.A[0]     16 9.5ms
                            $techmap672509$auto$abc9_ops.cc:1552:reintegrate$664797.A[3]      9 9.5ms
                                                                       loader.h_addr[21]     13 9.5ms
                            $techmap673594$auto$abc9_ops.cc:1552:reintegrate$664553.A[2]      5 9.5ms
                                    $techmap675282$abc$663144$lut$aiger663143$58413.A[3]      2 9.5ms
                                    $techmap676281$abc$663144$lut$aiger663143$69500.A[3]      1 9.5ms
                               $abc$663144$auto$opt_dff.cc:251:make_patterns_logic$81866     32 9.4ms
                                                                       loader.h_addr[18]     12 9.4ms
                               $abc$663144$auto$opt_dff.cc:251:make_patterns_logic$80603     32 9.4ms
                            $techmap675522$auto$abc9_ops.cc:1552:reintegrate$663922.A[3]     18 9.4ms
                                                                        matvec.hq_hi[41]     37 9.3ms
                                    $techmap673439$abc$663144$lut$aiger663143$43153.A[2]      2 9.3ms
                                    $techmap671553$abc$663144$lut$aiger663143$23426.A[0]      6 9.3ms
                            $techmap673592$auto$abc9_ops.cc:1552:reintegrate$664555.A[1]     13 9.3ms
                            $techmap672116$auto$abc9_ops.cc:1552:reintegrate$664965.A[1]      9 9.3ms
                            $techmap673915$auto$abc9_ops.cc:1552:reintegrate$664472.A[2]     16 9.3ms
                                                                        matvec.hq_lo[10]     28 9.3ms
                                                          ddr3.idelay_data_cntvaluein[3]     20 9.3ms
               $techmap679255$abc$663144$lut$flatten\loader.$0\prob_count[31:0][31].A[0]     34 9.3ms
                                                                        matvec.hq_hi[26]     26 9.2ms
                                                                       loader.h_addr[13]     13 9.2ms
                                                                        loader.h_addr[4]     14 9.1ms
                                    $techmap672107$abc$663144$lut$aiger663143$30009.A[0]     17 9.1ms
                                            $techmap226171$auto$ff.cc:337:slice$127931.D     12 9.1ms
                                                                        matvec.hq_hi[11]     24 9.1ms
                            $techmap674700$auto$abc9_ops.cc:1552:reintegrate$664243.A[3]      8 9.1ms
                                                                         matvec.hq_hi[0]     27 9.1ms
                               $abc$663144$auto$opt_dff.cc:251:make_patterns_logic$82494     32 9.0ms
                                                                        matvec.hq_lo[60]     14 9.0ms
                                                                       loader.h_addr[12]     14 9.0ms
                            $techmap671551$auto$abc9_ops.cc:1552:reintegrate$665046.A[2]     33 9.0ms
                            $techmap674604$auto$abc9_ops.cc:1552:reintegrate$664269.A[0]     10 9.0ms
                                    $techmap672555$abc$663144$lut$aiger663143$36075.A[0]     18 9.0ms
                                    $techmap671530$abc$663144$lut$aiger663143$23307.A[1]     10 9.0ms
                                    $techmap680479$abc$663144$lut$aiger663143$60574.A[3]     14 9.0ms
                                    $techmap672555$abc$663144$lut$aiger663143$36075.A[1]     14 8.9ms
                                      ddr3.ddr3_controller_inst.stage2_data_unaligned[3]      9 8.9ms
                            $techmap672637$auto$abc9_ops.cc:1552:reintegrate$664779.A[1]     29 8.8ms
                                                                        loader.h_addr[8]     15 8.8ms
                            $techmap677170$auto$abc9_ops.cc:1552:reintegrate$663435.A[3]     18 8.8ms
                               $abc$663144$auto$opt_dff.cc:251:make_patterns_logic$81918     32 8.8ms
                                    $techmap675482$abc$663144$lut$aiger663143$60740.A[3]      2 8.8ms
                                                                  ddr3.idelay_data_ld[0]     10 8.8ms
                                    $techmap672529$abc$663144$lut$aiger663143$36141.A[0]     20 8.7ms
                            $techmap672374$auto$abc9_ops.cc:1552:reintegrate$664836.A[2]     22 8.7ms
                                                                         matvec.hq_hi[4]     13 8.7ms
                            $techmap671904$auto$abc9_ops.cc:1552:reintegrate$665012.A[2]     31 8.7ms
                                    $techmap673064$abc$663144$lut$aiger663143$39051.A[0]      8 8.7ms
                              $abc$663144$auto$opt_dff.cc:234:make_patterns_logic$101328      7 8.6ms
                                    $techmap675407$abc$663144$lut$aiger663143$59647.A[3]      2 8.6ms
                            $techmap672299$auto$abc9_ops.cc:1552:reintegrate$664838.A[2]     33 8.6ms
                            $techmap674311$auto$abc9_ops.cc:1552:reintegrate$664360.A[1]     11 8.6ms
                                                                         loader.h_len[1]     13 8.6ms
                                                                       loader.h_addr[26]     12 8.6ms
                                                                               heartbeat      2 8.6ms
                                                                        loader.h_len[14]     15 8.6ms
                                               $techmap670615\matvec.results.0.3.ENBWREN     11 8.5ms
                                    $techmap675674$abc$663144$lut$aiger663143$62738.A[1]      3 8.5ms
                                                                        matvec.hq_hi[12]     17 8.5ms
                               $abc$663144$auto$opt_dff.cc:251:make_patterns_logic$81905     32 8.5ms
                            $techmap672515$auto$abc9_ops.cc:1552:reintegrate$664794.A[3]      9 8.5ms
                            $techmap673921$auto$abc9_ops.cc:1552:reintegrate$664469.A[0]     10 8.4ms
                                                                       loader.h_addr[20]     12 8.4ms
                                                                             rd_addr[20]      4 8.4ms
                               $abc$663144$auto$opt_dff.cc:251:make_patterns_logic$83616      5 8.4ms
                            $techmap673645$auto$abc9_ops.cc:1552:reintegrate$664535.A[1]     10 8.4ms
                                    $techmap672530$abc$663144$lut$aiger663143$36056.A[1]     13 8.4ms
        $techmap682528$abc$663144$lut$auto$opt_dff.cc:251:make_patterns_logic$82743.A[0]     25 8.4ms
                            $techmap676544$auto$abc9_ops.cc:1552:reintegrate$663575.A[0]      9 8.4ms
                                    $techmap675041$abc$663144$lut$aiger663143$56400.A[2]     13 8.4ms
                                                                   ddr3.iserdes_data[81]      2 8.3ms
                                                                         loader.h_len[8]     16 8.3ms
                                    $techmap673609$abc$663144$lut$aiger663143$36027.A[3]      9 8.3ms
                                    ddr3.ddr3_controller_inst.stage2_data_unaligned[117]      8 8.3ms
                            $techmap677506$auto$abc9_ops.cc:1552:reintegrate$663309.A[3]     18 8.3ms
                            $techmap670722$auto$abc9_ops.cc:1552:reintegrate$665445.A[1]     13 8.3ms
                                     ddr3.ddr3_controller_inst.stage2_data_unaligned[72]      8 8.3ms
                                                                        loader.h_crc[28]      5 8.3ms
                                                                       loader.h_addr[15]     13 8.2ms
                            $techmap671976$auto$abc9_ops.cc:1552:reintegrate$665006.A[2]     32 8.2ms
                                                                        matvec.hq_lo[12]     17 8.2ms
                                                                         loader.h_len[0]     12 8.2ms
                                            $auto$alumacc.cc:512:replace_alu$90628.Y[27]      2 8.2ms
                                    $techmap675544$abc$663144$lut$aiger663143$61518.A[1]      3 8.2ms
                                                                       loader.h_addr[25]     12 8.1ms
                                    $techmap672060$abc$663144$lut$aiger663143$29693.A[2]      3 8.1ms
                                                ddr3.ddr3_controller_inst.stage2_bank[1]     15 8.1ms
                                    $techmap675629$abc$663144$lut$aiger663143$62286.A[2]      2 8.1ms
                                    $techmap671532$abc$663144$lut$aiger663143$23337.A[3]     20 8.0ms
                                    $techmap680472$abc$663144$lut$aiger663143$60580.A[1]      2 8.0ms
                                                                        matvec.hq_hi[57]     25 8.0ms
                                        ddr3.ddr3_controller_inst.instruction_address[1]     23 8.0ms
        $techmap671909$abc$663144$lut$auto$opt_dff.cc:251:make_patterns_logic$80993.A[4]      4 8.0ms
                                    $techmap674839$abc$663144$lut$aiger663143$54660.A[0]     13 7.9ms
                                    $techmap674838$abc$663144$lut$aiger663143$54687.A[5]     24 7.9ms
                                    $techmap671531$abc$663144$lut$aiger663143$23308.A[0]     17 7.9ms
                                                                         ddr3.bitslip[0]     18 7.9ms
                                    $techmap672542$abc$663144$lut$aiger663143$36119.A[1]     10 7.8ms
                                    $techmap676683$abc$663144$lut$aiger663143$73302.A[2]      2 7.8ms
                                                                       loader.h_addr[27]     12 7.8ms
                                                                 matvec.result_index[12]      4 7.8ms
                                                                        matvec.hq_hi[44]     17 7.8ms
        $abc$663144$flatten\loader.$logic_and$build/t27/specs/rtl/fpga_ddr3_loader.v:1626$934_Y     32 7.7ms
                               $abc$663144$auto$opt_dff.cc:251:make_patterns_logic$81840     32 7.7ms
                            $techmap672503$auto$abc9_ops.cc:1552:reintegrate$664800.A[3]      9 7.7ms
                                            ddr3.ddr3_controller_inst.stage1_next_row[2]     11 7.6ms
                                    $techmap673692$abc$663144$lut$aiger663143$45122.A[3]      7 7.6ms
                            $techmap674120$auto$abc9_ops.cc:1552:reintegrate$664411.A[2]     16 7.6ms
                                    $techmap676093$abc$663144$lut$aiger663143$67331.A[3]      2 7.6ms
                                                                        matvec.hq_lo[36]     13 7.5ms
                                                                        matvec.hq_lo[20]     18 7.5ms
                               $abc$663144$auto$opt_dff.cc:251:make_patterns_logic$83265     25 7.5ms
                                    $techmap671619$abc$663144$lut$aiger663143$24720.A[1]      4 7.5ms
                                    $techmap676341$abc$663144$lut$aiger663143$70280.A[2]      2 7.4ms
                                     ddr3.ddr3_controller_inst.stage2_data_unaligned[96]      8 7.4ms
                            $techmap670971$auto$abc9_ops.cc:1552:reintegrate$665270.A[0]      8 7.4ms
                                        $techmap671374$abc$663144$lut\matvec.pop_go.A[4]     12 7.4ms
                  $techmap679234$abc$663144$lut$flatten\matvec.$procmux$58421_Y[31].A[1]     32 7.4ms
                                    $techmap672898$abc$663144$lut$aiger663143$37441.A[2]     13 7.4ms
                                                           $abc$663144$aiger663143$35094      8 7.4ms
                                    $techmap672636$abc$663144$lut$aiger663143$26490.A[1]     17 7.4ms
                                    ddr3.ddr3_controller_inst.stage2_data_unaligned[111]      7 7.4ms
                                            $techmap228334$auto$ff.cc:337:slice$119393.D     14 7.4ms
                            $techmap675895$auto$abc9_ops.cc:1552:reintegrate$663767.A[1]     11 7.4ms
                                                ddr3.ddr3_controller_inst.stage2_bank[0]     16 7.3ms
                               $abc$663144$auto$opt_dff.cc:251:make_patterns_logic$81879     32 7.3ms
                            $techmap670723$auto$abc9_ops.cc:1552:reintegrate$665444.A[1]     10 7.3ms
                                    $techmap673730$abc$663144$lut$aiger663143$45294.A[3]     10 7.3ms
                            $techmap675836$auto$abc9_ops.cc:1552:reintegrate$663791.A[0]      3 7.2ms
                                            ddr3.ddr3_controller_inst.stage1_next_row[9]     11 7.2ms
                                     ddr3.ddr3_controller_inst.stage2_data_unaligned[73]      7 7.2ms
                                                                       loader.h_addr[23]     12 7.2ms
                                     ddr3.ddr3_controller_inst.stage2_data_unaligned[52]      6 7.1ms
                            $techmap675800$auto$abc9_ops.cc:1552:reintegrate$663808.A[1]     18 7.1ms
                            $techmap675144$auto$abc9_ops.cc:1552:reintegrate$664077.A[1]      9 7.1ms
                                                                       loader.h_addr[16]     11 7.1ms
                                            $auto$alumacc.cc:512:replace_alu$90628.Y[22]      2 7.1ms
                            $techmap676657$auto$abc9_ops.cc:1552:reintegrate$663539.A[2]     14 7.0ms
        $techmap682496$abc$663144$lut$auto$opt_dff.cc:251:make_patterns_logic$83520.A[0]     33 7.0ms
                            $techmap670741$auto$abc9_ops.cc:1552:reintegrate$665426.A[0]      4 7.0ms
                                                                         matvec.hq_lo[0]     27 7.0ms
                            $techmap670978$auto$abc9_ops.cc:1552:reintegrate$665263.A[0]      8 7.0ms
                                            $auto$alumacc.cc:512:replace_alu$90628.Y[28]      2 7.0ms
                            $techmap676142$auto$abc9_ops.cc:1552:reintegrate$663702.A[3]     18 6.9ms
                            $techmap670993$auto$abc9_ops.cc:1552:reintegrate$665248.A[1]      7 6.9ms
                            $techmap675792$auto$abc9_ops.cc:1552:reintegrate$663812.A[0]      9 6.9ms
                                            ddr3.ddr3_controller_inst.stage1_next_row[8]     11 6.9ms
                                                                        matvec.sub_q[15]      9 6.9ms
                                    $techmap673250$abc$663144$lut$aiger663143$40358.A[4]      2 6.9ms
                            $techmap670901$auto$abc9_ops.cc:1552:reintegrate$665336.A[1]      5 6.9ms
                            $techmap670726$auto$abc9_ops.cc:1552:reintegrate$665441.A[1]     10 6.8ms
                                                                         master.outst[8]      4 6.8ms
                            $techmap672503$auto$abc9_ops.cc:1552:reintegrate$664800.A[1]     27 6.8ms
                            $techmap670895$auto$abc9_ops.cc:1552:reintegrate$665342.A[1]      6 6.8ms
                                                                        matvec.hq_lo[18]     25 6.8ms
                                    ddr3.ddr3_controller_inst.stage2_data_unaligned[120]      7 6.8ms
                                                                        matvec.hq_hi[36]     16 6.8ms
                            $techmap676357$auto$abc9_ops.cc:1552:reintegrate$663632.A[2]     10 6.7ms
                                            ddr3.ddr3_controller_inst.stage1_next_row[3]     11 6.7ms
                                    $techmap682751$abc$663144$lut$aiger663143$29486.A[0]      1 6.7ms
                                    ddr3.ddr3_controller_inst.stage2_data_unaligned[100]      7 6.7ms
                                                                  ddr3.iserdes_data[111]      2 6.7ms
                            $techmap671904$auto$abc9_ops.cc:1552:reintegrate$665012.A[3]      6 6.7ms
                                    $techmap671538$abc$663144$lut$aiger663143$23327.A[0]     11 6.7ms
                                                                 matvec.result_index[21]      4 6.7ms
                                    $techmap672128$abc$663144$lut$aiger663143$30066.A[0]      8 6.7ms
                                                                         loader.h_crc[3]      4 6.7ms
                                                   ddr3.ddr3_controller_inst.initial_dqs     14 6.6ms
                            $techmap672608$auto$abc9_ops.cc:1552:reintegrate$664782.A[1]      9 6.6ms
                                           ddr3.ddr3_controller_inst.added_read_pipe_max     13 6.6ms
                                      $techmap679421$abc$663144$lut\matvec.dec1[29].A[5]      6 6.6ms
                            $techmap670986$auto$abc9_ops.cc:1552:reintegrate$665255.A[0]      7 6.6ms
                                    $techmap672055$abc$663144$lut$aiger663143$26687.A[0]      9 6.6ms
                               $abc$663144$auto$opt_dff.cc:251:make_patterns_logic$82875     32 6.6ms
                                    $techmap674486$abc$663144$lut$aiger663143$52030.A[1]      6 6.6ms
                                    $techmap680477$abc$663144$lut$aiger663143$60567.A[4]     22 6.6ms
                            $techmap673688$auto$abc9_ops.cc:1552:reintegrate$664527.A[1]     10 6.6ms
                                                                        loader.h_addr[5]     14 6.6ms
                                    ddr3.ddr3_controller_inst.calib_data_randomized[103]     10 6.6ms
                            $techmap674928$auto$abc9_ops.cc:1552:reintegrate$664161.A[0]     10 6.6ms
                                                                   ddr3.iserdes_data[59]      2 6.6ms
                                    $techmap671358$abc$663144$lut$aiger663143$25590.A[0]     12 6.5ms
                                    $techmap673207$abc$663144$lut$aiger663143$39965.A[3]      8 6.5ms
                                    ddr3.ddr3_controller_inst.stage2_data_unaligned[109]      6 6.5ms
                                    $techmap671358$abc$663144$lut$aiger663143$25590.A[1]     14 6.5ms
                                                                         loader.h_seq[4]      5 6.5ms
                            $techmap672517$auto$abc9_ops.cc:1552:reintegrate$664793.A[3]      9 6.5ms
                                                  ddr3.ddr3_controller_inst.stage2_do_wr     13 6.5ms
                            $techmap670725$auto$abc9_ops.cc:1552:reintegrate$665442.A[1]     12 6.5ms
                                    $techmap676614$abc$663144$lut$aiger663143$73062.A[4]      2 6.5ms
                            $techmap670956$auto$abc9_ops.cc:1552:reintegrate$665285.A[0]      8 6.5ms
                            $techmap670721$auto$abc9_ops.cc:1552:reintegrate$665446.A[1]     12 6.5ms
                            $techmap672511$auto$abc9_ops.cc:1552:reintegrate$664796.A[3]      9 6.5ms
                                                                         loader.lcn0[31]      8 6.4ms
                                            ddr3.ddr3_controller_inst.stage1_next_row[1]     11 6.4ms
                                                                        matvec.sub_q[13]      9 6.4ms
                            $techmap673208$auto$abc9_ops.cc:1552:reintegrate$664676.A[2]      3 6.4ms
                            $techmap674872$auto$abc9_ops.cc:1552:reintegrate$664182.A[0]      7 6.4ms
                                                                        matvec.hq_lo[28]     13 6.4ms
                                                                              rd_addr[9]      4 6.4ms
                                    $techmap681332$abc$663144$lut$aiger663143$51435.A[1]      1 6.4ms
                            $techmap670947$auto$abc9_ops.cc:1552:reintegrate$665294.A[0]      8 6.4ms
                            $techmap674269$auto$abc9_ops.cc:1552:reintegrate$664378.A[1]     11 6.4ms
                            $techmap672503$auto$abc9_ops.cc:1552:reintegrate$664800.A[2]     29 6.4ms
                            $techmap672513$auto$abc9_ops.cc:1552:reintegrate$664795.A[3]      9 6.4ms
                                                                   ddr3.iserdes_data[67]      2 6.3ms
                                    $techmap675544$abc$663144$lut$aiger663143$61518.A[0]      1 6.3ms
                            $techmap670728$auto$abc9_ops.cc:1552:reintegrate$665439.A[1]     12 6.3ms
                                                                        master.outst[12]      5 6.3ms
                                                                         matvec.sub_q[2]      9 6.3ms
                                    $techmap680989$abc$663144$lut$aiger663143$55813.A[0]      2 6.3ms
                                    $techmap673203$abc$663144$lut$aiger663143$35631.A[1]      7 6.3ms
                                                                        matvec.sub_q[11]      9 6.3ms
                                                           $abc$663144$aiger663143$35091      8 6.3ms
                                            $techmap228990$auto$ff.cc:337:slice$116789.D      4 6.3ms
                                                                             rd_addr[18]      4 6.2ms
        $techmap682390$abc$663144$lut$auto$opt_dff.cc:251:make_patterns_logic$82984.A[1]     12 6.2ms
                                            $techmap225452$auto$ff.cc:337:slice$150765.D      9 6.2ms
                               $techmap680179$abc$663144$lut\matvec.result_read[19].A[0]     32 6.2ms
                                     ddr3.ddr3_controller_inst.stage2_data_unaligned[68]      6 6.2ms
        $techmap682706$abc$663144$lut$auto$opt_dff.cc:251:make_patterns_logic$82076.A[3]      7 6.2ms
                                                                        matvec.hq_lo[19]     19 6.2ms
                            $techmap671543$auto$abc9_ops.cc:1552:reintegrate$665047.A[2]     10 6.2ms
                            $techmap674869$auto$abc9_ops.cc:1552:reintegrate$664183.A[3]      5 6.2ms
                            $techmap674889$auto$abc9_ops.cc:1552:reintegrate$664172.A[4]      8 6.2ms
                                                                        matvec.sub_q[14]      9 6.2ms
                            $techmap670740$auto$abc9_ops.cc:1552:reintegrate$665427.A[0]      4 6.1ms
                               $abc$663144$auto$opt_dff.cc:251:make_patterns_logic$81365     32 6.1ms
                                     ddr3.ddr3_controller_inst.stage2_data_unaligned[19]      6 6.1ms
                            $techmap672606$auto$abc9_ops.cc:1552:reintegrate$664783.A[1]     10 6.1ms
                                     ddr3.ddr3_controller_inst.stage2_data_unaligned[67]      6 6.1ms
                                                                        matvec.hq_hi[52]     16 6.1ms
                          $techmap672723$abc$663144$lut$aiger663143$36336.A[4]$sum$11847     11 6.1ms
                            $techmap676645$auto$abc9_ops.cc:1552:reintegrate$663542.A[1]     14 6.1ms
                                    $techmap675516$abc$663144$lut$aiger663143$60151.A[0]      3 6.1ms
                            $techmap674325$auto$abc9_ops.cc:1552:reintegrate$664353.A[0]     10 6.1ms
                                                    $abc$663144$lut\matvec.dec0[28].A[5]      9 6.1ms
                                            $auto$alumacc.cc:512:replace_alu$90628.Y[12]      2 6.1ms
                            $techmap674678$auto$abc9_ops.cc:1552:reintegrate$664252.A[0]     10 6.1ms
                                                                  ddr3.iserdes_data[117]      2 6.0ms
                                                                         loader.h_len[3]     12 6.0ms
                                                                   ddr3.iserdes_data[11]      2 6.0ms
                            $techmap670987$auto$abc9_ops.cc:1552:reintegrate$665254.A[0]      8 6.0ms
                                                                   ddr3.iserdes_data[83]      2 6.0ms
                                                          ddr3.idelay_data_cntvaluein[0]     17 6.0ms
                            $techmap674312$auto$abc9_ops.cc:1552:reintegrate$664359.A[1]      5 6.0ms
                            $techmap672507$auto$abc9_ops.cc:1552:reintegrate$664798.A[3]      9 6.0ms
                                               ddr3.ddr3_controller_inst.stage1_data[90]      2 6.0ms
                            $techmap672982$auto$abc9_ops.cc:1552:reintegrate$664729.A[1]     16 6.0ms
                            $techmap677361$auto$abc9_ops.cc:1552:reintegrate$663374.A[4]      8 6.0ms
                                            $auto$alumacc.cc:512:replace_alu$90628.Y[31]      2 6.0ms
                                                                         matvec.sub_q[0]      9 5.9ms
                                    $techmap673442$abc$663144$lut$aiger663143$43128.A[3]      2 5.9ms
                                                                             rd_addr[25]      4 5.9ms
                                            $techmap228986$auto$ff.cc:337:slice$116791.D      4 5.9ms
                               $abc$663144$auto$opt_dff.cc:251:make_patterns_logic$82743      8 5.9ms
                            $techmap670946$auto$abc9_ops.cc:1552:reintegrate$665295.A[0]      9 5.9ms
                            $techmap673238$auto$abc9_ops.cc:1552:reintegrate$664662.A[2]     17 5.9ms
                            $techmap674167$auto$abc9_ops.cc:1552:reintegrate$664399.A[3]      1 5.9ms
                            $techmap670734$auto$abc9_ops.cc:1552:reintegrate$665433.A[1]     10 5.9ms
                                    $techmap675750$abc$663144$lut$aiger663143$63365.A[0]      2 5.8ms
                                                 ddr3.ddr3_controller_inst.dqs_store[14]      5 5.8ms
                            $techmap672097$auto$abc9_ops.cc:1552:reintegrate$664970.A[4]      5 5.8ms
                                    ddr3.ddr3_controller_inst.calib_data_randomized[105]     10 5.8ms
                            $techmap670979$auto$abc9_ops.cc:1552:reintegrate$665262.A[0]      7 5.8ms
                            $techmap676712$auto$abc9_ops.cc:1552:reintegrate$663528.A[1]      9 5.8ms
                                                                      loader.resp_tag[0]     10 5.8ms
                                                                           matvec.pr6[1]      3 5.8ms
                                     ddr3.ddr3_controller_inst.stage2_data_unaligned[38]      5 5.8ms
                               $abc$663144$auto$opt_dff.cc:251:make_patterns_logic$81892     32 5.8ms
                            $techmap671528$auto$abc9_ops.cc:1552:reintegrate$665048.A[2]      1 5.8ms
           $techmap682402$abc$663144$lut$memory\matvec.fq_hi$wren[6][0][0]$y$101201.A[2]      9 5.8ms
                                $techmap671867$abc$663144$lut\loader.line_value[18].A[2]      4 5.8ms
                            $techmap670980$auto$abc9_ops.cc:1552:reintegrate$665261.A[0]      8 5.8ms
                                    $techmap671841$abc$663144$lut$aiger663143$26852.A[3]      4 5.8ms
                                                                 matvec.result_index[14]      4 5.8ms
                            $techmap676148$auto$abc9_ops.cc:1552:reintegrate$663698.A[4]      8 5.8ms
                                                                        matvec.hq_lo[42]     30 5.8ms
                            $techmap675442$auto$abc9_ops.cc:1552:reintegrate$663962.A[2]     18 5.8ms
                                    $techmap673848$abc$663144$lut$aiger663143$46441.A[3]      2 5.8ms
                                    $techmap676235$abc$663144$lut$aiger663143$68961.A[2]      2 5.7ms
                                            $auto$alumacc.cc:512:replace_alu$90628.Y[23]      2 5.7ms
                            $techmap674568$auto$abc9_ops.cc:1552:reintegrate$664278.A[1]      8 5.7ms
                            $techmap670985$auto$abc9_ops.cc:1552:reintegrate$665256.A[0]      8 5.7ms
                                                 ddr3.ddr3_controller_inst.stage2_row[1]     11 5.7ms
                            $techmap672909$auto$abc9_ops.cc:1552:reintegrate$664740.A[2]     10 5.7ms
                                            ddr3.ddr3_controller_inst.stage1_next_row[6]     11 5.7ms
                                                                        matvec.hq_lo[52]     17 5.7ms
                            $techmap670727$auto$abc9_ops.cc:1552:reintegrate$665440.A[1]     12 5.7ms
                                                                 matvec.result_index[16]      4 5.7ms
                            $techmap670988$auto$abc9_ops.cc:1552:reintegrate$665253.A[0]      8 5.7ms
                            $techmap675363$auto$abc9_ops.cc:1552:reintegrate$664000.A[0]     13 5.7ms
                                     ddr3.ddr3_controller_inst.stage2_data_unaligned[84]      6 5.7ms
                                                                             wr_addr[20]      4 5.7ms
                                    ddr3.ddr3_controller_inst.stage2_data_unaligned[126]     12 5.7ms
                                    ddr3.ddr3_controller_inst.calib_data_randomized[114]      7 5.6ms
                                     ddr3.ddr3_controller_inst.stage2_data_unaligned[64]      8 5.6ms
                            $techmap675216$auto$abc9_ops.cc:1552:reintegrate$664042.A[1]      6 5.6ms
                                                                        matvec.sub_q[10]      9 5.6ms
                            $techmap676740$auto$abc9_ops.cc:1552:reintegrate$663517.A[3]     18 5.6ms
                            $techmap672093$auto$abc9_ops.cc:1552:reintegrate$664973.A[0]      6 5.6ms
                            $techmap672726$auto$abc9_ops.cc:1552:reintegrate$664772.A[2]     18 5.6ms
                                                 ddr3.ddr3_controller_inst.stage2_do_pre     13 5.6ms
                                $techmap681388$abc$663144$lut\loader.line_value[25].A[2]      4 5.6ms
                               $abc$663144$auto$opt_dff.cc:251:make_patterns_logic$80616     32 5.6ms
                            $techmap670955$auto$abc9_ops.cc:1552:reintegrate$665286.A[0]      7 5.6ms
                                    $techmap672568$abc$663144$lut$aiger663143$36077.A[0]      9 5.6ms
                                    $techmap672100$abc$663144$lut$aiger663143$30001.A[0]      9 5.5ms
                            $techmap671543$auto$abc9_ops.cc:1552:reintegrate$665047.A[0]     10 5.5ms
                                                                         matvec.sub_q[8]      9 5.5ms
Info: Router2 time 46.36s
Info: Routing $PACKER_VCC_NET connections...
Info:     $PACKER_VCC_NET: 3943/3943 sinks bridged (0 holdouts; max BFS 258)
Info: Routing $PACKER_GND_NET connections...
Info:     $PACKER_GND_NET HOLDOUT: $auto$alumacc.cc:512:replace_alu$90658.genblk1.slice[0].genblk1.carry4.DI1 (bel SLICE_X116Y143/CARRY4, wire SITEWIRE/SLICE_X116Y143/BCY0_OUT)
Info:     $PACKER_GND_NET HOLDOUT: $auto$alumacc.cc:512:replace_alu$90723.genblk1.slice[0].genblk1.carry4.DI1 (bel SLICE_X124Y164/CARRY4, wire SITEWIRE/SLICE_X124Y164/BCY0_OUT)
Info:     $PACKER_GND_NET: 3521/3523 sinks bridged (2 holdouts; max BFS 20928)
Info:     $auto$alumacc.cc:512:replace_alu$90658.genblk1.slice[0].genblk1.carry4.DI1 (bel SLICE_X116Y143/CARRY4): CARRY4 DI with S=1 never selected, left unrouted
Info:     $auto$alumacc.cc:512:replace_alu$90723.genblk1.slice[0].genblk1.carry4.DI1 (bel SLICE_X124Y164/CARRY4): CARRY4 DI with S=1 never selected, left unrouted
Info: Constant holdouts: 0 local constant LUT(s) added, 0 re-route pass(es), 2 don't-care CARRY4 DI pin(s) left unrouted
Info: Running post-routing legalisation...
Info:     BUFHCE pass-through CE: 9 tied to VCC, 0 already driven, 0 could not be reached

Info: Critical path report for clock 'clk_ctrl' (posedge -> posedge):
Info: curr total
Info:  0.1  0.1  Source $auto$ff.cc:337:slice$114517.Q
Info:  4.0  4.1    Net ddr3.ddr3_controller_inst.index_wb_data budget 0.000000 ns (210,101) -> (240,20)
Info:                Sink $abc$663144$lut\ddr3.ddr3_controller_inst.o_wb_data[55].A3
Info:  0.1  4.2  Source $abc$663144$lut\ddr3.ddr3_controller_inst.o_wb_data[55].O6
Info:  3.9  8.1    Net wb_rdata[55] budget 0.000000 ns (240,20) -> (203,86)
Info:                Sink $abc$663144$lut$aiger663143$25423.A5
Info:  0.1  8.3  Source $abc$663144$lut$aiger663143$25423.O6
Info:  0.3  8.6    Net $techmap671673$abc$663144$lut$aiger663143$25439.A[4] budget 0.000000 ns (203,86) -> (203,86)
Info:                Sink $abc$663144$lut$aiger663143$25439.A5
Info:  0.1  8.7  Source $abc$663144$lut$aiger663143$25439.O6
Info:  0.6  9.3    Net $techmap671674$abc$663144$lut$aiger663143$25471.A[5] budget 0.000000 ns (203,86) -> (203,86)
Info:                Sink $abc$663144$lut$aiger663143$25471.A6
Info:  0.1  9.4  Source $abc$663144$lut$aiger663143$25471.O6
Info:  0.4  9.9    Net $techmap671735$abc$663144$lut$aiger663143$25537.A[2] budget 0.000000 ns (203,86) -> (203,85)
Info:                Sink $abc$663144$lut$aiger663143$25537.A3
Info:  0.1 10.0  Source $abc$663144$lut$aiger663143$25537.O6
Info:  0.6 10.6    Net $techmap673295$auto$abc9_ops.cc:1552:reintegrate$664645.A[2] budget 0.000000 ns (203,85) -> (190,85)
Info:                Sink $abc$663144$lut$aiger663143$27876.A2
Info:  0.1 10.8  Source $abc$663144$lut$aiger663143$27876.O6
Info:  1.5 12.3    Net $techmap671909$abc$663144$lut$auto$opt_dff.cc:251:make_patterns_logic$80993.A[4] budget 0.000000 ns (190,85) -> (184,71)
Info:                Sink $abc$663144$lut$auto$opt_dff.cc:251:make_patterns_logic$80993.A1
Info:  0.1 12.4  Source $abc$663144$lut$auto$opt_dff.cc:251:make_patterns_logic$80993.O6
Info:  2.8 15.2    Net $techmap671910$auto$abc9_ops.cc:1552:reintegrate$665010.A[1] budget 0.000000 ns (184,71) -> (164,68)
Info:                Sink $auto$xilinx_dffopt.cc:338:execute$684831.A2
Info:  0.1 15.3  Source $auto$xilinx_dffopt.cc:338:execute$684831.O6
Info:  0.0 15.3    Net $auto$xilinx_dffopt.cc:347:execute$684832 budget 0.186000 ns (164,68) -> (164,68)
Info:                Sink $auto$ff.cc:337:slice$121639.D
Info:  0.1 15.4  Setup $auto$ff.cc:337:slice$121639.D
Info: 1.2 ns logic, 14.2 ns routing

Info: Max frequency for clock 'clk_ctrl': 64.93 MHz (PASS at 60.00 MHz)

Info: Slack histogram:
Info:  legend: * represents 49 endpoint(s)
Info:          + represents [1,49) endpoint(s)
Info: [  1266,   2019) |*+
Info: [  2019,   2772) |**+
Info: [  2772,   3525) |*+
Info: [  3525,   4278) |***+
Info: [  4278,   5031) |*****+
Info: [  5031,   5784) |*****+
Info: [  5784,   6537) |*******+
Info: [  6537,   7290) |*************+
Info: [  7290,   8043) |**********************+
Info: [  8043,   8796) |*******************************+
Info: [  8796,   9549) |**********************************+
Info: [  9549,  10302) |********************************************************+
Info: [ 10302,  11055) |************************************************************ 
Info: [ 11055,  11808) |**********************************+
Info: [ 11808,  12561) |********************************+
Info: [ 12561,  13314) |***************************************+
Info: [ 13314,  14067) |*************************+
Info: [ 14067,  14820) |*************+
Info: [ 14820,  15573) |***********+
Info: [ 15573,  16326) |*************+

