Info: Propagating clock constraints...
Info:     derived 200.0 MHz for net 'clk200_in' (through IBUFDS 'clk200_ibufds')
Info:     PLLE2_ADV 'pll': input 200.0 MHz, VCO 800.0 MHz
Info:     derived 40.0 MHz for net 'ctrl_raw' (through PLLE2_ADV 'pll')
Info:     derived 160.0 MHz for net 'ddr_raw' (through PLLE2_ADV 'pll')
Info:     derived 200.0 MHz for net 'ref_raw' (through PLLE2_ADV 'pll')
Info:     derived 160.0 MHz for net 'ddr90_raw' (through PLLE2_ADV 'pll')
Info:     derived 800.0 MHz for net 'pll_fb' (through PLLE2_ADV 'pll')
Info:     PLLE2_ADV 'pll': input 200.0 MHz, VCO 800.0 MHz
Info: Packing constants..
Info: Inserting IO buffers..
Info:     IO port 'clk200_n' driven by IBUFDS 'clk200_ibufds'
Info:     IO port 'clk200_p' driven by IBUFDS 'clk200_ibufds'
Info:     IO port 'ddr3_cas_n' driven by OBUF '$iopadmap$tms_ddr3_loader_ax7203.ddr3_cas_n'
Info:     IO port 'ddr3_ck_n' driven by OBUFDS 'ddr3.ddr3_phy_inst.genblk4.genblk1.OBUFDS_inst'
Info:     IO port 'ddr3_ck_p' driven by OBUFDS 'ddr3.ddr3_phy_inst.genblk4.genblk1.OBUFDS_inst'
Info:     IO port 'ddr3_cke' driven by OBUF '$iopadmap$tms_ddr3_loader_ax7203.ddr3_cke'
Info:     IO port 'ddr3_cs_n' driven by OBUF '$iopadmap$tms_ddr3_loader_ax7203.ddr3_cs_n'
Info:     IO port 'ddr3_odt' driven by OBUF '$iopadmap$tms_ddr3_loader_ax7203.ddr3_odt'
Info:     IO port 'ddr3_ras_n' driven by OBUF '$iopadmap$tms_ddr3_loader_ax7203.ddr3_ras_n'
Info:     IO port 'ddr3_reset_n' driven by OBUF '$iopadmap$tms_ddr3_loader_ax7203.ddr3_reset_n'
Info:     IO port 'ddr3_we_n' driven by OBUF '$iopadmap$tms_ddr3_loader_ax7203.ddr3_we_n'
Info:     IO port 'rst_n' driven by IBUF '$iopadmap$tms_ddr3_loader_ax7203.rst_n'
Info:     IO port 'uart_rx' driven by IBUF '$iopadmap$tms_ddr3_loader_ax7203.uart_rx'
Info:     IO port 'uart_tx' driven by OBUF '$iopadmap$tms_ddr3_loader_ax7203.uart_tx'
Info:     IO port 'ddr3_addr[0]' driven by OBUF '$iopadmap$tms_ddr3_loader_ax7203.ddr3_addr'
Info:     IO port 'ddr3_addr[1]' driven by OBUF '$iopadmap$tms_ddr3_loader_ax7203.ddr3_addr_1'
Info:     IO port 'ddr3_addr[10]' driven by OBUF '$iopadmap$tms_ddr3_loader_ax7203.ddr3_addr_10'
Info:     IO port 'ddr3_addr[11]' driven by OBUF '$iopadmap$tms_ddr3_loader_ax7203.ddr3_addr_11'
Info:     IO port 'ddr3_addr[12]' driven by OBUF '$iopadmap$tms_ddr3_loader_ax7203.ddr3_addr_12'
Info:     IO port 'ddr3_addr[13]' driven by OBUF '$iopadmap$tms_ddr3_loader_ax7203.ddr3_addr_13'
Info:     IO port 'ddr3_addr[14]' driven by OBUF '$iopadmap$tms_ddr3_loader_ax7203.ddr3_addr_14'
Info:     IO port 'ddr3_addr[2]' driven by OBUF '$iopadmap$tms_ddr3_loader_ax7203.ddr3_addr_2'
Info:     IO port 'ddr3_addr[3]' driven by OBUF '$iopadmap$tms_ddr3_loader_ax7203.ddr3_addr_3'
Info:     IO port 'ddr3_addr[4]' driven by OBUF '$iopadmap$tms_ddr3_loader_ax7203.ddr3_addr_4'
Info:     IO port 'ddr3_addr[5]' driven by OBUF '$iopadmap$tms_ddr3_loader_ax7203.ddr3_addr_5'
Info:     IO port 'ddr3_addr[6]' driven by OBUF '$iopadmap$tms_ddr3_loader_ax7203.ddr3_addr_6'
Info:     IO port 'ddr3_addr[7]' driven by OBUF '$iopadmap$tms_ddr3_loader_ax7203.ddr3_addr_7'
Info:     IO port 'ddr3_addr[8]' driven by OBUF '$iopadmap$tms_ddr3_loader_ax7203.ddr3_addr_8'
Info:     IO port 'ddr3_addr[9]' driven by OBUF '$iopadmap$tms_ddr3_loader_ax7203.ddr3_addr_9'
Info:     IO port 'ddr3_ba[0]' driven by OBUF '$iopadmap$tms_ddr3_loader_ax7203.ddr3_ba'
Info:     IO port 'ddr3_ba[1]' driven by OBUF '$iopadmap$tms_ddr3_loader_ax7203.ddr3_ba_1'
Info:     IO port 'ddr3_ba[2]' driven by OBUF '$iopadmap$tms_ddr3_loader_ax7203.ddr3_ba_2'
Info:     IO port 'led[0]' driven by OBUF '$iopadmap$tms_ddr3_loader_ax7203.led'
Info:     IO port 'led[1]' driven by OBUF '$iopadmap$tms_ddr3_loader_ax7203.led_1'
Info:     IO port 'led[2]' driven by OBUF '$iopadmap$tms_ddr3_loader_ax7203.led_2'
Info:     IO port 'led[3]' driven by OBUF '$iopadmap$tms_ddr3_loader_ax7203.led_3'
Info:     IO port 'ddr3_dq[0]' driven by IOBUF 'ddr3.ddr3_phy_inst.genblk5[0].genblk1.IOBUF_data'
Info:     IO port 'ddr3_dq[10]' driven by IOBUF 'ddr3.ddr3_phy_inst.genblk5[10].genblk1.IOBUF_data'
Info:     IO port 'ddr3_dq[11]' driven by IOBUF 'ddr3.ddr3_phy_inst.genblk5[11].genblk1.IOBUF_data'
Info:     IO port 'ddr3_dq[12]' driven by IOBUF 'ddr3.ddr3_phy_inst.genblk5[12].genblk1.IOBUF_data'
Info:     IO port 'ddr3_dq[13]' driven by IOBUF 'ddr3.ddr3_phy_inst.genblk5[13].genblk1.IOBUF_data'
Info:     IO port 'ddr3_dq[14]' driven by IOBUF 'ddr3.ddr3_phy_inst.genblk5[14].genblk1.IOBUF_data'
Info:     IO port 'ddr3_dq[15]' driven by IOBUF 'ddr3.ddr3_phy_inst.genblk5[15].genblk1.IOBUF_data'
Info:     IO port 'ddr3_dq[1]' driven by IOBUF 'ddr3.ddr3_phy_inst.genblk5[1].genblk1.IOBUF_data'
Info:     IO port 'ddr3_dq[2]' driven by IOBUF 'ddr3.ddr3_phy_inst.genblk5[2].genblk1.IOBUF_data'
Info:     IO port 'ddr3_dq[3]' driven by IOBUF 'ddr3.ddr3_phy_inst.genblk5[3].genblk1.IOBUF_data'
Info:     IO port 'ddr3_dq[4]' driven by IOBUF 'ddr3.ddr3_phy_inst.genblk5[4].genblk1.IOBUF_data'
Info:     IO port 'ddr3_dq[5]' driven by IOBUF 'ddr3.ddr3_phy_inst.genblk5[5].genblk1.IOBUF_data'
Info:     IO port 'ddr3_dq[6]' driven by IOBUF 'ddr3.ddr3_phy_inst.genblk5[6].genblk1.IOBUF_data'
Info:     IO port 'ddr3_dq[7]' driven by IOBUF 'ddr3.ddr3_phy_inst.genblk5[7].genblk1.IOBUF_data'
Info:     IO port 'ddr3_dq[8]' driven by IOBUF 'ddr3.ddr3_phy_inst.genblk5[8].genblk1.IOBUF_data'
Info:     IO port 'ddr3_dq[9]' driven by IOBUF 'ddr3.ddr3_phy_inst.genblk5[9].genblk1.IOBUF_data'
Info:     IO port 'ddr3_dm[0]' driven by OBUF 'ddr3.ddr3_phy_inst.genblk6[0].genblk1.OBUF_dm'
Info:     IO port 'ddr3_dm[1]' driven by OBUF 'ddr3.ddr3_phy_inst.genblk6[1].genblk1.OBUF_dm'
Info:     IO port 'ddr3_dqs_p[0]' driven by IOBUFDS 'ddr3.ddr3_phy_inst.genblk7[0].genblk1.IOBUFDS_dqs'
Info:     IO port 'ddr3_dqs_n[0]' driven by IOBUFDS 'ddr3.ddr3_phy_inst.genblk7[0].genblk1.IOBUFDS_dqs'
Info:     IO port 'ddr3_dqs_p[1]' driven by IOBUFDS 'ddr3.ddr3_phy_inst.genblk7[1].genblk1.IOBUFDS_dqs'
Info:     IO port 'ddr3_dqs_n[1]' driven by IOBUFDS 'ddr3.ddr3_phy_inst.genblk7[1].genblk1.IOBUFDS_dqs'
Info:     Constraining 'clk200_n' to site 'IOB_X1Y123'
Info:     Tile 'RIOB33_X105Y123'
Info:     Constraining 'clk200_p' to site 'IOB_X1Y124'
Info:     Tile 'RIOB33_X105Y123'
Info:     Constraining 'ddr3_cas_n' to site 'IOB_X1Y125'
Info:     Tile 'RIOB33_X105Y125'
Info:     Constraining 'ddr3_ck_n' to site 'IOB_X1Y143'
Info:     Tile 'RIOB33_X105Y143'
Info:     Constraining 'ddr3_ck_p' to site 'IOB_X1Y144'
Info:     Tile 'RIOB33_X105Y143'
Info:     Constraining 'ddr3_cke' to site 'IOB_X1Y122'
Info:     Tile 'RIOB33_X105Y121'
Info:     Constraining 'ddr3_cs_n' to site 'IOB_X1Y134'
Info:     Tile 'RIOB33_X105Y133'
Info:     Constraining 'ddr3_odt' to site 'IOB_X1Y121'
Info:     Tile 'RIOB33_X105Y121'
Info:     Constraining 'ddr3_ras_n' to site 'IOB_X1Y126'
Info:     Tile 'RIOB33_X105Y125'
Info:     Constraining 'ddr3_reset_n' to site 'IOB_X1Y120'
Info:     Tile 'RIOB33_X105Y119'
Info:     Constraining 'ddr3_we_n' to site 'IOB_X1Y136'
Info:     Tile 'RIOB33_X105Y135'
Info:     Constraining 'rst_n' to site 'IOB_X1Y115'
Info:     Tile 'RIOB33_X105Y115'
Info:     Constraining 'uart_rx' to site 'IOB_X0Y149'
Info:     Tile 'LIOB33_SING_X0Y149'
Info:     Constraining 'uart_tx' to site 'IOB_X0Y100'
Info:     Tile 'LIOB33_SING_X0Y100'
Info:     Constraining 'ddr3_addr[0]' to site 'IOB_X1Y127'
Info:     Tile 'RIOB33_X105Y127'
Info:     Constraining 'ddr3_addr[1]' to site 'IOB_X1Y133'
Info:     Tile 'RIOB33_X105Y133'
Info:     Constraining 'ddr3_addr[10]' to site 'IOB_X1Y139'
Info:     Tile 'RIOB33_X105Y139'
Info:     Constraining 'ddr3_addr[11]' to site 'IOB_X1Y142'
Info:     Tile 'RIOB33_X105Y141'
Info:     Constraining 'ddr3_addr[12]' to site 'IOB_X1Y141'
Info:     Tile 'RIOB33_X105Y141'
Info:     Constraining 'ddr3_addr[13]' to site 'IOB_X1Y147'
Info:     Tile 'RIOB33_X105Y147'
Info:     Constraining 'ddr3_addr[14]' to site 'IOB_X1Y137'
Info:     Tile 'RIOB33_X105Y137'
Info:     Constraining 'ddr3_addr[2]' to site 'IOB_X1Y130'
Info:     Tile 'RIOB33_X105Y129'
Info:     Constraining 'ddr3_addr[3]' to site 'IOB_X1Y129'
Info:     Tile 'RIOB33_X105Y129'
Info:     Constraining 'ddr3_addr[4]' to site 'IOB_X1Y135'
Info:     Tile 'RIOB33_X105Y135'
Info:     Constraining 'ddr3_addr[5]' to site 'IOB_X1Y138'
Info:     Tile 'RIOB33_X105Y137'
Info:     Constraining 'ddr3_addr[6]' to site 'IOB_X1Y140'
Info:     Tile 'RIOB33_X105Y139'
Info:     Constraining 'ddr3_addr[7]' to site 'IOB_X1Y148'
Info:     Tile 'RIOB33_X105Y147'
Info:     Constraining 'ddr3_addr[8]' to site 'IOB_X1Y145'
Info:     Tile 'RIOB33_X105Y145'
Info:     Constraining 'ddr3_addr[9]' to site 'IOB_X1Y146'
Info:     Tile 'RIOB33_X105Y145'
Info:     Constraining 'ddr3_ba[0]' to site 'IOB_X1Y131'
Info:     Tile 'RIOB33_X105Y131'
Info:     Constraining 'ddr3_ba[1]' to site 'IOB_X1Y132'
Info:     Tile 'RIOB33_X105Y131'
Info:     Constraining 'ddr3_ba[2]' to site 'IOB_X1Y128'
Info:     Tile 'RIOB33_X105Y127'
Info:     Constraining 'led[0]' to site 'IOB_X0Y233'
Info:     Tile 'LIOB33_X0Y233'
Info:     Constraining 'led[1]' to site 'IOB_X0Y234'
Info:     Tile 'LIOB33_X0Y233'
Info:     Constraining 'led[2]' to site 'IOB_X0Y238'
Info:     Tile 'LIOB33_X0Y237'
Info:     Constraining 'led[3]' to site 'IOB_X0Y237'
Info:     Tile 'LIOB33_X0Y237'
Info:     Constraining 'ddr3_dq[0]' to site 'IOB_X1Y196'
Info:     Tile 'RIOB33_X105Y195'
Info:     Constraining 'ddr3_dq[10]' to site 'IOB_X1Y184'
Info:     Tile 'RIOB33_X105Y183'
Info:     Constraining 'ddr3_dq[11]' to site 'IOB_X1Y179'
Info:     Tile 'RIOB33_X105Y179'
Info:     Constraining 'ddr3_dq[12]' to site 'IOB_X1Y185'
Info:     Tile 'RIOB33_X105Y185'
Info:     Constraining 'ddr3_dq[13]' to site 'IOB_X1Y180'
Info:     Tile 'RIOB33_X105Y179'
Info:     Constraining 'ddr3_dq[14]' to site 'IOB_X1Y186'
Info:     Tile 'RIOB33_X105Y185'
Info:     Constraining 'ddr3_dq[15]' to site 'IOB_X1Y176'
Info:     Tile 'RIOB33_X105Y175'
Info:     Constraining 'ddr3_dq[1]' to site 'IOB_X1Y190'
Info:     Tile 'RIOB33_X105Y189'
Info:     Constraining 'ddr3_dq[2]' to site 'IOB_X1Y197'
Info:     Tile 'RIOB33_X105Y197'
Info:     Constraining 'ddr3_dq[3]' to site 'IOB_X1Y188'
Info:     Tile 'RIOB33_X105Y187'
Info:     Constraining 'ddr3_dq[4]' to site 'IOB_X1Y195'
Info:     Tile 'RIOB33_X105Y195'
Info:     Constraining 'ddr3_dq[5]' to site 'IOB_X1Y189'
Info:     Tile 'RIOB33_X105Y189'
Info:     Constraining 'ddr3_dq[6]' to site 'IOB_X1Y198'
Info:     Tile 'RIOB33_X105Y197'
Info:     Constraining 'ddr3_dq[7]' to site 'IOB_X1Y192'
Info:     Tile 'RIOB33_X105Y191'
Info:     Constraining 'ddr3_dq[8]' to site 'IOB_X1Y178'
Info:     Tile 'RIOB33_X105Y177'
Info:     Constraining 'ddr3_dq[9]' to site 'IOB_X1Y177'
Info:     Tile 'RIOB33_X105Y177'
Info:     Constraining 'ddr3_dm[0]' to site 'IOB_X1Y191'
Info:     Tile 'RIOB33_X105Y191'
Info:     Constraining 'ddr3_dm[1]' to site 'IOB_X1Y183'
Info:     Tile 'RIOB33_X105Y183'
Info:     Constraining 'ddr3_dqs_p[0]' to site 'IOB_X1Y194'
Info:     Tile 'RIOB33_X105Y193'
Info:     Constraining 'ddr3_dqs_n[0]' to site 'IOB_X1Y193'
Info:     Tile 'RIOB33_X105Y193'
Info:     Constraining 'ddr3_dqs_p[1]' to site 'IOB_X1Y182'
Info:     Tile 'RIOB33_X105Y181'
Info:     Constraining 'ddr3_dqs_n[1]' to site 'IOB_X1Y181'
Info:     Tile 'RIOB33_X105Y181'
Info: Generating output buffer for '$iopadmap$tms_ddr3_loader_ax7203.ddr3_cas_n'
Info: Generating output buffer for '$iopadmap$tms_ddr3_loader_ax7203.ddr3_cke'
Info: Generating output buffer for '$iopadmap$tms_ddr3_loader_ax7203.ddr3_cs_n'
Info: Generating output buffer for '$iopadmap$tms_ddr3_loader_ax7203.ddr3_odt'
Info: Generating output buffer for '$iopadmap$tms_ddr3_loader_ax7203.ddr3_ras_n'
Info: Generating output buffer for '$iopadmap$tms_ddr3_loader_ax7203.ddr3_reset_n'
Info: Generating output buffer for '$iopadmap$tms_ddr3_loader_ax7203.ddr3_we_n'
Info: Generating input buffer for '$iopadmap$tms_ddr3_loader_ax7203.rst_n'
Info: Generating input buffer for '$iopadmap$tms_ddr3_loader_ax7203.uart_rx'
Info: Generating output buffer for '$iopadmap$tms_ddr3_loader_ax7203.uart_tx'
Info: Generating output buffer for '$iopadmap$tms_ddr3_loader_ax7203.ddr3_addr'
Info: Generating output buffer for '$iopadmap$tms_ddr3_loader_ax7203.ddr3_addr_1'
Info: Generating output buffer for '$iopadmap$tms_ddr3_loader_ax7203.ddr3_addr_10'
Info: Generating output buffer for '$iopadmap$tms_ddr3_loader_ax7203.ddr3_addr_11'
Info: Generating output buffer for '$iopadmap$tms_ddr3_loader_ax7203.ddr3_addr_12'
Info: Generating output buffer for '$iopadmap$tms_ddr3_loader_ax7203.ddr3_addr_13'
Info: Generating output buffer for '$iopadmap$tms_ddr3_loader_ax7203.ddr3_addr_14'
Info: Generating output buffer for '$iopadmap$tms_ddr3_loader_ax7203.ddr3_addr_2'
Info: Generating output buffer for '$iopadmap$tms_ddr3_loader_ax7203.ddr3_addr_3'
Info: Generating output buffer for '$iopadmap$tms_ddr3_loader_ax7203.ddr3_addr_4'
Info: Generating output buffer for '$iopadmap$tms_ddr3_loader_ax7203.ddr3_addr_5'
Info: Generating output buffer for '$iopadmap$tms_ddr3_loader_ax7203.ddr3_addr_6'
Info: Generating output buffer for '$iopadmap$tms_ddr3_loader_ax7203.ddr3_addr_7'
Info: Generating output buffer for '$iopadmap$tms_ddr3_loader_ax7203.ddr3_addr_8'
Info: Generating output buffer for '$iopadmap$tms_ddr3_loader_ax7203.ddr3_addr_9'
Info: Generating output buffer for '$iopadmap$tms_ddr3_loader_ax7203.ddr3_ba'
Info: Generating output buffer for '$iopadmap$tms_ddr3_loader_ax7203.ddr3_ba_1'
Info: Generating output buffer for '$iopadmap$tms_ddr3_loader_ax7203.ddr3_ba_2'
Info: Generating output buffer for '$iopadmap$tms_ddr3_loader_ax7203.led'
Info: Generating output buffer for '$iopadmap$tms_ddr3_loader_ax7203.led_1'
Info: Generating output buffer for '$iopadmap$tms_ddr3_loader_ax7203.led_2'
Info: Generating output buffer for '$iopadmap$tms_ddr3_loader_ax7203.led_3'
Info: Generating input buffer for 'ddr3.ddr3_phy_inst.genblk5[0].genblk1.IOBUF_data'
Info: Generating output buffer for 'ddr3.ddr3_phy_inst.genblk5[0].genblk1.IOBUF_data'
Info: Generating input buffer for 'ddr3.ddr3_phy_inst.genblk5[10].genblk1.IOBUF_data'
Info: Generating output buffer for 'ddr3.ddr3_phy_inst.genblk5[10].genblk1.IOBUF_data'
Info: Generating input buffer for 'ddr3.ddr3_phy_inst.genblk5[11].genblk1.IOBUF_data'
Info: Generating output buffer for 'ddr3.ddr3_phy_inst.genblk5[11].genblk1.IOBUF_data'
Info: Generating input buffer for 'ddr3.ddr3_phy_inst.genblk5[12].genblk1.IOBUF_data'
Info: Generating output buffer for 'ddr3.ddr3_phy_inst.genblk5[12].genblk1.IOBUF_data'
Info: Generating input buffer for 'ddr3.ddr3_phy_inst.genblk5[13].genblk1.IOBUF_data'
Info: Generating output buffer for 'ddr3.ddr3_phy_inst.genblk5[13].genblk1.IOBUF_data'
Info: Generating input buffer for 'ddr3.ddr3_phy_inst.genblk5[14].genblk1.IOBUF_data'
Info: Generating output buffer for 'ddr3.ddr3_phy_inst.genblk5[14].genblk1.IOBUF_data'
Info: Generating input buffer for 'ddr3.ddr3_phy_inst.genblk5[15].genblk1.IOBUF_data'
Info: Generating output buffer for 'ddr3.ddr3_phy_inst.genblk5[15].genblk1.IOBUF_data'
Info: Generating input buffer for 'ddr3.ddr3_phy_inst.genblk5[1].genblk1.IOBUF_data'
Info: Generating output buffer for 'ddr3.ddr3_phy_inst.genblk5[1].genblk1.IOBUF_data'
Info: Generating input buffer for 'ddr3.ddr3_phy_inst.genblk5[2].genblk1.IOBUF_data'
Info: Generating output buffer for 'ddr3.ddr3_phy_inst.genblk5[2].genblk1.IOBUF_data'
Info: Generating input buffer for 'ddr3.ddr3_phy_inst.genblk5[3].genblk1.IOBUF_data'
Info: Generating output buffer for 'ddr3.ddr3_phy_inst.genblk5[3].genblk1.IOBUF_data'
Info: Generating input buffer for 'ddr3.ddr3_phy_inst.genblk5[4].genblk1.IOBUF_data'
Info: Generating output buffer for 'ddr3.ddr3_phy_inst.genblk5[4].genblk1.IOBUF_data'
Info: Generating input buffer for 'ddr3.ddr3_phy_inst.genblk5[5].genblk1.IOBUF_data'
Info: Generating output buffer for 'ddr3.ddr3_phy_inst.genblk5[5].genblk1.IOBUF_data'
Info: Generating input buffer for 'ddr3.ddr3_phy_inst.genblk5[6].genblk1.IOBUF_data'
Info: Generating output buffer for 'ddr3.ddr3_phy_inst.genblk5[6].genblk1.IOBUF_data'
Info: Generating input buffer for 'ddr3.ddr3_phy_inst.genblk5[7].genblk1.IOBUF_data'
Info: Generating output buffer for 'ddr3.ddr3_phy_inst.genblk5[7].genblk1.IOBUF_data'
Info: Generating input buffer for 'ddr3.ddr3_phy_inst.genblk5[8].genblk1.IOBUF_data'
Info: Generating output buffer for 'ddr3.ddr3_phy_inst.genblk5[8].genblk1.IOBUF_data'
Info: Generating input buffer for 'ddr3.ddr3_phy_inst.genblk5[9].genblk1.IOBUF_data'
Info: Generating output buffer for 'ddr3.ddr3_phy_inst.genblk5[9].genblk1.IOBUF_data'
Info: Generating output buffer for 'ddr3.ddr3_phy_inst.genblk6[0].genblk1.OBUF_dm'
Info: Generating output buffer for 'ddr3.ddr3_phy_inst.genblk6[1].genblk1.OBUF_dm'
Info:     Created 3 INVERTER cells from:
Info:              3x INV
Info:     Created 58 PAD cells from:
Info:             58x PAD
Info: Preparing clocking...
Info: Packing constants..
Info: Packing cfg...
Info: Packing PLLs...
Info:     Constrained PLLE2_ADV_PLLE2_ADV 'pll' to bel 'PLLE2_ADV_X1Y2/PLLE2_ADV' based on dedicated routing
Info:     PLL/MMCM: disconnected 28 const DRP/control pins (Vivado leaves them unrouted)
Info: Packing Gigabit Transceivers..
Info: Packing global buffers...
Info:     Constrained BUFGCTRL 'clk_ctrl_bufg' to bel 'BUFGCTRL_X0Y0/BUFGCTRL' based on dedicated routing
Info:     Constrained BUFGCTRL 'clk_ddr_90_bufg' to bel 'BUFGCTRL_X0Y1/BUFGCTRL' based on dedicated routing
Info:     Constrained BUFGCTRL 'clk_ddr_bufg' to bel 'BUFGCTRL_X0Y2/BUFGCTRL' based on dedicated routing
Info:     Constrained BUFGCTRL 'clk_ref_bufg' to bel 'BUFGCTRL_X0Y3/BUFGCTRL' based on dedicated routing
Info: Packing MUX[789]s..
Info: Packing carries (atomic CARRY4)..
Info:    Packed 891 CARRY4 cells into 192 chains (atomic).
Info: router2 PRECYINIT fix: 891 CARRY4 cells, 1083 constant carry pins disconnected
Info:    Carry-O relocation: 21 sum(s) duplicated, 21 CARRY4 split(s), 0 bit(s) skipped (unrelocatable)
Info: Packing LUTs..
Info:     Created 18769 SLICE_LUTX cells from:
Info:           6781x LUT1
Info:           2156x LUT2
Info:           1898x LUT3
Info:           1800x LUT4
Info:           4040x LUT5
Info:           2094x LUT6
Info: Packing DRAM..
Info:    Transformed 0 tied-low DRAM address inputs to be tied-high
Info: Packing BRAM..
Info: Packing DSPs..
Info: Packing flipflops..
Info:     Created 8186 SLICE_FFX cells from:
Info:           4714x FDCE
Info:             43x FDPE
Info:           3402x FDRE
Info:             27x FDSE
Info:     local-const FF control: disconnected 1248 SR(=GND) + 2852 CE(=VCC) pins from global nets
Info:     Created 49 SELMUX2_1 cells from:
Info:             49x MUXF7
Info: Constrained 4396 LUTFF pairs.

Info: Annotating ports with timing budgets for target frequency 12.00 MHz
Info: Checksum: 0x17bbfa0b

Info: Device utilisation:
Info: 	          SLICE_LUTX: 20001/269200     7%
Info: 	           SLICE_FFX:  8186/269200     3%
Info: 	              CARRY4:   912/33650     2%
Info: 	          PSEUDO_GND:     1/69165     0%
Info: 	          PSEUDO_VCC:     1/69165     0%
Info: 	               HARD0:     0/ 3960     0%
Info: 	            RAMB18E1:     0/  730     0%
Info: 	            FIFO18E1:     0/  365     0%
Info: 	        RAMBFIFO36E1:     0/  365     0%
Info: 	            RAMB36E1:     2/  365     0%
Info: 	             DSP48E1:     0/  740     0%
Info: 	                 PAD:    58/ 1062     5%
Info: 	       IOB33M_OUTBUF:     3/  240     1%
Info: 	       IOB33S_OUTBUF:     3/  240     1%
Info: 	        IOB33_OUTBUF:    48/  500     9%
Info: 	     IOB33M_INBUF_EN:     3/  240     1%
Info: 	     IOB33S_INBUF_EN:     0/  240     0%
Info: 	      IOB33_INBUF_EN:    18/  500     3%
Info: 	IOB33M_TERM_OVERRIDE:     0/  240     0%
Info: 	IOB33S_TERM_OVERRIDE:     0/  240     0%
Info: 	 IOB33_TERM_OVERRIDE:     0/  500     0%
Info: 	       PULL_OR_KEEP1:     0/  980     0%
Info: 	            IDELAYE2:    18/  500     3%
Info: 	        OLOGICE3_TFF:     0/  500     0%
Info: 	      OLOGICE3_OUTFF:     0/  500     0%
Info: 	       OLOGICE3_MISR:     0/  500     0%
Info: 	           OSERDESE2:    45/  500     9%
Info: 	        ILOGICE3_IFF:     0/  500     0%
Info: 	ILOGICE3_ZHOLD_DELAY:     0/  500     0%
Info: 	           ISERDESE2:    18/  500     3%
Info: 	                BUFR:     0/   40     0%
Info: 	               BUFIO:     0/   40     0%
Info: 	          IDELAYCTRL:     1/   10    10%
Info: 	            BUFGCTRL:     4/   32    12%
Info: 	            PCIE_2_1:     0/    1     0%
Info: 	               BSCAN:     0/    4     0%
Info: 	                BUFG:     0/   32     0%
Info: 	              BUFHCE:     0/  120     0%
Info: 	            DCIRESET:     0/    1     0%
Info: 	            DNA_PORT:     0/    1     0%
Info: 	           EFUSE_USR:     0/    1     0%
Info: 	           FRAME_ECC:     0/    1     0%
Info: 	       GTPE2_CHANNEL:     0/   16     0%
Info: 	        GTPE2_COMMON:     0/    4     0%
Info: 	         IBUFDS_GTE2:     0/    8     0%
Info: 	                ICAP:     0/    2     0%
Info: 	            INVERTER:     3/  240     1%
Info: 	          MMCME2_ADV:     0/   10     0%
Info: 	        OLOGICE2_TFF:     0/  500     0%
Info: 	      OLOGICE2_OUTFF:     0/  500     0%
Info: 	           PLLE2_ADV:     1/   10    10%
Info: 	           SELMUX2_1:    49/102950     0%
Info: 	             STARTUP:     0/    1     0%
Info: 	          USR_ACCESS:     0/    1     0%
Info: 	              BUFFER:     0/   82     0%
Info: 	        ILOGICE2_IFF:     0/  500     0%
Info: 	       OLOGICE2_MISR:     0/  500     0%

Info: HeAP congestion knobs: beta=0.400 spread_scale=2,1 alpha=0.080
Info: Placed 223 cells based on constraints.
Info: Creating initial analytic placement for 14628 cells, random placement wirelen = 6104214.
Info:     at initial placer iter 0, wirelen = 56923
Info:     at initial placer iter 1, wirelen = 51941
Info:     at initial placer iter 2, wirelen = 51118
Info:     at initial placer iter 3, wirelen = 50706
Info: Running main analytical placer.
Info:     at iteration #1, type ALL: wirelen solved = 50154, spread = 805149, legal = 824506; time = 0.56s
Info:     at iteration #2, type ALL: wirelen solved = 121711, spread = 481803, legal = 498753; time = 0.66s
Info:     at iteration #3, type ALL: wirelen solved = 148609, spread = 404634, legal = 418437; time = 0.56s
Info:     at iteration #4, type ALL: wirelen solved = 172202, spread = 358498, legal = 372748; time = 0.55s
Info:     at iteration #5, type ALL: wirelen solved = 189289, spread = 335896, legal = 347688; time = 0.50s
Info:     at iteration #6, type ALL: wirelen solved = 201072, spread = 434444, legal = 450641; time = 0.55s
Info:     at iteration #7, type ALL: wirelen solved = 221740, spread = 412907, legal = 416761; time = 0.54s
Info:     at iteration #8, type ALL: wirelen solved = 236108, spread = 393267, legal = 400598; time = 0.54s
Info:     at iteration #9, type ALL: wirelen solved = 246109, spread = 401002, legal = 409639; time = 0.50s
Info:     at iteration #10, type ALL: wirelen solved = 256675, spread = 472717, legal = 480782; time = 0.44s
Info: HeAP Placer Time: 9.02s
Info:   of which solving equations: 4.55s
Info:   of which spreading cells: 0.82s
Info:   of which strict legalisation: 1.34s

Info: Running simulated annealing placer for refinement.
Info:   at iteration #1: temp = 0.000000, timing cost = 313, wirelen = 347688
Info:   at iteration #5: temp = 0.000000, timing cost = 415, wirelen = 318753
Info:   at iteration #10: temp = 0.000000, timing cost = 397, wirelen = 315343
Info:   at iteration #15: temp = 0.000000, timing cost = 396, wirelen = 314669
Info:   at iteration #20: temp = 0.000000, timing cost = 390, wirelen = 314313
Info:   at iteration #25: temp = 0.000000, timing cost = 388, wirelen = 314136
Info:   at iteration #30: temp = 0.000000, timing cost = 388, wirelen = 314087
Info:   at iteration #34: temp = 0.000000, timing cost = 388, wirelen = 314052 
Info: SA placement time 28.04s

Info: Max frequency for clock 'clk_ctrl': 36.43 MHz (FAIL at 40.00 MHz)

Info: Slack histogram:
Info:  legend: * represents 86 endpoint(s)
Info:          + represents [1,86) endpoint(s)
Info: [ -2448,  -1091) |+
Info: [ -1091,    266) |+
Info: [   266,   1623) | 
Info: [  1623,   2980) |+
Info: [  2980,   4337) |+
Info: [  4337,   5694) |+
Info: [  5694,   7051) |+
Info: [  7051,   8408) |+
Info: [  8408,   9765) |****+
Info: [  9765,  11122) |*+
Info: [ 11122,  12479) |****+
Info: [ 12479,  13836) |*********+
Info: [ 13836,  15193) |**********+
Info: [ 15193,  16550) |******************+
Info: [ 16550,  17907) |**********************+
Info: [ 17907,  19264) |*************************************+
Info: [ 19264,  20621) |************************************************************ 
Info: [ 20621,  21978) |************************* 
Info: [ 21978,  23335) |********************+
Info: [ 23335,  24692) |****************+
Info: Checksum: 0xeaca6402
Info: Running post-placement legalisation...
Info: post-place repair: relocated 5293 stranded cluster(s)/cell(s) to valid bels
Info: Routing global clocks...
Info:     routing clock 'clk_ddr'
Info:     routing clock 'clk_ctrl'
Info:     routing clock 'clk200_in'
Info:     routing clock 'ctrl_raw'
Info:     routing clock 'ddr90_raw'
Info:     routing clock 'clk_ddr_90'
Info:     routing clock 'ddr_raw'
Info:     routing clock 'ref_raw'
Info:     routing clock 'clk_ref'
Info: Running router2...
Info: Setting up routing resources...
Info: Adopted 9593 pre-routed arc(s)
Info: Running main router loop...
Info:     iter=1 wires=438321 overused=13976 overuse=14331 archfail=NA
Info:     iter=2 wires=447839 overused=63 overuse=63 archfail=NA
Info:     iter=3 wires=447914 overused=1 overuse=1 archfail=NA
Info:     iter=4 wires=447917 overused=0 overuse=0 archfail=0
Info: 1000 slowest nets by runtime:
        $techmap$techmap233233$auto$ff.cc:337:slice$162298.$auto$abc9_ops.cc:418:prep_bypass$233132.PRE   4757 1136.5ms
                                                                              ddr3.reset   2173 848.5ms
                                                                      matvec.act_addr[2]    924 668.1ms
                                                                     matvec.aw_stored[3]   1543 620.7ms
                                                                      matvec.act_addr[5]    924 610.1ms
                                                                      matvec.act_addr[1]    924 536.4ms
                                                                     matvec.aw_stored[0]   1544 534.3ms
                                  $abc$687923$memory\matvec.fq_hi$wren[4][0][0]$y$106844    128 533.7ms
                                  $abc$687923$memory\matvec.fq_hi$wren[6][0][0]$y$106858    128 524.6ms
                                                 ddr3.ddr3_controller_inst.index_wb_data    129 517.8ms
                                                                      matvec.act_addr[4]    924 508.4ms
                                                                     matvec.aw_stored[4]   1543 501.1ms
                                                                     matvec.aw_stored[1]   1543 485.8ms
                                  $abc$687923$memory\matvec.fq_hi$wren[5][0][0]$y$106850    128 473.6ms
                                  $abc$687923$memory\matvec.fq_hi$wren[2][0][0]$y$106828    128 471.9ms
                                  $abc$687923$memory\matvec.fq_hi$wren[3][0][0]$y$106834    128 469.1ms
                                                                      matvec.act_addr[3]    924 455.3ms
                                                                      matvec.act_addr[6]    924 452.5ms
                                                                     matvec.aw_stored[5]   1543 444.7ms
                            $techmap695687$auto$abc9_ops.cc:1552:reintegrate$690519.A[2]    179 443.5ms
                                    $techmap701747$abc$687923$lut$aiger687922$70611.A[1]    131 424.7ms
                                                                     matvec.aw_stored[2]   1543 386.6ms
                                   $auto$memory_libmap.cc:1641:generate_demux$98464.Y[5]    176 382.3ms
                                  $abc$687923$memory\matvec.fq_hi$wren[7][0][0]$y$106864    128 381.4ms
                                  $abc$687923$memory\matvec.fq_hi$wren[0][0][0]$y$106810    128 364.4ms
                                    $techmap698130$abc$687923$lut$aiger687922$34984.A[2]    319 355.6ms
                            $techmap697931$auto$abc9_ops.cc:1552:reintegrate$689489.A[1]    190 348.1ms
                                    $techmap703332$abc$687923$lut$aiger687922$78688.A[5]    256 345.7ms
                            $techmap701752$auto$abc9_ops.cc:1552:reintegrate$688299.A[2]    222 337.5ms
                                    $techmap697092$abc$687923$lut$aiger687922$26678.A[0]    150 317.5ms
                                    $techmap701743$abc$687923$lut$aiger687922$70607.A[4]    128 315.4ms
                            $techmap696998$auto$abc9_ops.cc:1552:reintegrate$689741.A[0]    319 310.7ms
                                    $techmap701749$abc$687923$lut$aiger687922$70616.A[3]    128 310.2ms
                            $techmap701752$auto$abc9_ops.cc:1552:reintegrate$688299.A[3]    128 302.6ms
        $flatten\ddr3.\ddr3_controller_inst.$shiftx$build/uberddr3/rtl/ddr3_controller.v:2225$27547.Y     64 297.7ms
                                    $techmap703332$abc$687923$lut$aiger687922$78688.A[0]    256 297.3ms
                                        ddr3.ddr3_controller_inst.data_start_index[0][4]    208 296.8ms
                               $abc$687923$auto$opt_dff.cc:251:make_patterns_logic$84728     97 295.2ms
                            $techmap697134$auto$abc9_ops.cc:1552:reintegrate$689720.A[4]    145 278.9ms
                                                 ddr3.ddr3_controller_inst.stage2_update    158 269.7ms
                                    $techmap701743$abc$687923$lut$aiger687922$70607.A[3]    128 264.7ms
                                    $techmap701747$abc$687923$lut$aiger687922$70611.A[2]    128 264.7ms
                                        ddr3.ddr3_controller_inst.data_start_index[0][6]    107 264.4ms
                                   $auto$memory_libmap.cc:1641:generate_demux$98464.Y[0]    176 262.5ms
                                            $techmap236130$auto$ff.cc:337:slice$126835.D    148 258.7ms
                            $techmap698153$auto$abc9_ops.cc:1552:reintegrate$689446.A[0]    159 248.8ms
                            $techmap697296$auto$abc9_ops.cc:1552:reintegrate$689679.A[1]    195 247.0ms
                                                          ddr3.ddr3_controller_inst.lane    137 246.5ms
                                                                           matvec.pop_go     70 231.1ms
                                  $abc$687923$memory\matvec.fq_hi$wren[1][0][0]$y$106818    128 231.0ms
                            $techmap697558$auto$abc9_ops.cc:1552:reintegrate$689656.A[3]    191 227.1ms
                                    $techmap696867$abc$687923$lut$aiger687922$24347.A[3]     88 223.4ms
                                    $techmap696855$abc$687923$lut$aiger687922$24365.A[2]     79 221.0ms
                                                                               app_rst_n     53 220.9ms
                                   $auto$memory_libmap.cc:1641:generate_demux$98464.Y[3]    176 219.2ms
                                    $techmap696865$abc$687923$lut$aiger687922$24343.A[3]     71 215.6ms
                                                    ddr3.ddr3_controller_inst.late_dq[1]    204 212.8ms
                                                                          calib_complete    163 210.9ms
                                   $auto$memory_libmap.cc:1641:generate_demux$98464.Y[2]    176 210.5ms
                     $techmap707932$abc$687923$lut$flatten\master.$0\buf_valid[0:0].A[1]    157 208.5ms
                                   $auto$memory_libmap.cc:1641:generate_demux$98464.Y[4]    176 204.5ms
                                        ddr3.ddr3_controller_inst.data_start_index[0][2]    148 203.9ms
                                    $techmap698132$abc$687923$lut$aiger687922$34979.A[0]     62 202.6ms
                            $techmap697296$auto$abc9_ops.cc:1552:reintegrate$689679.A[3]    135 200.4ms
                                   $auto$memory_libmap.cc:1641:generate_demux$98464.Y[1]    176 199.4ms
                                    $techmap696868$abc$687923$lut$aiger687922$24354.A[2]     68 194.7ms
                                   $auto$memory_libmap.cc:1641:generate_demux$98464.Y[6]    176 188.9ms
                                    $techmap698263$abc$687923$lut$aiger687922$36172.A[4]     81 185.9ms
                                    $techmap696890$abc$687923$lut$aiger687922$24084.A[1]     76 179.2ms
               $techmap704206$abc$687923$lut$flatten\transmitter.$0\count[31:0][31].A[2]     67 178.8ms
                                        ddr3.ddr3_controller_inst.data_start_index[1][6]    100 178.8ms
                                        ddr3.ddr3_controller_inst.data_start_index[0][1]    167 177.7ms
                               $abc$687923$auto$opt_dff.cc:251:make_patterns_logic$87165    144 177.4ms
                                        ddr3.ddr3_controller_inst.data_start_index[1][5]    102 171.0ms
                            $techmap697288$auto$abc9_ops.cc:1552:reintegrate$689682.A[0]     60 169.0ms
                                                    ddr3.ddr3_controller_inst.late_dq[0]    203 168.8ms
                   $techmap703338$abc$687923$lut$flatten\matvec.$0\act_rd[63:0][63].A[1]     64 168.4ms
                            $techmap698794$auto$abc9_ops.cc:1552:reintegrate$689282.A[0]    124 166.6ms
                                                                         master.read_ack    157 163.3ms
                                        ddr3.ddr3_controller_inst.data_start_index[0][5]    111 156.8ms
                   $techmap703338$abc$687923$lut$flatten\matvec.$0\act_rd[63:0][63].A[0]     64 156.6ms
                            $techmap696998$auto$abc9_ops.cc:1552:reintegrate$689741.A[2]     65 156.4ms
                            $techmap697185$auto$abc9_ops.cc:1552:reintegrate$689712.A[3]     73 153.8ms
                            $techmap696979$auto$abc9_ops.cc:1552:reintegrate$689744.A[0]    144 152.9ms
                            $techmap696995$auto$abc9_ops.cc:1552:reintegrate$689742.A[0]    132 149.5ms
                                            $techmap233596$auto$ff.cc:337:slice$154506.D     64 148.6ms
                                    $techmap697432$abc$687923$lut$aiger687922$29568.A[1]     49 147.3ms
                                    $techmap696869$abc$687923$lut$aiger687922$24360.A[1]     71 147.3ms
                                        ddr3.ddr3_controller_inst.data_start_index[1][3]    169 146.6ms
                                    $techmap697444$abc$687923$lut$aiger687922$29823.A[3]     41 144.7ms
                                    $techmap696869$abc$687923$lut$aiger687922$24360.A[2]     71 143.5ms
                                              ddr3.ddr3_controller_inst.stage2_bank_d[1]     54 142.6ms
                                        ddr3.ddr3_controller_inst.data_start_index[1][0]    108 141.8ms
        $flatten\ddr3.\ddr3_controller_inst.$shiftx$build/uberddr3/rtl/ddr3_controller.v:2248$27551.Y     64 141.8ms
                            $techmap695970$auto$abc9_ops.cc:1552:reintegrate$690346.A[2]    152 139.6ms
                            $techmap696896$auto$abc9_ops.cc:1552:reintegrate$689751.A[1]    103 138.0ms
                                            $techmap237961$auto$ff.cc:337:slice$107827.D     83 137.9ms
                            $techmap697015$auto$abc9_ops.cc:1552:reintegrate$689739.A[5]     89 135.8ms
                                        ddr3.ddr3_controller_inst.data_start_index[1][4]    211 135.8ms
                                    $techmap696865$abc$687923$lut$aiger687922$24343.A[4]     72 134.0ms
                            $techmap696952$auto$abc9_ops.cc:1552:reintegrate$689748.A[2]     48 130.8ms
                                        ddr3.ddr3_controller_inst.data_start_index[1][1]    166 130.4ms
                                                                              rd_addr[3]     57 130.1ms
        $techmap708007$abc$687923$lut$auto$opt_dff.cc:251:make_patterns_logic$85128.A[3]    125 128.2ms
                                        ddr3.ddr3_controller_inst.data_start_index[1][2]    147 128.0ms
                            $techmap697350$auto$abc9_ops.cc:1552:reintegrate$689677.A[1]     55 127.9ms
                                        ddr3.ddr3_controller_inst.data_start_index[0][0]    108 127.2ms
                            $techmap699668$auto$abc9_ops.cc:1552:reintegrate$689042.A[2]    186 124.0ms
                                            $techmap237786$auto$ff.cc:337:slice$108162.D     49 120.3ms
                                                             ddr3.ddr3_phy_inst.sync_rst     64 120.2ms
                                    $techmap696700$abc$687923$lut$aiger687922$22980.A[1]     80 119.7ms
                            $techmap696826$auto$abc9_ops.cc:1552:reintegrate$689757.A[1]    129 118.3ms
                            $techmap698794$auto$abc9_ops.cc:1552:reintegrate$689282.A[3]     51 117.7ms
                                            $techmap237114$auto$ff.cc:337:slice$124119.D     90 112.0ms
                               $abc$687923$auto$opt_dff.cc:251:make_patterns_logic$84818    141 108.5ms
                                              ddr3.ddr3_controller_inst.stage2_bank_d[0]     52 108.0ms
                                    $techmap696878$abc$687923$lut$aiger687922$24085.A[1]    153 108.0ms
                                        ddr3.ddr3_controller_inst.data_start_index[0][3]    167 107.7ms
                                    $techmap697457$abc$687923$lut$aiger687922$29826.A[0]    110 106.7ms
        $flatten\ddr3.\ddr3_controller_inst.$shiftx$build/uberddr3/rtl/ddr3_controller.v:2225$27555.Y     64 106.2ms
                            $techmap698179$auto$abc9_ops.cc:1552:reintegrate$689433.A[1]     46 101.7ms
                            $techmap697022$auto$abc9_ops.cc:1552:reintegrate$689736.A[0]    111 101.7ms
                            $techmap697483$auto$abc9_ops.cc:1552:reintegrate$689664.A[0]    104 101.4ms
                            $techmap697151$auto$abc9_ops.cc:1552:reintegrate$689716.A[3]     78 100.8ms
                                         ddr3.ddr3_controller_inst.stage1_next_bank_d[1]     41 100.4ms
                            $techmap698153$auto$abc9_ops.cc:1552:reintegrate$689446.A[2]     69 99.0ms
                                                                                 mv_s_go     78 97.0ms
                            $techmap697017$auto$abc9_ops.cc:1552:reintegrate$689738.A[0]     41 96.3ms
                            $techmap697291$auto$abc9_ops.cc:1552:reintegrate$689681.A[1]     43 95.5ms
                               $abc$687923$auto$opt_dff.cc:251:make_patterns_logic$85638    153 93.6ms
                                            $techmap234602$auto$ff.cc:337:slice$129328.D     89 93.1ms
                            $techmap697483$auto$abc9_ops.cc:1552:reintegrate$689664.A[1]     72 90.5ms
                                    $techmap697133$abc$687923$lut$aiger687922$27133.A[1]     44 90.4ms
                                                                        matvec.hq_hi[29]     42 88.8ms
                                              ddr3.ddr3_controller_inst.write_pattern[0]     45 88.7ms
        $techmap707846$abc$687923$lut$auto$opt_dff.cc:251:make_patterns_logic$84805.A[3]     87 88.7ms
                            $techmap696930$auto$abc9_ops.cc:1552:reintegrate$689749.A[1]     66 86.1ms
                                    $techmap697444$abc$687923$lut$aiger687922$29823.A[4]    117 84.6ms
                                    $techmap697444$abc$687923$lut$aiger687922$29823.A[2]     47 80.7ms
                                    $techmap696467$abc$687923$lut$aiger687922$25794.A[1]     50 78.2ms
                                                                        matvec.hq_hi[30]     42 77.5ms
                            $techmap696896$auto$abc9_ops.cc:1552:reintegrate$689751.A[3]     69 75.9ms
                                    $techmap698264$abc$687923$lut$aiger687922$36157.A[0]     58 75.5ms
                                                                        matvec.hq_hi[39]     42 75.4ms
                                                                        matvec.hq_lo[45]     45 75.2ms
                  $techmap704187$abc$687923$lut$flatten\matvec.$procmux$62843_Y[31].A[1]     64 74.1ms
        $flatten\ddr3.\ddr3_controller_inst.$shiftx$build/uberddr3/rtl/ddr3_controller.v:2248$27559.Y     64 69.7ms
                                    $techmap707946$abc$687923$lut$aiger687922$24437.A[3]     46 65.7ms
                                    $techmap696890$abc$687923$lut$aiger687922$24084.A[0]     75 64.2ms
                                                                        matvec.hq_lo[47]     42 63.9ms
                                                                           committed_any      1 62.8ms
                                                                        matvec.hq_lo[21]     42 62.3ms
                                            $techmap233663$auto$ff.cc:337:slice$135473.D     78 61.9ms
                                            $techmap236197$auto$ff.cc:337:slice$126674.D     44 61.5ms
                                    $techmap704131$abc$687923$lut$aiger687922$38729.A[1]     42 61.4ms
                                                                        matvec.hq_lo[14]     42 60.3ms
                                                                        matvec.hq_lo[53]     42 60.3ms
                                                                        matvec.hq_lo[46]     43 58.0ms
                            $techmap698844$auto$abc9_ops.cc:1552:reintegrate$689273.A[1]     44 56.5ms
                            $techmap698432$auto$abc9_ops.cc:1552:reintegrate$689365.A[1]     55 53.4ms
                                                                        matvec.hq_hi[37]     45 53.3ms
                                                ddr3.ddr3_controller_inst.stage1_bank[0]     38 51.9ms
                                                                             wb_rdata[5]     22 51.5ms
                            $techmap696896$auto$abc9_ops.cc:1552:reintegrate$689751.A[2]     42 50.9ms
                                                                        matvec.hq_lo[25]     31 50.7ms
                            $techmap698394$auto$abc9_ops.cc:1552:reintegrate$689378.A[1]     41 49.5ms
                                                                         matvec.hq_hi[5]     42 49.5ms
                            $techmap697122$auto$abc9_ops.cc:1552:reintegrate$689724.A[2]     41 49.4ms
                                                                             wb_rdata[7]     22 47.9ms
                                                                            wb_rdata[61]     20 47.6ms
                                                                        matvec.hq_lo[55]     42 47.4ms
                            $techmap695809$auto$abc9_ops.cc:1552:reintegrate$690406.A[1]     64 45.6ms
                                                                        matvec.hq_hi[13]     44 43.9ms
                                                                            wb_rdata[29]     22 43.6ms
                                                                        matvec.hq_hi[38]     43 43.4ms
                               $abc$687923$auto$opt_dff.cc:251:make_patterns_logic$87137    129 42.9ms
                            $techmap700847$auto$abc9_ops.cc:1552:reintegrate$688574.A[0]     38 42.6ms
                                    $techmap696809$abc$687923$lut$aiger687922$23883.A[0]     41 42.2ms
                                                                        matvec.hq_hi[15]     43 41.7ms
                                                                            wb_rdata[58]     21 40.9ms
                                                                            wb_rdata[48]     20 40.5ms
                                    $techmap698204$abc$687923$lut$aiger687922$35758.A[2]     38 39.4ms
                                                                        matvec.hq_lo[54]     43 39.2ms
                                                                        matvec.hq_lo[22]     45 38.9ms
                                                                        matvec.hq_hi[21]     42 38.2ms
                                                                        matvec.hq_lo[23]     43 38.2ms
                                                                        matvec.hq_hi[46]     41 38.1ms
                                                                           wb_rdata[112]     19 37.8ms
                                                                        matvec.hq_lo[13]     43 37.6ms
                                                                        matvec.hq_lo[63]     38 37.1ms
                                                                        matvec.hq_lo[15]     43 36.1ms
                                                                            wb_rdata[22]     22 35.5ms
                                            ddr3.ddr3_controller_inst.dqs_start_index[0]     40 34.8ms
                                                                             wb_rdata[2]     23 34.3ms
                                            $techmap233235$auto$ff.cc:337:slice$162296.D     41 34.2ms
                                                                            wb_rdata[28]     22 33.9ms
                                                                        matvec.hq_lo[59]     25 33.7ms
                                                                        matvec.hq_hi[14]     42 33.5ms
                                                                            wb_rdata[60]     20 33.4ms
                                                                                 any_nak      1 33.3ms
                                                                            wb_rdata[18]     22 32.3ms
                                                                             wb_rdata[4]     22 31.9ms
                                                                        matvec.hq_lo[40]     30 31.8ms
                                    $techmap698141$abc$687923$lut$aiger687922$34963.A[2]     32 31.3ms
                            $techmap696871$auto$abc9_ops.cc:1552:reintegrate$689754.A[3]     28 31.2ms
                                                                           wb_rdata[116]     19 30.7ms
                                                                         matvec.hq_lo[8]     32 30.3ms
                                                                           wb_rdata[109]     19 30.2ms
                                                                        matvec.hq_hi[22]     41 30.2ms
                                                                        matvec.hq_hi[45]     42 30.0ms
                                                                            wb_rdata[51]     20 29.9ms
                                                                            wb_rdata[68]     19 29.8ms
                                                                           wb_rdata[124]     19 29.7ms
                                                                            wb_rdata[84]     19 29.2ms
                                                                            wb_rdata[20]     22 28.8ms
                                                                            wb_rdata[19]     23 28.8ms
                                                                            wb_rdata[31]     21 28.7ms
                                                                            wb_rdata[75]     20 28.5ms
                                                                            wb_rdata[27]     21 28.5ms
                                                                            wb_rdata[66]     20 28.3ms
                            $techmap697260$auto$abc9_ops.cc:1552:reintegrate$689692.A[3]     18 28.3ms
                                                                        matvec.hq_lo[61]     39 28.1ms
                                                                            wb_rdata[23]     22 28.0ms
                                                                            wb_rdata[94]     19 27.6ms
                                                                        matvec.hq_hi[23]     41 27.6ms
        $techmap707447$abc$687923$lut\ddr3.ddr3_controller_inst.delay_before_precharge_counter_d[3][1].A[1]     33 27.6ms
                                    $techmap701917$abc$687923$lut$aiger687922$71940.A[2]     24 27.5ms
                                                                            wb_rdata[64]     19 27.5ms
                                                                            wb_rdata[91]     19 27.4ms
                                                                            wb_rdata[72]     19 27.3ms
                                                                           wb_rdata[114]     19 27.2ms
                                                                            wb_rdata[87]     19 27.2ms
                                                                        matvec.hq_lo[41]     36 26.9ms
                                                                            wb_rdata[44]     20 26.8ms
                                                                            wb_rdata[24]     22 26.6ms
                                                                            wb_rdata[74]     19 26.5ms
                                                                           wb_rdata[110]     19 26.5ms
                                                                            wb_rdata[82]     19 26.5ms
                            $techmap698463$auto$abc9_ops.cc:1552:reintegrate$689358.A[1]     32 26.4ms
                                                                            wb_rdata[78]     19 26.4ms
                            $techmap700867$auto$abc9_ops.cc:1552:reintegrate$688570.A[0]     29 26.3ms
                                                                            wb_rdata[99]     20 26.2ms
                                                                            wb_rdata[57]     20 26.1ms
                                                                           wb_rdata[117]     19 25.9ms
                                                                            wb_rdata[26]     21 25.8ms
                                                                            wb_rdata[35]     20 25.6ms
                                                                            wb_rdata[17]     22 25.6ms
                                                                            wb_rdata[32]     20 25.6ms
                                                                            wb_rdata[36]     20 25.5ms
                                                                        matvec.hq_lo[38]     38 25.5ms
                                                                             wb_rdata[3]     22 25.4ms
                                                                           wb_rdata[102]     19 25.4ms
                                                                         matvec.hq_hi[8]     33 25.4ms
                                                                             wb_rdata[9]     22 25.4ms
                                                                            wb_rdata[59]     20 25.3ms
                                                                            wb_rdata[63]     20 25.2ms
                                                                            wb_rdata[11]     22 25.2ms
                                      ddr3.ddr3_controller_inst.write_by_byte_counter[3]     25 25.2ms
                                                                          transmitter.tx      1 25.1ms
                                                                            wb_rdata[13]     22 25.1ms
                                                                            wb_rdata[77]     19 25.1ms
                                                                            wb_rdata[97]     20 25.1ms
                               $abc$687923$auto$opt_dff.cc:251:make_patterns_logic$85887     39 24.9ms
                                                                            wb_rdata[41]     20 24.7ms
                                                                        matvec.hq_hi[42]     28 24.7ms
                                                                           wb_rdata[126]     19 24.6ms
        $abc$687923$flatten\loader.$logic_and$build/t27/specs/rtl/fpga_ddr3_loader.v:1622$929_Y     33 24.5ms
                                                                           wb_rdata[108]     19 24.5ms
                                                                            wb_rdata[15]     22 24.5ms
                                                                         matvec.hq_hi[0]     28 24.4ms
                                                                        matvec.hq_hi[47]     40 24.4ms
                                                                           wb_rdata[103]     19 24.2ms
        $techmap707740$abc$687923$lut$auto$opt_dff.cc:251:make_patterns_logic$106585.A[1]     31 24.2ms
                                                                            wb_rdata[73]     19 24.1ms
                                                                            wb_rdata[76]     19 24.1ms
                                                                            wb_rdata[53]     21 24.1ms
                                                                            wb_rdata[52]     20 23.9ms
                                                                             wb_rdata[1]     23 23.9ms
                               $abc$687923$auto$opt_dff.cc:251:make_patterns_logic$85094     32 23.8ms
                                                                           wb_rdata[107]     19 23.8ms
                                                                            wb_rdata[43]     20 23.8ms
                                    $techmap698141$abc$687923$lut$aiger687922$34963.A[1]     32 23.8ms
                                                                            wb_rdata[10]     23 23.7ms
                                                                             wb_rdata[6]     22 23.7ms
                                                                            wb_rdata[98]     19 23.7ms
                                         ddr3.ddr3_controller_inst.stage1_next_bank_d[0]     37 23.7ms
                                                                           wb_rdata[122]     19 23.6ms
                                                                            wb_rdata[85]     20 23.6ms
                                                                           wb_rdata[125]     19 23.5ms
                                                                               debug1[0]     35 23.4ms
                                                                            wb_rdata[69]     20 23.4ms
                                                                            wb_rdata[14]     22 23.3ms
                                                                        matvec.hq_lo[49]     39 23.0ms
                                                                            wb_rdata[93]     19 22.9ms
                                                                            wb_rdata[25]     21 22.6ms
                            $techmap698120$auto$abc9_ops.cc:1552:reintegrate$689452.A[2]     32 22.6ms
                            $techmap702613$auto$abc9_ops.cc:1552:reintegrate$688059.A[2]     26 22.4ms
                                              ddr3.ddr3_controller_inst.stage2_bank_d[2]     31 22.4ms
                                                                            wb_rdata[80]     19 22.4ms
                                                                            wb_rdata[62]     20 22.3ms
                                                                        matvec.hq_hi[24]     35 22.2ms
                                                                            wb_rdata[38]     20 22.1ms
                                                                            wb_rdata[55]     20 22.1ms
                                                                            wb_rdata[45]     20 22.1ms
                                    $techmap696843$abc$687923$lut$aiger687922$24361.A[1]     31 22.0ms
                                                                         matvec.hq_hi[9]     34 21.8ms
                                                                            wb_rdata[65]     19 21.8ms
                                                                            wb_rdata[90]     19 21.8ms
                                                                            wb_rdata[88]     19 21.7ms
                                    $techmap698454$abc$687923$lut$aiger687922$38067.A[1]     20 21.7ms
                                                                            wb_rdata[21]     22 21.6ms
                                                                            wb_rdata[16]     22 21.6ms
                                                                        matvec.hq_hi[17]     33 21.6ms
                                                                       loader.h_addr[20]     12 21.5ms
                                                                            wb_rdata[92]     19 21.5ms
                                                                        matvec.hq_hi[34]     25 21.3ms
                            $techmap696681$auto$abc9_ops.cc:1552:reintegrate$689760.A[4]     23 21.3ms
                                                                           wb_rdata[106]     19 21.1ms
                                                                            wb_rdata[89]     19 21.1ms
                                    $techmap696876$abc$687923$lut$aiger687922$24400.A[0]     34 21.1ms
                                                                            wb_rdata[86]     19 21.1ms
                                                                           wb_rdata[115]     19 21.1ms
                                                                            wb_rdata[49]     20 21.0ms
                                                                            wb_rdata[37]     21 21.0ms
                                                                            wb_rdata[46]     20 21.0ms
                            $techmap697129$auto$abc9_ops.cc:1552:reintegrate$689722.A[2]     40 21.0ms
                                                                            wb_rdata[50]     21 21.0ms
        $techmap707711$abc$687923$lut$auto$opt_dff.cc:251:make_patterns_logic$86305.A[1]     32 20.9ms
                               $abc$687923$auto$opt_dff.cc:251:make_patterns_logic$85729     32 20.9ms
                                                                            wb_rdata[95]     19 20.9ms
                                                                            wb_rdata[56]     20 20.8ms
                            $techmap697015$auto$abc9_ops.cc:1552:reintegrate$689739.A[1]     36 20.7ms
                                                ddr3.ddr3_controller_inst.stage1_bank[1]     37 20.7ms
                                                                             wb_rdata[0]     22 20.7ms
                                                                           wb_rdata[113]     19 20.6ms
                                                                         matvec.hq_hi[2]     30 20.5ms
                            $techmap695778$auto$abc9_ops.cc:1552:reintegrate$690437.A[1]     62 20.5ms
                                                                         matvec.hq_lo[6]     39 20.5ms
                                                                           wb_rdata[118]     19 20.3ms
                                                                            wb_rdata[33]     21 20.1ms
                                                                            wb_rdata[30]     21 20.0ms
                                                                            wb_rdata[79]     19 19.9ms
                                                ddr3.ddr3_controller_inst.stage2_pending     23 19.9ms
                                                                            wb_rdata[42]     20 19.9ms
                            $techmap696353$auto$abc9_ops.cc:1552:reintegrate$689982.A[2]     33 19.8ms
                                                                        matvec.hq_hi[62]     35 19.7ms
                                    $techmap705353$abc$687923$lut$aiger687922$57867.A[4]     16 19.6ms
                                                                            wb_rdata[39]     20 19.6ms
                                                                           wb_rdata[121]     19 19.6ms
                            $techmap697288$auto$abc9_ops.cc:1552:reintegrate$689682.A[1]     33 19.6ms
                                                                             wb_rdata[8]     22 19.6ms
                                                                            wb_rdata[83]     19 19.6ms
                                      ddr3.ddr3_controller_inst.write_by_byte_counter[2]     31 19.5ms
                                                                            wb_rdata[47]     20 19.5ms
                                                                           wb_rdata[120]     19 19.4ms
                                                                           wb_rdata[119]     19 19.4ms
                                                                            wb_rdata[81]     19 19.3ms
                                 ddr3.ddr3_controller_inst.read_test_address_counter[19]      5 19.2ms
                                                                        matvec.hq_lo[58]     26 19.2ms
                               $abc$687923$auto$opt_dff.cc:251:make_patterns_logic$86270     31 19.2ms
                                                                            wb_rdata[34]     20 19.2ms
                                                                           wb_rdata[127]     19 19.0ms
        $techmap707750$abc$687923$lut$auto$opt_dff.cc:251:make_patterns_logic$84655.A[5]     33 19.0ms
                               $abc$687923$auto$opt_dff.cc:251:make_patterns_logic$84874     40 19.0ms
                                                                        matvec.hq_lo[16]     30 19.0ms
                            $techmap702575$auto$abc9_ops.cc:1552:reintegrate$688072.A[1]     24 18.9ms
                                    $techmap698401$abc$687923$lut$aiger687922$36783.A[1]     13 18.9ms
                            $techmap697279$auto$abc9_ops.cc:1552:reintegrate$689687.A[4]     19 18.9ms
                                                                        matvec.hq_lo[33]     35 18.8ms
                            $techmap702210$auto$abc9_ops.cc:1552:reintegrate$688214.A[3]     18 18.8ms
               $techmap704176$abc$687923$lut$flatten\loader.$0\prob_count[31:0][31].A[4]     32 18.7ms
                               $abc$687923$auto$opt_dff.cc:251:make_patterns_logic$84723     16 18.7ms
                                                                            wb_rdata[40]     20 18.6ms
                                                                        matvec.hq_hi[56]     26 18.6ms
                                                                           wb_rdata[105]     19 18.6ms
                               $abc$687923$auto$opt_dff.cc:251:make_patterns_logic$86686     31 18.5ms
                                            ddr3.ddr3_controller_inst.dqs_start_index[1]     36 18.5ms
                               $abc$687923$auto$opt_dff.cc:251:make_patterns_logic$87181     28 18.5ms
                                            $techmap237736$auto$ff.cc:337:slice$108212.D     20 18.4ms
                                                                            wb_rdata[12]     22 18.4ms
                            $techmap697673$auto$abc9_ops.cc:1552:reintegrate$689641.A[1]     28 18.4ms
                               $abc$687923$auto$opt_dff.cc:251:make_patterns_logic$85969     32 18.3ms
                            $techmap701933$auto$abc9_ops.cc:1552:reintegrate$688272.A[1]     28 18.3ms
                  $techmap704168$abc$687923$lut$flatten\loader.$procmux$77671_Y[31].A[2]     32 18.3ms
                                                                           wb_rdata[100]     20 18.3ms
                                                                                clk_ctrl   9507 18.2ms
                                                                               debug1[2]     26 18.2ms
                                                                        matvec.hq_hi[63]     34 18.2ms
                                                                            receiver.rx2     39 18.2ms
                                                                         matvec.hq_lo[7]     38 18.0ms
                                                                           wb_rdata[123]     20 18.0ms
                                    $techmap698137$abc$687923$lut$aiger687922$34974.A[2]     26 17.8ms
                            $techmap697260$auto$abc9_ops.cc:1552:reintegrate$689692.A[4]     19 17.8ms
                            $techmap697766$auto$abc9_ops.cc:1552:reintegrate$689623.A[4]     19 17.8ms
                                                                        matvec.hq_hi[16]     33 17.8ms
                            $techmap697195$auto$abc9_ops.cc:1552:reintegrate$689707.A[2]     30 17.7ms
                            $techmap696353$auto$abc9_ops.cc:1552:reintegrate$689982.A[1]     32 17.7ms
                            $techmap699210$auto$abc9_ops.cc:1552:reintegrate$689175.A[0]     20 17.7ms
                            $techmap697649$auto$abc9_ops.cc:1552:reintegrate$689653.A[1]     39 17.7ms
                                                                            wb_rdata[67]     20 17.6ms
                    $techmap704155$abc$687923$lut$flatten\loader.$0\quiet[31:0][31].A[1]     32 17.6ms
                            $techmap702397$auto$abc9_ops.cc:1552:reintegrate$688152.A[1]     29 17.6ms
                                    $techmap697502$abc$687923$lut$aiger687922$29888.A[0]     35 17.6ms
                                                                            wb_rdata[54]     20 17.5ms
                                                                        matvec.hq_lo[48]     29 17.4ms
                            $techmap701213$auto$abc9_ops.cc:1552:reintegrate$688459.A[0]     38 17.4ms
                            $techmap697375$auto$abc9_ops.cc:1552:reintegrate$689667.A[1]     39 17.3ms
                                                                        matvec.hq_hi[40]     35 17.2ms
                                                                           wb_rdata[111]     19 17.2ms
                                           $abc$687923$auto$rtlil.cc:3574:NotGate$216220     16 17.2ms
                            $techmap701759$auto$abc9_ops.cc:1552:reintegrate$688296.A[0]     28 17.1ms
                                                                        matvec.hq_hi[18]     26 17.0ms
                            $techmap697017$auto$abc9_ops.cc:1552:reintegrate$689738.A[1]     37 17.0ms
                     $techmap707663$abc$687923$lut$flatten\transmitter.$0\busy[0:0].A[0]     36 17.0ms
                            $techmap697273$auto$abc9_ops.cc:1552:reintegrate$689688.A[4]     19 16.8ms
                                                                            wb_rdata[70]     19 16.7ms
                                                                        matvec.hq_hi[31]     40 16.7ms
                            $techmap697129$auto$abc9_ops.cc:1552:reintegrate$689722.A[3]     26 16.5ms
                                          ddr3.ddr3_controller_inst.start_index_check[5]     35 16.5ms
                                     ddr3.ddr3_controller_inst.stage2_data_unaligned[92]      6 16.5ms
                                                                            wb_rdata[71]     19 16.4ms
                                    $techmap697409$abc$687923$lut$aiger687922$29562.A[2]     31 16.4ms
                                      ddr3.ddr3_controller_inst.write_by_byte_counter[0]     30 16.4ms
                            $techmap701764$auto$abc9_ops.cc:1552:reintegrate$688295.A[0]     28 16.4ms
                                    $techmap707132$abc$687923$lut$aiger687922$34400.A[4]      1 16.3ms
                                          ddr3.ddr3_controller_inst.start_index_check[4]     36 16.3ms
                  $techmap704144$abc$687923$lut$flatten\matvec.$procmux$62467_Y[31].A[3]     35 16.3ms
                            $techmap699674$auto$abc9_ops.cc:1552:reintegrate$689039.A[2]     16 16.2ms
                                    $techmap697349$abc$687923$lut$aiger687922$28973.A[1]     32 16.1ms
                            $techmap696977$auto$abc9_ops.cc:1552:reintegrate$689745.A[2]     32 16.1ms
                               $abc$687923$auto$opt_dff.cc:251:make_patterns_logic$85716     32 15.8ms
                                                                               heartbeat      2 15.8ms
                                                                         matvec.hq_lo[9]     32 15.8ms
                            $techmap698127$auto$abc9_ops.cc:1552:reintegrate$689448.A[1]     19 15.8ms
        $techmap708007$abc$687923$lut$auto$opt_dff.cc:251:make_patterns_logic$85128.A[1]     30 15.7ms
                                                                         loader.h_len[0]     14 15.6ms
                                           $abc$687923$auto$rtlil.cc:3574:NotGate$216348     17 15.6ms
                            $techmap697273$auto$abc9_ops.cc:1552:reintegrate$689688.A[3]     18 15.5ms
                                                                        matvec.hq_hi[25]     36 15.4ms
                                                            $abc$687923$aiger687922$9627      2 15.4ms
                            $techmap698813$auto$abc9_ops.cc:1552:reintegrate$689276.A[3]     29 15.3ms
                                                                        matvec.hq_lo[39]     40 15.3ms
                            $techmap697556$auto$abc9_ops.cc:1552:reintegrate$689657.A[5]     31 15.2ms
                                                                        matvec.hq_lo[34]     28 15.1ms
                                                                         matvec.hq_lo[3]     23 15.0ms
                                                                           wb_rdata[104]     19 14.9ms
                                                                        matvec.hq_hi[61]     35 14.9ms
                                    $techmap698453$abc$687923$lut$aiger687922$38054.A[1]     21 14.9ms
                            $techmap697774$auto$abc9_ops.cc:1552:reintegrate$689619.A[4]     19 14.9ms
                            $techmap697772$auto$abc9_ops.cc:1552:reintegrate$689620.A[4]     19 14.8ms
                                                                        matvec.hq_lo[32]     29 14.7ms
                                       ddr3.ddr3_controller_inst.delay_counter_is_zero_d     30 14.7ms
        $abc$687923$flatten\loader.$logic_and$build/t27/specs/rtl/fpga_ddr3_loader.v:1618$920_Y     32 14.7ms
                                                                        matvec.hq_lo[27]     27 14.7ms
                               $abc$687923$auto$opt_dff.cc:251:make_patterns_logic$86554     32 14.6ms
                                                                         matvec.hq_lo[1]     31 14.6ms
                            $techmap702665$auto$abc9_ops.cc:1552:reintegrate$688034.A[3]     31 14.6ms
                                                                               debug1[1]     22 14.6ms
                                     $techmap707752$abc$687923$lut\arbiter.handover.A[2]     38 14.6ms
                            $techmap702378$auto$abc9_ops.cc:1552:reintegrate$688159.A[1]     27 14.6ms
                                                                         matvec.hq_lo[4]     17 14.5ms
        $abc$687923$flatten\ddr3.\ddr3_phy_inst.$logic_not$build/uberddr3/rtl/ddr3_phy.v:1126$26529_Y      4 14.5ms
                                    $techmap697258$abc$687923$lut$aiger687922$27917.A[1]     21 14.5ms
                                                                       loader.h_addr[10]     13 14.5ms
                                                          ddr3.idelay_data_cntvaluein[1]     20 14.5ms
                                                                        matvec.hq_lo[62]     40 14.4ms
                                                                        loader.h_addr[0]     12 14.3ms
                               $abc$687923$auto$opt_dff.cc:251:make_patterns_logic$86512     32 14.3ms
                                                                        matvec.hq_lo[12]     18 14.3ms
                                                                         loader.h_len[6]     14 14.2ms
                                    $techmap696701$abc$687923$lut$aiger687922$23889.A[0]     35 14.1ms
                                    $techmap696843$abc$687923$lut$aiger687922$24361.A[0]     23 14.1ms
                  $techmap704178$abc$687923$lut$flatten\matvec.$0\req_gap[31:0][31].A[1]     31 14.1ms
                                                                         matvec.hq_lo[0]     28 14.0ms
                                                                        matvec.hq_hi[44]     16 14.0ms
        $techmap697705$abc$687923$lut\ddr3.ddr3_controller_inst.delay_before_precharge_counter_d[3][2].A[2]     17 13.9ms
                            $techmap698463$auto$abc9_ops.cc:1552:reintegrate$689358.A[0]     18 13.8ms
        $techmap697712$abc$687923$lut\ddr3.ddr3_controller_inst.delay_before_precharge_counter_d[2][2].A[2]     17 13.7ms
                                                                           wb_rdata[101]     19 13.7ms
                                                                   loader.stage_word[16]      2 13.7ms
                                                                        matvec.hq_lo[35]     22 13.7ms
                                    ddr3.ddr3_controller_inst.stage2_data_unaligned[118]     12 13.7ms
                            $techmap699210$auto$abc9_ops.cc:1552:reintegrate$689175.A[1]     22 13.7ms
                  $techmap704133$abc$687923$lut$flatten\receiver.$0\count[31:0][31].A[4]     30 13.6ms
                                                                            wb_rdata[96]     19 13.6ms
                            $techmap697770$auto$abc9_ops.cc:1552:reintegrate$689621.A[4]     19 13.6ms
                                        ddr3.ddr3_controller_inst.instruction_address[4]     26 13.5ms
                                    $techmap696553$abc$687923$lut$aiger687922$26792.A[4]     22 13.5ms
                                                                       loader.h_addr[26]     12 13.5ms
                                                                        matvec.hq_hi[26]     29 13.5ms
                                                                        loader.h_len[11]     15 13.5ms
                            $techmap697279$auto$abc9_ops.cc:1552:reintegrate$689687.A[3]     18 13.5ms
                                                                        matvec.hq_hi[51]     24 13.4ms
                                                                        matvec.hq_hi[32]     37 13.4ms
                                                                        matvec.hq_hi[41]     35 13.4ms
                            $techmap697768$auto$abc9_ops.cc:1552:reintegrate$689622.A[4]     19 13.4ms
                            $techmap697652$auto$abc9_ops.cc:1552:reintegrate$689651.A[4]     26 13.4ms
                                      ddr3.ddr3_controller_inst.write_by_byte_counter[1]     23 13.3ms
                                                                         matvec.sub_q[9]     18 13.3ms
                            $techmap699699$auto$abc9_ops.cc:1552:reintegrate$689034.A[2]     26 13.3ms
                                                                       loader.h_addr[11]     13 13.3ms
                            $techmap698430$auto$abc9_ops.cc:1552:reintegrate$689367.A[1]     35 13.2ms
                                                                        matvec.hq_lo[31]     33 13.2ms
                            $techmap695655$auto$abc9_ops.cc:1552:reintegrate$690551.A[0]     37 13.2ms
                                                                         matvec.hq_hi[3]     23 13.2ms
                            $techmap700403$auto$abc9_ops.cc:1552:reintegrate$688772.A[0]     13 13.2ms
                            $techmap697122$auto$abc9_ops.cc:1552:reintegrate$689724.A[4]     18 13.2ms
                            $techmap698070$auto$abc9_ops.cc:1552:reintegrate$689472.A[1]      9 13.1ms
                            $techmap695656$auto$abc9_ops.cc:1552:reintegrate$690550.A[1]     62 13.1ms
                  $techmap704237$abc$687923$lut$flatten\matvec.$procmux$62195_Y[30].A[2]     31 13.1ms
                                                                        matvec.sub_q[10]     18 13.0ms
        $techmap707846$abc$687923$lut$auto$opt_dff.cc:251:make_patterns_logic$84805.A[2]     40 12.9ms
                            $techmap697136$auto$abc9_ops.cc:1552:reintegrate$689719.A[3]     34 12.9ms
                                    $techmap696870$abc$687923$lut$aiger687922$24370.A[3]     18 12.9ms
                                        ddr3.ddr3_controller_inst.instruction_address[1]     25 12.9ms
        $techmap697733$abc$687923$lut\ddr3.ddr3_controller_inst.delay_before_precharge_counter_d[4][2].A[2]     17 12.9ms
                                                                        matvec.hq_hi[48]     27 12.8ms
                            $techmap698910$auto$abc9_ops.cc:1552:reintegrate$689254.A[1]     16 12.8ms
                                                                        matvec.hq_hi[54]     38 12.8ms
                                                                        matvec.hq_hi[55]     38 12.8ms
        $techmap697727$abc$687923$lut\ddr3.ddr3_controller_inst.delay_before_precharge_counter_d[0][2].A[2]     17 12.7ms
                                $techmap698121$abc$687923$lut\loader.line_value[10].A[1]     32 12.7ms
                                                                        matvec.hq_hi[57]     31 12.7ms
                                                                            ddr3.cmd[96]     17 12.7ms
                               $abc$687923$auto$opt_dff.cc:251:make_patterns_logic$85176     32 12.7ms
                                                                         loader.h_len[2]     13 12.7ms
                                                                        loader.h_addr[6]     11 12.7ms
                                    $techmap697453$abc$687923$lut$aiger687922$29804.A[2]     15 12.6ms
                                                                        matvec.hq_lo[24]     23 12.6ms
                                                                         ddr3.bitslip[0]     18 12.5ms
                               $abc$687923$auto$opt_dff.cc:251:make_patterns_logic$85573     32 12.5ms
                                                                        matvec.hq_lo[30]     34 12.4ms
        $techmap697720$abc$687923$lut\ddr3.ddr3_controller_inst.delay_before_precharge_counter_d[1][2].A[2]     17 12.3ms
                                                                        matvec.hq_lo[17]     34 12.3ms
                            $techmap698117$auto$abc9_ops.cc:1552:reintegrate$689454.A[0]     10 12.2ms
                                                                        matvec.hq_lo[43]     30 12.1ms
                                                          ddr3.idelay_data_cntvaluein[4]     20 12.1ms
                            $techmap696954$auto$abc9_ops.cc:1552:reintegrate$689747.A[0]     26 12.1ms
                                                                         matvec.hq_hi[7]     39 12.0ms
                            $techmap697266$auto$abc9_ops.cc:1552:reintegrate$689690.A[0]     22 11.9ms
                                                                         matvec.sub_q[8]     18 11.9ms
                                                                        matvec.hq_lo[10]     24 11.9ms
                            $techmap697646$auto$abc9_ops.cc:1552:reintegrate$689654.A[1]     30 11.9ms
                                    $techmap705362$abc$687923$lut$aiger687922$57858.A[3]     16 11.9ms
                                    $techmap697256$abc$687923$lut$aiger687922$27902.A[2]     27 11.9ms
               $techmap704889$abc$687923$lut$flatten\loader.$0\prob_count[31:0][22].A[2]      1 11.8ms
                                        ddr3.ddr3_controller_inst.instruction_address[3]     29 11.7ms
                                                                       loader.h_addr[31]     12 11.6ms
                                    $techmap697007$abc$687923$lut$aiger687922$25472.A[0]     34 11.6ms
                                                                        matvec.hq_hi[53]     37 11.5ms
                                    $techmap696553$abc$687923$lut$aiger687922$26792.A[5]     18 11.5ms
                                            ddr3.ddr3_controller_inst.dqs_start_index[2]     18 11.5ms
                            $techmap701213$auto$abc9_ops.cc:1552:reintegrate$688459.A[3]     16 11.5ms
        $techmap707306$abc$687923$lut$auto$opt_dff.cc:251:make_patterns_logic$87098.A[3]     29 11.4ms
                                                                        loader.h_len[13]     16 11.4ms
                            $techmap699047$auto$abc9_ops.cc:1552:reintegrate$689219.A[3]     13 11.4ms
                                         ddr3.ddr3_controller_inst.stage1_next_bank_d[2]     20 11.3ms
                                                                        matvec.hq_hi[60]     18 11.3ms
                            $techmap697646$auto$abc9_ops.cc:1552:reintegrate$689654.A[0]     30 11.3ms
                                                          ddr3.idelay_data_cntvaluein[0]     17 11.3ms
                                                                       loader.h_addr[21]     12 11.2ms
                                                                               debug1[4]     22 11.2ms
                               $abc$687923$auto$opt_dff.cc:251:make_patterns_logic$85677     32 11.2ms
                                                                   ddr3.iserdes_data[28]      2 11.1ms
                            $techmap701413$auto$abc9_ops.cc:1552:reintegrate$688402.A[0]     15 11.1ms
                  $techmap703783$abc$687923$lut$flatten\matvec.$procmux$62255_Y[39].A[2]     40 11.1ms
                                                                        loader.h_len[14]     15 11.1ms
                                                                        loader.h_addr[3]     13 11.0ms
                                                ddr3.ddr3_controller_inst.stage1_bank[2]     21 11.0ms
                            $techmap702552$auto$abc9_ops.cc:1552:reintegrate$688084.A[3]     18 11.0ms
                                    $techmap698262$abc$687923$lut$aiger687922$28714.A[0]     19 11.0ms
                                                                         matvec.hq_hi[6]     39 11.0ms
                                    $techmap705353$abc$687923$lut$aiger687922$57867.A[3]     16 10.9ms
                                                                     ddr3.dq_tri_control     18 10.9ms
                            $techmap695758$auto$abc9_ops.cc:1552:reintegrate$690448.A[1]      5 10.9ms
                                                                       loader.h_addr[22]     12 10.9ms
                               $abc$687923$auto$opt_dff.cc:251:make_patterns_logic$85061     32 10.9ms
                                                                    loader.stage_word[7]      2 10.8ms
                            $techmap695765$auto$abc9_ops.cc:1552:reintegrate$690441.A[1]      5 10.8ms
                                            $techmap233238$auto$ff.cc:337:slice$161936.D     38 10.8ms
                                                                         matvec.hq_lo[5]     37 10.7ms
                                                                        matvec.hq_lo[50]     27 10.7ms
                            $techmap695955$auto$abc9_ops.cc:1552:reintegrate$690355.A[5]     12 10.7ms
                                                                        matvec.hq_hi[10]     27 10.7ms
                                                                        loader.h_addr[7]     12 10.7ms
                                                                        matvec.hq_hi[59]     21 10.6ms
        $techmap91021$flatten\master.$gt$build/t27/specs/rtl/fpga_loader_wb.v:510$9444.Y     32 10.6ms
                                    $techmap697436$abc$687923$lut$aiger687922$29827.A[0]     19 10.6ms
                                                                        matvec.hq_lo[26]     26 10.6ms
                                            $techmap236879$auto$ff.cc:337:slice$125277.D     21 10.6ms
                            $techmap697015$auto$abc9_ops.cc:1552:reintegrate$689739.A[2]     33 10.6ms
                            $techmap698281$auto$abc9_ops.cc:1552:reintegrate$689413.A[1]     13 10.5ms
                                    $techmap699984$abc$687923$lut$aiger687922$52245.A[2]      2 10.5ms
        $abc$687923$flatten\loader.$logic_and$build/t27/specs/rtl/fpga_ddr3_loader.v:1626$934_Y     32 10.5ms
                                                                        matvec.hq_hi[11]     26 10.5ms
                                                                        matvec.hq_lo[36]     14 10.4ms
                                                                        matvec.hq_hi[49]     26 10.4ms
                                                                        loader.h_addr[4]     11 10.4ms
                                                                        loader.h_len[10]     17 10.3ms
                                                                         loader.h_len[9]     17 10.3ms
                                                                        matvec.hq_lo[19]     31 10.3ms
                               $abc$687923$auto$opt_dff.cc:251:make_patterns_logic$85651     32 10.3ms
                               $abc$687923$auto$opt_dff.cc:251:make_patterns_logic$86624     31 10.2ms
                            $techmap696673$auto$abc9_ops.cc:1552:reintegrate$689767.A[0]      4 10.2ms
                                    $techmap697448$abc$687923$lut$aiger687922$29785.A[1]     16 10.2ms
                                                   ddr3.ddr3_controller_inst.initial_dqs     14 10.1ms
                                                                         loader.h_len[5]     14 10.1ms
                                    $techmap697764$abc$687923$lut$aiger687922$30422.A[1]     16 10.0ms
                                                                        matvec.hq_hi[36]     17 10.0ms
                                                                       loader.h_addr[19]     11 10.0ms
               $techmap704217$abc$687923$lut$flatten\matvec.$0\stray_acks[31:0][31].A[4]     32 10.0ms
                               $abc$687923$auto$opt_dff.cc:251:make_patterns_logic$85191     32 10.0ms
                            $techmap701673$auto$abc9_ops.cc:1552:reintegrate$688318.A[1]     16 10.0ms
                                                                        loader.h_addr[8]     15 9.9ms
                            $techmap698566$auto$abc9_ops.cc:1552:reintegrate$689340.A[3]     11 9.9ms
                                                                        loader.h_addr[1]     11 9.9ms
                               $abc$687923$auto$opt_dff.cc:251:make_patterns_logic$85664     32 9.9ms
                                                                         loader.h_len[3]     12 9.9ms
                                                                              rd_addr[0]     14 9.8ms
                                        ddr3.ddr3_controller_inst.instruction_address[0]     21 9.8ms
                                                                        matvec.hq_lo[29]     34 9.8ms
                                                                        matvec.hq_lo[57]     27 9.8ms
                                                                       loader.h_addr[13]     13 9.8ms
                                                          ddr3.idelay_data_cntvaluein[2]     20 9.7ms
                  $techmap704174$abc$687923$lut$flatten\matvec.$procmux$63069_Y[31].A[1]     32 9.7ms
                                                                        matvec.hq_hi[58]     27 9.7ms
                            $techmap697380$auto$abc9_ops.cc:1552:reintegrate$689666.A[2]     33 9.7ms
                               $abc$687923$auto$opt_dff.cc:234:make_patterns_logic$85237     32 9.7ms
                               $abc$687923$auto$opt_dff.cc:251:make_patterns_logic$87332      6 9.7ms
                  $techmap704133$abc$687923$lut$flatten\receiver.$0\count[31:0][31].A[0]     32 9.7ms
                            $techmap698674$auto$abc9_ops.cc:1552:reintegrate$689311.A[1]     16 9.7ms
                            $techmap695701$auto$abc9_ops.cc:1552:reintegrate$690505.A[1]      6 9.6ms
                                                                        matvec.hq_hi[27]     27 9.6ms
                            $techmap697654$auto$abc9_ops.cc:1552:reintegrate$689650.A[2]      9 9.6ms
                            $techmap697380$auto$abc9_ops.cc:1552:reintegrate$689666.A[3]     32 9.6ms
                            $techmap701151$auto$abc9_ops.cc:1552:reintegrate$688477.A[3]     18 9.6ms
                            $techmap697637$auto$abc9_ops.cc:1552:reintegrate$689655.A[1]     21 9.6ms
                            $techmap698332$auto$abc9_ops.cc:1552:reintegrate$689399.A[1]     19 9.6ms
                                                                        matvec.hq_lo[11]     25 9.5ms
                                                                   ddr3.iserdes_data[34]      2 9.5ms
                                    $techmap697464$abc$687923$lut$aiger687922$29761.A[0]     17 9.4ms
                                    $techmap697047$abc$687923$lut$aiger687922$26402.A[3]     33 9.4ms
                                                                         loader.lcn0[31]      8 9.3ms
                                    $techmap700474$abc$687923$lut$aiger687922$57236.A[3]      1 9.3ms
                                                                             wr_addr[24]      5 9.3ms
                            $techmap695765$auto$abc9_ops.cc:1552:reintegrate$690441.A[0]      4 9.3ms
                                                                         matvec.hq_lo[2]     23 9.3ms
                                                                        matvec.hq_lo[52]     16 9.3ms
                                                 ddr3.ddr3_controller_inst.stage2_do_act     21 9.3ms
                            $techmap696681$auto$abc9_ops.cc:1552:reintegrate$689760.A[3]     11 9.2ms
        $abc$687923$flatten\arbiter.$logic_and$build/t27/specs/rtl/fpga_wb_arbiter.v:271$9680_Y     32 9.2ms
                                                                        matvec.hq_hi[33]     32 9.2ms
                                                                         matvec.sub_q[5]     19 9.2ms
                                                                        loader.h_addr[2]     13 9.2ms
                               $abc$687923$auto$opt_dff.cc:251:make_patterns_logic$86533     16 9.2ms
                                                                               debug1[3]     19 9.1ms
                                                                        loader.h_addr[5]     12 9.1ms
                                    $techmap697322$abc$687923$lut$aiger687922$28969.A[1]     18 9.1ms
                                                                         loader.h_len[8]     15 9.1ms
                                                                        matvec.sub_q[13]     18 9.0ms
                               $abc$687923$auto$opt_dff.cc:251:make_patterns_logic$85171     32 9.0ms
                               $abc$687923$auto$opt_dff.cc:251:make_patterns_logic$87360     32 9.0ms
                                    $techmap696855$abc$687923$lut$aiger687922$24365.A[1]     10 9.0ms
                                                                        matvec.hq_lo[56]     27 9.0ms
                                        ddr3.ddr3_controller_inst.instruction_address[2]     27 9.0ms
                                    $techmap697475$abc$687923$lut$aiger687922$29763.A[0]     10 9.0ms
                            $techmap697284$auto$abc9_ops.cc:1552:reintegrate$689683.A[1]     32 9.0ms
                                    ddr3.ddr3_controller_inst.stage2_data_unaligned[113]      7 9.0ms
                                    $techmap699573$abc$687923$lut$aiger687922$48866.A[4]      2 8.9ms
                               $abc$687923$auto$opt_dff.cc:251:make_patterns_logic$84605     32 8.9ms
                                                                         matvec.hq_hi[1]     34 8.9ms
                                                                        matvec.hq_hi[50]     25 8.9ms
                                    $techmap697446$abc$687923$lut$aiger687922$29806.A[1]     17 8.9ms
                            $techmap695759$auto$abc9_ops.cc:1552:reintegrate$690447.A[0]      4 8.9ms
                $techmap704189$abc$687923$lut$flatten\loader.$0\port_wait[31:0][31].A[1]     32 8.8ms
                                                                         loader.h_len[7]     15 8.8ms
                                    $techmap696984$abc$687923$lut$aiger687922$25316.A[1]     13 8.8ms
                            $techmap697187$auto$abc9_ops.cc:1552:reintegrate$689711.A[3]     31 8.8ms
                            $techmap698426$auto$abc9_ops.cc:1552:reintegrate$689368.A[0]     15 8.8ms
                               $abc$687923$auto$opt_dff.cc:251:make_patterns_logic$85008     32 8.7ms
                                                                         loader.h_len[4]     13 8.7ms
                                    $techmap696985$abc$687923$lut$aiger687922$25317.A[0]     15 8.6ms
                            $techmap699058$auto$abc9_ops.cc:1552:reintegrate$689213.A[1]     16 8.6ms
                                    $techmap705362$abc$687923$lut$aiger687922$57858.A[2]     16 8.6ms
                            $techmap697134$auto$abc9_ops.cc:1552:reintegrate$689720.A[2]     16 8.6ms
                                                                        matvec.hq_lo[18]     32 8.6ms
                            $techmap700051$auto$abc9_ops.cc:1552:reintegrate$688910.A[2]     19 8.6ms
                                    $techmap700464$abc$687923$lut$aiger687922$57282.A[0]      2 8.6ms
                            $techmap697662$auto$abc9_ops.cc:1552:reintegrate$689646.A[2]     17 8.6ms
                            $techmap702401$auto$abc9_ops.cc:1552:reintegrate$688150.A[3]     18 8.6ms
                            $techmap697022$auto$abc9_ops.cc:1552:reintegrate$689736.A[2]     33 8.6ms
                            $techmap698225$auto$abc9_ops.cc:1552:reintegrate$689419.A[2]     16 8.5ms
                               $abc$687923$auto$opt_dff.cc:251:make_patterns_logic$86767     32 8.5ms
                                    $techmap697428$abc$687923$lut$aiger687922$29473.A[4]      2 8.5ms
                                                                        loader.h_addr[9]     12 8.4ms
                                                                        matvec.hq_hi[43]     25 8.4ms
                            $techmap700459$auto$abc9_ops.cc:1552:reintegrate$688737.A[2]     18 8.4ms
                            $techmap697027$auto$abc9_ops.cc:1552:reintegrate$689734.A[0]     11 8.4ms
                                    $techmap697045$abc$687923$lut$aiger687922$26397.A[2]     23 8.4ms
                               $abc$687923$auto$opt_dff.cc:251:make_patterns_logic$85703     32 8.4ms
                                     ddr3.ddr3_controller_inst.stage2_data_unaligned[48]      8 8.4ms
                            $techmap696979$auto$abc9_ops.cc:1552:reintegrate$689744.A[3]     18 8.3ms
                                                                        matvec.hq_hi[28]     16 8.3ms
                                                 ddr3.ddr3_controller_inst.stage2_row[4]     11 8.2ms
                                                                         ddr3.bitslip[1]     18 8.2ms
                                    $techmap702578$abc$687923$lut$aiger687922$77625.A[4]      2 8.2ms
                               $abc$687923$auto$opt_dff.cc:251:make_patterns_logic$84666     32 8.2ms
                                                          ddr3.idelay_data_cntvaluein[3]     20 8.2ms
                                    $techmap699857$abc$687923$lut$aiger687922$51150.A[4]      5 8.2ms
                                                                        matvec.hq_lo[37]     38 8.2ms
                                                                         matvec.sub_q[6]     18 8.2ms
                               $abc$687923$auto$opt_dff.cc:251:make_patterns_logic$87428      5 8.2ms
                            $techmap695749$auto$abc9_ops.cc:1552:reintegrate$690457.A[1]     13 8.1ms
                                                                        loader.h_len[12]     18 8.1ms
                                    $techmap697048$abc$687923$lut$aiger687922$26407.A[2]     18 8.1ms
                                                                       loader.resp_a[21]      2 8.1ms
                                     ddr3.ddr3_controller_inst.stage2_data_unaligned[32]      8 8.1ms
                               $abc$687923$auto$opt_dff.cc:251:make_patterns_logic$86732      8 8.0ms
                            $techmap696893$auto$abc9_ops.cc:1552:reintegrate$689753.A[3]     33 8.0ms
                                            ddr3.ddr3_controller_inst.stage1_next_row[2]     11 8.0ms
                                                                        matvec.hq_lo[42]     31 8.0ms
                            $techmap697357$auto$abc9_ops.cc:1552:reintegrate$689673.A[2]     30 8.0ms
                            $techmap701412$auto$abc9_ops.cc:1552:reintegrate$688403.A[2]     12 8.0ms
                                                                         matvec.sub_q[4]     19 8.0ms
        $techmap90975$flatten\loader.$gt$build/t27/specs/rtl/fpga_ddr3_loader.v:1643$966.Y     11 8.0ms
                                                                        matvec.sub_q[11]     18 7.9ms
                                                                        matvec.hq_lo[20]     15 7.9ms
                                            ddr3.ddr3_controller_inst.dqs_start_index[4]     11 7.9ms
                                    $techmap697636$abc$687923$lut$aiger687922$28318.A[0]     11 7.9ms
                            $techmap695762$auto$abc9_ops.cc:1552:reintegrate$690444.A[0]      4 7.9ms
                            $techmap698562$auto$abc9_ops.cc:1552:reintegrate$689342.A[1]     12 7.9ms
                                $techmap706315$abc$687923$lut\loader.line_value[31].A[2]      4 7.9ms
                                    $techmap698092$abc$687923$lut$aiger687922$33970.A[0]      7 7.8ms
                                    $techmap705359$abc$687923$lut$aiger687922$57854.A[3]     16 7.8ms
                                                                        matvec.sub_q[12]     18 7.8ms
                                                                       loader.h_addr[29]     11 7.8ms
                                         ddr3.ddr3_controller_inst.write_pattern_matches      9 7.8ms
                                                                        loader.h_len[15]     15 7.8ms
                               $abc$687923$auto$opt_dff.cc:251:make_patterns_logic$85025     31 7.8ms
                            $techmap695745$auto$abc9_ops.cc:1552:reintegrate$690461.A[1]     10 7.8ms
                                    $techmap700270$abc$687923$lut$aiger687922$55421.A[0]      6 7.8ms
                            $techmap701076$auto$abc9_ops.cc:1552:reintegrate$688501.A[0]      4 7.7ms
                                    ddr3.ddr3_controller_inst.calib_data_randomized[105]     10 7.7ms
                                                                        master.outst[10]      5 7.7ms
                                                                   loader.stage_word[23]      2 7.7ms
                                    $techmap697029$abc$687923$lut$aiger687922$26156.A[0]     12 7.7ms
                                                                       loader.h_addr[30]     12 7.7ms
                                    $techmap697091$abc$687923$lut$aiger687922$26673.A[2]     33 7.7ms
                                                                         matvec.sub_q[7]     18 7.6ms
                                     ddr3.ddr3_controller_inst.stage2_data_unaligned[15]      7 7.6ms
                            $techmap697667$auto$abc9_ops.cc:1552:reintegrate$689643.A[2]      9 7.6ms
                                                                        matvec.hq_lo[60]     14 7.6ms
                            $techmap700847$auto$abc9_ops.cc:1552:reintegrate$688574.A[1]     18 7.6ms
                            $techmap702261$auto$abc9_ops.cc:1552:reintegrate$688200.A[1]      9 7.6ms
                                                                   loader.stage_word[12]      2 7.6ms
                                                                        matvec.hq_lo[51]     24 7.5ms
                            $techmap697357$auto$abc9_ops.cc:1552:reintegrate$689673.A[1]     27 7.5ms
                                            ddr3.ddr3_controller_inst.stage1_next_row[7]     11 7.5ms
                            $techmap696379$auto$abc9_ops.cc:1552:reintegrate$689956.A[0]      8 7.5ms
                            $techmap697660$auto$abc9_ops.cc:1552:reintegrate$689647.A[2]      9 7.5ms
                              $abc$687923$auto$opt_dff.cc:234:make_patterns_logic$107045      7 7.5ms
                            $techmap701726$auto$abc9_ops.cc:1552:reintegrate$688306.A[1]      7 7.5ms
                                            ddr3.ddr3_controller_inst.stage1_next_row[8]     11 7.4ms
                                    $techmap700138$abc$687923$lut$aiger687922$53933.A[0]      2 7.4ms
                                                                        loader.h_crc[20]      6 7.4ms
                                                                         matvec.sub_q[2]     25 7.4ms
                                    $techmap705365$abc$687923$lut$aiger687922$57862.A[2]     16 7.4ms
                            $techmap699612$auto$abc9_ops.cc:1552:reintegrate$689065.A[2]     10 7.4ms
                                                                             wr_addr[22]      5 7.4ms
                            $techmap696371$auto$abc9_ops.cc:1552:reintegrate$689964.A[0]      7 7.4ms
                            $techmap699522$auto$abc9_ops.cc:1552:reintegrate$689090.A[1]     16 7.4ms
                                                                       loader.h_addr[23]     12 7.4ms
                            $techmap697136$auto$abc9_ops.cc:1552:reintegrate$689719.A[2]     10 7.3ms
                               $abc$687923$auto$opt_dff.cc:251:make_patterns_logic$85690     32 7.3ms
                                    $techmap697672$abc$687923$lut$aiger687922$30119.A[1]     10 7.3ms
                               $abc$687923$auto$opt_dff.cc:251:make_patterns_logic$84592     32 7.3ms
                                    $techmap700274$abc$687923$lut$aiger687922$55425.A[2]     10 7.3ms
                                                                        matvec.hq_hi[12]     18 7.3ms
                                     ddr3.ddr3_controller_inst.stage2_data_unaligned[67]      6 7.3ms
                            $techmap701123$auto$abc9_ops.cc:1552:reintegrate$688486.A[1]     15 7.3ms
                                                                     loader.resp_bits[2]      1 7.2ms
                                                                         loader.h_len[1]     14 7.2ms
                                                ddr3.ddr3_controller_inst.stage2_row[11]     10 7.1ms
                                                                       loader.h_addr[28]     11 7.1ms
                            $techmap696273$auto$abc9_ops.cc:1552:reintegrate$690059.A[1]      6 7.1ms
                            $techmap701039$auto$abc9_ops.cc:1552:reintegrate$688516.A[0]      9 7.1ms
                                                            $abc$687923$aiger687922$9701      3 7.1ms
                            $techmap695750$auto$abc9_ops.cc:1552:reintegrate$690456.A[1]     12 7.0ms
                                    ddr3.ddr3_controller_inst.calib_data_randomized[103]     13 7.0ms
                            $techmap697266$auto$abc9_ops.cc:1552:reintegrate$689690.A[1]      8 7.0ms
                            $techmap696411$auto$abc9_ops.cc:1552:reintegrate$689924.A[0]      8 7.0ms
                            $techmap696979$auto$abc9_ops.cc:1552:reintegrate$689744.A[2]     16 7.0ms
                              $abc$687923$auto$opt_dff.cc:234:make_patterns_logic$107048      7 7.0ms
                  $techmap704172$abc$687923$lut$flatten\matvec.$procmux$62633_Y[31].A[1]     32 7.0ms
                                                  $techmap695636\loader.fifo.0.0.ENBWREN      3 6.9ms
                                                                       loader.h_addr[12]     12 6.9ms
                                    $techmap700322$abc$687923$lut$aiger687922$55689.A[0]      3 6.9ms
                                                                  ddr3.iserdes_data[101]      2 6.9ms
                                    $techmap698565$abc$687923$lut$aiger687922$39095.A[1]      6 6.9ms
                                    $techmap705353$abc$687923$lut$aiger687922$57867.A[5]     16 6.9ms
                               $abc$687923$auto$opt_dff.cc:251:make_patterns_logic$86573      9 6.9ms
                                 ddr3.ddr3_controller_inst.check_test_address_counter[0]     10 6.9ms
                            $techmap699031$auto$abc9_ops.cc:1552:reintegrate$689226.A[3]     29 6.8ms
                            $techmap695703$auto$abc9_ops.cc:1552:reintegrate$690503.A[1]      6 6.8ms
                            $techmap698341$auto$abc9_ops.cc:1552:reintegrate$689394.A[2]      6 6.8ms
                                            ddr3.ddr3_controller_inst.dqs_start_index[3]      8 6.8ms
                            $techmap696299$auto$abc9_ops.cc:1552:reintegrate$690033.A[0]      3 6.8ms
                                                                              wr_addr[7]      5 6.8ms
                                            ddr3.ddr3_controller_inst.read_lane_data[45]      4 6.8ms
                                 ddr3.ddr3_controller_inst.check_test_address_counter[1]     11 6.8ms
                                                                        matvec.hq_hi[19]     22 6.8ms
                                                                  ddr3.iserdes_data[109]      2 6.8ms
                            $techmap697357$auto$abc9_ops.cc:1552:reintegrate$689673.A[3]      9 6.8ms
                            $techmap698866$auto$abc9_ops.cc:1552:reintegrate$689267.A[2]      7 6.7ms
                                    $techmap707790$abc$687923$lut$aiger687922$26631.A[2]      9 6.7ms
                                                                        matvec.hq_hi[20]     16 6.7ms
                                                                        matvec.hq_lo[44]     15 6.7ms
                                                                   ddr3.iserdes_data[32]      2 6.7ms
                            $techmap696385$auto$abc9_ops.cc:1552:reintegrate$689950.A[0]      7 6.6ms
                            $techmap700554$auto$abc9_ops.cc:1552:reintegrate$688697.A[3]     18 6.6ms
                                                                        matvec.hq_hi[35]     20 6.6ms
                                    $techmap707599$abc$687923$lut$aiger687922$29728.A[1]     12 6.6ms
                            $techmap695743$auto$abc9_ops.cc:1552:reintegrate$690463.A[1]     13 6.6ms
                                    $techmap696986$abc$687923$lut$aiger687922$25318.A[0]     19 6.5ms
                                    ddr3.ddr3_controller_inst.stage2_data_unaligned[116]      7 6.5ms
                            $techmap698941$auto$abc9_ops.cc:1552:reintegrate$689250.A[1]     10 6.5ms
                                    $techmap704593$abc$687923$lut$aiger687922$66579.A[1]      3 6.5ms
                                    $techmap707046$abc$687923$lut$aiger687922$34784.A[0]      2 6.5ms
                              $abc$687923$auto$opt_dff.cc:234:make_patterns_logic$107035      7 6.5ms
                            $techmap695744$auto$abc9_ops.cc:1552:reintegrate$690462.A[1]     12 6.5ms
                            $techmap702231$auto$abc9_ops.cc:1552:reintegrate$688208.A[4]      8 6.5ms
                                                                       loader.h_addr[24]     12 6.4ms
                                            ddr3.ddr3_controller_inst.stage1_next_row[5]     11 6.4ms
                                    ddr3.ddr3_controller_inst.stage2_data_unaligned[108]      7 6.4ms
                                $techmap699064$abc$687923$lut\loader.line_value[27].A[2]      4 6.4ms
                                                                   loader.stage_word[14]      2 6.4ms
                            $techmap699928$auto$abc9_ops.cc:1552:reintegrate$688970.A[3]     18 6.4ms
                                    $techmap703679$abc$687923$lut$aiger687922$75300.A[1]      1 6.4ms
                                    $techmap706533$abc$687923$lut$aiger687922$44054.A[2]      1 6.4ms
                                        ddr3.ddr3_controller_inst.write_pattern_lane[52]      1 6.4ms
                                    $techmap696984$abc$687923$lut$aiger687922$25316.A[0]     12 6.4ms
                                    $techmap707743$abc$687923$lut$aiger687922$25117.A[0]      2 6.4ms
                            $techmap702401$auto$abc9_ops.cc:1552:reintegrate$688150.A[4]      8 6.3ms
                                    $techmap697437$abc$687923$lut$aiger687922$29742.A[1]     13 6.3ms
                               $abc$687923$auto$opt_dff.cc:234:make_patterns_logic$86877     15 6.3ms
                                                  ddr3.ddr3_controller_inst.prep_done[1]     12 6.3ms
                                                                   ddr3.iserdes_data[35]      2 6.3ms
                                    $techmap707138$abc$687923$lut$aiger687922$34377.A[3]      4 6.3ms
                               $abc$687923$auto$opt_dff.cc:251:make_patterns_logic$85805     32 6.3ms
                                    $techmap705365$abc$687923$lut$aiger687922$57862.A[3]     16 6.3ms
                            $techmap695747$auto$abc9_ops.cc:1552:reintegrate$690459.A[1]     12 6.3ms
                            $techmap697291$auto$abc9_ops.cc:1552:reintegrate$689681.A[0]     33 6.2ms
                               $abc$687923$auto$opt_dff.cc:251:make_patterns_logic$85188     32 6.2ms
                                     ddr3.ddr3_controller_inst.stage2_data_unaligned[97]      7 6.2ms
                                                                 matvec.doorbell_run[26]      3 6.2ms
        $techmap707464$abc$687923$lut\ddr3.ddr3_controller_inst.delay_before_precharge_counter_d[7][1].A[1]      8 6.2ms
                                            $techmap233272$auto$ff.cc:337:slice$158887.D      9 6.2ms
                                                                       loader.h_addr[27]     11 6.2ms
                                    ddr3.ddr3_controller_inst.stage2_data_unaligned[112]      7 6.2ms
                                      ddr3.ddr3_controller_inst.stage2_data_unaligned[4]      8 6.1ms
                            $techmap698712$auto$abc9_ops.cc:1552:reintegrate$689304.A[1]      7 6.1ms
                                         ddr3.ddr3_controller_inst.delay_counter_is_zero     20 6.1ms
                            $techmap698738$auto$abc9_ops.cc:1552:reintegrate$689297.A[1]      7 6.1ms
                                                                        matvec.c_row[15]      3 6.1ms
                                    $techmap697003$abc$687923$lut$aiger687922$25414.A[1]      7 6.1ms
                                                                             wr_addr[14]      4 6.1ms
                                            ddr3.ddr3_controller_inst.stage1_next_row[3]     11 6.1ms
                                                                        arbiter.handover     32 6.1ms
                            $techmap695746$auto$abc9_ops.cc:1552:reintegrate$690460.A[1]     12 6.1ms
                            $techmap700911$auto$abc9_ops.cc:1552:reintegrate$688552.A[0]      9 6.1ms
                            $techmap695697$auto$abc9_ops.cc:1552:reintegrate$690509.A[1]      6 6.1ms
                            $techmap695756$auto$abc9_ops.cc:1552:reintegrate$690450.A[1]     11 6.1ms
                                                                    loader.fifo_level[1]      4 6.1ms
                            $techmap700906$auto$abc9_ops.cc:1552:reintegrate$688555.A[1]      6 6.1ms
                                    $techmap698347$abc$687923$lut$aiger687922$26732.A[0]      4 6.0ms
                            $techmap702710$auto$abc9_ops.cc:1552:reintegrate$688003.A[3]      6 6.0ms
                                                                       loader.h_addr[14]     12 6.0ms
                            $techmap701766$auto$abc9_ops.cc:1552:reintegrate$688294.A[3]     18 6.0ms
                                                                         matvec.sub_q[3]     25 6.0ms
                                                  ddr3.ddr3_controller_inst.stage2_do_wr     14 6.0ms
                                    ddr3.ddr3_controller_inst.stage2_data_unaligned[105]      7 6.0ms
                            $techmap695755$auto$abc9_ops.cc:1552:reintegrate$690451.A[1]      9 6.0ms
                                                                        loader.h_crc[11]      5 6.0ms
                            $techmap699271$auto$abc9_ops.cc:1552:reintegrate$689150.A[1]     16 6.0ms
                                                                       loader.h_addr[25]     11 6.0ms
                                    ddr3.ddr3_controller_inst.stage2_data_unaligned[120]      7 6.0ms
                            $techmap698543$auto$abc9_ops.cc:1552:reintegrate$689343.A[1]      6 6.0ms
                                                                              wr_addr[6]      4 6.0ms
                                                                         matvec.hq_hi[4]     18 6.0ms
                            $techmap698098$auto$abc9_ops.cc:1552:reintegrate$689459.A[2]      8 6.0ms
                            $techmap695741$auto$abc9_ops.cc:1552:reintegrate$690465.A[1]     13 6.0ms
                                    $techmap698672$abc$687923$lut$aiger687922$39792.A[5]     13 6.0ms
                                                                             wr_addr[27]      4 5.9ms
                                                                       loader.resp_a[18]      2 5.9ms
                                            ddr3.ddr3_controller_inst.read_lane_data[38]      3 5.9ms
                            $techmap697656$auto$abc9_ops.cc:1552:reintegrate$689649.A[2]      9 5.9ms
                               $abc$687923$auto$opt_dff.cc:251:make_patterns_logic$84989     32 5.9ms
                            $techmap696401$auto$abc9_ops.cc:1552:reintegrate$689934.A[0]      8 5.9ms
                                            $techmap234043$auto$ff.cc:337:slice$134626.D     11 5.9ms
                                    $techmap697074$abc$687923$lut$aiger687922$26214.A[1]      7 5.9ms
                            $techmap696289$auto$abc9_ops.cc:1552:reintegrate$690043.A[1]      5 5.9ms
                                            ddr3.ddr3_controller_inst.stage1_next_row[9]     11 5.9ms
                            $techmap699714$auto$abc9_ops.cc:1552:reintegrate$689028.A[1]     10 5.9ms
                            $techmap695758$auto$abc9_ops.cc:1552:reintegrate$690448.A[0]      4 5.9ms
                                    ddr3.ddr3_controller_inst.stage2_data_unaligned[117]      8 5.9ms
                                     ddr3.ddr3_controller_inst.stage2_data_unaligned[33]      7 5.8ms
                               $abc$687923$auto$opt_dff.cc:251:make_patterns_logic$84574      7 5.8ms
                                    $techmap700029$abc$687923$lut$aiger687922$52789.A[0]      3 5.8ms
                                                                        matvec.hq_lo[28]     15 5.8ms
                                                                       loader.resp_a[28]      2 5.8ms
                                    $techmap700106$abc$687923$lut$aiger687922$40049.A[1]     12 5.8ms
                                    $techmap698360$abc$687923$lut$aiger687922$36610.A[0]      7 5.8ms
                            $techmap695753$auto$abc9_ops.cc:1552:reintegrate$690453.A[1]     10 5.8ms
                            $techmap701566$auto$abc9_ops.cc:1552:reintegrate$688346.A[0]      9 5.8ms
                            $techmap697122$auto$abc9_ops.cc:1552:reintegrate$689724.A[1]      5 5.7ms
                                    $techmap700111$abc$687923$lut$aiger687922$53768.A[4]     11 5.7ms
                                    $techmap700701$abc$687923$lut$aiger687922$59834.A[4]      2 5.7ms
                                    $techmap705367$abc$687923$lut$aiger687922$34854.A[1]      6 5.7ms
                                    $techmap700443$abc$687923$lut$aiger687922$56895.A[0]      1 5.7ms
                                                 ddr3.ddr3_controller_inst.stage2_row[3]     11 5.7ms
                               $abc$687923$auto$opt_dff.cc:251:make_patterns_logic$86192     32 5.7ms
                            $techmap700569$auto$abc9_ops.cc:1552:reintegrate$688691.A[4]      8 5.7ms
                                    $techmap700699$abc$687923$lut$aiger687922$59856.A[5]      2 5.7ms
                                                                       loader.resp_a[29]      2 5.7ms
                                                                         master.m_hi[49]      2 5.7ms
                                    $techmap701195$abc$687923$lut$aiger687922$65571.A[1]      3 5.6ms
                                    $techmap696854$abc$687923$lut$aiger687922$24328.A[1]      9 5.6ms
                            $techmap702403$auto$abc9_ops.cc:1552:reintegrate$688149.A[4]      8 5.6ms
                                            ddr3.ddr3_controller_inst.read_lane_data[29]      3 5.6ms
                            $techmap697665$auto$abc9_ops.cc:1552:reintegrate$689644.A[2]      9 5.6ms
                                                                       loader.clocks[16]      2 5.6ms
                              $abc$687923$auto$opt_dff.cc:234:make_patterns_logic$107038      7 5.6ms
                                    $techmap697047$abc$687923$lut$aiger687922$26402.A[4]     16 5.6ms
                                    $techmap697454$abc$687923$lut$aiger687922$29811.A[3]      9 5.6ms
                                                                        loader.h_crc[27]      5 5.6ms
                                            $auto$alumacc.cc:512:replace_alu$95271.Y[16]      4 5.6ms
                                            ddr3.ddr3_controller_inst.stage1_next_row[4]     11 5.6ms
                            $techmap701010$auto$abc9_ops.cc:1552:reintegrate$688522.A[1]      8 5.6ms
                                                                     loader.resp_bits[9]      1 5.6ms
                                                                              rd_addr[5]      4 5.6ms
                            $techmap696403$auto$abc9_ops.cc:1552:reintegrate$689932.A[0]      8 5.6ms
                                           ddr3.ddr3_controller_inst.stage1_next_row[12]     10 5.6ms
                                            $auto$alumacc.cc:512:replace_alu$95131.Y[31]      2 5.6ms
                                           ddr3.ddr3_controller_inst.stage1_next_row[11]     10 5.6ms
                                            ddr3.ddr3_controller_inst.dqs_start_index[5]      6 5.5ms
                                                                             rd_addr[27]      4 5.5ms
                                    ddr3.ddr3_controller_inst.stage2_data_unaligned[126]     11 5.5ms
                                                            $abc$687923$aiger687922$9719      3 5.5ms
                                                                       loader.clocks[26]      2 5.5ms
                            $techmap696274$auto$abc9_ops.cc:1552:reintegrate$690058.A[1]      5 5.5ms
                            $techmap695748$auto$abc9_ops.cc:1552:reintegrate$690458.A[1]     11 5.5ms
                                 ddr3.ddr3_controller_inst.check_test_address_counter[2]     12 5.5ms
                                                                         matvec.sub_q[1]     17 5.5ms
                            $techmap699959$auto$abc9_ops.cc:1552:reintegrate$688950.A[1]      8 5.5ms
                                   $techmap703237$abc$687923$lut$not$aiger687922$13126.A     13 5.5ms
                                    $techmap699735$abc$687923$lut$aiger687922$50334.A[4]      2 5.5ms
                                                                    ddr3.iserdes_data[9]      2 5.5ms
                                            ddr3.ddr3_controller_inst.stage1_next_row[1]     11 5.5ms
                                    $techmap698989$abc$687923$lut$aiger687922$42841.A[3]     11 5.5ms
                                                            $abc$687923$aiger687922$9705      3 5.5ms
                            $techmap699289$auto$abc9_ops.cc:1552:reintegrate$689142.A[2]      7 5.5ms
                            $techmap698394$auto$abc9_ops.cc:1552:reintegrate$689378.A[0]      9 5.5ms
                                     ddr3.ddr3_controller_inst.stage2_data_unaligned[52]      6 5.5ms
                                    $techmap706388$abc$687923$lut$aiger687922$46330.A[2]      3 5.5ms
                            $techmap697015$auto$abc9_ops.cc:1552:reintegrate$689739.A[0]      9 5.5ms
                                                                 matvec.doorbell_run[10]      3 5.5ms
                            $techmap696360$auto$abc9_ops.cc:1552:reintegrate$689975.A[0]      8 5.4ms
                            $techmap699467$auto$abc9_ops.cc:1552:reintegrate$689100.A[3]      7 5.4ms
                                      ddr3.ddr3_controller_inst.stage2_data_unaligned[0]      6 5.4ms
                                    $techmap699206$abc$687923$lut$aiger687922$45495.A[4]      3 5.4ms
                                    $techmap699290$abc$687923$lut$aiger687922$30638.A[1]      5 5.4ms
                                    $techmap700968$abc$687923$lut$aiger687922$63022.A[4]      2 5.4ms
                                    $techmap697250$abc$687923$lut$aiger687922$27898.A[1]     19 5.4ms
                            $techmap697031$auto$abc9_ops.cc:1552:reintegrate$689732.A[2]     11 5.4ms
                                                                              wr_addr[8]      4 5.4ms
                            $techmap700809$auto$abc9_ops.cc:1552:reintegrate$688601.A[2]      4 5.4ms
                            $techmap697774$auto$abc9_ops.cc:1552:reintegrate$689619.A[2]      8 5.4ms
                                                                       loader.h_addr[17]     10 5.4ms
                                                ddr3.ddr3_controller_inst.stage2_bank[2]     18 5.4ms
                            $techmap698191$auto$abc9_ops.cc:1552:reintegrate$689430.A[2]     11 5.4ms
                                                                   loader.stage_word[30]      2 5.4ms
                                                                       loader.h_addr[18]     10 5.4ms
                                            $auto$alumacc.cc:512:replace_alu$95131.Y[29]      2 5.4ms
                                                                             wr_addr[18]      5 5.4ms
                               $abc$687923$auto$opt_dff.cc:234:make_patterns_logic$87469     32 5.4ms
                                 ddr3.ddr3_controller_inst.check_test_address_counter[7]      7 5.4ms
                            $techmap697119$auto$abc9_ops.cc:1552:reintegrate$689725.A[3]      8 5.4ms
                                    ddr3.ddr3_controller_inst.stage2_data_unaligned[104]      8 5.4ms
                                                                             rd_addr[15]      4 5.4ms
                                    $techmap696870$abc$687923$lut$aiger687922$24370.A[1]      4 5.4ms
                                           ddr3.ddr3_controller_inst.added_read_pipe_max     13 5.3ms
                            $techmap702705$auto$abc9_ops.cc:1552:reintegrate$688006.A[3]     14 5.3ms
                            $techmap696400$auto$abc9_ops.cc:1552:reintegrate$689935.A[0]      8 5.3ms
                                 ddr3.ddr3_controller_inst.read_test_address_counter[14]      5 5.3ms
                                                 ddr3.ddr3_controller_inst.stage2_row[2]     11 5.3ms
                                    $techmap696694$abc$687923$lut$aiger687922$22952.A[0]      4 5.3ms
                            $techmap696369$auto$abc9_ops.cc:1552:reintegrate$689966.A[0]      8 5.3ms
                                                                   ddr3.iserdes_data[43]      2 5.3ms
                               $abc$687923$auto$opt_dff.cc:251:make_patterns_logic$85755     32 5.3ms
                                     ddr3.ddr3_controller_inst.stage2_data_unaligned[49]      7 5.3ms
Info: Router2 time 49.31s
Info: Routing $PACKER_VCC_NET connections...
Info:     $PACKER_VCC_NET: 4081/4081 sinks bridged (0 holdouts; max BFS 540)
Info: Routing $PACKER_GND_NET connections...
Info:     $PACKER_GND_NET HOLDOUT: $auto$alumacc.cc:512:replace_alu$94957.genblk1.slice[0].genblk1.carry4$split$12469.DI2 (bel SLICE_X144Y154/CARRY4, wire SITEWIRE/SLICE_X144Y154/CCY0_OUT)
Info:     $PACKER_GND_NET HOLDOUT: $auto$alumacc.cc:512:replace_alu$95238.genblk1.slice[0].genblk1.carry4$split$12637.DI0 (bel SLICE_X114Y161/CARRY4, wire SITEWIRE/SLICE_X114Y161/ACY0_OUT)
Info:     $PACKER_GND_NET HOLDOUT: $auto$alumacc.cc:512:replace_alu$95247.genblk1.slice[0].genblk1.carry4.DI1 (bel SLICE_X118Y150/CARRY4, wire SITEWIRE/SLICE_X118Y150/BCY0_OUT)
Info:     $PACKER_GND_NET HOLDOUT: matvec.acts_hi.0.109/DPR0.DI1 (bel SLICE_X116Y185/A6LUT, wire SITEWIRE/SLICE_X116Y185/ADI1MUX_OUT)
Info:     $PACKER_GND_NET: 3160/3164 sinks bridged (4 holdouts; max BFS 50000)
Info:     $auto$alumacc.cc:512:replace_alu$94957.genblk1.slice[0].genblk1.carry4$split$12469.DI2 (bel SLICE_X144Y154/CARRY4): CARRY4 DI with S=1 never selected, left unrouted
Info:     $auto$alumacc.cc:512:replace_alu$95238.genblk1.slice[0].genblk1.carry4$split$12637.DI0 (bel SLICE_X114Y161/CARRY4): CARRY4 DI with S=1 never selected, left unrouted
Info:     $auto$alumacc.cc:512:replace_alu$95247.genblk1.slice[0].genblk1.carry4.DI1 (bel SLICE_X118Y150/CARRY4): CARRY4 DI with S=1 never selected, left unrouted
Info: Constant fill left 1 sink(s) unreached; driving them from local constant LUTs (pass 1)
Info:     matvec.acts_hi.0.109/DPR0.DI1 <- $PACKER_GND_NET$holdout$0 (bel SLICE_X117Y185/C6LUT)
Info: Running router2...
Info: Setting up routing resources...
Info: Adopted 109733 pre-routed arc(s)
Info: Running main router loop...
Info:     iter=1 wires=451704 overused=1 overuse=1 archfail=NA
Info:     iter=2 wires=451705 overused=1 overuse=1 archfail=NA
Info:     iter=3 wires=451704 overused=0 overuse=0 archfail=0
Info: 1000 slowest nets by runtime:
                                                                                clk_ctrl   9507 18.0ms
                                   $auto$memory_libmap.cc:1641:generate_demux$98464.Y[4]    176 14.2ms
        $techmap$techmap233233$auto$ff.cc:337:slice$162298.$auto$abc9_ops.cc:418:prep_bypass$233132.PRE   4757 10.6ms
                                                                              ddr3.reset   2173 5.5ms
                                                                      matvec.act_addr[2]    924 2.2ms
                                                                      matvec.act_addr[4]    924 2.1ms
                                                                      matvec.act_addr[5]    924 2.0ms
                                                                     matvec.aw_stored[0]   1544 1.9ms
                                                                      matvec.act_addr[6]    924 1.9ms
                                                                     matvec.aw_stored[5]   1543 1.7ms
                                                                      matvec.act_addr[3]    924 1.7ms
                                                                     matvec.aw_stored[1]   1543 1.7ms
                                                                     matvec.aw_stored[3]   1543 1.6ms
                                                                      matvec.act_addr[1]    924 1.6ms
                                                                     matvec.aw_stored[4]   1543 1.5ms
                                                                     matvec.aw_stored[2]   1543 1.5ms
                                                               $PACKER_GND_NET$holdout$0      1 1.1ms
                            $techmap696998$auto$abc9_ops.cc:1552:reintegrate$689741.A[0]    319 1.0ms
                                    $techmap698275$abc$687923$lut$aiger687922$36101.A[0]      1 0.9ms
                                  $abc$687923$memory\matvec.fq_hi$wren[6][0][0]$y$106858    128 0.7ms
                                    $techmap698130$abc$687923$lut$aiger687922$34984.A[2]    319 0.7ms
                            $techmap695687$auto$abc9_ops.cc:1552:reintegrate$690519.A[2]    179 0.7ms
                            $techmap697296$auto$abc9_ops.cc:1552:reintegrate$689679.A[1]    195 0.6ms
                                    $techmap703332$abc$687923$lut$aiger687922$78688.A[0]    256 0.6ms
                            $techmap697931$auto$abc9_ops.cc:1552:reintegrate$689489.A[1]    190 0.6ms
                                        ddr3.ddr3_controller_inst.data_start_index[0][4]    208 0.6ms
                                    $techmap703332$abc$687923$lut$aiger687922$78688.A[5]    256 0.6ms
                            $techmap701752$auto$abc9_ops.cc:1552:reintegrate$688299.A[2]    222 0.6ms
                                    $techmap697092$abc$687923$lut$aiger687922$26678.A[0]    150 0.6ms
                                  $abc$687923$memory\matvec.fq_hi$wren[2][0][0]$y$106828    128 0.5ms
                                        ddr3.ddr3_controller_inst.data_start_index[1][4]    211 0.5ms
                                            $techmap236130$auto$ff.cc:337:slice$126835.D    148 0.5ms
                                                 ddr3.ddr3_controller_inst.stage2_update    158 0.5ms
                            $techmap697134$auto$abc9_ops.cc:1552:reintegrate$689720.A[4]    145 0.5ms
                                        ddr3.ddr3_controller_inst.data_start_index[0][1]    167 0.5ms
                                  $abc$687923$memory\matvec.fq_hi$wren[5][0][0]$y$106850    128 0.5ms
                            $techmap701752$auto$abc9_ops.cc:1552:reintegrate$688299.A[3]    128 0.5ms
                                        ddr3.ddr3_controller_inst.data_start_index[1][1]    166 0.5ms
                                                 ddr3.ddr3_controller_inst.index_wb_data    129 0.5ms
                                    $techmap701747$abc$687923$lut$aiger687922$70611.A[1]    131 0.5ms
                                  $abc$687923$memory\matvec.fq_hi$wren[4][0][0]$y$106844    128 0.5ms
                            $techmap699668$auto$abc9_ops.cc:1552:reintegrate$689042.A[2]    186 0.5ms
                                                    ddr3.ddr3_controller_inst.late_dq[1]    204 0.4ms
                            $techmap697558$auto$abc9_ops.cc:1552:reintegrate$689656.A[3]    191 0.4ms
                                        ddr3.ddr3_controller_inst.data_start_index[0][3]    167 0.4ms
                                    $techmap701743$abc$687923$lut$aiger687922$70607.A[4]    128 0.4ms
                                  $abc$687923$memory\matvec.fq_hi$wren[1][0][0]$y$106818    128 0.4ms
                            $techmap696979$auto$abc9_ops.cc:1552:reintegrate$689744.A[0]    144 0.4ms
                                    $techmap701749$abc$687923$lut$aiger687922$70616.A[3]    128 0.4ms
                                        ddr3.ddr3_controller_inst.data_start_index[1][2]    147 0.4ms
                            $techmap695970$auto$abc9_ops.cc:1552:reintegrate$690346.A[2]    152 0.4ms
                                                          ddr3.ddr3_controller_inst.lane    137 0.4ms
                               $abc$687923$auto$opt_dff.cc:251:make_patterns_logic$84728     97 0.4ms
                                                                          calib_complete    163 0.4ms
                     $techmap707932$abc$687923$lut$flatten\master.$0\buf_valid[0:0].A[1]    157 0.4ms
                                  $abc$687923$memory\matvec.fq_hi$wren[7][0][0]$y$106864    128 0.4ms
                                  $abc$687923$memory\matvec.fq_hi$wren[0][0][0]$y$106810    128 0.4ms
                                  $abc$687923$memory\matvec.fq_hi$wren[3][0][0]$y$106834    128 0.4ms
                                        ddr3.ddr3_controller_inst.data_start_index[1][3]    169 0.4ms
                                        ddr3.ddr3_controller_inst.data_start_index[0][5]    111 0.4ms
                                        ddr3.ddr3_controller_inst.data_start_index[0][2]    148 0.4ms
                                                    ddr3.ddr3_controller_inst.late_dq[0]    203 0.4ms
                                        ddr3.ddr3_controller_inst.data_start_index[1][6]    100 0.4ms
                               $abc$687923$auto$opt_dff.cc:251:make_patterns_logic$87165    144 0.4ms
                                                                         master.read_ack    157 0.4ms
                            $techmap698153$auto$abc9_ops.cc:1552:reintegrate$689446.A[0]    159 0.3ms
                                    $techmap701747$abc$687923$lut$aiger687922$70611.A[2]    128 0.3ms
                            $techmap697296$auto$abc9_ops.cc:1552:reintegrate$689679.A[3]    135 0.3ms
                                        ddr3.ddr3_controller_inst.data_start_index[0][6]    107 0.3ms
                                    $techmap696878$abc$687923$lut$aiger687922$24085.A[1]    153 0.3ms
        $techmap708007$abc$687923$lut$auto$opt_dff.cc:251:make_patterns_logic$85128.A[3]    125 0.3ms
                            $techmap696826$auto$abc9_ops.cc:1552:reintegrate$689757.A[1]    129 0.3ms
                               $abc$687923$auto$opt_dff.cc:251:make_patterns_logic$85638    153 0.3ms
                                   $auto$memory_libmap.cc:1641:generate_demux$98464.Y[5]    176 0.3ms
                            $techmap696995$auto$abc9_ops.cc:1552:reintegrate$689742.A[0]    132 0.3ms
                                   $auto$memory_libmap.cc:1641:generate_demux$98464.Y[0]    176 0.3ms
                                    $techmap701743$abc$687923$lut$aiger687922$70607.A[3]    128 0.3ms
                                   $auto$memory_libmap.cc:1641:generate_demux$98464.Y[6]    176 0.3ms
                            $techmap697185$auto$abc9_ops.cc:1552:reintegrate$689712.A[3]     73 0.3ms
                            $techmap698794$auto$abc9_ops.cc:1552:reintegrate$689282.A[0]    124 0.3ms
                                   $auto$memory_libmap.cc:1641:generate_demux$98464.Y[2]    176 0.3ms
                                   $auto$memory_libmap.cc:1641:generate_demux$98464.Y[1]    176 0.3ms
                                        ddr3.ddr3_controller_inst.data_start_index[1][0]    108 0.3ms
                            $techmap697015$auto$abc9_ops.cc:1552:reintegrate$689739.A[5]     89 0.3ms
                               $abc$687923$auto$opt_dff.cc:251:make_patterns_logic$87137    129 0.3ms
                                   $auto$memory_libmap.cc:1641:generate_demux$98464.Y[3]    176 0.3ms
                                            $techmap233596$auto$ff.cc:337:slice$154506.D     64 0.3ms
                               $abc$687923$auto$opt_dff.cc:251:make_patterns_logic$84818    141 0.3ms
                                            $techmap237961$auto$ff.cc:337:slice$107827.D     83 0.3ms
        $flatten\ddr3.\ddr3_controller_inst.$shiftx$build/uberddr3/rtl/ddr3_controller.v:2225$27547.Y     64 0.2ms
                            $techmap696896$auto$abc9_ops.cc:1552:reintegrate$689751.A[1]    103 0.2ms
        $techmap707846$abc$687923$lut$auto$opt_dff.cc:251:make_patterns_logic$84805.A[3]     87 0.2ms
                                        ddr3.ddr3_controller_inst.data_start_index[1][5]    102 0.2ms
                            $techmap697022$auto$abc9_ops.cc:1552:reintegrate$689736.A[0]    111 0.2ms
                                    $techmap698263$abc$687923$lut$aiger687922$36172.A[4]     81 0.2ms
                                            $techmap233663$auto$ff.cc:337:slice$135473.D     78 0.2ms
                                                                           matvec.pop_go     70 0.2ms
        $flatten\ddr3.\ddr3_controller_inst.$shiftx$build/uberddr3/rtl/ddr3_controller.v:2248$27551.Y     64 0.2ms
                                    $techmap696855$abc$687923$lut$aiger687922$24365.A[2]     79 0.2ms
                                                                               app_rst_n     53 0.2ms
                            $techmap697151$auto$abc9_ops.cc:1552:reintegrate$689716.A[3]     78 0.2ms
                   $techmap703338$abc$687923$lut$flatten\matvec.$0\act_rd[63:0][63].A[1]     64 0.2ms
                                    $techmap697457$abc$687923$lut$aiger687922$29826.A[0]    110 0.2ms
                                    $techmap696890$abc$687923$lut$aiger687922$24084.A[1]     76 0.2ms
                            $techmap697483$auto$abc9_ops.cc:1552:reintegrate$689664.A[0]    104 0.2ms
                                        ddr3.ddr3_controller_inst.data_start_index[0][0]    108 0.2ms
                                    $techmap697444$abc$687923$lut$aiger687922$29823.A[4]    117 0.2ms
        $flatten\ddr3.\ddr3_controller_inst.$shiftx$build/uberddr3/rtl/ddr3_controller.v:2225$27555.Y     64 0.2ms
                                                                              rd_addr[3]     57 0.2ms
                                                                            wb_rdata[49]     20 0.2ms
                                                                        matvec.hq_hi[13]     44 0.2ms
                                    $techmap696867$abc$687923$lut$aiger687922$24347.A[3]     88 0.2ms
                                            $techmap237114$auto$ff.cc:337:slice$124119.D     90 0.2ms
                                                             ddr3.ddr3_phy_inst.sync_rst     64 0.2ms
                            $techmap696896$auto$abc9_ops.cc:1552:reintegrate$689751.A[3]     69 0.2ms
                                    $techmap696865$abc$687923$lut$aiger687922$24343.A[3]     71 0.2ms
                            $techmap696952$auto$abc9_ops.cc:1552:reintegrate$689748.A[2]     48 0.2ms
                            $techmap700847$auto$abc9_ops.cc:1552:reintegrate$688574.A[0]     38 0.2ms
                            $techmap697350$auto$abc9_ops.cc:1552:reintegrate$689677.A[1]     55 0.2ms
                               $abc$687923$auto$opt_dff.cc:251:make_patterns_logic$85887     39 0.2ms
                                    $techmap698264$abc$687923$lut$aiger687922$36157.A[0]     58 0.2ms
                                    $techmap696467$abc$687923$lut$aiger687922$25794.A[1]     50 0.2ms
                                                                        matvec.hq_hi[47]     40 0.2ms
                            $techmap697288$auto$abc9_ops.cc:1552:reintegrate$689682.A[0]     60 0.2ms
                                                                                 mv_s_go     78 0.1ms
                                                                            receiver.rx2     39 0.1ms
                                            $techmap234602$auto$ff.cc:337:slice$129328.D     89 0.1ms
                            $techmap696930$auto$abc9_ops.cc:1552:reintegrate$689749.A[1]     66 0.1ms
                                    $techmap696700$abc$687923$lut$aiger687922$22980.A[1]     80 0.1ms
                                    $techmap697133$abc$687923$lut$aiger687922$27133.A[1]     44 0.1ms
        $flatten\ddr3.\ddr3_controller_inst.$shiftx$build/uberddr3/rtl/ddr3_controller.v:2248$27559.Y     64 0.1ms
                            $techmap696896$auto$abc9_ops.cc:1552:reintegrate$689751.A[2]     42 0.1ms
                   $techmap703338$abc$687923$lut$flatten\matvec.$0\act_rd[63:0][63].A[0]     64 0.1ms
                            $techmap698794$auto$abc9_ops.cc:1552:reintegrate$689282.A[3]     51 0.1ms
                                                                        matvec.hq_hi[21]     42 0.1ms
                                    $techmap696865$abc$687923$lut$aiger687922$24343.A[4]     72 0.1ms
                            $techmap697291$auto$abc9_ops.cc:1552:reintegrate$689681.A[1]     43 0.1ms
                                    $techmap696869$abc$687923$lut$aiger687922$24360.A[1]     71 0.1ms
                                    $techmap698204$abc$687923$lut$aiger687922$35758.A[2]     38 0.1ms
                                                                            wb_rdata[32]     20 0.1ms
                                    $techmap698141$abc$687923$lut$aiger687922$34963.A[1]     32 0.1ms
        $techmap707740$abc$687923$lut$auto$opt_dff.cc:251:make_patterns_logic$106585.A[1]     31 0.1ms
                            $techmap698153$auto$abc9_ops.cc:1552:reintegrate$689446.A[2]     69 0.1ms
                            $techmap696291$auto$abc9_ops.cc:1552:reintegrate$690041.A[1]      5 0.1ms
        $techmap707447$abc$687923$lut\ddr3.ddr3_controller_inst.delay_before_precharge_counter_d[3][1].A[1]     33 0.1ms
                                            $techmap237786$auto$ff.cc:337:slice$108162.D     49 0.1ms
                                    $techmap698132$abc$687923$lut$aiger687922$34979.A[0]     62 0.1ms
               $techmap704206$abc$687923$lut$flatten\transmitter.$0\count[31:0][31].A[2]     67 0.1ms
                                            ddr3.ddr3_controller_inst.dqs_start_index[0]     40 0.1ms
                                                                               debug1[0]     35 0.1ms
                            $techmap697483$auto$abc9_ops.cc:1552:reintegrate$689664.A[1]     72 0.1ms
                                    $techmap697432$abc$687923$lut$aiger687922$29568.A[1]     49 0.1ms
                            $techmap696998$auto$abc9_ops.cc:1552:reintegrate$689741.A[2]     65 0.1ms
                                    $techmap696809$abc$687923$lut$aiger687922$23883.A[0]     41 0.1ms
                                                                            wb_rdata[21]     22 0.1ms
                                    $techmap697444$abc$687923$lut$aiger687922$29823.A[3]     41 0.1ms
                            $techmap698179$auto$abc9_ops.cc:1552:reintegrate$689433.A[1]     46 0.1ms
                                                                            wb_rdata[51]     20 0.1ms
                  $techmap704187$abc$687923$lut$flatten\matvec.$procmux$62843_Y[31].A[1]     64 0.1ms
                            $techmap697649$auto$abc9_ops.cc:1552:reintegrate$689653.A[1]     39 0.1ms
                                    $techmap707946$abc$687923$lut$aiger687922$24437.A[3]     46 0.1ms
                                                                           wb_rdata[104]     19 0.1ms
                            $techmap695809$auto$abc9_ops.cc:1552:reintegrate$690406.A[1]     64 0.1ms
                                    $techmap696868$abc$687923$lut$aiger687922$24354.A[2]     68 0.1ms
                                                                         matvec.hq_hi[5]     42 0.1ms
                            $techmap698394$auto$abc9_ops.cc:1552:reintegrate$689378.A[1]     41 0.1ms
                                                                           wb_rdata[114]     19 0.1ms
                                                                            wb_rdata[37]     21 0.1ms
                                                ddr3.ddr3_controller_inst.stage2_pending     23 0.1ms
                  $techmap704178$abc$687923$lut$flatten\matvec.$0\req_gap[31:0][31].A[1]     31 0.1ms
                                    $techmap697007$abc$687923$lut$aiger687922$25472.A[0]     34 0.1ms
                                                                            wb_rdata[18]     22 0.1ms
                                                                                 clk_ddr     62 0.1ms
                                    $techmap696890$abc$687923$lut$aiger687922$24084.A[0]     75 0.1ms
                                                                            wb_rdata[85]     20 0.1ms
                                                                            wb_rdata[34]     20 0.1ms
                                                                            wb_rdata[30]     21 0.1ms
                                                                        matvec.hq_lo[17]     34 0.1ms
                                                                        matvec.hq_hi[15]     43 0.1ms
                                                                            wb_rdata[66]     20 0.1ms
                                              ddr3.ddr3_controller_inst.stage2_bank_d[0]     52 0.1ms
                            $techmap697375$auto$abc9_ops.cc:1552:reintegrate$689667.A[1]     39 0.1ms
                                                                            wb_rdata[11]     22 0.1ms
                            $techmap697017$auto$abc9_ops.cc:1552:reintegrate$689738.A[0]     41 0.1ms
                                                                        matvec.hq_hi[39]     42 0.1ms
                            $techmap697017$auto$abc9_ops.cc:1552:reintegrate$689738.A[1]     37 0.1ms
                                                                            wb_rdata[22]     22 0.1ms
                                       ddr3.ddr3_controller_inst.delay_counter_is_zero_d     30 0.1ms
                                                                            wb_rdata[68]     19 0.1ms
                               $abc$687923$auto$opt_dff.cc:251:make_patterns_logic$84874     40 0.1ms
                                                                            wb_rdata[84]     19 0.1ms
                                                                            wb_rdata[67]     20 0.1ms
                            $techmap702665$auto$abc9_ops.cc:1552:reintegrate$688034.A[3]     31 0.1ms
                                                                             wb_rdata[4]     22 0.1ms
                                                                             wb_rdata[0]     22 0.1ms
                                                                           wb_rdata[117]     19 0.1ms
                                                                           wb_rdata[115]     19 0.1ms
                            $techmap697195$auto$abc9_ops.cc:1552:reintegrate$689707.A[2]     30 0.1ms
                            $techmap696977$auto$abc9_ops.cc:1552:reintegrate$689745.A[2]     32 0.1ms
                                    $techmap696876$abc$687923$lut$aiger687922$24400.A[0]     34 0.1ms
                                                                            wb_rdata[12]     22 0.1ms
                                                                            wb_rdata[86]     19 0.1ms
                                                                            wb_rdata[15]     22 0.1ms
                                                                        matvec.hq_lo[46]     43 0.1ms
                                                                            wb_rdata[70]     19 0.1ms
                                                                            wb_rdata[80]     19 0.1ms
                                    $techmap697258$abc$687923$lut$aiger687922$27917.A[1]     21 0.1ms
                                    $techmap696869$abc$687923$lut$aiger687922$24360.A[2]     71 0.1ms
                                                                            wb_rdata[62]     20 0.1ms
                                                                            wb_rdata[20]     22 0.1ms
                               $abc$687923$auto$opt_dff.cc:251:make_patterns_logic$85171     32 0.1ms
                                                                        matvec.hq_hi[48]     27 0.1ms
                                                                            wb_rdata[91]     19 0.1ms
                                                                            wb_rdata[82]     19 0.1ms
                            $techmap697122$auto$abc9_ops.cc:1552:reintegrate$689724.A[2]     41 0.1ms
                                                                            wb_rdata[17]     22 0.1ms
                                                                        matvec.hq_lo[61]     39 0.1ms
                                              ddr3.ddr3_controller_inst.write_pattern[0]     45 0.1ms
                            $techmap698844$auto$abc9_ops.cc:1552:reintegrate$689273.A[1]     44 0.1ms
                            $techmap696871$auto$abc9_ops.cc:1552:reintegrate$689754.A[3]     28 0.1ms
                  $techmap704144$abc$687923$lut$flatten\matvec.$procmux$62467_Y[31].A[3]     35 0.1ms
                                                                        matvec.hq_lo[45]     45 0.1ms
                                                                            wb_rdata[98]     19 0.1ms
                                                                           wb_rdata[103]     19 0.1ms
                                                                           wb_rdata[116]     19 0.1ms
                               $abc$687923$auto$opt_dff.cc:251:make_patterns_logic$85008     32 0.1ms
                                                                            wb_rdata[99]     20 0.1ms
                                                                           wb_rdata[118]     19 0.1ms
                                                                            wb_rdata[36]     20 0.1ms
                                                                            wb_rdata[19]     23 0.1ms
                                                                            wb_rdata[13]     22 0.1ms
                                                                             wb_rdata[5]     22 0.1ms
                                                                            wb_rdata[75]     20 0.1ms
                                                                            wb_rdata[64]     19 0.1ms
                                                                            wb_rdata[38]     20 0.1ms
                                                                             wb_rdata[1]     23 0.1ms
                                                                            wb_rdata[23]     22 0.1ms
                                                                            wb_rdata[73]     19 0.1ms
                                                                           wb_rdata[119]     19 0.1ms
                                    $techmap697091$abc$687923$lut$aiger687922$26673.A[2]     33 0.1ms
                                                                            wb_rdata[35]     20 0.1ms
                                                                            wb_rdata[24]     22 0.1ms
                                                                        matvec.hq_lo[63]     38 0.1ms
                                                                           wb_rdata[109]     19 0.1ms
                                                                            wb_rdata[77]     19 0.1ms
                            $techmap698432$auto$abc9_ops.cc:1552:reintegrate$689365.A[1]     55 0.1ms
                                                                           wb_rdata[120]     19 0.1ms
                                                                            wb_rdata[50]     21 0.1ms
                               $abc$687923$auto$opt_dff.cc:251:make_patterns_logic$85573     32 0.1ms
                                                                            wb_rdata[83]     19 0.1ms
                                                                           wb_rdata[112]     19 0.1ms
                                                                            wb_rdata[26]     21 0.1ms
                                                                            wb_rdata[27]     21 0.1ms
                               $abc$687923$auto$opt_dff.cc:251:make_patterns_logic$85755     32 0.1ms
                                                                        matvec.hq_lo[14]     42 0.1ms
                                    $techmap696701$abc$687923$lut$aiger687922$23889.A[0]     35 0.1ms
                                                                            wb_rdata[52]     20 0.1ms
                                                                             wb_rdata[7]     22 0.1ms
                                                                        matvec.hq_lo[40]     30 0.1ms
                                                                            wb_rdata[97]     20 0.1ms
                                    $techmap696843$abc$687923$lut$aiger687922$24361.A[1]     31 0.1ms
        $techmap708007$abc$687923$lut$auto$opt_dff.cc:251:make_patterns_logic$85128.A[1]     30 0.1ms
                                                                            wb_rdata[48]     20 0.1ms
                                                                             wb_rdata[6]     22 0.1ms
                                                                           wb_rdata[125]     19 0.1ms
                                                                            wb_rdata[69]     20 0.1ms
                                                                           wb_rdata[101]     19 0.1ms
                                                                            wb_rdata[92]     19 0.1ms
                                                                            wb_rdata[76]     19 0.1ms
                                                                            wb_rdata[39]     20 0.1ms
                                                                            wb_rdata[61]     20 0.1ms
                                                                            wb_rdata[55]     20 0.1ms
                                                                        matvec.hq_lo[13]     43 0.1ms
                                                                        matvec.hq_lo[25]     31 0.1ms
                                                                         matvec.hq_hi[9]     34 0.1ms
                                                                        matvec.hq_hi[40]     35 0.1ms
                                                                           wb_rdata[122]     19 0.1ms
                                                                            wb_rdata[65]     19 0.1ms
                                                                           wb_rdata[102]     19 0.1ms
        $techmap707846$abc$687923$lut$auto$opt_dff.cc:251:make_patterns_logic$84805.A[2]     40 0.1ms
                                                                            wb_rdata[10]     23 0.1ms
                                                                             wb_rdata[3]     22 0.1ms
                                                                            wb_rdata[14]     22 0.1ms
                                                                           wb_rdata[121]     19 0.1ms
                                                                            wb_rdata[94]     19 0.1ms
                                                                            wb_rdata[41]     20 0.1ms
                                                                            wb_rdata[74]     19 0.1ms
                                                                           wb_rdata[105]     19 0.1ms
                                                                           wb_rdata[100]     20 0.1ms
                                                                            wb_rdata[87]     19 0.1ms
                            $techmap697673$auto$abc9_ops.cc:1552:reintegrate$689641.A[1]     28 0.1ms
                                                                            wb_rdata[43]     20 0.1ms
                            $techmap702613$auto$abc9_ops.cc:1552:reintegrate$688059.A[2]     26 0.1ms
                                                                        matvec.hq_hi[14]     42 0.1ms
                                                                        matvec.hq_hi[61]     35 0.1ms
                                                                            wb_rdata[78]     19 0.1ms
                                                                            wb_rdata[79]     19 0.1ms
                  $techmap703783$abc$687923$lut$flatten\matvec.$procmux$62255_Y[39].A[2]     40 0.1ms
                                                                             wb_rdata[9]     22 0.1ms
                                                                             wb_rdata[2]     23 0.1ms
                                                                            wb_rdata[96]     19 0.1ms
                                                                            wb_rdata[47]     20 0.1ms
                                                                            wb_rdata[33]     21 0.1ms
                                                                           wb_rdata[108]     19 0.1ms
                                                                            wb_rdata[90]     19 0.1ms
                                                                            wb_rdata[81]     19 0.1ms
                                                                            wb_rdata[72]     19 0.1ms
                                                                            wb_rdata[53]     21 0.1ms
                                                                            wb_rdata[60]     20 0.1ms
                                                                            wb_rdata[59]     20 0.1ms
                                                                            wb_rdata[16]     22 0.1ms
                                                                             wb_rdata[8]     22 0.1ms
        $abc$687923$flatten\master.$logic_and$build/t27/specs/rtl/fpga_loader_wb.v:507$9442_Y     32 0.1ms
                               $abc$687923$auto$opt_dff.cc:251:make_patterns_logic$86512     32 0.1ms
                            $techmap701933$auto$abc9_ops.cc:1552:reintegrate$688272.A[1]     28 0.1ms
                                                                           wb_rdata[110]     19 0.1ms
                                          ddr3.ddr3_controller_inst.start_index_check[5]     35 0.1ms
                               $abc$687923$auto$opt_dff.cc:251:make_patterns_logic$86554     32 0.1ms
                                                                        matvec.hq_hi[24]     35 0.1ms
                                                                        matvec.hq_hi[37]     45 0.1ms
                                                                           wb_rdata[127]     19 0.1ms
                                                                           wb_rdata[124]     19 0.1ms
                                                                            wb_rdata[71]     19 0.1ms
                                                                            wb_rdata[88]     19 0.1ms
                                                                            wb_rdata[28]     22 0.1ms
                                                                        matvec.hq_lo[37]     38 0.1ms
                                                                           wb_rdata[106]     19 0.1ms
                                                                           wb_rdata[113]     19 0.1ms
                                    $techmap697409$abc$687923$lut$aiger687922$29562.A[2]     31 0.1ms
                                                                            wb_rdata[44]     20 0.1ms
                            $techmap695655$auto$abc9_ops.cc:1552:reintegrate$690551.A[0]     37 0.1ms
                               $abc$687923$auto$opt_dff.cc:251:make_patterns_logic$85690     32 0.1ms
                                                                            wb_rdata[89]     19 0.1ms
                                                                            wb_rdata[95]     19 0.1ms
                                      ddr3.ddr3_controller_inst.write_by_byte_counter[0]     30 0.1ms
                                    $techmap697444$abc$687923$lut$aiger687922$29823.A[2]     47 0.1ms
                                                                         matvec.hq_lo[7]     38 0.1ms
                                                                            wb_rdata[42]     20 0.1ms
                                                                            wb_rdata[56]     20 0.1ms
                                                                            wb_rdata[58]     21 0.1ms
                            $techmap696353$auto$abc9_ops.cc:1552:reintegrate$689982.A[1]     32 0.1ms
                                    $techmap701917$abc$687923$lut$aiger687922$71940.A[2]     24 0.1ms
                                                                        matvec.hq_lo[47]     42 0.1ms
                                                                        matvec.hq_lo[35]     22 0.1ms
                                                                        matvec.hq_hi[45]     42 0.1ms
                                                                           wb_rdata[126]     19 0.1ms
                            $techmap696893$auto$abc9_ops.cc:1552:reintegrate$689753.A[3]     33 0.1ms
                                                                            wb_rdata[29]     22 0.1ms
                                                                         ddr3.bitslip[0]     18 0.1ms
                               $abc$687923$auto$opt_dff.cc:251:make_patterns_logic$85969     32 0.1ms
                                                                         matvec.hq_lo[8]     32 0.1ms
                                                                        matvec.hq_lo[59]     25 0.1ms
                            $techmap697187$auto$abc9_ops.cc:1552:reintegrate$689711.A[3]     31 0.1ms
                                    $techmap697047$abc$687923$lut$aiger687922$26402.A[3]     33 0.1ms
                                     $techmap707752$abc$687923$lut\arbiter.handover.A[2]     38 0.1ms
                               $abc$687923$auto$opt_dff.cc:251:make_patterns_logic$85651     32 0.1ms
                                                                            wb_rdata[93]     19 0.1ms
                            $techmap697637$auto$abc9_ops.cc:1552:reintegrate$689655.A[1]     21 0.1ms
                            $techmap700867$auto$abc9_ops.cc:1552:reintegrate$688570.A[0]     29 0.1ms
                                                                            wb_rdata[45]     20 0.1ms
                                                                            wb_rdata[54]     20 0.1ms
                               $abc$687923$auto$opt_dff.cc:251:make_patterns_logic$85176     32 0.1ms
                                                                        matvec.hq_lo[11]     25 0.1ms
                                                                        matvec.hq_lo[62]     40 0.1ms
                                                                        matvec.hq_hi[42]     28 0.1ms
                                                                        matvec.hq_hi[33]     32 0.1ms
                                    ddr3.ddr3_controller_inst.calib_data_randomized[103]     13 0.1ms
                                            ddr3.ddr3_controller_inst.dqs_start_index[1]     36 0.1ms
                            $techmap698120$auto$abc9_ops.cc:1552:reintegrate$689452.A[2]     32 0.1ms
               $techmap704176$abc$687923$lut$flatten\loader.$0\prob_count[31:0][31].A[4]     32 0.1ms
                                                                            wb_rdata[57]     20 0.1ms
                                                                            wb_rdata[40]     20 0.1ms
        $techmap91021$flatten\master.$gt$build/t27/specs/rtl/fpga_loader_wb.v:510$9444.Y     32 0.1ms
                               $abc$687923$auto$opt_dff.cc:251:make_patterns_logic$85805     32 0.1ms
                               $abc$687923$auto$opt_dff.cc:251:make_patterns_logic$85061     32 0.1ms
                            $techmap698463$auto$abc9_ops.cc:1552:reintegrate$689358.A[1]     32 0.1ms
                                                                        matvec.hq_hi[56]     26 0.1ms
                                                                        matvec.hq_hi[38]     43 0.1ms
        $techmap707711$abc$687923$lut$auto$opt_dff.cc:251:make_patterns_logic$86305.A[1]     32 0.1ms
                            $techmap697015$auto$abc9_ops.cc:1552:reintegrate$689739.A[2]     33 0.1ms
                                                                            wb_rdata[63]     20 0.1ms
        $abc$687923$flatten\loader.$logic_and$build/t27/specs/rtl/fpga_ddr3_loader.v:1622$929_Y     33 0.1ms
                            $techmap701764$auto$abc9_ops.cc:1552:reintegrate$688295.A[0]     28 0.1ms
                                                                           wb_rdata[123]     20 0.1ms
                            $techmap696681$auto$abc9_ops.cc:1552:reintegrate$689760.A[4]     23 0.1ms
                                    $techmap698141$abc$687923$lut$aiger687922$34963.A[2]     32 0.1ms
                            $techmap697015$auto$abc9_ops.cc:1552:reintegrate$689739.A[1]     36 0.1ms
                            $techmap701759$auto$abc9_ops.cc:1552:reintegrate$688296.A[0]     28 0.1ms
                                                                        matvec.hq_lo[43]     30 0.1ms
                                                                           wb_rdata[107]     19 0.1ms
                            $techmap697279$auto$abc9_ops.cc:1552:reintegrate$689687.A[4]     19 0.1ms
                                    $techmap704131$abc$687923$lut$aiger687922$38729.A[1]     42 0.1ms
                                                                            wb_rdata[46]     20 0.1ms
                                                                            wb_rdata[31]     21 0.1ms
                                                                            wb_rdata[25]     21 0.1ms
        $abc$687923$flatten\loader.$logic_and$build/t27/specs/rtl/fpga_ddr3_loader.v:1626$934_Y     32 0.1ms
                            $techmap697288$auto$abc9_ops.cc:1552:reintegrate$689682.A[1]     33 0.1ms
                                                                        matvec.hq_lo[23]     43 0.1ms
                                                                        matvec.hq_lo[49]     39 0.1ms
                                                                        matvec.hq_hi[29]     42 0.1ms
                                         ddr3.ddr3_controller_inst.stage1_next_bank_d[1]     41 0.1ms
                                      ddr3.ddr3_controller_inst.write_by_byte_counter[1]     23 0.1ms
                            $techmap698813$auto$abc9_ops.cc:1552:reintegrate$689276.A[3]     29 0.1ms
                                                                        matvec.hq_hi[32]     37 0.1ms
                                                                           wb_rdata[111]     19 0.1ms
                  $techmap704237$abc$687923$lut$flatten\matvec.$procmux$62195_Y[30].A[2]     31 0.1ms
                                                                        matvec.hq_lo[10]     24 0.1ms
                                                                        matvec.hq_lo[31]     33 0.1ms
                                                                         matvec.hq_hi[8]     33 0.1ms
                                                          ddr3.idelay_data_cntvaluein[1]     20 0.1ms
                                          ddr3.ddr3_controller_inst.start_index_check[4]     36 0.1ms
                            $techmap697556$auto$abc9_ops.cc:1552:reintegrate$689657.A[5]     31 0.1ms
                                                                         matvec.hq_lo[3]     23 0.1ms
                  $techmap704174$abc$687923$lut$flatten\matvec.$procmux$63069_Y[31].A[1]     32 0.1ms
                            $techmap699271$auto$abc9_ops.cc:1552:reintegrate$689150.A[1]     16 0.1ms
                                            $techmap233235$auto$ff.cc:337:slice$162296.D     41 0.1ms
                            $techmap697136$auto$abc9_ops.cc:1552:reintegrate$689719.A[3]     34 0.1ms
                                            $techmap236197$auto$ff.cc:337:slice$126674.D     44 0.1ms
                                                                         matvec.hq_lo[9]     32 0.1ms
                                                                        matvec.hq_lo[53]     42 0.1ms
                            $techmap701213$auto$abc9_ops.cc:1552:reintegrate$688459.A[0]     38 0.1ms
        $techmap707306$abc$687923$lut$auto$opt_dff.cc:251:make_patterns_logic$87098.A[3]     29 0.1ms
                  $techmap704168$abc$687923$lut$flatten\loader.$procmux$77671_Y[31].A[2]     32 0.1ms
                                                                               debug1[1]     22 0.1ms
                            $techmap698225$auto$abc9_ops.cc:1552:reintegrate$689419.A[2]     16 0.1ms
                                                          ddr3.idelay_data_cntvaluein[0]     17 0.1ms
                                      ddr3.ddr3_controller_inst.write_by_byte_counter[3]     25 0.1ms
                            $techmap698332$auto$abc9_ops.cc:1552:reintegrate$689399.A[1]     19 0.1ms
                               $abc$687923$auto$opt_dff.cc:251:make_patterns_logic$84592     32 0.1ms
                            $techmap699699$auto$abc9_ops.cc:1552:reintegrate$689034.A[2]     26 0.1ms
                                                                        matvec.hq_lo[38]     38 0.1ms
                            $techmap697129$auto$abc9_ops.cc:1552:reintegrate$689722.A[2]     40 0.1ms
                               $abc$687923$auto$opt_dff.cc:251:make_patterns_logic$85716     32 0.1ms
                            $techmap702378$auto$abc9_ops.cc:1552:reintegrate$688159.A[1]     27 0.1ms
                            $techmap702397$auto$abc9_ops.cc:1552:reintegrate$688152.A[1]     29 0.1ms
                                                                        matvec.hq_lo[22]     45 0.1ms
                                                                        matvec.hq_lo[19]     31 0.1ms
                                                                        matvec.hq_lo[55]     42 0.1ms
                                                                        matvec.hq_hi[19]     22 0.1ms
                                                                        matvec.hq_hi[58]     27 0.1ms
                                              ddr3.ddr3_controller_inst.stage2_bank_d[1]     54 0.1ms
                                    $techmap697256$abc$687923$lut$aiger687922$27902.A[2]     27 0.1ms
                            $techmap699674$auto$abc9_ops.cc:1552:reintegrate$689039.A[2]     16 0.1ms
                                                                        matvec.hq_lo[41]     36 0.1ms
                                                                        matvec.hq_lo[56]     27 0.1ms
                                                                        matvec.hq_hi[46]     41 0.1ms
                            $techmap697273$auto$abc9_ops.cc:1552:reintegrate$689688.A[4]     19 0.1ms
                                        ddr3.ddr3_controller_inst.instruction_address[1]     25 0.1ms
                    $techmap704155$abc$687923$lut$flatten\loader.$0\quiet[31:0][31].A[1]     32 0.1ms
                            $techmap695656$auto$abc9_ops.cc:1552:reintegrate$690550.A[1]     62 0.1ms
                               $abc$687923$auto$opt_dff.cc:251:make_patterns_logic$86192     32 0.1ms
                                    $techmap700028$abc$687923$lut$aiger687922$52783.A[1]      3 0.1ms
                                    $techmap698137$abc$687923$lut$aiger687922$34974.A[2]     26 0.1ms
                                                                        matvec.hq_hi[50]     25 0.1ms
                                $techmap698121$abc$687923$lut\loader.line_value[10].A[1]     32 0.1ms
                                                                        matvec.hq_hi[43]     25 0.1ms
                                                ddr3.ddr3_controller_inst.stage1_bank[0]     38 0.1ms
                                     ddr3.ddr3_controller_inst.stage2_data_unaligned[51]      6 0.1ms
                                    $techmap697502$abc$687923$lut$aiger687922$29888.A[0]     35 0.1ms
                            $techmap697646$auto$abc9_ops.cc:1552:reintegrate$689654.A[1]     30 0.1ms
                               $abc$687923$auto$opt_dff.cc:251:make_patterns_logic$85025     31 0.1ms
                                                                        matvec.hq_lo[30]     34 0.1ms
                                                                        matvec.hq_hi[27]     27 0.1ms
                                    $techmap696986$abc$687923$lut$aiger687922$25318.A[0]     19 0.1ms
                                                                        matvec.sub_q[11]     18 0.1ms
                            $techmap695778$auto$abc9_ops.cc:1552:reintegrate$690437.A[1]     62 0.1ms
                            $techmap698674$auto$abc9_ops.cc:1552:reintegrate$689311.A[1]     16 0.1ms
                            $techmap699058$auto$abc9_ops.cc:1552:reintegrate$689213.A[1]     16 0.1ms
                               $abc$687923$auto$opt_dff.cc:251:make_patterns_logic$86270     31 0.1ms
                                                                        matvec.hq_lo[16]     30 0.1ms
                                                                        matvec.hq_lo[50]     27 0.1ms
                                                                        matvec.hq_hi[11]     26 0.1ms
                                                                         matvec.hq_hi[0]     28 0.1ms
                                                                        matvec.hq_hi[25]     36 0.1ms
                                                                        matvec.hq_hi[62]     35 0.1ms
                            $techmap698463$auto$abc9_ops.cc:1552:reintegrate$689358.A[0]     18 0.1ms
        $techmap707750$abc$687923$lut$auto$opt_dff.cc:251:make_patterns_logic$84655.A[5]     33 0.1ms
                            $techmap698910$auto$abc9_ops.cc:1552:reintegrate$689254.A[1]     16 0.1ms
                                            $techmap233238$auto$ff.cc:337:slice$161936.D     38 0.1ms
                               $abc$687923$auto$opt_dff.cc:251:make_patterns_logic$85729     32 0.1ms
                               $abc$687923$auto$opt_dff.cc:251:make_patterns_logic$84605     32 0.1ms
                                                                        matvec.hq_lo[51]     24 0.1ms
                                                                        matvec.hq_lo[39]     40 0.1ms
                                                                        matvec.hq_hi[53]     37 0.1ms
                                      ddr3.ddr3_controller_inst.write_by_byte_counter[2]     31 0.1ms
                            $techmap697129$auto$abc9_ops.cc:1552:reintegrate$689722.A[3]     26 0.1ms
                $techmap704189$abc$687923$lut$flatten\loader.$0\port_wait[31:0][31].A[1]     32 0.1ms
                      $techmap707898$abc$687923$lut$flatten\loader.$0\baud_sel[0:0].A[1]     33 0.1ms
                                                                        matvec.hq_lo[15]     43 0.1ms
                                                                        matvec.hq_hi[18]     26 0.1ms
                                                                        matvec.hq_hi[63]     34 0.1ms
                                                                        matvec.hq_hi[34]     25 0.1ms
                                                                        matvec.hq_lo[54]     43 0.1ms
                                                                        matvec.hq_lo[58]     26 0.1ms
                            $techmap695920$auto$abc9_ops.cc:1552:reintegrate$690361.A[3]      4 0.1ms
                                                                        matvec.hq_hi[23]     41 0.1ms
                                                                        matvec.hq_hi[41]     35 0.1ms
                                                ddr3.ddr3_controller_inst.stage1_bank[1]     37 0.1ms
                                            ddr3.ddr3_controller_inst.dqs_start_index[2]     18 0.1ms
               $techmap704217$abc$687923$lut$flatten\matvec.$0\stray_acks[31:0][31].A[4]     32 0.1ms
                            $techmap697134$auto$abc9_ops.cc:1552:reintegrate$689720.A[2]     16 0.1ms
                                    $techmap696553$abc$687923$lut$aiger687922$26792.A[4]     22 0.1ms
        $abc$687923$flatten\loader.$logic_and$build/t27/specs/rtl/fpga_ddr3_loader.v:1618$920_Y     32 0.1ms
                               $abc$687923$auto$opt_dff.cc:251:make_patterns_logic$86624     31 0.1ms
                               $abc$687923$auto$opt_dff.cc:251:make_patterns_logic$85094     32 0.1ms
                            $techmap702210$auto$abc9_ops.cc:1552:reintegrate$688214.A[3]     18 0.1ms
                            $techmap699047$auto$abc9_ops.cc:1552:reintegrate$689219.A[3]     13 0.1ms
                            $techmap701413$auto$abc9_ops.cc:1552:reintegrate$688402.A[0]     15 0.1ms
                            $techmap700554$auto$abc9_ops.cc:1552:reintegrate$688697.A[3]     18 0.1ms
                                                                        matvec.hq_hi[22]     41 0.1ms
                                    $techmap697349$abc$687923$lut$aiger687922$28973.A[1]     32 0.1ms
              $techmap91050$flatten\resetgen.$lt$build/t27/specs/rtl/fpga_reset.v:84$4.Y     33 0.1ms
                            $techmap697291$auto$abc9_ops.cc:1552:reintegrate$689681.A[0]     33 0.1ms
                               $abc$687923$auto$opt_dff.cc:251:make_patterns_logic$85664     32 0.1ms
                                                                        matvec.hq_lo[21]     42 0.1ms
                                                                        matvec.hq_lo[33]     35 0.1ms
                                                                         matvec.hq_hi[7]     39 0.1ms
                                                                        matvec.hq_hi[31]     40 0.1ms
                                                                        matvec.hq_hi[55]     38 0.1ms
                            $techmap698281$auto$abc9_ops.cc:1552:reintegrate$689413.A[1]     13 0.1ms
                                        ddr3.ddr3_controller_inst.instruction_address[4]     26 0.1ms
                                    $techmap697045$abc$687923$lut$aiger687922$26397.A[2]     23 0.1ms
                            $techmap702575$auto$abc9_ops.cc:1552:reintegrate$688072.A[1]     24 0.1ms
                                                                        matvec.hq_hi[59]     21 0.1ms
                                                                              rd_addr[0]     14 0.1ms
                            $techmap697652$auto$abc9_ops.cc:1552:reintegrate$689651.A[4]     26 0.1ms
                                                                         matvec.sub_q[9]     18 0.1ms
                            $techmap696979$auto$abc9_ops.cc:1552:reintegrate$689744.A[2]     16 0.1ms
                               $abc$687923$auto$opt_dff.cc:251:make_patterns_logic$85703     32 0.1ms
                               $abc$687923$auto$opt_dff.cc:251:make_patterns_logic$85188     32 0.1ms
                            $techmap699928$auto$abc9_ops.cc:1552:reintegrate$688970.A[3]     18 0.1ms
                                                                        matvec.hq_hi[10]     27 0.1ms
                                                                         matvec.hq_hi[6]     39 0.1ms
                                    $techmap697250$abc$687923$lut$aiger687922$27898.A[1]     19 0.1ms
                               $abc$687923$auto$opt_dff.cc:251:make_patterns_logic$87181     28 0.1ms
                                                                         matvec.hq_hi[4]     18 0.1ms
                            $techmap699031$auto$abc9_ops.cc:1552:reintegrate$689226.A[3]     29 0.1ms
                            $techmap701151$auto$abc9_ops.cc:1552:reintegrate$688477.A[3]     18 0.1ms
                                                                         loader.h_len[2]     13 0.1ms
                                                                        loader.h_len[11]     15 0.1ms
                                                                        matvec.hq_lo[48]     29 0.1ms
                                                                        matvec.hq_lo[32]     29 0.1ms
                                                                         matvec.hq_hi[3]     23 0.1ms
                                                                            ddr3.cmd[96]     17 0.1ms
                                    $techmap697446$abc$687923$lut$aiger687922$29806.A[1]     17 0.1ms
                                    $techmap698262$abc$687923$lut$aiger687922$28714.A[0]     19 0.1ms
                            $techmap697284$auto$abc9_ops.cc:1552:reintegrate$689683.A[1]     32 0.1ms
                            $techmap697260$auto$abc9_ops.cc:1552:reintegrate$689692.A[4]     19 0.1ms
                                                                         matvec.hq_lo[4]     17 0.1ms
                                                                         matvec.hq_lo[6]     39 0.1ms
                                                                         ddr3.bitslip[1]     18 0.0ms
                            $techmap699522$auto$abc9_ops.cc:1552:reintegrate$689090.A[1]     16 0.0ms
                                           $abc$687923$auto$rtlil.cc:3574:NotGate$216348     17 0.0ms
                               $abc$687923$auto$opt_dff.cc:251:make_patterns_logic$86767     32 0.0ms
                            $techmap701766$auto$abc9_ops.cc:1552:reintegrate$688294.A[3]     18 0.0ms
                                                                        matvec.hq_lo[42]     31 0.0ms
                            $techmap697766$auto$abc9_ops.cc:1552:reintegrate$689623.A[4]     19 0.0ms
                                    $techmap697436$abc$687923$lut$aiger687922$29827.A[0]     19 0.0ms
                            $techmap699210$auto$abc9_ops.cc:1552:reintegrate$689175.A[1]     22 0.0ms
                                    $techmap697029$abc$687923$lut$aiger687922$26156.A[0]     12 0.0ms
                                                                               debug1[2]     26 0.0ms
                            $techmap696979$auto$abc9_ops.cc:1552:reintegrate$689744.A[3]     18 0.0ms
                               $abc$687923$auto$opt_dff.cc:251:make_patterns_logic$84989     32 0.0ms
                               $abc$687923$auto$opt_dff.cc:251:make_patterns_logic$86686     31 0.0ms
                                                                        matvec.hq_hi[60]     18 0.0ms
                            $techmap700403$auto$abc9_ops.cc:1552:reintegrate$688772.A[0]     13 0.0ms
                                                                        matvec.hq_hi[44]     16 0.0ms
                                    $techmap705353$abc$687923$lut$aiger687922$57867.A[3]     16 0.0ms
                                                                        matvec.hq_hi[51]     24 0.0ms
                                                                        matvec.hq_hi[54]     38 0.0ms
                                              ddr3.ddr3_controller_inst.stage2_bank_d[2]     31 0.0ms
                            $techmap697770$auto$abc9_ops.cc:1552:reintegrate$689621.A[4]     19 0.0ms
                            $techmap695741$auto$abc9_ops.cc:1552:reintegrate$690465.A[1]     13 0.0ms
                                                                         matvec.hq_lo[5]     37 0.0ms
                                                                     ddr3.dq_tri_control     18 0.0ms
                                                                        arbiter.handover     32 0.0ms
                               $abc$687923$auto$opt_dff.cc:251:make_patterns_logic$87360     32 0.0ms
                               $abc$687923$auto$opt_dff.cc:251:make_patterns_logic$85677     32 0.0ms
                            $techmap702552$auto$abc9_ops.cc:1552:reintegrate$688084.A[3]     18 0.0ms
                                                                        loader.h_len[12]     18 0.0ms
                            $techmap702261$auto$abc9_ops.cc:1552:reintegrate$688200.A[1]      9 0.0ms
                            $techmap701673$auto$abc9_ops.cc:1552:reintegrate$688318.A[1]     16 0.0ms
                                                                         matvec.hq_lo[0]     28 0.0ms
                                                                       loader.h_addr[20]     12 0.0ms
                               $abc$687923$auto$opt_dff.cc:251:make_patterns_logic$84723     16 0.0ms
                            $techmap702401$auto$abc9_ops.cc:1552:reintegrate$688150.A[3]     18 0.0ms
                            $techmap699210$auto$abc9_ops.cc:1552:reintegrate$689175.A[0]     20 0.0ms
                                    $techmap698454$abc$687923$lut$aiger687922$38067.A[1]     20 0.0ms
                                    $techmap705353$abc$687923$lut$aiger687922$57867.A[5]     16 0.0ms
                                                                        matvec.hq_lo[57]     27 0.0ms
                                                                         matvec.hq_hi[1]     34 0.0ms
                                                                        matvec.hq_hi[16]     33 0.0ms
                                         ddr3.ddr3_controller_inst.stage1_next_bank_d[0]     37 0.0ms
                            $techmap697380$auto$abc9_ops.cc:1552:reintegrate$689666.A[3]     32 0.0ms
                                                                       loader.h_addr[19]     11 0.0ms
                            $techmap696954$auto$abc9_ops.cc:1552:reintegrate$689747.A[0]     26 0.0ms
                                    $techmap696843$abc$687923$lut$aiger687922$24361.A[0]     23 0.0ms
                            $techmap698127$auto$abc9_ops.cc:1552:reintegrate$689448.A[1]     19 0.0ms
                                           $abc$687923$auto$rtlil.cc:3574:NotGate$216220     16 0.0ms
        $abc$687923$flatten\arbiter.$logic_and$build/t27/specs/rtl/fpga_wb_arbiter.v:271$9680_Y     32 0.0ms
                               $abc$687923$auto$opt_dff.cc:251:make_patterns_logic$85191     32 0.0ms
                               $abc$687923$auto$opt_dff.cc:251:make_patterns_logic$84666     32 0.0ms
                                    $techmap705359$abc$687923$lut$aiger687922$57854.A[3]     16 0.0ms
                                                          ddr3.idelay_data_cntvaluein[2]     20 0.0ms
                            $techmap697266$auto$abc9_ops.cc:1552:reintegrate$689690.A[0]     22 0.0ms
                            $techmap697357$auto$abc9_ops.cc:1552:reintegrate$689673.A[2]     30 0.0ms
                                                                       loader.h_addr[21]     12 0.0ms
                               $abc$687923$auto$opt_dff.cc:234:make_patterns_logic$85237     32 0.0ms
                            $techmap700051$auto$abc9_ops.cc:1552:reintegrate$688910.A[2]     19 0.0ms
                                    $techmap705362$abc$687923$lut$aiger687922$57858.A[3]     16 0.0ms
                                                                        matvec.hq_lo[12]     18 0.0ms
                                                                        matvec.hq_lo[18]     32 0.0ms
                                                                        matvec.hq_lo[34]     28 0.0ms
                                                                        matvec.hq_hi[17]     33 0.0ms
                            $techmap697646$auto$abc9_ops.cc:1552:reintegrate$689654.A[0]     30 0.0ms
                                    $techmap697048$abc$687923$lut$aiger687922$26407.A[2]     18 0.0ms
                                                                       loader.h_addr[29]     11 0.0ms
                                                                       loader.h_addr[30]     12 0.0ms
                                                                         loader.h_len[9]     17 0.0ms
                                                                        matvec.hq_hi[30]     42 0.0ms
                                                                        matvec.hq_hi[49]     26 0.0ms
                                                                  ddr3.idelay_data_ld[0]     10 0.0ms
                            $techmap697774$auto$abc9_ops.cc:1552:reintegrate$689619.A[4]     19 0.0ms
                            $techmap697122$auto$abc9_ops.cc:1552:reintegrate$689724.A[4]     18 0.0ms
                                                                       loader.h_addr[16]     11 0.0ms
                                                                       loader.h_addr[24]     12 0.0ms
                                                                         master.outst[0]      4 0.0ms
                                                                           committed_any      1 0.0ms
                               $abc$687923$auto$opt_dff.cc:234:make_patterns_logic$87469     32 0.0ms
                  $techmap704133$abc$687923$lut$flatten\receiver.$0\count[31:0][31].A[4]     30 0.0ms
                                    ddr3.ddr3_controller_inst.calib_data_randomized[105]     10 0.0ms
                                                                        matvec.hq_lo[26]     26 0.0ms
                                                                        matvec.hq_lo[27]     27 0.0ms
                                                                         matvec.hq_hi[2]     30 0.0ms
                            $techmap698562$auto$abc9_ops.cc:1552:reintegrate$689342.A[1]     12 0.0ms
                                        ddr3.ddr3_controller_inst.instruction_address[3]     29 0.0ms
                            $techmap695745$auto$abc9_ops.cc:1552:reintegrate$690461.A[1]     10 0.0ms
                                                                        loader.h_addr[0]     12 0.0ms
                                                                       loader.h_addr[23]     12 0.0ms
                  $techmap704133$abc$687923$lut$flatten\receiver.$0\count[31:0][31].A[0]     32 0.0ms
                                            $techmap236879$auto$ff.cc:337:slice$125277.D     21 0.0ms
                            $techmap702705$auto$abc9_ops.cc:1552:reintegrate$688006.A[3]     14 0.0ms
                                                                        matvec.hq_hi[12]     18 0.0ms
                                                                        matvec.hq_hi[36]     17 0.0ms
                            $techmap697380$auto$abc9_ops.cc:1552:reintegrate$689666.A[2]     33 0.0ms
                                            $techmap235814$auto$ff.cc:337:slice$127298.D      6 0.0ms
                                                                       loader.h_addr[17]     10 0.0ms
                                                                       loader.h_addr[26]     12 0.0ms
                                            $techmap237736$auto$ff.cc:337:slice$108212.D     20 0.0ms
                            $techmap696353$auto$abc9_ops.cc:1552:reintegrate$689982.A[2]     33 0.0ms
                                                                              clk_ddr_90     18 0.0ms
                     $techmap707663$abc$687923$lut$flatten\transmitter.$0\busy[0:0].A[0]     36 0.0ms
                                                                        matvec.hq_lo[52]     16 0.0ms
                                                                        matvec.hq_hi[52]     14 0.0ms
                                            ddr3.ddr3_controller_inst.dqs_start_index[4]     11 0.0ms
                                                                        loader.h_addr[6]     11 0.0ms
                            $techmap698430$auto$abc9_ops.cc:1552:reintegrate$689367.A[1]     35 0.0ms
                                                                        master.outst[10]      5 0.0ms
                                                                        matvec.hq_lo[29]     34 0.0ms
                                                                        matvec.hq_lo[60]     14 0.0ms
                                                                  ddr3.idelay_data_ld[1]     10 0.0ms
                                            ddr3.ddr3_controller_inst.dqs_start_index[3]      8 0.0ms
                                                                               debug1[4]     22 0.0ms
                            $techmap698566$auto$abc9_ops.cc:1552:reintegrate$689340.A[3]     11 0.0ms
                                    $techmap696553$abc$687923$lut$aiger687922$26792.A[5]     18 0.0ms
                                                                         loader.h_seq[0]      5 0.0ms
                            $techmap698394$auto$abc9_ops.cc:1552:reintegrate$689378.A[3]     11 0.0ms
                                                                       loader.h_addr[31]     12 0.0ms
                                                                        matvec.sub_q[12]     18 0.0ms
                                                                        matvec.sub_q[10]     18 0.0ms
                            $techmap698129$auto$abc9_ops.cc:1552:reintegrate$689447.A[2]      5 0.0ms
                  $techmap704172$abc$687923$lut$flatten\matvec.$procmux$62633_Y[31].A[1]     32 0.0ms
                                    $techmap698453$abc$687923$lut$aiger687922$38054.A[1]     21 0.0ms
                                                                         loader.h_len[6]     14 0.0ms
                                                                        loader.h_len[13]     16 0.0ms
                                                                         loader.h_len[8]     15 0.0ms
                               $abc$687923$auto$opt_dff.cc:251:make_patterns_logic$87077     25 0.0ms
                                                                        matvec.hq_lo[44]     15 0.0ms
                                    $techmap705365$abc$687923$lut$aiger687922$57862.A[2]     16 0.0ms
                                                                         loader.h_len[5]     14 0.0ms
                            $techmap701010$auto$abc9_ops.cc:1552:reintegrate$688522.A[1]      8 0.0ms
                                                                        matvec.hq_hi[57]     31 0.0ms
                                                                        matvec.hq_hi[35]     20 0.0ms
                                    $techmap698092$abc$687923$lut$aiger687922$33970.A[0]      7 0.0ms
                                    ddr3.ddr3_controller_inst.calib_data_randomized[101]     10 0.0ms
                                            $techmap236163$auto$ff.cc:337:slice$126770.D     14 0.0ms
                                    $techmap697047$abc$687923$lut$aiger687922$26402.A[4]     16 0.0ms
                            $techmap695740$auto$abc9_ops.cc:1552:reintegrate$690466.A[1]     12 0.0ms
        $techmap707829$abc$687923$lut$auto$opt_dff.cc:251:make_patterns_logic$86512.A[5]      9 0.0ms
                            $techmap697022$auto$abc9_ops.cc:1552:reintegrate$689736.A[2]     33 0.0ms
                            $techmap698426$auto$abc9_ops.cc:1552:reintegrate$689368.A[0]     15 0.0ms
                              $abc$687923$auto$opt_dff.cc:234:make_patterns_logic$107045      7 0.0ms
                               $abc$687923$auto$opt_dff.cc:251:make_patterns_logic$85128      3 0.0ms
                            $techmap702552$auto$abc9_ops.cc:1552:reintegrate$688084.A[4]      8 0.0ms
                                                                        matvec.hq_lo[28]     15 0.0ms
                                                                        matvec.hq_lo[24]     23 0.0ms
                                                                        matvec.hq_lo[36]     14 0.0ms
                                                          ddr3.idelay_data_cntvaluein[4]     20 0.0ms
                                      ddr3.ddr3_controller_inst.stage2_data_unaligned[1]      8 0.0ms
                                    ddr3.ddr3_controller_inst.calib_data_randomized[114]      7 0.0ms
                                        ddr3.ddr3_controller_inst.instruction_address[0]     21 0.0ms
                                    $techmap697645$abc$687923$lut$aiger687922$28329.A[0]     18 0.0ms
                                    $techmap697636$abc$687923$lut$aiger687922$28318.A[0]     11 0.0ms
                                                                               debug1[3]     19 0.0ms
                                                                        matvec.hq_hi[26]     29 0.0ms
                                                                         loader.h_len[0]     14 0.0ms
                            $techmap695749$auto$abc9_ops.cc:1552:reintegrate$690457.A[1]     13 0.0ms
                            $techmap695753$auto$abc9_ops.cc:1552:reintegrate$690453.A[1]     10 0.0ms
                            $techmap697654$auto$abc9_ops.cc:1552:reintegrate$689650.A[2]      9 0.0ms
                                                                         matvec.hq_lo[1]     31 0.0ms
                                    $techmap695776$abc$687923$lut$aiger687922$24125.A[2]      3 0.0ms
                                    $techmap705353$abc$687923$lut$aiger687922$57867.A[4]     16 0.0ms
                                                                        loader.h_len[14]     15 0.0ms
                                                                        loader.h_len[10]     17 0.0ms
                                                                        matvec.hq_hi[28]     16 0.0ms
                                                                        matvec.hq_hi[20]     16 0.0ms
                            $techmap697772$auto$abc9_ops.cc:1552:reintegrate$689620.A[4]     19 0.0ms
                            $techmap697768$auto$abc9_ops.cc:1552:reintegrate$689622.A[4]     19 0.0ms
        $techmap707775$abc$687923$lut$auto$opt_dff.cc:251:make_patterns_logic$85887.A[3]      4 0.0ms
                            $techmap698129$auto$abc9_ops.cc:1552:reintegrate$689447.A[0]      9 0.0ms
                            $techmap695746$auto$abc9_ops.cc:1552:reintegrate$690460.A[1]     12 0.0ms
                            $techmap696468$auto$abc9_ops.cc:1552:reintegrate$689897.A[0]     11 0.0ms
                                                                       loader.h_addr[22]     12 0.0ms
                                    $techmap696953$abc$687923$lut$aiger687922$24694.A[2]      5 0.0ms
                                    $techmap696870$abc$687923$lut$aiger687922$24370.A[3]     18 0.0ms
                            $techmap702210$auto$abc9_ops.cc:1552:reintegrate$688214.A[4]      8 0.0ms
                            $techmap701566$auto$abc9_ops.cc:1552:reintegrate$688346.A[0]      9 0.0ms
                                    $techmap705365$abc$687923$lut$aiger687922$57862.A[3]     16 0.0ms
                                    $techmap705362$abc$687923$lut$aiger687922$57858.A[2]     16 0.0ms
                                                                         loader.h_len[4]     13 0.0ms
                                    $techmap697322$abc$687923$lut$aiger687922$28969.A[1]     18 0.0ms
                                                ddr3.ddr3_controller_inst.stage2_bank[2]     18 0.0ms
                                     ddr3.ddr3_controller_inst.stage2_data_unaligned[32]      8 0.0ms
                            $techmap697357$auto$abc9_ops.cc:1552:reintegrate$689673.A[1]     27 0.0ms
                                                                       loader.h_addr[11]     13 0.0ms
                                                                        loader.h_addr[2]     13 0.0ms
                                                                        loader.h_addr[5]     12 0.0ms
                                    $techmap696957$abc$687923$lut$aiger687922$24817.A[0]      8 0.0ms
                               $abc$687923$auto$opt_dff.cc:251:make_patterns_logic$87346      5 0.0ms
                            $techmap698714$auto$abc9_ops.cc:1552:reintegrate$689302.A[1]      2 0.0ms
                            $techmap698394$auto$abc9_ops.cc:1552:reintegrate$689378.A[0]      9 0.0ms
                                                                         matvec.sub_q[3]     25 0.0ms
                                                                         loader.h_len[7]     15 0.0ms
                                    ddr3.ddr3_controller_inst.calib_data_randomized[123]      8 0.0ms
                                    $techmap697177$abc$687923$lut$aiger687922$27597.A[0]     10 0.0ms
                                                                       loader.h_addr[18]     10 0.0ms
                                                                       loader.h_addr[10]     13 0.0ms
                                                                       loader.h_addr[13]     13 0.0ms
                                                                       loader.h_addr[28]     11 0.0ms
                            $techmap697136$auto$abc9_ops.cc:1552:reintegrate$689719.A[2]     10 0.0ms
                                                                                 any_nak      1 0.0ms
                            $techmap702401$auto$abc9_ops.cc:1552:reintegrate$688150.A[4]      8 0.0ms
                            $techmap700847$auto$abc9_ops.cc:1552:reintegrate$688574.A[1]     18 0.0ms
                                    $techmap705359$abc$687923$lut$aiger687922$57854.A[2]     16 0.0ms
                                                                         loader.h_len[3]     12 0.0ms
                                                    $abc$687923$lut\matvec.dec0[28].A[6]      4 0.0ms
                                                          ddr3.idelay_data_cntvaluein[3]     20 0.0ms
                                      ddr3.ddr3_controller_inst.calib_data_randomized[0]      7 0.0ms
                                    $techmap697448$abc$687923$lut$aiger687922$29785.A[1]     16 0.0ms
                            $techmap701412$auto$abc9_ops.cc:1552:reintegrate$688403.A[2]     12 0.0ms
                                    ddr3.ddr3_controller_inst.stage2_data_unaligned[118]     12 0.0ms
                            $techmap697266$auto$abc9_ops.cc:1552:reintegrate$689690.A[1]      8 0.0ms
                                                  ddr3.ddr3_controller_inst.prep_done[1]     12 0.0ms
                                    ddr3.ddr3_controller_inst.calib_data_randomized[108]      7 0.0ms
                            $techmap697260$auto$abc9_ops.cc:1552:reintegrate$689692.A[3]     18 0.0ms
                                                ddr3.ddr3_controller_inst.stage2_bank[0]     13 0.0ms
                            $techmap695743$auto$abc9_ops.cc:1552:reintegrate$690463.A[1]     13 0.0ms
                                                                       loader.h_addr[25]     11 0.0ms
                                                                         matvec.sub_q[8]     18 0.0ms
                                                   ddr3.ddr3_controller_inst.initial_dqs     14 0.0ms
                                                ddr3.ddr3_controller_inst.stage2_row[10]     10 0.0ms
                                            ddr3.ddr3_controller_inst.stage1_next_row[8]     11 0.0ms
                                            ddr3.ddr3_controller_inst.stage1_next_row[0]     11 0.0ms
                               $abc$687923$auto$opt_dff.cc:251:make_patterns_logic$86573      9 0.0ms
                               $abc$687923$auto$opt_dff.cc:251:make_patterns_logic$86533     16 0.0ms
                            $techmap702165$auto$abc9_ops.cc:1552:reintegrate$688226.A[0]     13 0.0ms
                            $techmap698341$auto$abc9_ops.cc:1552:reintegrate$689394.A[2]      6 0.0ms
                                    $techmap697764$abc$687923$lut$aiger687922$30422.A[1]     16 0.0ms
                                    $techmap697480$abc$687923$lut$aiger687922$29747.A[4]     13 0.0ms
                                     ddr3.ddr3_controller_inst.stage2_data_unaligned[55]      6 0.0ms
                            $techmap697662$auto$abc9_ops.cc:1552:reintegrate$689646.A[2]     17 0.0ms
                                    ddr3.ddr3_controller_inst.calib_data_randomized[118]      9 0.0ms
                            $techmap697061$auto$abc9_ops.cc:1552:reintegrate$689730.A[1]     13 0.0ms
                            $techmap698191$auto$abc9_ops.cc:1552:reintegrate$689430.A[2]     11 0.0ms
                                                                         matvec.hq_lo[2]     23 0.0ms
                            $techmap697027$auto$abc9_ops.cc:1552:reintegrate$689734.A[0]     11 0.0ms
                                                                        loader.h_addr[7]     12 0.0ms
                            $techmap695777$auto$abc9_ops.cc:1552:reintegrate$690438.A[1]      5 0.0ms
           $techmap707156$abc$687923$lut$memory\matvec.fq_hi$wren[0][0][0]$y$106810.A[1]      9 0.0ms
                            $techmap702403$auto$abc9_ops.cc:1552:reintegrate$688149.A[4]      8 0.0ms
                            $techmap700569$auto$abc9_ops.cc:1552:reintegrate$688691.A[4]      8 0.0ms
                                    $techmap698672$abc$687923$lut$aiger687922$39792.A[5]     13 0.0ms
                                                                        loader.h_len[15]     15 0.0ms
                            $techmap697279$auto$abc9_ops.cc:1552:reintegrate$689687.A[3]     18 0.0ms
                            $techmap700459$auto$abc9_ops.cc:1552:reintegrate$688737.A[2]     18 0.0ms
                                        ddr3.ddr3_controller_inst.instruction_address[2]     27 0.0ms
                            $techmap695756$auto$abc9_ops.cc:1552:reintegrate$690450.A[1]     11 0.0ms
                            $techmap695747$auto$abc9_ops.cc:1552:reintegrate$690459.A[1]     12 0.0ms
                            $techmap697665$auto$abc9_ops.cc:1552:reintegrate$689644.A[2]      9 0.0ms
                                    $techmap701585$abc$687923$lut$aiger687922$69681.A[0]      4 0.0ms
                                                                        loader.h_addr[8]     15 0.0ms
                                                                        loader.h_addr[4]     11 0.0ms
                                                                       loader.h_addr[27]     11 0.0ms
                                                                         matvec.sub_q[7]     18 0.0ms
                                                                         matvec.sub_q[5]     19 0.0ms
                            $techmap695955$auto$abc9_ops.cc:1552:reintegrate$690355.A[5]     12 0.0ms
                            $techmap696409$auto$abc9_ops.cc:1552:reintegrate$689926.A[0]      7 0.0ms
                                           ddr3.ddr3_controller_inst.stage1_next_row[11]     10 0.0ms
                            $techmap702231$auto$abc9_ops.cc:1552:reintegrate$688208.A[4]      8 0.0ms
                            $techmap701766$auto$abc9_ops.cc:1552:reintegrate$688294.A[4]      8 0.0ms
                            $techmap701151$auto$abc9_ops.cc:1552:reintegrate$688477.A[4]      8 0.0ms
                                    $techmap699163$abc$687923$lut$aiger687922$45229.A[2]      2 0.0ms
                                    $techmap698994$abc$687923$lut$aiger687922$42834.A[2]     10 0.0ms
                            $techmap698790$auto$abc9_ops.cc:1552:reintegrate$689285.A[1]     10 0.0ms
                                   $techmap703237$abc$687923$lut$not$aiger687922$13126.A     13 0.0ms
                                                ddr3.ddr3_controller_inst.stage1_bank[2]     21 0.0ms
                                    ddr3.ddr3_controller_inst.stage2_data_unaligned[117]      8 0.0ms
                                    ddr3.ddr3_controller_inst.stage2_data_unaligned[103]      7 0.0ms
                            $techmap698098$auto$abc9_ops.cc:1552:reintegrate$689459.A[2]      8 0.0ms
                                                 ddr3.ddr3_controller_inst.stage2_do_act     21 0.0ms
                            $techmap697357$auto$abc9_ops.cc:1552:reintegrate$689673.A[3]      9 0.0ms
                                                                       loader.h_addr[12]     12 0.0ms
                                                                        loader.h_addr[3]     13 0.0ms
                            $techmap696403$auto$abc9_ops.cc:1552:reintegrate$689932.A[0]      8 0.0ms
                            $techmap696408$auto$abc9_ops.cc:1552:reintegrate$689927.A[0]      8 0.0ms
                            $techmap696316$auto$abc9_ops.cc:1552:reintegrate$690016.A[1]     26 0.0ms
                                                ddr3.ddr3_controller_inst.stage2_row[14]     10 0.0ms
                                         ddr3.ddr3_controller_inst.delay_counter_is_zero     20 0.0ms
                                           ddr3.ddr3_controller_inst.added_read_pipe_max     13 0.0ms
                            $techmap702555$auto$abc9_ops.cc:1552:reintegrate$688082.A[4]      8 0.0ms
                            $techmap702516$auto$abc9_ops.cc:1552:reintegrate$688102.A[4]      2 0.0ms
                            $techmap701123$auto$abc9_ops.cc:1552:reintegrate$688486.A[1]     15 0.0ms
                            $techmap699047$auto$abc9_ops.cc:1552:reintegrate$689219.A[0]      9 0.0ms
                                                                         loader.h_len[1]     14 0.0ms
                            $techmap699612$auto$abc9_ops.cc:1552:reintegrate$689065.A[2]     10 0.0ms
                            $techmap702564$auto$abc9_ops.cc:1552:reintegrate$688078.A[2]      9 0.0ms
                            $techmap697489$auto$abc9_ops.cc:1552:reintegrate$689663.A[1]      6 0.0ms
                                     ddr3.ddr3_controller_inst.stage2_data_unaligned[97]      7 0.0ms
                                     ddr3.ddr3_controller_inst.stage2_data_unaligned[39]      6 0.0ms
                                            ddr3.ddr3_controller_inst.dqs_start_index[5]      6 0.0ms
                                     ddr3.ddr3_controller_inst.stage2_data_unaligned[76]      6 0.0ms
                                            $techmap234043$auto$ff.cc:337:slice$134626.D     11 0.0ms
                            $techmap695744$auto$abc9_ops.cc:1552:reintegrate$690462.A[1]     12 0.0ms
                                                                        loader.h_addr[1]     11 0.0ms
                            $techmap696982$auto$abc9_ops.cc:1552:reintegrate$689743.A[4]      8 0.0ms
                            $techmap696681$auto$abc9_ops.cc:1552:reintegrate$689760.A[3]     11 0.0ms
                            $techmap696410$auto$abc9_ops.cc:1552:reintegrate$689925.A[0]      8 0.0ms
                            $techmap696368$auto$abc9_ops.cc:1552:reintegrate$689967.A[0]      7 0.0ms
                                    $techmap695650$abc$687923$lut$aiger687922$26044.A[0]      6 0.0ms
                                            ddr3.ddr3_controller_inst.stage1_next_row[1]     11 0.0ms
                               $abc$687923$auto$opt_dff.cc:251:make_patterns_logic$87428      5 0.0ms
                                    $techmap700106$abc$687923$lut$aiger687922$40049.A[1]     12 0.0ms
                                 ddr3.ddr3_controller_inst.check_test_address_counter[0]     10 0.0ms
                            $techmap701213$auto$abc9_ops.cc:1552:reintegrate$688459.A[3]     16 0.0ms
                                    $techmap697464$abc$687923$lut$aiger687922$29761.A[0]     17 0.0ms
                            $techmap697273$auto$abc9_ops.cc:1552:reintegrate$689688.A[3]     18 0.0ms
                                    $techmap697437$abc$687923$lut$aiger687922$29742.A[1]     13 0.0ms
                                    ddr3.ddr3_controller_inst.stage2_data_unaligned[112]      7 0.0ms
                                     ddr3.ddr3_controller_inst.stage2_data_unaligned[68]      6 0.0ms
                            $techmap695750$auto$abc9_ops.cc:1552:reintegrate$690456.A[1]     12 0.0ms
                            $techmap697015$auto$abc9_ops.cc:1552:reintegrate$689739.A[0]      9 0.0ms
                                                                       loader.h_addr[14]     12 0.0ms
                            $techmap696402$auto$abc9_ops.cc:1552:reintegrate$689933.A[0]      7 0.0ms
                            $techmap696395$auto$abc9_ops.cc:1552:reintegrate$689940.A[0]      7 0.0ms
                            $techmap696392$auto$abc9_ops.cc:1552:reintegrate$689943.A[0]      7 0.0ms
                            $techmap696377$auto$abc9_ops.cc:1552:reintegrate$689958.A[0]      8 0.0ms
                                         ddr3.ddr3_controller_inst.o_wb_ack_read_q[0][0]      5 0.0ms
                                            ddr3.ddr3_controller_inst.stage1_next_row[7]     11 0.0ms
                            $techmap702450$auto$abc9_ops.cc:1552:reintegrate$688132.A[4]      3 0.0ms
                                    $techmap700235$abc$687923$lut$aiger687922$54924.A[1]      3 0.0ms
                            $techmap699928$auto$abc9_ops.cc:1552:reintegrate$688970.A[4]      8 0.0ms
                                    $techmap698401$abc$687923$lut$aiger687922$36783.A[1]     13 0.0ms
                            $techmap698194$auto$abc9_ops.cc:1552:reintegrate$689429.A[1]      8 0.0ms
                                                                        matvec.hq_lo[20]     15 0.0ms
                            $techmap699875$auto$abc9_ops.cc:1552:reintegrate$688990.A[1]      8 0.0ms
                                 ddr3.ddr3_controller_inst.check_test_address_counter[1]     11 0.0ms
                                      ddr3.ddr3_controller_inst.stage2_data_unaligned[7]      7 0.0ms
        $techmap697733$abc$687923$lut\ddr3.ddr3_controller_inst.delay_before_precharge_counter_d[4][2].A[2]     17 0.0ms
                                         ddr3.ddr3_controller_inst.write_pattern_matches      9 0.0ms
                                     ddr3.ddr3_controller_inst.stage2_data_unaligned[80]      8 0.0ms
                                     ddr3.ddr3_controller_inst.stage2_data_unaligned[52]      6 0.0ms
                                     ddr3.ddr3_controller_inst.stage2_data_unaligned[48]      8 0.0ms
                            $techmap695751$auto$abc9_ops.cc:1552:reintegrate$690455.A[1]      8 0.0ms
                            $techmap697660$auto$abc9_ops.cc:1552:reintegrate$689647.A[2]      9 0.0ms
                                                                         master.outst[6]      6 0.0ms
                            $techmap696393$auto$abc9_ops.cc:1552:reintegrate$689942.A[0]      8 0.0ms
                            $techmap696360$auto$abc9_ops.cc:1552:reintegrate$689975.A[0]      8 0.0ms
                                   $auto$alumacc.cc:512:replace_alu$94957.Y[1]$sum$12479     13 0.0ms
                    $techmap705387$abc$687923$lut$flatten\matvec.$0\polls[63:0][15].A[0]      1 0.0ms
                                            ddr3.ddr3_controller_inst.stage1_next_row[5]     11 0.0ms
                                            ddr3.ddr3_controller_inst.stage1_next_row[4]     11 0.0ms
                                            $techmap233272$auto$ff.cc:337:slice$158887.D      9 0.0ms
                               $abc$687923$auto$opt_dff.cc:251:make_patterns_logic$86609      8 0.0ms
                               $abc$687923$auto$opt_dff.cc:251:make_patterns_logic$85555      7 0.0ms
                            $techmap701815$auto$abc9_ops.cc:1552:reintegrate$688286.A[4]      8 0.0ms
                                    $techmap704775$abc$687923$lut$aiger687922$64560.A[3]      1 0.0ms
                            $techmap699937$auto$abc9_ops.cc:1552:reintegrate$688966.A[4]      8 0.0ms
                                    $techmap700111$abc$687923$lut$aiger687922$53768.A[4]     11 0.0ms
                                            ddr3.ddr3_controller_inst.read_lane_data[56]      3 0.0ms
                                         ddr3.ddr3_controller_inst.stage1_next_bank_d[2]     20 0.0ms
                                    $techmap697453$abc$687923$lut$aiger687922$29804.A[2]     15 0.0ms
                                    $techmap697459$abc$687923$lut$aiger687922$29786.A[1]     12 0.0ms
        $techmap697705$abc$687923$lut\ddr3.ddr3_controller_inst.delay_before_precharge_counter_d[3][2].A[2]     17 0.0ms
        $techmap697720$abc$687923$lut\ddr3.ddr3_controller_inst.delay_before_precharge_counter_d[1][2].A[2]     17 0.0ms
                            $techmap698117$auto$abc9_ops.cc:1552:reintegrate$689454.A[0]     10 0.0ms
                            $techmap695748$auto$abc9_ops.cc:1552:reintegrate$690458.A[1]     11 0.0ms
                                    $techmap697074$abc$687923$lut$aiger687922$26214.A[1]      7 0.0ms
                                                                        loader.h_addr[9]     12 0.0ms
                            $techmap695957$auto$abc9_ops.cc:1552:reintegrate$690354.A[3]      6 0.0ms
                            $techmap696979$auto$abc9_ops.cc:1552:reintegrate$689744.A[4]      8 0.0ms
                            $techmap696658$auto$abc9_ops.cc:1552:reintegrate$689781.A[1]      3 0.0ms
                            $techmap696385$auto$abc9_ops.cc:1552:reintegrate$689950.A[0]      7 0.0ms
                            $techmap696369$auto$abc9_ops.cc:1552:reintegrate$689966.A[0]      8 0.0ms
                            $techmap698099$auto$abc9_ops.cc:1552:reintegrate$689458.A[2]      9 0.0ms
                                                ddr3.ddr3_controller_inst.stage2_row[12]     10 0.0ms
                                                 ddr3.ddr3_controller_inst.stage2_row[0]     11 0.0ms
                            $techmap702407$auto$abc9_ops.cc:1552:reintegrate$688147.A[2]      6 0.0ms
                            $techmap699942$auto$abc9_ops.cc:1552:reintegrate$688962.A[1]      8 0.0ms
                            $techmap698866$auto$abc9_ops.cc:1552:reintegrate$689267.A[2]      7 0.0ms
                                                    $abc$687923$lut\matvec.dec0[28].A[5]      6 0.0ms
                            $techmap695900$auto$abc9_ops.cc:1552:reintegrate$690364.A[1]      7 0.0ms
                            $techmap701726$auto$abc9_ops.cc:1552:reintegrate$688306.A[1]      7 0.0ms
                                    $techmap707599$abc$687923$lut$aiger687922$29728.A[1]     12 0.0ms
        $techmap697712$abc$687923$lut\ddr3.ddr3_controller_inst.delay_before_precharge_counter_d[2][2].A[2]     17 0.0ms
                                     ddr3.ddr3_controller_inst.stage2_data_unaligned[74]      5 0.0ms
                            $techmap696522$auto$abc9_ops.cc:1552:reintegrate$689861.A[0]      7 0.0ms
                                                                       loader.h_addr[15]     11 0.0ms
                            $techmap695955$auto$abc9_ops.cc:1552:reintegrate$690355.A[3]      6 0.0ms
                                                                             wr_addr[27]      4 0.0ms
                                    $techmap696927$abc$687923$lut$aiger687922$24450.A[0]      4 0.0ms
                                                                        master.outst[24]      5 0.0ms
                                    $techmap696838$abc$687923$lut$aiger687922$23916.A[3]      2 0.0ms
                            $techmap696394$auto$abc9_ops.cc:1552:reintegrate$689941.A[0]      8 0.0ms
                            $techmap696401$auto$abc9_ops.cc:1552:reintegrate$689934.A[0]      8 0.0ms
                            $techmap696384$auto$abc9_ops.cc:1552:reintegrate$689951.A[0]      8 0.0ms
                                    $techmap695652$abc$687923$lut$aiger687922$24091.A[1]      5 0.0ms
                                              ddr3.ddr3_controller_inst.o_wb_stall_int_q      5 0.0ms
                                                                            ddr3.cmd[20]      5 0.0ms
                            $techmap700236$auto$abc9_ops.cc:1552:reintegrate$688837.A[0]      1 0.0ms
                                            ddr3.ddr3_controller_inst.stage1_next_row[2]     11 0.0ms
                                           ddr3.ddr3_controller_inst.o_wb_data_q[0][111]      1 0.0ms
                                                                         ddr3.toggle_dqs      4 0.0ms
        $techmap707165$abc$687923$lut$auto$opt_dff.cc:251:make_patterns_logic$86795.A[1]     12 0.0ms
                                    $techmap701772$abc$687923$lut$aiger687922$70947.A[4]      8 0.0ms
                            $techmap700554$auto$abc9_ops.cc:1552:reintegrate$688697.A[4]      8 0.0ms
                                    $techmap700343$abc$687923$lut$aiger687922$55870.A[2]      3 0.0ms
                                    $techmap699920$abc$687923$lut$aiger687922$51532.A[1]      3 0.0ms
                            $techmap699543$auto$abc9_ops.cc:1552:reintegrate$689087.A[4]      3 0.0ms
                            $techmap699905$auto$abc9_ops.cc:1552:reintegrate$688982.A[1]      6 0.0ms
                            $techmap699467$auto$abc9_ops.cc:1552:reintegrate$689100.A[2]      8 0.0ms
                            $techmap698645$auto$abc9_ops.cc:1552:reintegrate$689320.A[1]      4 0.0ms
                            $techmap699102$auto$abc9_ops.cc:1552:reintegrate$689199.A[1]      8 0.0ms
                                                                         loader.h_seq[2]      4 0.0ms
                                    $techmap701740$abc$687923$lut$aiger687922$34338.A[0]      9 0.0ms
                                 ddr3.ddr3_controller_inst.check_test_address_counter[4]     12 0.0ms
                                 ddr3.ddr3_controller_inst.check_test_address_counter[2]     12 0.0ms
                                 ddr3.ddr3_controller_inst.check_test_address_counter[5]     10 0.0ms
        $techmap697727$abc$687923$lut\ddr3.ddr3_controller_inst.delay_before_precharge_counter_d[0][2].A[2]     17 0.0ms
                                    ddr3.ddr3_controller_inst.stage2_data_unaligned[126]     11 0.0ms
                                                ddr3.ddr3_controller_inst.stage2_bank[1]     12 0.0ms
                            $techmap695742$auto$abc9_ops.cc:1552:reintegrate$690464.A[1]     10 0.0ms
                                    $techmap697058$abc$687923$lut$aiger687922$26371.A[4]      1 0.0ms
                                                                        matvec.sub_q[13]     18 0.0ms
                                    $techmap696956$abc$687923$lut$aiger687922$24816.A[0]      4 0.0ms
                                                                             wr_addr[29]      4 0.0ms
                                    $techmap695774$abc$687923$lut$aiger687922$24114.A[2]      2 0.0ms
                                    $techmap696854$abc$687923$lut$aiger687922$24328.A[1]      9 0.0ms
                            $techmap696002$auto$abc9_ops.cc:1552:reintegrate$690320.A[0]      2 0.0ms
                               $abc$687923$auto$opt_dff.cc:234:make_patterns_logic$86877     15 0.0ms
                                                 ddr3.ddr3_controller_inst.stage2_row[3]     11 0.0ms
                                            ddr3.ddr3_controller_inst.stage1_next_row[6]     11 0.0ms
                                            ddr3.ddr3_controller_inst.stage1_next_row[3]     11 0.0ms
                                               ddr3.ddr3_phy_inst.shift_bitslip_index[0]      9 0.0ms
                               $abc$687923$auto$opt_dff.cc:251:make_patterns_logic$87332      6 0.0ms
                               $abc$687923$auto$opt_dff.cc:251:make_patterns_logic$87121      2 0.0ms
                            $techmap700831$auto$abc9_ops.cc:1552:reintegrate$688587.A[0]      9 0.0ms
                               $abc$687923$auto$opt_dff.cc:251:make_patterns_logic$84574      7 0.0ms
                            $techmap701162$auto$abc9_ops.cc:1552:reintegrate$688469.A[4]      8 0.0ms
                            $techmap701157$auto$abc9_ops.cc:1552:reintegrate$688473.A[2]      4 0.0ms
                            $techmap701016$auto$abc9_ops.cc:1552:reintegrate$688520.A[2]      3 0.0ms
                            $techmap702165$auto$abc9_ops.cc:1552:reintegrate$688226.A[2]      7 0.0ms
                                    $techmap701641$abc$687923$lut$aiger687922$69282.A[2]      5 0.0ms
                            $techmap699949$auto$abc9_ops.cc:1552:reintegrate$688957.A[1]      6 0.0ms
                                                                         matvec.sub_q[2]     25 0.0ms
                            $techmap698297$auto$abc9_ops.cc:1552:reintegrate$689408.A[2]      9 0.0ms
                            $techmap698785$auto$abc9_ops.cc:1552:reintegrate$689287.A[1]     10 0.0ms
                                                                         loader.h_seq[5]      5 0.0ms
                                                                         loader.h_seq[4]      4 0.0ms
                            $techmap698738$auto$abc9_ops.cc:1552:reintegrate$689297.A[1]      7 0.0ms
                            $techmap701824$auto$abc9_ops.cc:1552:reintegrate$688285.A[1]      6 0.0ms
                                                           ddr3.idelay_dqs_cntvaluein[1]      5 0.0ms
                                      ddr3.ddr3_controller_inst.stage2_data_unaligned[5]      7 0.0ms
                                     ddr3.ddr3_controller_inst.stage2_data_unaligned[33]      7 0.0ms
                            $techmap697531$auto$abc9_ops.cc:1552:reintegrate$689660.A[1]      9 0.0ms
                                    $techmap697502$abc$687923$lut$aiger687922$29888.A[1]      7 0.0ms
                                     ddr3.ddr3_controller_inst.stage2_data_unaligned[84]      6 0.0ms
                                    $techmap697168$abc$687923$lut$aiger687922$27577.A[0]     10 0.0ms
                                    $techmap697059$abc$687923$lut$aiger687922$26410.A[3]      8 0.0ms
                            $techmap695754$auto$abc9_ops.cc:1552:reintegrate$690452.A[1]      7 0.0ms
                            $techmap696606$auto$abc9_ops.cc:1552:reintegrate$689827.A[2]      5 0.0ms
Info: Router2 time 3.30s
Info: Routing $PACKER_VCC_NET connections...
Info:     $PACKER_VCC_NET: 4081/4081 sinks bridged (0 holdouts; max BFS 540)
Info: Routing $PACKER_GND_NET connections...
Info:     $PACKER_GND_NET: 3160/3160 sinks bridged (0 holdouts; max BFS 29938)
Info: Constant holdouts: 1 local constant LUT(s) added, 1 re-route pass(es), 3 don't-care CARRY4 DI pin(s) left unrouted
Info: Running post-routing legalisation...
Info:     BUFHCE pass-through CE: 9 tied to VCC, 0 already driven, 0 could not be reached

Info: Critical path report for clock 'clk_ctrl' (posedge -> posedge):
Info: curr total
Info:  0.1  0.1  Source $auto$ff.cc:337:slice$156760.Q
Info:  0.6  0.7    Net $techmap695949$abc$687923$lut$aiger687922$24027.A[3] budget 0.000000 ns (190,6) -> (190,8)
Info:                Sink $abc$687923$lut$aiger687922$24027.A1
Info:  0.1  0.9  Source $abc$687923$lut$aiger687922$24027.O6
Info:  0.7  1.6    Net $techmap695950$abc$687923$lut$aiger687922$25143.A[1] budget 0.000000 ns (190,8) -> (190,11)
Info:                Sink $abc$687923$lut$aiger687922$25143.A1
Info:  0.1  1.7  Source $abc$687923$lut$aiger687922$25143.O6
Info:  0.7  2.4    Net $techmap695955$auto$abc9_ops.cc:1552:reintegrate$690355.A[3] budget 0.000000 ns (190,11) -> (193,14)
Info:                Sink $abc$687923$lut$aiger687922$25180.A6
Info:  0.1  2.5  Source $abc$687923$lut$aiger687922$25180.O6
Info:  1.5  4.0    Net $techmap695957$auto$abc9_ops.cc:1552:reintegrate$690354.A[3] budget 0.000000 ns (193,14) -> (197,30)
Info:                Sink $abc$687923$lut$auto$opt_dff.cc:251:make_patterns_logic$84705.A3
Info:  0.1  4.1  Source $abc$687923$lut$auto$opt_dff.cc:251:make_patterns_logic$84705.O6
Info:  0.9  5.0    Net $techmap695970$auto$abc9_ops.cc:1552:reintegrate$690346.A[2] budget 0.000000 ns (197,30) -> (197,35)
Info:                Sink $auto$abc9_ops.cc:1552:reintegrate$690345.A4
Info:  0.1  5.2  Source $auto$abc9_ops.cc:1552:reintegrate$690345.O6
Info:  0.7  5.8    Net $techmap695975$auto$abc9_ops.cc:1552:reintegrate$690341.A[2] budget 0.000000 ns (197,35) -> (198,33)
Info:                Sink $techmap695975$auto$abc9_ops.cc:1552:reintegrate$690341.A[2]$LUT$11020.A3
Info:  0.1  5.9  Source $techmap695975$auto$abc9_ops.cc:1552:reintegrate$690341.A[2]$LUT$11020.O6
Info:  0.0  5.9    Net $techmap695975$auto$abc9_ops.cc:1552:reintegrate$690341.A[2]$legal$11019 budget 0.036000 ns (198,33) -> (198,33)
Info:                Sink $auto$alumacc.cc:512:replace_alu$95580.genblk1.slice[1].genblk1.carry4.S1
Info:  0.5  6.5  Source $auto$alumacc.cc:512:replace_alu$95580.genblk1.slice[1].genblk1.carry4.CO3
Info:  0.1  6.6    Net $abc$687923$aiger687922$15620 budget 0.196000 ns (198,33) -> (198,32)
Info:                Sink $auto$alumacc.cc:512:replace_alu$95580.genblk1.slice[2].genblk1.carry4.CIN
Info:  0.2  6.8  Source $auto$alumacc.cc:512:replace_alu$95580.genblk1.slice[2].genblk1.carry4.O0
Info:  0.2  6.9    Net $techmap695986$auto$abc9_ops.cc:1552:reintegrate$690334.A[3] budget 0.000000 ns (198,32) -> (198,32)
Info:                Sink $auto$abc9_ops.cc:1552:reintegrate$690334.A3
Info:  0.1  7.1  Source $auto$abc9_ops.cc:1552:reintegrate$690334.O6
Info:  0.7  7.7    Net $techmap695988$auto$abc9_ops.cc:1552:reintegrate$690333.A[1] budget 0.000000 ns (198,32) -> (201,33)
Info:                Sink $auto$abc9_ops.cc:1552:reintegrate$690333.A5
Info:  0.1  7.9  Source $auto$abc9_ops.cc:1552:reintegrate$690333.O6
Info:  0.2  8.0    Net $abc$687923$aiger687922$51636b budget 0.000000 ns (201,33) -> (201,33)
Info:                Sink $abc$687923$aiger687922$51636b$LUT$7380.A3
Info:  0.1  8.1  Source $abc$687923$aiger687922$51636b$LUT$7380.O6
Info:  0.0  8.1    Net $abc$687923$aiger687922$51636b$legal$7379 budget -0.095000 ns (201,33) -> (201,33)
Info:                Sink $auto$alumacc.cc:512:replace_alu$95355.genblk1.slice[2].genblk1.carry4.S0
Info:  0.4  8.5  Source $auto$alumacc.cc:512:replace_alu$95355.genblk1.slice[2].genblk1.carry4.O1
Info:  0.6  9.1    Net $techmap696015$auto$abc9_ops.cc:1552:reintegrate$690307.A[1] budget 0.000000 ns (201,33) -> (197,33)
Info:                Sink $auto$abc9_ops.cc:1552:reintegrate$690307.A2
Info:  0.1  9.2  Source $auto$abc9_ops.cc:1552:reintegrate$690307.O6
Info:  0.7  9.9    Net $abc$687923$aiger687922$51642b budget 0.000000 ns (197,33) -> (197,36)
Info:                Sink $abc$687923$aiger687922$51642b$LUT$7414.A3
Info:  0.1 10.1  Source $abc$687923$aiger687922$51642b$LUT$7414.O6
Info:  0.0 10.1    Net $abc$687923$aiger687922$51642b$legal$7413 budget 0.065000 ns (197,36) -> (197,36)
Info:                Sink $auto$alumacc.cc:512:replace_alu$95358.genblk1.slice[2].genblk1.carry4.S1
Info:  0.2 10.3  Source $auto$alumacc.cc:512:replace_alu$95358.genblk1.slice[2].genblk1.carry4.O1
Info:  0.2 10.4    Net $techmap696042$auto$abc9_ops.cc:1552:reintegrate$690281.A[1] budget 0.000000 ns (197,36) -> (197,36)
Info:                Sink $auto$abc9_ops.cc:1552:reintegrate$690281.A4
Info:  0.1 10.5  Source $auto$abc9_ops.cc:1552:reintegrate$690281.O6
Info:  1.5 12.1    Net $abc$687923$aiger687922$51648b budget 0.000000 ns (197,36) -> (206,46)
Info:                Sink $abc$687923$aiger687922$51648b$LUT$7446.A4
Info:  0.1 12.2  Source $abc$687923$aiger687922$51648b$LUT$7446.O6
Info:  0.0 12.2    Net $abc$687923$aiger687922$51648b$legal$7445 budget 0.065000 ns (206,46) -> (206,46)
Info:                Sink $auto$alumacc.cc:512:replace_alu$95361.genblk1.slice[2].genblk1.carry4.S1
Info:  0.6 12.7  Source $auto$alumacc.cc:512:replace_alu$95361.genblk1.slice[2].genblk1.carry4.O2
Info:  0.7 13.4    Net $techmap696070$auto$abc9_ops.cc:1552:reintegrate$690254.A[1] budget 0.000000 ns (206,46) -> (201,46)
Info:                Sink $auto$abc9_ops.cc:1552:reintegrate$690254.A4
Info:  0.1 13.5  Source $auto$abc9_ops.cc:1552:reintegrate$690254.O6
Info:  0.8 14.4    Net $abc$687923$aiger687922$51657b budget 0.000000 ns (201,46) -> (197,48)
Info:                Sink $abc$687923$aiger687922$51657b$LUT$7480.A5
Info:  0.1 14.5  Source $abc$687923$aiger687922$51657b$LUT$7480.O6
Info:  0.0 14.5    Net $abc$687923$aiger687922$51657b$legal$7479 budget 0.076000 ns (197,48) -> (197,48)
Info:                Sink $auto$alumacc.cc:512:replace_alu$95364.genblk1.slice[2].genblk1.carry4.S2
Info:  0.2 14.7  Source $auto$alumacc.cc:512:replace_alu$95364.genblk1.slice[2].genblk1.carry4.O2
Info:  0.2 14.9    Net $techmap696098$auto$abc9_ops.cc:1552:reintegrate$690227.A[1] budget 0.000000 ns (197,48) -> (197,48)
Info:                Sink $auto$abc9_ops.cc:1552:reintegrate$690227.A3
Info:  0.1 15.0  Source $auto$abc9_ops.cc:1552:reintegrate$690227.O6
Info:  1.6 16.6    Net $abc$687923$aiger687922$51666b budget 0.000000 ns (197,48) -> (193,28)
Info:                Sink $abc$687923$aiger687922$51666b$LUT$7510.A1
Info:  0.1 16.7  Source $abc$687923$aiger687922$51666b$LUT$7510.O6
Info:  0.0 16.7    Net $abc$687923$aiger687922$51666b$legal$7509 budget 0.076000 ns (193,28) -> (193,28)
Info:                Sink $auto$alumacc.cc:512:replace_alu$95367.genblk1.slice[2].genblk1.carry4.S2
Info:  0.2 16.9  Source $auto$alumacc.cc:512:replace_alu$95367.genblk1.slice[2].genblk1.carry4.O2
Info:  1.0 17.9    Net $techmap696126$auto$abc9_ops.cc:1552:reintegrate$690200.A[1] budget 0.000000 ns (193,28) -> (193,35)
Info:                Sink $auto$abc9_ops.cc:1552:reintegrate$690200.A3
Info:  0.1 18.1  Source $auto$abc9_ops.cc:1552:reintegrate$690200.O6
Info:  0.3 18.4    Net $abc$687923$aiger687922$51675b budget 0.000000 ns (193,35) -> (193,35)
Info:                Sink $abc$687923$aiger687922$51675b$LUT$7540.A2
Info:  0.1 18.5  Source $abc$687923$aiger687922$51675b$LUT$7540.O6
Info:  0.0 18.5    Net $abc$687923$aiger687922$51675b$legal$7539 budget 0.076000 ns (193,35) -> (193,35)
Info:                Sink $auto$alumacc.cc:512:replace_alu$95370.genblk1.slice[2].genblk1.carry4.S2
Info:  0.2 18.7  Source $auto$alumacc.cc:512:replace_alu$95370.genblk1.slice[2].genblk1.carry4.O2
Info:  0.9 19.6    Net $techmap696146$auto$abc9_ops.cc:1552:reintegrate$690181.A[1] budget 0.000000 ns (193,35) -> (194,45)
Info:                Sink $auto$abc9_ops.cc:1552:reintegrate$690181.A2
Info:  0.1 19.7  Source $auto$abc9_ops.cc:1552:reintegrate$690181.O6
Info:  0.6 20.3    Net $abc$687923$aiger687922$51684b budget 0.000000 ns (194,45) -> (197,45)
Info:                Sink $abc$687923$aiger687922$51684b$LUT$7570.A5
Info:  0.1 20.5  Source $abc$687923$aiger687922$51684b$LUT$7570.O6
Info:  0.0 20.5    Net $abc$687923$aiger687922$51684b$legal$7569 budget 0.076000 ns (197,45) -> (197,45)
Info:                Sink $auto$alumacc.cc:512:replace_alu$95373.genblk1.slice[2].genblk1.carry4.S2
Info:  0.3 20.8  Source $auto$alumacc.cc:512:replace_alu$95373.genblk1.slice[2].genblk1.carry4.O3
Info:  0.8 21.6    Net $techmap696316$auto$abc9_ops.cc:1552:reintegrate$690016.A[1] budget 0.000000 ns (197,45) -> (193,47)
Info:                Sink $auto$abc9_ops.cc:1552:reintegrate$690016.A4
Info:  0.1 21.7  Source $auto$abc9_ops.cc:1552:reintegrate$690016.O6
Info:  0.0 21.7    Net $abc$687923$aiger687922$51696b budget 0.082000 ns (193,47) -> (193,47)
Info:                Sink $auto$alumacc.cc:512:replace_alu$95484.genblk1.slice[2].genblk1.carry4.S3
Info:  0.4 22.1  Source $auto$alumacc.cc:512:replace_alu$95484.genblk1.slice[2].genblk1.carry4.CO3
Info:  0.1 22.2    Net $abc$687923$aiger687922$17828 budget 0.195000 ns (193,47) -> (193,46)
Info:                Sink $auto$alumacc.cc:512:replace_alu$95484.genblk1.slice[3].genblk1.carry4.CIN
Info:  0.1 22.3  Source $auto$alumacc.cc:512:replace_alu$95484.genblk1.slice[3].genblk1.carry4.CO3
Info:  0.1 22.4    Net $abc$687923$aiger687922$17840 budget 0.195000 ns (193,46) -> (193,45)
Info:                Sink $auto$alumacc.cc:512:replace_alu$95484.genblk1.slice[4].genblk1.carry4.CIN
Info:  0.1 22.5  Source $auto$alumacc.cc:512:replace_alu$95484.genblk1.slice[4].genblk1.carry4.CO3
Info:  0.1 22.7    Net $abc$687923$aiger687922$17852 budget 0.195000 ns (193,45) -> (193,44)
Info:                Sink $auto$alumacc.cc:512:replace_alu$95484.genblk1.slice[5].genblk1.carry4.CIN
Info:  0.2 22.9  Source $auto$alumacc.cc:512:replace_alu$95484.genblk1.slice[5].genblk1.carry4.O0
Info:  0.9 23.8    Net $techmap700849$auto$abc9_ops.cc:1552:reintegrate$688572.A[4] budget 0.000000 ns (193,44) -> (190,48)
Info:                Sink $auto$abc9_ops.cc:1552:reintegrate$688572.A3
Info:  0.1 24.0  Source $auto$abc9_ops.cc:1552:reintegrate$688572.O6
Info:  0.0 24.0    Net $techmap233574$auto$ff.cc:337:slice$156589.D budget -0.068000 ns (190,48) -> (190,48)
Info:                Sink $auto$ff.cc:337:slice$156589.D
Info:  0.1 24.1  Setup $auto$ff.cc:337:slice$156589.D
Info: 6.8 ns logic, 17.3 ns routing

Info: Max frequency for clock 'clk_ctrl': 41.54 MHz (PASS at 40.00 MHz)

Info: Slack histogram:
Info:  legend: * represents 69 endpoint(s)
Info:          + represents [1,69) endpoint(s)
Info: [   924,   2111) |+
Info: [  2111,   3298) |+
Info: [  3298,   4485) |+
Info: [  4485,   5672) |+
Info: [  5672,   6859) |+
Info: [  6859,   8046) |+
Info: [  8046,   9233) |**+
Info: [  9233,  10420) |***+
Info: [ 10420,  11607) |*+
Info: [ 11607,  12794) |***+
Info: [ 12794,  13981) |*********+
Info: [ 13981,  15168) |************+
Info: [ 15168,  16355) |********************+
Info: [ 16355,  17542) |************************+
Info: [ 17542,  18729) |***************************************+
Info: [ 18729,  19916) |************************************************************ 
Info: [ 19916,  21103) |******************************************+
Info: [ 21103,  22290) |*******************************+
Info: [ 22290,  23477) |*****************+
Info: [ 23477,  24664) |*****************+

