Info: Propagating clock constraints...
Info:     derived 200.0 MHz for net 'clk200_in' (through IBUFDS 'clk200_ibufds')
Info:     PLLE2_ADV 'pll': input 200.0 MHz, VCO 1000.0 MHz
Info:     derived 83.3 MHz for net 'ctrl_raw' (through PLLE2_ADV 'pll')
Info:     derived 333.3 MHz for net 'ddr_raw' (through PLLE2_ADV 'pll')
Info:     derived 200.0 MHz for net 'ref_raw' (through PLLE2_ADV 'pll')
Info:     derived 333.3 MHz for net 'ddr90_raw' (through PLLE2_ADV 'pll')
Info:     derived 1000.0 MHz for net 'pll_fb' (through PLLE2_ADV 'pll')
Info:     PLLE2_ADV 'pll': input 200.0 MHz, VCO 1000.0 MHz
Info: Packing constants..
Info: Inserting IO buffers..
Info:     IO port 'clk200_n' driven by IBUFDS 'clk200_ibufds'
Info:     IO port 'clk200_p' driven by IBUFDS 'clk200_ibufds'
Info:     IO port 'ddr3_cas_n' driven by OBUF '$iopadmap$tms_ddr3_ax7203.ddr3_cas_n'
Info:     IO port 'ddr3_ck_n' driven by OBUFDS 'ddr3.ddr3_phy_inst.genblk4.genblk1.OBUFDS_inst'
Info:     IO port 'ddr3_ck_p' driven by OBUFDS 'ddr3.ddr3_phy_inst.genblk4.genblk1.OBUFDS_inst'
Info:     IO port 'ddr3_cke' driven by OBUF '$iopadmap$tms_ddr3_ax7203.ddr3_cke'
Info:     IO port 'ddr3_cs_n' driven by OBUF '$iopadmap$tms_ddr3_ax7203.ddr3_cs_n'
Info:     IO port 'ddr3_odt' driven by OBUF '$iopadmap$tms_ddr3_ax7203.ddr3_odt'
Info:     IO port 'ddr3_ras_n' driven by OBUF '$iopadmap$tms_ddr3_ax7203.ddr3_ras_n'
Info:     IO port 'ddr3_reset_n' driven by OBUF '$iopadmap$tms_ddr3_ax7203.ddr3_reset_n'
Info:     IO port 'ddr3_we_n' driven by OBUF '$iopadmap$tms_ddr3_ax7203.ddr3_we_n'
Info:     IO port 'rst_n' driven by IBUF '$iopadmap$tms_ddr3_ax7203.rst_n'
Info:     IO port 'uart_tx' driven by OBUF '$iopadmap$tms_ddr3_ax7203.uart_tx'
Info:     IO port 'ddr3_addr[0]' driven by OBUF '$iopadmap$tms_ddr3_ax7203.ddr3_addr'
Info:     IO port 'ddr3_addr[1]' driven by OBUF '$iopadmap$tms_ddr3_ax7203.ddr3_addr_1'
Info:     IO port 'ddr3_addr[10]' driven by OBUF '$iopadmap$tms_ddr3_ax7203.ddr3_addr_10'
Info:     IO port 'ddr3_addr[11]' driven by OBUF '$iopadmap$tms_ddr3_ax7203.ddr3_addr_11'
Info:     IO port 'ddr3_addr[12]' driven by OBUF '$iopadmap$tms_ddr3_ax7203.ddr3_addr_12'
Info:     IO port 'ddr3_addr[13]' driven by OBUF '$iopadmap$tms_ddr3_ax7203.ddr3_addr_13'
Info:     IO port 'ddr3_addr[14]' driven by OBUF '$iopadmap$tms_ddr3_ax7203.ddr3_addr_14'
Info:     IO port 'ddr3_addr[2]' driven by OBUF '$iopadmap$tms_ddr3_ax7203.ddr3_addr_2'
Info:     IO port 'ddr3_addr[3]' driven by OBUF '$iopadmap$tms_ddr3_ax7203.ddr3_addr_3'
Info:     IO port 'ddr3_addr[4]' driven by OBUF '$iopadmap$tms_ddr3_ax7203.ddr3_addr_4'
Info:     IO port 'ddr3_addr[5]' driven by OBUF '$iopadmap$tms_ddr3_ax7203.ddr3_addr_5'
Info:     IO port 'ddr3_addr[6]' driven by OBUF '$iopadmap$tms_ddr3_ax7203.ddr3_addr_6'
Info:     IO port 'ddr3_addr[7]' driven by OBUF '$iopadmap$tms_ddr3_ax7203.ddr3_addr_7'
Info:     IO port 'ddr3_addr[8]' driven by OBUF '$iopadmap$tms_ddr3_ax7203.ddr3_addr_8'
Info:     IO port 'ddr3_addr[9]' driven by OBUF '$iopadmap$tms_ddr3_ax7203.ddr3_addr_9'
Info:     IO port 'ddr3_ba[0]' driven by OBUF '$iopadmap$tms_ddr3_ax7203.ddr3_ba'
Info:     IO port 'ddr3_ba[1]' driven by OBUF '$iopadmap$tms_ddr3_ax7203.ddr3_ba_1'
Info:     IO port 'ddr3_ba[2]' driven by OBUF '$iopadmap$tms_ddr3_ax7203.ddr3_ba_2'
Info:     IO port 'led[0]' driven by OBUF '$iopadmap$tms_ddr3_ax7203.led'
Info:     IO port 'led[1]' driven by OBUF '$iopadmap$tms_ddr3_ax7203.led_1'
Info:     IO port 'led[2]' driven by OBUF '$iopadmap$tms_ddr3_ax7203.led_2'
Info:     IO port 'led[3]' driven by OBUF '$iopadmap$tms_ddr3_ax7203.led_3'
Info:     IO port 'ddr3_dq[0]' driven by IOBUF 'ddr3.ddr3_phy_inst.genblk5[0].genblk1.IOBUF_data'
Info:     IO port 'ddr3_dq[10]' driven by IOBUF 'ddr3.ddr3_phy_inst.genblk5[10].genblk1.IOBUF_data'
Info:     IO port 'ddr3_dq[11]' driven by IOBUF 'ddr3.ddr3_phy_inst.genblk5[11].genblk1.IOBUF_data'
Info:     IO port 'ddr3_dq[12]' driven by IOBUF 'ddr3.ddr3_phy_inst.genblk5[12].genblk1.IOBUF_data'
Info:     IO port 'ddr3_dq[13]' driven by IOBUF 'ddr3.ddr3_phy_inst.genblk5[13].genblk1.IOBUF_data'
Info:     IO port 'ddr3_dq[14]' driven by IOBUF 'ddr3.ddr3_phy_inst.genblk5[14].genblk1.IOBUF_data'
Info:     IO port 'ddr3_dq[15]' driven by IOBUF 'ddr3.ddr3_phy_inst.genblk5[15].genblk1.IOBUF_data'
Info:     IO port 'ddr3_dq[16]' driven by IOBUF 'ddr3.ddr3_phy_inst.genblk5[16].genblk1.IOBUF_data'
Info:     IO port 'ddr3_dq[17]' driven by IOBUF 'ddr3.ddr3_phy_inst.genblk5[17].genblk1.IOBUF_data'
Info:     IO port 'ddr3_dq[18]' driven by IOBUF 'ddr3.ddr3_phy_inst.genblk5[18].genblk1.IOBUF_data'
Info:     IO port 'ddr3_dq[19]' driven by IOBUF 'ddr3.ddr3_phy_inst.genblk5[19].genblk1.IOBUF_data'
Info:     IO port 'ddr3_dq[1]' driven by IOBUF 'ddr3.ddr3_phy_inst.genblk5[1].genblk1.IOBUF_data'
Info:     IO port 'ddr3_dq[20]' driven by IOBUF 'ddr3.ddr3_phy_inst.genblk5[20].genblk1.IOBUF_data'
Info:     IO port 'ddr3_dq[21]' driven by IOBUF 'ddr3.ddr3_phy_inst.genblk5[21].genblk1.IOBUF_data'
Info:     IO port 'ddr3_dq[22]' driven by IOBUF 'ddr3.ddr3_phy_inst.genblk5[22].genblk1.IOBUF_data'
Info:     IO port 'ddr3_dq[23]' driven by IOBUF 'ddr3.ddr3_phy_inst.genblk5[23].genblk1.IOBUF_data'
Info:     IO port 'ddr3_dq[24]' driven by IOBUF 'ddr3.ddr3_phy_inst.genblk5[24].genblk1.IOBUF_data'
Info:     IO port 'ddr3_dq[25]' driven by IOBUF 'ddr3.ddr3_phy_inst.genblk5[25].genblk1.IOBUF_data'
Info:     IO port 'ddr3_dq[26]' driven by IOBUF 'ddr3.ddr3_phy_inst.genblk5[26].genblk1.IOBUF_data'
Info:     IO port 'ddr3_dq[27]' driven by IOBUF 'ddr3.ddr3_phy_inst.genblk5[27].genblk1.IOBUF_data'
Info:     IO port 'ddr3_dq[28]' driven by IOBUF 'ddr3.ddr3_phy_inst.genblk5[28].genblk1.IOBUF_data'
Info:     IO port 'ddr3_dq[29]' driven by IOBUF 'ddr3.ddr3_phy_inst.genblk5[29].genblk1.IOBUF_data'
Info:     IO port 'ddr3_dq[2]' driven by IOBUF 'ddr3.ddr3_phy_inst.genblk5[2].genblk1.IOBUF_data'
Info:     IO port 'ddr3_dq[30]' driven by IOBUF 'ddr3.ddr3_phy_inst.genblk5[30].genblk1.IOBUF_data'
Info:     IO port 'ddr3_dq[31]' driven by IOBUF 'ddr3.ddr3_phy_inst.genblk5[31].genblk1.IOBUF_data'
Info:     IO port 'ddr3_dq[3]' driven by IOBUF 'ddr3.ddr3_phy_inst.genblk5[3].genblk1.IOBUF_data'
Info:     IO port 'ddr3_dq[4]' driven by IOBUF 'ddr3.ddr3_phy_inst.genblk5[4].genblk1.IOBUF_data'
Info:     IO port 'ddr3_dq[5]' driven by IOBUF 'ddr3.ddr3_phy_inst.genblk5[5].genblk1.IOBUF_data'
Info:     IO port 'ddr3_dq[6]' driven by IOBUF 'ddr3.ddr3_phy_inst.genblk5[6].genblk1.IOBUF_data'
Info:     IO port 'ddr3_dq[7]' driven by IOBUF 'ddr3.ddr3_phy_inst.genblk5[7].genblk1.IOBUF_data'
Info:     IO port 'ddr3_dq[8]' driven by IOBUF 'ddr3.ddr3_phy_inst.genblk5[8].genblk1.IOBUF_data'
Info:     IO port 'ddr3_dq[9]' driven by IOBUF 'ddr3.ddr3_phy_inst.genblk5[9].genblk1.IOBUF_data'
Info:     IO port 'ddr3_dm[0]' driven by OBUF 'ddr3.ddr3_phy_inst.genblk6[0].genblk1.OBUF_dm'
Info:     IO port 'ddr3_dm[1]' driven by OBUF 'ddr3.ddr3_phy_inst.genblk6[1].genblk1.OBUF_dm'
Info:     IO port 'ddr3_dm[2]' driven by OBUF 'ddr3.ddr3_phy_inst.genblk6[2].genblk1.OBUF_dm'
Info:     IO port 'ddr3_dm[3]' driven by OBUF 'ddr3.ddr3_phy_inst.genblk6[3].genblk1.OBUF_dm'
Info:     IO port 'ddr3_dqs_p[0]' driven by IOBUFDS 'ddr3.ddr3_phy_inst.genblk7[0].genblk1.IOBUFDS_dqs'
Info:     IO port 'ddr3_dqs_n[0]' driven by IOBUFDS 'ddr3.ddr3_phy_inst.genblk7[0].genblk1.IOBUFDS_dqs'
Info:     IO port 'ddr3_dqs_p[1]' driven by IOBUFDS 'ddr3.ddr3_phy_inst.genblk7[1].genblk1.IOBUFDS_dqs'
Info:     IO port 'ddr3_dqs_n[1]' driven by IOBUFDS 'ddr3.ddr3_phy_inst.genblk7[1].genblk1.IOBUFDS_dqs'
Info:     IO port 'ddr3_dqs_p[2]' driven by IOBUFDS 'ddr3.ddr3_phy_inst.genblk7[2].genblk1.IOBUFDS_dqs'
Info:     IO port 'ddr3_dqs_n[2]' driven by IOBUFDS 'ddr3.ddr3_phy_inst.genblk7[2].genblk1.IOBUFDS_dqs'
Info:     IO port 'ddr3_dqs_p[3]' driven by IOBUFDS 'ddr3.ddr3_phy_inst.genblk7[3].genblk1.IOBUFDS_dqs'
Info:     IO port 'ddr3_dqs_n[3]' driven by IOBUFDS 'ddr3.ddr3_phy_inst.genblk7[3].genblk1.IOBUFDS_dqs'
Info:     Constraining 'clk200_n' to site 'IOB_X1Y123'
Info:     Tile 'RIOB33_X105Y123'
Info:     Constraining 'clk200_p' to site 'IOB_X1Y124'
Info:     Tile 'RIOB33_X105Y123'
Info:     Constraining 'ddr3_cas_n' to site 'IOB_X1Y125'
Info:     Tile 'RIOB33_X105Y125'
Info:     Constraining 'ddr3_ck_n' to site 'IOB_X1Y143'
Info:     Tile 'RIOB33_X105Y143'
Info:     Constraining 'ddr3_ck_p' to site 'IOB_X1Y144'
Info:     Tile 'RIOB33_X105Y143'
Info:     Constraining 'ddr3_cke' to site 'IOB_X1Y122'
Info:     Tile 'RIOB33_X105Y121'
Info:     Constraining 'ddr3_cs_n' to site 'IOB_X1Y134'
Info:     Tile 'RIOB33_X105Y133'
Info:     Constraining 'ddr3_odt' to site 'IOB_X1Y121'
Info:     Tile 'RIOB33_X105Y121'
Info:     Constraining 'ddr3_ras_n' to site 'IOB_X1Y126'
Info:     Tile 'RIOB33_X105Y125'
Info:     Constraining 'ddr3_reset_n' to site 'IOB_X1Y120'
Info:     Tile 'RIOB33_X105Y119'
Info:     Constraining 'ddr3_we_n' to site 'IOB_X1Y136'
Info:     Tile 'RIOB33_X105Y135'
Info:     Constraining 'rst_n' to site 'IOB_X1Y115'
Info:     Tile 'RIOB33_X105Y115'
Info:     Constraining 'uart_tx' to site 'IOB_X0Y100'
Info:     Tile 'LIOB33_SING_X0Y100'
Info:     Constraining 'ddr3_addr[0]' to site 'IOB_X1Y127'
Info:     Tile 'RIOB33_X105Y127'
Info:     Constraining 'ddr3_addr[1]' to site 'IOB_X1Y133'
Info:     Tile 'RIOB33_X105Y133'
Info:     Constraining 'ddr3_addr[10]' to site 'IOB_X1Y139'
Info:     Tile 'RIOB33_X105Y139'
Info:     Constraining 'ddr3_addr[11]' to site 'IOB_X1Y142'
Info:     Tile 'RIOB33_X105Y141'
Info:     Constraining 'ddr3_addr[12]' to site 'IOB_X1Y141'
Info:     Tile 'RIOB33_X105Y141'
Info:     Constraining 'ddr3_addr[13]' to site 'IOB_X1Y147'
Info:     Tile 'RIOB33_X105Y147'
Info:     Constraining 'ddr3_addr[14]' to site 'IOB_X1Y137'
Info:     Tile 'RIOB33_X105Y137'
Info:     Constraining 'ddr3_addr[2]' to site 'IOB_X1Y130'
Info:     Tile 'RIOB33_X105Y129'
Info:     Constraining 'ddr3_addr[3]' to site 'IOB_X1Y129'
Info:     Tile 'RIOB33_X105Y129'
Info:     Constraining 'ddr3_addr[4]' to site 'IOB_X1Y135'
Info:     Tile 'RIOB33_X105Y135'
Info:     Constraining 'ddr3_addr[5]' to site 'IOB_X1Y138'
Info:     Tile 'RIOB33_X105Y137'
Info:     Constraining 'ddr3_addr[6]' to site 'IOB_X1Y140'
Info:     Tile 'RIOB33_X105Y139'
Info:     Constraining 'ddr3_addr[7]' to site 'IOB_X1Y148'
Info:     Tile 'RIOB33_X105Y147'
Info:     Constraining 'ddr3_addr[8]' to site 'IOB_X1Y145'
Info:     Tile 'RIOB33_X105Y145'
Info:     Constraining 'ddr3_addr[9]' to site 'IOB_X1Y146'
Info:     Tile 'RIOB33_X105Y145'
Info:     Constraining 'ddr3_ba[0]' to site 'IOB_X1Y131'
Info:     Tile 'RIOB33_X105Y131'
Info:     Constraining 'ddr3_ba[1]' to site 'IOB_X1Y132'
Info:     Tile 'RIOB33_X105Y131'
Info:     Constraining 'ddr3_ba[2]' to site 'IOB_X1Y128'
Info:     Tile 'RIOB33_X105Y127'
Info:     Constraining 'led[0]' to site 'IOB_X0Y233'
Info:     Tile 'LIOB33_X0Y233'
Info:     Constraining 'led[1]' to site 'IOB_X0Y234'
Info:     Tile 'LIOB33_X0Y233'
Info:     Constraining 'led[2]' to site 'IOB_X0Y238'
Info:     Tile 'LIOB33_X0Y237'
Info:     Constraining 'led[3]' to site 'IOB_X0Y237'
Info:     Tile 'LIOB33_X0Y237'
Info:     Constraining 'ddr3_dq[0]' to site 'IOB_X1Y196'
Info:     Tile 'RIOB33_X105Y195'
Info:     Constraining 'ddr3_dq[10]' to site 'IOB_X1Y184'
Info:     Tile 'RIOB33_X105Y183'
Info:     Constraining 'ddr3_dq[11]' to site 'IOB_X1Y179'
Info:     Tile 'RIOB33_X105Y179'
Info:     Constraining 'ddr3_dq[12]' to site 'IOB_X1Y185'
Info:     Tile 'RIOB33_X105Y185'
Info:     Constraining 'ddr3_dq[13]' to site 'IOB_X1Y180'
Info:     Tile 'RIOB33_X105Y179'
Info:     Constraining 'ddr3_dq[14]' to site 'IOB_X1Y186'
Info:     Tile 'RIOB33_X105Y185'
Info:     Constraining 'ddr3_dq[15]' to site 'IOB_X1Y176'
Info:     Tile 'RIOB33_X105Y175'
Info:     Constraining 'ddr3_dq[16]' to site 'IOB_X1Y163'
Info:     Tile 'RIOB33_X105Y163'
Info:     Constraining 'ddr3_dq[17]' to site 'IOB_X1Y168'
Info:     Tile 'RIOB33_X105Y167'
Info:     Constraining 'ddr3_dq[18]' to site 'IOB_X1Y172'
Info:     Tile 'RIOB33_X105Y171'
Info:     Constraining 'ddr3_dq[19]' to site 'IOB_X1Y165'
Info:     Tile 'RIOB33_X105Y165'
Info:     Constraining 'ddr3_dq[1]' to site 'IOB_X1Y190'
Info:     Tile 'RIOB33_X105Y189'
Info:     Constraining 'ddr3_dq[20]' to site 'IOB_X1Y171'
Info:     Tile 'RIOB33_X105Y171'
Info:     Constraining 'ddr3_dq[21]' to site 'IOB_X1Y166'
Info:     Tile 'RIOB33_X105Y165'
Info:     Constraining 'ddr3_dq[22]' to site 'IOB_X1Y173'
Info:     Tile 'RIOB33_X105Y173'
Info:     Constraining 'ddr3_dq[23]' to site 'IOB_X1Y164'
Info:     Tile 'RIOB33_X105Y163'
Info:     Constraining 'ddr3_dq[24]' to site 'IOB_X1Y159'
Info:     Tile 'RIOB33_X105Y159'
Info:     Constraining 'ddr3_dq[25]' to site 'IOB_X1Y162'
Info:     Tile 'RIOB33_X105Y161'
Info:     Constraining 'ddr3_dq[26]' to site 'IOB_X1Y160'
Info:     Tile 'RIOB33_X105Y159'
Info:     Constraining 'ddr3_dq[27]' to site 'IOB_X1Y155'
Info:     Tile 'RIOB33_X105Y155'
Info:     Constraining 'ddr3_dq[28]' to site 'IOB_X1Y154'
Info:     Tile 'RIOB33_X105Y153'
Info:     Constraining 'ddr3_dq[29]' to site 'IOB_X1Y151'
Info:     Tile 'RIOB33_X105Y151'
Info:     Constraining 'ddr3_dq[2]' to site 'IOB_X1Y197'
Info:     Tile 'RIOB33_X105Y197'
Info:     Constraining 'ddr3_dq[30]' to site 'IOB_X1Y152'
Info:     Tile 'RIOB33_X105Y151'
Info:     Constraining 'ddr3_dq[31]' to site 'IOB_X1Y156'
Info:     Tile 'RIOB33_X105Y155'
Info:     Constraining 'ddr3_dq[3]' to site 'IOB_X1Y188'
Info:     Tile 'RIOB33_X105Y187'
Info:     Constraining 'ddr3_dq[4]' to site 'IOB_X1Y195'
Info:     Tile 'RIOB33_X105Y195'
Info:     Constraining 'ddr3_dq[5]' to site 'IOB_X1Y189'
Info:     Tile 'RIOB33_X105Y189'
Info:     Constraining 'ddr3_dq[6]' to site 'IOB_X1Y198'
Info:     Tile 'RIOB33_X105Y197'
Info:     Constraining 'ddr3_dq[7]' to site 'IOB_X1Y192'
Info:     Tile 'RIOB33_X105Y191'
Info:     Constraining 'ddr3_dq[8]' to site 'IOB_X1Y178'
Info:     Tile 'RIOB33_X105Y177'
Info:     Constraining 'ddr3_dq[9]' to site 'IOB_X1Y177'
Info:     Tile 'RIOB33_X105Y177'
Info:     Constraining 'ddr3_dm[0]' to site 'IOB_X1Y191'
Info:     Tile 'RIOB33_X105Y191'
Info:     Constraining 'ddr3_dm[1]' to site 'IOB_X1Y183'
Info:     Tile 'RIOB33_X105Y183'
Info:     Constraining 'ddr3_dm[2]' to site 'IOB_X1Y167'
Info:     Tile 'RIOB33_X105Y167'
Info:     Constraining 'ddr3_dm[3]' to site 'IOB_X1Y153'
Info:     Tile 'RIOB33_X105Y153'
Info:     Constraining 'ddr3_dqs_p[0]' to site 'IOB_X1Y194'
Info:     Tile 'RIOB33_X105Y193'
Info:     Constraining 'ddr3_dqs_n[0]' to site 'IOB_X1Y193'
Info:     Tile 'RIOB33_X105Y193'
Info:     Constraining 'ddr3_dqs_p[1]' to site 'IOB_X1Y182'
Info:     Tile 'RIOB33_X105Y181'
Info:     Constraining 'ddr3_dqs_n[1]' to site 'IOB_X1Y181'
Info:     Tile 'RIOB33_X105Y181'
Info:     Constraining 'ddr3_dqs_p[2]' to site 'IOB_X1Y170'
Info:     Tile 'RIOB33_X105Y169'
Info:     Constraining 'ddr3_dqs_n[2]' to site 'IOB_X1Y169'
Info:     Tile 'RIOB33_X105Y169'
Info:     Constraining 'ddr3_dqs_p[3]' to site 'IOB_X1Y158'
Info:     Tile 'RIOB33_X105Y157'
Info:     Constraining 'ddr3_dqs_n[3]' to site 'IOB_X1Y157'
Info:     Tile 'RIOB33_X105Y157'
Info: Generating output buffer for '$iopadmap$tms_ddr3_ax7203.ddr3_cas_n'
Info: Generating output buffer for '$iopadmap$tms_ddr3_ax7203.ddr3_cke'
Info: Generating output buffer for '$iopadmap$tms_ddr3_ax7203.ddr3_cs_n'
Info: Generating output buffer for '$iopadmap$tms_ddr3_ax7203.ddr3_odt'
Info: Generating output buffer for '$iopadmap$tms_ddr3_ax7203.ddr3_ras_n'
Info: Generating output buffer for '$iopadmap$tms_ddr3_ax7203.ddr3_reset_n'
Info: Generating output buffer for '$iopadmap$tms_ddr3_ax7203.ddr3_we_n'
Info: Generating input buffer for '$iopadmap$tms_ddr3_ax7203.rst_n'
Info: Generating output buffer for '$iopadmap$tms_ddr3_ax7203.uart_tx'
Info: Generating output buffer for '$iopadmap$tms_ddr3_ax7203.ddr3_addr'
Info: Generating output buffer for '$iopadmap$tms_ddr3_ax7203.ddr3_addr_1'
Info: Generating output buffer for '$iopadmap$tms_ddr3_ax7203.ddr3_addr_10'
Info: Generating output buffer for '$iopadmap$tms_ddr3_ax7203.ddr3_addr_11'
Info: Generating output buffer for '$iopadmap$tms_ddr3_ax7203.ddr3_addr_12'
Info: Generating output buffer for '$iopadmap$tms_ddr3_ax7203.ddr3_addr_13'
Info: Generating output buffer for '$iopadmap$tms_ddr3_ax7203.ddr3_addr_14'
Info: Generating output buffer for '$iopadmap$tms_ddr3_ax7203.ddr3_addr_2'
Info: Generating output buffer for '$iopadmap$tms_ddr3_ax7203.ddr3_addr_3'
Info: Generating output buffer for '$iopadmap$tms_ddr3_ax7203.ddr3_addr_4'
Info: Generating output buffer for '$iopadmap$tms_ddr3_ax7203.ddr3_addr_5'
Info: Generating output buffer for '$iopadmap$tms_ddr3_ax7203.ddr3_addr_6'
Info: Generating output buffer for '$iopadmap$tms_ddr3_ax7203.ddr3_addr_7'
Info: Generating output buffer for '$iopadmap$tms_ddr3_ax7203.ddr3_addr_8'
Info: Generating output buffer for '$iopadmap$tms_ddr3_ax7203.ddr3_addr_9'
Info: Generating output buffer for '$iopadmap$tms_ddr3_ax7203.ddr3_ba'
Info: Generating output buffer for '$iopadmap$tms_ddr3_ax7203.ddr3_ba_1'
Info: Generating output buffer for '$iopadmap$tms_ddr3_ax7203.ddr3_ba_2'
Info: Generating output buffer for '$iopadmap$tms_ddr3_ax7203.led'
Info: Generating output buffer for '$iopadmap$tms_ddr3_ax7203.led_1'
Info: Generating output buffer for '$iopadmap$tms_ddr3_ax7203.led_2'
Info: Generating output buffer for '$iopadmap$tms_ddr3_ax7203.led_3'
Info: Generating input buffer for 'ddr3.ddr3_phy_inst.genblk5[0].genblk1.IOBUF_data'
Info: Generating output buffer for 'ddr3.ddr3_phy_inst.genblk5[0].genblk1.IOBUF_data'
Info: Generating input buffer for 'ddr3.ddr3_phy_inst.genblk5[10].genblk1.IOBUF_data'
Info: Generating output buffer for 'ddr3.ddr3_phy_inst.genblk5[10].genblk1.IOBUF_data'
Info: Generating input buffer for 'ddr3.ddr3_phy_inst.genblk5[11].genblk1.IOBUF_data'
Info: Generating output buffer for 'ddr3.ddr3_phy_inst.genblk5[11].genblk1.IOBUF_data'
Info: Generating input buffer for 'ddr3.ddr3_phy_inst.genblk5[12].genblk1.IOBUF_data'
Info: Generating output buffer for 'ddr3.ddr3_phy_inst.genblk5[12].genblk1.IOBUF_data'
Info: Generating input buffer for 'ddr3.ddr3_phy_inst.genblk5[13].genblk1.IOBUF_data'
Info: Generating output buffer for 'ddr3.ddr3_phy_inst.genblk5[13].genblk1.IOBUF_data'
Info: Generating input buffer for 'ddr3.ddr3_phy_inst.genblk5[14].genblk1.IOBUF_data'
Info: Generating output buffer for 'ddr3.ddr3_phy_inst.genblk5[14].genblk1.IOBUF_data'
Info: Generating input buffer for 'ddr3.ddr3_phy_inst.genblk5[15].genblk1.IOBUF_data'
Info: Generating output buffer for 'ddr3.ddr3_phy_inst.genblk5[15].genblk1.IOBUF_data'
Info: Generating input buffer for 'ddr3.ddr3_phy_inst.genblk5[16].genblk1.IOBUF_data'
Info: Generating output buffer for 'ddr3.ddr3_phy_inst.genblk5[16].genblk1.IOBUF_data'
Info: Generating input buffer for 'ddr3.ddr3_phy_inst.genblk5[17].genblk1.IOBUF_data'
Info: Generating output buffer for 'ddr3.ddr3_phy_inst.genblk5[17].genblk1.IOBUF_data'
Info: Generating input buffer for 'ddr3.ddr3_phy_inst.genblk5[18].genblk1.IOBUF_data'
Info: Generating output buffer for 'ddr3.ddr3_phy_inst.genblk5[18].genblk1.IOBUF_data'
Info: Generating input buffer for 'ddr3.ddr3_phy_inst.genblk5[19].genblk1.IOBUF_data'
Info: Generating output buffer for 'ddr3.ddr3_phy_inst.genblk5[19].genblk1.IOBUF_data'
Info: Generating input buffer for 'ddr3.ddr3_phy_inst.genblk5[1].genblk1.IOBUF_data'
Info: Generating output buffer for 'ddr3.ddr3_phy_inst.genblk5[1].genblk1.IOBUF_data'
Info: Generating input buffer for 'ddr3.ddr3_phy_inst.genblk5[20].genblk1.IOBUF_data'
Info: Generating output buffer for 'ddr3.ddr3_phy_inst.genblk5[20].genblk1.IOBUF_data'
Info: Generating input buffer for 'ddr3.ddr3_phy_inst.genblk5[21].genblk1.IOBUF_data'
Info: Generating output buffer for 'ddr3.ddr3_phy_inst.genblk5[21].genblk1.IOBUF_data'
Info: Generating input buffer for 'ddr3.ddr3_phy_inst.genblk5[22].genblk1.IOBUF_data'
Info: Generating output buffer for 'ddr3.ddr3_phy_inst.genblk5[22].genblk1.IOBUF_data'
Info: Generating input buffer for 'ddr3.ddr3_phy_inst.genblk5[23].genblk1.IOBUF_data'
Info: Generating output buffer for 'ddr3.ddr3_phy_inst.genblk5[23].genblk1.IOBUF_data'
Info: Generating input buffer for 'ddr3.ddr3_phy_inst.genblk5[24].genblk1.IOBUF_data'
Info: Generating output buffer for 'ddr3.ddr3_phy_inst.genblk5[24].genblk1.IOBUF_data'
Info: Generating input buffer for 'ddr3.ddr3_phy_inst.genblk5[25].genblk1.IOBUF_data'
Info: Generating output buffer for 'ddr3.ddr3_phy_inst.genblk5[25].genblk1.IOBUF_data'
Info: Generating input buffer for 'ddr3.ddr3_phy_inst.genblk5[26].genblk1.IOBUF_data'
Info: Generating output buffer for 'ddr3.ddr3_phy_inst.genblk5[26].genblk1.IOBUF_data'
Info: Generating input buffer for 'ddr3.ddr3_phy_inst.genblk5[27].genblk1.IOBUF_data'
Info: Generating output buffer for 'ddr3.ddr3_phy_inst.genblk5[27].genblk1.IOBUF_data'
Info: Generating input buffer for 'ddr3.ddr3_phy_inst.genblk5[28].genblk1.IOBUF_data'
Info: Generating output buffer for 'ddr3.ddr3_phy_inst.genblk5[28].genblk1.IOBUF_data'
Info: Generating input buffer for 'ddr3.ddr3_phy_inst.genblk5[29].genblk1.IOBUF_data'
Info: Generating output buffer for 'ddr3.ddr3_phy_inst.genblk5[29].genblk1.IOBUF_data'
Info: Generating input buffer for 'ddr3.ddr3_phy_inst.genblk5[2].genblk1.IOBUF_data'
Info: Generating output buffer for 'ddr3.ddr3_phy_inst.genblk5[2].genblk1.IOBUF_data'
Info: Generating input buffer for 'ddr3.ddr3_phy_inst.genblk5[30].genblk1.IOBUF_data'
Info: Generating output buffer for 'ddr3.ddr3_phy_inst.genblk5[30].genblk1.IOBUF_data'
Info: Generating input buffer for 'ddr3.ddr3_phy_inst.genblk5[31].genblk1.IOBUF_data'
Info: Generating output buffer for 'ddr3.ddr3_phy_inst.genblk5[31].genblk1.IOBUF_data'
Info: Generating input buffer for 'ddr3.ddr3_phy_inst.genblk5[3].genblk1.IOBUF_data'
Info: Generating output buffer for 'ddr3.ddr3_phy_inst.genblk5[3].genblk1.IOBUF_data'
Info: Generating input buffer for 'ddr3.ddr3_phy_inst.genblk5[4].genblk1.IOBUF_data'
Info: Generating output buffer for 'ddr3.ddr3_phy_inst.genblk5[4].genblk1.IOBUF_data'
Info: Generating input buffer for 'ddr3.ddr3_phy_inst.genblk5[5].genblk1.IOBUF_data'
Info: Generating output buffer for 'ddr3.ddr3_phy_inst.genblk5[5].genblk1.IOBUF_data'
Info: Generating input buffer for 'ddr3.ddr3_phy_inst.genblk5[6].genblk1.IOBUF_data'
Info: Generating output buffer for 'ddr3.ddr3_phy_inst.genblk5[6].genblk1.IOBUF_data'
Info: Generating input buffer for 'ddr3.ddr3_phy_inst.genblk5[7].genblk1.IOBUF_data'
Info: Generating output buffer for 'ddr3.ddr3_phy_inst.genblk5[7].genblk1.IOBUF_data'
Info: Generating input buffer for 'ddr3.ddr3_phy_inst.genblk5[8].genblk1.IOBUF_data'
Info: Generating output buffer for 'ddr3.ddr3_phy_inst.genblk5[8].genblk1.IOBUF_data'
Info: Generating input buffer for 'ddr3.ddr3_phy_inst.genblk5[9].genblk1.IOBUF_data'
Info: Generating output buffer for 'ddr3.ddr3_phy_inst.genblk5[9].genblk1.IOBUF_data'
Info: Generating output buffer for 'ddr3.ddr3_phy_inst.genblk6[0].genblk1.OBUF_dm'
Info: Generating output buffer for 'ddr3.ddr3_phy_inst.genblk6[1].genblk1.OBUF_dm'
Info: Generating output buffer for 'ddr3.ddr3_phy_inst.genblk6[2].genblk1.OBUF_dm'
Info: Generating output buffer for 'ddr3.ddr3_phy_inst.genblk6[3].genblk1.OBUF_dm'
Info:     Created 5 INVERTER cells from:
Info:              5x INV
Info:     Created 79 PAD cells from:
Info:             79x PAD
Info: Preparing clocking...
Info: Packing constants..
Info: Packing cfg...
Info: Packing PLLs...
Info:     Constrained PLLE2_ADV_PLLE2_ADV 'pll' to bel 'PLLE2_ADV_X1Y2/PLLE2_ADV' based on dedicated routing
Info:     PLL/MMCM: disconnected 28 const DRP/control pins (Vivado leaves them unrouted)
Info: Packing Gigabit Transceivers..
Info: Packing global buffers...
Info:     Constrained BUFGCTRL 'clk_ctrl_bufg' to bel 'BUFGCTRL_X0Y0/BUFGCTRL' based on dedicated routing
Info:     Constrained BUFGCTRL 'clk_ddr_90_bufg' to bel 'BUFGCTRL_X0Y1/BUFGCTRL' based on dedicated routing
Info:     Constrained BUFGCTRL 'clk_ddr_bufg' to bel 'BUFGCTRL_X0Y2/BUFGCTRL' based on dedicated routing
Info:     Constrained BUFGCTRL 'clk_ref_bufg' to bel 'BUFGCTRL_X0Y3/BUFGCTRL' based on dedicated routing
Info: Packing MUX[789]s..
Info: Packing carries (atomic CARRY4)..
Info:    Packed 325 CARRY4 cells into 79 chains (atomic).
Info: router2 PRECYINIT fix: 325 CARRY4 cells, 404 constant carry pins disconnected
Info:    Carry-O relocation: 16 sum(s) duplicated, 16 CARRY4 split(s), 0 bit(s) skipped (unrelocatable)
Info: Packing LUTs..
Info:     Created 12605 SLICE_LUTX cells from:
Info:           2602x LUT1
Info:           1593x LUT2
Info:           2502x LUT3
Info:           1448x LUT4
Info:           3177x LUT5
Info:           1283x LUT6
Info: Packing DRAM..
Info:    Transformed 0 tied-low DRAM address inputs to be tied-high
Info: Packing BRAM..
Info: Packing DSPs..
Info: Packing flipflops..
Info:     Created 5850 SLICE_FFX cells from:
Info:           2101x FDCE
Info:             16x FDPE
Info:           3698x FDRE
Info:             35x FDSE
Info:     local-const FF control: disconnected 120 SR(=GND) + 3455 CE(=VCC) pins from global nets
Info: Constrained 3851 LUTFF pairs.

Info: Annotating ports with timing budgets for target frequency 12.00 MHz
Info: Checksum: 0xee41620e

Info: Device utilisation:
Info: 	          SLICE_LUTX: 12605/269200     4%
Info: 	           SLICE_FFX:  5850/269200     2%
Info: 	              CARRY4:   341/33650     1%
Info: 	          PSEUDO_GND:     1/69165     0%
Info: 	          PSEUDO_VCC:     1/69165     0%
Info: 	               HARD0:     0/ 3960     0%
Info: 	            RAMB18E1:     0/  730     0%
Info: 	            FIFO18E1:     0/  365     0%
Info: 	        RAMBFIFO36E1:     0/  365     0%
Info: 	            RAMB36E1:     0/  365     0%
Info: 	             DSP48E1:     0/  740     0%
Info: 	                 PAD:    79/ 1062     7%
Info: 	       IOB33M_OUTBUF:     5/  240     2%
Info: 	       IOB33S_OUTBUF:     5/  240     2%
Info: 	        IOB33_OUTBUF:    66/  500    13%
Info: 	     IOB33M_INBUF_EN:     5/  240     2%
Info: 	     IOB33S_INBUF_EN:     0/  240     0%
Info: 	      IOB33_INBUF_EN:    33/  500     6%
Info: 	IOB33M_TERM_OVERRIDE:     0/  240     0%
Info: 	IOB33S_TERM_OVERRIDE:     0/  240     0%
Info: 	 IOB33_TERM_OVERRIDE:     0/  500     0%
Info: 	       PULL_OR_KEEP1:     0/  980     0%
Info: 	            IDELAYE2:    36/  500     7%
Info: 	        OLOGICE3_TFF:     0/  500     0%
Info: 	      OLOGICE3_OUTFF:     0/  500     0%
Info: 	       OLOGICE3_MISR:     0/  500     0%
Info: 	           OSERDESE2:    65/  500    13%
Info: 	        ILOGICE3_IFF:     0/  500     0%
Info: 	ILOGICE3_ZHOLD_DELAY:     0/  500     0%
Info: 	           ISERDESE2:    36/  500     7%
Info: 	                BUFR:     0/   40     0%
Info: 	               BUFIO:     0/   40     0%
Info: 	          IDELAYCTRL:     1/   10    10%
Info: 	            BUFGCTRL:     4/   32    12%
Info: 	            PCIE_2_1:     0/    1     0%
Info: 	               BSCAN:     0/    4     0%
Info: 	                BUFG:     0/   32     0%
Info: 	              BUFHCE:     0/  120     0%
Info: 	            DCIRESET:     0/    1     0%
Info: 	            DNA_PORT:     0/    1     0%
Info: 	           EFUSE_USR:     0/    1     0%
Info: 	           FRAME_ECC:     0/    1     0%
Info: 	       GTPE2_CHANNEL:     0/   16     0%
Info: 	        GTPE2_COMMON:     0/    4     0%
Info: 	         IBUFDS_GTE2:     0/    8     0%
Info: 	                ICAP:     0/    2     0%
Info: 	            INVERTER:     5/  240     2%
Info: 	          MMCME2_ADV:     0/   10     0%
Info: 	        OLOGICE2_TFF:     0/  500     0%
Info: 	      OLOGICE2_OUTFF:     0/  500     0%
Info: 	           PLLE2_ADV:     1/   10    10%
Info: 	           SELMUX2_1:     0/102950     0%
Info: 	             STARTUP:     0/    1     0%
Info: 	          USR_ACCESS:     0/    1     0%
Info: 	              BUFFER:     0/   82     0%
Info: 	        ILOGICE2_IFF:     0/  500     0%
Info: 	       OLOGICE2_MISR:     0/  500     0%

Info: HeAP congestion knobs: beta=0.400 spread_scale=2,1 alpha=0.080
Info: Placed 341 cells based on constraints.
Info: Creating initial analytic placement for 11819 cells, random placement wirelen = 4739316.
Info:     at initial placer iter 0, wirelen = 50876
Info:     at initial placer iter 1, wirelen = 45016
Info:     at initial placer iter 2, wirelen = 43471
Info:     at initial placer iter 3, wirelen = 43118
Info: Running main analytical placer.
Info:     at iteration #1, type ALL: wirelen solved = 43001, spread = 511668, legal = 518936; time = 0.26s
Info:     at iteration #2, type ALL: wirelen solved = 97226, spread = 365455, legal = 375270; time = 0.29s
Info:     at iteration #3, type ALL: wirelen solved = 125769, spread = 300919, legal = 308865; time = 0.31s
Info:     at iteration #4, type ALL: wirelen solved = 137287, spread = 291574, legal = 298813; time = 0.33s
Info:     at iteration #5, type ALL: wirelen solved = 148563, spread = 269239, legal = 273972; time = 0.25s
Info:     at iteration #6, type ALL: wirelen solved = 155167, spread = 245668, legal = 253987; time = 0.25s
Info:     at iteration #7, type ALL: wirelen solved = 160511, spread = 257283, legal = 264440; time = 0.23s
Info:     at iteration #8, type ALL: wirelen solved = 167205, spread = 249508, legal = 260868; time = 0.25s
Info:     at iteration #9, type ALL: wirelen solved = 168378, spread = 316855, legal = 325767; time = 0.24s
Info:     at iteration #10, type ALL: wirelen solved = 198747, spread = 258563, legal = 267600; time = 0.23s
Info:     at iteration #11, type ALL: wirelen solved = 206959, spread = 273657, legal = 279591; time = 0.23s
Info: HeAP Placer Time: 4.45s
Info:   of which solving equations: 2.14s
Info:   of which spreading cells: 0.43s
Info:   of which strict legalisation: 0.84s

Info: Running simulated annealing placer for refinement.
Info:   at iteration #1: temp = 0.000000, timing cost = 515, wirelen = 253987
Info:   at iteration #5: temp = 0.000000, timing cost = 249, wirelen = 237627
Info:   at iteration #10: temp = 0.000000, timing cost = 229, wirelen = 236362
Info:   at iteration #14: temp = 0.000000, timing cost = 228, wirelen = 236108 
Info: SA placement time 5.11s

Info: Max frequency for clock 'clk_ctrl': 63.94 MHz (FAIL at 83.33 MHz)

Info: Slack histogram:
Info:  legend: * represents 32 endpoint(s)
Info:          + represents [1,32) endpoint(s)
Info: [ -3640,  -2867) |+
Info: [ -2867,  -2094) |+
Info: [ -2094,  -1321) |+
Info: [ -1321,   -548) |+
Info: [  -548,    225) |+
Info: [   225,    998) |+
Info: [   998,   1771) |****+
Info: [  1771,   2544) |********+
Info: [  2544,   3317) |***************+
Info: [  3317,   4090) |***************************+
Info: [  4090,   4863) |***************************+
Info: [  4863,   5636) |**********************+
Info: [  5636,   6409) |*************+
Info: [  6409,   7182) |********************************+
Info: [  7182,   7955) |*************************************+
Info: [  7955,   8728) |******************************************************+
Info: [  8728,   9501) |************************************************************ 
Info: [  9501,  10274) |***************************************************+
Info: [ 10274,  11047) |*****************************+
Info: [ 11047,  11820) |*******************+
Info: Checksum: 0xd338cc3c
Info: Running post-placement legalisation...
Info: post-place repair: relocated 5025 stranded cluster(s)/cell(s) to valid bels
Info: Routing global clocks...
Info:     routing clock 'clk_ddr'
Info:     routing clock 'clk_ctrl'
Info:     routing clock 'clk200_in'
Info:     routing clock 'ctrl_raw'
Info:     routing clock 'ddr90_raw'
Info:     routing clock 'clk_ddr_90'
Info:     routing clock 'ddr_raw'
Info:     routing clock 'ref_raw'
Info:     routing clock 'clk_ref'
Info: Running router2...
Info: Setting up routing resources...
Info: Adopted 6127 pre-routed arc(s)
Info: Running main router loop...
Info:     iter=1 wires=293228 overused=11155 overuse=11484 archfail=NA
Info:     iter=2 wires=301529 overused=59 overuse=59 archfail=NA
Info:     iter=3 wires=301623 overused=0 overuse=0 archfail=0
Info: 1000 slowest nets by runtime:
                                                                              ddr3.reset   3614 488.3ms
        $techmap$techmap133394$auto$ff.cc:337:slice$66286.$auto$abc9_ops.cc:411:prep_bypass$133319.CLR   1924 293.1ms
                                             $techmap135366$auto$ff.cc:337:slice$46378.D    433 276.1ms
                                         $techmap438052$abc$431868$lut$aiger$o10837.A[3]    335 223.2ms
                  $techmap438934$auto$abc_ops_reintegrate.cc:611:reintegrate$433082.A[4]     69 200.4ms
                                $abc$431868$auto$simple.cc:210:make_patterns_logic$41333    282 197.5ms
                                         $techmap438052$abc$431868$lut$aiger$o10837.A[2]    336 194.8ms
                                    $techmap438130$abc$431868$lut$aiger431867$20246.A[4]     87 169.5ms
                                         $techmap443218$abc$431868$lut$aiger$o10883.A[2]    209 150.2ms
                  $techmap439798$auto$abc_ops_reintegrate.cc:611:reintegrate$432840.A[4]     55 148.1ms
                                                       ddr3.ddr3_controller_inst.lane[0]    126 147.8ms
                  $techmap437809$auto$abc_ops_reintegrate.cc:611:reintegrate$433417.A[1]     58 147.7ms
                                        ddr3.ddr3_controller_inst.data_start_index[3][0]    108 144.9ms
                  $techmap441190$auto$abc_ops_reintegrate.cc:611:reintegrate$432388.A[2]     45 143.0ms
                  $techmap437317$auto$abc_ops_reintegrate.cc:611:reintegrate$433431.A[3]     47 138.3ms
                  $techmap437170$auto$abc_ops_reintegrate.cc:611:reintegrate$433471.A[0]    274 132.5ms
                                    $techmap438132$abc$431868$lut$aiger431867$20253.A[3]     95 131.5ms
                                    $techmap436955$abc$431868$lut$aiger431867$11783.A[0]    293 129.4ms
                                        ddr3.ddr3_controller_inst.data_start_index[3][6]    106 129.0ms
                                                       ddr3.ddr3_controller_inst.lane[1]    123 125.8ms
                                                 ddr3.ddr3_controller_inst.index_wb_data    257 124.6ms
                                        ddr3.ddr3_controller_inst.data_start_index[0][1]    166 123.8ms
                  $techmap436908$auto$abc_ops_reintegrate.cc:611:reintegrate$433515.A[3]     84 123.2ms
                  $techmap438141$auto$abc_ops_reintegrate.cc:611:reintegrate$433274.A[2]     79 123.2ms
                                                 ddr3.ddr3_controller_inst.stage2_update    286 119.1ms
                                                                              pll_locked      2 117.7ms
                                $abc$431868$auto$simple.cc:210:make_patterns_logic$41317    257 116.8ms
                                                                                     rst    193 115.0ms
                  $techmap436958$auto$abc_ops_reintegrate.cc:611:reintegrate$433506.A[0]    141 112.8ms
                                        ddr3.ddr3_controller_inst.data_start_index[3][3]    169 106.5ms
                  $techmap439174$auto$abc_ops_reintegrate.cc:611:reintegrate$433000.A[2]     75 106.1ms
                                                    ddr3.ddr3_controller_inst.late_dq[0]    202 105.5ms
                                        ddr3.ddr3_controller_inst.data_start_index[3][4]    209 101.1ms
                  $techmap438141$auto$abc_ops_reintegrate.cc:611:reintegrate$433274.A[1]    103 100.9ms
                  $techmap437085$auto$abc_ops_reintegrate.cc:611:reintegrate$433491.A[1]     80 99.4ms
                                         $techmap443218$abc$431868$lut$aiger$o10883.A[3]     72 99.0ms
                                        ddr3.ddr3_controller_inst.data_start_index[0][6]    100 98.1ms
                                        ddr3.ddr3_controller_inst.data_start_index[3][5]    111 97.9ms
                  $techmap436892$auto$abc_ops_reintegrate.cc:611:reintegrate$433519.A[3]     76 96.4ms
                                        ddr3.ddr3_controller_inst.data_start_index[1][1]    168 96.4ms
                  $techmap438254$auto$abc_ops_reintegrate.cc:611:reintegrate$433259.A[0]    110 94.6ms
                  $techmap438942$auto$abc_ops_reintegrate.cc:611:reintegrate$433080.A[2]     53 94.2ms
                                      ddr3.ddr3_controller_inst.write_by_byte_counter[3]     42 92.0ms
                                                    ddr3.ddr3_controller_inst.late_dq[3]    198 91.9ms
                                        ddr3.ddr3_controller_inst.data_start_index[3][1]    169 90.0ms
                                        ddr3.ddr3_controller_inst.data_start_index[0][2]    146 89.1ms
                                                                          calib_complete     32 88.3ms
                                                ddr3.ddr3_controller_inst.stage1_bank[0]     42 86.9ms
        $flatten\ddr3.\ddr3_controller_inst.$shiftx$build/uberddr3/rtl/ddr3_controller.v:2225$13247.Y     64 85.6ms
                                        ddr3.ddr3_controller_inst.data_start_index[3][2]    148 83.4ms
                  $techmap438269$auto$abc_ops_reintegrate.cc:611:reintegrate$433251.A[0]     62 83.3ms
                  $techmap437827$auto$abc_ops_reintegrate.cc:611:reintegrate$433410.A[1]     45 82.0ms
                                                ddr3.ddr3_controller_inst.stage2_pending     41 81.6ms
                  $techmap438269$auto$abc_ops_reintegrate.cc:611:reintegrate$433251.A[1]     68 81.1ms
                  $techmap437126$auto$abc_ops_reintegrate.cc:611:reintegrate$433482.A[1]     41 80.8ms
                                    $techmap438485$abc$431868$lut$aiger431867$27003.A[0]    111 80.3ms
                                        ddr3.ddr3_controller_inst.data_start_index[2][5]    108 78.7ms
         $techmap442764$auto$abc_ops_reintegrate.cc:611:reintegrate$431916.A[0]$sum$4645     68 78.0ms
                                                    ddr3.ddr3_controller_inst.late_dq[1]    198 77.8ms
        $flatten\ddr3.\ddr3_controller_inst.$shiftx$build/uberddr3/rtl/ddr3_controller.v:2248$13243.Y     64 75.8ms
                  $techmap437237$auto$abc_ops_reintegrate.cc:611:reintegrate$433451.A[2]     57 74.2ms
                                        ddr3.ddr3_controller_inst.data_start_index[0][4]    208 73.3ms
                                        ddr3.ddr3_controller_inst.data_start_index[2][1]    168 73.2ms
                                        ddr3.ddr3_controller_inst.data_start_index[0][3]    168 73.2ms
                                        ddr3.ddr3_controller_inst.data_start_index[2][4]    211 72.7ms
                                    $techmap443217$abc$431868$lut$aiger431867$20909.A[1]    106 71.7ms
                  $techmap436898$auto$abc_ops_reintegrate.cc:611:reintegrate$433517.A[3]     86 71.5ms
        $flatten\ddr3.\ddr3_controller_inst.$shiftx$build/uberddr3/rtl/ddr3_controller.v:2248$13235.Y     64 69.4ms
                                        ddr3.ddr3_controller_inst.data_start_index[2][3]    168 69.1ms
                  $techmap437126$auto$abc_ops_reintegrate.cc:611:reintegrate$433482.A[4]     64 68.9ms
                                                                                    s_go     64 68.7ms
                                        ddr3.ddr3_controller_inst.data_start_index[1][4]    209 67.0ms
                                        ddr3.ddr3_controller_inst.data_start_index[0][0]    108 66.8ms
                                    $techmap438482$abc$431868$lut$aiger431867$26993.A[0]    113 65.8ms
                                    $techmap438467$abc$431868$lut$aiger431867$26984.A[0]     53 63.0ms
                                        ddr3.ddr3_controller_inst.data_start_index[1][2]    148 62.5ms
                                                    ddr3.ddr3_controller_inst.late_dq[2]    203 61.5ms
                  $techmap436949$auto$abc_ops_reintegrate.cc:611:reintegrate$433507.A[0]     75 60.5ms
                                        ddr3.ddr3_controller_inst.data_start_index[2][2]    148 58.7ms
                  $techmap439768$auto$abc_ops_reintegrate.cc:611:reintegrate$432850.A[0]    104 57.3ms
                                        ddr3.ddr3_controller_inst.data_start_index[0][5]    103 56.6ms
                                        ddr3.ddr3_controller_inst.data_start_index[1][5]    109 56.5ms
                                        ddr3.ddr3_controller_inst.data_start_index[1][3]    170 56.2ms
                  $techmap438510$auto$abc_ops_reintegrate.cc:611:reintegrate$433196.A[0]     71 55.9ms
                                        ddr3.ddr3_controller_inst.data_start_index[2][6]    106 54.3ms
                                $abc$431868$auto$simple.cc:210:make_patterns_logic$41024     64 53.7ms
                                    $techmap438462$abc$431868$lut$aiger431867$16542.A[1]     54 49.9ms
                                    $techmap437806$abc$431868$lut$aiger431867$16499.A[0]     42 49.8ms
                  $techmap441223$auto$abc_ops_reintegrate.cc:611:reintegrate$432383.A[1]     56 49.4ms
                                              ddr3.ddr3_controller_inst.write_pattern[0]     57 49.4ms
                                             $techmap134006$auto$ff.cc:337:slice$64411.D     50 48.8ms
                                    $techmap438465$abc$431868$lut$aiger431867$16544.A[0]     54 47.0ms
                  $techmap439988$auto$abc_ops_reintegrate.cc:611:reintegrate$432787.A[0]     55 47.0ms
                                        ddr3.ddr3_controller_inst.data_start_index[2][0]    108 46.7ms
        $flatten\ddr3.\ddr3_controller_inst.$shiftx$build/uberddr3/rtl/ddr3_controller.v:2225$13239.Y     64 46.1ms
                                        ddr3.ddr3_controller_inst.data_start_index[1][6]    105 46.0ms
                                                             ddr3.ddr3_phy_inst.sync_rst    102 45.2ms
                                             $techmap135368$auto$ff.cc:337:slice$46376.D     66 44.8ms
                  $techmap438147$auto$abc_ops_reintegrate.cc:611:reintegrate$433269.A[1]     66 44.6ms
                                    $techmap439972$abc$431868$lut$aiger431867$40628.A[2]     43 44.5ms
                                $abc$431868$auto$simple.cc:210:make_patterns_logic$40512     41 44.5ms
                                        ddr3.ddr3_controller_inst.data_start_index[1][0]    108 44.2ms
        $flatten\ddr3.\ddr3_controller_inst.$shiftx$build/uberddr3/rtl/ddr3_controller.v:2248$13251.Y     64 44.2ms
                  $techmap436903$auto$abc_ops_reintegrate.cc:611:reintegrate$433516.A[3]     71 43.7ms
                                                                            recalibrated      1 43.4ms
                  $techmap438337$auto$abc_ops_reintegrate.cc:611:reintegrate$433216.A[5]     41 42.1ms
                  $techmap437015$auto$abc_ops_reintegrate.cc:611:reintegrate$433504.A[0]     64 41.6ms
                  $techmap436958$auto$abc_ops_reintegrate.cc:611:reintegrate$433506.A[1]     97 41.5ms
                                              ddr3.ddr3_controller_inst.stage2_bank_d[0]     45 40.9ms
                  $techmap437126$auto$abc_ops_reintegrate.cc:611:reintegrate$433482.A[2]     77 38.2ms
        $flatten\ddr3.\ddr3_controller_inst.$shiftx$build/uberddr3/rtl/ddr3_controller.v:2248$13259.Y     64 37.4ms
                                                                                 tx_busy     77 36.1ms
        $flatten\ddr3.\ddr3_controller_inst.$shiftx$build/uberddr3/rtl/ddr3_controller.v:2225$13255.Y     64 35.2ms
                                         $techmap443462$abc$431868$lut$aiger$o14063.A[1]     64 35.0ms
                  $techmap436949$auto$abc_ops_reintegrate.cc:611:reintegrate$433507.A[2]     69 34.6ms
                                         $techmap443462$abc$431868$lut$aiger$o14063.A[0]     64 30.4ms
                  $techmap437317$auto$abc_ops_reintegrate.cc:611:reintegrate$433431.A[1]     39 28.8ms
        $flatten\ddr3.\ddr3_controller_inst.$shiftx$build/uberddr3/rtl/ddr3_controller.v:2225$13231.Y     64 27.9ms
                  $techmap439174$auto$abc_ops_reintegrate.cc:611:reintegrate$433000.A[3]     34 25.9ms
                                          $techmap445833$abc$431868$lut$aiger$o8982.A[2]     72 25.1ms
                                    $techmap441339$abc$431868$lut$aiger431867$50811.A[1]     24 23.4ms
                                            ddr3.ddr3_controller_inst.dqs_start_index[0]     50 22.9ms
                                              ddr3.ddr3_controller_inst.stage2_bank_d[2]     38 21.3ms
                                $abc$431868$auto$simple.cc:210:make_patterns_logic$40595     40 21.1ms
                                $abc$431868$auto$simple.cc:210:make_patterns_logic$40522     64 19.9ms
                                    $techmap436804$abc$431868$lut$aiger431867$20081.A[4]     23 19.0ms
                                    $techmap438130$abc$431868$lut$aiger431867$20246.A[3]     40 18.9ms
                                                ddr3.ddr3_controller_inst.stage1_bank[1]     40 18.2ms
                                         ddr3.ddr3_controller_inst.stage1_next_bank_d[0]     37 17.8ms
                                                          ddr3.idelay_data_cntvaluein[0]     33 17.7ms
                  $techmap441410$auto$abc_ops_reintegrate.cc:611:reintegrate$432341.A[1]     28 17.7ms
                                $abc$431868$auto$simple.cc:210:make_patterns_logic$41245     25 17.1ms
                                                                               debug1[2]     31 17.0ms
                  $techmap436876$auto$abc_ops_reintegrate.cc:611:reintegrate$433523.A[3]     33 16.9ms
                  $techmap441424$auto$abc_ops_reintegrate.cc:611:reintegrate$432339.A[0]     30 16.3ms
                                                                               debug1[4]     32 16.0ms
                                        ddr3.ddr3_controller_inst.instruction_address[4]     25 15.9ms
                                             $techmap133470$auto$ff.cc:337:slice$64706.D     33 15.8ms
                                                          ddr3.idelay_data_cntvaluein[2]     36 15.7ms
                                    $techmap436804$abc$431868$lut$aiger431867$20081.A[5]     21 15.6ms
                                    $techmap437730$abc$431868$lut$aiger431867$15383.A[2]     32 15.4ms
                  $techmap437106$auto$abc_ops_reintegrate.cc:611:reintegrate$433487.A[0]     36 15.3ms
                                                ddr3.ddr3_controller_inst.stage1_bank[2]     39 15.2ms
                                         ddr3.ddr3_controller_inst.stage1_next_bank_d[1]     39 15.0ms
                  $techmap442534$auto$abc_ops_reintegrate.cc:611:reintegrate$432029.A[1]     26 14.8ms
                                         $techmap443568$abc$431868$lut$aiger$o12244.A[1]     37 14.3ms
                  $techmap442283$auto$abc_ops_reintegrate.cc:611:reintegrate$432139.A[1]     27 14.2ms
                  $techmap441638$auto$abc_ops_reintegrate.cc:611:reintegrate$432309.A[1]     27 14.0ms
                                    $techmap436455$abc$431868$lut$aiger431867$22120.A[0]      8 13.9ms
                                                                                 uart.tx      1 13.9ms
                                                                               heartbeat      2 13.8ms
                  $techmap438274$auto$abc_ops_reintegrate.cc:611:reintegrate$433248.A[1]     35 13.8ms
                                                                               debug1[0]     35 13.8ms
                                      ddr3.ddr3_controller_inst.write_by_byte_counter[4]     37 13.7ms
                                                          ddr3.idelay_data_cntvaluein[4]     36 13.5ms
                                      ddr3.ddr3_controller_inst.write_by_byte_counter[2]     37 13.2ms
                                    $techmap438940$abc$431868$lut$aiger431867$33220.A[1]     34 13.1ms
                                          $techmap436752$abc$431868$lut$aiger$o5674.A[0]     35 13.1ms
                  $techmap436870$auto$abc_ops_reintegrate.cc:611:reintegrate$433524.A[3]     23 13.1ms
                                                 ddr3.ddr3_controller_inst.stage2_do_act     23 12.9ms
                  $techmap438658$auto$abc_ops_reintegrate.cc:611:reintegrate$433149.A[2]     17 12.9ms
                                          ddr3.ddr3_controller_inst.start_index_check[4]     38 12.8ms
                                    $techmap436800$abc$431868$lut$aiger431867$22745.A[0]     35 12.8ms
                  $techmap441410$auto$abc_ops_reintegrate.cc:611:reintegrate$432341.A[0]     29 12.8ms
                                        ddr3.ddr3_controller_inst.instruction_address[3]     26 12.7ms
                  $techmap442333$auto$abc_ops_reintegrate.cc:611:reintegrate$432120.A[1]     29 12.7ms
                                         $techmap443573$abc$431868$lut$aiger$o14054.A[0]     32 12.7ms
                                                                     ddr3.dq_tri_control     36 12.5ms
                  $techmap437843$auto$abc_ops_reintegrate.cc:611:reintegrate$433401.A[5]     17 12.5ms
                  $techmap441317$auto$abc_ops_reintegrate.cc:611:reintegrate$432357.A[0]      8 12.4ms
                                              ddr3.ddr3_controller_inst.stage2_bank_d[1]     35 12.4ms
                                   $techmap443148$abc$431868$lut$not$aiger431867$29546.A     14 12.4ms
                                    $techmap437734$abc$431868$lut$aiger431867$15390.A[1]     25 12.4ms
                                        ddr3.ddr3_controller_inst.instruction_address[1]     22 12.2ms
                                                          ddr3.idelay_data_cntvaluein[3]     36 12.1ms
                  $techmap440320$auto$abc_ops_reintegrate.cc:611:reintegrate$432670.A[2]      8 11.9ms
                  $techmap438997$auto$abc_ops_reintegrate.cc:611:reintegrate$433045.A[2]      8 11.8ms
                  $techmap438141$auto$abc_ops_reintegrate.cc:611:reintegrate$433274.A[0]     36 11.7ms
                  $techmap442773$auto$abc_ops_reintegrate.cc:611:reintegrate$431912.A[4]     25 11.6ms
                  $techmap442339$auto$abc_ops_reintegrate.cc:611:reintegrate$432119.A[1]     29 11.5ms
                                    $techmap438642$abc$431868$lut$aiger431867$28899.A[4]      3 11.5ms
                                $abc$431868$auto$simple.cc:210:make_patterns_logic$41588     28 11.4ms
                  $techmap438144$auto$abc_ops_reintegrate.cc:611:reintegrate$433271.A[1]     36 11.4ms
                                    $techmap439923$abc$431868$lut$aiger431867$40523.A[2]     33 11.3ms
                  $techmap441346$auto$abc_ops_reintegrate.cc:611:reintegrate$432351.A[1]     29 11.3ms
                  $techmap439464$auto$abc_ops_reintegrate.cc:611:reintegrate$432919.A[0]      9 11.0ms
                  $techmap441346$auto$abc_ops_reintegrate.cc:611:reintegrate$432351.A[0]     30 10.9ms
                  $techmap438785$auto$abc_ops_reintegrate.cc:611:reintegrate$433110.A[2]      8 10.9ms
                                           $abc$431868$auto$rtlil.cc:3488:NotGate$123806     18 10.8ms
                                    $techmap439249$abc$431868$lut$aiger431867$36440.A[0]      3 10.8ms
                  $techmap440028$auto$abc_ops_reintegrate.cc:611:reintegrate$432765.A[2]     20 10.8ms
                                    $techmap439972$abc$431868$lut$aiger431867$40628.A[4]     33 10.5ms
                  $techmap438137$auto$abc_ops_reintegrate.cc:611:reintegrate$433277.A[2]     11 10.4ms
                  $techmap437843$auto$abc_ops_reintegrate.cc:611:reintegrate$433401.A[3]     15 10.4ms
                  $techmap440324$auto$abc_ops_reintegrate.cc:611:reintegrate$432669.A[1]     27 10.4ms
                  $techmap437246$auto$abc_ops_reintegrate.cc:611:reintegrate$433448.A[4]     19 10.3ms
                                            ddr3.ddr3_controller_inst.dqs_start_index[1]     37 10.3ms
                                 ddr3.ddr3_controller_inst.check_test_address_counter[2]     17 10.3ms
                  $techmap442816$auto$abc_ops_reintegrate.cc:611:reintegrate$431894.A[0]     19 10.2ms
                                           $abc$431868$auto$rtlil.cc:3488:NotGate$123792     17 10.2ms
                                    $techmap439978$abc$431868$lut$aiger431867$40882.A[4]     33 10.2ms
                                         $techmap443531$abc$431868$lut$aiger$o11629.A[0]      1 10.2ms
                  $techmap437154$auto$abc_ops_reintegrate.cc:611:reintegrate$433475.A[2]     32 10.1ms
                  $techmap437829$auto$abc_ops_reintegrate.cc:611:reintegrate$433409.A[3]     15 10.0ms
                                         $techmap438339$abc$431868$lut$aiger$o10673.A[2]     32 9.9ms
                  $techmap436858$auto$abc_ops_reintegrate.cc:611:reintegrate$433526.A[3]     23 9.9ms
                  $techmap437831$auto$abc_ops_reintegrate.cc:611:reintegrate$433408.A[3]     16 9.9ms
                  $techmap440720$auto$abc_ops_reintegrate.cc:611:reintegrate$432530.A[0]     18 9.8ms
                                    $techmap437253$abc$431868$lut$aiger431867$13509.A[1]     16 9.8ms
                  $techmap437837$auto$abc_ops_reintegrate.cc:611:reintegrate$433404.A[3]     15 9.6ms
                  $techmap437239$auto$abc_ops_reintegrate.cc:611:reintegrate$433450.A[4]     22 9.6ms
                  $techmap440566$auto$abc_ops_reintegrate.cc:611:reintegrate$432584.A[1]     17 9.6ms
                                                                               debug1[3]     27 9.5ms
                  $techmap437829$auto$abc_ops_reintegrate.cc:611:reintegrate$433409.A[4]     18 9.4ms
                  $techmap437831$auto$abc_ops_reintegrate.cc:611:reintegrate$433408.A[4]     18 9.4ms
                  $techmap438278$auto$abc_ops_reintegrate.cc:611:reintegrate$433247.A[4]     26 9.3ms
                                 ddr3.ddr3_controller_inst.check_test_address_counter[3]     18 9.3ms
                  $techmap437295$auto$abc_ops_reintegrate.cc:611:reintegrate$433437.A[4]     18 9.2ms
                  $techmap437246$auto$abc_ops_reintegrate.cc:611:reintegrate$433448.A[3]     15 9.1ms
                                          $techmap443204$abc$431868$lut$aiger$o8106.A[1]     32 9.1ms
                  $techmap437835$auto$abc_ops_reintegrate.cc:611:reintegrate$433405.A[3]     15 9.1ms
                                             $techmap133468$auto$ff.cc:337:slice$66022.D     40 9.0ms
                                         $techmap443405$abc$431868$lut$aiger$o16129.A[3]     11 9.0ms
                  $techmap437239$auto$abc_ops_reintegrate.cc:611:reintegrate$433450.A[3]     20 9.0ms
                  $techmap437767$auto$abc_ops_reintegrate.cc:611:reintegrate$433425.A[5]     33 8.9ms
                                 ddr3.ddr3_controller_inst.check_test_address_counter[5]     20 8.9ms
                                                ddr3.ddr3_controller_inst.stage1_data[3]      2 8.8ms
              $techmap42246$flatten\resetgen.$lt$build/t27/specs/rtl/fpga_reset.v:84$4.Y     33 8.7ms
                                           $abc$431868$auto$rtlil.cc:3488:NotGate$123834     18 8.7ms
                                                                               debug1[1]     23 8.7ms
                  $techmap437154$auto$abc_ops_reintegrate.cc:611:reintegrate$433475.A[1]     32 8.7ms
                  $techmap437154$auto$abc_ops_reintegrate.cc:611:reintegrate$433475.A[0]     33 8.6ms
                  $techmap438254$auto$abc_ops_reintegrate.cc:611:reintegrate$433259.A[2]     33 8.6ms
                                    $techmap436805$abc$431868$lut$aiger431867$20082.A[0]     10 8.6ms
                                    $techmap443216$abc$431868$lut$aiger431867$20887.A[0]     33 8.5ms
                                $abc$431868$auto$simple.cc:210:make_patterns_logic$40691     32 8.5ms
                  $techmap437275$auto$abc_ops_reintegrate.cc:611:reintegrate$433443.A[4]     20 8.4ms
                                    $techmap438508$abc$431868$lut$aiger431867$27052.A[3]     13 8.3ms
                                            ddr3.ddr3_controller_inst.dqs_start_index[2]     25 8.3ms
        $abc$431868$flatten\ddr3.\ddr3_phy_inst.$logic_not$build/uberddr3/rtl/ddr3_phy.v:1126$12003_Y      6 8.2ms
                                                          ddr3.idelay_data_cntvaluein[1]     36 8.2ms
                  $techmap442288$auto$abc_ops_reintegrate.cc:611:reintegrate$432138.A[1]     31 8.1ms
                  $techmap437807$auto$abc_ops_reintegrate.cc:611:reintegrate$433418.A[1]     12 8.0ms
                                    $techmap437253$abc$431868$lut$aiger431867$13509.A[0]     16 8.0ms
                                    $techmap438477$abc$431868$lut$aiger431867$16551.A[1]     17 7.9ms
                                          ddr3.ddr3_controller_inst.start_index_check[5]     37 7.9ms
                  $techmap437307$auto$abc_ops_reintegrate.cc:611:reintegrate$433435.A[5]     18 7.9ms
                                    $techmap438470$abc$431868$lut$aiger431867$26985.A[1]     13 7.9ms
                  $techmap440900$auto$abc_ops_reintegrate.cc:611:reintegrate$432466.A[2]     15 7.9ms
                                           ddr3.ddr3_controller_inst.stage2_data[0][193]      2 7.9ms
                                 ddr3.ddr3_controller_inst.check_test_address_counter[4]     20 7.8ms
                  $techmap437289$auto$abc_ops_reintegrate.cc:611:reintegrate$433438.A[2]     15 7.7ms
                  $techmap439798$auto$abc_ops_reintegrate.cc:611:reintegrate$432840.A[3]     11 7.7ms
                                    $techmap437082$abc$431868$lut$aiger431867$12244.A[1]     37 7.7ms
                                $abc$431868$auto$simple.cc:210:make_patterns_logic$41598     40 7.6ms
                                         ddr3.ddr3_controller_inst.stage1_next_bank_d[2]     19 7.6ms
                                               ddr3.ddr3_controller_inst.calib_data[186]      1 7.6ms
                                    $techmap438482$abc$431868$lut$aiger431867$26993.A[4]     13 7.6ms
                                        ddr3.ddr3_controller_inst.instruction_address[0]     23 7.6ms
                                                ddr3.ddr3_controller_inst.stage2_bank[2]     19 7.5ms
                  $techmap441391$auto$abc_ops_reintegrate.cc:611:reintegrate$432345.A[0]     30 7.4ms
                                    $techmap437229$abc$431868$lut$aiger431867$12921.A[1]     19 7.4ms
                  $techmap436864$auto$abc_ops_reintegrate.cc:611:reintegrate$433525.A[3]     31 7.4ms
                                    $techmap438480$abc$431868$lut$aiger431867$16555.A[1]     13 7.4ms
                                             $abc$431868$auto$rtlil.cc:3386:Mux$44824[4]      4 7.4ms
                  $techmap439570$auto$abc_ops_reintegrate.cc:611:reintegrate$432900.A[0]      8 7.3ms
                  $techmap436025$auto$abc_ops_reintegrate.cc:611:reintegrate$433702.A[1]      7 7.3ms
                  $techmap439376$auto$abc_ops_reintegrate.cc:611:reintegrate$432953.A[2]      8 7.2ms
                  $techmap438934$auto$abc_ops_reintegrate.cc:611:reintegrate$433082.A[3]     11 7.2ms
                                     ddr3.ddr3_controller_inst.stage2_data_unaligned[25]     10 7.2ms
                                      ddr3.ddr3_controller_inst.write_by_byte_counter[1]     17 7.1ms
                  $techmap437106$auto$abc_ops_reintegrate.cc:611:reintegrate$433487.A[3]     33 7.1ms
                                                                                clk_ctrl   5987 7.0ms
                                    $techmap438282$abc$431868$lut$aiger431867$22549.A[3]     17 7.0ms
                  $techmap441013$auto$abc_ops_reintegrate.cc:611:reintegrate$432423.A[0]      9 7.0ms
                  $techmap438283$auto$abc_ops_reintegrate.cc:611:reintegrate$433245.A[2]     19 7.0ms
                  $techmap439146$auto$abc_ops_reintegrate.cc:611:reintegrate$433010.A[0]      9 7.0ms
                                                                         ddr3.bitslip[2]     18 6.9ms
                                         $techmap443616$abc$431868$lut$aiger$o13240.A[1]     29 6.9ms
                                         $techmap443101$abc$431868$lut$aiger$o10490.A[4]     30 6.9ms
                  $techmap439985$auto$abc_ops_reintegrate.cc:611:reintegrate$432788.A[2]      8 6.9ms
                  $techmap440209$auto$abc_ops_reintegrate.cc:611:reintegrate$432709.A[0]      8 6.8ms
                  $techmap436809$auto$abc_ops_reintegrate.cc:611:reintegrate$433551.A[5]     11 6.8ms
                                            $auto$alumacc.cc:548:replace_alu$43745.Y[33]      3 6.8ms
                  $techmap440078$auto$abc_ops_reintegrate.cc:611:reintegrate$432746.A[2]      8 6.7ms
                  $techmap441391$auto$abc_ops_reintegrate.cc:611:reintegrate$432345.A[1]     24 6.7ms
                                    $techmap443518$abc$431868$lut$aiger431867$47250.A[2]      3 6.7ms
                                                ddr3.ddr3_controller_inst.stage2_bank[0]     13 6.6ms
                                                                   ddr3.iserdes_data[92]      2 6.6ms
                  $techmap439171$auto$abc_ops_reintegrate.cc:611:reintegrate$433002.A[3]      9 6.6ms
                  $techmap441190$auto$abc_ops_reintegrate.cc:611:reintegrate$432388.A[1]     15 6.6ms
                                    $techmap436176$abc$431868$lut$aiger431867$30553.A[0]      4 6.6ms
                                 ddr3.ddr3_controller_inst.check_test_address_counter[6]     15 6.5ms
                  $techmap440647$auto$abc_ops_reintegrate.cc:611:reintegrate$432557.A[0]      8 6.5ms
                  $techmap442212$auto$abc_ops_reintegrate.cc:611:reintegrate$432162.A[0]      9 6.5ms
                  $techmap438997$auto$abc_ops_reintegrate.cc:611:reintegrate$433045.A[0]      8 6.5ms
                  $techmap438142$auto$abc_ops_reintegrate.cc:611:reintegrate$433273.A[0]      9 6.4ms
                  $techmap438063$auto$abc_ops_reintegrate.cc:611:reintegrate$433291.A[1]      9 6.4ms
                  $techmap438934$auto$abc_ops_reintegrate.cc:611:reintegrate$433082.A[2]     18 6.4ms
                  $techmap441146$auto$abc_ops_reintegrate.cc:611:reintegrate$432397.A[2]      8 6.3ms
                                    $techmap443317$abc$431868$lut$aiger431867$40412.A[1]      5 6.2ms
                  $techmap440209$auto$abc_ops_reintegrate.cc:611:reintegrate$432709.A[2]      8 6.2ms
                                             $abc$431868$auto$rtlil.cc:3386:Mux$44856[4]      4 6.2ms
                                       ddr3.ddr3_controller_inst.delay_counter_is_zero_d     30 6.2ms
                                                    ddr3.ddr3_controller_inst.write_dq_d     15 6.2ms
                  $techmap439376$auto$abc_ops_reintegrate.cc:611:reintegrate$432953.A[0]      8 6.2ms
                                    $techmap436453$abc$431868$lut$aiger431867$22092.A[2]      8 6.1ms
                  $techmap438451$auto$abc_ops_reintegrate.cc:611:reintegrate$433198.A[2]      8 6.1ms
                                 ddr3.ddr3_controller_inst.check_test_address_counter[0]     23 6.1ms
                                $abc$431868$auto$simple.cc:193:make_patterns_logic$45867     10 6.1ms
                  $techmap437317$auto$abc_ops_reintegrate.cc:611:reintegrate$433431.A[2]     12 6.1ms
                  $techmap438246$auto$abc_ops_reintegrate.cc:611:reintegrate$433264.A[1]     13 6.0ms
                                        ddr3.ddr3_controller_inst.instruction_address[2]     23 6.0ms
                                    $techmap441383$abc$431868$lut$aiger431867$50896.A[1]     24 6.0ms
                                                 ddr3.ddr3_controller_inst.stage2_row[4]     11 6.0ms
                                 ddr3.ddr3_controller_inst.check_test_address_counter[1]     18 5.9ms
                  $techmap442300$auto$abc_ops_reintegrate.cc:611:reintegrate$432134.A[0]      9 5.9ms
                                                 ddr3.ddr3_controller_inst.stage2_row[2]     11 5.9ms
                  $techmap440197$auto$abc_ops_reintegrate.cc:611:reintegrate$432714.A[2]      8 5.9ms
                                            ddr3.ddr3_controller_inst.stage1_next_row[3]     11 5.9ms
                  $techmap440510$auto$abc_ops_reintegrate.cc:611:reintegrate$432598.A[0]      8 5.9ms
                  $techmap437094$auto$abc_ops_reintegrate.cc:611:reintegrate$433489.A[0]     32 5.9ms
                                                                         ddr3.bitslip[0]     18 5.8ms
                  $techmap441649$auto$abc_ops_reintegrate.cc:611:reintegrate$432305.A[0]      9 5.8ms
                                    $techmap438594$abc$431868$lut$aiger431867$28095.A[2]      3 5.8ms
                                    $techmap436446$abc$431868$lut$aiger431867$21989.A[1]      5 5.8ms
                                         ddr3.ddr3_controller_inst.unaligned_data[3][42]      2 5.8ms
                                    $techmap443272$abc$431868$lut$aiger431867$20404.A[0]      4 5.8ms
                                    $techmap437236$abc$431868$lut$aiger431867$12922.A[1]     11 5.8ms
                  $techmap437704$auto$abc_ops_reintegrate.cc:611:reintegrate$433428.A[1]      9 5.7ms
                                    $techmap442558$abc$431868$lut$aiger431867$53889.A[3]      2 5.7ms
                                            ddr3.ddr3_controller_inst.stage1_next_row[2]     11 5.6ms
                                      ddr3.ddr3_controller_inst.write_by_byte_counter[0]     19 5.6ms
                  $techmap438271$auto$abc_ops_reintegrate.cc:611:reintegrate$433250.A[3]      7 5.6ms
                                    ddr3.ddr3_controller_inst.stage2_data_unaligned[255]      9 5.6ms
                                    ddr3.ddr3_controller_inst.calib_data_randomized[118]     15 5.5ms
                                                                                  s_b[4]      2 5.5ms
                                                ddr3.ddr3_controller_inst.stage2_bank[1]     14 5.5ms
                                    $techmap436452$abc$431868$lut$aiger431867$22077.A[4]      8 5.5ms
                  $techmap440437$auto$abc_ops_reintegrate.cc:611:reintegrate$432628.A[0]      9 5.5ms
                                     ddr3.ddr3_controller_inst.stage2_data_unaligned[95]      6 5.4ms
                  $techmap438550$auto$abc_ops_reintegrate.cc:611:reintegrate$433179.A[0]     11 5.4ms
                                    $techmap443497$abc$431868$lut$aiger431867$20527.A[1]      3 5.4ms
                                  ddr3.ddr3_controller_inst.read_test_address_counter[2]      5 5.4ms
                  $techmap440510$auto$abc_ops_reintegrate.cc:611:reintegrate$432598.A[3]      7 5.4ms
                                                                     pattern.test.enz[0]      1 5.3ms
                  $techmap442242$auto$abc_ops_reintegrate.cc:611:reintegrate$432150.A[0]      9 5.3ms
                  $techmap442044$auto$abc_ops_reintegrate.cc:611:reintegrate$432212.A[0]      9 5.3ms
                  $techmap440724$auto$abc_ops_reintegrate.cc:611:reintegrate$432527.A[0]      8 5.3ms
                  $techmap440028$auto$abc_ops_reintegrate.cc:611:reintegrate$432765.A[1]      7 5.3ms
                                                                   pattern.test.acks[24]      5 5.3ms
                  $techmap440467$auto$abc_ops_reintegrate.cc:611:reintegrate$432617.A[2]      8 5.3ms
                                    ddr3.ddr3_controller_inst.calib_data_randomized[101]     12 5.3ms
                  $techmap438997$auto$abc_ops_reintegrate.cc:611:reintegrate$433045.A[3]      7 5.2ms
                                    $techmap443291$abc$431868$lut$aiger431867$20308.A[0]      5 5.2ms
                                      ddr3.ddr3_controller_inst.stage2_data_unaligned[1]      8 5.2ms
                                    $techmap436453$abc$431868$lut$aiger431867$22092.A[3]      8 5.2ms
                                    ddr3.ddr3_controller_inst.calib_data_randomized[103]     14 5.2ms
                                         $techmap445671$abc$431868$lut$aiger$o12769.A[4]      4 5.2ms
                  $techmap440510$auto$abc_ops_reintegrate.cc:611:reintegrate$432598.A[2]      8 5.2ms
                                    $techmap438478$abc$431868$lut$aiger431867$26988.A[1]     12 5.2ms
                  $techmap438112$auto$abc_ops_reintegrate.cc:611:reintegrate$433282.A[3]      7 5.2ms
                                ddr3.ddr3_controller_inst.write_test_address_counter[14]      4 5.2ms
                  $techmap442800$auto$abc_ops_reintegrate.cc:611:reintegrate$431900.A[1]     13 5.2ms
                  $techmap437275$auto$abc_ops_reintegrate.cc:611:reintegrate$433443.A[3]      8 5.2ms
                                    $techmap437311$abc$431868$lut$aiger431867$13427.A[1]      7 5.2ms
                  $techmap436029$auto$abc_ops_reintegrate.cc:611:reintegrate$433698.A[1]      7 5.1ms
                                    $techmap440733$abc$431868$lut$aiger431867$47158.A[3]     11 5.1ms
                                     ddr3.ddr3_controller_inst.stage2_data_unaligned[73]      7 5.1ms
                  $techmap442194$auto$abc_ops_reintegrate.cc:611:reintegrate$432170.A[0]      9 5.1ms
                                    ddr3.ddr3_controller_inst.stage2_data_unaligned[136]      8 5.1ms
                                    ddr3.ddr3_controller_inst.stage2_data_unaligned[226]      7 5.0ms
                                    $techmap437101$abc$431868$lut$aiger431867$12301.A[2]      5 5.0ms
                  $techmap442816$auto$abc_ops_reintegrate.cc:611:reintegrate$431894.A[2]     13 5.0ms
                                    ddr3.ddr3_controller_inst.stage2_data_unaligned[190]      5 5.0ms
                  $techmap442438$auto$abc_ops_reintegrate.cc:611:reintegrate$432072.A[0]      9 5.0ms
                                                                    pattern.test.acks[7]      5 5.0ms
                  $techmap441859$auto$abc_ops_reintegrate.cc:611:reintegrate$432263.A[0]      9 5.0ms
                                    $techmap444665$abc$431868$lut$aiger431867$43474.A[2]      3 5.0ms
                     $abc$431868$flatten\ddr3.\ddr3_controller_inst.$procmux$19342_Y[26]      3 5.0ms
                                                                  ddr3.iserdes_data[150]      2 5.0ms
                                    ddr3.ddr3_controller_inst.stage2_data_unaligned[238]     12 5.0ms
                  $techmap437767$auto$abc_ops_reintegrate.cc:611:reintegrate$433425.A[1]     10 4.9ms
                  $techmap439394$auto$abc_ops_reintegrate.cc:611:reintegrate$432944.A[0]      9 4.9ms
                                           ddr3.ddr3_controller_inst.stage1_next_bank[0]     10 4.9ms
                                    ddr3.ddr3_controller_inst.stage2_data_unaligned[254]     12 4.9ms
                  $techmap442795$auto$abc_ops_reintegrate.cc:611:reintegrate$431901.A[0]     11 4.9ms
                  $techmap436027$auto$abc_ops_reintegrate.cc:611:reintegrate$433700.A[1]      7 4.9ms
                                                 ddr3.ddr3_controller_inst.stage2_row[8]     11 4.9ms
                  $techmap438785$auto$abc_ops_reintegrate.cc:611:reintegrate$433110.A[0]      8 4.9ms
                                    ddr3.ddr3_controller_inst.stage2_data_unaligned[115]      6 4.9ms
                                                 ddr3.ddr3_controller_inst.stage2_row[9]     11 4.9ms
                                           ddr3.ddr3_controller_inst.stage1_next_bank[1]     11 4.9ms
                                           ddr3.ddr3_controller_inst.stage1_next_bank[2]     15 4.9ms
                                                                   pattern.test.acks[30]      5 4.9ms
                  $techmap437265$auto$abc_ops_reintegrate.cc:611:reintegrate$433446.A[3]     10 4.8ms
                  $techmap440387$auto$abc_ops_reintegrate.cc:611:reintegrate$432645.A[0]      8 4.8ms
                                    $techmap443325$abc$431868$lut$aiger431867$42428.A[3]      2 4.8ms
                                                                            wb_rdata[61]      3 4.8ms
                                $abc$431868$auto$simple.cc:210:make_patterns_logic$40772      2 4.8ms
                                           ddr3.ddr3_controller_inst.added_read_pipe_max     19 4.8ms
                                    $techmap438501$abc$431868$lut$aiger431867$27034.A[1]     11 4.8ms
                  $techmap441191$auto$abc_ops_reintegrate.cc:611:reintegrate$432387.A[0]      9 4.8ms
                                    $techmap441295$abc$431868$lut$aiger431867$50562.A[2]      3 4.8ms
                                    ddr3.ddr3_controller_inst.stage2_data_unaligned[195]      6 4.8ms
                  $techmap438271$auto$abc_ops_reintegrate.cc:611:reintegrate$433250.A[2]      8 4.8ms
                                     ddr3.ddr3_controller_inst.stage2_data_unaligned[12]      8 4.8ms
                                            ddr3.ddr3_controller_inst.stage1_next_row[0]     11 4.8ms
                  $techmap440307$auto$abc_ops_reintegrate.cc:611:reintegrate$432676.A[0]     12 4.7ms
                                    $techmap438102$abc$431868$lut$aiger431867$20049.A[2]      4 4.7ms
                  $techmap436466$auto$abc_ops_reintegrate.cc:611:reintegrate$433572.A[1]      8 4.7ms
                  $techmap442835$auto$abc_ops_reintegrate.cc:611:reintegrate$431883.A[0]     11 4.7ms
                                    $techmap436464$abc$431868$lut$aiger431867$22261.A[0]      8 4.7ms
                                                   ddr3.ddr3_controller_inst.initial_dqs     13 4.7ms
                                         $techmap445268$abc$431868$lut$aiger$o14548.A[3]      4 4.7ms
                                     ddr3.ddr3_controller_inst.stage2_data_unaligned[26]      6 4.7ms
                                         $techmap444840$abc$431868$lut$aiger$o10103.A[3]     10 4.7ms
                  $techmap436036$auto$abc_ops_reintegrate.cc:611:reintegrate$433691.A[1]      7 4.7ms
                                    $techmap438717$abc$431868$lut$aiger431867$29631.A[0]      8 4.7ms
                                    ddr3.ddr3_controller_inst.stage2_data_unaligned[168]      8 4.7ms
                                     ddr3.ddr3_controller_inst.stage2_data_unaligned[28]      8 4.7ms
                                    $techmap443254$abc$431868$lut$aiger431867$20284.A[1]      3 4.7ms
                  $techmap441268$auto$abc_ops_reintegrate.cc:611:reintegrate$432374.A[1]     15 4.7ms
                                            ddr3.ddr3_controller_inst.stage1_next_row[6]     11 4.7ms
                  $techmap439170$auto$abc_ops_reintegrate.cc:611:reintegrate$433003.A[2]      8 4.7ms
                  $techmap442495$auto$abc_ops_reintegrate.cc:611:reintegrate$432047.A[0]      9 4.7ms
                                         $techmap444712$abc$431868$lut$aiger$o10054.A[3]     28 4.6ms
                  $techmap440653$auto$abc_ops_reintegrate.cc:611:reintegrate$432553.A[3]      7 4.6ms
                                           $abc$431868$auto$rtlil.cc:3488:NotGate$123820     16 4.6ms
                  $techmap439001$auto$abc_ops_reintegrate.cc:611:reintegrate$433042.A[0]      8 4.6ms
                                  ddr3.ddr3_controller_inst.read_test_address_counter[3]      5 4.6ms
                                    $techmap443018$abc$431868$lut$not$aiger431867$7929.A      4 4.6ms
                  $techmap441910$auto$abc_ops_reintegrate.cc:611:reintegrate$432251.A[0]      9 4.6ms
                                                 ddr3.ddr3_controller_inst.dqs_store[15]      5 4.6ms
                  $techmap439376$auto$abc_ops_reintegrate.cc:611:reintegrate$432953.A[1]      7 4.6ms
                                   $techmap443160$abc$431868$lut$not$aiger431867$33177.A     10 4.6ms
                                    $techmap436455$abc$431868$lut$aiger431867$22120.A[1]      8 4.6ms
                  $techmap442716$auto$abc_ops_reintegrate.cc:611:reintegrate$431940.A[0]      9 4.6ms
                  $techmap440388$auto$abc_ops_reintegrate.cc:611:reintegrate$432644.A[0]      9 4.5ms
                                         $techmap444107$abc$431868$lut$aiger$o13933.A[2]      4 4.5ms
                  $techmap436466$auto$abc_ops_reintegrate.cc:611:reintegrate$433572.A[0]      8 4.5ms
                  $techmap440653$auto$abc_ops_reintegrate.cc:611:reintegrate$432553.A[2]      8 4.5ms
                  $techmap438788$auto$abc_ops_reintegrate.cc:611:reintegrate$433108.A[0]      8 4.5ms
                  $techmap437963$auto$abc_ops_reintegrate.cc:611:reintegrate$433315.A[3]      8 4.5ms
                                          ddr3.ddr3_controller_inst.read_data_store[126]      1 4.5ms
                                    $techmap444102$abc$431868$lut$aiger431867$50353.A[0]      3 4.5ms
                  $techmap440197$auto$abc_ops_reintegrate.cc:611:reintegrate$432714.A[0]      8 4.5ms
                                     ddr3.ddr3_controller_inst.stage2_data_unaligned[58]      5 4.5ms
                  $techmap438451$auto$abc_ops_reintegrate.cc:611:reintegrate$433198.A[1]      7 4.5ms
                                    ddr3.ddr3_controller_inst.stage2_data_unaligned[119]      6 4.5ms
                                    $techmap436452$abc$431868$lut$aiger431867$22077.A[5]      8 4.5ms
                                                                  ddr3.iserdes_data[241]      2 4.5ms
                  $techmap442003$auto$abc_ops_reintegrate.cc:611:reintegrate$432225.A[0]      9 4.5ms
                                            $auto$alumacc.cc:548:replace_alu$43745.Y[13]      3 4.5ms
                                                                         ddr3.bitslip[1]     18 4.5ms
                                    $techmap444743$abc$431868$lut$aiger431867$49429.A[1]      3 4.4ms
                                    $techmap436587$abc$431868$lut$aiger431867$23064.A[0]      7 4.4ms
                                    $techmap443857$abc$431868$lut$aiger431867$13426.A[5]      3 4.4ms
                                    $techmap436449$abc$431868$lut$aiger431867$22022.A[2]      8 4.4ms
                  $techmap442695$auto$abc_ops_reintegrate.cc:611:reintegrate$431953.A[0]      9 4.4ms
                                                                   pattern.test.acks[16]      5 4.4ms
                                    ddr3.ddr3_controller_inst.stage2_data_unaligned[177]      7 4.4ms
                                         $techmap443318$abc$431868$lut$aiger$o14085.A[3]      4 4.4ms
                                    $techmap443232$abc$431868$lut$aiger431867$29451.A[2]      5 4.4ms
                  $techmap440064$auto$abc_ops_reintegrate.cc:611:reintegrate$432753.A[0]      9 4.4ms
                                    $techmap436461$abc$431868$lut$aiger431867$22208.A[4]      7 4.4ms
                                    $techmap439042$abc$431868$lut$aiger431867$23598.A[0]      6 4.3ms
                                        ddr3.ddr3_controller_inst.write_pattern_lane[37]      2 4.3ms
                                                 ddr3.ddr3_controller_inst.stage2_row[1]     11 4.3ms
                  $techmap440007$auto$abc_ops_reintegrate.cc:611:reintegrate$432777.A[0]      8 4.3ms
                                           ddr3.ddr3_controller_inst.stage1_next_row[14]     10 4.3ms
                                          ddr3.ddr3_controller_inst.read_data_store[217]      1 4.3ms
                                    $techmap438469$abc$431868$lut$aiger431867$16611.A[1]     13 4.3ms
                                         $techmap444427$abc$431868$lut$aiger$o14849.A[4]      1 4.3ms
                                     ddr3.ddr3_controller_inst.stage2_data_unaligned[30]      6 4.3ms
                                    $techmap436464$abc$431868$lut$aiger431867$22261.A[1]      8 4.3ms
                                           ddr3.ddr3_controller_inst.read_data_store[92]      1 4.3ms
                                                                           wb_rdata[121]      4 4.3ms
                                    $techmap443352$abc$431868$lut$aiger431867$42413.A[1]      2 4.3ms
                                    $techmap436692$abc$431868$lut$aiger431867$30230.A[0]      4 4.3ms
                                     ddr3.ddr3_controller_inst.stage2_data_unaligned[14]      6 4.3ms
                                                                  ddr3.iserdes_data[237]      2 4.3ms
                                    $techmap436587$abc$431868$lut$aiger431867$23064.A[3]      7 4.2ms
                                                                           wb_rdata[237]      4 4.2ms
                                    ddr3.ddr3_controller_inst.stage2_data_unaligned[120]      8 4.2ms
                                         $techmap444343$abc$431868$lut$aiger$o14888.A[3]      5 4.2ms
                  $techmap438125$auto$abc_ops_reintegrate.cc:611:reintegrate$433279.A[1]     14 4.2ms
                  $techmap442555$auto$abc_ops_reintegrate.cc:611:reintegrate$432019.A[0]      9 4.2ms
                                                                  ddr3.iserdes_data[183]      2 4.2ms
                  $techmap440318$auto$abc_ops_reintegrate.cc:611:reintegrate$432671.A[2]      4 4.2ms
                             ddr3.ddr3_controller_inst.delay_before_read_counter_q[0][2]      5 4.2ms
                  $techmap438278$auto$abc_ops_reintegrate.cc:611:reintegrate$433247.A[1]      9 4.2ms
                  $techmap440931$auto$abc_ops_reintegrate.cc:611:reintegrate$432453.A[0]      9 4.2ms
                                         $techmap445739$abc$431868$lut$aiger$o11048.A[0]      1 4.2ms
                  $techmap440482$auto$abc_ops_reintegrate.cc:611:reintegrate$432609.A[0]      9 4.2ms
                                         $techmap444835$abc$431868$lut$aiger$o13031.A[2]      4 4.2ms
                                    $techmap437788$abc$431868$lut$aiger431867$15665.A[4]     13 4.2ms
                  $techmap439397$auto$abc_ops_reintegrate.cc:611:reintegrate$432943.A[1]     12 4.2ms
                                    $techmap436365$abc$431868$lut$aiger431867$26119.A[0]      4 4.1ms
                                    $techmap438465$abc$431868$lut$aiger431867$16544.A[1]     13 4.1ms
                                                                   ddr3.iserdes_data[75]      2 4.1ms
                  $techmap440724$auto$abc_ops_reintegrate.cc:611:reintegrate$432527.A[2]      8 4.1ms
                  $techmap442669$auto$abc_ops_reintegrate.cc:611:reintegrate$431966.A[0]      9 4.1ms
                                         $techmap445172$abc$431868$lut$aiger$o14576.A[5]      4 4.1ms
                                         $techmap445502$abc$431868$lut$aiger$o13536.A[5]      4 4.1ms
                                    $techmap436585$abc$431868$lut$aiger431867$23010.A[0]      6 4.1ms
                  $techmap438115$auto$abc_ops_reintegrate.cc:611:reintegrate$433280.A[2]      8 4.1ms
                                            $auto$alumacc.cc:548:replace_alu$43745.Y[38]      3 4.1ms
                                    ddr3.ddr3_controller_inst.stage2_data_unaligned[109]      5 4.1ms
                  $techmap442324$auto$abc_ops_reintegrate.cc:611:reintegrate$432123.A[0]      9 4.1ms
                  $techmap436033$auto$abc_ops_reintegrate.cc:611:reintegrate$433694.A[1]      7 4.1ms
                                                                           wb_rdata[176]      4 4.1ms
                  $techmap441008$auto$abc_ops_reintegrate.cc:611:reintegrate$432427.A[2]      6 4.1ms
                  $techmap438312$auto$abc_ops_reintegrate.cc:611:reintegrate$433236.A[2]     10 4.1ms
                  $techmap439812$auto$abc_ops_reintegrate.cc:611:reintegrate$432834.A[2]      6 4.1ms
                  $techmap438299$auto$abc_ops_reintegrate.cc:611:reintegrate$433242.A[0]      7 4.1ms
                                      ddr3.ddr3_controller_inst.stage2_data_unaligned[5]      7 4.1ms
                  $techmap440967$auto$abc_ops_reintegrate.cc:611:reintegrate$432444.A[2]     10 4.1ms
                                    $techmap439727$abc$431868$lut$aiger431867$39242.A[2]      4 4.1ms
                  $techmap440651$auto$abc_ops_reintegrate.cc:611:reintegrate$432554.A[2]      6 4.1ms
                  $techmap437265$auto$abc_ops_reintegrate.cc:611:reintegrate$433446.A[4]     14 4.1ms
                  $techmap438125$auto$abc_ops_reintegrate.cc:611:reintegrate$433279.A[2]     10 4.1ms
                                                                   pattern.test.acks[31]      5 4.0ms
                                    $techmap438123$abc$431868$lut$aiger431867$20235.A[2]      7 4.0ms
                                    $techmap437440$abc$431868$lut$aiger431867$14221.A[1]      1 4.0ms
                  $techmap440917$auto$abc_ops_reintegrate.cc:611:reintegrate$432459.A[2]      8 4.0ms
                                            ddr3.ddr3_controller_inst.stage1_next_row[9]     11 4.0ms
                                                           ddr3.idelay_dqs_cntvaluein[1]      7 4.0ms
                  $techmap437237$auto$abc_ops_reintegrate.cc:611:reintegrate$433451.A[3]     17 4.0ms
                                         $techmap443462$abc$431868$lut$aiger$o14063.A[2]      1 4.0ms
                  $techmap440757$auto$abc_ops_reintegrate.cc:611:reintegrate$432516.A[0]      9 4.0ms
                                    $techmap436449$abc$431868$lut$aiger431867$22022.A[0]      8 4.0ms
                                      ddr3.ddr3_controller_inst.stage2_data_unaligned[4]      8 4.0ms
                                     ddr3.ddr3_controller_inst.stage2_data_unaligned[76]      6 4.0ms
                                                                  ddr3.iserdes_data[145]      2 4.0ms
                                    $techmap443232$abc$431868$lut$aiger431867$29451.A[3]      5 4.0ms
                                    $techmap436404$abc$431868$lut$aiger431867$31213.A[0]      4 4.0ms
                  $techmap442090$auto$abc_ops_reintegrate.cc:611:reintegrate$432200.A[0]      9 4.0ms
                  $techmap440917$auto$abc_ops_reintegrate.cc:611:reintegrate$432459.A[1]      7 4.0ms
                                    $techmap436965$abc$431868$lut$aiger431867$11808.A[0]      7 4.0ms
                                     ddr3.ddr3_controller_inst.stage2_data_unaligned[44]      6 4.0ms
                                                                           wb_rdata[138]      3 4.0ms
                                             $abc$431868$auto$rtlil.cc:3386:Mux$44848[4]      4 4.0ms
                  $techmap440769$auto$abc_ops_reintegrate.cc:611:reintegrate$432510.A[2]      7 4.0ms
                                    $techmap443907$abc$431868$lut$aiger431867$50530.A[0]      3 4.0ms
                  $techmap438451$auto$abc_ops_reintegrate.cc:611:reintegrate$433198.A[3]      7 4.0ms
                                                           ddr3.idelay_dqs_cntvaluein[3]      7 4.0ms
                                                                   pattern.test.acks[19]      5 3.9ms
                                         $techmap443559$abc$431868$lut$aiger$o14056.A[4]      4 3.9ms
                                    $techmap436460$abc$431868$lut$aiger431867$22169.A[3]      7 3.9ms
                                    $techmap436574$abc$431868$lut$aiger431867$22913.A[3]      5 3.9ms
                                                                   pattern.test.acks[29]      5 3.9ms
                  $techmap440070$auto$abc_ops_reintegrate.cc:611:reintegrate$432751.A[0]      8 3.9ms
                                    $techmap443224$abc$431868$lut$aiger431867$29499.A[0]      5 3.9ms
                                         $techmap444829$abc$431868$lut$aiger$o14698.A[4]      3 3.9ms
                  $techmap440467$auto$abc_ops_reintegrate.cc:611:reintegrate$432617.A[0]      8 3.9ms
                  $techmap442773$auto$abc_ops_reintegrate.cc:611:reintegrate$431912.A[3]      5 3.9ms
                  $techmap442616$auto$abc_ops_reintegrate.cc:611:reintegrate$431992.A[0]      9 3.9ms
                                      ddr3.ddr3_controller_inst.bank_active_row_d[4][13]      4 3.9ms
                                 ddr3.ddr3_controller_inst.read_test_address_counter[13]      5 3.9ms
                  $techmap439798$auto$abc_ops_reintegrate.cc:611:reintegrate$432840.A[2]     13 3.9ms
                  $techmap436019$auto$abc_ops_reintegrate.cc:611:reintegrate$433708.A[1]      7 3.9ms
                                    ddr3.ddr3_controller_inst.stage2_data_unaligned[232]      7 3.9ms
                  $techmap439985$auto$abc_ops_reintegrate.cc:611:reintegrate$432788.A[0]      8 3.9ms
                                    $techmap437826$abc$431868$lut$aiger431867$13726.A[1]     13 3.9ms
         $techmap442783$auto$abc_ops_reintegrate.cc:611:reintegrate$431905.A[1]$sum$4657     14 3.9ms
                                         $techmap443559$abc$431868$lut$aiger$o14056.A[5]      4 3.8ms
                                    $techmap436598$abc$431868$lut$aiger431867$23233.A[0]      7 3.8ms
                                                                    pattern.test.acks[5]      5 3.8ms
                  $techmap441721$auto$abc_ops_reintegrate.cc:611:reintegrate$432293.A[0]      9 3.8ms
                  $techmap441284$auto$abc_ops_reintegrate.cc:611:reintegrate$432369.A[0]      9 3.8ms
                  $techmap440510$auto$abc_ops_reintegrate.cc:611:reintegrate$432598.A[1]      7 3.8ms
                                     ddr3.ddr3_controller_inst.stage2_data_unaligned[29]      6 3.8ms
                                          ddr3.ddr3_controller_inst.read_data_store[171]      1 3.8ms
                  $techmap436826$auto$abc_ops_reintegrate.cc:611:reintegrate$433547.A[2]      2 3.8ms
                                    $techmap437043$abc$431868$lut$aiger431867$12093.A[1]      2 3.8ms
                  $techmap440704$auto$abc_ops_reintegrate.cc:611:reintegrate$432533.A[0]      9 3.8ms
                                    ddr3.ddr3_controller_inst.stage2_data_unaligned[207]      7 3.8ms
                                     $abc$431868$auto$simple.cc:234:combine_resets$45400      4 3.8ms
                                                                              line_b[22]      1 3.8ms
                                    $techmap436585$abc$431868$lut$aiger431867$23010.A[1]      6 3.8ms
                                    $techmap436584$abc$431868$lut$aiger431867$22995.A[2]      7 3.8ms
                                     ddr3.ddr3_controller_inst.stage2_data_unaligned[24]      6 3.8ms
                  $techmap440367$auto$abc_ops_reintegrate.cc:611:reintegrate$432658.A[0]      6 3.8ms
                  $techmap436034$auto$abc_ops_reintegrate.cc:611:reintegrate$433693.A[1]      7 3.8ms
                                                 ddr3.ddr3_controller_inst.stage2_row[5]     11 3.8ms
                  $techmap441137$auto$abc_ops_reintegrate.cc:611:reintegrate$432400.A[0]      9 3.8ms
                                    $techmap436456$abc$431868$lut$aiger431867$22121.A[1]      6 3.8ms
                  $techmap436413$auto$abc_ops_reintegrate.cc:611:reintegrate$433578.A[1]      3 3.8ms
                                    ddr3.ddr3_controller_inst.stage2_data_unaligned[131]      6 3.8ms
                                    $techmap443232$abc$431868$lut$aiger431867$29451.A[0]      3 3.8ms
                                  ddr3.ddr3_controller_inst.read_test_address_counter[4]      5 3.8ms
                                            $auto$alumacc.cc:548:replace_alu$43745.Y[25]      3 3.8ms
                                                                           wb_rdata[254]      4 3.7ms
                                    ddr3.ddr3_controller_inst.stage2_data_unaligned[253]      8 3.7ms
                  $techmap442641$auto$abc_ops_reintegrate.cc:611:reintegrate$431980.A[0]      9 3.7ms
                  $techmap436809$auto$abc_ops_reintegrate.cc:611:reintegrate$433551.A[0]      7 3.7ms
                  $techmap440917$auto$abc_ops_reintegrate.cc:611:reintegrate$432459.A[3]      7 3.7ms
                  $techmap441023$auto$abc_ops_reintegrate.cc:611:reintegrate$432422.A[2]     11 3.7ms
                                             $techmap134354$auto$ff.cc:337:slice$56427.D      1 3.7ms
                                                                  ddr3.iserdes_data[203]      2 3.7ms
                                                                  ddr3.iserdes_data[251]      2 3.7ms
                                                                               line_a[8]      2 3.7ms
                                             $abc$431868$auto$rtlil.cc:3386:Mux$44824[0]      4 3.7ms
                                    ddr3.ddr3_controller_inst.stage2_data_unaligned[230]     11 3.7ms
                  $techmap442754$auto$abc_ops_reintegrate.cc:611:reintegrate$431920.A[2]     11 3.7ms
                                         $techmap445438$abc$431868$lut$aiger$o13555.A[2]      1 3.7ms
                                    $techmap436582$abc$431868$lut$aiger431867$22438.A[1]      5 3.7ms
                  $techmap441767$auto$abc_ops_reintegrate.cc:611:reintegrate$432281.A[0]      9 3.7ms
                                                                  ddr3.iserdes_data[112]      2 3.7ms
                                                  ddr3.ddr3_controller_inst.stage2_do_wr     15 3.7ms
                                    $techmap443242$abc$431868$lut$aiger431867$44310.A[3]      4 3.7ms
                                             $abc$431868$auto$rtlil.cc:3386:Mux$44848[2]      4 3.7ms
                                         $techmap444007$abc$431868$lut$aiger$o10580.A[4]      4 3.7ms
        $abc$431868$memory\ddr3.ddr3_controller_inst.idelay_data_cntvaluein$wren[3][1][0]$y$45720     10 3.7ms
                                         $techmap445732$abc$431868$lut$aiger$o14332.A[2]      1 3.7ms
                                    ddr3.ddr3_controller_inst.stage2_data_unaligned[222]      6 3.7ms
                  $techmap439528$auto$abc_ops_reintegrate.cc:611:reintegrate$432907.A[2]     10 3.7ms
                                    ddr3.ddr3_controller_inst.calib_data_randomized[114]      7 3.7ms
                                    $techmap437762$abc$431868$lut$aiger431867$15501.A[1]      3 3.7ms
                                    ddr3.ddr3_controller_inst.stage2_data_unaligned[100]      6 3.7ms
                                    $techmap441372$abc$431868$lut$aiger431867$50867.A[3]      6 3.7ms
                  $techmap438785$auto$abc_ops_reintegrate.cc:611:reintegrate$433110.A[1]      7 3.7ms
                                    $techmap436960$abc$431868$lut$aiger431867$11793.A[1]      4 3.6ms
                                    $techmap440710$abc$431868$lut$aiger431867$23613.A[1]      3 3.6ms
                                    $techmap443540$abc$431868$lut$aiger431867$24477.A[0]      3 3.6ms
                                            $auto$alumacc.cc:548:replace_alu$43745.Y[34]      3 3.6ms
                                         $techmap444666$abc$431868$lut$aiger$o12487.A[2]      4 3.6ms
                                            $auto$alumacc.cc:548:replace_alu$43745.Y[23]      3 3.6ms
                                $abc$431868$auto$simple.cc:210:make_patterns_logic$40741      2 3.6ms
                                    $techmap439761$abc$431868$lut$aiger431867$39493.A[4]      9 3.6ms
                                    $techmap441266$abc$431868$lut$aiger431867$49988.A[2]      5 3.6ms
                                    $techmap437102$abc$431868$lut$aiger431867$12305.A[0]      5 3.6ms
                  $techmap440890$auto$abc_ops_reintegrate.cc:611:reintegrate$432467.A[0]      9 3.6ms
                  $techmap436032$auto$abc_ops_reintegrate.cc:611:reintegrate$433695.A[1]      7 3.6ms
                  $techmap436017$auto$abc_ops_reintegrate.cc:611:reintegrate$433710.A[1]      7 3.6ms
                  $techmap440529$auto$abc_ops_reintegrate.cc:611:reintegrate$432588.A[0]      9 3.6ms
                                    $techmap439945$abc$431868$lut$aiger431867$16148.A[1]      2 3.6ms
                                                 ddr3.ddr3_controller_inst.stage2_row[7]     11 3.6ms
                                                                            wb_rdata[86]      3 3.6ms
                  $techmap440810$auto$abc_ops_reintegrate.cc:611:reintegrate$432495.A[2]      4 3.6ms
                                    $techmap436446$abc$431868$lut$aiger431867$21989.A[0]      5 3.6ms
                                $abc$431868$auto$simple.cc:193:make_patterns_logic$45860     10 3.6ms
                                                                                  s_b[0]      2 3.6ms
                                    $techmap436141$abc$431868$lut$aiger431867$26717.A[1]      3 3.6ms
                                    $techmap438084$abc$431868$lut$aiger431867$19872.A[1]     15 3.6ms
                                    $techmap443267$abc$431868$lut$aiger431867$20380.A[0]      3 3.6ms
                                          $techmap445282$abc$431868$lut$aiger$o8361.A[1]      8 3.6ms
                                                                  pattern.test.daddr[27]      1 3.6ms
                  $techmap439985$auto$abc_ops_reintegrate.cc:611:reintegrate$432788.A[1]      7 3.6ms
                  $techmap440651$auto$abc_ops_reintegrate.cc:611:reintegrate$432554.A[0]      6 3.6ms
                                    $techmap438504$abc$431868$lut$aiger431867$16576.A[0]      9 3.6ms
                  $techmap440028$auto$abc_ops_reintegrate.cc:611:reintegrate$432765.A[0]     11 3.6ms
                                $abc$431868$auto$simple.cc:210:make_patterns_logic$41560      4 3.6ms
                  $techmap436823$auto$abc_ops_reintegrate.cc:611:reintegrate$433548.A[0]      9 3.6ms
                                                                         ddr3.bitslip[3]     18 3.6ms
                                    $techmap436460$abc$431868$lut$aiger431867$22169.A[1]      8 3.5ms
                  $techmap441059$auto$abc_ops_reintegrate.cc:611:reintegrate$432419.A[2]      8 3.5ms
                                    ddr3.ddr3_controller_inst.stage2_data_unaligned[246]     12 3.5ms
                                                                    pattern.test.acks[8]      5 3.5ms
                                    $techmap437153$abc$431868$lut$aiger431867$12526.A[1]      4 3.5ms
                                                                         ddr3.toggle_dqs      4 3.5ms
                                             $abc$431868$auto$rtlil.cc:3386:Mux$44856[3]      4 3.5ms
                                     ddr3.ddr3_controller_inst.stage2_data_unaligned[27]      8 3.5ms
                                     ddr3.ddr3_controller_inst.stage2_data_unaligned[51]      6 3.5ms
                  $techmap442571$auto$abc_ops_reintegrate.cc:611:reintegrate$432012.A[1]      4 3.5ms
                                    $techmap443260$abc$431868$lut$aiger431867$32951.A[1]      4 3.5ms
                  $techmap441369$auto$abc_ops_reintegrate.cc:611:reintegrate$432347.A[0]      9 3.5ms
                  $techmap440320$auto$abc_ops_reintegrate.cc:611:reintegrate$432670.A[0]      8 3.5ms
                  $techmap436018$auto$abc_ops_reintegrate.cc:611:reintegrate$433709.A[1]      7 3.5ms
                                           ddr3.ddr3_controller_inst.stage1_next_row[11]     11 3.5ms
                                         $techmap445513$abc$431868$lut$aiger$o12819.A[2]      4 3.5ms
                                    ddr3.ddr3_controller_inst.calib_data_randomized[105]     10 3.5ms
                                    $techmap438508$abc$431868$lut$aiger431867$27052.A[1]      6 3.5ms
                                    $techmap443349$abc$431868$lut$aiger431867$24321.A[1]      3 3.5ms
                                                                                 s_b[27]      2 3.5ms
                  $techmap436009$auto$abc_ops_reintegrate.cc:611:reintegrate$433718.A[1]      7 3.5ms
                                            ddr3.ddr3_controller_inst.stage1_next_row[1]     11 3.5ms
                                                                              line_a[10]      2 3.5ms
                                         $techmap444107$abc$431868$lut$aiger$o13933.A[3]      4 3.5ms
                  $techmap438271$auto$abc_ops_reintegrate.cc:611:reintegrate$433250.A[1]      7 3.5ms
                                    $techmap436574$abc$431868$lut$aiger431867$22913.A[2]      5 3.5ms
                                                                   pattern.test.acks[13]      5 3.5ms
                  $techmap438328$auto$abc_ops_reintegrate.cc:611:reintegrate$433222.A[0]      9 3.5ms
                  $techmap441923$auto$abc_ops_reintegrate.cc:611:reintegrate$432250.A[3]      3 3.5ms
                  $techmap436833$auto$abc_ops_reintegrate.cc:611:reintegrate$433542.A[0]      4 3.5ms
                  $techmap440953$auto$abc_ops_reintegrate.cc:611:reintegrate$432448.A[1]      8 3.5ms
                  $techmap440653$auto$abc_ops_reintegrate.cc:611:reintegrate$432553.A[1]      7 3.5ms
                                            ddr3.ddr3_controller_inst.read_lane_data[63]      4 3.5ms
                                    $techmap439739$abc$431868$lut$aiger431867$39286.A[4]      4 3.5ms
                                                                           wb_rdata[166]      3 3.5ms
                  $techmap440457$auto$abc_ops_reintegrate.cc:611:reintegrate$432622.A[2]      4 3.5ms
                  $techmap438271$auto$abc_ops_reintegrate.cc:611:reintegrate$433250.A[0]      8 3.5ms
                                      ddr3.ddr3_controller_inst.stage2_data_unaligned[8]      6 3.5ms
                                     ddr3.ddr3_controller_inst.stage2_data_unaligned[35]      6 3.5ms
                                         $techmap443814$abc$431868$lut$aiger$o13194.A[4]      1 3.5ms
                  $techmap438451$auto$abc_ops_reintegrate.cc:611:reintegrate$433198.A[0]      8 3.5ms
                                               ddr3.ddr3_controller_inst.stage1_data[39]      2 3.5ms
                                    $techmap436589$abc$431868$lut$aiger431867$23092.A[1]      7 3.5ms
                                    ddr3.ddr3_controller_inst.stage2_data_unaligned[236]      7 3.4ms
                  $techmap442384$auto$abc_ops_reintegrate.cc:611:reintegrate$432097.A[0]      9 3.4ms
                                                 ddr3.ddr3_controller_inst.stage2_row[6]     11 3.4ms
                                                           ddr3.idelay_dqs_cntvaluein[0]      4 3.4ms
                                            ddr3.ddr3_controller_inst.stage1_next_row[4]     11 3.4ms
                                    ddr3.ddr3_controller_inst.stage2_data_unaligned[184]      8 3.4ms
                                                 ddr3.ddr3_controller_inst.stage2_row[0]     11 3.4ms
                  $techmap440978$auto$abc_ops_reintegrate.cc:611:reintegrate$432437.A[0]      9 3.4ms
                                 ddr3.ddr3_controller_inst.check_test_address_counter[7]     15 3.4ms
                                            ddr3.ddr3_controller_inst.dqs_start_index[3]     14 3.4ms
                                      ddr3.ddr3_controller_inst.calib_data_randomized[0]      8 3.4ms
                  $techmap440713$auto$abc_ops_reintegrate.cc:611:reintegrate$432532.A[1]      2 3.4ms
                                                                   pattern.test.eaddr[8]      1 3.4ms
                                                                              line_b[31]      1 3.4ms
                  $techmap442474$auto$abc_ops_reintegrate.cc:611:reintegrate$432057.A[0]      9 3.4ms
                  $techmap440782$auto$abc_ops_reintegrate.cc:611:reintegrate$432506.A[0]      8 3.4ms
                  $techmap440213$auto$abc_ops_reintegrate.cc:611:reintegrate$432706.A[0]      9 3.4ms
                                    $techmap444417$abc$431868$lut$aiger431867$46389.A[2]      3 3.4ms
                                    $techmap436918$abc$431868$lut$aiger431867$11620.A[2]      3 3.4ms
                                    $techmap443503$abc$431868$lut$aiger431867$24363.A[0]      3 3.4ms
                  $techmap436332$auto$abc_ops_reintegrate.cc:611:reintegrate$433581.A[1]      8 3.4ms
                                            ddr3.ddr3_controller_inst.read_lane_data[44]      3 3.4ms
                                    $techmap436584$abc$431868$lut$aiger431867$22995.A[1]      7 3.4ms
                  $techmap436037$auto$abc_ops_reintegrate.cc:611:reintegrate$433690.A[1]      7 3.4ms
                  $techmap442778$auto$abc_ops_reintegrate.cc:611:reintegrate$431909.A[1]      4 3.4ms
                                                                  ddr3.iserdes_data[106]      2 3.4ms
                                             $abc$431868$auto$rtlil.cc:3386:Mux$44840[3]      4 3.4ms
                                        ddr3.ddr3_controller_inst.write_pattern_lane[33]      1 3.4ms
                  $techmap440367$auto$abc_ops_reintegrate.cc:611:reintegrate$432658.A[2]      6 3.4ms
                                            ddr3.ddr3_controller_inst.read_lane_data[18]      3 3.4ms
                                         $techmap444418$abc$431868$lut$aiger$o13083.A[2]      4 3.4ms
                                                                   ddr3.iserdes_data[19]      2 3.4ms
                                    $techmap436098$abc$431868$lut$aiger431867$21193.A[3]      4 3.4ms
                  $techmap437881$auto$abc_ops_reintegrate.cc:611:reintegrate$433372.A[0]      7 3.4ms
                  $techmap436820$auto$abc_ops_reintegrate.cc:611:reintegrate$433549.A[1]      3 3.4ms
                                                                            wb_rdata[60]      3 3.4ms
                                             $abc$431868$auto$rtlil.cc:3386:Mux$44824[3]      4 3.4ms
                  $techmap439812$auto$abc_ops_reintegrate.cc:611:reintegrate$432834.A[3]      5 3.4ms
                                    $techmap436096$abc$431868$lut$aiger431867$21174.A[4]      2 3.4ms
                                                ddr3.ddr3_controller_inst.calib_addr[18]      2 3.4ms
                                         $techmap443732$abc$431868$lut$aiger$o11514.A[1]      4 3.4ms
                                         $techmap444624$abc$431868$lut$aiger$o11205.A[1]      4 3.4ms
                  $techmap440595$auto$abc_ops_reintegrate.cc:611:reintegrate$432573.A[0]      9 3.4ms
                  $techmap442129$auto$abc_ops_reintegrate.cc:611:reintegrate$432188.A[0]      9 3.4ms
                                    $techmap438491$abc$431868$lut$aiger431867$27012.A[3]     10 3.4ms
                  $techmap437265$auto$abc_ops_reintegrate.cc:611:reintegrate$433446.A[2]      8 3.3ms
                                    $techmap443224$abc$431868$lut$aiger431867$29499.A[3]      4 3.3ms
                  $techmap436012$auto$abc_ops_reintegrate.cc:611:reintegrate$433715.A[1]      7 3.3ms
                  $techmap440284$auto$abc_ops_reintegrate.cc:611:reintegrate$432685.A[0]      9 3.3ms
                                    ddr3.ddr3_controller_inst.stage2_data_unaligned[110]      5 3.3ms
                  $techmap440848$auto$abc_ops_reintegrate.cc:611:reintegrate$432483.A[2]      4 3.3ms
                  $techmap436028$auto$abc_ops_reintegrate.cc:611:reintegrate$433699.A[1]      7 3.3ms
                                    ddr3.ddr3_controller_inst.stage2_data_unaligned[220]      7 3.3ms
                                                                    pattern.test.acks[2]      5 3.3ms
                  $techmap441305$auto$abc_ops_reintegrate.cc:611:reintegrate$432362.A[3]      7 3.3ms
                  $techmap442591$auto$abc_ops_reintegrate.cc:611:reintegrate$432004.A[0]      9 3.3ms
                                  ddr3.ddr3_controller_inst.read_test_address_counter[5]      5 3.3ms
                                                                  ddr3.iserdes_data[208]      2 3.3ms
                                  ddr3.ddr3_controller_inst.stage2_data_unaligned_d[182]      1 3.3ms
                                             $abc$431868$auto$rtlil.cc:3386:Mux$44824[6]      4 3.3ms
                  $techmap441198$auto$abc_ops_reintegrate.cc:611:reintegrate$432385.A[0]      8 3.3ms
                  $techmap440078$auto$abc_ops_reintegrate.cc:611:reintegrate$432746.A[0]      8 3.3ms
                                    $techmap441868$abc$431868$lut$aiger431867$51843.A[5]      2 3.3ms
                  $techmap436024$auto$abc_ops_reintegrate.cc:611:reintegrate$433703.A[1]      7 3.3ms
                  $techmap440956$auto$abc_ops_reintegrate.cc:611:reintegrate$432446.A[0]      8 3.3ms
                  $techmap438559$auto$abc_ops_reintegrate.cc:611:reintegrate$433175.A[1]     11 3.3ms
                  $techmap440854$auto$abc_ops_reintegrate.cc:611:reintegrate$432479.A[0]      9 3.3ms
                  $techmap438662$auto$abc_ops_reintegrate.cc:611:reintegrate$433148.A[4]      3 3.3ms
                                    $techmap439338$abc$431868$lut$aiger431867$37066.A[4]     11 3.3ms
                                    ddr3.ddr3_controller_inst.stage2_data_unaligned[245]      8 3.3ms
                  $techmap438785$auto$abc_ops_reintegrate.cc:611:reintegrate$433110.A[3]      7 3.3ms
                  $techmap441557$auto$abc_ops_reintegrate.cc:611:reintegrate$432322.A[0]      9 3.3ms
                                                ddr3.ddr3_controller_inst.stage2_row[12]     10 3.3ms
                  $techmap442383$auto$abc_ops_reintegrate.cc:611:reintegrate$432098.A[3]      3 3.3ms
                                    ddr3.ddr3_controller_inst.stage2_data_unaligned[252]      7 3.2ms
                                             $auto$alumacc.cc:548:replace_alu$43745.Y[5]      3 3.2ms
                  $techmap440209$auto$abc_ops_reintegrate.cc:611:reintegrate$432709.A[1]      7 3.2ms
                                    ddr3.ddr3_controller_inst.stage2_data_unaligned[151]      6 3.2ms
                  $techmap440467$auto$abc_ops_reintegrate.cc:611:reintegrate$432617.A[1]      7 3.2ms
                  $techmap440850$auto$abc_ops_reintegrate.cc:611:reintegrate$432482.A[2]      8 3.2ms
                  $techmap438669$auto$abc_ops_reintegrate.cc:611:reintegrate$433146.A[4]      2 3.2ms
                                                                  ddr3.iserdes_data[198]      2 3.2ms
                  $techmap441059$auto$abc_ops_reintegrate.cc:611:reintegrate$432419.A[3]      7 3.2ms
                  $techmap436681$auto$abc_ops_reintegrate.cc:611:reintegrate$433560.A[1]      3 3.2ms
                  $techmap439599$auto$abc_ops_reintegrate.cc:611:reintegrate$432893.A[0]      6 3.2ms
                                             ddr3.ddr3_controller_inst.read_lane_data[6]      2 3.2ms
                                                                  pattern.test.eaddr[16]      1 3.2ms
                  $techmap438997$auto$abc_ops_reintegrate.cc:611:reintegrate$433045.A[1]      7 3.2ms
                                         $techmap446178$abc$431868$lut$aiger$o10997.A[0]      1 3.2ms
                                    $techmap441464$abc$431868$lut$aiger431867$51057.A[3]      3 3.2ms
                  $techmap439771$auto$abc_ops_reintegrate.cc:611:reintegrate$432848.A[0]      9 3.2ms
                                                                  ddr3.iserdes_data[243]      2 3.2ms
                  $techmap439170$auto$abc_ops_reintegrate.cc:611:reintegrate$433003.A[0]      8 3.2ms
                                    $techmap436724$abc$431868$lut$aiger431867$22355.A[4]      1 3.2ms
                                            ddr3.ddr3_controller_inst.read_lane_data[22]      3 3.2ms
                  $techmap440653$auto$abc_ops_reintegrate.cc:611:reintegrate$432553.A[0]      8 3.2ms
                  $techmap441008$auto$abc_ops_reintegrate.cc:611:reintegrate$432427.A[1]      8 3.2ms
                                    $techmap436861$abc$431868$lut$aiger431867$11399.A[0]     10 3.2ms
                                                                    ddr3.iserdes_data[8]      2 3.2ms
                                                ddr3.ddr3_controller_inst.stage2_row[13]     10 3.2ms
                                                                           wb_rdata[191]      3 3.2ms
                  $techmap439367$auto$abc_ops_reintegrate.cc:611:reintegrate$432956.A[0]      9 3.2ms
                                    $techmap436083$abc$431868$lut$aiger431867$20993.A[5]      2 3.2ms
                                                                           wb_rdata[251]      4 3.2ms
                                                                           wb_rdata[239]      3 3.2ms
                                    ddr3.ddr3_controller_inst.stage2_data_unaligned[103]      6 3.2ms
                                             $abc$431868$auto$rtlil.cc:3386:Mux$44840[2]      4 3.2ms
                                           ddr3.ddr3_controller_inst.stage2_data[0][126]      2 3.2ms
                                             $auto$alumacc.cc:548:replace_alu$43745.Y[2]      3 3.2ms
                                         $techmap444070$abc$431868$lut$aiger$o11903.A[4]      5 3.2ms
                                                                            wb_rdata[93]      3 3.2ms
                                    $techmap441897$abc$431868$lut$aiger431867$51920.A[3]      3 3.1ms
                                                                            wb_rdata[62]      3 3.1ms
                  $techmap436211$auto$abc_ops_reintegrate.cc:611:reintegrate$433642.A[1]      3 3.1ms
                                                           ddr3.idelay_dqs_cntvaluein[2]      7 3.1ms
                                         $techmap444760$abc$431868$lut$aiger$o13742.A[1]      1 3.1ms
                                    $techmap443547$abc$431868$lut$aiger431867$32999.A[1]      3 3.1ms
                                    $techmap436442$abc$431868$lut$aiger431867$21969.A[2]      7 3.1ms
                                                           ddr3.idelay_dqs_cntvaluein[4]      7 3.1ms
                  $techmap440850$auto$abc_ops_reintegrate.cc:611:reintegrate$432482.A[3]      7 3.1ms
                                    $techmap444346$abc$431868$lut$aiger431867$18484.A[5]      3 3.1ms
                                     ddr3.ddr3_controller_inst.stage2_data_unaligned[42]      5 3.1ms
        $abc$431868$memory\ddr3.ddr3_controller_inst.dq_target_index$wren[3][1][0]$y$45655      7 3.1ms
                  $techmap440383$auto$abc_ops_reintegrate.cc:611:reintegrate$432648.A[0]      8 3.1ms
                  $techmap439443$auto$abc_ops_reintegrate.cc:611:reintegrate$432927.A[2]      4 3.1ms
                                                                  ddr3.idelay_data_ld[2]     10 3.1ms
                                    $techmap443354$abc$431868$lut$aiger431867$42443.A[2]      3 3.1ms
                                                                   ddr3.iserdes_data[26]      2 3.1ms
                                            $auto$alumacc.cc:548:replace_alu$43745.Y[26]      3 3.1ms
                                    ddr3.ddr3_controller_inst.stage2_data_unaligned[134]      5 3.1ms
                                            ddr3.ddr3_controller_inst.read_lane_data[37]      4 3.1ms
                                                                              line_b[21]      1 3.1ms
                           $techmap438275$abc$431868$lut$aiger431867$22501.A[4]$sum$4597     11 3.1ms
                  $techmap440311$auto$abc_ops_reintegrate.cc:611:reintegrate$432675.A[2]      4 3.1ms
                                    $techmap443224$abc$431868$lut$aiger431867$29499.A[1]      5 3.1ms
                                                                   ddr3.iserdes_data[27]      2 3.1ms
                                                                           wb_rdata[183]      4 3.1ms
                                             ddr3.ddr3_controller_inst.read_lane_data[3]      3 3.1ms
                                  ddr3.ddr3_controller_inst.stage2_data_unaligned_d[248]      1 3.1ms
                  $techmap440393$auto$abc_ops_reintegrate.cc:611:reintegrate$432642.A[3]     11 3.1ms
                                             $auto$alumacc.cc:548:replace_alu$43745.Y[4]      3 3.1ms
                                             $auto$alumacc.cc:548:replace_alu$43745.Y[6]      3 3.1ms
                                           ddr3.ddr3_controller_inst.stage1_next_row[13]     10 3.1ms
                                                                            wb_rdata[83]      3 3.1ms
                                    $techmap437806$abc$431868$lut$aiger431867$16499.A[2]      3 3.1ms
                                             $abc$431868$auto$rtlil.cc:3386:Mux$44824[2]      4 3.1ms
                                    $techmap443254$abc$431868$lut$aiger431867$20284.A[0]      4 3.1ms
                                    $techmap436452$abc$431868$lut$aiger431867$22077.A[2]      8 3.1ms
                                    $techmap438459$abc$431868$lut$aiger431867$13790.A[1]      5 3.1ms
                  $techmap440525$auto$abc_ops_reintegrate.cc:611:reintegrate$432591.A[1]      5 3.1ms
                  $techmap440355$auto$abc_ops_reintegrate.cc:611:reintegrate$432661.A[0]      9 3.1ms
                                    ddr3.ddr3_controller_inst.stage2_data_unaligned[251]      6 3.1ms
                  $techmap436823$auto$abc_ops_reintegrate.cc:611:reintegrate$433548.A[4]      7 3.1ms
                  $techmap441059$auto$abc_ops_reintegrate.cc:611:reintegrate$432419.A[1]      7 3.1ms
                                    $techmap443221$abc$431868$lut$aiger431867$20452.A[0]      3 3.1ms
                                    ddr3.ddr3_controller_inst.stage2_data_unaligned[166]      5 3.1ms
                  $techmap440664$auto$abc_ops_reintegrate.cc:611:reintegrate$432548.A[0]      9 3.1ms
                  $techmap435991$auto$abc_ops_reintegrate.cc:611:reintegrate$433736.A[1]      3 3.0ms
                                    $techmap439458$abc$431868$lut$aiger431867$37691.A[2]      4 3.0ms
                                            ddr3.ddr3_controller_inst.read_lane_data[17]      3 3.0ms
                                    $techmap436374$abc$431868$lut$aiger431867$26197.A[3]      2 3.0ms
                                                                           wb_rdata[247]      3 3.0ms
                                    $techmap442170$abc$431868$lut$aiger431867$46711.A[1]      2 3.0ms
                                         $techmap446030$abc$431868$lut$aiger$o14187.A[2]      1 3.0ms
                  $techmap438114$auto$abc_ops_reintegrate.cc:611:reintegrate$433281.A[1]     14 3.0ms
                  $techmap437307$auto$abc_ops_reintegrate.cc:611:reintegrate$433435.A[2]      7 3.0ms
                                    $techmap443226$abc$431868$lut$aiger431867$32930.A[1]      4 3.0ms
                                     $abc$431868$auto$simple.cc:234:combine_resets$45857      3 3.0ms
                                    $techmap436460$abc$431868$lut$aiger431867$22169.A[2]      7 3.0ms
                                                                    pattern.test.acks[1]      4 3.0ms
                                    $techmap443244$abc$431868$lut$aiger431867$24528.A[1]      4 3.0ms
                                                                   ddr3.iserdes_data[70]      2 3.0ms
                                    $techmap436985$abc$431868$lut$aiger431867$11868.A[0]      8 3.0ms
                                     ddr3.ddr3_controller_inst.stage2_data_unaligned[91]      6 3.0ms
                                    $techmap437782$abc$431868$lut$aiger431867$15623.A[2]      2 3.0ms
                                                                           wb_rdata[186]      3 3.0ms
                                    $techmap444470$abc$431868$lut$aiger431867$49959.A[0]      3 3.0ms
                  $techmap440802$auto$abc_ops_reintegrate.cc:611:reintegrate$432498.A[0]      9 3.0ms
                                            ddr3.ddr3_controller_inst.read_lane_data[42]      3 3.0ms
                                    ddr3.ddr3_controller_inst.stage2_data_unaligned[228]      7 3.0ms
                                     ddr3.ddr3_controller_inst.dqs_start_index_stored[0]      4 3.0ms
                                    ddr3.ddr3_controller_inst.stage2_data_unaligned[122]      5 3.0ms
                                    $techmap443272$abc$431868$lut$aiger431867$20404.A[1]      3 3.0ms
                  $techmap439836$auto$abc_ops_reintegrate.cc:611:reintegrate$432827.A[0]      8 3.0ms
                  $techmap440953$auto$abc_ops_reintegrate.cc:611:reintegrate$432448.A[0]      6 3.0ms
                                    $techmap436891$abc$431868$lut$aiger431867$11508.A[1]      7 3.0ms
                                    ddr3.ddr3_controller_inst.stage2_data_unaligned[233]      7 3.0ms
                                            ddr3.ddr3_controller_inst.read_lane_data[33]      3 3.0ms
                                    $techmap441799$abc$431868$lut$aiger431867$36769.A[1]      3 3.0ms
                                    $techmap436095$abc$431868$lut$aiger431867$21146.A[2]      8 3.0ms
                  $techmap436870$auto$abc_ops_reintegrate.cc:611:reintegrate$433524.A[4]      8 3.0ms
                                         $techmap443101$abc$431868$lut$aiger$o10490.A[3]      8 3.0ms
                  $techmap438670$auto$abc_ops_reintegrate.cc:611:reintegrate$433145.A[0]      9 3.0ms
                                                                  ddr3.idelay_data_ld[3]     10 3.0ms
                                               ddr3.ddr3_controller_inst.stage1_data[86]      2 3.0ms
                                                                  ddr3.iserdes_data[140]      2 3.0ms
                                                                   ddr3.iserdes_data[91]      2 3.0ms
                                         ddr3.ddr3_controller_inst.unaligned_data[0][57]      2 3.0ms
                                         ddr3.ddr3_controller_inst.delay_counter_is_zero     21 3.0ms
                  $techmap440693$auto$abc_ops_reintegrate.cc:611:reintegrate$432537.A[2]      4 2.9ms
                  $techmap437069$auto$abc_ops_reintegrate.cc:611:reintegrate$433494.A[4]      2 2.9ms
                                         ddr3.ddr3_controller_inst.write_pattern_lane[3]      2 2.9ms
                                    $techmap436967$abc$431868$lut$aiger431867$11814.A[0]      4 2.9ms
                                                                             wb_rdata[3]      4 2.9ms
                                        ddr3.ddr3_controller_inst.write_pattern_lane[47]      2 2.9ms
                  $techmap441061$auto$abc_ops_reintegrate.cc:611:reintegrate$432418.A[0]      8 2.9ms
                                                                  ddr3.iserdes_data[250]      2 2.9ms
                                      ddr3.ddr3_controller_inst.bank_active_row_d[7][13]      4 2.9ms
                                             $abc$431868$auto$rtlil.cc:3386:Mux$44824[5]      4 2.9ms
                  $techmap440687$auto$abc_ops_reintegrate.cc:611:reintegrate$432539.A[0]      6 2.9ms
                  $techmap442417$auto$abc_ops_reintegrate.cc:611:reintegrate$432082.A[4]      3 2.9ms
                  $techmap439876$auto$abc_ops_reintegrate.cc:611:reintegrate$432807.A[0]      9 2.9ms
                                             $techmap134569$auto$ff.cc:337:slice$56043.D      1 2.9ms
                                     ddr3.ddr3_controller_inst.dqs_start_index_stored[5]      4 2.9ms
                                            ddr3.ddr3_controller_inst.stage2_do_wr_or_rd      9 2.9ms
                                    $techmap437042$abc$431868$lut$aiger431867$12090.A[4]      2 2.9ms
                                    $techmap436438$abc$431868$lut$aiger431867$21893.A[0]      7 2.9ms
                                       ddr3.ddr3_controller_inst.bank_active_row_d[4][2]      4 2.9ms
                                    ddr3.ddr3_controller_inst.stage2_data_unaligned[135]      6 2.9ms
                                    $techmap437485$abc$431868$lut$aiger431867$14403.A[1]      1 2.9ms
                                    $techmap443289$abc$431868$lut$aiger431867$50986.A[0]      3 2.9ms
                                    ddr3.ddr3_controller_inst.stage2_data_unaligned[217]      7 2.9ms
                                    $techmap436593$abc$431868$lut$aiger431867$23114.A[0]      5 2.9ms
                                    ddr3.ddr3_controller_inst.stage2_data_unaligned[219]      6 2.9ms
                  $techmap436051$auto$abc_ops_reintegrate.cc:611:reintegrate$433676.A[1]      5 2.9ms
                                             $abc$431868$auto$rtlil.cc:3386:Mux$44840[6]      4 2.9ms
                                    $techmap439579$abc$431868$lut$aiger431867$38153.A[1]      2 2.9ms
                  $techmap436010$auto$abc_ops_reintegrate.cc:611:reintegrate$433717.A[1]      7 2.9ms
                                         $techmap444043$abc$431868$lut$aiger$o12583.A[4]      4 2.9ms
                                    $techmap436817$abc$431868$lut$aiger431867$19929.A[0]      1 2.9ms
                  $techmap436011$auto$abc_ops_reintegrate.cc:611:reintegrate$433716.A[1]      7 2.9ms
                                            ddr3.ddr3_controller_inst.read_lane_data[53]      3 2.9ms
                                    $techmap442954$abc$431868$lut$not$aiger431867$7246.A      4 2.9ms
                                    $techmap436450$abc$431868$lut$aiger431867$22023.A[0]      6 2.9ms
                                    $techmap443270$abc$431868$lut$aiger431867$20398.A[2]      3 2.9ms
                                    $techmap436579$abc$431868$lut$aiger431867$22961.A[1]      6 2.9ms
                                    ddr3.ddr3_controller_inst.calib_data_randomized[123]      9 2.9ms
                                $abc$431868$auto$simple.cc:210:make_patterns_logic$45408      4 2.9ms
                  $techmap437170$auto$abc_ops_reintegrate.cc:611:reintegrate$433471.A[1]     15 2.9ms
                  $techmap442530$auto$abc_ops_reintegrate.cc:611:reintegrate$432030.A[0]      9 2.9ms
                                    $techmap436317$abc$431868$lut$aiger431867$21579.A[3]      3 2.9ms
                                    $techmap439256$abc$431868$lut$aiger431867$23595.A[2]      3 2.9ms
                  $techmap440953$auto$abc_ops_reintegrate.cc:611:reintegrate$432448.A[2]      6 2.8ms
                  $techmap441426$auto$abc_ops_reintegrate.cc:611:reintegrate$432337.A[0]      9 2.8ms
                                    $techmap436982$abc$431868$lut$aiger431867$11859.A[0]      6 2.8ms
                                                                   ddr3.iserdes_data[52]      2 2.8ms
                                                 ddr3.ddr3_controller_inst.dqs_store[25]      5 2.8ms
                  $techmap436831$auto$abc_ops_reintegrate.cc:611:reintegrate$433544.A[3]      4 2.8ms
                                             ddr3.ddr3_controller_inst.read_lane_data[2]      2 2.8ms
                                                                  ddr3.iserdes_data[209]      2 2.8ms
                                            $auto$alumacc.cc:548:replace_alu$43745.Y[18]      3 2.8ms
                                                ddr3.ddr3_controller_inst.stage1_data[4]      2 2.8ms
                                    $techmap437316$abc$431868$lut$aiger431867$13785.A[1]      6 2.8ms
                                    $techmap436867$abc$431868$lut$aiger431867$11409.A[0]      8 2.8ms
                                $abc$431868$auto$simple.cc:193:make_patterns_logic$45851      7 2.8ms
                                                                  pattern.test.daddr[29]      1 2.8ms
                                                                           wb_rdata[189]      3 2.8ms
                                     ddr3.ddr3_controller_inst.read_lane_data_shifted[6]      2 2.8ms
                                         $techmap443811$abc$431868$lut$aiger$o13196.A[4]      4 2.8ms
                  $techmap436843$auto$abc_ops_reintegrate.cc:611:reintegrate$433532.A[0]      3 2.8ms
                  $techmap436600$auto$abc_ops_reintegrate.cc:611:reintegrate$433563.A[1]      9 2.8ms
                  $techmap436031$auto$abc_ops_reintegrate.cc:611:reintegrate$433696.A[1]      7 2.8ms
                                    $techmap439234$abc$431868$lut$aiger431867$36396.A[1]      4 2.8ms
                                    $techmap441483$abc$431868$lut$aiger431867$27984.A[1]      2 2.8ms
                                    $techmap440633$abc$431868$lut$aiger431867$33876.A[4]      2 2.8ms
                                     ddr3.ddr3_controller_inst.stage2_data_unaligned[64]      8 2.8ms
                                    $techmap436324$abc$431868$lut$aiger431867$21680.A[3]      4 2.8ms
        $abc$431868$flatten\ddr3.\ddr3_controller_inst.$2$lookahead\calib_data$13276[255:0]$13631[145]      4 2.8ms
                                    ddr3.ddr3_controller_inst.stage2_data_unaligned[212]      7 2.8ms
                  $techmap436039$auto$abc_ops_reintegrate.cc:611:reintegrate$433688.A[1]      6 2.8ms
                                                                            wb_rdata[11]      4 2.8ms
                  $techmap436428$auto$abc_ops_reintegrate.cc:611:reintegrate$433576.A[4]      2 2.8ms
                                    $techmap436873$abc$431868$lut$aiger431867$11430.A[2]      4 2.8ms
        $abc$431868$flatten\ddr3.\ddr3_phy_inst.$logic_and$build/uberddr3/rtl/ddr3_phy.v:1133$12016_Y      8 2.8ms
                  $techmap438274$auto$abc_ops_reintegrate.cc:611:reintegrate$433248.A[0]      8 2.8ms
                                    $techmap436965$abc$431868$lut$aiger431867$11808.A[1]      6 2.8ms
                  $techmap436066$auto$abc_ops_reintegrate.cc:611:reintegrate$433661.A[1]      5 2.8ms
                  $techmap442414$auto$abc_ops_reintegrate.cc:611:reintegrate$432084.A[4]      3 2.8ms
                                                                  ddr3.iserdes_data[247]      2 2.8ms
                                             $abc$431868$auto$rtlil.cc:3386:Mux$44840[1]      4 2.8ms
                                    $techmap441525$abc$431868$lut$aiger431867$23514.A[1]      3 2.8ms
                                                  ddr3.ddr3_controller_inst.prep_done[1]     10 2.8ms
                                    $techmap442215$abc$431868$lut$aiger431867$52707.A[4]      2 2.8ms
                                         $techmap444570$abc$431868$lut$aiger$o14795.A[3]      4 2.8ms
                                    $techmap438484$abc$431868$lut$aiger431867$16583.A[1]      9 2.8ms
                                    ddr3.ddr3_controller_inst.stage2_data_unaligned[174]      5 2.8ms
                  $techmap442415$auto$abc_ops_reintegrate.cc:611:reintegrate$432083.A[0]      9 2.8ms
                                             $abc$431868$auto$rtlil.cc:3386:Mux$44848[0]      4 2.8ms
                  $techmap436104$auto$abc_ops_reintegrate.cc:611:reintegrate$433652.A[1]      8 2.8ms
                  ddr3.ddr3_controller_inst.stage2_do_update_delay_before_read_after_act      8 2.8ms
                                    $techmap442970$abc$431868$lut$not$aiger431867$7294.A      4 2.8ms
                                     ddr3.ddr3_controller_inst.stage2_data_unaligned[65]      7 2.8ms
                                                      ddr3.iserdes_bitslip_reference[17]      3 2.7ms
                                    $techmap437792$abc$431868$lut$aiger431867$16409.A[3]      1 2.7ms
                                         $techmap445659$abc$431868$lut$aiger$o14371.A[2]      1 2.7ms
                                                                  ddr3.idelay_data_ld[0]     10 2.7ms
                                    $techmap441143$abc$431868$lut$aiger431867$49926.A[2]      3 2.7ms
                                                                           wb_rdata[120]      3 2.7ms
                                    $techmap443269$abc$431868$lut$aiger431867$20389.A[1]      3 2.7ms
                  $techmap442694$auto$abc_ops_reintegrate.cc:611:reintegrate$431954.A[1]      2 2.7ms
                                             $auto$alumacc.cc:548:replace_alu$43745.Y[3]      3 2.7ms
Info: Router2 time 16.11s
Info: Routing $PACKER_VCC_NET connections...
Info:     $PACKER_VCC_NET: 1884/1884 sinks bridged (0 holdouts; max BFS 31)
Info: Routing $PACKER_GND_NET connections...
Info:     $PACKER_GND_NET HOLDOUT: $auto$alumacc.cc:548:replace_alu$43548.genblk1.slice[0].genblk1.carry4$split$4611.DI2 (bel SLICE_X142Y147/CARRY4, wire SITEWIRE/SLICE_X142Y147/CCY0_OUT)
Info:     $PACKER_GND_NET HOLDOUT: $auto$alumacc.cc:548:replace_alu$43548.genblk1.slice[0].genblk1.carry4$split$4611.DI3 (bel SLICE_X142Y147/CARRY4, wire SITEWIRE/SLICE_X142Y147/DCY0_OUT)
Info:     $PACKER_GND_NET HOLDOUT: $auto$alumacc.cc:548:replace_alu$43548.genblk1.slice[0].genblk1.carry4.DI2 (bel SLICE_X142Y146/CARRY4, wire SITEWIRE/SLICE_X142Y146/CCY0_OUT)
Info:     $PACKER_GND_NET HOLDOUT: $auto$alumacc.cc:548:replace_alu$43548.genblk1.slice[0].genblk1.carry4$split$4611.DI0 (bel SLICE_X142Y147/CARRY4, wire SITEWIRE/SLICE_X142Y147/ACY0_OUT)
Info:     $PACKER_GND_NET HOLDOUT: $auto$alumacc.cc:548:replace_alu$43751.genblk1.slice[0].genblk1.carry4.DI2 (bel SLICE_X134Y141/CARRY4, wire SITEWIRE/SLICE_X134Y141/CCY0_OUT)
Info:     $PACKER_GND_NET HOLDOUT: $auto$alumacc.cc:548:replace_alu$43751.genblk1.slice[0].genblk1.carry4$split$4767.DI0 (bel SLICE_X134Y142/CARRY4, wire SITEWIRE/SLICE_X134Y142/ACY0_OUT)
Info:     $PACKER_GND_NET: 1481/1487 sinks bridged (6 holdouts; max BFS 8668)
Info:     $auto$alumacc.cc:548:replace_alu$43548.genblk1.slice[0].genblk1.carry4$split$4611.DI2 (bel SLICE_X142Y147/CARRY4): CARRY4 DI with S=1 never selected, left unrouted
Info:     $auto$alumacc.cc:548:replace_alu$43548.genblk1.slice[0].genblk1.carry4$split$4611.DI3 (bel SLICE_X142Y147/CARRY4): CARRY4 DI with S=1 never selected, left unrouted
Info:     $auto$alumacc.cc:548:replace_alu$43548.genblk1.slice[0].genblk1.carry4.DI2 (bel SLICE_X142Y146/CARRY4): CARRY4 DI with S=1 never selected, left unrouted
Info:     $auto$alumacc.cc:548:replace_alu$43548.genblk1.slice[0].genblk1.carry4$split$4611.DI0 (bel SLICE_X142Y147/CARRY4): CARRY4 DI with S=1 never selected, left unrouted
Info:     $auto$alumacc.cc:548:replace_alu$43751.genblk1.slice[0].genblk1.carry4.DI2 (bel SLICE_X134Y141/CARRY4): CARRY4 DI with S=1 never selected, left unrouted
Info:     $auto$alumacc.cc:548:replace_alu$43751.genblk1.slice[0].genblk1.carry4$split$4767.DI0 (bel SLICE_X134Y142/CARRY4): CARRY4 DI with S=1 never selected, left unrouted
Info: Constant holdouts: 0 local constant LUT(s) added, 0 re-route pass(es), 6 don't-care CARRY4 DI pin(s) left unrouted
Info: Running post-routing legalisation...
Info:     BUFHCE pass-through CE: 8 tied to VCC, 0 already driven, 0 could not be reached

Info: Critical path report for clock 'clk_ctrl' (posedge -> posedge):
Info: curr total
Info:  0.1  0.1  Source $auto$ff.cc:337:slice$58080.Q
Info:  1.3  1.4    Net ddr3.ddr3_controller_inst.stage1_next_bank[0] budget 0.000000 ns (211,122) -> (210,136)
Info:                Sink $abc$431868$lut$aiger431867$12908.A5
Info:  0.1  1.5  Source $abc$431868$lut$aiger431867$12908.O6
Info:  0.6  2.1    Net $techmap437231$abc$431868$lut$aiger431867$12915.A[5] budget 0.000000 ns (210,136) -> (210,136)
Info:                Sink $abc$431868$lut$aiger431867$12915.A6
Info:  0.1  2.3  Source $abc$431868$lut$aiger431867$12915.O6
Info:  1.0  3.3    Net $techmap437232$abc$431868$lut$aiger431867$12916.A[1] budget 0.000000 ns (210,136) -> (210,142)
Info:                Sink $abc$431868$lut$aiger431867$12916.A1
Info:  0.1  3.4  Source $abc$431868$lut$aiger431867$12916.O6
Info:  0.2  3.5    Net $techmap437235$abc$431868$lut$aiger431867$12919.A[1] budget 0.000000 ns (210,142) -> (210,142)
Info:                Sink $abc$431868$lut$aiger431867$12919.A5
Info:  0.1  3.7  Source $abc$431868$lut$aiger431867$12919.O6
Info:  1.5  5.2    Net $techmap437236$abc$431868$lut$aiger431867$12922.A[1] budget 0.000000 ns (210,142) -> (220,134)
Info:                Sink $abc$431868$lut$aiger431867$12922.A1
Info:  0.1  5.3  Source $abc$431868$lut$aiger431867$12922.O6
Info:  1.1  6.4    Net $techmap437237$auto$abc_ops_reintegrate.cc:611:reintegrate$433451.A[3] budget 0.000000 ns (220,134) -> (207,133)
Info:                Sink $abc$431868$lut$aiger431867$13625.A1
Info:  0.1  6.5  Source $abc$431868$lut$aiger431867$13625.O6
Info:  1.3  7.8    Net $techmap437295$auto$abc_ops_reintegrate.cc:611:reintegrate$433437.A[4] budget 0.000000 ns (207,133) -> (210,122)
Info:                Sink $abc$431868$lut$aiger$o11232.A1
Info:  0.1  7.9  Source $abc$431868$lut$aiger$o11232.O6
Info:  0.6  8.6    Net ddr3.ddr3_controller_inst.bank_active_row_d[5][4] budget 0.000000 ns (210,122) -> (210,122)
Info:                Sink $abc$431868$lut$aiger431867$19279.A6
Info:  0.1  8.7  Source $abc$431868$lut$aiger431867$19279.O6
Info:  0.7  9.4    Net $techmap444898$abc$431868$lut$aiger431867$19292.A[4] budget 0.000000 ns (210,122) -> (210,125)
Info:                Sink $abc$431868$lut$aiger431867$19517.A2
Info:  0.1  9.5  Source $abc$431868$lut$aiger431867$19517.O6
Info:  0.7 10.3    Net $techmap445077$abc$431868$lut$aiger431867$19540.A[5] budget 0.000000 ns (210,125) -> (207,126)
Info:                Sink $abc$431868$lut$aiger431867$19540.A6
Info:  0.1 10.4  Source $abc$431868$lut$aiger431867$19540.O6
Info:  0.6 11.0    Net $techmap445148$abc$431868$lut$aiger431867$19626.A[5] budget 0.000000 ns (207,126) -> (207,126)
Info:                Sink $abc$431868$lut$aiger431867$19626.A6
Info:  0.1 11.2  Source $abc$431868$lut$aiger431867$19626.O6
Info:  1.2 12.4    Net $techmap445303$abc$431868$lut$aiger$o8477.A[4] budget 0.000000 ns (207,126) -> (207,139)
Info:                Sink $abc$431868$lut$aiger$o8477.A4
Info:  0.1 12.5  Source $abc$431868$lut$aiger$o8477.O6
Info:  0.0 12.5    Net ddr3.ddr3_controller_inst.o_wb_stall_int_d budget -0.012000 ns (207,139) -> (207,139)
Info:                Sink $auto$ff.cc:337:slice$58713.D
Info:  0.1 12.6  Setup $auto$ff.cc:337:slice$58713.D
Info: 1.7 ns logic, 10.9 ns routing

Info: Max frequency for clock 'clk_ctrl': 79.35 MHz (FAIL at 83.33 MHz)

Info: Slack histogram:
Info:  legend: * represents 31 endpoint(s)
Info:          + represents [1,31) endpoint(s)
Info: [  -602,     11) |+
Info: [    11,    624) |+
Info: [   624,   1237) |*+
Info: [  1237,   1850) |*****+
Info: [  1850,   2463) |*******+
Info: [  2463,   3076) |*************+
Info: [  3076,   3689) |****************+
Info: [  3689,   4302) |*****************+
Info: [  4302,   4915) |**********************+
Info: [  4915,   5528) |****************+
Info: [  5528,   6141) |****************+
Info: [  6141,   6754) |********************+
Info: [  6754,   7367) |***********************************+
Info: [  7367,   7980) |********************************************************+
Info: [  7980,   8593) |************************************************************ 
Info: [  8593,   9206) |************************************************+
Info: [  9206,   9819) |****************************+
Info: [  9819,  10432) |*******************+
Info: [ 10432,  11045) |*****************+
Info: [ 11045,  11658) |******************+

