Info: Propagating clock constraints...
Info:     derived 200.0 MHz for net 'clk200_in' (through IBUFDS 'clk200_ibufds')
Info:     PLLE2_ADV 'pll': input 200.0 MHz, VCO 1200.0 MHz
Info:     derived 60.0 MHz for net 'ctrl_raw' (through PLLE2_ADV 'pll')
Info:     derived 240.0 MHz for net 'ddr_raw' (through PLLE2_ADV 'pll')
Info:     derived 200.0 MHz for net 'ref_raw' (through PLLE2_ADV 'pll')
Info:     derived 240.0 MHz for net 'ddr90_raw' (through PLLE2_ADV 'pll')
Info:     derived 1200.5 MHz for net 'pll_fb' (through PLLE2_ADV 'pll')
Info:     PLLE2_ADV 'pll': input 200.0 MHz, VCO 1200.0 MHz
Info: Packing constants..
Info: Inserting IO buffers..
Info:     IO port 'clk200_n' driven by IBUFDS 'clk200_ibufds'
Info:     IO port 'clk200_p' driven by IBUFDS 'clk200_ibufds'
Info:     IO port 'ddr3_cas_n' driven by OBUF '$iopadmap$tms_ddr3_loader_ax7203.ddr3_cas_n'
Info:     IO port 'ddr3_ck_n' driven by OBUFDS 'ddr3.ddr3_phy_inst.genblk4.genblk1.OBUFDS_inst'
Info:     IO port 'ddr3_ck_p' driven by OBUFDS 'ddr3.ddr3_phy_inst.genblk4.genblk1.OBUFDS_inst'
Info:     IO port 'ddr3_cke' driven by OBUF '$iopadmap$tms_ddr3_loader_ax7203.ddr3_cke'
Info:     IO port 'ddr3_cs_n' driven by OBUF '$iopadmap$tms_ddr3_loader_ax7203.ddr3_cs_n'
Info:     IO port 'ddr3_odt' driven by OBUF '$iopadmap$tms_ddr3_loader_ax7203.ddr3_odt'
Info:     IO port 'ddr3_ras_n' driven by OBUF '$iopadmap$tms_ddr3_loader_ax7203.ddr3_ras_n'
Info:     IO port 'ddr3_reset_n' driven by OBUF '$iopadmap$tms_ddr3_loader_ax7203.ddr3_reset_n'
Info:     IO port 'ddr3_we_n' driven by OBUF '$iopadmap$tms_ddr3_loader_ax7203.ddr3_we_n'
Info:     IO port 'rst_n' driven by IBUF '$iopadmap$tms_ddr3_loader_ax7203.rst_n'
Info:     IO port 'uart_rx' driven by IBUF '$iopadmap$tms_ddr3_loader_ax7203.uart_rx'
Info:     IO port 'uart_tx' driven by OBUF '$iopadmap$tms_ddr3_loader_ax7203.uart_tx'
Info:     IO port 'ddr3_addr[0]' driven by OBUF '$iopadmap$tms_ddr3_loader_ax7203.ddr3_addr'
Info:     IO port 'ddr3_addr[1]' driven by OBUF '$iopadmap$tms_ddr3_loader_ax7203.ddr3_addr_1'
Info:     IO port 'ddr3_addr[10]' driven by OBUF '$iopadmap$tms_ddr3_loader_ax7203.ddr3_addr_10'
Info:     IO port 'ddr3_addr[11]' driven by OBUF '$iopadmap$tms_ddr3_loader_ax7203.ddr3_addr_11'
Info:     IO port 'ddr3_addr[12]' driven by OBUF '$iopadmap$tms_ddr3_loader_ax7203.ddr3_addr_12'
Info:     IO port 'ddr3_addr[13]' driven by OBUF '$iopadmap$tms_ddr3_loader_ax7203.ddr3_addr_13'
Info:     IO port 'ddr3_addr[14]' driven by OBUF '$iopadmap$tms_ddr3_loader_ax7203.ddr3_addr_14'
Info:     IO port 'ddr3_addr[2]' driven by OBUF '$iopadmap$tms_ddr3_loader_ax7203.ddr3_addr_2'
Info:     IO port 'ddr3_addr[3]' driven by OBUF '$iopadmap$tms_ddr3_loader_ax7203.ddr3_addr_3'
Info:     IO port 'ddr3_addr[4]' driven by OBUF '$iopadmap$tms_ddr3_loader_ax7203.ddr3_addr_4'
Info:     IO port 'ddr3_addr[5]' driven by OBUF '$iopadmap$tms_ddr3_loader_ax7203.ddr3_addr_5'
Info:     IO port 'ddr3_addr[6]' driven by OBUF '$iopadmap$tms_ddr3_loader_ax7203.ddr3_addr_6'
Info:     IO port 'ddr3_addr[7]' driven by OBUF '$iopadmap$tms_ddr3_loader_ax7203.ddr3_addr_7'
Info:     IO port 'ddr3_addr[8]' driven by OBUF '$iopadmap$tms_ddr3_loader_ax7203.ddr3_addr_8'
Info:     IO port 'ddr3_addr[9]' driven by OBUF '$iopadmap$tms_ddr3_loader_ax7203.ddr3_addr_9'
Info:     IO port 'ddr3_ba[0]' driven by OBUF '$iopadmap$tms_ddr3_loader_ax7203.ddr3_ba'
Info:     IO port 'ddr3_ba[1]' driven by OBUF '$iopadmap$tms_ddr3_loader_ax7203.ddr3_ba_1'
Info:     IO port 'ddr3_ba[2]' driven by OBUF '$iopadmap$tms_ddr3_loader_ax7203.ddr3_ba_2'
Info:     IO port 'led[0]' driven by OBUF '$iopadmap$tms_ddr3_loader_ax7203.led'
Info:     IO port 'led[1]' driven by OBUF '$iopadmap$tms_ddr3_loader_ax7203.led_1'
Info:     IO port 'led[2]' driven by OBUF '$iopadmap$tms_ddr3_loader_ax7203.led_2'
Info:     IO port 'led[3]' driven by OBUF '$iopadmap$tms_ddr3_loader_ax7203.led_3'
Info:     IO port 'ddr3_dq[0]' driven by IOBUF 'ddr3.ddr3_phy_inst.genblk5[0].genblk1.IOBUF_data'
Info:     IO port 'ddr3_dq[10]' driven by IOBUF 'ddr3.ddr3_phy_inst.genblk5[10].genblk1.IOBUF_data'
Info:     IO port 'ddr3_dq[11]' driven by IOBUF 'ddr3.ddr3_phy_inst.genblk5[11].genblk1.IOBUF_data'
Info:     IO port 'ddr3_dq[12]' driven by IOBUF 'ddr3.ddr3_phy_inst.genblk5[12].genblk1.IOBUF_data'
Info:     IO port 'ddr3_dq[13]' driven by IOBUF 'ddr3.ddr3_phy_inst.genblk5[13].genblk1.IOBUF_data'
Info:     IO port 'ddr3_dq[14]' driven by IOBUF 'ddr3.ddr3_phy_inst.genblk5[14].genblk1.IOBUF_data'
Info:     IO port 'ddr3_dq[15]' driven by IOBUF 'ddr3.ddr3_phy_inst.genblk5[15].genblk1.IOBUF_data'
Info:     IO port 'ddr3_dq[1]' driven by IOBUF 'ddr3.ddr3_phy_inst.genblk5[1].genblk1.IOBUF_data'
Info:     IO port 'ddr3_dq[2]' driven by IOBUF 'ddr3.ddr3_phy_inst.genblk5[2].genblk1.IOBUF_data'
Info:     IO port 'ddr3_dq[3]' driven by IOBUF 'ddr3.ddr3_phy_inst.genblk5[3].genblk1.IOBUF_data'
Info:     IO port 'ddr3_dq[4]' driven by IOBUF 'ddr3.ddr3_phy_inst.genblk5[4].genblk1.IOBUF_data'
Info:     IO port 'ddr3_dq[5]' driven by IOBUF 'ddr3.ddr3_phy_inst.genblk5[5].genblk1.IOBUF_data'
Info:     IO port 'ddr3_dq[6]' driven by IOBUF 'ddr3.ddr3_phy_inst.genblk5[6].genblk1.IOBUF_data'
Info:     IO port 'ddr3_dq[7]' driven by IOBUF 'ddr3.ddr3_phy_inst.genblk5[7].genblk1.IOBUF_data'
Info:     IO port 'ddr3_dq[8]' driven by IOBUF 'ddr3.ddr3_phy_inst.genblk5[8].genblk1.IOBUF_data'
Info:     IO port 'ddr3_dq[9]' driven by IOBUF 'ddr3.ddr3_phy_inst.genblk5[9].genblk1.IOBUF_data'
Info:     IO port 'ddr3_dm[0]' driven by OBUF 'ddr3.ddr3_phy_inst.genblk6[0].genblk1.OBUF_dm'
Info:     IO port 'ddr3_dm[1]' driven by OBUF 'ddr3.ddr3_phy_inst.genblk6[1].genblk1.OBUF_dm'
Info:     IO port 'ddr3_dqs_p[0]' driven by IOBUFDS 'ddr3.ddr3_phy_inst.genblk7[0].genblk1.IOBUFDS_dqs'
Info:     IO port 'ddr3_dqs_n[0]' driven by IOBUFDS 'ddr3.ddr3_phy_inst.genblk7[0].genblk1.IOBUFDS_dqs'
Info:     IO port 'ddr3_dqs_p[1]' driven by IOBUFDS 'ddr3.ddr3_phy_inst.genblk7[1].genblk1.IOBUFDS_dqs'
Info:     IO port 'ddr3_dqs_n[1]' driven by IOBUFDS 'ddr3.ddr3_phy_inst.genblk7[1].genblk1.IOBUFDS_dqs'
Info:     Constraining 'clk200_n' to site 'IOB_X1Y123'
Info:     Tile 'RIOB33_X105Y123'
Info:     Constraining 'clk200_p' to site 'IOB_X1Y124'
Info:     Tile 'RIOB33_X105Y123'
Info:     Constraining 'ddr3_cas_n' to site 'IOB_X1Y125'
Info:     Tile 'RIOB33_X105Y125'
Info:     Constraining 'ddr3_ck_n' to site 'IOB_X1Y143'
Info:     Tile 'RIOB33_X105Y143'
Info:     Constraining 'ddr3_ck_p' to site 'IOB_X1Y144'
Info:     Tile 'RIOB33_X105Y143'
Info:     Constraining 'ddr3_cke' to site 'IOB_X1Y122'
Info:     Tile 'RIOB33_X105Y121'
Info:     Constraining 'ddr3_cs_n' to site 'IOB_X1Y134'
Info:     Tile 'RIOB33_X105Y133'
Info:     Constraining 'ddr3_odt' to site 'IOB_X1Y121'
Info:     Tile 'RIOB33_X105Y121'
Info:     Constraining 'ddr3_ras_n' to site 'IOB_X1Y126'
Info:     Tile 'RIOB33_X105Y125'
Info:     Constraining 'ddr3_reset_n' to site 'IOB_X1Y120'
Info:     Tile 'RIOB33_X105Y119'
Info:     Constraining 'ddr3_we_n' to site 'IOB_X1Y136'
Info:     Tile 'RIOB33_X105Y135'
Info:     Constraining 'rst_n' to site 'IOB_X1Y115'
Info:     Tile 'RIOB33_X105Y115'
Info:     Constraining 'uart_rx' to site 'IOB_X0Y149'
Info:     Tile 'LIOB33_SING_X0Y149'
Info:     Constraining 'uart_tx' to site 'IOB_X0Y100'
Info:     Tile 'LIOB33_SING_X0Y100'
Info:     Constraining 'ddr3_addr[0]' to site 'IOB_X1Y127'
Info:     Tile 'RIOB33_X105Y127'
Info:     Constraining 'ddr3_addr[1]' to site 'IOB_X1Y133'
Info:     Tile 'RIOB33_X105Y133'
Info:     Constraining 'ddr3_addr[10]' to site 'IOB_X1Y139'
Info:     Tile 'RIOB33_X105Y139'
Info:     Constraining 'ddr3_addr[11]' to site 'IOB_X1Y142'
Info:     Tile 'RIOB33_X105Y141'
Info:     Constraining 'ddr3_addr[12]' to site 'IOB_X1Y141'
Info:     Tile 'RIOB33_X105Y141'
Info:     Constraining 'ddr3_addr[13]' to site 'IOB_X1Y147'
Info:     Tile 'RIOB33_X105Y147'
Info:     Constraining 'ddr3_addr[14]' to site 'IOB_X1Y137'
Info:     Tile 'RIOB33_X105Y137'
Info:     Constraining 'ddr3_addr[2]' to site 'IOB_X1Y130'
Info:     Tile 'RIOB33_X105Y129'
Info:     Constraining 'ddr3_addr[3]' to site 'IOB_X1Y129'
Info:     Tile 'RIOB33_X105Y129'
Info:     Constraining 'ddr3_addr[4]' to site 'IOB_X1Y135'
Info:     Tile 'RIOB33_X105Y135'
Info:     Constraining 'ddr3_addr[5]' to site 'IOB_X1Y138'
Info:     Tile 'RIOB33_X105Y137'
Info:     Constraining 'ddr3_addr[6]' to site 'IOB_X1Y140'
Info:     Tile 'RIOB33_X105Y139'
Info:     Constraining 'ddr3_addr[7]' to site 'IOB_X1Y148'
Info:     Tile 'RIOB33_X105Y147'
Info:     Constraining 'ddr3_addr[8]' to site 'IOB_X1Y145'
Info:     Tile 'RIOB33_X105Y145'
Info:     Constraining 'ddr3_addr[9]' to site 'IOB_X1Y146'
Info:     Tile 'RIOB33_X105Y145'
Info:     Constraining 'ddr3_ba[0]' to site 'IOB_X1Y131'
Info:     Tile 'RIOB33_X105Y131'
Info:     Constraining 'ddr3_ba[1]' to site 'IOB_X1Y132'
Info:     Tile 'RIOB33_X105Y131'
Info:     Constraining 'ddr3_ba[2]' to site 'IOB_X1Y128'
Info:     Tile 'RIOB33_X105Y127'
Info:     Constraining 'led[0]' to site 'IOB_X0Y233'
Info:     Tile 'LIOB33_X0Y233'
Info:     Constraining 'led[1]' to site 'IOB_X0Y234'
Info:     Tile 'LIOB33_X0Y233'
Info:     Constraining 'led[2]' to site 'IOB_X0Y238'
Info:     Tile 'LIOB33_X0Y237'
Info:     Constraining 'led[3]' to site 'IOB_X0Y237'
Info:     Tile 'LIOB33_X0Y237'
Info:     Constraining 'ddr3_dq[0]' to site 'IOB_X1Y196'
Info:     Tile 'RIOB33_X105Y195'
Info:     Constraining 'ddr3_dq[10]' to site 'IOB_X1Y184'
Info:     Tile 'RIOB33_X105Y183'
Info:     Constraining 'ddr3_dq[11]' to site 'IOB_X1Y179'
Info:     Tile 'RIOB33_X105Y179'
Info:     Constraining 'ddr3_dq[12]' to site 'IOB_X1Y185'
Info:     Tile 'RIOB33_X105Y185'
Info:     Constraining 'ddr3_dq[13]' to site 'IOB_X1Y180'
Info:     Tile 'RIOB33_X105Y179'
Info:     Constraining 'ddr3_dq[14]' to site 'IOB_X1Y186'
Info:     Tile 'RIOB33_X105Y185'
Info:     Constraining 'ddr3_dq[15]' to site 'IOB_X1Y176'
Info:     Tile 'RIOB33_X105Y175'
Info:     Constraining 'ddr3_dq[1]' to site 'IOB_X1Y190'
Info:     Tile 'RIOB33_X105Y189'
Info:     Constraining 'ddr3_dq[2]' to site 'IOB_X1Y197'
Info:     Tile 'RIOB33_X105Y197'
Info:     Constraining 'ddr3_dq[3]' to site 'IOB_X1Y188'
Info:     Tile 'RIOB33_X105Y187'
Info:     Constraining 'ddr3_dq[4]' to site 'IOB_X1Y195'
Info:     Tile 'RIOB33_X105Y195'
Info:     Constraining 'ddr3_dq[5]' to site 'IOB_X1Y189'
Info:     Tile 'RIOB33_X105Y189'
Info:     Constraining 'ddr3_dq[6]' to site 'IOB_X1Y198'
Info:     Tile 'RIOB33_X105Y197'
Info:     Constraining 'ddr3_dq[7]' to site 'IOB_X1Y192'
Info:     Tile 'RIOB33_X105Y191'
Info:     Constraining 'ddr3_dq[8]' to site 'IOB_X1Y178'
Info:     Tile 'RIOB33_X105Y177'
Info:     Constraining 'ddr3_dq[9]' to site 'IOB_X1Y177'
Info:     Tile 'RIOB33_X105Y177'
Info:     Constraining 'ddr3_dm[0]' to site 'IOB_X1Y191'
Info:     Tile 'RIOB33_X105Y191'
Info:     Constraining 'ddr3_dm[1]' to site 'IOB_X1Y183'
Info:     Tile 'RIOB33_X105Y183'
Info:     Constraining 'ddr3_dqs_p[0]' to site 'IOB_X1Y194'
Info:     Tile 'RIOB33_X105Y193'
Info:     Constraining 'ddr3_dqs_n[0]' to site 'IOB_X1Y193'
Info:     Tile 'RIOB33_X105Y193'
Info:     Constraining 'ddr3_dqs_p[1]' to site 'IOB_X1Y182'
Info:     Tile 'RIOB33_X105Y181'
Info:     Constraining 'ddr3_dqs_n[1]' to site 'IOB_X1Y181'
Info:     Tile 'RIOB33_X105Y181'
Info: Generating output buffer for '$iopadmap$tms_ddr3_loader_ax7203.ddr3_cas_n'
Info: Generating output buffer for '$iopadmap$tms_ddr3_loader_ax7203.ddr3_cke'
Info: Generating output buffer for '$iopadmap$tms_ddr3_loader_ax7203.ddr3_cs_n'
Info: Generating output buffer for '$iopadmap$tms_ddr3_loader_ax7203.ddr3_odt'
Info: Generating output buffer for '$iopadmap$tms_ddr3_loader_ax7203.ddr3_ras_n'
Info: Generating output buffer for '$iopadmap$tms_ddr3_loader_ax7203.ddr3_reset_n'
Info: Generating output buffer for '$iopadmap$tms_ddr3_loader_ax7203.ddr3_we_n'
Info: Generating input buffer for '$iopadmap$tms_ddr3_loader_ax7203.rst_n'
Info: Generating input buffer for '$iopadmap$tms_ddr3_loader_ax7203.uart_rx'
Info: Generating output buffer for '$iopadmap$tms_ddr3_loader_ax7203.uart_tx'
Info: Generating output buffer for '$iopadmap$tms_ddr3_loader_ax7203.ddr3_addr'
Info: Generating output buffer for '$iopadmap$tms_ddr3_loader_ax7203.ddr3_addr_1'
Info: Generating output buffer for '$iopadmap$tms_ddr3_loader_ax7203.ddr3_addr_10'
Info: Generating output buffer for '$iopadmap$tms_ddr3_loader_ax7203.ddr3_addr_11'
Info: Generating output buffer for '$iopadmap$tms_ddr3_loader_ax7203.ddr3_addr_12'
Info: Generating output buffer for '$iopadmap$tms_ddr3_loader_ax7203.ddr3_addr_13'
Info: Generating output buffer for '$iopadmap$tms_ddr3_loader_ax7203.ddr3_addr_14'
Info: Generating output buffer for '$iopadmap$tms_ddr3_loader_ax7203.ddr3_addr_2'
Info: Generating output buffer for '$iopadmap$tms_ddr3_loader_ax7203.ddr3_addr_3'
Info: Generating output buffer for '$iopadmap$tms_ddr3_loader_ax7203.ddr3_addr_4'
Info: Generating output buffer for '$iopadmap$tms_ddr3_loader_ax7203.ddr3_addr_5'
Info: Generating output buffer for '$iopadmap$tms_ddr3_loader_ax7203.ddr3_addr_6'
Info: Generating output buffer for '$iopadmap$tms_ddr3_loader_ax7203.ddr3_addr_7'
Info: Generating output buffer for '$iopadmap$tms_ddr3_loader_ax7203.ddr3_addr_8'
Info: Generating output buffer for '$iopadmap$tms_ddr3_loader_ax7203.ddr3_addr_9'
Info: Generating output buffer for '$iopadmap$tms_ddr3_loader_ax7203.ddr3_ba'
Info: Generating output buffer for '$iopadmap$tms_ddr3_loader_ax7203.ddr3_ba_1'
Info: Generating output buffer for '$iopadmap$tms_ddr3_loader_ax7203.ddr3_ba_2'
Info: Generating output buffer for '$iopadmap$tms_ddr3_loader_ax7203.led'
Info: Generating output buffer for '$iopadmap$tms_ddr3_loader_ax7203.led_1'
Info: Generating output buffer for '$iopadmap$tms_ddr3_loader_ax7203.led_2'
Info: Generating output buffer for '$iopadmap$tms_ddr3_loader_ax7203.led_3'
Info: Generating input buffer for 'ddr3.ddr3_phy_inst.genblk5[0].genblk1.IOBUF_data'
Info: Generating output buffer for 'ddr3.ddr3_phy_inst.genblk5[0].genblk1.IOBUF_data'
Info: Generating input buffer for 'ddr3.ddr3_phy_inst.genblk5[10].genblk1.IOBUF_data'
Info: Generating output buffer for 'ddr3.ddr3_phy_inst.genblk5[10].genblk1.IOBUF_data'
Info: Generating input buffer for 'ddr3.ddr3_phy_inst.genblk5[11].genblk1.IOBUF_data'
Info: Generating output buffer for 'ddr3.ddr3_phy_inst.genblk5[11].genblk1.IOBUF_data'
Info: Generating input buffer for 'ddr3.ddr3_phy_inst.genblk5[12].genblk1.IOBUF_data'
Info: Generating output buffer for 'ddr3.ddr3_phy_inst.genblk5[12].genblk1.IOBUF_data'
Info: Generating input buffer for 'ddr3.ddr3_phy_inst.genblk5[13].genblk1.IOBUF_data'
Info: Generating output buffer for 'ddr3.ddr3_phy_inst.genblk5[13].genblk1.IOBUF_data'
Info: Generating input buffer for 'ddr3.ddr3_phy_inst.genblk5[14].genblk1.IOBUF_data'
Info: Generating output buffer for 'ddr3.ddr3_phy_inst.genblk5[14].genblk1.IOBUF_data'
Info: Generating input buffer for 'ddr3.ddr3_phy_inst.genblk5[15].genblk1.IOBUF_data'
Info: Generating output buffer for 'ddr3.ddr3_phy_inst.genblk5[15].genblk1.IOBUF_data'
Info: Generating input buffer for 'ddr3.ddr3_phy_inst.genblk5[1].genblk1.IOBUF_data'
Info: Generating output buffer for 'ddr3.ddr3_phy_inst.genblk5[1].genblk1.IOBUF_data'
Info: Generating input buffer for 'ddr3.ddr3_phy_inst.genblk5[2].genblk1.IOBUF_data'
Info: Generating output buffer for 'ddr3.ddr3_phy_inst.genblk5[2].genblk1.IOBUF_data'
Info: Generating input buffer for 'ddr3.ddr3_phy_inst.genblk5[3].genblk1.IOBUF_data'
Info: Generating output buffer for 'ddr3.ddr3_phy_inst.genblk5[3].genblk1.IOBUF_data'
Info: Generating input buffer for 'ddr3.ddr3_phy_inst.genblk5[4].genblk1.IOBUF_data'
Info: Generating output buffer for 'ddr3.ddr3_phy_inst.genblk5[4].genblk1.IOBUF_data'
Info: Generating input buffer for 'ddr3.ddr3_phy_inst.genblk5[5].genblk1.IOBUF_data'
Info: Generating output buffer for 'ddr3.ddr3_phy_inst.genblk5[5].genblk1.IOBUF_data'
Info: Generating input buffer for 'ddr3.ddr3_phy_inst.genblk5[6].genblk1.IOBUF_data'
Info: Generating output buffer for 'ddr3.ddr3_phy_inst.genblk5[6].genblk1.IOBUF_data'
Info: Generating input buffer for 'ddr3.ddr3_phy_inst.genblk5[7].genblk1.IOBUF_data'
Info: Generating output buffer for 'ddr3.ddr3_phy_inst.genblk5[7].genblk1.IOBUF_data'
Info: Generating input buffer for 'ddr3.ddr3_phy_inst.genblk5[8].genblk1.IOBUF_data'
Info: Generating output buffer for 'ddr3.ddr3_phy_inst.genblk5[8].genblk1.IOBUF_data'
Info: Generating input buffer for 'ddr3.ddr3_phy_inst.genblk5[9].genblk1.IOBUF_data'
Info: Generating output buffer for 'ddr3.ddr3_phy_inst.genblk5[9].genblk1.IOBUF_data'
Info: Generating output buffer for 'ddr3.ddr3_phy_inst.genblk6[0].genblk1.OBUF_dm'
Info: Generating output buffer for 'ddr3.ddr3_phy_inst.genblk6[1].genblk1.OBUF_dm'
Info:     Created 3 INVERTER cells from:
Info:              3x INV
Info:     Created 58 PAD cells from:
Info:             58x PAD
Info: Preparing clocking...
Info: Packing constants..
Info: Packing cfg...
Info: Packing PLLs...
Info:     Constrained PLLE2_ADV_PLLE2_ADV 'pll' to bel 'PLLE2_ADV_X1Y2/PLLE2_ADV' based on dedicated routing
Info:     PLL/MMCM: disconnected 28 const DRP/control pins (Vivado leaves them unrouted)
Info: Packing Gigabit Transceivers..
Info: Packing global buffers...
Info:     Constrained BUFGCTRL 'clk_ctrl_bufg' to bel 'BUFGCTRL_X0Y0/BUFGCTRL' based on dedicated routing
Info:     Constrained BUFGCTRL 'clk_ddr_90_bufg' to bel 'BUFGCTRL_X0Y1/BUFGCTRL' based on dedicated routing
Info:     Constrained BUFGCTRL 'clk_ddr_bufg' to bel 'BUFGCTRL_X0Y2/BUFGCTRL' based on dedicated routing
Info:     Constrained BUFGCTRL 'clk_ref_bufg' to bel 'BUFGCTRL_X0Y3/BUFGCTRL' based on dedicated routing
Info: Packing MUX[789]s..
Info: Packing carries (atomic CARRY4)..
Info:    Packed 839 CARRY4 cells into 178 chains (atomic).
Info: router2 PRECYINIT fix: 839 CARRY4 cells, 1017 constant carry pins disconnected
Info:    Carry-O relocation: 19 sum(s) duplicated, 19 CARRY4 split(s), 0 bit(s) skipped (unrelocatable)
Info: Packing LUTs..
Info:     Created 18559 SLICE_LUTX cells from:
Info:           6511x LUT1
Info:           1905x LUT2
Info:           2100x LUT3
Info:           1853x LUT4
Info:           4017x LUT5
Info:           2173x LUT6
Info: Packing DRAM..
Info:    Transformed 0 tied-low DRAM address inputs to be tied-high
Info: Packing BRAM..
Info: Packing DSPs..
Info: Packing flipflops..
Info:     Created 8323 SLICE_FFX cells from:
Info:           4683x FDCE
Info:             43x FDPE
Info:           3569x FDRE
Info:             28x FDSE
Info:     local-const FF control: disconnected 1416 SR(=GND) + 2983 CE(=VCC) pins from global nets
Info:     Created 41 SELMUX2_1 cells from:
Info:             38x MUXF7
Info:              3x MUXF8
Info: Constrained 4469 LUTFF pairs.

Info: Annotating ports with timing budgets for target frequency 12.00 MHz
Info: Checksum: 0xa73a98ea

Info: Device utilisation:
Info: 	          SLICE_LUTX: 19791/269200     7%
Info: 	           SLICE_FFX:  8323/269200     3%
Info: 	              CARRY4:   858/33650     2%
Info: 	          PSEUDO_GND:     1/69165     0%
Info: 	          PSEUDO_VCC:     1/69165     0%
Info: 	               HARD0:     0/ 3960     0%
Info: 	            RAMB18E1:     0/  730     0%
Info: 	            FIFO18E1:     0/  365     0%
Info: 	        RAMBFIFO36E1:     0/  365     0%
Info: 	            RAMB36E1:     2/  365     0%
Info: 	             DSP48E1:     0/  740     0%
Info: 	                 PAD:    58/ 1062     5%
Info: 	       IOB33M_OUTBUF:     3/  240     1%
Info: 	       IOB33S_OUTBUF:     3/  240     1%
Info: 	        IOB33_OUTBUF:    48/  500     9%
Info: 	     IOB33M_INBUF_EN:     3/  240     1%
Info: 	     IOB33S_INBUF_EN:     0/  240     0%
Info: 	      IOB33_INBUF_EN:    18/  500     3%
Info: 	IOB33M_TERM_OVERRIDE:     0/  240     0%
Info: 	IOB33S_TERM_OVERRIDE:     0/  240     0%
Info: 	 IOB33_TERM_OVERRIDE:     0/  500     0%
Info: 	       PULL_OR_KEEP1:     0/  980     0%
Info: 	            IDELAYE2:    18/  500     3%
Info: 	        OLOGICE3_TFF:     0/  500     0%
Info: 	      OLOGICE3_OUTFF:     0/  500     0%
Info: 	       OLOGICE3_MISR:     0/  500     0%
Info: 	           OSERDESE2:    45/  500     9%
Info: 	        ILOGICE3_IFF:     0/  500     0%
Info: 	ILOGICE3_ZHOLD_DELAY:     0/  500     0%
Info: 	           ISERDESE2:    18/  500     3%
Info: 	                BUFR:     0/   40     0%
Info: 	               BUFIO:     0/   40     0%
Info: 	          IDELAYCTRL:     1/   10    10%
Info: 	            BUFGCTRL:     4/   32    12%
Info: 	            PCIE_2_1:     0/    1     0%
Info: 	               BSCAN:     0/    4     0%
Info: 	                BUFG:     0/   32     0%
Info: 	              BUFHCE:     0/  120     0%
Info: 	            DCIRESET:     0/    1     0%
Info: 	            DNA_PORT:     0/    1     0%
Info: 	           EFUSE_USR:     0/    1     0%
Info: 	           FRAME_ECC:     0/    1     0%
Info: 	       GTPE2_CHANNEL:     0/   16     0%
Info: 	        GTPE2_COMMON:     0/    4     0%
Info: 	         IBUFDS_GTE2:     0/    8     0%
Info: 	                ICAP:     0/    2     0%
Info: 	            INVERTER:     3/  240     1%
Info: 	          MMCME2_ADV:     0/   10     0%
Info: 	        OLOGICE2_TFF:     0/  500     0%
Info: 	      OLOGICE2_OUTFF:     0/  500     0%
Info: 	           PLLE2_ADV:     1/   10    10%
Info: 	           SELMUX2_1:    41/102950     0%
Info: 	             STARTUP:     0/    1     0%
Info: 	          USR_ACCESS:     0/    1     0%
Info: 	              BUFFER:     0/   82     0%
Info: 	        ILOGICE2_IFF:     0/  500     0%
Info: 	       OLOGICE2_MISR:     0/  500     0%

Info: HeAP congestion knobs: beta=0.400 spread_scale=2,1 alpha=0.080
Info: Placed 223 cells based on constraints.
Info: Creating initial analytic placement for 14933 cells, random placement wirelen = 6189259.
Info:     at initial placer iter 0, wirelen = 56086
Info:     at initial placer iter 1, wirelen = 52309
Info:     at initial placer iter 2, wirelen = 51432
Info:     at initial placer iter 3, wirelen = 50680
Info: Running main analytical placer.
Info:     at iteration #1, type ALL: wirelen solved = 50302, spread = 860782, legal = 874314; time = 0.59s
Info:     at iteration #2, type ALL: wirelen solved = 122179, spread = 534159, legal = 558902; time = 0.82s
Info:     at iteration #3, type ALL: wirelen solved = 149166, spread = 358293, legal = 380908; time = 0.62s
Info:     at iteration #4, type ALL: wirelen solved = 167940, spread = 362707, legal = 379437; time = 0.56s
Info:     at iteration #5, type ALL: wirelen solved = 189212, spread = 356254, legal = 373519; time = 0.54s
Info:     at iteration #6, type ALL: wirelen solved = 200405, spread = 335275, legal = 347375; time = 0.55s
Info:     at iteration #7, type ALL: wirelen solved = 206223, spread = 404169, legal = 415096; time = 0.51s
Info:     at iteration #8, type ALL: wirelen solved = 234885, spread = 426323, legal = 436678; time = 0.51s
Info:     at iteration #9, type ALL: wirelen solved = 243872, spread = 439737, legal = 447171; time = 0.48s
Info:     at iteration #10, type ALL: wirelen solved = 259674, spread = 467785, legal = 476686; time = 0.51s
Info:     at iteration #11, type ALL: wirelen solved = 284033, spread = 500085, legal = 503830; time = 0.51s
Info: HeAP Placer Time: 10.16s
Info:   of which solving equations: 4.99s
Info:   of which spreading cells: 1.00s
Info:   of which strict legalisation: 1.56s

Info: Running simulated annealing placer for refinement.
Info:   at iteration #1: temp = 0.000000, timing cost = 1762, wirelen = 347375
Info:   at iteration #5: temp = 0.000000, timing cost = 1209, wirelen = 320620
Info:   at iteration #10: temp = 0.000000, timing cost = 1181, wirelen = 318049
Info:   at iteration #15: temp = 0.000000, timing cost = 1195, wirelen = 317688
Info:   at iteration #20: temp = 0.000000, timing cost = 1169, wirelen = 317529
Info:   at iteration #21: temp = 0.000000, timing cost = 1189, wirelen = 317504 
Info: SA placement time 18.40s

Info: Max frequency for clock 'clk_ctrl': 61.52 MHz (PASS at 60.00 MHz)

Info: Slack histogram:
Info:  legend: * represents 54 endpoint(s)
Info:          + represents [1,54) endpoint(s)
Info: [   411,   1208) |+
Info: [  1208,   2005) |*+
Info: [  2005,   2802) |*+
Info: [  2802,   3599) |****+
Info: [  3599,   4396) |*******+
Info: [  4396,   5193) |********+
Info: [  5193,   5990) |*********+
Info: [  5990,   6787) |*********+
Info: [  6787,   7584) |************+
Info: [  7584,   8381) |*****************+
Info: [  8381,   9178) |*************************+
Info: [  9178,   9975) |********************+
Info: [  9975,  10772) |*******************************+
Info: [ 10772,  11569) |************************************************************ 
Info: [ 11569,  12366) |********************************************************+
Info: [ 12366,  13163) |**************************+
Info: [ 13163,  13960) |************************+
Info: [ 13960,  14757) |*************************+
Info: [ 14757,  15554) |******************+
Info: [ 15554,  16351) |***********+
Info: Checksum: 0xd27ef552
Info: Running post-placement legalisation...
Info: post-place repair: relocated 5426 stranded cluster(s)/cell(s) to valid bels
Info: Routing global clocks...
Info:     routing clock 'clk_ddr'
Info:     routing clock 'clk_ctrl'
Info:     routing clock 'clk200_in'
Info:     routing clock 'ctrl_raw'
Info:     routing clock 'ddr90_raw'
Info:     routing clock 'clk_ddr_90'
Info:     routing clock 'ddr_raw'
Info:     routing clock 'ref_raw'
Info:     routing clock 'clk_ref'
Info: Running router2...
Info: Setting up routing resources...
Info: Adopted 9730 pre-routed arc(s)
Info: Running main router loop...
Info:     iter=1 wires=442015 overused=14208 overuse=14538 archfail=NA
Info:     iter=2 wires=452001 overused=74 overuse=74 archfail=NA
Info:     iter=3 wires=452093 overused=1 overuse=1 archfail=NA
Info:     iter=4 wires=452092 overused=0 overuse=0 archfail=0
Info: 1000 slowest nets by runtime:
        $techmap$techmap221094$auto$ff.cc:337:slice$151530.$auto$abc9_ops.cc:411:prep_bypass$220997.PRE   4726 2466.5ms
                                                                      matvec.act_addr[3]    924 1073.6ms
                                                                              ddr3.reset   2173 978.5ms
                                                                     matvec.aw_stored[1]   1543 750.2ms
                                                                      matvec.act_addr[2]    924 734.5ms
                                                                      matvec.act_addr[1]    924 635.5ms
                                                                      matvec.act_addr[4]    924 530.2ms
                                                                      matvec.act_addr[6]    924 514.1ms
                                                                      matvec.act_addr[5]    924 511.3ms
                                  $abc$659956$memory\matvec.fq_hi$wren[7][0][0]$y$100555    128 493.8ms
                                                                     matvec.aw_stored[2]   1543 491.1ms
                                                                     matvec.aw_stored[5]   1543 485.2ms
                                                                     matvec.aw_stored[4]   1543 418.4ms
                                                                     matvec.aw_stored[3]   1543 412.6ms
                                         $techmap678333$abc$659956$lut$aiger$o32509.A[1]    157 406.1ms
                                                                     matvec.aw_stored[0]   1544 400.7ms
                                    $techmap672201$abc$659956$lut$aiger659955$60621.A[4]    128 385.6ms
                                  $abc$659956$memory\matvec.fq_hi$wren[4][0][0]$y$100535    128 383.8ms
                                    $techmap671775$abc$659956$lut$aiger659955$55363.A[4]    322 380.1ms
                  $techmap672204$auto$abc_ops_reintegrate.cc:611:reintegrate$660685.A[2]    237 372.6ms
                                    $techmap672202$abc$659956$lut$aiger659955$60625.A[1]    130 365.2ms
                  $techmap669079$auto$abc_ops_reintegrate.cc:611:reintegrate$661577.A[1]    192 363.3ms
                  $techmap668681$auto$abc_ops_reintegrate.cc:611:reintegrate$661636.A[3]    191 360.8ms
                  $techmap667403$auto$abc_ops_reintegrate.cc:611:reintegrate$662263.A[2]    180 358.9ms
                                    $techmap672202$abc$659956$lut$aiger659955$60625.A[2]    128 358.7ms
                                  $abc$659956$memory\matvec.fq_hi$wren[6][0][0]$y$100549    128 356.2ms
                                    $techmap672201$abc$659956$lut$aiger659955$60621.A[3]    128 351.6ms
                  $techmap672204$auto$abc_ops_reintegrate.cc:611:reintegrate$660685.A[3]    128 331.2ms
                                  $abc$659956$memory\matvec.fq_hi$wren[0][0][0]$y$100501    128 329.6ms
                                                 ddr3.ddr3_controller_inst.index_wb_data    129 327.4ms
                  $techmap669699$auto$abc_ops_reintegrate.cc:611:reintegrate$661517.A[4]    145 300.6ms
                                            $techmap222915$auto$ff.cc:337:slice$119726.D    148 298.3ms
                  $techmap671783$auto$abc_ops_reintegrate.cc:611:reintegrate$660859.A[1]    219 292.1ms
                                   $auto$memory_libmap.cc:1642:generate_demux$92567.Y[5]    176 291.8ms
                                  $abc$659956$memory\matvec.fq_hi$wren[3][0][0]$y$100525    128 282.8ms
                                    $techmap669453$abc$659956$lut$aiger659955$32896.A[0]    150 280.8ms
                                        ddr3.ddr3_controller_inst.data_start_index[0][1]    167 279.2ms
                                    $techmap672203$abc$659956$lut$aiger659955$60630.A[3]    128 275.6ms
                                  $abc$659956$memory\matvec.fq_hi$wren[5][0][0]$y$100541    128 269.9ms
                                  $abc$659956$memory\matvec.fq_hi$wren[2][0][0]$y$100519    128 267.0ms
                                        ddr3.ddr3_controller_inst.data_start_index[1][6]    104 256.4ms
                                    $techmap671775$abc$659956$lut$aiger659955$55363.A[5]    166 253.0ms
                                   $auto$memory_libmap.cc:1642:generate_demux$92567.Y[6]    176 239.5ms
                               $abc$659956$auto$opt_dff.cc:336:make_patterns_logic$78927    111 238.6ms
                                                 ddr3.ddr3_controller_inst.stage2_update    158 236.7ms
                                        ddr3.ddr3_controller_inst.data_start_index[1][4]    213 235.3ms
                                    $techmap668749$abc$659956$lut$aiger659955$29073.A[4]     79 228.6ms
                                    $techmap669593$abc$659956$lut$aiger659955$32957.A[1]    329 227.9ms
                                    $techmap669593$abc$659956$lut$aiger659955$32957.A[0]    328 226.0ms
                                                          ddr3.ddr3_controller_inst.lane    131 221.7ms
                                   $auto$memory_libmap.cc:1642:generate_demux$92567.Y[4]    176 220.5ms
                                            $techmap224035$auto$ff.cc:337:slice$114905.D     92 218.5ms
                                   $auto$memory_libmap.cc:1642:generate_demux$92567.Y[1]    176 216.8ms
                  $techmap669656$auto$abc_ops_reintegrate.cc:611:reintegrate$661530.A[1]    212 214.5ms
                                  $abc$659956$memory\matvec.fq_hi$wren[1][0][0]$y$100509    128 212.7ms
                                                                               app_rst_n     48 209.4ms
                                    $techmap668750$abc$659956$lut$aiger659955$29079.A[3]     59 197.0ms
                                        ddr3.ddr3_controller_inst.data_start_index[1][3]    170 196.8ms
                                    $techmap668750$abc$659956$lut$aiger659955$29079.A[2]     77 188.8ms
                               $abc$659956$auto$opt_dff.cc:336:make_patterns_logic$79663    144 187.8ms
                                   $auto$memory_libmap.cc:1642:generate_demux$92567.Y[0]    176 185.8ms
                                   $auto$memory_libmap.cc:1642:generate_demux$92567.Y[2]    176 184.8ms
                                   $auto$memory_libmap.cc:1642:generate_demux$92567.Y[3]    176 184.1ms
                  $techmap671783$auto$abc_ops_reintegrate.cc:611:reintegrate$660859.A[0]     64 182.8ms
                                                    ddr3.ddr3_controller_inst.late_dq[0]    198 181.5ms
                  $techmap670049$auto$abc_ops_reintegrate.cc:611:reintegrate$661403.A[4]    117 177.8ms
                                                    ddr3.ddr3_controller_inst.late_dq[1]    198 176.2ms
                                                                          calib_complete     91 175.1ms
                  $techmap669303$auto$abc_ops_reintegrate.cc:611:reintegrate$661569.A[0]    144 174.8ms
                                              ddr3.ddr3_controller_inst.write_pattern[0]     41 172.7ms
                  $techmap669463$auto$abc_ops_reintegrate.cc:611:reintegrate$661560.A[2]    155 172.1ms
                  $techmap668708$auto$abc_ops_reintegrate.cc:611:reintegrate$661628.A[5]    113 170.9ms
                                            $techmap223636$auto$ff.cc:337:slice$117731.D    139 170.8ms
                                        ddr3.ddr3_controller_inst.data_start_index[0][3]    171 170.7ms
                  $techmap669614$auto$abc_ops_reintegrate.cc:611:reintegrate$661539.A[0]    147 168.5ms
                                        ddr3.ddr3_controller_inst.data_start_index[1][0]    108 168.0ms
                                        ddr3.ddr3_controller_inst.data_start_index[0][4]    207 165.4ms
                  $techmap671129$auto$abc_ops_reintegrate.cc:611:reintegrate$661083.A[2]    188 164.8ms
                                         $techmap675981$abc$659956$lut$aiger$o30310.A[0]    143 163.5ms
                  $techmap668253$auto$abc_ops_reintegrate.cc:611:reintegrate$661814.A[2]     54 162.2ms
                  $techmap669786$auto$abc_ops_reintegrate.cc:611:reintegrate$661493.A[3]     61 161.5ms
                  $techmap670049$auto$abc_ops_reintegrate.cc:611:reintegrate$661403.A[2]     71 160.8ms
                                        ddr3.ddr3_controller_inst.data_start_index[1][2]    148 160.4ms
                                    $techmap668781$abc$659956$lut$aiger659955$29133.A[1]     81 154.9ms
                  $techmap668867$auto$abc_ops_reintegrate.cc:611:reintegrate$661614.A[1]     74 154.9ms
                  $techmap668219$auto$abc_ops_reintegrate.cc:611:reintegrate$661820.A[2]     45 153.2ms
                                    $techmap668752$abc$659956$lut$aiger659955$29084.A[2]     93 152.3ms
                                    $techmap669595$abc$659956$lut$aiger659955$32731.A[1]     61 151.2ms
                  $techmap671494$auto$abc_ops_reintegrate.cc:611:reintegrate$660952.A[0]     50 149.3ms
                  $techmap669427$auto$abc_ops_reintegrate.cc:611:reintegrate$661564.A[0]     48 147.0ms
                                        ddr3.ddr3_controller_inst.data_start_index[0][2]    148 146.5ms
                  $techmap668234$auto$abc_ops_reintegrate.cc:611:reintegrate$661817.A[0]    124 146.1ms
        $flatten\ddr3.\ddr3_controller_inst.$shiftx$build/uberddr3/rtl/ddr3_controller.v:2248$27065.Y     64 144.1ms
                                        ddr3.ddr3_controller_inst.data_start_index[0][5]    110 143.6ms
                  $techmap669653$auto$abc_ops_reintegrate.cc:611:reintegrate$661531.A[3]    150 143.1ms
                                    $techmap675281$abc$659956$lut$aiger659955$54907.A[2]     48 142.6ms
                                                                         master.read_ack    163 139.8ms
                                                                           matvec.pop_go     55 137.4ms
                  $techmap669673$auto$abc_ops_reintegrate.cc:611:reintegrate$661526.A[2]    129 134.5ms
                                    $techmap668749$abc$659956$lut$aiger659955$29073.A[3]     72 134.4ms
                                        ddr3.ddr3_controller_inst.data_start_index[0][6]    105 132.6ms
                  $techmap668869$auto$abc_ops_reintegrate.cc:611:reintegrate$661613.A[1]     87 131.6ms
        $flatten\ddr3.\ddr3_controller_inst.$shiftx$build/uberddr3/rtl/ddr3_controller.v:2225$27053.Y     64 130.6ms
                                    $techmap675276$abc$659956$lut$aiger659955$28954.A[1]     49 130.5ms
                  $techmap669352$auto$abc_ops_reintegrate.cc:611:reintegrate$661568.A[1]     72 129.5ms
                                        ddr3.ddr3_controller_inst.data_start_index[1][5]    108 128.0ms
        $flatten\ddr3.\ddr3_controller_inst.$shiftx$build/uberddr3/rtl/ddr3_controller.v:2225$27061.Y     64 126.8ms
                                         $techmap676815$abc$659956$lut$aiger$o30562.A[1]     98 126.3ms
                                        ddr3.ddr3_controller_inst.data_start_index[1][1]    169 126.1ms
                                         $techmap675203$abc$659956$lut$aiger$o33540.A[1]     66 126.1ms
                                    $techmap668752$abc$659956$lut$aiger659955$29084.A[1]     95 125.6ms
                  $techmap669614$auto$abc_ops_reintegrate.cc:611:reintegrate$661539.A[2]     68 124.5ms
                  $techmap668782$auto$abc_ops_reintegrate.cc:611:reintegrate$661623.A[0]     45 123.0ms
        $flatten\ddr3.\ddr3_controller_inst.$shiftx$build/uberddr3/rtl/ddr3_controller.v:2248$27057.Y     64 122.5ms
                                    $techmap669637$abc$659956$lut$aiger659955$34166.A[1]     44 120.0ms
                  $techmap668007$auto$abc_ops_reintegrate.cc:611:reintegrate$661953.A[3]     87 119.1ms
                                                ddr3.ddr3_controller_inst.stage1_bank[0]     52 118.1ms
                                        ddr3.ddr3_controller_inst.data_start_index[0][0]    108 117.0ms
                                    $techmap669323$abc$659956$lut$aiger659955$31874.A[0]    116 116.7ms
                  $techmap668798$auto$abc_ops_reintegrate.cc:611:reintegrate$661621.A[1]     51 114.6ms
                  $techmap669352$auto$abc_ops_reintegrate.cc:611:reintegrate$661568.A[0]    101 114.3ms
                  $techmap671439$auto$abc_ops_reintegrate.cc:611:reintegrate$660974.A[0]     47 109.9ms
                                    $techmap675272$abc$659956$lut$aiger659955$28943.A[2]     92 108.3ms
                  $techmap669639$auto$abc_ops_reintegrate.cc:611:reintegrate$661533.A[1]     43 107.3ms
                                              ddr3.ddr3_controller_inst.stage2_bank_d[1]     47 103.3ms
                                    $techmap669310$abc$659956$lut$aiger659955$31859.A[1]     42 102.5ms
                               $abc$659956$auto$opt_dff.cc:336:make_patterns_logic$78804    160 102.3ms
                                    $techmap669693$abc$659956$lut$aiger659955$35054.A[2]     68 101.7ms
                                    $techmap669325$abc$659956$lut$aiger659955$31885.A[0]    110 94.5ms
                                              ddr3.ddr3_controller_inst.stage2_bank_d[0]     53 93.8ms
                  $techmap669671$auto$abc_ops_reintegrate.cc:611:reintegrate$661527.A[1]     56 93.4ms
                                                                           committed_any      1 90.2ms
                  $techmap668768$auto$abc_ops_reintegrate.cc:611:reintegrate$661624.A[2]     72 89.4ms
                                                             ddr3.ddr3_phy_inst.sync_rst     64 88.3ms
                                                ddr3.ddr3_controller_inst.stage1_bank[1]     51 87.8ms
                                            $techmap221490$auto$ff.cc:337:slice$144601.D     82 84.9ms
                                            $techmap225761$auto$ff.cc:337:slice$101274.D     74 84.0ms
                                         ddr3.ddr3_controller_inst.stage1_next_bank_d[1]     41 83.0ms
                                         ddr3.ddr3_controller_inst.stage1_next_bank_d[0]     46 82.5ms
                                         $techmap677276$abc$659956$lut$aiger$o30721.A[1]     73 79.8ms
                                         $techmap675703$abc$659956$lut$aiger$o29762.A[3]     41 79.3ms
                                                                        matvec.hq_hi[21]     41 78.8ms
                  $techmap668334$auto$abc_ops_reintegrate.cc:611:reintegrate$661787.A[0]    111 77.7ms
                                                                        matvec.hq_lo[15]     43 77.3ms
                  $techmap669633$auto$abc_ops_reintegrate.cc:611:reintegrate$661535.A[1]     46 72.0ms
                                                                        matvec.hq_lo[14]     43 71.8ms
                               $abc$659956$auto$opt_dff.cc:336:make_patterns_logic$80513    153 70.4ms
                                         $techmap677276$abc$659956$lut$aiger$o30721.A[0]     73 68.5ms
                  $techmap669667$auto$abc_ops_reintegrate.cc:611:reintegrate$661529.A[1]     88 68.0ms
                  $techmap667523$auto$abc_ops_reintegrate.cc:611:reintegrate$662152.A[1]     64 65.7ms
                                         $techmap675584$abc$659956$lut$aiger$o29482.A[1]     72 64.6ms
                                                                                 any_nak      1 63.6ms
                  $techmap668727$auto$abc_ops_reintegrate.cc:611:reintegrate$661625.A[5]     44 63.3ms
                  $techmap672736$auto$abc_ops_reintegrate.cc:611:reintegrate$660490.A[0]     42 63.3ms
                                         $techmap675252$abc$659956$lut$aiger$o38092.A[2]     67 60.3ms
                                                                        matvec.hq_lo[13]     44 60.3ms
                               $abc$659956$auto$opt_dff.cc:336:make_patterns_logic$79136    140 57.9ms
                                                                        matvec.hq_lo[47]     42 57.5ms
                                            $techmap221492$auto$ff.cc:337:slice$126733.D     78 57.2ms
                               $abc$659956$auto$opt_dff.cc:336:make_patterns_logic$79626    129 56.9ms
                  $techmap668340$auto$abc_ops_reintegrate.cc:611:reintegrate$661785.A[0]     41 55.2ms
                                                                                 mv_s_go     78 54.3ms
                                            ddr3.ddr3_controller_inst.dqs_start_index[0]     44 54.1ms
                                            $techmap224952$auto$ff.cc:337:slice$112265.D     42 52.5ms
                                                                     matvec.fq_hi[7][57]      1 52.2ms
                                    $techmap669369$abc$659956$lut$aiger659955$32446.A[0]     41 47.5ms
                                                                           wb_rdata[111]     19 46.9ms
                                            $techmap225632$auto$ff.cc:337:slice$101551.D     41 46.3ms
                               $abc$659956$auto$opt_dff.cc:336:make_patterns_logic$80912     37 45.6ms
                                                                        matvec.hq_hi[30]     42 44.3ms
                                                                        matvec.hq_hi[29]     42 43.6ms
                                         $techmap675216$abc$659956$lut$aiger$o37438.A[1]     42 42.2ms
                                                                               mv_s_a[8]      1 41.2ms
                                                                           wb_rdata[112]     20 40.1ms
                                                                        matvec.hq_lo[54]     41 39.8ms
                                    $techmap669313$abc$659956$lut$aiger659955$31861.A[0]     40 39.8ms
                  $techmap667372$auto$abc_ops_reintegrate.cc:611:reintegrate$662294.A[1]     62 36.9ms
                                                                            wb_rdata[15]     22 36.9ms
                                                                            wb_rdata[31]     21 36.4ms
                                            $techmap221096$auto$ff.cc:337:slice$151523.D     41 36.3ms
                                                                            wb_rdata[28]     21 35.6ms
                                                                            wb_rdata[14]     22 35.3ms
                                                                               debug1[1]     34 34.7ms
                                                                            wb_rdata[27]     21 34.5ms
                                                                            wb_rdata[25]     21 34.4ms
                                                                        matvec.hq_hi[31]     41 34.3ms
                                                                           wb_rdata[104]     19 34.1ms
                                                                           wb_rdata[105]     20 34.1ms
                                                                            wb_rdata[56]     20 34.0ms
                                                                            wb_rdata[19]     22 33.4ms
                                                                           wb_rdata[122]     20 33.2ms
                                                                           wb_rdata[116]     19 32.8ms
                                                                            wb_rdata[63]     21 32.5ms
                                                                             wb_rdata[2]     22 32.3ms
                                                                        matvec.hq_hi[52]     16 31.9ms
                                                                           wb_rdata[108]     20 31.7ms
                                                                            wb_rdata[65]     19 31.6ms
                                                                           wb_rdata[117]     19 31.3ms
                                                                           wb_rdata[121]     19 31.1ms
                                                                            wb_rdata[11]     22 30.9ms
                               $abc$659956$auto$opt_dff.cc:336:make_patterns_logic$79026     40 30.9ms
                                                                            wb_rdata[48]     21 30.8ms
                  $techmap668340$auto$abc_ops_reintegrate.cc:611:reintegrate$661785.A[1]     36 30.5ms
                                                                           wb_rdata[126]     19 30.4ms
                                                                             wb_rdata[0]     22 30.0ms
        $abc$659956$flatten\matvec.$8\dot_one$func$build/t27/specs/rtl/fpga_ddr3_matvec.v:1968$9815.dot_one_body.prod[31:0]$10969[10]     13 29.7ms
                                                                           wb_rdata[106]     19 29.6ms
                  $techmap671319$auto$abc_ops_reintegrate.cc:611:reintegrate$661025.A[0]     40 29.6ms
                                                                            wb_rdata[30]     21 29.4ms
                                                                             wb_rdata[8]     23 29.4ms
                                                                            wb_rdata[89]     19 29.0ms
                                                                            wb_rdata[10]     22 28.9ms
                                                                            wb_rdata[70]     19 28.8ms
                                                                            wb_rdata[96]     20 28.8ms
                                                                           wb_rdata[100]     19 28.6ms
                                         $techmap675247$abc$659956$lut$aiger$o33268.A[2]     40 28.3ms
                                                                            wb_rdata[26]     21 28.2ms
                                                                        matvec.hq_lo[24]     24 28.0ms
                                                                               debug1[0]     40 27.4ms
                                                                            wb_rdata[66]     19 27.2ms
                                                                            wb_rdata[24]     22 27.0ms
                                                                            wb_rdata[13]     23 27.0ms
                                                                            wb_rdata[60]     21 26.7ms
                                                                           wb_rdata[102]     19 26.6ms
                                    $techmap671493$abc$659956$lut$aiger659955$53031.A[4]     33 26.4ms
                                                                           wb_rdata[101]     19 26.2ms
                                                                            wb_rdata[17]     22 26.1ms
                                      ddr3.ddr3_controller_inst.write_by_byte_counter[2]     28 26.1ms
                                    $techmap669603$abc$659956$lut$aiger659955$34015.A[1]     27 26.1ms
                                                                        matvec.hq_lo[45]     40 25.9ms
                               $abc$659956$auto$opt_dff.cc:336:make_patterns_logic$80994     32 25.8ms
                                                                            wb_rdata[47]     20 25.7ms
                                                                            wb_rdata[42]     20 25.7ms
                                                                             wb_rdata[4]     22 25.7ms
                                                                              rd_addr[3]     33 25.6ms
                                                                            wb_rdata[29]     23 25.6ms
                                                                             wb_rdata[5]     23 25.5ms
                                                                            wb_rdata[94]     19 25.4ms
                                                                            wb_rdata[83]     20 25.3ms
                                                                        matvec.hq_hi[25]     36 25.3ms
                                                                            wb_rdata[33]     20 25.1ms
                                           $abc$659956$auto$rtlil.cc:3504:NotGate$209681     18 25.0ms
                                    $techmap675272$abc$659956$lut$aiger659955$28943.A[0]     31 25.0ms
                                                                            wb_rdata[18]     22 24.8ms
                  $techmap673305$auto$abc_ops_reintegrate.cc:611:reintegrate$660322.A[1]     29 24.7ms
                                                                        matvec.hq_hi[15]     39 24.5ms
                                                                            wb_rdata[64]     20 24.4ms
                                                                        matvec.hq_lo[61]     40 24.4ms
                                                                            wb_rdata[77]     20 24.4ms
                  $techmap673848$auto$abc_ops_reintegrate.cc:611:reintegrate$660190.A[4]      8 24.4ms
                               $abc$659956$auto$opt_dff.cc:336:make_patterns_logic$79293     39 24.3ms
                                                                            wb_rdata[57]     20 24.3ms
                                                                         matvec.hq_hi[8]     30 24.3ms
                                                                            wb_rdata[93]     19 24.2ms
                  $techmap672364$auto$abc_ops_reintegrate.cc:611:reintegrate$660614.A[1]     18 24.2ms
                                                                            wb_rdata[54]     20 24.1ms
                                                                             wb_rdata[9]     22 24.1ms
                  $techmap670212$auto$abc_ops_reintegrate.cc:611:reintegrate$661357.A[3]     28 24.1ms
                                                                            wb_rdata[71]     20 24.1ms
                                                                            wb_rdata[84]     20 24.0ms
                                    $techmap675274$abc$659956$lut$aiger659955$28946.A[0]     24 24.0ms
        $abc$659956$flatten\loader.$logic_and$build/t27/specs/rtl/fpga_ddr3_loader.v:1622$929_Y     33 23.9ms
                                                                        matvec.hq_lo[31]     35 23.8ms
                                                                            wb_rdata[99]     20 23.8ms
                                                                           wb_rdata[123]     19 23.8ms
                                                                           wb_rdata[113]     19 23.8ms
                                                                            wb_rdata[67]     20 23.6ms
                               $abc$659956$auto$opt_dff.cc:336:make_patterns_logic$79679     27 23.5ms
                                                                            wb_rdata[68]     19 23.5ms
                  $techmap670573$auto$abc_ops_reintegrate.cc:611:reintegrate$661259.A[3]      5 23.4ms
                                                                              rd_addr[0]     33 23.4ms
                                                                         matvec.hq_hi[1]     31 23.4ms
                  $techmap668441$auto$abc_ops_reintegrate.cc:611:reintegrate$661767.A[1]     40 23.2ms
                                                                             wb_rdata[1]     22 23.2ms
                                                                            wb_rdata[45]     20 23.1ms
                                                                            wb_rdata[35]     21 23.1ms
                                                                           wb_rdata[109]     19 23.0ms
                  $techmap668858$auto$abc_ops_reintegrate.cc:611:reintegrate$661618.A[0]     36 22.9ms
                                                                            wb_rdata[75]     19 22.9ms
                                                                           wb_rdata[107]     19 22.7ms
                                    $techmap669640$abc$659956$lut$aiger659955$34179.A[1]     34 22.7ms
                                                                            wb_rdata[61]     20 22.6ms
                                                                            wb_rdata[78]     19 22.6ms
                                                                        matvec.hq_lo[25]     28 22.5ms
                                                                            wb_rdata[20]     22 22.5ms
                                                                            wb_rdata[69]     20 22.4ms
                                                                           wb_rdata[118]     19 22.4ms
                                                                            wb_rdata[53]     21 22.4ms
                                                                            wb_rdata[16]     23 22.4ms
                                                                            wb_rdata[74]     19 22.4ms
                                                                             wb_rdata[3]     22 22.4ms
                                                                        matvec.hq_hi[13]     39 22.3ms
                  $techmap668366$auto$abc_ops_reintegrate.cc:611:reintegrate$661781.A[4]     19 22.3ms
                  $techmap668459$auto$abc_ops_reintegrate.cc:611:reintegrate$661761.A[3]     17 22.3ms
                                                                        matvec.hq_lo[29]     38 22.2ms
                               $abc$659956$auto$opt_dff.cc:336:make_patterns_logic$80316     32 22.2ms
                                                                           wb_rdata[125]     19 22.2ms
                  $techmap668394$auto$abc_ops_reintegrate.cc:611:reintegrate$661773.A[4]     34 22.2ms
                  $techmap668372$auto$abc_ops_reintegrate.cc:611:reintegrate$661780.A[4]     19 22.1ms
                               $abc$659956$auto$opt_dff.cc:336:make_patterns_logic$78956     16 22.0ms
                                                                          transmitter.tx      1 22.0ms
                                                                            wb_rdata[92]     19 22.0ms
                                    $techmap668090$abc$659956$lut$aiger659955$23888.A[5]     18 21.9ms
                                                                            wb_rdata[40]     21 21.7ms
                  $techmap669047$auto$abc_ops_reintegrate.cc:611:reintegrate$661580.A[2]     23 21.7ms
                                    $techmap669597$abc$659956$lut$aiger659955$33980.A[2]     33 21.7ms
                                                                            wb_rdata[21]     22 21.6ms
                                                                            wb_rdata[88]     20 21.6ms
                                                                            wb_rdata[23]     22 21.5ms
                                                                            wb_rdata[12]     23 21.4ms
                                                                            wb_rdata[50]     20 21.4ms
                                                                            wb_rdata[37]     20 21.3ms
                                                                            wb_rdata[86]     19 21.3ms
                                                                            wb_rdata[76]     19 21.3ms
                                                                            wb_rdata[72]     20 21.2ms
                                                                            wb_rdata[90]     19 21.2ms
                  $techmap668921$auto$abc_ops_reintegrate.cc:611:reintegrate$661602.A[2]     32 21.1ms
                                                                         matvec.hq_lo[7]     35 21.1ms
                                                                             wb_rdata[7]     22 21.0ms
                                                                            wb_rdata[95]     19 21.0ms
                                                                           wb_rdata[124]     20 20.9ms
                                                                            wb_rdata[49]     20 20.7ms
                                                                           wb_rdata[114]     19 20.6ms
                                                                        matvec.hq_hi[41]     31 20.5ms
                                                                            wb_rdata[34]     20 20.4ms
                                                                            wb_rdata[82]     19 20.1ms
                                                                            wb_rdata[87]     19 20.1ms
                                         $techmap675685$abc$659956$lut$aiger$o29730.A[0]     40 20.1ms
                                                                                clk_ctrl   9644 20.1ms
                  $techmap669559$auto$abc_ops_reintegrate.cc:611:reintegrate$661556.A[1]     40 20.0ms
                                                                            wb_rdata[58]     20 19.9ms
                  $techmap673305$auto$abc_ops_reintegrate.cc:611:reintegrate$660322.A[0]     30 19.9ms
                                                                         matvec.hq_hi[9]     34 19.8ms
                                                                            wb_rdata[32]     20 19.7ms
                                                                            receiver.rx2     39 19.6ms
                                                                           wb_rdata[110]     19 19.5ms
                                                                             wb_rdata[6]     22 19.5ms
        $abc$659956$flatten\matvec.$8\dot_one$func$build/t27/specs/rtl/fpga_ddr3_matvec.v:1967$9814.dot_one_body.prod[31:0]$10953[10]     13 19.5ms
                                                                            wb_rdata[52]     20 19.5ms
                                                                           wb_rdata[120]     20 19.5ms
                                            $techmap221099$auto$ff.cc:337:slice$151123.D     39 19.4ms
                                         $techmap675703$abc$659956$lut$aiger$o29762.A[1]     25 19.4ms
                                                ddr3.ddr3_controller_inst.stage2_pending     29 19.3ms
                                       ddr3.ddr3_controller_inst.delay_counter_is_zero_d     30 19.3ms
                                                                        matvec.hq_hi[33]     32 19.2ms
                                    $techmap669327$abc$659956$lut$aiger659955$31887.A[1]     19 19.2ms
                                                                            wb_rdata[46]     20 19.1ms
                  $techmap673845$auto$abc_ops_reintegrate.cc:611:reintegrate$660192.A[1]     30 19.1ms
                                                                        matvec.hq_hi[55]     35 19.0ms
                                                                        matvec.hq_lo[41]     34 19.0ms
                                                                            wb_rdata[62]     20 19.0ms
                                                                        matvec.hq_hi[17]     32 18.9ms
        $abc$659956$flatten\matvec.$8\dot_one$func$build/t27/specs/rtl/fpga_ddr3_matvec.v:1961$9808.dot_one_body.prod[31:0]$10857[10]     13 18.9ms
                                                                            wb_rdata[85]     20 18.8ms
                                                                            wb_rdata[59]     20 18.7ms
                  $techmap670133$auto$abc_ops_reintegrate.cc:611:reintegrate$661376.A[1]     23 18.6ms
                  $techmap670357$auto$abc_ops_reintegrate.cc:611:reintegrate$661324.A[3]     30 18.6ms
                               $abc$659956$auto$opt_dff.cc:336:make_patterns_logic$78923     32 18.6ms
                                                                            wb_rdata[22]     22 18.6ms
                  $techmap668459$auto$abc_ops_reintegrate.cc:611:reintegrate$661761.A[4]     19 18.5ms
                                                                        matvec.hq_lo[30]     36 18.5ms
                  $techmap671687$auto$abc_ops_reintegrate.cc:611:reintegrate$660886.A[0]     26 18.5ms
                  $techmap670050$auto$abc_ops_reintegrate.cc:611:reintegrate$661402.A[1]     16 18.4ms
        $abc$659956$flatten\matvec.$8\dot_one$func$build/t27/specs/rtl/fpga_ddr3_matvec.v:1962$9809.dot_one_body.prod[31:0]$10873[10]     13 18.4ms
                                                                        matvec.hq_hi[61]     34 18.4ms
                                                                            wb_rdata[73]     20 18.4ms
                                         $techmap668711$abc$659956$lut$aiger$o30312.A[1]     37 18.4ms
                                    $techmap671437$abc$659956$lut$aiger659955$52636.A[4]     33 18.3ms
                                                                        matvec.hq_lo[53]     40 18.3ms
                                         $techmap677737$abc$659956$lut$aiger$o31412.A[1]     30 18.2ms
                                                                            wb_rdata[97]     19 18.2ms
                                                                            wb_rdata[81]     19 18.1ms
                                         $techmap674792$abc$659956$lut$aiger$o28656.A[5]     31 18.0ms
                  $techmap670168$auto$abc_ops_reintegrate.cc:611:reintegrate$661363.A[2]     16 18.0ms
                                                ddr3.ddr3_controller_inst.stage1_bank[2]     28 17.9ms
                                                                        matvec.hq_hi[53]     36 17.9ms
                  $techmap668372$auto$abc_ops_reintegrate.cc:611:reintegrate$661780.A[3]     17 17.8ms
                                                                           wb_rdata[119]     19 17.8ms
                  $techmap670133$auto$abc_ops_reintegrate.cc:611:reintegrate$661376.A[0]     18 17.7ms
                                                                            wb_rdata[55]     21 17.7ms
                                                                       loader.clocks[22]      2 17.7ms
                  $techmap668530$auto$abc_ops_reintegrate.cc:611:reintegrate$661738.A[4]     18 17.7ms
                  $techmap668094$auto$abc_ops_reintegrate.cc:611:reintegrate$661897.A[2]     23 17.7ms
                                                                        matvec.hq_lo[28]     18 17.6ms
                  $techmap673332$auto$abc_ops_reintegrate.cc:611:reintegrate$660320.A[0]     29 17.6ms
                                                                         loader.h_len[7]     15 17.6ms
                                                                         matvec.hq_lo[8]     32 17.6ms
                                                                         matvec.hq_lo[0]     24 17.5ms
                                          ddr3.ddr3_controller_inst.start_index_check[4]     35 17.5ms
                                                    ddr3.ddr3_controller_inst.write_dq_d     35 17.4ms
                                                                        matvec.hq_hi[16]     28 17.4ms
                                                                         matvec.hq_lo[4]     19 17.4ms
                                                                           wb_rdata[127]     19 17.4ms
                                    $techmap669640$abc$659956$lut$aiger659955$34179.A[0]     31 17.3ms
                                                                            wb_rdata[91]     19 17.3ms
                                                                            wb_rdata[80]     19 17.2ms
                                                                        matvec.hq_hi[22]     39 17.2ms
                  $techmap674021$auto$abc_ops_reintegrate.cc:611:reintegrate$660119.A[1]     25 17.2ms
                  $techmap669786$auto$abc_ops_reintegrate.cc:611:reintegrate$661493.A[2]     32 17.1ms
                               $abc$659956$auto$opt_dff.cc:336:make_patterns_logic$80031     32 17.1ms
                                                                            wb_rdata[51]     20 17.0ms
        $abc$659956$flatten\matvec.$8\dot_one$func$build/t27/specs/rtl/fpga_ddr3_matvec.v:1965$9812.dot_one_body.prod[31:0]$10921[10]     13 17.0ms
                                                                        matvec.hq_lo[63]     38 17.0ms
                  $techmap669754$auto$abc_ops_reintegrate.cc:611:reintegrate$661505.A[0]     32 17.0ms
                  $techmap672736$auto$abc_ops_reintegrate.cc:611:reintegrate$660490.A[3]     18 16.9ms
                                                                        matvec.hq_lo[39]     38 16.7ms
                  $techmap668798$auto$abc_ops_reintegrate.cc:611:reintegrate$661621.A[0]     26 16.7ms
                                                                            wb_rdata[41]     20 16.7ms
                                                                        matvec.hq_lo[32]     24 16.7ms
                  $techmap674053$auto$abc_ops_reintegrate.cc:611:reintegrate$660105.A[1]     28 16.6ms
                               $abc$659956$auto$opt_dff.cc:336:make_patterns_logic$80779     32 16.6ms
                  $techmap673332$auto$abc_ops_reintegrate.cc:611:reintegrate$660320.A[1]     25 16.6ms
                                                                         matvec.hq_lo[6]     36 16.6ms
        $techmap86816$flatten\master.$gt$build/t27/specs/rtl/fpga_loader_wb.v:510$9444.Y     32 16.6ms
                                                                        matvec.hq_hi[63]     30 16.5ms
                                                                        matvec.hq_hi[27]     26 16.5ms
                                                                           wb_rdata[103]     19 16.5ms
                                                                            wb_rdata[38]     20 16.4ms
                                                                        matvec.hq_lo[10]     30 16.4ms
                                                                        matvec.hq_hi[14]     40 16.3ms
                                      ddr3.ddr3_controller_inst.write_by_byte_counter[0]     28 16.3ms
                                                                           wb_rdata[115]     19 16.3ms
                                                                               heartbeat      2 16.2ms
                                    $techmap669410$abc$659956$lut$aiger659955$32644.A[0]     33 16.2ms
                  $techmap668727$auto$abc_ops_reintegrate.cc:611:reintegrate$661625.A[2]     19 16.2ms
                  $techmap667371$auto$abc_ops_reintegrate.cc:611:reintegrate$662295.A[0]     36 16.2ms
                                    $techmap675168$abc$659956$lut$aiger659955$35395.A[1]     36 16.2ms
        $abc$659956$flatten\ddr3.\ddr3_phy_inst.$logic_not$build/uberddr3/rtl/ddr3_phy.v:1126$26035_Y      4 16.1ms
                                                                        loader.h_addr[7]     14 16.1ms
                                                                            wb_rdata[36]     21 16.1ms
                                                                         matvec.hq_hi[0]     34 16.1ms
                  $techmap674081$auto$abc_ops_reintegrate.cc:611:reintegrate$660090.A[2]     27 16.0ms
                                                                        matvec.hq_lo[42]     27 16.0ms
                                                                        matvec.hq_lo[37]     37 16.0ms
                                          ddr3.ddr3_controller_inst.start_index_check[5]     34 15.9ms
                                        ddr3.ddr3_controller_inst.instruction_address[4]     25 15.9ms
                                                                        matvec.hq_lo[62]     38 15.8ms
                                                                        matvec.hq_lo[26]     28 15.8ms
                                                                            wb_rdata[43]     20 15.7ms
                                                                        matvec.hq_lo[46]     40 15.7ms
                  $techmap668366$auto$abc_ops_reintegrate.cc:611:reintegrate$661781.A[3]     18 15.7ms
                  $techmap668255$auto$abc_ops_reintegrate.cc:611:reintegrate$661813.A[4]     22 15.7ms
                  $techmap668968$auto$abc_ops_reintegrate.cc:611:reintegrate$661598.A[1]      9 15.7ms
                  $techmap668243$auto$abc_ops_reintegrate.cc:611:reintegrate$661815.A[2]     26 15.7ms
                  $techmap673668$auto$abc_ops_reintegrate.cc:611:reintegrate$660254.A[3]     18 15.6ms
                  $techmap669673$auto$abc_ops_reintegrate.cc:611:reintegrate$661526.A[1]     39 15.5ms
                  $techmap668261$auto$abc_ops_reintegrate.cc:611:reintegrate$661812.A[2]     33 15.5ms
                                         $techmap675685$abc$659956$lut$aiger$o29730.A[1]     40 15.5ms
                                                                         matvec.hq_hi[7]     38 15.4ms
                                         $techmap674867$abc$659956$lut$aiger$o26880.A[1]     31 15.4ms
                                                                        matvec.hq_hi[49]     28 15.3ms
                                                                        matvec.hq_lo[18]     27 15.3ms
                                         $techmap669675$abc$659956$lut$aiger$o37502.A[1]     32 15.3ms
              $techmap86845$flatten\resetgen.$lt$build/t27/specs/rtl/fpga_reset.v:94$8.Y     33 15.2ms
                  $techmap667492$auto$abc_ops_reintegrate.cc:611:reintegrate$662183.A[1]     62 15.2ms
                                    $techmap669297$abc$659956$lut$aiger659955$31794.A[2]     40 15.2ms
                                                                   loader.stage_word[14]      2 15.1ms
                                                                        matvec.hq_hi[23]     40 15.1ms
                                         ddr3.ddr3_controller_inst.stage1_next_bank_d[2]     21 15.0ms
                  $techmap667694$auto$abc_ops_reintegrate.cc:611:reintegrate$662043.A[0]      9 14.9ms
                  $techmap668500$auto$abc_ops_reintegrate.cc:611:reintegrate$661746.A[3]     19 14.8ms
                                                                        loader.h_addr[1]     13 14.8ms
                                                                        matvec.hq_lo[17]     27 14.8ms
                                                                        matvec.hq_lo[16]     24 14.8ms
                                         $techmap675239$abc$659956$lut$aiger$o35692.A[4]     32 14.7ms
        $abc$659956$flatten\matvec.$8\dot_one$func$build/t27/specs/rtl/fpga_ddr3_matvec.v:1963$9810.dot_one_body.prod[31:0]$10889[10]     13 14.7ms
                  $techmap668521$auto$abc_ops_reintegrate.cc:611:reintegrate$661742.A[3]     17 14.7ms
                                                                        matvec.hq_lo[56]     31 14.7ms
                                         $techmap675661$abc$659956$lut$aiger$o29626.A[1]     32 14.7ms
                                                                         loader.h_len[3]     13 14.6ms
                                                                         matvec.hq_hi[6]     37 14.6ms
                                                                        matvec.hq_hi[38]     37 14.6ms
                                                                         matvec.hq_lo[3]     17 14.6ms
                  $techmap669699$auto$abc_ops_reintegrate.cc:611:reintegrate$661517.A[2]     16 14.6ms
                                                                       loader.h_addr[10]     16 14.6ms
                                                                            wb_rdata[44]     20 14.5ms
                                                                        loader.h_addr[0]     14 14.5ms
                                                                        matvec.hq_lo[34]     28 14.5ms
                                                                        matvec.hq_lo[21]     30 14.5ms
                                                                            wb_rdata[79]     20 14.5ms
                                                                   loader.stage_word[28]      2 14.5ms
                                                                         matvec.hq_lo[5]     37 14.5ms
                                                                              line_a[25]      1 14.5ms
                                                                        matvec.hq_hi[24]     35 14.4ms
                  $techmap667416$auto$abc_ops_reintegrate.cc:611:reintegrate$662250.A[1]      6 14.4ms
                                                                        matvec.hq_hi[56]     26 14.4ms
                  $techmap668523$auto$abc_ops_reintegrate.cc:611:reintegrate$661741.A[3]     17 14.3ms
                                                                       loader.h_addr[27]     12 14.3ms
                                                                 $abc$659956$aiger$i9692      3 13.8ms
                                         $techmap676309$abc$659956$lut$aiger$o30388.A[0]     34 13.8ms
                  $techmap669300$auto$abc_ops_reintegrate.cc:611:reintegrate$661570.A[4]     32 13.8ms
                                                                        matvec.hq_lo[23]     29 13.8ms
                                                                            wb_rdata[98]     20 13.8ms
                  $techmap669467$auto$abc_ops_reintegrate.cc:611:reintegrate$661558.A[1]     34 13.8ms
                                    $techmap672565$abc$659956$lut$aiger659955$65241.A[4]      3 13.8ms
                                                                        matvec.hq_hi[37]     38 13.7ms
                  $techmap673769$auto$abc_ops_reintegrate.cc:611:reintegrate$660220.A[0]     15 13.7ms
                                    $techmap668762$abc$659956$lut$aiger659955$23236.A[1]     32 13.7ms
                                                                        matvec.hq_lo[22]     31 13.7ms
                  $techmap670755$auto$abc_ops_reintegrate.cc:611:reintegrate$661204.A[2]     16 13.7ms
                  $techmap668530$auto$abc_ops_reintegrate.cc:611:reintegrate$661738.A[3]     15 13.7ms
                                                                         matvec.hq_lo[2]     26 13.7ms
                                    $techmap675283$abc$659956$lut$aiger659955$54915.A[1]     28 13.7ms
                                         $techmap669655$abc$659956$lut$aiger$o27048.A[1]     15 13.6ms
                                                                 $abc$659956$aiger$i9975      2 13.6ms
                                                                            wb_rdata[39]     20 13.6ms
                                              ddr3.ddr3_controller_inst.stage2_bank_d[2]     29 13.6ms
                  $techmap668253$auto$abc_ops_reintegrate.cc:611:reintegrate$661814.A[3]     20 13.5ms
                  $techmap668548$auto$abc_ops_reintegrate.cc:611:reintegrate$661722.A[3]     16 13.5ms
                                                                         matvec.hq_hi[5]     38 13.5ms
                                                                        matvec.hq_lo[35]     20 13.5ms
                                      ddr3.ddr3_controller_inst.write_by_byte_counter[1]     21 13.5ms
                                    $techmap669060$abc$659956$lut$aiger659955$30948.A[4]     33 13.5ms
                  $techmap667472$auto$abc_ops_reintegrate.cc:611:reintegrate$662194.A[0]      4 13.5ms
                  $techmap671963$auto$abc_ops_reintegrate.cc:611:reintegrate$660782.A[2]     17 13.4ms
                  $techmap667661$auto$abc_ops_reintegrate.cc:611:reintegrate$662076.A[2]     34 13.3ms
                                                                        matvec.hq_lo[43]     22 13.2ms
                  $techmap669697$auto$abc_ops_reintegrate.cc:611:reintegrate$661518.A[2]     33 13.2ms
                                    $techmap670130$abc$659956$lut$aiger659955$40390.A[0]     16 13.2ms
                                                                     matvec.fq_hi[7][61]      1 13.1ms
                                           $abc$659956$auto$rtlil.cc:3504:NotGate$209667     18 13.1ms
                                         $techmap675640$abc$659956$lut$aiger$o29593.A[0]     33 13.1ms
                                         $techmap675385$abc$659956$lut$aiger$o36766.A[2]     31 13.1ms
                                         $techmap675169$abc$659956$lut$aiger$o35439.A[1]     32 13.1ms
                  $techmap668708$auto$abc_ops_reintegrate.cc:611:reintegrate$661628.A[2]     33 13.1ms
                                                                        matvec.hq_lo[48]     31 13.0ms
                               $abc$659956$auto$opt_dff.cc:336:make_patterns_logic$79871     32 12.9ms
                                                                        matvec.hq_hi[42]     25 12.9ms
                                    $techmap668762$abc$659956$lut$aiger659955$23236.A[0]     23 12.9ms
                  $techmap667692$auto$abc_ops_reintegrate.cc:611:reintegrate$662045.A[0]      8 12.9ms
                                                                        matvec.hq_lo[40]     33 12.9ms
                                                                        matvec.hq_hi[50]     25 12.8ms
                                                                        matvec.hq_hi[45]     37 12.8ms
                                                                   loader.stage_word[30]      2 12.8ms
                                                                        matvec.hq_hi[46]     36 12.8ms
                  $techmap669300$auto$abc_ops_reintegrate.cc:611:reintegrate$661570.A[3]     32 12.7ms
                                                                  matvec.doorbell_run[4]      3 12.7ms
                               $abc$659956$auto$opt_dff.cc:336:make_patterns_logic$79393     32 12.7ms
                  $techmap668521$auto$abc_ops_reintegrate.cc:611:reintegrate$661742.A[4]     18 12.7ms
                                                                        matvec.hq_hi[40]     26 12.7ms
                  $techmap668527$auto$abc_ops_reintegrate.cc:611:reintegrate$661739.A[3]     16 12.6ms
                                                                     ddr3.dq_tri_control     18 12.6ms
        $abc$659956$flatten\matvec.$8\dot_one$func$build/t27/specs/rtl/fpga_ddr3_matvec.v:1966$9813.dot_one_body.prod[31:0]$10937[10]     13 12.6ms
                                    $techmap668264$abc$659956$lut$aiger659955$23209.A[1]     38 12.6ms
                  $techmap669653$auto$abc_ops_reintegrate.cc:611:reintegrate$661531.A[2]     34 12.5ms
                                                                         loader.h_len[1]     14 12.5ms
                                                                        matvec.hq_lo[38]     36 12.5ms
                                                                         matvec.hq_lo[1]     31 12.4ms
                  $techmap668708$auto$abc_ops_reintegrate.cc:611:reintegrate$661628.A[1]     36 12.4ms
                                    $techmap675277$abc$659956$lut$aiger659955$54901.A[3]     16 12.4ms
                                                                         matvec.hq_hi[3]     22 12.3ms
                  $techmap670639$auto$abc_ops_reintegrate.cc:611:reintegrate$661244.A[1]     24 12.3ms
                  $techmap668447$auto$abc_ops_reintegrate.cc:611:reintegrate$661766.A[2]     18 12.2ms
                  $techmap667661$auto$abc_ops_reintegrate.cc:611:reintegrate$662076.A[1]     35 12.1ms
                                                                        matvec.hq_hi[34]     30 12.1ms
                                                                        loader.h_len[10]     16 12.1ms
        $abc$659956$flatten\matvec.$8\dot_one$func$build/t27/specs/rtl/fpga_ddr3_matvec.v:1964$9811.dot_one_body.prod[31:0]$10905[10]     13 12.1ms
                                                                   loader.stage_word[23]      2 12.1ms
                                                                        loader.h_len[14]     14 12.1ms
                                    $techmap669932$abc$659956$lut$aiger659955$37381.A[1]     33 12.1ms
                                    $techmap669817$abc$659956$lut$aiger659955$36275.A[0]     19 12.0ms
                                    $techmap675548$abc$659956$lut$aiger659955$29383.A[1]     26 12.0ms
                                        ddr3.ddr3_controller_inst.instruction_address[0]     19 12.0ms
                                                                        matvec.hq_lo[49]     31 11.9ms
                  $techmap670613$auto$abc_ops_reintegrate.cc:611:reintegrate$661252.A[0]     22 11.9ms
                                                                        matvec.hq_lo[55]     39 11.9ms
                                      ddr3.ddr3_controller_inst.write_by_byte_counter[3]     23 11.8ms
                                                                        loader.h_len[15]     15 11.8ms
                               $abc$659956$auto$opt_dff.cc:336:make_patterns_logic$79584      7 11.8ms
                                    $techmap669316$abc$659956$lut$aiger659955$31863.A[0]     18 11.8ms
                  $techmap668527$auto$abc_ops_reintegrate.cc:611:reintegrate$661739.A[4]     18 11.8ms
                  $techmap668861$auto$abc_ops_reintegrate.cc:611:reintegrate$661617.A[3]     20 11.8ms
                                                                         loader.h_len[0]     14 11.8ms
                  $techmap668447$auto$abc_ops_reintegrate.cc:611:reintegrate$661766.A[4]     25 11.7ms
                                     ddr3.ddr3_controller_inst.stage2_data_unaligned[91]      6 11.7ms
                  $techmap669674$auto$abc_ops_reintegrate.cc:611:reintegrate$661525.A[3]     32 11.7ms
                               $abc$659956$auto$opt_dff.cc:336:make_patterns_logic$78780     32 11.7ms
                                    ddr3.ddr3_controller_inst.stage2_data_unaligned[104]      8 11.7ms
                  $techmap669671$auto$abc_ops_reintegrate.cc:611:reintegrate$661527.A[4]     21 11.6ms
                                    $techmap668716$abc$659956$lut$aiger659955$29026.A[2]     18 11.6ms
                                   $auto$alumacc.cc:548:replace_alu$90139.Y[1]$sum$11833     13 11.6ms
                  $techmap668243$auto$abc_ops_reintegrate.cc:611:reintegrate$661815.A[1]     25 11.5ms
                  $techmap674126$auto$abc_ops_reintegrate.cc:611:reintegrate$660072.A[4]     29 11.5ms
                                                                               debug1[2]     22 11.5ms
                                                                        matvec.hq_lo[57]     29 11.5ms
                                                                        matvec.hq_hi[18]     25 11.5ms
                                                                         loader.h_len[9]     15 11.4ms
                  $techmap669303$auto$abc_ops_reintegrate.cc:611:reintegrate$661569.A[1]     16 11.4ms
                                                                        loader.h_addr[3]     14 11.4ms
                                                                         matvec.hq_lo[9]     33 11.4ms
                  $techmap671005$auto$abc_ops_reintegrate.cc:611:reintegrate$661130.A[2]     16 11.4ms
                                             $abc$659956$auto$rtlil.cc:3402:Mux$92352[2]      2 11.4ms
                               $abc$659956$auto$opt_dff.cc:336:make_patterns_logic$78963     32 11.4ms
                  $techmap673632$auto$abc_ops_reintegrate.cc:611:reintegrate$660265.A[0]     13 11.3ms
                  $techmap668328$auto$abc_ops_reintegrate.cc:611:reintegrate$661789.A[2]      6 11.3ms
        $abc$659956$flatten\arbiter.$logic_and$build/t27/specs/rtl/fpga_wb_arbiter.v:271$9680_Y     32 11.3ms
                                    $techmap668763$abc$659956$lut$aiger659955$29085.A[1]     16 11.3ms
                                                 ddr3.ddr3_controller_inst.stage2_do_act     22 11.3ms
                                                                        matvec.hq_hi[54]     34 11.3ms
                  $techmap669893$auto$abc_ops_reintegrate.cc:611:reintegrate$661461.A[1]     16 11.2ms
                                                                        loader.h_len[11]     14 11.2ms
                                                                        matvec.hq_hi[51]     19 11.2ms
                                                                        loader.h_addr[2]     14 11.2ms
                                                                        matvec.hq_lo[33]     31 11.1ms
                  $techmap672700$auto$abc_ops_reintegrate.cc:611:reintegrate$660508.A[3]     18 11.1ms
                  $techmap669804$auto$abc_ops_reintegrate.cc:611:reintegrate$661485.A[3]     18 11.1ms
                                    $techmap672246$abc$659956$lut$aiger659955$40084.A[4]     13 11.1ms
                                                                        matvec.hq_hi[10]     28 11.0ms
                                                                        matvec.hq_lo[51]     19 11.0ms
                                                                       loader.h_addr[25]     12 11.0ms
                                        ddr3.ddr3_controller_inst.instruction_address[3]     27 11.0ms
                  $techmap668267$auto$abc_ops_reintegrate.cc:611:reintegrate$661811.A[2]     10 11.0ms
                  $techmap668280$auto$abc_ops_reintegrate.cc:611:reintegrate$661806.A[2]     29 10.9ms
                  $techmap671173$auto$abc_ops_reintegrate.cc:611:reintegrate$661069.A[2]     16 10.9ms
                                                                        matvec.hq_lo[27]     25 10.9ms
                                         $techmap677354$abc$659956$lut$aiger$o27842.A[3]     33 10.9ms
                                                                         ddr3.bitslip[1]     18 10.9ms
                                                                        matvec.hq_hi[62]     32 10.9ms
                                                                        matvec.hq_hi[35]     24 10.8ms
                  $techmap668286$auto$abc_ops_reintegrate.cc:611:reintegrate$661803.A[3]      9 10.8ms
                                                                        matvec.hq_hi[57]     26 10.8ms
                               $abc$659956$auto$opt_dff.cc:336:make_patterns_logic$81236     32 10.8ms
                  $techmap667411$auto$abc_ops_reintegrate.cc:611:reintegrate$662255.A[1]      6 10.8ms
                                            ddr3.ddr3_controller_inst.dqs_start_index[1]     34 10.8ms
                                                                   ddr3.iserdes_data[41]      2 10.8ms
                                                                       loader.h_addr[13]     14 10.8ms
                               $abc$659956$auto$opt_dff.cc:336:make_patterns_logic$79566     24 10.7ms
                                         $techmap674867$abc$659956$lut$aiger$o26880.A[0]     32 10.7ms
                                                                       loader.h_addr[15]     12 10.7ms
                                                                       loader.h_addr[26]     12 10.7ms
                                                                 $abc$659956$aiger$i9971      2 10.7ms
                                                ddr3.ddr3_controller_inst.stage2_bank[0]     13 10.7ms
                  $techmap671559$auto$abc_ops_reintegrate.cc:611:reintegrate$660922.A[2]     20 10.7ms
                                    $techmap669057$abc$659956$lut$aiger659955$30931.A[1]     18 10.7ms
                                                                        matvec.hq_hi[12]     17 10.6ms
                                                  ddr3.ddr3_controller_inst.prep_done[1]     15 10.6ms
                                                                        matvec.hq_hi[48]     30 10.6ms
                                    $techmap679010$abc$659956$lut$aiger659955$39863.A[0]      2 10.6ms
                                                                        loader.h_len[13]     15 10.5ms
                                                                        matvec.hq_hi[32]     28 10.5ms
                                                                        loader.h_addr[9]     16 10.5ms
                                                                        loader.h_addr[6]     14 10.4ms
                  $techmap674176$auto$abc_ops_reintegrate.cc:611:reintegrate$660042.A[3]     14 10.4ms
                                         $techmap674950$abc$659956$lut$aiger$o27565.A[0]     36 10.4ms
                                         $techmap674904$abc$659956$lut$aiger$o27392.A[3]     32 10.4ms
                                                                   loader.stage_word[25]      2 10.3ms
                  $techmap671943$auto$abc_ops_reintegrate.cc:611:reintegrate$660797.A[0]     13 10.3ms
                                                                       loader.h_addr[12]     13 10.3ms
                                            ddr3.ddr3_controller_inst.dqs_start_index[2]     22 10.3ms
                                    $techmap669297$abc$659956$lut$aiger659955$31794.A[0]     35 10.2ms
                                        ddr3.ddr3_controller_inst.instruction_address[2]     22 10.2ms
                                    $techmap675018$abc$659956$lut$aiger659955$25331.A[3]     31 10.2ms
        $abc$659956$flatten\loader.$logic_and$build/t27/specs/rtl/fpga_ddr3_loader.v:1618$920_Y     32 10.2ms
                  $techmap668288$auto$abc_ops_reintegrate.cc:611:reintegrate$661802.A[3]      9 10.1ms
                                                                       loader.h_addr[17]     12 10.1ms
                                                                        matvec.hq_hi[47]     37 10.0ms
                  $techmap667409$auto$abc_ops_reintegrate.cc:611:reintegrate$662257.A[1]      6 10.0ms
                  $techmap667461$auto$abc_ops_reintegrate.cc:611:reintegrate$662205.A[1]     13 10.0ms
                  $techmap668548$auto$abc_ops_reintegrate.cc:611:reintegrate$661722.A[4]     18 10.0ms
                                                          ddr3.idelay_data_cntvaluein[0]     21 9.9ms
                                                                        loader.h_addr[4]     14 9.9ms
                  $techmap669708$auto$abc_ops_reintegrate.cc:611:reintegrate$661515.A[1]     31 9.9ms
                  $techmap668255$auto$abc_ops_reintegrate.cc:611:reintegrate$661813.A[3]     18 9.9ms
                  $techmap668334$auto$abc_ops_reintegrate.cc:611:reintegrate$661787.A[2]     33 9.8ms
                                                          ddr3.idelay_data_cntvaluein[4]     20 9.8ms
                                                                        master.outst[14]      4 9.8ms
                  $techmap672093$auto$abc_ops_reintegrate.cc:611:reintegrate$660724.A[3]     18 9.8ms
                  $techmap669303$auto$abc_ops_reintegrate.cc:611:reintegrate$661569.A[3]     18 9.8ms
                                         $techmap675159$abc$659956$lut$aiger$o38100.A[1]     32 9.7ms
                                                                        matvec.hq_lo[11]     25 9.7ms
                  $techmap670552$auto$abc_ops_reintegrate.cc:611:reintegrate$661266.A[1]     16 9.7ms
                                    $techmap672007$abc$659956$lut$aiger659955$58006.A[3]      2 9.7ms
                                                                        matvec.hq_hi[11]     25 9.7ms
                                                                               debug1[3]     16 9.7ms
                                                                   loader.stage_word[21]      2 9.6ms
                                                                        matvec.hq_hi[43]     26 9.6ms
                  $techmap669360$auto$abc_ops_reintegrate.cc:611:reintegrate$661566.A[2]     18 9.6ms
                  $techmap669811$auto$abc_ops_reintegrate.cc:611:reintegrate$661482.A[1]     19 9.5ms
                  $techmap667708$auto$abc_ops_reintegrate.cc:611:reintegrate$662029.A[0]      9 9.5ms
                  $techmap669590$auto$abc_ops_reintegrate.cc:611:reintegrate$661541.A[1]     32 9.5ms
                  $techmap669639$auto$abc_ops_reintegrate.cc:611:reintegrate$661533.A[0]     33 9.4ms
                                                                         loader.h_len[8]     15 9.4ms
                                                                         loader.h_len[4]     15 9.4ms
                                                                       loader.h_addr[24]     12 9.4ms
                  $techmap668441$auto$abc_ops_reintegrate.cc:611:reintegrate$661767.A[0]     13 9.4ms
                  $techmap669559$auto$abc_ops_reintegrate.cc:611:reintegrate$661556.A[2]     33 9.3ms
                                                                        matvec.hq_lo[12]     20 9.3ms
                                                                        matvec.hq_lo[59]     24 9.3ms
                                                                        matvec.hq_hi[59]     23 9.3ms
                                                                        loader.h_addr[8]     16 9.3ms
                               $abc$659956$auto$opt_dff.cc:336:make_patterns_logic$80058     32 9.3ms
                  $techmap667464$auto$abc_ops_reintegrate.cc:611:reintegrate$662202.A[1]     12 9.3ms
                                                                 $abc$659956$aiger$i9702      3 9.3ms
                                    $techmap668704$abc$659956$lut$aiger659955$23439.A[0]     34 9.2ms
                                                                        matvec.hq_hi[19]     23 9.2ms
                                                                       loader.h_addr[31]     11 9.2ms
                                     ddr3.ddr3_controller_inst.stage2_data_unaligned[72]      8 9.2ms
                                                          ddr3.idelay_data_cntvaluein[3]     20 9.1ms
                  $techmap668280$auto$abc_ops_reintegrate.cc:611:reintegrate$661806.A[1]     27 9.1ms
                                         $techmap677737$abc$659956$lut$aiger$o31412.A[3]     30 9.1ms
                                                                        matvec.hq_lo[60]     15 9.1ms
                                                                        loader.h_len[12]     16 9.1ms
                                                                         ddr3.bitslip[0]     18 9.1ms
                                    $techmap670398$abc$659956$lut$aiger659955$41955.A[2]     11 9.1ms
                               $abc$659956$auto$opt_dff.cc:319:make_patterns_logic$81619     32 9.0ms
        $abc$659956$flatten\master.$logic_and$build/t27/specs/rtl/fpga_loader_wb.v:507$9442_Y     32 9.0ms
                                    $techmap669347$abc$659956$lut$aiger659955$31938.A[3]      8 9.0ms
                                                                  loader.stage_rdata[10]      1 9.0ms
                                                                           ddr3.data[44]      1 9.0ms
                                    $techmap669293$abc$659956$lut$aiger659955$23371.A[4]      1 9.0ms
                                                                       loader.h_addr[11]     16 8.9ms
                                     ddr3.ddr3_controller_inst.stage2_data_unaligned[83]      6 8.9ms
                                                                        matvec.hq_lo[58]     24 8.9ms
                                                                        loader.h_crc[13]      7 8.9ms
                               $abc$659956$auto$opt_dff.cc:336:make_patterns_logic$81184     32 8.9ms
                                            ddr3.ddr3_controller_inst.stage1_next_row[9]     11 8.9ms
                                                                               debug1[4]     16 8.9ms
                                                                 $abc$659956$aiger$i9698      3 8.9ms
                  $techmap667418$auto$abc_ops_reintegrate.cc:611:reintegrate$662248.A[1]      6 8.9ms
                                                                        matvec.hq_hi[39]     40 8.8ms
                                                                       loader.h_addr[19]     12 8.8ms
                                     ddr3.ddr3_controller_inst.stage2_data_unaligned[80]      8 8.8ms
                                            $techmap224302$auto$ff.cc:337:slice$113383.D     23 8.8ms
                                                                       loader.h_addr[20]     13 8.8ms
                                            ddr3.ddr3_controller_inst.stage1_next_row[8]     11 8.8ms
                                                                   loader.stage_word[16]      2 8.8ms
                                    $techmap671921$abc$659956$lut$aiger659955$56938.A[0]      2 8.8ms
                  $techmap671106$auto$abc_ops_reintegrate.cc:611:reintegrate$661095.A[0]     16 8.8ms
                               $abc$659956$auto$opt_dff.cc:336:make_patterns_logic$79527     32 8.7ms
                  $techmap667715$auto$abc_ops_reintegrate.cc:611:reintegrate$662022.A[0]      9 8.7ms
                               $abc$659956$auto$opt_dff.cc:336:make_patterns_logic$81124     32 8.7ms
                                                                        arbiter.handover     32 8.7ms
                  $techmap667718$auto$abc_ops_reintegrate.cc:611:reintegrate$662019.A[0]      9 8.7ms
                  $techmap669047$auto$abc_ops_reintegrate.cc:611:reintegrate$661580.A[0]     10 8.7ms
                  $techmap671477$auto$abc_ops_reintegrate.cc:611:reintegrate$660962.A[0]     10 8.7ms
                               $abc$659956$auto$opt_dff.cc:336:make_patterns_logic$81262     32 8.7ms
                                                                       loader.h_addr[23]     13 8.7ms
                                                                 matvec.doorbell_run[31]      3 8.6ms
                                                          ddr3.idelay_data_cntvaluein[1]     20 8.6ms
                  $techmap672129$auto$abc_ops_reintegrate.cc:611:reintegrate$660712.A[4]      8 8.6ms
                                     ddr3.ddr3_controller_inst.stage2_data_unaligned[13]      7 8.6ms
                                     ddr3.ddr3_controller_inst.stage2_data_unaligned[24]      8 8.6ms
                               $abc$659956$auto$opt_dff.cc:336:make_patterns_logic$79939      5 8.6ms
                                                                               mv_s_b[5]      1 8.6ms
                                                                        loader.h_crc[25]      7 8.6ms
                               $abc$659956$auto$opt_dff.cc:319:make_patterns_logic$80022     15 8.6ms
                  $techmap671902$auto$abc_ops_reintegrate.cc:611:reintegrate$660813.A[3]     18 8.5ms
                                           ddr3.ddr3_controller_inst.added_read_pipe_max     13 8.5ms
                                         $techmap675901$abc$659956$lut$aiger$o30219.A[2]     25 8.5ms
                  $techmap667456$auto$abc_ops_reintegrate.cc:611:reintegrate$662210.A[1]     14 8.5ms
                                                                       loader.h_addr[22]     13 8.5ms
                                                                       loader.h_addr[30]     13 8.4ms
                                                                             rd_addr[20]      4 8.4ms
                                    $techmap669347$abc$659956$lut$aiger659955$31938.A[2]      7 8.4ms
                  $techmap668219$auto$abc_ops_reintegrate.cc:611:reintegrate$661820.A[3]     11 8.4ms
                                    $techmap672257$abc$659956$lut$aiger659955$40133.A[4]     11 8.3ms
                                    ddr3.ddr3_controller_inst.stage2_data_unaligned[111]      7 8.3ms
                                         $techmap675142$abc$659956$lut$aiger$o38487.A[4]     15 8.3ms
                                        ddr3.ddr3_controller_inst.instruction_address[1]     22 8.3ms
                  $techmap674002$auto$abc_ops_reintegrate.cc:611:reintegrate$660123.A[3]      9 8.3ms
                  $techmap669556$auto$abc_ops_reintegrate.cc:611:reintegrate$661557.A[1]     22 8.3ms
                                                                         matvec.hq_hi[2]     22 8.3ms
                                                                 matvec.doorbell_run[29]      3 8.3ms
                                                                        matvec.hq_lo[52]     18 8.3ms
                  $techmap668485$auto$abc_ops_reintegrate.cc:611:reintegrate$661752.A[2]     10 8.3ms
                                                                       loader.h_addr[29]     11 8.2ms
                              $abc$659956$auto$opt_dff.cc:319:make_patterns_logic$100694      7 8.2ms
                  $techmap673144$auto$abc_ops_reintegrate.cc:611:reintegrate$660371.A[1]     16 8.2ms
                  $techmap667474$auto$abc_ops_reintegrate.cc:611:reintegrate$662192.A[1]      5 8.2ms
                                                                         master.outst[5]      5 8.2ms
                                                                        matvec.hq_hi[60]     19 8.2ms
                  $techmap672144$auto$abc_ops_reintegrate.cc:611:reintegrate$660706.A[1]      9 8.1ms
                                         $techmap675549$abc$659956$lut$aiger$o29318.A[1]     14 8.1ms
                  $techmap670530$auto$abc_ops_reintegrate.cc:611:reintegrate$661275.A[4]     35 8.1ms
                                                                       loader.h_addr[28]     12 8.1ms
                  $techmap667473$auto$abc_ops_reintegrate.cc:611:reintegrate$662193.A[1]      5 8.0ms
                  $techmap668375$auto$abc_ops_reintegrate.cc:611:reintegrate$661777.A[1]     19 8.0ms
                  $techmap668267$auto$abc_ops_reintegrate.cc:611:reintegrate$661811.A[0]     16 8.0ms
                                                                        matvec.hq_hi[20]     15 8.0ms
                  $techmap667684$auto$abc_ops_reintegrate.cc:611:reintegrate$662053.A[0]      9 8.0ms
                  $techmap667479$auto$abc_ops_reintegrate.cc:611:reintegrate$662187.A[1]      5 8.0ms
                                                                        matvec.hq_lo[50]     28 7.9ms
                                    $techmap668430$abc$659956$lut$aiger659955$25262.A[0]     13 7.9ms
                                    $techmap669619$abc$659956$lut$aiger659955$34112.A[2]      4 7.9ms
                  $techmap673209$auto$abc_ops_reintegrate.cc:611:reintegrate$660349.A[1]     15 7.9ms
                                      ddr3.ddr3_controller_inst.stage2_data_unaligned[1]      8 7.9ms
                                                                    loader.stage_word[5]      2 7.9ms
                                                                         matvec.hq_hi[4]     14 7.9ms
                                                                        loader.h_addr[5]     13 7.8ms
                                    $techmap668802$abc$659956$lut$aiger659955$22926.A[1]     10 7.8ms
                  $techmap671373$auto$abc_ops_reintegrate.cc:611:reintegrate$661007.A[4]      8 7.8ms
                  $techmap668284$auto$abc_ops_reintegrate.cc:611:reintegrate$661804.A[3]      9 7.8ms
                                                                       loader.h_addr[14]     13 7.8ms
                  $techmap671224$auto$abc_ops_reintegrate.cc:611:reintegrate$661056.A[1]      8 7.8ms
                  $techmap673848$auto$abc_ops_reintegrate.cc:611:reintegrate$660190.A[3]     18 7.8ms
                               $abc$659956$auto$opt_dff.cc:336:make_patterns_logic$81602     32 7.8ms
                                                                   loader.stage_word[12]      2 7.7ms
                                    $techmap669450$abc$659956$lut$aiger659955$32890.A[3]     33 7.7ms
                                         $techmap679276$abc$659956$lut$aiger$o32790.A[0]      9 7.7ms
                  $techmap667717$auto$abc_ops_reintegrate.cc:611:reintegrate$662020.A[0]      9 7.7ms
                  $techmap667472$auto$abc_ops_reintegrate.cc:611:reintegrate$662194.A[1]      5 7.6ms
                                        ddr3.ddr3_controller_inst.write_pattern_lane[50]      2 7.6ms
                                    $techmap668767$abc$659956$lut$aiger659955$29096.A[3]     12 7.6ms
                                           ddr3.ddr3_controller_inst.stage1_next_bank[2]     18 7.6ms
                  $techmap670945$auto$abc_ops_reintegrate.cc:611:reintegrate$661148.A[2]      9 7.5ms
                  $techmap667462$auto$abc_ops_reintegrate.cc:611:reintegrate$662204.A[1]     13 7.5ms
                  $techmap667458$auto$abc_ops_reintegrate.cc:611:reintegrate$662208.A[1]     14 7.5ms
                                                                        matvec.hq_hi[58]     24 7.5ms
                  $techmap669360$auto$abc_ops_reintegrate.cc:611:reintegrate$661566.A[3]     11 7.4ms
                  $techmap672093$auto$abc_ops_reintegrate.cc:611:reintegrate$660724.A[4]      8 7.4ms
                                    $techmap669332$abc$659956$lut$aiger659955$31895.A[1]     12 7.4ms
                                    ddr3.ddr3_controller_inst.stage2_data_unaligned[118]     12 7.4ms
                                                          ddr3.idelay_data_cntvaluein[2]     20 7.4ms
                  $techmap670326$auto$abc_ops_reintegrate.cc:611:reintegrate$661334.A[1]     10 7.4ms
                                    $techmap669321$abc$659956$lut$aiger659955$31868.A[1]     14 7.4ms
                                            $techmap224037$auto$ff.cc:337:slice$114762.D      4 7.4ms
                  $techmap668662$auto$abc_ops_reintegrate.cc:611:reintegrate$661638.A[2]     11 7.4ms
                                    $techmap669323$abc$659956$lut$aiger659955$31874.A[4]     11 7.3ms
                  $techmap669683$auto$abc_ops_reintegrate.cc:611:reintegrate$661522.A[1]      7 7.3ms
                                                                        loader.h_crc[17]      6 7.3ms
                                                                        loader.resp_a[0]      3 7.3ms
                                                                        matvec.hq_lo[19]     25 7.3ms
                                                                         loader.h_len[6]     14 7.3ms
                                                                        matvec.hq_hi[44]     17 7.3ms
                                    $techmap668211$abc$659956$lut$aiger659955$34709.A[4]      8 7.2ms
                                                                  matvec.doorbell_run[3]      3 7.2ms
                                                                       loader.h_addr[21]     12 7.2ms
                              $abc$659956$auto$opt_dff.cc:319:make_patterns_logic$100678      7 7.2ms
                  $techmap667467$auto$abc_ops_reintegrate.cc:611:reintegrate$662199.A[1]     11 7.2ms
                  $techmap669284$auto$abc_ops_reintegrate.cc:611:reintegrate$661572.A[1]      8 7.2ms
                                                                         master.outst[4]      6 7.1ms
                                                                              rd_addr[2]      9 7.1ms
                                                                        matvec.hq_hi[28]     17 7.1ms
                                                                         master.outst[3]      6 7.1ms
                  $techmap668329$auto$abc_ops_reintegrate.cc:611:reintegrate$661788.A[2]      5 7.1ms
                                    ddr3.ddr3_controller_inst.calib_data_randomized[105]      8 7.1ms
                                                                             wr_addr[14]      4 7.0ms
                                     ddr3.ddr3_controller_inst.stage2_data_unaligned[70]      5 7.0ms
                                             $auto$alumacc.cc:548:replace_alu$90313.Y[5]      2 7.0ms
                                                                         matvec.sub_q[3]      9 7.0ms
                                                                        matvec.hq_hi[26]     29 7.0ms
                                    $techmap670401$abc$659956$lut$aiger659955$41962.A[3]      9 7.0ms
        $techmap86791$flatten\loader.$gt$build/t27/specs/rtl/fpga_ddr3_loader.v:1643$966.Y     11 7.0ms
                                    $techmap669323$abc$659956$lut$aiger659955$31874.A[2]     10 7.0ms
                  $techmap672364$auto$abc_ops_reintegrate.cc:611:reintegrate$660614.A[4]      7 7.0ms
                                           $techmap671560$abc$659956$lut$aiger$o963.A[0]      4 7.0ms
                                                                   ddr3.iserdes_data[25]      2 7.0ms
                                 ddr3.ddr3_controller_inst.check_test_address_counter[1]      8 7.0ms
                                    $techmap669330$abc$659956$lut$aiger659955$31890.A[1]     12 6.9ms
                                   $techmap674358$abc$659956$lut$not$aiger659955$11055.A      4 6.9ms
                                         $techmap674933$abc$659956$lut$aiger$o27562.A[1]     32 6.9ms
                                                 ddr3.ddr3_controller_inst.stage2_row[4]     11 6.9ms
                  $techmap668290$auto$abc_ops_reintegrate.cc:611:reintegrate$661801.A[3]      9 6.9ms
        $techmap669943$auto$abc_ops_reintegrate.cc:611:reintegrate$661442.A[1]$sum$12013      7 6.9ms
                                                                         loader.h_len[5]     14 6.8ms
                  $techmap674017$auto$abc_ops_reintegrate.cc:611:reintegrate$660120.A[3]     18 6.8ms
                                                                         loader.h_len[2]     14 6.8ms
                                                                         loader.h_seq[1]      5 6.8ms
                                    $techmap668778$abc$659956$lut$aiger659955$29125.A[2]      4 6.8ms
                                                 ddr3.ddr3_controller_inst.stage2_row[9]     11 6.8ms
                                           ddr3.ddr3_controller_inst.stage1_next_row[13]     10 6.8ms
                                                                              rd_addr[1]      9 6.8ms
                  $techmap667465$auto$abc_ops_reintegrate.cc:611:reintegrate$662201.A[1]     14 6.8ms
                                                                          loader.lcn0[0]      7 6.8ms
                                      ddr3.ddr3_controller_inst.stage2_data_unaligned[6]      6 6.8ms
                               $abc$659956$auto$opt_dff.cc:336:make_patterns_logic$81210     32 6.8ms
                                            ddr3.ddr3_controller_inst.stage1_next_row[6]     11 6.8ms
                  $techmap673103$auto$abc_ops_reintegrate.cc:611:reintegrate$660389.A[1]      9 6.7ms
                                                                    ddr3.iserdes_data[8]      2 6.7ms
                                                                        matvec.hq_hi[36]     16 6.7ms
                  $techmap672494$auto$abc_ops_reintegrate.cc:611:reintegrate$660570.A[1]      8 6.7ms
                  $techmap667683$auto$abc_ops_reintegrate.cc:611:reintegrate$662054.A[0]      9 6.7ms
                  $techmap667466$auto$abc_ops_reintegrate.cc:611:reintegrate$662200.A[1]     13 6.7ms
                  $techmap669592$auto$abc_ops_reintegrate.cc:611:reintegrate$661540.A[0]     11 6.7ms
                                                                       loader.h_addr[18]     11 6.7ms
                                    $techmap679381$abc$659956$lut$aiger659955$60543.A[5]      1 6.7ms
                               $abc$659956$auto$opt_dff.cc:336:make_patterns_logic$80270     31 6.6ms
                                                                   ddr3.iserdes_data[87]      2 6.6ms
                                                                         loader.h_seq[6]      5 6.6ms
                  $techmap668474$auto$abc_ops_reintegrate.cc:611:reintegrate$661757.A[2]     10 6.6ms
                  $techmap669460$auto$abc_ops_reintegrate.cc:611:reintegrate$661562.A[0]      9 6.6ms
                                                                   ddr3.iserdes_data[10]      2 6.6ms
                                                                    loader.stage_word[7]      2 6.6ms
                                                                         master.outst[7]      6 6.6ms
                  $techmap668650$auto$abc_ops_reintegrate.cc:611:reintegrate$661643.A[0]     17 6.6ms
                                                ddr3.ddr3_controller_inst.stage2_bank[1]     13 6.6ms
                                                                  matvec.doorbell_run[6]      3 6.6ms
                  $techmap673275$auto$abc_ops_reintegrate.cc:611:reintegrate$660329.A[3]     18 6.6ms
                  $techmap673632$auto$abc_ops_reintegrate.cc:611:reintegrate$660265.A[2]      7 6.5ms
                              $abc$659956$auto$opt_dff.cc:336:make_patterns_logic$100287      2 6.5ms
                  $techmap668098$auto$abc_ops_reintegrate.cc:611:reintegrate$661896.A[0]      8 6.5ms
                                                                 $abc$659956$aiger$i9696      3 6.5ms
                                                                         loader.lcn6[23]      1 6.5ms
                  $techmap667470$auto$abc_ops_reintegrate.cc:611:reintegrate$662196.A[1]     10 6.5ms
                  $techmap670436$auto$abc_ops_reintegrate.cc:611:reintegrate$661301.A[1]     10 6.5ms
                               $abc$659956$auto$opt_dff.cc:336:make_patterns_logic$81275     32 6.5ms
                                            $techmap224985$auto$ff.cc:337:slice$112210.D     15 6.5ms
                                                                  matvec.doorbell_run[2]      3 6.4ms
                  $techmap670338$auto$abc_ops_reintegrate.cc:611:reintegrate$661330.A[1]     10 6.4ms
                                    ddr3.ddr3_controller_inst.stage2_data_unaligned[121]      7 6.4ms
                               $abc$659956$auto$opt_dff.cc:336:make_patterns_logic$78853     32 6.4ms
                  $techmap667677$auto$abc_ops_reintegrate.cc:611:reintegrate$662060.A[0]      9 6.4ms
                  $techmap671394$auto$abc_ops_reintegrate.cc:611:reintegrate$660997.A[0]      6 6.4ms
                                                                 matvec.doorbell_run[13]      3 6.4ms
                  $techmap668300$auto$abc_ops_reintegrate.cc:611:reintegrate$661794.A[2]      9 6.3ms
                                         $techmap677683$abc$659956$lut$aiger$o28178.A[1]      9 6.3ms
                                    $techmap669347$abc$659956$lut$aiger659955$31938.A[4]      9 6.3ms
                                                                           ddr3.data[89]      1 6.3ms
                  $techmap670319$auto$abc_ops_reintegrate.cc:611:reintegrate$661338.A[1]     10 6.3ms
                                                                        matvec.hq_lo[20]     13 6.3ms
                                                                      loader.resp_tag[0]      9 6.3ms
                                    $techmap670404$abc$659956$lut$aiger659955$41969.A[3]     10 6.2ms
                  $techmap668280$auto$abc_ops_reintegrate.cc:611:reintegrate$661806.A[3]      9 6.2ms
                  $techmap667413$auto$abc_ops_reintegrate.cc:611:reintegrate$662253.A[1]      6 6.2ms
                                    $techmap670355$abc$659956$lut$aiger659955$41720.A[0]      4 6.2ms
                  $techmap668282$auto$abc_ops_reintegrate.cc:611:reintegrate$661805.A[3]      9 6.2ms
                                    $techmap671329$abc$659956$lut$aiger659955$51263.A[3]      9 6.2ms
                  $techmap668360$auto$abc_ops_reintegrate.cc:611:reintegrate$661782.A[4]      8 6.2ms
                  $techmap671319$auto$abc_ops_reintegrate.cc:611:reintegrate$661025.A[2]      7 6.2ms
                                      ddr3.ddr3_controller_inst.stage2_data_unaligned[4]      8 6.2ms
                               $abc$659956$auto$opt_dff.cc:336:make_patterns_logic$79240     32 6.2ms
                  $techmap667410$auto$abc_ops_reintegrate.cc:611:reintegrate$662256.A[1]      6 6.2ms
                                         $techmap668229$abc$659956$lut$aiger$o29292.A[0]      5 6.2ms
                                    $techmap668777$abc$659956$lut$aiger659955$29121.A[3]      4 6.2ms
                                    $techmap669332$abc$659956$lut$aiger659955$31895.A[3]     12 6.2ms
                                     ddr3.ddr3_controller_inst.stage2_data_unaligned[66]      5 6.2ms
                                     ddr3.ddr3_controller_inst.stage2_data_unaligned[11]      6 6.2ms
                                    ddr3.ddr3_controller_inst.stage2_data_unaligned[110]      6 6.1ms
                  $techmap670916$auto$abc_ops_reintegrate.cc:611:reintegrate$661159.A[2]      8 6.1ms
                  $techmap673288$auto$abc_ops_reintegrate.cc:611:reintegrate$660325.A[4]      8 6.1ms
                                                                        loader.h_crc[27]      6 6.1ms
                               $abc$659956$auto$opt_dff.cc:336:make_patterns_logic$79186     32 6.1ms
                                    $techmap668226$abc$659956$lut$aiger659955$22696.A[0]     18 6.1ms
                  $techmap669701$auto$abc_ops_reintegrate.cc:611:reintegrate$661516.A[4]      8 6.1ms
                                          $techmap670714$abc$659956$lut$aiger$o1015.A[0]      4 6.1ms
                                   ddr3.ddr3_controller_inst.stage2_data_unaligned_d[24]      1 6.1ms
                                    $techmap678082$abc$659956$lut$aiger659955$35133.A[2]      4 6.1ms
                                         $techmap668321$abc$659956$lut$aiger$o29105.A[2]      5 6.0ms
                                    $techmap668430$abc$659956$lut$aiger659955$25262.A[1]      6 6.0ms
                                                                   ddr3.iserdes_data[29]      2 6.0ms
                  $techmap671373$auto$abc_ops_reintegrate.cc:611:reintegrate$661007.A[3]     18 6.0ms
                                    ddr3.ddr3_controller_inst.calib_data_randomized[118]      9 6.0ms
                                            ddr3.ddr3_controller_inst.dqs_start_index[3]     13 6.0ms
                  $techmap667468$auto$abc_ops_reintegrate.cc:611:reintegrate$662198.A[1]     11 6.0ms
                  $techmap668094$auto$abc_ops_reintegrate.cc:611:reintegrate$661897.A[3]      5 6.0ms
                                            $techmap224042$auto$ff.cc:337:slice$114757.D      4 6.0ms
                                    $techmap669340$abc$659956$lut$aiger659955$31919.A[2]      7 6.0ms
                  $techmap667459$auto$abc_ops_reintegrate.cc:611:reintegrate$662207.A[1]     13 6.0ms
                                    $techmap670196$abc$659956$lut$aiger659955$40774.A[0]      8 6.0ms
                                                                         loader.h_crc[5]      4 5.9ms
                                                                        matvec.hq_lo[44]     14 5.9ms
                                            $auto$alumacc.cc:548:replace_alu$90313.Y[13]      2 5.9ms
                  $techmap669656$auto$abc_ops_reintegrate.cc:611:reintegrate$661530.A[0]     11 5.9ms
                  $techmap668292$auto$abc_ops_reintegrate.cc:611:reintegrate$661800.A[3]      9 5.9ms
                               $abc$659956$auto$opt_dff.cc:336:make_patterns_logic$79123     32 5.9ms
                                                                 $abc$659956$aiger$i9710      3 5.9ms
                  $techmap669076$auto$abc_ops_reintegrate.cc:611:reintegrate$661579.A[1]     14 5.9ms
                  $techmap669354$auto$abc_ops_reintegrate.cc:611:reintegrate$661567.A[2]     10 5.9ms
                                    $techmap667486$abc$659956$lut$aiger659955$22907.A[1]      2 5.9ms
                                                                 matvec.doorbell_run[22]      3 5.8ms
                  $techmap667710$auto$abc_ops_reintegrate.cc:611:reintegrate$662027.A[0]      9 5.8ms
                  $techmap667676$auto$abc_ops_reintegrate.cc:611:reintegrate$662061.A[0]     10 5.8ms
                                                                         matvec.c_wir[1]      4 5.8ms
                  $techmap670212$auto$abc_ops_reintegrate.cc:611:reintegrate$661357.A[1]      7 5.8ms
                                            $techmap224041$auto$ff.cc:337:slice$114758.D      4 5.8ms
                               $abc$659956$auto$opt_dff.cc:336:make_patterns_logic$81366     32 5.8ms
                                    $techmap669647$abc$659956$lut$aiger659955$34233.A[2]      1 5.8ms
                               $abc$659956$auto$opt_dff.cc:336:make_patterns_logic$79844      5 5.8ms
                                    $techmap669340$abc$659956$lut$aiger659955$31919.A[1]     15 5.8ms
                                     ddr3.ddr3_controller_inst.stage2_data_unaligned[67]      6 5.8ms
                               $abc$659956$auto$opt_dff.cc:336:make_patterns_logic$80222      8 5.8ms
                  $techmap667412$auto$abc_ops_reintegrate.cc:611:reintegrate$662254.A[1]      6 5.8ms
                                    $techmap669322$abc$659956$lut$aiger659955$31869.A[1]     11 5.7ms
                                    $techmap677826$abc$659956$lut$aiger659955$69885.A[0]      1 5.7ms
                                    $techmap672850$abc$659956$lut$aiger659955$68980.A[3]      3 5.7ms
                  $techmap667476$auto$abc_ops_reintegrate.cc:611:reintegrate$662190.A[1]      5 5.7ms
                  $techmap667661$auto$abc_ops_reintegrate.cc:611:reintegrate$662076.A[0]      7 5.7ms
                                                                        master.outst[27]      5 5.7ms
                                                                        matvec.hq_lo[36]     17 5.7ms
                                            ddr3.ddr3_controller_inst.stage1_next_row[3]     11 5.7ms
                  $techmap670924$auto$abc_ops_reintegrate.cc:611:reintegrate$661154.A[1]     10 5.7ms
                                     ddr3.ddr3_controller_inst.stage2_data_unaligned[65]      7 5.7ms
                                                                   ddr3.iserdes_data[69]      2 5.7ms
                                    $techmap675278$abc$659956$lut$aiger659955$54904.A[2]     16 5.7ms
                                                           ddr3.idelay_dqs_cntvaluein[1]      5 5.6ms
                                                                       loader.rb_byte[6]      2 5.6ms
                                    ddr3.ddr3_controller_inst.stage2_data_unaligned[126]     12 5.6ms
                                                                        master.outst[12]      5 5.6ms
                                                                        loader.h_crc[16]      6 5.6ms
                  $techmap671164$auto$abc_ops_reintegrate.cc:611:reintegrate$661072.A[2]      8 5.6ms
                                    $techmap669338$abc$659956$lut$aiger659955$31914.A[0]     10 5.6ms
                               $abc$659956$auto$opt_dff.cc:336:make_patterns_logic$81249     32 5.6ms
                                    ddr3.ddr3_controller_inst.calib_data_randomized[103]     10 5.6ms
                                                   ddr3.ddr3_controller_inst.initial_dqs     14 5.6ms
                                                                 $abc$659956$aiger$i9979      2 5.6ms
                  $techmap668661$auto$abc_ops_reintegrate.cc:611:reintegrate$661639.A[2]      9 5.6ms
                  $techmap667457$auto$abc_ops_reintegrate.cc:611:reintegrate$662209.A[1]     11 5.6ms
                  $techmap667474$auto$abc_ops_reintegrate.cc:611:reintegrate$662192.A[0]      4 5.6ms
                                            ddr3.ddr3_controller_inst.stage1_next_row[1]     11 5.6ms
                                                                        master.outst[19]      5 5.6ms
Info: Router2 time 55.19s
Info: Routing $PACKER_VCC_NET connections...
Info:     $PACKER_VCC_NET: 3869/3869 sinks bridged (0 holdouts; max BFS 479)
Info: Routing $PACKER_GND_NET connections...
Info:     $PACKER_GND_NET HOLDOUT: $auto$alumacc.cc:548:replace_alu$90079.genblk1.slice[0].genblk1.carry4.DI1 (bel SLICE_X136Y144/CARRY4, wire SITEWIRE/SLICE_X136Y144/BCY0_OUT)
Info:     $PACKER_GND_NET HOLDOUT: $auto$alumacc.cc:548:replace_alu$90079.genblk1.slice[0].genblk1.carry4.DI2 (bel SLICE_X136Y144/CARRY4, wire SITEWIRE/SLICE_X136Y144/CCY0_OUT)
Info:     $PACKER_GND_NET HOLDOUT: $auto$alumacc.cc:548:replace_alu$90139.genblk1.slice[0].genblk1.carry4$split$11799.DI0 (bel SLICE_X148Y167/CARRY4, wire SITEWIRE/SLICE_X148Y167/ACY0_OUT)
Info:     $PACKER_GND_NET HOLDOUT: $auto$alumacc.cc:548:replace_alu$90139.genblk1.slice[0].genblk1.carry4$split$11823.DI2 (bel SLICE_X148Y165/CARRY4, wire SITEWIRE/SLICE_X148Y165/CCY0_OUT)
Info:     $PACKER_GND_NET HOLDOUT: $auto$alumacc.cc:548:replace_alu$90139.genblk1.slice[0].genblk1.carry4.DI2 (bel SLICE_X148Y164/CARRY4, wire SITEWIRE/SLICE_X148Y164/CCY0_OUT)
Info:     $PACKER_GND_NET HOLDOUT: $auto$alumacc.cc:548:replace_alu$90139.genblk1.slice[0].genblk1.carry4.DI3 (bel SLICE_X148Y164/CARRY4, wire SITEWIRE/SLICE_X148Y164/DCY0_OUT)
Info:     $PACKER_GND_NET HOLDOUT: $auto$alumacc.cc:548:replace_alu$90139.genblk1.slice[0].genblk1.carry4$split$11823.DI0 (bel SLICE_X148Y165/CARRY4, wire SITEWIRE/SLICE_X148Y165/ACY0_OUT)
Info:     $PACKER_GND_NET: 3135/3142 sinks bridged (7 holdouts; max BFS 7176)
Info:     $auto$alumacc.cc:548:replace_alu$90079.genblk1.slice[0].genblk1.carry4.DI1 (bel SLICE_X136Y144/CARRY4): CARRY4 DI with S=1 never selected, left unrouted
Info:     $auto$alumacc.cc:548:replace_alu$90079.genblk1.slice[0].genblk1.carry4.DI2 (bel SLICE_X136Y144/CARRY4): CARRY4 DI with S=1 never selected, left unrouted
Info:     $auto$alumacc.cc:548:replace_alu$90139.genblk1.slice[0].genblk1.carry4$split$11799.DI0 (bel SLICE_X148Y167/CARRY4): CARRY4 DI with S=1 never selected, left unrouted
Info:     $auto$alumacc.cc:548:replace_alu$90139.genblk1.slice[0].genblk1.carry4$split$11823.DI2 (bel SLICE_X148Y165/CARRY4): CARRY4 DI with S=1 never selected, left unrouted
Info:     $auto$alumacc.cc:548:replace_alu$90139.genblk1.slice[0].genblk1.carry4.DI2 (bel SLICE_X148Y164/CARRY4): CARRY4 DI with S=1 never selected, left unrouted
Info:     $auto$alumacc.cc:548:replace_alu$90139.genblk1.slice[0].genblk1.carry4.DI3 (bel SLICE_X148Y164/CARRY4): CARRY4 DI with S=1 never selected, left unrouted
Info:     $auto$alumacc.cc:548:replace_alu$90139.genblk1.slice[0].genblk1.carry4$split$11823.DI0 (bel SLICE_X148Y165/CARRY4): CARRY4 DI with S=1 never selected, left unrouted
Info: Constant holdouts: 0 local constant LUT(s) added, 0 re-route pass(es), 7 don't-care CARRY4 DI pin(s) left unrouted
Info: Running post-routing legalisation...
Info:     BUFHCE pass-through CE: 9 tied to VCC, 0 already driven, 0 could not be reached

Info: Critical path report for clock 'clk_ctrl' (posedge -> posedge):
Info: curr total
Info:  0.1  0.1  Source $auto$ff.cc:337:slice$117898.Q
Info:  3.6  3.7    Net ddr3.ddr3_controller_inst.index_wb_data budget 0.000000 ns (203,89) -> (214,13)
Info:                Sink $abc$659956$lut$aiger$o36052.A1
Info:  0.1  3.8  Source $abc$659956$lut$aiger$o36052.O6
Info:  3.1  6.9    Net wb_rdata[16] budget 0.000000 ns (214,13) -> (193,61)
Info:                Sink $abc$659956$lut$aiger659955$32544.A4
Info:  0.1  7.0  Source $abc$659956$lut$aiger659955$32544.O6
Info:  0.2  7.2    Net $techmap669388$abc$659956$lut$aiger659955$32549.A[2] budget 0.000000 ns (193,61) -> (193,61)
Info:                Sink $abc$659956$lut$aiger659955$32549.A1
Info:  0.1  7.3  Source $abc$659956$lut$aiger659955$32549.O6
Info:  0.8  8.1    Net $techmap669395$abc$659956$lut$aiger659955$32599.A[3] budget 0.000000 ns (193,61) -> (193,65)
Info:                Sink $abc$659956$lut$aiger659955$32599.A2
Info:  0.1  8.2  Source $abc$659956$lut$aiger659955$32599.O6
Info:  1.2  9.5    Net $techmap669404$abc$659956$lut$aiger659955$32631.A[3] budget 0.000000 ns (193,65) -> (197,73)
Info:                Sink $abc$659956$lut$aiger659955$32631.A1
Info:  0.1  9.6  Source $abc$659956$lut$aiger659955$32631.O6
Info:  1.0 10.6    Net $techmap669669$auto$abc_ops_reintegrate.cc:611:reintegrate$661528.A[3] budget 0.000000 ns (197,73) -> (185,73)
Info:                Sink $abc$659956$lut$aiger659955$33101.A5
Info:  0.1 10.7  Source $abc$659956$lut$aiger659955$33101.O6
Info:  2.9 13.7    Net $techmap675981$abc$659956$lut$aiger$o30310.A[0] budget 0.000000 ns (185,73) -> (193,132)
Info:                Sink $abc$659956$lut$aiger$o30562.A4
Info:  0.1 13.8  Source $abc$659956$lut$aiger$o30562.O6
Info:  1.0 14.8    Net $techmap677737$abc$659956$lut$aiger$o31412.A[3] budget 0.000000 ns (193,132) -> (190,113)
Info:                Sink $abc$659956$lut$aiger$o31412.A4
Info:  0.1 14.9  Source $abc$659956$lut$aiger$o31412.O6
Info:  0.5 15.4    Net $abc$659956$auto$opt_dff.cc:336:make_patterns_logic$79157 budget 0.677000 ns (190,113) -> (188,112)
Info:                Sink $auto$ff.cc:337:slice$119373.CE
Info:  0.1 15.5  Setup $auto$ff.cc:337:slice$119373.CE
Info: 1.2 ns logic, 14.4 ns routing

Info: Max frequency for clock 'clk_ctrl': 64.32 MHz (PASS at 60.00 MHz)

Info: Slack histogram:
Info:  legend: * represents 46 endpoint(s)
Info:          + represents [1,46) endpoint(s)
Info: [  1119,   1879) |+
Info: [  1879,   2639) |**+
Info: [  2639,   3399) |**+
Info: [  3399,   4159) |*****+
Info: [  4159,   4919) |******+
Info: [  4919,   5679) |*******+
Info: [  5679,   6439) |**************+
Info: [  6439,   7199) |************+
Info: [  7199,   7959) |****************+
Info: [  7959,   8719) |**********************+
Info: [  8719,   9479) |***************************+
Info: [  9479,  10239) |**********************************+
Info: [ 10239,  10999) |************************************************************ 
Info: [ 10999,  11759) |**********************************************************+
Info: [ 11759,  12519) |*****************************************+
Info: [ 12519,  13279) |***************************************+
Info: [ 13279,  14039) |*********************************+
Info: [ 14039,  14799) |*******************+
Info: [ 14799,  15559) |************+
Info: [ 15559,  16319) |**************+

