# host seconds after t0	host UTC at the newline	line
0.6266	2026-09-24T12:06:02.474Z	S0117170003b42695a6
14.6720	2026-09-24T12:06:16.519Z	H7deeef160102000bb8
14.6720	2026-09-24T12:06:16.519Z	S000000000000000004
14.6720	2026-09-24T12:06:16.519Z	S0011110000000218c9
15.4786	2026-09-24T12:06:17.326Z	S001111000004044dc9
16.2824	2026-09-24T12:06:18.130Z	S001111000008044dcd
16.3771	2026-09-24T12:06:18.224Z	S001212000008788b36
16.4948	2026-09-24T12:06:18.342Z	S001313000009000594
17.2967	2026-09-24T12:06:19.144Z	S00131300000d000598
17.9597	2026-09-24T12:06:19.807Z	S00141400001056563c
18.7631	2026-09-24T12:06:20.610Z	S001414000014565640
19.0216	2026-09-24T12:06:20.869Z	S00151500001598562e
19.8244	2026-09-24T12:06:21.672Z	S001515000019985632
19.8703	2026-09-24T12:06:21.717Z	S001616000019cea5ac
19.8703	2026-09-24T12:06:21.717Z	S011717000019cea5bc
19.8703	2026-09-24T12:06:21.717Z	G020000000102000000
19.8934	2026-09-24T12:06:21.741Z	K000000610019cea5bc
19.8934	2026-09-24T12:06:21.741Z	L000000000001000000
20.6711	2026-09-24T12:06:22.518Z	S01171700001dd0be75
20.7413	2026-09-24T12:06:22.588Z	W0000000000021de8fd
20.7413	2026-09-24T12:06:22.588Z	R0000000000021de921
20.7413	2026-09-24T12:06:22.588Z	E000000000000000000
20.7413	2026-09-24T12:06:22.588Z	M000000000000000000
20.7413	2026-09-24T12:06:22.588Z	Fffffffff0000000000
21.4836	2026-09-24T12:06:23.331Z	S011717000021d0be79
21.6035	2026-09-24T12:06:23.451Z	W0000000100021de923
21.6035	2026-09-24T12:06:23.451Z	R0000000100021de8ff
21.6035	2026-09-24T12:06:23.451Z	E000000000000000000
21.6035	2026-09-24T12:06:23.451Z	M000000000000000000
21.6035	2026-09-24T12:06:23.451Z	Fffffffff0000000000
22.3006	2026-09-24T12:06:24.148Z	S011717000025d0be7d
22.4437	2026-09-24T12:06:24.291Z	W0000000200021de922
22.4437	2026-09-24T12:06:24.291Z	R0000000200021de900
22.4437	2026-09-24T12:06:24.291Z	E000000000000000000
22.4675	2026-09-24T12:06:24.315Z	M000000000000000000
22.4675	2026-09-24T12:06:24.315Z	Fffffffff0000000000
23.1023	2026-09-24T12:06:24.949Z	S011717000029d0be81
23.3208	2026-09-24T12:06:25.168Z	W0000000300021de922
23.3208	2026-09-24T12:06:25.168Z	R0000000300021de900
23.3208	2026-09-24T12:06:25.168Z	E000000000000000000
23.3208	2026-09-24T12:06:25.168Z	M000000000000000000
23.3208	2026-09-24T12:06:25.168Z	Fffffffff0000000000
23.8924	2026-09-24T12:06:25.739Z	S01171700002dd0be85
24.1758	2026-09-24T12:06:26.023Z	W0000000400021de910
24.1758	2026-09-24T12:06:26.023Z	R0000000400021de8ff
24.1758	2026-09-24T12:06:26.023Z	E000000000000000000
24.1758	2026-09-24T12:06:26.023Z	M000000000000000000
24.1758	2026-09-24T12:06:26.023Z	Fffffffff0000000000
24.6977	2026-09-24T12:06:26.545Z	S011717000031d0be89
25.0263	2026-09-24T12:06:26.873Z	W0000000500021de901
25.0263	2026-09-24T12:06:26.873Z	R0000000500021de8ff
25.0263	2026-09-24T12:06:26.873Z	E000000000000000000
25.0263	2026-09-24T12:06:26.873Z	M000000000000000000
25.0263	2026-09-24T12:06:26.873Z	Fffffffff0000000000
25.5259	2026-09-24T12:06:27.373Z	S011717000035d0be8d
25.8826	2026-09-24T12:06:27.730Z	W0000000600021de8fd
25.8826	2026-09-24T12:06:27.730Z	R0000000600021de8ff
25.8826	2026-09-24T12:06:27.730Z	E000000000000000000
25.9033	2026-09-24T12:06:27.750Z	M000000000000000000
25.9033	2026-09-24T12:06:27.750Z	Fffffffff0000000000
26.3245	2026-09-24T12:06:28.171Z	S011717000039d0be91
26.7398	2026-09-24T12:06:28.587Z	W0000000700021de901
26.7398	2026-09-24T12:06:28.587Z	R0000000700021de8ff
26.7398	2026-09-24T12:06:28.587Z	E000000000000000000
26.7637	2026-09-24T12:06:28.611Z	M000000000000000000
26.7637	2026-09-24T12:06:28.611Z	Fffffffff0000000000
27.1236	2026-09-24T12:06:28.971Z	S01171700003dd0be95
27.6064	2026-09-24T12:06:29.453Z	W0000000800021de8fd
27.6064	2026-09-24T12:06:29.453Z	R0000000800021de8ff
27.6064	2026-09-24T12:06:29.453Z	E000000000000000000
27.6064	2026-09-24T12:06:29.453Z	M000000000000000000
27.6064	2026-09-24T12:06:29.453Z	Fffffffff0000000000
27.9435	2026-09-24T12:06:29.790Z	S011717000041d0be99
28.4631	2026-09-24T12:06:30.310Z	W0000000900021de901
28.4631	2026-09-24T12:06:30.310Z	R0000000900021de8ff
28.4631	2026-09-24T12:06:30.310Z	E000000000000000000
28.4631	2026-09-24T12:06:30.310Z	M000000000000000000
28.4631	2026-09-24T12:06:30.310Z	Fffffffff0000000000
28.7242	2026-09-24T12:06:30.571Z	S011717000045d0be9d
29.3247	2026-09-24T12:06:31.172Z	W0000000a00021de8fd
29.3247	2026-09-24T12:06:31.172Z	R0000000a00021de8ff
29.3247	2026-09-24T12:06:31.172Z	E000000000000000000
29.3247	2026-09-24T12:06:31.172Z	M000000000000000000
29.3247	2026-09-24T12:06:31.172Z	Fffffffff0000000000
29.5434	2026-09-24T12:06:31.390Z	S011717000049d0bea1
30.1889	2026-09-24T12:06:32.036Z	W0000000b00021de901
30.1889	2026-09-24T12:06:32.036Z	R0000000b00021de8ff
30.1889	2026-09-24T12:06:32.036Z	E000000000000000000
30.1889	2026-09-24T12:06:32.036Z	M000000000000000000
30.1889	2026-09-24T12:06:32.036Z	Fffffffff0000000000
30.3348	2026-09-24T12:06:32.182Z	S01171700004dd0bea5
31.0517	2026-09-24T12:06:32.899Z	W0000000c00021de8fd
31.0517	2026-09-24T12:06:32.899Z	R0000000c00021de8ff
31.0517	2026-09-24T12:06:32.899Z	E000000000000000000
31.0517	2026-09-24T12:06:32.899Z	M000000000000000000
31.0517	2026-09-24T12:06:32.899Z	Fffffffff0000000000
31.1404	2026-09-24T12:06:32.987Z	S011717000051d0bea9
31.8999	2026-09-24T12:06:33.747Z	W0000000d00021de901
31.8999	2026-09-24T12:06:33.747Z	R0000000d00021de8ff
31.8999	2026-09-24T12:06:33.747Z	E000000000000000000
31.9250	2026-09-24T12:06:33.772Z	M000000000000000000
31.9250	2026-09-24T12:06:33.772Z	Fffffffff0000000000
31.9455	2026-09-24T12:06:33.792Z	S011717000055d0bead
32.7708	2026-09-24T12:06:34.618Z	S011717000059d0beb1
32.7708	2026-09-24T12:06:34.618Z	W0000000e00021de8fd
32.7708	2026-09-24T12:06:34.618Z	R0000000e00021de8ff
32.7708	2026-09-24T12:06:34.618Z	E000000000000000000
32.7708	2026-09-24T12:06:34.618Z	M000000000000000000
32.7708	2026-09-24T12:06:34.618Z	Fffffffff0000000000
33.5702	2026-09-24T12:06:35.417Z	S01171700005dd0beb5
33.6157	2026-09-24T12:06:35.462Z	W0000000f00021de8fd
33.6157	2026-09-24T12:06:35.462Z	R0000000f00021de926
33.6157	2026-09-24T12:06:35.462Z	E000000000000000000
33.6366	2026-09-24T12:06:35.483Z	M000000000000000000
33.6366	2026-09-24T12:06:35.483Z	Fffffffff0000000000
34.3626	2026-09-24T12:06:36.209Z	S011717000061d0beb9
34.4728	2026-09-24T12:06:36.320Z	W0000001000021de8fd
34.4728	2026-09-24T12:06:36.320Z	R0000001000021de925
34.4728	2026-09-24T12:06:36.320Z	E000000000000000000
34.4967	2026-09-24T12:06:36.343Z	M000000000000000000
34.4967	2026-09-24T12:06:36.343Z	Fffffffff0000000000
35.1912	2026-09-24T12:06:37.038Z	S011717000065d0bebd
35.3321	2026-09-24T12:06:37.179Z	W0000001100021de8fd
35.3321	2026-09-24T12:06:37.179Z	R0000001100021de926
35.3321	2026-09-24T12:06:37.179Z	E000000000000000000
35.3559	2026-09-24T12:06:37.203Z	M000000000000000000
35.3559	2026-09-24T12:06:37.203Z	Fffffffff0000000000
35.9796	2026-09-24T12:06:37.826Z	S011717000069d0bec1
36.2110	2026-09-24T12:06:38.058Z	W0000001200021de923
36.2110	2026-09-24T12:06:38.058Z	R0000001200021de900
36.2110	2026-09-24T12:06:38.058Z	E000000000000000000
36.2110	2026-09-24T12:06:38.058Z	M000000000000000000
36.2110	2026-09-24T12:06:38.058Z	Fffffffff0000000000
36.7779	2026-09-24T12:06:38.625Z	S01171700006dd0bec5
37.0566	2026-09-24T12:06:38.903Z	W0000001300021de923
37.0566	2026-09-24T12:06:38.903Z	R0000001300021de900
37.0566	2026-09-24T12:06:38.903Z	E000000000000000000
37.0566	2026-09-24T12:06:38.903Z	M000000000000000000
37.0566	2026-09-24T12:06:38.903Z	Fffffffff0000000000
37.5833	2026-09-24T12:06:39.430Z	S011717000071d0bec9
37.9220	2026-09-24T12:06:39.769Z	W0000001400021de923
37.9220	2026-09-24T12:06:39.769Z	R0000001400021de8ff
37.9220	2026-09-24T12:06:39.769Z	E000000000000000000
37.9220	2026-09-24T12:06:39.769Z	M000000000000000000
37.9220	2026-09-24T12:06:39.769Z	Fffffffff0000000000
38.4030	2026-09-24T12:06:40.250Z	S011717000075d0becd
38.7740	2026-09-24T12:06:40.621Z	W0000001500021de923
38.7740	2026-09-24T12:06:40.621Z	R0000001500021de900
38.7740	2026-09-24T12:06:40.621Z	E000000000000000000
38.7740	2026-09-24T12:06:40.621Z	M000000000000000000
38.7740	2026-09-24T12:06:40.621Z	Fffffffff0000000000
39.1981	2026-09-24T12:06:41.045Z	S011717000079d0bed1
39.6281	2026-09-24T12:06:41.475Z	W0000001600021de8fe
39.6281	2026-09-24T12:06:41.475Z	R0000001600021de8ff
39.6281	2026-09-24T12:06:41.475Z	E000000000000000000
39.6496	2026-09-24T12:06:41.496Z	M000000000000000000
39.6496	2026-09-24T12:06:41.496Z	Fffffffff0000000000
40.0023	2026-09-24T12:06:41.849Z	S01171700007dd0bed5
40.5080	2026-09-24T12:06:42.355Z	W0000001700021de901
40.5080	2026-09-24T12:06:42.355Z	R0000001700021de8ff
40.5080	2026-09-24T12:06:42.355Z	E000000000000000000
40.5080	2026-09-24T12:06:42.355Z	M000000000000000000
40.5080	2026-09-24T12:06:42.355Z	Fffffffff0000000000
40.8136	2026-09-24T12:06:42.660Z	S011717000081d0bed9
41.3470	2026-09-24T12:06:43.193Z	W0000001800021de8fd
41.3470	2026-09-24T12:06:43.194Z	R0000001800021de8ff
41.3470	2026-09-24T12:06:43.194Z	E000000000000000000
41.3709	2026-09-24T12:06:43.217Z	M000000000000000000
41.3709	2026-09-24T12:06:43.217Z	Fffffffff0000000000
41.6091	2026-09-24T12:06:43.456Z	S011717000085d0bedd
42.2066	2026-09-24T12:06:44.053Z	W0000001900021de901
42.2066	2026-09-24T12:06:44.053Z	R0000001900021de8ff
42.2066	2026-09-24T12:06:44.053Z	E000000000000000000
42.2279	2026-09-24T12:06:44.074Z	M000000000000000000
42.2279	2026-09-24T12:06:44.074Z	Fffffffff0000000000
42.4206	2026-09-24T12:06:44.267Z	S011717000089d0bee1
43.0649	2026-09-24T12:06:44.911Z	W0000001a00021de8fd
43.0649	2026-09-24T12:06:44.911Z	R0000001a00021de8ff
43.0649	2026-09-24T12:06:44.911Z	E000000000000000000
43.0887	2026-09-24T12:06:44.935Z	M000000000000000000
43.0887	2026-09-24T12:06:44.935Z	Fffffffff0000000000
43.2267	2026-09-24T12:06:45.073Z	S01171700008dd0bee5
43.9330	2026-09-24T12:06:45.779Z	W0000001b00021de901
43.9330	2026-09-24T12:06:45.779Z	R0000001b00021de8ff
43.9330	2026-09-24T12:06:45.779Z	E000000000000000000
43.9330	2026-09-24T12:06:45.779Z	M000000000000000000
43.9330	2026-09-24T12:06:45.779Z	Fffffffff0000000000
44.0482	2026-09-24T12:06:45.895Z	S011717000091d0bee9
44.8036	2026-09-24T12:06:46.650Z	W0000001c00021de8fd
44.8036	2026-09-24T12:06:46.650Z	R0000001c00021de8ff
44.8036	2026-09-24T12:06:46.650Z	E000000000000000000
44.8036	2026-09-24T12:06:46.650Z	M000000000000000000
44.8036	2026-09-24T12:06:46.650Z	Fffffffff0000000000
44.8494	2026-09-24T12:06:46.696Z	S011717000095d0beed
45.6470	2026-09-24T12:06:47.493Z	S011717000099d0bef1
45.6470	2026-09-24T12:06:47.493Z	W0000001d00021de901
45.6470	2026-09-24T12:06:47.493Z	R0000001d00021de8ff
45.6470	2026-09-24T12:06:47.493Z	E000000000000000000
45.6719	2026-09-24T12:06:47.518Z	M000000000000000000
45.6719	2026-09-24T12:06:47.518Z	Fffffffff0000000000
46.4513	2026-09-24T12:06:48.298Z	S01171700009dd0bef5
46.5250	2026-09-24T12:06:48.371Z	W0000001e00021de8fd
46.5250	2026-09-24T12:06:48.371Z	R0000001e00021de8ff
46.5250	2026-09-24T12:06:48.371Z	E000000000000000000
46.5250	2026-09-24T12:06:48.371Z	M000000000000000000
46.5250	2026-09-24T12:06:48.371Z	Fffffffff0000000000
47.2483	2026-09-24T12:06:49.095Z	S0117170000a1d0bef9
47.3691	2026-09-24T12:06:49.215Z	W0000001f00021de901
47.3691	2026-09-24T12:06:49.215Z	R0000001f00021de8ff
47.3691	2026-09-24T12:06:49.215Z	E000000000000000000
47.3691	2026-09-24T12:06:49.215Z	M000000000000000000
47.3691	2026-09-24T12:06:49.215Z	Fffffffff0000000000
48.0629	2026-09-24T12:06:49.909Z	S0117170000a5d0befd
48.2247	2026-09-24T12:06:50.071Z	W0000002000021de8fd
48.2247	2026-09-24T12:06:50.071Z	R0000002000021de8ff
48.2247	2026-09-24T12:06:50.071Z	E000000000000000000
48.2490	2026-09-24T12:06:50.095Z	M000000000000000000
48.2490	2026-09-24T12:06:50.095Z	Fffffffff0000000000
48.8793	2026-09-24T12:06:50.726Z	S0117170000a9d0bf01
49.0994	2026-09-24T12:06:50.946Z	W0000002100021de901
49.0994	2026-09-24T12:06:50.946Z	R0000002100021de8ff
49.0994	2026-09-24T12:06:50.946Z	E000000000000000000
49.0994	2026-09-24T12:06:50.946Z	M000000000000000000
49.0994	2026-09-24T12:06:50.946Z	Fffffffff0000000000
49.6691	2026-09-24T12:06:51.515Z	S0117170000add0bf05
49.9386	2026-09-24T12:06:51.785Z	W0000002200021de8fd
49.9386	2026-09-24T12:06:51.785Z	R0000002200021de8ff
49.9386	2026-09-24T12:06:51.785Z	E000000000000000000
49.9625	2026-09-24T12:06:51.809Z	M000000000000000000
49.9625	2026-09-24T12:06:51.809Z	Fffffffff0000000000
50.4742	2026-09-24T12:06:52.320Z	S0117170000b1d0bf09
50.8156	2026-09-24T12:06:52.662Z	W0000002300021de901
50.8156	2026-09-24T12:06:52.662Z	R0000002300021de8ff
50.8156	2026-09-24T12:06:52.662Z	E000000000000000000
50.8156	2026-09-24T12:06:52.662Z	M000000000000000000
50.8156	2026-09-24T12:06:52.662Z	Fffffffff0000000000
51.2779	2026-09-24T12:06:53.124Z	S0117170000b5d0bf0d
51.6731	2026-09-24T12:06:53.519Z	W0000002400021de8fd
51.6731	2026-09-24T12:06:53.519Z	R0000002400021de8ff
51.6731	2026-09-24T12:06:53.519Z	E000000000000000000
51.6731	2026-09-24T12:06:53.519Z	M000000000000000000
51.6731	2026-09-24T12:06:53.519Z	Fffffffff0000000000
52.0861	2026-09-24T12:06:53.932Z	S0117170000b9d0bf11
52.5163	2026-09-24T12:06:54.362Z	W0000002500021de901
52.5163	2026-09-24T12:06:54.362Z	R0000002500021de8ff
52.5163	2026-09-24T12:06:54.362Z	E000000000000000000
52.5383	2026-09-24T12:06:54.384Z	M000000000000000000
52.5383	2026-09-24T12:06:54.385Z	Fffffffff0000000000
52.8835	2026-09-24T12:06:54.730Z	S0117170000bdd0bf15
53.3940	2026-09-24T12:06:55.240Z	W0000002600021de8fd
53.3940	2026-09-24T12:06:55.240Z	R0000002600021de8ff
53.3940	2026-09-24T12:06:55.240Z	E000000000000000000
53.3940	2026-09-24T12:06:55.240Z	M000000000000000000
53.3940	2026-09-24T12:06:55.240Z	Fffffffff0000000000
53.7015	2026-09-24T12:06:55.548Z	S0117170000c1d0bf19
54.2565	2026-09-24T12:06:56.103Z	W0000002700021de901
54.2565	2026-09-24T12:06:56.103Z	R0000002700021de8ff
54.2565	2026-09-24T12:06:56.103Z	E000000000000000000
54.2565	2026-09-24T12:06:56.103Z	M000000000000000000
54.2565	2026-09-24T12:06:56.103Z	Fffffffff0000000000
54.4941	2026-09-24T12:06:56.340Z	S0117170000c5d0bf1d
55.1003	2026-09-24T12:06:56.946Z	W0000002800021de8fd
55.1003	2026-09-24T12:06:56.946Z	R0000002800021de8ff
55.1003	2026-09-24T12:06:56.946Z	E000000000000000000
55.1003	2026-09-24T12:06:56.946Z	M000000000000000000
55.1003	2026-09-24T12:06:56.946Z	Fffffffff0000000000
55.3163	2026-09-24T12:06:57.162Z	S0117170000c9d0bf21
55.9601	2026-09-24T12:06:57.806Z	W0000002900021de901
55.9601	2026-09-24T12:06:57.806Z	R0000002900021de8ff
55.9601	2026-09-24T12:06:57.806Z	E000000000000000000
55.9601	2026-09-24T12:06:57.806Z	M000000000000000000
55.9601	2026-09-24T12:06:57.806Z	Fffffffff0000000000
56.1054	2026-09-24T12:06:57.951Z	S0117170000cdd0bf25
56.8178	2026-09-24T12:06:58.664Z	W0000002a00021de8fd
56.8178	2026-09-24T12:06:58.664Z	R0000002a00021de8ff
56.8178	2026-09-24T12:06:58.664Z	E000000000000000000
56.8178	2026-09-24T12:06:58.664Z	M000000000000000000
56.8178	2026-09-24T12:06:58.664Z	Fffffffff0000000000
56.9122	2026-09-24T12:06:58.758Z	S0117170000d1d0bf29
57.6794	2026-09-24T12:06:59.525Z	W0000002b00021de901
57.6794	2026-09-24T12:06:59.525Z	R0000002b00021de8ff
57.6794	2026-09-24T12:06:59.525Z	E000000000000000000
57.6794	2026-09-24T12:06:59.525Z	M000000000000000000
57.6794	2026-09-24T12:06:59.525Z	Fffffffff0000000000
57.7232	2026-09-24T12:06:59.569Z	S0117170000d5d0bf2d
58.5366	2026-09-24T12:07:00.383Z	S0117170000d9d0bf31
58.5366	2026-09-24T12:07:00.383Z	W0000002c00021de8fd
58.5366	2026-09-24T12:07:00.383Z	R0000002c00021de8ff
58.5366	2026-09-24T12:07:00.383Z	E000000000000000000
58.5366	2026-09-24T12:07:00.383Z	M000000000000000000
58.5366	2026-09-24T12:07:00.383Z	Fffffffff0000000000
59.3404	2026-09-24T12:07:01.186Z	S0117170000ddd0bf35
59.4110	2026-09-24T12:07:01.257Z	W0000002d00021de901
59.4110	2026-09-24T12:07:01.257Z	R0000002d00021de8ff
59.4110	2026-09-24T12:07:01.257Z	E000000000000000000
59.4110	2026-09-24T12:07:01.257Z	M000000000000000000
59.4110	2026-09-24T12:07:01.257Z	Fffffffff0000000000
60.1383	2026-09-24T12:07:01.984Z	S0117170000e1d0bf39
60.2531	2026-09-24T12:07:02.099Z	W0000002e00021de8fd
60.2531	2026-09-24T12:07:02.099Z	R0000002e00021de8ff
60.2531	2026-09-24T12:07:02.099Z	E000000000000000000
60.2735	2026-09-24T12:07:02.119Z	M000000000000000000
60.2735	2026-09-24T12:07:02.119Z	Fffffffff0000000000
60.9369	2026-09-24T12:07:02.783Z	S0117170000e5d0bf3d
61.1293	2026-09-24T12:07:02.975Z	W0000002f00021de901
61.1293	2026-09-24T12:07:02.975Z	R0000002f00021de8ff
61.1293	2026-09-24T12:07:02.975Z	E000000000000000000
61.1293	2026-09-24T12:07:02.975Z	M000000000000000000
61.1293	2026-09-24T12:07:02.975Z	Fffffffff0000000000
61.7493	2026-09-24T12:07:03.595Z	S0117170000e9d0bf41
61.9820	2026-09-24T12:07:03.828Z	W0000003000021de8fd
61.9820	2026-09-24T12:07:03.828Z	R0000003000021de8ff
61.9820	2026-09-24T12:07:03.828Z	E000000000000000000
61.9820	2026-09-24T12:07:03.828Z	M000000000000000000
61.9820	2026-09-24T12:07:03.828Z	Fffffffff0000000000
62.5537	2026-09-24T12:07:04.400Z	S0117170000edd0bf45
62.8382	2026-09-24T12:07:04.684Z	W0000003100021de901
62.8382	2026-09-24T12:07:04.684Z	R0000003100021de8ff
62.8382	2026-09-24T12:07:04.684Z	E000000000000000000
62.8382	2026-09-24T12:07:04.684Z	M000000000000000000
62.8382	2026-09-24T12:07:04.684Z	Fffffffff0000000000
63.3754	2026-09-24T12:07:05.221Z	S0117170000f1d0bf49
63.6859	2026-09-24T12:07:05.532Z	W0000003200021de8fd
63.6859	2026-09-24T12:07:05.532Z	R0000003200021de8ff
63.6859	2026-09-24T12:07:05.532Z	E000000000000000000
63.7078	2026-09-24T12:07:05.554Z	M000000000000000000
63.7078	2026-09-24T12:07:05.554Z	Fffffffff0000000000
64.1655	2026-09-24T12:07:06.011Z	S0117170000f5d0bf4d
64.5633	2026-09-24T12:07:06.409Z	W0000003300021de901
64.5633	2026-09-24T12:07:06.409Z	R0000003300021de8ff
64.5633	2026-09-24T12:07:06.409Z	E000000000000000000
64.5633	2026-09-24T12:07:06.409Z	M000000000000000000
64.5633	2026-09-24T12:07:06.409Z	Fffffffff0000000000
64.9674	2026-09-24T12:07:06.813Z	S0117170000f9d0bf51
65.4171	2026-09-24T12:07:07.263Z	W0000003400021de8fd
65.4171	2026-09-24T12:07:07.263Z	R0000003400021de8ff
65.4171	2026-09-24T12:07:07.263Z	E000000000000000000
65.4171	2026-09-24T12:07:07.263Z	M000000000000000000
65.4171	2026-09-24T12:07:07.263Z	Fffffffff0000000000
65.7790	2026-09-24T12:07:07.625Z	S0117170000fdd0bf55
66.2810	2026-09-24T12:07:08.127Z	W0000003500021de901
66.2810	2026-09-24T12:07:08.127Z	R0000003500021de8ff
66.2810	2026-09-24T12:07:08.127Z	E000000000000000000
66.2810	2026-09-24T12:07:08.127Z	M000000000000000000
66.2810	2026-09-24T12:07:08.127Z	Fffffffff0000000000
66.5910	2026-09-24T12:07:08.437Z	S011717000101d0bf59
67.1228	2026-09-24T12:07:08.969Z	W0000003600021de8fd
67.1228	2026-09-24T12:07:08.969Z	R0000003600021de8ff
67.1228	2026-09-24T12:07:08.969Z	E000000000000000000
67.1436	2026-09-24T12:07:08.989Z	M000000000000000000
67.1436	2026-09-24T12:07:08.989Z	Fffffffff0000000000
67.4039	2026-09-24T12:07:09.250Z	S011717000105d0bf5d
67.9896	2026-09-24T12:07:09.835Z	W0000003700021de901
67.9896	2026-09-24T12:07:09.835Z	R0000003700021de8ff
67.9896	2026-09-24T12:07:09.835Z	E000000000000000000
67.9896	2026-09-24T12:07:09.835Z	M000000000000000000
67.9896	2026-09-24T12:07:09.835Z	Fffffffff0000000000
68.2090	2026-09-24T12:07:10.055Z	S011717000109d0bf61
68.8413	2026-09-24T12:07:10.687Z	W0000003800021de8fd
68.8413	2026-09-24T12:07:10.687Z	R0000003800021de8ff
68.8413	2026-09-24T12:07:10.687Z	E000000000000000000
68.8627	2026-09-24T12:07:10.708Z	M000000000000000000
68.8627	2026-09-24T12:07:10.708Z	Fffffffff0000000000
69.0100	2026-09-24T12:07:10.856Z	S01171700010dd0bf65
69.7028	2026-09-24T12:07:11.548Z	W0000003900021de901
69.7028	2026-09-24T12:07:11.548Z	R0000003900021de8ff
69.7028	2026-09-24T12:07:11.548Z	E000000000000000000
69.7235	2026-09-24T12:07:11.569Z	M000000000000000000
69.7235	2026-09-24T12:07:11.569Z	Fffffffff0000000000
69.7950	2026-09-24T12:07:11.641Z	S011717000111d0bf69
70.5597	2026-09-24T12:07:12.405Z	W0000003a00021de8fd
70.5597	2026-09-24T12:07:12.405Z	R0000003a00021de8ff
70.5597	2026-09-24T12:07:12.405Z	E000000000000000000
70.5835	2026-09-24T12:07:12.429Z	M000000000000000000
70.5835	2026-09-24T12:07:12.429Z	Fffffffff0000000000
70.6044	2026-09-24T12:07:12.450Z	S011717000115d0bf6d
71.4057	2026-09-24T12:07:13.251Z	S011717000119d0bf71
71.4262	2026-09-24T12:07:13.272Z	W0000003b00021de901
71.4262	2026-09-24T12:07:13.272Z	R0000003b00021de8ff
71.4262	2026-09-24T12:07:13.272Z	E000000000000000000
71.4262	2026-09-24T12:07:13.272Z	M000000000000000000
71.4262	2026-09-24T12:07:13.272Z	Fffffffff0000000000
72.2262	2026-09-24T12:07:14.072Z	S01171700011dd0bf75
72.2937	2026-09-24T12:07:14.139Z	W0000003c00021de8fd
72.2937	2026-09-24T12:07:14.139Z	R0000003c00021de8ff
72.2937	2026-09-24T12:07:14.139Z	E000000000000000000
72.2937	2026-09-24T12:07:14.139Z	M000000000000000000
72.2937	2026-09-24T12:07:14.139Z	Fffffffff0000000000
73.0323	2026-09-24T12:07:14.878Z	S011717000121d0bf79
73.1550	2026-09-24T12:07:15.001Z	W0000003d00021de901
73.1550	2026-09-24T12:07:15.001Z	R0000003d00021de8ff
73.1550	2026-09-24T12:07:15.001Z	E000000000000000000
73.1550	2026-09-24T12:07:15.001Z	M000000000000000000
73.1550	2026-09-24T12:07:15.001Z	Fffffffff0000000000
73.8241	2026-09-24T12:07:15.670Z	S011717000125d0bf7d
74.0159	2026-09-24T12:07:15.861Z	W0000003e00021de8fd
74.0159	2026-09-24T12:07:15.861Z	R0000003e00021de8ff
74.0159	2026-09-24T12:07:15.861Z	E000000000000000000
74.0159	2026-09-24T12:07:15.861Z	M000000000000000000
74.0159	2026-09-24T12:07:15.861Z	Fffffffff0000000000
74.6269	2026-09-24T12:07:16.472Z	S011717000129d0bf81
74.8701	2026-09-24T12:07:16.716Z	W0000003f00021de901
74.8701	2026-09-24T12:07:16.716Z	R0000003f00021de8ff
74.8701	2026-09-24T12:07:16.716Z	E000000000000000000
74.8701	2026-09-24T12:07:16.716Z	M000000000000000000
74.8701	2026-09-24T12:07:16.716Z	Fffffffff0000000000
75.4505	2026-09-24T12:07:17.296Z	S01171700012dd0bf85
75.7149	2026-09-24T12:07:17.560Z	W0000004000021de8fd
75.7149	2026-09-24T12:07:17.560Z	R0000004000021de8ff
75.7149	2026-09-24T12:07:17.560Z	E000000000000000000
75.7387	2026-09-24T12:07:17.584Z	M000000000000000000
75.7387	2026-09-24T12:07:17.584Z	Fffffffff0000000000
76.2438	2026-09-24T12:07:18.089Z	S011717000131d0bf89
76.5792	2026-09-24T12:07:18.425Z	W0000004100021de901
76.5792	2026-09-24T12:07:18.425Z	R0000004100021de8ff
76.5792	2026-09-24T12:07:18.425Z	E000000000000000000
76.5792	2026-09-24T12:07:18.425Z	M000000000000000000
76.5792	2026-09-24T12:07:18.425Z	Fffffffff0000000000
77.0634	2026-09-24T12:07:18.909Z	S011717000135d0bf8d
77.4480	2026-09-24T12:07:19.293Z	W0000004200021de8fd
77.4480	2026-09-24T12:07:19.293Z	R0000004200021de8ff
77.4480	2026-09-24T12:07:19.293Z	E000000000000000000
77.4480	2026-09-24T12:07:19.293Z	M000000000000000000
77.4480	2026-09-24T12:07:19.293Z	Fffffffff0000000000
77.8595	2026-09-24T12:07:19.705Z	S011717000139d0bf91
78.3134	2026-09-24T12:07:20.159Z	W0000004300021de901
78.3134	2026-09-24T12:07:20.159Z	R0000004300021de8ff
78.3134	2026-09-24T12:07:20.159Z	E000000000000000000
78.3134	2026-09-24T12:07:20.159Z	M000000000000000000
78.3134	2026-09-24T12:07:20.159Z	Fffffffff0000000000
78.6694	2026-09-24T12:07:20.515Z	S01171700013dd0bf95
79.1599	2026-09-24T12:07:21.005Z	W0000004400021de8fd
79.1599	2026-09-24T12:07:21.005Z	R0000004400021de8ff
79.1599	2026-09-24T12:07:21.005Z	E000000000000000000
79.1599	2026-09-24T12:07:21.005Z	M000000000000000000
79.1599	2026-09-24T12:07:21.005Z	Fffffffff0000000000
79.4593	2026-09-24T12:07:21.305Z	S011717000141d0bf99
80.0144	2026-09-24T12:07:21.860Z	W0000004500021de901
80.0144	2026-09-24T12:07:21.860Z	R0000004500021de8ff
80.0144	2026-09-24T12:07:21.860Z	E000000000000000000
80.0391	2026-09-24T12:07:21.884Z	M000000000000000000
80.0391	2026-09-24T12:07:21.885Z	Fffffffff0000000000
80.2788	2026-09-24T12:07:22.124Z	S011717000145d0bf9d
80.8752	2026-09-24T12:07:22.721Z	W0000004600021de8fd
80.8752	2026-09-24T12:07:22.721Z	R0000004600021de8ff
80.8752	2026-09-24T12:07:22.721Z	E000000000000000000
80.8752	2026-09-24T12:07:22.721Z	M000000000000000000
80.8752	2026-09-24T12:07:22.721Z	Fffffffff0000000000
81.0810	2026-09-24T12:07:22.926Z	S011717000149d0bfa1
81.7367	2026-09-24T12:07:23.582Z	W0000004700021de901
81.7367	2026-09-24T12:07:23.582Z	R0000004700021de8ff
81.7367	2026-09-24T12:07:23.582Z	E000000000000000000
81.7367	2026-09-24T12:07:23.582Z	M000000000000000000
81.7367	2026-09-24T12:07:23.582Z	Fffffffff0000000000
81.8767	2026-09-24T12:07:23.722Z	S01171700014dd0bfa5
82.6008	2026-09-24T12:07:24.446Z	W0000004800021de8fd
82.6008	2026-09-24T12:07:24.446Z	R0000004800021de8ff
82.6008	2026-09-24T12:07:24.446Z	E000000000000000000
82.6008	2026-09-24T12:07:24.446Z	M000000000000000000
82.6008	2026-09-24T12:07:24.446Z	Fffffffff0000000000
82.6953	2026-09-24T12:07:24.541Z	S011717000151d0bfa9
83.4621	2026-09-24T12:07:25.307Z	W0000004900021de901
83.4621	2026-09-24T12:07:25.307Z	R0000004900021de8ff
83.4621	2026-09-24T12:07:25.307Z	E000000000000000000
83.4621	2026-09-24T12:07:25.307Z	M000000000000000000
83.4621	2026-09-24T12:07:25.307Z	Fffffffff0000000000
83.4853	2026-09-24T12:07:25.331Z	S011717000155d0bfad
84.2952	2026-09-24T12:07:26.140Z	S011717000159d0bfb1
84.3161	2026-09-24T12:07:26.161Z	W0000004a00021de8fd
84.3161	2026-09-24T12:07:26.161Z	R0000004a00021de8ff
84.3161	2026-09-24T12:07:26.161Z	E000000000000000000
84.3161	2026-09-24T12:07:26.161Z	M000000000000000000
84.3161	2026-09-24T12:07:26.161Z	Fffffffff0000000000
85.1091	2026-09-24T12:07:26.954Z	S01171700015dd0bfb5
85.1760	2026-09-24T12:07:27.021Z	W0000004b00021de901
85.1760	2026-09-24T12:07:27.021Z	R0000004b00021de8ff
85.1760	2026-09-24T12:07:27.021Z	E000000000000000000
85.1760	2026-09-24T12:07:27.021Z	M000000000000000000
85.1760	2026-09-24T12:07:27.021Z	Fffffffff0000000000
85.9131	2026-09-24T12:07:27.758Z	S011717000161d0bfb9
86.0292	2026-09-24T12:07:27.874Z	W0000004c00021de8fd
86.0292	2026-09-24T12:07:27.874Z	R0000004c00021de8ff
86.0292	2026-09-24T12:07:27.874Z	E000000000000000000
86.0539	2026-09-24T12:07:27.899Z	M000000000000000000
86.0539	2026-09-24T12:07:27.899Z	Fffffffff0000000000
86.7065	2026-09-24T12:07:28.552Z	S011717000165d0bfbd
86.8975	2026-09-24T12:07:28.743Z	W0000004d00021de901
86.8975	2026-09-24T12:07:28.743Z	R0000004d00021de8ff
86.8975	2026-09-24T12:07:28.743Z	E000000000000000000
86.8975	2026-09-24T12:07:28.743Z	M000000000000000000
86.8975	2026-09-24T12:07:28.743Z	Fffffffff0000000000
87.5245	2026-09-24T12:07:29.370Z	S011717000169d0bfc1
87.7615	2026-09-24T12:07:29.607Z	W0000004e00021de8fd
87.7615	2026-09-24T12:07:29.607Z	R0000004e00021de8ff
87.7615	2026-09-24T12:07:29.607Z	E000000000000000000
87.7615	2026-09-24T12:07:29.607Z	M000000000000000000
87.7615	2026-09-24T12:07:29.607Z	Fffffffff0000000000
88.3289	2026-09-24T12:07:30.174Z	S01171700016dd0bfc5
88.6129	2026-09-24T12:07:30.458Z	W0000004f00021de901
88.6129	2026-09-24T12:07:30.458Z	R0000004f00021de8ff
88.6129	2026-09-24T12:07:30.458Z	E000000000000000000
88.6129	2026-09-24T12:07:30.458Z	M000000000000000000
88.6129	2026-09-24T12:07:30.458Z	Fffffffff0000000000
89.1364	2026-09-24T12:07:30.981Z	S011717000171d0bfc9
89.4772	2026-09-24T12:07:31.322Z	W0000005000021de8fd
89.4772	2026-09-24T12:07:31.322Z	R0000005000021de8ff
89.4772	2026-09-24T12:07:31.322Z	E000000000000000000
89.4772	2026-09-24T12:07:31.322Z	M000000000000000000
89.4772	2026-09-24T12:07:31.322Z	Fffffffff0000000000
89.9328	2026-09-24T12:07:31.778Z	S011717000175d0bfcd
90.3387	2026-09-24T12:07:32.184Z	W0000005100021de901
90.3387	2026-09-24T12:07:32.184Z	R0000005100021de8ff
90.3387	2026-09-24T12:07:32.184Z	E000000000000000000
90.3387	2026-09-24T12:07:32.184Z	M000000000000000000
90.3387	2026-09-24T12:07:32.184Z	Fffffffff0000000000
90.7519	2026-09-24T12:07:32.597Z	S011717000179d0bfd1
91.1903	2026-09-24T12:07:33.035Z	W0000005200021de8fd
91.1903	2026-09-24T12:07:33.035Z	R0000005200021de8ff
91.1903	2026-09-24T12:07:33.035Z	E000000000000000000
91.1903	2026-09-24T12:07:33.035Z	M000000000000000000
91.1903	2026-09-24T12:07:33.035Z	Fffffffff0000000000
91.5590	2026-09-24T12:07:33.404Z	S01171700017dd0bfd5
92.0612	2026-09-24T12:07:33.906Z	W0000005300021de901
92.0612	2026-09-24T12:07:33.906Z	R0000005300021de8ff
92.0612	2026-09-24T12:07:33.906Z	E000000000000000000
92.0612	2026-09-24T12:07:33.906Z	M000000000000000000
92.0612	2026-09-24T12:07:33.906Z	Fffffffff0000000000
92.3669	2026-09-24T12:07:34.212Z	S011717000181d0bfd9
92.9134	2026-09-24T12:07:34.758Z	W0000005400021de8fd
92.9134	2026-09-24T12:07:34.758Z	R0000005400021de8ff
92.9134	2026-09-24T12:07:34.758Z	E000000000000000000
92.9134	2026-09-24T12:07:34.758Z	M000000000000000000
92.9134	2026-09-24T12:07:34.758Z	Fffffffff0000000000
93.1557	2026-09-24T12:07:35.001Z	S011717000185d0bfdd
93.7600	2026-09-24T12:07:35.605Z	W0000005500021de901
93.7600	2026-09-24T12:07:35.605Z	R0000005500021de8ff
93.7600	2026-09-24T12:07:35.605Z	E000000000000000000
93.7819	2026-09-24T12:07:35.627Z	M000000000000000000
93.7819	2026-09-24T12:07:35.627Z	Fffffffff0000000000
93.9639	2026-09-24T12:07:35.809Z	S011717000189d0bfe1
94.6351	2026-09-24T12:07:36.480Z	W0000005600021de8fd
94.6351	2026-09-24T12:07:36.480Z	R0000005600021de8ff
94.6351	2026-09-24T12:07:36.480Z	E000000000000000000
94.6351	2026-09-24T12:07:36.480Z	M000000000000000000
94.6351	2026-09-24T12:07:36.480Z	Fffffffff0000000000
94.7761	2026-09-24T12:07:36.621Z	S01171700018dd0bfe5
95.4916	2026-09-24T12:07:37.337Z	W0000005700021de901
95.4916	2026-09-24T12:07:37.337Z	R0000005700021de8ff
95.4916	2026-09-24T12:07:37.337Z	E000000000000000000
95.4916	2026-09-24T12:07:37.337Z	M000000000000000000
95.4916	2026-09-24T12:07:37.337Z	Fffffffff0000000000
95.5649	2026-09-24T12:07:37.410Z	S011717000191d0bfe9
96.3574	2026-09-24T12:07:38.202Z	W0000005800021de8fd
96.3574	2026-09-24T12:07:38.202Z	R0000005800021de8ff
96.3574	2026-09-24T12:07:38.202Z	E000000000000000000
96.3574	2026-09-24T12:07:38.202Z	M000000000000000000
96.3574	2026-09-24T12:07:38.202Z	Fffffffff0000000000
96.3792	2026-09-24T12:07:38.224Z	S011717000195d0bfed
97.1890	2026-09-24T12:07:39.034Z	S011717000199d0bff1
97.2112	2026-09-24T12:07:39.056Z	W0000005900021de901
97.2112	2026-09-24T12:07:39.056Z	R0000005900021de8ff
97.2112	2026-09-24T12:07:39.056Z	E000000000000000000
97.2112	2026-09-24T12:07:39.056Z	M000000000000000000
97.2112	2026-09-24T12:07:39.056Z	Fffffffff0000000000
98.0001	2026-09-24T12:07:39.845Z	S01171700019dd0bff5
98.0706	2026-09-24T12:07:39.915Z	W0000005a00021de8fd
98.0706	2026-09-24T12:07:39.915Z	R0000005a00021de8ff
98.0706	2026-09-24T12:07:39.915Z	E000000000000000000
98.0706	2026-09-24T12:07:39.915Z	M000000000000000000
98.0706	2026-09-24T12:07:39.915Z	Fffffffff0000000000
98.7876	2026-09-24T12:07:40.632Z	S0117170001a1d0bff9
98.9163	2026-09-24T12:07:40.761Z	W0000005b00021de901
98.9163	2026-09-24T12:07:40.761Z	R0000005b00021de8ff
98.9163	2026-09-24T12:07:40.761Z	E000000000000000000
98.9396	2026-09-24T12:07:40.784Z	M000000000000000000
98.9396	2026-09-24T12:07:40.784Z	Fffffffff0000000000
99.6093	2026-09-24T12:07:41.454Z	S0117170001a5d0bffd
99.7749	2026-09-24T12:07:41.620Z	W0000005c00021de8fd
99.7749	2026-09-24T12:07:41.620Z	R0000005c00021de8ff
99.7749	2026-09-24T12:07:41.620Z	E000000000000000000
99.7960	2026-09-24T12:07:41.641Z	M000000000000000000
99.7960	2026-09-24T12:07:41.641Z	Fffffffff0000000000
100.3987	2026-09-24T12:07:42.244Z	S0117170001a9d0c001
100.6364	2026-09-24T12:07:42.481Z	W0000005d00021de901
100.6364	2026-09-24T12:07:42.481Z	R0000005d00021de8ff
100.6364	2026-09-24T12:07:42.481Z	E000000000000000000
100.6612	2026-09-24T12:07:42.506Z	M000000000000000000
100.6612	2026-09-24T12:07:42.506Z	Fffffffff0000000000
101.2083	2026-09-24T12:07:43.053Z	S0117170001add0c005
101.4928	2026-09-24T12:07:43.338Z	W0000005e00021de8fd
101.4928	2026-09-24T12:07:43.338Z	R0000005e00021de8ff
101.4928	2026-09-24T12:07:43.338Z	E000000000000000000
101.5131	2026-09-24T12:07:43.358Z	M000000000000000000
101.5131	2026-09-24T12:07:43.358Z	Fffffffff0000000000
102.0074	2026-09-24T12:07:43.852Z	S0117170001b1d0c009
102.3727	2026-09-24T12:07:44.217Z	W0000005f00021de901
102.3727	2026-09-24T12:07:44.217Z	R0000005f00021de8ff
102.3727	2026-09-24T12:07:44.217Z	E000000000000000000
102.3727	2026-09-24T12:07:44.217Z	M000000000000000000
102.3727	2026-09-24T12:07:44.217Z	Fffffffff0000000000
102.8127	2026-09-24T12:07:44.657Z	S0117170001b5d0c00d
103.2194	2026-09-24T12:07:45.064Z	W0000006000021de8fd
103.2194	2026-09-24T12:07:45.064Z	R0000006000021de8ff
103.2194	2026-09-24T12:07:45.064Z	E000000000000000000
103.2194	2026-09-24T12:07:45.064Z	M000000000000000000
103.2194	2026-09-24T12:07:45.064Z	Fffffffff0000000000
103.6302	2026-09-24T12:07:45.475Z	S0117170001b9d0c011
104.0821	2026-09-24T12:07:45.927Z	W0000006100021de901
104.0821	2026-09-24T12:07:45.927Z	R0000006100021de8ff
104.0821	2026-09-24T12:07:45.927Z	E000000000000000000
104.0821	2026-09-24T12:07:45.927Z	M000000000000000000
104.0821	2026-09-24T12:07:45.927Z	Fffffffff0000000000
104.4285	2026-09-24T12:07:46.273Z	S0117170001bdd0c015
104.9445	2026-09-24T12:07:46.789Z	W0000006200021de8fd
104.9445	2026-09-24T12:07:46.789Z	R0000006200021de8ff
104.9445	2026-09-24T12:07:46.789Z	E000000000000000000
104.9445	2026-09-24T12:07:46.789Z	M000000000000000000
104.9445	2026-09-24T12:07:46.789Z	Fffffffff0000000000
105.2526	2026-09-24T12:07:47.097Z	S0117170001c1d0c019
105.8053	2026-09-24T12:07:47.650Z	W0000006300021de901
105.8053	2026-09-24T12:07:47.650Z	R0000006300021de8ff
105.8053	2026-09-24T12:07:47.650Z	E000000000000000000
105.8053	2026-09-24T12:07:47.650Z	M000000000000000000
105.8053	2026-09-24T12:07:47.650Z	Fffffffff0000000000
106.0422	2026-09-24T12:07:47.887Z	S0117170001c5d0c01d
106.6701	2026-09-24T12:07:48.515Z	W0000006400021de8fd
106.6701	2026-09-24T12:07:48.515Z	R0000006400021de8ff
106.6701	2026-09-24T12:07:48.515Z	E000000000000000000
106.6701	2026-09-24T12:07:48.515Z	M000000000000000000
106.6701	2026-09-24T12:07:48.515Z	Fffffffff0000000000
106.8632	2026-09-24T12:07:48.708Z	S0117170001c9d0c021
107.5121	2026-09-24T12:07:49.357Z	W0000006500021de901
107.5121	2026-09-24T12:07:49.357Z	R0000006500021de8ff
107.5121	2026-09-24T12:07:49.357Z	E000000000000000000
107.5121	2026-09-24T12:07:49.357Z	M000000000000000000
107.5121	2026-09-24T12:07:49.357Z	Fffffffff0000000000
107.6483	2026-09-24T12:07:49.493Z	S0117170001cdd0c025
108.3851	2026-09-24T12:07:50.230Z	W0000006600021de8fd
108.3851	2026-09-24T12:07:50.230Z	R0000006600021de8ff
108.3851	2026-09-24T12:07:50.230Z	E000000000000000000
108.3851	2026-09-24T12:07:50.230Z	M000000000000000000
108.3851	2026-09-24T12:07:50.230Z	Fffffffff0000000000
108.4541	2026-09-24T12:07:50.299Z	S0117170001d1d0c029
109.2454	2026-09-24T12:07:51.090Z	W0000006700021de901
109.2454	2026-09-24T12:07:51.090Z	R0000006700021de8ff
109.2454	2026-09-24T12:07:51.090Z	E000000000000000000
109.2454	2026-09-24T12:07:51.090Z	M000000000000000000
109.2454	2026-09-24T12:07:51.090Z	Fffffffff0000000000
109.2674	2026-09-24T12:07:51.112Z	S0117170001d5d0c02d
110.0690	2026-09-24T12:07:51.914Z	S0117170001d9d0c031
110.0892	2026-09-24T12:07:51.934Z	W0000006800021de8fd
110.0892	2026-09-24T12:07:51.934Z	R0000006800021de8ff
110.0892	2026-09-24T12:07:51.934Z	E000000000000000000
110.0892	2026-09-24T12:07:51.934Z	M000000000000000000
110.0892	2026-09-24T12:07:51.934Z	Fffffffff0000000000
110.8824	2026-09-24T12:07:52.727Z	S0117170001ddd0c035
110.9499	2026-09-24T12:07:52.794Z	W0000006900021de901
110.9499	2026-09-24T12:07:52.794Z	R0000006900021de8ff
110.9499	2026-09-24T12:07:52.794Z	E000000000000000000
110.9499	2026-09-24T12:07:52.794Z	M000000000000000000
110.9499	2026-09-24T12:07:52.794Z	Fffffffff0000000000
111.6773	2026-09-24T12:07:53.522Z	S0117170001e1d0c039
111.8154	2026-09-24T12:07:53.660Z	W0000006a00021de8fd
111.8154	2026-09-24T12:07:53.660Z	R0000006a00021de8ff
111.8154	2026-09-24T12:07:53.660Z	E000000000000000000
111.8154	2026-09-24T12:07:53.660Z	M000000000000000000
111.8154	2026-09-24T12:07:53.660Z	Fffffffff0000000000
112.4923	2026-09-24T12:07:54.337Z	S0117170001e5d0c03d
112.6610	2026-09-24T12:07:54.505Z	W0000006b00021de901
112.6610	2026-09-24T12:07:54.505Z	R0000006b00021de8ff
112.6610	2026-09-24T12:07:54.505Z	E000000000000000000
112.6824	2026-09-24T12:07:54.527Z	M000000000000000000
112.6824	2026-09-24T12:07:54.527Z	Fffffffff0000000000
113.2974	2026-09-24T12:07:55.142Z	S0117170001e9d0c041
113.5272	2026-09-24T12:07:55.372Z	W0000006c00021de8fd
113.5272	2026-09-24T12:07:55.372Z	R0000006c00021de8ff
113.5272	2026-09-24T12:07:55.372Z	E000000000000000000
113.5272	2026-09-24T12:07:55.372Z	M000000000000000000
113.5272	2026-09-24T12:07:55.372Z	Fffffffff0000000000
114.1115	2026-09-24T12:07:55.956Z	S0117170001edd0c045
114.3881	2026-09-24T12:07:56.233Z	W0000006d00021de901
114.3881	2026-09-24T12:07:56.233Z	R0000006d00021de8ff
114.3881	2026-09-24T12:07:56.233Z	E000000000000000000
114.3881	2026-09-24T12:07:56.233Z	M000000000000000000
114.3881	2026-09-24T12:07:56.233Z	Fffffffff0000000000
114.9024	2026-09-24T12:07:56.747Z	S0117170001f1d0c049
115.2403	2026-09-24T12:07:57.085Z	W0000006e00021de8fd
115.2403	2026-09-24T12:07:57.085Z	R0000006e00021de8ff
115.2403	2026-09-24T12:07:57.085Z	E000000000000000000
115.2636	2026-09-24T12:07:57.108Z	M000000000000000000
115.2636	2026-09-24T12:07:57.108Z	Fffffffff0000000000
115.6977	2026-09-24T12:07:57.542Z	S0117170001f5d0c04d
116.1024	2026-09-24T12:07:57.947Z	W0000006f00021de901
116.1024	2026-09-24T12:07:57.947Z	R0000006f00021de8ff
116.1024	2026-09-24T12:07:57.947Z	E000000000000000000
116.1274	2026-09-24T12:07:57.972Z	M000000000000000000
116.1274	2026-09-24T12:07:57.972Z	Fffffffff0000000000
116.5146	2026-09-24T12:07:58.359Z	S0117170001f9d0c051
116.9641	2026-09-24T12:07:58.808Z	W0000007000021de8fd
116.9641	2026-09-24T12:07:58.808Z	R0000007000021de8ff
116.9641	2026-09-24T12:07:58.808Z	E000000000000000000
116.9641	2026-09-24T12:07:58.808Z	M000000000000000000
116.9641	2026-09-24T12:07:58.808Z	Fffffffff0000000000
117.3261	2026-09-24T12:07:59.170Z	S0117170001fdd0c055
117.8230	2026-09-24T12:07:59.667Z	W0000007100021de901
117.8230	2026-09-24T12:07:59.667Z	R0000007100021de8ff
117.8230	2026-09-24T12:07:59.667Z	E000000000000000000
117.8230	2026-09-24T12:07:59.667Z	M000000000000000000
117.8230	2026-09-24T12:07:59.667Z	Fffffffff0000000000
118.1232	2026-09-24T12:07:59.967Z	S011717000201d0c059
118.6944	2026-09-24T12:08:00.539Z	W0000007200021de8fd
118.6944	2026-09-24T12:08:00.539Z	R0000007200021de8ff
118.6944	2026-09-24T12:08:00.539Z	E000000000000000000
118.6944	2026-09-24T12:08:00.539Z	M000000000000000000
118.6944	2026-09-24T12:08:00.539Z	Fffffffff0000000000
118.9244	2026-09-24T12:08:00.769Z	S011717000205d0c05d
119.5536	2026-09-24T12:08:01.398Z	W0000007300021de901
119.5536	2026-09-24T12:08:01.398Z	R0000007300021de8ff
119.5536	2026-09-24T12:08:01.398Z	E000000000000000000
119.5536	2026-09-24T12:08:01.398Z	M000000000000000000
119.5536	2026-09-24T12:08:01.398Z	Fffffffff0000000000
119.7338	2026-09-24T12:08:01.578Z	S011717000209d0c061
120.3962	2026-09-24T12:08:02.240Z	W0000007400021de8fd
120.3962	2026-09-24T12:08:02.241Z	R0000007400021de8ff
120.3962	2026-09-24T12:08:02.241Z	E000000000000000000
120.4196	2026-09-24T12:08:02.264Z	M000000000000000000
120.4196	2026-09-24T12:08:02.264Z	Fffffffff0000000000
120.5340	2026-09-24T12:08:02.378Z	S01171700020dd0c065
121.2546	2026-09-24T12:08:03.099Z	W0000007500021de901
121.2546	2026-09-24T12:08:03.099Z	R0000007500021de8ff
121.2546	2026-09-24T12:08:03.099Z	E000000000000000000
121.2784	2026-09-24T12:08:03.123Z	M000000000000000000
121.2784	2026-09-24T12:08:03.123Z	Fffffffff0000000000
121.3519	2026-09-24T12:08:03.196Z	S011717000211d0c069
122.1212	2026-09-24T12:08:03.965Z	W0000007600021de8fd
122.1212	2026-09-24T12:08:03.965Z	R0000007600021de8ff
122.1212	2026-09-24T12:08:03.965Z	E000000000000000000
122.1212	2026-09-24T12:08:03.965Z	M000000000000000000
122.1212	2026-09-24T12:08:03.965Z	Fffffffff0000000000
122.1417	2026-09-24T12:08:03.986Z	S011717000215d0c06d
122.9600	2026-09-24T12:08:04.804Z	S011717000219d0c071
122.9809	2026-09-24T12:08:04.825Z	W0000007700021de901
122.9809	2026-09-24T12:08:04.825Z	R0000007700021de8ff
122.9809	2026-09-24T12:08:04.825Z	E000000000000000000
122.9809	2026-09-24T12:08:04.825Z	M000000000000000000
122.9809	2026-09-24T12:08:04.825Z	Fffffffff0000000000
123.7628	2026-09-24T12:08:05.607Z	S01171700021dd0c075
123.8307	2026-09-24T12:08:05.675Z	W0000007800021de8fd
123.8307	2026-09-24T12:08:05.675Z	R0000007800021de8ff
123.8307	2026-09-24T12:08:05.675Z	E000000000000000000
123.8546	2026-09-24T12:08:05.699Z	M000000000000000000
123.8546	2026-09-24T12:08:05.699Z	Fffffffff0000000000
124.5630	2026-09-24T12:08:06.407Z	S011717000221d0c079
124.7030	2026-09-24T12:08:06.547Z	W0000007900021de901
124.7030	2026-09-24T12:08:06.547Z	R0000007900021de8ff
124.7030	2026-09-24T12:08:06.547Z	E000000000000000000
124.7030	2026-09-24T12:08:06.547Z	M000000000000000000
124.7030	2026-09-24T12:08:06.547Z	Fffffffff0000000000
125.3684	2026-09-24T12:08:07.212Z	S011717000225d0c07d
125.5630	2026-09-24T12:08:07.407Z	W0000007a00021de8fd
125.5630	2026-09-24T12:08:07.407Z	R0000007a00021de8ff
125.5630	2026-09-24T12:08:07.407Z	E000000000000000000
125.5630	2026-09-24T12:08:07.407Z	M000000000000000000
125.5630	2026-09-24T12:08:07.407Z	Fffffffff0000000000
126.1706	2026-09-24T12:08:08.015Z	S011717000229d0c081
126.4269	2026-09-24T12:08:08.271Z	W0000007b00021de901
126.4269	2026-09-24T12:08:08.271Z	R0000007b00021de8ff
126.4269	2026-09-24T12:08:08.271Z	E000000000000000000
126.4269	2026-09-24T12:08:08.271Z	M000000000000000000
126.4269	2026-09-24T12:08:08.271Z	Fffffffff0000000000
126.9806	2026-09-24T12:08:08.825Z	S01171700022dd0c085
127.2869	2026-09-24T12:08:09.131Z	W0000007c00021de8fd
127.2869	2026-09-24T12:08:09.131Z	R0000007c00021de8ff
127.2869	2026-09-24T12:08:09.131Z	E000000000000000000
127.2869	2026-09-24T12:08:09.131Z	M000000000000000000
127.2869	2026-09-24T12:08:09.131Z	Fffffffff0000000000
127.7959	2026-09-24T12:08:09.640Z	S011717000231d0c089
128.1334	2026-09-24T12:08:09.977Z	W0000007d00021de901
128.1334	2026-09-24T12:08:09.977Z	R0000007d00021de8ff
128.1334	2026-09-24T12:08:09.977Z	E000000000000000000
128.1334	2026-09-24T12:08:09.977Z	M000000000000000000
128.1334	2026-09-24T12:08:09.977Z	Fffffffff0000000000
128.5827	2026-09-24T12:08:10.427Z	S011717000235d0c08d
128.9859	2026-09-24T12:08:10.830Z	W0000007e00021de8fd
128.9859	2026-09-24T12:08:10.830Z	R0000007e00021de8ff
128.9859	2026-09-24T12:08:10.830Z	E000000000000000000
129.0098	2026-09-24T12:08:10.854Z	M000000000000000000
129.0098	2026-09-24T12:08:10.854Z	Fffffffff0000000000
129.4103	2026-09-24T12:08:11.254Z	S011717000239d0c091
129.8452	2026-09-24T12:08:11.689Z	W0000007f00021de901
129.8452	2026-09-24T12:08:11.689Z	R0000007f00021de8ff
129.8452	2026-09-24T12:08:11.689Z	E000000000000000000
129.8690	2026-09-24T12:08:11.713Z	M000000000000000000
129.8690	2026-09-24T12:08:11.713Z	Fffffffff0000000000
130.1975	2026-09-24T12:08:12.041Z	S01171700023dd0c095
130.7045	2026-09-24T12:08:12.548Z	W0000008000021de8fd
130.7045	2026-09-24T12:08:12.548Z	R0000008000021de8ff
130.7045	2026-09-24T12:08:12.548Z	E000000000000000000
130.7284	2026-09-24T12:08:12.572Z	M000000000000000000
130.7284	2026-09-24T12:08:12.572Z	Fffffffff0000000000
131.0181	2026-09-24T12:08:12.862Z	S011717000241d0c099
131.5688	2026-09-24T12:08:13.413Z	W0000008100021de901
131.5688	2026-09-24T12:08:13.413Z	R0000008100021de8ff
131.5688	2026-09-24T12:08:13.413Z	E000000000000000000
131.5688	2026-09-24T12:08:13.413Z	M000000000000000000
131.5688	2026-09-24T12:08:13.413Z	Fffffffff0000000000
131.8038	2026-09-24T12:08:13.648Z	S011717000245d0c09d
132.4334	2026-09-24T12:08:14.277Z	W0000008200021de8fd
132.4334	2026-09-24T12:08:14.277Z	R0000008200021de8ff
132.4334	2026-09-24T12:08:14.277Z	E000000000000000000
132.4334	2026-09-24T12:08:14.277Z	M000000000000000000
132.4334	2026-09-24T12:08:14.277Z	Fffffffff0000000000
132.6243	2026-09-24T12:08:14.468Z	S011717000249d0c0a1
133.2895	2026-09-24T12:08:15.133Z	W0000008300021de901
133.2895	2026-09-24T12:08:15.133Z	R0000008300021de8ff
133.2895	2026-09-24T12:08:15.133Z	E000000000000000000
133.2895	2026-09-24T12:08:15.133Z	M000000000000000000
133.2895	2026-09-24T12:08:15.133Z	Fffffffff0000000000
133.4328	2026-09-24T12:08:15.277Z	S01171700024dd0c0a5
134.1522	2026-09-24T12:08:15.996Z	W0000008400021de8fd
134.1522	2026-09-24T12:08:15.996Z	R0000008400021de8ff
134.1522	2026-09-24T12:08:15.996Z	E000000000000000000
134.1522	2026-09-24T12:08:15.996Z	M000000000000000000
134.1522	2026-09-24T12:08:15.996Z	Fffffffff0000000000
134.2213	2026-09-24T12:08:16.065Z	S011717000251d0c0a9
135.0120	2026-09-24T12:08:16.856Z	W0000008500021de901
135.0120	2026-09-24T12:08:16.856Z	R0000008500021de8ff
135.0120	2026-09-24T12:08:16.856Z	E000000000000000000
135.0120	2026-09-24T12:08:16.856Z	M000000000000000000
135.0120	2026-09-24T12:08:16.856Z	Fffffffff0000000000
135.0324	2026-09-24T12:08:16.876Z	S011717000255d0c0ad
135.8404	2026-09-24T12:08:17.685Z	S011717000259d0c0b1
135.8617	2026-09-24T12:08:17.705Z	W0000008600021de8fd
135.8617	2026-09-24T12:08:17.706Z	R0000008600021de8ff
135.8617	2026-09-24T12:08:17.706Z	E000000000000000000
135.8858	2026-09-24T12:08:17.730Z	M000000000000000000
135.8858	2026-09-24T12:08:17.730Z	Fffffffff0000000000
136.6414	2026-09-24T12:08:18.485Z	S01171700025dd0c0b5
136.7395	2026-09-24T12:08:18.583Z	W0000008700021de901
136.7395	2026-09-24T12:08:18.583Z	R0000008700021de8ff
136.7395	2026-09-24T12:08:18.583Z	E000000000000000000
136.7395	2026-09-24T12:08:18.583Z	M000000000000000000
136.7395	2026-09-24T12:08:18.583Z	Fffffffff0000000000
137.4410	2026-09-24T12:08:19.285Z	S011717000261d0c0b9
137.5789	2026-09-24T12:08:19.423Z	W0000008800021de8fd
137.5789	2026-09-24T12:08:19.423Z	R0000008800021de8ff
137.5789	2026-09-24T12:08:19.423Z	E000000000000000000
137.6015	2026-09-24T12:08:19.445Z	M000000000000000000
137.6015	2026-09-24T12:08:19.445Z	Fffffffff0000000000
138.2687	2026-09-24T12:08:20.112Z	S011717000265d0c0bd
138.4374	2026-09-24T12:08:20.281Z	W0000008900021de901
138.4374	2026-09-24T12:08:20.281Z	R0000008900021de8ff
138.4374	2026-09-24T12:08:20.281Z	E000000000000000000
138.4613	2026-09-24T12:08:20.305Z	M000000000000000000
138.4613	2026-09-24T12:08:20.305Z	Fffffffff0000000000
139.0633	2026-09-24T12:08:20.907Z	S011717000269d0c0c1
139.3016	2026-09-24T12:08:21.145Z	W0000008a00021de8fd
139.3016	2026-09-24T12:08:21.145Z	R0000008a00021de8ff
139.3016	2026-09-24T12:08:21.145Z	E000000000000000000
139.3016	2026-09-24T12:08:21.145Z	M000000000000000000
139.3016	2026-09-24T12:08:21.145Z	Fffffffff0000000000
139.8570	2026-09-24T12:08:21.701Z	S01171700026dd0c0c5
140.1583	2026-09-24T12:08:22.002Z	W0000008b00021de901
140.1583	2026-09-24T12:08:22.002Z	R0000008b00021de8ff
140.1583	2026-09-24T12:08:22.002Z	E000000000000000000
140.1828	2026-09-24T12:08:22.026Z	M000000000000000000
140.1828	2026-09-24T12:08:22.026Z	Fffffffff0000000000
140.6710	2026-09-24T12:08:22.515Z	S011717000271d0c0c9
141.0224	2026-09-24T12:08:22.866Z	W0000008c00021de8fd
141.0224	2026-09-24T12:08:22.866Z	R0000008c00021de8ff
141.0224	2026-09-24T12:08:22.866Z	E000000000000000000
141.0224	2026-09-24T12:08:22.866Z	M000000000000000000
141.0224	2026-09-24T12:08:22.866Z	Fffffffff0000000000
141.4765	2026-09-24T12:08:23.320Z	S011717000275d0c0cd
141.8955	2026-09-24T12:08:23.739Z	W0000008d00021de901
141.8955	2026-09-24T12:08:23.739Z	R0000008d00021de8ff
141.8955	2026-09-24T12:08:23.739Z	E000000000000000000
141.8955	2026-09-24T12:08:23.739Z	M000000000000000000
141.8955	2026-09-24T12:08:23.739Z	Fffffffff0000000000
142.2729	2026-09-24T12:08:24.116Z	S011717000279d0c0d1
142.7521	2026-09-24T12:08:24.596Z	W0000008e00021de8fd
142.7521	2026-09-24T12:08:24.596Z	R0000008e00021de8ff
142.7521	2026-09-24T12:08:24.596Z	E000000000000000000
142.7521	2026-09-24T12:08:24.596Z	M000000000000000000
142.7521	2026-09-24T12:08:24.596Z	Fffffffff0000000000
143.0879	2026-09-24T12:08:24.931Z	S01171700027dd0c0d5
143.6114	2026-09-24T12:08:25.455Z	W0000008f00021de901
143.6114	2026-09-24T12:08:25.455Z	R0000008f00021de8ff
143.6114	2026-09-24T12:08:25.455Z	E000000000000000000
143.6114	2026-09-24T12:08:25.455Z	M000000000000000000
143.6114	2026-09-24T12:08:25.455Z	Fffffffff0000000000
143.8894	2026-09-24T12:08:25.733Z	S011717000281d0c0d9
144.4689	2026-09-24T12:08:26.312Z	W0000009000021de8fd
144.4689	2026-09-24T12:08:26.312Z	R0000009000021de8ff
144.4689	2026-09-24T12:08:26.312Z	E000000000000000000
144.4689	2026-09-24T12:08:26.312Z	M000000000000000000
144.4689	2026-09-24T12:08:26.312Z	Fffffffff0000000000
144.7089	2026-09-24T12:08:26.552Z	S011717000285d0c0dd
145.3170	2026-09-24T12:08:27.161Z	W0000009100021de901
145.3170	2026-09-24T12:08:27.161Z	R0000009100021de8ff
145.3170	2026-09-24T12:08:27.161Z	E000000000000000000
145.3170	2026-09-24T12:08:27.161Z	M000000000000000000
145.3170	2026-09-24T12:08:27.161Z	Fffffffff0000000000
145.5043	2026-09-24T12:08:27.348Z	S011717000289d0c0e1
146.1831	2026-09-24T12:08:28.027Z	W0000009200021de8fd
146.1831	2026-09-24T12:08:28.027Z	R0000009200021de8ff
146.1831	2026-09-24T12:08:28.027Z	E000000000000000000
146.1831	2026-09-24T12:08:28.027Z	M000000000000000000
146.1831	2026-09-24T12:08:28.027Z	Fffffffff0000000000
146.3228	2026-09-24T12:08:28.166Z	S01171700028dd0c0e5
147.0428	2026-09-24T12:08:28.886Z	W0000009300021de901
147.0428	2026-09-24T12:08:28.886Z	R0000009300021de8ff
147.0428	2026-09-24T12:08:28.886Z	E000000000000000000
147.0428	2026-09-24T12:08:28.886Z	M000000000000000000
147.0428	2026-09-24T12:08:28.886Z	Fffffffff0000000000
147.1123	2026-09-24T12:08:28.956Z	S011717000291d0c0e9
147.8971	2026-09-24T12:08:29.740Z	W0000009400021de8fd
147.8971	2026-09-24T12:08:29.740Z	R0000009400021de8ff
147.8971	2026-09-24T12:08:29.741Z	E000000000000000000
147.8971	2026-09-24T12:08:29.741Z	M000000000000000000
147.8971	2026-09-24T12:08:29.741Z	Fffffffff0000000000
147.9189	2026-09-24T12:08:29.762Z	S011717000295d0c0ed
148.7154	2026-09-24T12:08:30.559Z	S011717000299d0c0f1
148.7624	2026-09-24T12:08:30.606Z	W0000009500021de901
148.7624	2026-09-24T12:08:30.606Z	R0000009500021de8ff
148.7624	2026-09-24T12:08:30.606Z	E000000000000000000
148.7624	2026-09-24T12:08:30.606Z	M000000000000000000
148.7624	2026-09-24T12:08:30.606Z	Fffffffff0000000000
149.5207	2026-09-24T12:08:31.364Z	S01171700029dd0c0f5
149.6146	2026-09-24T12:08:31.458Z	W0000009600021de8fd
149.6146	2026-09-24T12:08:31.458Z	R0000009600021de8ff
149.6146	2026-09-24T12:08:31.458Z	E000000000000000000
149.6146	2026-09-24T12:08:31.458Z	M000000000000000000
149.6146	2026-09-24T12:08:31.458Z	Fffffffff0000000000
150.3263	2026-09-24T12:08:32.170Z	S0117170002a1d0c0f9
150.4676	2026-09-24T12:08:32.311Z	W0000009700021de901
150.4676	2026-09-24T12:08:32.311Z	R0000009700021de8ff
150.4676	2026-09-24T12:08:32.311Z	E000000000000000000
150.4911	2026-09-24T12:08:32.334Z	M000000000000000000
150.4911	2026-09-24T12:08:32.334Z	Fffffffff0000000000
151.1549	2026-09-24T12:08:32.998Z	S0117170002a5d0c0fd
151.3435	2026-09-24T12:08:33.187Z	W0000009800021de8fd
151.3435	2026-09-24T12:08:33.187Z	R0000009800021de8ff
151.3435	2026-09-24T12:08:33.187Z	E000000000000000000
151.3435	2026-09-24T12:08:33.187Z	M000000000000000000
151.3435	2026-09-24T12:08:33.187Z	Fffffffff0000000000
151.9491	2026-09-24T12:08:33.792Z	S0117170002a9d0c101
152.1847	2026-09-24T12:08:34.028Z	W0000009900021de901
152.1847	2026-09-24T12:08:34.028Z	R0000009900021de8ff
152.1847	2026-09-24T12:08:34.028Z	E000000000000000000
152.2085	2026-09-24T12:08:34.052Z	M000000000000000000
152.2085	2026-09-24T12:08:34.052Z	Fffffffff0000000000
152.7508	2026-09-24T12:08:34.594Z	S0117170002add0c105
153.0608	2026-09-24T12:08:34.904Z	W0000009a00021de8fd
153.0608	2026-09-24T12:08:34.904Z	R0000009a00021de8ff
153.0608	2026-09-24T12:08:34.904Z	E000000000000000000
153.0608	2026-09-24T12:08:34.904Z	M000000000000000000
153.0608	2026-09-24T12:08:34.904Z	Fffffffff0000000000
153.5540	2026-09-24T12:08:35.397Z	S0117170002b1d0c109
153.9099	2026-09-24T12:08:35.753Z	W0000009b00021de901
153.9099	2026-09-24T12:08:35.753Z	R0000009b00021de8ff
153.9099	2026-09-24T12:08:35.753Z	E000000000000000000
153.9099	2026-09-24T12:08:35.753Z	M000000000000000000
153.9099	2026-09-24T12:08:35.753Z	Fffffffff0000000000
154.3543	2026-09-24T12:08:36.197Z	S0117170002b5d0c10d
154.7851	2026-09-24T12:08:36.628Z	W0000009c00021de8fd
154.7851	2026-09-24T12:08:36.628Z	R0000009c00021de8ff
154.7851	2026-09-24T12:08:36.628Z	E000000000000000000
154.7851	2026-09-24T12:08:36.628Z	M000000000000000000
154.7851	2026-09-24T12:08:36.628Z	Fffffffff0000000000
155.1599	2026-09-24T12:08:37.003Z	S0117170002b9d0c111
155.6363	2026-09-24T12:08:37.479Z	W0000009d00021de901
155.6363	2026-09-24T12:08:37.479Z	R0000009d00021de8ff
155.6363	2026-09-24T12:08:37.480Z	E000000000000000000
155.6363	2026-09-24T12:08:37.480Z	M000000000000000000
155.6363	2026-09-24T12:08:37.480Z	Fffffffff0000000000
155.9681	2026-09-24T12:08:37.811Z	S0117170002bdd0c115
156.4808	2026-09-24T12:08:38.324Z	W0000009e00021de8fd
156.4808	2026-09-24T12:08:38.324Z	R0000009e00021de8ff
156.4808	2026-09-24T12:08:38.324Z	E000000000000000000
156.5047	2026-09-24T12:08:38.348Z	M000000000000000000
156.5047	2026-09-24T12:08:38.348Z	Fffffffff0000000000
156.7687	2026-09-24T12:08:38.612Z	S0117170002c1d0c119
157.3400	2026-09-24T12:08:39.183Z	W0000009f00021de901
157.3400	2026-09-24T12:08:39.183Z	R0000009f00021de8ff
157.3400	2026-09-24T12:08:39.183Z	E000000000000000000
157.3640	2026-09-24T12:08:39.207Z	M000000000000000000
157.3640	2026-09-24T12:08:39.207Z	Fffffffff0000000000
157.5769	2026-09-24T12:08:39.420Z	S0117170002c5d0c11d
158.2162	2026-09-24T12:08:40.059Z	W000000a000021de8fd
158.2162	2026-09-24T12:08:40.059Z	R000000a000021de8ff
158.2162	2026-09-24T12:08:40.059Z	E000000000000000000
158.2162	2026-09-24T12:08:40.059Z	M000000000000000000
158.2162	2026-09-24T12:08:40.059Z	Fffffffff0000000000
158.3933	2026-09-24T12:08:40.236Z	S0117170002c9d0c121
159.0686	2026-09-24T12:08:40.912Z	W000000a100021de901
159.0686	2026-09-24T12:08:40.912Z	R000000a100021de8ff
159.0686	2026-09-24T12:08:40.912Z	E000000000000000000
159.0686	2026-09-24T12:08:40.912Z	M000000000000000000
159.0686	2026-09-24T12:08:40.912Z	Fffffffff0000000000
159.1845	2026-09-24T12:08:41.028Z	S0117170002cdd0c125
159.9285	2026-09-24T12:08:41.772Z	W000000a200021de8fd
159.9285	2026-09-24T12:08:41.772Z	R000000a200021de8ff
159.9285	2026-09-24T12:08:41.772Z	E000000000000000000
159.9285	2026-09-24T12:08:41.772Z	M000000000000000000
159.9285	2026-09-24T12:08:41.772Z	Fffffffff0000000000
159.9941	2026-09-24T12:08:41.837Z	S0117170002d1d0c129
160.7951	2026-09-24T12:08:42.638Z	W000000a300021de901
160.7951	2026-09-24T12:08:42.638Z	R000000a300021de8ff
160.7951	2026-09-24T12:08:42.638Z	E000000000000000000
160.7951	2026-09-24T12:08:42.638Z	M000000000000000000
160.7951	2026-09-24T12:08:42.638Z	Fffffffff0000000000
160.7951	2026-09-24T12:08:42.638Z	S0117170002d5d0c12d
161.6199	2026-09-24T12:08:43.463Z	S0117170002d9d0c131
161.6409	2026-09-24T12:08:43.484Z	W000000a400021de8fd
161.6409	2026-09-24T12:08:43.484Z	R000000a400021de8ff
161.6409	2026-09-24T12:08:43.484Z	E000000000000000000
161.6655	2026-09-24T12:08:43.508Z	M000000000000000000
161.6655	2026-09-24T12:08:43.509Z	Fffffffff0000000000
162.4222	2026-09-24T12:08:44.265Z	S0117170002ddd0c135
162.5111	2026-09-24T12:08:44.354Z	W000000a500021de901
162.5111	2026-09-24T12:08:44.354Z	R000000a500021de8ff
162.5111	2026-09-24T12:08:44.354Z	E000000000000000000
162.5111	2026-09-24T12:08:44.354Z	M000000000000000000
162.5111	2026-09-24T12:08:44.354Z	Fffffffff0000000000
163.2125	2026-09-24T12:08:45.056Z	S0117170002e1d0c139
163.3548	2026-09-24T12:08:45.198Z	W000000a600021de8fd
163.3548	2026-09-24T12:08:45.198Z	R000000a600021de8ff
163.3548	2026-09-24T12:08:45.198Z	E000000000000000000
163.3787	2026-09-24T12:08:45.222Z	M000000000000000000
163.3787	2026-09-24T12:08:45.222Z	Fffffffff0000000000
164.0321	2026-09-24T12:08:45.875Z	S0117170002e5d0c13d
164.2296	2026-09-24T12:08:46.073Z	W000000a700021de901
164.2296	2026-09-24T12:08:46.073Z	R000000a700021de8ff
164.2296	2026-09-24T12:08:46.073Z	E000000000000000000
164.2296	2026-09-24T12:08:46.073Z	M000000000000000000
164.2296	2026-09-24T12:08:46.073Z	Fffffffff0000000000
164.8251	2026-09-24T12:08:46.668Z	S0117170002e9d0c141
165.0764	2026-09-24T12:08:46.919Z	W000000a800021de8fd
165.0764	2026-09-24T12:08:46.919Z	R000000a800021de8ff
165.0764	2026-09-24T12:08:46.919Z	E000000000000000000
165.0999	2026-09-24T12:08:46.943Z	M000000000000000000
165.0999	2026-09-24T12:08:46.943Z	Fffffffff0000000000
165.6414	2026-09-24T12:08:47.484Z	S0117170002edd0c145
165.9494	2026-09-24T12:08:47.792Z	W000000a900021de901
165.9494	2026-09-24T12:08:47.792Z	R000000a900021de8ff
165.9494	2026-09-24T12:08:47.792Z	E000000000000000000
165.9494	2026-09-24T12:08:47.792Z	M000000000000000000
165.9494	2026-09-24T12:08:47.792Z	Fffffffff0000000000
166.4525	2026-09-24T12:08:48.295Z	S0117170002f1d0c149
166.8142	2026-09-24T12:08:48.657Z	W000000aa00021de8fd
166.8142	2026-09-24T12:08:48.657Z	R000000aa00021de8ff
166.8142	2026-09-24T12:08:48.657Z	E000000000000000000
166.8142	2026-09-24T12:08:48.657Z	M000000000000000000
166.8142	2026-09-24T12:08:48.657Z	Fffffffff0000000000
167.2601	2026-09-24T12:08:49.103Z	S0117170002f5d0c14d
167.6525	2026-09-24T12:08:49.495Z	W000000ab00021de901
167.6525	2026-09-24T12:08:49.495Z	R000000ab00021de8ff
167.6525	2026-09-24T12:08:49.495Z	E000000000000000000
167.6729	2026-09-24T12:08:49.516Z	M000000000000000000
167.6729	2026-09-24T12:08:49.516Z	Fffffffff0000000000
168.0567	2026-09-24T12:08:49.900Z	S0117170002f9d0c151
168.5098	2026-09-24T12:08:50.353Z	W000000ac00021de8fd
168.5098	2026-09-24T12:08:50.353Z	R000000ac00021de8ff
168.5098	2026-09-24T12:08:50.353Z	E000000000000000000
168.5337	2026-09-24T12:08:50.376Z	M000000000000000000
168.5337	2026-09-24T12:08:50.377Z	Fffffffff0000000000
168.8608	2026-09-24T12:08:50.704Z	S0117170002fdd0c155
169.3768	2026-09-24T12:08:51.220Z	W000000ad00021de901
169.3768	2026-09-24T12:08:51.220Z	R000000ad00021de8ff
169.3768	2026-09-24T12:08:51.220Z	E000000000000000000
169.3768	2026-09-24T12:08:51.220Z	M000000000000000000
169.3768	2026-09-24T12:08:51.220Z	Fffffffff0000000000
169.6565	2026-09-24T12:08:51.499Z	S011717000301d0c159
170.2354	2026-09-24T12:08:52.078Z	W000000ae00021de8fd
170.2354	2026-09-24T12:08:52.078Z	R000000ae00021de8ff
170.2354	2026-09-24T12:08:52.078Z	E000000000000000000
170.2354	2026-09-24T12:08:52.078Z	M000000000000000000
170.2354	2026-09-24T12:08:52.078Z	Fffffffff0000000000
170.4780	2026-09-24T12:08:52.321Z	S011717000305d0c15d
171.0942	2026-09-24T12:08:52.937Z	W000000af00021de901
171.0942	2026-09-24T12:08:52.937Z	R000000af00021de8ff
171.0942	2026-09-24T12:08:52.937Z	E000000000000000000
171.0942	2026-09-24T12:08:52.937Z	M000000000000000000
171.0942	2026-09-24T12:08:52.937Z	Fffffffff0000000000
171.2640	2026-09-24T12:08:53.107Z	S011717000309d0c161
171.9466	2026-09-24T12:08:53.789Z	W000000b000021de8fd
171.9466	2026-09-24T12:08:53.789Z	R000000b000021de8ff
171.9466	2026-09-24T12:08:53.789Z	E000000000000000000
171.9692	2026-09-24T12:08:53.812Z	M000000000000000000
171.9692	2026-09-24T12:08:53.812Z	Fffffffff0000000000
172.0851	2026-09-24T12:08:53.928Z	S01171700030dd0c165
172.8157	2026-09-24T12:08:54.658Z	W000000b100021de901
172.8157	2026-09-24T12:08:54.658Z	R000000b100021de8ff
172.8157	2026-09-24T12:08:54.658Z	E000000000000000000
172.8157	2026-09-24T12:08:54.658Z	M000000000000000000
172.8157	2026-09-24T12:08:54.658Z	Fffffffff0000000000
172.8862	2026-09-24T12:08:54.729Z	S011717000311d0c169
173.6838	2026-09-24T12:08:55.526Z	W000000b200021de8fd
173.6838	2026-09-24T12:08:55.527Z	R000000b200021de8ff
173.6838	2026-09-24T12:08:55.527Z	E000000000000000000
173.6838	2026-09-24T12:08:55.527Z	M000000000000000000
173.6838	2026-09-24T12:08:55.527Z	Fffffffff0000000000
173.6838	2026-09-24T12:08:55.527Z	S011717000315d0c16d
174.4856	2026-09-24T12:08:56.328Z	S011717000319d0c171
174.5306	2026-09-24T12:08:56.373Z	W000000b300021de901
174.5306	2026-09-24T12:08:56.373Z	R000000b300021de8ff
174.5306	2026-09-24T12:08:56.373Z	E000000000000000000
174.5306	2026-09-24T12:08:56.373Z	M000000000000000000
174.5306	2026-09-24T12:08:56.373Z	Fffffffff0000000000
175.2969	2026-09-24T12:08:57.139Z	S01171700031dd0c175
175.3907	2026-09-24T12:08:57.233Z	W000000b400021de8fd
175.3907	2026-09-24T12:08:57.233Z	R000000b400021de8ff
175.3907	2026-09-24T12:08:57.233Z	E000000000000000000
175.3907	2026-09-24T12:08:57.233Z	M000000000000000000
175.3907	2026-09-24T12:08:57.233Z	Fffffffff0000000000
176.1174	2026-09-24T12:08:57.960Z	S011717000321d0c179
176.2659	2026-09-24T12:08:58.108Z	W000000b500021de901
176.2659	2026-09-24T12:08:58.109Z	R000000b500021de8ff
176.2659	2026-09-24T12:08:58.109Z	E000000000000000000
176.2659	2026-09-24T12:08:58.109Z	M000000000000000000
176.2659	2026-09-24T12:08:58.109Z	Fffffffff0000000000
176.9144	2026-09-24T12:08:58.757Z	S011717000325d0c17d
177.1063	2026-09-24T12:08:58.949Z	W000000b600021de8fd
177.1063	2026-09-24T12:08:58.949Z	R000000b600021de8ff
177.1063	2026-09-24T12:08:58.949Z	E000000000000000000
177.1313	2026-09-24T12:08:58.974Z	M000000000000000000
177.1313	2026-09-24T12:08:58.974Z	Fffffffff0000000000
177.7138	2026-09-24T12:08:59.556Z	S011717000329d0c181
177.9696	2026-09-24T12:08:59.812Z	W000000b700021de901
177.9696	2026-09-24T12:08:59.813Z	R000000b700021de8ff
177.9696	2026-09-24T12:08:59.813Z	E000000000000000000
177.9696	2026-09-24T12:08:59.813Z	M000000000000000000
177.9696	2026-09-24T12:08:59.813Z	Fffffffff0000000000
178.5224	2026-09-24T12:09:00.365Z	S01171700032dd0c185
178.8204	2026-09-24T12:09:00.663Z	W000000b800021de8fd
178.8204	2026-09-24T12:09:00.663Z	R000000b800021de8ff
178.8204	2026-09-24T12:09:00.663Z	E000000000000000000
178.8444	2026-09-24T12:09:00.687Z	M000000000000000000
178.8444	2026-09-24T12:09:00.687Z	Fffffffff0000000000
179.3401	2026-09-24T12:09:01.183Z	S011717000331d0c189
179.6966	2026-09-24T12:09:01.539Z	W000000b900021de901
179.6966	2026-09-24T12:09:01.539Z	R000000b900021de8ff
179.6966	2026-09-24T12:09:01.539Z	E000000000000000000
179.6966	2026-09-24T12:09:01.539Z	M000000000000000000
179.6966	2026-09-24T12:09:01.539Z	Fffffffff0000000000
180.1225	2026-09-24T12:09:01.965Z	S011717000335d0c18d
180.5576	2026-09-24T12:09:02.400Z	W000000ba00021de8fd
180.5576	2026-09-24T12:09:02.400Z	R000000ba00021de8ff
180.5576	2026-09-24T12:09:02.400Z	E000000000000000000
180.5576	2026-09-24T12:09:02.400Z	M000000000000000000
180.5576	2026-09-24T12:09:02.400Z	Fffffffff0000000000
180.9404	2026-09-24T12:09:02.783Z	S011717000339d0c191
181.4208	2026-09-24T12:09:03.263Z	W000000bb00021de901
181.4208	2026-09-24T12:09:03.263Z	R000000bb00021de8ff
181.4208	2026-09-24T12:09:03.263Z	E000000000000000000
181.4208	2026-09-24T12:09:03.263Z	M000000000000000000
181.4208	2026-09-24T12:09:03.263Z	Fffffffff0000000000
181.7453	2026-09-24T12:09:03.588Z	S01171700033dd0c195
182.2736	2026-09-24T12:09:04.116Z	W000000bc00021de8fd
182.2736	2026-09-24T12:09:04.116Z	R000000bc00021de8ff
182.2736	2026-09-24T12:09:04.116Z	E000000000000000000
182.2736	2026-09-24T12:09:04.116Z	M000000000000000000
182.2736	2026-09-24T12:09:04.116Z	Fffffffff0000000000
182.5487	2026-09-24T12:09:04.391Z	S011717000341d0c199
183.1253	2026-09-24T12:09:04.968Z	W000000bd00021de901
183.1253	2026-09-24T12:09:04.968Z	R000000bd00021de8ff
183.1253	2026-09-24T12:09:04.968Z	E000000000000000000
183.1253	2026-09-24T12:09:04.968Z	M000000000000000000
183.1253	2026-09-24T12:09:04.968Z	Fffffffff0000000000
183.3593	2026-09-24T12:09:05.202Z	S011717000345d0c19d
183.9845	2026-09-24T12:09:05.827Z	W000000be00021de8fd
183.9845	2026-09-24T12:09:05.827Z	R000000be00021de8ff
183.9845	2026-09-24T12:09:05.827Z	E000000000000000000
183.9845	2026-09-24T12:09:05.827Z	M000000000000000000
183.9845	2026-09-24T12:09:05.827Z	Fffffffff0000000000
184.1507	2026-09-24T12:09:05.993Z	S011717000349d0c1a1
184.8397	2026-09-24T12:09:06.682Z	W000000bf00021de901
184.8397	2026-09-24T12:09:06.682Z	R000000bf00021de8ff
184.8397	2026-09-24T12:09:06.682Z	E000000000000000000
184.8397	2026-09-24T12:09:06.682Z	M000000000000000000
184.8397	2026-09-24T12:09:06.682Z	Fffffffff0000000000
184.9682	2026-09-24T12:09:06.810Z	S01171700034dd0c1a5
185.7054	2026-09-24T12:09:07.548Z	W000000c000021de8fd
185.7054	2026-09-24T12:09:07.548Z	R000000c000021de8ff
185.7054	2026-09-24T12:09:07.548Z	E000000000000000000
185.7054	2026-09-24T12:09:07.548Z	M000000000000000000
185.7054	2026-09-24T12:09:07.548Z	Fffffffff0000000000
185.7744	2026-09-24T12:09:07.617Z	S011717000351d0c1a9
186.5649	2026-09-24T12:09:08.407Z	W000000c100021de901
186.5649	2026-09-24T12:09:08.407Z	R000000c100021de8ff
186.5649	2026-09-24T12:09:08.407Z	E000000000000000000
186.5649	2026-09-24T12:09:08.407Z	M000000000000000000
186.5649	2026-09-24T12:09:08.407Z	Fffffffff0000000000
186.5649	2026-09-24T12:09:08.407Z	S011717000355d0c1ad
187.3807	2026-09-24T12:09:09.223Z	S011717000359d0c1b1
187.4239	2026-09-24T12:09:09.266Z	W000000c200021de8fd
187.4239	2026-09-24T12:09:09.266Z	R000000c200021de8ff
187.4239	2026-09-24T12:09:09.266Z	E000000000000000000
187.4239	2026-09-24T12:09:09.266Z	M000000000000000000
187.4239	2026-09-24T12:09:09.266Z	Fffffffff0000000000
188.1885	2026-09-24T12:09:10.031Z	S01171700035dd0c1b5
188.2809	2026-09-24T12:09:10.123Z	W000000c300021de901
188.2809	2026-09-24T12:09:10.123Z	R000000c300021de8ff
188.2809	2026-09-24T12:09:10.123Z	E000000000000000000
188.2809	2026-09-24T12:09:10.123Z	M000000000000000000
188.2809	2026-09-24T12:09:10.123Z	Fffffffff0000000000
188.9841	2026-09-24T12:09:10.826Z	S011717000361d0c1b9
189.1424	2026-09-24T12:09:10.985Z	W000000c400021de8fd
189.1424	2026-09-24T12:09:10.985Z	R000000c400021de8ff
189.1424	2026-09-24T12:09:10.985Z	E000000000000000000
189.1424	2026-09-24T12:09:10.985Z	M000000000000000000
189.1424	2026-09-24T12:09:10.985Z	Fffffffff0000000000
189.7963	2026-09-24T12:09:11.638Z	S011717000365d0c1bd
189.9995	2026-09-24T12:09:11.842Z	W000000c500021de901
189.9995	2026-09-24T12:09:11.842Z	R000000c500021de8ff
189.9995	2026-09-24T12:09:11.842Z	E000000000000000000
189.9995	2026-09-24T12:09:11.842Z	M000000000000000000
189.9995	2026-09-24T12:09:11.842Z	Fffffffff0000000000
190.6109	2026-09-24T12:09:12.453Z	S011717000369d0c1c1
190.8492	2026-09-24T12:09:12.691Z	W000000c600021de8fd
190.8492	2026-09-24T12:09:12.691Z	R000000c600021de8ff
190.8492	2026-09-24T12:09:12.691Z	E000000000000000000
190.8730	2026-09-24T12:09:12.715Z	M000000000000000000
190.8730	2026-09-24T12:09:12.715Z	Fffffffff0000000000
191.4152	2026-09-24T12:09:13.257Z	S01171700036dd0c1c5
191.7200	2026-09-24T12:09:13.562Z	W000000c700021de901
191.7200	2026-09-24T12:09:13.562Z	R000000c700021de8ff
191.7200	2026-09-24T12:09:13.562Z	E000000000000000000
191.7200	2026-09-24T12:09:13.562Z	M000000000000000000
191.7200	2026-09-24T12:09:13.562Z	Fffffffff0000000000
192.2219	2026-09-24T12:09:14.064Z	S011717000371d0c1c9
192.5768	2026-09-24T12:09:14.419Z	W000000c800021de8fd
192.5768	2026-09-24T12:09:14.419Z	R000000c800021de8ff
192.5768	2026-09-24T12:09:14.419Z	E000000000000000000
192.5768	2026-09-24T12:09:14.419Z	M000000000000000000
192.5768	2026-09-24T12:09:14.419Z	Fffffffff0000000000
193.0148	2026-09-24T12:09:14.857Z	S011717000375d0c1cd
193.4406	2026-09-24T12:09:15.283Z	W000000c900021de901
193.4406	2026-09-24T12:09:15.283Z	R000000c900021de8ff
193.4406	2026-09-24T12:09:15.283Z	E000000000000000000
193.4406	2026-09-24T12:09:15.283Z	M000000000000000000
193.4406	2026-09-24T12:09:15.283Z	Fffffffff0000000000
193.8168	2026-09-24T12:09:15.659Z	S011717000379d0c1d1
194.2905	2026-09-24T12:09:16.133Z	W000000ca00021de8fd
194.2905	2026-09-24T12:09:16.133Z	R000000ca00021de8ff
194.2905	2026-09-24T12:09:16.133Z	E000000000000000000
194.3155	2026-09-24T12:09:16.158Z	M000000000000000000
194.3155	2026-09-24T12:09:16.158Z	Fffffffff0000000000
194.6181	2026-09-24T12:09:16.460Z	S01171700037dd0c1d5
195.1612	2026-09-24T12:09:17.003Z	W000000cb00021de901
195.1612	2026-09-24T12:09:17.003Z	R000000cb00021de8ff
195.1612	2026-09-24T12:09:17.003Z	E000000000000000000
195.1612	2026-09-24T12:09:17.003Z	M000000000000000000
195.1612	2026-09-24T12:09:17.003Z	Fffffffff0000000000
195.4269	2026-09-24T12:09:17.269Z	S011717000381d0c1d9
196.0105	2026-09-24T12:09:17.852Z	W000000cc00021de8fd
196.0105	2026-09-24T12:09:17.852Z	R000000cc00021de8ff
196.0105	2026-09-24T12:09:17.852Z	E000000000000000000
196.0105	2026-09-24T12:09:17.852Z	M000000000000000000
196.0105	2026-09-24T12:09:17.852Z	Fffffffff0000000000
196.2511	2026-09-24T12:09:18.093Z	S011717000385d0c1dd
196.8816	2026-09-24T12:09:18.724Z	W000000cd00021de901
196.8816	2026-09-24T12:09:18.724Z	R000000cd00021de8ff
196.8816	2026-09-24T12:09:18.724Z	E000000000000000000
196.8816	2026-09-24T12:09:18.724Z	M000000000000000000
196.8816	2026-09-24T12:09:18.724Z	Fffffffff0000000000
197.0501	2026-09-24T12:09:18.892Z	S011717000389d0c1e1
197.7279	2026-09-24T12:09:19.570Z	W000000ce00021de8fd
197.7279	2026-09-24T12:09:19.570Z	R000000ce00021de8ff
197.7279	2026-09-24T12:09:19.570Z	E000000000000000000
197.7279	2026-09-24T12:09:19.570Z	M000000000000000000
197.7279	2026-09-24T12:09:19.570Z	Fffffffff0000000000
197.8429	2026-09-24T12:09:19.685Z	S01171700038dd0c1e5
198.5866	2026-09-24T12:09:20.429Z	W000000cf00021de901
198.5866	2026-09-24T12:09:20.429Z	R000000cf00021de8ff
198.5866	2026-09-24T12:09:20.429Z	E000000000000000000
198.6114	2026-09-24T12:09:20.453Z	M000000000000000000
198.6114	2026-09-24T12:09:20.453Z	Fffffffff0000000000
198.6547	2026-09-24T12:09:20.497Z	S011717000391d0c1e9
199.4574	2026-09-24T12:09:21.299Z	W000000d000021de8fd
199.4574	2026-09-24T12:09:21.299Z	R000000d000021de8ff
199.4574	2026-09-24T12:09:21.299Z	E000000000000000000
199.4574	2026-09-24T12:09:21.299Z	M000000000000000000
199.4574	2026-09-24T12:09:21.299Z	Fffffffff0000000000
199.4574	2026-09-24T12:09:21.299Z	S011717000395d0c1ed
200.2552	2026-09-24T12:09:22.097Z	S011717000399d0c1f1
200.3005	2026-09-24T12:09:22.142Z	W000000d100021de901
200.3005	2026-09-24T12:09:22.142Z	R000000d100021de8ff
200.3005	2026-09-24T12:09:22.142Z	E000000000000000000
200.3244	2026-09-24T12:09:22.166Z	M000000000000000000
200.3244	2026-09-24T12:09:22.166Z	Fffffffff0000000000
201.0691	2026-09-24T12:09:22.911Z	S01171700039dd0c1f5
201.1621	2026-09-24T12:09:23.004Z	W000000d200021de8fd
201.1621	2026-09-24T12:09:23.004Z	R000000d200021de8ff
201.1621	2026-09-24T12:09:23.004Z	E000000000000000000
201.1865	2026-09-24T12:09:23.028Z	M000000000000000000
201.1865	2026-09-24T12:09:23.028Z	Fffffffff0000000000
201.8859	2026-09-24T12:09:23.728Z	S0117170003a1d0c1f9
202.0189	2026-09-24T12:09:23.861Z	W000000d300021de901
202.0189	2026-09-24T12:09:23.861Z	R000000d300021de8ff
202.0189	2026-09-24T12:09:23.861Z	E000000000000000000
202.0395	2026-09-24T12:09:23.881Z	M000000000000000000
202.0395	2026-09-24T12:09:23.881Z	Fffffffff0000000000
202.6881	2026-09-24T12:09:24.530Z	S0117170003a5d0c1fd
202.8781	2026-09-24T12:09:24.720Z	W000000d400021de8fd
202.8781	2026-09-24T12:09:24.720Z	R000000d400021de8ff
202.8781	2026-09-24T12:09:24.720Z	E000000000000000000
202.9020	2026-09-24T12:09:24.744Z	M000000000000000000
202.9020	2026-09-24T12:09:24.744Z	Fffffffff0000000000
203.4765	2026-09-24T12:09:25.318Z	S0117170003a9d0c201
203.7391	2026-09-24T12:09:25.581Z	W000000d500021de901
203.7391	2026-09-24T12:09:25.581Z	R000000d500021de8ff
203.7391	2026-09-24T12:09:25.581Z	E000000000000000000
203.7633	2026-09-24T12:09:25.605Z	M000000000000000000
203.7633	2026-09-24T12:09:25.605Z	Fffffffff0000000000
204.2944	2026-09-24T12:09:26.136Z	S0117170003add0c205
204.6016	2026-09-24T12:09:26.443Z	W000000d600021de8fd
204.6016	2026-09-24T12:09:26.443Z	R000000d600021de8ff
204.6016	2026-09-24T12:09:26.443Z	E000000000000000000
204.6016	2026-09-24T12:09:26.443Z	M000000000000000000
204.6016	2026-09-24T12:09:26.443Z	Fffffffff0000000000
205.0920	2026-09-24T12:09:26.934Z	S0117170003b1d0c209
205.4559	2026-09-24T12:09:27.298Z	W000000d700021de901
205.4559	2026-09-24T12:09:27.298Z	R000000d700021de8ff
205.4559	2026-09-24T12:09:27.298Z	E000000000000000000
205.4796	2026-09-24T12:09:27.321Z	M000000000000000000
205.4796	2026-09-24T12:09:27.321Z	Fffffffff0000000000
205.8924	2026-09-24T12:09:27.734Z	S0117170003b5d0c20d
206.3192	2026-09-24T12:09:28.161Z	W000000d800021de8fd
206.3192	2026-09-24T12:09:28.161Z	R000000d800021de8ff
206.3192	2026-09-24T12:09:28.161Z	E000000000000000000
206.3424	2026-09-24T12:09:28.184Z	M000000000000000000
206.3424	2026-09-24T12:09:28.184Z	Fffffffff0000000000
206.7005	2026-09-24T12:09:28.542Z	S0117170003b9d0c211
207.1859	2026-09-24T12:09:29.028Z	W000000d900021de901
207.1859	2026-09-24T12:09:29.028Z	R000000d900021de8ff
207.1859	2026-09-24T12:09:29.028Z	E000000000000000000
207.1859	2026-09-24T12:09:29.028Z	M000000000000000000
207.1859	2026-09-24T12:09:29.028Z	Fffffffff0000000000
207.5055	2026-09-24T12:09:29.347Z	S0117170003bdd0c215
208.0362	2026-09-24T12:09:29.878Z	W000000da00021de8fd
208.0362	2026-09-24T12:09:29.878Z	R000000da00021de8ff
208.0362	2026-09-24T12:09:29.878Z	E000000000000000000
208.0607	2026-09-24T12:09:29.902Z	M000000000000000000
208.0607	2026-09-24T12:09:29.902Z	Fffffffff0000000000
208.3186	2026-09-24T12:09:30.160Z	S0117170003c1d0c219
208.9007	2026-09-24T12:09:30.742Z	W000000db00021de901
208.9007	2026-09-24T12:09:30.742Z	R000000db00021de8ff
208.9007	2026-09-24T12:09:30.742Z	E000000000000000000
208.9007	2026-09-24T12:09:30.742Z	M000000000000000000
208.9007	2026-09-24T12:09:30.742Z	Fffffffff0000000000
209.1255	2026-09-24T12:09:30.967Z	S0117170003c5d0c21d
209.7597	2026-09-24T12:09:31.601Z	W000000dc00021de8fd
209.7597	2026-09-24T12:09:31.601Z	R000000dc00021de8ff
209.7597	2026-09-24T12:09:31.601Z	E000000000000000000
209.7597	2026-09-24T12:09:31.601Z	M000000000000000000
209.7597	2026-09-24T12:09:31.601Z	Fffffffff0000000000
209.9300	2026-09-24T12:09:31.772Z	S0117170003c9d0c221
210.6117	2026-09-24T12:09:32.453Z	W000000dd00021de901
210.6117	2026-09-24T12:09:32.453Z	R000000dd00021de8ff
210.6117	2026-09-24T12:09:32.453Z	E000000000000000000
210.6325	2026-09-24T12:09:32.474Z	M000000000000000000
210.6325	2026-09-24T12:09:32.474Z	Fffffffff0000000000
210.7242	2026-09-24T12:09:32.566Z	S0117170003cdd0c225
211.4783	2026-09-24T12:09:33.320Z	W000000de00021de8fd
211.4783	2026-09-24T12:09:33.320Z	R000000de00021de8ff
211.4783	2026-09-24T12:09:33.320Z	E000000000000000000
211.4783	2026-09-24T12:09:33.320Z	M000000000000000000
211.4783	2026-09-24T12:09:33.320Z	Fffffffff0000000000
211.5532	2026-09-24T12:09:33.395Z	S0117170003d1d0c229
212.3482	2026-09-24T12:09:34.190Z	W000000df00021de901
212.3482	2026-09-24T12:09:34.190Z	R000000df00021de8ff
212.3482	2026-09-24T12:09:34.190Z	E000000000000000000
212.3482	2026-09-24T12:09:34.190Z	M000000000000000000
212.3482	2026-09-24T12:09:34.190Z	Fffffffff0000000000
212.3482	2026-09-24T12:09:34.190Z	S0117170003d5d0c22d
213.1458	2026-09-24T12:09:34.987Z	S0117170003d9d265ec
213.1915	2026-09-24T12:09:35.033Z	W000000e000021de8fd
213.1915	2026-09-24T12:09:35.033Z	R000000e000021de8ff
213.1915	2026-09-24T12:09:35.033Z	E000000000000000000
213.2117	2026-09-24T12:09:35.053Z	M000000000000000000
213.2117	2026-09-24T12:09:35.053Z	Fffffffff0000000000
213.9467	2026-09-24T12:09:35.788Z	S0117170003ddd265f0
214.0667	2026-09-24T12:09:35.908Z	W000000e100021de901
214.0667	2026-09-24T12:09:35.908Z	R000000e100021de8ff
214.0667	2026-09-24T12:09:35.908Z	E000000000000000000
214.0667	2026-09-24T12:09:35.908Z	M000000000000000000
214.0667	2026-09-24T12:09:35.908Z	Fffffffff0000000000
214.7521	2026-09-24T12:09:36.594Z	S0117170003e1d265f4
214.9099	2026-09-24T12:09:36.751Z	W000000e200021de8fd
214.9099	2026-09-24T12:09:36.751Z	R000000e200021de8ff
214.9099	2026-09-24T12:09:36.751Z	E000000000000000000
214.9345	2026-09-24T12:09:36.776Z	M000000000000000000
214.9345	2026-09-24T12:09:36.776Z	Fffffffff0000000000
215.5728	2026-09-24T12:09:37.414Z	S0117170003e5d265f8
215.7664	2026-09-24T12:09:37.608Z	W000000e300021de901
215.7664	2026-09-24T12:09:37.608Z	R000000e300021de8ff
215.7664	2026-09-24T12:09:37.608Z	E000000000000000000
215.7870	2026-09-24T12:09:37.628Z	M000000000000000000
215.7870	2026-09-24T12:09:37.628Z	Fffffffff0000000000
216.3628	2026-09-24T12:09:38.204Z	S0117170003e9d265fc
216.6278	2026-09-24T12:09:38.469Z	W000000e400021de8fd
216.6278	2026-09-24T12:09:38.469Z	R000000e400021de8ff
216.6278	2026-09-24T12:09:38.469Z	E000000000000000000
216.6480	2026-09-24T12:09:38.489Z	M000000000000000000
216.6480	2026-09-24T12:09:38.489Z	Fffffffff0000000000
217.1776	2026-09-24T12:09:39.019Z	S0117170003edd26600
217.5053	2026-09-24T12:09:39.347Z	W000000e500021de901
217.5053	2026-09-24T12:09:39.347Z	R000000e500021de8ff
217.5053	2026-09-24T12:09:39.347Z	E000000000000000000
217.5053	2026-09-24T12:09:39.347Z	M000000000000000000
217.5053	2026-09-24T12:09:39.347Z	Fffffffff0000000000
217.9733	2026-09-24T12:09:39.815Z	S0117170003f1d26604
218.3559	2026-09-24T12:09:40.197Z	W000000e600021de8fd
218.3559	2026-09-24T12:09:40.197Z	R000000e600021de8ff
218.3559	2026-09-24T12:09:40.197Z	E000000000000000000
218.3559	2026-09-24T12:09:40.197Z	M000000000000000000
218.3559	2026-09-24T12:09:40.197Z	Fffffffff0000000000
218.7961	2026-09-24T12:09:40.637Z	S0117170003f5d26608
219.2049	2026-09-24T12:09:41.046Z	W000000e700021de901
219.2049	2026-09-24T12:09:41.046Z	R000000e700021de8ff
219.2049	2026-09-24T12:09:41.046Z	E000000000000000000
219.2271	2026-09-24T12:09:41.068Z	M000000000000000000
219.2271	2026-09-24T12:09:41.068Z	Fffffffff0000000000
219.5918	2026-09-24T12:09:41.433Z	S0117170003f9d2660c
220.0629	2026-09-24T12:09:41.904Z	W000000e800021de8fd
220.0629	2026-09-24T12:09:41.904Z	R000000e800021de8ff
220.0629	2026-09-24T12:09:41.904Z	E000000000000000000
220.0868	2026-09-24T12:09:41.928Z	M000000000000000000
220.0868	2026-09-24T12:09:41.928Z	Fffffffff0000000000
220.3951	2026-09-24T12:09:42.236Z	S0117170003fdd26610
220.9392	2026-09-24T12:09:42.780Z	W000000e900021de901
220.9392	2026-09-24T12:09:42.780Z	R000000e900021de8ff
220.9392	2026-09-24T12:09:42.780Z	E000000000000000000
220.9392	2026-09-24T12:09:42.780Z	M000000000000000000
220.9392	2026-09-24T12:09:42.781Z	Fffffffff0000000000
221.1993	2026-09-24T12:09:43.041Z	S011717000401d26614
221.7858	2026-09-24T12:09:43.627Z	W000000ea00021de8fd
221.7858	2026-09-24T12:09:43.627Z	R000000ea00021de8ff
221.7858	2026-09-24T12:09:43.627Z	E000000000000000000
221.7858	2026-09-24T12:09:43.627Z	M000000000000000000
221.7858	2026-09-24T12:09:43.627Z	Fffffffff0000000000
222.0183	2026-09-24T12:09:43.860Z	S011717000405d26618
222.6443	2026-09-24T12:09:44.485Z	W000000eb00021de901
222.6443	2026-09-24T12:09:44.485Z	R000000eb00021de8ff
222.6443	2026-09-24T12:09:44.485Z	E000000000000000000
222.6645	2026-09-24T12:09:44.506Z	M000000000000000000
222.6645	2026-09-24T12:09:44.506Z	Fffffffff0000000000
222.8051	2026-09-24T12:09:44.646Z	S011717000409d2661c
223.5123	2026-09-24T12:09:45.353Z	W000000ec00021de8fd
223.5123	2026-09-24T12:09:45.354Z	R000000ec00021de8ff
223.5123	2026-09-24T12:09:45.354Z	E000000000000000000
223.5123	2026-09-24T12:09:45.354Z	M000000000000000000
223.5123	2026-09-24T12:09:45.354Z	Fffffffff0000000000
223.6304	2026-09-24T12:09:45.472Z	S01171700040dd26620
224.3698	2026-09-24T12:09:46.211Z	W000000ed00021de901
224.3698	2026-09-24T12:09:46.211Z	R000000ed00021de8ff
224.3698	2026-09-24T12:09:46.211Z	E000000000000000000
224.3698	2026-09-24T12:09:46.211Z	M000000000000000000
224.3698	2026-09-24T12:09:46.211Z	Fffffffff0000000000
224.4398	2026-09-24T12:09:46.281Z	S011717000411d26624
225.2352	2026-09-24T12:09:47.076Z	W000000ee00021de8fd
225.2352	2026-09-24T12:09:47.076Z	R000000ee00021de8ff
225.2352	2026-09-24T12:09:47.076Z	E000000000000000000
225.2352	2026-09-24T12:09:47.076Z	M000000000000000000
225.2352	2026-09-24T12:09:47.076Z	S011717000415d26628
225.2352	2026-09-24T12:09:47.076Z	Fffffffff0000000000
226.0278	2026-09-24T12:09:47.869Z	S011717000419d4443a
226.0951	2026-09-24T12:09:47.936Z	W000000ef00021de8fc
226.0951	2026-09-24T12:09:47.936Z	R000000ef00021de900
226.0951	2026-09-24T12:09:47.936Z	E000000000000000000
226.0951	2026-09-24T12:09:47.936Z	M000000000000000000
226.0951	2026-09-24T12:09:47.936Z	Fffffffff0000000000
226.8374	2026-09-24T12:09:48.678Z	S01171700041dd4443e
226.9572	2026-09-24T12:09:48.798Z	W000000f000021de8fc
226.9572	2026-09-24T12:09:48.798Z	R000000f000021de900
226.9572	2026-09-24T12:09:48.798Z	E000000000000000000
226.9572	2026-09-24T12:09:48.798Z	M000000000000000000
226.9572	2026-09-24T12:09:48.798Z	Fffffffff0000000000
227.6485	2026-09-24T12:09:49.490Z	S011717000421d44442
227.8124	2026-09-24T12:09:49.654Z	W000000f100021de8fd
227.8124	2026-09-24T12:09:49.654Z	R000000f100021de8ff
227.8124	2026-09-24T12:09:49.654Z	E000000000000000000
227.8124	2026-09-24T12:09:49.654Z	M000000000000000000
227.8124	2026-09-24T12:09:49.654Z	Fffffffff0000000000
228.4568	2026-09-24T12:09:50.298Z	S011717000425d44446
228.6667	2026-09-24T12:09:50.508Z	W000000f200021de8fd
228.6667	2026-09-24T12:09:50.508Z	R000000f200021de8ff
228.6667	2026-09-24T12:09:50.508Z	E000000000000000000
228.6667	2026-09-24T12:09:50.508Z	M000000000000000000
228.6667	2026-09-24T12:09:50.508Z	Fffffffff0000000000
229.2545	2026-09-24T12:09:51.096Z	S011717000429d4444a
229.5335	2026-09-24T12:09:51.375Z	W000000f300021de8fd
229.5335	2026-09-24T12:09:51.375Z	R000000f300021de900
229.5335	2026-09-24T12:09:51.375Z	E000000000000000000
229.5335	2026-09-24T12:09:51.375Z	M000000000000000000
229.5335	2026-09-24T12:09:51.375Z	Fffffffff0000000000
230.0713	2026-09-24T12:09:51.912Z	S01171700042dd4444e
230.3752	2026-09-24T12:09:52.216Z	W000000f400021de8fe
230.3752	2026-09-24T12:09:52.216Z	R000000f400021de900
230.3752	2026-09-24T12:09:52.216Z	E000000000000000000
230.3992	2026-09-24T12:09:52.240Z	M000000000000000000
230.3992	2026-09-24T12:09:52.240Z	Fffffffff0000000000
230.8823	2026-09-24T12:09:52.723Z	S011717000431d44452
231.2466	2026-09-24T12:09:53.088Z	W000000f500021de8fd
231.2466	2026-09-24T12:09:53.088Z	R000000f500021de900
231.2466	2026-09-24T12:09:53.088Z	E000000000000000000
231.2466	2026-09-24T12:09:53.088Z	M000000000000000000
231.2466	2026-09-24T12:09:53.088Z	Fffffffff0000000000
231.6705	2026-09-24T12:09:53.511Z	S011717000435d44456
232.1026	2026-09-24T12:09:53.944Z	W000000f600021de8fd
232.1026	2026-09-24T12:09:53.944Z	R000000f600021de900
232.1026	2026-09-24T12:09:53.944Z	E000000000000000000
232.1026	2026-09-24T12:09:53.944Z	M000000000000000000
232.1026	2026-09-24T12:09:53.944Z	Fffffffff0000000000
232.4893	2026-09-24T12:09:54.330Z	S011717000439d4445a
232.9607	2026-09-24T12:09:54.802Z	W000000f700021de8fc
232.9607	2026-09-24T12:09:54.802Z	R000000f700021de900
232.9607	2026-09-24T12:09:54.802Z	E000000000000000000
232.9607	2026-09-24T12:09:54.802Z	M000000000000000000
232.9607	2026-09-24T12:09:54.802Z	Fffffffff0000000000
233.2918	2026-09-24T12:09:55.133Z	S01171700043dd4445e
233.8115	2026-09-24T12:09:55.652Z	W000000f800021de8fc
233.8115	2026-09-24T12:09:55.652Z	R000000f800021de900
233.8115	2026-09-24T12:09:55.652Z	E000000000000000000
233.8353	2026-09-24T12:09:55.676Z	M000000000000000000
233.8353	2026-09-24T12:09:55.676Z	Fffffffff0000000000
234.0892	2026-09-24T12:09:55.930Z	S011717000441d44462
234.6707	2026-09-24T12:09:56.512Z	W000000f900021de8fd
234.6707	2026-09-24T12:09:56.512Z	R000000f900021de8ff
234.6707	2026-09-24T12:09:56.512Z	E000000000000000000
234.6919	2026-09-24T12:09:56.533Z	M000000000000000000
234.6919	2026-09-24T12:09:56.533Z	Fffffffff0000000000
234.8893	2026-09-24T12:09:56.730Z	S011717000445d44466
235.5438	2026-09-24T12:09:57.385Z	W000000fa00021de8fd
235.5438	2026-09-24T12:09:57.385Z	R000000fa00021de8ff
235.5438	2026-09-24T12:09:57.385Z	E000000000000000000
235.5438	2026-09-24T12:09:57.385Z	M000000000000000000
235.5438	2026-09-24T12:09:57.385Z	Fffffffff0000000000
235.7076	2026-09-24T12:09:57.548Z	S011717000449d4446a
236.3892	2026-09-24T12:09:58.230Z	W000000fb00021de8fd
236.3892	2026-09-24T12:09:58.230Z	R000000fb00021de900
236.3892	2026-09-24T12:09:58.230Z	E000000000000000000
236.4104	2026-09-24T12:09:58.251Z	M000000000000000000
236.4104	2026-09-24T12:09:58.251Z	Fffffffff0000000000
236.5078	2026-09-24T12:09:58.349Z	S01171700044dd4446e
237.2665	2026-09-24T12:09:59.107Z	W000000fc00021de8fe
237.2665	2026-09-24T12:09:59.107Z	R000000fc00021de900
237.2665	2026-09-24T12:09:59.107Z	E000000000000000000
237.2665	2026-09-24T12:09:59.107Z	M000000000000000000
237.2665	2026-09-24T12:09:59.107Z	Fffffffff0000000000
237.3099	2026-09-24T12:09:59.151Z	S011717000451d44472
238.1142	2026-09-24T12:09:59.955Z	W000000fd00021de8fd
238.1142	2026-09-24T12:09:59.955Z	R000000fd00021de900
238.1142	2026-09-24T12:09:59.955Z	S011717000455d44476
238.1142	2026-09-24T12:09:59.955Z	E000000000000000000
238.1142	2026-09-24T12:09:59.955Z	M000000000000000000
238.1142	2026-09-24T12:09:59.955Z	Fffffffff0000000000
238.9351	2026-09-24T12:10:00.776Z	S011717000459d62271
238.9771	2026-09-24T12:10:00.818Z	W000000fe00021de8fd
238.9771	2026-09-24T12:10:00.818Z	R000000fe00021de900
238.9771	2026-09-24T12:10:00.818Z	E000000000000000000
238.9771	2026-09-24T12:10:00.818Z	M000000000000000000
238.9771	2026-09-24T12:10:00.818Z	Fffffffff0000000000
239.7421	2026-09-24T12:10:01.583Z	S01171700045dd62275
239.8323	2026-09-24T12:10:01.673Z	W000000ff00021de8fd
239.8323	2026-09-24T12:10:01.673Z	R000000ff00021de901
239.8323	2026-09-24T12:10:01.673Z	E000000000000000000
239.8530	2026-09-24T12:10:01.694Z	M000000000000000000
239.8530	2026-09-24T12:10:01.694Z	Fffffffff0000000000
240.5313	2026-09-24T12:10:02.372Z	S011717000461d62279
240.6904	2026-09-24T12:10:02.531Z	W0000010000021de8fd
240.6904	2026-09-24T12:10:02.531Z	R0000010000021de900
240.6904	2026-09-24T12:10:02.531Z	E000000000000000000
240.7120	2026-09-24T12:10:02.553Z	M000000000000000000
240.7120	2026-09-24T12:10:02.553Z	Fffffffff0000000000
241.3420	2026-09-24T12:10:03.183Z	S011717000465d6227d
241.5475	2026-09-24T12:10:03.388Z	W0000010100021de8fe
241.5475	2026-09-24T12:10:03.388Z	R0000010100021de901
241.5475	2026-09-24T12:10:03.388Z	E000000000000000000
241.5698	2026-09-24T12:10:03.410Z	M000000000000000000
241.5698	2026-09-24T12:10:03.411Z	Fffffffff0000000000
242.1356	2026-09-24T12:10:03.976Z	S011717000469d62281
242.4163	2026-09-24T12:10:04.257Z	W0000010200021de8fd
242.4163	2026-09-24T12:10:04.257Z	R0000010200021de900
242.4163	2026-09-24T12:10:04.257Z	E000000000000000000
242.4163	2026-09-24T12:10:04.257Z	M000000000000000000
242.4163	2026-09-24T12:10:04.257Z	Fffffffff0000000000
242.9608	2026-09-24T12:10:04.801Z	S01171700046dd62285
243.2782	2026-09-24T12:10:05.119Z	W0000010300021de8fe
243.2782	2026-09-24T12:10:05.119Z	R0000010300021de901
243.2782	2026-09-24T12:10:05.119Z	E000000000000000000
243.2782	2026-09-24T12:10:05.119Z	M000000000000000000
243.2782	2026-09-24T12:10:05.119Z	Fffffffff0000000000
243.7485	2026-09-24T12:10:05.589Z	S011717000471d62289
244.1237	2026-09-24T12:10:05.964Z	W0000010400021de8fd
244.1237	2026-09-24T12:10:05.964Z	R0000010400021de900
244.1237	2026-09-24T12:10:05.964Z	E000000000000000000
244.1461	2026-09-24T12:10:05.987Z	M000000000000000000
244.1461	2026-09-24T12:10:05.987Z	Fffffffff0000000000
244.5515	2026-09-24T12:10:06.392Z	S011717000475d6228d
245.0004	2026-09-24T12:10:06.841Z	W0000010500021de8fe
245.0004	2026-09-24T12:10:06.841Z	R0000010500021de901
245.0004	2026-09-24T12:10:06.841Z	E000000000000000000
245.0004	2026-09-24T12:10:06.841Z	M000000000000000000
245.0004	2026-09-24T12:10:06.841Z	Fffffffff0000000000
245.3649	2026-09-24T12:10:07.205Z	S011717000479d62291
245.8529	2026-09-24T12:10:07.693Z	W0000010600021de8fd
245.8529	2026-09-24T12:10:07.693Z	R0000010600021de900
245.8529	2026-09-24T12:10:07.693Z	E000000000000000000
245.8529	2026-09-24T12:10:07.693Z	M000000000000000000
245.8529	2026-09-24T12:10:07.693Z	Fffffffff0000000000
246.1758	2026-09-24T12:10:08.016Z	S01171700047dd62295
246.7197	2026-09-24T12:10:08.560Z	W0000010700021de8fe
246.7197	2026-09-24T12:10:08.560Z	R0000010700021de901
246.7197	2026-09-24T12:10:08.560Z	E000000000000000000
246.7197	2026-09-24T12:10:08.560Z	M000000000000000000
246.7197	2026-09-24T12:10:08.560Z	Fffffffff0000000000
246.9840	2026-09-24T12:10:08.824Z	S011717000481d62299
247.5606	2026-09-24T12:10:09.401Z	W0000010800021de8fd
247.5606	2026-09-24T12:10:09.401Z	R0000010800021de900
247.5606	2026-09-24T12:10:09.401Z	E000000000000000000
247.5835	2026-09-24T12:10:09.424Z	M000000000000000000
247.5835	2026-09-24T12:10:09.424Z	Fffffffff0000000000
247.7940	2026-09-24T12:10:09.634Z	S011717000485d6229d
248.4322	2026-09-24T12:10:10.273Z	W0000010900021de8fe
248.4322	2026-09-24T12:10:10.273Z	R0000010900021de901
248.4322	2026-09-24T12:10:10.273Z	E000000000000000000
248.4322	2026-09-24T12:10:10.273Z	M000000000000000000
248.4322	2026-09-24T12:10:10.273Z	Fffffffff0000000000
248.5815	2026-09-24T12:10:10.422Z	S011717000489d622a1
249.2820	2026-09-24T12:10:11.122Z	W0000010a00021de8fd
249.2820	2026-09-24T12:10:11.122Z	R0000010a00021de900
249.2820	2026-09-24T12:10:11.122Z	E000000000000000000
249.3063	2026-09-24T12:10:11.147Z	M000000000000000000
249.3063	2026-09-24T12:10:11.147Z	Fffffffff0000000000
249.3956	2026-09-24T12:10:11.236Z	S01171700048dd622a5
250.1493	2026-09-24T12:10:11.990Z	W0000010b00021de8fe
250.1493	2026-09-24T12:10:11.990Z	R0000010b00021de901
250.1493	2026-09-24T12:10:11.990Z	E000000000000000000
250.1493	2026-09-24T12:10:11.990Z	M000000000000000000
250.1493	2026-09-24T12:10:11.990Z	Fffffffff0000000000
250.1925	2026-09-24T12:10:12.033Z	S011717000491d622a9
251.0049	2026-09-24T12:10:12.845Z	S011717000495d622ad
251.0049	2026-09-24T12:10:12.845Z	W0000010c00021de8fd
251.0049	2026-09-24T12:10:12.845Z	R0000010c00021de900
251.0049	2026-09-24T12:10:12.845Z	E000000000000000000
251.0049	2026-09-24T12:10:12.845Z	M000000000000000000
251.0049	2026-09-24T12:10:12.845Z	Fffffffff0000000000
251.8159	2026-09-24T12:10:13.656Z	S011717000499d622b1
251.8618	2026-09-24T12:10:13.702Z	W0000010d00021de923
251.8618	2026-09-24T12:10:13.702Z	R0000010d00021de8ff
251.8618	2026-09-24T12:10:13.702Z	E000000000000000000
251.8618	2026-09-24T12:10:13.702Z	M000000000000000000
251.8618	2026-09-24T12:10:13.702Z	Fffffffff0000000000
252.6066	2026-09-24T12:10:14.447Z	S01171700049dd622b5
252.7235	2026-09-24T12:10:14.564Z	W0000010e00021de912
252.7235	2026-09-24T12:10:14.564Z	R0000010e00021de8ff
252.7235	2026-09-24T12:10:14.564Z	E000000000000000000
252.7235	2026-09-24T12:10:14.564Z	M000000000000000000
252.7235	2026-09-24T12:10:14.564Z	Fffffffff0000000000
253.4197	2026-09-24T12:10:15.260Z	S0117170004a1d622b9
253.5814	2026-09-24T12:10:15.422Z	W0000010f00021de901
253.5814	2026-09-24T12:10:15.422Z	R0000010f00021de8ff
253.5814	2026-09-24T12:10:15.422Z	E000000000000000000
253.5814	2026-09-24T12:10:15.422Z	M000000000000000000
253.5814	2026-09-24T12:10:15.422Z	Fffffffff0000000000
254.2225	2026-09-24T12:10:16.063Z	S0117170004a5d622bd
254.4502	2026-09-24T12:10:16.290Z	W0000011000021de8fd
254.4502	2026-09-24T12:10:16.291Z	R0000011000021de8ff
254.4502	2026-09-24T12:10:16.291Z	E000000000000000000
254.4502	2026-09-24T12:10:16.291Z	M000000000000000000
254.4502	2026-09-24T12:10:16.291Z	Fffffffff0000000000
255.0411	2026-09-24T12:10:16.881Z	S0117170004a9d622c1
255.3114	2026-09-24T12:10:17.152Z	W0000011100021de901
255.3114	2026-09-24T12:10:17.152Z	R0000011100021de8ff
255.3114	2026-09-24T12:10:17.152Z	E000000000000000000
255.3114	2026-09-24T12:10:17.152Z	M000000000000000000
255.3114	2026-09-24T12:10:17.152Z	Fffffffff0000000000
255.8260	2026-09-24T12:10:17.666Z	S0117170004add622c5
256.1697	2026-09-24T12:10:18.010Z	W0000011200021de8fd
256.1697	2026-09-24T12:10:18.010Z	R0000011200021de8ff
256.1697	2026-09-24T12:10:18.010Z	E000000000000000000
256.1697	2026-09-24T12:10:18.010Z	M000000000000000000
256.1697	2026-09-24T12:10:18.010Z	Fffffffff0000000000
256.6484	2026-09-24T12:10:18.489Z	S0117170004b1d622c9
257.0313	2026-09-24T12:10:18.872Z	W0000011300021de901
257.0313	2026-09-24T12:10:18.872Z	R0000011300021de8ff
257.0313	2026-09-24T12:10:18.872Z	E000000000000000000
257.0313	2026-09-24T12:10:18.872Z	M000000000000000000
257.0313	2026-09-24T12:10:18.872Z	Fffffffff0000000000
257.4510	2026-09-24T12:10:19.291Z	S0117170004b5d622cd
257.8713	2026-09-24T12:10:19.712Z	W0000011400021de8fd
257.8713	2026-09-24T12:10:19.712Z	R0000011400021de8ff
257.8713	2026-09-24T12:10:19.712Z	E000000000000000000
257.8931	2026-09-24T12:10:19.733Z	M000000000000000000
257.8931	2026-09-24T12:10:19.733Z	Fffffffff0000000000
258.2487	2026-09-24T12:10:20.089Z	S0117170004b9d622d1
258.7360	2026-09-24T12:10:20.576Z	W0000011500021de901
258.7360	2026-09-24T12:10:20.576Z	R0000011500021de8ff
258.7360	2026-09-24T12:10:20.576Z	E000000000000000000
258.7360	2026-09-24T12:10:20.576Z	M000000000000000000
258.7360	2026-09-24T12:10:20.576Z	Fffffffff0000000000
259.0503	2026-09-24T12:10:20.890Z	S0117170004bdd622d5
259.5898	2026-09-24T12:10:21.430Z	W0000011600021de8fd
259.5898	2026-09-24T12:10:21.430Z	R0000011600021de8ff
259.5898	2026-09-24T12:10:21.430Z	E000000000000000000
259.6136	2026-09-24T12:10:21.454Z	M000000000000000000
259.6136	2026-09-24T12:10:21.454Z	Fffffffff0000000000
259.8765	2026-09-24T12:10:21.717Z	S0117170004c1d622d9
260.4520	2026-09-24T12:10:22.292Z	W0000011700021de901
260.4520	2026-09-24T12:10:22.292Z	R0000011700021de8ff
260.4520	2026-09-24T12:10:22.292Z	E000000000000000000
260.4766	2026-09-24T12:10:22.317Z	M000000000000000000
260.4766	2026-09-24T12:10:22.317Z	Fffffffff0000000000
260.6671	2026-09-24T12:10:22.507Z	S0117170004c5d622dd
261.3201	2026-09-24T12:10:23.160Z	W0000011800021de8fd
261.3201	2026-09-24T12:10:23.160Z	R0000011800021de8ff
261.3201	2026-09-24T12:10:23.160Z	E000000000000000000
261.3201	2026-09-24T12:10:23.160Z	M000000000000000000
261.3201	2026-09-24T12:10:23.160Z	Fffffffff0000000000
261.4659	2026-09-24T12:10:23.306Z	S0117170004c9d622e1
262.1769	2026-09-24T12:10:24.017Z	W0000011900021de901
262.1769	2026-09-24T12:10:24.017Z	R0000011900021de8ff
262.1769	2026-09-24T12:10:24.017Z	E000000000000000000
262.1769	2026-09-24T12:10:24.017Z	M000000000000000000
262.1769	2026-09-24T12:10:24.017Z	Fffffffff0000000000
262.2702	2026-09-24T12:10:24.110Z	S0117170004cdd622e5
263.0315	2026-09-24T12:10:24.872Z	W0000011a00021de8fd
263.0315	2026-09-24T12:10:24.872Z	R0000011a00021de8ff
263.0315	2026-09-24T12:10:24.872Z	E000000000000000000
263.0524	2026-09-24T12:10:24.892Z	M000000000000000000
263.0524	2026-09-24T12:10:24.892Z	Fffffffff0000000000
263.0941	2026-09-24T12:10:24.934Z	S0117170004d1d622e9
263.8908	2026-09-24T12:10:25.731Z	S0117170004d5d622ed
263.8908	2026-09-24T12:10:25.731Z	W0000011b00021de901
263.8908	2026-09-24T12:10:25.731Z	R0000011b00021de8ff
263.8908	2026-09-24T12:10:25.731Z	E000000000000000000
263.8908	2026-09-24T12:10:25.731Z	M000000000000000000
263.8908	2026-09-24T12:10:25.731Z	Fffffffff0000000000
264.6842	2026-09-24T12:10:26.524Z	S0117170004d9d622f1
264.7511	2026-09-24T12:10:26.591Z	W0000011c00021de8fd
264.7511	2026-09-24T12:10:26.591Z	R0000011c00021de8ff
264.7511	2026-09-24T12:10:26.591Z	E000000000000000000
264.7511	2026-09-24T12:10:26.591Z	M000000000000000000
264.7511	2026-09-24T12:10:26.591Z	Fffffffff0000000000
265.4896	2026-09-24T12:10:27.330Z	S0117170004ddd622f5
265.6182	2026-09-24T12:10:27.458Z	W0000011d00021de901
265.6182	2026-09-24T12:10:27.458Z	R0000011d00021de8ff
265.6182	2026-09-24T12:10:27.458Z	E000000000000000000
265.6182	2026-09-24T12:10:27.458Z	M000000000000000000
265.6182	2026-09-24T12:10:27.458Z	Fffffffff0000000000
266.3092	2026-09-24T12:10:28.149Z	S0117170004e1d622f9
266.4705	2026-09-24T12:10:28.310Z	W0000011e00021de8fd
266.4705	2026-09-24T12:10:28.310Z	R0000011e00021de8ff
266.4705	2026-09-24T12:10:28.310Z	E000000000000000000
266.4705	2026-09-24T12:10:28.311Z	M000000000000000000
266.4705	2026-09-24T12:10:28.311Z	Fffffffff0000000000
267.1151	2026-09-24T12:10:28.955Z	S0117170004e5d622fd
267.3277	2026-09-24T12:10:29.168Z	W0000011f00021de901
267.3277	2026-09-24T12:10:29.168Z	R0000011f00021de8ff
267.3277	2026-09-24T12:10:29.168Z	E000000000000000000
267.3277	2026-09-24T12:10:29.168Z	M000000000000000000
267.3277	2026-09-24T12:10:29.168Z	Fffffffff0000000000
267.9055	2026-09-24T12:10:29.745Z	S0117170004e9d62301
268.1985	2026-09-24T12:10:30.038Z	W0000012000021de8fd
268.1985	2026-09-24T12:10:30.038Z	R0000012000021de8ff
268.1985	2026-09-24T12:10:30.038Z	E000000000000000000
268.1985	2026-09-24T12:10:30.038Z	M000000000000000000
268.1985	2026-09-24T12:10:30.038Z	Fffffffff0000000000
268.7224	2026-09-24T12:10:30.562Z	S0117170004edd62305
269.0418	2026-09-24T12:10:30.882Z	W0000012100021de901
269.0418	2026-09-24T12:10:30.882Z	R0000012100021de8ff
269.0418	2026-09-24T12:10:30.882Z	E000000000000000000
269.0647	2026-09-24T12:10:30.905Z	M000000000000000000
269.0647	2026-09-24T12:10:30.905Z	Fffffffff0000000000
269.5209	2026-09-24T12:10:31.361Z	S0117170004f1d62309
269.9151	2026-09-24T12:10:31.755Z	W0000012200021de8fd
269.9151	2026-09-24T12:10:31.755Z	R0000012200021de8ff
269.9151	2026-09-24T12:10:31.755Z	E000000000000000000
269.9151	2026-09-24T12:10:31.755Z	M000000000000000000
269.9151	2026-09-24T12:10:31.755Z	Fffffffff0000000000
270.3221	2026-09-24T12:10:32.162Z	S0117170004f5d6230d
270.7814	2026-09-24T12:10:32.621Z	W0000012300021de901
270.7814	2026-09-24T12:10:32.621Z	R0000012300021de8ff
270.7814	2026-09-24T12:10:32.621Z	E000000000000000000
270.7814	2026-09-24T12:10:32.621Z	M000000000000000000
270.7814	2026-09-24T12:10:32.621Z	Fffffffff0000000000
271.1276	2026-09-24T12:10:32.967Z	S0117170004f9d62311
271.6278	2026-09-24T12:10:33.468Z	W0000012400021de8fd
271.6278	2026-09-24T12:10:33.468Z	R0000012400021de8ff
271.6278	2026-09-24T12:10:33.468Z	E000000000000000000
271.6278	2026-09-24T12:10:33.468Z	M000000000000000000
271.6278	2026-09-24T12:10:33.468Z	Fffffffff0000000000
271.9469	2026-09-24T12:10:33.787Z	S0117170004fdd62315
272.4996	2026-09-24T12:10:34.339Z	W0000012500021de901
272.4996	2026-09-24T12:10:34.339Z	R0000012500021de8ff
272.4996	2026-09-24T12:10:34.339Z	E000000000000000000
272.4996	2026-09-24T12:10:34.339Z	M000000000000000000
272.4996	2026-09-24T12:10:34.339Z	Fffffffff0000000000
272.7401	2026-09-24T12:10:34.580Z	S011717000501d62319
273.3376	2026-09-24T12:10:35.177Z	W0000012600021de8fd
273.3376	2026-09-24T12:10:35.177Z	R0000012600021de8ff
273.3376	2026-09-24T12:10:35.177Z	E000000000000000000
273.3590	2026-09-24T12:10:35.199Z	M000000000000000000
273.3590	2026-09-24T12:10:35.199Z	Fffffffff0000000000
273.5572	2026-09-24T12:10:35.397Z	S011717000505d6231d
274.2117	2026-09-24T12:10:36.051Z	W0000012700021de901
274.2117	2026-09-24T12:10:36.051Z	R0000012700021de8ff
274.2117	2026-09-24T12:10:36.051Z	E000000000000000000
274.2117	2026-09-24T12:10:36.051Z	M000000000000000000
274.2117	2026-09-24T12:10:36.051Z	Fffffffff0000000000
274.3585	2026-09-24T12:10:36.198Z	S011717000509d62321
275.0608	2026-09-24T12:10:36.900Z	W0000012800021de8fd
275.0608	2026-09-24T12:10:36.900Z	R0000012800021de8ff
275.0608	2026-09-24T12:10:36.900Z	E000000000000000000
275.0608	2026-09-24T12:10:36.900Z	M000000000000000000
275.0608	2026-09-24T12:10:36.900Z	Fffffffff0000000000
275.1550	2026-09-24T12:10:36.995Z	S01171700050dd62325
275.9175	2026-09-24T12:10:37.757Z	W0000012900021de901
275.9175	2026-09-24T12:10:37.757Z	R0000012900021de8ff
275.9175	2026-09-24T12:10:37.757Z	E000000000000000000
275.9396	2026-09-24T12:10:37.779Z	M000000000000000000
275.9396	2026-09-24T12:10:37.779Z	Fffffffff0000000000
275.9599	2026-09-24T12:10:37.800Z	S011717000511d62329
276.7639	2026-09-24T12:10:38.604Z	S011717000515d6232d
276.7852	2026-09-24T12:10:38.625Z	W0000012a00021de8fd
276.7852	2026-09-24T12:10:38.625Z	R0000012a00021de8ff
276.7852	2026-09-24T12:10:38.625Z	E000000000000000000
276.7852	2026-09-24T12:10:38.625Z	M000000000000000000
276.7852	2026-09-24T12:10:38.625Z	Fffffffff0000000000
277.5835	2026-09-24T12:10:39.423Z	S011717000519d62331
277.6558	2026-09-24T12:10:39.495Z	W0000012b00021de901
277.6558	2026-09-24T12:10:39.495Z	R0000012b00021de8ff
277.6558	2026-09-24T12:10:39.495Z	E000000000000000000
277.6558	2026-09-24T12:10:39.495Z	M000000000000000000
277.6558	2026-09-24T12:10:39.495Z	Fffffffff0000000000
278.3901	2026-09-24T12:10:40.230Z	S01171700051dd62335
278.5078	2026-09-24T12:10:40.347Z	W0000012c00021de8fd
278.5078	2026-09-24T12:10:40.347Z	R0000012c00021de8ff
278.5078	2026-09-24T12:10:40.347Z	E000000000000000000
278.5078	2026-09-24T12:10:40.347Z	M000000000000000000
278.5078	2026-09-24T12:10:40.347Z	Fffffffff0000000000
279.1831	2026-09-24T12:10:41.023Z	S011717000521d62339
279.3515	2026-09-24T12:10:41.191Z	W0000012d00021de901
279.3515	2026-09-24T12:10:41.191Z	R0000012d00021de8ff
279.3515	2026-09-24T12:10:41.191Z	E000000000000000000
279.3753	2026-09-24T12:10:41.215Z	M000000000000000000
279.3753	2026-09-24T12:10:41.215Z	Fffffffff0000000000
279.9943	2026-09-24T12:10:41.834Z	S011717000525d6233d
280.2108	2026-09-24T12:10:42.050Z	W0000012e00021de8fd
280.2108	2026-09-24T12:10:42.050Z	R0000012e00021de8ff
280.2108	2026-09-24T12:10:42.050Z	E000000000000000000
280.2346	2026-09-24T12:10:42.074Z	M000000000000000000
280.2346	2026-09-24T12:10:42.074Z	Fffffffff0000000000
280.8112	2026-09-24T12:10:42.651Z	S011717000529d62341
281.0700	2026-09-24T12:10:42.910Z	W0000012f00021de901
281.0700	2026-09-24T12:10:42.910Z	R0000012f00021de8ff
281.0700	2026-09-24T12:10:42.910Z	E000000000000000000
281.0939	2026-09-24T12:10:42.933Z	M000000000000000000
281.0939	2026-09-24T12:10:42.933Z	Fffffffff0000000000
281.5958	2026-09-24T12:10:43.435Z	S01171700052dd62345
281.9298	2026-09-24T12:10:43.769Z	W0000013000021de8fd
281.9298	2026-09-24T12:10:43.769Z	R0000013000021de8ff
281.9298	2026-09-24T12:10:43.769Z	E000000000000000000
281.9531	2026-09-24T12:10:43.793Z	M000000000000000000
281.9531	2026-09-24T12:10:43.793Z	Fffffffff0000000000
282.4066	2026-09-24T12:10:44.246Z	S011717000531d62349
282.8031	2026-09-24T12:10:44.643Z	W0000013100021de901
282.8031	2026-09-24T12:10:44.643Z	R0000013100021de8ff
282.8031	2026-09-24T12:10:44.643Z	E000000000000000000
282.8031	2026-09-24T12:10:44.643Z	M000000000000000000
282.8031	2026-09-24T12:10:44.643Z	Fffffffff0000000000
283.2281	2026-09-24T12:10:45.068Z	S011717000535d6234d
283.6697	2026-09-24T12:10:45.509Z	W0000013200021de8fd
283.6697	2026-09-24T12:10:45.509Z	R0000013200021de8ff
283.6697	2026-09-24T12:10:45.509Z	E000000000000000000
283.6697	2026-09-24T12:10:45.509Z	M000000000000000000
283.6697	2026-09-24T12:10:45.509Z	Fffffffff0000000000
284.0306	2026-09-24T12:10:45.870Z	S011717000539d62351
284.5119	2026-09-24T12:10:46.351Z	W0000013300021de901
284.5119	2026-09-24T12:10:46.352Z	R0000013300021de8ff
284.5119	2026-09-24T12:10:46.352Z	E000000000000000000
284.5376	2026-09-24T12:10:46.377Z	M000000000000000000
284.5376	2026-09-24T12:10:46.377Z	Fffffffff0000000000
284.8208	2026-09-24T12:10:46.660Z	S01171700053dd62355
285.3781	2026-09-24T12:10:47.217Z	W0000013400021de8fd
285.3781	2026-09-24T12:10:47.218Z	R0000013400021de8ff
285.3781	2026-09-24T12:10:47.218Z	E000000000000000000
285.3781	2026-09-24T12:10:47.218Z	M000000000000000000
285.3781	2026-09-24T12:10:47.218Z	Fffffffff0000000000
285.6223	2026-09-24T12:10:47.462Z	S011717000541d62359
286.2303	2026-09-24T12:10:48.070Z	W0000013500021de901
286.2303	2026-09-24T12:10:48.070Z	R0000013500021de8ff
286.2303	2026-09-24T12:10:48.070Z	E000000000000000000
286.2303	2026-09-24T12:10:48.071Z	M000000000000000000
286.2303	2026-09-24T12:10:48.071Z	Fffffffff0000000000
286.4354	2026-09-24T12:10:48.275Z	S011717000545d6235d
287.0845	2026-09-24T12:10:48.924Z	W0000013600021de8fd
287.0845	2026-09-24T12:10:48.924Z	R0000013600021de8ff
287.0845	2026-09-24T12:10:48.924Z	E000000000000000000
287.1083	2026-09-24T12:10:48.948Z	M000000000000000000
287.1083	2026-09-24T12:10:48.948Z	Fffffffff0000000000
287.2329	2026-09-24T12:10:49.072Z	S011717000549d62361
287.9609	2026-09-24T12:10:49.800Z	W0000013700021de901
287.9609	2026-09-24T12:10:49.800Z	R0000013700021de8ff
287.9609	2026-09-24T12:10:49.800Z	E000000000000000000
287.9609	2026-09-24T12:10:49.800Z	M000000000000000000
287.9609	2026-09-24T12:10:49.800Z	Fffffffff0000000000
288.0542	2026-09-24T12:10:49.893Z	S01171700054dd62365
288.8127	2026-09-24T12:10:50.652Z	W0000013800021de8fd
288.8127	2026-09-24T12:10:50.652Z	R0000013800021de8ff
288.8127	2026-09-24T12:10:50.652Z	E000000000000000000
288.8127	2026-09-24T12:10:50.652Z	M000000000000000000
288.8127	2026-09-24T12:10:50.652Z	Fffffffff0000000000
288.8605	2026-09-24T12:10:50.700Z	S011717000551d62369
289.6608	2026-09-24T12:10:51.500Z	S011717000555d6236d
289.6833	2026-09-24T12:10:51.523Z	W0000013900021de901
289.6833	2026-09-24T12:10:51.523Z	R0000013900021de8ff
289.6833	2026-09-24T12:10:51.523Z	E000000000000000000
289.6833	2026-09-24T12:10:51.523Z	M000000000000000000
289.6833	2026-09-24T12:10:51.523Z	Fffffffff0000000000
290.4542	2026-09-24T12:10:52.293Z	S011717000559d62371
290.5214	2026-09-24T12:10:52.361Z	W0000013a00021de8fd
290.5214	2026-09-24T12:10:52.361Z	R0000013a00021de8ff
290.5214	2026-09-24T12:10:52.361Z	E000000000000000000
290.5452	2026-09-24T12:10:52.384Z	M000000000000000000
290.5452	2026-09-24T12:10:52.384Z	Fffffffff0000000000
291.2732	2026-09-24T12:10:53.112Z	S01171700055dd62375
291.3890	2026-09-24T12:10:53.228Z	W0000013b00021de901
291.3890	2026-09-24T12:10:53.228Z	R0000013b00021de8ff
291.3890	2026-09-24T12:10:53.228Z	E000000000000000000
291.3890	2026-09-24T12:10:53.228Z	M000000000000000000
291.3890	2026-09-24T12:10:53.228Z	Fffffffff0000000000
292.0844	2026-09-24T12:10:53.924Z	S011717000561d62379
292.2479	2026-09-24T12:10:54.087Z	W0000013c00021de8fd
292.2479	2026-09-24T12:10:54.087Z	R0000013c00021de8ff
292.2479	2026-09-24T12:10:54.087Z	E000000000000000000
292.2479	2026-09-24T12:10:54.087Z	M000000000000000000
292.2479	2026-09-24T12:10:54.087Z	Fffffffff0000000000
292.8744	2026-09-24T12:10:54.714Z	S011717000565d6237d
293.1115	2026-09-24T12:10:54.951Z	W0000013d00021de901
293.1115	2026-09-24T12:10:54.951Z	R0000013d00021de8ff
293.1115	2026-09-24T12:10:54.951Z	E000000000000000000
293.1115	2026-09-24T12:10:54.951Z	M000000000000000000
293.1115	2026-09-24T12:10:54.951Z	Fffffffff0000000000
293.6753	2026-09-24T12:10:55.514Z	S011717000569d62381
293.9759	2026-09-24T12:10:55.815Z	W0000013e00021de8fd
293.9759	2026-09-24T12:10:55.815Z	R0000013e00021de8ff
293.9759	2026-09-24T12:10:55.815Z	E000000000000000000
293.9759	2026-09-24T12:10:55.815Z	M000000000000000000
293.9759	2026-09-24T12:10:55.815Z	Fffffffff0000000000
294.4858	2026-09-24T12:10:56.325Z	S01171700056dd62385
294.8224	2026-09-24T12:10:56.661Z	W0000013f00021de901
294.8224	2026-09-24T12:10:56.662Z	R0000013f00021de8ff
294.8224	2026-09-24T12:10:56.662Z	E000000000000000000
294.8224	2026-09-24T12:10:56.662Z	M000000000000000000
294.8224	2026-09-24T12:10:56.662Z	Fffffffff0000000000
295.2866	2026-09-24T12:10:57.126Z	S011717000571d62389
295.6953	2026-09-24T12:10:57.534Z	W0000014000021de8fd
295.6953	2026-09-24T12:10:57.534Z	R0000014000021de8ff
295.6953	2026-09-24T12:10:57.534Z	E000000000000000000
295.6953	2026-09-24T12:10:57.534Z	M000000000000000000
295.6953	2026-09-24T12:10:57.534Z	Fffffffff0000000000
296.1026	2026-09-24T12:10:57.942Z	S011717000575d6238d
296.5538	2026-09-24T12:10:58.393Z	W0000014100021de901
296.5538	2026-09-24T12:10:58.393Z	R0000014100021de8ff
296.5538	2026-09-24T12:10:58.393Z	E000000000000000000
296.5538	2026-09-24T12:10:58.393Z	M000000000000000000
296.5538	2026-09-24T12:10:58.393Z	Fffffffff0000000000
296.9021	2026-09-24T12:10:58.741Z	S011717000579d62391
297.4013	2026-09-24T12:10:59.240Z	W0000014200021de8fd
297.4013	2026-09-24T12:10:59.240Z	R0000014200021de8ff
297.4013	2026-09-24T12:10:59.240Z	E000000000000000000
297.4013	2026-09-24T12:10:59.240Z	M000000000000000000
297.4013	2026-09-24T12:10:59.240Z	Fffffffff0000000000
297.7038	2026-09-24T12:10:59.543Z	S01171700057dd62395
298.2693	2026-09-24T12:11:00.108Z	W0000014300021de901
298.2693	2026-09-24T12:11:00.108Z	R0000014300021de8ff
298.2693	2026-09-24T12:11:00.108Z	E000000000000000000
298.2693	2026-09-24T12:11:00.108Z	M000000000000000000
298.2693	2026-09-24T12:11:00.108Z	Fffffffff0000000000
298.5292	2026-09-24T12:11:00.368Z	S011717000581d62399
299.1134	2026-09-24T12:11:00.952Z	W0000014400021de8fd
299.1134	2026-09-24T12:11:00.952Z	R0000014400021de8ff
299.1134	2026-09-24T12:11:00.952Z	E000000000000000000
299.1372	2026-09-24T12:11:00.976Z	M000000000000000000
299.1372	2026-09-24T12:11:00.976Z	Fffffffff0000000000
299.3351	2026-09-24T12:11:01.174Z	S011717000585d6239d
299.9896	2026-09-24T12:11:01.829Z	W0000014500021de901
299.9896	2026-09-24T12:11:01.829Z	R0000014500021de8ff
299.9896	2026-09-24T12:11:01.829Z	E000000000000000000
299.9896	2026-09-24T12:11:01.829Z	M000000000000000000
299.9896	2026-09-24T12:11:01.829Z	Fffffffff0000000000
300.1298	2026-09-24T12:11:01.969Z	S011717000589d623a1
300.8391	2026-09-24T12:11:02.678Z	W0000014600021de8fd
300.8391	2026-09-24T12:11:02.678Z	R0000014600021de8ff
300.8391	2026-09-24T12:11:02.678Z	E000000000000000000
300.8391	2026-09-24T12:11:02.678Z	M000000000000000000
300.8391	2026-09-24T12:11:02.678Z	Fffffffff0000000000
300.9283	2026-09-24T12:11:02.767Z	S01171700058dd623a5
301.7038	2026-09-24T12:11:03.543Z	W0000014700021de901
301.7038	2026-09-24T12:11:03.543Z	R0000014700021de8ff
301.7038	2026-09-24T12:11:03.543Z	E000000000000000000
301.7038	2026-09-24T12:11:03.543Z	M000000000000000000
301.7038	2026-09-24T12:11:03.543Z	Fffffffff0000000000
301.7527	2026-09-24T12:11:03.592Z	S011717000591d623a9
302.5414	2026-09-24T12:11:04.380Z	S011717000595d623ad
302.5630	2026-09-24T12:11:04.402Z	W0000014800021de8fd
302.5630	2026-09-24T12:11:04.402Z	R0000014800021de8ff
302.5630	2026-09-24T12:11:04.402Z	E000000000000000000
302.5630	2026-09-24T12:11:04.402Z	M000000000000000000
302.5630	2026-09-24T12:11:04.402Z	Fffffffff0000000000
303.3391	2026-09-24T12:11:05.178Z	S011717000599d623b1
303.4315	2026-09-24T12:11:05.270Z	W0000014900021de901
303.4315	2026-09-24T12:11:05.270Z	R0000014900021de8ff
303.4315	2026-09-24T12:11:05.270Z	E000000000000000000
303.4315	2026-09-24T12:11:05.270Z	M000000000000000000
303.4315	2026-09-24T12:11:05.270Z	Fffffffff0000000000
304.1444	2026-09-24T12:11:05.983Z	S01171700059dd623b5
304.2759	2026-09-24T12:11:06.115Z	W0000014a00021de8fd
304.2759	2026-09-24T12:11:06.115Z	R0000014a00021de8ff
304.2759	2026-09-24T12:11:06.115Z	E000000000000000000
304.2759	2026-09-24T12:11:06.115Z	M000000000000000000
304.2759	2026-09-24T12:11:06.115Z	Fffffffff0000000000
304.9688	2026-09-24T12:11:06.808Z	S0117170005a1d623b9
305.1338	2026-09-24T12:11:06.973Z	W0000014b00021de901
305.1338	2026-09-24T12:11:06.973Z	R0000014b00021de8ff
305.1338	2026-09-24T12:11:06.973Z	E000000000000000000
305.1338	2026-09-24T12:11:06.973Z	M000000000000000000
305.1338	2026-09-24T12:11:06.973Z	Fffffffff0000000000
305.7684	2026-09-24T12:11:07.607Z	S0117170005a5d623bd
305.9870	2026-09-24T12:11:07.826Z	W0000014c00021de8fd
305.9870	2026-09-24T12:11:07.826Z	R0000014c00021de8ff
305.9870	2026-09-24T12:11:07.826Z	E000000000000000000
306.0105	2026-09-24T12:11:07.849Z	M000000000000000000
306.0105	2026-09-24T12:11:07.849Z	Fffffffff0000000000
306.5709	2026-09-24T12:11:08.410Z	S0117170005a9d623c1
306.8594	2026-09-24T12:11:08.698Z	W0000014d00021de901
306.8594	2026-09-24T12:11:08.698Z	R0000014d00021de8ff
306.8594	2026-09-24T12:11:08.698Z	E000000000000000000
306.8594	2026-09-24T12:11:08.698Z	M000000000000000000
306.8594	2026-09-24T12:11:08.698Z	Fffffffff0000000000
307.3685	2026-09-24T12:11:09.207Z	S0117170005add623c5
307.7277	2026-09-24T12:11:09.566Z	W0000014e00021de8fd
307.7277	2026-09-24T12:11:09.566Z	R0000014e00021de8ff
307.7277	2026-09-24T12:11:09.566Z	E000000000000000000
307.7277	2026-09-24T12:11:09.566Z	M000000000000000000
307.7277	2026-09-24T12:11:09.566Z	Fffffffff0000000000
308.1913	2026-09-24T12:11:10.030Z	S0117170005b1d623c9
308.5765	2026-09-24T12:11:10.415Z	W0000014f00021de901
308.5765	2026-09-24T12:11:10.415Z	R0000014f00021de8ff
308.5765	2026-09-24T12:11:10.415Z	E000000000000000000
308.5765	2026-09-24T12:11:10.415Z	M000000000000000000
308.5765	2026-09-24T12:11:10.415Z	Fffffffff0000000000
308.9863	2026-09-24T12:11:10.825Z	S0117170005b5d623cd
309.4333	2026-09-24T12:11:11.272Z	W0000015000021de8fd
309.4333	2026-09-24T12:11:11.272Z	R0000015000021de8ff
309.4333	2026-09-24T12:11:11.272Z	E000000000000000000
309.4333	2026-09-24T12:11:11.272Z	M000000000000000000
309.4333	2026-09-24T12:11:11.272Z	Fffffffff0000000000
309.7896	2026-09-24T12:11:11.628Z	S0117170005b9d623d1
310.2832	2026-09-24T12:11:12.122Z	W0000015100021de901
310.2832	2026-09-24T12:11:12.122Z	R0000015100021de8ff
310.2832	2026-09-24T12:11:12.122Z	E000000000000000000
310.3070	2026-09-24T12:11:12.146Z	M000000000000000000
310.3070	2026-09-24T12:11:12.146Z	Fffffffff0000000000
310.5923	2026-09-24T12:11:12.431Z	S0117170005bdd623d5
311.1424	2026-09-24T12:11:12.981Z	W0000015200021de8fd
311.1424	2026-09-24T12:11:12.981Z	R0000015200021de8ff
311.1424	2026-09-24T12:11:12.981Z	E000000000000000000
311.1628	2026-09-24T12:11:13.001Z	M000000000000000000
311.1628	2026-09-24T12:11:13.001Z	Fffffffff0000000000
311.3989	2026-09-24T12:11:13.237Z	S0117170005c1d623d9
312.0157	2026-09-24T12:11:13.854Z	W0000015300021de901
312.0157	2026-09-24T12:11:13.854Z	R0000015300021de8ff
312.0157	2026-09-24T12:11:13.854Z	E000000000000000000
312.0157	2026-09-24T12:11:13.854Z	M000000000000000000
312.0157	2026-09-24T12:11:13.854Z	Fffffffff0000000000
312.2036	2026-09-24T12:11:14.042Z	S0117170005c5d623dd
312.8658	2026-09-24T12:11:14.704Z	W0000015400021de8fd
312.8658	2026-09-24T12:11:14.704Z	R0000015400021de8ff
312.8658	2026-09-24T12:11:14.704Z	E000000000000000000
312.8658	2026-09-24T12:11:14.704Z	M000000000000000000
312.8658	2026-09-24T12:11:14.704Z	Fffffffff0000000000
313.0028	2026-09-24T12:11:14.841Z	S0117170005c9d623e1
313.7319	2026-09-24T12:11:15.570Z	W0000015500021de901
313.7319	2026-09-24T12:11:15.570Z	R0000015500021de8ff
313.7319	2026-09-24T12:11:15.570Z	E000000000000000000
313.7319	2026-09-24T12:11:15.570Z	M000000000000000000
313.7319	2026-09-24T12:11:15.570Z	Fffffffff0000000000
313.8300	2026-09-24T12:11:15.669Z	S0117170005cdd623e5
314.5815	2026-09-24T12:11:16.420Z	W0000015600021de8fd
314.5815	2026-09-24T12:11:16.420Z	R0000015600021de8ff
314.5815	2026-09-24T12:11:16.420Z	E000000000000000000
314.6044	2026-09-24T12:11:16.443Z	M000000000000000000
314.6044	2026-09-24T12:11:16.443Z	Fffffffff0000000000
314.6273	2026-09-24T12:11:16.466Z	S0117170005d1d623e9
315.4190	2026-09-24T12:11:17.258Z	S0117170005d5d623ed
315.4392	2026-09-24T12:11:17.278Z	W0000015700021de901
315.4392	2026-09-24T12:11:17.278Z	R0000015700021de8ff
315.4392	2026-09-24T12:11:17.278Z	E000000000000000000
315.4632	2026-09-24T12:11:17.302Z	M000000000000000000
315.4632	2026-09-24T12:11:17.302Z	Fffffffff0000000000
316.2240	2026-09-24T12:11:18.063Z	S0117170005d9d623f1
316.3199	2026-09-24T12:11:18.158Z	W0000015800021de8fd
316.3199	2026-09-24T12:11:18.158Z	R0000015800021de8ff
316.3199	2026-09-24T12:11:18.158Z	E000000000000000000
316.3199	2026-09-24T12:11:18.158Z	M000000000000000000
316.3199	2026-09-24T12:11:18.158Z	Fffffffff0000000000
317.0307	2026-09-24T12:11:18.869Z	S0117170005ddd623f5
317.1731	2026-09-24T12:11:19.012Z	W0000015900021de901
317.1731	2026-09-24T12:11:19.012Z	R0000015900021de8ff
317.1731	2026-09-24T12:11:19.012Z	E000000000000000000
317.1731	2026-09-24T12:11:19.012Z	M000000000000000000
317.1731	2026-09-24T12:11:19.012Z	Fffffffff0000000000
317.8473	2026-09-24T12:11:19.686Z	S0117170005e1d623f9
318.0161	2026-09-24T12:11:19.855Z	W0000015a00021de8fd
318.0161	2026-09-24T12:11:19.855Z	R0000015a00021de8ff
318.0161	2026-09-24T12:11:19.855Z	E000000000000000000
318.0400	2026-09-24T12:11:19.878Z	M000000000000000000
318.0400	2026-09-24T12:11:19.878Z	Fffffffff0000000000
318.6454	2026-09-24T12:11:20.484Z	S0117170005e5d623fd
318.8908	2026-09-24T12:11:20.729Z	W0000015b00021de901
318.8908	2026-09-24T12:11:20.729Z	R0000015b00021de8ff
318.8908	2026-09-24T12:11:20.729Z	E000000000000000000
318.8908	2026-09-24T12:11:20.729Z	M000000000000000000
318.8908	2026-09-24T12:11:20.729Z	Fffffffff0000000000
319.4594	2026-09-24T12:11:21.298Z	S0117170005e9d62401
319.7432	2026-09-24T12:11:21.582Z	W0000015c00021de8fd
319.7432	2026-09-24T12:11:21.582Z	R0000015c00021de8ff
319.7432	2026-09-24T12:11:21.582Z	E000000000000000000
319.7432	2026-09-24T12:11:21.582Z	M000000000000000000
319.7432	2026-09-24T12:11:21.582Z	Fffffffff0000000000
320.2639	2026-09-24T12:11:22.102Z	S0117170005edd62405
320.6069	2026-09-24T12:11:22.445Z	W0000015d00021de901
320.6069	2026-09-24T12:11:22.445Z	R0000015d00021de8ff
320.6069	2026-09-24T12:11:22.445Z	E000000000000000000
320.6069	2026-09-24T12:11:22.445Z	M000000000000000000
320.6069	2026-09-24T12:11:22.445Z	Fffffffff0000000000
321.0604	2026-09-24T12:11:22.899Z	S0117170005f1d62409
321.4655	2026-09-24T12:11:23.304Z	W0000015e00021de8fd
321.4655	2026-09-24T12:11:23.304Z	R0000015e00021de8ff
321.4655	2026-09-24T12:11:23.304Z	E000000000000000000
321.4655	2026-09-24T12:11:23.304Z	M000000000000000000
321.4655	2026-09-24T12:11:23.304Z	Fffffffff0000000000
321.8837	2026-09-24T12:11:23.722Z	S0117170005f5d6240d
322.3238	2026-09-24T12:11:24.162Z	W0000015f00021de901
322.3238	2026-09-24T12:11:24.162Z	R0000015f00021de8ff
322.3238	2026-09-24T12:11:24.162Z	E000000000000000000
322.3238	2026-09-24T12:11:24.162Z	M000000000000000000
322.3238	2026-09-24T12:11:24.162Z	Fffffffff0000000000
322.6797	2026-09-24T12:11:24.518Z	S0117170005f9d62411
323.1845	2026-09-24T12:11:25.023Z	W0000016000021de8fd
323.1845	2026-09-24T12:11:25.023Z	R0000016000021de8ff
323.1845	2026-09-24T12:11:25.023Z	E000000000000000000
323.1845	2026-09-24T12:11:25.023Z	M000000000000000000
323.1845	2026-09-24T12:11:25.023Z	Fffffffff0000000000
323.4718	2026-09-24T12:11:25.310Z	S0117170005fdd62415
324.0533	2026-09-24T12:11:25.892Z	W0000016100021de901
324.0533	2026-09-24T12:11:25.892Z	R0000016100021de8ff
324.0533	2026-09-24T12:11:25.892Z	E000000000000000000
324.0533	2026-09-24T12:11:25.892Z	M000000000000000000
324.0533	2026-09-24T12:11:25.892Z	Fffffffff0000000000
324.2817	2026-09-24T12:11:26.120Z	S011717000601d62419
324.9018	2026-09-24T12:11:26.740Z	W0000016200021de8fd
324.9018	2026-09-24T12:11:26.740Z	R0000016200021de8ff
324.9018	2026-09-24T12:11:26.740Z	E000000000000000000
324.9018	2026-09-24T12:11:26.740Z	M000000000000000000
324.9018	2026-09-24T12:11:26.740Z	Fffffffff0000000000
325.0851	2026-09-24T12:11:26.923Z	S011717000605d6241d
325.7613	2026-09-24T12:11:27.599Z	W0000016300021de901
325.7613	2026-09-24T12:11:27.600Z	R0000016300021de8ff
325.7613	2026-09-24T12:11:27.600Z	E000000000000000000
325.7613	2026-09-24T12:11:27.600Z	M000000000000000000
325.7613	2026-09-24T12:11:27.600Z	Fffffffff0000000000
325.9037	2026-09-24T12:11:27.742Z	S011717000609d62421
326.6310	2026-09-24T12:11:28.469Z	W0000016400021de8fd
326.6310	2026-09-24T12:11:28.469Z	R0000016400021de8ff
326.6310	2026-09-24T12:11:28.469Z	E000000000000000000
326.6310	2026-09-24T12:11:28.469Z	M000000000000000000
326.6310	2026-09-24T12:11:28.469Z	Fffffffff0000000000
326.7030	2026-09-24T12:11:28.541Z	S01171700060dd62425
327.4844	2026-09-24T12:11:29.323Z	W0000016500021de901
327.4844	2026-09-24T12:11:29.323Z	R0000016500021de8ff
327.4844	2026-09-24T12:11:29.323Z	E000000000000000000
327.4844	2026-09-24T12:11:29.323Z	M000000000000000000
327.4844	2026-09-24T12:11:29.323Z	Fffffffff0000000000
327.5060	2026-09-24T12:11:29.344Z	S011717000611d62429
328.3075	2026-09-24T12:11:30.146Z	S011717000615d6242d
328.3278	2026-09-24T12:11:30.166Z	W0000016600021de8fd
328.3278	2026-09-24T12:11:30.166Z	R0000016600021de8ff
328.3278	2026-09-24T12:11:30.166Z	E000000000000000000
328.3517	2026-09-24T12:11:30.190Z	M000000000000000000
328.3517	2026-09-24T12:11:30.190Z	Fffffffff0000000000
329.1136	2026-09-24T12:11:30.952Z	S011717000619d62431
329.1858	2026-09-24T12:11:31.024Z	W0000016700021de901
329.1858	2026-09-24T12:11:31.024Z	R0000016700021de8ff
329.1858	2026-09-24T12:11:31.024Z	E000000000000000000
329.2097	2026-09-24T12:11:31.048Z	M000000000000000000
329.2097	2026-09-24T12:11:31.048Z	Fffffffff0000000000
329.9290	2026-09-24T12:11:31.767Z	S01171700061dd62435
330.0451	2026-09-24T12:11:31.883Z	W0000016800021de8fd
330.0451	2026-09-24T12:11:31.883Z	R0000016800021de8ff
330.0451	2026-09-24T12:11:31.883Z	E000000000000000000
330.0654	2026-09-24T12:11:31.903Z	M000000000000000000
330.0654	2026-09-24T12:11:31.903Z	Fffffffff0000000000
330.7392	2026-09-24T12:11:32.577Z	S011717000621d62439
330.9094	2026-09-24T12:11:32.747Z	W0000016900021de901
330.9094	2026-09-24T12:11:32.747Z	R0000016900021de8ff
330.9094	2026-09-24T12:11:32.747Z	E000000000000000000
330.9094	2026-09-24T12:11:32.747Z	M000000000000000000
330.9094	2026-09-24T12:11:32.747Z	Fffffffff0000000000
331.5295	2026-09-24T12:11:33.368Z	S011717000625d6243d
331.7849	2026-09-24T12:11:33.623Z	W0000016a00021de8fd
331.7849	2026-09-24T12:11:33.623Z	R0000016a00021de8ff
331.7849	2026-09-24T12:11:33.623Z	E000000000000000000
331.7849	2026-09-24T12:11:33.623Z	M000000000000000000
331.7849	2026-09-24T12:11:33.623Z	Fffffffff0000000000
332.3302	2026-09-24T12:11:34.168Z	S011717000629d62441
332.6395	2026-09-24T12:11:34.477Z	W0000016b00021de901
332.6395	2026-09-24T12:11:34.478Z	R0000016b00021de8ff
332.6395	2026-09-24T12:11:34.478Z	E000000000000000000
332.6395	2026-09-24T12:11:34.478Z	M000000000000000000
332.6395	2026-09-24T12:11:34.478Z	Fffffffff0000000000
333.1356	2026-09-24T12:11:34.974Z	S01171700062dd62445
333.4838	2026-09-24T12:11:35.322Z	W0000016c00021de8fd
333.4838	2026-09-24T12:11:35.322Z	R0000016c00021de8ff
333.4838	2026-09-24T12:11:35.322Z	E000000000000000000
333.5082	2026-09-24T12:11:35.346Z	M000000000000000000
333.5082	2026-09-24T12:11:35.346Z	Fffffffff0000000000
333.9423	2026-09-24T12:11:35.780Z	S011717000631d62449
334.3411	2026-09-24T12:11:36.179Z	W0000016d00021de901
334.3411	2026-09-24T12:11:36.179Z	R0000016d00021de8ff
334.3411	2026-09-24T12:11:36.179Z	E000000000000000000
334.3626	2026-09-24T12:11:36.201Z	M000000000000000000
334.3626	2026-09-24T12:11:36.201Z	Fffffffff0000000000
334.7667	2026-09-24T12:11:36.605Z	S011717000635d6244d
335.2003	2026-09-24T12:11:37.038Z	W0000016e00021de8fd
335.2003	2026-09-24T12:11:37.038Z	R0000016e00021de8ff
335.2003	2026-09-24T12:11:37.038Z	E000000000000000000
335.2241	2026-09-24T12:11:37.062Z	M000000000000000000
335.2241	2026-09-24T12:11:37.062Z	Fffffffff0000000000
335.5542	2026-09-24T12:11:37.392Z	S011717000639d62451
336.0688	2026-09-24T12:11:37.907Z	W0000016f00021de901
336.0688	2026-09-24T12:11:37.907Z	R0000016f00021de8ff
336.0688	2026-09-24T12:11:37.907Z	E000000000000000000
336.0688	2026-09-24T12:11:37.907Z	M000000000000000000
336.0688	2026-09-24T12:11:37.907Z	Fffffffff0000000000
336.3584	2026-09-24T12:11:38.196Z	S01171700063dd62455
336.9195	2026-09-24T12:11:38.757Z	W0000017000021de8fd
336.9195	2026-09-24T12:11:38.757Z	R0000017000021de8ff
336.9195	2026-09-24T12:11:38.757Z	E000000000000000000
336.9435	2026-09-24T12:11:38.781Z	M000000000000000000
336.9435	2026-09-24T12:11:38.781Z	Fffffffff0000000000
337.1622	2026-09-24T12:11:39.000Z	S011717000641d62459
337.7847	2026-09-24T12:11:39.623Z	W0000017100021de901
337.7847	2026-09-24T12:11:39.623Z	R0000017100021de8ff
337.7847	2026-09-24T12:11:39.623Z	E000000000000000000
337.7847	2026-09-24T12:11:39.623Z	M000000000000000000
337.7847	2026-09-24T12:11:39.623Z	Fffffffff0000000000
337.9761	2026-09-24T12:11:39.814Z	S011717000645d6245d
338.6480	2026-09-24T12:11:40.486Z	W0000017200021de8fd
338.6480	2026-09-24T12:11:40.486Z	R0000017200021de8ff
338.6480	2026-09-24T12:11:40.486Z	E000000000000000000
338.6480	2026-09-24T12:11:40.486Z	M000000000000000000
338.6480	2026-09-24T12:11:40.486Z	Fffffffff0000000000
338.7936	2026-09-24T12:11:40.631Z	S011717000649d62461
339.5135	2026-09-24T12:11:41.351Z	W0000017300021de901
339.5135	2026-09-24T12:11:41.351Z	R0000017300021de8ff
339.5135	2026-09-24T12:11:41.351Z	E000000000000000000
339.5135	2026-09-24T12:11:41.351Z	M000000000000000000
339.5135	2026-09-24T12:11:41.351Z	Fffffffff0000000000
339.5791	2026-09-24T12:11:41.417Z	S01171700064dd62465
340.3579	2026-09-24T12:11:42.196Z	W0000017400021de8fd
340.3579	2026-09-24T12:11:42.196Z	R0000017400021de8ff
340.3579	2026-09-24T12:11:42.196Z	E000000000000000000
340.3808	2026-09-24T12:11:42.219Z	M000000000000000000
340.3808	2026-09-24T12:11:42.219Z	Fffffffff0000000000
340.4038	2026-09-24T12:11:42.242Z	S011717000651d62469
341.1887	2026-09-24T12:11:43.026Z	S011717000655d6246d
341.2347	2026-09-24T12:11:43.072Z	W0000017500021de901
341.2347	2026-09-24T12:11:43.073Z	R0000017500021de8ff
341.2347	2026-09-24T12:11:43.073Z	E000000000000000000
341.2347	2026-09-24T12:11:43.073Z	M000000000000000000
341.2347	2026-09-24T12:11:43.073Z	Fffffffff0000000000
342.0069	2026-09-24T12:11:43.845Z	S011717000659d62471
342.0772	2026-09-24T12:11:43.915Z	W0000017600021de8fd
342.0772	2026-09-24T12:11:43.915Z	R0000017600021de8ff
342.0772	2026-09-24T12:11:43.915Z	E000000000000000000
342.1019	2026-09-24T12:11:43.940Z	M000000000000000000
342.1019	2026-09-24T12:11:43.940Z	Fffffffff0000000000
342.8087	2026-09-24T12:11:44.646Z	S01171700065dd62475
342.9440	2026-09-24T12:11:44.782Z	W0000017700021de901
342.9440	2026-09-24T12:11:44.782Z	R0000017700021de8ff
342.9440	2026-09-24T12:11:44.782Z	E000000000000000000
342.9440	2026-09-24T12:11:44.782Z	M000000000000000000
342.9440	2026-09-24T12:11:44.782Z	Fffffffff0000000000
343.6117	2026-09-24T12:11:45.449Z	S011717000661d62479
343.7999	2026-09-24T12:11:45.638Z	W0000017800021de8fd
343.7999	2026-09-24T12:11:45.638Z	R0000017800021de8ff
343.7999	2026-09-24T12:11:45.638Z	E000000000000000000
343.7999	2026-09-24T12:11:45.638Z	M000000000000000000
343.7999	2026-09-24T12:11:45.638Z	Fffffffff0000000000
344.4190	2026-09-24T12:11:46.257Z	S011717000665d6247d
344.6563	2026-09-24T12:11:46.494Z	W0000017900021de901
344.6563	2026-09-24T12:11:46.494Z	R0000017900021de8ff
344.6563	2026-09-24T12:11:46.494Z	E000000000000000000
344.6782	2026-09-24T12:11:46.516Z	M000000000000000000
344.6782	2026-09-24T12:11:46.516Z	Fffffffff0000000000
345.2333	2026-09-24T12:11:47.071Z	S011717000669d62481
345.5199	2026-09-24T12:11:47.358Z	W0000017a00021de8fd
345.5199	2026-09-24T12:11:47.358Z	R0000017a00021de8ff
345.5199	2026-09-24T12:11:47.358Z	E000000000000000000
345.5199	2026-09-24T12:11:47.358Z	M000000000000000000
345.5199	2026-09-24T12:11:47.358Z	Fffffffff0000000000
346.0206	2026-09-24T12:11:47.858Z	S01171700066dd62485
346.3879	2026-09-24T12:11:48.226Z	W0000017b00021de901
346.3879	2026-09-24T12:11:48.226Z	R0000017b00021de8ff
346.3879	2026-09-24T12:11:48.226Z	E000000000000000000
346.3879	2026-09-24T12:11:48.226Z	M000000000000000000
346.3879	2026-09-24T12:11:48.226Z	Fffffffff0000000000
346.8465	2026-09-24T12:11:48.684Z	S011717000671d62489
347.2399	2026-09-24T12:11:49.077Z	W0000017c00021de8fd
347.2399	2026-09-24T12:11:49.077Z	R0000017c00021de8ff
347.2399	2026-09-24T12:11:49.077Z	E000000000000000000
347.2399	2026-09-24T12:11:49.078Z	M000000000000000000
347.2399	2026-09-24T12:11:49.078Z	Fffffffff0000000000
347.6389	2026-09-24T12:11:49.476Z	S011717000675d6248d
348.0885	2026-09-24T12:11:49.926Z	W0000017d00021de901
348.0885	2026-09-24T12:11:49.926Z	R0000017d00021de8ff
348.0885	2026-09-24T12:11:49.926Z	E000000000000000000
348.1123	2026-09-24T12:11:49.950Z	M000000000000000000
348.1123	2026-09-24T12:11:49.950Z	Fffffffff0000000000
348.4535	2026-09-24T12:11:50.291Z	S011717000679d62491
348.9525	2026-09-24T12:11:50.790Z	W0000017e00021de8fd
348.9525	2026-09-24T12:11:50.790Z	R0000017e00021de8ff
348.9525	2026-09-24T12:11:50.790Z	E000000000000000000
348.9739	2026-09-24T12:11:50.811Z	M000000000000000000
348.9739	2026-09-24T12:11:50.811Z	Fffffffff0000000000
349.2590	2026-09-24T12:11:51.096Z	S01171700067dd62495
349.8150	2026-09-24T12:11:51.653Z	W0000017f00021de901
349.8150	2026-09-24T12:11:51.653Z	R0000017f00021de8ff
349.8150	2026-09-24T12:11:51.653Z	E000000000000000000
349.8150	2026-09-24T12:11:51.653Z	M000000000000000000
349.8150	2026-09-24T12:11:51.653Z	Fffffffff0000000000
350.0560	2026-09-24T12:11:51.893Z	S011717000681d62499
350.6661	2026-09-24T12:11:52.504Z	W0000018000021de8fd
350.6661	2026-09-24T12:11:52.504Z	R0000018000021de8ff
350.6661	2026-09-24T12:11:52.504Z	E000000000000000000
350.6897	2026-09-24T12:11:52.527Z	M000000000000000000
350.6897	2026-09-24T12:11:52.527Z	Fffffffff0000000000
350.8523	2026-09-24T12:11:52.690Z	S011717000685d6249d
351.5486	2026-09-24T12:11:53.386Z	W0000018100021de901
351.5486	2026-09-24T12:11:53.386Z	R0000018100021de8ff
351.5486	2026-09-24T12:11:53.386Z	E000000000000000000
351.5486	2026-09-24T12:11:53.386Z	M000000000000000000
351.5486	2026-09-24T12:11:53.386Z	Fffffffff0000000000
351.6592	2026-09-24T12:11:53.497Z	S011717000689d624a1
352.4004	2026-09-24T12:11:54.238Z	W0000018200021de8fd
352.4004	2026-09-24T12:11:54.238Z	R0000018200021de8ff
352.4004	2026-09-24T12:11:54.238Z	E000000000000000000
352.4004	2026-09-24T12:11:54.238Z	M000000000000000000
352.4004	2026-09-24T12:11:54.238Z	Fffffffff0000000000
352.4724	2026-09-24T12:11:54.310Z	S01171700068dd624a5
353.2606	2026-09-24T12:11:55.098Z	W0000018300021de901
353.2606	2026-09-24T12:11:55.098Z	R0000018300021de8ff
353.2606	2026-09-24T12:11:55.098Z	E000000000000000000
353.2606	2026-09-24T12:11:55.098Z	M000000000000000000
353.2606	2026-09-24T12:11:55.098Z	Fffffffff0000000000
353.2837	2026-09-24T12:11:55.121Z	S011717000691d624a9
354.0736	2026-09-24T12:11:55.911Z	S011717000695d624ad
354.1185	2026-09-24T12:11:55.956Z	W0000018400021de8fd
354.1185	2026-09-24T12:11:55.956Z	R0000018400021de8ff
354.1185	2026-09-24T12:11:55.956Z	E000000000000000000
354.1185	2026-09-24T12:11:55.956Z	M000000000000000000
354.1185	2026-09-24T12:11:55.956Z	Fffffffff0000000000
354.8789	2026-09-24T12:11:56.716Z	S011717000699d624b1
354.9639	2026-09-24T12:11:56.801Z	W0000018500021de901
354.9639	2026-09-24T12:11:56.801Z	R0000018500021de8ff
354.9639	2026-09-24T12:11:56.801Z	E000000000000000000
354.9881	2026-09-24T12:11:56.825Z	M000000000000000000
354.9881	2026-09-24T12:11:56.826Z	Fffffffff0000000000
355.6887	2026-09-24T12:11:57.526Z	S01171700069dd624b5
355.8256	2026-09-24T12:11:57.663Z	W0000018600021de8fd
355.8256	2026-09-24T12:11:57.663Z	R0000018600021de8ff
355.8256	2026-09-24T12:11:57.663Z	E000000000000000000
355.8481	2026-09-24T12:11:57.685Z	M000000000000000000
355.8481	2026-09-24T12:11:57.685Z	Fffffffff0000000000
356.4997	2026-09-24T12:11:58.337Z	S0117170006a1d624b9
356.6867	2026-09-24T12:11:58.524Z	W0000018700021de901
356.6867	2026-09-24T12:11:58.524Z	R0000018700021de8ff
356.6867	2026-09-24T12:11:58.524Z	E000000000000000000
356.6867	2026-09-24T12:11:58.524Z	M000000000000000000
356.6867	2026-09-24T12:11:58.524Z	Fffffffff0000000000
357.3156	2026-09-24T12:11:59.153Z	S0117170006a5d624bd
357.5490	2026-09-24T12:11:59.386Z	W0000018800021de8fd
357.5490	2026-09-24T12:11:59.386Z	R0000018800021de8ff
357.5490	2026-09-24T12:11:59.386Z	E000000000000000000
357.5490	2026-09-24T12:11:59.386Z	M000000000000000000
357.5490	2026-09-24T12:11:59.386Z	Fffffffff0000000000
358.1094	2026-09-24T12:11:59.947Z	S0117170006a9d624c1
358.4040	2026-09-24T12:12:00.241Z	W0000018900021de901
358.4040	2026-09-24T12:12:00.241Z	R0000018900021de8ff
358.4040	2026-09-24T12:12:00.241Z	E000000000000000000
358.4040	2026-09-24T12:12:00.241Z	M000000000000000000
358.4040	2026-09-24T12:12:00.241Z	Fffffffff0000000000
358.9055	2026-09-24T12:12:00.743Z	S0117170006add624c5
359.2626	2026-09-24T12:12:01.100Z	W0000018a00021de8fd
359.2626	2026-09-24T12:12:01.100Z	R0000018a00021de8ff
359.2626	2026-09-24T12:12:01.100Z	E000000000000000000
359.2833	2026-09-24T12:12:01.121Z	M000000000000000000
359.2833	2026-09-24T12:12:01.121Z	Fffffffff0000000000
359.7205	2026-09-24T12:12:01.558Z	S0117170006b1d624c9
360.1294	2026-09-24T12:12:01.967Z	W0000018b00021de901
360.1294	2026-09-24T12:12:01.967Z	R0000018b00021de8ff
360.1294	2026-09-24T12:12:01.967Z	E000000000000000000
360.1294	2026-09-24T12:12:01.967Z	M000000000000000000
360.1294	2026-09-24T12:12:01.967Z	Fffffffff0000000000
360.5394	2026-09-24T12:12:02.377Z	S0117170006b5d624cd
360.9816	2026-09-24T12:12:02.819Z	W0000018c00021de8fd
360.9816	2026-09-24T12:12:02.819Z	R0000018c00021de8ff
360.9816	2026-09-24T12:12:02.819Z	E000000000000000000
361.0064	2026-09-24T12:12:02.844Z	M000000000000000000
361.0064	2026-09-24T12:12:02.844Z	Fffffffff0000000000
361.3214	2026-09-24T12:12:03.159Z	S0117170006b9d624d1
361.8585	2026-09-24T12:12:03.696Z	W0000018d00021de901
361.8585	2026-09-24T12:12:03.696Z	R0000018d00021de8ff
361.8585	2026-09-24T12:12:03.696Z	E000000000000000000
361.8585	2026-09-24T12:12:03.696Z	M000000000000000000
361.8585	2026-09-24T12:12:03.696Z	Fffffffff0000000000
362.1270	2026-09-24T12:12:03.964Z	S0117170006bdd624d5
362.6950	2026-09-24T12:12:04.532Z	W0000018e00021de8fd
362.6950	2026-09-24T12:12:04.532Z	R0000018e00021de8ff
362.6950	2026-09-24T12:12:04.532Z	E000000000000000000
362.7163	2026-09-24T12:12:04.553Z	M000000000000000000
362.7163	2026-09-24T12:12:04.553Z	Fffffffff0000000000
362.9320	2026-09-24T12:12:04.769Z	S0117170006c1d624d9
363.5542	2026-09-24T12:12:05.391Z	W0000018f00021de901
363.5542	2026-09-24T12:12:05.391Z	R0000018f00021de8ff
363.5542	2026-09-24T12:12:05.391Z	E000000000000000000
363.5767	2026-09-24T12:12:05.414Z	M000000000000000000
363.5767	2026-09-24T12:12:05.414Z	Fffffffff0000000000
363.7423	2026-09-24T12:12:05.579Z	S0117170006c5d624dd
364.4179	2026-09-24T12:12:06.255Z	W0000019000021de8fd
364.4179	2026-09-24T12:12:06.255Z	R0000019000021de8ff
364.4179	2026-09-24T12:12:06.255Z	E000000000000000000
364.4428	2026-09-24T12:12:06.280Z	M000000000000000000
364.4428	2026-09-24T12:12:06.280Z	Fffffffff0000000000
364.5566	2026-09-24T12:12:06.394Z	S0117170006c9d624e1
365.2851	2026-09-24T12:12:07.122Z	W0000019100021de901
365.2851	2026-09-24T12:12:07.122Z	R0000019100021de8ff
365.2851	2026-09-24T12:12:07.122Z	E000000000000000000
365.2851	2026-09-24T12:12:07.122Z	M000000000000000000
365.2851	2026-09-24T12:12:07.122Z	Fffffffff0000000000
365.3539	2026-09-24T12:12:07.191Z	S0117170006cdd624e5
366.1388	2026-09-24T12:12:07.976Z	W0000019200021de8fd
366.1388	2026-09-24T12:12:07.976Z	R0000019200021de8ff
366.1388	2026-09-24T12:12:07.976Z	E000000000000000000
366.1388	2026-09-24T12:12:07.976Z	M000000000000000000
366.1388	2026-09-24T12:12:07.976Z	Fffffffff0000000000
366.1602	2026-09-24T12:12:07.997Z	S0117170006d1d624e9
366.9633	2026-09-24T12:12:08.800Z	S0117170006d5d624ed
367.0085	2026-09-24T12:12:08.846Z	W0000019300021de901
367.0085	2026-09-24T12:12:08.846Z	R0000019300021de8ff
367.0085	2026-09-24T12:12:08.846Z	E000000000000000000
367.0085	2026-09-24T12:12:08.846Z	M000000000000000000
367.0085	2026-09-24T12:12:08.846Z	Fffffffff0000000000
367.7800	2026-09-24T12:12:09.617Z	S0117170006d9d624f1
367.8709	2026-09-24T12:12:09.708Z	W0000019400021de8fd
367.8709	2026-09-24T12:12:09.708Z	R0000019400021de8ff
367.8709	2026-09-24T12:12:09.708Z	E000000000000000000
367.8709	2026-09-24T12:12:09.708Z	M000000000000000000
367.8709	2026-09-24T12:12:09.708Z	Fffffffff0000000000
368.5692	2026-09-24T12:12:10.406Z	S0117170006ddd624f5
368.7132	2026-09-24T12:12:10.550Z	W0000019500021de901
368.7132	2026-09-24T12:12:10.550Z	R0000019500021de8ff
368.7132	2026-09-24T12:12:10.550Z	E000000000000000000
368.7379	2026-09-24T12:12:10.575Z	M000000000000000000
368.7379	2026-09-24T12:12:10.575Z	Fffffffff0000000000
369.3819	2026-09-24T12:12:11.219Z	S0117170006e1d624f9
369.5706	2026-09-24T12:12:11.408Z	W0000019600021de8fd
369.5706	2026-09-24T12:12:11.408Z	R0000019600021de8ff
369.5706	2026-09-24T12:12:11.408Z	E000000000000000000
369.5949	2026-09-24T12:12:11.432Z	M000000000000000000
369.5949	2026-09-24T12:12:11.432Z	Fffffffff0000000000
370.2017	2026-09-24T12:12:12.039Z	S0117170006e5d624fd
370.4343	2026-09-24T12:12:12.271Z	W0000019700021de901
370.4343	2026-09-24T12:12:12.271Z	R0000019700021de8ff
370.4343	2026-09-24T12:12:12.271Z	E000000000000000000
370.4343	2026-09-24T12:12:12.271Z	M000000000000000000
370.4343	2026-09-24T12:12:12.271Z	Fffffffff0000000000
370.9910	2026-09-24T12:12:12.828Z	S0117170006e9d62501
371.3104	2026-09-24T12:12:13.147Z	W0000019800021de8fd
371.3104	2026-09-24T12:12:13.147Z	R0000019800021de8ff
371.3104	2026-09-24T12:12:13.147Z	E000000000000000000
371.3104	2026-09-24T12:12:13.147Z	M000000000000000000
371.3104	2026-09-24T12:12:13.147Z	Fffffffff0000000000
371.8042	2026-09-24T12:12:13.641Z	S0117170006edd62505
372.1581	2026-09-24T12:12:13.995Z	W0000019900021de901
372.1581	2026-09-24T12:12:13.995Z	R0000019900021de8ff
372.1581	2026-09-24T12:12:13.995Z	E000000000000000000
372.1581	2026-09-24T12:12:13.995Z	M000000000000000000
372.1581	2026-09-24T12:12:13.995Z	Fffffffff0000000000
372.5957	2026-09-24T12:12:14.433Z	S0117170006f1d62509
373.0136	2026-09-24T12:12:14.850Z	W0000019a00021de8fd
373.0136	2026-09-24T12:12:14.850Z	R0000019a00021de8ff
373.0136	2026-09-24T12:12:14.850Z	E000000000000000000
373.0136	2026-09-24T12:12:14.850Z	M000000000000000000
373.0136	2026-09-24T12:12:14.850Z	Fffffffff0000000000
373.4020	2026-09-24T12:12:15.239Z	S0117170006f5d6250d
373.8658	2026-09-24T12:12:15.703Z	W0000019b00021de901
373.8658	2026-09-24T12:12:15.703Z	R0000019b00021de8ff
373.8658	2026-09-24T12:12:15.703Z	E000000000000000000
373.8899	2026-09-24T12:12:15.727Z	M000000000000000000
373.8899	2026-09-24T12:12:15.727Z	Fffffffff0000000000
374.2224	2026-09-24T12:12:16.059Z	S0117170006f9d62511
374.7288	2026-09-24T12:12:16.566Z	W0000019c00021de8fd
374.7288	2026-09-24T12:12:16.566Z	R0000019c00021de8ff
374.7288	2026-09-24T12:12:16.566Z	E000000000000000000
374.7526	2026-09-24T12:12:16.589Z	M000000000000000000
374.7526	2026-09-24T12:12:16.589Z	Fffffffff0000000000
375.0356	2026-09-24T12:12:16.872Z	S0117170006fdd62515
375.6026	2026-09-24T12:12:17.439Z	W0000019d00021de901
375.6026	2026-09-24T12:12:17.439Z	R0000019d00021de8ff
375.6026	2026-09-24T12:12:17.439Z	E000000000000000000
375.6026	2026-09-24T12:12:17.439Z	M000000000000000000
375.6026	2026-09-24T12:12:17.439Z	Fffffffff0000000000
375.8170	2026-09-24T12:12:17.654Z	S011717000701d62519
376.4589	2026-09-24T12:12:18.296Z	W0000019e00021de8fd
376.4589	2026-09-24T12:12:18.296Z	R0000019e00021de8ff
376.4589	2026-09-24T12:12:18.296Z	E000000000000000000
376.4589	2026-09-24T12:12:18.296Z	M000000000000000000
376.4589	2026-09-24T12:12:18.296Z	Fffffffff0000000000
376.6236	2026-09-24T12:12:18.460Z	S011717000705d6251d
377.3016	2026-09-24T12:12:19.138Z	W0000019f00021de901
377.3016	2026-09-24T12:12:19.138Z	R0000019f00021de8ff
377.3016	2026-09-24T12:12:19.138Z	E000000000000000000
377.3254	2026-09-24T12:12:19.162Z	M000000000000000000
377.3254	2026-09-24T12:12:19.162Z	Fffffffff0000000000
377.4460	2026-09-24T12:12:19.283Z	S011717000709d62521
378.1653	2026-09-24T12:12:20.002Z	W000001a000021de8fd
378.1653	2026-09-24T12:12:20.002Z	R000001a000021de8ff
378.1653	2026-09-24T12:12:20.002Z	E000000000000000000
378.1902	2026-09-24T12:12:20.027Z	M000000000000000000
378.1902	2026-09-24T12:12:20.027Z	Fffffffff0000000000
378.2330	2026-09-24T12:12:20.070Z	S01171700070dd62525
379.0367	2026-09-24T12:12:20.873Z	W000001a100021de901
379.0367	2026-09-24T12:12:20.873Z	R000001a100021de8ff
379.0367	2026-09-24T12:12:20.873Z	E000000000000000000
379.0367	2026-09-24T12:12:20.873Z	M000000000000000000
379.0367	2026-09-24T12:12:20.873Z	Fffffffff0000000000
379.0606	2026-09-24T12:12:20.897Z	S011717000711d62529
379.8585	2026-09-24T12:12:21.695Z	S011717000715d6252d
379.8792	2026-09-24T12:12:21.716Z	W000001a200021de8fd
379.8792	2026-09-24T12:12:21.716Z	R000001a200021de8ff
379.8792	2026-09-24T12:12:21.716Z	E000000000000000000
379.9026	2026-09-24T12:12:21.739Z	M000000000000000000
379.9026	2026-09-24T12:12:21.739Z	Fffffffff0000000000
380.6666	2026-09-24T12:12:22.503Z	S011717000719d62531
380.7385	2026-09-24T12:12:22.575Z	W000001a300021de901
380.7385	2026-09-24T12:12:22.575Z	R000001a300021de8ff
380.7385	2026-09-24T12:12:22.575Z	E000000000000000000
380.7622	2026-09-24T12:12:22.599Z	M000000000000000000
380.7622	2026-09-24T12:12:22.599Z	Fffffffff0000000000
381.4772	2026-09-24T12:12:23.314Z	S01171700071dd62535
381.5977	2026-09-24T12:12:23.434Z	W000001a400021de8fd
381.5977	2026-09-24T12:12:23.434Z	R000001a400021de8ff
381.5977	2026-09-24T12:12:23.434Z	E000000000000000000
381.6215	2026-09-24T12:12:23.458Z	M000000000000000000
381.6215	2026-09-24T12:12:23.458Z	Fffffffff0000000000
382.2818	2026-09-24T12:12:24.118Z	S011717000721d62539
382.4659	2026-09-24T12:12:24.302Z	W000001a500021de901
382.4659	2026-09-24T12:12:24.302Z	R000001a500021de8ff
382.4659	2026-09-24T12:12:24.302Z	E000000000000000000
382.4659	2026-09-24T12:12:24.302Z	M000000000000000000
382.4659	2026-09-24T12:12:24.302Z	Fffffffff0000000000
383.0699	2026-09-24T12:12:24.906Z	S011717000725d6253d
383.3307	2026-09-24T12:12:25.167Z	W000001a600021de8fd
383.3307	2026-09-24T12:12:25.167Z	R000001a600021de8ff
383.3307	2026-09-24T12:12:25.167Z	E000000000000000000
383.3307	2026-09-24T12:12:25.167Z	M000000000000000000
383.3307	2026-09-24T12:12:25.167Z	Fffffffff0000000000
383.8701	2026-09-24T12:12:25.707Z	S011717000729d62541
384.1752	2026-09-24T12:12:26.012Z	W000001a700021de901
384.1752	2026-09-24T12:12:26.012Z	R000001a700021de8ff
384.1752	2026-09-24T12:12:26.012Z	E000000000000000000
384.1954	2026-09-24T12:12:26.032Z	M000000000000000000
384.1954	2026-09-24T12:12:26.032Z	Fffffffff0000000000
384.6861	2026-09-24T12:12:26.523Z	S01171700072dd62545
385.0511	2026-09-24T12:12:26.888Z	W000001a800021de8fd
385.0511	2026-09-24T12:12:26.888Z	R000001a800021de8ff
385.0511	2026-09-24T12:12:26.888Z	E000000000000000000
385.0511	2026-09-24T12:12:26.888Z	M000000000000000000
385.0511	2026-09-24T12:12:26.888Z	Fffffffff0000000000
385.4808	2026-09-24T12:12:27.317Z	S011717000731d62549
385.9132	2026-09-24T12:12:27.750Z	W000001a900021de901
385.9132	2026-09-24T12:12:27.750Z	R000001a900021de8ff
385.9132	2026-09-24T12:12:27.750Z	E000000000000000000
385.9132	2026-09-24T12:12:27.750Z	M000000000000000000
385.9132	2026-09-24T12:12:27.750Z	Fffffffff0000000000
386.3076	2026-09-24T12:12:28.144Z	S011717000735d6254d
386.7609	2026-09-24T12:12:28.597Z	W000001aa00021de8fd
386.7609	2026-09-24T12:12:28.597Z	R000001aa00021de8ff
386.7609	2026-09-24T12:12:28.597Z	E000000000000000000
386.7609	2026-09-24T12:12:28.597Z	M000000000000000000
386.7609	2026-09-24T12:12:28.597Z	Fffffffff0000000000
387.0943	2026-09-24T12:12:28.931Z	S011717000739d62551
387.6299	2026-09-24T12:12:29.466Z	W000001ab00021de901
387.6299	2026-09-24T12:12:29.466Z	R000001ab00021de8ff
387.6299	2026-09-24T12:12:29.466Z	E000000000000000000
387.6299	2026-09-24T12:12:29.466Z	M000000000000000000
387.6299	2026-09-24T12:12:29.466Z	Fffffffff0000000000
387.9177	2026-09-24T12:12:29.754Z	S01171700073dd62555
388.4730	2026-09-24T12:12:30.309Z	W000001ac00021de8fd
388.4730	2026-09-24T12:12:30.309Z	R000001ac00021de8ff
388.4730	2026-09-24T12:12:30.309Z	E000000000000000000
388.4972	2026-09-24T12:12:30.334Z	M000000000000000000
388.4972	2026-09-24T12:12:30.334Z	Fffffffff0000000000
388.7057	2026-09-24T12:12:30.542Z	S011717000741d62559
389.3383	2026-09-24T12:12:31.175Z	W000001ad00021de901
389.3383	2026-09-24T12:12:31.175Z	R000001ad00021de8ff
389.3383	2026-09-24T12:12:31.175Z	E000000000000000000
389.3383	2026-09-24T12:12:31.175Z	M000000000000000000
389.3383	2026-09-24T12:12:31.175Z	Fffffffff0000000000
389.5073	2026-09-24T12:12:31.344Z	S011717000745d6255d
390.2106	2026-09-24T12:12:32.047Z	W000001ae00021de8fd
390.2106	2026-09-24T12:12:32.047Z	R000001ae00021de8ff
390.2106	2026-09-24T12:12:32.047Z	E000000000000000000
390.2106	2026-09-24T12:12:32.047Z	M000000000000000000
390.2106	2026-09-24T12:12:32.047Z	Fffffffff0000000000
390.3352	2026-09-24T12:12:32.172Z	S011717000749d62561
391.0489	2026-09-24T12:12:32.885Z	W000001af00021de901
391.0489	2026-09-24T12:12:32.885Z	R000001af00021de8ff
391.0489	2026-09-24T12:12:32.885Z	E000000000000000000
391.0727	2026-09-24T12:12:32.909Z	M000000000000000000
391.0727	2026-09-24T12:12:32.909Z	Fffffffff0000000000
391.1405	2026-09-24T12:12:32.977Z	S01171700074dd62565
391.9222	2026-09-24T12:12:33.758Z	W000001b000021de8fd
391.9222	2026-09-24T12:12:33.758Z	R000001b000021de8ff
391.9222	2026-09-24T12:12:33.758Z	E000000000000000000
391.9222	2026-09-24T12:12:33.758Z	M000000000000000000
391.9222	2026-09-24T12:12:33.758Z	Fffffffff0000000000
391.9470	2026-09-24T12:12:33.783Z	S011717000751d62569
392.7522	2026-09-24T12:12:34.588Z	S011717000755d6256d
392.7724	2026-09-24T12:12:34.609Z	W000001b100021de901
392.7724	2026-09-24T12:12:34.609Z	R000001b100021de8ff
392.7724	2026-09-24T12:12:34.609Z	E000000000000000000
392.7724	2026-09-24T12:12:34.609Z	M000000000000000000
392.7724	2026-09-24T12:12:34.609Z	Fffffffff0000000000
393.5475	2026-09-24T12:12:35.384Z	S011717000759d62571
393.6454	2026-09-24T12:12:35.482Z	W000001b200021de8fd
393.6454	2026-09-24T12:12:35.482Z	R000001b200021de8ff
393.6454	2026-09-24T12:12:35.482Z	E000000000000000000
393.6454	2026-09-24T12:12:35.482Z	M000000000000000000
393.6454	2026-09-24T12:12:35.482Z	Fffffffff0000000000
394.3630	2026-09-24T12:12:36.199Z	S01171700075dd62575
394.5084	2026-09-24T12:12:36.345Z	W000001b300021de901
394.5084	2026-09-24T12:12:36.345Z	R000001b300021de8ff
394.5084	2026-09-24T12:12:36.345Z	E000000000000000000
394.5084	2026-09-24T12:12:36.345Z	M000000000000000000
394.5084	2026-09-24T12:12:36.345Z	Fffffffff0000000000
395.1512	2026-09-24T12:12:36.987Z	S011717000761d62579
395.3450	2026-09-24T12:12:37.181Z	W000001b400021de8fd
395.3450	2026-09-24T12:12:37.181Z	R000001b400021de8ff
395.3450	2026-09-24T12:12:37.181Z	E000000000000000000
395.3688	2026-09-24T12:12:37.205Z	M000000000000000000
395.3688	2026-09-24T12:12:37.205Z	Fffffffff0000000000
395.9525	2026-09-24T12:12:37.789Z	S011717000765d6257d
396.2154	2026-09-24T12:12:38.052Z	W000001b500021de901
396.2154	2026-09-24T12:12:38.052Z	R000001b500021de8ff
396.2154	2026-09-24T12:12:38.052Z	E000000000000000000
396.2154	2026-09-24T12:12:38.052Z	M000000000000000000
396.2154	2026-09-24T12:12:38.052Z	Fffffffff0000000000
396.7576	2026-09-24T12:12:38.594Z	S011717000769d62581
397.0690	2026-09-24T12:12:38.905Z	W000001b600021de8fd
397.0690	2026-09-24T12:12:38.905Z	R000001b600021de8ff
397.0690	2026-09-24T12:12:38.905Z	E000000000000000000
397.0690	2026-09-24T12:12:38.905Z	M000000000000000000
397.0690	2026-09-24T12:12:38.905Z	Fffffffff0000000000
397.5660	2026-09-24T12:12:39.402Z	S01171700076dd62585
397.9271	2026-09-24T12:12:39.763Z	W000001b700021de901
397.9271	2026-09-24T12:12:39.763Z	R000001b700021de8ff
397.9271	2026-09-24T12:12:39.763Z	E000000000000000000
397.9495	2026-09-24T12:12:39.786Z	M000000000000000000
397.9495	2026-09-24T12:12:39.786Z	Fffffffff0000000000
398.3736	2026-09-24T12:12:40.210Z	S011717000771d62589
398.7818	2026-09-24T12:12:40.618Z	W000001b800021de8fd
398.7818	2026-09-24T12:12:40.618Z	R000001b800021de8ff
398.7818	2026-09-24T12:12:40.618Z	E000000000000000000
398.8056	2026-09-24T12:12:40.642Z	M000000000000000000
398.8056	2026-09-24T12:12:40.642Z	Fffffffff0000000000
399.1710	2026-09-24T12:12:41.007Z	S011717000775d6258d
399.6565	2026-09-24T12:12:41.493Z	W000001b900021de901
399.6565	2026-09-24T12:12:41.493Z	R000001b900021de8ff
399.6565	2026-09-24T12:12:41.493Z	E000000000000000000
399.6565	2026-09-24T12:12:41.493Z	M000000000000000000
399.6565	2026-09-24T12:12:41.493Z	Fffffffff0000000000
399.9922	2026-09-24T12:12:41.828Z	S011717000779d62591
400.5002	2026-09-24T12:12:42.336Z	W000001ba00021de8fd
400.5002	2026-09-24T12:12:42.336Z	R000001ba00021de8ff
400.5002	2026-09-24T12:12:42.336Z	E000000000000000000
400.5240	2026-09-24T12:12:42.360Z	M000000000000000000
400.5240	2026-09-24T12:12:42.360Z	Fffffffff0000000000
400.7923	2026-09-24T12:12:42.628Z	S01171700077dd62595
401.3616	2026-09-24T12:12:43.198Z	W000001bb00021de901
401.3616	2026-09-24T12:12:43.198Z	R000001bb00021de8ff
401.3616	2026-09-24T12:12:43.198Z	E000000000000000000
401.3860	2026-09-24T12:12:43.222Z	M000000000000000000
401.3860	2026-09-24T12:12:43.222Z	Fffffffff0000000000
401.6011	2026-09-24T12:12:43.437Z	S011717000781d62599
402.2367	2026-09-24T12:12:44.073Z	W000001bc00021de8fd
402.2367	2026-09-24T12:12:44.073Z	R000001bc00021de8ff
402.2367	2026-09-24T12:12:44.073Z	E000000000000000000
402.2367	2026-09-24T12:12:44.073Z	M000000000000000000
402.2367	2026-09-24T12:12:44.073Z	Fffffffff0000000000
402.4050	2026-09-24T12:12:44.241Z	S011717000785d6259d
403.0787	2026-09-24T12:12:44.915Z	W000001bd00021de901
403.0787	2026-09-24T12:12:44.915Z	R000001bd00021de8ff
403.0787	2026-09-24T12:12:44.915Z	E000000000000000000
403.1027	2026-09-24T12:12:44.939Z	M000000000000000000
403.1027	2026-09-24T12:12:44.939Z	Fffffffff0000000000
403.2197	2026-09-24T12:12:45.056Z	S011717000789d625a1
403.9395	2026-09-24T12:12:45.775Z	W000001be00021de8fd
403.9395	2026-09-24T12:12:45.775Z	R000001be00021de8ff
403.9395	2026-09-24T12:12:45.775Z	E000000000000000000
403.9639	2026-09-24T12:12:45.800Z	M000000000000000000
403.9639	2026-09-24T12:12:45.800Z	Fffffffff0000000000
404.0105	2026-09-24T12:12:45.846Z	S01171700078dd625a5
404.7964	2026-09-24T12:12:46.632Z	W000001bf00021de901
404.7964	2026-09-24T12:12:46.632Z	R000001bf00021de8ff
404.7964	2026-09-24T12:12:46.632Z	E000000000000000000
404.8185	2026-09-24T12:12:46.654Z	M000000000000000000
404.8185	2026-09-24T12:12:46.654Z	Fffffffff0000000000
404.8185	2026-09-24T12:12:46.654Z	S011717000791d625a9
405.6145	2026-09-24T12:12:47.450Z	S011717000795d625ad
405.6605	2026-09-24T12:12:47.496Z	W000001c000021de8fd
405.6605	2026-09-24T12:12:47.496Z	R000001c000021de8ff
405.6605	2026-09-24T12:12:47.496Z	E000000000000000000
405.6856	2026-09-24T12:12:47.521Z	M000000000000000000
405.6856	2026-09-24T12:12:47.521Z	Fffffffff0000000000
406.4295	2026-09-24T12:12:48.265Z	S011717000799d625b1
406.5259	2026-09-24T12:12:48.362Z	W000001c100021de901
406.5259	2026-09-24T12:12:48.362Z	R000001c100021de8ff
406.5259	2026-09-24T12:12:48.362Z	E000000000000000000
406.5259	2026-09-24T12:12:48.362Z	M000000000000000000
406.5259	2026-09-24T12:12:48.362Z	Fffffffff0000000000
407.2427	2026-09-24T12:12:49.079Z	S01171700079dd625b5
407.3790	2026-09-24T12:12:49.215Z	W000001c200021de8fd
407.3790	2026-09-24T12:12:49.215Z	R000001c200021de8ff
407.3790	2026-09-24T12:12:49.215Z	E000000000000000000
407.3790	2026-09-24T12:12:49.215Z	M000000000000000000
407.3790	2026-09-24T12:12:49.215Z	Fffffffff0000000000
408.0417	2026-09-24T12:12:49.878Z	S0117170007a1d625b9
408.2332	2026-09-24T12:12:50.069Z	W000001c300021de901
408.2332	2026-09-24T12:12:50.069Z	R000001c300021de8ff
408.2332	2026-09-24T12:12:50.069Z	E000000000000000000
408.2571	2026-09-24T12:12:50.093Z	M000000000000000000
408.2571	2026-09-24T12:12:50.093Z	Fffffffff0000000000
408.8501	2026-09-24T12:12:50.686Z	S0117170007a5d625bd
409.0941	2026-09-24T12:12:50.930Z	W000001c400021de8fd
409.0941	2026-09-24T12:12:50.930Z	R000001c400021de8ff
409.0941	2026-09-24T12:12:50.930Z	E000000000000000000
409.1183	2026-09-24T12:12:50.954Z	M000000000000000000
409.1183	2026-09-24T12:12:50.954Z	Fffffffff0000000000
409.6503	2026-09-24T12:12:51.486Z	S0117170007a9d625c1
409.9658	2026-09-24T12:12:51.802Z	W000001c500021de901
409.9658	2026-09-24T12:12:51.802Z	R000001c500021de8ff
409.9658	2026-09-24T12:12:51.802Z	E000000000000000000
409.9658	2026-09-24T12:12:51.802Z	M000000000000000000
409.9658	2026-09-24T12:12:51.802Z	Fffffffff0000000000
410.4466	2026-09-24T12:12:52.282Z	S0117170007add625c5
410.8134	2026-09-24T12:12:52.649Z	W000001c600021de8fd
410.8134	2026-09-24T12:12:52.649Z	R000001c600021de8ff
410.8134	2026-09-24T12:12:52.649Z	E000000000000000000
410.8379	2026-09-24T12:12:52.674Z	M000000000000000000
410.8379	2026-09-24T12:12:52.674Z	Fffffffff0000000000
411.2513	2026-09-24T12:12:53.087Z	S0117170007b1d625c9
411.6820	2026-09-24T12:12:53.518Z	W000001c700021de901
411.6820	2026-09-24T12:12:53.518Z	R000001c700021de8ff
411.6820	2026-09-24T12:12:53.518Z	E000000000000000000
411.6820	2026-09-24T12:12:53.518Z	M000000000000000000
411.6820	2026-09-24T12:12:53.518Z	Fffffffff0000000000
412.0690	2026-09-24T12:12:53.905Z	S0117170007b5d625cd
412.5292	2026-09-24T12:12:54.365Z	W000001c800021de8fd
412.5292	2026-09-24T12:12:54.365Z	R000001c800021de8ff
412.5292	2026-09-24T12:12:54.365Z	E000000000000000000
412.5530	2026-09-24T12:12:54.389Z	M000000000000000000
412.5530	2026-09-24T12:12:54.389Z	Fffffffff0000000000
412.8638	2026-09-24T12:12:54.699Z	S0117170007b9d625d1
413.3941	2026-09-24T12:12:55.230Z	W000001c900021de901
413.3941	2026-09-24T12:12:55.230Z	R000001c900021de8ff
413.3941	2026-09-24T12:12:55.230Z	E000000000000000000
413.3941	2026-09-24T12:12:55.230Z	M000000000000000000
413.3941	2026-09-24T12:12:55.230Z	Fffffffff0000000000
413.6665	2026-09-24T12:12:55.502Z	S0117170007bdd625d5
414.2477	2026-09-24T12:12:56.083Z	W000001ca00021de8fd
414.2477	2026-09-24T12:12:56.083Z	R000001ca00021de8ff
414.2477	2026-09-24T12:12:56.083Z	E000000000000000000
414.2690	2026-09-24T12:12:56.105Z	M000000000000000000
414.2690	2026-09-24T12:12:56.105Z	Fffffffff0000000000
414.4840	2026-09-24T12:12:56.320Z	S0117170007c1d625d9
415.1069	2026-09-24T12:12:56.942Z	W000001cb00021de901
415.1069	2026-09-24T12:12:56.943Z	R000001cb00021de8ff
415.1069	2026-09-24T12:12:56.943Z	E000000000000000000
415.1307	2026-09-24T12:12:56.966Z	M000000000000000000
415.1307	2026-09-24T12:12:56.966Z	Fffffffff0000000000
415.2963	2026-09-24T12:12:57.132Z	S0117170007c5d625dd
415.9807	2026-09-24T12:12:57.816Z	W000001cc00021de8fd
415.9807	2026-09-24T12:12:57.816Z	R000001cc00021de8ff
415.9807	2026-09-24T12:12:57.816Z	E000000000000000000
415.9807	2026-09-24T12:12:57.816Z	M000000000000000000
415.9807	2026-09-24T12:12:57.816Z	Fffffffff0000000000
416.0950	2026-09-24T12:12:57.931Z	S0117170007c9d625e1
416.8322	2026-09-24T12:12:58.668Z	W000001cd00021de901
416.8322	2026-09-24T12:12:58.668Z	R000001cd00021de8ff
416.8322	2026-09-24T12:12:58.668Z	E000000000000000000
416.8322	2026-09-24T12:12:58.668Z	M000000000000000000
416.8322	2026-09-24T12:12:58.668Z	Fffffffff0000000000
416.8991	2026-09-24T12:12:58.735Z	S0117170007cdd625e5
417.7066	2026-09-24T12:12:59.542Z	W000001ce00021de8fd
417.7066	2026-09-24T12:12:59.542Z	R000001ce00021de8ff
417.7066	2026-09-24T12:12:59.542Z	E000000000000000000
417.7066	2026-09-24T12:12:59.542Z	M000000000000000000
417.7066	2026-09-24T12:12:59.542Z	Fffffffff0000000000
417.7066	2026-09-24T12:12:59.542Z	S0117170007d1d625e9
418.5190	2026-09-24T12:13:00.355Z	S0117170007d5d625ed
418.5438	2026-09-24T12:13:00.379Z	W000001cf00021de901
418.5438	2026-09-24T12:13:00.379Z	R000001cf00021de8ff
418.5438	2026-09-24T12:13:00.379Z	E000000000000000000
418.5672	2026-09-24T12:13:00.403Z	M000000000000000000
418.5672	2026-09-24T12:13:00.403Z	Fffffffff0000000000
419.3038	2026-09-24T12:13:01.139Z	S0117170007d9d625f1
419.4256	2026-09-24T12:13:01.261Z	W000001d000021de8fd
419.4256	2026-09-24T12:13:01.261Z	R000001d000021de8ff
419.4256	2026-09-24T12:13:01.261Z	E000000000000000000
419.4256	2026-09-24T12:13:01.261Z	M000000000000000000
419.4256	2026-09-24T12:13:01.261Z	Fffffffff0000000000
420.1296	2026-09-24T12:13:01.965Z	S0117170007ddd625f5
420.2645	2026-09-24T12:13:02.100Z	W000001d100021de901
420.2645	2026-09-24T12:13:02.100Z	R000001d100021de8ff
420.2645	2026-09-24T12:13:02.100Z	E000000000000000000
420.2884	2026-09-24T12:13:02.124Z	M000000000000000000
420.2884	2026-09-24T12:13:02.124Z	Fffffffff0000000000
420.9145	2026-09-24T12:13:02.750Z	S0117170007e1d625f9
421.1239	2026-09-24T12:13:02.959Z	W000001d200021de8fd
421.1239	2026-09-24T12:13:02.959Z	R000001d200021de8ff
421.1239	2026-09-24T12:13:02.959Z	E000000000000000000
421.1470	2026-09-24T12:13:02.982Z	M000000000000000000
421.1470	2026-09-24T12:13:02.982Z	Fffffffff0000000000
421.7375	2026-09-24T12:13:03.573Z	S0117170007e5d625fd
421.9806	2026-09-24T12:13:03.816Z	W000001d300021de901
421.9806	2026-09-24T12:13:03.816Z	R000001d300021de8ff
421.9806	2026-09-24T12:13:03.816Z	E000000000000000000
422.0023	2026-09-24T12:13:03.838Z	M000000000000000000
422.0023	2026-09-24T12:13:03.838Z	Fffffffff0000000000
422.5252	2026-09-24T12:13:04.361Z	S0117170007e9d62601
422.8487	2026-09-24T12:13:04.684Z	W000001d400021de8fd
422.8487	2026-09-24T12:13:04.684Z	R000001d400021de8ff
422.8487	2026-09-24T12:13:04.684Z	E000000000000000000
422.8487	2026-09-24T12:13:04.684Z	M000000000000000000
422.8487	2026-09-24T12:13:04.684Z	Fffffffff0000000000
423.3426	2026-09-24T12:13:05.178Z	S0117170007edd62605
423.7175	2026-09-24T12:13:05.553Z	W000001d500021de901
423.7175	2026-09-24T12:13:05.553Z	R000001d500021de8ff
423.7175	2026-09-24T12:13:05.553Z	E000000000000000000
423.7175	2026-09-24T12:13:05.553Z	M000000000000000000
423.7175	2026-09-24T12:13:05.553Z	Fffffffff0000000000
424.1586	2026-09-24T12:13:05.994Z	S0117170007f1d62609
424.5583	2026-09-24T12:13:06.394Z	W000001d600021de8fd
424.5583	2026-09-24T12:13:06.394Z	R000001d600021de8ff
424.5583	2026-09-24T12:13:06.394Z	E000000000000000000
424.5820	2026-09-24T12:13:06.417Z	M000000000000000000
424.5820	2026-09-24T12:13:06.417Z	Fffffffff0000000000
424.9418	2026-09-24T12:13:06.777Z	S0117170007f5d6260d
425.4329	2026-09-24T12:13:07.268Z	W000001d700021de901
425.4329	2026-09-24T12:13:07.268Z	R000001d700021de8ff
425.4329	2026-09-24T12:13:07.268Z	E000000000000000000
425.4329	2026-09-24T12:13:07.268Z	M000000000000000000
425.4329	2026-09-24T12:13:07.268Z	Fffffffff0000000000
425.7686	2026-09-24T12:13:07.604Z	S0117170007f9d62611
426.2767	2026-09-24T12:13:08.112Z	W000001d800021de8fd
426.2767	2026-09-24T12:13:08.112Z	R000001d800021de8ff
426.2767	2026-09-24T12:13:08.112Z	E000000000000000000
426.2993	2026-09-24T12:13:08.135Z	M000000000000000000
426.2993	2026-09-24T12:13:08.135Z	Fffffffff0000000000
426.5536	2026-09-24T12:13:08.389Z	S0117170007fdd62615
427.1444	2026-09-24T12:13:08.980Z	W000001d900021de901
427.1444	2026-09-24T12:13:08.980Z	R000001d900021de8ff
427.1444	2026-09-24T12:13:08.980Z	E000000000000000000
427.1444	2026-09-24T12:13:08.980Z	M000000000000000000
427.1444	2026-09-24T12:13:08.980Z	Fffffffff0000000000
427.3659	2026-09-24T12:13:09.201Z	S011717000801d62619
427.9953	2026-09-24T12:13:09.831Z	W000001da00021de8fd
427.9953	2026-09-24T12:13:09.831Z	R000001da00021de8ff
427.9953	2026-09-24T12:13:09.831Z	E000000000000000000
428.0157	2026-09-24T12:13:09.851Z	M000000000000000000
428.0157	2026-09-24T12:13:09.851Z	Fffffffff0000000000
428.1763	2026-09-24T12:13:10.012Z	S011717000805d6261d
428.8561	2026-09-24T12:13:10.691Z	W000001db00021de901
428.8561	2026-09-24T12:13:10.691Z	R000001db00021de8ff
428.8561	2026-09-24T12:13:10.691Z	E000000000000000000
428.8803	2026-09-24T12:13:10.716Z	M000000000000000000
428.8803	2026-09-24T12:13:10.716Z	Fffffffff0000000000
428.9724	2026-09-24T12:13:10.808Z	S011717000809d62621
429.7273	2026-09-24T12:13:11.563Z	W000001dc00021de8fd
429.7273	2026-09-24T12:13:11.563Z	R000001dc00021de8ff
429.7273	2026-09-24T12:13:11.563Z	E000000000000000000
429.7273	2026-09-24T12:13:11.563Z	M000000000000000000
429.7273	2026-09-24T12:13:11.563Z	Fffffffff0000000000
429.7923	2026-09-24T12:13:11.628Z	S01171700080dd62625
430.5850	2026-09-24T12:13:12.420Z	W000001dd00021de901
430.5850	2026-09-24T12:13:12.420Z	R000001dd00021de8ff
430.5850	2026-09-24T12:13:12.420Z	E000000000000000000
430.5850	2026-09-24T12:13:12.420Z	M000000000000000000
430.5850	2026-09-24T12:13:12.420Z	Fffffffff0000000000
430.5850	2026-09-24T12:13:12.420Z	S011717000811d62629
431.3956	2026-09-24T12:13:13.231Z	S011717000815d7c91f
431.4416	2026-09-24T12:13:13.277Z	W000001de00021de8fd
431.4416	2026-09-24T12:13:13.277Z	R000001de00021de8ff
431.4416	2026-09-24T12:13:13.277Z	E000000000000000000
431.4416	2026-09-24T12:13:13.277Z	M000000000000000000
431.4416	2026-09-24T12:13:13.277Z	Fffffffff0000000000
432.1932	2026-09-24T12:13:14.028Z	S011717000819d7c923
432.2912	2026-09-24T12:13:14.126Z	W000001df00021de901
432.2912	2026-09-24T12:13:14.126Z	R000001df00021de8ff
432.2912	2026-09-24T12:13:14.126Z	E000000000000000000
432.3151	2026-09-24T12:13:14.150Z	M000000000000000000
432.3151	2026-09-24T12:13:14.150Z	Fffffffff0000000000
432.9982	2026-09-24T12:13:14.833Z	S01171700081dd7c927
433.1658	2026-09-24T12:13:15.001Z	W000001e000021de8fd
433.1658	2026-09-24T12:13:15.001Z	R000001e000021de8ff
433.1658	2026-09-24T12:13:15.001Z	E000000000000000000
433.1658	2026-09-24T12:13:15.001Z	M000000000000000000
433.1658	2026-09-24T12:13:15.001Z	Fffffffff0000000000
433.8018	2026-09-24T12:13:15.637Z	S011717000821d7c92b
434.0101	2026-09-24T12:13:15.845Z	W000001e100021de901
434.0101	2026-09-24T12:13:15.845Z	R000001e100021de8ff
434.0101	2026-09-24T12:13:15.845Z	E000000000000000000
434.0320	2026-09-24T12:13:15.867Z	M000000000000000000
434.0320	2026-09-24T12:13:15.867Z	Fffffffff0000000000
434.6061	2026-09-24T12:13:16.441Z	S011717000825d7c92f
434.8869	2026-09-24T12:13:16.722Z	W000001e200021de8fd
434.8869	2026-09-24T12:13:16.722Z	R000001e200021de8ff
434.8869	2026-09-24T12:13:16.722Z	E000000000000000000
434.8869	2026-09-24T12:13:16.722Z	M000000000000000000
434.8869	2026-09-24T12:13:16.722Z	Fffffffff0000000000
435.4173	2026-09-24T12:13:17.252Z	S011717000829d7c933
435.7482	2026-09-24T12:13:17.583Z	W000001e300021de901
435.7482	2026-09-24T12:13:17.583Z	R000001e300021de8ff
435.7482	2026-09-24T12:13:17.583Z	E000000000000000000
435.7482	2026-09-24T12:13:17.583Z	M000000000000000000
435.7482	2026-09-24T12:13:17.583Z	Fffffffff0000000000
436.2167	2026-09-24T12:13:18.052Z	S01171700082dd7c937
436.6085	2026-09-24T12:13:18.444Z	W000001e400021de8fd
436.6085	2026-09-24T12:13:18.444Z	R000001e400021de8ff
436.6085	2026-09-24T12:13:18.444Z	E000000000000000000
436.6085	2026-09-24T12:13:18.444Z	M000000000000000000
436.6085	2026-09-24T12:13:18.444Z	Fffffffff0000000000
437.0412	2026-09-24T12:13:18.876Z	S011717000831d7c93b
437.4649	2026-09-24T12:13:19.300Z	W000001e500021de901
437.4649	2026-09-24T12:13:19.300Z	R000001e500021de8ff
437.4649	2026-09-24T12:13:19.300Z	E000000000000000000
437.4649	2026-09-24T12:13:19.300Z	M000000000000000000
437.4649	2026-09-24T12:13:19.300Z	Fffffffff0000000000
437.8305	2026-09-24T12:13:19.665Z	S011717000835d7c93f
438.3264	2026-09-24T12:13:20.161Z	W000001e600021de8fd
438.3264	2026-09-24T12:13:20.161Z	R000001e600021de8ff
438.3264	2026-09-24T12:13:20.161Z	E000000000000000000
438.3264	2026-09-24T12:13:20.161Z	M000000000000000000
438.3264	2026-09-24T12:13:20.161Z	Fffffffff0000000000
438.6524	2026-09-24T12:13:20.487Z	S011717000839d7c943
439.1650	2026-09-24T12:13:21.000Z	W000001e700021de901
439.1650	2026-09-24T12:13:21.000Z	R000001e700021de8ff
439.1650	2026-09-24T12:13:21.000Z	E000000000000000000
439.1888	2026-09-24T12:13:21.024Z	M000000000000000000
439.1888	2026-09-24T12:13:21.024Z	Fffffffff0000000000
439.4487	2026-09-24T12:13:21.284Z	S01171700083dd7c947
440.0250	2026-09-24T12:13:21.860Z	W000001e800021de8fd
440.0250	2026-09-24T12:13:21.860Z	R000001e800021de8ff
440.0250	2026-09-24T12:13:21.860Z	E000000000000000000
440.0473	2026-09-24T12:13:21.882Z	M000000000000000000
440.0473	2026-09-24T12:13:21.882Z	Fffffffff0000000000
440.2668	2026-09-24T12:13:22.102Z	S011717000841d7c94b
440.8989	2026-09-24T12:13:22.734Z	W000001e900021de901
440.8989	2026-09-24T12:13:22.734Z	R000001e900021de8ff
440.8989	2026-09-24T12:13:22.734Z	E000000000000000000
440.8989	2026-09-24T12:13:22.734Z	M000000000000000000
440.8989	2026-09-24T12:13:22.734Z	Fffffffff0000000000
441.0669	2026-09-24T12:13:22.902Z	S011717000845d7c94f
441.7449	2026-09-24T12:13:23.580Z	W000001ea00021de8fd
441.7449	2026-09-24T12:13:23.580Z	R000001ea00021de8ff
441.7449	2026-09-24T12:13:23.580Z	E000000000000000000
441.7670	2026-09-24T12:13:23.602Z	M000000000000000000
441.7670	2026-09-24T12:13:23.602Z	Fffffffff0000000000
441.8607	2026-09-24T12:13:23.696Z	S011717000849d7c953
442.6222	2026-09-24T12:13:24.457Z	W000001eb00021de901
442.6222	2026-09-24T12:13:24.457Z	R000001eb00021de8ff
442.6222	2026-09-24T12:13:24.457Z	E000000000000000000
442.6222	2026-09-24T12:13:24.457Z	M000000000000000000
442.6222	2026-09-24T12:13:24.457Z	Fffffffff0000000000
442.6671	2026-09-24T12:13:24.502Z	S01171700084dd7c957
443.4725	2026-09-24T12:13:25.307Z	W000001ec00021de8fd
443.4725	2026-09-24T12:13:25.307Z	R000001ec00021de8ff
443.4725	2026-09-24T12:13:25.307Z	E000000000000000000
443.4725	2026-09-24T12:13:25.307Z	M000000000000000000
443.4725	2026-09-24T12:13:25.307Z	S011717000851d7c95b
443.4725	2026-09-24T12:13:25.307Z	Fffffffff0000000000
444.2877	2026-09-24T12:13:26.122Z	S011717000855d9a76d
444.3332	2026-09-24T12:13:26.168Z	W000001ed00021de8fc
444.3332	2026-09-24T12:13:26.168Z	R000001ed00021de900
444.3332	2026-09-24T12:13:26.168Z	E000000000000000000
444.3332	2026-09-24T12:13:26.168Z	M000000000000000000
444.3332	2026-09-24T12:13:26.168Z	Fffffffff0000000000
445.0945	2026-09-24T12:13:26.929Z	S011717000859d9a771
445.1830	2026-09-24T12:13:27.018Z	W000001ee00021de8fc
445.1830	2026-09-24T12:13:27.018Z	R000001ee00021de900
445.1830	2026-09-24T12:13:27.018Z	E000000000000000000
445.2071	2026-09-24T12:13:27.042Z	M000000000000000000
445.2071	2026-09-24T12:13:27.042Z	Fffffffff0000000000
445.9013	2026-09-24T12:13:27.736Z	S01171700085dd9a775
446.0424	2026-09-24T12:13:27.877Z	W000001ef00021de8fd
446.0424	2026-09-24T12:13:27.877Z	R000001ef00021de8ff
446.0424	2026-09-24T12:13:27.877Z	E000000000000000000
446.0669	2026-09-24T12:13:27.902Z	M000000000000000000
446.0669	2026-09-24T12:13:27.902Z	Fffffffff0000000000
446.6955	2026-09-24T12:13:28.530Z	S011717000861d9a779
446.9118	2026-09-24T12:13:28.747Z	W000001f000021de8fd
446.9118	2026-09-24T12:13:28.747Z	R000001f000021de8ff
446.9118	2026-09-24T12:13:28.747Z	E000000000000000000
446.9118	2026-09-24T12:13:28.747Z	M000000000000000000
446.9118	2026-09-24T12:13:28.747Z	Fffffffff0000000000
447.4926	2026-09-24T12:13:29.327Z	S011717000865d9a77d
447.7589	2026-09-24T12:13:29.594Z	W000001f100021de8fd
447.7589	2026-09-24T12:13:29.594Z	R000001f100021de900
447.7589	2026-09-24T12:13:29.594Z	E000000000000000000
447.7828	2026-09-24T12:13:29.617Z	M000000000000000000
447.7828	2026-09-24T12:13:29.618Z	Fffffffff0000000000
448.2999	2026-09-24T12:13:30.135Z	S011717000869d9a781
448.6181	2026-09-24T12:13:30.453Z	W000001f200021de8fe
448.6181	2026-09-24T12:13:30.453Z	R000001f200021de900
448.6181	2026-09-24T12:13:30.453Z	E000000000000000000
448.6421	2026-09-24T12:13:30.477Z	M000000000000000000
448.6421	2026-09-24T12:13:30.477Z	Fffffffff0000000000
449.1031	2026-09-24T12:13:30.938Z	S01171700086dd9a785
449.4775	2026-09-24T12:13:31.312Z	W000001f300021de8fd
449.4775	2026-09-24T12:13:31.312Z	R000001f300021de900
449.4775	2026-09-24T12:13:31.312Z	E000000000000000000
449.5002	2026-09-24T12:13:31.335Z	M000000000000000000
449.5002	2026-09-24T12:13:31.335Z	Fffffffff0000000000
449.9311	2026-09-24T12:13:31.766Z	S011717000871d9a789
450.3576	2026-09-24T12:13:32.192Z	W000001f400021de8fd
450.3576	2026-09-24T12:13:32.192Z	R000001f400021de900
450.3576	2026-09-24T12:13:32.192Z	E000000000000000000
450.3576	2026-09-24T12:13:32.192Z	M000000000000000000
450.3576	2026-09-24T12:13:32.192Z	Fffffffff0000000000
450.7329	2026-09-24T12:13:32.567Z	S011717000875d9a78d
451.2112	2026-09-24T12:13:33.046Z	W000001f500021de8fc
451.2112	2026-09-24T12:13:33.046Z	R000001f500021de900
451.2112	2026-09-24T12:13:33.046Z	E000000000000000000
451.2112	2026-09-24T12:13:33.046Z	M000000000000000000
451.2112	2026-09-24T12:13:33.046Z	Fffffffff0000000000
451.5190	2026-09-24T12:13:33.354Z	S011717000879d9a791
452.0597	2026-09-24T12:13:33.894Z	W000001f600021de8fc
452.0597	2026-09-24T12:13:33.894Z	R000001f600021de900
452.0597	2026-09-24T12:13:33.894Z	E000000000000000000
452.0597	2026-09-24T12:13:33.894Z	M000000000000000000
452.0597	2026-09-24T12:13:33.894Z	Fffffffff0000000000
452.3470	2026-09-24T12:13:34.182Z	S01171700087dd9a795
452.9316	2026-09-24T12:13:34.766Z	W000001f700021de8fd
452.9316	2026-09-24T12:13:34.766Z	R000001f700021de8ff
452.9316	2026-09-24T12:13:34.766Z	E000000000000000000
452.9316	2026-09-24T12:13:34.766Z	M000000000000000000
452.9316	2026-09-24T12:13:34.766Z	Fffffffff0000000000
453.1462	2026-09-24T12:13:34.981Z	S011717000881d9a799
453.7732	2026-09-24T12:13:35.608Z	W000001f800021de8fd
453.7732	2026-09-24T12:13:35.608Z	R000001f800021de8ff
453.7732	2026-09-24T12:13:35.608Z	E000000000000000000
453.7971	2026-09-24T12:13:35.632Z	M000000000000000000
453.7971	2026-09-24T12:13:35.632Z	Fffffffff0000000000
453.9400	2026-09-24T12:13:35.774Z	S011717000885d9a79d
454.6347	2026-09-24T12:13:36.469Z	W000001f900021de8fd
454.6347	2026-09-24T12:13:36.469Z	R000001f900021de900
454.6347	2026-09-24T12:13:36.469Z	E000000000000000000
454.6593	2026-09-24T12:13:36.494Z	M000000000000000000
454.6593	2026-09-24T12:13:36.494Z	Fffffffff0000000000
454.7492	2026-09-24T12:13:36.584Z	S011717000889d9a7a1
455.4917	2026-09-24T12:13:37.326Z	W000001fa00021de8fe
455.4917	2026-09-24T12:13:37.326Z	R000001fa00021de900
455.4917	2026-09-24T12:13:37.326Z	E000000000000000000
455.5156	2026-09-24T12:13:37.350Z	M000000000000000000
455.5156	2026-09-24T12:13:37.350Z	Fffffffff0000000000
455.5646	2026-09-24T12:13:37.399Z	S01171700088dd9a7a5
456.3529	2026-09-24T12:13:38.187Z	W000001fb00021de8fd
456.3529	2026-09-24T12:13:38.187Z	R000001fb00021de900
456.3529	2026-09-24T12:13:38.187Z	S011717000891d9a7a9
456.3759	2026-09-24T12:13:38.210Z	E000000000000000000
456.3759	2026-09-24T12:13:38.210Z	M000000000000000000
456.3759	2026-09-24T12:13:38.210Z	Fffffffff0000000000
457.1709	2026-09-24T12:13:39.005Z	S011717000895db85a4
457.2119	2026-09-24T12:13:39.046Z	W000001fc00021de8fd
457.2119	2026-09-24T12:13:39.046Z	R000001fc00021de900
457.2119	2026-09-24T12:13:39.046Z	E000000000000000000
457.2357	2026-09-24T12:13:39.070Z	M000000000000000000
457.2357	2026-09-24T12:13:39.070Z	Fffffffff0000000000
457.9849	2026-09-24T12:13:39.819Z	S011717000899db85a8
458.0749	2026-09-24T12:13:39.909Z	W000001fd00021de8fd
458.0749	2026-09-24T12:13:39.909Z	R000001fd00021de901
458.0749	2026-09-24T12:13:39.909Z	E000000000000000000
458.0994	2026-09-24T12:13:39.934Z	M000000000000000000
458.0994	2026-09-24T12:13:39.934Z	Fffffffff0000000000
458.7728	2026-09-24T12:13:40.607Z	S01171700089ddb85ac
458.9319	2026-09-24T12:13:40.766Z	W000001fe00021de8fd
458.9319	2026-09-24T12:13:40.766Z	R000001fe00021de900
458.9319	2026-09-24T12:13:40.766Z	E000000000000000000
458.9527	2026-09-24T12:13:40.787Z	M000000000000000000
458.9527	2026-09-24T12:13:40.787Z	Fffffffff0000000000
459.5835	2026-09-24T12:13:41.418Z	S0117170008a1db85b0
459.7895	2026-09-24T12:13:41.624Z	W000001ff00021de8fe
459.7895	2026-09-24T12:13:41.624Z	R000001ff00021de901
459.7895	2026-09-24T12:13:41.624Z	E000000000000000000
459.8110	2026-09-24T12:13:41.645Z	M000000000000000000
459.8110	2026-09-24T12:13:41.645Z	Fffffffff0000000000
460.3865	2026-09-24T12:13:42.221Z	S0117170008a5db85b4
460.6696	2026-09-24T12:13:42.504Z	W0000020000021de8fd
460.6696	2026-09-24T12:13:42.504Z	R0000020000021de900
460.6696	2026-09-24T12:13:42.504Z	E000000000000000000
460.6696	2026-09-24T12:13:42.504Z	M000000000000000000
460.6696	2026-09-24T12:13:42.504Z	Fffffffff0000000000
461.1870	2026-09-24T12:13:43.021Z	S0117170008a9db85b8
461.5123	2026-09-24T12:13:43.347Z	W0000020100021de8fe
461.5123	2026-09-24T12:13:43.347Z	R0000020100021de901
461.5123	2026-09-24T12:13:43.347Z	E000000000000000000
461.5374	2026-09-24T12:13:43.372Z	M000000000000000000
461.5374	2026-09-24T12:13:43.372Z	Fffffffff0000000000
461.9895	2026-09-24T12:13:43.824Z	S0117170008addb85bc
462.3703	2026-09-24T12:13:44.205Z	W0000020200021de8fd
462.3703	2026-09-24T12:13:44.205Z	R0000020200021de900
462.3703	2026-09-24T12:13:44.205Z	E000000000000000000
462.3950	2026-09-24T12:13:44.229Z	M000000000000000000
462.3950	2026-09-24T12:13:44.229Z	Fffffffff0000000000
462.7949	2026-09-24T12:13:44.629Z	S0117170008b1db85c0
463.2501	2026-09-24T12:13:45.084Z	W0000020300021de8fe
463.2501	2026-09-24T12:13:45.084Z	R0000020300021de901
463.2501	2026-09-24T12:13:45.084Z	E000000000000000000
463.2501	2026-09-24T12:13:45.084Z	M000000000000000000
463.2501	2026-09-24T12:13:45.084Z	Fffffffff0000000000
463.6002	2026-09-24T12:13:45.434Z	S0117170008b5db85c4
464.0969	2026-09-24T12:13:45.931Z	W0000020400021de8fd
464.0969	2026-09-24T12:13:45.931Z	R0000020400021de900
464.0969	2026-09-24T12:13:45.931Z	E000000000000000000
464.0969	2026-09-24T12:13:45.931Z	M000000000000000000
464.0969	2026-09-24T12:13:45.931Z	Fffffffff0000000000
464.4059	2026-09-24T12:13:46.240Z	S0117170008b9db85c8
464.9630	2026-09-24T12:13:46.797Z	W0000020500021de8fe
464.9630	2026-09-24T12:13:46.797Z	R0000020500021de901
464.9630	2026-09-24T12:13:46.797Z	E000000000000000000
464.9630	2026-09-24T12:13:46.797Z	M000000000000000000
464.9630	2026-09-24T12:13:46.797Z	Fffffffff0000000000
465.2111	2026-09-24T12:13:47.045Z	S0117170008bddb85cc
465.8045	2026-09-24T12:13:47.639Z	W0000020600021de8fd
465.8045	2026-09-24T12:13:47.639Z	R0000020600021de900
465.8045	2026-09-24T12:13:47.639Z	E000000000000000000
465.8277	2026-09-24T12:13:47.662Z	M000000000000000000
465.8277	2026-09-24T12:13:47.662Z	Fffffffff0000000000
466.0161	2026-09-24T12:13:47.850Z	S0117170008c1db85d0
466.6844	2026-09-24T12:13:48.518Z	W0000020700021de8fe
466.6844	2026-09-24T12:13:48.519Z	R0000020700021de901
466.6844	2026-09-24T12:13:48.519Z	E000000000000000000
466.6844	2026-09-24T12:13:48.519Z	M000000000000000000
466.6844	2026-09-24T12:13:48.519Z	Fffffffff0000000000
466.8239	2026-09-24T12:13:48.658Z	S0117170008c5db85d4
467.5424	2026-09-24T12:13:49.377Z	W0000020800021de8fd
467.5424	2026-09-24T12:13:49.377Z	R0000020800021de900
467.5424	2026-09-24T12:13:49.377Z	E000000000000000000
467.5424	2026-09-24T12:13:49.377Z	M000000000000000000
467.5424	2026-09-24T12:13:49.377Z	Fffffffff0000000000
467.6310	2026-09-24T12:13:49.465Z	S0117170008c9db85d8
468.4006	2026-09-24T12:13:50.235Z	W0000020900021de8fe
468.4006	2026-09-24T12:13:50.235Z	R0000020900021de901
468.4006	2026-09-24T12:13:50.235Z	E000000000000000000
468.4006	2026-09-24T12:13:50.235Z	M000000000000000000
468.4006	2026-09-24T12:13:50.235Z	Fffffffff0000000000
468.4474	2026-09-24T12:13:50.281Z	S0117170008cddb85dc
469.2404	2026-09-24T12:13:51.074Z	S0117170008d1db85e0
469.2404	2026-09-24T12:13:51.074Z	W0000020a00021de8fd
469.2404	2026-09-24T12:13:51.074Z	R0000020a00021de900
469.2623	2026-09-24T12:13:51.096Z	E000000000000000000
469.2623	2026-09-24T12:13:51.096Z	M000000000000000000
469.2623	2026-09-24T12:13:51.096Z	Fffffffff0000000000
470.0610	2026-09-24T12:13:51.895Z	S0117170008d5db85e4
470.1060	2026-09-24T12:13:51.940Z	W0000020b00021de923
470.1060	2026-09-24T12:13:51.940Z	R0000020b00021de8ff
470.1060	2026-09-24T12:13:51.940Z	E000000000000000000
470.1060	2026-09-24T12:13:51.940Z	M000000000000000000
470.1060	2026-09-24T12:13:51.940Z	Fffffffff0000000000
470.8674	2026-09-24T12:13:52.701Z	S0117170008d9db85e8
470.9593	2026-09-24T12:13:52.793Z	W0000020c00021de912
470.9593	2026-09-24T12:13:52.793Z	R0000020c00021de8ff
470.9593	2026-09-24T12:13:52.793Z	E000000000000000000
470.9809	2026-09-24T12:13:52.815Z	M000000000000000000
470.9809	2026-09-24T12:13:52.815Z	Fffffffff0000000000
471.6533	2026-09-24T12:13:53.487Z	S0117170008dddb85ec
471.8367	2026-09-24T12:13:53.671Z	W0000020d00021de901
471.8367	2026-09-24T12:13:53.671Z	R0000020d00021de8ff
471.8367	2026-09-24T12:13:53.671Z	E000000000000000000
471.8367	2026-09-24T12:13:53.671Z	M000000000000000000
471.8367	2026-09-24T12:13:53.671Z	Fffffffff0000000000
472.4720	2026-09-24T12:13:54.306Z	S0117170008e1db85f0
472.6793	2026-09-24T12:13:54.513Z	W0000020e00021de8fd
472.6793	2026-09-24T12:13:54.513Z	R0000020e00021de8ff
472.6793	2026-09-24T12:13:54.513Z	E000000000000000000
472.7021	2026-09-24T12:13:54.536Z	M000000000000000000
472.7021	2026-09-24T12:13:54.536Z	Fffffffff0000000000
473.2692	2026-09-24T12:13:55.103Z	S0117170008e5db85f4
473.5493	2026-09-24T12:13:55.383Z	W0000020f00021de901
473.5493	2026-09-24T12:13:55.383Z	R0000020f00021de8ff
473.5493	2026-09-24T12:13:55.383Z	E000000000000000000
473.5493	2026-09-24T12:13:55.383Z	M000000000000000000
473.5493	2026-09-24T12:13:55.383Z	Fffffffff0000000000
474.0817	2026-09-24T12:13:55.916Z	S0117170008e9db85f8
474.4197	2026-09-24T12:13:56.254Z	W0000021000021de8fd
474.4197	2026-09-24T12:13:56.254Z	R0000021000021de8ff
474.4197	2026-09-24T12:13:56.254Z	E000000000000000000
474.4197	2026-09-24T12:13:56.254Z	M000000000000000000
474.4197	2026-09-24T12:13:56.254Z	Fffffffff0000000000
474.8972	2026-09-24T12:13:56.731Z	S0117170008eddb85fc
475.2755	2026-09-24T12:13:57.109Z	W0000021100021de901
475.2755	2026-09-24T12:13:57.109Z	R0000021100021de8ff
475.2755	2026-09-24T12:13:57.109Z	E000000000000000000
475.2755	2026-09-24T12:13:57.109Z	M000000000000000000
475.2755	2026-09-24T12:13:57.109Z	Fffffffff0000000000
475.6917	2026-09-24T12:13:57.526Z	S0117170008f1db8600
476.1294	2026-09-24T12:13:57.963Z	W0000021200021de8fd
476.1294	2026-09-24T12:13:57.963Z	R0000021200021de8ff
476.1294	2026-09-24T12:13:57.963Z	E000000000000000000
476.1294	2026-09-24T12:13:57.963Z	M000000000000000000
476.1294	2026-09-24T12:13:57.963Z	Fffffffff0000000000
476.5033	2026-09-24T12:13:58.337Z	S0117170008f5db8604
476.9889	2026-09-24T12:13:58.823Z	W0000021300021de901
476.9889	2026-09-24T12:13:58.823Z	R0000021300021de8ff
476.9889	2026-09-24T12:13:58.823Z	E000000000000000000
476.9889	2026-09-24T12:13:58.823Z	M000000000000000000
476.9889	2026-09-24T12:13:58.823Z	Fffffffff0000000000
477.2943	2026-09-24T12:13:59.128Z	S0117170008f9db8608
477.8482	2026-09-24T12:13:59.682Z	W0000021400021de8fd
477.8482	2026-09-24T12:13:59.682Z	R0000021400021de8ff
477.8482	2026-09-24T12:13:59.682Z	E000000000000000000
477.8482	2026-09-24T12:13:59.682Z	M000000000000000000
477.8482	2026-09-24T12:13:59.682Z	Fffffffff0000000000
478.1066	2026-09-24T12:13:59.940Z	S0117170008fddb860c
478.7056	2026-09-24T12:14:00.539Z	W0000021500021de901
478.7056	2026-09-24T12:14:00.539Z	R0000021500021de8ff
478.7056	2026-09-24T12:14:00.539Z	E000000000000000000
478.7056	2026-09-24T12:14:00.539Z	M000000000000000000
478.7056	2026-09-24T12:14:00.539Z	Fffffffff0000000000
478.9212	2026-09-24T12:14:00.755Z	S011717000901db8610
479.5586	2026-09-24T12:14:01.392Z	W0000021600021de8fd
479.5586	2026-09-24T12:14:01.392Z	R0000021600021de8ff
479.5586	2026-09-24T12:14:01.392Z	E000000000000000000
479.5586	2026-09-24T12:14:01.392Z	M000000000000000000
479.5586	2026-09-24T12:14:01.392Z	Fffffffff0000000000
479.7230	2026-09-24T12:14:01.557Z	S011717000905db8614
480.4108	2026-09-24T12:14:02.245Z	W0000021700021de901
480.4108	2026-09-24T12:14:02.245Z	R0000021700021de8ff
480.4108	2026-09-24T12:14:02.245Z	E000000000000000000
480.4334	2026-09-24T12:14:02.267Z	M000000000000000000
480.4334	2026-09-24T12:14:02.267Z	Fffffffff0000000000
480.5298	2026-09-24T12:14:02.363Z	S011717000909db8618
481.2731	2026-09-24T12:14:03.107Z	W0000021800021de8fd
481.2731	2026-09-24T12:14:03.107Z	R0000021800021de8ff
481.2731	2026-09-24T12:14:03.107Z	E000000000000000000
481.2952	2026-09-24T12:14:03.129Z	M000000000000000000
481.2952	2026-09-24T12:14:03.129Z	Fffffffff0000000000
481.3170	2026-09-24T12:14:03.151Z	S01171700090ddb861c
482.1223	2026-09-24T12:14:03.956Z	S011717000911db8620
482.1441	2026-09-24T12:14:03.978Z	W0000021900021de901
482.1441	2026-09-24T12:14:03.978Z	R0000021900021de8ff
482.1441	2026-09-24T12:14:03.978Z	E000000000000000000
482.1441	2026-09-24T12:14:03.978Z	M000000000000000000
482.1441	2026-09-24T12:14:03.978Z	Fffffffff0000000000
482.9400	2026-09-24T12:14:04.774Z	S011717000915db8624
482.9884	2026-09-24T12:14:04.822Z	W0000021a00021de8fd
482.9884	2026-09-24T12:14:04.822Z	R0000021a00021de8ff
482.9884	2026-09-24T12:14:04.822Z	E000000000000000000
483.0124	2026-09-24T12:14:04.846Z	M000000000000000000
483.0124	2026-09-24T12:14:04.846Z	Fffffffff0000000000
483.7432	2026-09-24T12:14:05.577Z	S011717000919db8628
483.8660	2026-09-24T12:14:05.700Z	W0000021b00021de901
483.8660	2026-09-24T12:14:05.700Z	R0000021b00021de8ff
483.8660	2026-09-24T12:14:05.700Z	E000000000000000000
483.8660	2026-09-24T12:14:05.700Z	M000000000000000000
483.8660	2026-09-24T12:14:05.700Z	Fffffffff0000000000
484.5554	2026-09-24T12:14:06.389Z	S01171700091ddb862c
484.7201	2026-09-24T12:14:06.554Z	W0000021c00021de8fd
484.7201	2026-09-24T12:14:06.554Z	R0000021c00021de8ff
484.7201	2026-09-24T12:14:06.554Z	E000000000000000000
484.7201	2026-09-24T12:14:06.554Z	M000000000000000000
484.7201	2026-09-24T12:14:06.554Z	Fffffffff0000000000
485.3489	2026-09-24T12:14:07.182Z	S011717000921db8630
485.5862	2026-09-24T12:14:07.420Z	W0000021d00021de901
485.5862	2026-09-24T12:14:07.420Z	R0000021d00021de8ff
485.5862	2026-09-24T12:14:07.420Z	E000000000000000000
485.5862	2026-09-24T12:14:07.420Z	M000000000000000000
485.5862	2026-09-24T12:14:07.420Z	Fffffffff0000000000
486.1488	2026-09-24T12:14:07.982Z	S011717000925db8634
486.4467	2026-09-24T12:14:08.280Z	W0000021e00021de8fd
486.4467	2026-09-24T12:14:08.280Z	R0000021e00021de8ff
486.4467	2026-09-24T12:14:08.280Z	E000000000000000000
486.4467	2026-09-24T12:14:08.280Z	M000000000000000000
486.4467	2026-09-24T12:14:08.280Z	Fffffffff0000000000
486.9626	2026-09-24T12:14:08.796Z	S011717000929db8638
487.3079	2026-09-24T12:14:09.141Z	W0000021f00021de901
487.3079	2026-09-24T12:14:09.141Z	R0000021f00021de8ff
487.3079	2026-09-24T12:14:09.141Z	E000000000000000000
487.3079	2026-09-24T12:14:09.141Z	M000000000000000000
487.3079	2026-09-24T12:14:09.141Z	Fffffffff0000000000
487.7796	2026-09-24T12:14:09.613Z	S01171700092ddb863c
488.1620	2026-09-24T12:14:09.995Z	W0000022000021de8fd
488.1620	2026-09-24T12:14:09.995Z	R0000022000021de8ff
488.1620	2026-09-24T12:14:09.995Z	E000000000000000000
488.1620	2026-09-24T12:14:09.995Z	M000000000000000000
488.1620	2026-09-24T12:14:09.995Z	Fffffffff0000000000
488.5728	2026-09-24T12:14:10.406Z	S011717000931db8640
489.0086	2026-09-24T12:14:10.842Z	W0000022100021de901
489.0086	2026-09-24T12:14:10.842Z	R0000022100021de8ff
489.0086	2026-09-24T12:14:10.842Z	E000000000000000000
489.0086	2026-09-24T12:14:10.842Z	M000000000000000000
489.0086	2026-09-24T12:14:10.842Z	Fffffffff0000000000
489.3700	2026-09-24T12:14:11.203Z	S011717000935db8644
489.8729	2026-09-24T12:14:11.706Z	W0000022200021de8fd
489.8729	2026-09-24T12:14:11.706Z	R0000022200021de8ff
489.8729	2026-09-24T12:14:11.706Z	E000000000000000000
489.8729	2026-09-24T12:14:11.706Z	M000000000000000000
489.8729	2026-09-24T12:14:11.706Z	Fffffffff0000000000
490.1854	2026-09-24T12:14:12.019Z	S011717000939db8648
490.7420	2026-09-24T12:14:12.575Z	W0000022300021de901
490.7420	2026-09-24T12:14:12.575Z	R0000022300021de8ff
490.7420	2026-09-24T12:14:12.575Z	E000000000000000000
490.7420	2026-09-24T12:14:12.575Z	M000000000000000000
490.7420	2026-09-24T12:14:12.575Z	Fffffffff0000000000
490.9861	2026-09-24T12:14:12.819Z	S01171700093ddb864c
491.5980	2026-09-24T12:14:13.431Z	W0000022400021de8fd
491.5980	2026-09-24T12:14:13.431Z	R0000022400021de8ff
491.5980	2026-09-24T12:14:13.431Z	E000000000000000000
491.5980	2026-09-24T12:14:13.431Z	M000000000000000000
491.5980	2026-09-24T12:14:13.431Z	Fffffffff0000000000
491.7911	2026-09-24T12:14:13.624Z	S011717000941db8650
492.4493	2026-09-24T12:14:14.283Z	W0000022500021de901
492.4493	2026-09-24T12:14:14.283Z	R0000022500021de8ff
492.4493	2026-09-24T12:14:14.283Z	E000000000000000000
492.4493	2026-09-24T12:14:14.283Z	M000000000000000000
492.4493	2026-09-24T12:14:14.283Z	Fffffffff0000000000
492.5913	2026-09-24T12:14:14.425Z	S011717000945db8654
493.3109	2026-09-24T12:14:15.144Z	W0000022600021de8fd
493.3109	2026-09-24T12:14:15.144Z	R0000022600021de8ff
493.3109	2026-09-24T12:14:15.144Z	E000000000000000000
493.3109	2026-09-24T12:14:15.144Z	M000000000000000000
493.3109	2026-09-24T12:14:15.144Z	Fffffffff0000000000
493.4045	2026-09-24T12:14:15.238Z	S011717000949db8658
494.1782	2026-09-24T12:14:16.011Z	W0000022700021de901
494.1782	2026-09-24T12:14:16.011Z	R0000022700021de8ff
494.1782	2026-09-24T12:14:16.012Z	E000000000000000000
494.1782	2026-09-24T12:14:16.012Z	M000000000000000000
494.1782	2026-09-24T12:14:16.012Z	Fffffffff0000000000
494.2018	2026-09-24T12:14:16.035Z	S01171700094ddb865c
495.0121	2026-09-24T12:14:16.845Z	S011717000951db8660
495.0347	2026-09-24T12:14:16.868Z	W0000022800021de8fd
495.0347	2026-09-24T12:14:16.868Z	R0000022800021de8ff
495.0347	2026-09-24T12:14:16.868Z	E000000000000000000
495.0347	2026-09-24T12:14:16.868Z	M000000000000000000
495.0347	2026-09-24T12:14:16.868Z	Fffffffff0000000000
495.8268	2026-09-24T12:14:17.660Z	S011717000955db8664
495.8958	2026-09-24T12:14:17.729Z	W0000022900021de901
495.8958	2026-09-24T12:14:17.729Z	R0000022900021de8ff
495.8958	2026-09-24T12:14:17.729Z	E000000000000000000
495.8958	2026-09-24T12:14:17.729Z	M000000000000000000
495.8958	2026-09-24T12:14:17.729Z	Fffffffff0000000000
496.6358	2026-09-24T12:14:18.469Z	S011717000959db8668
496.7538	2026-09-24T12:14:18.587Z	W0000022a00021de8fd
496.7538	2026-09-24T12:14:18.587Z	R0000022a00021de8ff
496.7538	2026-09-24T12:14:18.587Z	E000000000000000000
496.7538	2026-09-24T12:14:18.587Z	M000000000000000000
496.7538	2026-09-24T12:14:18.587Z	Fffffffff0000000000
497.4259	2026-09-24T12:14:19.259Z	S01171700095ddb866c
497.5948	2026-09-24T12:14:19.428Z	W0000022b00021de901
497.5948	2026-09-24T12:14:19.428Z	R0000022b00021de8ff
497.5948	2026-09-24T12:14:19.428Z	E000000000000000000
497.6157	2026-09-24T12:14:19.449Z	M000000000000000000
497.6157	2026-09-24T12:14:19.449Z	Fffffffff0000000000
498.2352	2026-09-24T12:14:20.068Z	S011717000961db8670
498.4709	2026-09-24T12:14:20.304Z	W0000022c00021de8fd
498.4709	2026-09-24T12:14:20.304Z	R0000022c00021de8ff
498.4709	2026-09-24T12:14:20.304Z	E000000000000000000
498.4709	2026-09-24T12:14:20.304Z	M000000000000000000
498.4709	2026-09-24T12:14:20.304Z	Fffffffff0000000000
499.0349	2026-09-24T12:14:20.868Z	S011717000965db8674
499.3222	2026-09-24T12:14:21.155Z	W0000022d00021de901
499.3222	2026-09-24T12:14:21.155Z	R0000022d00021de8ff
499.3222	2026-09-24T12:14:21.155Z	E000000000000000000
499.3222	2026-09-24T12:14:21.155Z	M000000000000000000
499.3222	2026-09-24T12:14:21.155Z	Fffffffff0000000000
499.8598	2026-09-24T12:14:21.693Z	S011717000969db8678
500.1724	2026-09-24T12:14:22.006Z	W0000022e00021de8fd
500.1724	2026-09-24T12:14:22.006Z	R0000022e00021de8ff
500.1724	2026-09-24T12:14:22.006Z	E000000000000000000
500.1962	2026-09-24T12:14:22.029Z	M000000000000000000
500.1962	2026-09-24T12:14:22.029Z	Fffffffff0000000000
500.6561	2026-09-24T12:14:22.489Z	S01171700096ddb867c
501.0397	2026-09-24T12:14:22.873Z	W0000022f00021de901
501.0397	2026-09-24T12:14:22.873Z	R0000022f00021de8ff
501.0397	2026-09-24T12:14:22.873Z	E000000000000000000
501.0397	2026-09-24T12:14:22.873Z	M000000000000000000
501.0397	2026-09-24T12:14:22.873Z	Fffffffff0000000000
501.4519	2026-09-24T12:14:23.285Z	S011717000971db8680
501.9026	2026-09-24T12:14:23.736Z	W0000023000021de8fd
501.9026	2026-09-24T12:14:23.736Z	R0000023000021de8ff
501.9026	2026-09-24T12:14:23.736Z	E000000000000000000
501.9026	2026-09-24T12:14:23.736Z	M000000000000000000
501.9026	2026-09-24T12:14:23.736Z	Fffffffff0000000000
502.2749	2026-09-24T12:14:24.108Z	S011717000975db8684
502.7605	2026-09-24T12:14:24.593Z	W0000023100021de901
502.7605	2026-09-24T12:14:24.594Z	R0000023100021de8ff
502.7605	2026-09-24T12:14:24.594Z	E000000000000000000
502.7605	2026-09-24T12:14:24.594Z	M000000000000000000
502.7605	2026-09-24T12:14:24.594Z	Fffffffff0000000000
503.0687	2026-09-24T12:14:24.902Z	S011717000979db8688
503.6301	2026-09-24T12:14:25.463Z	W0000023200021de8fd
503.6301	2026-09-24T12:14:25.463Z	R0000023200021de8ff
503.6301	2026-09-24T12:14:25.463Z	E000000000000000000
503.6301	2026-09-24T12:14:25.463Z	M000000000000000000
503.6301	2026-09-24T12:14:25.463Z	Fffffffff0000000000
503.8702	2026-09-24T12:14:25.703Z	S01171700097ddb868c
504.4764	2026-09-24T12:14:26.309Z	W0000023300021de901
504.4764	2026-09-24T12:14:26.309Z	R0000023300021de8ff
504.4764	2026-09-24T12:14:26.309Z	E000000000000000000
504.4764	2026-09-24T12:14:26.309Z	M000000000000000000
504.4764	2026-09-24T12:14:26.309Z	Fffffffff0000000000
504.6832	2026-09-24T12:14:26.516Z	S011717000981db8690
505.3277	2026-09-24T12:14:27.161Z	W0000023400021de8fd
505.3277	2026-09-24T12:14:27.161Z	R0000023400021de8ff
505.3277	2026-09-24T12:14:27.161Z	E000000000000000000
505.3515	2026-09-24T12:14:27.184Z	M000000000000000000
505.3515	2026-09-24T12:14:27.184Z	Fffffffff0000000000
505.4946	2026-09-24T12:14:27.328Z	S011717000985db8694
506.1920	2026-09-24T12:14:28.025Z	W0000023500021de901
506.1920	2026-09-24T12:14:28.025Z	R0000023500021de8ff
506.1920	2026-09-24T12:14:28.025Z	E000000000000000000
506.1920	2026-09-24T12:14:28.025Z	M000000000000000000
506.1920	2026-09-24T12:14:28.025Z	Fffffffff0000000000
506.2827	2026-09-24T12:14:28.116Z	S011717000989db8698
507.0693	2026-09-24T12:14:28.902Z	W0000023600021de8fd
507.0693	2026-09-24T12:14:28.902Z	R0000023600021de8ff
507.0693	2026-09-24T12:14:28.902Z	E000000000000000000
507.0693	2026-09-24T12:14:28.902Z	M000000000000000000
507.0693	2026-09-24T12:14:28.902Z	Fffffffff0000000000
507.0894	2026-09-24T12:14:28.922Z	S01171700098ddb869c
507.9059	2026-09-24T12:14:29.739Z	S011717000991db86a0
507.9059	2026-09-24T12:14:29.739Z	W0000023700021de901
507.9059	2026-09-24T12:14:29.739Z	R0000023700021de8ff
507.9059	2026-09-24T12:14:29.739Z	E000000000000000000
507.9263	2026-09-24T12:14:29.759Z	M000000000000000000
507.9263	2026-09-24T12:14:29.759Z	Fffffffff0000000000
508.7144	2026-09-24T12:14:30.547Z	S011717000995db86a4
508.7881	2026-09-24T12:14:30.621Z	W0000023800021de8fd
508.7881	2026-09-24T12:14:30.621Z	R0000023800021de8ff
508.7881	2026-09-24T12:14:30.621Z	E000000000000000000
508.7881	2026-09-24T12:14:30.621Z	M000000000000000000
508.7881	2026-09-24T12:14:30.621Z	Fffffffff0000000000
509.5028	2026-09-24T12:14:31.336Z	S011717000999db86a8
509.6238	2026-09-24T12:14:31.457Z	W0000023900021de901
509.6238	2026-09-24T12:14:31.457Z	R0000023900021de8ff
509.6238	2026-09-24T12:14:31.457Z	E000000000000000000
509.6443	2026-09-24T12:14:31.477Z	M000000000000000000
509.6443	2026-09-24T12:14:31.477Z	Fffffffff0000000000
510.3081	2026-09-24T12:14:32.141Z	S01171700099ddb86ac
510.5026	2026-09-24T12:14:32.335Z	W0000023a00021de8fd
510.5026	2026-09-24T12:14:32.335Z	R0000023a00021de8ff
510.5026	2026-09-24T12:14:32.335Z	E000000000000000000
510.5026	2026-09-24T12:14:32.335Z	M000000000000000000
510.5026	2026-09-24T12:14:32.335Z	Fffffffff0000000000
511.1296	2026-09-24T12:14:32.962Z	S0117170009a1db86b0
511.3422	2026-09-24T12:14:33.175Z	W0000023b00021de901
511.3422	2026-09-24T12:14:33.175Z	R0000023b00021de8ff
511.3422	2026-09-24T12:14:33.175Z	E000000000000000000
511.3660	2026-09-24T12:14:33.199Z	M000000000000000000
511.3660	2026-09-24T12:14:33.199Z	Fffffffff0000000000
511.9380	2026-09-24T12:14:33.771Z	S0117170009a5db86b4
512.2251	2026-09-24T12:14:34.058Z	W0000023c00021de8fd
512.2251	2026-09-24T12:14:34.058Z	R0000023c00021de8ff
512.2251	2026-09-24T12:14:34.058Z	E000000000000000000
512.2251	2026-09-24T12:14:34.058Z	M000000000000000000
512.2251	2026-09-24T12:14:34.058Z	Fffffffff0000000000
512.7349	2026-09-24T12:14:34.568Z	S0117170009a9db86b8
513.0689	2026-09-24T12:14:34.902Z	W0000023d00021de901
513.0689	2026-09-24T12:14:34.902Z	R0000023d00021de8ff
513.0689	2026-09-24T12:14:34.902Z	E000000000000000000
513.0689	2026-09-24T12:14:34.902Z	M000000000000000000
513.0689	2026-09-24T12:14:34.902Z	Fffffffff0000000000
513.5474	2026-09-24T12:14:35.380Z	S0117170009addb86bc
513.9335	2026-09-24T12:14:35.766Z	W0000023e00021de8fd
513.9335	2026-09-24T12:14:35.766Z	R0000023e00021de8ff
513.9335	2026-09-24T12:14:35.766Z	E000000000000000000
513.9335	2026-09-24T12:14:35.766Z	M000000000000000000
513.9335	2026-09-24T12:14:35.766Z	Fffffffff0000000000
514.3440	2026-09-24T12:14:36.177Z	S0117170009b1db86c0
514.7791	2026-09-24T12:14:36.612Z	W0000023f00021de901
514.7791	2026-09-24T12:14:36.612Z	R0000023f00021de8ff
514.7791	2026-09-24T12:14:36.612Z	E000000000000000000
514.7995	2026-09-24T12:14:36.632Z	M000000000000000000
514.7995	2026-09-24T12:14:36.632Z	Fffffffff0000000000
515.1558	2026-09-24T12:14:36.988Z	S0117170009b5db86c4
515.6418	2026-09-24T12:14:37.474Z	W0000024000021de8fd
515.6418	2026-09-24T12:14:37.474Z	R0000024000021de8ff
515.6418	2026-09-24T12:14:37.474Z	E000000000000000000
515.6641	2026-09-24T12:14:37.497Z	M000000000000000000
515.6641	2026-09-24T12:14:37.497Z	Fffffffff0000000000
515.9545	2026-09-24T12:14:37.787Z	S0117170009b9db86c8
516.4975	2026-09-24T12:14:38.330Z	W0000024100021de901
516.4975	2026-09-24T12:14:38.330Z	R0000024100021de8ff
516.4975	2026-09-24T12:14:38.330Z	E000000000000000000
516.5213	2026-09-24T12:14:38.354Z	M000000000000000000
516.5213	2026-09-24T12:14:38.354Z	Fffffffff0000000000
516.7671	2026-09-24T12:14:38.600Z	S0117170009bddb86cc
517.3683	2026-09-24T12:14:39.201Z	W0000024200021de8fd
517.3683	2026-09-24T12:14:39.201Z	R0000024200021de8ff
517.3683	2026-09-24T12:14:39.201Z	E000000000000000000
517.3683	2026-09-24T12:14:39.201Z	M000000000000000000
517.3683	2026-09-24T12:14:39.201Z	Fffffffff0000000000
517.5609	2026-09-24T12:14:39.393Z	S0117170009c1db86d0
518.2159	2026-09-24T12:14:40.049Z	W0000024300021de901
518.2159	2026-09-24T12:14:40.049Z	R0000024300021de8ff
518.2159	2026-09-24T12:14:40.049Z	E000000000000000000
518.2363	2026-09-24T12:14:40.069Z	M000000000000000000
518.2363	2026-09-24T12:14:40.069Z	Fffffffff0000000000
518.3742	2026-09-24T12:14:40.207Z	S0117170009c5db86d4
519.0875	2026-09-24T12:14:40.920Z	W0000024400021de8fd
519.0875	2026-09-24T12:14:40.920Z	R0000024400021de8ff
519.0875	2026-09-24T12:14:40.920Z	E000000000000000000
519.0875	2026-09-24T12:14:40.920Z	M000000000000000000
519.0875	2026-09-24T12:14:40.920Z	Fffffffff0000000000
519.1866	2026-09-24T12:14:41.019Z	S0117170009c9db86d8
519.9363	2026-09-24T12:14:41.769Z	W0000024500021de901
519.9363	2026-09-24T12:14:41.769Z	R0000024500021de8ff
519.9363	2026-09-24T12:14:41.769Z	E000000000000000000
519.9606	2026-09-24T12:14:41.793Z	M000000000000000000
519.9606	2026-09-24T12:14:41.793Z	Fffffffff0000000000
519.9828	2026-09-24T12:14:41.815Z	S0117170009cddb86dc
520.7870	2026-09-24T12:14:42.620Z	S0117170009d1db86e0
520.8092	2026-09-24T12:14:42.642Z	W0000024600021de8fd
520.8092	2026-09-24T12:14:42.642Z	R0000024600021de8ff
520.8092	2026-09-24T12:14:42.642Z	E000000000000000000
520.8092	2026-09-24T12:14:42.642Z	M000000000000000000
520.8092	2026-09-24T12:14:42.642Z	Fffffffff0000000000
521.6004	2026-09-24T12:14:43.433Z	S0117170009d5db86e4
521.6690	2026-09-24T12:14:43.501Z	W0000024700021de901
521.6690	2026-09-24T12:14:43.502Z	R0000024700021de8ff
521.6690	2026-09-24T12:14:43.502Z	E000000000000000000
521.6690	2026-09-24T12:14:43.502Z	M000000000000000000
521.6690	2026-09-24T12:14:43.502Z	Fffffffff0000000000
522.3907	2026-09-24T12:14:44.223Z	S0117170009d9db86e8
522.5309	2026-09-24T12:14:44.363Z	W0000024800021de8fd
522.5309	2026-09-24T12:14:44.363Z	R0000024800021de8ff
522.5309	2026-09-24T12:14:44.363Z	E000000000000000000
522.5309	2026-09-24T12:14:44.363Z	M000000000000000000
522.5309	2026-09-24T12:14:44.363Z	Fffffffff0000000000
523.2115	2026-09-24T12:14:45.044Z	S0117170009dddb86ec
523.3763	2026-09-24T12:14:45.209Z	W0000024900021de901
523.3763	2026-09-24T12:14:45.209Z	R0000024900021de8ff
523.3763	2026-09-24T12:14:45.209Z	E000000000000000000
523.3763	2026-09-24T12:14:45.209Z	M000000000000000000
523.3763	2026-09-24T12:14:45.209Z	Fffffffff0000000000
524.0082	2026-09-24T12:14:45.841Z	S0117170009e1db86f0
524.2304	2026-09-24T12:14:46.063Z	W0000024a00021de8fd
524.2304	2026-09-24T12:14:46.063Z	R0000024a00021de8ff
524.2304	2026-09-24T12:14:46.063Z	E000000000000000000
524.2542	2026-09-24T12:14:46.087Z	M000000000000000000
524.2542	2026-09-24T12:14:46.087Z	Fffffffff0000000000
524.8036	2026-09-24T12:14:46.636Z	S0117170009e5db86f4
525.0993	2026-09-24T12:14:46.932Z	W0000024b00021de901
525.0993	2026-09-24T12:14:46.932Z	R0000024b00021de8ff
525.0993	2026-09-24T12:14:46.932Z	E000000000000000000
525.0993	2026-09-24T12:14:46.932Z	M000000000000000000
525.0993	2026-09-24T12:14:46.932Z	Fffffffff0000000000
525.6324	2026-09-24T12:14:47.465Z	S0117170009e9db86f8
525.9566	2026-09-24T12:14:47.789Z	W0000024c00021de8fd
525.9566	2026-09-24T12:14:47.789Z	R0000024c00021de8ff
525.9566	2026-09-24T12:14:47.789Z	E000000000000000000
525.9566	2026-09-24T12:14:47.789Z	M000000000000000000
525.9566	2026-09-24T12:14:47.789Z	Fffffffff0000000000
526.4143	2026-09-24T12:14:48.247Z	S0117170009eddb86fc
526.8227	2026-09-24T12:14:48.655Z	W0000024d00021de901
526.8227	2026-09-24T12:14:48.655Z	R0000024d00021de8ff
526.8227	2026-09-24T12:14:48.655Z	E000000000000000000
526.8227	2026-09-24T12:14:48.655Z	M000000000000000000
526.8227	2026-09-24T12:14:48.655Z	Fffffffff0000000000
527.2291	2026-09-24T12:14:49.061Z	S0117170009f1db8700
527.6676	2026-09-24T12:14:49.500Z	W0000024e00021de8fd
527.6676	2026-09-24T12:14:49.500Z	R0000024e00021de8ff
527.6676	2026-09-24T12:14:49.500Z	E000000000000000000
527.6915	2026-09-24T12:14:49.524Z	M000000000000000000
527.6915	2026-09-24T12:14:49.524Z	Fffffffff0000000000
528.0249	2026-09-24T12:14:49.857Z	S0117170009f5db8704
528.5448	2026-09-24T12:14:50.377Z	W0000024f00021de901
528.5448	2026-09-24T12:14:50.377Z	R0000024f00021de8ff
528.5448	2026-09-24T12:14:50.377Z	E000000000000000000
528.5448	2026-09-24T12:14:50.377Z	M000000000000000000
528.5448	2026-09-24T12:14:50.377Z	Fffffffff0000000000
528.8367	2026-09-24T12:14:50.669Z	S0117170009f9db8708
529.4044	2026-09-24T12:14:51.237Z	W0000025000021de8fd
529.4044	2026-09-24T12:14:51.237Z	R0000025000021de8ff
529.4044	2026-09-24T12:14:51.237Z	E000000000000000000
529.4044	2026-09-24T12:14:51.237Z	M000000000000000000
529.4044	2026-09-24T12:14:51.237Z	Fffffffff0000000000
529.6457	2026-09-24T12:14:51.478Z	S0117170009fddb870c
530.2518	2026-09-24T12:14:52.084Z	W0000025100021de901
530.2518	2026-09-24T12:14:52.084Z	R0000025100021de8ff
530.2518	2026-09-24T12:14:52.084Z	E000000000000000000
530.2518	2026-09-24T12:14:52.084Z	M000000000000000000
530.2518	2026-09-24T12:14:52.084Z	Fffffffff0000000000
530.4409	2026-09-24T12:14:52.273Z	S011717000a01db8710
531.1041	2026-09-24T12:14:52.936Z	W0000025200021de8fd
531.1041	2026-09-24T12:14:52.936Z	R0000025200021de8ff
531.1041	2026-09-24T12:14:52.936Z	E000000000000000000
531.1278	2026-09-24T12:14:52.960Z	M000000000000000000
531.1278	2026-09-24T12:14:52.960Z	Fffffffff0000000000
531.2654	2026-09-24T12:14:53.098Z	S011717000a05db8714
531.9710	2026-09-24T12:14:53.803Z	W0000025300021de901
531.9710	2026-09-24T12:14:53.803Z	R0000025300021de8ff
531.9710	2026-09-24T12:14:53.803Z	E000000000000000000
531.9710	2026-09-24T12:14:53.803Z	M000000000000000000
531.9710	2026-09-24T12:14:53.803Z	Fffffffff0000000000
532.0676	2026-09-24T12:14:53.900Z	S011717000a09db8718
532.8277	2026-09-24T12:14:54.660Z	W0000025400021de8fd
532.8277	2026-09-24T12:14:54.660Z	R0000025400021de8ff
532.8277	2026-09-24T12:14:54.660Z	E000000000000000000
532.8277	2026-09-24T12:14:54.660Z	M000000000000000000
532.8277	2026-09-24T12:14:54.660Z	Fffffffff0000000000
532.8685	2026-09-24T12:14:54.701Z	S011717000a0ddb871c
533.6667	2026-09-24T12:14:55.499Z	S011717000a11db8720
533.6868	2026-09-24T12:14:55.519Z	W0000025500021de901
533.6868	2026-09-24T12:14:55.519Z	R0000025500021de8ff
533.6868	2026-09-24T12:14:55.519Z	E000000000000000000
533.6868	2026-09-24T12:14:55.519Z	M000000000000000000
533.6868	2026-09-24T12:14:55.519Z	Fffffffff0000000000
534.4737	2026-09-24T12:14:56.306Z	S011717000a15db8724
534.5626	2026-09-24T12:14:56.395Z	W0000025600021de8fd
534.5626	2026-09-24T12:14:56.395Z	R0000025600021de8ff
534.5626	2026-09-24T12:14:56.395Z	E000000000000000000
534.5626	2026-09-24T12:14:56.395Z	M000000000000000000
534.5626	2026-09-24T12:14:56.395Z	Fffffffff0000000000
535.2841	2026-09-24T12:14:57.116Z	S011717000a19db8728
535.4201	2026-09-24T12:14:57.252Z	W0000025700021de901
535.4201	2026-09-24T12:14:57.252Z	R0000025700021de8ff
535.4201	2026-09-24T12:14:57.252Z	E000000000000000000
535.4201	2026-09-24T12:14:57.252Z	M000000000000000000
535.4201	2026-09-24T12:14:57.252Z	Fffffffff0000000000
536.0780	2026-09-24T12:14:57.910Z	S011717000a1ddb872c
536.2717	2026-09-24T12:14:58.104Z	W0000025800021de8fd
536.2717	2026-09-24T12:14:58.104Z	R0000025800021de8ff
536.2717	2026-09-24T12:14:58.104Z	E000000000000000000
536.2717	2026-09-24T12:14:58.104Z	M000000000000000000
536.2717	2026-09-24T12:14:58.104Z	Fffffffff0000000000
536.8861	2026-09-24T12:14:58.718Z	S011717000a21db8730
537.1186	2026-09-24T12:14:58.951Z	W0000025900021de901
537.1186	2026-09-24T12:14:58.951Z	R0000025900021de8ff
537.1186	2026-09-24T12:14:58.951Z	E000000000000000000
537.1423	2026-09-24T12:14:58.974Z	M000000000000000000
537.1423	2026-09-24T12:14:58.974Z	Fffffffff0000000000
537.7011	2026-09-24T12:14:59.533Z	S011717000a25db8734
537.9889	2026-09-24T12:14:59.821Z	W0000025a00021de8fd
537.9889	2026-09-24T12:14:59.821Z	R0000025a00021de8ff
537.9889	2026-09-24T12:14:59.821Z	E000000000000000000
537.9889	2026-09-24T12:14:59.821Z	M000000000000000000
537.9889	2026-09-24T12:14:59.821Z	Fffffffff0000000000
538.5001	2026-09-24T12:15:00.332Z	S011717000a29db8738
538.8370	2026-09-24T12:15:00.669Z	W0000025b00021de901
538.8370	2026-09-24T12:15:00.669Z	R0000025b00021de8ff
538.8370	2026-09-24T12:15:00.669Z	E000000000000000000
538.8609	2026-09-24T12:15:00.693Z	M000000000000000000
538.8609	2026-09-24T12:15:00.693Z	Fffffffff0000000000
539.3173	2026-09-24T12:15:01.149Z	S011717000a2ddb873c
539.7027	2026-09-24T12:15:01.535Z	W0000025c00021de8fd
539.7027	2026-09-24T12:15:01.535Z	R0000025c00021de8ff
539.7027	2026-09-24T12:15:01.535Z	E000000000000000000
539.7027	2026-09-24T12:15:01.535Z	M000000000000000000
539.7027	2026-09-24T12:15:01.535Z	Fffffffff0000000000
540.1080	2026-09-24T12:15:01.940Z	S011717000a31db8740
540.5640	2026-09-24T12:15:02.396Z	W0000025d00021de901
540.5640	2026-09-24T12:15:02.396Z	R0000025d00021de8ff
540.5640	2026-09-24T12:15:02.396Z	E000000000000000000
540.5640	2026-09-24T12:15:02.396Z	M000000000000000000
540.5640	2026-09-24T12:15:02.396Z	Fffffffff0000000000
540.9245	2026-09-24T12:15:02.756Z	S011717000a35db8744
541.4232	2026-09-24T12:15:03.255Z	W0000025e00021de8fd
541.4232	2026-09-24T12:15:03.255Z	R0000025e00021de8ff
541.4232	2026-09-24T12:15:03.255Z	E000000000000000000
541.4232	2026-09-24T12:15:03.255Z	M000000000000000000
541.4232	2026-09-24T12:15:03.255Z	Fffffffff0000000000
541.7295	2026-09-24T12:15:03.561Z	S011717000a39db8748
542.2738	2026-09-24T12:15:04.106Z	W0000025f00021de901
542.2738	2026-09-24T12:15:04.106Z	R0000025f00021de8ff
542.2738	2026-09-24T12:15:04.106Z	E000000000000000000
542.2976	2026-09-24T12:15:04.129Z	M000000000000000000
542.2976	2026-09-24T12:15:04.130Z	Fffffffff0000000000
542.5352	2026-09-24T12:15:04.367Z	S011717000a3ddb874c
543.1389	2026-09-24T12:15:04.971Z	W0000026000021de8fd
543.1389	2026-09-24T12:15:04.971Z	R0000026000021de8ff
543.1389	2026-09-24T12:15:04.971Z	E000000000000000000
543.1389	2026-09-24T12:15:04.971Z	M000000000000000000
543.1389	2026-09-24T12:15:04.971Z	Fffffffff0000000000
543.3259	2026-09-24T12:15:05.158Z	S011717000a41db8750
544.0036	2026-09-24T12:15:05.835Z	W0000026100021de901
544.0036	2026-09-24T12:15:05.835Z	R0000026100021de8ff
544.0036	2026-09-24T12:15:05.835Z	E000000000000000000
544.0036	2026-09-24T12:15:05.835Z	M000000000000000000
544.0036	2026-09-24T12:15:05.835Z	Fffffffff0000000000
544.1429	2026-09-24T12:15:05.975Z	S011717000a45db8754
544.8714	2026-09-24T12:15:06.703Z	W0000026200021de8fd
544.8714	2026-09-24T12:15:06.703Z	R0000026200021de8ff
544.8714	2026-09-24T12:15:06.703Z	E000000000000000000
544.8714	2026-09-24T12:15:06.703Z	M000000000000000000
544.8714	2026-09-24T12:15:06.703Z	Fffffffff0000000000
544.9427	2026-09-24T12:15:06.774Z	S011717000a49db8758
545.7117	2026-09-24T12:15:07.544Z	W0000026300021de901
545.7117	2026-09-24T12:15:07.544Z	R0000026300021de8ff
545.7117	2026-09-24T12:15:07.544Z	E000000000000000000
545.7347	2026-09-24T12:15:07.566Z	M000000000000000000
545.7347	2026-09-24T12:15:07.566Z	Fffffffff0000000000
545.7580	2026-09-24T12:15:07.590Z	S011717000a4ddb875c
546.5476	2026-09-24T12:15:08.379Z	S011717000a51db8760
546.5699	2026-09-24T12:15:08.402Z	W0000026400021de8fd
546.5699	2026-09-24T12:15:08.402Z	R0000026400021de8ff
546.5699	2026-09-24T12:15:08.402Z	E000000000000000000
546.5937	2026-09-24T12:15:08.425Z	M000000000000000000
546.5937	2026-09-24T12:15:08.425Z	Fffffffff0000000000
547.3753	2026-09-24T12:15:09.207Z	S011717000a55db8764
547.4471	2026-09-24T12:15:09.279Z	W0000026500021de901
547.4471	2026-09-24T12:15:09.279Z	R0000026500021de8ff
547.4471	2026-09-24T12:15:09.279Z	E000000000000000000
547.4471	2026-09-24T12:15:09.279Z	M000000000000000000
547.4471	2026-09-24T12:15:09.279Z	Fffffffff0000000000
548.1656	2026-09-24T12:15:09.997Z	S011717000a59db8768
548.2884	2026-09-24T12:15:10.120Z	W0000026600021de8fd
548.2884	2026-09-24T12:15:10.120Z	R0000026600021de8ff
548.2884	2026-09-24T12:15:10.120Z	E000000000000000000
548.3115	2026-09-24T12:15:10.143Z	M000000000000000000
548.3115	2026-09-24T12:15:10.143Z	Fffffffff0000000000
548.9790	2026-09-24T12:15:10.811Z	S011717000a5ddb876c
549.1494	2026-09-24T12:15:10.981Z	W0000026700021de901
549.1494	2026-09-24T12:15:10.981Z	R0000026700021de8ff
549.1494	2026-09-24T12:15:10.981Z	E000000000000000000
549.1736	2026-09-24T12:15:11.005Z	M000000000000000000
549.1736	2026-09-24T12:15:11.005Z	Fffffffff0000000000
549.7772	2026-09-24T12:15:11.609Z	S011717000a61db8770
550.0146	2026-09-24T12:15:11.846Z	W0000026800021de8fd
550.0146	2026-09-24T12:15:11.846Z	R0000026800021de8ff
550.0146	2026-09-24T12:15:11.846Z	E000000000000000000
550.0146	2026-09-24T12:15:11.846Z	M000000000000000000
550.0146	2026-09-24T12:15:11.846Z	Fffffffff0000000000
550.5866	2026-09-24T12:15:12.418Z	S011717000a65db8774
550.8710	2026-09-24T12:15:12.703Z	W0000026900021de901
550.8710	2026-09-24T12:15:12.703Z	R0000026900021de8ff
550.8710	2026-09-24T12:15:12.703Z	E000000000000000000
550.8710	2026-09-24T12:15:12.703Z	M000000000000000000
550.8710	2026-09-24T12:15:12.703Z	Fffffffff0000000000
551.3829	2026-09-24T12:15:13.215Z	S011717000a69db8778
551.7312	2026-09-24T12:15:13.563Z	W0000026a00021de8fd
551.7312	2026-09-24T12:15:13.563Z	R0000026a00021de8ff
551.7312	2026-09-24T12:15:13.563Z	E000000000000000000
551.7312	2026-09-24T12:15:13.563Z	M000000000000000000
551.7312	2026-09-24T12:15:13.563Z	Fffffffff0000000000
552.1843	2026-09-24T12:15:14.016Z	S011717000a6ddb877c
552.5939	2026-09-24T12:15:14.425Z	W0000026b00021de901
552.5939	2026-09-24T12:15:14.425Z	R0000026b00021de8ff
552.5939	2026-09-24T12:15:14.426Z	E000000000000000000
552.5939	2026-09-24T12:15:14.426Z	M000000000000000000
552.5939	2026-09-24T12:15:14.426Z	Fffffffff0000000000
552.9931	2026-09-24T12:15:14.825Z	S011717000a71db8780
553.4662	2026-09-24T12:15:15.298Z	W0000026c00021de8fd
553.4662	2026-09-24T12:15:15.298Z	R0000026c00021de8ff
553.4662	2026-09-24T12:15:15.298Z	E000000000000000000
553.4662	2026-09-24T12:15:15.298Z	M000000000000000000
553.4662	2026-09-24T12:15:15.298Z	Fffffffff0000000000
553.8000	2026-09-24T12:15:15.632Z	S011717000a75db8784
554.3078	2026-09-24T12:15:16.139Z	W0000026d00021de901
554.3078	2026-09-24T12:15:16.139Z	R0000026d00021de8ff
554.3078	2026-09-24T12:15:16.139Z	E000000000000000000
554.3328	2026-09-24T12:15:16.164Z	M000000000000000000
554.3328	2026-09-24T12:15:16.164Z	Fffffffff0000000000
554.6176	2026-09-24T12:15:16.449Z	S011717000a79db8788
555.1729	2026-09-24T12:15:17.004Z	W0000026e00021de8fd
555.1729	2026-09-24T12:15:17.004Z	R0000026e00021de8ff
555.1729	2026-09-24T12:15:17.004Z	E000000000000000000
555.1729	2026-09-24T12:15:17.004Z	M000000000000000000
555.1729	2026-09-24T12:15:17.004Z	Fffffffff0000000000
555.4084	2026-09-24T12:15:17.240Z	S011717000a7ddb878c
556.0263	2026-09-24T12:15:17.858Z	W0000026f00021de901
556.0263	2026-09-24T12:15:17.858Z	R0000026f00021de8ff
556.0263	2026-09-24T12:15:17.858Z	E000000000000000000
556.0263	2026-09-24T12:15:17.858Z	M000000000000000000
556.0263	2026-09-24T12:15:17.858Z	Fffffffff0000000000
556.2157	2026-09-24T12:15:18.047Z	S011717000a81db8790
556.8841	2026-09-24T12:15:18.716Z	W0000027000021de8fd
556.8841	2026-09-24T12:15:18.716Z	R0000027000021de8ff
556.8841	2026-09-24T12:15:18.716Z	E000000000000000000
556.9089	2026-09-24T12:15:18.740Z	M000000000000000000
556.9089	2026-09-24T12:15:18.740Z	Fffffffff0000000000
557.0202	2026-09-24T12:15:18.852Z	S011717000a85db8794
557.7566	2026-09-24T12:15:19.588Z	W0000027100021de901
557.7566	2026-09-24T12:15:19.588Z	R0000027100021de8ff
557.7566	2026-09-24T12:15:19.588Z	E000000000000000000
557.7566	2026-09-24T12:15:19.588Z	M000000000000000000
557.7566	2026-09-24T12:15:19.588Z	Fffffffff0000000000
557.8279	2026-09-24T12:15:19.659Z	S011717000a89db8798
558.6008	2026-09-24T12:15:20.432Z	W0000027200021de8fd
558.6008	2026-09-24T12:15:20.432Z	R0000027200021de8ff
558.6008	2026-09-24T12:15:20.432Z	E000000000000000000
558.6251	2026-09-24T12:15:20.456Z	M000000000000000000
558.6251	2026-09-24T12:15:20.456Z	Fffffffff0000000000
558.6497	2026-09-24T12:15:20.481Z	S011717000a8ddb879c
559.4518	2026-09-24T12:15:21.283Z	S011717000a91db87a0
559.4740	2026-09-24T12:15:21.305Z	W0000027300021de901
559.4740	2026-09-24T12:15:21.305Z	R0000027300021de8ff
559.4740	2026-09-24T12:15:21.305Z	E000000000000000000
559.4740	2026-09-24T12:15:21.305Z	M000000000000000000
559.4740	2026-09-24T12:15:21.305Z	Fffffffff0000000000
560.2394	2026-09-24T12:15:22.071Z	S011717000a95db87a4
560.3375	2026-09-24T12:15:22.169Z	W0000027400021de8fd
560.3375	2026-09-24T12:15:22.169Z	R0000027400021de8ff
560.3375	2026-09-24T12:15:22.169Z	E000000000000000000
560.3375	2026-09-24T12:15:22.169Z	M000000000000000000
560.3375	2026-09-24T12:15:22.169Z	Fffffffff0000000000
561.0520	2026-09-24T12:15:22.883Z	S011717000a99db87a8
561.1847	2026-09-24T12:15:23.016Z	W0000027500021de901
561.1847	2026-09-24T12:15:23.016Z	R0000027500021de8ff
561.1847	2026-09-24T12:15:23.016Z	E000000000000000000
561.1847	2026-09-24T12:15:23.016Z	M000000000000000000
561.1847	2026-09-24T12:15:23.016Z	Fffffffff0000000000
561.8518	2026-09-24T12:15:23.683Z	S011717000a9ddb87ac
562.0384	2026-09-24T12:15:23.870Z	W0000027600021de8fd
562.0384	2026-09-24T12:15:23.870Z	R0000027600021de8ff
562.0384	2026-09-24T12:15:23.870Z	E000000000000000000
562.0629	2026-09-24T12:15:23.894Z	M000000000000000000
562.0629	2026-09-24T12:15:23.894Z	Fffffffff0000000000
562.6727	2026-09-24T12:15:24.504Z	S011717000aa1db87b0
562.9150	2026-09-24T12:15:24.746Z	W0000027700021de901
562.9150	2026-09-24T12:15:24.746Z	R0000027700021de8ff
562.9150	2026-09-24T12:15:24.746Z	E000000000000000000
562.9150	2026-09-24T12:15:24.746Z	M000000000000000000
562.9150	2026-09-24T12:15:24.746Z	Fffffffff0000000000
563.4642	2026-09-24T12:15:25.295Z	S011717000aa5db87b4
563.7541	2026-09-24T12:15:25.585Z	W0000027800021de8fd
563.7541	2026-09-24T12:15:25.585Z	R0000027800021de8ff
563.7541	2026-09-24T12:15:25.585Z	E000000000000000000
563.7779	2026-09-24T12:15:25.609Z	M000000000000000000
563.7779	2026-09-24T12:15:25.609Z	Fffffffff0000000000
564.2638	2026-09-24T12:15:26.095Z	S011717000aa9db87b8
564.6360	2026-09-24T12:15:26.467Z	W0000027900021de901
564.6360	2026-09-24T12:15:26.467Z	R0000027900021de8ff
564.6360	2026-09-24T12:15:26.467Z	E000000000000000000
564.6360	2026-09-24T12:15:26.467Z	M000000000000000000
564.6360	2026-09-24T12:15:26.467Z	Fffffffff0000000000
565.0701	2026-09-24T12:15:26.901Z	S011717000aaddb87bc
565.4825	2026-09-24T12:15:27.314Z	W0000027a00021de8fd
565.4825	2026-09-24T12:15:27.314Z	R0000027a00021de8ff
565.4825	2026-09-24T12:15:27.314Z	E000000000000000000
565.4825	2026-09-24T12:15:27.314Z	M000000000000000000
565.4825	2026-09-24T12:15:27.314Z	Fffffffff0000000000
565.8766	2026-09-24T12:15:27.708Z	S011717000ab1db87c0
566.3467	2026-09-24T12:15:28.178Z	W0000027b00021de901
566.3467	2026-09-24T12:15:28.178Z	R0000027b00021de8ff
566.3467	2026-09-24T12:15:28.178Z	E000000000000000000
566.3467	2026-09-24T12:15:28.178Z	M000000000000000000
566.3467	2026-09-24T12:15:28.178Z	Fffffffff0000000000
566.6827	2026-09-24T12:15:28.514Z	S011717000ab5db87c4
567.1976	2026-09-24T12:15:29.029Z	W0000027c00021de8fd
567.1976	2026-09-24T12:15:29.029Z	R0000027c00021de8ff
567.1976	2026-09-24T12:15:29.029Z	E000000000000000000
567.1976	2026-09-24T12:15:29.029Z	M000000000000000000
567.1976	2026-09-24T12:15:29.029Z	Fffffffff0000000000
567.4902	2026-09-24T12:15:29.321Z	S011717000ab9db87c8
568.0502	2026-09-24T12:15:29.881Z	W0000027d00021de901
568.0502	2026-09-24T12:15:29.881Z	R0000027d00021de8ff
568.0502	2026-09-24T12:15:29.881Z	E000000000000000000
568.0739	2026-09-24T12:15:29.905Z	M000000000000000000
568.0739	2026-09-24T12:15:29.905Z	Fffffffff0000000000
568.3085	2026-09-24T12:15:30.140Z	S011717000abddb87cc
568.9181	2026-09-24T12:15:30.749Z	W0000027e00021de8fd
568.9181	2026-09-24T12:15:30.749Z	R0000027e00021de8ff
568.9181	2026-09-24T12:15:30.749Z	E000000000000000000
568.9181	2026-09-24T12:15:30.749Z	M000000000000000000
568.9181	2026-09-24T12:15:30.749Z	Fffffffff0000000000
569.1103	2026-09-24T12:15:30.941Z	S011717000ac1db87d0
569.7801	2026-09-24T12:15:31.611Z	W0000027f00021de901
569.7801	2026-09-24T12:15:31.611Z	R0000027f00021de8ff
569.7801	2026-09-24T12:15:31.611Z	E000000000000000000
569.7801	2026-09-24T12:15:31.611Z	M000000000000000000
569.7801	2026-09-24T12:15:31.611Z	Fffffffff0000000000
569.9176	2026-09-24T12:15:31.749Z	S011717000ac5db87d4
570.6483	2026-09-24T12:15:32.479Z	W0000028000021de8fd
570.6483	2026-09-24T12:15:32.479Z	R0000028000021de8ff
570.6483	2026-09-24T12:15:32.479Z	E000000000000000000
570.6483	2026-09-24T12:15:32.479Z	M000000000000000000
570.6483	2026-09-24T12:15:32.479Z	Fffffffff0000000000
570.7215	2026-09-24T12:15:32.553Z	S011717000ac9db87d8
571.4982	2026-09-24T12:15:33.329Z	W0000028100021de901
571.4982	2026-09-24T12:15:33.329Z	R0000028100021de8ff
571.4982	2026-09-24T12:15:33.329Z	E000000000000000000
571.4982	2026-09-24T12:15:33.329Z	M000000000000000000
571.4982	2026-09-24T12:15:33.329Z	Fffffffff0000000000
571.5199	2026-09-24T12:15:33.351Z	S011717000acddb87dc
572.3363	2026-09-24T12:15:34.167Z	S011717000ad1db87e0
572.3576	2026-09-24T12:15:34.189Z	W0000028200021de8fd
572.3576	2026-09-24T12:15:34.189Z	R0000028200021de8ff
572.3576	2026-09-24T12:15:34.189Z	E000000000000000000
572.3576	2026-09-24T12:15:34.189Z	M000000000000000000
572.3576	2026-09-24T12:15:34.189Z	Fffffffff0000000000
573.1412	2026-09-24T12:15:34.972Z	S011717000ad5db87e4
573.2073	2026-09-24T12:15:35.038Z	W0000028300021de901
573.2073	2026-09-24T12:15:35.038Z	R0000028300021de8ff
573.2073	2026-09-24T12:15:35.038Z	E000000000000000000
573.2300	2026-09-24T12:15:35.061Z	M000000000000000000
573.2300	2026-09-24T12:15:35.061Z	Fffffffff0000000000
573.9469	2026-09-24T12:15:35.778Z	S011717000ad9db87e8
574.0647	2026-09-24T12:15:35.896Z	W0000028400021de8fd
574.0647	2026-09-24T12:15:35.896Z	R0000028400021de8ff
574.0647	2026-09-24T12:15:35.896Z	E000000000000000000
574.0854	2026-09-24T12:15:35.916Z	M000000000000000000
574.0854	2026-09-24T12:15:35.916Z	Fffffffff0000000000
574.7458	2026-09-24T12:15:36.577Z	S011717000adddb87ec
574.9302	2026-09-24T12:15:36.761Z	W0000028500021de901
574.9302	2026-09-24T12:15:36.761Z	R0000028500021de8ff
574.9302	2026-09-24T12:15:36.761Z	E000000000000000000
574.9302	2026-09-24T12:15:36.761Z	M000000000000000000
574.9302	2026-09-24T12:15:36.761Z	Fffffffff0000000000
575.5555	2026-09-24T12:15:37.386Z	S011717000ae1db87f0
575.7896	2026-09-24T12:15:37.621Z	W0000028600021de8fd
575.7896	2026-09-24T12:15:37.621Z	R0000028600021de8ff
575.7896	2026-09-24T12:15:37.621Z	E000000000000000000
575.7896	2026-09-24T12:15:37.621Z	M000000000000000000
575.7896	2026-09-24T12:15:37.621Z	Fffffffff0000000000
576.3458	2026-09-24T12:15:38.177Z	S011717000ae5db87f4
576.6569	2026-09-24T12:15:38.488Z	W0000028700021de901
576.6569	2026-09-24T12:15:38.488Z	R0000028700021de8ff
576.6569	2026-09-24T12:15:38.488Z	E000000000000000000
576.6569	2026-09-24T12:15:38.488Z	M000000000000000000
576.6569	2026-09-24T12:15:38.488Z	Fffffffff0000000000
577.1530	2026-09-24T12:15:38.984Z	S011717000ae9db87f8
577.5109	2026-09-24T12:15:39.342Z	W0000028800021de8fd
577.5109	2026-09-24T12:15:39.342Z	R0000028800021de8ff
577.5109	2026-09-24T12:15:39.342Z	E000000000000000000
577.5109	2026-09-24T12:15:39.342Z	M000000000000000000
577.5109	2026-09-24T12:15:39.342Z	Fffffffff0000000000
577.9660	2026-09-24T12:15:39.797Z	S011717000aeddb87fc
578.3817	2026-09-24T12:15:40.213Z	W0000028900021de901
578.3817	2026-09-24T12:15:40.213Z	R0000028900021de8ff
578.3817	2026-09-24T12:15:40.213Z	E000000000000000000
578.3817	2026-09-24T12:15:40.213Z	M000000000000000000
578.3817	2026-09-24T12:15:40.213Z	Fffffffff0000000000
578.7662	2026-09-24T12:15:40.597Z	S011717000af1db8800
579.2304	2026-09-24T12:15:41.061Z	W0000028a00021de8fd
579.2304	2026-09-24T12:15:41.061Z	R0000028a00021de8ff
579.2304	2026-09-24T12:15:41.061Z	E000000000000000000
579.2304	2026-09-24T12:15:41.061Z	M000000000000000000
579.2304	2026-09-24T12:15:41.061Z	Fffffffff0000000000
579.5692	2026-09-24T12:15:41.400Z	S011717000af5db8804
580.0938	2026-09-24T12:15:41.925Z	W0000028b00021de901
580.0938	2026-09-24T12:15:41.925Z	R0000028b00021de8ff
580.0938	2026-09-24T12:15:41.925Z	E000000000000000000
580.0938	2026-09-24T12:15:41.925Z	M000000000000000000
580.0938	2026-09-24T12:15:41.925Z	Fffffffff0000000000
580.3821	2026-09-24T12:15:42.213Z	S011717000af9db8808
580.9575	2026-09-24T12:15:42.788Z	W0000028c00021de8fd
580.9575	2026-09-24T12:15:42.788Z	R0000028c00021de8ff
580.9575	2026-09-24T12:15:42.788Z	E000000000000000000
580.9575	2026-09-24T12:15:42.788Z	M000000000000000000
580.9575	2026-09-24T12:15:42.788Z	Fffffffff0000000000
581.1754	2026-09-24T12:15:43.006Z	S011717000afddb880c
581.8049	2026-09-24T12:15:43.636Z	W0000028d00021de901
581.8049	2026-09-24T12:15:43.636Z	R0000028d00021de8ff
581.8049	2026-09-24T12:15:43.636Z	E000000000000000000
581.8049	2026-09-24T12:15:43.636Z	M000000000000000000
581.8049	2026-09-24T12:15:43.636Z	Fffffffff0000000000
581.9926	2026-09-24T12:15:43.823Z	S011717000b01db8810
582.6693	2026-09-24T12:15:44.500Z	W0000028e00021de8fd
582.6693	2026-09-24T12:15:44.500Z	R0000028e00021de8ff
582.6693	2026-09-24T12:15:44.500Z	E000000000000000000
582.6693	2026-09-24T12:15:44.500Z	M000000000000000000
582.6693	2026-09-24T12:15:44.500Z	Fffffffff0000000000
582.7903	2026-09-24T12:15:44.621Z	S011717000b05db8814
583.5264	2026-09-24T12:15:45.357Z	W0000028f00021de901
583.5264	2026-09-24T12:15:45.357Z	R0000028f00021de8ff
583.5264	2026-09-24T12:15:45.357Z	E000000000000000000
583.5264	2026-09-24T12:15:45.357Z	M000000000000000000
583.5264	2026-09-24T12:15:45.357Z	Fffffffff0000000000
583.5977	2026-09-24T12:15:45.428Z	S011717000b09db8818
584.3904	2026-09-24T12:15:46.221Z	W0000029000021de8fd
584.3904	2026-09-24T12:15:46.221Z	R0000029000021de8ff
584.3904	2026-09-24T12:15:46.221Z	E000000000000000000
584.3904	2026-09-24T12:15:46.221Z	M000000000000000000
584.3904	2026-09-24T12:15:46.221Z	Fffffffff0000000000
584.4138	2026-09-24T12:15:46.244Z	S011717000b0ddb881c
585.2127	2026-09-24T12:15:47.043Z	S011717000b11db8820
585.2344	2026-09-24T12:15:47.065Z	W0000029100021de901
585.2344	2026-09-24T12:15:47.065Z	R0000029100021de8ff
585.2344	2026-09-24T12:15:47.065Z	E000000000000000000
585.2582	2026-09-24T12:15:47.089Z	M000000000000000000
585.2582	2026-09-24T12:15:47.089Z	Fffffffff0000000000
586.0073	2026-09-24T12:15:47.838Z	S011717000b15db8824
586.0986	2026-09-24T12:15:47.929Z	W0000029200021de8fd
586.0986	2026-09-24T12:15:47.929Z	R0000029200021de8ff
586.0986	2026-09-24T12:15:47.929Z	E000000000000000000
586.0986	2026-09-24T12:15:47.929Z	M000000000000000000
586.0986	2026-09-24T12:15:47.929Z	Fffffffff0000000000
586.8198	2026-09-24T12:15:48.650Z	S011717000b19db8828
586.9606	2026-09-24T12:15:48.791Z	W0000029300021de901
586.9606	2026-09-24T12:15:48.791Z	R0000029300021de8ff
586.9606	2026-09-24T12:15:48.791Z	E000000000000000000
586.9606	2026-09-24T12:15:48.791Z	M000000000000000000
586.9606	2026-09-24T12:15:48.791Z	Fffffffff0000000000
587.6209	2026-09-24T12:15:49.451Z	S011717000b1ddb882c
587.8332	2026-09-24T12:15:49.664Z	W0000029400021de8fd
587.8332	2026-09-24T12:15:49.664Z	R0000029400021de8ff
587.8332	2026-09-24T12:15:49.664Z	E000000000000000000
587.8332	2026-09-24T12:15:49.664Z	M000000000000000000
587.8332	2026-09-24T12:15:49.664Z	Fffffffff0000000000
588.4427	2026-09-24T12:15:50.273Z	S011717000b21db8830
588.6712	2026-09-24T12:15:50.502Z	W0000029500021de901
588.6712	2026-09-24T12:15:50.502Z	R0000029500021de8ff
588.6712	2026-09-24T12:15:50.502Z	E000000000000000000
588.6950	2026-09-24T12:15:50.525Z	M000000000000000000
588.6950	2026-09-24T12:15:50.526Z	Fffffffff0000000000
589.2413	2026-09-24T12:15:51.072Z	S011717000b25db8834
589.5451	2026-09-24T12:15:51.376Z	W0000029600021de8fd
589.5451	2026-09-24T12:15:51.376Z	R0000029600021de8ff
589.5451	2026-09-24T12:15:51.376Z	E000000000000000000
589.5451	2026-09-24T12:15:51.376Z	M000000000000000000
589.5451	2026-09-24T12:15:51.376Z	Fffffffff0000000000
590.0406	2026-09-24T12:15:51.871Z	S011717000b29db8838
590.3942	2026-09-24T12:15:52.225Z	W0000029700021de901
590.3942	2026-09-24T12:15:52.225Z	R0000029700021de8ff
590.3942	2026-09-24T12:15:52.225Z	E000000000000000000
590.4191	2026-09-24T12:15:52.250Z	M000000000000000000
590.4191	2026-09-24T12:15:52.250Z	Fffffffff0000000000
590.8508	2026-09-24T12:15:52.681Z	S011717000b2ddb883c
591.2564	2026-09-24T12:15:53.087Z	W0000029800021de8fd
591.2564	2026-09-24T12:15:53.087Z	R0000029800021de8ff
591.2564	2026-09-24T12:15:53.087Z	E000000000000000000
591.2564	2026-09-24T12:15:53.087Z	M000000000000000000
591.2564	2026-09-24T12:15:53.087Z	Fffffffff0000000000
591.6462	2026-09-24T12:15:53.477Z	S011717000b31db8840
592.1285	2026-09-24T12:15:53.959Z	W0000029900021de901
592.1285	2026-09-24T12:15:53.959Z	R0000029900021de8ff
592.1285	2026-09-24T12:15:53.959Z	E000000000000000000
592.1285	2026-09-24T12:15:53.959Z	M000000000000000000
592.1285	2026-09-24T12:15:53.959Z	Fffffffff0000000000
592.4586	2026-09-24T12:15:54.289Z	S011717000b35db8844
592.9842	2026-09-24T12:15:54.815Z	W0000029a00021de8fd
592.9842	2026-09-24T12:15:54.815Z	R0000029a00021de8ff
592.9842	2026-09-24T12:15:54.815Z	E000000000000000000
592.9842	2026-09-24T12:15:54.815Z	M000000000000000000
592.9842	2026-09-24T12:15:54.815Z	Fffffffff0000000000
593.2551	2026-09-24T12:15:55.085Z	S011717000b39db8848
593.8408	2026-09-24T12:15:55.671Z	W0000029b00021de901
593.8408	2026-09-24T12:15:55.671Z	R0000029b00021de8ff
593.8408	2026-09-24T12:15:55.671Z	E000000000000000000
593.8408	2026-09-24T12:15:55.671Z	M000000000000000000
593.8408	2026-09-24T12:15:55.671Z	Fffffffff0000000000
594.0807	2026-09-24T12:15:55.911Z	S011717000b3ddb884c
594.7004	2026-09-24T12:15:56.531Z	W0000029c00021de8fd
594.7004	2026-09-24T12:15:56.531Z	R0000029c00021de8ff
594.7004	2026-09-24T12:15:56.531Z	E000000000000000000
594.7004	2026-09-24T12:15:56.531Z	M000000000000000000
594.7004	2026-09-24T12:15:56.531Z	Fffffffff0000000000
594.8657	2026-09-24T12:15:56.696Z	S011717000b41db8850
595.5563	2026-09-24T12:15:57.387Z	W0000029d00021de901
595.5563	2026-09-24T12:15:57.387Z	R0000029d00021de8ff
595.5563	2026-09-24T12:15:57.387Z	E000000000000000000
595.5563	2026-09-24T12:15:57.387Z	M000000000000000000
595.5563	2026-09-24T12:15:57.387Z	Fffffffff0000000000
595.6950	2026-09-24T12:15:57.525Z	S011717000b45db8854
596.4241	2026-09-24T12:15:58.254Z	W0000029e00021de8fd
596.4241	2026-09-24T12:15:58.254Z	R0000029e00021de8ff
596.4241	2026-09-24T12:15:58.254Z	E000000000000000000
596.4241	2026-09-24T12:15:58.254Z	M000000000000000000
596.4241	2026-09-24T12:15:58.254Z	Fffffffff0000000000
596.4906	2026-09-24T12:15:58.321Z	S011717000b49db8858
597.2700	2026-09-24T12:15:59.100Z	W0000029f00021de901
597.2700	2026-09-24T12:15:59.100Z	R0000029f00021de8ff
597.2700	2026-09-24T12:15:59.100Z	E000000000000000000
597.2700	2026-09-24T12:15:59.100Z	M000000000000000000
597.2700	2026-09-24T12:15:59.100Z	Fffffffff0000000000
597.2922	2026-09-24T12:15:59.122Z	S011717000b4ddb885c
598.1014	2026-09-24T12:15:59.932Z	S011717000b51db8860
598.1227	2026-09-24T12:15:59.953Z	W000002a000021de8fd
598.1227	2026-09-24T12:15:59.953Z	R000002a000021de8ff
598.1227	2026-09-24T12:15:59.953Z	E000000000000000000
598.1451	2026-09-24T12:15:59.975Z	M000000000000000000
598.1451	2026-09-24T12:15:59.975Z	Fffffffff0000000000
598.8923	2026-09-24T12:16:00.722Z	S011717000b55db8864
598.9819	2026-09-24T12:16:00.812Z	W000002a100021de901
598.9819	2026-09-24T12:16:00.812Z	R000002a100021de8ff
598.9819	2026-09-24T12:16:00.812Z	E000000000000000000
599.0057	2026-09-24T12:16:00.836Z	M000000000000000000
599.0057	2026-09-24T12:16:00.836Z	Fffffffff0000000000
599.7182	2026-09-24T12:16:01.548Z	S011717000b59db8868
599.8595	2026-09-24T12:16:01.690Z	W000002a200021de8fd
599.8595	2026-09-24T12:16:01.690Z	R000002a200021de8ff
599.8595	2026-09-24T12:16:01.690Z	E000000000000000000
599.8595	2026-09-24T12:16:01.690Z	M000000000000000000
599.8595	2026-09-24T12:16:01.690Z	Fffffffff0000000000
600.5166	2026-09-24T12:16:02.347Z	S011717000b5ddb886c
600.7061	2026-09-24T12:16:02.536Z	W000002a300021de901
600.7061	2026-09-24T12:16:02.536Z	R000002a300021de8ff
600.7061	2026-09-24T12:16:02.536Z	E000000000000000000
600.7061	2026-09-24T12:16:02.536Z	M000000000000000000
600.7061	2026-09-24T12:16:02.536Z	Fffffffff0000000000
601.3323	2026-09-24T12:16:03.162Z	S011717000b61db8870
601.5739	2026-09-24T12:16:03.404Z	W000002a400021de8fd
601.5739	2026-09-24T12:16:03.404Z	R000002a400021de8ff
601.5739	2026-09-24T12:16:03.404Z	E000000000000000000
601.5739	2026-09-24T12:16:03.404Z	M000000000000000000
601.5739	2026-09-24T12:16:03.404Z	Fffffffff0000000000
602.1261	2026-09-24T12:16:03.956Z	S011717000b65db8874
602.4333	2026-09-24T12:16:04.263Z	W000002a500021de901
602.4333	2026-09-24T12:16:04.263Z	R000002a500021de8ff
602.4333	2026-09-24T12:16:04.263Z	E000000000000000000
602.4333	2026-09-24T12:16:04.263Z	M000000000000000000
602.4333	2026-09-24T12:16:04.263Z	Fffffffff0000000000
602.9235	2026-09-24T12:16:04.754Z	S011717000b69db8878
603.2817	2026-09-24T12:16:05.112Z	W000002a600021de8fd
603.2817	2026-09-24T12:16:05.112Z	R000002a600021de8ff
603.2817	2026-09-24T12:16:05.112Z	E000000000000000000
603.3039	2026-09-24T12:16:05.134Z	M000000000000000000
603.3039	2026-09-24T12:16:05.134Z	Fffffffff0000000000
603.7241	2026-09-24T12:16:05.554Z	S011717000b6ddb887c
604.1605	2026-09-24T12:16:05.991Z	W000002a700021de901
604.1605	2026-09-24T12:16:05.991Z	R000002a700021de8ff
604.1605	2026-09-24T12:16:05.991Z	E000000000000000000
604.1605	2026-09-24T12:16:05.991Z	M000000000000000000
604.1605	2026-09-24T12:16:05.991Z	Fffffffff0000000000
604.5325	2026-09-24T12:16:06.363Z	S011717000b71db8880
605.0171	2026-09-24T12:16:06.847Z	W000002a800021de8fd
605.0171	2026-09-24T12:16:06.847Z	R000002a800021de8ff
605.0171	2026-09-24T12:16:06.847Z	E000000000000000000
605.0171	2026-09-24T12:16:06.847Z	M000000000000000000
605.0171	2026-09-24T12:16:06.847Z	Fffffffff0000000000
605.3368	2026-09-24T12:16:07.167Z	S011717000b75db8884
605.8571	2026-09-24T12:16:07.687Z	W000002a900021de901
605.8571	2026-09-24T12:16:07.687Z	R000002a900021de8ff
605.8571	2026-09-24T12:16:07.687Z	E000000000000000000
605.8814	2026-09-24T12:16:07.711Z	M000000000000000000
605.8814	2026-09-24T12:16:07.711Z	Fffffffff0000000000
606.1506	2026-09-24T12:16:07.981Z	S011717000b79db8888
606.7233	2026-09-24T12:16:08.553Z	W000002aa00021de8fd
606.7233	2026-09-24T12:16:08.553Z	R000002aa00021de8ff
606.7233	2026-09-24T12:16:08.553Z	E000000000000000000
606.7233	2026-09-24T12:16:08.553Z	M000000000000000000
606.7233	2026-09-24T12:16:08.553Z	Fffffffff0000000000
606.9578	2026-09-24T12:16:08.788Z	S011717000b7ddb888c
607.5741	2026-09-24T12:16:09.404Z	W000002ab00021de901
607.5741	2026-09-24T12:16:09.404Z	R000002ab00021de8ff
607.5741	2026-09-24T12:16:09.404Z	E000000000000000000
607.5979	2026-09-24T12:16:09.428Z	M000000000000000000
607.5979	2026-09-24T12:16:09.428Z	Fffffffff0000000000
607.7584	2026-09-24T12:16:09.588Z	S011717000b81db8890
608.4558	2026-09-24T12:16:10.286Z	W000002ac00021de8fd
608.4558	2026-09-24T12:16:10.286Z	R000002ac00021de8ff
608.4558	2026-09-24T12:16:10.286Z	E000000000000000000
608.4558	2026-09-24T12:16:10.286Z	M000000000000000000
608.4558	2026-09-24T12:16:10.286Z	Fffffffff0000000000
608.5780	2026-09-24T12:16:10.408Z	S011717000b85db8894
609.2969	2026-09-24T12:16:11.127Z	W000002ad00021de901
609.2969	2026-09-24T12:16:11.127Z	R000002ad00021de8ff
609.2969	2026-09-24T12:16:11.127Z	E000000000000000000
609.3202	2026-09-24T12:16:11.150Z	M000000000000000000
609.3202	2026-09-24T12:16:11.150Z	Fffffffff0000000000
609.3663	2026-09-24T12:16:11.196Z	S011717000b89db8898
610.1661	2026-09-24T12:16:11.996Z	W000002ae00021de8fd
610.1661	2026-09-24T12:16:11.996Z	R000002ae00021de8ff
610.1661	2026-09-24T12:16:11.996Z	E000000000000000000
610.1661	2026-09-24T12:16:11.996Z	M000000000000000000
610.1661	2026-09-24T12:16:11.996Z	Fffffffff0000000000
610.1892	2026-09-24T12:16:12.019Z	S011717000b8ddb889c
610.9739	2026-09-24T12:16:12.804Z	S011717000b91db88a0
611.0197	2026-09-24T12:16:12.850Z	W000002af00021de901
611.0197	2026-09-24T12:16:12.850Z	R000002af00021de8ff
611.0197	2026-09-24T12:16:12.850Z	E000000000000000000
611.0197	2026-09-24T12:16:12.850Z	M000000000000000000
611.0197	2026-09-24T12:16:12.850Z	Fffffffff0000000000
611.7818	2026-09-24T12:16:13.612Z	S011717000b95db88a4
611.8744	2026-09-24T12:16:13.704Z	W000002b000021de8fd
611.8744	2026-09-24T12:16:13.704Z	R000002b000021de8ff
611.8744	2026-09-24T12:16:13.704Z	E000000000000000000
611.8993	2026-09-24T12:16:13.729Z	M000000000000000000
611.8993	2026-09-24T12:16:13.729Z	Fffffffff0000000000
612.6018	2026-09-24T12:16:14.432Z	S011717000b99db88a8
612.7375	2026-09-24T12:16:14.567Z	W000002b100021de901
612.7375	2026-09-24T12:16:14.567Z	R000002b100021de8ff
612.7375	2026-09-24T12:16:14.567Z	E000000000000000000
612.7375	2026-09-24T12:16:14.567Z	M000000000000000000
612.7375	2026-09-24T12:16:14.567Z	Fffffffff0000000000
613.3908	2026-09-24T12:16:15.221Z	S011717000b9ddb88ac
613.5944	2026-09-24T12:16:15.424Z	W000002b200021de8fd
613.5944	2026-09-24T12:16:15.424Z	R000002b200021de8ff
613.5944	2026-09-24T12:16:15.424Z	E000000000000000000
613.5944	2026-09-24T12:16:15.424Z	M000000000000000000
613.5944	2026-09-24T12:16:15.424Z	Fffffffff0000000000
614.1932	2026-09-24T12:16:16.023Z	S011717000ba1db88b0
614.4567	2026-09-24T12:16:16.287Z	W000002b300021de901
614.4567	2026-09-24T12:16:16.287Z	R000002b300021de8ff
614.4567	2026-09-24T12:16:16.287Z	E000000000000000000
614.4567	2026-09-24T12:16:16.287Z	M000000000000000000
614.4567	2026-09-24T12:16:16.287Z	Fffffffff0000000000
