Info: Packing constants..
Info: Inserting IO buffers..
Info:     IO port 'clk200_n' driven by IBUFDS 'clk_ibufds'
Info:     IO port 'clk200_p' driven by IBUFDS 'clk_ibufds'
Info:     IO port 'rst_n' driven by IBUF '$iopadmap$tms_bram_bench_ax7203.rst_n'
Info:     IO port 'uart_rx' driven by IBUF '$iopadmap$tms_bram_bench_ax7203.uart_rx'
Info:     IO port 'uart_tx' driven by OBUF '$iopadmap$tms_bram_bench_ax7203.uart_tx'
Info:     IO port 'led[0]' driven by OBUF '$iopadmap$tms_bram_bench_ax7203.led'
Info:     IO port 'led[1]' driven by OBUF '$iopadmap$tms_bram_bench_ax7203.led_1'
Info:     IO port 'led[2]' driven by OBUF '$iopadmap$tms_bram_bench_ax7203.led_2'
Info:     IO port 'led[3]' driven by OBUF '$iopadmap$tms_bram_bench_ax7203.led_3'
Info:     Constraining 'clk200_n' to site 'IOB_X1Y123'
Info:     Tile 'RIOB33_X105Y123'
Info:     Constraining 'clk200_p' to site 'IOB_X1Y124'
Info:     Tile 'RIOB33_X105Y123'
Info:     Constraining 'rst_n' to site 'IOB_X1Y115'
Info:     Tile 'RIOB33_X105Y115'
Info:     Constraining 'uart_rx' to site 'IOB_X0Y149'
Info:     Tile 'LIOB33_SING_X0Y149'
Info:     Constraining 'uart_tx' to site 'IOB_X0Y100'
Info:     Tile 'LIOB33_SING_X0Y100'
Info:     Constraining 'led[0]' to site 'IOB_X0Y233'
Info:     Tile 'LIOB33_X0Y233'
Info:     Constraining 'led[1]' to site 'IOB_X0Y234'
Info:     Tile 'LIOB33_X0Y233'
Info:     Constraining 'led[2]' to site 'IOB_X0Y238'
Info:     Tile 'LIOB33_X0Y237'
Info:     Constraining 'led[3]' to site 'IOB_X0Y237'
Info:     Tile 'LIOB33_X0Y237'
Info: Generating input buffer for '$iopadmap$tms_bram_bench_ax7203.rst_n'
Info: Generating input buffer for '$iopadmap$tms_bram_bench_ax7203.uart_rx'
Info: Generating output buffer for '$iopadmap$tms_bram_bench_ax7203.uart_tx'
Info: Generating output buffer for '$iopadmap$tms_bram_bench_ax7203.led'
Info: Generating output buffer for '$iopadmap$tms_bram_bench_ax7203.led_1'
Info: Generating output buffer for '$iopadmap$tms_bram_bench_ax7203.led_2'
Info: Generating output buffer for '$iopadmap$tms_bram_bench_ax7203.led_3'
Info:     Created 9 PAD cells from:
Info:              9x PAD
Info: Preparing clocking...
Info: Packing constants..
Info: Packing cfg...
Info: Packing PLLs...
Info: Packing Gigabit Transceivers..
Info: Packing global buffers...
Info:     Constrained BUFGCTRL 'clk200_bufg' to bel 'BUFGCTRL_X0Y0/BUFGCTRL' based on dedicated routing
Info: Packing MUX[789]s..
Info: Packing carries..
Info:    Grouped 0 MUXCYs and 0 XORCYs into 0 chains.
Info:    Blasted 0 non-chain MUXCYs and 0 non-chain XORCYs to soft logic
Info: Packing LUTs..
Info:     Created 3415 SLICE_LUTX cells from:
Info:              2x LUT1
Info:            757x LUT2
Info:            456x LUT3
Info:            329x LUT4
Info:           1010x LUT5
Info:            861x LUT6
Info: Packing DRAM..
Info:    Transformed 0 tied-low DRAM address inputs to be tied-high
Info: Packing BRAM..
Info: Packing DSPs..
Info: Packing flipflops..
Info:     Created 878 SLICE_FFX cells from:
Info:            799x FDCE
Info:             12x FDPE
Info:             67x FDRE
Info: Constrained 753 LUTFF pairs.

Info: Annotating ports with timing budgets for target frequency 200.00 MHz
Info: Checksum: 0x9eb9db54

Info: Device utilisation:
Info: 	          SLICE_LUTX:  3415/269200     1%
Info: 	           SLICE_FFX:   878/269200     0%
Info: 	              CARRY4:     0/33650     0%
Info: 	          PSEUDO_GND:     1/69165     0%
Info: 	          PSEUDO_VCC:     1/69165     0%
Info: 	               HARD0:     0/ 3960     0%
Info: 	            RAMB18E1:     0/  730     0%
Info: 	            FIFO18E1:     0/  365     0%
Info: 	        RAMBFIFO36E1:     0/  365     0%
Info: 	            RAMB36E1:    45/  365    12%
Info: 	             DSP48E1:     0/  740     0%
Info: 	                 PAD:     9/ 1062     0%
Info: 	       IOB33M_OUTBUF:     0/  240     0%
Info: 	       IOB33S_OUTBUF:     0/  240     0%
Info: 	        IOB33_OUTBUF:     5/  500     1%
Info: 	     IOB33M_INBUF_EN:     1/  240     0%
Info: 	     IOB33S_INBUF_EN:     0/  240     0%
Info: 	      IOB33_INBUF_EN:     2/  500     0%
Info: 	IOB33M_TERM_OVERRIDE:     0/  240     0%
Info: 	IOB33S_TERM_OVERRIDE:     0/  240     0%
Info: 	 IOB33_TERM_OVERRIDE:     0/  500     0%
Info: 	       PULL_OR_KEEP1:     0/  980     0%
Info: 	            IDELAYE2:     0/  500     0%
Info: 	        OLOGICE3_TFF:     0/  500     0%
Info: 	      OLOGICE3_OUTFF:     0/  500     0%
Info: 	       OLOGICE3_MISR:     0/  500     0%
Info: 	           OSERDESE2:     0/  500     0%
Info: 	        ILOGICE3_IFF:     0/  500     0%
Info: 	ILOGICE3_ZHOLD_DELAY:     0/  500     0%
Info: 	           ISERDESE2:     0/  500     0%
Info: 	                BUFR:     0/   40     0%
Info: 	               BUFIO:     0/   40     0%
Info: 	          IDELAYCTRL:     0/   10     0%
Info: 	            BUFGCTRL:     2/   32     6%
Info: 	            PCIE_2_1:     0/    1     0%
Info: 	               BSCAN:     0/    4     0%
Info: 	                BUFG:     0/   32     0%
Info: 	              BUFHCE:     0/  120     0%
Info: 	            DCIRESET:     0/    1     0%
Info: 	            DNA_PORT:     0/    1     0%
Info: 	           EFUSE_USR:     0/    1     0%
Info: 	           FRAME_ECC:     0/    1     0%
Info: 	       GTPE2_CHANNEL:     0/   16     0%
Info: 	        GTPE2_COMMON:     0/    4     0%
Info: 	         IBUFDS_GTE2:     0/    8     0%
Info: 	                ICAP:     0/    2     0%
Info: 	            INVERTER:     0/  240     0%
Info: 	          MMCME2_ADV:     0/   10     0%
Info: 	        OLOGICE2_TFF:     0/  500     0%
Info: 	      OLOGICE2_OUTFF:     0/  500     0%
Info: 	           PLLE2_ADV:     0/   10     0%
Info: 	           SELMUX2_1:     0/102950     0%
Info: 	             STARTUP:     0/    1     0%
Info: 	          USR_ACCESS:     0/    1     0%
Info: 	              BUFFER:     0/   82     0%
Info: 	        ILOGICE2_IFF:     0/  500     0%
Info: 	       OLOGICE2_MISR:     0/  500     0%

Info: Placed 18 cells based on constraints.
Info: Creating initial analytic placement for 3586 cells, random placement wirelen = 1737287.
Info:     at initial placer iter 0, wirelen = 1622
Info:     at initial placer iter 1, wirelen = 1287
Info:     at initial placer iter 2, wirelen = 1205
Info:     at initial placer iter 3, wirelen = 1189
Info: Running main analytical placer.
Info:     at iteration #1, type ALL: wirelen solved = 1293, spread = 333822, legal = 337082; time = 0.06s
Info:     at iteration #2, type ALL: wirelen solved = 5052, spread = 326079, legal = 336806; time = 0.06s
Info:     at iteration #3, type ALL: wirelen solved = 7365, spread = 297402, legal = 310150; time = 0.07s
Info:     at iteration #4, type ALL: wirelen solved = 9254, spread = 301979, legal = 305209; time = 0.06s
Info:     at iteration #5, type ALL: wirelen solved = 12505, spread = 301642, legal = 310517; time = 0.06s
Info:     at iteration #6, type ALL: wirelen solved = 15588, spread = 304732, legal = 311752; time = 0.06s
Info:     at iteration #7, type ALL: wirelen solved = 18659, spread = 287787, legal = 289669; time = 0.05s
Info:     at iteration #8, type ALL: wirelen solved = 19743, spread = 287720, legal = 297392; time = 0.06s
Info:     at iteration #9, type ALL: wirelen solved = 21118, spread = 286859, legal = 297434; time = 0.06s
Info:     at iteration #10, type ALL: wirelen solved = 22712, spread = 286707, legal = 292947; time = 0.05s
Info:     at iteration #11, type ALL: wirelen solved = 23894, spread = 285306, legal = 292400; time = 0.05s
Info:     at iteration #12, type ALL: wirelen solved = 25113, spread = 282112, legal = 286684; time = 0.05s
Info:     at iteration #13, type ALL: wirelen solved = 27960, spread = 278458, legal = 285611; time = 0.05s
Info:     at iteration #14, type ALL: wirelen solved = 30964, spread = 277046, legal = 286470; time = 0.05s
Info:     at iteration #15, type ALL: wirelen solved = 32590, spread = 279934, legal = 293619; time = 0.05s
Info:     at iteration #16, type ALL: wirelen solved = 34498, spread = 279733, legal = 289299; time = 0.05s
Info:     at iteration #17, type ALL: wirelen solved = 34564, spread = 279615, legal = 286374; time = 0.05s
Info:     at iteration #18, type ALL: wirelen solved = 34397, spread = 277655, legal = 285377; time = 0.05s
Info:     at iteration #19, type ALL: wirelen solved = 34845, spread = 276728, legal = 282693; time = 0.05s
Info:     at iteration #20, type ALL: wirelen solved = 34939, spread = 276971, legal = 283368; time = 0.05s
Info:     at iteration #21, type ALL: wirelen solved = 36303, spread = 276703, legal = 287992; time = 0.05s
Info:     at iteration #22, type ALL: wirelen solved = 37372, spread = 283139, legal = 292571; time = 0.05s
Info:     at iteration #23, type ALL: wirelen solved = 40213, spread = 284997, legal = 294826; time = 0.05s
Info:     at iteration #24, type ALL: wirelen solved = 41972, spread = 284313, legal = 289754; time = 0.05s
Info: HeAP Placer Time: 1.93s
Info:   of which solving equations: 0.96s
Info:   of which spreading cells: 0.27s
Info:   of which strict legalisation: 0.14s

Info: Running simulated annealing placer for refinement.
Info:   at iteration #1: temp = 0.000000, timing cost = 2136, wirelen = 282693
Info:   at iteration #5: temp = 0.000000, timing cost = 1741, wirelen = 279195
Info:   at iteration #10: temp = 0.000000, timing cost = 1713, wirelen = 278712
Info:   at iteration #15: temp = 0.000000, timing cost = 1657, wirelen = 278591
Info:   at iteration #15: temp = 0.000000, timing cost = 1655, wirelen = 278601 
Info: SA placement time 0.99s

Info: Max frequency for clock    'clk': 30.11 MHz (FAIL at 200.00 MHz)
Info: Max frequency for clock 'clk200': 956.02 MHz (PASS at 200.00 MHz)

Info: Slack histogram:
Info:  legend: * represents 12 endpoint(s)
Info:          + represents [1,12) endpoint(s)
Info: [-28215, -26571) |*+
Info: [-26571, -24927) |+
Info: [-24927, -23283) |+
Info: [-23283, -21639) |*+
Info: [-21639, -19995) |*+
Info: [-19995, -18351) |+
Info: [-18351, -16707) |+
Info: [-16707, -15063) |*+
Info: [-15063, -13419) |+
Info: [-13419, -11775) |***+
Info: [-11775, -10131) |******+
Info: [-10131,  -8487) |***+
Info: [ -8487,  -6843) |**+
Info: [ -6843,  -5199) |*************+
Info: [ -5199,  -3555) |************************************************************ 
Info: [ -3555,  -1911) |************+
Info: [ -1911,   -267) |*************+
Info: [  -267,   1377) |*****************************+
Info: [  1377,   3021) |*************+
Info: [  3021,   4665) |**************+
Info: Checksum: 0x1c775293
Info: Running post-placement legalisation...
Info: Routing global clocks...
Info:     routing clock 'clk'
Info:     routing clock 'clk200'
Info: Running router2...
Info: Setting up routing resources...
Info: Running main router loop...
Info:     iter=1 wires=136230 overused=5831 overuse=6756 archfail=NA
Info:     iter=2 wires=142645 overused=114 overuse=114 archfail=NA
Info:     iter=3 wires=142774 overused=2 overuse=2 archfail=NA
Info:     iter=4 wires=142777 overused=1 overuse=1 archfail=NA
Info:     iter=5 wires=142778 overused=0 overuse=0 archfail=0
Info: 1000 slowest nets by runtime:
                                 $techmap2515846$abc$2513560$lut$aiger2513559$11497.A[3]      2 1904.4ms
                                 $techmap2515831$abc$2513560$lut$aiger2513559$11396.A[3]      2 1884.4ms
                                 $techmap2515847$abc$2513560$lut$aiger2513559$11506.A[2]      2 1787.7ms
                                 $techmap2515801$abc$2513560$lut$aiger2513559$11189.A[4]      2 1713.3ms
                                 $techmap2515738$abc$2513560$lut$aiger2513559$10765.A[4]      2 1630.2ms
                                 $techmap2515802$abc$2513560$lut$aiger2513559$11198.A[4]      2 1614.1ms
                                 $techmap2515540$abc$2513560$lut$aiger2513559$12436.A[5]      2 1521.2ms
                                 $techmap2515710$abc$2513560$lut$aiger2513559$10586.A[2]      2 1493.2ms
                                 $techmap2515846$abc$2513560$lut$aiger2513559$11497.A[5]      2 1492.3ms
                                 $techmap2515771$abc$2513560$lut$aiger2513559$11000.A[2]      2 1485.5ms
                                 $techmap2515733$abc$2513560$lut$aiger2513559$10729.A[2]      2 1472.1ms
                                 $techmap2515710$abc$2513560$lut$aiger2513559$10586.A[3]      2 1454.6ms
                                 $techmap2515738$abc$2513560$lut$aiger2513559$10765.A[5]      2 1444.4ms
                                 $techmap2515737$abc$2513560$lut$aiger2513559$10756.A[4]      2 1426.3ms
                                 $techmap2515802$abc$2513560$lut$aiger2513559$11198.A[5]      2 1426.1ms
                                 $techmap2515681$abc$2513560$lut$aiger2513559$12875.A[4]      2 1423.5ms
                                 $techmap2515771$abc$2513560$lut$aiger2513559$11000.A[4]      2 1423.5ms
                                 $techmap2515847$abc$2513560$lut$aiger2513559$11506.A[3]      2 1418.9ms
                                 $techmap2515831$abc$2513560$lut$aiger2513559$11396.A[4]      2 1405.9ms
                                 $techmap2515733$abc$2513560$lut$aiger2513559$10729.A[3]      2 1397.8ms
                                 $techmap2515734$abc$2513560$lut$aiger2513559$10738.A[3]      2 1380.6ms
                                 $techmap2515738$abc$2513560$lut$aiger2513559$10765.A[2]      2 1373.9ms
                                 $techmap2515710$abc$2513560$lut$aiger2513559$10586.A[4]      2 1339.6ms
                                 $techmap2515830$abc$2513560$lut$aiger2513559$11387.A[2]      2 1335.5ms
                                 $techmap2515737$abc$2513560$lut$aiger2513559$10756.A[2]      2 1328.2ms
                                 $techmap2515801$abc$2513560$lut$aiger2513559$11189.A[2]      2 1314.7ms
                                 $techmap2515733$abc$2513560$lut$aiger2513559$10729.A[5]      2 1304.1ms
                                 $techmap2515710$abc$2513560$lut$aiger2513559$10586.A[5]      2 1298.7ms
                                 $techmap2515682$abc$2513560$lut$aiger2513559$12884.A[3]      2 1291.9ms
                                 $techmap2515540$abc$2513560$lut$aiger2513559$12436.A[4]      2 1265.4ms
                                 $techmap2515847$abc$2513560$lut$aiger2513559$11506.A[5]      2 1254.0ms
                                 $techmap2515734$abc$2513560$lut$aiger2513559$10738.A[5]      2 1253.2ms
                                 $techmap2515682$abc$2513560$lut$aiger2513559$12884.A[4]      2 1249.3ms
                                 $techmap2515681$abc$2513560$lut$aiger2513559$12875.A[2]      2 1238.4ms
                                 $techmap2515539$abc$2513560$lut$aiger2513559$12427.A[3]      2 1238.1ms
                                 $techmap2515830$abc$2513560$lut$aiger2513559$11387.A[4]      2 1237.9ms
                                 $techmap2515770$abc$2513560$lut$aiger2513559$10991.A[4]      2 1233.6ms
                                 $techmap2515830$abc$2513560$lut$aiger2513559$11387.A[3]      2 1233.0ms
                                 $techmap2515737$abc$2513560$lut$aiger2513559$10756.A[3]      2 1218.2ms
                                 $techmap2515846$abc$2513560$lut$aiger2513559$11497.A[2]      2 1210.8ms
                                 $techmap2515771$abc$2513560$lut$aiger2513559$11000.A[3]      2 1198.3ms
                                 $techmap2515539$abc$2513560$lut$aiger2513559$12427.A[5]      2 1184.7ms
                                 $techmap2515770$abc$2513560$lut$aiger2513559$10991.A[5]      2 1178.9ms
                                 $techmap2515709$abc$2513560$lut$aiger2513559$10577.A[2]      2 1177.6ms
                                 $techmap2515846$abc$2513560$lut$aiger2513559$11497.A[4]      2 1163.2ms
                                 $techmap2515709$abc$2513560$lut$aiger2513559$10577.A[3]      2 1162.2ms
                                 $techmap2515830$abc$2513560$lut$aiger2513559$11387.A[5]      2 1156.4ms
                                 $techmap2515771$abc$2513560$lut$aiger2513559$11000.A[5]      2 1144.5ms
                                 $techmap2515709$abc$2513560$lut$aiger2513559$10577.A[4]      2 1109.4ms
                                 $techmap2515847$abc$2513560$lut$aiger2513559$11506.A[4]      2 1109.2ms
                                 $techmap2515770$abc$2513560$lut$aiger2513559$10991.A[3]      2 1107.5ms
                                 $techmap2515734$abc$2513560$lut$aiger2513559$10738.A[4]      2 1098.4ms
                                 $techmap2515540$abc$2513560$lut$aiger2513559$12436.A[2]      2 1090.1ms
                                 $techmap2515733$abc$2513560$lut$aiger2513559$10729.A[4]      2 1078.9ms
                                 $techmap2515539$abc$2513560$lut$aiger2513559$12427.A[2]      2 1074.7ms
                                 $techmap2515831$abc$2513560$lut$aiger2513559$11396.A[2]      2 1058.1ms
                                 $techmap2515540$abc$2513560$lut$aiger2513559$12436.A[3]      2 1051.7ms
                                 $techmap2515681$abc$2513560$lut$aiger2513559$12875.A[3]      2 1050.9ms
                                 $techmap2515709$abc$2513560$lut$aiger2513559$10577.A[5]      2 1047.8ms
                                 $techmap2515801$abc$2513560$lut$aiger2513559$11189.A[5]      2 1040.7ms
                                 $techmap2515738$abc$2513560$lut$aiger2513559$10765.A[3]      2 1016.5ms
                                 $techmap2515801$abc$2513560$lut$aiger2513559$11189.A[3]      2 1013.7ms
                                 $techmap2515770$abc$2513560$lut$aiger2513559$10991.A[2]      2 1011.9ms
                                 $techmap2515737$abc$2513560$lut$aiger2513559$10756.A[5]      2 1007.0ms
                                 $techmap2515802$abc$2513560$lut$aiger2513559$11198.A[2]      2 1001.8ms
                                 $techmap2515802$abc$2513560$lut$aiger2513559$11198.A[3]      2 999.4ms
                                 $techmap2515734$abc$2513560$lut$aiger2513559$10738.A[2]      2 989.4ms
                                 $techmap2515681$abc$2513560$lut$aiger2513559$12875.A[5]      2 965.3ms
                                 $techmap2515831$abc$2513560$lut$aiger2513559$11396.A[5]      2 915.5ms
                                 $techmap2515539$abc$2513560$lut$aiger2513559$12427.A[4]      2 914.9ms
                                 $techmap2515682$abc$2513560$lut$aiger2513559$12884.A[5]      2 900.2ms
                                 $techmap2515682$abc$2513560$lut$aiger2513559$12884.A[2]      2 863.0ms
                                 $techmap2514650$abc$2513560$lut$aiger2513559$15230.A[3]     92 466.1ms
                                 $techmap2514650$abc$2513560$lut$aiger2513559$15230.A[1]     94 447.5ms
                                 $techmap2514650$abc$2513560$lut$aiger2513559$15230.A[2]     93 412.2ms
                              $techmap2514554\genblk2.slot0_d5d2.eng.mem_b2.0.12.ENARDEN     96 343.9ms
                                                       genblk2.slot0_d5d2.eng.r_addr[11]     69 336.3ms
                                 $techmap2514649$abc$2513560$lut$aiger2513559$15226.A[0]     92 275.2ms
                                  $techmap2515113$abc$2513560$lut$aiger2513559$9613.A[1]    590 257.0ms
                                                                                     rst    812 253.3ms
                                 $techmap2514657$abc$2513560$lut$aiger2513559$15252.A[0]     93 252.7ms
                                 $techmap2515579$abc$2513560$lut$aiger2513559$12699.A[2]      1 243.4ms
                                 $techmap2514650$abc$2513560$lut$aiger2513559$15230.A[0]     95 222.3ms
                                  $techmap2515119$abc$2513560$lut$aiger2513559$9652.A[0]    263 213.5ms
                                  $techmap2515115$abc$2513560$lut$aiger2513559$9625.A[0]    503 196.7ms
                                 $techmap2515105$abc$2513560$lut$aiger2513559$13547.A[0]    566 191.7ms
                                 $techmap2514657$abc$2513560$lut$aiger2513559$15252.A[1]     96 186.4ms
                                 $techmap2515578$abc$2513560$lut$aiger2513559$12694.A[4]      1 176.3ms
                                           $techmap2258368$auto$ff.cc:337:slice$187443.D    356 173.1ms
                                 $techmap2514651$abc$2513560$lut$aiger2513559$15231.A[0]     92 168.7ms
                                 $techmap2515592$abc$2513560$lut$aiger2513559$12113.A[2]      1 166.3ms
                                 $techmap2515511$abc$2513560$lut$aiger2513559$14735.A[3]      1 161.2ms
                                 $techmap2515841$abc$2513560$lut$aiger2513559$11461.A[3]      1 159.7ms
                                                       genblk2.slot0_d5d2.eng.r_addr[10]     70 157.7ms
                                 $techmap2515307$abc$2513560$lut$aiger2513559$13808.A[3]      1 150.4ms
                                 $techmap2515346$abc$2513560$lut$aiger2513559$13520.A[4]      1 149.4ms
                                 $techmap2515675$abc$2513560$lut$aiger2513559$12834.A[4]      1 143.0ms
                                 $techmap2515398$abc$2513560$lut$aiger2513559$13349.A[3]      1 138.1ms
                                 $techmap2515397$abc$2513560$lut$aiger2513559$13344.A[4]      1 136.3ms
                                 $techmap2515840$abc$2513560$lut$aiger2513559$11456.A[3]      1 135.6ms
                                 $techmap2515676$abc$2513560$lut$aiger2513559$12839.A[3]      1 134.6ms
                                       $techmap2517388$abc$2513560$lut$aiger$o12130.A[2]    285 133.2ms
                                 $techmap2515744$abc$2513560$lut$aiger2513559$10803.A[3]      1 132.2ms
                                 $techmap2515437$abc$2513560$lut$aiger2513559$14135.A[5]      1 125.3ms
                                 $techmap2515835$abc$2513560$lut$aiger2513559$11423.A[5]      1 125.3ms
                                 $techmap2515782$abc$2513560$lut$aiger2513559$11068.A[3]      1 124.6ms
                                 $techmap2515553$abc$2513560$lut$aiger2513559$12521.A[3]      1 118.1ms
                                  $techmap2515146$abc$2513560$lut$aiger2513559$9950.A[3]      1 113.7ms
                                  $techmap2515121$abc$2513560$lut$aiger2513559$9661.A[0]    191 101.2ms
                                 $techmap2515450$abc$2513560$lut$aiger2513559$14337.A[4]      1 96.4ms
                                 $techmap2515437$abc$2513560$lut$aiger2513559$14135.A[4]      1 93.8ms
                                 $techmap2515837$abc$2513560$lut$aiger2513559$11435.A[4]      2 91.9ms
                                 $techmap2515704$abc$2513560$lut$aiger2513559$10540.A[3]      1 90.6ms
                                 $techmap2515510$abc$2513560$lut$aiger2513559$14730.A[3]      1 89.9ms
                                 $techmap2515743$abc$2513560$lut$aiger2513559$10798.A[4]      1 88.5ms
                                 $techmap2515238$abc$2513560$lut$aiger2513559$10278.A[2]     62 87.4ms
                                  $techmap2515147$abc$2513560$lut$aiger2513559$9955.A[3]      1 87.1ms
                                 $techmap2515451$abc$2513560$lut$aiger2513559$14342.A[2]      1 86.8ms
                                  $techmap2515164$abc$2513560$lut$aiger2513559$8935.A[5]      1 84.0ms
                                 $techmap2515781$abc$2513560$lut$aiger2513559$11063.A[3]      1 83.8ms
                                 $techmap2515546$abc$2513560$lut$aiger2513559$12474.A[2]      2 81.8ms
                                 $techmap2515419$abc$2513560$lut$aiger2513559$13459.A[2]      1 81.2ms
                                 $techmap2515693$abc$2513560$lut$aiger2513559$12951.A[3]      1 80.5ms
                                 $techmap2515692$abc$2513560$lut$aiger2513559$12946.A[3]      1 79.6ms
                                                                                 tx_busy     75 78.9ms
                                 $techmap2515418$abc$2513560$lut$aiger2513559$13454.A[3]      1 77.5ms
                                 $techmap2515491$abc$2513560$lut$aiger2513559$14603.A[4]      1 77.0ms
                                                                         $PACKER_VCC_NET   1418 76.6ms
                                 $techmap2515678$abc$2513560$lut$aiger2513559$12852.A[5]      2 76.4ms
                                 $techmap2515105$abc$2513560$lut$aiger2513559$13547.A[1]    206 76.3ms
                                 $techmap2515591$abc$2513560$lut$aiger2513559$12108.A[3]      1 75.5ms
                                 $techmap2515704$abc$2513560$lut$aiger2513559$10540.A[4]      1 75.3ms
                                 $techmap2515546$abc$2513560$lut$aiger2513559$12474.A[5]      2 75.0ms
                                  $techmap2515133$abc$2513560$lut$aiger2513559$9740.A[3]     71 74.6ms
                                 $techmap2515306$abc$2513560$lut$aiger2513559$13803.A[3]      1 74.2ms
                                 $techmap2515819$abc$2513560$lut$aiger2513559$11315.A[2]      2 73.0ms
                                 $techmap2515808$abc$2513560$lut$aiger2513559$11236.A[3]      2 72.8ms
                                 $techmap2515756$abc$2513560$lut$aiger2513559$10887.A[4]      1 72.8ms
                                 $techmap2515815$abc$2513560$lut$aiger2513559$11283.A[4]      2 71.8ms
                                 $techmap2515809$abc$2513560$lut$aiger2513559$11245.A[4]      2 70.2ms
                                 $techmap2515716$abc$2513560$lut$aiger2513559$10625.A[5]      2 69.6ms
                                 $techmap2515815$abc$2513560$lut$aiger2513559$11283.A[2]      2 68.1ms
                                 $techmap2515684$abc$2513560$lut$aiger2513559$12896.A[5]      1 65.4ms
                                  $techmap2515164$abc$2513560$lut$aiger2513559$8935.A[3]      1 64.1ms
                                 $techmap2515547$abc$2513560$lut$aiger2513559$12483.A[4]      2 63.8ms
                $techmap2514659$auto$abc_ops_reintegrate.cc:611:reintegrate$2513735.A[1]     66 63.3ms
                                 $techmap2515491$abc$2513560$lut$aiger2513559$14603.A[3]      1 61.8ms
                                           $techmap2258358$auto$ff.cc:337:slice$187453.D     56 61.6ms
                                 $techmap2515720$abc$2513560$lut$aiger2513559$10657.A[3]      2 61.0ms
                                  $techmap2515258$abc$2513560$lut$aiger2513559$9182.A[3]      1 60.8ms
                $techmap2514646$auto$abc_ops_reintegrate.cc:611:reintegrate$2513737.A[0]    119 60.5ms
                                 $techmap2515698$abc$2513560$lut$aiger2513559$10494.A[4]      2 60.4ms
                                        $techmap2516290$abc$2513560$lut$aiger$o7080.A[1]     54 59.3ms
                                 $techmap2515692$abc$2513560$lut$aiger2513559$12946.A[2]      1 58.4ms
                                 $techmap2515691$abc$2513560$lut$aiger2513559$12941.A[4]      1 58.0ms
                                 $techmap2516388$abc$2513560$lut$aiger2513559$21391.A[1]     74 58.0ms
                                 $techmap2515837$abc$2513560$lut$aiger2513559$11435.A[3]      2 57.9ms
                                                                         $PACKER_GND_NET   6368 56.8ms
                                  $techmap2515262$abc$2513560$lut$aiger2513559$9029.A[3]      1 56.5ms
                                 $techmap2515688$abc$2513560$lut$aiger2513559$12922.A[3]      2 56.5ms
                                 $techmap2515547$abc$2513560$lut$aiger2513559$12483.A[3]      2 55.9ms
                                 $techmap2515347$abc$2513560$lut$aiger2513559$13525.A[3]      1 54.5ms
                                 $techmap2515808$abc$2513560$lut$aiger2513559$11236.A[4]      2 53.9ms
                                 $techmap2515286$abc$2513560$lut$aiger2513559$13663.A[5]      1 52.4ms
                                 $techmap2515372$abc$2513560$lut$aiger2513559$13172.A[2]      1 51.9ms
                                 $techmap2515827$abc$2513560$lut$aiger2513559$11366.A[4]      1 51.6ms
                                 $techmap2515723$abc$2513560$lut$aiger2513559$10672.A[3]      1 51.4ms
                                 $techmap2515804$abc$2513560$lut$aiger2513559$11210.A[4]      1 51.0ms
                                  $techmap2515213$abc$2513560$lut$aiger2513559$9574.A[5]      1 50.2ms
                                 $techmap2515651$abc$2513560$lut$aiger2513559$11975.A[3]      1 49.9ms
                                 $techmap2515717$abc$2513560$lut$aiger2513559$10634.A[3]      2 49.7ms
                                 $techmap2515698$abc$2513560$lut$aiger2513559$10494.A[5]      2 49.6ms
                                  $techmap2515121$abc$2513560$lut$aiger2513559$9661.A[3]      1 48.7ms
                                 $techmap2515698$abc$2513560$lut$aiger2513559$10494.A[3]      2 48.4ms
                                 $techmap2515639$abc$2513560$lut$aiger2513559$11895.A[2]      1 48.3ms
                                  $techmap2515225$abc$2513560$lut$aiger2513559$9797.A[3]      1 48.1ms
                                           $techmap2257694$auto$ff.cc:337:slice$202706.D     80 48.1ms
                                 $techmap2515699$abc$2513560$lut$aiger2513559$10503.A[2]      2 48.1ms
                                 $techmap2515699$abc$2513560$lut$aiger2513559$10503.A[3]      2 47.8ms
                                 $techmap2515534$abc$2513560$lut$aiger2513559$12391.A[2]      1 47.4ms
                                 $techmap2515720$abc$2513560$lut$aiger2513559$10657.A[5]      2 46.4ms
                                 $techmap2515533$abc$2513560$lut$aiger2513559$12386.A[3]      1 45.6ms
                                 $techmap2515397$abc$2513560$lut$aiger2513559$13344.A[3]      1 45.4ms
                                 $techmap2515759$abc$2513560$lut$aiger2513559$10908.A[5]      2 45.4ms
                                 $techmap2515717$abc$2513560$lut$aiger2513559$10634.A[5]      2 45.3ms
                                 $techmap2515327$abc$2513560$lut$aiger2513559$13943.A[2]      1 45.2ms
                                 $techmap2515547$abc$2513560$lut$aiger2513559$12483.A[5]      2 44.9ms
                                 $techmap2515581$abc$2513560$lut$aiger2513559$12712.A[3]      2 44.9ms
                                 $techmap2515438$abc$2513560$lut$aiger2513559$14144.A[5]      1 44.3ms
                                 $techmap2515712$abc$2513560$lut$aiger2513559$10600.A[2]      2 44.0ms
                                  $techmap2515262$abc$2513560$lut$aiger2513559$9029.A[2]      1 43.9ms
                                 $techmap2515838$abc$2513560$lut$aiger2513559$11444.A[4]      2 43.3ms
                                 $techmap2515694$abc$2513560$lut$aiger2513559$12956.A[2]      1 43.1ms
                                 $techmap2515542$abc$2513560$lut$aiger2513559$12448.A[3]      1 42.8ms
                                 $techmap2515837$abc$2513560$lut$aiger2513559$11435.A[5]      2 42.8ms
                                 $techmap2516388$abc$2513560$lut$aiger2513559$21391.A[0]     44 42.6ms
                                 $techmap2515815$abc$2513560$lut$aiger2513559$11283.A[5]      2 42.5ms
                                 $techmap2515815$abc$2513560$lut$aiger2513559$11283.A[3]      2 42.3ms
                                  $techmap2515225$abc$2513560$lut$aiger2513559$9797.A[5]      1 42.0ms
                                 $techmap2515849$abc$2513560$lut$aiger2513559$11520.A[4]      2 41.8ms
                                 $techmap2515510$abc$2513560$lut$aiger2513559$14730.A[4]      1 41.8ms
                                 $techmap2515753$abc$2513560$lut$aiger2513559$10869.A[5]      2 41.5ms
                                 $techmap2515741$abc$2513560$lut$aiger2513559$10788.A[4]      2 40.3ms
                $techmap2514673$auto$abc_ops_reintegrate.cc:611:reintegrate$2513733.A[1]     67 40.1ms
                                 $techmap2515546$abc$2513560$lut$aiger2513559$12474.A[3]      2 39.3ms
                                 $techmap2515713$abc$2513560$lut$aiger2513559$10609.A[5]      2 39.1ms
                                 $techmap2515651$abc$2513560$lut$aiger2513559$11975.A[4]      1 38.7ms
                                 $techmap2515838$abc$2513560$lut$aiger2513559$11444.A[3]      2 38.0ms
                                 $techmap2515809$abc$2513560$lut$aiger2513559$11245.A[3]      2 38.0ms
                                 $techmap2515762$abc$2513560$lut$aiger2513559$10933.A[3]      1 37.9ms
                                 $techmap2515542$abc$2513560$lut$aiger2513559$12448.A[5]      1 37.6ms
                                 $techmap2515413$abc$2513560$lut$aiger2513559$13431.A[4]      1 37.5ms
                                 $techmap2515471$abc$2513560$lut$aiger2513559$14473.A[2]      1 37.1ms
                                 $techmap2515812$abc$2513560$lut$aiger2513559$11266.A[4]      1 36.7ms
                                  $techmap2515179$abc$2513560$lut$aiger2513559$9253.A[5]      1 36.6ms
                                  $techmap2515121$abc$2513560$lut$aiger2513559$9661.A[5]      1 36.6ms
                                 $techmap2515553$abc$2513560$lut$aiger2513559$12521.A[4]      1 36.4ms
                                 $techmap2515536$abc$2513560$lut$aiger2513559$12404.A[4]      2 36.3ms
                                 $techmap2515740$abc$2513560$lut$aiger2513559$10779.A[3]      2 35.7ms
                                 $techmap2515594$abc$2513560$lut$aiger2513559$12126.A[3]      2 35.6ms
                                  $techmap2515182$abc$2513560$lut$aiger2513559$9275.A[2]      2 35.4ms
                                 $techmap2515760$abc$2513560$lut$aiger2513559$10917.A[3]      2 35.3ms
                                 $techmap2515349$abc$2513560$lut$aiger2513559$13538.A[4]      2 35.3ms
                                 $techmap2515688$abc$2513560$lut$aiger2513559$12922.A[4]      2 35.3ms
                                 $techmap2515749$abc$2513560$lut$aiger2513559$10839.A[2]      1 35.2ms
                                 $techmap2515694$abc$2513560$lut$aiger2513559$12956.A[3]      1 35.1ms
                                 $techmap2515547$abc$2513560$lut$aiger2513559$12483.A[2]      2 34.9ms
                                 $techmap2515684$abc$2513560$lut$aiger2513559$12896.A[3]      1 34.7ms
                                 $techmap2515329$abc$2513560$lut$aiger2513559$13956.A[2]      2 34.6ms
                                 $techmap2515612$abc$2513560$lut$aiger2513559$12248.A[2]      1 34.4ms
                                 $techmap2515741$abc$2513560$lut$aiger2513559$10788.A[3]      2 34.2ms
                                 $techmap2515701$abc$2513560$lut$aiger2513559$10517.A[2]      2 34.0ms
                                 $techmap2515693$abc$2513560$lut$aiger2513559$12951.A[4]      1 33.9ms
                                 $techmap2515850$abc$2513560$lut$aiger2513559$11529.A[4]      2 33.7ms
                                 $techmap2515546$abc$2513560$lut$aiger2513559$12474.A[4]      2 33.6ms
                                 $techmap2515716$abc$2513560$lut$aiger2513559$10625.A[4]      2 33.2ms
                                 $techmap2515850$abc$2513560$lut$aiger2513559$11529.A[3]      2 33.2ms
                                 $techmap2515720$abc$2513560$lut$aiger2513559$10657.A[2]      2 33.1ms
                                 $techmap2515374$abc$2513560$lut$aiger2513559$13185.A[2]      2 33.1ms
                                 $techmap2515309$abc$2513560$lut$aiger2513559$13821.A[2]      2 32.9ms
                                 $techmap2515746$abc$2513560$lut$aiger2513559$10816.A[4]      2 32.7ms
                                 $techmap2515796$abc$2513560$lut$aiger2513559$11152.A[4]      1 32.5ms
                                 $techmap2515705$abc$2513560$lut$aiger2513559$10549.A[5]      1 32.3ms
                                 $techmap2515717$abc$2513560$lut$aiger2513559$10634.A[4]      2 32.2ms
                                 $techmap2515542$abc$2513560$lut$aiger2513559$12448.A[2]      1 32.1ms
                                 $techmap2515730$abc$2513560$lut$aiger2513559$10708.A[3]      1 32.1ms
                                  $techmap2515208$abc$2513560$lut$aiger2513559$9545.A[4]      1 31.1ms
                                 $techmap2515401$abc$2513560$lut$aiger2513559$13364.A[3]      1 31.0ms
                $techmap2514615$auto$abc_ops_reintegrate.cc:611:reintegrate$2513741.A[3]     48 30.9ms
                                 $techmap2515804$abc$2513560$lut$aiger2513559$11210.A[3]      1 30.5ms
                                 $techmap2515641$abc$2513560$lut$aiger2513559$11908.A[3]      2 30.4ms
                                 $techmap2515750$abc$2513560$lut$aiger2513559$10848.A[2]      1 30.2ms
                                 $techmap2515819$abc$2513560$lut$aiger2513559$11315.A[3]      2 30.2ms
                                                        genblk2.slot0_d5d2.eng.r_addr[1]     29 29.4ms
                                 $techmap2515716$abc$2513560$lut$aiger2513559$10625.A[2]      2 29.4ms
                                 $techmap2515712$abc$2513560$lut$aiger2513559$10600.A[5]      2 29.0ms
                                 $techmap2515740$abc$2513560$lut$aiger2513559$10779.A[5]      2 29.0ms
                                 $techmap2515730$abc$2513560$lut$aiger2513559$10708.A[2]      1 28.5ms
                                 $techmap2515536$abc$2513560$lut$aiger2513559$12404.A[2]      2 28.4ms
                                  $techmap2515213$abc$2513560$lut$aiger2513559$9574.A[2]      1 28.3ms
                                 $techmap2515816$abc$2513560$lut$aiger2513559$11292.A[5]      2 28.1ms
                                 $techmap2515837$abc$2513560$lut$aiger2513559$11435.A[2]      2 28.1ms
                                 $techmap2515699$abc$2513560$lut$aiger2513559$10503.A[4]      2 28.1ms
                                 $techmap2515822$abc$2513560$lut$aiger2513559$11330.A[3]      1 27.8ms
                                 $techmap2515804$abc$2513560$lut$aiger2513559$11210.A[5]      1 27.7ms
                                 $techmap2515757$abc$2513560$lut$aiger2513559$10896.A[4]      1 27.4ms
                                 $techmap2515688$abc$2513560$lut$aiger2513559$12922.A[5]      2 27.3ms
                                 $techmap2515768$abc$2513560$lut$aiger2513559$10979.A[2]      1 27.0ms
                                 $techmap2515716$abc$2513560$lut$aiger2513559$10625.A[3]      2 26.9ms
                                 $techmap2515550$abc$2513560$lut$aiger2513559$12504.A[5]      1 26.7ms
                                 $techmap2515759$abc$2513560$lut$aiger2513559$10908.A[4]      2 26.5ms
                                 $techmap2515286$abc$2513560$lut$aiger2513559$13663.A[2]      1 26.3ms
                                 $techmap2515655$abc$2513560$lut$aiger2513559$11995.A[3]      1 26.2ms
                                 $techmap2515752$abc$2513560$lut$aiger2513559$10860.A[3]      2 26.1ms
                                 $techmap2515492$abc$2513560$lut$aiger2513559$14612.A[5]      1 25.9ms
                                 $techmap2515816$abc$2513560$lut$aiger2513559$11292.A[2]      2 25.9ms
                                 $techmap2515767$abc$2513560$lut$aiger2513559$10970.A[3]      1 25.8ms
                                 $techmap2515756$abc$2513560$lut$aiger2513559$10887.A[2]      1 25.5ms
                                 $techmap2515542$abc$2513560$lut$aiger2513559$12448.A[4]      1 25.5ms
                                 $techmap2515749$abc$2513560$lut$aiger2513559$10839.A[3]      1 25.4ms
                                 $techmap2515652$abc$2513560$lut$aiger2513559$11980.A[3]      1 25.4ms
                                  $techmap2515214$abc$2513560$lut$aiger2513559$9583.A[4]      1 25.3ms
                                 $techmap2515760$abc$2513560$lut$aiger2513559$10917.A[5]      2 25.2ms
                                 $techmap2515689$abc$2513560$lut$aiger2513559$12931.A[3]      2 25.0ms
                                 $techmap2515811$abc$2513560$lut$aiger2513559$11257.A[3]      1 25.0ms
                                                        genblk2.slot0_d5d2.eng.r_addr[0]     30 24.5ms
                                 $techmap2515757$abc$2513560$lut$aiger2513559$10896.A[2]      1 24.4ms
                                 $techmap2515760$abc$2513560$lut$aiger2513559$10917.A[2]      2 24.2ms
                                 $techmap2515767$abc$2513560$lut$aiger2513559$10970.A[2]      1 24.2ms
                                 $techmap2515730$abc$2513560$lut$aiger2513559$10708.A[5]      1 24.1ms
                                 $techmap2515759$abc$2513560$lut$aiger2513559$10908.A[3]      2 23.8ms
                                 $techmap2515675$abc$2513560$lut$aiger2513559$12834.A[3]      1 23.8ms
                                 $techmap2515701$abc$2513560$lut$aiger2513559$10517.A[4]      2 23.6ms
                                 $techmap2515474$abc$2513560$lut$aiger2513559$14495.A[2]      1 23.2ms
                                 $techmap2515712$abc$2513560$lut$aiger2513559$10600.A[3]      2 23.2ms
                                 $techmap2515834$abc$2513560$lut$aiger2513559$11414.A[2]      1 23.1ms
                                 $techmap2515821$abc$2513560$lut$aiger2513559$11325.A[3]      1 23.0ms
                                 $techmap2515797$abc$2513560$lut$aiger2513559$11161.A[2]      1 22.8ms
                                  $techmap2515259$abc$2513560$lut$aiger2513559$9187.A[3]      1 22.8ms
                                 $techmap2515749$abc$2513560$lut$aiger2513559$10839.A[5]      1 22.8ms
                $techmap2514760$auto$abc_ops_reintegrate.cc:611:reintegrate$2513731.A[3]     31 22.7ms
                                 $techmap2515818$abc$2513560$lut$aiger2513559$11306.A[4]      2 22.6ms
                                 $techmap2515835$abc$2513560$lut$aiger2513559$11423.A[3]      1 22.6ms
                                 $techmap2515805$abc$2513560$lut$aiger2513559$11219.A[2]      1 22.5ms
                                 $techmap2515614$abc$2513560$lut$aiger2513559$12261.A[3]      2 22.4ms
                                 $techmap2515796$abc$2513560$lut$aiger2513559$11152.A[5]      1 22.4ms
                                 $techmap2515722$abc$2513560$lut$aiger2513559$10667.A[3]      1 22.3ms
                                 $techmap2515726$abc$2513560$lut$aiger2513559$10687.A[4]      1 22.2ms
                                 $techmap2515719$abc$2513560$lut$aiger2513559$10648.A[3]      2 22.2ms
                                 $techmap2516322$abc$2513560$lut$aiger2513559$16562.A[1]     33 22.1ms
                                 $techmap2515768$abc$2513560$lut$aiger2513559$10979.A[5]      1 22.1ms
                                 $techmap2515371$abc$2513560$lut$aiger2513559$13167.A[4]      1 21.7ms
                                 $techmap2515689$abc$2513560$lut$aiger2513559$12931.A[4]      2 21.6ms
                                  $techmap2515165$abc$2513560$lut$aiger2513559$8944.A[2]      1 21.4ms
                                 $techmap2515415$abc$2513560$lut$aiger2513559$13441.A[4]      1 21.1ms
                                 $techmap2515757$abc$2513560$lut$aiger2513559$10896.A[5]      1 21.1ms
                                 $techmap2515818$abc$2513560$lut$aiger2513559$11306.A[2]      2 20.9ms
                                 $techmap2515305$abc$2513560$lut$aiger2513559$13785.A[3]     28 20.9ms
                                 $techmap2515536$abc$2513560$lut$aiger2513559$12404.A[5]      2 20.9ms
                                 $techmap2515549$abc$2513560$lut$aiger2513559$12495.A[5]      1 20.8ms
                                 $techmap2515289$abc$2513560$lut$aiger2513559$13686.A[5]      1 20.7ms
                                  $techmap2515180$abc$2513560$lut$aiger2513559$9262.A[4]      1 20.5ms
                                 $techmap2515819$abc$2513560$lut$aiger2513559$11315.A[4]      2 20.3ms
                                 $techmap2515480$abc$2513560$lut$aiger2513559$14539.A[5]      1 20.1ms
                                 $techmap2515759$abc$2513560$lut$aiger2513559$10908.A[2]      2 20.0ms
                                 $techmap2515811$abc$2513560$lut$aiger2513559$11257.A[4]      1 19.9ms
                                 $techmap2515684$abc$2513560$lut$aiger2513559$12896.A[2]      1 19.9ms
                                 $techmap2515834$abc$2513560$lut$aiger2513559$11414.A[5]      1 19.8ms
                                 $techmap2515834$abc$2513560$lut$aiger2513559$11414.A[4]      1 19.5ms
                                 $techmap2515702$abc$2513560$lut$aiger2513559$10526.A[5]      2 19.5ms
                                 $techmap2515731$abc$2513560$lut$aiger2513559$10717.A[3]      1 19.4ms
                                 $techmap2515812$abc$2513560$lut$aiger2513559$11266.A[5]      1 19.1ms
                                 $techmap2515824$abc$2513560$lut$aiger2513559$11343.A[5]      2 19.0ms
                                 $techmap2515741$abc$2513560$lut$aiger2513559$10788.A[2]      2 19.0ms
                                 $techmap2515760$abc$2513560$lut$aiger2513559$10917.A[4]      2 19.0ms
                                 $techmap2515834$abc$2513560$lut$aiger2513559$11414.A[3]      1 18.7ms
                                 $techmap2515611$abc$2513560$lut$aiger2513559$12243.A[4]      1 18.7ms
                                 $techmap2515678$abc$2513560$lut$aiger2513559$12852.A[3]      2 18.6ms
                                 $techmap2515843$abc$2513560$lut$aiger2513559$11474.A[4]      2 18.6ms
                                 $techmap2515453$abc$2513560$lut$aiger2513559$14355.A[4]      1 18.5ms
                                 $techmap2515688$abc$2513560$lut$aiger2513559$12922.A[2]      2 18.5ms
                                 $techmap2515750$abc$2513560$lut$aiger2513559$10848.A[4]      1 18.5ms
                                 $techmap2515818$abc$2513560$lut$aiger2513559$11306.A[3]      2 18.4ms
                                 $techmap2515763$abc$2513560$lut$aiger2513559$10942.A[2]      1 18.3ms
                                  $techmap2515164$abc$2513560$lut$aiger2513559$8935.A[2]      1 18.3ms
                                 $techmap2515549$abc$2513560$lut$aiger2513559$12495.A[2]      1 18.2ms
                                           $techmap2257690$auto$ff.cc:337:slice$204591.D     37 18.1ms
                                 $techmap2515550$abc$2513560$lut$aiger2513559$12504.A[4]      1 17.9ms
                                 $techmap2515816$abc$2513560$lut$aiger2513559$11292.A[4]      2 17.8ms
                                 $techmap2515550$abc$2513560$lut$aiger2513559$12504.A[2]      1 17.7ms
                                 $techmap2515453$abc$2513560$lut$aiger2513559$14355.A[3]      1 17.6ms
                                 $techmap2515752$abc$2513560$lut$aiger2513559$10860.A[2]      2 17.5ms
                                 $techmap2515749$abc$2513560$lut$aiger2513559$10839.A[4]      1 17.2ms
                                 $techmap2515824$abc$2513560$lut$aiger2513559$11343.A[2]      2 17.1ms
                                 $techmap2515756$abc$2513560$lut$aiger2513559$10887.A[3]      1 17.0ms
                                 $techmap2515550$abc$2513560$lut$aiger2513559$12504.A[3]      1 16.9ms
                                 $techmap2515401$abc$2513560$lut$aiger2513559$13364.A[4]      1 16.9ms
                                 $techmap2515805$abc$2513560$lut$aiger2513559$11219.A[4]      1 16.8ms
                                 $techmap2516864$abc$2513560$lut$aiger2513559$25185.A[5]     56 16.8ms
                                 $techmap2515838$abc$2513560$lut$aiger2513559$11444.A[2]      2 16.8ms
                                 $techmap2515767$abc$2513560$lut$aiger2513559$10970.A[5]      1 16.6ms
                                 $techmap2515578$abc$2513560$lut$aiger2513559$12694.A[3]      1 16.3ms
                                 $techmap2515329$abc$2513560$lut$aiger2513559$13956.A[5]      2 16.2ms
                                 $techmap2515689$abc$2513560$lut$aiger2513559$12931.A[5]      2 16.0ms
                                 $techmap2515799$abc$2513560$lut$aiger2513559$11175.A[4]      2 15.9ms
                                 $techmap2515811$abc$2513560$lut$aiger2513559$11257.A[2]      1 15.9ms
                                 $techmap2515811$abc$2513560$lut$aiger2513559$11257.A[5]      1 15.9ms
                                 $techmap2515765$abc$2513560$lut$aiger2513559$10956.A[3]      2 15.9ms
                                 $techmap2515514$abc$2513560$lut$aiger2513559$14750.A[3]      1 15.9ms
                                 $techmap2515752$abc$2513560$lut$aiger2513559$10860.A[4]      2 15.9ms
                                 $techmap2515818$abc$2513560$lut$aiger2513559$11306.A[5]      2 15.7ms
                                 $techmap2515762$abc$2513560$lut$aiger2513559$10933.A[4]      1 15.7ms
                                 $techmap2515752$abc$2513560$lut$aiger2513559$10860.A[5]      2 15.6ms
                                 $techmap2515753$abc$2513560$lut$aiger2513559$10869.A[4]      2 15.3ms
                                 $techmap2515705$abc$2513560$lut$aiger2513559$10549.A[3]      1 15.2ms
                                 $techmap2515821$abc$2513560$lut$aiger2513559$11325.A[4]      1 15.2ms
                                  $techmap2515165$abc$2513560$lut$aiger2513559$8944.A[5]      1 14.9ms
                                 $techmap2515685$abc$2513560$lut$aiger2513559$12905.A[2]      1 14.8ms
                                       $techmap2514644$abc$2513560$lut$aiger$o12117.A[1]     33 14.7ms
                                 $techmap2515368$abc$2513560$lut$aiger2513559$13148.A[2]      2 14.6ms
                                  $techmap2515147$abc$2513560$lut$aiger2513559$9955.A[4]      1 14.6ms
                                 $techmap2515332$abc$2513560$lut$aiger2513559$13979.A[4]      2 14.5ms
                                 $techmap2515753$abc$2513560$lut$aiger2513559$10869.A[2]      2 14.4ms
                                                                                 uart.tx      1 14.3ms
                                 $techmap2515329$abc$2513560$lut$aiger2513559$13956.A[4]      2 14.2ms
                                  $techmap2515143$abc$2513560$lut$aiger2513559$9939.A[3]      1 14.2ms
                                 $techmap2515684$abc$2513560$lut$aiger2513559$12896.A[4]      1 14.1ms
                $techmap2514786$auto$abc_ops_reintegrate.cc:611:reintegrate$2513727.A[4]     29 14.1ms
                                 $techmap2515785$abc$2513560$lut$aiger2513559$11083.A[3]      1 14.0ms
                                 $techmap2515767$abc$2513560$lut$aiger2513559$10970.A[4]      1 13.9ms
                                 $techmap2515819$abc$2513560$lut$aiger2513559$11315.A[5]      2 13.8ms
                                 $techmap2515594$abc$2513560$lut$aiger2513559$12126.A[5]      2 13.8ms
                                 $techmap2515707$abc$2513560$lut$aiger2513559$10563.A[2]      2 13.7ms
                                 $techmap2516389$abc$2513560$lut$aiger2513559$21537.A[0]     28 13.7ms
                                 $techmap2515309$abc$2513560$lut$aiger2513559$13821.A[3]      2 13.6ms
                                 $techmap2515719$abc$2513560$lut$aiger2513559$10648.A[5]      2 13.5ms
                                 $techmap2515638$abc$2513560$lut$aiger2513559$11890.A[4]      1 13.3ms
                                 $techmap2515796$abc$2513560$lut$aiger2513559$11152.A[2]      1 13.0ms
                                 $techmap2515533$abc$2513560$lut$aiger2513559$12386.A[4]      1 12.7ms
                                 $techmap2515701$abc$2513560$lut$aiger2513559$10517.A[3]      2 12.7ms
                                 $techmap2515756$abc$2513560$lut$aiger2513559$10887.A[5]      1 12.7ms
                                 $techmap2515549$abc$2513560$lut$aiger2513559$12495.A[3]      1 12.7ms
                                 $techmap2515473$abc$2513560$lut$aiger2513559$14486.A[5]      1 12.6ms
                                 $techmap2515287$abc$2513560$lut$aiger2513559$13672.A[3]      1 12.6ms
                                 $techmap2515491$abc$2513560$lut$aiger2513559$14603.A[2]      1 12.5ms
                                 $techmap2515746$abc$2513560$lut$aiger2513559$10816.A[3]      2 12.5ms
                                 $techmap2515581$abc$2513560$lut$aiger2513559$12712.A[2]      2 12.4ms
                                  $techmap2515255$abc$2513560$lut$aiger2513559$9171.A[4]      1 12.3ms
                                  $techmap2515179$abc$2513560$lut$aiger2513559$9253.A[2]      1 12.3ms
                                 $techmap2515827$abc$2513560$lut$aiger2513559$11366.A[3]      1 12.3ms
                                       $techmap2517367$abc$2513560$lut$aiger$o12113.A[1]     33 12.2ms
                                  $techmap2515167$abc$2513560$lut$aiger2513559$8957.A[4]      2 12.2ms
                                 $techmap2515808$abc$2513560$lut$aiger2513559$11236.A[5]      2 12.2ms
                                 $techmap2515399$abc$2513560$lut$aiger2513559$13354.A[3]      1 12.2ms
                                 $techmap2515678$abc$2513560$lut$aiger2513559$12852.A[4]      2 12.1ms
                                 $techmap2515804$abc$2513560$lut$aiger2513559$11210.A[2]      1 12.1ms
                                 $techmap2515849$abc$2513560$lut$aiger2513559$11520.A[2]      2 12.1ms
                                  $techmap2515179$abc$2513560$lut$aiger2513559$9253.A[4]      1 12.0ms
                $techmap2514630$auto$abc_ops_reintegrate.cc:611:reintegrate$2513740.A[4]     36 12.0ms
                                 $techmap2515746$abc$2513560$lut$aiger2513559$10816.A[5]      2 11.8ms
                                 $techmap2515579$abc$2513560$lut$aiger2513559$12699.A[3]      1 11.8ms
                                 $techmap2514785$abc$2513560$lut$aiger2513559$19732.A[2]     40 11.7ms
                                 $techmap2515719$abc$2513560$lut$aiger2513559$10648.A[2]      2 11.6ms
                                           $techmap2257782$auto$ff.cc:337:slice$192613.D     34 11.6ms
                                 $techmap2515783$abc$2513560$lut$aiger2513559$11073.A[4]      1 11.6ms
                                 $techmap2515494$abc$2513560$lut$aiger2513559$14626.A[4]      1 11.3ms
                                 $techmap2515328$abc$2513560$lut$aiger2513559$13947.A[2]      2 11.3ms
                                 $techmap2515849$abc$2513560$lut$aiger2513559$11520.A[3]      2 11.3ms
                                 $techmap2515641$abc$2513560$lut$aiger2513559$11908.A[4]      2 11.1ms
                                 $techmap2515398$abc$2513560$lut$aiger2513559$13349.A[2]      1 11.1ms
                                 $techmap2515713$abc$2513560$lut$aiger2513559$10609.A[4]      2 11.0ms
                                 $techmap2515827$abc$2513560$lut$aiger2513559$11366.A[5]      1 11.0ms
                                 $techmap2515421$abc$2513560$lut$aiger2513559$13464.A[2]      2 10.9ms
                                 $techmap2515667$abc$2513560$lut$aiger2513559$12072.A[2]      2 10.6ms
                                 $techmap2515816$abc$2513560$lut$aiger2513559$11292.A[3]      2 10.5ms
                                       $techmap2514644$abc$2513560$lut$aiger$o12117.A[0]     37 10.4ms
                                 $techmap2515326$abc$2513560$lut$aiger2513559$13938.A[3]      1 10.4ms
                $techmap2514786$auto$abc_ops_reintegrate.cc:611:reintegrate$2513727.A[3]     35 10.4ms
                                 $techmap2515753$abc$2513560$lut$aiger2513559$10869.A[3]      2 10.4ms
                                       $techmap2517621$abc$2513560$lut$aiger$o10473.A[0]     34 10.3ms
                                 $techmap2515511$abc$2513560$lut$aiger2513559$14735.A[2]      1 10.3ms
                                  $techmap2515144$abc$2513560$lut$aiger2513559$9944.A[3]      1 10.3ms
                                 $techmap2515704$abc$2513560$lut$aiger2513559$10540.A[5]      1 10.2ms
                $techmap2514630$auto$abc_ops_reintegrate.cc:611:reintegrate$2513740.A[5]     20 10.2ms
                                  $techmap2515214$abc$2513560$lut$aiger2513559$9583.A[5]      1 10.2ms
                                  $techmap2514640$abc$2513560$lut$aiger2513559$8754.A[0]     28 10.2ms
                $techmap2514659$auto$abc_ops_reintegrate.cc:611:reintegrate$2513735.A[0]     34 10.1ms
                                 $techmap2515704$abc$2513560$lut$aiger2513559$10540.A[2]      1 10.1ms
                                 $techmap2515730$abc$2513560$lut$aiger2513559$10708.A[4]      1 10.1ms
                                 $techmap2515092$abc$2513560$lut$aiger2513559$27972.A[3]     22 10.0ms
                                 $techmap2515702$abc$2513560$lut$aiger2513559$10526.A[4]      2 10.0ms
                                 $techmap2515614$abc$2513560$lut$aiger2513559$12261.A[4]      2 9.9ms
                                                                              run_active      8 9.9ms
                                 $techmap2515723$abc$2513560$lut$aiger2513559$10672.A[2]      1 9.8ms
                                 $techmap2515437$abc$2513560$lut$aiger2513559$14135.A[2]      1 9.7ms
                                 $techmap2515549$abc$2513560$lut$aiger2513559$12495.A[4]      1 9.7ms
                                 $techmap2514785$abc$2513560$lut$aiger2513559$19732.A[3]     29 9.7ms
                                 $techmap2515698$abc$2513560$lut$aiger2513559$10494.A[2]      2 9.6ms
                                 $techmap2515653$abc$2513560$lut$aiger2513559$11985.A[4]      1 9.6ms
                                  $techmap2515216$abc$2513560$lut$aiger2513559$9596.A[3]      2 9.5ms
                $techmap2514659$auto$abc_ops_reintegrate.cc:611:reintegrate$2513735.A[2]     35 9.4ms
                                 $techmap2515757$abc$2513560$lut$aiger2513559$10896.A[3]      1 9.4ms
                                 $techmap2515491$abc$2513560$lut$aiger2513559$14603.A[5]      1 9.2ms
                                 $techmap2515713$abc$2513560$lut$aiger2513559$10609.A[2]      2 9.2ms
                                 $techmap2515689$abc$2513560$lut$aiger2513559$12931.A[2]      2 9.2ms
                                  $techmap2515263$abc$2513560$lut$aiger2513559$9038.A[3]      1 9.2ms
                                 $techmap2515850$abc$2513560$lut$aiger2513559$11529.A[2]      2 9.2ms
                                 $techmap2515717$abc$2513560$lut$aiger2513559$10634.A[2]      2 9.1ms
                $techmap2514646$auto$abc_ops_reintegrate.cc:611:reintegrate$2513737.A[2]     30 9.1ms
                                  $techmap2514780$abc$2513560$lut$aiger2513559$8654.A[1]     28 9.0ms
                                 $techmap2515705$abc$2513560$lut$aiger2513559$10549.A[2]      1 9.0ms
                                 $techmap2514783$abc$2513560$lut$aiger2513559$19723.A[1]     39 8.9ms
                                       $techmap2514628$abc$2513560$lut$aiger$o12170.A[1]     16 8.9ms
                $techmap2514643$auto$abc_ops_reintegrate.cc:611:reintegrate$2513567.A[0]     31 8.8ms
                                 $techmap2515713$abc$2513560$lut$aiger2513559$10609.A[3]      2 8.7ms
                                 $techmap2515702$abc$2513560$lut$aiger2513559$10526.A[2]      2 8.7ms
                                 $techmap2515809$abc$2513560$lut$aiger2513559$11245.A[5]      2 8.7ms
                                 $techmap2515454$abc$2513560$lut$aiger2513559$14364.A[3]      1 8.6ms
                                 $techmap2516435$abc$2513560$lut$aiger2513559$21487.A[0]     15 8.6ms
                                 $techmap2515554$abc$2513560$lut$aiger2513559$12530.A[4]      1 8.5ms
                                           $techmap2258239$auto$ff.cc:337:slice$191840.D     30 8.5ms
                                 $techmap2515762$abc$2513560$lut$aiger2513559$10933.A[5]      1 8.5ms
                                  $techmap2514640$abc$2513560$lut$aiger2513559$8754.A[1]     29 8.4ms
                                 $techmap2515287$abc$2513560$lut$aiger2513559$13672.A[4]      1 8.4ms
                                 $techmap2516409$abc$2513560$lut$aiger2513559$20210.A[0]     29 8.3ms
                                 $techmap2515371$abc$2513560$lut$aiger2513559$13167.A[3]      1 8.3ms
                                 $techmap2515492$abc$2513560$lut$aiger2513559$14612.A[3]      1 8.3ms
                                 $techmap2515699$abc$2513560$lut$aiger2513559$10503.A[5]      2 8.3ms
                              $abc$2513560$auto$simple.cc:210:make_patterns_logic$170812     15 8.3ms
                                 $techmap2515838$abc$2513560$lut$aiger2513559$11444.A[5]      2 8.2ms
                                  $techmap2515141$abc$2513560$lut$aiger2513559$9929.A[4]      1 8.1ms
                                 $techmap2515330$abc$2513560$lut$aiger2513559$13965.A[3]      2 8.1ms
                                 $techmap2515375$abc$2513560$lut$aiger2513559$13194.A[2]      2 8.1ms
                                 $techmap2515652$abc$2513560$lut$aiger2513559$11980.A[2]      1 8.1ms
                                  $techmap2515265$abc$2513560$lut$aiger2513559$9051.A[4]      2 8.1ms
                                 $techmap2515719$abc$2513560$lut$aiger2513559$10648.A[4]      2 8.0ms
                                 $techmap2515827$abc$2513560$lut$aiger2513559$11366.A[2]      1 8.0ms
                                 $techmap2516568$abc$2513560$lut$aiger2513559$21573.A[0]     12 8.0ms
                $techmap2514671$auto$abc_ops_reintegrate.cc:611:reintegrate$2513734.A[1]     33 7.9ms
                                 $techmap2515750$abc$2513560$lut$aiger2513559$10848.A[5]      1 7.9ms
                                 $techmap2515473$abc$2513560$lut$aiger2513559$14486.A[3]      1 7.8ms
                                 $techmap2515720$abc$2513560$lut$aiger2513559$10657.A[4]      2 7.8ms
                                 $techmap2515611$abc$2513560$lut$aiger2513559$12243.A[3]      1 7.7ms
                                                                                 any_bad      1 7.7ms
                                 $techmap2515702$abc$2513560$lut$aiger2513559$10526.A[3]      2 7.7ms
                                 $techmap2516145$abc$2513560$lut$aiger2513559$19797.A[0]     12 7.7ms
                                 $techmap2515537$abc$2513560$lut$aiger2513559$12413.A[4]      2 7.6ms
                                 $techmap2515808$abc$2513560$lut$aiger2513559$11236.A[2]      2 7.5ms
                                 $techmap2515812$abc$2513560$lut$aiger2513559$11266.A[3]      1 7.5ms
                                 $techmap2515641$abc$2513560$lut$aiger2513559$11908.A[5]      2 7.5ms
                                  $techmap2515263$abc$2513560$lut$aiger2513559$9038.A[2]      1 7.3ms
                                 $techmap2515812$abc$2513560$lut$aiger2513559$11266.A[2]      1 7.3ms
                                 $techmap2515740$abc$2513560$lut$aiger2513559$10779.A[4]      2 7.2ms
                                 $techmap2515701$abc$2513560$lut$aiger2513559$10517.A[5]      2 7.2ms
                                  $techmap2515262$abc$2513560$lut$aiger2513559$9029.A[4]      1 7.2ms
                                 $techmap2515642$abc$2513560$lut$aiger2513559$11917.A[3]      2 7.2ms
                                 $techmap2515835$abc$2513560$lut$aiger2513559$11423.A[4]      1 7.1ms
                                 $techmap2515731$abc$2513560$lut$aiger2513559$10717.A[5]      1 7.0ms
                                 $techmap2515691$abc$2513560$lut$aiger2513559$12941.A[3]      1 7.0ms
                                 $techmap2515809$abc$2513560$lut$aiger2513559$11245.A[2]      2 7.0ms
                                 $techmap2516422$abc$2513560$lut$aiger2513559$21372.A[0]     17 6.8ms
                                  $techmap2515122$abc$2513560$lut$aiger2513559$9670.A[5]      1 6.8ms
                                 $techmap2515726$abc$2513560$lut$aiger2513559$10687.A[3]      1 6.8ms
                                 $techmap2516772$abc$2513560$lut$aiger2513559$22969.A[3]      8 6.8ms
                                  $techmap2515146$abc$2513560$lut$aiger2513559$9950.A[2]      1 6.7ms
                                 $techmap2516114$abc$2513560$lut$aiger2513559$15024.A[0]      9 6.6ms
                                 $techmap2515750$abc$2513560$lut$aiger2513559$10848.A[3]      1 6.5ms
                                 $techmap2516195$abc$2513560$lut$aiger2513559$19796.A[0]     12 6.4ms
                                 $techmap2515722$abc$2513560$lut$aiger2513559$10667.A[4]      1 6.4ms
                                  $techmap2515228$abc$2513560$lut$aiger2513559$9819.A[5]      2 6.3ms
                                 $techmap2515473$abc$2513560$lut$aiger2513559$14486.A[4]      1 6.3ms
                                           $techmap2258359$auto$ff.cc:337:slice$187452.D     32 6.3ms
                $techmap2514760$auto$abc_ops_reintegrate.cc:611:reintegrate$2513731.A[2]     32 6.2ms
                                 $techmap2516595$abc$2513560$lut$aiger2513559$21664.A[0]      8 6.2ms
                                 $techmap2515340$abc$2513560$lut$aiger2513559$14035.A[3]      2 6.2ms
                                 $techmap2515822$abc$2513560$lut$aiger2513559$11330.A[2]      1 6.2ms
                                 $techmap2514784$abc$2513560$lut$aiger2513559$19727.A[4]     27 6.2ms
                                 $techmap2515786$abc$2513560$lut$aiger2513559$11088.A[3]      1 6.1ms
                                  $techmap2514641$abc$2513560$lut$aiger2513559$8755.A[1]     16 6.1ms
                                 $techmap2515105$abc$2513560$lut$aiger2513559$13547.A[5]      2 6.1ms
                                 $techmap2515638$abc$2513560$lut$aiger2513559$11890.A[3]      1 6.1ms
                                 $techmap2515835$abc$2513560$lut$aiger2513559$11423.A[2]      1 6.0ms
                                 $techmap2515642$abc$2513560$lut$aiger2513559$11917.A[2]      2 6.0ms
                                 $techmap2515581$abc$2513560$lut$aiger2513559$12712.A[5]      2 6.0ms
                                  $techmap2515226$abc$2513560$lut$aiger2513559$9806.A[2]      1 6.0ms
                                 $techmap2515615$abc$2513560$lut$aiger2513559$12270.A[5]      2 6.0ms
                                 $techmap2515784$abc$2513560$lut$aiger2513559$11078.A[3]      1 5.9ms
                                 $techmap2515492$abc$2513560$lut$aiger2513559$14612.A[2]      1 5.9ms
                                       $techmap2517371$abc$2513560$lut$aiger$o12121.A[1]     19 5.9ms
                                 $techmap2515655$abc$2513560$lut$aiger2513559$11995.A[4]      1 5.8ms
                                 $techmap2515581$abc$2513560$lut$aiger2513559$12712.A[4]      2 5.8ms
                                 $techmap2515326$abc$2513560$lut$aiger2513559$13938.A[4]      1 5.7ms
                                 $techmap2515374$abc$2513560$lut$aiger2513559$13185.A[3]      2 5.7ms
                                 $techmap2515346$abc$2513560$lut$aiger2513559$13520.A[3]      1 5.7ms
                $techmap2514789$auto$abc_ops_reintegrate.cc:611:reintegrate$2513726.A[4]     17 5.7ms
                                 $techmap2515744$abc$2513560$lut$aiger2513559$10803.A[2]      1 5.6ms
                                 $techmap2515537$abc$2513560$lut$aiger2513559$12413.A[5]      2 5.6ms
                                  $techmap2515111$abc$2513560$lut$aiger2513559$8880.A[2]     17 5.5ms
                                 $techmap2515512$abc$2513560$lut$aiger2513559$14740.A[4]      1 5.4ms
                                  $techmap2515180$abc$2513560$lut$aiger2513559$9262.A[2]      1 5.3ms
                                 $techmap2515349$abc$2513560$lut$aiger2513559$13538.A[5]      2 5.3ms
                                 $techmap2515383$abc$2513560$lut$aiger2513559$13243.A[3]      1 5.3ms
                                 $techmap2515309$abc$2513560$lut$aiger2513559$13821.A[5]      2 5.3ms
                                 $techmap2515349$abc$2513560$lut$aiger2513559$13538.A[3]      2 5.3ms
                                 $techmap2516034$abc$2513560$lut$aiger2513559$14325.A[0]      8 5.2ms
                                 $techmap2515934$abc$2513560$lut$aiger2513559$11653.A[0]      8 5.2ms
                                  $techmap2515180$abc$2513560$lut$aiger2513559$9262.A[3]      1 5.1ms
                                                                               heartbeat      2 5.1ms
                                 $techmap2515740$abc$2513560$lut$aiger2513559$10779.A[2]      2 5.1ms
                                 $techmap2515437$abc$2513560$lut$aiger2513559$14135.A[3]      1 5.1ms
                                  $techmap2515216$abc$2513560$lut$aiger2513559$9596.A[4]      2 5.1ms
                                 $techmap2515514$abc$2513560$lut$aiger2513559$14750.A[4]      1 5.1ms
                                  $techmap2515134$abc$2513560$lut$aiger2513559$9885.A[2]      2 5.1ms
                                 $techmap2515724$abc$2513560$lut$aiger2513559$10677.A[4]      1 5.0ms
                                 $techmap2515824$abc$2513560$lut$aiger2513559$11343.A[3]      2 5.0ms
                                 $techmap2516823$abc$2513560$lut$aiger2513559$24296.A[4]     10 4.9ms
                                  $techmap2515144$abc$2513560$lut$aiger2513559$9944.A[2]      1 4.9ms
                                                                                run_done      1 4.8ms
                $techmap2515026$auto$abc_ops_reintegrate.cc:611:reintegrate$2513601.A[1]      7 4.8ms
                                 $techmap2515825$abc$2513560$lut$aiger2513559$11352.A[3]      2 4.8ms
                                  $techmap2514775$abc$2513560$lut$aiger2513559$8699.A[0]     14 4.7ms
                                 $techmap2515330$abc$2513560$lut$aiger2513559$13965.A[2]      2 4.7ms
                                  $techmap2515171$abc$2513560$lut$aiger2513559$9341.A[5]      2 4.7ms
                                 $techmap2515743$abc$2513560$lut$aiger2513559$10798.A[3]      1 4.7ms
                                 $techmap2515594$abc$2513560$lut$aiger2513559$12126.A[4]      2 4.6ms
                                 $techmap2515582$abc$2513560$lut$aiger2513559$12721.A[4]      2 4.6ms
                                 $techmap2515747$abc$2513560$lut$aiger2513559$10825.A[2]      2 4.6ms
                                  $techmap2515259$abc$2513560$lut$aiger2513559$9187.A[4]      1 4.6ms
                                 $techmap2515849$abc$2513560$lut$aiger2513559$11520.A[5]      2 4.6ms
                                 $techmap2515705$abc$2513560$lut$aiger2513559$10549.A[4]      1 4.6ms
                                 $techmap2515374$abc$2513560$lut$aiger2513559$13185.A[4]      2 4.6ms
                                  $techmap2515228$abc$2513560$lut$aiger2513559$9819.A[3]      2 4.5ms
                                 $techmap2515594$abc$2513560$lut$aiger2513559$12126.A[2]      2 4.5ms
                                  $techmap2515143$abc$2513560$lut$aiger2513559$9939.A[4]      1 4.5ms
                                 $techmap2515679$abc$2513560$lut$aiger2513559$12861.A[3]      2 4.5ms
                                 $techmap2516405$abc$2513560$lut$aiger2513559$20208.A[1]     17 4.5ms
                                 $techmap2516439$abc$2513560$lut$aiger2513559$21528.A[0]     11 4.4ms
                                 $techmap2514891$abc$2513560$lut$aiger2513559$25379.A[0]      4 4.4ms
                                 $techmap2516139$abc$2513560$lut$aiger2513559$15167.A[0]     12 4.4ms
                                 $techmap2515746$abc$2513560$lut$aiger2513559$10816.A[2]      2 4.4ms
                                 $techmap2515614$abc$2513560$lut$aiger2513559$12261.A[5]      2 4.4ms
                                 $techmap2515828$abc$2513560$lut$aiger2513559$11375.A[3]      1 4.4ms
                                 $techmap2515624$abc$2513560$lut$aiger2513559$12331.A[3]      2 4.4ms
                                 $techmap2515676$abc$2513560$lut$aiger2513559$12839.A[2]      1 4.3ms
                                 $techmap2515667$abc$2513560$lut$aiger2513559$12072.A[4]      2 4.3ms
                                 $techmap2515854$abc$2513560$lut$aiger2513559$19761.A[0]     10 4.3ms
                                 $techmap2515799$abc$2513560$lut$aiger2513559$11175.A[5]      2 4.2ms
                                 $techmap2515286$abc$2513560$lut$aiger2513559$13663.A[3]      1 4.2ms
                                 $techmap2515843$abc$2513560$lut$aiger2513559$11474.A[2]      2 4.2ms
                                 $techmap2514699$abc$2513560$lut$aiger2513559$18582.A[4]      6 4.1ms
                                  $techmap2515214$abc$2513560$lut$aiger2513559$9583.A[3]      1 4.1ms
                                 $techmap2515660$abc$2513560$lut$aiger2513559$12025.A[4]      2 4.1ms
                                  $techmap2515263$abc$2513560$lut$aiger2513559$9038.A[4]      1 4.1ms
            $techmap171399$flatten\resetgen.$lt$build/t27/specs/rtl/fpga_reset.v:94$21.Y     31 4.0ms
                                 $techmap2515453$abc$2513560$lut$aiger2513559$14355.A[5]      1 4.0ms
                                 $techmap2515470$abc$2513560$lut$aiger2513559$14468.A[3]      1 4.0ms
                                 $techmap2515998$abc$2513560$lut$aiger2513559$14223.A[0]      8 3.9ms
                                  $techmap2515226$abc$2513560$lut$aiger2513559$9806.A[3]      1 3.9ms
                                 $techmap2515898$abc$2513560$lut$aiger2513559$10050.A[3]     11 3.9ms
                                 $techmap2515440$abc$2513560$lut$aiger2513559$14158.A[2]      1 3.9ms
                                 $techmap2516088$abc$2513560$lut$aiger2513559$19903.A[0]      8 3.9ms
                                 $techmap2515595$abc$2513560$lut$aiger2513559$12135.A[3]      2 3.8ms
                                  $techmap2515116$abc$2513560$lut$aiger2513559$9634.A[2]      1 3.8ms
                                 $techmap2515415$abc$2513560$lut$aiger2513559$13441.A[3]      1 3.8ms
                                 $techmap2515534$abc$2513560$lut$aiger2513559$12391.A[3]      1 3.8ms
                                 $techmap2515522$abc$2513560$lut$aiger2513559$14801.A[2]      1 3.8ms
                $techmap2514726$auto$abc_ops_reintegrate.cc:611:reintegrate$2513732.A[0]      7 3.8ms
                                 $techmap2515456$abc$2513560$lut$aiger2513559$14378.A[3]      1 3.8ms
                                 $techmap2515928$abc$2513560$lut$aiger2513559$10484.A[0]      7 3.7ms
                                 $techmap2515388$abc$2513560$lut$aiger2513559$13279.A[2]      2 3.7ms
                                  $techmap2515160$abc$2513560$lut$aiger2513559$8910.A[3]      1 3.7ms
                                 $techmap2516805$abc$2513560$lut$aiger2513559$23665.A[2]      6 3.7ms
                                 $techmap2515402$abc$2513560$lut$aiger2513559$13369.A[3]      1 3.7ms
                $techmap2514789$auto$abc_ops_reintegrate.cc:611:reintegrate$2513726.A[3]      8 3.7ms
                                 $techmap2515294$abc$2513560$lut$aiger2513559$13721.A[3]      1 3.7ms
                                 $techmap2515105$abc$2513560$lut$aiger2513559$13547.A[3]      2 3.6ms
                                  $techmap2515262$abc$2513560$lut$aiger2513559$9029.A[5]      1 3.6ms
                                 $techmap2515154$abc$2513560$lut$aiger2513559$10003.A[2]      1 3.6ms
                                  $techmap2515242$abc$2513560$lut$aiger2513559$9000.A[5]      2 3.6ms
                                 $techmap2515470$abc$2513560$lut$aiger2513559$14468.A[4]      1 3.6ms
                                 $techmap2515618$abc$2513560$lut$aiger2513559$12293.A[4]      2 3.6ms
                                 $techmap2514676$abc$2513560$lut$aiger2513559$18433.A[2]      8 3.6ms
                                 $techmap2515532$abc$2513560$lut$aiger2513559$19748.A[3]      7 3.6ms
                                 $techmap2516143$abc$2513560$lut$aiger2513559$15180.A[0]     12 3.6ms
                                 $techmap2516086$abc$2513560$lut$aiger2513559$14867.A[0]     10 3.6ms
                                  $techmap2515111$abc$2513560$lut$aiger2513559$8880.A[3]     17 3.5ms
                                  $techmap2515150$abc$2513560$lut$aiger2513559$9973.A[3]      2 3.5ms
                                 $techmap2516776$abc$2513560$lut$aiger2513559$23065.A[5]      5 3.5ms
                                  $techmap2515117$abc$2513560$lut$aiger2513559$9643.A[3]      1 3.5ms
                                 $techmap2515840$abc$2513560$lut$aiger2513559$11456.A[4]      1 3.5ms
                                 $techmap2517461$abc$2513560$lut$aiger2513559$18996.A[0]      2 3.4ms
                                 $techmap2516110$abc$2513560$lut$aiger2513559$15000.A[0]      9 3.4ms
                                 $techmap2515395$abc$2513560$lut$aiger2513559$13332.A[5]      2 3.4ms
                                 $techmap2514650$abc$2513560$lut$aiger2513559$15230.A[4]      5 3.4ms
                                 $techmap2515988$abc$2513560$lut$aiger2513559$13061.A[1]      6 3.4ms
                                 $techmap2515440$abc$2513560$lut$aiger2513559$14158.A[3]      1 3.4ms
                                  $techmap2515135$abc$2513560$lut$aiger2513559$9894.A[3]      2 3.4ms
                                 $techmap2515558$abc$2513560$lut$aiger2513559$12558.A[3]      2 3.4ms
                                 $techmap2516825$abc$2513560$lut$aiger2513559$24481.A[3]      7 3.4ms
                                 $techmap2515575$abc$2513560$lut$aiger2513559$12675.A[3]      2 3.4ms
                                 $techmap2514728$abc$2513560$lut$aiger2513559$18739.A[0]      6 3.4ms
                                 $techmap2515554$abc$2513560$lut$aiger2513559$12530.A[2]      1 3.4ms
                                 $techmap2515625$abc$2513560$lut$aiger2513559$12340.A[3]      2 3.4ms
                                 $techmap2515825$abc$2513560$lut$aiger2513559$11352.A[2]      2 3.3ms
                $techmap2514928$auto$abc_ops_reintegrate.cc:611:reintegrate$2513651.A[1]      2 3.3ms
                                 $techmap2516135$abc$2513560$lut$aiger2513559$15152.A[0]     12 3.3ms
                                 $techmap2515400$abc$2513560$lut$aiger2513559$13359.A[2]      1 3.3ms
                                 $techmap2516137$abc$2513560$lut$aiger2513559$15160.A[0]     12 3.3ms
                                 $techmap2515566$abc$2513560$lut$aiger2513559$12614.A[5]      2 3.3ms
                                 $techmap2515670$abc$2513560$lut$aiger2513559$12093.A[5]      1 3.3ms
                                 $techmap2516803$abc$2513560$lut$aiger2513559$23621.A[3]      7 3.3ms
                                  $techmap2515225$abc$2513560$lut$aiger2513559$9797.A[2]      1 3.3ms
                                 $techmap2515765$abc$2513560$lut$aiger2513559$10956.A[5]      2 3.3ms
                                  $techmap2515128$abc$2513560$lut$aiger2513559$9710.A[3]      2 3.3ms
                                 $techmap2515435$abc$2513560$lut$aiger2513559$14121.A[2]      2 3.3ms
                                 $techmap2515647$abc$2513560$lut$aiger2513559$11952.A[2]      2 3.3ms
                                 $techmap2515659$abc$2513560$lut$aiger2513559$12016.A[5]      2 3.3ms
                                 $techmap2516133$abc$2513560$lut$aiger2513559$15144.A[0]     13 3.2ms
                                  $techmap2515265$abc$2513560$lut$aiger2513559$9051.A[3]      2 3.2ms
                                  $techmap2515256$abc$2513560$lut$aiger2513559$9176.A[2]      1 3.2ms
                                 $techmap2515374$abc$2513560$lut$aiger2513559$13185.A[5]      2 3.2ms
                                 $techmap2515285$abc$2513560$lut$aiger2513559$10296.A[1]     11 3.2ms
                                 $techmap2515762$abc$2513560$lut$aiger2513559$10933.A[2]      1 3.2ms
                                 $techmap2516380$abc$2513560$lut$aiger2513559$26198.A[0]      6 3.2ms
                                 $techmap2516129$abc$2513560$lut$aiger2513559$15119.A[0]     12 3.2ms
                                  $techmap2515218$abc$2513560$lut$aiger2513559$9749.A[5]      2 3.2ms
                                 $techmap2515656$abc$2513560$lut$aiger2513559$12000.A[2]      1 3.2ms
                                 $techmap2515418$abc$2513560$lut$aiger2513559$13454.A[4]      1 3.2ms
                                 $techmap2515410$abc$2513560$lut$aiger2513559$13412.A[4]      2 3.1ms
                                  $techmap2515171$abc$2513560$lut$aiger2513559$9341.A[2]      2 3.1ms
                                 $techmap2516426$abc$2513560$lut$aiger2513559$21425.A[0]     12 3.1ms
                                  $techmap2515253$abc$2513560$lut$aiger2513559$9161.A[3]      1 3.1ms
                                 $techmap2515600$abc$2513560$lut$aiger2513559$12170.A[4]      1 3.1ms
                                 $techmap2515440$abc$2513560$lut$aiger2513559$14158.A[4]      1 3.1ms
                                 $techmap2515679$abc$2513560$lut$aiger2513559$12861.A[5]      2 3.1ms
                $techmap2514877$auto$abc_ops_reintegrate.cc:611:reintegrate$2513674.A[1]      7 3.1ms
                                 $techmap2516428$abc$2513560$lut$aiger2513559$21483.A[0]     12 3.1ms
                                 $techmap2515301$abc$2513560$lut$aiger2513559$13768.A[5]      1 3.1ms
                                 $techmap2516038$abc$2513560$lut$aiger2513559$19905.A[0]      8 3.1ms
                $techmap2514801$auto$abc_ops_reintegrate.cc:611:reintegrate$2513718.A[1]      7 3.0ms
                                 $techmap2515997$abc$2513560$lut$aiger2513559$13116.A[0]      8 3.0ms
                                 $techmap2515445$abc$2513560$lut$aiger2513559$14193.A[4]      2 3.0ms
                                 $techmap2515572$abc$2513560$lut$aiger2513559$12652.A[2]      2 3.0ms
                                 $techmap2516141$abc$2513560$lut$aiger2513559$15175.A[0]     12 3.0ms
                                  $techmap2515124$abc$2513560$lut$aiger2513559$9683.A[5]      2 3.0ms
                                 $techmap2515607$abc$2513560$lut$aiger2513559$12217.A[2]      1 3.0ms
                                 $techmap2515438$abc$2513560$lut$aiger2513559$14144.A[3]      1 3.0ms
                                 $techmap2515349$abc$2513560$lut$aiger2513559$13538.A[2]      2 3.0ms
                                 $techmap2514889$abc$2513560$lut$aiger2513559$25371.A[3]      8 3.0ms
                                  $techmap2515219$abc$2513560$lut$aiger2513559$9758.A[4]      2 3.0ms
                                 $techmap2516622$abc$2513560$lut$aiger2513559$21740.A[4]      4 3.0ms
                $techmap2514959$auto$abc_ops_reintegrate.cc:611:reintegrate$2513636.A[1]      6 3.0ms
                $techmap2514825$auto$abc_ops_reintegrate.cc:611:reintegrate$2513702.A[1]      9 3.0ms
                                 $techmap2515799$abc$2513560$lut$aiger2513559$11175.A[2]      2 3.0ms
                                  $techmap2515191$abc$2513560$lut$aiger2513559$9388.A[4]      2 3.0ms
                                 $techmap2515844$abc$2513560$lut$aiger2513559$11483.A[5]      2 3.0ms
                                  $techmap2515124$abc$2513560$lut$aiger2513559$9683.A[2]      2 3.0ms
                                 $techmap2515285$abc$2513560$lut$aiger2513559$10296.A[3]      9 2.9ms
                                 $techmap2515285$abc$2513560$lut$aiger2513559$10296.A[2]      8 2.9ms
                                  $techmap2514642$abc$2513560$lut$aiger2513559$8759.A[2]      5 2.9ms
                                 $techmap2515543$abc$2513560$lut$aiger2513559$12457.A[5]      1 2.9ms
                                 $techmap2516123$abc$2513560$lut$aiger2513559$15096.A[0]     11 2.9ms
                                  $techmap2514621$abc$2513560$lut$aiger2513559$8625.A[2]      6 2.9ms
                                  $techmap2515189$abc$2513560$lut$aiger2513559$9324.A[3]      1 2.9ms
                                 $techmap2515411$abc$2513560$lut$aiger2513559$13421.A[4]      2 2.9ms
                                 $techmap2515306$abc$2513560$lut$aiger2513559$13803.A[4]      1 2.9ms
                                 $techmap2516108$abc$2513560$lut$aiger2513559$14971.A[2]      8 2.9ms
                                  $techmap2515266$abc$2513560$lut$aiger2513559$9055.A[2]      2 2.9ms
                                  $techmap2515256$abc$2513560$lut$aiger2513559$9176.A[3]      1 2.8ms
                                 $techmap2515438$abc$2513560$lut$aiger2513559$14144.A[4]      1 2.8ms
                                       $techmap2517358$abc$2513560$lut$aiger$o12647.A[2]      5 2.8ms
                                 $techmap2515640$abc$2513560$lut$aiger2513559$11899.A[2]      2 2.8ms
                                 $techmap2515796$abc$2513560$lut$aiger2513559$11152.A[3]      1 2.8ms
                                       $techmap2517488$abc$2513560$lut$aiger$o12696.A[2]      2 2.8ms
                                 $techmap2516862$abc$2513560$lut$aiger2513559$23847.A[4]      5 2.8ms
                                 $techmap2515636$abc$2513560$lut$aiger2513559$11880.A[2]      2 2.8ms
                                 $techmap2515348$abc$2513560$lut$aiger2513559$13529.A[2]      2 2.8ms
                                  $techmap2515218$abc$2513560$lut$aiger2513559$9749.A[4]      2 2.8ms
                                 $techmap2514728$abc$2513560$lut$aiger2513559$18739.A[3]      7 2.8ms
                $techmap2514630$auto$abc_ops_reintegrate.cc:611:reintegrate$2513740.A[1]      6 2.8ms
                                 $techmap2515660$abc$2513560$lut$aiger2513559$12025.A[5]      2 2.8ms
                                 $techmap2516521$abc$2513560$lut$aiger2513559$15837.A[1]      7 2.8ms
                                 $techmap2514683$abc$2513560$lut$aiger2513559$18473.A[1]      1 2.8ms
                                 $techmap2516579$abc$2513560$lut$aiger2513559$21618.A[0]      8 2.8ms
                                 $techmap2515375$abc$2513560$lut$aiger2513559$13194.A[5]      2 2.8ms
                                 $techmap2515648$abc$2513560$lut$aiger2513559$11961.A[2]      2 2.8ms
                $techmap2514969$auto$abc_ops_reintegrate.cc:611:reintegrate$2513631.A[1]      8 2.7ms
                                 $techmap2515569$abc$2513560$lut$aiger2513559$12635.A[2]      1 2.7ms
                                  $techmap2515164$abc$2513560$lut$aiger2513559$8935.A[4]      1 2.7ms
                                 $techmap2515679$abc$2513560$lut$aiger2513559$12861.A[2]      2 2.7ms
                                       $techmap2517566$abc$2513560$lut$aiger$o12752.A[2]      2 2.7ms
                                 $techmap2515289$abc$2513560$lut$aiger2513559$13686.A[3]      1 2.7ms
                                 $techmap2515543$abc$2513560$lut$aiger2513559$12457.A[3]      1 2.7ms
                                 $techmap2515601$abc$2513560$lut$aiger2513559$12179.A[2]      1 2.7ms
                                 $techmap2515565$abc$2513560$lut$aiger2513559$12605.A[4]      2 2.7ms
                                  $techmap2515249$abc$2513560$lut$aiger2513559$9138.A[3]      1 2.7ms
                                 $techmap2515624$abc$2513560$lut$aiger2513559$12331.A[4]      2 2.7ms
                                 $techmap2515310$abc$2513560$lut$aiger2513559$13830.A[3]      2 2.7ms
                                 $techmap2515515$abc$2513560$lut$aiger2513559$14755.A[3]      1 2.6ms
                                 $techmap2516125$abc$2513560$lut$aiger2513559$15104.A[0]     11 2.6ms
                                 $techmap2515955$abc$2513560$lut$aiger2513559$11839.A[0]      8 2.6ms
                                 $techmap2516209$abc$2513560$lut$aiger2513559$21203.A[1]      2 2.6ms
                                 $techmap2515633$abc$2513560$lut$aiger2513559$11857.A[2]      2 2.6ms
                                 $techmap2514913$abc$2513560$lut$aiger2513559$25643.A[0]      6 2.6ms
                $techmap2514815$auto$abc_ops_reintegrate.cc:611:reintegrate$2513710.A[1]      6 2.6ms
                                  $techmap2515234$abc$2513560$lut$aiger2513559$9859.A[4]      2 2.6ms
                                  $techmap2515192$abc$2513560$lut$aiger2513559$9397.A[3]      2 2.6ms
                                 $techmap2515422$abc$2513560$lut$aiger2513559$13473.A[5]      2 2.6ms
                                 $techmap2515778$abc$2513560$lut$aiger2513559$11044.A[4]      2 2.6ms
                                       $techmap2517710$abc$2513560$lut$aiger$o12859.A[0]      6 2.6ms
                                  $techmap2515165$abc$2513560$lut$aiger2513559$8944.A[3]      1 2.6ms
                                  $techmap2515205$abc$2513560$lut$aiger2513559$9524.A[5]      2 2.6ms
                $techmap2514991$auto$abc_ops_reintegrate.cc:611:reintegrate$2513620.A[1]      6 2.6ms
                                 $techmap2515625$abc$2513560$lut$aiger2513559$12340.A[4]      2 2.6ms
                                 $techmap2514981$abc$2513560$lut$aiger2513559$26414.A[0]      4 2.6ms
                                 $techmap2516171$abc$2513560$lut$aiger2513559$19862.A[0]      3 2.6ms
                                 $techmap2515853$abc$2513560$lut$aiger2513559$11540.A[1]      7 2.6ms
                                 $techmap2516645$abc$2513560$lut$aiger2513559$21818.A[2]      3 2.5ms
                                  $techmap2515265$abc$2513560$lut$aiger2513559$9051.A[2]      2 2.5ms
                                                                                 div_bit      2 2.5ms
                                       $techmap2515871$abc$2513560$lut$aiger$o12218.A[2]      2 2.5ms
                                 $techmap2515679$abc$2513560$lut$aiger2513559$12861.A[4]      2 2.5ms
                                 $techmap2515555$abc$2513560$lut$aiger2513559$12535.A[3]      2 2.5ms
                                 $techmap2515105$abc$2513560$lut$aiger2513559$13547.A[4]      2 2.5ms
                                  $techmap2515172$abc$2513560$lut$aiger2513559$9350.A[5]      2 2.5ms
                                 $techmap2514968$abc$2513560$lut$aiger2513559$26269.A[0]      6 2.5ms
                                 $techmap2515292$abc$2513560$lut$aiger2513559$13709.A[3]      2 2.5ms
                                 $techmap2516774$abc$2513560$lut$aiger2513559$23003.A[5]      6 2.5ms
                                 $techmap2515445$abc$2513560$lut$aiger2513559$14193.A[2]      2 2.5ms
                                 $techmap2515615$abc$2513560$lut$aiger2513559$12270.A[4]      2 2.5ms
                                                       genblk2.slot0_d5d2.eng.r_addr[12]      4 2.5ms
                                 $techmap2515553$abc$2513560$lut$aiger2513559$12521.A[2]      1 2.5ms
                                 $techmap2515312$abc$2513560$lut$aiger2513559$13844.A[4]      2 2.5ms
                                  $techmap2515125$abc$2513560$lut$aiger2513559$9687.A[2]      2 2.5ms
                $techmap2514786$auto$abc_ops_reintegrate.cc:611:reintegrate$2513727.A[1]      6 2.4ms
                                 $techmap2516608$abc$2513560$lut$aiger2513559$21687.A[3]      3 2.4ms
                                 $techmap2516028$abc$2513560$lut$aiger2513559$14304.A[0]      8 2.4ms
                                 $techmap2515576$abc$2513560$lut$aiger2513559$12684.A[3]      2 2.4ms
                                  $techmap2515209$abc$2513560$lut$aiger2513559$9554.A[5]      1 2.4ms
                $techmap2514834$auto$abc_ops_reintegrate.cc:611:reintegrate$2513696.A[1]      8 2.4ms
                                 $techmap2515727$abc$2513560$lut$aiger2513559$10692.A[3]      1 2.4ms
                $techmap2515049$auto$abc_ops_reintegrate.cc:611:reintegrate$2513590.A[1]      6 2.4ms
                                  $techmap2515111$abc$2513560$lut$aiger2513559$8880.A[0]     11 2.4ms
                                  $techmap2515185$abc$2513560$lut$aiger2513559$9293.A[3]      2 2.4ms
                                  $techmap2515228$abc$2513560$lut$aiger2513559$9819.A[4]      2 2.4ms
                                 $techmap2515339$abc$2513560$lut$aiger2513559$14026.A[4]      2 2.4ms
                                 $techmap2516424$abc$2513560$lut$aiger2513559$21405.A[0]      9 2.4ms
                                 $techmap2515011$abc$2513560$lut$aiger2513559$26851.A[0]      5 2.4ms
                                 $techmap2515576$abc$2513560$lut$aiger2513559$12684.A[4]      2 2.4ms
                                 $techmap2515741$abc$2513560$lut$aiger2513559$10788.A[5]      2 2.4ms
                                 $techmap2515423$abc$2513560$lut$aiger2513559$13482.A[5]      2 2.4ms
                                 $techmap2515308$abc$2513560$lut$aiger2513559$13812.A[2]      2 2.4ms
                                 $techmap2516497$abc$2513560$lut$aiger2513559$15620.A[0]      9 2.4ms
                $techmap2514797$auto$abc_ops_reintegrate.cc:611:reintegrate$2513721.A[0]      5 2.4ms
                                 $techmap2515532$abc$2513560$lut$aiger2513559$19748.A[2]      7 2.4ms
                                 $techmap2515766$abc$2513560$lut$aiger2513559$10961.A[2]      2 2.4ms
                                 $techmap2516599$abc$2513560$lut$aiger2513559$19316.A[1]      3 2.4ms
                                 $techmap2515473$abc$2513560$lut$aiger2513559$14486.A[2]      1 2.4ms
                                  $techmap2515247$abc$2513560$lut$aiger2513559$9126.A[4]      2 2.4ms
                                 $techmap2516330$abc$2513560$lut$aiger2513559$26190.A[1]      2 2.4ms
                                 $techmap2515765$abc$2513560$lut$aiger2513559$10956.A[2]      2 2.4ms
                                 $techmap2515790$abc$2513560$lut$aiger2513559$11113.A[5]      1 2.4ms
                                                                              line_b[48]      2 2.4ms
                                 $techmap2515320$abc$2513560$lut$aiger2513559$13900.A[4]      2 2.4ms
                                  $techmap2515268$abc$2513560$lut$aiger2513559$9069.A[4]      2 2.4ms
                                 $techmap2514665$abc$2513560$lut$aiger2513559$15282.A[2]      6 2.4ms
                                 $techmap2516770$abc$2513560$lut$aiger2513559$22935.A[3]      9 2.4ms
                                 $techmap2515768$abc$2513560$lut$aiger2513559$10979.A[3]      1 2.4ms
                                 $techmap2516119$abc$2513560$lut$aiger2513559$15070.A[0]     11 2.4ms
                                  $techmap2514625$abc$2513560$lut$aiger2513559$8639.A[0]      8 2.3ms
                                 $techmap2515532$abc$2513560$lut$aiger2513559$19748.A[1]      7 2.3ms
                                 $techmap2514710$abc$2513560$lut$aiger2513559$18648.A[3]      1 2.3ms
                                 $techmap2515432$abc$2513560$lut$aiger2513559$14098.A[4]      2 2.3ms
                                 $techmap2515591$abc$2513560$lut$aiger2513559$12108.A[4]      1 2.3ms
                                 $techmap2515860$abc$2513560$lut$aiger2513559$25106.A[4]      5 2.3ms
                                 $techmap2515678$abc$2513560$lut$aiger2513559$12852.A[2]      2 2.3ms
                                 $techmap2515696$abc$2513560$lut$aiger2513559$12964.A[0]      6 2.3ms
                                 $techmap2515613$abc$2513560$lut$aiger2513559$12252.A[2]      2 2.3ms
                                 $techmap2515792$abc$2513560$lut$aiger2513559$11125.A[5]      2 2.3ms
                $techmap2514846$auto$abc_ops_reintegrate.cc:611:reintegrate$2513689.A[3]      4 2.3ms
                                 $techmap2515660$abc$2513560$lut$aiger2513559$12025.A[2]      2 2.3ms
                                 $techmap2515497$abc$2513560$lut$aiger2513559$14649.A[2]      1 2.3ms
                                 $techmap2515828$abc$2513560$lut$aiger2513559$11375.A[5]      1 2.3ms
                                 $techmap2515573$abc$2513560$lut$aiger2513559$12661.A[4]      2 2.3ms
                $techmap2514825$auto$abc_ops_reintegrate.cc:611:reintegrate$2513702.A[0]      5 2.3ms
                $techmap2514806$auto$abc_ops_reintegrate.cc:611:reintegrate$2513716.A[1]      6 2.3ms
                                 $techmap2515854$abc$2513560$lut$aiger2513559$19761.A[1]     10 2.3ms
                                                       genblk2.slot0_d5d2.eng.r_addr[26]      4 2.3ms
                                  $techmap2515186$abc$2513560$lut$aiger2513559$9302.A[5]      2 2.3ms
                                 $techmap2515385$abc$2513560$lut$aiger2513559$13256.A[4]      2 2.3ms
                                  $techmap2515249$abc$2513560$lut$aiger2513559$9138.A[4]      1 2.3ms
                                 $techmap2516121$abc$2513560$lut$aiger2513559$15088.A[0]     11 2.3ms
                                 $techmap2515431$abc$2513560$lut$aiger2513559$14089.A[3]      2 2.3ms
                                 $techmap2515582$abc$2513560$lut$aiger2513559$12721.A[3]      2 2.3ms
                                 $techmap2515621$abc$2513560$lut$aiger2513559$12314.A[5]      1 2.3ms
                                 $techmap2515474$abc$2513560$lut$aiger2513559$14495.A[4]      1 2.3ms
                                 $techmap2515576$abc$2513560$lut$aiger2513559$12684.A[5]      2 2.3ms
                                 $techmap2516294$abc$2513560$lut$aiger2513559$25157.A[4]      5 2.3ms
                                  $techmap2515280$abc$2513560$lut$aiger2513559$9226.A[5]      2 2.2ms
                                 $techmap2516497$abc$2513560$lut$aiger2513559$15620.A[3]      9 2.2ms
                                  $techmap2515235$abc$2513560$lut$aiger2513559$9868.A[5]      2 2.2ms
                                 $techmap2515618$abc$2513560$lut$aiger2513559$12293.A[3]      2 2.2ms
                $techmap2514658$auto$abc_ops_reintegrate.cc:611:reintegrate$2513736.A[5]      3 2.2ms
                                 $techmap2515648$abc$2513560$lut$aiger2513559$11961.A[3]      2 2.2ms
                                 $techmap2515572$abc$2513560$lut$aiger2513559$12652.A[4]      2 2.2ms
                                 $techmap2514728$abc$2513560$lut$aiger2513559$18739.A[2]      8 2.2ms
                                 $techmap2515048$abc$2513560$lut$aiger2513559$27369.A[4]      1 2.2ms
                                 $techmap2515330$abc$2513560$lut$aiger2513559$13965.A[4]      2 2.2ms
                                 $techmap2515633$abc$2513560$lut$aiger2513559$11857.A[4]      2 2.2ms
                                 $techmap2515923$abc$2513560$lut$aiger2513559$10457.A[2]     10 2.2ms
                                  $techmap2515124$abc$2513560$lut$aiger2513559$9683.A[4]      2 2.2ms
                                  $techmap2515192$abc$2513560$lut$aiger2513559$9397.A[4]      2 2.2ms
                                 $techmap2516981$abc$2513560$lut$aiger2513559$18306.A[4]      1 2.2ms
                                       $techmap2517654$abc$2513560$lut$aiger$o12815.A[2]      2 2.2ms
                                 $techmap2515238$abc$2513560$lut$aiger2513559$10278.A[5]      7 2.2ms
                $techmap2514849$auto$abc_ops_reintegrate.cc:611:reintegrate$2513688.A[1]      7 2.2ms
                                 $techmap2515782$abc$2513560$lut$aiger2513559$11068.A[2]      1 2.2ms
                                 $techmap2515966$abc$2513560$lut$aiger2513559$12972.A[0]      8 2.2ms
                                 $techmap2515566$abc$2513560$lut$aiger2513559$12614.A[4]      2 2.2ms
                                  $techmap2515195$abc$2513560$lut$aiger2513559$9418.A[4]      1 2.2ms
                                 $techmap2515309$abc$2513560$lut$aiger2513559$13821.A[4]      2 2.2ms
                                  $techmap2515254$abc$2513560$lut$aiger2513559$9166.A[3]      1 2.2ms
                                  $techmap2515182$abc$2513560$lut$aiger2513559$9275.A[4]      2 2.2ms
                                 $techmap2515105$abc$2513560$lut$aiger2513559$13547.A[2]      2 2.2ms
                                 $techmap2515761$abc$2513560$lut$aiger2513559$10924.A[4]      2 2.2ms
                                 $techmap2515488$abc$2513560$lut$aiger2513559$14585.A[4]      1 2.2ms
                                 $techmap2514728$abc$2513560$lut$aiger2513559$18739.A[1]      5 2.2ms
                                                                              line_a[17]      1 2.2ms
                                 $techmap2515416$abc$2513560$lut$aiger2513559$13446.A[3]      1 2.2ms
                                 $techmap2515625$abc$2513560$lut$aiger2513559$12340.A[2]      2 2.2ms
                                 $techmap2515828$abc$2513560$lut$aiger2513559$11375.A[4]      1 2.1ms
                                  $techmap2515135$abc$2513560$lut$aiger2513559$9894.A[5]      2 2.1ms
                                 $techmap2515648$abc$2513560$lut$aiger2513559$11961.A[5]      2 2.1ms
                                       $techmap2515869$abc$2513560$lut$aiger$o12547.A[2]      4 2.1ms
                              $abc$2513560$auto$simple.cc:210:make_patterns_logic$170881      4 2.1ms
                                 $techmap2515844$abc$2513560$lut$aiger2513559$11483.A[4]      2 2.1ms
                                  $techmap2515206$abc$2513560$lut$aiger2513559$9533.A[3]      2 2.1ms
                $techmap2515098$auto$abc_ops_reintegrate.cc:611:reintegrate$2513564.A[0]      7 2.1ms
                                 $techmap2514848$abc$2513560$lut$aiger2513559$24445.A[0]      5 2.1ms
                                 $techmap2515543$abc$2513560$lut$aiger2513559$12457.A[2]      1 2.1ms
                                  $techmap2515157$abc$2513560$lut$aiger2513559$8889.A[5]      2 2.1ms
                                 $techmap2515386$abc$2513560$lut$aiger2513559$13265.A[3]      2 2.1ms
                                  $techmap2515206$abc$2513560$lut$aiger2513559$9533.A[5]      2 2.1ms
                                 $techmap2515731$abc$2513560$lut$aiger2513559$10717.A[2]      1 2.1ms
                                 $techmap2515576$abc$2513560$lut$aiger2513559$12684.A[2]      2 2.1ms
                                 $techmap2515618$abc$2513560$lut$aiger2513559$12293.A[5]      2 2.1ms
                $techmap2514982$auto$abc_ops_reintegrate.cc:611:reintegrate$2513625.A[1]      6 2.1ms
                                  $techmap2516238$abc$2513560$lut$aiger2513559$8582.A[4]      5 2.1ms
                                 $techmap2515618$abc$2513560$lut$aiger2513559$12293.A[2]      2 2.1ms
                                 $techmap2515828$abc$2513560$lut$aiger2513559$11375.A[2]      1 2.1ms
                                 $techmap2515624$abc$2513560$lut$aiger2513559$12331.A[5]      2 2.1ms
                                  $techmap2515202$abc$2513560$lut$aiger2513559$9499.A[5]      2 2.1ms
                                 $techmap2515559$abc$2513560$lut$aiger2513559$12567.A[4]      2 2.1ms
                $techmap2515093$auto$abc_ops_reintegrate.cc:611:reintegrate$2513568.A[2]      8 2.1ms
                                 $techmap2515940$abc$2513560$lut$aiger2513559$11740.A[0]      8 2.1ms
                                 $techmap2516823$abc$2513560$lut$aiger2513559$24296.A[3]      7 2.1ms
                $techmap2515100$auto$abc_ops_reintegrate.cc:611:reintegrate$2513562.A[0]      4 2.1ms
                                 $techmap2515712$abc$2513560$lut$aiger2513559$10600.A[4]      2 2.1ms
                                 $techmap2515330$abc$2513560$lut$aiger2513559$13965.A[5]      2 2.1ms
                                 $techmap2515667$abc$2513560$lut$aiger2513559$12072.A[3]      2 2.1ms
                                 $techmap2515725$abc$2513560$lut$aiger2513559$10682.A[3]      1 2.1ms
                                       $techmap2516942$abc$2513560$lut$aiger$o12580.A[1]      2 2.1ms
                                  $techmap2515175$abc$2513560$lut$aiger2513559$9371.A[5]      1 2.1ms
                                 $techmap2515862$abc$2513560$lut$aiger2513559$25436.A[2]      3 2.1ms
                                 $techmap2514737$abc$2513560$lut$aiger2513559$18748.A[0]      5 2.1ms
                                 $techmap2515434$abc$2513560$lut$aiger2513559$14112.A[5]      2 2.1ms
                                 $techmap2515313$abc$2513560$lut$aiger2513559$13853.A[2]      2 2.1ms
                                 $techmap2515666$abc$2513560$lut$aiger2513559$12063.A[5]      2 2.0ms
                                  $techmap2515126$abc$2513560$lut$aiger2513559$9692.A[1]      8 2.0ms
                                       $techmap2517344$abc$2513560$lut$aiger$o12633.A[2]      5 2.0ms
                                 $techmap2515575$abc$2513560$lut$aiger2513559$12675.A[2]      2 2.0ms
                                 $techmap2515299$abc$2513560$lut$aiger2513559$13756.A[4]      2 2.0ms
                              $abc$2513560$auto$simple.cc:210:make_patterns_logic$184709      1 2.0ms
                                 $techmap2515765$abc$2513560$lut$aiger2513559$10956.A[4]      2 2.0ms
                                 $techmap2515677$abc$2513560$lut$aiger2513559$12843.A[2]      2 2.0ms
                                 $techmap2516600$abc$2513560$lut$aiger2513559$20466.A[2]      2 2.0ms
                                 $techmap2515697$abc$2513560$lut$aiger2513559$19757.A[2]      8 2.0ms
                                 $techmap2515333$abc$2513560$lut$aiger2513559$13988.A[4]      2 2.0ms
                                 $techmap2516556$abc$2513560$lut$aiger2513559$16113.A[3]      3 2.0ms
                                 $techmap2515928$abc$2513560$lut$aiger2513559$10484.A[2]      8 2.0ms
                $techmap2515029$auto$abc_ops_reintegrate.cc:611:reintegrate$2513600.A[1]      6 2.0ms
                                 $techmap2515373$abc$2513560$lut$aiger2513559$13176.A[2]      2 2.0ms
                                  $techmap2515138$abc$2513560$lut$aiger2513559$9916.A[4]      2 2.0ms
                                 $techmap2515645$abc$2513560$lut$aiger2513559$11940.A[4]      1 2.0ms
                                 $techmap2515790$abc$2513560$lut$aiger2513559$11113.A[3]      1 2.0ms
                                  $techmap2515229$abc$2513560$lut$aiger2513559$9823.A[2]      2 2.0ms
                                  $techmap2515269$abc$2513560$lut$aiger2513559$9078.A[5]      2 2.0ms
                                 $techmap2515375$abc$2513560$lut$aiger2513559$13194.A[3]      2 2.0ms
                                 $techmap2515617$abc$2513560$lut$aiger2513559$12284.A[4]      2 2.0ms
                                 $techmap2515798$abc$2513560$lut$aiger2513559$11166.A[3]      2 2.0ms
                                 $techmap2515513$abc$2513560$lut$aiger2513559$14745.A[3]      1 2.0ms
                                 $techmap2515554$abc$2513560$lut$aiger2513559$12530.A[5]      1 2.0ms
                                  $techmap2515157$abc$2513560$lut$aiger2513559$8889.A[4]      2 2.0ms
                                  $techmap2515194$abc$2513560$lut$aiger2513559$9409.A[3]      1 2.0ms
                                 $techmap2515432$abc$2513560$lut$aiger2513559$14098.A[2]      2 2.0ms
                                 $techmap2515949$abc$2513560$lut$aiger2513559$11806.A[5]      4 2.0ms
                                 $techmap2515654$abc$2513560$lut$aiger2513559$11990.A[2]      1 2.0ms
                                 $techmap2515435$abc$2513560$lut$aiger2513559$14121.A[3]      2 2.0ms
                                  $techmap2515186$abc$2513560$lut$aiger2513559$9302.A[4]      2 2.0ms
                                  $techmap2515268$abc$2513560$lut$aiger2513559$9069.A[2]      2 2.0ms
                                 $techmap2515995$abc$2513560$lut$aiger2513559$13109.A[0]      9 2.0ms
                                 $techmap2514731$abc$2513560$lut$aiger2513559$18742.A[0]      5 2.0ms
                                 $techmap2515430$abc$2513560$lut$aiger2513559$14080.A[0]      5 2.0ms
                                 $techmap2515562$abc$2513560$lut$aiger2513559$12588.A[3]      1 2.0ms
                $techmap2514982$auto$abc_ops_reintegrate.cc:611:reintegrate$2513625.A[5]      1 2.0ms
                                 $techmap2515604$abc$2513560$lut$aiger2513559$12196.A[3]      2 2.0ms
                                  $techmap2515216$abc$2513560$lut$aiger2513559$9596.A[2]      2 2.0ms
                $techmap2514834$auto$abc_ops_reintegrate.cc:611:reintegrate$2513696.A[0]      4 2.0ms
                                  $techmap2515247$abc$2513560$lut$aiger2513559$9126.A[5]      2 2.0ms
                                       $techmap2517012$abc$2513560$lut$aiger$o12603.A[2]      2 2.0ms
                                 $techmap2515799$abc$2513560$lut$aiger2513559$11175.A[3]      2 2.0ms
                                 $techmap2515598$abc$2513560$lut$aiger2513559$12158.A[4]      2 2.0ms
                                 $techmap2515779$abc$2513560$lut$aiger2513559$11053.A[2]      2 2.0ms
                                 $techmap2515842$abc$2513560$lut$aiger2513559$11465.A[2]      2 2.0ms
                                       $techmap2517715$abc$2513560$lut$aiger$o12864.A[0]      6 2.0ms
                                  $techmap2515179$abc$2513560$lut$aiger2513559$9253.A[3]      1 2.0ms
                                 $techmap2515950$abc$2513560$lut$aiger2513559$11809.A[0]      8 1.9ms
                                 $techmap2515340$abc$2513560$lut$aiger2513559$14035.A[2]      2 1.9ms
                                 $techmap2514759$abc$2513560$lut$aiger2513559$18766.A[0]      5 1.9ms
                                 $techmap2515729$abc$2513560$lut$aiger2513559$10699.A[4]      2 1.9ms
                                        $techmap2516932$abc$2513560$lut$aiger$o8717.A[3]      1 1.9ms
                                 $techmap2515556$abc$2513560$lut$aiger2513559$12544.A[2]      2 1.9ms
                                 $techmap2515636$abc$2513560$lut$aiger2513559$11880.A[4]      2 1.9ms
                                 $techmap2515582$abc$2513560$lut$aiger2513559$12721.A[2]      2 1.9ms
                $techmap2514815$auto$abc_ops_reintegrate.cc:611:reintegrate$2513710.A[0]      6 1.9ms
                                 $techmap2515320$abc$2513560$lut$aiger2513559$13900.A[2]      2 1.9ms
                                 $techmap2515333$abc$2513560$lut$aiger2513559$13988.A[3]      2 1.9ms
                                 $techmap2515416$abc$2513560$lut$aiger2513559$13446.A[2]      1 1.9ms
                                 $techmap2515793$abc$2513560$lut$aiger2513559$11134.A[4]      2 1.9ms
                $techmap2514998$auto$abc_ops_reintegrate.cc:611:reintegrate$2513616.A[1]      2 1.9ms
                                  $techmap2515231$abc$2513560$lut$aiger2513559$9837.A[5]      2 1.9ms
                                 $techmap2515351$abc$2513560$lut$aiger2513559$13561.A[5]      2 1.9ms
                $techmap2515058$auto$abc_ops_reintegrate.cc:611:reintegrate$2513585.A[1]      8 1.9ms
                                                                              line_a[29]      1 1.9ms
                                                                        resetgen.hold[0]      6 1.9ms
                                 $techmap2515615$abc$2513560$lut$aiger2513559$12270.A[2]      2 1.9ms
                                 $techmap2515779$abc$2513560$lut$aiger2513559$11053.A[4]      2 1.9ms
                                 $techmap2515414$abc$2513560$lut$aiger2513559$13436.A[3]      1 1.9ms
                                 $techmap2515841$abc$2513560$lut$aiger2513559$11461.A[2]      1 1.9ms
                                  $techmap2515192$abc$2513560$lut$aiger2513559$9397.A[5]      2 1.9ms
Info: Router2 time 112.22s
Info: Running router1 to check that route is legal...

Info: Routing..
Info: Setting up routing queue.
Info: Routing 0 arcs.
Info:            |   (re-)routed arcs  |   delta    | remaining|       time spent     |
Info:    IterCnt |  w/ripup   wo/ripup |  w/r  wo/r |      arcs| batch(sec) total(sec)|
Info:          0 |        0          0 |    0     0 |         0|       0.10       0.10|
Info: Routing complete.
Info: Router1 time 0.10s
Info: Checksum: 0x351ee2a6

Info: Critical path report for clock 'clk' (posedge -> posedge):
Info: curr total
Info:  0.1  0.1  Source $auto$ff.cc:337:slice$191722.Q
Info:  0.4  0.5    Net $techmap2515106$abc$2513560$lut$aiger2513559$8864.A[0] budget -4.402000 ns (30,43) -> (30,43)
Info:                Sink $abc$2513560$lut$aiger2513559$8864.A1
Info:  0.2  0.7  Source $abc$2513560$lut$aiger2513559$8864.O5
Info:  0.5  1.2    Net $techmap2515108$abc$2513560$lut$aiger2513559$8870.A[5] budget -4.402000 ns (30,43) -> (30,43)
Info:                Sink $abc$2513560$lut$aiger2513559$8870.A6
Info:  0.1  1.3  Source $abc$2513560$lut$aiger2513559$8870.O6
Info:  1.0  2.3    Net $techmap2515111$abc$2513560$lut$aiger2513559$8880.A[3] budget -2.449000 ns (30,43) -> (24,57)
Info:                Sink $abc$2513560$lut$aiger2513559$9332.A4
Info:  0.1  2.4  Source $abc$2513560$lut$aiger2513559$9332.O5
Info:  0.4  2.9    Net $techmap2515177$abc$2513560$lut$aiger2513559$9379.A[4] budget -3.948000 ns (24,57) -> (24,57)
Info:                Sink $abc$2513560$lut$aiger2513559$10485.A2
Info:  0.1  3.0  Source $abc$2513560$lut$aiger2513559$10485.O6
Info:  2.0  5.0    Net $techmap2515305$abc$2513560$lut$aiger2513559$13785.A[3] budget -0.056000 ns (24,57) -> (30,15)
Info:                Sink $abc$2513560$lut$aiger2513559$10639.A5
Info:  0.1  5.1  Source $abc$2513560$lut$aiger2513559$10639.O6
Info:  0.3  5.4    Net $techmap2515721$abc$2513560$lut$aiger2513559$10662.A[4] budget -1.834000 ns (30,15) -> (30,15)
Info:                Sink $abc$2513560$lut$aiger2513559$10662.A5
Info:  0.1  5.5  Source $abc$2513560$lut$aiger2513559$10662.O6
Info:  0.3  5.8    Net $techmap2515736$abc$2513560$lut$aiger2513559$10747.A[2] budget -1.833000 ns (30,15) -> (30,15)
Info:                Sink $abc$2513560$lut$aiger2513559$10747.A1
Info:  0.2  6.0  Source $abc$2513560$lut$aiger2513559$10747.O5
Info:  1.1  7.1    Net $techmap2515774$abc$2513560$lut$aiger2513559$11012.A[2] budget -0.050000 ns (30,15) -> (24,30)
Info:                Sink $abc$2513560$lut$aiger2513559$11541.A2
Info:  0.1  7.2  Source $abc$2513560$lut$aiger2513559$11541.O6
Info:  0.8  8.0    Net $techmap2515931$abc$2513560$lut$aiger2513559$11590.A[5] budget -0.843000 ns (24,30) -> (24,33)
Info:                Sink $abc$2513560$lut$aiger2513559$11638.A6
Info:  0.1  8.1  Source $abc$2513560$lut$aiger2513559$11638.O6
Info:  0.3  8.4    Net $techmap2515933$abc$2513560$lut$aiger2513559$11650.A[2] budget -1.368000 ns (24,33) -> (24,33)
Info:                Sink $abc$2513560$lut$aiger2513559$11662.A4
Info:  0.1  8.5  Source $abc$2513560$lut$aiger2513559$11662.O6
Info:  0.8  9.3    Net $techmap2515939$abc$2513560$lut$aiger2513559$11737.A[3] budget -0.833000 ns (24,33) -> (24,32)
Info:                Sink $abc$2513560$lut$aiger2513559$11745.A2
Info:  0.2  9.5  Source $abc$2513560$lut$aiger2513559$11745.O5
Info:  0.6 10.1    Net $techmap2515942$abc$2513560$lut$aiger2513559$11750.A[3] budget -1.373000 ns (24,32) -> (24,32)
Info:                Sink $abc$2513560$lut$aiger2513559$11750.A5
Info:  0.1 10.2  Source $abc$2513560$lut$aiger2513559$11750.O6
Info:  0.7 11.0    Net $techmap2515949$abc$2513560$lut$aiger2513559$11806.A[5] budget -1.067000 ns (24,32) -> (24,32)
Info:                Sink $abc$2513560$lut$aiger2513559$11827.A6
Info:  0.1 11.1  Source $abc$2513560$lut$aiger2513559$11827.O6
Info:  0.3 11.4    Net $techmap2515952$abc$2513560$lut$aiger2513559$11828.A[1] budget -1.067000 ns (24,32) -> (24,32)
Info:                Sink $abc$2513560$lut$aiger2513559$11828.A4
Info:  0.2 11.5  Source $abc$2513560$lut$aiger2513559$11828.O5
Info:  1.0 12.5    Net $techmap2515953$abc$2513560$lut$aiger2513559$11831.A[0] budget -0.031000 ns (24,32) -> (17,29)
Info:                Sink $abc$2513560$lut$aiger2513559$16229.A1
Info:  0.1 12.6  Source $abc$2513560$lut$aiger2513559$16229.O6
Info:  0.8 13.4    Net $techmap2516599$abc$2513560$lut$aiger2513559$19316.A[1] budget -0.903000 ns (17,29) -> (17,29)
Info:                Sink $abc$2513560$lut$aiger2513559$16244.A4
Info:  0.1 13.5  Source $abc$2513560$lut$aiger2513559$16244.O6
Info:  0.8 14.3    Net $techmap2516606$abc$2513560$lut$aiger2513559$19330.A[1] budget -0.062000 ns (17,29) -> (14,25)
Info:                Sink $abc$2513560$lut$aiger2513559$19330.A4
Info:  0.2 14.4  Source $abc$2513560$lut$aiger2513559$19330.O5
Info:  0.3 14.7    Net $techmap2516607$abc$2513560$lut$aiger2513559$20486.A[2] budget -0.816000 ns (14,25) -> (14,25)
Info:                Sink $abc$2513560$lut$aiger2513559$19343.A5
Info:  0.1 14.9  Source $abc$2513560$lut$aiger2513559$19343.O6
Info:  0.4 15.3    Net $techmap2516614$abc$2513560$lut$aiger2513559$20509.A[3] budget -0.814000 ns (14,25) -> (14,25)
Info:                Sink $abc$2513560$lut$aiger2513559$19357.A4
Info:  0.2 15.5  Source $abc$2513560$lut$aiger2513559$19357.O5
Info:  0.6 16.0    Net $techmap2516620$abc$2513560$lut$aiger2513559$20529.A[3] budget -0.023000 ns (14,25) -> (14,30)
Info:                Sink $abc$2513560$lut$aiger2513559$19377.A4
Info:  0.2 16.2  Source $abc$2513560$lut$aiger2513559$19377.O5
Info:  0.4 16.6    Net $techmap2516628$abc$2513560$lut$aiger2513559$20552.A[3] budget -0.278000 ns (14,30) -> (14,28)
Info:                Sink $abc$2513560$lut$aiger2513559$19396.A4
Info:  0.2 16.8  Source $abc$2513560$lut$aiger2513559$19396.O5
Info:  0.3 17.1    Net $techmap2516634$abc$2513560$lut$aiger2513559$21767.A[2] budget -0.756000 ns (14,28) -> (14,28)
Info:                Sink $abc$2513560$lut$aiger2513559$19413.A4
Info:  0.2 17.2  Source $abc$2513560$lut$aiger2513559$19413.O5
Info:  0.9 18.1    Net $techmap2516644$abc$2513560$lut$aiger2513559$20591.A[2] budget -0.112000 ns (14,28) -> (13,25)
Info:                Sink $abc$2513560$lut$aiger2513559$19457.A6
Info:  0.1 18.2  Source $abc$2513560$lut$aiger2513559$19457.O6
Info:  0.4 18.7    Net $techmap2516655$abc$2513560$lut$aiger2513559$20645.A[2] budget -0.332000 ns (13,25) -> (13,24)
Info:                Sink $abc$2513560$lut$aiger2513559$19501.A6
Info:  0.1 18.8  Source $abc$2513560$lut$aiger2513559$19501.O6
Info:  0.3 19.1    Net $techmap2516666$abc$2513560$lut$aiger2513559$20699.A[2] budget -0.722000 ns (13,24) -> (13,24)
Info:                Sink $abc$2513560$lut$aiger2513559$20699.A2
Info:  0.2 19.2  Source $abc$2513560$lut$aiger2513559$20699.O5
Info:  0.7 20.0    Net $techmap2516667$abc$2513560$lut$aiger2513559$21926.A[1] budget -0.107000 ns (13,24) -> (10,22)
Info:                Sink $abc$2513560$lut$aiger2513559$21940.A4
Info:  0.1 20.1  Source $abc$2513560$lut$aiger2513559$21940.O6
Info:  0.8 20.9    Net $techmap2516673$abc$2513560$lut$aiger2513559$21976.A[3] budget -0.021000 ns (10,22) -> (13,27)
Info:                Sink $abc$2513560$lut$aiger2513559$21976.A4
Info:  0.1 21.0  Source $abc$2513560$lut$aiger2513559$21976.O6
Info:  0.7 21.7    Net $techmap2516684$abc$2513560$lut$aiger2513559$22030.A[5] budget -0.021000 ns (13,27) -> (10,22)
Info:                Sink $abc$2513560$lut$aiger2513559$22030.A6
Info:  0.1 21.8  Source $abc$2513560$lut$aiger2513559$22030.O6
Info:  0.4 22.2    Net $techmap2516695$abc$2513560$lut$aiger2513559$22084.A[5] budget -0.278000 ns (10,22) -> (10,23)
Info:                Sink $abc$2513560$lut$aiger2513559$22084.A6
Info:  0.1 22.4  Source $abc$2513560$lut$aiger2513559$22084.O6
Info:  0.4 22.8    Net $techmap2516706$abc$2513560$lut$aiger2513559$22138.A[5] budget -0.643000 ns (10,23) -> (10,23)
Info:                Sink $abc$2513560$lut$aiger2513559$22138.A6
Info:  0.1 22.9  Source $abc$2513560$lut$aiger2513559$22138.O6
Info:  0.6 23.5    Net $techmap2516714$abc$2513560$lut$aiger2513559$22458.A[5] budget -0.253000 ns (10,23) -> (10,24)
Info:                Sink $abc$2513560$lut$aiger2513559$22463.A4
Info:  0.1 23.6  Source $abc$2513560$lut$aiger2513559$22463.O6
Info:  1.1 24.7    Net $techmap2516825$abc$2513560$lut$aiger2513559$24481.A[3] budget -0.073000 ns (10,24) -> (10,27)
Info:                Sink $abc$2513560$lut$aiger2513559$24487.A1
Info:  0.1 24.8  Source $abc$2513560$lut$aiger2513559$24487.O6
Info:  1.3 26.1    Net $techmap2516849$abc$2513560$lut$aiger2513559$24923.A[4] budget -0.020000 ns (10,27) -> (10,33)
Info:                Sink $abc$2513560$lut$aiger2513559$24923.A5
Info:  0.1 26.2  Source $abc$2513560$lut$aiger2513559$24923.O6
Info:  0.7 27.0    Net $techmap2516864$abc$2513560$lut$aiger2513559$25185.A[5] budget -0.017000 ns (10,33) -> (10,28)
Info:                Sink $abc$2513560$lut$aiger2513559$25185.A6
Info:  0.1 27.1  Source $abc$2513560$lut$aiger2513559$25185.O6
Info:  0.7 27.8    Net $techmap2516865$abc$2513560$lut$aiger2513559$25665.A[5] budget -0.017000 ns (10,28) -> (10,32)
Info:                Sink $abc$2513560$lut$aiger2513559$25665.A6
Info:  0.1 27.9  Source $abc$2513560$lut$aiger2513559$25665.O6
Info:  0.5 28.4    Net $techmap2516866$abc$2513560$lut$aiger2513559$26089.A[5] budget -0.527000 ns (10,32) -> (10,32)
Info:                Sink $abc$2513560$lut$aiger2513559$26089.A6
Info:  0.1 28.6  Source $abc$2513560$lut$aiger2513559$26089.O6
Info:  0.6 29.1    Net $techmap2516868$abc$2513560$lut$aiger2513559$26216.A[1] budget -0.047000 ns (10,32) -> (10,34)
Info:                Sink $abc$2513560$lut$aiger2513559$28044.A6
Info:  0.1 29.3  Source $abc$2513560$lut$aiger2513559$28044.O6
Info:  0.4 29.7    Net $techmap2517715$abc$2513560$lut$aiger$o12864.A[5] budget -0.016000 ns (10,34) -> (13,35)
Info:                Sink $abc$2513560$lut$aiger2513559$28148.A2
Info:  0.2 29.8  Source $abc$2513560$lut$aiger2513559$28148.O5
Info:  0.7 30.6    Net $techmap2517737$abc$2513560$lut$aiger$o12882.A[3] budget -0.016000 ns (13,35) -> (13,39)
Info:                Sink $abc$2513560$lut$aiger$o12887.A4
Info:  0.2 30.7  Source $abc$2513560$lut$aiger$o12887.O5
Info:  0.0 30.7    Net $techmap2258104$auto$ff.cc:337:slice$192034.D budget -0.677000 ns (13,39) -> (13,39)
Info:                Sink $auto$ff.cc:337:slice$192034.D
Info:  0.1 30.8  Setup $auto$ff.cc:337:slice$192034.D
Info: 5.4 ns logic, 25.4 ns routing

Info: Critical path report for clock 'clk200' (posedge -> posedge):
Info: curr total
Info:  0.1  0.1  Source $auto$ff.cc:337:slice$192746.Q
Info:  0.4  0.5    Net tickgen.count[1] budget 1.975000 ns (114,135) -> (114,135)
Info:                Sink $auto$abc_ops_reintegrate.cc:611:reintegrate$2513724.A3
Info:  0.1  0.7  Source $auto$abc_ops_reintegrate.cc:611:reintegrate$2513724.O5
Info:  0.0  0.7    Net $auto$alumacc.cc:548:replace_alu$174420.Y[1] budget 1.975000 ns (114,135) -> (114,135)
Info:                Sink $auto$ff.cc:337:slice$192746.D
Info:  0.1  0.8  Setup $auto$ff.cc:337:slice$192746.D
Info: 0.3 ns logic, 0.5 ns routing

Warning: Max frequency for clock    'clk': 32.43 MHz (FAIL at 200.00 MHz)
Info: Max frequency for clock 'clk200': 1223.99 MHz (PASS at 200.00 MHz)

Info: Slack histogram:
Info:  legend: * represents 7 endpoint(s)
Info:          + represents [1,7) endpoint(s)
Info: [-25834, -24321) |***+
Info: [-24321, -22808) |***+
Info: [-22808, -21295) |*+
Info: [-21295, -19782) |*+
Info: [-19782, -18269) |*+
Info: [-18269, -16756) |****+
Info: [-16756, -15243) |*+
Info: [-15243, -13730) |*+
Info: [-13730, -12217) |**+
Info: [-12217, -10704) |**********+
Info: [-10704,  -9191) |******+
Info: [ -9191,  -7678) |**+
Info: [ -7678,  -6165) |********+
Info: [ -6165,  -4652) |**************************************************+
Info: [ -4652,  -3139) |************************************************************ 
Info: [ -3139,  -1626) |******************+
Info: [ -1626,   -113) |*********************+
Info: [  -113,   1400) |****************************************+
Info: [  1400,   2913) |************************+
Info: [  2913,   4426) |**********************+
Info: Running post-routing legalisation...

1 warning, 0 errors
