Info: Propagating clock constraints...
Info:     derived 200.0 MHz for net 'clk200_in' (through IBUFDS 'clk200_ibufds')
Info:     PLLE2_ADV 'pll': input 200.0 MHz, VCO 1200.0 MHz
Info:     derived 60.0 MHz for net 'ctrl_raw' (through PLLE2_ADV 'pll')
Info:     derived 240.0 MHz for net 'ddr_raw' (through PLLE2_ADV 'pll')
Info:     derived 200.0 MHz for net 'ref_raw' (through PLLE2_ADV 'pll')
Info:     derived 240.0 MHz for net 'ddr90_raw' (through PLLE2_ADV 'pll')
Info:     derived 1200.5 MHz for net 'pll_fb' (through PLLE2_ADV 'pll')
Info:     PLLE2_ADV 'pll': input 200.0 MHz, VCO 1200.0 MHz
Info: Packing constants..
Info: Inserting IO buffers..
Info:     IO port 'clk200_n' driven by IBUFDS 'clk200_ibufds'
Info:     IO port 'clk200_p' driven by IBUFDS 'clk200_ibufds'
Info:     IO port 'ddr3_cas_n' driven by OBUF '$iopadmap$tms_ddr3_loader_ax7203.ddr3_cas_n'
Info:     IO port 'ddr3_ck_n' driven by OBUFDS 'ddr3.ddr3_phy_inst.genblk4.genblk1.OBUFDS_inst'
Info:     IO port 'ddr3_ck_p' driven by OBUFDS 'ddr3.ddr3_phy_inst.genblk4.genblk1.OBUFDS_inst'
Info:     IO port 'ddr3_cke' driven by OBUF '$iopadmap$tms_ddr3_loader_ax7203.ddr3_cke'
Info:     IO port 'ddr3_cs_n' driven by OBUF '$iopadmap$tms_ddr3_loader_ax7203.ddr3_cs_n'
Info:     IO port 'ddr3_odt' driven by OBUF '$iopadmap$tms_ddr3_loader_ax7203.ddr3_odt'
Info:     IO port 'ddr3_ras_n' driven by OBUF '$iopadmap$tms_ddr3_loader_ax7203.ddr3_ras_n'
Info:     IO port 'ddr3_reset_n' driven by OBUF '$iopadmap$tms_ddr3_loader_ax7203.ddr3_reset_n'
Info:     IO port 'ddr3_we_n' driven by OBUF '$iopadmap$tms_ddr3_loader_ax7203.ddr3_we_n'
Info:     IO port 'rst_n' driven by IBUF '$iopadmap$tms_ddr3_loader_ax7203.rst_n'
Info:     IO port 'uart_rx' driven by IBUF '$iopadmap$tms_ddr3_loader_ax7203.uart_rx'
Info:     IO port 'uart_tx' driven by OBUF '$iopadmap$tms_ddr3_loader_ax7203.uart_tx'
Info:     IO port 'ddr3_addr[0]' driven by OBUF '$iopadmap$tms_ddr3_loader_ax7203.ddr3_addr'
Info:     IO port 'ddr3_addr[1]' driven by OBUF '$iopadmap$tms_ddr3_loader_ax7203.ddr3_addr_1'
Info:     IO port 'ddr3_addr[10]' driven by OBUF '$iopadmap$tms_ddr3_loader_ax7203.ddr3_addr_10'
Info:     IO port 'ddr3_addr[11]' driven by OBUF '$iopadmap$tms_ddr3_loader_ax7203.ddr3_addr_11'
Info:     IO port 'ddr3_addr[12]' driven by OBUF '$iopadmap$tms_ddr3_loader_ax7203.ddr3_addr_12'
Info:     IO port 'ddr3_addr[13]' driven by OBUF '$iopadmap$tms_ddr3_loader_ax7203.ddr3_addr_13'
Info:     IO port 'ddr3_addr[14]' driven by OBUF '$iopadmap$tms_ddr3_loader_ax7203.ddr3_addr_14'
Info:     IO port 'ddr3_addr[2]' driven by OBUF '$iopadmap$tms_ddr3_loader_ax7203.ddr3_addr_2'
Info:     IO port 'ddr3_addr[3]' driven by OBUF '$iopadmap$tms_ddr3_loader_ax7203.ddr3_addr_3'
Info:     IO port 'ddr3_addr[4]' driven by OBUF '$iopadmap$tms_ddr3_loader_ax7203.ddr3_addr_4'
Info:     IO port 'ddr3_addr[5]' driven by OBUF '$iopadmap$tms_ddr3_loader_ax7203.ddr3_addr_5'
Info:     IO port 'ddr3_addr[6]' driven by OBUF '$iopadmap$tms_ddr3_loader_ax7203.ddr3_addr_6'
Info:     IO port 'ddr3_addr[7]' driven by OBUF '$iopadmap$tms_ddr3_loader_ax7203.ddr3_addr_7'
Info:     IO port 'ddr3_addr[8]' driven by OBUF '$iopadmap$tms_ddr3_loader_ax7203.ddr3_addr_8'
Info:     IO port 'ddr3_addr[9]' driven by OBUF '$iopadmap$tms_ddr3_loader_ax7203.ddr3_addr_9'
Info:     IO port 'ddr3_ba[0]' driven by OBUF '$iopadmap$tms_ddr3_loader_ax7203.ddr3_ba'
Info:     IO port 'ddr3_ba[1]' driven by OBUF '$iopadmap$tms_ddr3_loader_ax7203.ddr3_ba_1'
Info:     IO port 'ddr3_ba[2]' driven by OBUF '$iopadmap$tms_ddr3_loader_ax7203.ddr3_ba_2'
Info:     IO port 'led[0]' driven by OBUF '$iopadmap$tms_ddr3_loader_ax7203.led'
Info:     IO port 'led[1]' driven by OBUF '$iopadmap$tms_ddr3_loader_ax7203.led_1'
Info:     IO port 'led[2]' driven by OBUF '$iopadmap$tms_ddr3_loader_ax7203.led_2'
Info:     IO port 'led[3]' driven by OBUF '$iopadmap$tms_ddr3_loader_ax7203.led_3'
Info:     IO port 'ddr3_dq[0]' driven by IOBUF 'ddr3.ddr3_phy_inst.genblk5[0].genblk1.IOBUF_data'
Info:     IO port 'ddr3_dq[10]' driven by IOBUF 'ddr3.ddr3_phy_inst.genblk5[10].genblk1.IOBUF_data'
Info:     IO port 'ddr3_dq[11]' driven by IOBUF 'ddr3.ddr3_phy_inst.genblk5[11].genblk1.IOBUF_data'
Info:     IO port 'ddr3_dq[12]' driven by IOBUF 'ddr3.ddr3_phy_inst.genblk5[12].genblk1.IOBUF_data'
Info:     IO port 'ddr3_dq[13]' driven by IOBUF 'ddr3.ddr3_phy_inst.genblk5[13].genblk1.IOBUF_data'
Info:     IO port 'ddr3_dq[14]' driven by IOBUF 'ddr3.ddr3_phy_inst.genblk5[14].genblk1.IOBUF_data'
Info:     IO port 'ddr3_dq[15]' driven by IOBUF 'ddr3.ddr3_phy_inst.genblk5[15].genblk1.IOBUF_data'
Info:     IO port 'ddr3_dq[1]' driven by IOBUF 'ddr3.ddr3_phy_inst.genblk5[1].genblk1.IOBUF_data'
Info:     IO port 'ddr3_dq[2]' driven by IOBUF 'ddr3.ddr3_phy_inst.genblk5[2].genblk1.IOBUF_data'
Info:     IO port 'ddr3_dq[3]' driven by IOBUF 'ddr3.ddr3_phy_inst.genblk5[3].genblk1.IOBUF_data'
Info:     IO port 'ddr3_dq[4]' driven by IOBUF 'ddr3.ddr3_phy_inst.genblk5[4].genblk1.IOBUF_data'
Info:     IO port 'ddr3_dq[5]' driven by IOBUF 'ddr3.ddr3_phy_inst.genblk5[5].genblk1.IOBUF_data'
Info:     IO port 'ddr3_dq[6]' driven by IOBUF 'ddr3.ddr3_phy_inst.genblk5[6].genblk1.IOBUF_data'
Info:     IO port 'ddr3_dq[7]' driven by IOBUF 'ddr3.ddr3_phy_inst.genblk5[7].genblk1.IOBUF_data'
Info:     IO port 'ddr3_dq[8]' driven by IOBUF 'ddr3.ddr3_phy_inst.genblk5[8].genblk1.IOBUF_data'
Info:     IO port 'ddr3_dq[9]' driven by IOBUF 'ddr3.ddr3_phy_inst.genblk5[9].genblk1.IOBUF_data'
Info:     IO port 'ddr3_dm[0]' driven by OBUF 'ddr3.ddr3_phy_inst.genblk6[0].genblk1.OBUF_dm'
Info:     IO port 'ddr3_dm[1]' driven by OBUF 'ddr3.ddr3_phy_inst.genblk6[1].genblk1.OBUF_dm'
Info:     IO port 'ddr3_dqs_p[0]' driven by IOBUFDS 'ddr3.ddr3_phy_inst.genblk7[0].genblk1.IOBUFDS_dqs'
Info:     IO port 'ddr3_dqs_n[0]' driven by IOBUFDS 'ddr3.ddr3_phy_inst.genblk7[0].genblk1.IOBUFDS_dqs'
Info:     IO port 'ddr3_dqs_p[1]' driven by IOBUFDS 'ddr3.ddr3_phy_inst.genblk7[1].genblk1.IOBUFDS_dqs'
Info:     IO port 'ddr3_dqs_n[1]' driven by IOBUFDS 'ddr3.ddr3_phy_inst.genblk7[1].genblk1.IOBUFDS_dqs'
Info:     Constraining 'clk200_n' to site 'IOB_X1Y123'
Info:     Tile 'RIOB33_X105Y123'
Info:     Constraining 'clk200_p' to site 'IOB_X1Y124'
Info:     Tile 'RIOB33_X105Y123'
Info:     Constraining 'ddr3_cas_n' to site 'IOB_X1Y125'
Info:     Tile 'RIOB33_X105Y125'
Info:     Constraining 'ddr3_ck_n' to site 'IOB_X1Y143'
Info:     Tile 'RIOB33_X105Y143'
Info:     Constraining 'ddr3_ck_p' to site 'IOB_X1Y144'
Info:     Tile 'RIOB33_X105Y143'
Info:     Constraining 'ddr3_cke' to site 'IOB_X1Y122'
Info:     Tile 'RIOB33_X105Y121'
Info:     Constraining 'ddr3_cs_n' to site 'IOB_X1Y134'
Info:     Tile 'RIOB33_X105Y133'
Info:     Constraining 'ddr3_odt' to site 'IOB_X1Y121'
Info:     Tile 'RIOB33_X105Y121'
Info:     Constraining 'ddr3_ras_n' to site 'IOB_X1Y126'
Info:     Tile 'RIOB33_X105Y125'
Info:     Constraining 'ddr3_reset_n' to site 'IOB_X1Y120'
Info:     Tile 'RIOB33_X105Y119'
Info:     Constraining 'ddr3_we_n' to site 'IOB_X1Y136'
Info:     Tile 'RIOB33_X105Y135'
Info:     Constraining 'rst_n' to site 'IOB_X1Y115'
Info:     Tile 'RIOB33_X105Y115'
Info:     Constraining 'uart_rx' to site 'IOB_X0Y149'
Info:     Tile 'LIOB33_SING_X0Y149'
Info:     Constraining 'uart_tx' to site 'IOB_X0Y100'
Info:     Tile 'LIOB33_SING_X0Y100'
Info:     Constraining 'ddr3_addr[0]' to site 'IOB_X1Y127'
Info:     Tile 'RIOB33_X105Y127'
Info:     Constraining 'ddr3_addr[1]' to site 'IOB_X1Y133'
Info:     Tile 'RIOB33_X105Y133'
Info:     Constraining 'ddr3_addr[10]' to site 'IOB_X1Y139'
Info:     Tile 'RIOB33_X105Y139'
Info:     Constraining 'ddr3_addr[11]' to site 'IOB_X1Y142'
Info:     Tile 'RIOB33_X105Y141'
Info:     Constraining 'ddr3_addr[12]' to site 'IOB_X1Y141'
Info:     Tile 'RIOB33_X105Y141'
Info:     Constraining 'ddr3_addr[13]' to site 'IOB_X1Y147'
Info:     Tile 'RIOB33_X105Y147'
Info:     Constraining 'ddr3_addr[14]' to site 'IOB_X1Y137'
Info:     Tile 'RIOB33_X105Y137'
Info:     Constraining 'ddr3_addr[2]' to site 'IOB_X1Y130'
Info:     Tile 'RIOB33_X105Y129'
Info:     Constraining 'ddr3_addr[3]' to site 'IOB_X1Y129'
Info:     Tile 'RIOB33_X105Y129'
Info:     Constraining 'ddr3_addr[4]' to site 'IOB_X1Y135'
Info:     Tile 'RIOB33_X105Y135'
Info:     Constraining 'ddr3_addr[5]' to site 'IOB_X1Y138'
Info:     Tile 'RIOB33_X105Y137'
Info:     Constraining 'ddr3_addr[6]' to site 'IOB_X1Y140'
Info:     Tile 'RIOB33_X105Y139'
Info:     Constraining 'ddr3_addr[7]' to site 'IOB_X1Y148'
Info:     Tile 'RIOB33_X105Y147'
Info:     Constraining 'ddr3_addr[8]' to site 'IOB_X1Y145'
Info:     Tile 'RIOB33_X105Y145'
Info:     Constraining 'ddr3_addr[9]' to site 'IOB_X1Y146'
Info:     Tile 'RIOB33_X105Y145'
Info:     Constraining 'ddr3_ba[0]' to site 'IOB_X1Y131'
Info:     Tile 'RIOB33_X105Y131'
Info:     Constraining 'ddr3_ba[1]' to site 'IOB_X1Y132'
Info:     Tile 'RIOB33_X105Y131'
Info:     Constraining 'ddr3_ba[2]' to site 'IOB_X1Y128'
Info:     Tile 'RIOB33_X105Y127'
Info:     Constraining 'led[0]' to site 'IOB_X0Y233'
Info:     Tile 'LIOB33_X0Y233'
Info:     Constraining 'led[1]' to site 'IOB_X0Y234'
Info:     Tile 'LIOB33_X0Y233'
Info:     Constraining 'led[2]' to site 'IOB_X0Y238'
Info:     Tile 'LIOB33_X0Y237'
Info:     Constraining 'led[3]' to site 'IOB_X0Y237'
Info:     Tile 'LIOB33_X0Y237'
Info:     Constraining 'ddr3_dq[0]' to site 'IOB_X1Y196'
Info:     Tile 'RIOB33_X105Y195'
Info:     Constraining 'ddr3_dq[10]' to site 'IOB_X1Y184'
Info:     Tile 'RIOB33_X105Y183'
Info:     Constraining 'ddr3_dq[11]' to site 'IOB_X1Y179'
Info:     Tile 'RIOB33_X105Y179'
Info:     Constraining 'ddr3_dq[12]' to site 'IOB_X1Y185'
Info:     Tile 'RIOB33_X105Y185'
Info:     Constraining 'ddr3_dq[13]' to site 'IOB_X1Y180'
Info:     Tile 'RIOB33_X105Y179'
Info:     Constraining 'ddr3_dq[14]' to site 'IOB_X1Y186'
Info:     Tile 'RIOB33_X105Y185'
Info:     Constraining 'ddr3_dq[15]' to site 'IOB_X1Y176'
Info:     Tile 'RIOB33_X105Y175'
Info:     Constraining 'ddr3_dq[1]' to site 'IOB_X1Y190'
Info:     Tile 'RIOB33_X105Y189'
Info:     Constraining 'ddr3_dq[2]' to site 'IOB_X1Y197'
Info:     Tile 'RIOB33_X105Y197'
Info:     Constraining 'ddr3_dq[3]' to site 'IOB_X1Y188'
Info:     Tile 'RIOB33_X105Y187'
Info:     Constraining 'ddr3_dq[4]' to site 'IOB_X1Y195'
Info:     Tile 'RIOB33_X105Y195'
Info:     Constraining 'ddr3_dq[5]' to site 'IOB_X1Y189'
Info:     Tile 'RIOB33_X105Y189'
Info:     Constraining 'ddr3_dq[6]' to site 'IOB_X1Y198'
Info:     Tile 'RIOB33_X105Y197'
Info:     Constraining 'ddr3_dq[7]' to site 'IOB_X1Y192'
Info:     Tile 'RIOB33_X105Y191'
Info:     Constraining 'ddr3_dq[8]' to site 'IOB_X1Y178'
Info:     Tile 'RIOB33_X105Y177'
Info:     Constraining 'ddr3_dq[9]' to site 'IOB_X1Y177'
Info:     Tile 'RIOB33_X105Y177'
Info:     Constraining 'ddr3_dm[0]' to site 'IOB_X1Y191'
Info:     Tile 'RIOB33_X105Y191'
Info:     Constraining 'ddr3_dm[1]' to site 'IOB_X1Y183'
Info:     Tile 'RIOB33_X105Y183'
Info:     Constraining 'ddr3_dqs_p[0]' to site 'IOB_X1Y194'
Info:     Tile 'RIOB33_X105Y193'
Info:     Constraining 'ddr3_dqs_n[0]' to site 'IOB_X1Y193'
Info:     Tile 'RIOB33_X105Y193'
Info:     Constraining 'ddr3_dqs_p[1]' to site 'IOB_X1Y182'
Info:     Tile 'RIOB33_X105Y181'
Info:     Constraining 'ddr3_dqs_n[1]' to site 'IOB_X1Y181'
Info:     Tile 'RIOB33_X105Y181'
Info: Generating output buffer for '$iopadmap$tms_ddr3_loader_ax7203.ddr3_cas_n'
Info: Generating output buffer for '$iopadmap$tms_ddr3_loader_ax7203.ddr3_cke'
Info: Generating output buffer for '$iopadmap$tms_ddr3_loader_ax7203.ddr3_cs_n'
Info: Generating output buffer for '$iopadmap$tms_ddr3_loader_ax7203.ddr3_odt'
Info: Generating output buffer for '$iopadmap$tms_ddr3_loader_ax7203.ddr3_ras_n'
Info: Generating output buffer for '$iopadmap$tms_ddr3_loader_ax7203.ddr3_reset_n'
Info: Generating output buffer for '$iopadmap$tms_ddr3_loader_ax7203.ddr3_we_n'
Info: Generating input buffer for '$iopadmap$tms_ddr3_loader_ax7203.rst_n'
Info: Generating input buffer for '$iopadmap$tms_ddr3_loader_ax7203.uart_rx'
Info: Generating output buffer for '$iopadmap$tms_ddr3_loader_ax7203.uart_tx'
Info: Generating output buffer for '$iopadmap$tms_ddr3_loader_ax7203.ddr3_addr'
Info: Generating output buffer for '$iopadmap$tms_ddr3_loader_ax7203.ddr3_addr_1'
Info: Generating output buffer for '$iopadmap$tms_ddr3_loader_ax7203.ddr3_addr_10'
Info: Generating output buffer for '$iopadmap$tms_ddr3_loader_ax7203.ddr3_addr_11'
Info: Generating output buffer for '$iopadmap$tms_ddr3_loader_ax7203.ddr3_addr_12'
Info: Generating output buffer for '$iopadmap$tms_ddr3_loader_ax7203.ddr3_addr_13'
Info: Generating output buffer for '$iopadmap$tms_ddr3_loader_ax7203.ddr3_addr_14'
Info: Generating output buffer for '$iopadmap$tms_ddr3_loader_ax7203.ddr3_addr_2'
Info: Generating output buffer for '$iopadmap$tms_ddr3_loader_ax7203.ddr3_addr_3'
Info: Generating output buffer for '$iopadmap$tms_ddr3_loader_ax7203.ddr3_addr_4'
Info: Generating output buffer for '$iopadmap$tms_ddr3_loader_ax7203.ddr3_addr_5'
Info: Generating output buffer for '$iopadmap$tms_ddr3_loader_ax7203.ddr3_addr_6'
Info: Generating output buffer for '$iopadmap$tms_ddr3_loader_ax7203.ddr3_addr_7'
Info: Generating output buffer for '$iopadmap$tms_ddr3_loader_ax7203.ddr3_addr_8'
Info: Generating output buffer for '$iopadmap$tms_ddr3_loader_ax7203.ddr3_addr_9'
Info: Generating output buffer for '$iopadmap$tms_ddr3_loader_ax7203.ddr3_ba'
Info: Generating output buffer for '$iopadmap$tms_ddr3_loader_ax7203.ddr3_ba_1'
Info: Generating output buffer for '$iopadmap$tms_ddr3_loader_ax7203.ddr3_ba_2'
Info: Generating output buffer for '$iopadmap$tms_ddr3_loader_ax7203.led'
Info: Generating output buffer for '$iopadmap$tms_ddr3_loader_ax7203.led_1'
Info: Generating output buffer for '$iopadmap$tms_ddr3_loader_ax7203.led_2'
Info: Generating output buffer for '$iopadmap$tms_ddr3_loader_ax7203.led_3'
Info: Generating input buffer for 'ddr3.ddr3_phy_inst.genblk5[0].genblk1.IOBUF_data'
Info: Generating output buffer for 'ddr3.ddr3_phy_inst.genblk5[0].genblk1.IOBUF_data'
Info: Generating input buffer for 'ddr3.ddr3_phy_inst.genblk5[10].genblk1.IOBUF_data'
Info: Generating output buffer for 'ddr3.ddr3_phy_inst.genblk5[10].genblk1.IOBUF_data'
Info: Generating input buffer for 'ddr3.ddr3_phy_inst.genblk5[11].genblk1.IOBUF_data'
Info: Generating output buffer for 'ddr3.ddr3_phy_inst.genblk5[11].genblk1.IOBUF_data'
Info: Generating input buffer for 'ddr3.ddr3_phy_inst.genblk5[12].genblk1.IOBUF_data'
Info: Generating output buffer for 'ddr3.ddr3_phy_inst.genblk5[12].genblk1.IOBUF_data'
Info: Generating input buffer for 'ddr3.ddr3_phy_inst.genblk5[13].genblk1.IOBUF_data'
Info: Generating output buffer for 'ddr3.ddr3_phy_inst.genblk5[13].genblk1.IOBUF_data'
Info: Generating input buffer for 'ddr3.ddr3_phy_inst.genblk5[14].genblk1.IOBUF_data'
Info: Generating output buffer for 'ddr3.ddr3_phy_inst.genblk5[14].genblk1.IOBUF_data'
Info: Generating input buffer for 'ddr3.ddr3_phy_inst.genblk5[15].genblk1.IOBUF_data'
Info: Generating output buffer for 'ddr3.ddr3_phy_inst.genblk5[15].genblk1.IOBUF_data'
Info: Generating input buffer for 'ddr3.ddr3_phy_inst.genblk5[1].genblk1.IOBUF_data'
Info: Generating output buffer for 'ddr3.ddr3_phy_inst.genblk5[1].genblk1.IOBUF_data'
Info: Generating input buffer for 'ddr3.ddr3_phy_inst.genblk5[2].genblk1.IOBUF_data'
Info: Generating output buffer for 'ddr3.ddr3_phy_inst.genblk5[2].genblk1.IOBUF_data'
Info: Generating input buffer for 'ddr3.ddr3_phy_inst.genblk5[3].genblk1.IOBUF_data'
Info: Generating output buffer for 'ddr3.ddr3_phy_inst.genblk5[3].genblk1.IOBUF_data'
Info: Generating input buffer for 'ddr3.ddr3_phy_inst.genblk5[4].genblk1.IOBUF_data'
Info: Generating output buffer for 'ddr3.ddr3_phy_inst.genblk5[4].genblk1.IOBUF_data'
Info: Generating input buffer for 'ddr3.ddr3_phy_inst.genblk5[5].genblk1.IOBUF_data'
Info: Generating output buffer for 'ddr3.ddr3_phy_inst.genblk5[5].genblk1.IOBUF_data'
Info: Generating input buffer for 'ddr3.ddr3_phy_inst.genblk5[6].genblk1.IOBUF_data'
Info: Generating output buffer for 'ddr3.ddr3_phy_inst.genblk5[6].genblk1.IOBUF_data'
Info: Generating input buffer for 'ddr3.ddr3_phy_inst.genblk5[7].genblk1.IOBUF_data'
Info: Generating output buffer for 'ddr3.ddr3_phy_inst.genblk5[7].genblk1.IOBUF_data'
Info: Generating input buffer for 'ddr3.ddr3_phy_inst.genblk5[8].genblk1.IOBUF_data'
Info: Generating output buffer for 'ddr3.ddr3_phy_inst.genblk5[8].genblk1.IOBUF_data'
Info: Generating input buffer for 'ddr3.ddr3_phy_inst.genblk5[9].genblk1.IOBUF_data'
Info: Generating output buffer for 'ddr3.ddr3_phy_inst.genblk5[9].genblk1.IOBUF_data'
Info: Generating output buffer for 'ddr3.ddr3_phy_inst.genblk6[0].genblk1.OBUF_dm'
Info: Generating output buffer for 'ddr3.ddr3_phy_inst.genblk6[1].genblk1.OBUF_dm'
Info:     Created 3 INVERTER cells from:
Info:              3x INV
Info:     Created 58 PAD cells from:
Info:             58x PAD
Info: Preparing clocking...
Info: Packing constants..
Info: Packing cfg...
Info: Packing PLLs...
Info:     Constrained PLLE2_ADV_PLLE2_ADV 'pll' to bel 'PLLE2_ADV_X1Y2/PLLE2_ADV' based on dedicated routing
Info:     PLL/MMCM: disconnected 28 const DRP/control pins (Vivado leaves them unrouted)
Info: Packing Gigabit Transceivers..
Info: Packing global buffers...
Info:     Constrained BUFGCTRL 'clk_ctrl_bufg' to bel 'BUFGCTRL_X0Y0/BUFGCTRL' based on dedicated routing
Info:     Constrained BUFGCTRL 'clk_ddr_90_bufg' to bel 'BUFGCTRL_X0Y1/BUFGCTRL' based on dedicated routing
Info:     Constrained BUFGCTRL 'clk_ddr_bufg' to bel 'BUFGCTRL_X0Y2/BUFGCTRL' based on dedicated routing
Info:     Constrained BUFGCTRL 'clk_ref_bufg' to bel 'BUFGCTRL_X0Y3/BUFGCTRL' based on dedicated routing
Info: Packing MUX[789]s..
Info: Packing carries (atomic CARRY4)..
Info:    Packed 862 CARRY4 cells into 184 chains (atomic).
Info: router2 PRECYINIT fix: 862 CARRY4 cells, 1046 constant carry pins disconnected
Info:    Carry-O relocation: 52 sum(s) duplicated, 52 CARRY4 split(s), 0 bit(s) skipped (unrelocatable)
Info: Packing LUTs..
Info:     Created 19209 SLICE_LUTX cells from:
Info:           6808x LUT1
Info:           2225x LUT2
Info:           2114x LUT3
Info:           1778x LUT4
Info:           4001x LUT5
Info:           2283x LUT6
Info: Packing DRAM..
Info:    Transformed 0 tied-low DRAM address inputs to be tied-high
Info: Packing BRAM..
Info: Packing DSPs..
Info: Packing flipflops..
Info:     Created 8377 SLICE_FFX cells from:
Info:           4711x FDCE
Info:             43x FDPE
Info:           3595x FDRE
Info:             28x FDSE
Info:     local-const FF control: disconnected 1442 SR(=GND) + 2708 CE(=VCC) pins from global nets
Info:     Created 47 SELMUX2_1 cells from:
Info:             46x MUXF7
Info:              1x MUXF8
Info: Constrained 4484 LUTFF pairs.

Info: Annotating ports with timing budgets for target frequency 12.00 MHz
Info: Checksum: 0x288eeeae

Info: Device utilisation:
Info: 	          SLICE_LUTX: 20441/269200     7%
Info: 	           SLICE_FFX:  8377/269200     3%
Info: 	              CARRY4:   914/33650     2%
Info: 	          PSEUDO_GND:     1/69165     0%
Info: 	          PSEUDO_VCC:     1/69165     0%
Info: 	               HARD0:     0/ 3960     0%
Info: 	            RAMB18E1:     0/  730     0%
Info: 	            FIFO18E1:     0/  365     0%
Info: 	        RAMBFIFO36E1:     0/  365     0%
Info: 	            RAMB36E1:     6/  365     1%
Info: 	             DSP48E1:     0/  740     0%
Info: 	                 PAD:    58/ 1062     5%
Info: 	       IOB33M_OUTBUF:     3/  240     1%
Info: 	       IOB33S_OUTBUF:     3/  240     1%
Info: 	        IOB33_OUTBUF:    48/  500     9%
Info: 	     IOB33M_INBUF_EN:     3/  240     1%
Info: 	     IOB33S_INBUF_EN:     0/  240     0%
Info: 	      IOB33_INBUF_EN:    18/  500     3%
Info: 	IOB33M_TERM_OVERRIDE:     0/  240     0%
Info: 	IOB33S_TERM_OVERRIDE:     0/  240     0%
Info: 	 IOB33_TERM_OVERRIDE:     0/  500     0%
Info: 	       PULL_OR_KEEP1:     0/  980     0%
Info: 	            IDELAYE2:    18/  500     3%
Info: 	        OLOGICE3_TFF:     0/  500     0%
Info: 	      OLOGICE3_OUTFF:     0/  500     0%
Info: 	       OLOGICE3_MISR:     0/  500     0%
Info: 	           OSERDESE2:    45/  500     9%
Info: 	        ILOGICE3_IFF:     0/  500     0%
Info: 	ILOGICE3_ZHOLD_DELAY:     0/  500     0%
Info: 	           ISERDESE2:    18/  500     3%
Info: 	                BUFR:     0/   40     0%
Info: 	               BUFIO:     0/   40     0%
Info: 	          IDELAYCTRL:     1/   10    10%
Info: 	            BUFGCTRL:     4/   32    12%
Info: 	            PCIE_2_1:     0/    1     0%
Info: 	               BSCAN:     0/    4     0%
Info: 	                BUFG:     0/   32     0%
Info: 	              BUFHCE:     0/  120     0%
Info: 	            DCIRESET:     0/    1     0%
Info: 	            DNA_PORT:     0/    1     0%
Info: 	           EFUSE_USR:     0/    1     0%
Info: 	           FRAME_ECC:     0/    1     0%
Info: 	       GTPE2_CHANNEL:     0/   16     0%
Info: 	        GTPE2_COMMON:     0/    4     0%
Info: 	         IBUFDS_GTE2:     0/    8     0%
Info: 	                ICAP:     0/    2     0%
Info: 	            INVERTER:     3/  240     1%
Info: 	          MMCME2_ADV:     0/   10     0%
Info: 	        OLOGICE2_TFF:     0/  500     0%
Info: 	      OLOGICE2_OUTFF:     0/  500     0%
Info: 	           PLLE2_ADV:     1/   10    10%
Info: 	           SELMUX2_1:    47/102950     0%
Info: 	             STARTUP:     0/    1     0%
Info: 	          USR_ACCESS:     0/    1     0%
Info: 	              BUFFER:     0/   82     0%
Info: 	        ILOGICE2_IFF:     0/  500     0%
Info: 	       OLOGICE2_MISR:     0/  500     0%

Info: HeAP congestion knobs: beta=0.400 spread_scale=2,1 alpha=0.080
Info: Placed 223 cells based on constraints.
Info: Creating initial analytic placement for 15296 cells, random placement wirelen = 6350304.
Info:     at initial placer iter 0, wirelen = 58171
Info:     at initial placer iter 1, wirelen = 54250
Info:     at initial placer iter 2, wirelen = 53336
Info:     at initial placer iter 3, wirelen = 53138
Info: Running main analytical placer.
Info:     at iteration #1, type ALL: wirelen solved = 52589, spread = 874078, legal = 894725; time = 0.58s
Info:     at iteration #2, type ALL: wirelen solved = 126891, spread = 464425, legal = 485219; time = 0.69s
Info:     at iteration #3, type ALL: wirelen solved = 152305, spread = 414361, legal = 430104; time = 0.58s
Info:     at iteration #4, type ALL: wirelen solved = 174259, spread = 426289, legal = 442703; time = 0.55s
Info:     at iteration #5, type ALL: wirelen solved = 193434, spread = 414938, legal = 426492; time = 0.52s
Info:     at iteration #6, type ALL: wirelen solved = 212882, spread = 468621, legal = 484854; time = 0.53s
Info:     at iteration #7, type ALL: wirelen solved = 230427, spread = 465789, legal = 468812; time = 0.48s
Info:     at iteration #8, type ALL: wirelen solved = 251202, spread = 512504, legal = 523895; time = 0.48s
Info:     at iteration #9, type ALL: wirelen solved = 272841, spread = 513802, legal = 510641; time = 0.44s
Info:     at iteration #10, type ALL: wirelen solved = 289918, spread = 477766, legal = 479453; time = 0.46s
Info: HeAP Placer Time: 8.73s
Info:   of which solving equations: 4.53s
Info:   of which spreading cells: 0.83s
Info:   of which strict legalisation: 1.26s

Info: Running simulated annealing placer for refinement.
Info:   at iteration #1: temp = 0.000000, timing cost = 2307, wirelen = 426492
Info:   at iteration #5: temp = 0.000000, timing cost = 1991, wirelen = 394588
Info:   at iteration #10: temp = 0.000000, timing cost = 1972, wirelen = 391945
Info:   at iteration #15: temp = 0.000000, timing cost = 1737, wirelen = 391569
Info:   at iteration #20: temp = 0.000000, timing cost = 1778, wirelen = 391377
Info:   at iteration #25: temp = 0.000000, timing cost = 1764, wirelen = 391226
Info:   at iteration #28: temp = 0.000000, timing cost = 1751, wirelen = 391172 
Info: SA placement time 22.55s

Info: Max frequency for clock 'clk_ctrl': 61.00 MHz (PASS at 60.00 MHz)

Info: Slack histogram:
Info:  legend: * represents 52 endpoint(s)
Info:          + represents [1,52) endpoint(s)
Info: [   274,   1078) |***+
Info: [  1078,   1882) |**+
Info: [  1882,   2686) |**+
Info: [  2686,   3490) |***+
Info: [  3490,   4294) |***+
Info: [  4294,   5098) |********+
Info: [  5098,   5902) |****************+
Info: [  5902,   6706) |************+
Info: [  6706,   7510) |******************+
Info: [  7510,   8314) |*****************+
Info: [  8314,   9118) |**********************+
Info: [  9118,   9922) |**********************************+
Info: [  9922,  10726) |********************************************************+
Info: [ 10726,  11530) |************************************************************ 
Info: [ 11530,  12334) |***********************************+
Info: [ 12334,  13138) |*************************+
Info: [ 13138,  13942) |******************+
Info: [ 13942,  14746) |*********************+
Info: [ 14746,  15550) |*******************+
Info: [ 15550,  16354) |***********+
Info: Checksum: 0x8c490b69
Info: Running post-placement legalisation...
Info: post-place repair: relocated 5593 stranded cluster(s)/cell(s) to valid bels
Info: Routing global clocks...
Info:     routing clock 'clk_ddr'
Info:     routing clock 'clk_ctrl'
Info:     routing clock 'clk200_in'
Info:     routing clock 'ctrl_raw'
Info:     routing clock 'ddr90_raw'
Info:     routing clock 'clk_ddr_90'
Info:     routing clock 'ddr_raw'
Info:     routing clock 'ref_raw'
Info:     routing clock 'clk_ref'
Info: Running router2...
Info: Setting up routing resources...
Info: Adopted 9800 pre-routed arc(s)
Info: Running main router loop...
Info:     iter=1 wires=460770 overused=14852 overuse=15241 archfail=NA
Info:     iter=2 wires=471319 overused=67 overuse=67 archfail=NA
Info:     iter=3 wires=471380 overused=0 overuse=0 archfail=0
Info: 1000 slowest nets by runtime:
        $techmap$techmap225374$auto$ff.cc:337:slice$154222.$auto$abc9_ops.cc:418:prep_bypass$225270.PRE   4754 1264.4ms
                                                                              ddr3.reset   2175 970.7ms
                                                                      matvec.act_addr[3]    924 571.4ms
                                                                      matvec.act_addr[2]    924 560.6ms
                            $techmap671684$auto$abc9_ops.cc:1552:reintegrate$665287.A[2]    224 507.6ms
                                                                     matvec.aw_stored[4]   1543 505.1ms
                                                                     matvec.aw_stored[2]   1543 498.3ms
                                                                     matvec.aw_stored[5]   1543 498.0ms
                                  $abc$663161$memory\matvec.fq_hi$wren[4][0][0]$y$101182    128 479.5ms
                                                                      matvec.act_addr[5]    924 478.8ms
                                                                      matvec.act_addr[4]    924 468.3ms
                                    $techmap671677$abc$663161$lut$aiger663160$33511.A[3]    128 449.9ms
                                                                      matvec.act_addr[6]    924 448.3ms
                            $techmap671657$auto$abc9_ops.cc:1552:reintegrate$665297.A[0]    313 434.2ms
                                                                      matvec.act_addr[1]    924 428.4ms
                                                                     matvec.aw_stored[1]   1543 403.4ms
                                                                     matvec.aw_stored[0]   1543 389.6ms
                                    $techmap671680$abc$663161$lut$aiger663160$33518.A[2]    130 378.0ms
                                  $abc$663161$memory\matvec.fq_hi$wren[6][0][0]$y$101196    128 376.5ms
                                  $abc$663161$memory\matvec.fq_hi$wren[2][0][0]$y$101166    128 366.4ms
                                  $abc$663161$memory\matvec.fq_hi$wren[7][0][0]$y$101202    128 360.4ms
                                                                     matvec.aw_stored[3]   1543 346.2ms
                                    $techmap671682$abc$663161$lut$aiger663160$33523.A[2]    128 323.9ms
                                    $techmap671680$abc$663161$lut$aiger663160$33518.A[3]    128 312.5ms
                            $techmap677616$auto$abc9_ops.cc:1552:reintegrate$663386.A[1]    235 304.5ms
                                        ddr3.ddr3_controller_inst.data_start_index[0][6]    145 303.9ms
                                   $auto$memory_libmap.cc:1641:generate_demux$92729.Y[0]    176 300.3ms
                            $techmap671454$auto$abc9_ops.cc:1552:reintegrate$665334.A[3]    110 299.7ms
                                    $techmap671677$abc$663161$lut$aiger663160$33511.A[4]    128 291.2ms
                                    $techmap671445$abc$663161$lut$aiger663160$31379.A[4]    297 286.5ms
                                  $abc$663161$memory\matvec.fq_hi$wren[3][0][0]$y$101172    128 280.6ms
                                        ddr3.ddr3_controller_inst.data_start_index[0][5]    154 279.0ms
                                   $auto$memory_libmap.cc:1641:generate_demux$92729.Y[1]    176 277.2ms
                            $techmap671684$auto$abc9_ops.cc:1552:reintegrate$665287.A[3]    128 276.7ms
                            $techmap671552$auto$abc9_ops.cc:1552:reintegrate$665305.A[1]    209 275.6ms
                            $techmap670772$auto$abc9_ops.cc:1552:reintegrate$665667.A[2]    181 270.1ms
                            $techmap671454$auto$abc9_ops.cc:1552:reintegrate$665334.A[0]     64 264.8ms
                                                 ddr3.ddr3_controller_inst.stage2_update    158 257.9ms
                                  $abc$663161$memory\matvec.fq_hi$wren[5][0][0]$y$101188    128 254.6ms
                                  $abc$663161$memory\matvec.fq_hi$wren[1][0][0]$y$101156    128 249.6ms
                            $techmap671331$auto$abc9_ops.cc:1552:reintegrate$665400.A[0]    150 245.0ms
                            $techmap671867$auto$abc9_ops.cc:1552:reintegrate$665232.A[3]    191 241.7ms
                                        ddr3.ddr3_controller_inst.data_start_index[0][4]    208 239.5ms
                                                                          calib_complete    133 233.2ms
                                                 ddr3.ddr3_controller_inst.index_wb_data    129 230.5ms
                                   $auto$memory_libmap.cc:1641:generate_demux$92729.Y[4]    176 220.0ms
                                    $techmap671235$abc$663161$lut$aiger663160$30340.A[3]    313 219.0ms
                            $techmap672301$auto$abc9_ops.cc:1552:reintegrate$665077.A[0]    192 218.1ms
                            $techmap671566$auto$abc9_ops.cc:1552:reintegrate$665303.A[2]    127 217.0ms
                            $techmap675716$auto$abc9_ops.cc:1552:reintegrate$663848.A[0]    158 216.3ms
                                   $auto$memory_libmap.cc:1641:generate_demux$92729.Y[6]    176 216.3ms
                                            $techmap228262$auto$ff.cc:337:slice$119459.D    148 213.2ms
                            $techmap672011$auto$abc9_ops.cc:1552:reintegrate$665191.A[1]     96 212.9ms
        $flatten\ddr3.\ddr3_controller_inst.$shiftx$build/uberddr3/rtl/ddr3_controller.v:2225$27175.Y     64 211.0ms
                                   $auto$memory_libmap.cc:1641:generate_demux$92729.Y[5]    176 210.7ms
                               $abc$663161$auto$opt_dff.cc:251:make_patterns_logic$80890     98 207.6ms
                                                                               app_rst_n     66 202.0ms
                                  $abc$663161$memory\matvec.fq_hi$wren[0][0][0]$y$101148    128 201.9ms
                            $techmap675716$auto$abc9_ops.cc:1552:reintegrate$663848.A[2]     75 198.1ms
                            $techmap673488$auto$abc9_ops.cc:1552:reintegrate$664724.A[0]     41 188.6ms
                                   $auto$memory_libmap.cc:1641:generate_demux$92729.Y[3]    176 179.7ms
                            $techmap671280$auto$abc9_ops.cc:1552:reintegrate$665408.A[0]    144 179.1ms
                                                          ddr3.ddr3_controller_inst.lane    136 176.0ms
                     $techmap682510$abc$663161$lut$flatten\master.$0\buf_valid[0:0].A[1]    157 175.9ms
                                    $techmap671625$abc$663161$lut$aiger663160$33008.A[4]     84 175.1ms
                            $techmap671285$auto$abc9_ops.cc:1552:reintegrate$665407.A[1]    145 175.0ms
                                    $techmap671625$abc$663161$lut$aiger663160$33008.A[3]     76 173.3ms
                                        ddr3.ddr3_controller_inst.data_start_index[1][2]    147 173.0ms
                            $techmap673401$auto$abc9_ops.cc:1552:reintegrate$664764.A[1]     87 172.0ms
                                    $techmap679117$abc$663161$lut$aiger663160$32920.A[1]    113 171.2ms
                            $techmap671562$auto$abc9_ops.cc:1552:reintegrate$665304.A[1]     41 166.1ms
                                                                           matvec.pop_go     69 164.4ms
                               $abc$663161$auto$opt_dff.cc:251:make_patterns_logic$81827    153 161.5ms
                                   $auto$memory_libmap.cc:1641:generate_demux$92729.Y[2]    176 160.7ms
                                    $techmap671628$abc$663161$lut$aiger663160$32995.A[3]     58 160.2ms
                               $abc$663161$auto$opt_dff.cc:251:make_patterns_logic$83353    143 157.1ms
                            $techmap671527$auto$abc9_ops.cc:1552:reintegrate$665316.A[3]    104 156.1ms
                            $techmap673863$auto$abc9_ops.cc:1552:reintegrate$664577.A[2]    187 152.5ms
                            $techmap672093$auto$abc9_ops.cc:1552:reintegrate$665184.A[1]     41 151.1ms
                            $techmap671154$auto$abc9_ops.cc:1552:reintegrate$665432.A[3]     45 146.7ms
                                        ddr3.ddr3_controller_inst.data_start_index[0][3]    176 146.4ms
                            $techmap671562$auto$abc9_ops.cc:1552:reintegrate$665304.A[2]     43 145.7ms
                                    $techmap671237$abc$663161$lut$aiger663160$30330.A[0]     66 140.9ms
                                    $techmap673368$abc$663161$lut$aiger663160$48810.A[0]    113 138.8ms
                                                    ddr3.ddr3_controller_inst.late_dq[1]    200 138.2ms
                                        ddr3.ddr3_controller_inst.data_start_index[1][4]    211 134.3ms
                                                    ddr3.ddr3_controller_inst.late_dq[0]    194 133.1ms
                            $techmap672011$auto$abc9_ops.cc:1552:reintegrate$665191.A[3]     50 132.9ms
                            $techmap671287$auto$abc9_ops.cc:1552:reintegrate$665406.A[1]     50 131.9ms
                            $techmap671456$auto$abc9_ops.cc:1552:reintegrate$665333.A[1]     43 131.9ms
                                        ddr3.ddr3_controller_inst.data_start_index[0][2]    147 130.7ms
                            $techmap671646$auto$abc9_ops.cc:1552:reintegrate$665300.A[2]     83 128.7ms
                                    $techmap673349$abc$663161$lut$aiger663160$48837.A[2]    121 128.5ms
        $techmap682576$abc$663161$lut$auto$opt_dff.cc:251:make_patterns_logic$81049.A[4]     73 124.7ms
                                        ddr3.ddr3_controller_inst.data_start_index[1][6]    105 123.4ms
                                        ddr3.ddr3_controller_inst.data_start_index[1][5]    109 122.0ms
                                    $techmap671625$abc$663161$lut$aiger663160$33008.A[2]     78 121.4ms
                                        ddr3.ddr3_controller_inst.data_start_index[1][1]    167 121.1ms
                                        ddr3.ddr3_controller_inst.data_start_index[1][3]    169 120.8ms
                            $techmap673386$auto$abc9_ops.cc:1552:reintegrate$664771.A[0]    104 118.7ms
        $techmap682552$abc$663161$lut$auto$opt_dff.cc:251:make_patterns_logic$81317.A[5]     95 117.3ms
                            $techmap671655$auto$abc9_ops.cc:1552:reintegrate$665298.A[0]    127 117.1ms
                            $techmap671203$auto$abc9_ops.cc:1552:reintegrate$665418.A[3]     49 116.2ms
                                    $techmap673349$abc$663161$lut$aiger663160$48837.A[1]     43 114.7ms
                               $abc$663161$auto$opt_dff.cc:251:make_patterns_logic$80811    184 113.4ms
        $flatten\ddr3.\ddr3_controller_inst.$shiftx$build/uberddr3/rtl/ddr3_controller.v:2248$27179.Y     64 112.9ms
                                        ddr3.ddr3_controller_inst.data_start_index[0][1]    169 112.7ms
                                    $techmap674162$abc$663161$lut$aiger663160$57185.A[2]     47 111.0ms
                                    $techmap671641$abc$663161$lut$aiger663160$33024.A[3]     64 110.4ms
                                        ddr3.ddr3_controller_inst.data_start_index[1][0]    108 107.6ms
                            $techmap671608$auto$abc9_ops.cc:1552:reintegrate$665301.A[0]     81 107.3ms
                            $techmap671657$auto$abc9_ops.cc:1552:reintegrate$665297.A[2]     65 105.2ms
                            $techmap672120$auto$abc9_ops.cc:1552:reintegrate$665166.A[1]     81 103.5ms
                                                                         master.read_ack    157 103.2ms
                                    $techmap671560$abc$663161$lut$aiger663160$32463.A[1]     75 102.1ms
                            $techmap671755$auto$abc9_ops.cc:1552:reintegrate$665263.A[4]     61 100.7ms
                                            $techmap229246$auto$ff.cc:337:slice$116745.D     92 100.2ms
        $techmap682572$abc$663161$lut$auto$opt_dff.cc:251:make_patterns_logic$81094.A[5]    145 100.0ms
                            $techmap673386$auto$abc9_ops.cc:1552:reintegrate$664771.A[1]     72 97.8ms
                                        ddr3.ddr3_controller_inst.data_start_index[0][0]    106 95.0ms
                                    $techmap671628$abc$663161$lut$aiger663160$32995.A[2]     72 93.9ms
        $flatten\ddr3.\ddr3_controller_inst.$shiftx$build/uberddr3/rtl/ddr3_controller.v:2225$27183.Y     64 93.1ms
                                    $techmap671438$abc$663161$lut$aiger663160$30901.A[0]     43 90.5ms
                                    $techmap671284$abc$663161$lut$aiger663160$30463.A[1]     44 90.4ms
                                                                        matvec.hq_lo[45]     41 89.6ms
                                    $techmap673344$abc$663161$lut$aiger663160$36917.A[1]     52 89.5ms
                                         ddr3.ddr3_controller_inst.stage1_next_bank_d[0]     43 88.8ms
                                                                        matvec.hq_lo[54]     41 88.7ms
                                                                              rd_addr[3]     63 85.9ms
                                                                        matvec.hq_hi[39]     41 85.3ms
                                            $techmap230099$auto$ff.cc:337:slice$101886.D     83 83.8ms
                                                                        matvec.hq_hi[45]     45 83.7ms
        $flatten\ddr3.\ddr3_controller_inst.$shiftx$build/uberddr3/rtl/ddr3_controller.v:2248$27187.Y     64 83.1ms
                                              ddr3.ddr3_controller_inst.write_pattern[0]     43 82.1ms
                            $techmap671527$auto$abc9_ops.cc:1552:reintegrate$665316.A[2]     62 82.1ms
                            $techmap671003$auto$abc9_ops.cc:1552:reintegrate$665527.A[1]     48 82.0ms
                            $techmap671750$auto$abc9_ops.cc:1552:reintegrate$665266.A[2]     46 81.0ms
                            $techmap671566$auto$abc9_ops.cc:1552:reintegrate$665303.A[3]     74 80.6ms
                     $techmap682597$abc$663161$lut$flatten\matvec.$0\y_pending[0:0].A[4]     45 80.0ms
                                            $techmap226734$auto$ff.cc:337:slice$122084.D     56 80.0ms
                                                                        matvec.hq_hi[14]     46 79.9ms
                                                                        matvec.hq_hi[29]     43 79.6ms
                            $techmap671304$auto$abc9_ops.cc:1552:reintegrate$665402.A[2]     67 79.6ms
                            $techmap671566$auto$abc9_ops.cc:1552:reintegrate$665303.A[1]     71 78.8ms
                            $techmap671739$auto$abc9_ops.cc:1552:reintegrate$665267.A[1]     46 78.7ms
                                    $techmap671546$abc$663161$lut$aiger663160$32598.A[2]     44 77.7ms
                                                                        matvec.hq_lo[61]     43 76.5ms
                            $techmap671481$auto$abc9_ops.cc:1552:reintegrate$665330.A[0]     64 75.8ms
                                                                        matvec.hq_hi[46]     46 72.1ms
                               $abc$663161$auto$opt_dff.cc:251:make_patterns_logic$83325    129 69.8ms
                                                             ddr3.ddr3_phy_inst.sync_rst     64 69.0ms
                                    $techmap672636$abc$663161$lut$aiger663160$40816.A[0]     64 68.1ms
                                                                        matvec.hq_lo[62]     47 66.3ms
                                    $techmap671439$abc$663161$lut$aiger663160$31285.A[1]     43 64.5ms
                                    $techmap673347$abc$663161$lut$aiger663160$36908.A[1]     49 64.2ms
                            $techmap671442$auto$abc9_ops.cc:1552:reintegrate$665335.A[2]     64 64.1ms
                                                ddr3.ddr3_controller_inst.stage1_bank[2]     48 63.4ms
                                            $techmap225752$auto$ff.cc:337:slice$128785.D     78 62.5ms
                                                                        matvec.hq_hi[54]     41 62.2ms
                                                                        matvec.hq_lo[53]     41 61.8ms
                            $techmap671294$auto$abc9_ops.cc:1552:reintegrate$665403.A[0]     41 60.0ms
                                                                         matvec.hq_hi[5]     44 60.0ms
                                                                        matvec.hq_hi[47]     44 59.9ms
                                            $techmap225685$auto$ff.cc:337:slice$147017.D     79 59.8ms
                                                                        matvec.hq_lo[39]     43 59.0ms
                                                                        matvec.hq_lo[15]     41 57.5ms
                                    $techmap681841$abc$663161$lut$aiger663160$39766.A[2]     41 56.0ms
                            $techmap671865$auto$abc9_ops.cc:1552:reintegrate$665233.A[0]    111 55.9ms
                                                ddr3.ddr3_controller_inst.stage1_bank[0]     47 55.8ms
                                            ddr3.ddr3_controller_inst.dqs_start_index[0]     48 55.5ms
                               $techmap675236$abc$663161$lut\matvec.result_read[20].A[1]     44 53.6ms
                                                                        matvec.hq_lo[37]     43 53.3ms
                  $techmap679131$abc$663161$lut$flatten\matvec.$procmux$58689_Y[31].A[1]     64 52.7ms
                                                                        matvec.hq_hi[13]     46 49.9ms
                                                                        matvec.hq_lo[38]     43 49.3ms
                                                                            wb_rdata[10]     24 48.4ms
                                                                        matvec.hq_lo[47]     41 46.7ms
                                                                                 any_nak      1 46.4ms
                                    $techmap671606$abc$663161$lut$aiger663160$32934.A[0]     41 45.4ms
                                                                        matvec.hq_hi[61]     41 45.1ms
                                                                            wb_rdata[64]     20 44.0ms
                                                                        matvec.hq_hi[53]     41 43.5ms
                                                                        matvec.hq_hi[31]     43 43.2ms
                                                                            wb_rdata[11]     24 40.7ms
                                                                             wb_rdata[0]     23 39.2ms
                                                                        matvec.hq_lo[55]     41 39.1ms
                                                                        matvec.hq_lo[23]     44 38.7ms
                                            $techmap229924$auto$ff.cc:337:slice$102209.D     49 38.3ms
                                                                         matvec.hq_hi[6]     42 38.1ms
                                                                  matvec.result_index[6]     12 38.1ms
                                                                            wb_rdata[53]     22 37.7ms
                               $techmap675236$abc$663161$lut\matvec.result_read[20].A[0]     44 37.1ms
                                                                        matvec.hq_lo[63]     44 36.6ms
                                                                         matvec.hq_hi[7]     42 36.2ms
                                                                        matvec.hq_hi[30]     41 36.1ms
                                                                                 mv_s_go     78 35.6ms
                                                                        matvec.hq_lo[30]     46 35.3ms
                                                                        matvec.hq_lo[13]     42 34.8ms
                                                                            wb_rdata[75]     19 34.4ms
                                                                        matvec.hq_hi[15]     46 34.2ms
                                                                             wb_rdata[9]     23 34.2ms
                                                                             wb_rdata[7]     23 34.1ms
                                                                            wb_rdata[77]     19 34.0ms
                                                                            wb_rdata[26]     22 33.9ms
                                                                           wb_rdata[118]     19 33.4ms
                                                                           committed_any      1 33.2ms
                                                                        matvec.hq_lo[22]     46 32.8ms
                                                                            wb_rdata[15]     23 32.3ms
                            $techmap671562$auto$abc9_ops.cc:1552:reintegrate$665304.A[0]     35 32.3ms
                                                                            wb_rdata[56]     22 32.2ms
                                                                            wb_rdata[72]     20 32.1ms
                               $abc$663161$auto$opt_dff.cc:251:make_patterns_logic$81249     64 32.1ms
                                                                            wb_rdata[41]     21 31.8ms
                                                                         matvec.hq_lo[5]     42 31.4ms
                                                                        matvec.hq_lo[14]     44 31.3ms
                               $abc$663161$auto$opt_dff.cc:251:make_patterns_logic$83369     28 31.3ms
                                                                        matvec.hq_hi[37]     41 31.0ms
                                                                            wb_rdata[40]     22 30.8ms
                                    $techmap673075$abc$663161$lut$aiger663160$45210.A[1]     42 30.7ms
                            $techmap674247$auto$abc9_ops.cc:1552:reintegrate$664456.A[0]     10 30.7ms
                            $techmap671294$auto$abc9_ops.cc:1552:reintegrate$665403.A[1]     36 30.2ms
        $techmap87128$flatten\master.$gt$build/t27/specs/rtl/fpga_loader_wb.v:510$9444.Y     32 30.2ms
                                                                            wb_rdata[12]     25 30.1ms
                            $techmap671211$auto$abc9_ops.cc:1552:reintegrate$665417.A[1]     35 30.0ms
                                                                        matvec.hq_lo[21]     45 29.9ms
                                                                         matvec.hq_lo[7]     41 29.7ms
                                                                            wb_rdata[36]     22 29.7ms
                                                                            wb_rdata[14]     23 29.4ms
                                                                        matvec.hq_hi[40]     36 29.4ms
                                                                        matvec.hq_lo[31]     46 28.6ms
                                                                            wb_rdata[87]     19 28.4ms
                                                                            wb_rdata[91]     19 28.4ms
                                                                            wb_rdata[20]     24 28.4ms
                                                                            wb_rdata[31]     22 28.3ms
                                    $techmap683247$abc$663161$lut$aiger663160$26009.A[1]     62 28.1ms
                                                                            wb_rdata[16]     23 27.6ms
                               $abc$663161$auto$opt_dff.cc:251:make_patterns_logic$82076     42 27.5ms
                                                                           wb_rdata[123]     19 27.3ms
                                                                            wb_rdata[95]     19 27.2ms
                                                                           wb_rdata[104]     20 27.2ms
                                      ddr3.ddr3_controller_inst.write_by_byte_counter[0]     35 27.0ms
                            $techmap670822$auto$abc9_ops.cc:1552:reintegrate$665627.A[1]     64 27.0ms
                                                                        matvec.hq_hi[56]     30 26.9ms
                                                                           wb_rdata[126]     19 26.7ms
        $abc$663161$flatten\matvec.$8\dot_one$func$build/t27/specs/rtl/fpga_ddr3_matvec.v:2034$9817.dot_one_body.prod[31:0]$11097[10]     16 26.7ms
                                                                            wb_rdata[69]     19 26.6ms
                               $abc$663161$auto$opt_dff.cc:251:make_patterns_logic$80885     15 26.5ms
                                                                            wb_rdata[92]     19 26.1ms
                               $abc$663161$auto$opt_dff.cc:251:make_patterns_logic$82743     32 26.1ms
                                                                            wb_rdata[65]     19 25.9ms
                                                                           wb_rdata[109]     20 25.8ms
        $abc$663161$flatten\matvec.$8\dot_one$func$build/t27/specs/rtl/fpga_ddr3_matvec.v:2033$9816.dot_one_body.prod[31:0]$11081[10]     16 25.7ms
                                                                        matvec.hq_lo[24]     35 25.7ms
                                                                           wb_rdata[102]     19 25.6ms
                                    $techmap673176$abc$663161$lut$aiger663160$33943.A[1]     34 25.5ms
                                                                            wb_rdata[73]     19 25.4ms
                                                                            wb_rdata[66]     20 25.3ms
                                                                            wb_rdata[67]     19 25.0ms
                                                                            wb_rdata[13]     24 24.9ms
                                                                           wb_rdata[106]     19 24.8ms
                                                                            wb_rdata[24]     24 24.7ms
                                                                            wb_rdata[89]     19 24.6ms
                                                                           wb_rdata[114]     19 24.4ms
                                    $techmap672620$abc$663161$lut$aiger663160$40686.A[0]     28 24.4ms
                            $techmap671442$auto$abc9_ops.cc:1552:reintegrate$665335.A[1]     32 24.4ms
                                                                            wb_rdata[97]     19 24.3ms
                                                                           wb_rdata[115]     19 24.3ms
                                                                        matvec.hq_lo[46]     40 24.2ms
                               $abc$663161$auto$opt_dff.cc:251:make_patterns_logic$81049     40 24.2ms
                                                                            wb_rdata[80]     19 24.2ms
                                                                        matvec.hq_hi[33]     32 24.1ms
        $abc$663161$flatten\loader.$logic_and$build/t27/specs/rtl/fpga_ddr3_loader.v:1622$929_Y     33 24.0ms
                                                                            wb_rdata[94]     19 24.0ms
                                                                           wb_rdata[108]     20 24.0ms
                                                                            wb_rdata[70]     19 23.9ms
                                                                            wb_rdata[19]     23 23.8ms
                                                                  matvec.result_index[4]     12 23.6ms
        $techmap682424$abc$663161$lut$auto$opt_dff.cc:251:make_patterns_logic$100923.A[1]     32 23.6ms
                                                                        matvec.hq_hi[34]     28 23.5ms
                                                                           wb_rdata[124]     20 23.4ms
                                                                          transmitter.tx      1 23.4ms
                                                                            wb_rdata[82]     19 23.4ms
                                                                            wb_rdata[22]     23 23.3ms
                                                                            wb_rdata[38]     21 23.3ms
                                                                            wb_rdata[78]     19 23.2ms
                                                                               debug1[0]     36 23.1ms
                                                                            wb_rdata[74]     20 22.9ms
                                                                         matvec.hq_hi[0]     39 22.8ms
                                            ddr3.ddr3_controller_inst.dqs_start_index[1]     36 22.8ms
                                                                            wb_rdata[29]     23 22.8ms
                            $techmap671289$auto$abc9_ops.cc:1552:reintegrate$665405.A[2]     16 22.8ms
                                                                             wb_rdata[6]     23 22.8ms
                                                                               debug1[2]     31 22.7ms
                                                                            wb_rdata[17]     23 22.6ms
                                                                        matvec.hq_lo[29]     47 22.5ms
                                                                            wb_rdata[18]     24 22.5ms
                                                                           wb_rdata[112]     20 22.5ms
                                                                            wb_rdata[68]     20 22.4ms
                                                                           wb_rdata[120]     20 22.2ms
                                                                            wb_rdata[52]     21 22.2ms
                                                                            wb_rdata[84]     20 22.2ms
        $abc$663161$flatten\matvec.$8\dot_one$func$build/t27/specs/rtl/fpga_ddr3_matvec.v:2028$9811.dot_one_body.prod[31:0]$11001[10]     16 21.9ms
                                                                            wb_rdata[79]     19 21.8ms
                                                                            wb_rdata[62]     21 21.6ms
                               $abc$663161$auto$opt_dff.cc:251:make_patterns_logic$81892     32 21.6ms
                                                                           wb_rdata[127]     20 21.6ms
                                                                            wb_rdata[60]     22 21.6ms
                                       ddr3.ddr3_controller_inst.delay_counter_is_zero_d     31 21.5ms
                                                                            wb_rdata[58]     21 21.4ms
        $abc$663161$flatten\matvec.$8\dot_one$func$build/t27/specs/rtl/fpga_ddr3_matvec.v:2032$9815.dot_one_body.prod[31:0]$11065[10]     16 21.3ms
        $abc$663161$flatten\matvec.$8\dot_one$func$build/t27/specs/rtl/fpga_ddr3_matvec.v:2029$9812.dot_one_body.prod[31:0]$11017[10]     16 21.3ms
                            $techmap676274$auto$abc9_ops.cc:1552:reintegrate$663686.A[1]     31 21.2ms
                            $techmap673334$auto$abc9_ops.cc:1552:reintegrate$664778.A[0]     32 21.1ms
                                                                           wb_rdata[121]     19 21.1ms
                                                                        matvec.hq_hi[32]     35 21.1ms
                  $techmap678848$abc$663161$lut$flatten\matvec.$procmux$58032_Y[39].A[2]     40 21.0ms
                                                                             wb_rdata[8]     24 21.0ms
                               $abc$663161$auto$opt_dff.cc:251:make_patterns_logic$82701     32 21.0ms
                                                                            wb_rdata[48]     22 21.0ms
                                                                             wb_rdata[5]     23 21.0ms
                                                                            wb_rdata[88]     20 20.9ms
                                                                            wb_rdata[25]     22 20.9ms
                                              ddr3.ddr3_controller_inst.stage2_bank_d[0]     38 20.9ms
                                                                            wb_rdata[34]     21 20.8ms
                                                                                clk_ctrl   9714 20.8ms
                                                                        matvec.hq_hi[28]     20 20.7ms
                                                                            wb_rdata[57]     21 20.7ms
                                                                           wb_rdata[103]     20 20.7ms
                            $techmap672099$auto$abc9_ops.cc:1552:reintegrate$665181.A[0]     20 20.7ms
                            $techmap673488$auto$abc9_ops.cc:1552:reintegrate$664724.A[4]     28 20.6ms
                                                                             wb_rdata[1]     23 20.6ms
                                                                            wb_rdata[51]     21 20.6ms
        $abc$663161$flatten\matvec.$8\dot_one$func$build/t27/specs/rtl/fpga_ddr3_matvec.v:2031$9814.dot_one_body.prod[31:0]$11049[10]     16 20.5ms
                                         ddr3.ddr3_controller_inst.stage1_next_bank_d[1]     37 20.5ms
                                                                           wb_rdata[117]     20 20.5ms
                                                                            receiver.rx2     39 20.5ms
                                                                            wb_rdata[99]     19 20.4ms
                                                                  matvec.result_index[5]     12 20.4ms
                                                                            wb_rdata[23]     23 20.3ms
                                                                            wb_rdata[96]     20 20.2ms
                                                                        matvec.hq_hi[16]     23 20.2ms
                                                                  matvec.result_index[2]     12 20.1ms
                                                                 matvec.result_index[11]     12 20.1ms
                                                                            wb_rdata[45]     22 20.1ms
                                                                           wb_rdata[113]     19 19.9ms
                            $techmap671045$auto$abc9_ops.cc:1552:reintegrate$665510.A[2]     24 19.8ms
                            $techmap671256$auto$abc9_ops.cc:1552:reintegrate$665409.A[1]     24 19.8ms
                                                                        matvec.hq_hi[49]     38 19.7ms
                                                                             wb_rdata[4]     24 19.7ms
                                                                           wb_rdata[119]     20 19.6ms
                                                                     ddr3.dq_tri_control     18 19.6ms
                                                                            wb_rdata[90]     19 19.6ms
                            $techmap673728$auto$abc9_ops.cc:1552:reintegrate$664634.A[3]     40 19.4ms
                                                                           wb_rdata[100]     20 19.3ms
                                                                           wb_rdata[125]     20 19.2ms
                                                                         loader.h_len[0]     15 19.2ms
                                                                            wb_rdata[49]     21 19.2ms
                                                                            wb_rdata[21]     24 19.2ms
                                                                            wb_rdata[30]     22 19.1ms
                                        ddr3.ddr3_controller_inst.instruction_address[3]     29 19.1ms
                            $techmap672757$auto$abc9_ops.cc:1552:reintegrate$664940.A[2]     32 19.1ms
                                            $techmap228329$auto$ff.cc:337:slice$119299.D     42 19.0ms
                                                                            wb_rdata[43]     21 18.9ms
                                    $techmap672398$abc$663161$lut$aiger663160$39082.A[2]     25 18.9ms
                                                                            wb_rdata[27]     22 18.8ms
                                                                  matvec.result_index[9]     12 18.8ms
                                                                           wb_rdata[105]     19 18.7ms
                            $techmap674806$auto$abc9_ops.cc:1552:reintegrate$664207.A[1]     37 18.7ms
                               $abc$663161$auto$opt_dff.cc:251:make_patterns_logic$81077     40 18.6ms
                            $techmap677020$auto$abc9_ops.cc:1552:reintegrate$663551.A[1]     26 18.6ms
                                                                           wb_rdata[107]     19 18.5ms
                                                                            wb_rdata[71]     19 18.5ms
                                                                            wb_rdata[76]     20 18.4ms
                                              ddr3.ddr3_controller_inst.stage2_bank_d[1]     34 18.4ms
                                                                            wb_rdata[83]     19 18.3ms
                                    $techmap681824$abc$663161$lut$aiger663160$39885.A[2]     33 18.3ms
                                                                        matvec.hq_hi[51]     28 18.3ms
                                                                            wb_rdata[55]     21 18.3ms
                                                                            wb_rdata[61]     22 18.2ms
                                                                            wb_rdata[39]     22 18.2ms
                                                                        matvec.hq_hi[59]     22 18.2ms
                                                                        matvec.hq_lo[16]     32 18.2ms
                                    $techmap672638$abc$663161$lut$aiger663160$40823.A[5]     39 18.2ms
                                                                            wb_rdata[37]     21 18.2ms
                                                ddr3.ddr3_controller_inst.stage1_bank[1]     35 18.2ms
                                                                        matvec.hq_lo[18]     28 18.2ms
                                                                            wb_rdata[59]     21 18.0ms
                                                                            wb_rdata[63]     21 18.0ms
                                                                           wb_rdata[111]     19 18.0ms
                            $techmap672365$auto$abc9_ops.cc:1552:reintegrate$665054.A[3]     19 18.0ms
                                                                       loader.h_addr[28]     12 18.0ms
                                                                           wb_rdata[101]     19 17.8ms
                                          ddr3.ddr3_controller_inst.start_index_check[4]     36 17.7ms
                                    $techmap671914$abc$663161$lut$aiger663160$36080.A[0]     28 17.7ms
                                      ddr3.ddr3_controller_inst.write_by_byte_counter[2]     33 17.7ms
                                                                        matvec.hq_lo[32]     32 17.7ms
                                                                             wb_rdata[3]     24 17.7ms
                                    $techmap674301$abc$663161$lut$aiger663160$58194.A[1]     17 17.6ms
                                                                            wb_rdata[81]     19 17.5ms
                                                ddr3.ddr3_controller_inst.stage2_pending     34 17.5ms
                                                                            wb_rdata[98]     19 17.4ms
        $abc$663161$flatten\matvec.$8\dot_one$func$build/t27/specs/rtl/fpga_ddr3_matvec.v:2027$9810.dot_one_body.prod[31:0]$10985[10]     16 17.2ms
                                                                  matvec.result_index[3]     12 17.2ms
                                    $techmap671580$abc$663161$lut$aiger663160$32944.A[0]     35 17.2ms
                                                                            wb_rdata[44]     22 17.1ms
                                            $techmap225376$auto$ff.cc:337:slice$154220.D     41 17.1ms
                               $abc$663161$auto$opt_dff.cc:251:make_patterns_logic$82494     31 17.1ms
                            $techmap671214$auto$abc9_ops.cc:1552:reintegrate$665416.A[2]     33 17.1ms
                                                                           wb_rdata[116]     19 17.0ms
                                                                               debug1[1]     22 17.0ms
                                                                            wb_rdata[47]     21 17.0ms
        $abc$663161$flatten\matvec.$8\dot_one$func$build/t27/specs/rtl/fpga_ddr3_matvec.v:2030$9813.dot_one_body.prod[31:0]$11033[10]     16 16.9ms
                                                                            wb_rdata[93]     19 16.9ms
                            $techmap672678$auto$abc9_ops.cc:1552:reintegrate$664970.A[2]      7 16.8ms
                            $techmap673712$auto$abc9_ops.cc:1552:reintegrate$664644.A[2]     16 16.7ms
                                                                         matvec.hq_lo[2]     28 16.7ms
                                                                            wb_rdata[32]     22 16.7ms
                                                                        matvec.hq_hi[48]     35 16.7ms
                               $abc$663161$auto$opt_dff.cc:251:make_patterns_logic$80677     32 16.7ms
                               $abc$663161$auto$opt_dff.cc:251:make_patterns_logic$82381     32 16.6ms
                                                                        matvec.hq_hi[21]     36 16.6ms
                                                                             wb_rdata[2]     23 16.5ms
                                                                            wb_rdata[54]     21 16.5ms
                            $techmap671834$auto$abc9_ops.cc:1552:reintegrate$665239.A[4]     18 16.4ms
                                                                        matvec.hq_lo[49]     38 16.4ms
                            $techmap671552$auto$abc9_ops.cc:1552:reintegrate$665305.A[3]     32 16.3ms
                                     $techmap682297$abc$663161$lut\arbiter.handover.A[2]     39 16.3ms
                            $techmap671529$auto$abc9_ops.cc:1552:reintegrate$665314.A[1]     32 16.2ms
                                              ddr3.ddr3_controller_inst.stage2_bank_d[2]     40 16.2ms
        $techmap682139$abc$663161$lut$auto$opt_dff.cc:251:make_patterns_logic$83638.A[3]     29 16.2ms
                            $techmap672335$auto$abc9_ops.cc:1552:reintegrate$665067.A[4]      1 16.1ms
                                                                            wb_rdata[86]     19 16.0ms
                                                                           wb_rdata[122]     20 16.0ms
                               $abc$663161$auto$opt_dff.cc:251:make_patterns_logic$81944     32 16.0ms
                                    $techmap671242$abc$663161$lut$aiger663160$30318.A[1]     27 16.0ms
                                                                        matvec.hq_hi[60]     17 16.0ms
                                                                  matvec.result_index[8]     12 16.0ms
                                                                         matvec.hq_lo[8]     34 15.9ms
                                                                        matvec.hq_lo[19]     29 15.9ms
                               $abc$663161$auto$opt_dff.cc:251:make_patterns_logic$82875     32 15.9ms
                            $techmap672682$auto$abc9_ops.cc:1552:reintegrate$664969.A[1]     36 15.8ms
                                    $techmap674162$abc$663161$lut$aiger663160$57185.A[3]     33 15.8ms
                                                                        matvec.hq_hi[11]     26 15.8ms
                            $techmap671547$auto$abc9_ops.cc:1552:reintegrate$665308.A[2]     32 15.8ms
                                                                       loader.h_addr[27]     12 15.7ms
        $techmap671551$abc$663161$lut$auto$opt_dff.cc:251:make_patterns_logic$80899.A[1]     18 15.6ms
                            $techmap672011$auto$abc9_ops.cc:1552:reintegrate$665191.A[4]     18 15.6ms
                                                                        matvec.hq_hi[26]     30 15.6ms
                                    $techmap680216$abc$663161$lut$aiger663160$33613.A[2]     33 15.5ms
                                                                        matvec.hq_lo[48]     32 15.5ms
                                                                        matvec.hq_hi[41]     36 15.5ms
                                    $techmap671640$abc$663161$lut$aiger663160$28497.A[1]     29 15.5ms
                                                                            wb_rdata[46]     21 15.5ms
                            $techmap673156$auto$abc9_ops.cc:1552:reintegrate$664840.A[3]     31 15.5ms
                                                                            wb_rdata[85]     19 15.4ms
                            $techmap671843$auto$abc9_ops.cc:1552:reintegrate$665237.A[4]     18 15.4ms
                                                                        matvec.hq_hi[55]     39 15.4ms
                            $techmap672726$auto$abc9_ops.cc:1552:reintegrate$664952.A[2]     32 15.3ms
                                      ddr3.ddr3_controller_inst.write_by_byte_counter[3]     24 15.3ms
                                                                           wb_rdata[110]     19 15.3ms
                                                                        matvec.hq_hi[17]     31 15.3ms
                            $techmap677525$auto$abc9_ops.cc:1552:reintegrate$663417.A[1]     29 15.2ms
                                                                            wb_rdata[42]     21 15.2ms
                               $techmap679933$abc$663161$lut\matvec.result_read[19].A[0]     32 15.2ms
                                               $techmap670751\matvec.results.0.3.ENBWREN     11 15.2ms
                                    $techmap671538$abc$663161$lut$aiger663160$32534.A[1]     38 15.1ms
                                                                        matvec.hq_hi[57]     33 15.1ms
                            $techmap671852$auto$abc9_ops.cc:1552:reintegrate$665235.A[4]     18 15.1ms
                                    $techmap672992$abc$663161$lut$aiger663160$44366.A[4]     21 15.1ms
                          $techmap671041$abc$663161$lut$aiger663160$27661.A[5]$sum$12487     18 15.0ms
        $abc$663161$flatten\ddr3.\ddr3_phy_inst.$logic_not$build/uberddr3/rtl/ddr3_phy.v:1126$26157_Y      4 15.0ms
                                     ddr3.ddr3_controller_inst.stage2_data_unaligned[80]      8 15.0ms
                            $techmap677687$auto$abc9_ops.cc:1552:reintegrate$663363.A[1]     23 14.9ms
                                                                            wb_rdata[50]     21 14.9ms
                                                                            wb_rdata[35]     22 14.9ms
                            $techmap671838$auto$abc9_ops.cc:1552:reintegrate$665238.A[3]     16 14.9ms
                                                                        matvec.hq_hi[25]     36 14.8ms
                            $techmap675494$auto$abc9_ops.cc:1552:reintegrate$663931.A[3]     18 14.8ms
                                        ddr3.ddr3_controller_inst.instruction_address[4]     27 14.7ms
                            $techmap676261$auto$abc9_ops.cc:1552:reintegrate$663688.A[0]     30 14.7ms
                                                                        matvec.hq_hi[24]     30 14.7ms
        $techmap682462$abc$663161$lut$auto$opt_dff.cc:251:make_patterns_logic$80728.A[3]     34 14.7ms
                            $techmap675079$auto$abc9_ops.cc:1552:reintegrate$664093.A[4]      5 14.6ms
                            $techmap671547$auto$abc9_ops.cc:1552:reintegrate$665308.A[1]     32 14.6ms
                                                                        matvec.hq_hi[63]     38 14.6ms
                                                                         matvec.hq_hi[8]     36 14.5ms
                               $abc$663161$auto$opt_dff.cc:251:make_patterns_logic$81317     32 14.5ms
                                    $techmap672041$abc$663161$lut$aiger663160$37066.A[0]     36 14.5ms
                            $techmap671761$auto$abc9_ops.cc:1552:reintegrate$665261.A[2]     27 14.4ms
                                                                            wb_rdata[28]     22 14.4ms
                                                                        matvec.hq_lo[27]     26 14.4ms
                            $techmap671214$auto$abc9_ops.cc:1552:reintegrate$665416.A[0]     33 14.3ms
                            $techmap676207$auto$abc9_ops.cc:1552:reintegrate$663693.A[3]     18 14.2ms
                            $techmap676261$auto$abc9_ops.cc:1552:reintegrate$663688.A[1]     27 14.2ms
                                                                        loader.h_addr[1]     12 14.2ms
                            $techmap674903$auto$abc9_ops.cc:1552:reintegrate$664170.A[4]      5 14.2ms
                                                                        loader.h_addr[0]     13 14.2ms
                            $techmap674442$auto$abc9_ops.cc:1552:reintegrate$664380.A[0]     26 14.1ms
                                    $techmap672743$abc$663161$lut$aiger663160$32835.A[2]     25 14.0ms
                            $techmap671847$auto$abc9_ops.cc:1552:reintegrate$665236.A[4]     18 14.0ms
                            $techmap672370$auto$abc9_ops.cc:1552:reintegrate$665053.A[3]     19 14.0ms
                            $techmap670964$auto$abc9_ops.cc:1552:reintegrate$665542.A[0]     11 14.0ms
                            $techmap671566$auto$abc9_ops.cc:1552:reintegrate$665303.A[0]     24 14.0ms
                                                                   loader.stage_word[28]      2 13.9ms
                                                                        matvec.hq_lo[11]     25 13.9ms
                                                                        loader.h_addr[9]     15 13.9ms
                            $techmap671670$auto$abc9_ops.cc:1552:reintegrate$665288.A[2]     24 13.8ms
                            $techmap677239$auto$abc9_ops.cc:1552:reintegrate$663498.A[2]     30 13.7ms
                            $techmap674450$auto$abc9_ops.cc:1552:reintegrate$664372.A[0]     10 13.7ms
                                                                            wb_rdata[33]     21 13.7ms
                                                                        matvec.hq_hi[23]     38 13.7ms
                                                                        matvec.hq_lo[56]     38 13.6ms
                            $techmap671154$auto$abc9_ops.cc:1552:reintegrate$665432.A[4]     12 13.6ms
                                          ddr3.ddr3_controller_inst.start_index_check[5]     35 13.6ms
                            $techmap671852$auto$abc9_ops.cc:1552:reintegrate$665235.A[3]     17 13.6ms
                                                                   loader.stage_word[16]      2 13.5ms
                                                                        loader.h_len[12]     17 13.5ms
        $abc$663161$flatten\loader.$logic_and$build/t27/specs/rtl/fpga_ddr3_loader.v:1618$920_Y     32 13.5ms
           $techmap672308$abc$663161$lut\ddr3.ddr3_controller_inst.bank_status_d[1].A[2]     22 13.4ms
        $abc$663161$flatten\arbiter.$logic_and$build/t27/specs/rtl/fpga_wb_arbiter.v:271$9680_Y     32 13.4ms
                                                                         matvec.hq_hi[9]     36 13.4ms
                                                                         matvec.hq_hi[3]     24 13.3ms
                  $techmap679129$abc$663161$lut$flatten\matvec.$procmux$58421_Y[31].A[1]     33 13.3ms
                                                                        matvec.hq_hi[62]     39 13.3ms
                                                                  matvec.result_index[7]     12 13.2ms
                                    $techmap683167$abc$663161$lut$aiger663160$26477.A[1]     62 13.2ms
                            $techmap673129$auto$abc9_ops.cc:1552:reintegrate$664843.A[0]     10 13.2ms
                            $techmap671287$auto$abc9_ops.cc:1552:reintegrate$665406.A[0]     26 13.1ms
                                                                        matvec.hq_lo[12]     23 13.1ms
                          $techmap680213$abc$663161$lut$aiger663160$62602.A[3]$sum$12739     13 13.1ms
                                                                         matvec.hq_hi[1]     36 13.0ms
                                                                        matvec.hq_lo[10]     33 13.0ms
                                                                       loader.h_addr[20]     12 13.0ms
                            $techmap677332$auto$abc9_ops.cc:1552:reintegrate$663472.A[1]     28 13.0ms
                                                                   loader.stage_word[14]      2 13.0ms
                            $techmap677680$auto$abc9_ops.cc:1552:reintegrate$663364.A[2]      9 12.9ms
                                                                        loader.h_len[14]     15 12.9ms
                            $techmap671761$auto$abc9_ops.cc:1552:reintegrate$665261.A[1]     30 12.9ms
                                                                        matvec.hq_hi[19]     31 12.8ms
                                                                        matvec.hq_lo[43]     24 12.8ms
                            $techmap674419$auto$abc9_ops.cc:1552:reintegrate$664384.A[0]     16 12.7ms
                               $abc$663161$auto$opt_dff.cc:251:make_patterns_logic$81403     32 12.7ms
                                                                        matvec.hq_lo[26]     28 12.6ms
                  $techmap676376$auto$abc9_ops.cc:1552:reintegrate$663669.A[0]$sum$12223     28 12.6ms
                                                                        matvec.hq_hi[38]     39 12.5ms
                                                                        matvec.hq_lo[41]     35 12.5ms
                            $techmap673105$auto$abc9_ops.cc:1552:reintegrate$664855.A[0]     10 12.4ms
                                                                         loader.h_len[3]     13 12.3ms
                                                                        loader.h_len[10]     18 12.3ms
                            $techmap671280$auto$abc9_ops.cc:1552:reintegrate$665408.A[3]     18 12.3ms
        $abc$663161$flatten\loader.$logic_and$build/t27/specs/rtl/fpga_ddr3_loader.v:1626$934_Y     32 12.3ms
                                                                               heartbeat      2 12.2ms
                                                                       loader.h_addr[31]     11 12.2ms
                                                                             rd_addr[20]      5 12.1ms
                            $techmap675804$auto$abc9_ops.cc:1552:reintegrate$663813.A[0]     15 12.1ms
                                                          ddr3.idelay_data_cntvaluein[3]     20 12.1ms
                            $techmap671124$auto$abc9_ops.cc:1552:reintegrate$665459.A[4]     13 12.0ms
                            $techmap671172$auto$abc9_ops.cc:1552:reintegrate$665428.A[2]     30 12.0ms
                                                          ddr3.idelay_data_cntvaluein[2]     20 12.0ms
                                                                         matvec.hq_lo[0]     36 12.0ms
                                                                        matvec.hq_lo[50]     32 12.0ms
                                                                         loader.h_len[7]     16 11.9ms
                                                                         matvec.hq_lo[9]     34 11.9ms
                                                                        matvec.hq_hi[50]     29 11.9ms
                               $abc$663161$auto$opt_dff.cc:251:make_patterns_logic$82722     16 11.9ms
                            $techmap673414$auto$abc9_ops.cc:1552:reintegrate$664757.A[0]     10 11.8ms
                            $techmap673818$auto$abc9_ops.cc:1552:reintegrate$664592.A[0]     10 11.8ms
               $techmap679140$abc$663161$lut$flatten\loader.$0\prob_count[31:0][31].A[0]     34 11.8ms
                                                                         matvec.hq_lo[1]     36 11.8ms
                  $techmap679347$abc$663161$lut$flatten\matvec.$procmux$58803_Y[27].A[0]      1 11.8ms
                                           $abc$663161$auto$rtlil.cc:3574:NotGate$208294     21 11.8ms
                                                                               debug1[4]     23 11.8ms
                                                                              line_b[18]      1 11.7ms
                                                                        matvec.hq_lo[40]     34 11.7ms
                            $techmap674262$auto$abc9_ops.cc:1552:reintegrate$664449.A[3]     20 11.7ms
                                                                        matvec.hq_lo[25]     33 11.7ms
                                                                        matvec.hq_hi[22]     36 11.7ms
                                                                       loader.h_addr[30]     12 11.7ms
                            $techmap672141$auto$abc9_ops.cc:1552:reintegrate$665153.A[5]     32 11.6ms
                                                                         matvec.hq_lo[6]     40 11.6ms
                                                                        matvec.hq_hi[35]     22 11.6ms
                                                                        matvec.hq_hi[20]     18 11.6ms
                               $abc$663161$auto$opt_dff.cc:251:make_patterns_logic$83265     25 11.6ms
                                   $auto$alumacc.cc:512:replace_alu$90449.Y[1]$sum$12187     26 11.6ms
                                    $techmap671248$abc$663161$lut$aiger663160$30328.A[1]     20 11.6ms
                            $techmap673936$auto$abc9_ops.cc:1552:reintegrate$664559.A[0]     10 11.5ms
                                            $techmap225379$auto$ff.cc:337:slice$153823.D     39 11.5ms
                                                                        loader.h_addr[5]     13 11.5ms
                                                                               debug1[3]     22 11.5ms
                            $techmap671838$auto$abc9_ops.cc:1552:reintegrate$665238.A[4]     18 11.4ms
                                        ddr3.ddr3_controller_inst.instruction_address[0]     20 11.4ms
                                                           $abc$663161$aiger663160$23775      8 11.4ms
        $techmap681855$abc$663161$lut\ddr3.ddr3_controller_inst.bank_active_row_d[3][2].A[3]     16 11.4ms
                                                                        matvec.hq_lo[57]     36 11.4ms
                                                                   loader.stage_word[30]      2 11.4ms
                                    $techmap675849$abc$663161$lut$aiger663160$73635.A[2]      2 11.3ms
                                                                        loader.h_len[11]     15 11.3ms
                                                 ddr3.ddr3_controller_inst.stage2_do_act     31 11.2ms
                                                                        loader.h_addr[7]     12 11.2ms
                            $techmap674711$auto$abc9_ops.cc:1552:reintegrate$664256.A[4]      5 11.2ms
                                      ddr3.ddr3_controller_inst.write_by_byte_counter[1]     26 11.2ms
                                                                        matvec.hq_lo[42]     27 11.2ms
                            $techmap671829$auto$abc9_ops.cc:1552:reintegrate$665240.A[3]     16 11.2ms
                                    $techmap673349$abc$663161$lut$aiger663160$48837.A[3]     17 11.1ms
                            $techmap672090$auto$abc9_ops.cc:1552:reintegrate$665185.A[1]     31 11.1ms
                  $techmap679202$abc$663161$lut$flatten\matvec.$procmux$57972_Y[30].A[2]     31 11.1ms
                                                                 matvec.result_index[10]     12 11.1ms
                            $techmap673926$auto$abc9_ops.cc:1552:reintegrate$664562.A[3]      5 11.0ms
                               $abc$663161$auto$opt_dff.cc:251:make_patterns_logic$82158     32 11.0ms
                                                                        matvec.hq_hi[18]     31 11.0ms
                               $abc$663161$auto$opt_dff.cc:251:make_patterns_logic$81918     32 11.0ms
                            $techmap672099$auto$abc9_ops.cc:1552:reintegrate$665181.A[1]     22 10.9ms
                            $techmap671865$auto$abc9_ops.cc:1552:reintegrate$665233.A[2]     33 10.8ms
                                    $techmap681078$abc$663161$lut$aiger663160$52541.A[4]      1 10.8ms
                                                                       loader.h_addr[11]     13 10.8ms
                                    $techmap671759$abc$663161$lut$aiger663160$34036.A[1]     23 10.8ms
                            $techmap673225$auto$abc9_ops.cc:1552:reintegrate$664803.A[3]     27 10.8ms
                                    $techmap673906$abc$663161$lut$aiger663160$55080.A[2]      2 10.7ms
                            $techmap674864$auto$abc9_ops.cc:1552:reintegrate$664191.A[3]     18 10.7ms
                            $techmap671527$auto$abc9_ops.cc:1552:reintegrate$665316.A[4]     24 10.7ms
                                                                        matvec.hq_hi[58]     25 10.7ms
                                                                        matvec.hq_lo[44]     18 10.6ms
                            $techmap676965$auto$abc9_ops.cc:1552:reintegrate$663562.A[3]     18 10.6ms
                                           $abc$663161$auto$rtlil.cc:3574:NotGate$208166     17 10.6ms
                            $techmap671834$auto$abc9_ops.cc:1552:reintegrate$665239.A[3]     17 10.6ms
                            $techmap672615$auto$abc9_ops.cc:1552:reintegrate$664983.A[2]     34 10.5ms
                            $techmap673159$auto$abc9_ops.cc:1552:reintegrate$664837.A[2]      5 10.5ms
                                    $techmap680217$abc$663161$lut$aiger663160$62607.A[3]     16 10.5ms
                                                                        matvec.hq_hi[12]     17 10.5ms
                            $techmap677678$auto$abc9_ops.cc:1552:reintegrate$663365.A[1]     23 10.5ms
                            $techmap671847$auto$abc9_ops.cc:1552:reintegrate$665236.A[3]     15 10.5ms
                               $abc$663161$auto$opt_dff.cc:251:make_patterns_logic$81242     32 10.5ms
                                                                        matvec.hq_lo[58]     26 10.4ms
                                                                        loader.h_len[15]     15 10.4ms
                            $techmap671172$auto$abc9_ops.cc:1552:reintegrate$665428.A[1]     27 10.4ms
                                            $techmap226132$auto$ff.cc:337:slice$127930.D     11 10.4ms
                                                                        matvec.hq_hi[43]     24 10.4ms
                            $techmap671123$auto$abc9_ops.cc:1552:reintegrate$665460.A[4]     12 10.4ms
                                            ddr3.ddr3_controller_inst.dqs_start_index[2]     20 10.3ms
                                    $techmap672400$abc$663161$lut$aiger663160$39134.A[3]     32 10.3ms
                            $techmap671843$auto$abc9_ops.cc:1552:reintegrate$665237.A[3]     17 10.3ms
                                    $techmap672646$abc$663161$lut$aiger663160$40830.A[2]     18 10.3ms
                            $techmap671256$auto$abc9_ops.cc:1552:reintegrate$665409.A[0]     22 10.2ms
                            $techmap670913$auto$abc9_ops.cc:1552:reintegrate$665591.A[3]     35 10.2ms
                     $techmap682638$abc$663161$lut$flatten\transmitter.$0\busy[0:0].A[1]     36 10.2ms
                                        ddr3.ddr3_controller_inst.instruction_address[2]     25 10.2ms
                                                                       loader.h_addr[23]     12 10.2ms
                                            $techmap228295$auto$ff.cc:337:slice$119395.D     17 10.2ms
                                    $techmap672289$abc$663161$lut$aiger663160$38272.A[2]     13 10.2ms
                   $techmap681704$abc$663161$lut$flatten\matvec.$procmux$57133_Y[1].A[0]     23 10.2ms
                               $abc$663161$auto$opt_dff.cc:251:make_patterns_logic$83520      6 10.2ms
                            $techmap671940$auto$abc9_ops.cc:1552:reintegrate$665231.A[2]     19 10.1ms
                                                                        loader.h_len[13]     15 10.1ms
                                                          ddr3.idelay_data_cntvaluein[4]     20 10.1ms
                            $techmap671123$auto$abc9_ops.cc:1552:reintegrate$665460.A[3]     12 10.1ms
                  $techmap679118$abc$663161$lut$flatten\matvec.$procmux$58879_Y[31].A[1]     32 10.1ms
                                         $auto$memory_libmap.cc:1950:emit_port$93077[12]      1 10.1ms
                            $techmap673548$auto$abc9_ops.cc:1552:reintegrate$664702.A[3]      5 10.1ms
                                         ddr3.ddr3_controller_inst.stage1_next_bank_d[2]     19 10.0ms
                            $techmap671484$auto$abc9_ops.cc:1552:reintegrate$665329.A[2]     33 10.0ms
                                    $techmap673380$abc$663161$lut$aiger663160$48849.A[3]     12 9.9ms
                            $techmap672105$auto$abc9_ops.cc:1552:reintegrate$665178.A[4]     26 9.9ms
                            $techmap674528$auto$abc9_ops.cc:1552:reintegrate$664332.A[3]      5 9.9ms
                                                                        matvec.hq_hi[44]     18 9.8ms
                                                                         loader.h_len[6]     16 9.7ms
                                                                        loader.h_addr[3]     13 9.7ms
                                                                        matvec.hq_hi[10]     30 9.7ms
                            $techmap672090$auto$abc9_ops.cc:1552:reintegrate$665185.A[0]     32 9.6ms
                                                                        loader.h_addr[8]     15 9.6ms
                                                                        matvec.hq_lo[33]     38 9.6ms
                            $techmap674376$auto$abc9_ops.cc:1552:reintegrate$664404.A[0]     10 9.6ms
                              $abc$663161$auto$opt_dff.cc:251:make_patterns_logic$100934      8 9.5ms
                                            $auto$alumacc.cc:512:replace_alu$90623.Y[15]      2 9.5ms
                                                                        matvec.hq_lo[36]     15 9.5ms
                                                                        matvec.hq_hi[52]     15 9.5ms
                            $techmap671127$auto$abc9_ops.cc:1552:reintegrate$665456.A[2]     13 9.5ms
                               $abc$663161$auto$opt_dff.cc:251:make_patterns_logic$82762      9 9.4ms
                            $techmap672776$auto$abc9_ops.cc:1552:reintegrate$664933.A[2]     16 9.4ms
                            $techmap671853$auto$abc9_ops.cc:1552:reintegrate$665234.A[1]     14 9.4ms
                            $techmap676878$auto$abc9_ops.cc:1552:reintegrate$663586.A[2]      7 9.4ms
                                            $techmap229872$auto$ff.cc:337:slice$102261.D     10 9.4ms
                                                                         ddr3.bitslip[1]     18 9.4ms
                               $abc$663161$auto$opt_dff.cc:251:make_patterns_logic$81187     32 9.4ms
                                                ddr3.ddr3_controller_inst.stage2_bank[1]     15 9.3ms
                                                                        matvec.hq_lo[34]     30 9.3ms
                            $techmap672350$auto$abc9_ops.cc:1552:reintegrate$665057.A[1]     29 9.3ms
                                                           $abc$663161$aiger663160$23781      8 9.3ms
                               $abc$663161$auto$opt_dff.cc:251:make_patterns_logic$81283     32 9.3ms
                            $techmap673808$auto$abc9_ops.cc:1552:reintegrate$664597.A[2]     11 9.3ms
                                                                    loader.stage_word[8]      2 9.2ms
                            $techmap671122$auto$abc9_ops.cc:1552:reintegrate$665461.A[3]     12 9.2ms
                            $techmap671456$auto$abc9_ops.cc:1552:reintegrate$665333.A[0]     33 9.2ms
                            $techmap673169$auto$abc9_ops.cc:1552:reintegrate$664831.A[2]     16 9.2ms
                            $techmap671123$auto$abc9_ops.cc:1552:reintegrate$665460.A[5]     12 9.2ms
                               $abc$663161$auto$opt_dff.cc:251:make_patterns_logic$80980     40 9.2ms
                                                           $abc$663161$aiger663160$23772      8 9.2ms
                                                                         loader.h_len[9]     16 9.1ms
                                    $techmap672089$abc$663161$lut$aiger663160$31673.A[1]     18 9.1ms
                            $techmap671218$auto$abc9_ops.cc:1552:reintegrate$665414.A[1]     10 9.1ms
                                    $techmap680225$abc$663161$lut$aiger663160$62585.A[1]     22 9.0ms
                            $techmap674128$auto$abc9_ops.cc:1552:reintegrate$664492.A[0]     10 9.0ms
                                                                         matvec.hq_hi[2]     25 9.0ms
                                                                       loader.h_addr[15]     12 9.0ms
                                    $techmap671759$abc$663161$lut$aiger663160$34036.A[0]     19 9.0ms
                               $abc$663161$auto$opt_dff.cc:251:make_patterns_logic$81866     32 9.0ms
                                                                         loader.h_len[8]     17 8.9ms
                            $techmap671755$auto$abc9_ops.cc:1552:reintegrate$665263.A[0]     16 8.9ms
                            $techmap674106$auto$abc9_ops.cc:1552:reintegrate$664507.A[3]     18 8.9ms
                                                                  matvec.result_index[1]      4 8.9ms
                                    $techmap671194$abc$663161$lut$aiger663160$29441.A[0]     28 8.9ms
                                                                         matvec.hq_hi[4]     18 8.8ms
                                                                    loader.stage_word[7]      2 8.8ms
                                    $techmap680223$abc$663161$lut$aiger663160$62595.A[3]     16 8.8ms
                                                                        loader.h_addr[6]     13 8.8ms
                               $abc$663161$auto$opt_dff.cc:251:make_patterns_logic$81905     32 8.8ms
                            $techmap675825$auto$abc9_ops.cc:1552:reintegrate$663808.A[2]     17 8.8ms
                                    $techmap672511$abc$663161$lut$aiger663160$39785.A[1]     11 8.8ms
                                                                         matvec.hq_lo[3]     25 8.8ms
                            $techmap677665$auto$abc9_ops.cc:1552:reintegrate$663368.A[3]     18 8.7ms
                                                                       loader.h_addr[25]     12 8.7ms
                                                                       loader.h_addr[19]     11 8.7ms
                            $techmap673528$auto$abc9_ops.cc:1552:reintegrate$664709.A[2]     16 8.7ms
                                                                        matvec.hq_hi[27]     25 8.7ms
        $techmap682474$abc$663161$lut$auto$opt_dff.cc:251:make_patterns_logic$80666.A[5]     33 8.7ms
                                            ddr3.ddr3_controller_inst.read_lane_data[23]      3 8.6ms
                                     ddr3.ddr3_controller_inst.stage2_data_unaligned[25]      7 8.6ms
                            $techmap670913$auto$abc9_ops.cc:1552:reintegrate$665591.A[2]     35 8.6ms
                            $techmap671280$auto$abc9_ops.cc:1552:reintegrate$665408.A[2]     16 8.6ms
                            $techmap671829$auto$abc9_ops.cc:1552:reintegrate$665240.A[4]     18 8.6ms
                                                                         loader.h_len[5]     14 8.5ms
                            $techmap671702$auto$abc9_ops.cc:1552:reintegrate$665275.A[1]     19 8.5ms
                                                                        matvec.hq_lo[51]     24 8.5ms
                                                                       loader.h_addr[10]     12 8.4ms
                                                                        matvec.hq_hi[42]     28 8.4ms
        $techmap681860$abc$663161$lut\ddr3.ddr3_controller_inst.bank_active_row_d[4][2].A[3]     15 8.4ms
                                    $techmap683236$abc$663161$lut$aiger663160$26183.A[1]      5 8.4ms
                            $techmap671484$auto$abc9_ops.cc:1552:reintegrate$665329.A[4]     33 8.4ms
                                                  ddr3.ddr3_controller_inst.stage2_do_wr     18 8.4ms
                                                                   ddr3.iserdes_data[37]      2 8.4ms
                            $techmap673077$auto$abc9_ops.cc:1552:reintegrate$664868.A[1]     32 8.3ms
                                                                   ddr3.iserdes_data[55]      2 8.3ms
                                    $techmap671158$abc$663161$lut$aiger663160$23721.A[1]     18 8.3ms
                               $abc$663161$auto$opt_dff.cc:251:make_patterns_logic$82813     25 8.2ms
                            $techmap671124$auto$abc9_ops.cc:1552:reintegrate$665459.A[3]     13 8.2ms
                            $techmap673408$auto$abc9_ops.cc:1552:reintegrate$664760.A[2]     16 8.2ms
                            $techmap675965$auto$abc9_ops.cc:1552:reintegrate$663749.A[2]     18 8.2ms
                            $techmap670935$auto$abc9_ops.cc:1552:reintegrate$665570.A[0]      8 8.2ms
                                                                        matvec.hq_lo[17]     40 8.1ms
                               $abc$663161$auto$opt_dff.cc:251:make_patterns_logic$81204     31 8.1ms
                            $techmap676117$auto$abc9_ops.cc:1552:reintegrate$663724.A[1]     15 8.1ms
                               $abc$663161$auto$opt_dff.cc:251:make_patterns_logic$81360     32 8.1ms
                            $techmap671122$auto$abc9_ops.cc:1552:reintegrate$665461.A[5]     13 8.1ms
                                                           $abc$663161$aiger663160$10036      3 8.1ms
                            $techmap673077$auto$abc9_ops.cc:1552:reintegrate$664868.A[4]     30 8.1ms
                                                                       loader.resp_a[18]      2 8.1ms
                                                                       loader.h_addr[24]     12 8.1ms
        $techmap682462$abc$663161$lut$auto$opt_dff.cc:251:make_patterns_logic$80728.A[2]     34 8.0ms
                               $abc$663161$auto$opt_dff.cc:251:make_patterns_logic$81168     32 8.0ms
                                    $techmap683241$abc$663161$lut$aiger663160$26168.A[1]      5 8.0ms
                                    $techmap670988$abc$663161$lut$aiger663160$27520.A[3]      9 7.9ms
                                                                        matvec.hq_lo[52]     14 7.9ms
                            $techmap672270$auto$abc9_ops.cc:1552:reintegrate$665090.A[2]      5 7.8ms
                                                ddr3.ddr3_controller_inst.stage2_bank[2]     22 7.8ms
                            $techmap677811$auto$abc9_ops.cc:1552:reintegrate$663325.A[2]     16 7.8ms
                                                                       loader.h_addr[26]     12 7.7ms
                            $techmap670962$auto$abc9_ops.cc:1552:reintegrate$665544.A[0]      9 7.7ms
                $techmap679169$abc$663161$lut$flatten\loader.$0\port_wait[31:0][31].A[1]     32 7.7ms
                                            $auto$alumacc.cc:512:replace_alu$90623.Y[22]      2 7.7ms
                            $techmap670959$auto$abc9_ops.cc:1552:reintegrate$665547.A[0]     10 7.7ms
                                                                            ddr3.cmd[96]     17 7.7ms
                                    ddr3.ddr3_controller_inst.stage2_data_unaligned[103]      7 7.7ms
                                                                       loader.h_addr[22]     11 7.6ms
                                    $techmap678980$abc$663161$lut$aiger663160$78054.A[0]      2 7.6ms
                            $techmap672527$auto$abc9_ops.cc:1552:reintegrate$665025.A[2]     16 7.6ms
                            $techmap672416$auto$abc9_ops.cc:1552:reintegrate$665049.A[1]     16 7.6ms
                                                                 matvec.result_index[20]      4 7.6ms
                                                                       loader.h_addr[18]     11 7.6ms
                                    $techmap680228$abc$663161$lut$aiger663160$62590.A[3]     15 7.6ms
                            $techmap674864$auto$abc9_ops.cc:1552:reintegrate$664191.A[4]      8 7.5ms
                  $techmap679139$abc$663161$lut$flatten\matvec.$0\req_gap[31:0][31].A[1]     32 7.5ms
                                                                        arbiter.handover     32 7.5ms
                                            $techmap225413$auto$ff.cc:337:slice$150732.D      9 7.5ms
                                                           $abc$663161$aiger663160$10038      3 7.5ms
                                                                         loader.h_len[4]     13 7.5ms
                               $abc$663161$auto$opt_dff.cc:251:make_patterns_logic$81762     32 7.5ms
                                    $techmap674344$abc$663161$lut$aiger663160$58508.A[4]     12 7.4ms
                            $techmap673893$auto$abc9_ops.cc:1552:reintegrate$664570.A[2]     16 7.4ms
                            $techmap672568$auto$abc9_ops.cc:1552:reintegrate$665010.A[3]     11 7.4ms
                                                                        matvec.hq_lo[60]     16 7.4ms
                            $techmap678011$auto$abc9_ops.cc:1552:reintegrate$663240.A[3]      6 7.4ms
                                                                   loader.stage_word[12]      2 7.3ms
                                                  ddr3.ddr3_controller_inst.prep_done[1]     18 7.3ms
                            $techmap670934$auto$abc9_ops.cc:1552:reintegrate$665571.A[0]      8 7.3ms
                                            ddr3.ddr3_controller_inst.stage1_next_row[6]     11 7.3ms
                                    $techmap671309$abc$663161$lut$aiger663160$30766.A[0]      5 7.3ms
              $techmap87157$flatten\resetgen.$lt$build/t27/specs/rtl/fpga_reset.v:84$4.Y     33 7.2ms
                                    $techmap672767$abc$663161$lut$aiger663160$33549.A[1]     10 7.2ms
                            $techmap672761$auto$abc9_ops.cc:1552:reintegrate$664938.A[1]      9 7.2ms
                                                                        loader.h_crc[26]      5 7.2ms
                                    $techmap672400$abc$663161$lut$aiger663160$39134.A[4]     16 7.2ms
                                                                        loader.h_addr[4]     13 7.2ms
                               $abc$663161$auto$opt_dff.cc:251:make_patterns_logic$81530     32 7.2ms
                            $techmap671227$auto$abc9_ops.cc:1552:reintegrate$665411.A[1]     12 7.2ms
                                                                   loader.stage_word[25]      2 7.1ms
                            $techmap671174$auto$abc9_ops.cc:1552:reintegrate$665427.A[3]      9 7.1ms
                            $techmap670917$auto$abc9_ops.cc:1552:reintegrate$665588.A[0]     10 7.1ms
                            $techmap677744$auto$abc9_ops.cc:1552:reintegrate$663348.A[2]     16 7.1ms
                                    ddr3.ddr3_controller_inst.stage2_data_unaligned[117]      8 7.1ms
                                    $techmap671212$abc$663161$lut$aiger663160$29506.A[0]      9 7.1ms
                            $techmap673156$auto$abc9_ops.cc:1552:reintegrate$664840.A[2]     32 7.1ms
                                    $techmap671745$abc$663161$lut$aiger663160$33882.A[1]     20 7.1ms
                                    $techmap680212$abc$663161$lut$aiger663160$33601.A[3]     22 7.1ms
                               $abc$663161$auto$opt_dff.cc:251:make_patterns_logic$81853     32 7.0ms
                            $techmap674367$auto$abc9_ops.cc:1552:reintegrate$664407.A[3]      5 7.0ms
                               $abc$663161$auto$opt_dff.cc:251:make_patterns_logic$82459     32 7.0ms
                                    $techmap671330$abc$663161$lut$aiger663160$30779.A[4]     11 7.0ms
                                    $techmap672767$abc$663161$lut$aiger663160$33549.A[0]      9 7.0ms
                                        ddr3.ddr3_controller_inst.instruction_address[1]     23 6.9ms
                                    $techmap683234$abc$663161$lut$aiger663160$26189.A[1]      5 6.9ms
                                                                        matvec.hq_lo[20]     14 6.9ms
                            $techmap671649$auto$abc9_ops.cc:1552:reintegrate$665299.A[4]      8 6.9ms
                                                                       loader.h_addr[29]     12 6.9ms
                                    $techmap672401$abc$663161$lut$aiger663160$39139.A[2]     17 6.9ms
                                    $techmap671192$abc$663161$lut$aiger663160$29439.A[0]     16 6.9ms
                                                                   ddr3.iserdes_data[39]      2 6.9ms
                                    $techmap673357$abc$663161$lut$aiger663160$48831.A[2]     11 6.9ms
                                                                       loader.h_addr[12]     12 6.9ms
                                    $techmap672086$abc$663161$lut$aiger663160$32323.A[0]     18 6.8ms
                                                                        matvec.hq_hi[36]     18 6.8ms
                                                                             rd_addr[10]      5 6.8ms
        $abc$663161$flatten\master.$logic_and$build/t27/specs/rtl/fpga_loader_wb.v:507$9442_Y     32 6.7ms
                                           ddr3.ddr3_controller_inst.added_read_pipe_max     13 6.7ms
                            $techmap672105$auto$abc9_ops.cc:1552:reintegrate$665178.A[2]     17 6.7ms
                                      ddr3.ddr3_controller_inst.stage2_data_unaligned[3]      9 6.7ms
                                    $techmap682697$abc$663161$lut$aiger663160$30120.A[1]      2 6.7ms
                                                                         loader.h_len[1]     12 6.7ms
                                    $techmap672946$abc$663161$lut$aiger663160$32389.A[4]     12 6.7ms
                               $abc$663161$auto$opt_dff.cc:251:make_patterns_logic$81840     32 6.7ms
                                                                         loader.h_len[2]     13 6.7ms
                                    $techmap674418$abc$663161$lut$aiger663160$59293.A[0]      3 6.6ms
                                            $auto$alumacc.cc:512:replace_alu$90623.Y[10]      2 6.6ms
                                                                         matvec.sub_q[3]      9 6.6ms
                                            ddr3.ddr3_controller_inst.stage1_next_row[5]     11 6.6ms
                                    $techmap672513$abc$663161$lut$aiger663160$32606.A[2]      6 6.6ms
                                      ddr3.ddr3_controller_inst.stage2_data_unaligned[9]      8 6.6ms
                                                ddr3.ddr3_controller_inst.stage2_row[10]     10 6.6ms
                                     ddr3.ddr3_controller_inst.stage2_data_unaligned[20]      6 6.6ms
                                    $techmap673872$abc$663161$lut$aiger663160$54827.A[3]      8 6.6ms
                                                                   ddr3.iserdes_data[84]      2 6.6ms
                            $techmap670930$auto$abc9_ops.cc:1552:reintegrate$665575.A[0]      8 6.5ms
                                    $techmap680213$abc$663161$lut$aiger663160$62602.A[4]     26 6.5ms
                            $techmap675674$auto$abc9_ops.cc:1552:reintegrate$663860.A[3]      1 6.5ms
                                             $auto$alumacc.cc:512:replace_alu$90623.Y[6]      2 6.5ms
                                    $techmap681821$abc$663161$lut$aiger663160$39882.A[2]      4 6.5ms
                                                          ddr3.idelay_data_cntvaluein[0]     17 6.4ms
                                                                              rd_addr[0]     10 6.4ms
                            $techmap670931$auto$abc9_ops.cc:1552:reintegrate$665574.A[0]      8 6.4ms
                                    $techmap683239$abc$663161$lut$aiger663160$26174.A[1]      5 6.4ms
                                                                        matvec.hq_lo[59]     26 6.4ms
                            $techmap673783$auto$abc9_ops.cc:1552:reintegrate$664603.A[0]     10 6.4ms
                                    ddr3.ddr3_controller_inst.calib_data_randomized[105]     10 6.4ms
                              $abc$663161$auto$opt_dff.cc:234:make_patterns_logic$101313      7 6.4ms
                            $techmap678004$auto$abc9_ops.cc:1552:reintegrate$663245.A[3]     14 6.3ms
                            $techmap674787$auto$abc9_ops.cc:1552:reintegrate$664217.A[4]      5 6.3ms
                                                                       loader.h_addr[14]     12 6.3ms
                                                                       loader.h_addr[17]     10 6.3ms
                                    ddr3.ddr3_controller_inst.stage2_data_unaligned[126]     12 6.3ms
                            $techmap672657$auto$abc9_ops.cc:1552:reintegrate$664974.A[1]     11 6.3ms
                                    $techmap679952$abc$663161$lut$aiger663160$65022.A[0]      2 6.3ms
                                        ddr3.ddr3_controller_inst.write_pattern_lane[19]      2 6.3ms
                                    $techmap682609$abc$663161$lut$aiger663160$32183.A[2]     12 6.3ms
                                            ddr3.ddr3_controller_inst.stage1_next_row[7]     11 6.3ms
                                       $techmap678740$abc$663161$lut\matvec.dg0[51].A[1]      9 6.3ms
                                         ddr3.ddr3_controller_inst.write_pattern_matches      9 6.2ms
                                                                       loader.h_addr[16]     11 6.2ms
                                    ddr3.ddr3_controller_inst.stage2_data_unaligned[116]      7 6.2ms
                            $techmap675726$auto$abc9_ops.cc:1552:reintegrate$663842.A[2]     12 6.2ms
                    $techmap679165$abc$663161$lut$flatten\loader.$0\quiet[31:0][31].A[1]     32 6.2ms
                            $techmap670925$auto$abc9_ops.cc:1552:reintegrate$665580.A[0]      8 6.2ms
                                                                         loader.h_seq[3]      5 6.2ms
                                                                        matvec.hq_lo[28]     13 6.2ms
                                         ddr3.ddr3_controller_inst.delay_counter_is_zero     20 6.2ms
                                    $techmap671302$abc$663161$lut$aiger663160$30649.A[4]      1 6.2ms
                            $techmap670963$auto$abc9_ops.cc:1552:reintegrate$665543.A[0]      9 6.2ms
        $techmap682126$abc$663161$lut$auto$opt_dff.cc:251:make_patterns_logic$81944.A[4]     13 6.2ms
                               $abc$663161$auto$opt_dff.cc:251:make_patterns_logic$80603     32 6.2ms
                                                                        loader.h_crc[23]      5 6.2ms
                               $abc$663161$auto$opt_dff.cc:251:make_patterns_logic$83548     32 6.2ms
                                     ddr3.ddr3_controller_inst.stage2_data_unaligned[95]      6 6.2ms
                            $techmap671481$auto$abc9_ops.cc:1552:reintegrate$665330.A[1]     33 6.2ms
                                                 ddr3.ddr3_controller_inst.stage2_do_pre     10 6.2ms
                                    $techmap672517$abc$663161$lut$aiger663160$39789.A[4]     33 6.2ms
                            $techmap677689$auto$abc9_ops.cc:1552:reintegrate$663362.A[4]      8 6.1ms
                            $techmap671124$auto$abc9_ops.cc:1552:reintegrate$665459.A[5]     12 6.1ms
                                    $techmap672946$abc$663161$lut$aiger663160$32389.A[1]     20 6.1ms
                            $techmap671180$auto$abc9_ops.cc:1552:reintegrate$665424.A[3]      9 6.1ms
                                    $techmap673885$abc$663161$lut$aiger663160$54773.A[1]      9 6.1ms
                                            $auto$alumacc.cc:512:replace_alu$90623.Y[12]      2 6.1ms
                            $techmap672948$auto$abc9_ops.cc:1552:reintegrate$664909.A[3]     11 6.1ms
                            $techmap673697$auto$abc9_ops.cc:1552:reintegrate$664649.A[0]     10 6.1ms
                                     ddr3.ddr3_controller_inst.stage2_data_unaligned[39]      6 6.1ms
                                    $techmap683243$abc$663161$lut$aiger663160$26162.A[1]      5 6.1ms
                            $techmap677354$auto$abc9_ops.cc:1552:reintegrate$663467.A[3]     18 6.1ms
                            $techmap671080$auto$abc9_ops.cc:1552:reintegrate$665494.A[2]      5 6.1ms
                            $techmap671947$auto$abc9_ops.cc:1552:reintegrate$665229.A[3]     20 6.0ms
                            $techmap677357$auto$abc9_ops.cc:1552:reintegrate$663465.A[4]      8 6.0ms
                                            $auto$alumacc.cc:512:replace_alu$90623.Y[28]      2 6.0ms
                                                                             wr_addr[26]      5 6.0ms
                            $techmap673896$auto$abc9_ops.cc:1552:reintegrate$664568.A[1]      9 6.0ms
                            $techmap671699$auto$abc9_ops.cc:1552:reintegrate$665278.A[5]     14 6.0ms
        $techmap682043$abc$663161$lut\ddr3.ddr3_controller_inst.delay_before_precharge_counter_d[4][2].A[2]     11 6.0ms
                                    $techmap671523$abc$663161$lut$aiger663160$32451.A[0]      3 6.0ms
                                                                 matvec.result_index[30]      4 6.0ms
                                            $techmap228949$auto$ff.cc:337:slice$116792.D      4 5.9ms
                            $techmap671178$auto$abc9_ops.cc:1552:reintegrate$665425.A[3]      9 5.9ms
                                                           $abc$663161$aiger663160$10020      3 5.9ms
                            $techmap673814$auto$abc9_ops.cc:1552:reintegrate$664595.A[2]     13 5.9ms
                            $techmap677168$auto$abc9_ops.cc:1552:reintegrate$663514.A[2]      6 5.9ms
                                            $techmap229011$auto$ff.cc:337:slice$117903.D     20 5.9ms
                                                                   loader.stage_word[23]      2 5.9ms
                                                                            ddr3.cmd[73]      8 5.8ms
                                    ddr3.ddr3_controller_inst.stage2_data_unaligned[119]      9 5.8ms
                                                          ddr3.idelay_data_cntvaluein[1]     20 5.8ms
                                    $techmap671193$abc$663161$lut$aiger663160$29440.A[0]     20 5.8ms
                                          ddr3.ddr3_controller_inst.write_ack_index_q[2]     11 5.7ms
                                    $techmap673382$abc$663161$lut$aiger663160$48838.A[1]     10 5.7ms
                            $techmap672267$auto$abc9_ops.cc:1552:reintegrate$665092.A[1]      9 5.7ms
                                    $techmap671784$abc$663161$lut$aiger663160$34105.A[3]     11 5.7ms
                               $abc$663161$auto$opt_dff.cc:251:make_patterns_logic$81380     32 5.7ms
                            $techmap676216$auto$abc9_ops.cc:1552:reintegrate$663690.A[4]      8 5.7ms
                                    $techmap675635$abc$663161$lut$aiger663160$71078.A[2]      1 5.7ms
                            $techmap671148$auto$abc9_ops.cc:1552:reintegrate$665435.A[2]      4 5.7ms
                                    $techmap680445$abc$663161$lut$aiger663160$60623.A[1]      4 5.7ms
                                                                         ddr3.bitslip[0]     18 5.7ms
                                                 ddr3.ddr3_controller_inst.dqs_store[31]      5 5.7ms
                                    $techmap681128$abc$663161$lut$aiger663160$51667.A[1]      1 5.7ms
                            $techmap675018$auto$abc9_ops.cc:1552:reintegrate$664123.A[2]      7 5.7ms
                                                ddr3.ddr3_controller_inst.stage2_bank[0]     15 5.7ms
                                                                   ddr3.iserdes_data[80]      2 5.7ms
                            $techmap671186$auto$abc9_ops.cc:1552:reintegrate$665421.A[3]      9 5.7ms
                  $techmap679570$abc$663161$lut$flatten\loader.$procmux$74541_Y[25].A[1]      2 5.6ms
                                                                       loader.resp_a[31]      2 5.6ms
                                                                        loader.h_crc[25]      6 5.6ms
                               $abc$663161$auto$opt_dff.cc:234:make_patterns_logic$83066     15 5.6ms
                                     ddr3.ddr3_controller_inst.stage2_data_unaligned[49]      7 5.6ms
                                           ddr3.ddr3_controller_inst.stage1_next_row[13]     10 5.6ms
                                    $techmap673361$abc$663161$lut$aiger663160$48807.A[3]     12 5.6ms
        $techmap682153$abc$663161$lut$auto$opt_dff.cc:251:make_patterns_logic$82459.A[4]      4 5.6ms
                                                  $abc$663161$lut$aiger663160$47853.A[6]      4 5.6ms
                                                                       loader.h_addr[21]     12 5.6ms
                                     ddr3.ddr3_controller_inst.stage2_data_unaligned[35]      6 5.6ms
                                    $techmap676431$abc$663161$lut$aiger663160$77381.A[2]      8 5.6ms
                                                                              wr_addr[4]      5 5.6ms
                                                                        loader.clocks[9]      2 5.6ms
                                    $techmap680532$abc$663161$lut$aiger663160$59764.A[0]      3 5.5ms
                                    $techmap671654$abc$663161$lut$aiger663160$33066.A[1]      9 5.5ms
                            $techmap676214$auto$abc9_ops.cc:1552:reintegrate$663691.A[1]      3 5.5ms
                                                                   loader.stage_word[10]      2 5.5ms
                                                                        master.outst[14]      5 5.5ms
                                     ddr3.ddr3_controller_inst.stage2_data_unaligned[79]      6 5.5ms
                            $techmap670960$auto$abc9_ops.cc:1552:reintegrate$665546.A[0]     10 5.5ms
                            $techmap671172$auto$abc9_ops.cc:1552:reintegrate$665428.A[3]      9 5.5ms
                                    $techmap680178$abc$663161$lut$aiger663160$62922.A[1]      4 5.5ms
                                     ddr3.ddr3_controller_inst.stage2_data_unaligned[55]      6 5.5ms
                                                                        loader.h_addr[2]     12 5.5ms
                                    $techmap680223$abc$663161$lut$aiger663160$62595.A[5]     16 5.5ms
                                    $techmap672944$abc$663161$lut$aiger663160$32295.A[2]     10 5.5ms
                            $techmap674836$auto$abc9_ops.cc:1552:reintegrate$664201.A[0]      5 5.5ms
                                    $techmap679346$abc$663161$lut$aiger663160$73153.A[0]      2 5.4ms
                                                                       loader.resp_a[24]      2 5.4ms
                            $techmap671176$auto$abc9_ops.cc:1552:reintegrate$665426.A[3]      9 5.4ms
                                                                       loader.h_addr[13]     13 5.4ms
                                                                        matvec.hq_lo[35]     26 5.4ms
                               $abc$663161$auto$opt_dff.cc:251:make_patterns_logic$81879     32 5.4ms
                                                                 matvec.result_index[22]      4 5.4ms
                            $techmap670938$auto$abc9_ops.cc:1552:reintegrate$665567.A[0]      8 5.4ms
                                 ddr3.ddr3_controller_inst.read_test_address_counter[17]      5 5.4ms
                                                           $abc$663161$aiger663160$23550      8 5.4ms
                            $techmap670945$auto$abc9_ops.cc:1552:reintegrate$665560.A[0]      8 5.4ms
                            $techmap676130$auto$abc9_ops.cc:1552:reintegrate$663720.A[2]     14 5.3ms
                                    $techmap670988$abc$663161$lut$aiger663160$27520.A[1]      8 5.3ms
                                   $techmap678276$abc$663161$lut$not$aiger663160$18938.A      6 5.3ms
                                                 ddr3.ddr3_controller_inst.stage2_row[4]     11 5.3ms
                                     ddr3.ddr3_controller_inst.stage2_data_unaligned[91]      6 5.3ms
                                            ddr3.ddr3_controller_inst.dqs_start_index[4]     11 5.3ms
                                                           $abc$663161$aiger663160$10034      3 5.3ms
                                    ddr3.ddr3_controller_inst.calib_data_randomized[103]     10 5.3ms
                                    $techmap683569$abc$663161$lut$aiger663160$23472.A[0]      4 5.3ms
                                                                 matvec.result_index[16]      4 5.3ms
                                            $auto$alumacc.cc:512:replace_alu$90623.Y[17]      2 5.3ms
                                    $techmap673364$abc$663161$lut$aiger663160$40019.A[1]     10 5.3ms
                                    $techmap680214$abc$663161$lut$aiger663160$33632.A[0]      6 5.3ms
                                      $techmap679800$abc$663161$lut\matvec.dec3[21].A[1]      9 5.3ms
                                           ddr3.ddr3_controller_inst.stage1_next_row[11]     10 5.3ms
                            $techmap672062$auto$abc9_ops.cc:1552:reintegrate$665188.A[1]     10 5.3ms
                                                                   ddr3.iserdes_data[30]      2 5.3ms
                                            ddr3.ddr3_controller_inst.read_lane_data[22]      4 5.3ms
                            $techmap671211$auto$abc9_ops.cc:1552:reintegrate$665417.A[2]     33 5.3ms
                                    $techmap671717$abc$663161$lut$aiger663160$32083.A[0]      7 5.3ms
                                    $techmap673361$abc$663161$lut$aiger663160$48807.A[5]      9 5.3ms
Info: Router2 time 48.70s
Info: Routing $PACKER_VCC_NET connections...
Info:     $PACKER_VCC_NET: 4143/4143 sinks bridged (0 holdouts; max BFS 454)
Info: Routing $PACKER_GND_NET connections...
Info:     $PACKER_GND_NET HOLDOUT: $auto$alumacc.cc:512:replace_alu$90449.genblk1.slice[0].genblk1.carry4$split$12165.DI3 (bel SLICE_X148Y157/CARRY4, wire SITEWIRE/SLICE_X148Y157/DCY0_OUT)
Info:     $PACKER_GND_NET HOLDOUT: $auto$alumacc.cc:512:replace_alu$90449.genblk1.slice[0].genblk1.carry4$split$12165.DI0 (bel SLICE_X148Y157/CARRY4, wire SITEWIRE/SLICE_X148Y157/ACY0_OUT)
Info:     $PACKER_GND_NET HOLDOUT: $auto$alumacc.cc:512:replace_alu$90449.genblk1.slice[0].genblk1.carry4$split$12177.DI2 (bel SLICE_X148Y156/CARRY4, wire SITEWIRE/SLICE_X148Y156/CCY0_OUT)
Info:     $PACKER_GND_NET HOLDOUT: $auto$alumacc.cc:512:replace_alu$90449.genblk1.slice[0].genblk1.carry4$split$12177.DI3 (bel SLICE_X148Y156/CARRY4, wire SITEWIRE/SLICE_X148Y156/DCY0_OUT)
Info:     $PACKER_GND_NET HOLDOUT: $auto$alumacc.cc:512:replace_alu$90467.genblk1.slice[0].genblk1.carry4$split$12201.DI0 (bel SLICE_X150Y131/CARRY4, wire SITEWIRE/SLICE_X150Y131/ACY0_OUT)
Info:     $PACKER_GND_NET HOLDOUT: $auto$alumacc.cc:512:replace_alu$90473.genblk1.slice[1].genblk1.carry4.DI2 (bel SLICE_X148Y182/CARRY4, wire SITEWIRE/SLICE_X148Y182/CCY0_OUT)
Info:     $PACKER_GND_NET HOLDOUT: $auto$alumacc.cc:512:replace_alu$90566.genblk1.slice[0].genblk1.carry4.DI2 (bel SLICE_X124Y161/CARRY4, wire SITEWIRE/SLICE_X124Y161/CCY0_OUT)
Info:     $PACKER_GND_NET HOLDOUT: $auto$alumacc.cc:512:replace_alu$90566.genblk1.slice[0].genblk1.carry4.DI3 (bel SLICE_X124Y161/CARRY4, wire SITEWIRE/SLICE_X124Y161/DCY0_OUT)
Info:     $PACKER_GND_NET HOLDOUT: $auto$alumacc.cc:512:replace_alu$90721.genblk1.slice[0].genblk1.carry4.DI3 (bel SLICE_X106Y163/CARRY4, wire SITEWIRE/SLICE_X106Y163/DCY0_OUT)
Info:     $PACKER_GND_NET: 3706/3715 sinks bridged (9 holdouts; max BFS 47295)
Info:     $auto$alumacc.cc:512:replace_alu$90449.genblk1.slice[0].genblk1.carry4$split$12165.DI3 (bel SLICE_X148Y157/CARRY4): CARRY4 DI with S=1 never selected, left unrouted
Info:     $auto$alumacc.cc:512:replace_alu$90449.genblk1.slice[0].genblk1.carry4$split$12165.DI0 (bel SLICE_X148Y157/CARRY4): CARRY4 DI with S=1 never selected, left unrouted
Info:     $auto$alumacc.cc:512:replace_alu$90449.genblk1.slice[0].genblk1.carry4$split$12177.DI2 (bel SLICE_X148Y156/CARRY4): CARRY4 DI with S=1 never selected, left unrouted
Info:     $auto$alumacc.cc:512:replace_alu$90449.genblk1.slice[0].genblk1.carry4$split$12177.DI3 (bel SLICE_X148Y156/CARRY4): CARRY4 DI with S=1 never selected, left unrouted
Info:     $auto$alumacc.cc:512:replace_alu$90467.genblk1.slice[0].genblk1.carry4$split$12201.DI0 (bel SLICE_X150Y131/CARRY4): CARRY4 DI with S=1 never selected, left unrouted
Info:     $auto$alumacc.cc:512:replace_alu$90473.genblk1.slice[1].genblk1.carry4.DI2 (bel SLICE_X148Y182/CARRY4): CARRY4 DI with S=1 never selected, left unrouted
Info:     $auto$alumacc.cc:512:replace_alu$90566.genblk1.slice[0].genblk1.carry4.DI2 (bel SLICE_X124Y161/CARRY4): CARRY4 DI with S=1 never selected, left unrouted
Info:     $auto$alumacc.cc:512:replace_alu$90566.genblk1.slice[0].genblk1.carry4.DI3 (bel SLICE_X124Y161/CARRY4): CARRY4 DI with S=1 never selected, left unrouted
Info:     $auto$alumacc.cc:512:replace_alu$90721.genblk1.slice[0].genblk1.carry4.DI3 (bel SLICE_X106Y163/CARRY4): CARRY4 DI with S=1 never selected, left unrouted
Info: Constant holdouts: 0 local constant LUT(s) added, 0 re-route pass(es), 9 don't-care CARRY4 DI pin(s) left unrouted
Info: Running post-routing legalisation...
Info:     BUFHCE pass-through CE: 9 tied to VCC, 0 already driven, 0 could not be reached

Info: Critical path report for clock 'clk_ctrl' (posedge -> posedge):
Info: curr total
Info:  0.1  0.1  Source $auto$ff.cc:337:slice$114519.Q
Info:  4.0  4.1    Net ddr3.ddr3_controller_inst.index_wb_data budget 0.000000 ns (206,109) -> (220,23)
Info:                Sink $auto$abc9_ops.cc:1552:reintegrate$665392.A1
Info:  0.1  4.2  Source $auto$abc9_ops.cc:1552:reintegrate$665392.O6
Info:  3.1  7.3    Net wb_rdata[2] budget 0.000000 ns (220,23) -> (211,86)
Info:                Sink $abc$663161$lut$aiger663160$31140.A3
Info:  0.1  7.5  Source $abc$663161$lut$aiger663160$31140.O6
Info:  0.7  8.1    Net $techmap671406$abc$663161$lut$aiger663160$31144.A[4] budget 0.000000 ns (211,86) -> (206,86)
Info:                Sink $abc$663161$lut$aiger663160$31144.A2
Info:  0.1  8.3  Source $abc$663161$lut$aiger663160$31144.O6
Info:  0.3  8.6    Net $techmap671408$abc$663161$lut$aiger663160$31147.A[3] budget 0.000000 ns (206,86) -> (206,86)
Info:                Sink $abc$663161$lut$aiger663160$31147.A4
Info:  0.1  8.7  Source $abc$663161$lut$aiger663160$31147.O6
Info:  0.5  9.2    Net $techmap671409$abc$663161$lut$aiger663160$31151.A[4] budget 0.000000 ns (206,86) -> (206,85)
Info:                Sink $abc$663161$lut$aiger663160$31151.A2
Info:  0.1  9.4  Source $abc$663161$lut$aiger663160$31151.O6
Info:  0.2  9.5    Net $techmap671413$abc$663161$lut$aiger663160$31155.A[4] budget 0.000000 ns (206,85) -> (206,85)
Info:                Sink $abc$663161$lut$aiger663160$31155.A4
Info:  0.1  9.6  Source $abc$663161$lut$aiger663160$31155.O6
Info:  0.6 10.3    Net $techmap671433$abc$663161$lut$aiger663160$31284.A[4] budget 0.000000 ns (206,85) -> (203,79)
Info:                Sink $abc$663161$lut$aiger663160$31284.A5
Info:  0.1 10.4  Source $abc$663161$lut$aiger663160$31284.O6
Info:  1.6 12.0    Net $techmap671439$abc$663161$lut$aiger663160$31285.A[0] budget 0.000000 ns (203,79) -> (190,71)
Info:                Sink $abc$663161$lut$aiger663160$32761.A4
Info:  0.1 12.1  Source $abc$663161$lut$aiger663160$32761.O6
Info:  0.5 12.7    Net $techmap682551$abc$663161$lut$auto$opt_dff.cc:251:make_patterns_logic$81107.A[2] budget 0.000000 ns (190,71) -> (190,70)
Info:                Sink $abc$663161$lut$aiger663160$32762.A3
Info:  0.1 12.8  Source $abc$663161$lut$aiger663160$32762.O6
Info:  1.2 14.0    Net $techmap682565$abc$663161$lut$auto$opt_dff.cc:251:make_patterns_logic$81077.A[4] budget 0.000000 ns (190,70) -> (193,63)
Info:                Sink $abc$663161$lut$auto$opt_dff.cc:251:make_patterns_logic$80993.A2
Info:  0.1 14.1  Source $abc$663161$lut$auto$opt_dff.cc:251:make_patterns_logic$80993.O6
Info:  2.5 16.6    Net $techmap682572$abc$663161$lut$auto$opt_dff.cc:251:make_patterns_logic$81094.A[5] budget 1.384000 ns (193,63) -> (164,60)
Info:                Sink $auto$ff.cc:337:slice$121799.CE
Info:  0.1 16.7  Setup $auto$ff.cc:337:slice$121799.CE
Info: 1.4 ns logic, 15.2 ns routing

Info: Max frequency for clock 'clk_ctrl': 60.05 MHz (PASS at 60.00 MHz)

Info: Slack histogram:
Info:  legend: * represents 58 endpoint(s)
Info:          + represents [1,58) endpoint(s)
Info: [    13,    829) |**+
Info: [   829,   1645) |*+
Info: [  1645,   2461) |**+
Info: [  2461,   3277) |***+
Info: [  3277,   4093) |*+
Info: [  4093,   4909) |***+
Info: [  4909,   5725) |********+
Info: [  5725,   6541) |************+
Info: [  6541,   7357) |************+
Info: [  7357,   8173) |*****************+
Info: [  8173,   8989) |************************+
Info: [  8989,   9805) |*********************************************+
Info: [  9805,  10621) |************************************************************ 
Info: [ 10621,  11437) |***********************************+
Info: [ 11437,  12253) |**********************+
Info: [ 12253,  13069) |*****************************+
Info: [ 13069,  13885) |*******************************+
Info: [ 13885,  14701) |*****************+
Info: [ 14701,  15517) |**********+
Info: [ 15517,  16333) |************+

