Info: Propagating clock constraints...
Info:     derived 200.0 MHz for net 'clk200_in' (through IBUFDS 'clk200_ibufds')
Info:     PLLE2_ADV 'pll': input 200.0 MHz, VCO 1000.0 MHz
Info:     derived 83.3 MHz for net 'ctrl_raw' (through PLLE2_ADV 'pll')
Info:     derived 333.3 MHz for net 'ddr_raw' (through PLLE2_ADV 'pll')
Info:     derived 200.0 MHz for net 'ref_raw' (through PLLE2_ADV 'pll')
Info:     derived 333.3 MHz for net 'ddr90_raw' (through PLLE2_ADV 'pll')
Info:     derived 1000.0 MHz for net 'pll_fb' (through PLLE2_ADV 'pll')
Info:     PLLE2_ADV 'pll': input 200.0 MHz, VCO 1000.0 MHz
Info: Packing constants..
Info: Inserting IO buffers..
Info:     IO port 'clk200_n' driven by IBUFDS 'clk200_ibufds'
Info:     IO port 'clk200_p' driven by IBUFDS 'clk200_ibufds'
Info:     IO port 'ddr3_cas_n' driven by OBUF '$iopadmap$tms_ddr3_ax7203.ddr3_cas_n'
Info:     IO port 'ddr3_ck_n' driven by OBUFDS 'ddr3.ddr3_phy_inst.genblk4.genblk1.OBUFDS_inst'
Info:     IO port 'ddr3_ck_p' driven by OBUFDS 'ddr3.ddr3_phy_inst.genblk4.genblk1.OBUFDS_inst'
Info:     IO port 'ddr3_cke' driven by OBUF '$iopadmap$tms_ddr3_ax7203.ddr3_cke'
Info:     IO port 'ddr3_cs_n' driven by OBUF '$iopadmap$tms_ddr3_ax7203.ddr3_cs_n'
Info:     IO port 'ddr3_odt' driven by OBUF '$iopadmap$tms_ddr3_ax7203.ddr3_odt'
Info:     IO port 'ddr3_ras_n' driven by OBUF '$iopadmap$tms_ddr3_ax7203.ddr3_ras_n'
Info:     IO port 'ddr3_reset_n' driven by OBUF '$iopadmap$tms_ddr3_ax7203.ddr3_reset_n'
Info:     IO port 'ddr3_we_n' driven by OBUF '$iopadmap$tms_ddr3_ax7203.ddr3_we_n'
Info:     IO port 'rst_n' driven by IBUF '$iopadmap$tms_ddr3_ax7203.rst_n'
Info:     IO port 'uart_tx' driven by OBUF '$iopadmap$tms_ddr3_ax7203.uart_tx'
Info:     IO port 'ddr3_addr[0]' driven by OBUF '$iopadmap$tms_ddr3_ax7203.ddr3_addr'
Info:     IO port 'ddr3_addr[1]' driven by OBUF '$iopadmap$tms_ddr3_ax7203.ddr3_addr_1'
Info:     IO port 'ddr3_addr[10]' driven by OBUF '$iopadmap$tms_ddr3_ax7203.ddr3_addr_10'
Info:     IO port 'ddr3_addr[11]' driven by OBUF '$iopadmap$tms_ddr3_ax7203.ddr3_addr_11'
Info:     IO port 'ddr3_addr[12]' driven by OBUF '$iopadmap$tms_ddr3_ax7203.ddr3_addr_12'
Info:     IO port 'ddr3_addr[13]' driven by OBUF '$iopadmap$tms_ddr3_ax7203.ddr3_addr_13'
Info:     IO port 'ddr3_addr[14]' driven by OBUF '$iopadmap$tms_ddr3_ax7203.ddr3_addr_14'
Info:     IO port 'ddr3_addr[2]' driven by OBUF '$iopadmap$tms_ddr3_ax7203.ddr3_addr_2'
Info:     IO port 'ddr3_addr[3]' driven by OBUF '$iopadmap$tms_ddr3_ax7203.ddr3_addr_3'
Info:     IO port 'ddr3_addr[4]' driven by OBUF '$iopadmap$tms_ddr3_ax7203.ddr3_addr_4'
Info:     IO port 'ddr3_addr[5]' driven by OBUF '$iopadmap$tms_ddr3_ax7203.ddr3_addr_5'
Info:     IO port 'ddr3_addr[6]' driven by OBUF '$iopadmap$tms_ddr3_ax7203.ddr3_addr_6'
Info:     IO port 'ddr3_addr[7]' driven by OBUF '$iopadmap$tms_ddr3_ax7203.ddr3_addr_7'
Info:     IO port 'ddr3_addr[8]' driven by OBUF '$iopadmap$tms_ddr3_ax7203.ddr3_addr_8'
Info:     IO port 'ddr3_addr[9]' driven by OBUF '$iopadmap$tms_ddr3_ax7203.ddr3_addr_9'
Info:     IO port 'ddr3_ba[0]' driven by OBUF '$iopadmap$tms_ddr3_ax7203.ddr3_ba'
Info:     IO port 'ddr3_ba[1]' driven by OBUF '$iopadmap$tms_ddr3_ax7203.ddr3_ba_1'
Info:     IO port 'ddr3_ba[2]' driven by OBUF '$iopadmap$tms_ddr3_ax7203.ddr3_ba_2'
Info:     IO port 'led[0]' driven by OBUF '$iopadmap$tms_ddr3_ax7203.led'
Info:     IO port 'led[1]' driven by OBUF '$iopadmap$tms_ddr3_ax7203.led_1'
Info:     IO port 'led[2]' driven by OBUF '$iopadmap$tms_ddr3_ax7203.led_2'
Info:     IO port 'led[3]' driven by OBUF '$iopadmap$tms_ddr3_ax7203.led_3'
Info:     IO port 'ddr3_dq[0]' driven by IOBUF 'ddr3.ddr3_phy_inst.genblk5[0].genblk1.IOBUF_data'
Info:     IO port 'ddr3_dq[10]' driven by IOBUF 'ddr3.ddr3_phy_inst.genblk5[10].genblk1.IOBUF_data'
Info:     IO port 'ddr3_dq[11]' driven by IOBUF 'ddr3.ddr3_phy_inst.genblk5[11].genblk1.IOBUF_data'
Info:     IO port 'ddr3_dq[12]' driven by IOBUF 'ddr3.ddr3_phy_inst.genblk5[12].genblk1.IOBUF_data'
Info:     IO port 'ddr3_dq[13]' driven by IOBUF 'ddr3.ddr3_phy_inst.genblk5[13].genblk1.IOBUF_data'
Info:     IO port 'ddr3_dq[14]' driven by IOBUF 'ddr3.ddr3_phy_inst.genblk5[14].genblk1.IOBUF_data'
Info:     IO port 'ddr3_dq[15]' driven by IOBUF 'ddr3.ddr3_phy_inst.genblk5[15].genblk1.IOBUF_data'
Info:     IO port 'ddr3_dq[1]' driven by IOBUF 'ddr3.ddr3_phy_inst.genblk5[1].genblk1.IOBUF_data'
Info:     IO port 'ddr3_dq[2]' driven by IOBUF 'ddr3.ddr3_phy_inst.genblk5[2].genblk1.IOBUF_data'
Info:     IO port 'ddr3_dq[3]' driven by IOBUF 'ddr3.ddr3_phy_inst.genblk5[3].genblk1.IOBUF_data'
Info:     IO port 'ddr3_dq[4]' driven by IOBUF 'ddr3.ddr3_phy_inst.genblk5[4].genblk1.IOBUF_data'
Info:     IO port 'ddr3_dq[5]' driven by IOBUF 'ddr3.ddr3_phy_inst.genblk5[5].genblk1.IOBUF_data'
Info:     IO port 'ddr3_dq[6]' driven by IOBUF 'ddr3.ddr3_phy_inst.genblk5[6].genblk1.IOBUF_data'
Info:     IO port 'ddr3_dq[7]' driven by IOBUF 'ddr3.ddr3_phy_inst.genblk5[7].genblk1.IOBUF_data'
Info:     IO port 'ddr3_dq[8]' driven by IOBUF 'ddr3.ddr3_phy_inst.genblk5[8].genblk1.IOBUF_data'
Info:     IO port 'ddr3_dq[9]' driven by IOBUF 'ddr3.ddr3_phy_inst.genblk5[9].genblk1.IOBUF_data'
Info:     IO port 'ddr3_dm[0]' driven by OBUF 'ddr3.ddr3_phy_inst.genblk6[0].genblk1.OBUF_dm'
Info:     IO port 'ddr3_dm[1]' driven by OBUF 'ddr3.ddr3_phy_inst.genblk6[1].genblk1.OBUF_dm'
Info:     IO port 'ddr3_dqs_p[0]' driven by IOBUFDS 'ddr3.ddr3_phy_inst.genblk7[0].genblk1.IOBUFDS_dqs'
Info:     IO port 'ddr3_dqs_n[0]' driven by IOBUFDS 'ddr3.ddr3_phy_inst.genblk7[0].genblk1.IOBUFDS_dqs'
Info:     IO port 'ddr3_dqs_p[1]' driven by IOBUFDS 'ddr3.ddr3_phy_inst.genblk7[1].genblk1.IOBUFDS_dqs'
Info:     IO port 'ddr3_dqs_n[1]' driven by IOBUFDS 'ddr3.ddr3_phy_inst.genblk7[1].genblk1.IOBUFDS_dqs'
Info:     Constraining 'clk200_n' to site 'IOB_X1Y123'
Info:     Tile 'RIOB33_X105Y123'
Info:     Constraining 'clk200_p' to site 'IOB_X1Y124'
Info:     Tile 'RIOB33_X105Y123'
Info:     Constraining 'ddr3_cas_n' to site 'IOB_X1Y125'
Info:     Tile 'RIOB33_X105Y125'
Info:     Constraining 'ddr3_ck_n' to site 'IOB_X1Y143'
Info:     Tile 'RIOB33_X105Y143'
Info:     Constraining 'ddr3_ck_p' to site 'IOB_X1Y144'
Info:     Tile 'RIOB33_X105Y143'
Info:     Constraining 'ddr3_cke' to site 'IOB_X1Y122'
Info:     Tile 'RIOB33_X105Y121'
Info:     Constraining 'ddr3_cs_n' to site 'IOB_X1Y134'
Info:     Tile 'RIOB33_X105Y133'
Info:     Constraining 'ddr3_odt' to site 'IOB_X1Y121'
Info:     Tile 'RIOB33_X105Y121'
Info:     Constraining 'ddr3_ras_n' to site 'IOB_X1Y126'
Info:     Tile 'RIOB33_X105Y125'
Info:     Constraining 'ddr3_reset_n' to site 'IOB_X1Y120'
Info:     Tile 'RIOB33_X105Y119'
Info:     Constraining 'ddr3_we_n' to site 'IOB_X1Y136'
Info:     Tile 'RIOB33_X105Y135'
Info:     Constraining 'rst_n' to site 'IOB_X1Y115'
Info:     Tile 'RIOB33_X105Y115'
Info:     Constraining 'uart_tx' to site 'IOB_X0Y100'
Info:     Tile 'LIOB33_SING_X0Y100'
Info:     Constraining 'ddr3_addr[0]' to site 'IOB_X1Y127'
Info:     Tile 'RIOB33_X105Y127'
Info:     Constraining 'ddr3_addr[1]' to site 'IOB_X1Y133'
Info:     Tile 'RIOB33_X105Y133'
Info:     Constraining 'ddr3_addr[10]' to site 'IOB_X1Y139'
Info:     Tile 'RIOB33_X105Y139'
Info:     Constraining 'ddr3_addr[11]' to site 'IOB_X1Y142'
Info:     Tile 'RIOB33_X105Y141'
Info:     Constraining 'ddr3_addr[12]' to site 'IOB_X1Y141'
Info:     Tile 'RIOB33_X105Y141'
Info:     Constraining 'ddr3_addr[13]' to site 'IOB_X1Y147'
Info:     Tile 'RIOB33_X105Y147'
Info:     Constraining 'ddr3_addr[14]' to site 'IOB_X1Y137'
Info:     Tile 'RIOB33_X105Y137'
Info:     Constraining 'ddr3_addr[2]' to site 'IOB_X1Y130'
Info:     Tile 'RIOB33_X105Y129'
Info:     Constraining 'ddr3_addr[3]' to site 'IOB_X1Y129'
Info:     Tile 'RIOB33_X105Y129'
Info:     Constraining 'ddr3_addr[4]' to site 'IOB_X1Y135'
Info:     Tile 'RIOB33_X105Y135'
Info:     Constraining 'ddr3_addr[5]' to site 'IOB_X1Y138'
Info:     Tile 'RIOB33_X105Y137'
Info:     Constraining 'ddr3_addr[6]' to site 'IOB_X1Y140'
Info:     Tile 'RIOB33_X105Y139'
Info:     Constraining 'ddr3_addr[7]' to site 'IOB_X1Y148'
Info:     Tile 'RIOB33_X105Y147'
Info:     Constraining 'ddr3_addr[8]' to site 'IOB_X1Y145'
Info:     Tile 'RIOB33_X105Y145'
Info:     Constraining 'ddr3_addr[9]' to site 'IOB_X1Y146'
Info:     Tile 'RIOB33_X105Y145'
Info:     Constraining 'ddr3_ba[0]' to site 'IOB_X1Y131'
Info:     Tile 'RIOB33_X105Y131'
Info:     Constraining 'ddr3_ba[1]' to site 'IOB_X1Y132'
Info:     Tile 'RIOB33_X105Y131'
Info:     Constraining 'ddr3_ba[2]' to site 'IOB_X1Y128'
Info:     Tile 'RIOB33_X105Y127'
Info:     Constraining 'led[0]' to site 'IOB_X0Y233'
Info:     Tile 'LIOB33_X0Y233'
Info:     Constraining 'led[1]' to site 'IOB_X0Y234'
Info:     Tile 'LIOB33_X0Y233'
Info:     Constraining 'led[2]' to site 'IOB_X0Y238'
Info:     Tile 'LIOB33_X0Y237'
Info:     Constraining 'led[3]' to site 'IOB_X0Y237'
Info:     Tile 'LIOB33_X0Y237'
Info:     Constraining 'ddr3_dq[0]' to site 'IOB_X1Y196'
Info:     Tile 'RIOB33_X105Y195'
Info:     Constraining 'ddr3_dq[10]' to site 'IOB_X1Y184'
Info:     Tile 'RIOB33_X105Y183'
Info:     Constraining 'ddr3_dq[11]' to site 'IOB_X1Y179'
Info:     Tile 'RIOB33_X105Y179'
Info:     Constraining 'ddr3_dq[12]' to site 'IOB_X1Y185'
Info:     Tile 'RIOB33_X105Y185'
Info:     Constraining 'ddr3_dq[13]' to site 'IOB_X1Y180'
Info:     Tile 'RIOB33_X105Y179'
Info:     Constraining 'ddr3_dq[14]' to site 'IOB_X1Y186'
Info:     Tile 'RIOB33_X105Y185'
Info:     Constraining 'ddr3_dq[15]' to site 'IOB_X1Y176'
Info:     Tile 'RIOB33_X105Y175'
Info:     Constraining 'ddr3_dq[1]' to site 'IOB_X1Y190'
Info:     Tile 'RIOB33_X105Y189'
Info:     Constraining 'ddr3_dq[2]' to site 'IOB_X1Y197'
Info:     Tile 'RIOB33_X105Y197'
Info:     Constraining 'ddr3_dq[3]' to site 'IOB_X1Y188'
Info:     Tile 'RIOB33_X105Y187'
Info:     Constraining 'ddr3_dq[4]' to site 'IOB_X1Y195'
Info:     Tile 'RIOB33_X105Y195'
Info:     Constraining 'ddr3_dq[5]' to site 'IOB_X1Y189'
Info:     Tile 'RIOB33_X105Y189'
Info:     Constraining 'ddr3_dq[6]' to site 'IOB_X1Y198'
Info:     Tile 'RIOB33_X105Y197'
Info:     Constraining 'ddr3_dq[7]' to site 'IOB_X1Y192'
Info:     Tile 'RIOB33_X105Y191'
Info:     Constraining 'ddr3_dq[8]' to site 'IOB_X1Y178'
Info:     Tile 'RIOB33_X105Y177'
Info:     Constraining 'ddr3_dq[9]' to site 'IOB_X1Y177'
Info:     Tile 'RIOB33_X105Y177'
Info:     Constraining 'ddr3_dm[0]' to site 'IOB_X1Y191'
Info:     Tile 'RIOB33_X105Y191'
Info:     Constraining 'ddr3_dm[1]' to site 'IOB_X1Y183'
Info:     Tile 'RIOB33_X105Y183'
Info:     Constraining 'ddr3_dqs_p[0]' to site 'IOB_X1Y194'
Info:     Tile 'RIOB33_X105Y193'
Info:     Constraining 'ddr3_dqs_n[0]' to site 'IOB_X1Y193'
Info:     Tile 'RIOB33_X105Y193'
Info:     Constraining 'ddr3_dqs_p[1]' to site 'IOB_X1Y182'
Info:     Tile 'RIOB33_X105Y181'
Info:     Constraining 'ddr3_dqs_n[1]' to site 'IOB_X1Y181'
Info:     Tile 'RIOB33_X105Y181'
Info: Generating output buffer for '$iopadmap$tms_ddr3_ax7203.ddr3_cas_n'
Info: Generating output buffer for '$iopadmap$tms_ddr3_ax7203.ddr3_cke'
Info: Generating output buffer for '$iopadmap$tms_ddr3_ax7203.ddr3_cs_n'
Info: Generating output buffer for '$iopadmap$tms_ddr3_ax7203.ddr3_odt'
Info: Generating output buffer for '$iopadmap$tms_ddr3_ax7203.ddr3_ras_n'
Info: Generating output buffer for '$iopadmap$tms_ddr3_ax7203.ddr3_reset_n'
Info: Generating output buffer for '$iopadmap$tms_ddr3_ax7203.ddr3_we_n'
Info: Generating input buffer for '$iopadmap$tms_ddr3_ax7203.rst_n'
Info: Generating output buffer for '$iopadmap$tms_ddr3_ax7203.uart_tx'
Info: Generating output buffer for '$iopadmap$tms_ddr3_ax7203.ddr3_addr'
Info: Generating output buffer for '$iopadmap$tms_ddr3_ax7203.ddr3_addr_1'
Info: Generating output buffer for '$iopadmap$tms_ddr3_ax7203.ddr3_addr_10'
Info: Generating output buffer for '$iopadmap$tms_ddr3_ax7203.ddr3_addr_11'
Info: Generating output buffer for '$iopadmap$tms_ddr3_ax7203.ddr3_addr_12'
Info: Generating output buffer for '$iopadmap$tms_ddr3_ax7203.ddr3_addr_13'
Info: Generating output buffer for '$iopadmap$tms_ddr3_ax7203.ddr3_addr_14'
Info: Generating output buffer for '$iopadmap$tms_ddr3_ax7203.ddr3_addr_2'
Info: Generating output buffer for '$iopadmap$tms_ddr3_ax7203.ddr3_addr_3'
Info: Generating output buffer for '$iopadmap$tms_ddr3_ax7203.ddr3_addr_4'
Info: Generating output buffer for '$iopadmap$tms_ddr3_ax7203.ddr3_addr_5'
Info: Generating output buffer for '$iopadmap$tms_ddr3_ax7203.ddr3_addr_6'
Info: Generating output buffer for '$iopadmap$tms_ddr3_ax7203.ddr3_addr_7'
Info: Generating output buffer for '$iopadmap$tms_ddr3_ax7203.ddr3_addr_8'
Info: Generating output buffer for '$iopadmap$tms_ddr3_ax7203.ddr3_addr_9'
Info: Generating output buffer for '$iopadmap$tms_ddr3_ax7203.ddr3_ba'
Info: Generating output buffer for '$iopadmap$tms_ddr3_ax7203.ddr3_ba_1'
Info: Generating output buffer for '$iopadmap$tms_ddr3_ax7203.ddr3_ba_2'
Info: Generating output buffer for '$iopadmap$tms_ddr3_ax7203.led'
Info: Generating output buffer for '$iopadmap$tms_ddr3_ax7203.led_1'
Info: Generating output buffer for '$iopadmap$tms_ddr3_ax7203.led_2'
Info: Generating output buffer for '$iopadmap$tms_ddr3_ax7203.led_3'
Info: Generating input buffer for 'ddr3.ddr3_phy_inst.genblk5[0].genblk1.IOBUF_data'
Info: Generating output buffer for 'ddr3.ddr3_phy_inst.genblk5[0].genblk1.IOBUF_data'
Info: Generating input buffer for 'ddr3.ddr3_phy_inst.genblk5[10].genblk1.IOBUF_data'
Info: Generating output buffer for 'ddr3.ddr3_phy_inst.genblk5[10].genblk1.IOBUF_data'
Info: Generating input buffer for 'ddr3.ddr3_phy_inst.genblk5[11].genblk1.IOBUF_data'
Info: Generating output buffer for 'ddr3.ddr3_phy_inst.genblk5[11].genblk1.IOBUF_data'
Info: Generating input buffer for 'ddr3.ddr3_phy_inst.genblk5[12].genblk1.IOBUF_data'
Info: Generating output buffer for 'ddr3.ddr3_phy_inst.genblk5[12].genblk1.IOBUF_data'
Info: Generating input buffer for 'ddr3.ddr3_phy_inst.genblk5[13].genblk1.IOBUF_data'
Info: Generating output buffer for 'ddr3.ddr3_phy_inst.genblk5[13].genblk1.IOBUF_data'
Info: Generating input buffer for 'ddr3.ddr3_phy_inst.genblk5[14].genblk1.IOBUF_data'
Info: Generating output buffer for 'ddr3.ddr3_phy_inst.genblk5[14].genblk1.IOBUF_data'
Info: Generating input buffer for 'ddr3.ddr3_phy_inst.genblk5[15].genblk1.IOBUF_data'
Info: Generating output buffer for 'ddr3.ddr3_phy_inst.genblk5[15].genblk1.IOBUF_data'
Info: Generating input buffer for 'ddr3.ddr3_phy_inst.genblk5[1].genblk1.IOBUF_data'
Info: Generating output buffer for 'ddr3.ddr3_phy_inst.genblk5[1].genblk1.IOBUF_data'
Info: Generating input buffer for 'ddr3.ddr3_phy_inst.genblk5[2].genblk1.IOBUF_data'
Info: Generating output buffer for 'ddr3.ddr3_phy_inst.genblk5[2].genblk1.IOBUF_data'
Info: Generating input buffer for 'ddr3.ddr3_phy_inst.genblk5[3].genblk1.IOBUF_data'
Info: Generating output buffer for 'ddr3.ddr3_phy_inst.genblk5[3].genblk1.IOBUF_data'
Info: Generating input buffer for 'ddr3.ddr3_phy_inst.genblk5[4].genblk1.IOBUF_data'
Info: Generating output buffer for 'ddr3.ddr3_phy_inst.genblk5[4].genblk1.IOBUF_data'
Info: Generating input buffer for 'ddr3.ddr3_phy_inst.genblk5[5].genblk1.IOBUF_data'
Info: Generating output buffer for 'ddr3.ddr3_phy_inst.genblk5[5].genblk1.IOBUF_data'
Info: Generating input buffer for 'ddr3.ddr3_phy_inst.genblk5[6].genblk1.IOBUF_data'
Info: Generating output buffer for 'ddr3.ddr3_phy_inst.genblk5[6].genblk1.IOBUF_data'
Info: Generating input buffer for 'ddr3.ddr3_phy_inst.genblk5[7].genblk1.IOBUF_data'
Info: Generating output buffer for 'ddr3.ddr3_phy_inst.genblk5[7].genblk1.IOBUF_data'
Info: Generating input buffer for 'ddr3.ddr3_phy_inst.genblk5[8].genblk1.IOBUF_data'
Info: Generating output buffer for 'ddr3.ddr3_phy_inst.genblk5[8].genblk1.IOBUF_data'
Info: Generating input buffer for 'ddr3.ddr3_phy_inst.genblk5[9].genblk1.IOBUF_data'
Info: Generating output buffer for 'ddr3.ddr3_phy_inst.genblk5[9].genblk1.IOBUF_data'
Info: Generating output buffer for 'ddr3.ddr3_phy_inst.genblk6[0].genblk1.OBUF_dm'
Info: Generating output buffer for 'ddr3.ddr3_phy_inst.genblk6[1].genblk1.OBUF_dm'
Info:     Created 3 INVERTER cells from:
Info:              3x INV
Info:     Created 57 PAD cells from:
Info:             57x PAD
Info: Preparing clocking...
Info: Packing constants..
Info: Packing cfg...
Info: Packing PLLs...
Info:     Constrained PLLE2_ADV_PLLE2_ADV 'pll' to bel 'PLLE2_ADV_X1Y2/PLLE2_ADV' based on dedicated routing
Info:     PLL/MMCM: disconnected 28 const DRP/control pins (Vivado leaves them unrouted)
Info: Packing Gigabit Transceivers..
Info: Packing global buffers...
Info:     Constrained BUFGCTRL 'clk_ctrl_bufg' to bel 'BUFGCTRL_X0Y0/BUFGCTRL' based on dedicated routing
Info:     Constrained BUFGCTRL 'clk_ddr_90_bufg' to bel 'BUFGCTRL_X0Y1/BUFGCTRL' based on dedicated routing
Info:     Constrained BUFGCTRL 'clk_ddr_bufg' to bel 'BUFGCTRL_X0Y2/BUFGCTRL' based on dedicated routing
Info:     Constrained BUFGCTRL 'clk_ref_bufg' to bel 'BUFGCTRL_X0Y3/BUFGCTRL' based on dedicated routing
Info: Packing MUX[789]s..
Info: Packing carries (atomic CARRY4)..
Info:    Packed 594 CARRY4 cells into 186 chains (atomic).
Info: router2 PRECYINIT fix: 594 CARRY4 cells, 748 constant carry pins disconnected
Info:    Carry-O relocation: 16 sum(s) duplicated, 16 CARRY4 split(s), 0 bit(s) skipped (unrelocatable)
Info: Packing LUTs..
Info:     Created 15619 SLICE_LUTX cells from:
Info:           4481x LUT1
Info:           2735x LUT2
Info:           2140x LUT3
Info:           1599x LUT4
Info:           3284x LUT5
Info:           1380x LUT6
Info: Packing DRAM..
Info:    Transformed 0 tied-low DRAM address inputs to be tied-high
Info: Packing BRAM..
Info: Packing DSPs..
Info: Packing flipflops..
Info:     Created 6971 SLICE_FFX cells from:
Info:           4694x FDCE
Info:             16x FDPE
Info:           2236x FDRE
Info:             25x FDSE
Info:     local-const FF control: disconnected 89 SR(=GND) + 4000 CE(=VCC) pins from global nets
Info:     Created 24 SELMUX2_1 cells from:
Info:             24x MUXF7
Info: Constrained 3774 LUTFF pairs.

Info: Annotating ports with timing budgets for target frequency 12.00 MHz
Info: Checksum: 0xda63c3af

Info: Device utilisation:
Info: 	          SLICE_LUTX: 15619/269200     5%
Info: 	           SLICE_FFX:  6971/269200     2%
Info: 	              CARRY4:   610/33650     1%
Info: 	          PSEUDO_GND:     1/69165     0%
Info: 	          PSEUDO_VCC:     1/69165     0%
Info: 	               HARD0:     0/ 3960     0%
Info: 	            RAMB18E1:     0/  730     0%
Info: 	            FIFO18E1:     0/  365     0%
Info: 	        RAMBFIFO36E1:     0/  365     0%
Info: 	            RAMB36E1:     0/  365     0%
Info: 	             DSP48E1:     0/  740     0%
Info: 	                 PAD:    57/ 1062     5%
Info: 	       IOB33M_OUTBUF:     3/  240     1%
Info: 	       IOB33S_OUTBUF:     3/  240     1%
Info: 	        IOB33_OUTBUF:    48/  500     9%
Info: 	     IOB33M_INBUF_EN:     3/  240     1%
Info: 	     IOB33S_INBUF_EN:     0/  240     0%
Info: 	      IOB33_INBUF_EN:    17/  500     3%
Info: 	IOB33M_TERM_OVERRIDE:     0/  240     0%
Info: 	IOB33S_TERM_OVERRIDE:     0/  240     0%
Info: 	 IOB33_TERM_OVERRIDE:     0/  500     0%
Info: 	       PULL_OR_KEEP1:     0/  980     0%
Info: 	            IDELAYE2:    18/  500     3%
Info: 	        OLOGICE3_TFF:     0/  500     0%
Info: 	      OLOGICE3_OUTFF:     0/  500     0%
Info: 	       OLOGICE3_MISR:     0/  500     0%
Info: 	           OSERDESE2:    45/  500     9%
Info: 	        ILOGICE3_IFF:     0/  500     0%
Info: 	ILOGICE3_ZHOLD_DELAY:     0/  500     0%
Info: 	           ISERDESE2:    18/  500     3%
Info: 	                BUFR:     0/   40     0%
Info: 	               BUFIO:     0/   40     0%
Info: 	          IDELAYCTRL:     1/   10    10%
Info: 	            BUFGCTRL:     4/   32    12%
Info: 	            PCIE_2_1:     0/    1     0%
Info: 	               BSCAN:     0/    4     0%
Info: 	                BUFG:     0/   32     0%
Info: 	              BUFHCE:     0/  120     0%
Info: 	            DCIRESET:     0/    1     0%
Info: 	            DNA_PORT:     0/    1     0%
Info: 	           EFUSE_USR:     0/    1     0%
Info: 	           FRAME_ECC:     0/    1     0%
Info: 	       GTPE2_CHANNEL:     0/   16     0%
Info: 	        GTPE2_COMMON:     0/    4     0%
Info: 	         IBUFDS_GTE2:     0/    8     0%
Info: 	                ICAP:     0/    2     0%
Info: 	            INVERTER:     3/  240     1%
Info: 	          MMCME2_ADV:     0/   10     0%
Info: 	        OLOGICE2_TFF:     0/  500     0%
Info: 	      OLOGICE2_OUTFF:     0/  500     0%
Info: 	           PLLE2_ADV:     1/   10    10%
Info: 	           SELMUX2_1:    24/102950     0%
Info: 	             STARTUP:     0/    1     0%
Info: 	          USR_ACCESS:     0/    1     0%
Info: 	              BUFFER:     0/   82     0%
Info: 	        ILOGICE2_IFF:     0/  500     0%
Info: 	       OLOGICE2_MISR:     0/  500     0%

Info: HeAP congestion knobs: beta=0.400 spread_scale=2,1 alpha=0.080
Info: Placed 221 cells based on constraints.
Info: Creating initial analytic placement for 13685 cells, random placement wirelen = 5424553.
Info:     at initial placer iter 0, wirelen = 45561
Info:     at initial placer iter 1, wirelen = 41560
Info:     at initial placer iter 2, wirelen = 41257
Info:     at initial placer iter 3, wirelen = 40868
Info: Running main analytical placer.
Info:     at iteration #1, type ALL: wirelen solved = 40846, spread = 760875, legal = 764714; time = 0.34s
Info:     at iteration #2, type ALL: wirelen solved = 103005, spread = 505660, legal = 507391; time = 0.32s
Info:     at iteration #3, type ALL: wirelen solved = 132444, spread = 423218, legal = 428088; time = 0.30s
Info:     at iteration #4, type ALL: wirelen solved = 156352, spread = 321238, legal = 328176; time = 0.29s
Info:     at iteration #5, type ALL: wirelen solved = 161301, spread = 410983, legal = 418198; time = 0.29s
Info:     at iteration #6, type ALL: wirelen solved = 179406, spread = 302333, legal = 309991; time = 0.28s
Info:     at iteration #7, type ALL: wirelen solved = 180221, spread = 308883, legal = 318777; time = 0.28s
Info:     at iteration #8, type ALL: wirelen solved = 188770, spread = 279578, legal = 288465; time = 0.28s
Info:     at iteration #9, type ALL: wirelen solved = 190423, spread = 279272, legal = 287126; time = 0.28s
Info:     at iteration #10, type ALL: wirelen solved = 194978, spread = 275738, legal = 285055; time = 0.28s
Info:     at iteration #11, type ALL: wirelen solved = 197829, spread = 288663, legal = 299176; time = 0.28s
Info:     at iteration #12, type ALL: wirelen solved = 202697, spread = 329389, legal = 335646; time = 0.28s
Info:     at iteration #13, type ALL: wirelen solved = 210339, spread = 332168, legal = 334560; time = 0.27s
Info:     at iteration #14, type ALL: wirelen solved = 215861, spread = 317392, legal = 327061; time = 0.36s
Info:     at iteration #15, type ALL: wirelen solved = 234183, spread = 325165, legal = 335399; time = 0.26s
Info: HeAP Placer Time: 6.59s
Info:   of which solving equations: 3.22s
Info:   of which spreading cells: 0.79s
Info:   of which strict legalisation: 0.97s

Info: Running simulated annealing placer for refinement.
Info:   at iteration #1: temp = 0.000000, timing cost = 602, wirelen = 285055
Info:   at iteration #5: temp = 0.000000, timing cost = 311, wirelen = 271822
Info:   at iteration #10: temp = 0.000000, timing cost = 300, wirelen = 270419
Info:   at iteration #15: temp = 0.000000, timing cost = 298, wirelen = 270077
Info:   at iteration #15: temp = 0.000000, timing cost = 298, wirelen = 270081 
Info: SA placement time 6.94s

Info: Max frequency for clock 'clk_ctrl': 68.16 MHz (FAIL at 83.33 MHz)

Info: Slack histogram:
Info:  legend: * represents 35 endpoint(s)
Info:          + represents [1,35) endpoint(s)
Info: [ -2671,  -1947) |+
Info: [ -1947,  -1223) |+
Info: [ -1223,   -499) |+
Info: [  -499,    225) |+
Info: [   225,    949) |+
Info: [   949,   1673) |*+
Info: [  1673,   2397) |****+
Info: [  2397,   3121) |***************+
Info: [  3121,   3845) |***************************+
Info: [  3845,   4569) |*********************+
Info: [  4569,   5293) |*************************************+
Info: [  5293,   6017) |************************+
Info: [  6017,   6741) |***************+
Info: [  6741,   7465) |*******************+
Info: [  7465,   8189) |**********************************************+
Info: [  8189,   8913) |**********************************************************+
Info: [  8913,   9637) |************************************************************ 
Info: [  9637,  10361) |********************************************************+
Info: [ 10361,  11085) |*********************************+
Info: [ 11085,  11809) |*************************************+
Info: Checksum: 0x8ad73f27
Info: Running post-placement legalisation...
Info: post-place repair: relocated 5419 stranded cluster(s)/cell(s) to valid bels
Info: Routing global clocks...
Info:     routing clock 'clk_ddr'
Info:     routing clock 'clk_ctrl'
Info:     routing clock 'clk200_in'
Info:     routing clock 'ctrl_raw'
Info:     routing clock 'ddr90_raw'
Info:     routing clock 'clk_ddr_90'
Info:     routing clock 'ddr_raw'
Info:     routing clock 'ref_raw'
Info:     routing clock 'clk_ref'
Info: Running router2...
Info: Setting up routing resources...
Info: Adopted 7138 pre-routed arc(s)
Info: Running main router loop...
Info:     iter=1 wires=333924 overused=11648 overuse=12043 archfail=NA
Info:     iter=2 wires=342036 overused=59 overuse=59 archfail=NA
Info:     iter=3 wires=342116 overused=0 overuse=0 archfail=0
Info: 1000 slowest nets by runtime:
        $techmap$techmap237110$auto$ff.cc:337:slice$155635.$auto$abc9_ops.cc:411:prep_bypass$237035.CLR   4516 603.9ms
                  $techmap674678$auto$abc_ops_reintegrate.cc:611:reintegrate$669771.A[1]    506 567.4ms
                                                                              ddr3.reset   2170 452.2ms
                                                                   reader.reader.advance   1024 419.9ms
                                            $techmap240232$auto$ff.cc:337:slice$111764.D    517 289.3ms
                                                                              pll_locked      2 248.2ms
                                         $techmap682295$abc$667842$lut$aiger$o23531.A[3]    489 244.3ms
                                                                    reader.reader.rd_ack    289 186.2ms
                  $techmap675866$auto$abc_ops_reintegrate.cc:611:reintegrate$669030.A[2]    191 181.7ms
                  $techmap675866$auto$abc_ops_reintegrate.cc:611:reintegrate$669030.A[3]    192 156.8ms
                                    $techmap676508$abc$667842$lut$aiger667841$25958.A[2]     73 154.3ms
                                    $techmap676159$abc$667842$lut$aiger667841$23078.A[3]     44 144.6ms
                  $techmap677759$auto$abc_ops_reintegrate.cc:611:reintegrate$668804.A[3]     88 142.6ms
                                                                      reader.reader.s6_v    309 136.8ms
                                         $techmap685524$abc$667842$lut$aiger$o16868.A[2]    174 134.6ms
                                $abc$667842$auto$simple.cc:210:make_patterns_logic$85070     72 133.7ms
                                                          ddr3.ddr3_controller_inst.lane    132 133.4ms
                                        ddr3.ddr3_controller_inst.data_start_index[0][2]    147 132.1ms
                                    $techmap677139$abc$667842$lut$aiger667841$29561.A[2]     47 128.6ms
                                $abc$667842$auto$simple.cc:210:make_patterns_logic$84010    144 127.2ms
                                                 ddr3.ddr3_controller_inst.stage2_update    158 118.4ms
                  $techmap676164$auto$abc_ops_reintegrate.cc:611:reintegrate$669012.A[2]     86 117.5ms
                                                    ddr3.ddr3_controller_inst.late_dq[0]    208 117.1ms
                                            $techmap241794$auto$ff.cc:337:slice$102283.D     83 115.0ms
                                        ddr3.ddr3_controller_inst.data_start_index[1][4]    215 113.5ms
                                                    ddr3.ddr3_controller_inst.late_dq[1]    203 112.7ms
                                    $techmap676159$abc$667842$lut$aiger667841$23078.A[2]     49 109.4ms
                  $techmap676760$auto$abc_ops_reintegrate.cc:611:reintegrate$668932.A[0]     62 106.9ms
                  $techmap677732$auto$abc_ops_reintegrate.cc:611:reintegrate$668814.A[0]     78 106.1ms
                                                                                     rst    194 103.7ms
                  $techmap677140$auto$abc_ops_reintegrate.cc:611:reintegrate$668911.A[2]     61 102.3ms
                                    $techmap676147$abc$667842$lut$aiger667841$23058.A[1]     69 102.2ms
                                        ddr3.ddr3_controller_inst.data_start_index[1][5]    101 102.1ms
                                         $techmap676627$abc$667842$lut$aiger$o17980.A[0]     91 102.0ms
                                    $techmap676508$abc$667842$lut$aiger667841$25958.A[4]     79 102.0ms
                                        ddr3.ddr3_controller_inst.data_start_index[0][3]    169 101.6ms
                  $techmap676760$auto$abc_ops_reintegrate.cc:611:reintegrate$668932.A[1]     68 99.9ms
                  $techmap676418$auto$abc_ops_reintegrate.cc:611:reintegrate$668961.A[1]     59 99.7ms
                                        ddr3.ddr3_controller_inst.data_start_index[0][6]    105 94.3ms
                  $techmap677164$auto$abc_ops_reintegrate.cc:611:reintegrate$668905.A[2]     74 92.3ms
                  $techmap676202$auto$abc_ops_reintegrate.cc:611:reintegrate$669001.A[1]     80 92.1ms
                                        ddr3.ddr3_controller_inst.data_start_index[1][2]    147 91.0ms
                  $techmap676204$auto$abc_ops_reintegrate.cc:611:reintegrate$669000.A[1]     91 89.1ms
                  $techmap676452$auto$abc_ops_reintegrate.cc:611:reintegrate$668951.A[0]    111 88.0ms
                                                                               debug1[0]     41 86.7ms
                  $techmap676194$auto$abc_ops_reintegrate.cc:611:reintegrate$669006.A[0]    193 85.8ms
                  $techmap678630$auto$abc_ops_reintegrate.cc:611:reintegrate$668589.A[0]     53 85.6ms
                  $techmap675497$auto$abc_ops_reintegrate.cc:611:reintegrate$669190.A[0]     81 84.2ms
                  $techmap679983$auto$abc_ops_reintegrate.cc:611:reintegrate$668308.A[1]     51 84.1ms
                                        ddr3.ddr3_controller_inst.data_start_index[1][3]    169 83.9ms
                                    $techmap676510$abc$667842$lut$aiger667841$25961.A[3]     74 83.7ms
                                                 ddr3.ddr3_controller_inst.index_wb_data    129 83.5ms
                                        ddr3.ddr3_controller_inst.data_start_index[1][6]    100 83.3ms
                                    $techmap676148$abc$667842$lut$aiger667841$23059.A[1]     51 81.4ms
                                            $techmap238076$auto$ff.cc:337:slice$121941.D     67 80.7ms
                                        ddr3.ddr3_controller_inst.data_start_index[0][1]    166 78.4ms
                                        ddr3.ddr3_controller_inst.data_start_index[1][1]    165 77.6ms
                                                                                    s_go     64 73.7ms
                  $techmap675249$auto$abc_ops_reintegrate.cc:611:reintegrate$669339.A[1]     44 71.3ms
                                    $techmap675529$abc$667842$lut$aiger667841$17680.A[0]    116 71.0ms
                                        ddr3.ddr3_controller_inst.data_start_index[0][4]    209 70.8ms
                  $techmap675506$auto$abc_ops_reintegrate.cc:611:reintegrate$669189.A[2]     44 69.0ms
                  $techmap680398$auto$abc_ops_reintegrate.cc:611:reintegrate$668226.A[1]     50 66.9ms
                                         $techmap685506$abc$667842$lut$aiger$o18594.A[2]     76 66.7ms
                  $techmap679947$auto$abc_ops_reintegrate.cc:611:reintegrate$668314.A[0]     41 65.6ms
                  $techmap675907$auto$abc_ops_reintegrate.cc:611:reintegrate$669022.A[5]     57 65.4ms
                                        ddr3.ddr3_controller_inst.data_start_index[0][0]    108 65.0ms
                                                                                 tx_busy     77 64.9ms
                  $techmap679694$auto$abc_ops_reintegrate.cc:611:reintegrate$668375.A[1]     44 64.3ms
                                        ddr3.ddr3_controller_inst.data_start_index[0][5]    104 63.5ms
                  $techmap676418$auto$abc_ops_reintegrate.cc:611:reintegrate$668961.A[2]     80 62.8ms
                                                ddr3.ddr3_controller_inst.stage1_bank[0]     45 61.6ms
        $flatten\ddr3.\ddr3_controller_inst.$shiftx$build/uberddr3/rtl/ddr3_controller.v:2248$24930.Y     64 61.5ms
                                         ddr3.ddr3_controller_inst.stage1_next_bank_d[1]     41 60.4ms
                  $techmap675558$auto$abc_ops_reintegrate.cc:611:reintegrate$669187.A[0]    102 59.7ms
                                              ddr3.ddr3_controller_inst.stage2_bank_d[0]     50 59.3ms
                                                  $abc$667842$lut$aiger667841$59409.A[5]     41 56.7ms
                                              ddr3.ddr3_controller_inst.write_pattern[0]     46 56.2ms
                  $techmap675014$auto$abc_ops_reintegrate.cc:611:reintegrate$669463.A[1]     43 55.5ms
                                    $techmap675525$abc$667842$lut$aiger667841$17669.A[0]     46 55.3ms
                                    $techmap675531$abc$667842$lut$aiger667841$17694.A[0]    110 55.3ms
                                                  $abc$667842$lut$aiger667841$49255.A[0]     41 55.0ms
                                              ddr3.ddr3_controller_inst.stage2_bank_d[1]     46 53.1ms
                                $abc$667842$auto$simple.cc:210:make_patterns_logic$84104    129 52.5ms
                                    $techmap676193$abc$667842$lut$aiger667841$23238.A[0]     45 51.3ms
                  $techmap677164$auto$abc_ops_reintegrate.cc:611:reintegrate$668905.A[0]     65 50.7ms
                                    $techmap675010$abc$667842$lut$aiger667841$34405.A[1]     41 47.6ms
                                                                            recalibrated      1 47.2ms
                                        ddr3.ddr3_controller_inst.data_start_index[1][0]    108 47.1ms
                                         $techmap682418$abc$667842$lut$aiger$o23041.A[0]     64 46.7ms
                                                ddr3.ddr3_controller_inst.stage1_bank[1]     44 45.4ms
                  $techmap679947$auto$abc_ops_reintegrate.cc:611:reintegrate$668314.A[1]     41 43.8ms
                  $techmap679970$auto$abc_ops_reintegrate.cc:611:reintegrate$668311.A[0]     55 43.0ms
                  $techmap675015$auto$abc_ops_reintegrate.cc:611:reintegrate$669462.A[1]     42 41.3ms
                                                             ddr3.ddr3_phy_inst.sync_rst     64 40.6ms
                                    $techmap675519$abc$667842$lut$aiger667841$17661.A[0]     47 40.2ms
                                         $techmap676450$abc$667842$lut$aiger$o18349.A[1]     44 40.1ms
                                              ddr3.ddr3_controller_inst.stage2_bank_d[2]     28 39.6ms
                  $techmap678763$auto$abc_ops_reintegrate.cc:611:reintegrate$668559.A[1]     64 39.4ms
                  $techmap678400$auto$abc_ops_reintegrate.cc:611:reintegrate$668653.A[0]     41 39.2ms
                                            $techmap240198$auto$ff.cc:337:slice$112684.D     42 38.5ms
                                         $techmap682397$abc$667842$lut$aiger$o15629.A[1]     68 38.3ms
                                $abc$667842$auto$simple.cc:210:make_patterns_logic$84471     71 38.0ms
                  $techmap680302$auto$abc_ops_reintegrate.cc:611:reintegrate$668249.A[1]     43 36.0ms
                  $techmap680262$auto$abc_ops_reintegrate.cc:611:reintegrate$668258.A[1]     45 35.7ms
                                                  $abc$667842$lut$aiger667841$49255.A[1]     41 35.4ms
                  $techmap679205$auto$abc_ops_reintegrate.cc:611:reintegrate$668471.A[0]     47 33.7ms
                  $techmap679205$auto$abc_ops_reintegrate.cc:611:reintegrate$668471.A[1]     47 32.8ms
                  $techmap675558$auto$abc_ops_reintegrate.cc:611:reintegrate$669187.A[1]     71 32.0ms
                  $techmap679676$auto$abc_ops_reintegrate.cc:611:reintegrate$668377.A[1]     45 29.5ms
                  $techmap675154$auto$abc_ops_reintegrate.cc:611:reintegrate$669400.A[1]     46 28.8ms
                                                                                 uart.tx      1 28.8ms
                  $techmap680386$auto$abc_ops_reintegrate.cc:611:reintegrate$668228.A[0]     42 28.6ms
        $flatten\ddr3.\ddr3_controller_inst.$shiftx$build/uberddr3/rtl/ddr3_controller.v:2225$24926.Y     64 28.2ms
                                $abc$667842$auto$simple.cc:210:make_patterns_logic$84608     40 28.1ms
                  $techmap680441$auto$abc_ops_reintegrate.cc:611:reintegrate$668217.A[1]     41 26.4ms
                                                 ddr3.ddr3_controller_inst.stage2_do_act     38 25.4ms
                  $techmap675584$auto$abc_ops_reintegrate.cc:611:reintegrate$669180.A[1]     37 24.9ms
                  $techmap675248$auto$abc_ops_reintegrate.cc:611:reintegrate$669340.A[1]     50 24.6ms
                                            ddr3.ddr3_controller_inst.dqs_start_index[0]     44 24.0ms
                  $techmap675104$auto$abc_ops_reintegrate.cc:611:reintegrate$669411.A[1]     49 23.9ms
                                    $techmap678983$abc$667842$lut$aiger667841$25907.A[1]     27 23.8ms
                  $techmap679844$auto$abc_ops_reintegrate.cc:611:reintegrate$668336.A[0]     10 23.6ms
                  $techmap679913$auto$abc_ops_reintegrate.cc:611:reintegrate$668322.A[0]     41 23.3ms
        $flatten\ddr3.\ddr3_controller_inst.$shiftx$build/uberddr3/rtl/ddr3_controller.v:2225$24934.Y     64 23.1ms
                  $techmap680386$auto$abc_ops_reintegrate.cc:611:reintegrate$668228.A[1]     42 23.1ms
                                    $techmap675148$abc$667842$lut$aiger667841$50728.A[1]     41 22.9ms
                  $techmap675597$auto$abc_ops_reintegrate.cc:611:reintegrate$669178.A[4]     18 22.6ms
                                         $techmap685650$abc$667842$lut$aiger$o17058.A[0]     41 22.2ms
                                    $techmap675148$abc$667842$lut$aiger667841$50728.A[0]     41 22.0ms
                                    $techmap678054$abc$667842$lut$aiger667841$40100.A[5]     33 21.6ms
        $flatten\ddr3.\ddr3_controller_inst.$shiftx$build/uberddr3/rtl/ddr3_controller.v:2248$24938.Y     64 21.2ms
                  $techmap675603$auto$abc_ops_reintegrate.cc:611:reintegrate$669177.A[4]     18 20.9ms
                                    $techmap677134$abc$667842$lut$aiger667841$29543.A[3]     31 20.8ms
                  $techmap678400$auto$abc_ops_reintegrate.cc:611:reintegrate$668653.A[1]     39 20.8ms
                                    $techmap677137$abc$667842$lut$aiger667841$29552.A[3]     26 20.6ms
                                    $techmap678628$abc$667842$lut$aiger667841$44556.A[4]     33 20.3ms
                                                                          calib_complete     23 20.3ms
                                    $techmap677129$abc$667842$lut$aiger667841$29531.A[3]     26 20.1ms
                                    $techmap677132$abc$667842$lut$aiger667841$29539.A[2]     26 20.0ms
                                         ddr3.ddr3_controller_inst.stage1_next_bank_d[0]     38 20.0ms
                  $techmap678561$auto$abc_ops_reintegrate.cc:611:reintegrate$668604.A[1]     38 19.9ms
                  $techmap680441$auto$abc_ops_reintegrate.cc:611:reintegrate$668217.A[2]     41 19.8ms
                                                ddr3.ddr3_controller_inst.stage2_bank[1]     13 19.4ms
                  $techmap675825$auto$abc_ops_reintegrate.cc:611:reintegrate$669042.A[3]     32 19.3ms
                                       ddr3.ddr3_controller_inst.delay_counter_is_zero_d     30 19.3ms
                  $techmap675580$auto$abc_ops_reintegrate.cc:611:reintegrate$669182.A[1]     31 18.9ms
                                $abc$667842$auto$simple.cc:210:make_patterns_logic$84511     32 18.8ms
                                    $techmap678985$abc$667842$lut$aiger667841$48924.A[2]     28 18.6ms
                  $techmap680539$auto$abc_ops_reintegrate.cc:611:reintegrate$668203.A[1]     23 18.6ms
                                            $auto$alumacc.cc:548:replace_alu$93281.Y[38]      3 18.6ms
                  $techmap678282$auto$abc_ops_reintegrate.cc:611:reintegrate$668683.A[1]     38 18.5ms
                                    $techmap676512$abc$667842$lut$aiger667841$25967.A[2]     32 17.4ms
                  $techmap680539$auto$abc_ops_reintegrate.cc:611:reintegrate$668203.A[0]     26 17.4ms
                  $techmap681789$auto$abc_ops_reintegrate.cc:611:reintegrate$667946.A[1]     25 17.4ms
                  $techmap680017$auto$abc_ops_reintegrate.cc:611:reintegrate$668303.A[0]     34 17.1ms
                  $techmap680279$auto$abc_ops_reintegrate.cc:611:reintegrate$668255.A[1]     35 17.1ms
                  $techmap679983$auto$abc_ops_reintegrate.cc:611:reintegrate$668308.A[2]     28 17.1ms
                                        ddr3.ddr3_controller_inst.instruction_address[2]     23 16.6ms
                                            $techmap239155$auto$ff.cc:337:slice$117092.D     40 16.5ms
                                    $techmap677129$abc$667842$lut$aiger667841$29531.A[2]     32 16.4ms
                  $techmap679376$auto$abc_ops_reintegrate.cc:611:reintegrate$668441.A[0]     10 16.1ms
                  $techmap681578$auto$abc_ops_reintegrate.cc:611:reintegrate$668034.A[1]     28 16.1ms
                  $techmap680236$auto$abc_ops_reintegrate.cc:611:reintegrate$668263.A[1]     26 16.0ms
                                    $techmap676159$abc$667842$lut$aiger667841$23078.A[0]     30 16.0ms
                  $techmap678282$auto$abc_ops_reintegrate.cc:611:reintegrate$668683.A[0]     39 16.0ms
                  $techmap681826$auto$abc_ops_reintegrate.cc:611:reintegrate$667929.A[1]     25 15.9ms
                  $techmap675015$auto$abc_ops_reintegrate.cc:611:reintegrate$669462.A[0]     21 15.8ms
                  $techmap675622$auto$abc_ops_reintegrate.cc:611:reintegrate$669171.A[4]     18 15.4ms
                  $techmap680303$auto$abc_ops_reintegrate.cc:611:reintegrate$668248.A[1]     40 15.2ms
                                    $techmap678590$abc$667842$lut$aiger667841$44020.A[4]     31 15.2ms
                  $techmap679676$auto$abc_ops_reintegrate.cc:611:reintegrate$668377.A[0]     21 14.7ms
                                                                               heartbeat      2 14.6ms
                  $techmap680484$auto$abc_ops_reintegrate.cc:611:reintegrate$668206.A[1]     34 14.6ms
                                    $techmap676506$abc$667842$lut$aiger667841$25949.A[2]     20 14.6ms
                  $techmap678324$auto$abc_ops_reintegrate.cc:611:reintegrate$668676.A[0]     39 14.4ms
                                        ddr3.ddr3_controller_inst.instruction_address[1]     23 14.3ms
                  $techmap675612$auto$abc_ops_reintegrate.cc:611:reintegrate$669175.A[2]     38 14.2ms
                                                                               debug1[1]     36 14.1ms
                  $techmap675485$auto$abc_ops_reintegrate.cc:611:reintegrate$669192.A[0]     22 13.9ms
                  $techmap678844$auto$abc_ops_reintegrate.cc:611:reintegrate$668537.A[1]     27 13.8ms
                  $techmap680484$auto$abc_ops_reintegrate.cc:611:reintegrate$668206.A[0]     35 13.6ms
                                                          ddr3.idelay_data_cntvaluein[0]     21 13.5ms
                  $techmap677744$auto$abc_ops_reintegrate.cc:611:reintegrate$668812.A[2]     27 13.3ms
                                    $techmap675330$abc$667842$lut$aiger667841$22796.A[5]     21 13.3ms
                  $techmap675249$auto$abc_ops_reintegrate.cc:611:reintegrate$669339.A[0]     24 13.2ms
                  $techmap676497$auto$abc_ops_reintegrate.cc:611:reintegrate$668949.A[1]     32 13.2ms
                  $techmap675591$auto$abc_ops_reintegrate.cc:611:reintegrate$669179.A[4]     18 13.1ms
                  $techmap679933$auto$abc_ops_reintegrate.cc:611:reintegrate$668317.A[0]     38 13.0ms
                                    $techmap677132$abc$667842$lut$aiger667841$29539.A[3]     26 12.9ms
                                                  $abc$667842$lut$aiger667841$59409.A[6]     40 12.8ms
                                    $techmap676134$abc$667842$lut$aiger667841$23081.A[1]     37 12.7ms
                                    $techmap675505$abc$667842$lut$aiger667841$17637.A[1]     22 12.7ms
                  $techmap676418$auto$abc_ops_reintegrate.cc:611:reintegrate$668961.A[4]     19 12.6ms
                                         $techmap685627$abc$667842$lut$aiger$o17055.A[1]     32 12.5ms
                  $techmap675494$auto$abc_ops_reintegrate.cc:611:reintegrate$669191.A[2]     34 12.4ms
                                                ddr3.ddr3_controller_inst.stage2_pending     33 12.4ms
                                $abc$667842$auto$simple.cc:210:make_patterns_logic$84488     31 12.3ms
                  $techmap674703$auto$abc_ops_reintegrate.cc:611:reintegrate$669746.A[0]      2 12.3ms
                  $techmap680279$auto$abc_ops_reintegrate.cc:611:reintegrate$668255.A[0]     18 12.2ms
                  $techmap680519$auto$abc_ops_reintegrate.cc:611:reintegrate$668204.A[1]     24 12.2ms
                                    $techmap675119$abc$667842$lut$aiger667841$43626.A[1]     18 12.0ms
                  $techmap680027$auto$abc_ops_reintegrate.cc:611:reintegrate$668302.A[0]     28 12.0ms
                  $techmap675608$auto$abc_ops_reintegrate.cc:611:reintegrate$669176.A[3]     15 12.0ms
                  $techmap678324$auto$abc_ops_reintegrate.cc:611:reintegrate$668676.A[1]     39 11.9ms
                  $techmap678261$auto$abc_ops_reintegrate.cc:611:reintegrate$668687.A[0]     11 11.9ms
                  $techmap681573$auto$abc_ops_reintegrate.cc:611:reintegrate$668035.A[1]     30 11.9ms
                  $techmap679474$auto$abc_ops_reintegrate.cc:611:reintegrate$668411.A[0]     10 11.8ms
                                                                               debug1[2]     30 11.7ms
                  $techmap680017$auto$abc_ops_reintegrate.cc:611:reintegrate$668303.A[1]     33 11.7ms
                  $techmap677809$auto$abc_ops_reintegrate.cc:611:reintegrate$668794.A[0]     38 11.7ms
                                            $auto$alumacc.cc:548:replace_alu$93281.Y[34]      3 11.5ms
                                          ddr3.ddr3_controller_inst.start_index_check[5]     34 11.5ms
                  $techmap678461$auto$abc_ops_reintegrate.cc:611:reintegrate$668638.A[2]     19 11.5ms
                  $techmap679455$auto$abc_ops_reintegrate.cc:611:reintegrate$668414.A[0]     25 11.3ms
                  $techmap679539$auto$abc_ops_reintegrate.cc:611:reintegrate$668401.A[1]     19 11.3ms
                                                                               debug1[3]     23 11.3ms
                                    $techmap676683$abc$667842$lut$aiger667841$26735.A[2]      2 11.3ms
                                $abc$667842$auto$simple.cc:210:make_patterns_logic$83984     27 11.2ms
                  $techmap675105$auto$abc_ops_reintegrate.cc:611:reintegrate$669410.A[1]     39 11.2ms
                                    $techmap678985$abc$667842$lut$aiger667841$48924.A[3]     26 11.1ms
                                                  $abc$667842$lut$aiger667841$57049.A[3]     32 11.1ms
                  $techmap678860$auto$abc_ops_reintegrate.cc:611:reintegrate$668530.A[1]     31 11.0ms
                                         $techmap682507$abc$667842$lut$aiger$o22735.A[1]     28 10.9ms
                  $techmap675273$auto$abc_ops_reintegrate.cc:611:reintegrate$669333.A[1]     40 10.9ms
                                         ddr3.ddr3_controller_inst.stage1_next_bank_d[2]     18 10.9ms
                                            $auto$alumacc.cc:548:replace_alu$93281.Y[37]      3 10.9ms
                  $techmap675612$auto$abc_ops_reintegrate.cc:611:reintegrate$669175.A[1]     34 10.9ms
                                                ddr3.ddr3_controller_inst.stage1_bank[2]     24 10.9ms
                                      ddr3.ddr3_controller_inst.write_by_byte_counter[0]     23 10.9ms
                                    $techmap678979$abc$667842$lut$aiger667841$48931.A[2]     29 10.8ms
                  $techmap677464$auto$abc_ops_reintegrate.cc:611:reintegrate$668835.A[0]     31 10.8ms
                  $techmap679707$auto$abc_ops_reintegrate.cc:611:reintegrate$668370.A[1]     40 10.7ms
                                    $techmap675330$abc$667842$lut$aiger667841$22796.A[4]     24 10.7ms
                  $techmap675626$auto$abc_ops_reintegrate.cc:611:reintegrate$669170.A[4]     18 10.6ms
                  $techmap675626$auto$abc_ops_reintegrate.cc:611:reintegrate$669170.A[3]     15 10.5ms
                                            $auto$alumacc.cc:548:replace_alu$93281.Y[20]      3 10.4ms
                  $techmap679960$auto$abc_ops_reintegrate.cc:611:reintegrate$668312.A[1]     34 10.4ms
                                         $techmap682254$abc$667842$lut$aiger$o16713.A[5]     29 10.3ms
                  $techmap679495$auto$abc_ops_reintegrate.cc:611:reintegrate$668403.A[0]     29 10.3ms
                  $techmap679713$auto$abc_ops_reintegrate.cc:611:reintegrate$668369.A[0]     11 10.3ms
                  $techmap675494$auto$abc_ops_reintegrate.cc:611:reintegrate$669191.A[1]     34 10.3ms
                  $techmap679623$auto$abc_ops_reintegrate.cc:611:reintegrate$668381.A[3]     35 10.2ms
                                    $techmap676986$abc$667842$lut$aiger667841$28800.A[2]      8 10.2ms
                  $techmap675608$auto$abc_ops_reintegrate.cc:611:reintegrate$669176.A[4]     18 10.1ms
                                    $techmap676506$abc$667842$lut$aiger667841$25949.A[3]     18 10.1ms
                                                  $abc$667842$lut$aiger667841$57049.A[4]     28 10.1ms
                                                ddr3.ddr3_controller_inst.stage2_bank[0]     14 10.0ms
                  $techmap679694$auto$abc_ops_reintegrate.cc:611:reintegrate$668375.A[0]     20 10.0ms
                  $techmap674780$auto$abc_ops_reintegrate.cc:611:reintegrate$669669.A[0]     46 10.0ms
                  $techmap678561$auto$abc_ops_reintegrate.cc:611:reintegrate$668604.A[0]     34 10.0ms
                  $techmap680027$auto$abc_ops_reintegrate.cc:611:reintegrate$668302.A[1]     30 9.9ms
                  $techmap675622$auto$abc_ops_reintegrate.cc:611:reintegrate$669171.A[3]     16 9.8ms
                  $techmap675612$auto$abc_ops_reintegrate.cc:611:reintegrate$669175.A[3]     23 9.7ms
                  $techmap675580$auto$abc_ops_reintegrate.cc:611:reintegrate$669182.A[3]     34 9.7ms
                  $techmap679913$auto$abc_ops_reintegrate.cc:611:reintegrate$668322.A[1]     40 9.7ms
                                                          ddr3.idelay_data_cntvaluein[1]     20 9.7ms
                  $techmap675508$auto$abc_ops_reintegrate.cc:611:reintegrate$669188.A[4]     22 9.7ms
                  $techmap678547$auto$abc_ops_reintegrate.cc:611:reintegrate$668607.A[0]     37 9.6ms
                                    $techmap676146$abc$667842$lut$aiger667841$23057.A[1]     13 9.5ms
                                                          ddr3.idelay_data_cntvaluein[2]     20 9.5ms
              $techmap87427$flatten\resetgen.$lt$build/t27/specs/rtl/fpga_reset.v:94$8.Y     33 9.5ms
                                    $techmap675533$abc$667842$lut$aiger667841$17696.A[1]     23 9.5ms
                  $techmap680519$auto$abc_ops_reintegrate.cc:611:reintegrate$668204.A[0]     28 9.4ms
                  $techmap679586$auto$abc_ops_reintegrate.cc:611:reintegrate$668393.A[1]     33 9.4ms
                  $techmap675618$auto$abc_ops_reintegrate.cc:611:reintegrate$669172.A[4]     18 9.4ms
                  $techmap679933$auto$abc_ops_reintegrate.cc:611:reintegrate$668317.A[1]     38 9.4ms
                                        ddr3.ddr3_controller_inst.instruction_address[0]     25 9.4ms
                                    $techmap676144$abc$667842$lut$aiger667841$23053.A[1]      6 9.3ms
                  $techmap677456$auto$abc_ops_reintegrate.cc:611:reintegrate$668837.A[0]     31 9.3ms
                  $techmap675597$auto$abc_ops_reintegrate.cc:611:reintegrate$669178.A[3]     16 9.2ms
                                        ddr3.ddr3_controller_inst.instruction_address[3]     27 9.2ms
                  $techmap678544$auto$abc_ops_reintegrate.cc:611:reintegrate$668608.A[1]     30 9.2ms
                  $techmap675630$auto$abc_ops_reintegrate.cc:611:reintegrate$669169.A[3]     15 9.2ms
                  $techmap677349$auto$abc_ops_reintegrate.cc:611:reintegrate$668853.A[3]     19 9.2ms
                                      ddr3.ddr3_controller_inst.write_by_byte_counter[1]     18 9.2ms
                  $techmap679586$auto$abc_ops_reintegrate.cc:611:reintegrate$668393.A[0]     28 9.1ms
                  $techmap679398$auto$abc_ops_reintegrate.cc:611:reintegrate$668435.A[0]     30 9.1ms
                  $techmap679380$auto$abc_ops_reintegrate.cc:611:reintegrate$668440.A[1]     34 9.1ms
                  $techmap675630$auto$abc_ops_reintegrate.cc:611:reintegrate$669169.A[4]     18 9.0ms
                                    $techmap675010$abc$667842$lut$aiger667841$34405.A[0]     40 9.0ms
                                                  $abc$667842$lut$aiger667841$34809.A[0]     22 9.0ms
                                                                 reader.reader.ack_stray     32 8.9ms
                  $techmap679380$auto$abc_ops_reintegrate.cc:611:reintegrate$668440.A[0]     36 8.9ms
                  $techmap676634$auto$abc_ops_reintegrate.cc:611:reintegrate$668941.A[0]     33 8.9ms
                                                  ddr3.ddr3_controller_inst.prep_done[1]     16 8.8ms
                  $techmap675154$auto$abc_ops_reintegrate.cc:611:reintegrate$669400.A[0]     24 8.8ms
                  $techmap679960$auto$abc_ops_reintegrate.cc:611:reintegrate$668312.A[0]     32 8.8ms
                  $techmap675618$auto$abc_ops_reintegrate.cc:611:reintegrate$669172.A[3]     16 8.8ms
                  $techmap679350$auto$abc_ops_reintegrate.cc:611:reintegrate$668445.A[0]     32 8.7ms
                  $techmap679398$auto$abc_ops_reintegrate.cc:611:reintegrate$668435.A[1]     30 8.7ms
                                            $auto$alumacc.cc:548:replace_alu$93281.Y[39]      3 8.7ms
                                           $abc$667842$auto$rtlil.cc:3488:NotGate$223150     13 8.7ms
                                         $techmap684529$abc$667842$lut$aiger$o15998.A[3]     29 8.7ms
                                                                                clk_ctrl   7052 8.7ms
                                $abc$667842$auto$simple.cc:210:make_patterns_logic$84532     32 8.6ms
                  $techmap675591$auto$abc_ops_reintegrate.cc:611:reintegrate$669179.A[3]     16 8.6ms
                  $techmap680349$auto$abc_ops_reintegrate.cc:611:reintegrate$668231.A[0]      8 8.5ms
                  $techmap680192$auto$abc_ops_reintegrate.cc:611:reintegrate$668271.A[0]     30 8.5ms
                  $techmap675822$auto$abc_ops_reintegrate.cc:611:reintegrate$669043.A[3]     20 8.5ms
                  $techmap679495$auto$abc_ops_reintegrate.cc:611:reintegrate$668403.A[1]     25 8.5ms
                  $techmap675829$auto$abc_ops_reintegrate.cc:611:reintegrate$669039.A[1]      9 8.5ms
                                                  $abc$667842$lut$aiger667841$66966.A[3]     36 8.5ms
                                                          ddr3.idelay_data_cntvaluein[4]     20 8.4ms
                                    $techmap678977$abc$667842$lut$aiger667841$48927.A[2]     11 8.4ms
                  $techmap676497$auto$abc_ops_reintegrate.cc:611:reintegrate$668949.A[0]     36 8.3ms
                  $techmap679350$auto$abc_ops_reintegrate.cc:611:reintegrate$668445.A[1]     32 8.3ms
        $abc$667842$flatten\ddr3.\ddr3_phy_inst.$logic_not$build/uberddr3/rtl/ddr3_phy.v:1126$23908_Y      4 8.3ms
                  $techmap678544$auto$abc_ops_reintegrate.cc:611:reintegrate$668608.A[0]     31 8.2ms
                                                                  reader.reader.g2_l1[3]     10 8.2ms
                                         $techmap685524$abc$667842$lut$aiger$o16868.A[1]     33 8.2ms
                  $techmap680374$auto$abc_ops_reintegrate.cc:611:reintegrate$668230.A[1]     18 8.2ms
                                      ddr3.ddr3_controller_inst.write_by_byte_counter[2]     21 8.2ms
                  $techmap676442$auto$abc_ops_reintegrate.cc:611:reintegrate$668957.A[2]     21 8.2ms
                                         $techmap685531$abc$667842$lut$aiger$o16917.A[2]     26 8.1ms
                  $techmap679369$auto$abc_ops_reintegrate.cc:611:reintegrate$668442.A[1]     30 8.1ms
                  $techmap676181$auto$abc_ops_reintegrate.cc:611:reintegrate$669007.A[2]     22 8.1ms
                                                                         ddr3.bitslip[1]     18 8.0ms
                                        ddr3.ddr3_controller_inst.instruction_address[4]     25 8.0ms
                  $techmap675485$auto$abc_ops_reintegrate.cc:611:reintegrate$669192.A[2]     31 8.0ms
                                    $techmap676146$abc$667842$lut$aiger667841$23057.A[3]     12 8.0ms
                  $techmap675866$auto$abc_ops_reintegrate.cc:611:reintegrate$669030.A[1]     37 7.9ms
                  $techmap678844$auto$abc_ops_reintegrate.cc:611:reintegrate$668537.A[0]     30 7.9ms
                                         $techmap682340$abc$667842$lut$aiger$o23643.A[1]     11 7.9ms
                  $techmap675272$auto$abc_ops_reintegrate.cc:611:reintegrate$669334.A[1]     39 7.9ms
                                    $techmap676629$abc$667842$lut$aiger667841$25149.A[1]     22 7.8ms
                  $techmap678599$auto$abc_ops_reintegrate.cc:611:reintegrate$668597.A[1]     33 7.8ms
                  $techmap676452$auto$abc_ops_reintegrate.cc:611:reintegrate$668951.A[2]     33 7.8ms
                                    $techmap675140$abc$667842$lut$aiger667841$66138.A[1]     25 7.8ms
                  $techmap680236$auto$abc_ops_reintegrate.cc:611:reintegrate$668263.A[0]     26 7.8ms
                  $techmap675603$auto$abc_ops_reintegrate.cc:611:reintegrate$669177.A[3]     15 7.7ms
                                    $techmap676145$abc$667842$lut$aiger667841$23054.A[1]     18 7.7ms
                                          ddr3.ddr3_controller_inst.start_index_check[4]     35 7.7ms
                  $techmap675478$auto$abc_ops_reintegrate.cc:611:reintegrate$669193.A[1]     32 7.7ms
                  $techmap677988$auto$abc_ops_reintegrate.cc:611:reintegrate$668757.A[3]     18 7.6ms
                  $techmap679953$auto$abc_ops_reintegrate.cc:611:reintegrate$668313.A[0]     11 7.6ms
                                         $techmap685531$abc$667842$lut$aiger$o16917.A[3]     25 7.6ms
                                $abc$667842$auto$simple.cc:210:make_patterns_logic$85018     39 7.5ms
                                         $techmap684873$abc$667842$lut$aiger$o26351.A[1]      2 7.5ms
                                                                reader.reader.cycles[16]      2 7.5ms
                  $techmap680192$auto$abc_ops_reintegrate.cc:611:reintegrate$668271.A[1]     28 7.5ms
                  $techmap676194$auto$abc_ops_reintegrate.cc:611:reintegrate$669006.A[2]     34 7.5ms
                                            ddr3.ddr3_controller_inst.dqs_start_index[1]     34 7.4ms
                                                                               debug1[4]     22 7.4ms
                  $techmap680174$auto$abc_ops_reintegrate.cc:611:reintegrate$668275.A[0]     26 7.4ms
                  $techmap680174$auto$abc_ops_reintegrate.cc:611:reintegrate$668275.A[1]     29 7.4ms
                                         $techmap682383$abc$667842$lut$aiger$o24577.A[0]     32 7.4ms
                  $techmap679996$auto$abc_ops_reintegrate.cc:611:reintegrate$668307.A[1]     32 7.4ms
                  $techmap676935$auto$abc_ops_reintegrate.cc:611:reintegrate$668928.A[0]      9 7.4ms
                  $techmap675014$auto$abc_ops_reintegrate.cc:611:reintegrate$669463.A[0]     20 7.4ms
                                                  $abc$667842$lut$aiger667841$66966.A[4]     35 7.4ms
                  $techmap678547$auto$abc_ops_reintegrate.cc:611:reintegrate$668607.A[1]     33 7.4ms
                                           ddr3.ddr3_controller_inst.stage1_next_bank[0]     12 7.4ms
                                                  $abc$667842$lut$aiger667841$49587.A[0]     22 7.4ms
                  $techmap679623$auto$abc_ops_reintegrate.cc:611:reintegrate$668381.A[2]     36 7.4ms
                                                  $abc$667842$lut$aiger667841$36999.A[1]     23 7.3ms
                                                                 reader.reader.ph_cmd[5]      4 7.3ms
                                            $auto$alumacc.cc:548:replace_alu$93278.Y[25]      3 7.3ms
                  $techmap678699$auto$abc_ops_reintegrate.cc:611:reintegrate$668561.A[0]     10 7.3ms
                                                                     ddr3.dq_tri_control     18 7.2ms
                  $techmap675105$auto$abc_ops_reintegrate.cc:611:reintegrate$669410.A[0]     27 7.2ms
                  $techmap679369$auto$abc_ops_reintegrate.cc:611:reintegrate$668442.A[0]     28 7.2ms
                                                                 reader.reader.g2_l1[45]     10 7.2ms
                  $techmap680260$auto$abc_ops_reintegrate.cc:611:reintegrate$668259.A[0]      9 7.1ms
                                         $techmap682593$abc$667842$lut$aiger$o23501.A[1]     30 7.1ms
                                            ddr3.ddr3_controller_inst.stage1_next_row[5]     11 7.1ms
                  $techmap675494$auto$abc_ops_reintegrate.cc:611:reintegrate$669191.A[0]     26 7.1ms
                  $techmap675577$auto$abc_ops_reintegrate.cc:611:reintegrate$669183.A[3]     29 7.1ms
                  $techmap678860$auto$abc_ops_reintegrate.cc:611:reintegrate$668530.A[0]     32 7.0ms
                                    $techmap675147$abc$667842$lut$aiger667841$53729.A[0]     28 7.0ms
                  $techmap675485$auto$abc_ops_reintegrate.cc:611:reintegrate$669192.A[1]     30 7.0ms
                  $techmap678599$auto$abc_ops_reintegrate.cc:611:reintegrate$668597.A[0]     35 6.9ms
                  $techmap675235$auto$abc_ops_reintegrate.cc:611:reintegrate$669343.A[0]     18 6.9ms
                                    $techmap675146$abc$667842$lut$aiger667841$50712.A[0]     28 6.9ms
                                            $auto$alumacc.cc:548:replace_alu$93281.Y[28]      3 6.9ms
                  $techmap676196$auto$abc_ops_reintegrate.cc:611:reintegrate$669004.A[1]     20 6.8ms
                                                ddr3.ddr3_controller_inst.stage2_bank[2]     18 6.8ms
                                    $techmap675331$abc$667842$lut$aiger667841$22797.A[0]     11 6.7ms
                                    $techmap675242$abc$667842$lut$aiger667841$72097.A[2]      4 6.7ms
                  $techmap681468$auto$abc_ops_reintegrate.cc:611:reintegrate$668072.A[0]     15 6.7ms
                  $techmap680412$auto$abc_ops_reintegrate.cc:611:reintegrate$668222.A[5]      2 6.6ms
                                     ddr3.ddr3_controller_inst.stage2_data_unaligned[80]      8 6.6ms
                                    $techmap676748$abc$667842$lut$aiger667841$27764.A[0]      7 6.6ms
                  $techmap679455$auto$abc_ops_reintegrate.cc:611:reintegrate$668414.A[1]     29 6.6ms
                                           ddr3.ddr3_controller_inst.stage1_next_bank[1]     11 6.6ms
                                                                 reader.reader.g2_l1[26]      7 6.5ms
                  $techmap681916$auto$abc_ops_reintegrate.cc:611:reintegrate$667884.A[2]     17 6.5ms
                  $techmap679996$auto$abc_ops_reintegrate.cc:611:reintegrate$668307.A[0]     32 6.5ms
                                    $techmap675164$abc$667842$lut$aiger667841$72419.A[2]      4 6.5ms
                                         $techmap682368$abc$667842$lut$aiger$o24572.A[1]     29 6.5ms
                                    $techmap676732$abc$667842$lut$aiger667841$27201.A[3]      2 6.5ms
                                    ddr3.ddr3_controller_inst.stage2_data_unaligned[109]      6 6.4ms
                                                    ddr3.ddr3_controller_inst.write_dq_d     22 6.4ms
                                    $techmap678573$abc$667842$lut$aiger667841$43847.A[0]      6 6.4ms
                                                 ddr3.ddr3_controller_inst.stage2_row[2]     11 6.4ms
                                                          ddr3.idelay_data_cntvaluein[3]     20 6.4ms
                  $techmap675478$auto$abc_ops_reintegrate.cc:611:reintegrate$669193.A[0]     35 6.3ms
                  $techmap675104$auto$abc_ops_reintegrate.cc:611:reintegrate$669411.A[0]     22 6.3ms
                  $techmap675468$auto$abc_ops_reintegrate.cc:611:reintegrate$669194.A[0]     34 6.3ms
                  $techmap676448$auto$abc_ops_reintegrate.cc:611:reintegrate$668952.A[0]      8 6.3ms
                                    $techmap682073$abc$667842$lut$not$aiger667841$8092.A      4 6.3ms
                                     ddr3.ddr3_controller_inst.stage2_data_unaligned[32]      8 6.3ms
                  $techmap675272$auto$abc_ops_reintegrate.cc:611:reintegrate$669334.A[0]     19 6.3ms
                  $techmap674811$auto$abc_ops_reintegrate.cc:611:reintegrate$669638.A[0]      4 6.3ms
                                                  $auto$maccmap.cc:240:synth$109043.Y[0]     10 6.2ms
                                                                  reader.reader.g2_l2[8]     10 6.2ms
                                     ddr3.ddr3_controller_inst.stage2_data_unaligned[88]      8 6.2ms
                                                  $abc$667842$lut$aiger667841$34809.A[1]     26 6.2ms
                                                                 reader.reader.g2_l1[63]     10 6.2ms
                                    $techmap676570$abc$667842$lut$aiger667841$26203.A[1]      3 6.2ms
                  $techmap678870$auto$abc_ops_reintegrate.cc:611:reintegrate$668528.A[1]      7 6.2ms
                                                 ddr3.ddr3_controller_inst.stage2_row[6]     11 6.2ms
                                                                 reader.reader.g2_l1[38]      7 6.2ms
                                                                 reader.reader.g2_l0[55]      7 6.1ms
                                                  $abc$667842$lut$aiger667841$49587.A[1]     26 6.1ms
                                    $techmap676145$abc$667842$lut$aiger667841$23054.A[0]     10 6.1ms
                                                                reader.reader.ph_max[22]      5 6.1ms
                  $techmap679707$auto$abc_ops_reintegrate.cc:611:reintegrate$668370.A[0]     19 6.1ms
                  $techmap675273$auto$abc_ops_reintegrate.cc:611:reintegrate$669333.A[0]     18 6.1ms
                                                  $auto$maccmap.cc:240:synth$109373.Y[0]      8 6.1ms
                                    $techmap675522$abc$667842$lut$aiger667841$17666.A[0]     18 6.1ms
                                    $techmap678051$abc$667842$lut$aiger667841$40121.A[3]     11 6.1ms
                                            $auto$alumacc.cc:548:replace_alu$93281.Y[30]      3 6.1ms
                               $abc$667842$auto$simple.cc:193:make_patterns_logic$102012     10 6.0ms
                  $techmap677656$auto$abc_ops_reintegrate.cc:611:reintegrate$668832.A[2]      8 6.0ms
                                                                 reader.reader.g2_l2[25]      7 6.0ms
                  $techmap679180$auto$abc_ops_reintegrate.cc:611:reintegrate$668477.A[0]     11 6.0ms
                  $techmap678645$auto$abc_ops_reintegrate.cc:611:reintegrate$668583.A[2]     16 6.0ms
                                                  $abc$667842$lut$aiger667841$66966.A[6]      7 6.0ms
                                                                 reader.reader.g2_l0[40]      7 6.0ms
                                                                 reader.reader.g2_l0[51]      7 6.0ms
                                                                reader.reader.ph_cmd[25]      4 5.9ms
                                                                            wb_rdata[96]      3 5.9ms
                  $techmap675066$auto$abc_ops_reintegrate.cc:611:reintegrate$669427.A[1]      3 5.9ms
                                    $techmap675140$abc$667842$lut$aiger667841$66138.A[0]     25 5.9ms
                                    $techmap675246$abc$667842$lut$aiger667841$72141.A[0]      8 5.9ms
                                            $auto$alumacc.cc:548:replace_alu$93278.Y[14]      3 5.9ms
                                                 ddr3.ddr3_controller_inst.stage2_row[1]     11 5.9ms
                               $abc$667842$auto$simple.cc:193:make_patterns_logic$102009     10 5.8ms
                                     ddr3.ddr3_controller_inst.stage2_data_unaligned[25]      7 5.8ms
                                                                 reader.reader.g2_l1[43]     10 5.8ms
                                                                 reader.reader.g2_l0[50]      7 5.8ms
                  $techmap679970$auto$abc_ops_reintegrate.cc:611:reintegrate$668311.A[3]     18 5.8ms
                                            $auto$alumacc.cc:548:replace_alu$93281.Y[22]      3 5.8ms
                                    $techmap675587$abc$667842$lut$aiger667841$17916.A[3]     16 5.8ms
                                 ddr3.ddr3_controller_inst.check_test_address_counter[0]     13 5.8ms
                                                                  reader.reader.g2_l0[1]      7 5.8ms
                                                 ddr3.ddr3_controller_inst.stage2_row[7]     11 5.7ms
                                         $techmap682414$abc$667842$lut$aiger$o23378.A[0]     32 5.7ms
                                    ddr3.ddr3_controller_inst.calib_data_randomized[114]      9 5.7ms
                                            $auto$alumacc.cc:548:replace_alu$93281.Y[33]      3 5.7ms
                                                                 reader.reader.g2_l0[49]     10 5.6ms
                                           $abc$667842$auto$rtlil.cc:3488:NotGate$223276     15 5.6ms
                  $techmap676175$auto$abc_ops_reintegrate.cc:611:reintegrate$669009.A[2]     10 5.6ms
                  $techmap677352$auto$abc_ops_reintegrate.cc:611:reintegrate$668852.A[0]      3 5.6ms
                                             $auto$alumacc.cc:548:replace_alu$93281.Y[1]      3 5.6ms
                  $techmap676442$auto$abc_ops_reintegrate.cc:611:reintegrate$668957.A[0]     12 5.6ms
                                    $techmap675800$abc$667842$lut$aiger667841$19559.A[3]      6 5.6ms
                                    $techmap677434$abc$667842$lut$aiger667841$34056.A[0]      5 5.6ms
                                            $auto$alumacc.cc:548:replace_alu$93278.Y[26]      3 5.6ms
                  $techmap680108$auto$abc_ops_reintegrate.cc:611:reintegrate$668291.A[1]      8 5.5ms
                                     ddr3.ddr3_controller_inst.stage2_data_unaligned[56]      8 5.5ms
                                         $techmap682396$abc$667842$lut$aiger$o23171.A[1]     33 5.5ms
                  $techmap676314$auto$abc_ops_reintegrate.cc:611:reintegrate$668989.A[1]     21 5.5ms
                  $techmap676935$auto$abc_ops_reintegrate.cc:611:reintegrate$668928.A[3]      2 5.5ms
                                           ddr3.ddr3_controller_inst.added_read_pipe_max     15 5.5ms
                  $techmap676181$auto$abc_ops_reintegrate.cc:611:reintegrate$669007.A[3]     11 5.5ms
                                                                 reader.reader.ph_max[2]      5 5.5ms
                                            ddr3.ddr3_controller_inst.stage1_next_row[8]     11 5.5ms
                                    $techmap676146$abc$667842$lut$aiger667841$23057.A[0]     14 5.4ms
                                                                 reader.reader.g2_l2[11]     10 5.4ms
                                    $techmap675757$abc$667842$lut$aiger667841$19249.A[2]     12 5.4ms
                                                                  reader.reader.g2_l1[8]      7 5.4ms
                                      ddr3.ddr3_controller_inst.write_by_byte_counter[3]     22 5.4ms
                                            $auto$alumacc.cc:548:replace_alu$93278.Y[16]      3 5.4ms
                                                                 reader.reader.g2_l0[19]     10 5.4ms
                                                                 reader.reader.g2_l1[39]      7 5.4ms
                                                                reader.reader.cycles[29]      2 5.3ms
                                    $techmap676515$abc$667842$lut$aiger667841$25975.A[2]      7 5.3ms
                                    $techmap676116$abc$667842$lut$aiger667841$22880.A[1]      4 5.3ms
                                                                 reader.reader.g2_l1[60]      7 5.3ms
                  $techmap675349$auto$abc_ops_reintegrate.cc:611:reintegrate$669289.A[4]      8 5.3ms
                  ddr3.ddr3_controller_inst.stage2_do_update_delay_before_read_after_act     15 5.3ms
                                         $techmap676521$abc$667842$lut$aiger$o16821.A[1]     32 5.3ms
                  $techmap675248$auto$abc_ops_reintegrate.cc:611:reintegrate$669340.A[0]     21 5.3ms
                                                                  ddr3.idelay_data_ld[0]     10 5.2ms
                  $techmap680303$auto$abc_ops_reintegrate.cc:611:reintegrate$668248.A[0]     17 5.2ms
                                    $techmap680578$abc$667842$lut$aiger667841$64606.A[0]      7 5.2ms
                                    $techmap679952$abc$667842$lut$aiger667841$57979.A[0]      5 5.2ms
                                    $techmap680553$abc$667842$lut$aiger667841$64509.A[1]      8 5.2ms
                                            $auto$alumacc.cc:548:replace_alu$93281.Y[13]      3 5.2ms
                                     ddr3.ddr3_controller_inst.stage2_data_unaligned[24]      8 5.2ms
                  $techmap674839$auto$abc_ops_reintegrate.cc:611:reintegrate$669610.A[1]      7 5.2ms
                                    ddr3.ddr3_controller_inst.stage2_data_unaligned[123]      6 5.2ms
                                             $auto$alumacc.cc:548:replace_alu$93278.Y[3]      3 5.1ms
                                                                 reader.reader.g2_l1[53]     10 5.1ms
                                                                reader.reader.cycles[24]      2 5.1ms
                                            ddr3.ddr3_controller_inst.stage1_next_row[7]     11 5.1ms
                                             $auto$alumacc.cc:548:replace_alu$93281.Y[8]      3 5.1ms
                                    $techmap677790$abc$667842$lut$aiger667841$36282.A[3]     10 5.1ms
                  $techmap681123$auto$abc_ops_reintegrate.cc:611:reintegrate$668153.A[2]      8 5.1ms
                  $techmap680321$auto$abc_ops_reintegrate.cc:611:reintegrate$668242.A[1]      9 5.0ms
                  $techmap680262$auto$abc_ops_reintegrate.cc:611:reintegrate$668258.A[0]     20 5.0ms
                                    ddr3.ddr3_controller_inst.stage2_data_unaligned[126]     11 5.0ms
                                            $auto$alumacc.cc:548:replace_alu$93278.Y[11]      3 5.0ms
                  $techmap675577$auto$abc_ops_reintegrate.cc:611:reintegrate$669183.A[2]     17 5.0ms
                  $techmap675758$auto$abc_ops_reintegrate.cc:611:reintegrate$669061.A[0]      9 5.0ms
                  $techmap678574$auto$abc_ops_reintegrate.cc:611:reintegrate$668602.A[0]     11 5.0ms
                                                                            wb_rdata[23]      3 4.9ms
                  $techmap677167$auto$abc_ops_reintegrate.cc:611:reintegrate$668904.A[1]     19 4.9ms
                                                                 reader.reader.g2_l1[42]     10 4.9ms
                  $techmap677490$auto$abc_ops_reintegrate.cc:611:reintegrate$668833.A[2]      6 4.9ms
                                           ddr3.ddr3_controller_inst.stage1_next_bank[2]     20 4.9ms
                                    $techmap680576$abc$667842$lut$aiger667841$64598.A[0]      6 4.9ms
                                            ddr3.ddr3_controller_inst.stage1_next_row[2]     11 4.9ms
                                                                 reader.reader.g2_l0[18]     10 4.9ms
                                    $techmap680755$abc$667842$lut$aiger667841$65529.A[0]      9 4.9ms
                                                                  reader.reader.g2_l2[9]     10 4.9ms
                                    $techmap679540$abc$667842$lut$aiger667841$53691.A[0]      3 4.9ms
                                                                reader.reader.ph_cmd[16]      4 4.9ms
                                      ddr3.ddr3_controller_inst.calib_data_randomized[0]     10 4.9ms
                                    $techmap676144$abc$667842$lut$aiger667841$23053.A[0]      5 4.8ms
                  $techmap677964$auto$abc_ops_reintegrate.cc:611:reintegrate$668764.A[1]      6 4.8ms
                  $techmap676164$auto$abc_ops_reintegrate.cc:611:reintegrate$669012.A[1]     11 4.8ms
                                            ddr3.ddr3_controller_inst.dqs_start_index[2]     21 4.8ms
                                                                            wb_rdata[68]      3 4.8ms
                                    $techmap682802$abc$667842$lut$aiger667841$58162.A[4]      1 4.8ms
                                                                 reader.reader.g2_l1[36]      7 4.8ms
                  $techmap681235$auto$abc_ops_reintegrate.cc:611:reintegrate$668131.A[2]      7 4.8ms
                                    $techmap675519$abc$667842$lut$aiger667841$17661.A[1]     14 4.8ms
                                    $techmap679839$abc$667842$lut$aiger667841$56471.A[0]      6 4.8ms
                  $techmap677435$auto$abc_ops_reintegrate.cc:611:reintegrate$668840.A[1]      5 4.8ms
                  $techmap677889$auto$abc_ops_reintegrate.cc:611:reintegrate$668775.A[0]     10 4.8ms
                  $techmap679359$auto$abc_ops_reintegrate.cc:611:reintegrate$668444.A[1]      6 4.7ms
                  $techmap677759$auto$abc_ops_reintegrate.cc:611:reintegrate$668804.A[0]      8 4.7ms
                                    $techmap675527$abc$667842$lut$aiger667841$17671.A[1]     16 4.7ms
                                                 ddr3.ddr3_controller_inst.stage2_row[8]     11 4.7ms
                                                                            wb_rdata[52]      3 4.7ms
                                 ddr3.ddr3_controller_inst.check_test_address_counter[2]     11 4.7ms
                                            ddr3.ddr3_controller_inst.dqs_start_index[3]      8 4.7ms
                                                                 reader.reader.g2_l1[12]     10 4.7ms
                                $abc$667842$auto$simple.cc:210:make_patterns_logic$84802     32 4.7ms
                  $techmap675753$auto$abc_ops_reintegrate.cc:611:reintegrate$669062.A[0]      5 4.7ms
                                    ddr3.ddr3_controller_inst.stage2_data_unaligned[111]      7 4.7ms
                                     ddr3.ddr3_controller_inst.stage2_data_unaligned[75]      6 4.7ms
                                                                 reader.reader.g2_l0[27]     10 4.7ms
                                                                              line_b[16]      1 4.6ms
                                            $auto$alumacc.cc:548:replace_alu$93278.Y[20]      3 4.6ms
                                                                 reader.reader.g2_l0[30]      7 4.6ms
                                                                 reader.reader.g2_l1[11]      7 4.6ms
                                $abc$667842$auto$simple.cc:210:make_patterns_logic$84022      1 4.6ms
                                    $techmap680730$abc$667842$lut$aiger667841$65434.A[2]      8 4.6ms
                                            $auto$alumacc.cc:548:replace_alu$93281.Y[32]      3 4.6ms
                                                                 reader.reader.g2_l1[54]     10 4.6ms
                                                                 reader.reader.g2_l1[25]     10 4.6ms
                                                                 reader.reader.g2_l1[33]     10 4.6ms
                                            $auto$alumacc.cc:548:replace_alu$93278.Y[31]      3 4.6ms
                                    $techmap676886$abc$667842$lut$aiger667841$28362.A[0]      6 4.6ms
                                $abc$667842$auto$simple.cc:193:make_patterns_logic$84321     16 4.5ms
                                                                           wb_rdata[101]      3 4.5ms
                  $techmap675565$auto$abc_ops_reintegrate.cc:611:reintegrate$669186.A[2]     12 4.5ms
                                    $techmap680761$abc$667842$lut$aiger667841$65553.A[0]      8 4.5ms
                  $techmap675738$auto$abc_ops_reintegrate.cc:611:reintegrate$669067.A[4]      8 4.5ms
                                      ddr3.ddr3_controller_inst.stage2_data_unaligned[7]      7 4.5ms
                                                  $abc$667842$lut$aiger667841$60763.A[6]      6 4.5ms
                                                                 reader.reader.g2_l0[32]      7 4.5ms
                                                                         ddr3.bitslip[0]     18 4.5ms
                                    $techmap675130$abc$667842$lut$aiger667841$72297.A[3]      6 4.5ms
                                                                 reader.reader.g2_l1[56]      7 4.5ms
                                                                 reader.reader.g2_l0[36]     10 4.5ms
                  $techmap678987$auto$abc_ops_reintegrate.cc:611:reintegrate$668511.A[1]      8 4.5ms
                                            $auto$alumacc.cc:548:replace_alu$93281.Y[31]      3 4.5ms
                                                                 reader.reader.g2_l0[44]      7 4.5ms
                                    $techmap676532$abc$667842$lut$aiger667841$26023.A[1]      5 4.5ms
                                                 ddr3.ddr3_controller_inst.stage2_row[5]     11 4.5ms
                                     ddr3.ddr3_controller_inst.stage2_data_unaligned[13]      7 4.5ms
                                                                 reader.reader.g2_l0[42]      7 4.5ms
                                            $auto$alumacc.cc:548:replace_alu$93278.Y[15]      3 4.4ms
                  $techmap678678$auto$abc_ops_reintegrate.cc:611:reintegrate$668571.A[1]      7 4.4ms
                                           ddr3.ddr3_controller_inst.stage1_next_row[13]     10 4.4ms
                                    $techmap678724$abc$667842$lut$aiger667841$25439.A[0]      8 4.4ms
                  $techmap681942$auto$abc_ops_reintegrate.cc:611:reintegrate$667868.A[4]     14 4.4ms
                  $techmap679242$auto$abc_ops_reintegrate.cc:611:reintegrate$668466.A[2]      4 4.4ms
                  $techmap675758$auto$abc_ops_reintegrate.cc:611:reintegrate$669061.A[2]      8 4.4ms
                           $techmap676174$abc$667842$lut$aiger667841$23211.A[4]$sum$8275     11 4.4ms
                                    $techmap676670$abc$667842$lut$aiger667841$26666.A[3]      2 4.4ms
                                                                  reader.reader.ack_seen     40 4.4ms
                  $techmap674688$auto$abc_ops_reintegrate.cc:611:reintegrate$669761.A[1]      5 4.4ms
                                    $techmap675528$abc$667842$lut$aiger667841$17675.A[1]     10 4.4ms
                                                                 reader.reader.g2_l1[22]     10 4.4ms
                                            ddr3.ddr3_controller_inst.stage1_next_row[1]     11 4.4ms
                                                                            wb_rdata[53]      4 4.3ms
                                                                  ddr3.iserdes_data[122]      2 4.3ms
                                                                 reader.reader.g2_l1[57]      7 4.3ms
                                    $techmap676773$abc$667842$lut$aiger667841$27955.A[1]      7 4.3ms
                                                                 reader.reader.g2_l0[52]      7 4.3ms
                                    $techmap680581$abc$667842$lut$aiger667841$64619.A[1]      8 4.3ms
                  $techmap677101$auto$abc_ops_reintegrate.cc:611:reintegrate$668927.A[2]      5 4.3ms
                                    $techmap675234$abc$667842$lut$aiger667841$72069.A[2]      6 4.3ms
                                            $auto$alumacc.cc:548:replace_alu$93278.Y[23]      3 4.3ms
                  $techmap674699$auto$abc_ops_reintegrate.cc:611:reintegrate$669750.A[0]      2 4.3ms
                                    $techmap683708$abc$667842$lut$aiger667841$61446.A[0]      3 4.3ms
                                       ddr3.ddr3_controller_inst.bank_active_row_d[5][8]      4 4.3ms
                  $techmap681596$auto$abc_ops_reintegrate.cc:611:reintegrate$668029.A[3]     10 4.3ms
                  $techmap678558$auto$abc_ops_reintegrate.cc:611:reintegrate$668605.A[1]      7 4.2ms
                                    $techmap680722$abc$667842$lut$aiger667841$65406.A[1]      6 4.2ms
                                                                reader.reader.ph_cmd[17]      4 4.2ms
                                    ddr3.ddr3_controller_inst.stage2_data_unaligned[104]      8 4.2ms
                                 ddr3.ddr3_controller_inst.check_test_address_counter[7]     10 4.2ms
                  $techmap681596$auto$abc_ops_reintegrate.cc:611:reintegrate$668029.A[1]      6 4.2ms
                                                                   ddr3.iserdes_data[76]      2 4.2ms
                                    $techmap678705$abc$667842$lut$aiger667841$25322.A[0]      8 4.2ms
                                                                                 s_b[36]      2 4.2ms
                                         $techmap685700$abc$667842$lut$aiger$o17757.A[0]     33 4.2ms
                  $techmap674970$auto$abc_ops_reintegrate.cc:611:reintegrate$669485.A[0]      2 4.2ms
                  $techmap677435$auto$abc_ops_reintegrate.cc:611:reintegrate$668840.A[0]     10 4.2ms
                  $techmap675914$auto$abc_ops_reintegrate.cc:611:reintegrate$669021.A[1]      6 4.2ms
                                    $techmap676949$abc$667842$lut$aiger667841$28985.A[2]      7 4.2ms
                                                                            wb_rdata[55]      4 4.2ms
                                                  $auto$maccmap.cc:240:synth$109012.Y[0]      8 4.1ms
                                                                 reader.reader.g2_l2[31]     10 4.1ms
                                                                 reader.reader.g2_l1[44]     10 4.1ms
                                    $techmap678731$abc$667842$lut$aiger667841$25379.A[0]      8 4.1ms
                                    $techmap676153$abc$667842$lut$aiger667841$23066.A[0]      5 4.1ms
                  $techmap676935$auto$abc_ops_reintegrate.cc:611:reintegrate$668928.A[2]      5 4.1ms
                                             $auto$alumacc.cc:548:replace_alu$93278.Y[2]      3 4.1ms
                                           ddr3.ddr3_controller_inst.stage1_next_row[10]     10 4.1ms
                                $abc$667842$auto$simple.cc:210:make_patterns_logic$84744      4 4.1ms
                                                                reader.reader.cycles[13]      2 4.1ms
                                                                 reader.reader.g2_l0[56]     10 4.1ms
                  $techmap675565$auto$abc_ops_reintegrate.cc:611:reintegrate$669186.A[1]     10 4.1ms
                                    ddr3.ddr3_controller_inst.stage2_data_unaligned[103]      7 4.1ms
                                    $techmap676776$abc$667842$lut$aiger667841$27923.A[2]      6 4.1ms
                                                                reader.reader.ph_cmd[38]      4 4.1ms
                                                                 reader.reader.cycles[6]      2 4.1ms
                  $techmap678886$auto$abc_ops_reintegrate.cc:611:reintegrate$668526.A[0]     10 4.1ms
                                     ddr3.ddr3_controller_inst.stage2_data_unaligned[10]      6 4.0ms
                                                ddr3.ddr3_controller_inst.stage2_row[11]     10 4.0ms
                                    ddr3.ddr3_controller_inst.stage2_data_unaligned[122]      7 4.0ms
                                                 ddr3.ddr3_controller_inst.stage2_row[4]     11 4.0ms
                                     ddr3.ddr3_controller_inst.stage2_data_unaligned[17]      7 4.0ms
                                            ddr3.ddr3_controller_inst.stage1_next_row[9]     11 4.0ms
                                            ddr3.ddr3_controller_inst.stage1_next_row[4]     11 4.0ms
                                    $techmap677514$abc$667842$lut$aiger667841$23933.A[0]      8 4.0ms
                                    $techmap676945$abc$667842$lut$aiger667841$28958.A[0]      4 4.0ms
                  $techmap681479$auto$abc_ops_reintegrate.cc:611:reintegrate$668071.A[1]      4 4.0ms
                                                                           wb_rdata[122]      4 4.0ms
                                     ddr3.ddr3_controller_inst.stage2_data_unaligned[64]      8 4.0ms
                                    $techmap675855$abc$667842$lut$aiger667841$20562.A[0]     14 4.0ms
                                                                reader.reader.ph_max[28]      5 4.0ms
                  $techmap676132$auto$abc_ops_reintegrate.cc:611:reintegrate$669015.A[5]      5 4.0ms
                                                                            wb_rdata[83]      3 4.0ms
                  $techmap675508$auto$abc_ops_reintegrate.cc:611:reintegrate$669188.A[3]     19 4.0ms
                                    $techmap675097$abc$667842$lut$aiger667841$72005.A[3]      6 4.0ms
                  $techmap675801$auto$abc_ops_reintegrate.cc:611:reintegrate$669053.A[3]      9 4.0ms
                  $techmap676164$auto$abc_ops_reintegrate.cc:611:reintegrate$669012.A[4]      7 4.0ms
                                                                 reader.reader.g2_l0[33]      7 4.0ms
                                    $techmap675539$abc$667842$lut$aiger667841$17705.A[3]     11 3.9ms
                                    $techmap675539$abc$667842$lut$aiger667841$17705.A[1]     10 3.9ms
                                                                   ddr3.iserdes_data[18]      2 3.9ms
                  $techmap679022$auto$abc_ops_reintegrate.cc:611:reintegrate$668501.A[0]     13 3.9ms
                                            $auto$alumacc.cc:548:replace_alu$93281.Y[23]      3 3.9ms
                                            $auto$alumacc.cc:548:replace_alu$93278.Y[30]      3 3.9ms
                  $techmap681247$auto$abc_ops_reintegrate.cc:611:reintegrate$668128.A[1]      5 3.9ms
                  $techmap675856$auto$abc_ops_reintegrate.cc:611:reintegrate$669033.A[3]      8 3.9ms
                  $techmap678772$auto$abc_ops_reintegrate.cc:611:reintegrate$668558.A[1]      7 3.9ms
                  $techmap676418$auto$abc_ops_reintegrate.cc:611:reintegrate$668961.A[3]      5 3.9ms
                                    $techmap682177$abc$667842$lut$not$aiger667841$8982.A      7 3.9ms
                                                                           wb_rdata[117]      3 3.9ms
                                                                 reader.reader.g2_l1[24]     10 3.9ms
                  $techmap675746$auto$abc_ops_reintegrate.cc:611:reintegrate$669063.A[2]      8 3.9ms
                                            $techmap237182$auto$ff.cc:337:slice$155560.D      3 3.9ms
                                     ddr3.ddr3_controller_inst.stage2_data_unaligned[34]      5 3.9ms
                                    $techmap680256$abc$667842$lut$aiger667841$61150.A[0]      7 3.9ms
                                                                reader.reader.ph_cmd[20]      4 3.9ms
                                                                 reader.reader.g2_l0[63]      7 3.9ms
                                      ddr3.ddr3_controller_inst.stage2_data_unaligned[9]      7 3.9ms
                                    $techmap676636$abc$667842$lut$aiger667841$26977.A[4]      3 3.8ms
                                    $techmap676513$abc$667842$lut$aiger667841$25971.A[0]      8 3.8ms
                                                                 reader.reader.g2_l0[59]     10 3.8ms
                                               ddr3.ddr3_controller_inst.stage1_data[57]      2 3.8ms
                                                                 reader.reader.g2_l1[30]      7 3.8ms
                                    $techmap675119$abc$667842$lut$aiger667841$43626.A[3]      5 3.8ms
                                                                 reader.reader.g2_l0[46]     10 3.8ms
                                     ddr3.ddr3_controller_inst.stage2_data_unaligned[96]      8 3.8ms
                  $techmap675738$auto$abc_ops_reintegrate.cc:611:reintegrate$669067.A[2]     11 3.8ms
                  $techmap675167$auto$abc_ops_reintegrate.cc:611:reintegrate$669396.A[2]      4 3.8ms
                  $techmap675767$auto$abc_ops_reintegrate.cc:611:reintegrate$669058.A[0]      8 3.8ms
                                    $techmap678942$abc$667842$lut$aiger667841$48480.A[0]      4 3.8ms
                                                  $auto$maccmap.cc:240:synth$109332.Y[0]      7 3.8ms
                                                                 $abc$667842$aiger$o8354      1 3.8ms
                                                                            wb_rdata[45]      4 3.8ms
                                                                   ddr3.iserdes_data[54]      2 3.8ms
                                    $techmap678710$abc$667842$lut$aiger667841$25337.A[0]      6 3.8ms
                                    $techmap676071$abc$667842$lut$aiger667841$22034.A[3]      1 3.8ms
                                                                 reader.reader.s3_inv[8]      1 3.8ms
                  $techmap674834$auto$abc_ops_reintegrate.cc:611:reintegrate$669615.A[0]     10 3.8ms
                                    $techmap680857$abc$667842$lut$aiger667841$65907.A[1]      3 3.8ms
                                                                 reader.reader.g2_l2[24]      7 3.8ms
                                    ddr3.ddr3_controller_inst.stage2_data_unaligned[117]      8 3.8ms
                                                                  reader.reader.g2_l1[7]      7 3.8ms
                                                                 reader.reader.g2_l1[41]      7 3.8ms
                                                                            wb_rdata[74]      4 3.8ms
                                                                  reader.reader.g2_l0[2]      7 3.7ms
                  $techmap674849$auto$abc_ops_reintegrate.cc:611:reintegrate$669600.A[0]      8 3.7ms
                                                                 reader.reader.g2_l1[18]      7 3.7ms
                  $techmap681833$auto$abc_ops_reintegrate.cc:611:reintegrate$667925.A[0]      7 3.7ms
                                              ddr3.ddr3_controller_inst.stage1_data[106]      2 3.7ms
                                    $techmap676863$abc$667842$lut$aiger667841$28281.A[0]      2 3.7ms
                                 ddr3.ddr3_controller_inst.check_test_address_counter[5]     12 3.7ms
                                     ddr3.ddr3_controller_inst.stage2_data_unaligned[19]      6 3.7ms
                                                                reader.reader.ph_cmd[27]      4 3.7ms
                                                                  reader.reader.s1_e2[7]      1 3.7ms
                                                                 reader.reader.g2_l1[59]      7 3.7ms
                  $techmap676442$auto$abc_ops_reintegrate.cc:611:reintegrate$668957.A[1]     12 3.7ms
                                            $auto$alumacc.cc:548:replace_alu$93281.Y[19]      3 3.7ms
                  $techmap679844$auto$abc_ops_reintegrate.cc:611:reintegrate$668336.A[4]      4 3.7ms
                                     ddr3.ddr3_controller_inst.stage2_data_unaligned[55]      6 3.7ms
                  $techmap681422$auto$abc_ops_reintegrate.cc:611:reintegrate$668089.A[3]      4 3.7ms
                  $techmap676132$auto$abc_ops_reintegrate.cc:611:reintegrate$669015.A[4]      5 3.7ms
                                         $techmap684161$abc$667842$lut$aiger$o24768.A[0]      1 3.7ms
                                                  ddr3.ddr3_controller_inst.stage2_do_wr      6 3.7ms
                                    ddr3.ddr3_controller_inst.stage2_data_unaligned[125]      8 3.7ms
                  $techmap675341$auto$abc_ops_reintegrate.cc:611:reintegrate$669291.A[3]      2 3.7ms
                                    $techmap675096$abc$667842$lut$aiger667841$71977.A[2]      4 3.7ms
                                    ddr3.ddr3_controller_inst.stage2_data_unaligned[119]      9 3.7ms
                                    $techmap682075$abc$667842$lut$not$aiger667841$8106.A      4 3.7ms
                                         $techmap683234$abc$667842$lut$aiger$o23309.A[2]      1 3.7ms
                                     ddr3.ddr3_controller_inst.stage2_data_unaligned[48]      8 3.7ms
                                          ddr3.ddr3_controller_inst.stage1_next_row_d[4]      2 3.7ms
                  $techmap676321$auto$abc_ops_reintegrate.cc:611:reintegrate$668985.A[4]      4 3.6ms
                  $techmap674781$auto$abc_ops_reintegrate.cc:611:reintegrate$669668.A[0]      4 3.6ms
                  $techmap675349$auto$abc_ops_reintegrate.cc:611:reintegrate$669289.A[0]      7 3.6ms
                                    ddr3.ddr3_controller_inst.calib_data_randomized[118]     10 3.6ms
                                     ddr3.ddr3_controller_inst.stage2_data_unaligned[92]      6 3.6ms
                                     ddr3.ddr3_controller_inst.stage2_data_unaligned[16]      8 3.6ms
                                         ddr3.ddr3_controller_inst.delay_counter_is_zero     21 3.6ms
                                         $techmap684277$abc$667842$lut$aiger$o23245.A[2]      1 3.6ms
                                                                reader.reader.ph_cmd[13]      4 3.6ms
                                                                 reader.reader.ph_cmd[6]      4 3.6ms
                                            $auto$alumacc.cc:548:replace_alu$93281.Y[26]      3 3.6ms
                                     ddr3.ddr3_controller_inst.stage2_data_unaligned[65]      7 3.6ms
                                    $techmap675595$abc$667842$lut$aiger667841$17931.A[1]      3 3.6ms
                                            ddr3.ddr3_controller_inst.stage1_next_row[0]     11 3.6ms
                                    $techmap676782$abc$667842$lut$aiger667841$27966.A[1]      7 3.6ms
                                            $auto$alumacc.cc:548:replace_alu$93278.Y[19]      3 3.6ms
                                    $techmap680551$abc$667842$lut$aiger667841$64501.A[0]      8 3.6ms
                                                                 reader.reader.g2_l0[16]     10 3.6ms
                                               ddr3.ddr3_controller_inst.stage1_data[96]      2 3.6ms
                  $techmap679548$auto$abc_ops_reintegrate.cc:611:reintegrate$668400.A[1]      5 3.6ms
                                                 ddr3.ddr3_controller_inst.stage2_row[9]     11 3.6ms
                                                                 reader.reader.g2_l1[61]      7 3.6ms
                  $techmap675848$auto$abc_ops_reintegrate.cc:611:reintegrate$669037.A[1]     10 3.6ms
                                     ddr3.ddr3_controller_inst.stage2_data_unaligned[57]      7 3.6ms
                                                                            wb_rdata[32]      3 3.6ms
                  $techmap676104$auto$abc_ops_reintegrate.cc:611:reintegrate$669020.A[1]      9 3.6ms
                                    $techmap675013$abc$667842$lut$aiger667841$72400.A[2]      6 3.6ms
                                                                    reader.reader.dg0[8]      1 3.6ms
                                            $auto$alumacc.cc:548:replace_alu$93281.Y[11]      3 3.6ms
                                    $techmap682083$abc$667842$lut$not$aiger667841$8130.A      4 3.6ms
                                    $techmap675254$abc$667842$lut$aiger667841$73053.A[3]      2 3.5ms
                                            $techmap238546$auto$ff.cc:337:slice$114040.D      1 3.5ms
                                                ddr3.ddr3_controller_inst.stage2_row[14]     10 3.5ms
                                                                   ddr3.iserdes_data[46]      2 3.5ms
                                                                 reader.reader.g2_l0[31]      7 3.5ms
                  $techmap678004$auto$abc_ops_reintegrate.cc:611:reintegrate$668752.A[3]      5 3.5ms
                  $techmap675335$auto$abc_ops_reintegrate.cc:611:reintegrate$669292.A[5]     11 3.5ms
                                                                           wb_rdata[103]      3 3.5ms
                                     ddr3.ddr3_controller_inst.stage2_data_unaligned[59]      6 3.5ms
                                    $techmap676937$abc$667842$lut$aiger667841$28775.A[0]      8 3.5ms
                                                                  reader.reader.g2_l0[7]     10 3.5ms
                                    $techmap676116$abc$667842$lut$aiger667841$22880.A[2]      4 3.5ms
                                            $auto$alumacc.cc:548:replace_alu$93281.Y[24]      3 3.5ms
                                    $techmap676635$abc$667842$lut$aiger667841$26995.A[2]      3 3.5ms
                                                                reader.reader.ph_cmd[10]      4 3.5ms
                                                     ddr3.ddr3_controller_inst.stage1_we      7 3.5ms
                                    $techmap678698$abc$667842$lut$aiger667841$45685.A[0]      5 3.5ms
                                     ddr3.ddr3_controller_inst.stage2_data_unaligned[72]      8 3.5ms
                                    $techmap680720$abc$667842$lut$aiger667841$65398.A[1]      7 3.5ms
                                    $techmap678728$abc$667842$lut$aiger667841$25370.A[0]      8 3.5ms
                                    $techmap678723$abc$667842$lut$aiger667841$25436.A[1]      6 3.5ms
                  $techmap677969$auto$abc_ops_reintegrate.cc:611:reintegrate$668762.A[1]      5 3.5ms
                                    $techmap677282$abc$667842$lut$aiger667841$32123.A[2]      2 3.5ms
                                    $techmap682184$abc$667842$lut$not$aiger667841$9007.A      7 3.5ms
                                                                  reader.reader.c_l1[11]      1 3.5ms
                  $techmap681346$auto$abc_ops_reintegrate.cc:611:reintegrate$668107.A[2]      4 3.5ms
                                    $techmap676683$abc$667842$lut$aiger667841$26735.A[3]      2 3.4ms
                                    $techmap676503$abc$667842$lut$aiger667841$25909.A[1]      5 3.4ms
                                                                 reader.reader.g2_l1[10]      7 3.4ms
                                               ddr3.ddr3_controller_inst.stage1_data[12]      2 3.4ms
                                    $techmap675529$abc$667842$lut$aiger667841$17680.A[4]     10 3.4ms
                                            $auto$alumacc.cc:548:replace_alu$93281.Y[27]      3 3.4ms
                  $techmap681123$auto$abc_ops_reintegrate.cc:611:reintegrate$668153.A[0]     13 3.4ms
                                         $techmap684039$abc$667842$lut$aiger$o24306.A[1]      1 3.4ms
                                    $techmap676959$abc$667842$lut$aiger667841$28597.A[2]      7 3.4ms
                  $techmap677140$auto$abc_ops_reintegrate.cc:611:reintegrate$668911.A[1]      6 3.4ms
                                    $techmap675343$abc$667842$lut$aiger667841$22967.A[0]      1 3.4ms
                                                                            wb_rdata[14]      3 3.4ms
                                    $techmap675534$abc$667842$lut$aiger667841$17697.A[1]     14 3.4ms
                                                                 reader.reader.g2_l0[61]      7 3.4ms
                                    $techmap679879$abc$667842$lut$aiger667841$56923.A[0]      1 3.4ms
                  $techmap674679$auto$abc_ops_reintegrate.cc:611:reintegrate$669770.A[0]      6 3.4ms
                                                                 reader.reader.ph_cmd[2]      4 3.4ms
                                         $techmap683129$abc$667842$lut$aiger$o24919.A[0]      1 3.4ms
                                                                 reader.reader.g2_l0[57]     10 3.4ms
                  $techmap675349$auto$abc_ops_reintegrate.cc:611:reintegrate$669289.A[1]      8 3.4ms
                                    $techmap677375$abc$667842$lut$aiger667841$33605.A[0]      3 3.4ms
                                    ddr3.ddr3_controller_inst.calib_data_randomized[101]     11 3.4ms
                                    $techmap675244$abc$667842$lut$aiger667841$72125.A[0]      6 3.4ms
                  $techmap676175$auto$abc_ops_reintegrate.cc:611:reintegrate$669009.A[1]      8 3.4ms
                                                                 reader.reader.g2_l0[17]     10 3.4ms
                                         $techmap682828$abc$667842$lut$aiger$o24637.A[1]      1 3.4ms
                                            ddr3.ddr3_controller_inst.stage1_next_row[6]     11 3.4ms
                  $techmap678367$auto$abc_ops_reintegrate.cc:611:reintegrate$668662.A[1]      4 3.4ms
                                                                 reader.reader.g2_l2[19]     10 3.4ms
                  $techmap675047$auto$abc_ops_reintegrate.cc:611:reintegrate$669443.A[3]      4 3.4ms
                                                                             wb_rdata[6]      3 3.4ms
                  $techmap679883$auto$abc_ops_reintegrate.cc:611:reintegrate$668330.A[1]      7 3.4ms
                                                 ddr3.ddr3_controller_inst.stage1_row[1]      3 3.4ms
                                                               reader.reader.s3_chkw[22]      1 3.4ms
                  $techmap679265$auto$abc_ops_reintegrate.cc:611:reintegrate$668460.A[2]      4 3.4ms
                                    ddr3.ddr3_controller_inst.calib_data_randomized[103]     10 3.4ms
                                    $techmap676883$abc$667842$lut$aiger667841$28347.A[0]      2 3.4ms
                                                                            wb_rdata[64]      3 3.3ms
                                    $techmap675238$abc$667842$lut$aiger667841$61718.A[1]      3 3.3ms
                                              ddr3.ddr3_controller_inst.o_wb_stall_int_q      8 3.3ms
                                                                reader.reader.ph_cmd[14]      4 3.3ms
                                    $techmap679708$abc$667842$lut$aiger667841$54906.A[0]      6 3.3ms
                  $techmap674840$auto$abc_ops_reintegrate.cc:611:reintegrate$669609.A[1]      6 3.3ms
                  $techmap674840$auto$abc_ops_reintegrate.cc:611:reintegrate$669609.A[0]      8 3.3ms
                                    $techmap678249$abc$667842$lut$aiger667841$41460.A[0]      5 3.3ms
                                    $techmap678723$abc$667842$lut$aiger667841$25436.A[0]      7 3.3ms
                                    $techmap676795$abc$667842$lut$aiger667841$28017.A[1]      8 3.3ms
                                 ddr3.ddr3_controller_inst.check_test_address_counter[4]      9 3.3ms
                                    $techmap676430$abc$667842$lut$aiger667841$25002.A[2]      4 3.3ms
                                    $techmap680742$abc$667842$lut$aiger667841$65478.A[2]      8 3.3ms
                                     ddr3.ddr3_controller_inst.stage2_data_unaligned[76]      6 3.3ms
                                                                            wb_rdata[48]      4 3.3ms
                                                                  reader.reader.g2_l1[9]      7 3.3ms
                                    $techmap681832$abc$667842$lut$aiger667841$75531.A[0]      6 3.3ms
                                    $techmap682180$abc$667842$lut$not$aiger667841$8997.A      7 3.3ms
                                       ddr3.ddr3_controller_inst.bank_active_row_d[6][9]      4 3.3ms
                                    $techmap680346$abc$667842$lut$aiger667841$62459.A[0]      5 3.3ms
                                    $techmap675546$abc$667842$lut$aiger667841$17731.A[2]      7 3.3ms
                                     ddr3.ddr3_controller_inst.stage2_data_unaligned[22]      5 3.3ms
                                     ddr3.ddr3_controller_inst.stage2_data_unaligned[45]      5 3.3ms
                  $techmap681794$auto$abc_ops_reintegrate.cc:611:reintegrate$667945.A[3]      4 3.3ms
                                    ddr3.ddr3_controller_inst.stage2_data_unaligned[120]      7 3.3ms
                                                  ddr3.ddr3_controller_inst.dqs_store[8]      3 3.3ms
                                    $techmap676151$abc$667842$lut$aiger667841$23063.A[1]      4 3.3ms
                  $techmap675033$auto$abc_ops_reintegrate.cc:611:reintegrate$669452.A[0]      2 3.3ms
                                    $techmap675139$abc$667842$lut$aiger667841$44093.A[2]      6 3.3ms
                                                           ddr3.idelay_dqs_cntvaluein[0]      6 3.3ms
                                    $techmap675144$abc$667842$lut$aiger667841$72182.A[1]      4 3.3ms
                                      ddr3.ddr3_controller_inst.stage2_data_unaligned[1]      8 3.3ms
                                            ddr3.ddr3_controller_inst.stage2_do_wr_or_rd      4 3.3ms
                                                                  reader.reader.g2_l0[0]      7 3.3ms
                                    $techmap676787$abc$667842$lut$aiger667841$27987.A[2]      8 3.3ms
                                                                               line_b[3]      1 3.3ms
                  $techmap674695$auto$abc_ops_reintegrate.cc:611:reintegrate$669754.A[0]      2 3.3ms
                                    $techmap676551$abc$667842$lut$aiger667841$26110.A[0]      5 3.2ms
                                    $techmap680704$abc$667842$lut$aiger667841$65082.A[2]      3 3.2ms
                                    $techmap680837$abc$667842$lut$aiger667841$65835.A[1]      2 3.2ms
                                    $techmap676567$abc$667842$lut$aiger667841$26158.A[0]      4 3.2ms
                                                                 reader.reader.sd_e0[37]      1 3.2ms
                  $techmap677769$auto$abc_ops_reintegrate.cc:611:reintegrate$668802.A[1]      6 3.2ms
                                    $techmap680556$abc$667842$lut$aiger667841$64522.A[0]      7 3.2ms
                                                                  reader.reader.g2_l0[5]      7 3.2ms
                                    $techmap676694$abc$667842$lut$aiger667841$26820.A[5]      2 3.2ms
                                                                reader.reader.ph_cmd[37]      4 3.2ms
                                                                 reader.reader.g2_l1[52]     10 3.2ms
                                    ddr3.ddr3_controller_inst.stage2_data_unaligned[106]      5 3.2ms
                                                                           wb_rdata[108]      4 3.2ms
                                                 ddr3.ddr3_controller_inst.stage2_row[0]     11 3.2ms
                                                 ddr3.ddr3_controller_inst.dqs_store[14]      4 3.2ms
                  $techmap679582$auto$abc_ops_reintegrate.cc:611:reintegrate$668396.A[4]      3 3.2ms
                                                                reader.reader.ph_max[25]      5 3.2ms
                                                                reader.reader.cycles[15]      2 3.2ms
                                                                 reader.reader.g2_l0[13]      7 3.2ms
                                             $auto$alumacc.cc:548:replace_alu$93281.Y[3]      3 3.2ms
                                    $techmap678704$abc$667842$lut$aiger667841$25319.A[0]      8 3.2ms
                                                                 reader.reader.g2_l1[55]     10 3.2ms
                  $techmap675461$auto$abc_ops_reintegrate.cc:611:reintegrate$669201.A[4]      3 3.2ms
                                                                 reader.reader.g2_l0[29]     10 3.2ms
                                     ddr3.ddr3_controller_inst.stage2_data_unaligned[33]      7 3.2ms
                                    $techmap682186$abc$667842$lut$not$aiger667841$9009.A      7 3.2ms
                                                 ddr3.ddr3_controller_inst.stage2_row[3]     11 3.2ms
                                    $techmap679469$abc$667842$lut$aiger667841$53394.A[0]      6 3.2ms
                                            $auto$alumacc.cc:548:replace_alu$93278.Y[17]      3 3.2ms
                  $techmap674698$auto$abc_ops_reintegrate.cc:611:reintegrate$669751.A[1]      5 3.2ms
                                     ddr3.ddr3_controller_inst.stage2_data_unaligned[27]      6 3.2ms
                                                                           wb_rdata[112]      3 3.2ms
                                             $auto$alumacc.cc:548:replace_alu$93281.Y[4]      3 3.2ms
                                    $techmap676776$abc$667842$lut$aiger667841$27923.A[0]      6 3.2ms
                                       ddr3.ddr3_controller_inst.bank_active_row_d[1][7]      4 3.2ms
                                                                 reader.reader.cycles[3]      2 3.2ms
                                                                reader.reader.ph_cmd[19]      4 3.2ms
                  $techmap678352$auto$abc_ops_reintegrate.cc:611:reintegrate$668664.A[3]      3 3.2ms
                                    $techmap680548$abc$667842$lut$aiger667841$64488.A[1]      9 3.2ms
                                    $techmap677782$abc$667842$lut$aiger667841$36307.A[4]      8 3.2ms
                                    $techmap677494$abc$667842$lut$aiger667841$23864.A[0]      8 3.2ms
                                    $techmap676146$abc$667842$lut$aiger667841$23057.A[2]      8 3.2ms
                  $techmap675907$auto$abc_ops_reintegrate.cc:611:reintegrate$669022.A[0]      7 3.2ms
                                    $techmap678183$abc$667842$lut$aiger667841$40882.A[4]     12 3.2ms
                                    $techmap676783$abc$667842$lut$aiger667841$27971.A[0]      6 3.2ms
                                     ddr3.ddr3_controller_inst.stage2_data_unaligned[11]      6 3.2ms
                                                ddr3.ddr3_controller_inst.stage2_row[10]     10 3.2ms
                                                                 reader.reader.g3_l0[43]      1 3.2ms
                                                                             line_tag[6]      2 3.2ms
                                    $techmap675158$abc$667842$lut$aiger667841$53552.A[1]      5 3.2ms
                  $techmap679405$auto$abc_ops_reintegrate.cc:611:reintegrate$668434.A[3]      4 3.2ms
                  $techmap676181$auto$abc_ops_reintegrate.cc:611:reintegrate$669007.A[1]      7 3.2ms
                                                                 reader.reader.g2_l1[31]      7 3.2ms
                                    $techmap676151$abc$667842$lut$aiger667841$23063.A[0]      6 3.2ms
                                                 ddr3.ddr3_controller_inst.stage2_do_pre     13 3.2ms
                                    $techmap676939$abc$667842$lut$aiger667841$28592.A[2]      7 3.2ms
                                                                            wb_rdata[94]      3 3.2ms
                                                                           wb_rdata[126]      3 3.1ms
                                    $techmap676435$abc$667842$lut$aiger667841$25023.A[0]      4 3.1ms
                                    $techmap675139$abc$667842$lut$aiger667841$44093.A[1]      6 3.1ms
                                                                            wb_rdata[98]      3 3.1ms
                                            $auto$alumacc.cc:548:replace_alu$93281.Y[16]      3 3.1ms
                                                                 reader.reader.g2_l1[34]     10 3.1ms
                                            $auto$alumacc.cc:548:replace_alu$93278.Y[18]      3 3.1ms
                                         $techmap682629$abc$667842$lut$aiger$o24610.A[1]      7 3.1ms
                                    $techmap680556$abc$667842$lut$aiger667841$64522.A[2]      7 3.1ms
                                     ddr3.ddr3_controller_inst.stage2_data_unaligned[52]      6 3.1ms
                                                                 reader.reader.g3_hi[59]      1 3.1ms
                  $techmap681222$auto$abc_ops_reintegrate.cc:611:reintegrate$668133.A[1]      5 3.1ms
                                                                 reader.reader.g2_l2[23]      7 3.1ms
                  $techmap674847$auto$abc_ops_reintegrate.cc:611:reintegrate$669602.A[1]      7 3.1ms
                  $techmap681706$auto$abc_ops_reintegrate.cc:611:reintegrate$667984.A[2]      3 3.1ms
                                    $techmap677621$abc$667842$lut$aiger667841$23848.A[0]      2 3.1ms
                               $abc$667842$auto$simple.cc:193:make_patterns_logic$102000      7 3.1ms
                  $techmap675075$auto$abc_ops_reintegrate.cc:611:reintegrate$669421.A[2]      3 3.1ms
                                                                  reader.reader.g3_hi[2]      1 3.1ms
                  $techmap678634$auto$abc_ops_reintegrate.cc:611:reintegrate$668588.A[2]      4 3.1ms
                                 ddr3.ddr3_controller_inst.read_test_address_counter[10]      5 3.1ms
                                    $techmap675012$abc$667842$lut$aiger667841$72366.A[3]      5 3.1ms
                                               ddr3.ddr3_controller_inst.stage1_data[20]      2 3.1ms
                                    $techmap677785$abc$667842$lut$aiger667841$36296.A[3]      6 3.1ms
                                                                  reader.reader.g2_l1[5]     10 3.1ms
                  $techmap674959$auto$abc_ops_reintegrate.cc:611:reintegrate$669493.A[0]      4 3.1ms
                                    $techmap676811$abc$667842$lut$aiger667841$28085.A[2]      6 3.0ms
                                           ddr3.ddr3_controller_inst.stage1_next_row[12]     10 3.0ms
                  $techmap681655$auto$abc_ops_reintegrate.cc:611:reintegrate$668006.A[3]      6 3.0ms
                                                                   ddr3.iserdes_data[92]      2 3.0ms
                                            ddr3.ddr3_controller_inst.stage1_next_row[3]     11 3.0ms
                                         ddr3.ddr3_controller_inst.write_pattern_matches      8 3.0ms
                                                                            wb_rdata[27]      3 3.0ms
                                    ddr3.ddr3_controller_inst.stage2_data_unaligned[105]      7 3.0ms
                                                                 reader.reader.s1_e1[38]      1 3.0ms
                                                  $abc$667842$lut$aiger667841$66966.A[5]      4 3.0ms
                                     ddr3.ddr3_controller_inst.stage2_data_unaligned[39]      6 3.0ms
                                         $techmap684520$abc$667842$lut$aiger$o25304.A[2]      3 3.0ms
                                            $techmap241768$auto$ff.cc:337:slice$102309.D      1 3.0ms
                                    $techmap676610$abc$667842$lut$aiger667841$26421.A[0]      5 3.0ms
                                               ddr3.ddr3_controller_inst.stage1_data[86]      2 3.0ms
                  $techmap679376$auto$abc_ops_reintegrate.cc:611:reintegrate$668441.A[4]      2 3.0ms
                                     ddr3.ddr3_controller_inst.stage2_data_unaligned[18]      5 3.0ms
                                    $techmap675553$abc$667842$lut$aiger667841$17750.A[4]      8 3.0ms
                  $techmap675771$auto$abc_ops_reintegrate.cc:611:reintegrate$669057.A[0]      8 3.0ms
                                    $techmap676778$abc$667842$lut$aiger667841$27931.A[2]      8 3.0ms
                                                  $auto$maccmap.cc:240:synth$109074.Y[0]     10 3.0ms
                                                                  reader.reader.g2_l2[4]      7 3.0ms
                                                               reader.reader.sd_chkw[17]      1 3.0ms
                                            $auto$alumacc.cc:548:replace_alu$93281.Y[21]      3 3.0ms
                                    ddr3.ddr3_controller_inst.calib_data_randomized[123]     10 3.0ms
                                                                  reader.reader.c_l1[35]      1 3.0ms
                  $techmap677756$auto$abc_ops_reintegrate.cc:611:reintegrate$668806.A[0]      2 3.0ms
                  $techmap675050$auto$abc_ops_reintegrate.cc:611:reintegrate$669441.A[1]      3 3.0ms
                                                                 reader.reader.g2_l2[10]     10 3.0ms
                                    $techmap676800$abc$667842$lut$aiger667841$28036.A[0]      8 3.0ms
                                    $techmap676595$abc$667842$lut$aiger667841$26352.A[0]      3 3.0ms
                                                                reader.reader.ph_max[14]      5 3.0ms
                  $techmap681710$auto$abc_ops_reintegrate.cc:611:reintegrate$667980.A[3]      3 3.0ms
                                     ddr3.ddr3_controller_inst.stage2_data_unaligned[89]      7 3.0ms
                                                                reader.reader.ph_max[19]      5 3.0ms
                                    $techmap675884$abc$667842$lut$aiger667841$21354.A[4]      5 3.0ms
                                                                  reader.reader.g2_l0[9]     10 3.0ms
                                    $techmap677678$abc$667842$lut$aiger667841$35127.A[1]      3 3.0ms
                                                                              line_b[29]      1 3.0ms
                                           ddr3.ddr3_controller_inst.stage1_next_row[11]     10 3.0ms
                                    $techmap679540$abc$667842$lut$aiger667841$53691.A[1]      2 3.0ms
                                     ddr3.ddr3_controller_inst.stage2_data_unaligned[36]      6 3.0ms
                                            ddr3.ddr3_controller_inst.dqs_start_index[4]     11 3.0ms
                                     ddr3.ddr3_controller_inst.stage2_data_unaligned[38]      5 3.0ms
                                    $auto$alumacc.cc:548:replace_alu$92985.Y[1]$sum$8311     14 3.0ms
                  $techmap681001$auto$abc_ops_reintegrate.cc:611:reintegrate$668179.A[3]      7 3.0ms
                                         $techmap685583$abc$667842$lut$aiger$o25580.A[0]      2 3.0ms
                                    $techmap676430$abc$667842$lut$aiger667841$25002.A[1]      4 3.0ms
                                                                              line_a[11]      1 3.0ms
                                       ddr3.ddr3_controller_inst.bank_active_row_d[3][2]      4 3.0ms
                                            ddr3.ddr3_controller_inst.read_lane_data[20]      3 3.0ms
                                                                  ddr3.iserdes_data[126]      2 2.9ms
                                                                 reader.reader.ph_max[1]      5 2.9ms
                                    $techmap676688$abc$667842$lut$aiger667841$26770.A[3]      2 2.9ms
                                                                 $abc$667842$aiger$o1048      2 2.9ms
                                                                  reader.reader.g2_l1[0]      7 2.9ms
                                $abc$667842$auto$simple.cc:210:make_patterns_logic$84920      5 2.9ms
Info: Router2 time 18.44s
Info: Routing $PACKER_VCC_NET connections...
Info:     $PACKER_VCC_NET: 2823/2823 sinks bridged (0 holdouts; max BFS 33)
Info: Routing $PACKER_GND_NET connections...
Info:     $PACKER_GND_NET HOLDOUT: $auto$alumacc.cc:548:replace_alu$93090.genblk1.slice[0].genblk1.carry4.DI3 (bel SLICE_X134Y139/CARRY4, wire SITEWIRE/SLICE_X134Y139/DCY0_OUT)
Info:     $PACKER_GND_NET HOLDOUT: $auto$alumacc.cc:548:replace_alu$93093.genblk1.slice[0].genblk1.carry4.DI1 (bel SLICE_X130Y157/CARRY4, wire SITEWIRE/SLICE_X130Y157/BCY0_OUT)
Info:     $PACKER_GND_NET HOLDOUT: $auto$alumacc.cc:548:replace_alu$93093.genblk1.slice[0].genblk1.carry4.DI3 (bel SLICE_X130Y157/CARRY4, wire SITEWIRE/SLICE_X130Y157/DCY0_OUT)
Info:     $PACKER_GND_NET HOLDOUT: $auto$alumacc.cc:548:replace_alu$93099.genblk1.slice[0].genblk1.carry4.DI1 (bel SLICE_X132Y145/CARRY4, wire SITEWIRE/SLICE_X132Y145/BCY0_OUT)
Info:     $PACKER_GND_NET HOLDOUT: $auto$alumacc.cc:548:replace_alu$93099.genblk1.slice[0].genblk1.carry4.DI2 (bel SLICE_X132Y145/CARRY4, wire SITEWIRE/SLICE_X132Y145/CCY0_OUT)
Info:     $PACKER_GND_NET HOLDOUT: $auto$alumacc.cc:548:replace_alu$93099.genblk1.slice[0].genblk1.carry4.DI3 (bel SLICE_X132Y145/CARRY4, wire SITEWIRE/SLICE_X132Y145/DCY0_OUT)
Info:     $PACKER_GND_NET HOLDOUT: $auto$alumacc.cc:548:replace_alu$93102.genblk1.slice[0].genblk1.carry4.DI3 (bel SLICE_X132Y157/CARRY4, wire SITEWIRE/SLICE_X132Y157/DCY0_OUT)
Info:     $PACKER_GND_NET HOLDOUT: $auto$alumacc.cc:548:replace_alu$93108.genblk1.slice[0].genblk1.carry4.DI3 (bel SLICE_X134Y144/CARRY4, wire SITEWIRE/SLICE_X134Y144/DCY0_OUT)
Info:     $PACKER_GND_NET HOLDOUT: $auto$alumacc.cc:548:replace_alu$93269.genblk1.slice[0].genblk1.carry4.DI3 (bel SLICE_X108Y158/CARRY4, wire SITEWIRE/SLICE_X108Y158/DCY0_OUT)
Info:     $PACKER_GND_NET: 1988/1997 sinks bridged (9 holdouts; max BFS 7242)
Info:     $auto$alumacc.cc:548:replace_alu$93090.genblk1.slice[0].genblk1.carry4.DI3 (bel SLICE_X134Y139/CARRY4): CARRY4 DI with S=1 never selected, left unrouted
Info:     $auto$alumacc.cc:548:replace_alu$93093.genblk1.slice[0].genblk1.carry4.DI1 (bel SLICE_X130Y157/CARRY4): CARRY4 DI with S=1 never selected, left unrouted
Info:     $auto$alumacc.cc:548:replace_alu$93093.genblk1.slice[0].genblk1.carry4.DI3 (bel SLICE_X130Y157/CARRY4): CARRY4 DI with S=1 never selected, left unrouted
Info:     $auto$alumacc.cc:548:replace_alu$93099.genblk1.slice[0].genblk1.carry4.DI1 (bel SLICE_X132Y145/CARRY4): CARRY4 DI with S=1 never selected, left unrouted
Info:     $auto$alumacc.cc:548:replace_alu$93099.genblk1.slice[0].genblk1.carry4.DI2 (bel SLICE_X132Y145/CARRY4): CARRY4 DI with S=1 never selected, left unrouted
Info:     $auto$alumacc.cc:548:replace_alu$93099.genblk1.slice[0].genblk1.carry4.DI3 (bel SLICE_X132Y145/CARRY4): CARRY4 DI with S=1 never selected, left unrouted
Info:     $auto$alumacc.cc:548:replace_alu$93102.genblk1.slice[0].genblk1.carry4.DI3 (bel SLICE_X132Y157/CARRY4): CARRY4 DI with S=1 never selected, left unrouted
Info:     $auto$alumacc.cc:548:replace_alu$93108.genblk1.slice[0].genblk1.carry4.DI3 (bel SLICE_X134Y144/CARRY4): CARRY4 DI with S=1 never selected, left unrouted
Info:     $auto$alumacc.cc:548:replace_alu$93269.genblk1.slice[0].genblk1.carry4.DI3 (bel SLICE_X108Y158/CARRY4): CARRY4 DI with S=1 never selected, left unrouted
Info: Constant holdouts: 0 local constant LUT(s) added, 0 re-route pass(es), 9 don't-care CARRY4 DI pin(s) left unrouted
Info: Running post-routing legalisation...
Info:     BUFHCE pass-through CE: 8 tied to VCC, 0 already driven, 0 could not be reached

Info: Critical path report for clock 'clk_ctrl' (posedge -> posedge):
Info: curr total
Info:  0.1  0.1  Source $auto$ff.cc:337:slice$113254.Q
Info:  0.9  1.0    Net $techmap676137$abc$667842$lut$aiger667841$23029.A[3] budget 0.000000 ns (177,110) -> (181,113)
Info:                Sink $abc$667842$lut$aiger667841$23029.A2
Info:  0.1  1.1  Source $abc$667842$lut$aiger667841$23029.O6
Info:  0.6  1.8    Net $techmap676138$abc$667842$lut$aiger667841$23033.A[4] budget 0.000000 ns (181,113) -> (181,115)
Info:                Sink $abc$667842$lut$aiger667841$23033.A2
Info:  0.1  1.9  Source $abc$667842$lut$aiger667841$23033.O6
Info:  0.5  2.4    Net $techmap676140$abc$667842$lut$aiger667841$23041.A[5] budget 0.000000 ns (181,115) -> (181,115)
Info:                Sink $abc$667842$lut$aiger667841$23041.A6
Info:  0.1  2.5  Source $abc$667842$lut$aiger667841$23041.O6
Info:  1.3  3.8    Net $techmap676144$abc$667842$lut$aiger667841$23053.A[1] budget 0.000000 ns (181,115) -> (184,126)
Info:                Sink $abc$667842$lut$aiger667841$23053.A3
Info:  0.1  3.9  Source $abc$667842$lut$aiger667841$23053.O6
Info:  0.6  4.5    Net $techmap676146$abc$667842$lut$aiger667841$23057.A[3] budget 0.000000 ns (184,126) -> (185,127)
Info:                Sink $abc$667842$lut$aiger667841$23061.A5
Info:  0.1  4.6  Source $abc$667842$lut$aiger667841$23061.O6
Info:  1.4  6.0    Net $techmap676151$abc$667842$lut$aiger667841$23063.A[1] budget 0.000000 ns (185,127) -> (188,113)
Info:                Sink $abc$667842$lut$aiger667841$23063.A1
Info:  0.1  6.1  Source $abc$667842$lut$aiger667841$23063.O6
Info:  1.6  7.7    Net $techmap676159$abc$667842$lut$aiger667841$23078.A[3] budget 0.000000 ns (188,113) -> (198,125)
Info:                Sink $abc$667842$lut$aiger667841$61679.A4
Info:  0.1  7.9  Source $abc$667842$lut$aiger667841$61679.O6
Info:  0.6  8.5    Net $techmap683920$abc$667842$lut$aiger667841$61686.A[5] budget 0.000000 ns (198,125) -> (198,125)
Info:                Sink $abc$667842$lut$aiger667841$61686.A6
Info:  0.1  8.6  Source $abc$667842$lut$aiger667841$61686.O6
Info:  0.9  9.5    Net $techmap683925$abc$667842$lut$aiger667841$61690.A[4] budget 0.000000 ns (198,125) -> (198,125)
Info:                Sink $abc$667842$lut$aiger667841$61690.A5
Info:  0.1  9.6  Source $abc$667842$lut$aiger667841$61690.O6
Info:  0.6 10.3    Net $techmap683929$abc$667842$lut$aiger667841$61696.A[5] budget 0.000000 ns (198,125) -> (198,125)
Info:                Sink $abc$667842$lut$aiger667841$61696.A6
Info:  0.1 10.4  Source $abc$667842$lut$aiger667841$61696.O6
Info:  0.8 11.2    Net $techmap683933$abc$667842$lut$aiger$o25088.A[5] budget 0.000000 ns (198,125) -> (194,125)
Info:                Sink $abc$667842$lut$aiger$o25088.A6
Info:  0.1 11.3  Source $abc$667842$lut$aiger$o25088.O6
Info:  0.0 11.3    Net $techmap239232$auto$ff.cc:337:slice$112713.D budget 0.204000 ns (194,125) -> (194,125)
Info:                Sink $auto$ff.cc:337:slice$112713.D
Info:  0.1 11.4  Setup $auto$ff.cc:337:slice$112713.D
Info: 1.6 ns logic, 9.9 ns routing

Info: Max frequency for clock 'clk_ctrl': 87.44 MHz (PASS at 83.33 MHz)

Info: Slack histogram:
Info:  legend: * represents 28 endpoint(s)
Info:          + represents [1,28) endpoint(s)
Info: [   564,   1119) |+
Info: [  1119,   1674) |*+
Info: [  1674,   2229) |****+
Info: [  2229,   2784) |*********+
Info: [  2784,   3339) |*****************+
Info: [  3339,   3894) |***********************+
Info: [  3894,   4449) |*******************+
Info: [  4449,   5004) |*********************+
Info: [  5004,   5559) |*****************************************+
Info: [  5559,   6114) |****************************************************+
Info: [  6114,   6669) |******************************************+
Info: [  6669,   7224) |***************************+
Info: [  7224,   7779) |**********************************+
Info: [  7779,   8334) |****************************************************+
Info: [  8334,   8889) |************************************************************ 
Info: [  8889,   9444) |********************************************************+
Info: [  9444,   9999) |****************************+
Info: [  9999,  10554) |***************+
Info: [ 10554,  11109) |******************************************+
Info: [ 11109,  11664) |*****************************+

