Info: Propagating clock constraints...
Info:     derived 200.0 MHz for net 'clk200_in' (through IBUFDS 'clk200_ibufds')
Info:     PLLE2_ADV 'pll': input 200.0 MHz, VCO 1000.0 MHz
Info:     derived 83.3 MHz for net 'ctrl_raw' (through PLLE2_ADV 'pll')
Info:     derived 333.3 MHz for net 'ddr_raw' (through PLLE2_ADV 'pll')
Info:     derived 200.0 MHz for net 'ref_raw' (through PLLE2_ADV 'pll')
Info:     derived 333.3 MHz for net 'ddr90_raw' (through PLLE2_ADV 'pll')
Info:     derived 1000.0 MHz for net 'pll_fb' (through PLLE2_ADV 'pll')
Info:     PLLE2_ADV 'pll': input 200.0 MHz, VCO 1000.0 MHz
Info: Packing constants..
Info: Inserting IO buffers..
Info:     IO port 'clk200_n' driven by IBUFDS 'clk200_ibufds'
Info:     IO port 'clk200_p' driven by IBUFDS 'clk200_ibufds'
Info:     IO port 'ddr3_cas_n' driven by OBUF '$iopadmap$tms_ddr3_ax7203.ddr3_cas_n'
Info:     IO port 'ddr3_ck_n' driven by OBUFDS 'ddr3.ddr3_phy_inst.genblk4.genblk1.OBUFDS_inst'
Info:     IO port 'ddr3_ck_p' driven by OBUFDS 'ddr3.ddr3_phy_inst.genblk4.genblk1.OBUFDS_inst'
Info:     IO port 'ddr3_cke' driven by OBUF '$iopadmap$tms_ddr3_ax7203.ddr3_cke'
Info:     IO port 'ddr3_cs_n' driven by OBUF '$iopadmap$tms_ddr3_ax7203.ddr3_cs_n'
Info:     IO port 'ddr3_odt' driven by OBUF '$iopadmap$tms_ddr3_ax7203.ddr3_odt'
Info:     IO port 'ddr3_ras_n' driven by OBUF '$iopadmap$tms_ddr3_ax7203.ddr3_ras_n'
Info:     IO port 'ddr3_reset_n' driven by OBUF '$iopadmap$tms_ddr3_ax7203.ddr3_reset_n'
Info:     IO port 'ddr3_we_n' driven by OBUF '$iopadmap$tms_ddr3_ax7203.ddr3_we_n'
Info:     IO port 'rst_n' driven by IBUF '$iopadmap$tms_ddr3_ax7203.rst_n'
Info:     IO port 'uart_tx' driven by OBUF '$iopadmap$tms_ddr3_ax7203.uart_tx'
Info:     IO port 'ddr3_addr[0]' driven by OBUF '$iopadmap$tms_ddr3_ax7203.ddr3_addr'
Info:     IO port 'ddr3_addr[1]' driven by OBUF '$iopadmap$tms_ddr3_ax7203.ddr3_addr_1'
Info:     IO port 'ddr3_addr[10]' driven by OBUF '$iopadmap$tms_ddr3_ax7203.ddr3_addr_10'
Info:     IO port 'ddr3_addr[11]' driven by OBUF '$iopadmap$tms_ddr3_ax7203.ddr3_addr_11'
Info:     IO port 'ddr3_addr[12]' driven by OBUF '$iopadmap$tms_ddr3_ax7203.ddr3_addr_12'
Info:     IO port 'ddr3_addr[13]' driven by OBUF '$iopadmap$tms_ddr3_ax7203.ddr3_addr_13'
Info:     IO port 'ddr3_addr[14]' driven by OBUF '$iopadmap$tms_ddr3_ax7203.ddr3_addr_14'
Info:     IO port 'ddr3_addr[2]' driven by OBUF '$iopadmap$tms_ddr3_ax7203.ddr3_addr_2'
Info:     IO port 'ddr3_addr[3]' driven by OBUF '$iopadmap$tms_ddr3_ax7203.ddr3_addr_3'
Info:     IO port 'ddr3_addr[4]' driven by OBUF '$iopadmap$tms_ddr3_ax7203.ddr3_addr_4'
Info:     IO port 'ddr3_addr[5]' driven by OBUF '$iopadmap$tms_ddr3_ax7203.ddr3_addr_5'
Info:     IO port 'ddr3_addr[6]' driven by OBUF '$iopadmap$tms_ddr3_ax7203.ddr3_addr_6'
Info:     IO port 'ddr3_addr[7]' driven by OBUF '$iopadmap$tms_ddr3_ax7203.ddr3_addr_7'
Info:     IO port 'ddr3_addr[8]' driven by OBUF '$iopadmap$tms_ddr3_ax7203.ddr3_addr_8'
Info:     IO port 'ddr3_addr[9]' driven by OBUF '$iopadmap$tms_ddr3_ax7203.ddr3_addr_9'
Info:     IO port 'ddr3_ba[0]' driven by OBUF '$iopadmap$tms_ddr3_ax7203.ddr3_ba'
Info:     IO port 'ddr3_ba[1]' driven by OBUF '$iopadmap$tms_ddr3_ax7203.ddr3_ba_1'
Info:     IO port 'ddr3_ba[2]' driven by OBUF '$iopadmap$tms_ddr3_ax7203.ddr3_ba_2'
Info:     IO port 'led[0]' driven by OBUF '$iopadmap$tms_ddr3_ax7203.led'
Info:     IO port 'led[1]' driven by OBUF '$iopadmap$tms_ddr3_ax7203.led_1'
Info:     IO port 'led[2]' driven by OBUF '$iopadmap$tms_ddr3_ax7203.led_2'
Info:     IO port 'led[3]' driven by OBUF '$iopadmap$tms_ddr3_ax7203.led_3'
Info:     IO port 'ddr3_dq[0]' driven by IOBUF 'ddr3.ddr3_phy_inst.genblk5[0].genblk1.IOBUF_data'
Info:     IO port 'ddr3_dq[10]' driven by IOBUF 'ddr3.ddr3_phy_inst.genblk5[10].genblk1.IOBUF_data'
Info:     IO port 'ddr3_dq[11]' driven by IOBUF 'ddr3.ddr3_phy_inst.genblk5[11].genblk1.IOBUF_data'
Info:     IO port 'ddr3_dq[12]' driven by IOBUF 'ddr3.ddr3_phy_inst.genblk5[12].genblk1.IOBUF_data'
Info:     IO port 'ddr3_dq[13]' driven by IOBUF 'ddr3.ddr3_phy_inst.genblk5[13].genblk1.IOBUF_data'
Info:     IO port 'ddr3_dq[14]' driven by IOBUF 'ddr3.ddr3_phy_inst.genblk5[14].genblk1.IOBUF_data'
Info:     IO port 'ddr3_dq[15]' driven by IOBUF 'ddr3.ddr3_phy_inst.genblk5[15].genblk1.IOBUF_data'
Info:     IO port 'ddr3_dq[16]' driven by IOBUF 'ddr3.ddr3_phy_inst.genblk5[16].genblk1.IOBUF_data'
Info:     IO port 'ddr3_dq[17]' driven by IOBUF 'ddr3.ddr3_phy_inst.genblk5[17].genblk1.IOBUF_data'
Info:     IO port 'ddr3_dq[18]' driven by IOBUF 'ddr3.ddr3_phy_inst.genblk5[18].genblk1.IOBUF_data'
Info:     IO port 'ddr3_dq[19]' driven by IOBUF 'ddr3.ddr3_phy_inst.genblk5[19].genblk1.IOBUF_data'
Info:     IO port 'ddr3_dq[1]' driven by IOBUF 'ddr3.ddr3_phy_inst.genblk5[1].genblk1.IOBUF_data'
Info:     IO port 'ddr3_dq[20]' driven by IOBUF 'ddr3.ddr3_phy_inst.genblk5[20].genblk1.IOBUF_data'
Info:     IO port 'ddr3_dq[21]' driven by IOBUF 'ddr3.ddr3_phy_inst.genblk5[21].genblk1.IOBUF_data'
Info:     IO port 'ddr3_dq[22]' driven by IOBUF 'ddr3.ddr3_phy_inst.genblk5[22].genblk1.IOBUF_data'
Info:     IO port 'ddr3_dq[23]' driven by IOBUF 'ddr3.ddr3_phy_inst.genblk5[23].genblk1.IOBUF_data'
Info:     IO port 'ddr3_dq[24]' driven by IOBUF 'ddr3.ddr3_phy_inst.genblk5[24].genblk1.IOBUF_data'
Info:     IO port 'ddr3_dq[25]' driven by IOBUF 'ddr3.ddr3_phy_inst.genblk5[25].genblk1.IOBUF_data'
Info:     IO port 'ddr3_dq[26]' driven by IOBUF 'ddr3.ddr3_phy_inst.genblk5[26].genblk1.IOBUF_data'
Info:     IO port 'ddr3_dq[27]' driven by IOBUF 'ddr3.ddr3_phy_inst.genblk5[27].genblk1.IOBUF_data'
Info:     IO port 'ddr3_dq[28]' driven by IOBUF 'ddr3.ddr3_phy_inst.genblk5[28].genblk1.IOBUF_data'
Info:     IO port 'ddr3_dq[29]' driven by IOBUF 'ddr3.ddr3_phy_inst.genblk5[29].genblk1.IOBUF_data'
Info:     IO port 'ddr3_dq[2]' driven by IOBUF 'ddr3.ddr3_phy_inst.genblk5[2].genblk1.IOBUF_data'
Info:     IO port 'ddr3_dq[30]' driven by IOBUF 'ddr3.ddr3_phy_inst.genblk5[30].genblk1.IOBUF_data'
Info:     IO port 'ddr3_dq[31]' driven by IOBUF 'ddr3.ddr3_phy_inst.genblk5[31].genblk1.IOBUF_data'
Info:     IO port 'ddr3_dq[3]' driven by IOBUF 'ddr3.ddr3_phy_inst.genblk5[3].genblk1.IOBUF_data'
Info:     IO port 'ddr3_dq[4]' driven by IOBUF 'ddr3.ddr3_phy_inst.genblk5[4].genblk1.IOBUF_data'
Info:     IO port 'ddr3_dq[5]' driven by IOBUF 'ddr3.ddr3_phy_inst.genblk5[5].genblk1.IOBUF_data'
Info:     IO port 'ddr3_dq[6]' driven by IOBUF 'ddr3.ddr3_phy_inst.genblk5[6].genblk1.IOBUF_data'
Info:     IO port 'ddr3_dq[7]' driven by IOBUF 'ddr3.ddr3_phy_inst.genblk5[7].genblk1.IOBUF_data'
Info:     IO port 'ddr3_dq[8]' driven by IOBUF 'ddr3.ddr3_phy_inst.genblk5[8].genblk1.IOBUF_data'
Info:     IO port 'ddr3_dq[9]' driven by IOBUF 'ddr3.ddr3_phy_inst.genblk5[9].genblk1.IOBUF_data'
Info:     IO port 'ddr3_dm[0]' driven by OBUF 'ddr3.ddr3_phy_inst.genblk6[0].genblk1.OBUF_dm'
Info:     IO port 'ddr3_dm[1]' driven by OBUF 'ddr3.ddr3_phy_inst.genblk6[1].genblk1.OBUF_dm'
Info:     IO port 'ddr3_dm[2]' driven by OBUF 'ddr3.ddr3_phy_inst.genblk6[2].genblk1.OBUF_dm'
Info:     IO port 'ddr3_dm[3]' driven by OBUF 'ddr3.ddr3_phy_inst.genblk6[3].genblk1.OBUF_dm'
Info:     IO port 'ddr3_dqs_p[0]' driven by IOBUFDS 'ddr3.ddr3_phy_inst.genblk7[0].genblk1.IOBUFDS_dqs'
Info:     IO port 'ddr3_dqs_n[0]' driven by IOBUFDS 'ddr3.ddr3_phy_inst.genblk7[0].genblk1.IOBUFDS_dqs'
Info:     IO port 'ddr3_dqs_p[1]' driven by IOBUFDS 'ddr3.ddr3_phy_inst.genblk7[1].genblk1.IOBUFDS_dqs'
Info:     IO port 'ddr3_dqs_n[1]' driven by IOBUFDS 'ddr3.ddr3_phy_inst.genblk7[1].genblk1.IOBUFDS_dqs'
Info:     IO port 'ddr3_dqs_p[2]' driven by IOBUFDS 'ddr3.ddr3_phy_inst.genblk7[2].genblk1.IOBUFDS_dqs'
Info:     IO port 'ddr3_dqs_n[2]' driven by IOBUFDS 'ddr3.ddr3_phy_inst.genblk7[2].genblk1.IOBUFDS_dqs'
Info:     IO port 'ddr3_dqs_p[3]' driven by IOBUFDS 'ddr3.ddr3_phy_inst.genblk7[3].genblk1.IOBUFDS_dqs'
Info:     IO port 'ddr3_dqs_n[3]' driven by IOBUFDS 'ddr3.ddr3_phy_inst.genblk7[3].genblk1.IOBUFDS_dqs'
Info:     Constraining 'clk200_n' to site 'IOB_X1Y123'
Info:     Tile 'RIOB33_X105Y123'
Info:     Constraining 'clk200_p' to site 'IOB_X1Y124'
Info:     Tile 'RIOB33_X105Y123'
Info:     Constraining 'ddr3_cas_n' to site 'IOB_X1Y125'
Info:     Tile 'RIOB33_X105Y125'
Info:     Constraining 'ddr3_ck_n' to site 'IOB_X1Y143'
Info:     Tile 'RIOB33_X105Y143'
Info:     Constraining 'ddr3_ck_p' to site 'IOB_X1Y144'
Info:     Tile 'RIOB33_X105Y143'
Info:     Constraining 'ddr3_cke' to site 'IOB_X1Y122'
Info:     Tile 'RIOB33_X105Y121'
Info:     Constraining 'ddr3_cs_n' to site 'IOB_X1Y134'
Info:     Tile 'RIOB33_X105Y133'
Info:     Constraining 'ddr3_odt' to site 'IOB_X1Y121'
Info:     Tile 'RIOB33_X105Y121'
Info:     Constraining 'ddr3_ras_n' to site 'IOB_X1Y126'
Info:     Tile 'RIOB33_X105Y125'
Info:     Constraining 'ddr3_reset_n' to site 'IOB_X1Y120'
Info:     Tile 'RIOB33_X105Y119'
Info:     Constraining 'ddr3_we_n' to site 'IOB_X1Y136'
Info:     Tile 'RIOB33_X105Y135'
Info:     Constraining 'rst_n' to site 'IOB_X1Y115'
Info:     Tile 'RIOB33_X105Y115'
Info:     Constraining 'uart_tx' to site 'IOB_X0Y100'
Info:     Tile 'LIOB33_SING_X0Y100'
Info:     Constraining 'ddr3_addr[0]' to site 'IOB_X1Y127'
Info:     Tile 'RIOB33_X105Y127'
Info:     Constraining 'ddr3_addr[1]' to site 'IOB_X1Y133'
Info:     Tile 'RIOB33_X105Y133'
Info:     Constraining 'ddr3_addr[10]' to site 'IOB_X1Y139'
Info:     Tile 'RIOB33_X105Y139'
Info:     Constraining 'ddr3_addr[11]' to site 'IOB_X1Y142'
Info:     Tile 'RIOB33_X105Y141'
Info:     Constraining 'ddr3_addr[12]' to site 'IOB_X1Y141'
Info:     Tile 'RIOB33_X105Y141'
Info:     Constraining 'ddr3_addr[13]' to site 'IOB_X1Y147'
Info:     Tile 'RIOB33_X105Y147'
Info:     Constraining 'ddr3_addr[14]' to site 'IOB_X1Y137'
Info:     Tile 'RIOB33_X105Y137'
Info:     Constraining 'ddr3_addr[2]' to site 'IOB_X1Y130'
Info:     Tile 'RIOB33_X105Y129'
Info:     Constraining 'ddr3_addr[3]' to site 'IOB_X1Y129'
Info:     Tile 'RIOB33_X105Y129'
Info:     Constraining 'ddr3_addr[4]' to site 'IOB_X1Y135'
Info:     Tile 'RIOB33_X105Y135'
Info:     Constraining 'ddr3_addr[5]' to site 'IOB_X1Y138'
Info:     Tile 'RIOB33_X105Y137'
Info:     Constraining 'ddr3_addr[6]' to site 'IOB_X1Y140'
Info:     Tile 'RIOB33_X105Y139'
Info:     Constraining 'ddr3_addr[7]' to site 'IOB_X1Y148'
Info:     Tile 'RIOB33_X105Y147'
Info:     Constraining 'ddr3_addr[8]' to site 'IOB_X1Y145'
Info:     Tile 'RIOB33_X105Y145'
Info:     Constraining 'ddr3_addr[9]' to site 'IOB_X1Y146'
Info:     Tile 'RIOB33_X105Y145'
Info:     Constraining 'ddr3_ba[0]' to site 'IOB_X1Y131'
Info:     Tile 'RIOB33_X105Y131'
Info:     Constraining 'ddr3_ba[1]' to site 'IOB_X1Y132'
Info:     Tile 'RIOB33_X105Y131'
Info:     Constraining 'ddr3_ba[2]' to site 'IOB_X1Y128'
Info:     Tile 'RIOB33_X105Y127'
Info:     Constraining 'led[0]' to site 'IOB_X0Y233'
Info:     Tile 'LIOB33_X0Y233'
Info:     Constraining 'led[1]' to site 'IOB_X0Y234'
Info:     Tile 'LIOB33_X0Y233'
Info:     Constraining 'led[2]' to site 'IOB_X0Y238'
Info:     Tile 'LIOB33_X0Y237'
Info:     Constraining 'led[3]' to site 'IOB_X0Y237'
Info:     Tile 'LIOB33_X0Y237'
Info:     Constraining 'ddr3_dq[0]' to site 'IOB_X1Y196'
Info:     Tile 'RIOB33_X105Y195'
Info:     Constraining 'ddr3_dq[10]' to site 'IOB_X1Y184'
Info:     Tile 'RIOB33_X105Y183'
Info:     Constraining 'ddr3_dq[11]' to site 'IOB_X1Y179'
Info:     Tile 'RIOB33_X105Y179'
Info:     Constraining 'ddr3_dq[12]' to site 'IOB_X1Y185'
Info:     Tile 'RIOB33_X105Y185'
Info:     Constraining 'ddr3_dq[13]' to site 'IOB_X1Y180'
Info:     Tile 'RIOB33_X105Y179'
Info:     Constraining 'ddr3_dq[14]' to site 'IOB_X1Y186'
Info:     Tile 'RIOB33_X105Y185'
Info:     Constraining 'ddr3_dq[15]' to site 'IOB_X1Y176'
Info:     Tile 'RIOB33_X105Y175'
Info:     Constraining 'ddr3_dq[16]' to site 'IOB_X1Y163'
Info:     Tile 'RIOB33_X105Y163'
Info:     Constraining 'ddr3_dq[17]' to site 'IOB_X1Y168'
Info:     Tile 'RIOB33_X105Y167'
Info:     Constraining 'ddr3_dq[18]' to site 'IOB_X1Y172'
Info:     Tile 'RIOB33_X105Y171'
Info:     Constraining 'ddr3_dq[19]' to site 'IOB_X1Y165'
Info:     Tile 'RIOB33_X105Y165'
Info:     Constraining 'ddr3_dq[1]' to site 'IOB_X1Y190'
Info:     Tile 'RIOB33_X105Y189'
Info:     Constraining 'ddr3_dq[20]' to site 'IOB_X1Y171'
Info:     Tile 'RIOB33_X105Y171'
Info:     Constraining 'ddr3_dq[21]' to site 'IOB_X1Y166'
Info:     Tile 'RIOB33_X105Y165'
Info:     Constraining 'ddr3_dq[22]' to site 'IOB_X1Y173'
Info:     Tile 'RIOB33_X105Y173'
Info:     Constraining 'ddr3_dq[23]' to site 'IOB_X1Y164'
Info:     Tile 'RIOB33_X105Y163'
Info:     Constraining 'ddr3_dq[24]' to site 'IOB_X1Y159'
Info:     Tile 'RIOB33_X105Y159'
Info:     Constraining 'ddr3_dq[25]' to site 'IOB_X1Y162'
Info:     Tile 'RIOB33_X105Y161'
Info:     Constraining 'ddr3_dq[26]' to site 'IOB_X1Y160'
Info:     Tile 'RIOB33_X105Y159'
Info:     Constraining 'ddr3_dq[27]' to site 'IOB_X1Y155'
Info:     Tile 'RIOB33_X105Y155'
Info:     Constraining 'ddr3_dq[28]' to site 'IOB_X1Y154'
Info:     Tile 'RIOB33_X105Y153'
Info:     Constraining 'ddr3_dq[29]' to site 'IOB_X1Y151'
Info:     Tile 'RIOB33_X105Y151'
Info:     Constraining 'ddr3_dq[2]' to site 'IOB_X1Y197'
Info:     Tile 'RIOB33_X105Y197'
Info:     Constraining 'ddr3_dq[30]' to site 'IOB_X1Y152'
Info:     Tile 'RIOB33_X105Y151'
Info:     Constraining 'ddr3_dq[31]' to site 'IOB_X1Y156'
Info:     Tile 'RIOB33_X105Y155'
Info:     Constraining 'ddr3_dq[3]' to site 'IOB_X1Y188'
Info:     Tile 'RIOB33_X105Y187'
Info:     Constraining 'ddr3_dq[4]' to site 'IOB_X1Y195'
Info:     Tile 'RIOB33_X105Y195'
Info:     Constraining 'ddr3_dq[5]' to site 'IOB_X1Y189'
Info:     Tile 'RIOB33_X105Y189'
Info:     Constraining 'ddr3_dq[6]' to site 'IOB_X1Y198'
Info:     Tile 'RIOB33_X105Y197'
Info:     Constraining 'ddr3_dq[7]' to site 'IOB_X1Y192'
Info:     Tile 'RIOB33_X105Y191'
Info:     Constraining 'ddr3_dq[8]' to site 'IOB_X1Y178'
Info:     Tile 'RIOB33_X105Y177'
Info:     Constraining 'ddr3_dq[9]' to site 'IOB_X1Y177'
Info:     Tile 'RIOB33_X105Y177'
Info:     Constraining 'ddr3_dm[0]' to site 'IOB_X1Y191'
Info:     Tile 'RIOB33_X105Y191'
Info:     Constraining 'ddr3_dm[1]' to site 'IOB_X1Y183'
Info:     Tile 'RIOB33_X105Y183'
Info:     Constraining 'ddr3_dm[2]' to site 'IOB_X1Y167'
Info:     Tile 'RIOB33_X105Y167'
Info:     Constraining 'ddr3_dm[3]' to site 'IOB_X1Y153'
Info:     Tile 'RIOB33_X105Y153'
Info:     Constraining 'ddr3_dqs_p[0]' to site 'IOB_X1Y194'
Info:     Tile 'RIOB33_X105Y193'
Info:     Constraining 'ddr3_dqs_n[0]' to site 'IOB_X1Y193'
Info:     Tile 'RIOB33_X105Y193'
Info:     Constraining 'ddr3_dqs_p[1]' to site 'IOB_X1Y182'
Info:     Tile 'RIOB33_X105Y181'
Info:     Constraining 'ddr3_dqs_n[1]' to site 'IOB_X1Y181'
Info:     Tile 'RIOB33_X105Y181'
Info:     Constraining 'ddr3_dqs_p[2]' to site 'IOB_X1Y170'
Info:     Tile 'RIOB33_X105Y169'
Info:     Constraining 'ddr3_dqs_n[2]' to site 'IOB_X1Y169'
Info:     Tile 'RIOB33_X105Y169'
Info:     Constraining 'ddr3_dqs_p[3]' to site 'IOB_X1Y158'
Info:     Tile 'RIOB33_X105Y157'
Info:     Constraining 'ddr3_dqs_n[3]' to site 'IOB_X1Y157'
Info:     Tile 'RIOB33_X105Y157'
Info: Generating output buffer for '$iopadmap$tms_ddr3_ax7203.ddr3_cas_n'
Info: Generating output buffer for '$iopadmap$tms_ddr3_ax7203.ddr3_cke'
Info: Generating output buffer for '$iopadmap$tms_ddr3_ax7203.ddr3_cs_n'
Info: Generating output buffer for '$iopadmap$tms_ddr3_ax7203.ddr3_odt'
Info: Generating output buffer for '$iopadmap$tms_ddr3_ax7203.ddr3_ras_n'
Info: Generating output buffer for '$iopadmap$tms_ddr3_ax7203.ddr3_reset_n'
Info: Generating output buffer for '$iopadmap$tms_ddr3_ax7203.ddr3_we_n'
Info: Generating input buffer for '$iopadmap$tms_ddr3_ax7203.rst_n'
Info: Generating output buffer for '$iopadmap$tms_ddr3_ax7203.uart_tx'
Info: Generating output buffer for '$iopadmap$tms_ddr3_ax7203.ddr3_addr'
Info: Generating output buffer for '$iopadmap$tms_ddr3_ax7203.ddr3_addr_1'
Info: Generating output buffer for '$iopadmap$tms_ddr3_ax7203.ddr3_addr_10'
Info: Generating output buffer for '$iopadmap$tms_ddr3_ax7203.ddr3_addr_11'
Info: Generating output buffer for '$iopadmap$tms_ddr3_ax7203.ddr3_addr_12'
Info: Generating output buffer for '$iopadmap$tms_ddr3_ax7203.ddr3_addr_13'
Info: Generating output buffer for '$iopadmap$tms_ddr3_ax7203.ddr3_addr_14'
Info: Generating output buffer for '$iopadmap$tms_ddr3_ax7203.ddr3_addr_2'
Info: Generating output buffer for '$iopadmap$tms_ddr3_ax7203.ddr3_addr_3'
Info: Generating output buffer for '$iopadmap$tms_ddr3_ax7203.ddr3_addr_4'
Info: Generating output buffer for '$iopadmap$tms_ddr3_ax7203.ddr3_addr_5'
Info: Generating output buffer for '$iopadmap$tms_ddr3_ax7203.ddr3_addr_6'
Info: Generating output buffer for '$iopadmap$tms_ddr3_ax7203.ddr3_addr_7'
Info: Generating output buffer for '$iopadmap$tms_ddr3_ax7203.ddr3_addr_8'
Info: Generating output buffer for '$iopadmap$tms_ddr3_ax7203.ddr3_addr_9'
Info: Generating output buffer for '$iopadmap$tms_ddr3_ax7203.ddr3_ba'
Info: Generating output buffer for '$iopadmap$tms_ddr3_ax7203.ddr3_ba_1'
Info: Generating output buffer for '$iopadmap$tms_ddr3_ax7203.ddr3_ba_2'
Info: Generating output buffer for '$iopadmap$tms_ddr3_ax7203.led'
Info: Generating output buffer for '$iopadmap$tms_ddr3_ax7203.led_1'
Info: Generating output buffer for '$iopadmap$tms_ddr3_ax7203.led_2'
Info: Generating output buffer for '$iopadmap$tms_ddr3_ax7203.led_3'
Info: Generating input buffer for 'ddr3.ddr3_phy_inst.genblk5[0].genblk1.IOBUF_data'
Info: Generating output buffer for 'ddr3.ddr3_phy_inst.genblk5[0].genblk1.IOBUF_data'
Info: Generating input buffer for 'ddr3.ddr3_phy_inst.genblk5[10].genblk1.IOBUF_data'
Info: Generating output buffer for 'ddr3.ddr3_phy_inst.genblk5[10].genblk1.IOBUF_data'
Info: Generating input buffer for 'ddr3.ddr3_phy_inst.genblk5[11].genblk1.IOBUF_data'
Info: Generating output buffer for 'ddr3.ddr3_phy_inst.genblk5[11].genblk1.IOBUF_data'
Info: Generating input buffer for 'ddr3.ddr3_phy_inst.genblk5[12].genblk1.IOBUF_data'
Info: Generating output buffer for 'ddr3.ddr3_phy_inst.genblk5[12].genblk1.IOBUF_data'
Info: Generating input buffer for 'ddr3.ddr3_phy_inst.genblk5[13].genblk1.IOBUF_data'
Info: Generating output buffer for 'ddr3.ddr3_phy_inst.genblk5[13].genblk1.IOBUF_data'
Info: Generating input buffer for 'ddr3.ddr3_phy_inst.genblk5[14].genblk1.IOBUF_data'
Info: Generating output buffer for 'ddr3.ddr3_phy_inst.genblk5[14].genblk1.IOBUF_data'
Info: Generating input buffer for 'ddr3.ddr3_phy_inst.genblk5[15].genblk1.IOBUF_data'
Info: Generating output buffer for 'ddr3.ddr3_phy_inst.genblk5[15].genblk1.IOBUF_data'
Info: Generating input buffer for 'ddr3.ddr3_phy_inst.genblk5[16].genblk1.IOBUF_data'
Info: Generating output buffer for 'ddr3.ddr3_phy_inst.genblk5[16].genblk1.IOBUF_data'
Info: Generating input buffer for 'ddr3.ddr3_phy_inst.genblk5[17].genblk1.IOBUF_data'
Info: Generating output buffer for 'ddr3.ddr3_phy_inst.genblk5[17].genblk1.IOBUF_data'
Info: Generating input buffer for 'ddr3.ddr3_phy_inst.genblk5[18].genblk1.IOBUF_data'
Info: Generating output buffer for 'ddr3.ddr3_phy_inst.genblk5[18].genblk1.IOBUF_data'
Info: Generating input buffer for 'ddr3.ddr3_phy_inst.genblk5[19].genblk1.IOBUF_data'
Info: Generating output buffer for 'ddr3.ddr3_phy_inst.genblk5[19].genblk1.IOBUF_data'
Info: Generating input buffer for 'ddr3.ddr3_phy_inst.genblk5[1].genblk1.IOBUF_data'
Info: Generating output buffer for 'ddr3.ddr3_phy_inst.genblk5[1].genblk1.IOBUF_data'
Info: Generating input buffer for 'ddr3.ddr3_phy_inst.genblk5[20].genblk1.IOBUF_data'
Info: Generating output buffer for 'ddr3.ddr3_phy_inst.genblk5[20].genblk1.IOBUF_data'
Info: Generating input buffer for 'ddr3.ddr3_phy_inst.genblk5[21].genblk1.IOBUF_data'
Info: Generating output buffer for 'ddr3.ddr3_phy_inst.genblk5[21].genblk1.IOBUF_data'
Info: Generating input buffer for 'ddr3.ddr3_phy_inst.genblk5[22].genblk1.IOBUF_data'
Info: Generating output buffer for 'ddr3.ddr3_phy_inst.genblk5[22].genblk1.IOBUF_data'
Info: Generating input buffer for 'ddr3.ddr3_phy_inst.genblk5[23].genblk1.IOBUF_data'
Info: Generating output buffer for 'ddr3.ddr3_phy_inst.genblk5[23].genblk1.IOBUF_data'
Info: Generating input buffer for 'ddr3.ddr3_phy_inst.genblk5[24].genblk1.IOBUF_data'
Info: Generating output buffer for 'ddr3.ddr3_phy_inst.genblk5[24].genblk1.IOBUF_data'
Info: Generating input buffer for 'ddr3.ddr3_phy_inst.genblk5[25].genblk1.IOBUF_data'
Info: Generating output buffer for 'ddr3.ddr3_phy_inst.genblk5[25].genblk1.IOBUF_data'
Info: Generating input buffer for 'ddr3.ddr3_phy_inst.genblk5[26].genblk1.IOBUF_data'
Info: Generating output buffer for 'ddr3.ddr3_phy_inst.genblk5[26].genblk1.IOBUF_data'
Info: Generating input buffer for 'ddr3.ddr3_phy_inst.genblk5[27].genblk1.IOBUF_data'
Info: Generating output buffer for 'ddr3.ddr3_phy_inst.genblk5[27].genblk1.IOBUF_data'
Info: Generating input buffer for 'ddr3.ddr3_phy_inst.genblk5[28].genblk1.IOBUF_data'
Info: Generating output buffer for 'ddr3.ddr3_phy_inst.genblk5[28].genblk1.IOBUF_data'
Info: Generating input buffer for 'ddr3.ddr3_phy_inst.genblk5[29].genblk1.IOBUF_data'
Info: Generating output buffer for 'ddr3.ddr3_phy_inst.genblk5[29].genblk1.IOBUF_data'
Info: Generating input buffer for 'ddr3.ddr3_phy_inst.genblk5[2].genblk1.IOBUF_data'
Info: Generating output buffer for 'ddr3.ddr3_phy_inst.genblk5[2].genblk1.IOBUF_data'
Info: Generating input buffer for 'ddr3.ddr3_phy_inst.genblk5[30].genblk1.IOBUF_data'
Info: Generating output buffer for 'ddr3.ddr3_phy_inst.genblk5[30].genblk1.IOBUF_data'
Info: Generating input buffer for 'ddr3.ddr3_phy_inst.genblk5[31].genblk1.IOBUF_data'
Info: Generating output buffer for 'ddr3.ddr3_phy_inst.genblk5[31].genblk1.IOBUF_data'
Info: Generating input buffer for 'ddr3.ddr3_phy_inst.genblk5[3].genblk1.IOBUF_data'
Info: Generating output buffer for 'ddr3.ddr3_phy_inst.genblk5[3].genblk1.IOBUF_data'
Info: Generating input buffer for 'ddr3.ddr3_phy_inst.genblk5[4].genblk1.IOBUF_data'
Info: Generating output buffer for 'ddr3.ddr3_phy_inst.genblk5[4].genblk1.IOBUF_data'
Info: Generating input buffer for 'ddr3.ddr3_phy_inst.genblk5[5].genblk1.IOBUF_data'
Info: Generating output buffer for 'ddr3.ddr3_phy_inst.genblk5[5].genblk1.IOBUF_data'
Info: Generating input buffer for 'ddr3.ddr3_phy_inst.genblk5[6].genblk1.IOBUF_data'
Info: Generating output buffer for 'ddr3.ddr3_phy_inst.genblk5[6].genblk1.IOBUF_data'
Info: Generating input buffer for 'ddr3.ddr3_phy_inst.genblk5[7].genblk1.IOBUF_data'
Info: Generating output buffer for 'ddr3.ddr3_phy_inst.genblk5[7].genblk1.IOBUF_data'
Info: Generating input buffer for 'ddr3.ddr3_phy_inst.genblk5[8].genblk1.IOBUF_data'
Info: Generating output buffer for 'ddr3.ddr3_phy_inst.genblk5[8].genblk1.IOBUF_data'
Info: Generating input buffer for 'ddr3.ddr3_phy_inst.genblk5[9].genblk1.IOBUF_data'
Info: Generating output buffer for 'ddr3.ddr3_phy_inst.genblk5[9].genblk1.IOBUF_data'
Info: Generating output buffer for 'ddr3.ddr3_phy_inst.genblk6[0].genblk1.OBUF_dm'
Info: Generating output buffer for 'ddr3.ddr3_phy_inst.genblk6[1].genblk1.OBUF_dm'
Info: Generating output buffer for 'ddr3.ddr3_phy_inst.genblk6[2].genblk1.OBUF_dm'
Info: Generating output buffer for 'ddr3.ddr3_phy_inst.genblk6[3].genblk1.OBUF_dm'
Info:     Created 5 INVERTER cells from:
Info:              5x INV
Info:     Created 79 PAD cells from:
Info:             79x PAD
Info: Preparing clocking...
Info: Packing constants..
Info: Packing cfg...
Info: Packing PLLs...
Info:     Constrained PLLE2_ADV_PLLE2_ADV 'pll' to bel 'PLLE2_ADV_X1Y2/PLLE2_ADV' based on dedicated routing
Info:     PLL/MMCM: disconnected 28 const DRP/control pins (Vivado leaves them unrouted)
Info: Packing Gigabit Transceivers..
Info: Packing global buffers...
Info:     Constrained BUFGCTRL 'clk_ctrl_bufg' to bel 'BUFGCTRL_X0Y0/BUFGCTRL' based on dedicated routing
Info:     Constrained BUFGCTRL 'clk_ddr_90_bufg' to bel 'BUFGCTRL_X0Y1/BUFGCTRL' based on dedicated routing
Info:     Constrained BUFGCTRL 'clk_ddr_bufg' to bel 'BUFGCTRL_X0Y2/BUFGCTRL' based on dedicated routing
Info:     Constrained BUFGCTRL 'clk_ref_bufg' to bel 'BUFGCTRL_X0Y3/BUFGCTRL' based on dedicated routing
Info: Packing MUX[789]s..
Info: Packing carries (atomic CARRY4)..
Info:    Packed 325 CARRY4 cells into 79 chains (atomic).
Info: router2 PRECYINIT fix: 325 CARRY4 cells, 404 constant carry pins disconnected
Info:    Carry-O relocation: 16 sum(s) duplicated, 16 CARRY4 split(s), 0 bit(s) skipped (unrelocatable)
Info: Packing LUTs..
Info:     Created 12605 SLICE_LUTX cells from:
Info:           2602x LUT1
Info:           1593x LUT2
Info:           2502x LUT3
Info:           1448x LUT4
Info:           3177x LUT5
Info:           1283x LUT6
Info: Packing DRAM..
Info:    Transformed 0 tied-low DRAM address inputs to be tied-high
Info: Packing BRAM..
Info: Packing DSPs..
Info: Packing flipflops..
Info:     Created 5850 SLICE_FFX cells from:
Info:           2101x FDCE
Info:             16x FDPE
Info:           3698x FDRE
Info:             35x FDSE
Info:     local-const FF control: disconnected 120 SR(=GND) + 3455 CE(=VCC) pins from global nets
Info: Constrained 3851 LUTFF pairs.

Info: Annotating ports with timing budgets for target frequency 12.00 MHz
Info: Checksum: 0xee41620e

Info: Device utilisation:
Info: 	          SLICE_LUTX: 12605/269200     4%
Info: 	           SLICE_FFX:  5850/269200     2%
Info: 	              CARRY4:   341/33650     1%
Info: 	          PSEUDO_GND:     1/69165     0%
Info: 	          PSEUDO_VCC:     1/69165     0%
Info: 	               HARD0:     0/ 3960     0%
Info: 	            RAMB18E1:     0/  730     0%
Info: 	            FIFO18E1:     0/  365     0%
Info: 	        RAMBFIFO36E1:     0/  365     0%
Info: 	            RAMB36E1:     0/  365     0%
Info: 	             DSP48E1:     0/  740     0%
Info: 	                 PAD:    79/ 1062     7%
Info: 	       IOB33M_OUTBUF:     5/  240     2%
Info: 	       IOB33S_OUTBUF:     5/  240     2%
Info: 	        IOB33_OUTBUF:    66/  500    13%
Info: 	     IOB33M_INBUF_EN:     5/  240     2%
Info: 	     IOB33S_INBUF_EN:     0/  240     0%
Info: 	      IOB33_INBUF_EN:    33/  500     6%
Info: 	IOB33M_TERM_OVERRIDE:     0/  240     0%
Info: 	IOB33S_TERM_OVERRIDE:     0/  240     0%
Info: 	 IOB33_TERM_OVERRIDE:     0/  500     0%
Info: 	       PULL_OR_KEEP1:     0/  980     0%
Info: 	            IDELAYE2:    36/  500     7%
Info: 	        OLOGICE3_TFF:     0/  500     0%
Info: 	      OLOGICE3_OUTFF:     0/  500     0%
Info: 	       OLOGICE3_MISR:     0/  500     0%
Info: 	           OSERDESE2:    65/  500    13%
Info: 	        ILOGICE3_IFF:     0/  500     0%
Info: 	ILOGICE3_ZHOLD_DELAY:     0/  500     0%
Info: 	           ISERDESE2:    36/  500     7%
Info: 	                BUFR:     0/   40     0%
Info: 	               BUFIO:     0/   40     0%
Info: 	          IDELAYCTRL:     1/   10    10%
Info: 	            BUFGCTRL:     4/   32    12%
Info: 	            PCIE_2_1:     0/    1     0%
Info: 	               BSCAN:     0/    4     0%
Info: 	                BUFG:     0/   32     0%
Info: 	              BUFHCE:     0/  120     0%
Info: 	            DCIRESET:     0/    1     0%
Info: 	            DNA_PORT:     0/    1     0%
Info: 	           EFUSE_USR:     0/    1     0%
Info: 	           FRAME_ECC:     0/    1     0%
Info: 	       GTPE2_CHANNEL:     0/   16     0%
Info: 	        GTPE2_COMMON:     0/    4     0%
Info: 	         IBUFDS_GTE2:     0/    8     0%
Info: 	                ICAP:     0/    2     0%
Info: 	            INVERTER:     5/  240     2%
Info: 	          MMCME2_ADV:     0/   10     0%
Info: 	        OLOGICE2_TFF:     0/  500     0%
Info: 	      OLOGICE2_OUTFF:     0/  500     0%
Info: 	           PLLE2_ADV:     1/   10    10%
Info: 	           SELMUX2_1:     0/102950     0%
Info: 	             STARTUP:     0/    1     0%
Info: 	          USR_ACCESS:     0/    1     0%
Info: 	              BUFFER:     0/   82     0%
Info: 	        ILOGICE2_IFF:     0/  500     0%
Info: 	       OLOGICE2_MISR:     0/  500     0%

Info: HeAP congestion knobs: beta=0.400 spread_scale=2,1 alpha=0.080
Info: Placed 341 cells based on constraints.
Info: Creating initial analytic placement for 11819 cells, random placement wirelen = 4706577.
Info:     at initial placer iter 0, wirelen = 50862
Info:     at initial placer iter 1, wirelen = 45764
Info:     at initial placer iter 2, wirelen = 43773
Info:     at initial placer iter 3, wirelen = 43067
Info: Running main analytical placer.
Info:     at iteration #1, type ALL: wirelen solved = 43210, spread = 521377, legal = 526167; time = 0.24s
Info:     at iteration #2, type ALL: wirelen solved = 97958, spread = 374129, legal = 384470; time = 0.27s
Info:     at iteration #3, type ALL: wirelen solved = 125014, spread = 307133, legal = 313016; time = 0.27s
Info:     at iteration #4, type ALL: wirelen solved = 139644, spread = 288685, legal = 295076; time = 0.24s
Info:     at iteration #5, type ALL: wirelen solved = 152570, spread = 263812, legal = 271353; time = 0.24s
Info:     at iteration #6, type ALL: wirelen solved = 158348, spread = 261505, legal = 268268; time = 0.23s
Info:     at iteration #7, type ALL: wirelen solved = 163835, spread = 290918, legal = 303318; time = 0.23s
Info:     at iteration #8, type ALL: wirelen solved = 171008, spread = 288928, legal = 293844; time = 0.23s
Info:     at iteration #9, type ALL: wirelen solved = 172847, spread = 263990, legal = 275533; time = 0.23s
Info:     at iteration #10, type ALL: wirelen solved = 179717, spread = 245932, legal = 254648; time = 0.23s
Info:     at iteration #11, type ALL: wirelen solved = 189053, spread = 285034, legal = 293291; time = 0.22s
Info:     at iteration #12, type ALL: wirelen solved = 194781, spread = 265848, legal = 271368; time = 0.21s
Info:     at iteration #13, type ALL: wirelen solved = 209525, spread = 253134, legal = 261414; time = 0.21s
Info: HeAP Placer Time: 4.46s
Info:   of which solving equations: 2.18s
Info:   of which spreading cells: 0.47s
Info:   of which strict legalisation: 0.90s

Info: Running simulated annealing placer for refinement.
Info:   at iteration #1: temp = 0.000000, timing cost = 558, wirelen = 254648
Info:   at iteration #5: temp = 0.000000, timing cost = 239, wirelen = 243134
Info:   at iteration #10: temp = 0.000000, timing cost = 231, wirelen = 242216
Info:   at iteration #11: temp = 0.000000, timing cost = 230, wirelen = 242155 
Info: SA placement time 3.23s

Info: Max frequency for clock 'clk_ctrl': 64.25 MHz (FAIL at 83.33 MHz)

Info: Slack histogram:
Info:  legend: * represents 37 endpoint(s)
Info:          + represents [1,37) endpoint(s)
Info: [ -3565,  -2802) |+
Info: [ -2802,  -2039) |+
Info: [ -2039,  -1276) |+
Info: [ -1276,   -513) |+
Info: [  -513,    250) |+
Info: [   250,   1013) |+
Info: [  1013,   1776) |*+
Info: [  1776,   2539) |*****+
Info: [  2539,   3302) |**********+
Info: [  3302,   4065) |***********************+
Info: [  4065,   4828) |****************************+
Info: [  4828,   5591) |*********************+
Info: [  5591,   6354) |****************+
Info: [  6354,   7117) |****************+
Info: [  7117,   7880) |**************************+
Info: [  7880,   8643) |**********************************+
Info: [  8643,   9406) |**********************************************************+
Info: [  9406,  10169) |************************************************************ 
Info: [ 10169,  10932) |******************************+
Info: [ 10932,  11695) |**********************+
Info: Checksum: 0x30db4250
Info: Running post-placement legalisation...
Info: post-place repair: relocated 5077 stranded cluster(s)/cell(s) to valid bels
Info: Routing global clocks...
Info:     routing clock 'clk_ddr'
Info:     routing clock 'clk_ctrl'
Info:     routing clock 'clk200_in'
Info:     routing clock 'ctrl_raw'
Info:     routing clock 'ddr90_raw'
Info:     routing clock 'clk_ddr_90'
Info:     routing clock 'ddr_raw'
Info:     routing clock 'ref_raw'
Info:     routing clock 'clk_ref'
Info: Running router2...
Info: Setting up routing resources...
Info: Adopted 6127 pre-routed arc(s)
Info: Running main router loop...
Info:     iter=1 wires=296025 overused=10364 overuse=10597 archfail=NA
Info:     iter=2 wires=302896 overused=33 overuse=33 archfail=NA
Info:     iter=3 wires=302932 overused=0 overuse=0 archfail=0
Info: 1000 slowest nets by runtime:
                                                                              ddr3.reset   3614 620.8ms
                                         $techmap438052$abc$431868$lut$aiger$o10837.A[3]    335 362.2ms
                                         $techmap438052$abc$431868$lut$aiger$o10837.A[2]    336 319.2ms
        $techmap$techmap133394$auto$ff.cc:337:slice$66286.$auto$abc9_ops.cc:411:prep_bypass$133319.CLR   1924 288.6ms
                                                 ddr3.ddr3_controller_inst.index_wb_data    257 230.1ms
                  $techmap437170$auto$abc_ops_reintegrate.cc:611:reintegrate$433471.A[0]    274 195.8ms
                                $abc$431868$auto$simple.cc:210:make_patterns_logic$41317    257 190.3ms
                                             $techmap135366$auto$ff.cc:337:slice$46378.D    433 167.8ms
                                $abc$431868$auto$simple.cc:210:make_patterns_logic$41333    282 164.2ms
                                         $techmap443218$abc$431868$lut$aiger$o10883.A[2]    209 158.7ms
                  $techmap438934$auto$abc_ops_reintegrate.cc:611:reintegrate$433082.A[4]     69 151.9ms
                                                 ddr3.ddr3_controller_inst.stage2_update    286 146.7ms
                                        ddr3.ddr3_controller_inst.data_start_index[3][5]    111 144.2ms
                                                       ddr3.ddr3_controller_inst.lane[1]    123 140.7ms
                                        ddr3.ddr3_controller_inst.data_start_index[3][0]    108 126.3ms
                                    $techmap436955$abc$431868$lut$aiger431867$11783.A[0]    293 124.0ms
                                        ddr3.ddr3_controller_inst.data_start_index[0][2]    146 122.6ms
                  $techmap438942$auto$abc_ops_reintegrate.cc:611:reintegrate$433080.A[2]     53 118.9ms
                  $techmap438269$auto$abc_ops_reintegrate.cc:611:reintegrate$433251.A[0]     62 118.6ms
                                    $techmap443217$abc$431868$lut$aiger431867$20909.A[1]    106 111.2ms
                                        ddr3.ddr3_controller_inst.data_start_index[3][3]    169 108.6ms
                                        ddr3.ddr3_controller_inst.data_start_index[1][2]    148 108.3ms
                  $techmap437809$auto$abc_ops_reintegrate.cc:611:reintegrate$433417.A[1]     58 108.1ms
                                                       ddr3.ddr3_controller_inst.lane[0]    126 107.1ms
                                                                              pll_locked      2 104.6ms
                                                    ddr3.ddr3_controller_inst.late_dq[3]    198 102.6ms
                                        ddr3.ddr3_controller_inst.data_start_index[3][1]    169 100.0ms
                  $techmap437237$auto$abc_ops_reintegrate.cc:611:reintegrate$433451.A[2]     57 99.4ms
                  $techmap436958$auto$abc_ops_reintegrate.cc:611:reintegrate$433506.A[1]     97 95.9ms
                  $techmap436908$auto$abc_ops_reintegrate.cc:611:reintegrate$433515.A[3]     84 94.1ms
                                             $techmap135368$auto$ff.cc:337:slice$46376.D     66 92.1ms
        $flatten\ddr3.\ddr3_controller_inst.$shiftx$build/uberddr3/rtl/ddr3_controller.v:2225$13247.Y     64 90.4ms
                                                                          calib_complete     32 90.0ms
                                        ddr3.ddr3_controller_inst.data_start_index[3][6]    106 89.4ms
                                         $techmap443218$abc$431868$lut$aiger$o10883.A[3]     72 88.8ms
                  $techmap436958$auto$abc_ops_reintegrate.cc:611:reintegrate$433506.A[0]    141 88.5ms
                                                    ddr3.ddr3_controller_inst.late_dq[0]    202 87.2ms
                  $techmap438147$auto$abc_ops_reintegrate.cc:611:reintegrate$433269.A[1]     66 85.5ms
                  $techmap439988$auto$abc_ops_reintegrate.cc:611:reintegrate$432787.A[0]     55 85.0ms
                                                    ddr3.ddr3_controller_inst.late_dq[1]    198 82.8ms
                  $techmap439174$auto$abc_ops_reintegrate.cc:611:reintegrate$433000.A[2]     75 82.6ms
                                        ddr3.ddr3_controller_inst.data_start_index[0][6]    100 82.5ms
                  $techmap438141$auto$abc_ops_reintegrate.cc:611:reintegrate$433274.A[1]    103 82.0ms
                                    $techmap438132$abc$431868$lut$aiger431867$20253.A[3]     95 81.7ms
                  $techmap438141$auto$abc_ops_reintegrate.cc:611:reintegrate$433274.A[2]     79 81.6ms
                                        ddr3.ddr3_controller_inst.data_start_index[1][4]    209 81.3ms
         $techmap442764$auto$abc_ops_reintegrate.cc:611:reintegrate$431916.A[0]$sum$4645     68 79.8ms
                                                    ddr3.ddr3_controller_inst.late_dq[2]    203 79.7ms
                  $techmap438269$auto$abc_ops_reintegrate.cc:611:reintegrate$433251.A[1]     68 76.7ms
                                        ddr3.ddr3_controller_inst.data_start_index[3][2]    148 76.2ms
                                        ddr3.ddr3_controller_inst.data_start_index[1][6]    105 76.1ms
                                        ddr3.ddr3_controller_inst.data_start_index[0][3]    168 75.6ms
                  $techmap437126$auto$abc_ops_reintegrate.cc:611:reintegrate$433482.A[4]     64 74.6ms
                                        ddr3.ddr3_controller_inst.data_start_index[0][5]    103 73.9ms
                  $techmap436898$auto$abc_ops_reintegrate.cc:611:reintegrate$433517.A[3]     86 73.8ms
                  $techmap439798$auto$abc_ops_reintegrate.cc:611:reintegrate$432840.A[4]     55 73.8ms
                  $techmap437827$auto$abc_ops_reintegrate.cc:611:reintegrate$433410.A[1]     45 73.5ms
                                $abc$431868$auto$simple.cc:210:make_patterns_logic$40512     41 72.4ms
                  $techmap438337$auto$abc_ops_reintegrate.cc:611:reintegrate$433216.A[5]     41 72.2ms
                                        ddr3.ddr3_controller_inst.data_start_index[1][3]    170 71.2ms
                                        ddr3.ddr3_controller_inst.data_start_index[3][4]    209 70.4ms
                  $techmap437317$auto$abc_ops_reintegrate.cc:611:reintegrate$433431.A[3]     47 69.5ms
                                    $techmap439972$abc$431868$lut$aiger431867$40628.A[2]     43 69.4ms
                  $techmap441190$auto$abc_ops_reintegrate.cc:611:reintegrate$432388.A[2]     45 69.0ms
                                                                                     rst    193 69.0ms
                                    $techmap438130$abc$431868$lut$aiger431867$20246.A[4]     87 68.7ms
                  $techmap437085$auto$abc_ops_reintegrate.cc:611:reintegrate$433491.A[1]     80 67.4ms
                                        ddr3.ddr3_controller_inst.data_start_index[0][0]    108 67.4ms
                  $techmap436949$auto$abc_ops_reintegrate.cc:611:reintegrate$433507.A[0]     75 66.3ms
                                             $techmap134006$auto$ff.cc:337:slice$64411.D     50 66.1ms
        $flatten\ddr3.\ddr3_controller_inst.$shiftx$build/uberddr3/rtl/ddr3_controller.v:2248$13235.Y     64 65.5ms
                                        ddr3.ddr3_controller_inst.data_start_index[1][5]    109 65.0ms
                                        ddr3.ddr3_controller_inst.data_start_index[1][1]    168 64.7ms
                  $techmap436892$auto$abc_ops_reintegrate.cc:611:reintegrate$433519.A[3]     76 63.5ms
                  $techmap438510$auto$abc_ops_reintegrate.cc:611:reintegrate$433196.A[0]     71 63.4ms
                                      ddr3.ddr3_controller_inst.write_by_byte_counter[3]     42 62.4ms
                                        ddr3.ddr3_controller_inst.data_start_index[2][5]    108 62.1ms
                                        ddr3.ddr3_controller_inst.data_start_index[2][4]    211 61.0ms
                                                ddr3.ddr3_controller_inst.stage2_pending     41 59.7ms
        $flatten\ddr3.\ddr3_controller_inst.$shiftx$build/uberddr3/rtl/ddr3_controller.v:2248$13243.Y     64 59.1ms
                  $techmap439768$auto$abc_ops_reintegrate.cc:611:reintegrate$432850.A[0]    104 58.1ms
                                        ddr3.ddr3_controller_inst.data_start_index[0][4]    208 57.8ms
                                        ddr3.ddr3_controller_inst.data_start_index[0][1]    166 57.6ms
        $flatten\ddr3.\ddr3_controller_inst.$shiftx$build/uberddr3/rtl/ddr3_controller.v:2225$13231.Y     64 57.3ms
                                         $techmap443462$abc$431868$lut$aiger$o14063.A[0]     64 56.7ms
                                                                                    s_go     64 55.5ms
                                        ddr3.ddr3_controller_inst.data_start_index[2][2]    148 53.6ms
                                    $techmap438482$abc$431868$lut$aiger431867$26993.A[0]    113 53.1ms
                                        ddr3.ddr3_controller_inst.data_start_index[1][0]    108 52.3ms
                                        ddr3.ddr3_controller_inst.data_start_index[2][3]    168 51.7ms
                                        ddr3.ddr3_controller_inst.data_start_index[2][6]    106 51.1ms
                                        ddr3.ddr3_controller_inst.data_start_index[2][1]    168 50.4ms
                  $techmap438254$auto$abc_ops_reintegrate.cc:611:reintegrate$433259.A[0]    110 50.4ms
                                                             ddr3.ddr3_phy_inst.sync_rst    102 50.1ms
                  $techmap436903$auto$abc_ops_reintegrate.cc:611:reintegrate$433516.A[3]     71 50.1ms
                                    $techmap437806$abc$431868$lut$aiger431867$16499.A[0]     42 47.1ms
                                $abc$431868$auto$simple.cc:210:make_patterns_logic$41024     64 47.1ms
                                              ddr3.ddr3_controller_inst.write_pattern[0]     57 46.7ms
                                    $techmap438485$abc$431868$lut$aiger431867$27003.A[0]    111 44.4ms
                                          $techmap445833$abc$431868$lut$aiger$o8982.A[2]     72 44.4ms
                  $techmap437126$auto$abc_ops_reintegrate.cc:611:reintegrate$433482.A[1]     41 43.6ms
        $flatten\ddr3.\ddr3_controller_inst.$shiftx$build/uberddr3/rtl/ddr3_controller.v:2225$13255.Y     64 43.3ms
                  $techmap437015$auto$abc_ops_reintegrate.cc:611:reintegrate$433504.A[0]     64 39.3ms
        $flatten\ddr3.\ddr3_controller_inst.$shiftx$build/uberddr3/rtl/ddr3_controller.v:2248$13259.Y     64 38.9ms
                                    $techmap438465$abc$431868$lut$aiger431867$16544.A[0]     54 38.5ms
                  $techmap437126$auto$abc_ops_reintegrate.cc:611:reintegrate$433482.A[2]     77 38.3ms
        $flatten\ddr3.\ddr3_controller_inst.$shiftx$build/uberddr3/rtl/ddr3_controller.v:2248$13251.Y     64 37.3ms
                                                                            recalibrated      1 36.6ms
                  $techmap436949$auto$abc_ops_reintegrate.cc:611:reintegrate$433507.A[2]     69 35.4ms
                                                                                 tx_busy     77 34.8ms
                                    $techmap438467$abc$431868$lut$aiger431867$26984.A[0]     53 34.5ms
                  $techmap441223$auto$abc_ops_reintegrate.cc:611:reintegrate$432383.A[1]     56 34.1ms
                                         $techmap443462$abc$431868$lut$aiger$o14063.A[1]     64 34.1ms
                                        ddr3.ddr3_controller_inst.data_start_index[2][0]    108 34.1ms
                                    $techmap438462$abc$431868$lut$aiger431867$16542.A[1]     54 33.3ms
                                                ddr3.ddr3_controller_inst.stage1_bank[0]     42 31.9ms
                                $abc$431868$auto$simple.cc:210:make_patterns_logic$40522     64 30.6ms
                                              ddr3.ddr3_controller_inst.stage2_bank_d[0]     45 28.7ms
        $flatten\ddr3.\ddr3_controller_inst.$shiftx$build/uberddr3/rtl/ddr3_controller.v:2225$13239.Y     64 26.5ms
                                $abc$431868$auto$simple.cc:210:make_patterns_logic$40595     40 23.2ms
                                            ddr3.ddr3_controller_inst.dqs_start_index[0]     50 22.0ms
                  $techmap437317$auto$abc_ops_reintegrate.cc:611:reintegrate$433431.A[1]     39 21.1ms
                                    $techmap436800$abc$431868$lut$aiger431867$22745.A[0]     35 20.8ms
                  $techmap436876$auto$abc_ops_reintegrate.cc:611:reintegrate$433523.A[3]     33 19.8ms
                                          $techmap436752$abc$431868$lut$aiger$o5674.A[0]     35 19.6ms
                  $techmap441346$auto$abc_ops_reintegrate.cc:611:reintegrate$432351.A[1]     29 19.1ms
                  $techmap438141$auto$abc_ops_reintegrate.cc:611:reintegrate$433274.A[0]     36 18.8ms
                                             $techmap133468$auto$ff.cc:337:slice$66022.D     40 18.3ms
                  $techmap442339$auto$abc_ops_reintegrate.cc:611:reintegrate$432119.A[1]     29 17.3ms
                                    $techmap438130$abc$431868$lut$aiger431867$20246.A[3]     40 17.0ms
                                      ddr3.ddr3_controller_inst.write_by_byte_counter[2]     37 16.7ms
                                                          ddr3.idelay_data_cntvaluein[3]     36 16.6ms
                                       ddr3.ddr3_controller_inst.delay_counter_is_zero_d     30 16.0ms
                  $techmap436870$auto$abc_ops_reintegrate.cc:611:reintegrate$433524.A[3]     23 15.7ms
                                                                               debug1[4]     32 15.6ms
                                    $techmap436804$abc$431868$lut$aiger431867$20081.A[4]     23 15.3ms
                                    $techmap436804$abc$431868$lut$aiger431867$20081.A[5]     21 15.3ms
                                    $techmap437730$abc$431868$lut$aiger431867$15383.A[2]     32 14.9ms
                  $techmap440566$auto$abc_ops_reintegrate.cc:611:reintegrate$432584.A[1]     17 14.1ms
                                             $techmap133470$auto$ff.cc:337:slice$64706.D     33 14.0ms
                  $techmap438274$auto$abc_ops_reintegrate.cc:611:reintegrate$433248.A[1]     35 13.6ms
                  $techmap442534$auto$abc_ops_reintegrate.cc:611:reintegrate$432029.A[1]     26 13.6ms
                                        ddr3.ddr3_controller_inst.instruction_address[4]     25 13.5ms
                  $techmap441424$auto$abc_ops_reintegrate.cc:611:reintegrate$432339.A[0]     30 13.4ms
                                                ddr3.ddr3_controller_inst.stage1_bank[2]     39 13.2ms
                  $techmap439174$auto$abc_ops_reintegrate.cc:611:reintegrate$433000.A[3]     34 13.1ms
                                              ddr3.ddr3_controller_inst.stage2_bank_d[1]     35 13.0ms
                  $techmap442283$auto$abc_ops_reintegrate.cc:611:reintegrate$432139.A[1]     27 12.8ms
                                              ddr3.ddr3_controller_inst.stage2_bank_d[2]     38 12.4ms
                                                                               debug1[0]     35 12.1ms
                  $techmap441346$auto$abc_ops_reintegrate.cc:611:reintegrate$432351.A[0]     30 12.0ms
                  $techmap436864$auto$abc_ops_reintegrate.cc:611:reintegrate$433525.A[3]     31 11.9ms
                                           $abc$431868$auto$rtlil.cc:3488:NotGate$123834     18 11.9ms
                                                                               debug1[3]     27 11.8ms
                                        ddr3.ddr3_controller_inst.instruction_address[1]     22 11.7ms
                                                 ddr3.ddr3_controller_inst.stage2_do_act     23 11.7ms
                                                          ddr3.idelay_data_cntvaluein[4]     36 11.6ms
                                          ddr3.ddr3_controller_inst.start_index_check[5]     37 11.6ms
                                         $techmap443573$abc$431868$lut$aiger$o14054.A[0]     32 11.5ms
                                    $techmap439972$abc$431868$lut$aiger431867$40628.A[4]     33 11.3ms
                                                ddr3.ddr3_controller_inst.stage1_bank[1]     40 11.3ms
                                      ddr3.ddr3_controller_inst.write_by_byte_counter[4]     37 11.2ms
                                           $abc$431868$auto$rtlil.cc:3488:NotGate$123792     17 11.1ms
                                        ddr3.ddr3_controller_inst.instruction_address[3]     26 11.0ms
                                                          ddr3.idelay_data_cntvaluein[2]     36 11.0ms
                  $techmap441410$auto$abc_ops_reintegrate.cc:611:reintegrate$432341.A[0]     29 10.8ms
                                                                                 uart.tx      1 10.8ms
                  $techmap441638$auto$abc_ops_reintegrate.cc:611:reintegrate$432309.A[1]     27 10.8ms
                                $abc$431868$auto$simple.cc:210:make_patterns_logic$41245     25 10.8ms
                  $techmap441391$auto$abc_ops_reintegrate.cc:611:reintegrate$432345.A[0]     30 10.7ms
                  $techmap437275$auto$abc_ops_reintegrate.cc:611:reintegrate$433443.A[4]     20 10.7ms
                                         ddr3.ddr3_controller_inst.stage1_next_bank_d[1]     39 10.7ms
                                                                     ddr3.dq_tri_control     36 10.6ms
                  $techmap441410$auto$abc_ops_reintegrate.cc:611:reintegrate$432341.A[1]     28 10.6ms
                                         ddr3.ddr3_controller_inst.stage1_next_bank_d[0]     37 10.5ms
                                    $techmap441339$abc$431868$lut$aiger431867$50811.A[1]     24 10.5ms
                                           ddr3.ddr3_controller_inst.stage1_next_bank[1]     11 10.5ms
                  $techmap437239$auto$abc_ops_reintegrate.cc:611:reintegrate$433450.A[4]     22 10.4ms
                                         $techmap443568$abc$431868$lut$aiger$o12244.A[1]     37 10.4ms
                  $techmap442288$auto$abc_ops_reintegrate.cc:611:reintegrate$432138.A[1]     31 10.3ms
                  $techmap440724$auto$abc_ops_reintegrate.cc:611:reintegrate$432527.A[1]      7 10.2ms
                  $techmap440324$auto$abc_ops_reintegrate.cc:611:reintegrate$432669.A[1]     27 10.1ms
                  $techmap438144$auto$abc_ops_reintegrate.cc:611:reintegrate$433271.A[1]     36 10.1ms
                  $techmap442773$auto$abc_ops_reintegrate.cc:611:reintegrate$431912.A[4]     25 10.0ms
                                    $techmap438940$abc$431868$lut$aiger431867$33220.A[1]     34 9.9ms
                                                                               heartbeat      2 9.9ms
                                 ddr3.ddr3_controller_inst.check_test_address_counter[1]     18 9.9ms
                                    $techmap436805$abc$431868$lut$aiger431867$20082.A[0]     10 9.7ms
                                            ddr3.ddr3_controller_inst.dqs_start_index[1]     37 9.7ms
                  $techmap437154$auto$abc_ops_reintegrate.cc:611:reintegrate$433475.A[2]     32 9.7ms
                  $techmap442333$auto$abc_ops_reintegrate.cc:611:reintegrate$432120.A[1]     29 9.7ms
                                          ddr3.ddr3_controller_inst.start_index_check[4]     38 9.7ms
                                        ddr3.ddr3_controller_inst.instruction_address[0]     23 9.6ms
                  $techmap437767$auto$abc_ops_reintegrate.cc:611:reintegrate$433425.A[5]     33 9.6ms
                  $techmap437154$auto$abc_ops_reintegrate.cc:611:reintegrate$433475.A[0]     33 9.5ms
        $abc$431868$flatten\ddr3.\ddr3_phy_inst.$logic_not$build/uberddr3/rtl/ddr3_phy.v:1126$12003_Y      6 9.5ms
                                    $techmap437734$abc$431868$lut$aiger431867$15390.A[1]     25 9.5ms
                                                                               debug1[2]     31 9.5ms
                                           $abc$431868$auto$rtlil.cc:3488:NotGate$123806     18 9.5ms
                  $techmap440028$auto$abc_ops_reintegrate.cc:611:reintegrate$432765.A[2]     20 9.4ms
                                $abc$431868$auto$simple.cc:210:make_patterns_logic$40691     32 9.4ms
                  $techmap436858$auto$abc_ops_reintegrate.cc:611:reintegrate$433526.A[3]     23 9.2ms
                                    $techmap439923$abc$431868$lut$aiger431867$40523.A[2]     33 9.1ms
                                $abc$431868$auto$simple.cc:210:make_patterns_logic$41588     28 9.0ms
                                           $abc$431868$auto$rtlil.cc:3488:NotGate$123820     16 9.0ms
                                 ddr3.ddr3_controller_inst.check_test_address_counter[7]     15 8.8ms
                                                          ddr3.idelay_data_cntvaluein[1]     36 8.8ms
                                         ddr3.ddr3_controller_inst.stage1_next_bank_d[2]     19 8.7ms
                                    ddr3.ddr3_controller_inst.stage2_data_unaligned[248]      7 8.6ms
                                        ddr3.ddr3_controller_inst.instruction_address[2]     23 8.5ms
                                                          ddr3.idelay_data_cntvaluein[0]     33 8.5ms
                                                                               debug1[1]     23 8.5ms
                                          $techmap443204$abc$431868$lut$aiger$o8106.A[1]     32 8.5ms
                                    $techmap439978$abc$431868$lut$aiger431867$40882.A[4]     33 8.5ms
                  $techmap437246$auto$abc_ops_reintegrate.cc:611:reintegrate$433448.A[3]     15 8.2ms
                  $techmap437829$auto$abc_ops_reintegrate.cc:611:reintegrate$433409.A[4]     18 8.2ms
                  $techmap437246$auto$abc_ops_reintegrate.cc:611:reintegrate$433448.A[4]     19 8.1ms
                                    $techmap437082$abc$431868$lut$aiger431867$12244.A[1]     37 8.1ms
                                   $techmap443148$abc$431868$lut$not$aiger431867$29546.A     14 8.1ms
                                    ddr3.ddr3_controller_inst.stage2_data_unaligned[230]     11 7.9ms
                                    $techmap437253$abc$431868$lut$aiger431867$13509.A[1]     16 7.9ms
                  $techmap441391$auto$abc_ops_reintegrate.cc:611:reintegrate$432345.A[1]     24 7.8ms
                                    ddr3.ddr3_controller_inst.calib_data_randomized[103]     14 7.8ms
                                $abc$431868$auto$simple.cc:210:make_patterns_logic$41598     40 7.7ms
                  $techmap437831$auto$abc_ops_reintegrate.cc:611:reintegrate$433408.A[4]     18 7.7ms
                                     ddr3.ddr3_controller_inst.stage2_data_unaligned[25]     10 7.7ms
                                    $techmap441383$abc$431868$lut$aiger431867$50896.A[1]     24 7.6ms
                  $techmap437807$auto$abc_ops_reintegrate.cc:611:reintegrate$433418.A[1]     12 7.6ms
                  $techmap437835$auto$abc_ops_reintegrate.cc:611:reintegrate$433405.A[3]     15 7.5ms
                                         $techmap438339$abc$431868$lut$aiger$o10673.A[2]     32 7.5ms
                  $techmap437831$auto$abc_ops_reintegrate.cc:611:reintegrate$433408.A[3]     16 7.5ms
                  $techmap437106$auto$abc_ops_reintegrate.cc:611:reintegrate$433487.A[0]     36 7.4ms
                                                                   pattern.test.emask[0]      1 7.3ms
                                 ddr3.ddr3_controller_inst.check_test_address_counter[2]     17 7.3ms
                                                                         ddr3.bitslip[0]     18 7.2ms
                  $techmap438278$auto$abc_ops_reintegrate.cc:611:reintegrate$433247.A[4]     26 7.2ms
                                                                                clk_ctrl   5987 7.2ms
                                                                 pattern.test.cycles[29]      2 7.1ms
                  $techmap438254$auto$abc_ops_reintegrate.cc:611:reintegrate$433259.A[2]     33 7.1ms
                                         $techmap444712$abc$431868$lut$aiger$o10054.A[3]     28 7.0ms
                                         $techmap443101$abc$431868$lut$aiger$o10490.A[4]     30 7.0ms
                                           ddr3.ddr3_controller_inst.stage1_next_bank[2]     15 7.0ms
                  $techmap437837$auto$abc_ops_reintegrate.cc:611:reintegrate$433404.A[3]     15 7.0ms
                                                                           wb_rdata[135]      3 7.0ms
                  $techmap440720$auto$abc_ops_reintegrate.cc:611:reintegrate$432530.A[0]     18 6.9ms
                  $techmap440653$auto$abc_ops_reintegrate.cc:611:reintegrate$432553.A[1]      7 6.8ms
                                    $techmap437253$abc$431868$lut$aiger431867$13509.A[0]     16 6.8ms
                  $techmap437295$auto$abc_ops_reintegrate.cc:611:reintegrate$433437.A[4]     18 6.8ms
                  $techmap436823$auto$abc_ops_reintegrate.cc:611:reintegrate$433548.A[4]      7 6.7ms
                  $techmap437106$auto$abc_ops_reintegrate.cc:611:reintegrate$433487.A[3]     33 6.6ms
                                    $techmap443216$abc$431868$lut$aiger431867$20887.A[0]     33 6.6ms
                                            ddr3.ddr3_controller_inst.dqs_start_index[2]     25 6.5ms
                                    $techmap437236$abc$431868$lut$aiger431867$12922.A[1]     11 6.5ms
                  $techmap440890$auto$abc_ops_reintegrate.cc:611:reintegrate$432467.A[0]      9 6.5ms
                                                                   pattern.test.einfo[9]      1 6.4ms
                  $techmap436035$auto$abc_ops_reintegrate.cc:611:reintegrate$433692.A[1]      7 6.4ms
                  $techmap440213$auto$abc_ops_reintegrate.cc:611:reintegrate$432706.A[0]      9 6.4ms
                                    $techmap438478$abc$431868$lut$aiger431867$26988.A[1]     12 6.3ms
                  $techmap437843$auto$abc_ops_reintegrate.cc:611:reintegrate$433401.A[5]     17 6.3ms
                  $techmap437289$auto$abc_ops_reintegrate.cc:611:reintegrate$433438.A[2]     15 6.3ms
                  $techmap442716$auto$abc_ops_reintegrate.cc:611:reintegrate$431940.A[0]      9 6.2ms
                                 ddr3.ddr3_controller_inst.check_test_address_counter[4]     20 6.1ms
                                                                         ddr3.bitslip[1]     18 6.1ms
                  $techmap437307$auto$abc_ops_reintegrate.cc:611:reintegrate$433435.A[5]     18 6.1ms
                  $techmap437829$auto$abc_ops_reintegrate.cc:611:reintegrate$433409.A[3]     15 6.1ms
                                                                         ddr3.bitslip[2]     18 6.1ms
                  $techmap439397$auto$abc_ops_reintegrate.cc:611:reintegrate$432943.A[1]     12 6.0ms
                  $techmap438658$auto$abc_ops_reintegrate.cc:611:reintegrate$433149.A[2]     17 6.0ms
                                 ddr3.ddr3_controller_inst.check_test_address_counter[6]     15 6.0ms
                                                ddr3.ddr3_controller_inst.stage2_bank[1]     14 6.0ms
                                            ddr3.ddr3_controller_inst.stage1_next_row[4]     11 5.9ms
                  $techmap442641$auto$abc_ops_reintegrate.cc:611:reintegrate$431980.A[0]      9 5.9ms
                  $techmap440900$auto$abc_ops_reintegrate.cc:611:reintegrate$432466.A[2]     15 5.9ms
                  $techmap441137$auto$abc_ops_reintegrate.cc:611:reintegrate$432400.A[0]      9 5.9ms
                                    $techmap440733$abc$431868$lut$aiger431867$47158.A[3]     11 5.9ms
                                $abc$431868$auto$simple.cc:193:make_patterns_logic$45882      7 5.8ms
                                    ddr3.ddr3_controller_inst.stage2_data_unaligned[106]      5 5.8ms
                  $techmap442835$auto$abc_ops_reintegrate.cc:611:reintegrate$431883.A[0]     11 5.8ms
                                            ddr3.ddr3_controller_inst.read_lane_data[42]      3 5.7ms
                  $techmap436809$auto$abc_ops_reintegrate.cc:611:reintegrate$433551.A[0]      7 5.7ms
                  $techmap442816$auto$abc_ops_reintegrate.cc:611:reintegrate$431894.A[0]     19 5.7ms
                  $techmap438934$auto$abc_ops_reintegrate.cc:611:reintegrate$433082.A[2]     18 5.7ms
                  $techmap442242$auto$abc_ops_reintegrate.cc:611:reintegrate$432150.A[0]      9 5.7ms
                                    $techmap443910$abc$431868$lut$aiger431867$38139.A[1]      5 5.7ms
                                    $techmap436586$abc$431868$lut$aiger431867$23049.A[1]      7 5.7ms
                                    ddr3.ddr3_controller_inst.stage2_data_unaligned[136]      8 5.7ms
                  $techmap437317$auto$abc_ops_reintegrate.cc:611:reintegrate$433431.A[2]     12 5.7ms
                                 ddr3.ddr3_controller_inst.check_test_address_counter[0]     23 5.5ms
                  $techmap438063$auto$abc_ops_reintegrate.cc:611:reintegrate$433291.A[1]      9 5.5ms
                  $techmap438115$auto$abc_ops_reintegrate.cc:611:reintegrate$433280.A[2]      8 5.5ms
                                      ddr3.ddr3_controller_inst.write_by_byte_counter[1]     17 5.5ms
                  $techmap437094$auto$abc_ops_reintegrate.cc:611:reintegrate$433489.A[0]     32 5.5ms
                                $abc$431868$auto$simple.cc:193:make_patterns_logic$45876      7 5.4ms
                                                                            wb_rdata[58]      3 5.4ms
                  $techmap438934$auto$abc_ops_reintegrate.cc:611:reintegrate$433082.A[3]     11 5.4ms
                  $techmap438142$auto$abc_ops_reintegrate.cc:611:reintegrate$433273.A[0]      9 5.4ms
                                    $techmap438084$abc$431868$lut$aiger431867$19872.A[1]     15 5.3ms
                  $techmap437239$auto$abc_ops_reintegrate.cc:611:reintegrate$433450.A[3]     20 5.3ms
                                    ddr3.ddr3_controller_inst.calib_data_randomized[101]     12 5.2ms
                  $techmap438246$auto$abc_ops_reintegrate.cc:611:reintegrate$433264.A[1]     13 5.2ms
                                             $auto$alumacc.cc:548:replace_alu$43745.Y[2]      3 5.2ms
                                    ddr3.ddr3_controller_inst.stage2_data_unaligned[192]      8 5.2ms
                  $techmap441284$auto$abc_ops_reintegrate.cc:611:reintegrate$432369.A[0]      9 5.2ms
                  $techmap438299$auto$abc_ops_reintegrate.cc:611:reintegrate$433242.A[0]      7 5.2ms
                  $techmap437154$auto$abc_ops_reintegrate.cc:611:reintegrate$433475.A[1]     32 5.2ms
                  $techmap440387$auto$abc_ops_reintegrate.cc:611:reintegrate$432645.A[0]      8 5.1ms
                  $techmap442816$auto$abc_ops_reintegrate.cc:611:reintegrate$431894.A[2]     13 5.1ms
                  $techmap438125$auto$abc_ops_reintegrate.cc:611:reintegrate$433279.A[1]     14 5.1ms
                                 ddr3.ddr3_controller_inst.check_test_address_counter[3]     18 5.0ms
                                    $techmap436449$abc$431868$lut$aiger431867$22022.A[1]      8 5.0ms
                                                 ddr3.ddr3_controller_inst.dqs_store[28]      4 5.0ms
                                   $techmap443160$abc$431868$lut$not$aiger431867$33177.A     10 5.0ms
                  $techmap441190$auto$abc_ops_reintegrate.cc:611:reintegrate$432388.A[1]     15 4.9ms
                                    $techmap443232$abc$431868$lut$aiger431867$29451.A[3]      5 4.9ms
                  $techmap440481$auto$abc_ops_reintegrate.cc:611:reintegrate$432610.A[0]      7 4.9ms
                  $techmap436013$auto$abc_ops_reintegrate.cc:611:reintegrate$433714.A[1]      7 4.9ms
                                    $techmap436464$abc$431868$lut$aiger431867$22261.A[0]      8 4.9ms
                                     ddr3.ddr3_controller_inst.stage2_data_unaligned[91]      6 4.8ms
                  $techmap439798$auto$abc_ops_reintegrate.cc:611:reintegrate$432840.A[2]     13 4.8ms
                                            ddr3.ddr3_controller_inst.stage1_next_row[5]     11 4.8ms
                                                ddr3.ddr3_controller_inst.stage2_bank[2]     19 4.8ms
                                    ddr3.ddr3_controller_inst.stage2_data_unaligned[238]     12 4.8ms
                  $techmap442003$auto$abc_ops_reintegrate.cc:611:reintegrate$432225.A[0]      9 4.8ms
                                            ddr3.ddr3_controller_inst.stage1_next_row[3]     11 4.8ms
                                    $techmap436985$abc$431868$lut$aiger431867$11868.A[0]      8 4.8ms
                  $techmap441059$auto$abc_ops_reintegrate.cc:611:reintegrate$432419.A[2]      8 4.8ms
                                    ddr3.ddr3_controller_inst.stage2_data_unaligned[108]      6 4.7ms
                                    ddr3.ddr3_controller_inst.stage2_data_unaligned[217]      7 4.7ms
                                                           ddr3.idelay_dqs_cntvaluein[2]      7 4.7ms
                                    ddr3.ddr3_controller_inst.calib_data_randomized[105]     10 4.7ms
                  $techmap440782$auto$abc_ops_reintegrate.cc:611:reintegrate$432506.A[0]      8 4.6ms
                  $techmap440978$auto$abc_ops_reintegrate.cc:611:reintegrate$432437.A[0]      9 4.6ms
                                    $techmap443237$abc$431868$lut$aiger431867$33044.A[0]      4 4.6ms
                  $techmap437843$auto$abc_ops_reintegrate.cc:611:reintegrate$433401.A[3]     15 4.6ms
                  $techmap440307$auto$abc_ops_reintegrate.cc:611:reintegrate$432676.A[0]     12 4.6ms
                                                  ddr3.ddr3_controller_inst.stage2_do_wr     15 4.6ms
                                $abc$431868$auto$simple.cc:193:make_patterns_logic$41727     16 4.6ms
                  $techmap436026$auto$abc_ops_reintegrate.cc:611:reintegrate$433701.A[1]      7 4.6ms
                                    ddr3.ddr3_controller_inst.calib_data_randomized[118]     15 4.6ms
                                                    ddr3.ddr3_controller_inst.write_dq_d     15 4.6ms
                  $techmap441191$auto$abc_ops_reintegrate.cc:611:reintegrate$432387.A[0]      9 4.6ms
                  $techmap440769$auto$abc_ops_reintegrate.cc:611:reintegrate$432510.A[0]      7 4.6ms
                                         $techmap443616$abc$431868$lut$aiger$o13240.A[1]     29 4.5ms
                  $techmap436600$auto$abc_ops_reintegrate.cc:611:reintegrate$433563.A[0]      9 4.5ms
                                     ddr3.ddr3_controller_inst.stage2_data_unaligned[32]      8 4.5ms
                  $techmap440028$auto$abc_ops_reintegrate.cc:611:reintegrate$432765.A[1]      7 4.5ms
                                            $auto$alumacc.cc:548:replace_alu$43745.Y[39]      3 4.5ms
                                    $techmap439761$abc$431868$lut$aiger431867$39493.A[4]      9 4.5ms
                                    $techmap438482$abc$431868$lut$aiger431867$26993.A[4]     13 4.5ms
        $abc$431868$memory\ddr3.ddr3_controller_inst.idelay_data_cntvaluein$wren[3][1][0]$y$45720     10 4.5ms
                                             $abc$431868$auto$rtlil.cc:3386:Mux$44840[3]      4 4.5ms
         $techmap442783$auto$abc_ops_reintegrate.cc:611:reintegrate$431905.A[1]$sum$4657     14 4.5ms
                                    $techmap438508$abc$431868$lut$aiger431867$27052.A[3]     13 4.5ms
                                         $techmap443559$abc$431868$lut$aiger$o14056.A[5]      4 4.5ms
                  $techmap436332$auto$abc_ops_reintegrate.cc:611:reintegrate$433581.A[1]      8 4.4ms
                                    $techmap438282$abc$431868$lut$aiger431867$22549.A[3]     17 4.4ms
                                                                  ddr3.iserdes_data[229]      2 4.4ms
                                                                 pattern.test.cycles[38]      2 4.4ms
                  $techmap436034$auto$abc_ops_reintegrate.cc:611:reintegrate$433693.A[1]      7 4.4ms
                  $techmap441008$auto$abc_ops_reintegrate.cc:611:reintegrate$432427.A[1]      8 4.4ms
                                     ddr3.ddr3_controller_inst.stage2_data_unaligned[72]      8 4.4ms
                  $techmap439376$auto$abc_ops_reintegrate.cc:611:reintegrate$432953.A[2]      8 4.4ms
                                $abc$431868$auto$simple.cc:193:make_patterns_logic$45848      7 4.4ms
                                 ddr3.ddr3_controller_inst.check_test_address_counter[5]     20 4.4ms
                                           ddr3.ddr3_controller_inst.read_data_store[71]      1 4.4ms
                                                           ddr3.idelay_dqs_cntvaluein[3]      7 4.4ms
                                                  ddr3.ddr3_controller_inst.prep_done[1]     10 4.3ms
                  $techmap439876$auto$abc_ops_reintegrate.cc:611:reintegrate$432807.A[0]      9 4.3ms
                                            ddr3.ddr3_controller_inst.dqs_start_index[3]     14 4.3ms
                  $techmap440931$auto$abc_ops_reintegrate.cc:611:reintegrate$432453.A[0]      9 4.3ms
                                    $techmap438484$abc$431868$lut$aiger431867$16583.A[1]      9 4.3ms
                  $techmap440704$auto$abc_ops_reintegrate.cc:611:reintegrate$432533.A[0]      9 4.3ms
                  $techmap436031$auto$abc_ops_reintegrate.cc:611:reintegrate$433696.A[1]      7 4.3ms
                  $techmap440028$auto$abc_ops_reintegrate.cc:611:reintegrate$432765.A[0]     11 4.3ms
                                    ddr3.ddr3_controller_inst.stage2_data_unaligned[128]      8 4.3ms
                                                                  ddr3.iserdes_data[228]      2 4.3ms
                                    $techmap438470$abc$431868$lut$aiger431867$26985.A[1]     13 4.2ms
                                                                   pattern.test.acks[26]      5 4.2ms
                                         $techmap443318$abc$431868$lut$aiger$o14085.A[2]      4 4.2ms
                                      ddr3.ddr3_controller_inst.stage2_data_unaligned[3]      6 4.2ms
                                     ddr3.ddr3_controller_inst.stage2_data_unaligned[30]      6 4.2ms
                                    $techmap441372$abc$431868$lut$aiger431867$50867.A[3]      6 4.2ms
                                                                   pattern.test.acks[23]      5 4.2ms
                                    $techmap438471$abc$431868$lut$aiger431867$26986.A[0]      8 4.2ms
                                                   ddr3.ddr3_controller_inst.initial_dqs     13 4.2ms
                                                                                 s_a[12]      2 4.1ms
                                    ddr3.ddr3_controller_inst.stage2_data_unaligned[140]      6 4.1ms
                                ddr3.ddr3_controller_inst.write_test_address_counter[20]      4 4.1ms
                                    $techmap438477$abc$431868$lut$aiger431867$16551.A[1]     17 4.1ms
                  $techmap440724$auto$abc_ops_reintegrate.cc:611:reintegrate$432527.A[0]      8 4.1ms
                  $techmap436070$auto$abc_ops_reintegrate.cc:611:reintegrate$433657.A[1]      5 4.1ms
                  $techmap442354$auto$abc_ops_reintegrate.cc:611:reintegrate$432111.A[0]      9 4.1ms
                                    $techmap436579$abc$431868$lut$aiger431867$22961.A[1]      6 4.1ms
                                         $techmap445350$abc$431868$lut$aiger$o12030.A[4]      4 4.1ms
                                     ddr3.ddr3_controller_inst.stage2_data_unaligned[33]      7 4.1ms
                                         $techmap446046$abc$431868$lut$aiger$o13373.A[2]      1 4.1ms
                                    $techmap438480$abc$431868$lut$aiger431867$16555.A[1]     13 4.1ms
                  $techmap441268$auto$abc_ops_reintegrate.cc:611:reintegrate$432374.A[1]     15 4.1ms
                                $abc$431868$auto$simple.cc:193:make_patterns_logic$45851      7 4.1ms
                                    ddr3.ddr3_controller_inst.stage2_data_unaligned[131]      6 4.1ms
                                      ddr3.ddr3_controller_inst.calib_data_randomized[0]      8 4.1ms
                  $techmap440008$auto$abc_ops_reintegrate.cc:611:reintegrate$432776.A[0]      9 4.0ms
                  $techmap438271$auto$abc_ops_reintegrate.cc:611:reintegrate$433250.A[3]      7 4.0ms
                  $techmap440510$auto$abc_ops_reintegrate.cc:611:reintegrate$432598.A[0]      8 4.0ms
                                    ddr3.ddr3_controller_inst.stage2_data_unaligned[164]      6 4.0ms
                                    $techmap436458$abc$431868$lut$aiger431867$22139.A[1]      5 4.0ms
                                    $techmap436424$abc$431868$lut$aiger431867$31436.A[0]      4 4.0ms
                                                                           wb_rdata[152]      4 4.0ms
                  $techmap442773$auto$abc_ops_reintegrate.cc:611:reintegrate$431912.A[3]      5 4.0ms
                                    ddr3.ddr3_controller_inst.stage2_data_unaligned[153]      7 4.0ms
                                         $techmap446018$abc$431868$lut$aiger$o13383.A[2]      1 4.0ms
                                                                   pattern.test.acks[11]      5 4.0ms
                                    $techmap436451$abc$431868$lut$aiger431867$22038.A[1]      7 4.0ms
                                                                  pattern.test.einfo[23]      1 4.0ms
                                    $techmap443244$abc$431868$lut$aiger431867$24528.A[1]      4 4.0ms
                                                                  ddr3.iserdes_data[199]      2 4.0ms
                                            ddr3.ddr3_controller_inst.stage1_next_row[2]     11 3.9ms
                                    ddr3.ddr3_controller_inst.stage2_data_unaligned[191]      6 3.9ms
                                                                  ddr3.iserdes_data[217]      2 3.9ms
                  $techmap440651$auto$abc_ops_reintegrate.cc:611:reintegrate$432554.A[0]      6 3.9ms
                  $techmap437767$auto$abc_ops_reintegrate.cc:611:reintegrate$433425.A[0]     10 3.9ms
                  $techmap436011$auto$abc_ops_reintegrate.cc:611:reintegrate$433716.A[1]      7 3.9ms
                  $techmap440615$auto$abc_ops_reintegrate.cc:611:reintegrate$432565.A[0]      7 3.9ms
                                                                   ddr3.iserdes_data[35]      2 3.9ms
                                                                   ddr3.iserdes_data[20]      2 3.9ms
                  $techmap438559$auto$abc_ops_reintegrate.cc:611:reintegrate$433175.A[1]     11 3.9ms
                                                                   pattern.test.acks[19]      5 3.9ms
                  $techmap440510$auto$abc_ops_reintegrate.cc:611:reintegrate$432598.A[3]      7 3.9ms
                  $techmap439771$auto$abc_ops_reintegrate.cc:611:reintegrate$432848.A[0]      9 3.8ms
                  $techmap440769$auto$abc_ops_reintegrate.cc:611:reintegrate$432510.A[2]      7 3.8ms
                                     ddr3.ddr3_controller_inst.stage2_data_unaligned[75]      6 3.8ms
                  $techmap440437$auto$abc_ops_reintegrate.cc:611:reintegrate$432628.A[0]      9 3.8ms
                                    $techmap443220$abc$431868$lut$aiger431867$29409.A[1]      5 3.8ms
                                                                  ddr3.iserdes_data[193]      2 3.8ms
                                                ddr3.ddr3_controller_inst.stage2_row[13]     10 3.8ms
                  $techmap442800$auto$abc_ops_reintegrate.cc:611:reintegrate$431900.A[1]     13 3.8ms
                  $techmap436038$auto$abc_ops_reintegrate.cc:611:reintegrate$433689.A[1]      7 3.8ms
                                    $techmap436939$abc$431868$lut$aiger431867$11708.A[4]      3 3.8ms
                  $techmap438137$auto$abc_ops_reintegrate.cc:611:reintegrate$433277.A[2]     11 3.8ms
                  $techmap440653$auto$abc_ops_reintegrate.cc:611:reintegrate$432553.A[3]      7 3.8ms
                                                                           wb_rdata[126]      3 3.8ms
                  $techmap440209$auto$abc_ops_reintegrate.cc:611:reintegrate$432709.A[2]      8 3.8ms
                  $techmap440406$auto$abc_ops_reintegrate.cc:611:reintegrate$432637.A[1]      6 3.8ms
                                         ddr3.ddr3_controller_inst.delay_counter_is_zero     21 3.8ms
                                             $auto$alumacc.cc:548:replace_alu$43745.Y[6]      3 3.7ms
                                    ddr3.ddr3_controller_inst.stage2_data_unaligned[199]      7 3.7ms
                                    $techmap437229$abc$431868$lut$aiger431867$12921.A[1]     19 3.7ms
                  $techmap441146$auto$abc_ops_reintegrate.cc:611:reintegrate$432397.A[0]      8 3.7ms
                                         $techmap446098$abc$431868$lut$aiger$o14142.A[2]      1 3.7ms
                                    $techmap439149$abc$431868$lut$aiger431867$35233.A[2]      3 3.7ms
                                     ddr3.ddr3_controller_inst.stage2_data_unaligned[67]      6 3.7ms
                  $techmap439528$auto$abc_ops_reintegrate.cc:611:reintegrate$432907.A[2]     10 3.7ms
                  $techmap436036$auto$abc_ops_reintegrate.cc:611:reintegrate$433691.A[1]      7 3.7ms
                                                                         ddr3.bitslip[3]     18 3.7ms
                  $techmap440193$auto$abc_ops_reintegrate.cc:611:reintegrate$432717.A[2]      4 3.7ms
                  $techmap439171$auto$abc_ops_reintegrate.cc:611:reintegrate$433002.A[3]      9 3.7ms
                                             $auto$alumacc.cc:548:replace_alu$43745.Y[8]      3 3.7ms
                  $techmap438086$auto$abc_ops_reintegrate.cc:611:reintegrate$433283.A[2]      9 3.7ms
                  $techmap436833$auto$abc_ops_reintegrate.cc:611:reintegrate$433542.A[3]      4 3.7ms
                                  ddr3.ddr3_controller_inst.read_test_address_counter[3]      5 3.7ms
                                                                    pattern.test.acks[9]      5 3.6ms
                  $techmap436023$auto$abc_ops_reintegrate.cc:611:reintegrate$433704.A[1]      7 3.6ms
                  $techmap440393$auto$abc_ops_reintegrate.cc:611:reintegrate$432642.A[3]     11 3.6ms
                                    ddr3.ddr3_controller_inst.stage2_data_unaligned[103]      6 3.6ms
                                                 ddr3.ddr3_controller_inst.dqs_store[22]      4 3.6ms
                                     ddr3.ddr3_controller_inst.stage2_data_unaligned[20]      8 3.6ms
                                             $abc$431868$auto$rtlil.cc:3386:Mux$44840[5]      4 3.6ms
                                    $techmap437292$abc$431868$lut$aiger431867$13627.A[0]      6 3.6ms
                  $techmap442754$auto$abc_ops_reintegrate.cc:611:reintegrate$431920.A[2]     11 3.6ms
                                    $techmap443285$abc$431868$lut$aiger431867$35256.A[0]      3 3.6ms
                  $techmap439551$auto$abc_ops_reintegrate.cc:611:reintegrate$432903.A[3]      3 3.6ms
                  $techmap438550$auto$abc_ops_reintegrate.cc:611:reintegrate$433179.A[0]     11 3.6ms
                  $techmap440404$auto$abc_ops_reintegrate.cc:611:reintegrate$432638.A[2]      4 3.6ms
                  $techmap437322$auto$abc_ops_reintegrate.cc:611:reintegrate$433430.A[1]      9 3.6ms
                  $techmap440653$auto$abc_ops_reintegrate.cc:611:reintegrate$432553.A[2]      8 3.6ms
                                                                  ddr3.iserdes_data[247]      2 3.6ms
                                    $techmap436583$abc$431868$lut$aiger431867$22968.A[1]      5 3.6ms
                                    $techmap438469$abc$431868$lut$aiger431867$16611.A[1]     13 3.6ms
                  $techmap436030$auto$abc_ops_reintegrate.cc:611:reintegrate$433697.A[1]      7 3.6ms
                                            $auto$alumacc.cc:548:replace_alu$43745.Y[11]      3 3.6ms
                  $techmap437275$auto$abc_ops_reintegrate.cc:611:reintegrate$433443.A[3]      8 3.6ms
                  $techmap439026$auto$abc_ops_reintegrate.cc:611:reintegrate$433033.A[0]      9 3.6ms
                                     ddr3.ddr3_controller_inst.stage2_data_unaligned[42]      5 3.6ms
                                                                   ddr3.iserdes_data[96]      2 3.5ms
                                         $techmap445368$abc$431868$lut$aiger$o12376.A[4]      4 3.5ms
                  $techmap436823$auto$abc_ops_reintegrate.cc:611:reintegrate$433548.A[1]      7 3.5ms
                                                                   ddr3.iserdes_data[83]      2 3.5ms
                                  ddr3.ddr3_controller_inst.read_test_address_counter[1]      4 3.5ms
                  $techmap440510$auto$abc_ops_reintegrate.cc:611:reintegrate$432598.A[2]      8 3.5ms
                                    ddr3.ddr3_controller_inst.stage2_data_unaligned[249]      7 3.5ms
                                      ddr3.ddr3_controller_inst.write_by_byte_counter[0]     19 3.5ms
                                         $techmap444840$abc$431868$lut$aiger$o10103.A[3]     10 3.5ms
                  $techmap442212$auto$abc_ops_reintegrate.cc:611:reintegrate$432162.A[0]      9 3.5ms
                                               ddr3.ddr3_controller_inst.stage1_data[50]      2 3.5ms
                                                                  pattern.test.cycles[9]      2 3.5ms
                  $techmap441305$auto$abc_ops_reintegrate.cc:611:reintegrate$432362.A[0]      7 3.5ms
                                           ddr3.ddr3_controller_inst.stage1_next_bank[0]     10 3.5ms
                  $techmap438112$auto$abc_ops_reintegrate.cc:611:reintegrate$433282.A[3]      7 3.5ms
                                                 ddr3.ddr3_controller_inst.dqs_store[36]      4 3.5ms
                                    ddr3.ddr3_controller_inst.stage2_data_unaligned[212]      7 3.5ms
                  $techmap436037$auto$abc_ops_reintegrate.cc:611:reintegrate$433690.A[1]      7 3.5ms
                                    $techmap443233$abc$431868$lut$aiger431867$24408.A[1]      3 3.5ms
                  $techmap436018$auto$abc_ops_reintegrate.cc:611:reintegrate$433709.A[1]      7 3.5ms
                                                                    pattern.test.acks[6]      5 3.5ms
                                                 ddr3.ddr3_controller_inst.dqs_store[37]      4 3.5ms
                                $abc$431868$auto$simple.cc:193:make_patterns_logic$45841      1 3.5ms
                                            ddr3.ddr3_controller_inst.stage1_next_row[8]     11 3.5ms
                  $techmap441557$auto$abc_ops_reintegrate.cc:611:reintegrate$432322.A[0]      9 3.5ms
                                                                  ddr3.idelay_data_ld[0]     10 3.5ms
                                    ddr3.ddr3_controller_inst.stage2_data_unaligned[162]      5 3.5ms
                  $techmap442474$auto$abc_ops_reintegrate.cc:611:reintegrate$432057.A[0]      9 3.5ms
                                    $techmap442972$abc$431868$lut$not$aiger431867$7292.A      4 3.5ms
                                               ddr3.ddr3_controller_inst.stage1_data[24]      2 3.5ms
                                                                   pattern.test.acks[21]      5 3.5ms
                                          $techmap437258$abc$431868$lut$aiger$o9993.A[0]      8 3.4ms
                                    $techmap436437$abc$431868$lut$aiger431867$21866.A[1]      5 3.4ms
                  $techmap441008$auto$abc_ops_reintegrate.cc:611:reintegrate$432427.A[3]      8 3.4ms
                  $techmap436015$auto$abc_ops_reintegrate.cc:611:reintegrate$433712.A[1]      7 3.4ms
                                                                   ddr3.iserdes_data[22]      2 3.4ms
                                                                   pattern.test.acks[25]      5 3.4ms
                  $techmap442669$auto$abc_ops_reintegrate.cc:611:reintegrate$431966.A[0]      9 3.4ms
                                           ddr3.ddr3_controller_inst.stage1_next_row[13]     10 3.4ms
                                      ddr3.ddr3_controller_inst.stage2_data_unaligned[6]      6 3.4ms
                  $techmap441767$auto$abc_ops_reintegrate.cc:611:reintegrate$432281.A[0]      9 3.4ms
                  $techmap440651$auto$abc_ops_reintegrate.cc:611:reintegrate$432554.A[3]      5 3.4ms
                                    ddr3.ddr3_controller_inst.stage2_data_unaligned[105]      7 3.4ms
                                    ddr3.ddr3_controller_inst.calib_data_randomized[123]      9 3.4ms
                  $techmap438283$auto$abc_ops_reintegrate.cc:611:reintegrate$433245.A[2]     19 3.4ms
                                    $techmap436439$abc$431868$lut$aiger431867$21908.A[1]      7 3.4ms
                                    $techmap443376$abc$431868$lut$aiger431867$21347.A[3]      4 3.3ms
                                                 ddr3.ddr3_controller_inst.dqs_store[29]      5 3.3ms
                  $techmap442384$auto$abc_ops_reintegrate.cc:611:reintegrate$432097.A[0]      9 3.3ms
                  $techmap437237$auto$abc_ops_reintegrate.cc:611:reintegrate$433451.A[3]     17 3.3ms
                                    $techmap436890$abc$431868$lut$aiger431867$11505.A[0]      8 3.3ms
                                                                  ddr3.iserdes_data[235]      2 3.3ms
                  $techmap441059$auto$abc_ops_reintegrate.cc:611:reintegrate$432419.A[0]      8 3.3ms
                  $techmap440917$auto$abc_ops_reintegrate.cc:611:reintegrate$432459.A[0]      8 3.3ms
                                             $abc$431868$auto$rtlil.cc:3386:Mux$44856[2]      4 3.3ms
                                                ddr3.ddr3_controller_inst.stage2_bank[0]     13 3.3ms
                                                                  ddr3.iserdes_data[232]      2 3.3ms
                                                                  ddr3.idelay_data_ld[1]     10 3.3ms
                                    ddr3.ddr3_controller_inst.stage2_data_unaligned[193]      7 3.3ms
                                     ddr3.ddr3_controller_inst.stage2_data_unaligned[44]      6 3.3ms
                                            ddr3.ddr3_controller_inst.stage1_next_row[1]     11 3.3ms
                  $techmap440529$auto$abc_ops_reintegrate.cc:611:reintegrate$432588.A[0]      9 3.3ms
              $techmap42246$flatten\resetgen.$lt$build/t27/specs/rtl/fpga_reset.v:84$4.Y     33 3.3ms
                                  ddr3.ddr3_controller_inst.read_test_address_counter[2]      5 3.3ms
                  $techmap442495$auto$abc_ops_reintegrate.cc:611:reintegrate$432047.A[0]      9 3.3ms
                  $techmap438114$auto$abc_ops_reintegrate.cc:611:reintegrate$433281.A[1]     14 3.2ms
                                    $techmap443376$abc$431868$lut$aiger431867$21347.A[1]      4 3.2ms
                                                                    pattern.test.acks[3]      5 3.2ms
                  $techmap441305$auto$abc_ops_reintegrate.cc:611:reintegrate$432362.A[2]      7 3.2ms
                  $techmap442555$auto$abc_ops_reintegrate.cc:611:reintegrate$432019.A[0]      9 3.2ms
                  $techmap439798$auto$abc_ops_reintegrate.cc:611:reintegrate$432840.A[3]     11 3.2ms
                                          ddr3.ddr3_controller_inst.read_data_store[254]      1 3.2ms
                                         $techmap443722$abc$431868$lut$aiger$o11862.A[3]      7 3.2ms
                                         $techmap443559$abc$431868$lut$aiger$o14056.A[4]      4 3.2ms
                  $techmap440647$auto$abc_ops_reintegrate.cc:611:reintegrate$432557.A[0]      8 3.2ms
                                                 ddr3.ddr3_controller_inst.dqs_store[18]      3 3.2ms
                                    $techmap443220$abc$431868$lut$aiger431867$29409.A[0]      5 3.2ms
                  $techmap442764$auto$abc_ops_reintegrate.cc:611:reintegrate$431916.A[1]      7 3.2ms
                                     ddr3.ddr3_controller_inst.stage2_data_unaligned[41]      7 3.2ms
                                                                   pattern.test.acks[28]      5 3.2ms
                                    $techmap437788$abc$431868$lut$aiger431867$15665.A[4]     13 3.2ms
                  $techmap441198$auto$abc_ops_reintegrate.cc:611:reintegrate$432385.A[0]      8 3.2ms
                                         $techmap443405$abc$431868$lut$aiger$o16129.A[3]     11 3.2ms
                                 ddr3.ddr3_controller_inst.read_test_address_counter[14]      5 3.2ms
                                    $techmap441402$abc$431868$lut$aiger431867$50915.A[2]      2 3.2ms
                                                 ddr3.ddr3_controller_inst.stage2_row[6]     11 3.2ms
                  $techmap437170$auto$abc_ops_reintegrate.cc:611:reintegrate$433471.A[1]     15 3.2ms
                  $techmap442616$auto$abc_ops_reintegrate.cc:611:reintegrate$431992.A[0]      9 3.2ms
                                    ddr3.ddr3_controller_inst.stage2_data_unaligned[187]      6 3.2ms
                                     ddr3.ddr3_controller_inst.stage2_data_unaligned[54]      5 3.2ms
                  $techmap441649$auto$abc_ops_reintegrate.cc:611:reintegrate$432305.A[0]      9 3.2ms
                                                 ddr3.ddr3_controller_inst.stage2_row[9]     11 3.2ms
                  $techmap436835$auto$abc_ops_reintegrate.cc:611:reintegrate$433540.A[5]      4 3.1ms
                  ddr3.ddr3_controller_inst.stage2_do_update_delay_before_read_after_act      8 3.1ms
                  $techmap436024$auto$abc_ops_reintegrate.cc:611:reintegrate$433703.A[1]      7 3.1ms
                                $abc$431868$auto$simple.cc:193:make_patterns_logic$45845      7 3.1ms
                  $techmap440801$auto$abc_ops_reintegrate.cc:611:reintegrate$432499.A[0]      8 3.1ms
                                    $techmap443232$abc$431868$lut$aiger431867$29451.A[2]      5 3.1ms
                  $techmap437126$auto$abc_ops_reintegrate.cc:611:reintegrate$433482.A[3]      3 3.1ms
                                         $techmap444666$abc$431868$lut$aiger$o12487.A[2]      4 3.1ms
                                                                  ddr3.iserdes_data[169]      2 3.1ms
                                           ddr3.ddr3_controller_inst.added_read_pipe_max     19 3.1ms
                                    $techmap438820$abc$431868$lut$aiger431867$32457.A[2]      3 3.1ms
                                                                  ddr3.iserdes_data[187]      2 3.1ms
                                                                   ddr3.iserdes_data[12]      2 3.1ms
                                                                    ddr3.iserdes_data[4]      2 3.1ms
                  $techmap439599$auto$abc_ops_reintegrate.cc:611:reintegrate$432893.A[0]      6 3.1ms
                                      ddr3.ddr3_controller_inst.stage2_data_unaligned[7]      7 3.1ms
                                    $techmap436855$abc$431868$lut$aiger431867$11389.A[0]      9 3.1ms
                                            $auto$alumacc.cc:548:replace_alu$43745.Y[10]      3 3.1ms
                  $techmap441146$auto$abc_ops_reintegrate.cc:611:reintegrate$432397.A[2]      8 3.1ms
                                                                   pattern.test.acks[10]      5 3.1ms
                                 ddr3.ddr3_controller_inst.write_test_address_counter[9]      4 3.1ms
                                                                  ddr3.iserdes_data[171]      2 3.1ms
                                            $auto$alumacc.cc:548:replace_alu$43745.Y[34]      3 3.1ms
                                                                  ddr3.iserdes_data[135]      2 3.1ms
                                    $techmap438717$abc$431868$lut$aiger431867$29631.A[0]      8 3.1ms
                  $techmap440528$auto$abc_ops_reintegrate.cc:611:reintegrate$432589.A[0]      8 3.1ms
                                             $abc$431868$auto$rtlil.cc:3386:Mux$44848[2]      4 3.1ms
                                         ddr3.ddr3_controller_inst.write_pattern_matches      8 3.1ms
                                            ddr3.ddr3_controller_inst.stage1_next_row[6]     11 3.1ms
                                            $auto$alumacc.cc:548:replace_alu$43745.Y[35]      3 3.1ms
                                    ddr3.ddr3_controller_inst.stage2_data_unaligned[143]      6 3.0ms
                                            ddr3.ddr3_controller_inst.stage1_next_row[9]     11 3.0ms
                                            $auto$alumacc.cc:548:replace_alu$43745.Y[25]      3 3.0ms
                  $techmap440383$auto$abc_ops_reintegrate.cc:611:reintegrate$432648.A[0]      8 3.0ms
                                                                   ddr3.iserdes_data[68]      2 3.0ms
                                    $techmap436460$abc$431868$lut$aiger431867$22169.A[1]      8 3.0ms
                  $techmap440064$auto$abc_ops_reintegrate.cc:611:reintegrate$432753.A[0]      9 3.0ms
                                    $techmap439189$abc$431868$lut$aiger431867$35544.A[3]      7 3.0ms
                  $techmap439367$auto$abc_ops_reintegrate.cc:611:reintegrate$432956.A[0]      9 3.0ms
                                    $techmap436442$abc$431868$lut$aiger431867$21969.A[1]      7 3.0ms
                                            ddr3.ddr3_controller_inst.read_lane_data[58]      3 3.0ms
                                    $techmap439338$abc$431868$lut$aiger431867$37066.A[4]     11 3.0ms
                  $techmap442090$auto$abc_ops_reintegrate.cc:611:reintegrate$432200.A[0]      9 3.0ms
                                                                           wb_rdata[212]      4 3.0ms
                  $techmap440482$auto$abc_ops_reintegrate.cc:611:reintegrate$432609.A[0]      9 3.0ms
                                    ddr3.ddr3_controller_inst.stage2_data_unaligned[161]      7 3.0ms
                  $techmap440802$auto$abc_ops_reintegrate.cc:611:reintegrate$432498.A[0]      9 3.0ms
                  $techmap440757$auto$abc_ops_reintegrate.cc:611:reintegrate$432516.A[0]      9 3.0ms
                                     ddr3.ddr3_controller_inst.stage2_data_unaligned[31]      6 3.0ms
                                                                    ddr3.iserdes_data[3]      2 3.0ms
                                             $abc$431868$auto$rtlil.cc:3386:Mux$44840[1]      4 3.0ms
                  $techmap442530$auto$abc_ops_reintegrate.cc:611:reintegrate$432030.A[0]      9 3.0ms
                                                                           wb_rdata[237]      4 3.0ms
                                    ddr3.ddr3_controller_inst.stage2_data_unaligned[254]     12 3.0ms
                                           ddr3.ddr3_controller_inst.stage1_next_row[14]     10 3.0ms
                                    ddr3.ddr3_controller_inst.stage2_data_unaligned[168]      8 3.0ms
                                    $techmap443289$abc$431868$lut$aiger431867$50986.A[0]      3 3.0ms
                  $techmap438125$auto$abc_ops_reintegrate.cc:611:reintegrate$433279.A[2]     10 3.0ms
                  $techmap442300$auto$abc_ops_reintegrate.cc:611:reintegrate$432134.A[0]      9 3.0ms
                                    $techmap436579$abc$431868$lut$aiger431867$22961.A[0]      6 3.0ms
                                                ddr3.ddr3_controller_inst.stage2_row[14]     10 3.0ms
        $abc$431868$flatten\ddr3.\ddr3_controller_inst.$2$lookahead\calib_data$13276[255:0]$13631[110]      3 3.0ms
                                                 ddr3.ddr3_controller_inst.stage2_row[5]     11 3.0ms
                  $techmap437265$auto$abc_ops_reintegrate.cc:611:reintegrate$433446.A[3]     10 3.0ms
                  $techmap440388$auto$abc_ops_reintegrate.cc:611:reintegrate$432644.A[0]      9 3.0ms
                                    $techmap436441$abc$431868$lut$aiger431867$21942.A[1]      5 3.0ms
                  $techmap436809$auto$abc_ops_reintegrate.cc:611:reintegrate$433551.A[5]     11 3.0ms
                                                 ddr3.ddr3_controller_inst.stage2_row[3]     11 3.0ms
                                    $techmap436095$abc$431868$lut$aiger431867$21146.A[2]      8 3.0ms
                                            $auto$alumacc.cc:548:replace_alu$43745.Y[29]      3 3.0ms
                                             $abc$431868$auto$rtlil.cc:3386:Mux$44840[2]      4 3.0ms
                  $techmap438141$auto$abc_ops_reintegrate.cc:611:reintegrate$433274.A[4]      2 2.9ms
                                    $techmap443221$abc$431868$lut$aiger431867$20452.A[1]      4 2.9ms
                                                           ddr3.idelay_dqs_cntvaluein[1]      7 2.9ms
                                                                  ddr3.idelay_data_ld[2]     10 2.9ms
                                    $techmap438939$abc$431868$lut$aiger431867$33217.A[1]      4 2.9ms
                                    ddr3.ddr3_controller_inst.stage2_data_unaligned[224]      7 2.9ms
                                     ddr3.ddr3_controller_inst.stage2_data_unaligned[28]      8 2.9ms
        $abc$431868$flatten\ddr3.\ddr3_phy_inst.$logic_and$build/uberddr3/rtl/ddr3_phy.v:1133$12016_Y      8 2.9ms
                  $techmap439394$auto$abc_ops_reintegrate.cc:611:reintegrate$432944.A[0]      9 2.9ms
                                    $techmap436438$abc$431868$lut$aiger431867$21893.A[1]      7 2.9ms
                                    $techmap436453$abc$431868$lut$aiger431867$22092.A[3]      8 2.9ms
                                     ddr3.ddr3_controller_inst.stage2_data_unaligned[56]      8 2.9ms
                                 ddr3.ddr3_controller_inst.read_test_address_counter[11]      5 2.9ms
                                    $techmap436442$abc$431868$lut$aiger431867$21969.A[0]      7 2.9ms
                  $techmap441008$auto$abc_ops_reintegrate.cc:611:reintegrate$432427.A[2]      6 2.9ms
                  $techmap436104$auto$abc_ops_reintegrate.cc:611:reintegrate$433652.A[0]      8 2.9ms
                  $techmap437704$auto$abc_ops_reintegrate.cc:611:reintegrate$433428.A[1]      9 2.9ms
                                                 ddr3.ddr3_controller_inst.stage2_row[1]     11 2.9ms
                                                                                 s_b[13]      2 2.9ms
                  $techmap440406$auto$abc_ops_reintegrate.cc:611:reintegrate$432637.A[3]      6 2.9ms
                                             $abc$431868$auto$rtlil.cc:3386:Mux$44824[6]      4 2.9ms
                                    $techmap443558$abc$431868$lut$aiger431867$39188.A[1]      5 2.9ms
                                                                  ddr3.iserdes_data[246]      2 2.9ms
                  $techmap436027$auto$abc_ops_reintegrate.cc:611:reintegrate$433700.A[1]      7 2.9ms
                                    $techmap436582$abc$431868$lut$aiger431867$22438.A[1]      5 2.9ms
                                                           ddr3.idelay_dqs_cntvaluein[4]      7 2.9ms
                  $techmap441426$auto$abc_ops_reintegrate.cc:611:reintegrate$432337.A[0]      9 2.9ms
                                                                  ddr3.iserdes_data[195]      2 2.9ms
                                    $techmap436438$abc$431868$lut$aiger431867$21893.A[2]      7 2.9ms
                                    $techmap443274$abc$431868$lut$aiger431867$20449.A[3]      5 2.9ms
                                                                    ddr3.iserdes_data[6]      2 2.9ms
                  $techmap441010$auto$abc_ops_reintegrate.cc:611:reintegrate$432426.A[0]      8 2.9ms
                  $techmap440724$auto$abc_ops_reintegrate.cc:611:reintegrate$432527.A[2]      8 2.9ms
                                    $techmap437010$abc$431868$lut$aiger431867$11949.A[1]      3 2.9ms
                                    $techmap436442$abc$431868$lut$aiger431867$21969.A[2]      7 2.9ms
                                    ddr3.ddr3_controller_inst.stage2_data_unaligned[110]      5 2.9ms
                                         $techmap443539$abc$431868$lut$aiger$o15961.A[0]      6 2.9ms
                                    $techmap436459$abc$431868$lut$aiger431867$22142.A[1]      6 2.9ms
                                                                   pattern.test.acks[18]      5 2.9ms
                                         $techmap444374$abc$431868$lut$aiger$o14873.A[2]      1 2.9ms
                                                 ddr3.ddr3_controller_inst.stage2_row[4]     11 2.9ms
                                                                   pattern.test.acks[27]      5 2.9ms
                                     ddr3.ddr3_controller_inst.stage2_data_unaligned[40]      8 2.9ms
                  $techmap439786$auto$abc_ops_reintegrate.cc:611:reintegrate$432843.A[2]      4 2.9ms
                  $techmap440007$auto$abc_ops_reintegrate.cc:611:reintegrate$432777.A[1]      7 2.9ms
                  $techmap441156$auto$abc_ops_reintegrate.cc:611:reintegrate$432392.A[0]      8 2.9ms
                                    ddr3.ddr3_controller_inst.stage2_data_unaligned[221]      6 2.9ms
                                    ddr3.ddr3_controller_inst.stage2_data_unaligned[170]      5 2.9ms
                  $techmap442795$auto$abc_ops_reintegrate.cc:611:reintegrate$431901.A[0]     11 2.8ms
                                    $techmap436455$abc$431868$lut$aiger431867$22120.A[0]      8 2.8ms
                                    $techmap438048$abc$431868$lut$aiger431867$18622.A[3]      3 2.8ms
                                                                    pattern.test.acks[7]      5 2.8ms
                                    ddr3.ddr3_controller_inst.stage2_data_unaligned[107]      6 2.8ms
                                    $techmap436965$abc$431868$lut$aiger431867$11808.A[1]      6 2.8ms
                  $techmap440467$auto$abc_ops_reintegrate.cc:611:reintegrate$432617.A[2]      8 2.8ms
                                             $abc$431868$auto$rtlil.cc:3386:Mux$44824[4]      4 2.8ms
                                    ddr3.ddr3_controller_inst.stage2_data_unaligned[123]      6 2.8ms
                  $techmap440917$auto$abc_ops_reintegrate.cc:611:reintegrate$432459.A[2]      8 2.8ms
                                                ddr3.ddr3_controller_inst.stage2_row[11]     10 2.8ms
                                    ddr3.ddr3_controller_inst.stage2_data_unaligned[122]      5 2.8ms
                                    ddr3.ddr3_controller_inst.stage2_data_unaligned[207]      7 2.8ms
                                          ddr3.ddr3_controller_inst.read_data_store[246]      1 2.8ms
                                                                   pattern.test.acks[30]      5 2.8ms
                  $techmap438246$auto$abc_ops_reintegrate.cc:611:reintegrate$433264.A[2]      9 2.8ms
                                 ddr3.ddr3_controller_inst.read_test_address_counter[21]      5 2.8ms
                  $techmap440956$auto$abc_ops_reintegrate.cc:611:reintegrate$432446.A[0]      8 2.8ms
                                                 ddr3.ddr3_controller_inst.stage2_row[7]     11 2.8ms
                                    ddr3.ddr3_controller_inst.stage2_data_unaligned[246]     12 2.8ms
                                                                         ddr3.toggle_dqs      4 2.8ms
                                    $techmap437252$abc$431868$lut$aiger431867$13508.A[0]      7 2.8ms
                                    $techmap443552$abc$431868$lut$aiger431867$50795.A[0]      3 2.8ms
                  $techmap438006$auto$abc_ops_reintegrate.cc:611:reintegrate$433305.A[2]      7 2.8ms
                                    ddr3.ddr3_controller_inst.stage2_data_unaligned[202]      5 2.8ms
                  $techmap436012$auto$abc_ops_reintegrate.cc:611:reintegrate$433715.A[1]      7 2.8ms
                                                                  ddr3.iserdes_data[142]      2 2.8ms
        $abc$431868$flatten\ddr3.\ddr3_phy_inst.$logic_and$build/uberddr3/rtl/ddr3_phy.v:1131$12011_Y      4 2.8ms
                                    $techmap436977$abc$431868$lut$aiger431867$11844.A[0]      3 2.8ms
                                                 ddr3.ddr3_controller_inst.dqs_store[33]      5 2.8ms
                  $techmap441910$auto$abc_ops_reintegrate.cc:611:reintegrate$432251.A[0]      9 2.8ms
                                    $techmap443272$abc$431868$lut$aiger431867$20404.A[0]      4 2.8ms
                                                 ddr3.ddr3_controller_inst.dqs_store[27]      3 2.8ms
                                         $techmap444418$abc$431868$lut$aiger$o13083.A[2]      4 2.8ms
                  $techmap441242$auto$abc_ops_reintegrate.cc:611:reintegrate$432377.A[2]      7 2.8ms
                  $techmap440467$auto$abc_ops_reintegrate.cc:611:reintegrate$432617.A[3]      7 2.8ms
                                                 ddr3.ddr3_controller_inst.dqs_store[20]      5 2.8ms
                                         $techmap443101$abc$431868$lut$aiger$o10490.A[3]      8 2.8ms
                  $techmap440510$auto$abc_ops_reintegrate.cc:611:reintegrate$432598.A[1]      7 2.8ms
                                                                           wb_rdata[200]      4 2.8ms
                  $techmap442730$auto$abc_ops_reintegrate.cc:611:reintegrate$431933.A[0]      4 2.8ms
                                    $techmap442786$abc$431868$lut$aiger431867$55214.A[0]      3 2.8ms
                                    $techmap443224$abc$431868$lut$aiger431867$29499.A[1]      5 2.8ms
                                    ddr3.ddr3_controller_inst.stage2_data_unaligned[201]      7 2.8ms
                                    $techmap436968$abc$431868$lut$aiger431867$11817.A[0]      5 2.8ms
                           $techmap438275$abc$431868$lut$aiger431867$22501.A[4]$sum$4597     11 2.8ms
                                                                 pattern.test.cycles[14]      2 2.8ms
                                            ddr3.ddr3_controller_inst.read_lane_data[55]      3 2.8ms
                                                                  ddr3.iserdes_data[163]      2 2.8ms
                     $abc$431868$flatten\ddr3.\ddr3_controller_inst.$procmux$19342_Y[26]      3 2.8ms
                  $techmap441369$auto$abc_ops_reintegrate.cc:611:reintegrate$432347.A[0]      9 2.8ms
                  $techmap440664$auto$abc_ops_reintegrate.cc:611:reintegrate$432548.A[0]      9 2.8ms
                  $techmap439570$auto$abc_ops_reintegrate.cc:611:reintegrate$432900.A[0]      8 2.8ms
                  $techmap440812$auto$abc_ops_reintegrate.cc:611:reintegrate$432494.A[2]      7 2.8ms
                  $techmap437322$auto$abc_ops_reintegrate.cc:611:reintegrate$433430.A[2]      8 2.8ms
                  $techmap441956$auto$abc_ops_reintegrate.cc:611:reintegrate$432239.A[0]      9 2.8ms
                                                                  ddr3.iserdes_data[216]      2 2.7ms
                  $techmap436466$auto$abc_ops_reintegrate.cc:611:reintegrate$433572.A[0]      8 2.7ms
                                                                            wb_rdata[21]      4 2.7ms
                                                                            wb_rdata[50]      3 2.7ms
                                    $techmap441497$abc$431868$lut$aiger431867$51100.A[3]      2 2.7ms
                                    ddr3.ddr3_controller_inst.stage2_data_unaligned[147]      6 2.7ms
                                         $techmap444007$abc$431868$lut$aiger$o10580.A[4]      4 2.7ms
                  $techmap437822$auto$abc_ops_reintegrate.cc:611:reintegrate$433412.A[1]      3 2.7ms
                  $techmap437265$auto$abc_ops_reintegrate.cc:611:reintegrate$433446.A[4]     14 2.7ms
                                    $techmap440435$abc$431868$lut$aiger431867$44803.A[1]      3 2.7ms
                  $techmap441008$auto$abc_ops_reintegrate.cc:611:reintegrate$432427.A[0]      6 2.7ms
                                    ddr3.ddr3_controller_inst.stage2_data_unaligned[215]      7 2.7ms
                                    $techmap438491$abc$431868$lut$aiger431867$27012.A[3]     10 2.7ms
                  $techmap441305$auto$abc_ops_reintegrate.cc:611:reintegrate$432362.A[1]      7 2.7ms
                                    $techmap443496$abc$431868$lut$aiger431867$20488.A[1]      3 2.7ms
                                    $techmap436586$abc$431868$lut$aiger431867$23049.A[5]      7 2.7ms
                                    $techmap443497$abc$431868$lut$aiger431867$20527.A[1]      3 2.7ms
                  $techmap436028$auto$abc_ops_reintegrate.cc:611:reintegrate$433699.A[1]      7 2.7ms
                                ddr3.ddr3_controller_inst.write_test_address_counter[18]      4 2.7ms
                                                                   ddr3.iserdes_data[74]      2 2.7ms
                                    $techmap436448$abc$431868$lut$aiger431867$21995.A[0]      6 2.7ms
                                    ddr3.ddr3_controller_inst.calib_data_randomized[114]      7 2.7ms
                                    $techmap436589$abc$431868$lut$aiger431867$23092.A[1]      7 2.7ms
                                    ddr3.ddr3_controller_inst.stage2_data_unaligned[137]      7 2.7ms
                                                 ddr3.ddr3_controller_inst.dqs_store[19]      4 2.7ms
                                                 ddr3.ddr3_controller_inst.stage2_row[0]     11 2.7ms
                  $techmap439985$auto$abc_ops_reintegrate.cc:611:reintegrate$432788.A[2]      8 2.7ms
                                    $techmap439472$abc$431868$lut$aiger431867$29009.A[1]      4 2.7ms
                  $techmap436809$auto$abc_ops_reintegrate.cc:611:reintegrate$433551.A[1]      7 2.7ms
                                                                   ddr3.iserdes_data[67]      2 2.7ms
                  $techmap436844$auto$abc_ops_reintegrate.cc:611:reintegrate$433531.A[3]      3 2.7ms
                                    $techmap436445$abc$431868$lut$aiger431867$21988.A[1]      7 2.7ms
                                                                  ddr3.iserdes_data[213]      2 2.7ms
                  $techmap442438$auto$abc_ops_reintegrate.cc:611:reintegrate$432072.A[0]      9 2.7ms
                  $techmap440854$auto$abc_ops_reintegrate.cc:611:reintegrate$432479.A[0]      9 2.7ms
                                    $techmap436459$abc$431868$lut$aiger431867$22142.A[0]      6 2.7ms
                                    $techmap436452$abc$431868$lut$aiger431867$22077.A[1]      8 2.7ms
                                         $techmap444716$abc$431868$lut$aiger$o14741.A[3]      3 2.6ms
                                               ddr3.ddr3_controller_inst.stage1_data[91]      2 2.6ms
                                                                  ddr3.iserdes_data[183]      2 2.6ms
                                           ddr3.ddr3_controller_inst.stage1_next_row[11]     11 2.6ms
                  $techmap440850$auto$abc_ops_reintegrate.cc:611:reintegrate$432482.A[1]      7 2.6ms
                  $techmap440747$auto$abc_ops_reintegrate.cc:611:reintegrate$432519.A[2]      4 2.6ms
                                                                              line_a[26]      1 2.6ms
                                         $techmap444835$abc$431868$lut$aiger$o13031.A[2]      4 2.6ms
                                ddr3.ddr3_controller_inst.write_test_address_counter[10]      4 2.6ms
                                    $techmap437119$abc$431868$lut$aiger431867$12369.A[0]      6 2.6ms
                  $techmap442591$auto$abc_ops_reintegrate.cc:611:reintegrate$432004.A[0]      9 2.6ms
                                         ddr3.ddr3_controller_inst.unaligned_data[1][23]      2 2.6ms
                                     ddr3.ddr3_controller_inst.stage2_data_unaligned[46]      5 2.6ms
                                    ddr3.ddr3_controller_inst.stage2_data_unaligned[185]      7 2.6ms
                                   ddr3.ddr3_controller_inst.stage2_data_unaligned_d[71]      1 2.6ms
                                    $techmap439288$abc$431868$lut$aiger431867$36598.A[2]      4 2.6ms
                  $techmap441023$auto$abc_ops_reintegrate.cc:611:reintegrate$432422.A[2]     11 2.6ms
                  $techmap440406$auto$abc_ops_reintegrate.cc:611:reintegrate$432637.A[2]      6 2.6ms
                  $techmap438278$auto$abc_ops_reintegrate.cc:611:reintegrate$433247.A[2]     10 2.6ms
                  $techmap436600$auto$abc_ops_reintegrate.cc:611:reintegrate$433563.A[1]      9 2.6ms
                  $techmap441013$auto$abc_ops_reintegrate.cc:611:reintegrate$432423.A[0]      9 2.6ms
                                                 ddr3.ddr3_controller_inst.dqs_store[11]      4 2.6ms
                                                                           wb_rdata[158]      3 2.6ms
                                    $techmap438505$abc$431868$lut$aiger431867$27042.A[2]      6 2.6ms
                                    $techmap436438$abc$431868$lut$aiger431867$21893.A[3]      7 2.6ms
                                                                            wb_rdata[64]      3 2.6ms
                                    ddr3.ddr3_controller_inst.stage2_data_unaligned[124]      6 2.6ms
                                $abc$431868$auto$simple.cc:193:make_patterns_logic$45860     10 2.6ms
                  $techmap440355$auto$abc_ops_reintegrate.cc:611:reintegrate$432661.A[0]      9 2.6ms
                                           ddr3.ddr3_controller_inst.stage1_next_row[12]     10 2.6ms
                                                  ddr3.ddr3_controller_inst.dqs_store[9]      3 2.6ms
                                             $auto$alumacc.cc:548:replace_alu$43745.Y[1]      3 2.6ms
                                                                  pattern.test.daddr[17]      1 2.6ms
                                                                  ddr3.iserdes_data[127]      2 2.6ms
                  $techmap442324$auto$abc_ops_reintegrate.cc:611:reintegrate$432123.A[0]      9 2.6ms
                                                                           wb_rdata[122]      4 2.6ms
                                                                  ddr3.iserdes_data[243]      2 2.6ms
                                    $techmap440427$abc$431868$lut$aiger431867$44715.A[1]      3 2.6ms
                                    ddr3.ddr3_controller_inst.stage2_data_unaligned[101]      5 2.6ms
                  $techmap436029$auto$abc_ops_reintegrate.cc:611:reintegrate$433698.A[1]      7 2.6ms
                                    ddr3.ddr3_controller_inst.stage2_data_unaligned[172]      6 2.6ms
                                    ddr3.ddr3_controller_inst.stage2_data_unaligned[227]      6 2.6ms
                                         ddr3.ddr3_controller_inst.o_wb_ack_read_q[0][0]      5 2.6ms
                  $techmap439376$auto$abc_ops_reintegrate.cc:611:reintegrate$432953.A[0]      8 2.5ms
                                    ddr3.ddr3_controller_inst.stage2_data_unaligned[208]      8 2.5ms
                                                                  ddr3.iserdes_data[136]      2 2.5ms
                                                 ddr3.ddr3_controller_inst.dqs_store[15]      5 2.5ms
                                                                  ddr3.iserdes_data[226]      2 2.5ms
                                              ddr3.ddr3_controller_inst.stage1_data[183]      2 2.5ms
                                    $auto$alumacc.cc:548:replace_alu$43548.Y[1]$sum$4621     10 2.5ms
                                                                   pattern.test.acks[13]      5 2.5ms
                                    ddr3.ddr3_controller_inst.stage2_data_unaligned[229]      8 2.5ms
                                                                           wb_rdata[206]      4 2.5ms
                                                                            wb_rdata[54]      4 2.5ms
                                                                  ddr3.iserdes_data[230]      2 2.5ms
                                                                              line_a[24]      2 2.5ms
                                    $techmap443250$abc$431868$lut$aiger431867$29355.A[1]      5 2.5ms
                                         $techmap445368$abc$431868$lut$aiger$o12376.A[3]      1 2.5ms
                                         $techmap443441$abc$431868$lut$aiger$o16076.A[4]      4 2.5ms
                                    ddr3.ddr3_controller_inst.stage2_data_unaligned[232]      7 2.5ms
                                                                           wb_rdata[133]      4 2.5ms
                                                                               line_b[8]      1 2.5ms
                  $techmap436007$auto$abc_ops_reintegrate.cc:611:reintegrate$433720.A[1]      3 2.5ms
                  $techmap440507$auto$abc_ops_reintegrate.cc:611:reintegrate$432600.A[0]      7 2.5ms
                  $techmap437977$auto$abc_ops_reintegrate.cc:611:reintegrate$433308.A[0]      2 2.5ms
                                                                   ddr3.iserdes_data[91]      2 2.5ms
                                      ddr3.ddr3_controller_inst.stage2_data_unaligned[1]      8 2.5ms
                                    $techmap443393$abc$431868$lut$aiger431867$21370.A[3]      4 2.5ms
                  $techmap440695$auto$abc_ops_reintegrate.cc:611:reintegrate$432536.A[0]      6 2.5ms
                                         $techmap445671$abc$431868$lut$aiger$o12769.A[4]      4 2.5ms
                                                                           wb_rdata[187]      3 2.5ms
                  $techmap441721$auto$abc_ops_reintegrate.cc:611:reintegrate$432293.A[0]      9 2.5ms
                  $techmap442044$auto$abc_ops_reintegrate.cc:611:reintegrate$432212.A[0]      9 2.5ms
                                ddr3.ddr3_controller_inst.write_test_address_counter[24]      5 2.5ms
                  $techmap441433$auto$abc_ops_reintegrate.cc:611:reintegrate$432335.A[1]      6 2.5ms
                                                                  pattern.test.einfo[10]      1 2.5ms
                                         $techmap444020$abc$431868$lut$aiger$o13144.A[0]      1 2.5ms
                  $techmap438670$auto$abc_ops_reintegrate.cc:611:reintegrate$433145.A[0]      9 2.5ms
                  $techmap436021$auto$abc_ops_reintegrate.cc:611:reintegrate$433706.A[0]      3 2.5ms
                                    $techmap443242$abc$431868$lut$aiger431867$44310.A[4]      2 2.5ms
                                            ddr3.ddr3_controller_inst.stage1_next_row[0]     11 2.5ms
                  $techmap436004$auto$abc_ops_reintegrate.cc:611:reintegrate$433723.A[1]      3 2.5ms
                  $techmap438278$auto$abc_ops_reintegrate.cc:611:reintegrate$433247.A[1]      9 2.5ms
                                                                   ddr3.iserdes_data[94]      2 2.5ms
                                            ddr3.ddr3_controller_inst.dqs_start_index[4]      7 2.5ms
                                                ddr3.ddr3_controller_inst.stage2_row[12]     10 2.5ms
                                           ddr3.ddr3_controller_inst.stage1_next_row[10]     10 2.5ms
                                    $techmap436451$abc$431868$lut$aiger431867$22038.A[0]      7 2.5ms
                                         $techmap444474$abc$431868$lut$aiger$o13830.A[4]      4 2.5ms
                  $techmap438915$auto$abc_ops_reintegrate.cc:611:reintegrate$433087.A[0]      9 2.5ms
                  $techmap436185$auto$abc_ops_reintegrate.cc:611:reintegrate$433649.A[2]      3 2.5ms
                                     ddr3.ddr3_controller_inst.stage2_data_unaligned[23]      7 2.5ms
                                    $techmap441745$abc$431868$lut$aiger431867$51544.A[2]      3 2.5ms
                                                                   ddr3.iserdes_data[98]      2 2.5ms
                                     $abc$431868$auto$simple.cc:234:combine_resets$41214      1 2.5ms
                                    $techmap443050$abc$431868$lut$not$aiger431867$8230.A      3 2.5ms
                                    $techmap442516$abc$431868$lut$aiger431867$53724.A[3]      3 2.5ms
                                    $techmap438843$abc$431868$lut$aiger431867$32645.A[2]      4 2.5ms
                                    ddr3.ddr3_controller_inst.stage2_data_unaligned[247]     10 2.5ms
                                                                            wb_rdata[22]      3 2.5ms
                                                                  ddr3.iserdes_data[221]      2 2.5ms
                                                                              line_b[34]      2 2.5ms
                  $techmap442415$auto$abc_ops_reintegrate.cc:611:reintegrate$432083.A[0]      9 2.5ms
                                    $techmap436449$abc$431868$lut$aiger431867$22022.A[0]      8 2.5ms
                                    $techmap436439$abc$431868$lut$aiger431867$21908.A[2]      7 2.4ms
                                    $techmap445951$abc$431868$lut$aiger431867$38623.A[1]      4 2.4ms
                                                                    pattern.test.acks[4]      5 2.4ms
                                    $techmap443264$abc$431868$lut$aiger431867$32954.A[1]      3 2.4ms
                  $techmap436823$auto$abc_ops_reintegrate.cc:611:reintegrate$433548.A[3]      2 2.4ms
                  $techmap436843$auto$abc_ops_reintegrate.cc:611:reintegrate$433532.A[1]      3 2.4ms
                  $techmap440367$auto$abc_ops_reintegrate.cc:611:reintegrate$432658.A[0]      6 2.4ms
                  $techmap440197$auto$abc_ops_reintegrate.cc:611:reintegrate$432714.A[0]      8 2.4ms
                                             $abc$431868$auto$rtlil.cc:3386:Mux$44840[0]      4 2.4ms
                                                                  ddr3.iserdes_data[180]      2 2.4ms
                                                                  ddr3.iserdes_data[178]      2 2.4ms
                                                                  ddr3.iserdes_data[198]      2 2.4ms
                                ddr3.ddr3_controller_inst.write_test_address_counter[13]      4 2.4ms
                  $techmap436832$auto$abc_ops_reintegrate.cc:611:reintegrate$433543.A[1]      4 2.4ms
                  $techmap442194$auto$abc_ops_reintegrate.cc:611:reintegrate$432170.A[0]      9 2.4ms
                                                                  pattern.test.daddr[25]      1 2.4ms
                  $techmap436844$auto$abc_ops_reintegrate.cc:611:reintegrate$433531.A[0]      3 2.4ms
                                    $techmap443291$abc$431868$lut$aiger431867$20308.A[0]      5 2.4ms
                  $techmap439464$auto$abc_ops_reintegrate.cc:611:reintegrate$432919.A[0]      9 2.4ms
                                     ddr3.ddr3_controller_inst.stage2_data_unaligned[69]      5 2.4ms
                                                                  pattern.test.cycles[0]      2 2.4ms
                  $techmap440007$auto$abc_ops_reintegrate.cc:611:reintegrate$432777.A[2]      8 2.4ms
                                                                            wb_rdata[62]      3 2.4ms
                                     $abc$431868$auto$simple.cc:234:combine_resets$40343      1 2.4ms
                                    $techmap438475$abc$431868$lut$aiger431867$26987.A[1]      7 2.4ms
                  $techmap440595$auto$abc_ops_reintegrate.cc:611:reintegrate$432573.A[0]      9 2.4ms
                                     ddr3.ddr3_controller_inst.stage2_data_unaligned[79]      6 2.4ms
                                    $techmap437116$abc$431868$lut$aiger431867$12358.A[2]      3 2.4ms
                                    $techmap442975$abc$431868$lut$not$aiger431867$7305.A      4 2.4ms
                  $techmap437265$auto$abc_ops_reintegrate.cc:611:reintegrate$433446.A[2]      8 2.4ms
                  $techmap442848$auto$abc_ops_reintegrate.cc:611:reintegrate$431876.A[3]      4 2.4ms
                                                                               line_b[2]      2 2.4ms
                                    $techmap439042$abc$431868$lut$aiger431867$23598.A[0]      6 2.4ms
                                                                  ddr3.idelay_data_ld[3]     10 2.4ms
                                    $techmap436587$abc$431868$lut$aiger431867$23064.A[1]      7 2.4ms
                  $techmap442129$auto$abc_ops_reintegrate.cc:611:reintegrate$432188.A[0]      9 2.4ms
                                    $techmap443386$abc$431868$lut$aiger431867$21358.A[2]      4 2.4ms
                                                                           wb_rdata[159]      3 2.4ms
                                    $techmap436598$abc$431868$lut$aiger431867$23233.A[1]      7 2.4ms
                                    $techmap438473$abc$431868$lut$aiger431867$16547.A[1]      9 2.4ms
                                    $techmap436460$abc$431868$lut$aiger431867$22169.A[0]      8 2.4ms
                                    $techmap436452$abc$431868$lut$aiger431867$22077.A[3]      8 2.4ms
                                    $techmap437001$abc$431868$lut$aiger431867$11922.A[0]      4 2.4ms
                  $techmap442468$auto$abc_ops_reintegrate.cc:611:reintegrate$432059.A[4]      3 2.4ms
                                    $techmap438465$abc$431868$lut$aiger431867$16544.A[1]     13 2.4ms
                  $techmap441317$auto$abc_ops_reintegrate.cc:611:reintegrate$432357.A[0]      8 2.4ms
                                            $auto$alumacc.cc:548:replace_alu$43745.Y[21]      3 2.4ms
                                     ddr3.ddr3_controller_inst.stage2_data_unaligned[93]      5 2.4ms
                  $techmap440007$auto$abc_ops_reintegrate.cc:611:reintegrate$432777.A[0]      8 2.4ms
                                     ddr3.ddr3_controller_inst.stage2_data_unaligned[89]      7 2.4ms
                  $techmap442419$auto$abc_ops_reintegrate.cc:611:reintegrate$432081.A[4]      3 2.4ms
                                    $techmap440832$abc$431868$lut$aiger431867$44507.A[0]      2 2.4ms
                  $techmap442695$auto$abc_ops_reintegrate.cc:611:reintegrate$431953.A[0]      9 2.4ms
                                         $techmap444615$abc$431868$lut$aiger$o13782.A[1]      1 2.4ms
                                    $techmap440403$abc$431868$lut$aiger431867$44596.A[2]      2 2.4ms
                                    ddr3.ddr3_controller_inst.stage2_data_unaligned[198]      6 2.4ms
                                                                  pattern.test.einfo[22]      1 2.4ms
                                    ddr3.ddr3_controller_inst.stage2_data_unaligned[250]      7 2.4ms
                                $abc$431868$auto$simple.cc:193:make_patterns_logic$45879      7 2.4ms
                                             $abc$431868$auto$rtlil.cc:3386:Mux$44840[6]      4 2.4ms
                                     ddr3.ddr3_controller_inst.stage2_data_unaligned[57]      7 2.4ms
                  $techmap440320$auto$abc_ops_reintegrate.cc:611:reintegrate$432670.A[2]      8 2.4ms
                                                                 pattern.test.cycles[13]      2 2.4ms
                  $techmap437963$auto$abc_ops_reintegrate.cc:611:reintegrate$433315.A[3]      8 2.4ms
                                    $techmap438501$abc$431868$lut$aiger431867$27034.A[1]     11 2.4ms
                  $techmap440467$auto$abc_ops_reintegrate.cc:611:reintegrate$432617.A[0]      8 2.4ms
                                                                  pattern.test.cycles[5]      2 2.4ms
                  $techmap442858$auto$abc_ops_reintegrate.cc:611:reintegrate$431870.A[3]      4 2.4ms
                                         $techmap444427$abc$431868$lut$aiger$o14849.A[4]      1 2.4ms
                  $techmap439965$auto$abc_ops_reintegrate.cc:611:reintegrate$432795.A[5]      1 2.3ms
                                            $auto$alumacc.cc:548:replace_alu$43745.Y[19]      3 2.3ms
                                     ddr3.ddr3_controller_inst.stage2_data_unaligned[53]      5 2.3ms
                                         $techmap444107$abc$431868$lut$aiger$o13933.A[3]      4 2.3ms
                                                                           wb_rdata[255]      4 2.3ms
                  $techmap436043$auto$abc_ops_reintegrate.cc:611:reintegrate$433684.A[1]      6 2.3ms
                                             $abc$431868$auto$rtlil.cc:3386:Mux$44856[1]      4 2.3ms
                                     ddr3.ddr3_controller_inst.stage2_data_unaligned[12]      8 2.3ms
                                                                            wb_rdata[11]      4 2.3ms
                                    $techmap436453$abc$431868$lut$aiger431867$22092.A[2]      8 2.3ms
                                $abc$431868$auto$simple.cc:210:make_patterns_logic$40439      4 2.3ms
                                                                            wb_rdata[14]      4 2.3ms
                                                                   report_reset.button_n      9 2.3ms
                  $techmap440205$auto$abc_ops_reintegrate.cc:611:reintegrate$432711.A[0]      8 2.3ms
                                                                  ddr3.iserdes_data[231]      2 2.3ms
                                    $techmap436197$abc$431868$lut$aiger431867$30776.A[0]      4 2.3ms
                  $techmap440299$auto$abc_ops_reintegrate.cc:611:reintegrate$432680.A[1]      2 2.3ms
                  $techmap436032$auto$abc_ops_reintegrate.cc:611:reintegrate$433695.A[1]      7 2.3ms
                                     ddr3.ddr3_controller_inst.stage2_data_unaligned[88]      8 2.3ms
                  $techmap436831$auto$abc_ops_reintegrate.cc:611:reintegrate$433544.A[1]      4 2.3ms
                  $techmap436033$auto$abc_ops_reintegrate.cc:611:reintegrate$433694.A[1]      7 2.3ms
                                            ddr3.ddr3_controller_inst.read_lane_data[39]      4 2.3ms
                                    $techmap436594$abc$431868$lut$aiger431867$23141.A[2]      7 2.3ms
                                    $techmap436461$abc$431868$lut$aiger431867$22208.A[3]      7 2.3ms
                  $techmap436017$auto$abc_ops_reintegrate.cc:611:reintegrate$433710.A[1]      7 2.3ms
                                    $techmap443249$abc$431868$lut$aiger431867$29328.A[1]      4 2.3ms
                                                 ddr3.ddr3_controller_inst.stage2_row[2]     11 2.3ms
                                         $techmap443917$abc$431868$lut$aiger$o13984.A[1]      1 2.3ms
                                    $techmap439350$abc$431868$lut$aiger431867$37018.A[2]      8 2.3ms
                  $techmap436218$auto$abc_ops_reintegrate.cc:611:reintegrate$433637.A[5]      2 2.3ms
                                     ddr3.ddr3_controller_inst.stage2_data_unaligned[38]      5 2.3ms
                                                                            wb_rdata[53]      3 2.3ms
                                    $techmap436728$abc$431868$lut$aiger431867$22365.A[1]      1 2.3ms
                                                                   ddr3.iserdes_data[37]      2 2.3ms
                                    ddr3.ddr3_controller_inst.stage2_data_unaligned[223]      7 2.3ms
                                     ddr3.ddr3_controller_inst.stage2_data_unaligned[24]      6 2.3ms
                                    $techmap437096$abc$431868$lut$aiger431867$12283.A[4]      2 2.3ms
                  $techmap436823$auto$abc_ops_reintegrate.cc:611:reintegrate$433548.A[0]      9 2.3ms
                                                                   ddr3.iserdes_data[44]      2 2.3ms
                                    $techmap437122$abc$431868$lut$aiger431867$12387.A[2]      7 2.3ms
Info: Router2 time 14.50s
Info: Routing $PACKER_VCC_NET connections...
Info:     $PACKER_VCC_NET: 1884/1884 sinks bridged (0 holdouts; max BFS 31)
Info: Routing $PACKER_GND_NET connections...
Info:     $PACKER_GND_NET HOLDOUT: $auto$alumacc.cc:548:replace_alu$43548.genblk1.slice[0].genblk1.carry4.DI2 (bel SLICE_X138Y154/CARRY4, wire SITEWIRE/SLICE_X138Y154/CCY0_OUT)
Info:     $PACKER_GND_NET HOLDOUT: $auto$alumacc.cc:548:replace_alu$43548.genblk1.slice[0].genblk1.carry4.DI3 (bel SLICE_X138Y154/CARRY4, wire SITEWIRE/SLICE_X138Y154/DCY0_OUT)
Info:     $PACKER_GND_NET HOLDOUT: $auto$alumacc.cc:548:replace_alu$43662.genblk1.slice[0].genblk1.carry4.DI1 (bel SLICE_X118Y127/CARRY4, wire SITEWIRE/SLICE_X118Y127/BCY0_OUT)
Info:     $PACKER_GND_NET HOLDOUT: $auto$alumacc.cc:548:replace_alu$43662.genblk1.slice[0].genblk1.carry4.DI3 (bel SLICE_X118Y127/CARRY4, wire SITEWIRE/SLICE_X118Y127/DCY0_OUT)
Info:     $PACKER_GND_NET: 1483/1487 sinks bridged (4 holdouts; max BFS 6698)
Info:     $auto$alumacc.cc:548:replace_alu$43548.genblk1.slice[0].genblk1.carry4.DI2 (bel SLICE_X138Y154/CARRY4): CARRY4 DI with S=1 never selected, left unrouted
Info:     $auto$alumacc.cc:548:replace_alu$43548.genblk1.slice[0].genblk1.carry4.DI3 (bel SLICE_X138Y154/CARRY4): CARRY4 DI with S=1 never selected, left unrouted
Info:     $auto$alumacc.cc:548:replace_alu$43662.genblk1.slice[0].genblk1.carry4.DI1 (bel SLICE_X118Y127/CARRY4): CARRY4 DI with S=1 never selected, left unrouted
Info:     $auto$alumacc.cc:548:replace_alu$43662.genblk1.slice[0].genblk1.carry4.DI3 (bel SLICE_X118Y127/CARRY4): CARRY4 DI with S=1 never selected, left unrouted
Info: Constant holdouts: 0 local constant LUT(s) added, 0 re-route pass(es), 4 don't-care CARRY4 DI pin(s) left unrouted
Info: Running post-routing legalisation...
Info:     BUFHCE pass-through CE: 8 tied to VCC, 0 already driven, 0 could not be reached

Info: Critical path report for clock 'clk_ctrl' (posedge -> posedge):
Info: curr total
Info:  0.1  0.1  Source $auto$ff.cc:337:slice$57436.Q
Info:  1.0  1.1    Net ddr3.ddr3_controller_inst.stage2_do_wr_or_rd budget 0.000000 ns (201,126) -> (201,139)
Info:                Sink $abc$431868$lut$aiger431867$13517.A1
Info:  0.1  1.3  Source $abc$431868$lut$aiger431867$13517.O6
Info:  1.3  2.6    Net $techmap437258$abc$431868$lut$aiger$o9993.A[0] budget 0.000000 ns (201,139) -> (198,126)
Info:                Sink $abc$431868$lut$aiger431867$13549.A1
Info:  0.1  2.7  Source $abc$431868$lut$aiger431867$13549.O6
Info:  0.2  2.9    Net $techmap437826$abc$431868$lut$aiger431867$13726.A[1] budget 0.000000 ns (198,126) -> (198,126)
Info:                Sink $abc$431868$lut$aiger431867$13726.A4
Info:  0.1  3.0  Source $abc$431868$lut$aiger431867$13726.O6
Info:  1.6  4.6    Net $techmap437827$auto$abc_ops_reintegrate.cc:611:reintegrate$433410.A[1] budget 0.000000 ns (198,126) -> (210,117)
Info:                Sink $auto$abc_ops_reintegrate.cc:611:reintegrate$433410.A3
Info:  0.1  4.7  Source $auto$abc_ops_reintegrate.cc:611:reintegrate$433410.O6
Info:  1.7  6.5    Net ddr3.ddr3_controller_inst.stage2_update budget 0.000000 ns (210,117) -> (206,142)
Info:                Sink $abc$431868$lut$aiger$o10546.A4
Info:  0.1  6.6  Source $abc$431868$lut$aiger$o10546.O6
Info:  1.6  8.2    Net ddr3.ddr3_controller_inst.stage2_bank_d[1] budget 0.000000 ns (206,142) -> (203,119)
Info:                Sink $abc$431868$lut$aiger431867$16939.A4
Info:  0.1  8.4  Source $abc$431868$lut$aiger431867$16939.O6
Info:  0.8  9.1    Net $techmap444240$abc$431868$lut$aiger431867$16996.A[4] budget 0.000000 ns (203,119) -> (206,117)
Info:                Sink $abc$431868$lut$aiger431867$16996.A2
Info:  0.1  9.2  Source $abc$431868$lut$aiger431867$16996.O6
Info:  0.8 10.0    Net $techmap444249$abc$431868$lut$aiger431867$17081.A[5] budget 0.000000 ns (206,117) -> (207,123)
Info:                Sink $abc$431868$lut$aiger431867$17081.A6
Info:  0.1 10.1  Source $abc$431868$lut$aiger431867$17081.O6
Info:  0.7 10.9    Net $techmap444284$abc$431868$lut$aiger431867$17488.A[5] budget 0.000000 ns (207,123) -> (206,126)
Info:                Sink $abc$431868$lut$aiger431867$17488.A6
Info:  0.1 11.0  Source $abc$431868$lut$aiger431867$17488.O6
Info:  0.6 11.5    Net $techmap444285$abc$431868$lut$aiger$o8411.A[5] budget 0.000000 ns (206,126) -> (201,126)
Info:                Sink $abc$431868$lut$aiger$o8411.A6
Info:  0.1 11.7  Source $abc$431868$lut$aiger$o8411.O6
Info:  0.0 11.7    Net ddr3.ddr3_controller_inst.stage2_do_pre_d budget -0.042000 ns (201,126) -> (201,126)
Info:                Sink $auto$ff.cc:337:slice$54956.D
Info:  0.1 11.8  Setup $auto$ff.cc:337:slice$54956.D
Info: 1.4 ns logic, 10.4 ns routing

Info: Max frequency for clock 'clk_ctrl': 84.77 MHz (PASS at 83.33 MHz)

Info: Slack histogram:
Info:  legend: * represents 26 endpoint(s)
Info:          + represents [1,26) endpoint(s)
Info: [   203,    776) |+
Info: [   776,   1349) |+
Info: [  1349,   1922) |*+
Info: [  1922,   2495) |*****+
Info: [  2495,   3068) |*********+
Info: [  3068,   3641) |***************+
Info: [  3641,   4214) |**********************+
Info: [  4214,   4787) |************************+
Info: [  4787,   5360) |***********************+
Info: [  5360,   5933) |**************************+
Info: [  5933,   6506) |***********************+
Info: [  6506,   7079) |*****************************************+
Info: [  7079,   7652) |******************************************+
Info: [  7652,   8225) |****************************************+
Info: [  8225,   8798) |******************************************+
Info: [  8798,   9371) |***************************************************+
Info: [  9371,   9944) |************************************************************ 
Info: [  9944,  10517) |***********************+
Info: [ 10517,  11090) |*********************+
Info: [ 11090,  11663) |******************+

