Info: Propagating clock constraints...
Info:     derived 200.0 MHz for net 'clk200_in' (through IBUFDS 'clk200_ibufds')
Info:     PLLE2_ADV 'pll': input 200.0 MHz, VCO 1200.0 MHz
Info:     derived 60.0 MHz for net 'ctrl_raw' (through PLLE2_ADV 'pll')
Info:     derived 240.0 MHz for net 'ddr_raw' (through PLLE2_ADV 'pll')
Info:     derived 200.0 MHz for net 'ref_raw' (through PLLE2_ADV 'pll')
Info:     derived 240.0 MHz for net 'ddr90_raw' (through PLLE2_ADV 'pll')
Info:     derived 1200.5 MHz for net 'pll_fb' (through PLLE2_ADV 'pll')
Info:     PLLE2_ADV 'pll': input 200.0 MHz, VCO 1200.0 MHz
Info: Packing constants..
Info: Inserting IO buffers..
Info:     IO port 'clk200_n' driven by IBUFDS 'clk200_ibufds'
Info:     IO port 'clk200_p' driven by IBUFDS 'clk200_ibufds'
Info:     IO port 'ddr3_cas_n' driven by OBUF '$iopadmap$tms_ddr3_loader_ax7203.ddr3_cas_n'
Info:     IO port 'ddr3_ck_n' driven by OBUFDS 'ddr3.ddr3_phy_inst.genblk4.genblk1.OBUFDS_inst'
Info:     IO port 'ddr3_ck_p' driven by OBUFDS 'ddr3.ddr3_phy_inst.genblk4.genblk1.OBUFDS_inst'
Info:     IO port 'ddr3_cke' driven by OBUF '$iopadmap$tms_ddr3_loader_ax7203.ddr3_cke'
Info:     IO port 'ddr3_cs_n' driven by OBUF '$iopadmap$tms_ddr3_loader_ax7203.ddr3_cs_n'
Info:     IO port 'ddr3_odt' driven by OBUF '$iopadmap$tms_ddr3_loader_ax7203.ddr3_odt'
Info:     IO port 'ddr3_ras_n' driven by OBUF '$iopadmap$tms_ddr3_loader_ax7203.ddr3_ras_n'
Info:     IO port 'ddr3_reset_n' driven by OBUF '$iopadmap$tms_ddr3_loader_ax7203.ddr3_reset_n'
Info:     IO port 'ddr3_we_n' driven by OBUF '$iopadmap$tms_ddr3_loader_ax7203.ddr3_we_n'
Info:     IO port 'rst_n' driven by IBUF '$iopadmap$tms_ddr3_loader_ax7203.rst_n'
Info:     IO port 'uart_rx' driven by IBUF '$iopadmap$tms_ddr3_loader_ax7203.uart_rx'
Info:     IO port 'uart_tx' driven by OBUF '$iopadmap$tms_ddr3_loader_ax7203.uart_tx'
Info:     IO port 'ddr3_addr[0]' driven by OBUF '$iopadmap$tms_ddr3_loader_ax7203.ddr3_addr'
Info:     IO port 'ddr3_addr[1]' driven by OBUF '$iopadmap$tms_ddr3_loader_ax7203.ddr3_addr_1'
Info:     IO port 'ddr3_addr[10]' driven by OBUF '$iopadmap$tms_ddr3_loader_ax7203.ddr3_addr_10'
Info:     IO port 'ddr3_addr[11]' driven by OBUF '$iopadmap$tms_ddr3_loader_ax7203.ddr3_addr_11'
Info:     IO port 'ddr3_addr[12]' driven by OBUF '$iopadmap$tms_ddr3_loader_ax7203.ddr3_addr_12'
Info:     IO port 'ddr3_addr[13]' driven by OBUF '$iopadmap$tms_ddr3_loader_ax7203.ddr3_addr_13'
Info:     IO port 'ddr3_addr[14]' driven by OBUF '$iopadmap$tms_ddr3_loader_ax7203.ddr3_addr_14'
Info:     IO port 'ddr3_addr[2]' driven by OBUF '$iopadmap$tms_ddr3_loader_ax7203.ddr3_addr_2'
Info:     IO port 'ddr3_addr[3]' driven by OBUF '$iopadmap$tms_ddr3_loader_ax7203.ddr3_addr_3'
Info:     IO port 'ddr3_addr[4]' driven by OBUF '$iopadmap$tms_ddr3_loader_ax7203.ddr3_addr_4'
Info:     IO port 'ddr3_addr[5]' driven by OBUF '$iopadmap$tms_ddr3_loader_ax7203.ddr3_addr_5'
Info:     IO port 'ddr3_addr[6]' driven by OBUF '$iopadmap$tms_ddr3_loader_ax7203.ddr3_addr_6'
Info:     IO port 'ddr3_addr[7]' driven by OBUF '$iopadmap$tms_ddr3_loader_ax7203.ddr3_addr_7'
Info:     IO port 'ddr3_addr[8]' driven by OBUF '$iopadmap$tms_ddr3_loader_ax7203.ddr3_addr_8'
Info:     IO port 'ddr3_addr[9]' driven by OBUF '$iopadmap$tms_ddr3_loader_ax7203.ddr3_addr_9'
Info:     IO port 'ddr3_ba[0]' driven by OBUF '$iopadmap$tms_ddr3_loader_ax7203.ddr3_ba'
Info:     IO port 'ddr3_ba[1]' driven by OBUF '$iopadmap$tms_ddr3_loader_ax7203.ddr3_ba_1'
Info:     IO port 'ddr3_ba[2]' driven by OBUF '$iopadmap$tms_ddr3_loader_ax7203.ddr3_ba_2'
Info:     IO port 'led[0]' driven by OBUF '$iopadmap$tms_ddr3_loader_ax7203.led'
Info:     IO port 'led[1]' driven by OBUF '$iopadmap$tms_ddr3_loader_ax7203.led_1'
Info:     IO port 'led[2]' driven by OBUF '$iopadmap$tms_ddr3_loader_ax7203.led_2'
Info:     IO port 'led[3]' driven by OBUF '$iopadmap$tms_ddr3_loader_ax7203.led_3'
Info:     IO port 'ddr3_dq[0]' driven by IOBUF 'ddr3.ddr3_phy_inst.genblk5[0].genblk1.IOBUF_data'
Info:     IO port 'ddr3_dq[10]' driven by IOBUF 'ddr3.ddr3_phy_inst.genblk5[10].genblk1.IOBUF_data'
Info:     IO port 'ddr3_dq[11]' driven by IOBUF 'ddr3.ddr3_phy_inst.genblk5[11].genblk1.IOBUF_data'
Info:     IO port 'ddr3_dq[12]' driven by IOBUF 'ddr3.ddr3_phy_inst.genblk5[12].genblk1.IOBUF_data'
Info:     IO port 'ddr3_dq[13]' driven by IOBUF 'ddr3.ddr3_phy_inst.genblk5[13].genblk1.IOBUF_data'
Info:     IO port 'ddr3_dq[14]' driven by IOBUF 'ddr3.ddr3_phy_inst.genblk5[14].genblk1.IOBUF_data'
Info:     IO port 'ddr3_dq[15]' driven by IOBUF 'ddr3.ddr3_phy_inst.genblk5[15].genblk1.IOBUF_data'
Info:     IO port 'ddr3_dq[1]' driven by IOBUF 'ddr3.ddr3_phy_inst.genblk5[1].genblk1.IOBUF_data'
Info:     IO port 'ddr3_dq[2]' driven by IOBUF 'ddr3.ddr3_phy_inst.genblk5[2].genblk1.IOBUF_data'
Info:     IO port 'ddr3_dq[3]' driven by IOBUF 'ddr3.ddr3_phy_inst.genblk5[3].genblk1.IOBUF_data'
Info:     IO port 'ddr3_dq[4]' driven by IOBUF 'ddr3.ddr3_phy_inst.genblk5[4].genblk1.IOBUF_data'
Info:     IO port 'ddr3_dq[5]' driven by IOBUF 'ddr3.ddr3_phy_inst.genblk5[5].genblk1.IOBUF_data'
Info:     IO port 'ddr3_dq[6]' driven by IOBUF 'ddr3.ddr3_phy_inst.genblk5[6].genblk1.IOBUF_data'
Info:     IO port 'ddr3_dq[7]' driven by IOBUF 'ddr3.ddr3_phy_inst.genblk5[7].genblk1.IOBUF_data'
Info:     IO port 'ddr3_dq[8]' driven by IOBUF 'ddr3.ddr3_phy_inst.genblk5[8].genblk1.IOBUF_data'
Info:     IO port 'ddr3_dq[9]' driven by IOBUF 'ddr3.ddr3_phy_inst.genblk5[9].genblk1.IOBUF_data'
Info:     IO port 'ddr3_dm[0]' driven by OBUF 'ddr3.ddr3_phy_inst.genblk6[0].genblk1.OBUF_dm'
Info:     IO port 'ddr3_dm[1]' driven by OBUF 'ddr3.ddr3_phy_inst.genblk6[1].genblk1.OBUF_dm'
Info:     IO port 'ddr3_dqs_p[0]' driven by IOBUFDS 'ddr3.ddr3_phy_inst.genblk7[0].genblk1.IOBUFDS_dqs'
Info:     IO port 'ddr3_dqs_n[0]' driven by IOBUFDS 'ddr3.ddr3_phy_inst.genblk7[0].genblk1.IOBUFDS_dqs'
Info:     IO port 'ddr3_dqs_p[1]' driven by IOBUFDS 'ddr3.ddr3_phy_inst.genblk7[1].genblk1.IOBUFDS_dqs'
Info:     IO port 'ddr3_dqs_n[1]' driven by IOBUFDS 'ddr3.ddr3_phy_inst.genblk7[1].genblk1.IOBUFDS_dqs'
Info:     Constraining 'clk200_n' to site 'IOB_X1Y123'
Info:     Tile 'RIOB33_X105Y123'
Info:     Constraining 'clk200_p' to site 'IOB_X1Y124'
Info:     Tile 'RIOB33_X105Y123'
Info:     Constraining 'ddr3_cas_n' to site 'IOB_X1Y125'
Info:     Tile 'RIOB33_X105Y125'
Info:     Constraining 'ddr3_ck_n' to site 'IOB_X1Y143'
Info:     Tile 'RIOB33_X105Y143'
Info:     Constraining 'ddr3_ck_p' to site 'IOB_X1Y144'
Info:     Tile 'RIOB33_X105Y143'
Info:     Constraining 'ddr3_cke' to site 'IOB_X1Y122'
Info:     Tile 'RIOB33_X105Y121'
Info:     Constraining 'ddr3_cs_n' to site 'IOB_X1Y134'
Info:     Tile 'RIOB33_X105Y133'
Info:     Constraining 'ddr3_odt' to site 'IOB_X1Y121'
Info:     Tile 'RIOB33_X105Y121'
Info:     Constraining 'ddr3_ras_n' to site 'IOB_X1Y126'
Info:     Tile 'RIOB33_X105Y125'
Info:     Constraining 'ddr3_reset_n' to site 'IOB_X1Y120'
Info:     Tile 'RIOB33_X105Y119'
Info:     Constraining 'ddr3_we_n' to site 'IOB_X1Y136'
Info:     Tile 'RIOB33_X105Y135'
Info:     Constraining 'rst_n' to site 'IOB_X1Y115'
Info:     Tile 'RIOB33_X105Y115'
Info:     Constraining 'uart_rx' to site 'IOB_X0Y149'
Info:     Tile 'LIOB33_SING_X0Y149'
Info:     Constraining 'uart_tx' to site 'IOB_X0Y100'
Info:     Tile 'LIOB33_SING_X0Y100'
Info:     Constraining 'ddr3_addr[0]' to site 'IOB_X1Y127'
Info:     Tile 'RIOB33_X105Y127'
Info:     Constraining 'ddr3_addr[1]' to site 'IOB_X1Y133'
Info:     Tile 'RIOB33_X105Y133'
Info:     Constraining 'ddr3_addr[10]' to site 'IOB_X1Y139'
Info:     Tile 'RIOB33_X105Y139'
Info:     Constraining 'ddr3_addr[11]' to site 'IOB_X1Y142'
Info:     Tile 'RIOB33_X105Y141'
Info:     Constraining 'ddr3_addr[12]' to site 'IOB_X1Y141'
Info:     Tile 'RIOB33_X105Y141'
Info:     Constraining 'ddr3_addr[13]' to site 'IOB_X1Y147'
Info:     Tile 'RIOB33_X105Y147'
Info:     Constraining 'ddr3_addr[14]' to site 'IOB_X1Y137'
Info:     Tile 'RIOB33_X105Y137'
Info:     Constraining 'ddr3_addr[2]' to site 'IOB_X1Y130'
Info:     Tile 'RIOB33_X105Y129'
Info:     Constraining 'ddr3_addr[3]' to site 'IOB_X1Y129'
Info:     Tile 'RIOB33_X105Y129'
Info:     Constraining 'ddr3_addr[4]' to site 'IOB_X1Y135'
Info:     Tile 'RIOB33_X105Y135'
Info:     Constraining 'ddr3_addr[5]' to site 'IOB_X1Y138'
Info:     Tile 'RIOB33_X105Y137'
Info:     Constraining 'ddr3_addr[6]' to site 'IOB_X1Y140'
Info:     Tile 'RIOB33_X105Y139'
Info:     Constraining 'ddr3_addr[7]' to site 'IOB_X1Y148'
Info:     Tile 'RIOB33_X105Y147'
Info:     Constraining 'ddr3_addr[8]' to site 'IOB_X1Y145'
Info:     Tile 'RIOB33_X105Y145'
Info:     Constraining 'ddr3_addr[9]' to site 'IOB_X1Y146'
Info:     Tile 'RIOB33_X105Y145'
Info:     Constraining 'ddr3_ba[0]' to site 'IOB_X1Y131'
Info:     Tile 'RIOB33_X105Y131'
Info:     Constraining 'ddr3_ba[1]' to site 'IOB_X1Y132'
Info:     Tile 'RIOB33_X105Y131'
Info:     Constraining 'ddr3_ba[2]' to site 'IOB_X1Y128'
Info:     Tile 'RIOB33_X105Y127'
Info:     Constraining 'led[0]' to site 'IOB_X0Y233'
Info:     Tile 'LIOB33_X0Y233'
Info:     Constraining 'led[1]' to site 'IOB_X0Y234'
Info:     Tile 'LIOB33_X0Y233'
Info:     Constraining 'led[2]' to site 'IOB_X0Y238'
Info:     Tile 'LIOB33_X0Y237'
Info:     Constraining 'led[3]' to site 'IOB_X0Y237'
Info:     Tile 'LIOB33_X0Y237'
Info:     Constraining 'ddr3_dq[0]' to site 'IOB_X1Y196'
Info:     Tile 'RIOB33_X105Y195'
Info:     Constraining 'ddr3_dq[10]' to site 'IOB_X1Y184'
Info:     Tile 'RIOB33_X105Y183'
Info:     Constraining 'ddr3_dq[11]' to site 'IOB_X1Y179'
Info:     Tile 'RIOB33_X105Y179'
Info:     Constraining 'ddr3_dq[12]' to site 'IOB_X1Y185'
Info:     Tile 'RIOB33_X105Y185'
Info:     Constraining 'ddr3_dq[13]' to site 'IOB_X1Y180'
Info:     Tile 'RIOB33_X105Y179'
Info:     Constraining 'ddr3_dq[14]' to site 'IOB_X1Y186'
Info:     Tile 'RIOB33_X105Y185'
Info:     Constraining 'ddr3_dq[15]' to site 'IOB_X1Y176'
Info:     Tile 'RIOB33_X105Y175'
Info:     Constraining 'ddr3_dq[1]' to site 'IOB_X1Y190'
Info:     Tile 'RIOB33_X105Y189'
Info:     Constraining 'ddr3_dq[2]' to site 'IOB_X1Y197'
Info:     Tile 'RIOB33_X105Y197'
Info:     Constraining 'ddr3_dq[3]' to site 'IOB_X1Y188'
Info:     Tile 'RIOB33_X105Y187'
Info:     Constraining 'ddr3_dq[4]' to site 'IOB_X1Y195'
Info:     Tile 'RIOB33_X105Y195'
Info:     Constraining 'ddr3_dq[5]' to site 'IOB_X1Y189'
Info:     Tile 'RIOB33_X105Y189'
Info:     Constraining 'ddr3_dq[6]' to site 'IOB_X1Y198'
Info:     Tile 'RIOB33_X105Y197'
Info:     Constraining 'ddr3_dq[7]' to site 'IOB_X1Y192'
Info:     Tile 'RIOB33_X105Y191'
Info:     Constraining 'ddr3_dq[8]' to site 'IOB_X1Y178'
Info:     Tile 'RIOB33_X105Y177'
Info:     Constraining 'ddr3_dq[9]' to site 'IOB_X1Y177'
Info:     Tile 'RIOB33_X105Y177'
Info:     Constraining 'ddr3_dm[0]' to site 'IOB_X1Y191'
Info:     Tile 'RIOB33_X105Y191'
Info:     Constraining 'ddr3_dm[1]' to site 'IOB_X1Y183'
Info:     Tile 'RIOB33_X105Y183'
Info:     Constraining 'ddr3_dqs_p[0]' to site 'IOB_X1Y194'
Info:     Tile 'RIOB33_X105Y193'
Info:     Constraining 'ddr3_dqs_n[0]' to site 'IOB_X1Y193'
Info:     Tile 'RIOB33_X105Y193'
Info:     Constraining 'ddr3_dqs_p[1]' to site 'IOB_X1Y182'
Info:     Tile 'RIOB33_X105Y181'
Info:     Constraining 'ddr3_dqs_n[1]' to site 'IOB_X1Y181'
Info:     Tile 'RIOB33_X105Y181'
Info: Generating output buffer for '$iopadmap$tms_ddr3_loader_ax7203.ddr3_cas_n'
Info: Generating output buffer for '$iopadmap$tms_ddr3_loader_ax7203.ddr3_cke'
Info: Generating output buffer for '$iopadmap$tms_ddr3_loader_ax7203.ddr3_cs_n'
Info: Generating output buffer for '$iopadmap$tms_ddr3_loader_ax7203.ddr3_odt'
Info: Generating output buffer for '$iopadmap$tms_ddr3_loader_ax7203.ddr3_ras_n'
Info: Generating output buffer for '$iopadmap$tms_ddr3_loader_ax7203.ddr3_reset_n'
Info: Generating output buffer for '$iopadmap$tms_ddr3_loader_ax7203.ddr3_we_n'
Info: Generating input buffer for '$iopadmap$tms_ddr3_loader_ax7203.rst_n'
Info: Generating input buffer for '$iopadmap$tms_ddr3_loader_ax7203.uart_rx'
Info: Generating output buffer for '$iopadmap$tms_ddr3_loader_ax7203.uart_tx'
Info: Generating output buffer for '$iopadmap$tms_ddr3_loader_ax7203.ddr3_addr'
Info: Generating output buffer for '$iopadmap$tms_ddr3_loader_ax7203.ddr3_addr_1'
Info: Generating output buffer for '$iopadmap$tms_ddr3_loader_ax7203.ddr3_addr_10'
Info: Generating output buffer for '$iopadmap$tms_ddr3_loader_ax7203.ddr3_addr_11'
Info: Generating output buffer for '$iopadmap$tms_ddr3_loader_ax7203.ddr3_addr_12'
Info: Generating output buffer for '$iopadmap$tms_ddr3_loader_ax7203.ddr3_addr_13'
Info: Generating output buffer for '$iopadmap$tms_ddr3_loader_ax7203.ddr3_addr_14'
Info: Generating output buffer for '$iopadmap$tms_ddr3_loader_ax7203.ddr3_addr_2'
Info: Generating output buffer for '$iopadmap$tms_ddr3_loader_ax7203.ddr3_addr_3'
Info: Generating output buffer for '$iopadmap$tms_ddr3_loader_ax7203.ddr3_addr_4'
Info: Generating output buffer for '$iopadmap$tms_ddr3_loader_ax7203.ddr3_addr_5'
Info: Generating output buffer for '$iopadmap$tms_ddr3_loader_ax7203.ddr3_addr_6'
Info: Generating output buffer for '$iopadmap$tms_ddr3_loader_ax7203.ddr3_addr_7'
Info: Generating output buffer for '$iopadmap$tms_ddr3_loader_ax7203.ddr3_addr_8'
Info: Generating output buffer for '$iopadmap$tms_ddr3_loader_ax7203.ddr3_addr_9'
Info: Generating output buffer for '$iopadmap$tms_ddr3_loader_ax7203.ddr3_ba'
Info: Generating output buffer for '$iopadmap$tms_ddr3_loader_ax7203.ddr3_ba_1'
Info: Generating output buffer for '$iopadmap$tms_ddr3_loader_ax7203.ddr3_ba_2'
Info: Generating output buffer for '$iopadmap$tms_ddr3_loader_ax7203.led'
Info: Generating output buffer for '$iopadmap$tms_ddr3_loader_ax7203.led_1'
Info: Generating output buffer for '$iopadmap$tms_ddr3_loader_ax7203.led_2'
Info: Generating output buffer for '$iopadmap$tms_ddr3_loader_ax7203.led_3'
Info: Generating input buffer for 'ddr3.ddr3_phy_inst.genblk5[0].genblk1.IOBUF_data'
Info: Generating output buffer for 'ddr3.ddr3_phy_inst.genblk5[0].genblk1.IOBUF_data'
Info: Generating input buffer for 'ddr3.ddr3_phy_inst.genblk5[10].genblk1.IOBUF_data'
Info: Generating output buffer for 'ddr3.ddr3_phy_inst.genblk5[10].genblk1.IOBUF_data'
Info: Generating input buffer for 'ddr3.ddr3_phy_inst.genblk5[11].genblk1.IOBUF_data'
Info: Generating output buffer for 'ddr3.ddr3_phy_inst.genblk5[11].genblk1.IOBUF_data'
Info: Generating input buffer for 'ddr3.ddr3_phy_inst.genblk5[12].genblk1.IOBUF_data'
Info: Generating output buffer for 'ddr3.ddr3_phy_inst.genblk5[12].genblk1.IOBUF_data'
Info: Generating input buffer for 'ddr3.ddr3_phy_inst.genblk5[13].genblk1.IOBUF_data'
Info: Generating output buffer for 'ddr3.ddr3_phy_inst.genblk5[13].genblk1.IOBUF_data'
Info: Generating input buffer for 'ddr3.ddr3_phy_inst.genblk5[14].genblk1.IOBUF_data'
Info: Generating output buffer for 'ddr3.ddr3_phy_inst.genblk5[14].genblk1.IOBUF_data'
Info: Generating input buffer for 'ddr3.ddr3_phy_inst.genblk5[15].genblk1.IOBUF_data'
Info: Generating output buffer for 'ddr3.ddr3_phy_inst.genblk5[15].genblk1.IOBUF_data'
Info: Generating input buffer for 'ddr3.ddr3_phy_inst.genblk5[1].genblk1.IOBUF_data'
Info: Generating output buffer for 'ddr3.ddr3_phy_inst.genblk5[1].genblk1.IOBUF_data'
Info: Generating input buffer for 'ddr3.ddr3_phy_inst.genblk5[2].genblk1.IOBUF_data'
Info: Generating output buffer for 'ddr3.ddr3_phy_inst.genblk5[2].genblk1.IOBUF_data'
Info: Generating input buffer for 'ddr3.ddr3_phy_inst.genblk5[3].genblk1.IOBUF_data'
Info: Generating output buffer for 'ddr3.ddr3_phy_inst.genblk5[3].genblk1.IOBUF_data'
Info: Generating input buffer for 'ddr3.ddr3_phy_inst.genblk5[4].genblk1.IOBUF_data'
Info: Generating output buffer for 'ddr3.ddr3_phy_inst.genblk5[4].genblk1.IOBUF_data'
Info: Generating input buffer for 'ddr3.ddr3_phy_inst.genblk5[5].genblk1.IOBUF_data'
Info: Generating output buffer for 'ddr3.ddr3_phy_inst.genblk5[5].genblk1.IOBUF_data'
Info: Generating input buffer for 'ddr3.ddr3_phy_inst.genblk5[6].genblk1.IOBUF_data'
Info: Generating output buffer for 'ddr3.ddr3_phy_inst.genblk5[6].genblk1.IOBUF_data'
Info: Generating input buffer for 'ddr3.ddr3_phy_inst.genblk5[7].genblk1.IOBUF_data'
Info: Generating output buffer for 'ddr3.ddr3_phy_inst.genblk5[7].genblk1.IOBUF_data'
Info: Generating input buffer for 'ddr3.ddr3_phy_inst.genblk5[8].genblk1.IOBUF_data'
Info: Generating output buffer for 'ddr3.ddr3_phy_inst.genblk5[8].genblk1.IOBUF_data'
Info: Generating input buffer for 'ddr3.ddr3_phy_inst.genblk5[9].genblk1.IOBUF_data'
Info: Generating output buffer for 'ddr3.ddr3_phy_inst.genblk5[9].genblk1.IOBUF_data'
Info: Generating output buffer for 'ddr3.ddr3_phy_inst.genblk6[0].genblk1.OBUF_dm'
Info: Generating output buffer for 'ddr3.ddr3_phy_inst.genblk6[1].genblk1.OBUF_dm'
Info:     Created 3 INVERTER cells from:
Info:              3x INV
Info:     Created 58 PAD cells from:
Info:             58x PAD
Info: Preparing clocking...
Info: Packing constants..
Info: Packing cfg...
Info: Packing PLLs...
Info:     Constrained PLLE2_ADV_PLLE2_ADV 'pll' to bel 'PLLE2_ADV_X1Y2/PLLE2_ADV' based on dedicated routing
Info:     PLL/MMCM: disconnected 28 const DRP/control pins (Vivado leaves them unrouted)
Info: Packing Gigabit Transceivers..
Info: Packing global buffers...
Info:     Constrained BUFGCTRL 'clk_ctrl_bufg' to bel 'BUFGCTRL_X0Y0/BUFGCTRL' based on dedicated routing
Info:     Constrained BUFGCTRL 'clk_ddr_90_bufg' to bel 'BUFGCTRL_X0Y1/BUFGCTRL' based on dedicated routing
Info:     Constrained BUFGCTRL 'clk_ddr_bufg' to bel 'BUFGCTRL_X0Y2/BUFGCTRL' based on dedicated routing
Info:     Constrained BUFGCTRL 'clk_ref_bufg' to bel 'BUFGCTRL_X0Y3/BUFGCTRL' based on dedicated routing
Info: Packing MUX[789]s..
Info: Packing carries (atomic CARRY4)..
Info:    Packed 849 CARRY4 cells into 179 chains (atomic).
Info: router2 PRECYINIT fix: 849 CARRY4 cells, 1024 constant carry pins disconnected
Info:    Carry-O relocation: 23 sum(s) duplicated, 23 CARRY4 split(s), 0 bit(s) skipped (unrelocatable)
Info: Packing LUTs..
Info:     Created 17683 SLICE_LUTX cells from:
Info:           6617x LUT1
Info:           1803x LUT2
Info:           1987x LUT3
Info:           1642x LUT4
Info:           3776x LUT5
Info:           1858x LUT6
Info: Packing DRAM..
Info:    Transformed 0 tied-low DRAM address inputs to be tied-high
Info: Packing BRAM..
Info: Packing DSPs..
Info: Packing flipflops..
Info:     Created 8345 SLICE_FFX cells from:
Info:           4679x FDCE
Info:             43x FDPE
Info:           3595x FDRE
Info:             28x FDSE
Info:     local-const FF control: disconnected 1442 SR(=GND) + 3001 CE(=VCC) pins from global nets
Info:     Created 1 SELMUX2_1 cells from:
Info:              1x MUXF7
Info: Constrained 4455 LUTFF pairs.

Info: Annotating ports with timing budgets for target frequency 12.00 MHz
Info: Checksum: 0x076d624f

Info: Device utilisation:
Info: 	          SLICE_LUTX: 18915/269200     7%
Info: 	           SLICE_FFX:  8345/269200     3%
Info: 	              CARRY4:   872/33650     2%
Info: 	          PSEUDO_GND:     1/69165     0%
Info: 	          PSEUDO_VCC:     1/69165     0%
Info: 	               HARD0:     0/ 3960     0%
Info: 	            RAMB18E1:     0/  730     0%
Info: 	            FIFO18E1:     0/  365     0%
Info: 	        RAMBFIFO36E1:     0/  365     0%
Info: 	            RAMB36E1:     6/  365     1%
Info: 	             DSP48E1:     0/  740     0%
Info: 	                 PAD:    58/ 1062     5%
Info: 	       IOB33M_OUTBUF:     3/  240     1%
Info: 	       IOB33S_OUTBUF:     3/  240     1%
Info: 	        IOB33_OUTBUF:    48/  500     9%
Info: 	     IOB33M_INBUF_EN:     3/  240     1%
Info: 	     IOB33S_INBUF_EN:     0/  240     0%
Info: 	      IOB33_INBUF_EN:    18/  500     3%
Info: 	IOB33M_TERM_OVERRIDE:     0/  240     0%
Info: 	IOB33S_TERM_OVERRIDE:     0/  240     0%
Info: 	 IOB33_TERM_OVERRIDE:     0/  500     0%
Info: 	       PULL_OR_KEEP1:     0/  980     0%
Info: 	            IDELAYE2:    18/  500     3%
Info: 	        OLOGICE3_TFF:     0/  500     0%
Info: 	      OLOGICE3_OUTFF:     0/  500     0%
Info: 	       OLOGICE3_MISR:     0/  500     0%
Info: 	           OSERDESE2:    45/  500     9%
Info: 	        ILOGICE3_IFF:     0/  500     0%
Info: 	ILOGICE3_ZHOLD_DELAY:     0/  500     0%
Info: 	           ISERDESE2:    18/  500     3%
Info: 	                BUFR:     0/   40     0%
Info: 	               BUFIO:     0/   40     0%
Info: 	          IDELAYCTRL:     1/   10    10%
Info: 	            BUFGCTRL:     4/   32    12%
Info: 	            PCIE_2_1:     0/    1     0%
Info: 	               BSCAN:     0/    4     0%
Info: 	                BUFG:     0/   32     0%
Info: 	              BUFHCE:     0/  120     0%
Info: 	            DCIRESET:     0/    1     0%
Info: 	            DNA_PORT:     0/    1     0%
Info: 	           EFUSE_USR:     0/    1     0%
Info: 	           FRAME_ECC:     0/    1     0%
Info: 	       GTPE2_CHANNEL:     0/   16     0%
Info: 	        GTPE2_COMMON:     0/    4     0%
Info: 	         IBUFDS_GTE2:     0/    8     0%
Info: 	                ICAP:     0/    2     0%
Info: 	            INVERTER:     3/  240     1%
Info: 	          MMCME2_ADV:     0/   10     0%
Info: 	        OLOGICE2_TFF:     0/  500     0%
Info: 	      OLOGICE2_OUTFF:     0/  500     0%
Info: 	           PLLE2_ADV:     1/   10    10%
Info: 	           SELMUX2_1:     1/102950     0%
Info: 	             STARTUP:     0/    1     0%
Info: 	          USR_ACCESS:     0/    1     0%
Info: 	              BUFFER:     0/   82     0%
Info: 	        ILOGICE2_IFF:     0/  500     0%
Info: 	       OLOGICE2_MISR:     0/  500     0%

Info: HeAP congestion knobs: beta=0.400 spread_scale=2,1 alpha=0.080
Info: Placed 223 cells based on constraints.
Info: Creating initial analytic placement for 14028 cells, random placement wirelen = 5921923.
Info:     at initial placer iter 0, wirelen = 55960
Info:     at initial placer iter 1, wirelen = 52133
Info:     at initial placer iter 2, wirelen = 50647
Info:     at initial placer iter 3, wirelen = 50652
Info: Running main analytical placer.
Info:     at iteration #1, type ALL: wirelen solved = 50212, spread = 759883, legal = 777599; time = 0.59s
Info:     at iteration #2, type ALL: wirelen solved = 118187, spread = 473643, legal = 498925; time = 0.64s
Info:     at iteration #3, type ALL: wirelen solved = 142280, spread = 378919, legal = 407418; time = 0.56s
Info:     at iteration #4, type ALL: wirelen solved = 155936, spread = 353823, legal = 373348; time = 0.54s
Info:     at iteration #5, type ALL: wirelen solved = 172723, spread = 522657, legal = 538564; time = 0.50s
Info:     at iteration #6, type ALL: wirelen solved = 203671, spread = 366917, legal = 383569; time = 0.47s
Info:     at iteration #7, type ALL: wirelen solved = 214828, spread = 366132, legal = 381551; time = 0.47s
Info:     at iteration #8, type ALL: wirelen solved = 224010, spread = 408560, legal = 424259; time = 0.48s
Info:     at iteration #9, type ALL: wirelen solved = 238174, spread = 404725, legal = 407423; time = 0.45s
Info: HeAP Placer Time: 7.94s
Info:   of which solving equations: 3.99s
Info:   of which spreading cells: 0.71s
Info:   of which strict legalisation: 1.24s

Info: Running simulated annealing placer for refinement.
Info:   at iteration #1: temp = 0.000000, timing cost = 1250, wirelen = 373348
Info:   at iteration #5: temp = 0.000000, timing cost = 719, wirelen = 344362
Info:   at iteration #10: temp = 0.000000, timing cost = 987, wirelen = 340996
Info:   at iteration #15: temp = 0.000000, timing cost = 949, wirelen = 340430
Info:   at iteration #19: temp = 0.000000, timing cost = 938, wirelen = 340236 
Info: SA placement time 15.62s

Info: Max frequency for clock 'clk_ctrl': 58.91 MHz (FAIL at 60.00 MHz)

Info: Slack histogram:
Info:  legend: * represents 61 endpoint(s)
Info:          + represents [1,61) endpoint(s)
Info: [  -309,    524) |+
Info: [   524,   1357) |*+
Info: [  1357,   2190) |**+
Info: [  2190,   3023) |**+
Info: [  3023,   3856) |**+
Info: [  3856,   4689) |***+
Info: [  4689,   5522) |*******+
Info: [  5522,   6355) |*************+
Info: [  6355,   7188) |****************+
Info: [  7188,   8021) |*****************+
Info: [  8021,   8854) |************+
Info: [  8854,   9687) |*****************+
Info: [  9687,  10520) |*******************************+
Info: [ 10520,  11353) |******************************************+
Info: [ 11353,  12186) |************************************************************ 
Info: [ 12186,  13019) |*************************+
Info: [ 13019,  13852) |*********************+
Info: [ 13852,  14685) |*************************+
Info: [ 14685,  15518) |****************+
Info: [ 15518,  16351) |*********+
Info: Checksum: 0x74545d98
Info: Running post-placement legalisation...
Info: post-place repair: relocated 5179 stranded cluster(s)/cell(s) to valid bels
Info: Routing global clocks...
Info:     routing clock 'clk_ddr'
Info:     routing clock 'clk_ctrl'
Info:     routing clock 'clk200_in'
Info:     routing clock 'ctrl_raw'
Info:     routing clock 'ddr90_raw'
Info:     routing clock 'clk_ddr_90'
Info:     routing clock 'ddr_raw'
Info:     routing clock 'ref_raw'
Info:     routing clock 'clk_ref'
Info: Running router2...
Info: Setting up routing resources...
Info: Adopted 9768 pre-routed arc(s)
Info: Running main router loop...
Info:     iter=1 wires=425832 overused=13596 overuse=13986 archfail=NA
Info:     iter=2 wires=435571 overused=95 overuse=95 archfail=NA
Info:     iter=3 wires=435702 overused=0 overuse=0 archfail=0
Info: 1000 slowest nets by runtime:
                                                                      matvec.act_addr[4]    924 1019.4ms
        $techmap$techmap216506$auto$ff.cc:337:slice$145567.$auto$abc9_ops.cc:418:prep_bypass$216402.PRE   4722 1010.9ms
                                                                      matvec.act_addr[2]    924 845.8ms
                                                                              ddr3.reset   2172 778.0ms
                                    $techmap605774$abc$592175$lut$aiger592174$68619.A[3]    128 603.5ms
                                                                     matvec.aw_stored[2]   1543 590.4ms
                                                                      matvec.act_addr[3]    924 582.8ms
                                                                      matvec.act_addr[1]    924 565.8ms
                                                                      matvec.act_addr[5]    924 564.4ms
                                                                      matvec.act_addr[6]    924 564.1ms
                                                                     matvec.aw_stored[0]   1544 535.1ms
                                                                     matvec.aw_stored[4]   1543 515.0ms
                                                                     matvec.aw_stored[5]   1543 513.0ms
                                    $techmap605772$abc$592175$lut$aiger592174$68614.A[2]    128 504.7ms
                                                                     matvec.aw_stored[1]   1543 490.6ms
                                   $abc$592175$memory\matvec.fq_hi$wren[6][0][0]$y$99742    128 463.5ms
                            $techmap605777$auto$abc9_ops.cc:1552:reintegrate$592427.A[2]    255 447.6ms
                                   $abc$592175$memory\matvec.fq_hi$wren[2][0][0]$y$99712    128 425.1ms
                            $techmap599599$auto$abc9_ops.cc:1552:reintegrate$594462.A[2]    179 418.7ms
                                                                     matvec.aw_stored[3]   1543 384.0ms
                                   $abc$592175$memory\matvec.fq_hi$wren[0][0][0]$y$99694    128 381.0ms
                                    $techmap605768$abc$592175$lut$aiger592174$68610.A[3]    128 378.6ms
                                    $techmap605768$abc$592175$lut$aiger592174$68610.A[4]    128 367.3ms
                                    $techmap605772$abc$592175$lut$aiger592174$68614.A[1]    129 346.1ms
                                                          ddr3.ddr3_controller_inst.lane    137 343.2ms
        $techmap611089$abc$592175$lut$auto$opt_dff.cc:251:make_patterns_logic$81126.A[1]    104 336.4ms
                                   $abc$592175$memory\matvec.fq_hi$wren[5][0][0]$y$99734    128 331.9ms
                                   $abc$592175$memory\matvec.fq_hi$wren[3][0][0]$y$99718    128 325.3ms
                                   $abc$592175$memory\matvec.fq_hi$wren[4][0][0]$y$99728    128 321.4ms
                                   $abc$592175$memory\matvec.fq_hi$wren[7][0][0]$y$99748    128 315.9ms
                            $techmap605777$auto$abc9_ops.cc:1552:reintegrate$592427.A[3]    128 300.9ms
                                    $techmap600818$abc$592175$lut$aiger592174$26578.A[3]    344 287.9ms
                                    $techmap603065$abc$592175$lut$aiger592174$47907.A[1]    259 267.6ms
                                   $auto$memory_libmap.cc:1641:generate_demux$91729.Y[1]    176 261.4ms
                                    $techmap601771$abc$592175$lut$aiger592174$37216.A[0]    110 258.8ms
                                    $techmap601759$abc$592175$lut$aiger592174$37213.A[4]    119 251.2ms
                                    $techmap600912$abc$592175$lut$aiger592174$27777.A[0]    150 247.6ms
                                    $techmap600774$abc$592175$lut$aiger592174$25243.A[3]     99 247.5ms
                                   $abc$592175$memory\matvec.fq_hi$wren[1][0][0]$y$99702    128 246.9ms
                            $techmap601796$auto$abc9_ops.cc:1552:reintegrate$593726.A[0]    102 242.3ms
                                   $auto$memory_libmap.cc:1641:generate_demux$91729.Y[0]    176 239.4ms
                                                 ddr3.ddr3_controller_inst.index_wb_data    129 236.5ms
                                    $techmap600772$abc$592175$lut$aiger592174$25239.A[3]     77 234.2ms
                                    $techmap603065$abc$592175$lut$aiger592174$47907.A[0]    259 233.8ms
                            $techmap600488$auto$abc9_ops.cc:1552:reintegrate$593998.A[1]    101 230.8ms
                            $techmap600849$auto$abc9_ops.cc:1552:reintegrate$593975.A[0]    344 227.6ms
                                    $techmap600775$abc$592175$lut$aiger592174$25250.A[2]     68 224.2ms
                               $abc$592175$auto$opt_dff.cc:251:make_patterns_logic$80890    128 221.9ms
                            $techmap602212$auto$abc9_ops.cc:1552:reintegrate$593629.A[0]    183 220.9ms
                            $techmap600488$auto$abc9_ops.cc:1552:reintegrate$593998.A[3]    112 218.8ms
                            $techmap602366$auto$abc9_ops.cc:1552:reintegrate$593579.A[2]    119 218.6ms
                                   $auto$memory_libmap.cc:1641:generate_demux$91729.Y[6]    176 213.0ms
                                            $techmap219394$auto$ff.cc:337:slice$118023.D    150 211.1ms
                            $techmap601642$auto$abc9_ops.cc:1552:reintegrate$593752.A[1]    192 208.9ms
                            $techmap600777$auto$abc9_ops.cc:1552:reintegrate$593985.A[2]     76 207.3ms
                                        ddr3.ddr3_controller_inst.data_start_index[0][1]    165 205.4ms
                     $techmap610686$abc$592175$lut$flatten\master.$0\buf_valid[0:0].A[1]    157 204.1ms
                            $techmap601796$auto$abc9_ops.cc:1552:reintegrate$593726.A[1]     72 203.9ms
                                   $auto$memory_libmap.cc:1641:generate_demux$91729.Y[5]    176 199.6ms
                                    $techmap600763$abc$592175$lut$aiger592174$25267.A[2]     79 199.1ms
                                            $techmap216817$auto$ff.cc:337:slice$138735.D     76 196.5ms
                                   $auto$memory_libmap.cc:1641:generate_demux$91729.Y[3]    176 195.1ms
                                   $auto$memory_libmap.cc:1641:generate_demux$91729.Y[2]    176 193.8ms
                            $techmap601631$auto$abc9_ops.cc:1552:reintegrate$593755.A[1]    191 192.9ms
                            $techmap605341$auto$abc9_ops.cc:1552:reintegrate$592557.A[1]     52 189.3ms
                                        ddr3.ddr3_controller_inst.data_start_index[0][3]    167 188.4ms
                            $techmap600853$auto$abc9_ops.cc:1552:reintegrate$593974.A[0]    111 187.9ms
                                            $techmap217866$auto$ff.cc:337:slice$120648.D    139 183.8ms
                                                 ddr3.ddr3_controller_inst.stage2_update    174 183.5ms
                                   $auto$memory_libmap.cc:1641:generate_demux$91729.Y[4]    176 182.4ms
                                        ddr3.ddr3_controller_inst.data_start_index[0][0]    108 177.4ms
                            $techmap600803$auto$abc9_ops.cc:1552:reintegrate$593981.A[2]    131 175.9ms
        $flatten\ddr3.\ddr3_controller_inst.$shiftx$build/uberddr3/rtl/ddr3_controller.v:2225$27183.Y     64 172.8ms
                            $techmap603302$auto$abc9_ops.cc:1552:reintegrate$593279.A[2]    185 172.0ms
                                    $techmap600772$abc$592175$lut$aiger592174$25239.A[4]     72 171.5ms
                            $techmap601057$auto$abc9_ops.cc:1552:reintegrate$593944.A[3]     84 168.0ms
                            $techmap603074$auto$abc9_ops.cc:1552:reintegrate$593351.A[0]     66 163.2ms
                                    $techmap601759$abc$592175$lut$aiger592174$37213.A[3]     51 163.0ms
        $flatten\ddr3.\ddr3_controller_inst.$shiftx$build/uberddr3/rtl/ddr3_controller.v:2225$27175.Y     64 161.9ms
                                                                          calib_complete     90 158.7ms
                               $abc$592175$auto$opt_dff.cc:251:make_patterns_logic$83353    126 158.4ms
                            $techmap602212$auto$abc9_ops.cc:1552:reintegrate$593629.A[2]     62 157.6ms
                                        ddr3.ddr3_controller_inst.data_start_index[1][3]    167 157.1ms
                            $techmap600666$auto$abc9_ops.cc:1552:reintegrate$593992.A[1]     48 156.1ms
                            $techmap600639$auto$abc9_ops.cc:1552:reintegrate$593995.A[2]    103 154.0ms
                                        ddr3.ddr3_controller_inst.data_start_index[0][6]    104 153.6ms
                            $techmap600481$auto$abc9_ops.cc:1552:reintegrate$593999.A[3]    153 153.5ms
                            $techmap600992$auto$abc9_ops.cc:1552:reintegrate$593952.A[4]    145 152.4ms
                                              ddr3.ddr3_controller_inst.write_pattern[0]     52 151.7ms
                                                    ddr3.ddr3_controller_inst.late_dq[1]    200 149.4ms
                            $techmap603526$auto$abc9_ops.cc:1552:reintegrate$593220.A[1]     63 148.1ms
                                            $techmap221199$auto$ff.cc:337:slice$100432.D     85 146.3ms
        $techmap611097$abc$592175$lut$auto$opt_dff.cc:251:make_patterns_logic$81094.A[3]    142 146.2ms
                                        $techmap600323$abc$592175$lut\matvec.pop_go.A[2]    138 145.0ms
        $techmap601482$abc$592175$lut$auto$opt_dff.cc:251:make_patterns_logic$80904.A[1]    130 141.7ms
                            $techmap601561$auto$abc9_ops.cc:1552:reintegrate$593759.A[1]     43 141.6ms
                            $techmap600803$auto$abc9_ops.cc:1552:reintegrate$593981.A[5]     59 138.3ms
                            $techmap604973$auto$abc9_ops.cc:1552:reintegrate$592679.A[0]     78 137.9ms
                            $techmap601055$auto$abc9_ops.cc:1552:reintegrate$593945.A[3]     87 136.0ms
                                    $techmap600795$abc$592175$lut$aiger592174$25794.A[2]     51 133.6ms
                            $techmap600481$auto$abc9_ops.cc:1552:reintegrate$593999.A[1]     85 132.9ms
                            $techmap601628$auto$abc9_ops.cc:1552:reintegrate$593756.A[1]     49 132.4ms
                            $techmap602724$auto$abc9_ops.cc:1552:reintegrate$593475.A[0]     46 131.0ms
                                                    ddr3.ddr3_controller_inst.late_dq[0]    199 130.6ms
        $flatten\ddr3.\ddr3_controller_inst.$shiftx$build/uberddr3/rtl/ddr3_controller.v:2248$27187.Y     64 130.1ms
                                    $techmap600776$abc$592175$lut$aiger592174$25258.A[4]     75 126.4ms
                            $techmap603600$auto$abc9_ops.cc:1552:reintegrate$593197.A[0]     41 125.7ms
                                        ddr3.ddr3_controller_inst.data_start_index[1][5]    106 124.5ms
                                    $techmap600991$abc$592175$lut$aiger592174$28378.A[1]     44 119.8ms
                                        ddr3.ddr3_controller_inst.data_start_index[0][2]    147 115.0ms
                            $techmap600849$auto$abc9_ops.cc:1552:reintegrate$593975.A[2]     62 114.7ms
                                            $techmap220378$auto$ff.cc:337:slice$115309.D     97 114.2ms
        $flatten\ddr3.\ddr3_controller_inst.$shiftx$build/uberddr3/rtl/ddr3_controller.v:2248$27179.Y     64 112.9ms
                                        ddr3.ddr3_controller_inst.data_start_index[0][5]    110 110.5ms
                                                                         master.read_ack    157 110.1ms
                                        ddr3.ddr3_controller_inst.data_start_index[1][4]    212 110.1ms
                            $techmap604858$auto$abc9_ops.cc:1552:reintegrate$592715.A[0]     50 108.6ms
                            $techmap601638$auto$abc9_ops.cc:1552:reintegrate$593753.A[1]     41 108.4ms
                            $techmap600718$auto$abc9_ops.cc:1552:reintegrate$593988.A[0]    144 107.9ms
        $techmap611143$abc$592175$lut$auto$opt_dff.cc:251:make_patterns_logic$81317.A[4]     95 107.0ms
                                        ddr3.ddr3_controller_inst.data_start_index[0][4]    214 106.9ms
                                    $techmap601759$abc$592175$lut$aiger592174$37213.A[2]     54 106.5ms
                                        ddr3.ddr3_controller_inst.data_start_index[1][0]    108 105.4ms
                                        ddr3.ddr3_controller_inst.data_start_index[1][2]    146 103.6ms
                            $techmap603074$auto$abc9_ops.cc:1552:reintegrate$593351.A[5]     67 102.8ms
                                        ddr3.ddr3_controller_inst.data_start_index[1][1]    167 102.7ms
                                                ddr3.ddr3_controller_inst.stage1_bank[0]     46 100.8ms
                               $abc$592175$auto$opt_dff.cc:251:make_patterns_logic$81827    153 100.4ms
                            $techmap600503$auto$abc9_ops.cc:1552:reintegrate$593997.A[1]     45 97.6ms
                            $techmap602756$auto$abc9_ops.cc:1552:reintegrate$593456.A[1]     44 96.4ms
                            $techmap600608$auto$abc9_ops.cc:1552:reintegrate$593996.A[1]     65 93.8ms
                               $abc$592175$auto$opt_dff.cc:251:make_patterns_logic$80811    184 91.9ms
                                    $techmap600658$abc$592175$lut$aiger592174$24510.A[3]    105 91.6ms
                               $techmap604710$abc$592175$lut\matvec.result_read[20].A[0]     44 89.8ms
                            $techmap601574$auto$abc9_ops.cc:1552:reintegrate$593758.A[1]     59 89.6ms
                                        ddr3.ddr3_controller_inst.data_start_index[1][6]    103 89.4ms
                            $techmap602366$auto$abc9_ops.cc:1552:reintegrate$593579.A[3]     49 88.0ms
                                              ddr3.ddr3_controller_inst.stage2_bank_d[1]     54 86.3ms
                               $abc$592175$auto$opt_dff.cc:251:make_patterns_logic$81672     77 86.1ms
                                                             ddr3.ddr3_phy_inst.sync_rst     64 84.9ms
                                            $techmap216508$auto$ff.cc:337:slice$145564.D     42 84.7ms
                                                ddr3.ddr3_controller_inst.stage1_bank[1]     45 84.1ms
                            $techmap602021$auto$abc9_ops.cc:1552:reintegrate$593694.A[2]     64 83.4ms
                                    $techmap607480$abc$592175$lut$aiger592174$42469.A[1]     42 82.7ms
                                                                                 any_nak      1 81.6ms
                            $techmap602041$auto$abc9_ops.cc:1552:reintegrate$593690.A[1]     46 80.3ms
                               $abc$592175$auto$opt_dff.cc:251:make_patterns_logic$82076     42 77.9ms
                                    $techmap602229$abc$592175$lut$aiger592174$41262.A[0]     64 76.4ms
                  $techmap607485$abc$592175$lut$flatten\matvec.$procmux$58648_Y[31].A[1]     63 73.6ms
                            $techmap600695$auto$abc9_ops.cc:1552:reintegrate$593990.A[1]     67 72.4ms
                            $techmap599722$auto$abc9_ops.cc:1552:reintegrate$594348.A[1]     64 72.1ms
                               $abc$592175$auto$opt_dff.cc:251:make_patterns_logic$83325    129 71.8ms
                                              ddr3.ddr3_controller_inst.stage2_bank_d[0]     52 71.7ms
        $techmap611095$abc$592175$lut$auto$opt_dff.cc:251:make_patterns_logic$80993.A[2]     44 70.8ms
                            $techmap601502$auto$abc9_ops.cc:1552:reintegrate$593763.A[1]     68 69.1ms
                                            $techmap221024$auto$ff.cc:337:slice$100763.D     49 68.5ms
                               $techmap604710$abc$592175$lut\matvec.result_read[20].A[1]     44 67.4ms
                               $abc$592175$auto$opt_dff.cc:251:make_patterns_logic$80785     44 63.6ms
                            $techmap602193$auto$abc9_ops.cc:1552:reintegrate$593630.A[1]     42 62.8ms
               $techmap607560$abc$592175$lut$flatten\transmitter.$0\count[31:0][31].A[2]     67 61.4ms
                            $techmap600779$auto$abc9_ops.cc:1552:reintegrate$593984.A[0]     41 59.1ms
                                                                              rd_addr[3]     65 56.5ms
        $abc$592175$flatten\matvec.$8\dot_one$func$build/t27/specs/rtl/fpga_ddr3_matvec.v:2028$9811.dot_one_body.prod[31:0]$11001[10]     16 56.4ms
                            $techmap601483$auto$abc9_ops.cc:1552:reintegrate$593773.A[1]     65 54.4ms
                                                                                 mv_s_go     78 54.3ms
                                            $techmap219461$auto$ff.cc:337:slice$117863.D     43 54.0ms
        $abc$592175$flatten\matvec.$8\dot_one$func$build/t27/specs/rtl/fpga_ddr3_matvec.v:2031$9814.dot_one_body.prod[31:0]$11049[10]     16 52.6ms
                            $techmap602350$auto$abc9_ops.cc:1552:reintegrate$593586.A[1]     32 52.0ms
                                    $techmap600656$abc$592175$lut$aiger592174$24596.A[1]     42 49.9ms
                            $techmap605427$auto$abc9_ops.cc:1552:reintegrate$592526.A[0]     29 49.4ms
                            $techmap602259$auto$abc9_ops.cc:1552:reintegrate$593617.A[3]     32 47.8ms
                            $techmap600639$auto$abc9_ops.cc:1552:reintegrate$593995.A[0]     41 46.5ms
                                    $techmap606952$abc$592175$lut$aiger592174$69921.A[4]      1 42.0ms
        $abc$592175$flatten\matvec.$8\dot_one$func$build/t27/specs/rtl/fpga_ddr3_matvec.v:2029$9812.dot_one_body.prod[31:0]$11017[10]     16 41.3ms
                                                                            wb_rdata[80]     19 40.8ms
                                           ddr3.ddr3_controller_inst.stage1_next_bank[2]     20 40.2ms
                                                                            wb_rdata[30]     22 39.9ms
                                                                  matvec.result_index[6]     12 39.6ms
                                                                           committed_any      1 39.5ms
                                                                            wb_rdata[59]     21 38.3ms
        $abc$592175$flatten\matvec.$8\dot_one$func$build/t27/specs/rtl/fpga_ddr3_matvec.v:2027$9810.dot_one_body.prod[31:0]$10985[10]     16 38.2ms
                                                                           wb_rdata[126]     19 38.2ms
                                                                           wb_rdata[119]     20 37.9ms
                                                                 matvec.result_index[11]     12 37.0ms
                                    $techmap602083$abc$592175$lut$aiger592174$39901.A[2]     34 36.9ms
                                    $techmap611113$abc$592175$lut$aiger592174$24546.A[0]     34 36.1ms
                                                                  matvec.result_index[2]     12 36.0ms
                                                                             wb_rdata[6]     23 34.8ms
                                                                             wb_rdata[7]     24 34.5ms
                                                                            wb_rdata[11]     23 34.1ms
                                                                            wb_rdata[22]     23 33.8ms
                                    $techmap601233$abc$592175$lut$aiger592174$29849.A[1]     35 33.7ms
                                                                            wb_rdata[83]     20 33.5ms
                                                                            wb_rdata[99]     20 33.1ms
                                                                            wb_rdata[21]     23 33.0ms
                                                                             wb_rdata[2]     24 32.9ms
                                                                             wb_rdata[0]     24 32.7ms
                                                                             wb_rdata[3]     24 32.6ms
                                                                            wb_rdata[28]     22 32.6ms
                     $techmap608209$abc$592175$lut$auto$wreduce.cc:514:run$84174[1].A[0]      2 32.5ms
                                                                  matvec.result_index[5]     12 32.4ms
                                                                            wb_rdata[25]     22 32.1ms
                                                                           wb_rdata[105]     20 31.9ms
                                    $techmap600795$abc$592175$lut$aiger592174$25794.A[0]     34 31.9ms
                                    $techmap603428$abc$592175$lut$aiger592174$49952.A[2]      2 31.9ms
                                                                            wb_rdata[43]     20 31.8ms
                                                                           wb_rdata[115]     19 31.4ms
        $techmap610700$abc$592175$lut$auto$opt_dff.cc:251:make_patterns_logic$81990.A[0]     32 31.2ms
                                                                           wb_rdata[122]     19 31.1ms
        $techmap610715$abc$592175$lut$auto$opt_dff.cc:251:make_patterns_logic$80666.A[4]     34 31.1ms
                                           $abc$592175$auto$rtlil.cc:3574:NotGate$199458     20 31.1ms
                                                                           wb_rdata[120]     19 31.0ms
        $abc$592175$flatten\matvec.$8\dot_one$func$build/t27/specs/rtl/fpga_ddr3_matvec.v:2033$9816.dot_one_body.prod[31:0]$11081[10]     16 30.9ms
                                                                            wb_rdata[78]     19 30.7ms
                                                                            wb_rdata[68]     19 30.6ms
                                                                            wb_rdata[23]     24 30.2ms
                                    $techmap602976$abc$592175$lut$aiger592174$47115.A[1]      3 30.2ms
                                    $techmap601174$abc$592175$lut$aiger592174$29191.A[1]     30 30.1ms
                                                                           wb_rdata[114]     19 29.8ms
                                                                           wb_rdata[109]     20 29.7ms
        $abc$592175$flatten\loader.$logic_and$build/t27/specs/rtl/fpga_ddr3_loader.v:1622$929_Y     33 29.7ms
                                                                            wb_rdata[75]     19 29.5ms
                                    $techmap603386$abc$592175$lut$aiger592174$50039.A[2]      2 29.5ms
                                                                            wb_rdata[14]     23 29.3ms
                                                                 matvec.result_index[28]      4 29.2ms
                                                                            wb_rdata[45]     21 29.0ms
                                    $techmap607484$abc$592175$lut$aiger592174$23631.A[1]     39 28.8ms
                                                                             wb_rdata[1]     23 28.8ms
                            $techmap605421$auto$abc9_ops.cc:1552:reintegrate$592528.A[0]     28 28.7ms
                                    $techmap600826$abc$592175$lut$aiger592174$26543.A[5]     29 28.5ms
                                                                           wb_rdata[108]     19 28.4ms
                                                                  matvec.result_index[4]     12 28.1ms
                                                                            wb_rdata[69]     19 28.0ms
                                                                             wb_rdata[8]     24 27.9ms
                            $techmap604343$auto$abc9_ops.cc:1552:reintegrate$592912.A[4]      5 27.9ms
                                                                            wb_rdata[35]     20 27.9ms
                                                                            wb_rdata[81]     19 27.8ms
                                                                            wb_rdata[88]     20 27.7ms
                                                ddr3.ddr3_controller_inst.stage2_bank[1]     13 27.5ms
                                                                           wb_rdata[101]     20 27.3ms
                                                                           wb_rdata[104]     20 27.3ms
                                    $techmap600351$abc$592175$lut$aiger592174$27980.A[1]      7 26.8ms
                            $techmap604533$auto$abc9_ops.cc:1552:reintegrate$592841.A[2]      3 26.7ms
                                                                            wb_rdata[92]     19 26.7ms
                                    $techmap603433$abc$592175$lut$aiger592174$49940.A[2]      2 26.7ms
                                    $techmap604538$abc$592175$lut$aiger592174$59113.A[0]      2 26.7ms
                                                                            wb_rdata[36]     20 26.6ms
                                                                            wb_rdata[61]     20 26.4ms
                            $techmap600662$auto$abc9_ops.cc:1552:reintegrate$593993.A[0]     33 26.3ms
                                     ddr3.ddr3_controller_inst.stage2_data_unaligned[81]      7 26.3ms
                            $techmap601259$auto$abc9_ops.cc:1552:reintegrate$593914.A[3]     17 26.1ms
                                                          ddr3.idelay_data_cntvaluein[4]     20 26.1ms
                                                              $PACKER_GND_NET$legal$2551      1 26.0ms
                                                                            wb_rdata[12]     23 25.8ms
                                                                            wb_rdata[90]     19 25.7ms
                                                                            wb_rdata[84]     19 25.7ms
                                                                           wb_rdata[125]     19 25.6ms
        $abc$592175$flatten\ddr3.\ddr3_controller_inst.$2$lookahead\calib_data$27204[127:0]$27531[29]      1 25.4ms
                            $techmap599691$auto$abc9_ops.cc:1552:reintegrate$594379.A[1]     62 25.3ms
                                                                            wb_rdata[62]     20 25.2ms
                                                                          transmitter.tx      1 25.1ms
                                                                            wb_rdata[10]     23 25.1ms
                                            $auto$alumacc.cc:512:replace_alu$89790.Y[24]      1 25.1ms
                                                                            wb_rdata[15]     23 25.0ms
                                                                            wb_rdata[79]     19 25.0ms
                                                                           matvec.pr6[7]      3 25.0ms
                            $techmap600949$auto$abc9_ops.cc:1552:reintegrate$593962.A[2]     40 24.9ms
                                                                            wb_rdata[72]     20 24.9ms
                                                                            wb_rdata[82]     19 24.8ms
                                    $techmap608190$abc$592175$lut$aiger592174$60461.A[4]      1 24.7ms
                                                                            wb_rdata[40]     21 24.7ms
                                                                            wb_rdata[98]     20 24.6ms
                                                                            wb_rdata[96]     20 24.6ms
                                                                            wb_rdata[95]     19 24.6ms
                                                                           wb_rdata[116]     19 24.4ms
                                                                           wb_rdata[107]     19 24.4ms
                                                                            wb_rdata[26]     22 24.3ms
                                                                            wb_rdata[32]     20 24.3ms
                            $techmap601247$auto$abc9_ops.cc:1552:reintegrate$593916.A[4]     19 24.2ms
                                                                            wb_rdata[76]     19 24.2ms
                                                                            wb_rdata[16]     23 24.2ms
                                                                            wb_rdata[13]     24 24.1ms
                                        ddr3.ddr3_controller_inst.instruction_address[3]     29 24.0ms
                                    $techmap609970$abc$592175$lut$aiger592174$41350.A[5]      1 23.8ms
                                    ddr3.ddr3_controller_inst.read_lane_data_shifted[15]      1 23.8ms
                               $abc$592175$auto$opt_dff.cc:251:make_patterns_logic$80677     32 23.7ms
                                                                            wb_rdata[33]     20 23.7ms
                            $techmap600963$auto$abc9_ops.cc:1552:reintegrate$593961.A[3]     34 23.6ms
                                                                           wb_rdata[111]     19 23.6ms
                                                                            wb_rdata[77]     20 23.5ms
                            $techmap602216$auto$abc9_ops.cc:1552:reintegrate$593627.A[3]     32 23.4ms
                                                                            wb_rdata[74]     19 23.4ms
                            $techmap604370$auto$abc9_ops.cc:1552:reintegrate$592904.A[3]     18 23.1ms
                                                                            wb_rdata[31]     22 23.1ms
                                                                            wb_rdata[20]     23 22.9ms
                                                                            wb_rdata[91]     19 22.9ms
                                         ddr3.ddr3_controller_inst.stage1_next_bank_d[0]     40 22.9ms
                                                                            wb_rdata[55]     20 22.9ms
                            $techmap600840$auto$abc9_ops.cc:1552:reintegrate$593978.A[0]     29 22.8ms
                                                                            wb_rdata[34]     21 22.7ms
                                                                             wb_rdata[9]     24 22.7ms
                                                                  matvec.result_index[9]     12 22.6ms
                                                                            wb_rdata[17]     23 22.6ms
                                                                            receiver.rx2     40 22.6ms
                                                                  matvec.result_index[3]     12 22.4ms
                            $techmap601267$auto$abc9_ops.cc:1552:reintegrate$593912.A[3]     17 22.4ms
                                    $techmap601079$abc$592175$lut$aiger592174$29171.A[1]     20 22.4ms
                                                                            wb_rdata[73]     19 22.4ms
                                       ddr3.ddr3_controller_inst.bank_active_row_d[6][5]      4 22.4ms
                                    $techmap610710$abc$592175$lut$aiger592174$25638.A[0]      3 22.3ms
                            $techmap600779$auto$abc9_ops.cc:1552:reintegrate$593984.A[1]     36 22.3ms
                                                                           wb_rdata[102]     19 22.2ms
                                                                             wb_rdata[5]     23 22.1ms
                                    ddr3.ddr3_controller_inst.stage2_data_unaligned[104]      8 22.1ms
                               $abc$592175$auto$opt_dff.cc:251:make_patterns_logic$82494     31 22.0ms
                                                                        loader.h_addr[9]     16 22.0ms
                               $abc$592175$auto$opt_dff.cc:251:make_patterns_logic$81380     32 22.0ms
                                                                            wb_rdata[94]     19 22.0ms
                                                                           wb_rdata[123]     20 22.0ms
                                      ddr3.ddr3_controller_inst.write_by_byte_counter[1]     22 22.0ms
                                                                           wb_rdata[103]     20 21.9ms
                                                                            wb_rdata[65]     19 21.9ms
                                                                            wb_rdata[67]     19 21.7ms
                            $techmap601497$auto$abc9_ops.cc:1552:reintegrate$593765.A[1]     19 21.7ms
                                                                           wb_rdata[121]     19 21.7ms
                                                                            wb_rdata[86]     19 21.6ms
               $techmap608727$abc$592175$lut$flatten\transmitter.$0\count[31:0][14].A[1]      2 21.5ms
                                                                             wb_rdata[4]     24 21.4ms
                                                                               debug1[0]     36 21.4ms
                                                                            wb_rdata[48]     21 21.4ms
                                    $techmap610583$abc$592175$lut$aiger592174$30710.A[2]      1 21.4ms
                                                                           wb_rdata[100]     19 21.4ms
                                                                            wb_rdata[71]     19 21.3ms
                                                                            wb_rdata[51]     20 21.3ms
                                               $techmap599545\matvec.results.0.3.ENBWREN     11 21.3ms
                                                                            wb_rdata[70]     19 21.3ms
                                                                            wb_rdata[54]     20 21.3ms
                            $techmap601241$auto$abc9_ops.cc:1552:reintegrate$593917.A[3]     16 21.3ms
                                                ddr3.ddr3_controller_inst.stage2_bank[2]     20 21.3ms
                                                                            wb_rdata[93]     20 21.2ms
                                                                            wb_rdata[19]     23 21.1ms
                            $techmap605846$auto$abc9_ops.cc:1552:reintegrate$592401.A[3]      3 21.0ms
                                                                           wb_rdata[118]     19 21.0ms
                            $techmap601832$auto$abc9_ops.cc:1552:reintegrate$593709.A[1]     30 21.0ms
                                                                            wb_rdata[39]     21 21.0ms
                                                                           wb_rdata[117]     19 20.9ms
                                    ddr3.ddr3_controller_inst.stage2_data_unaligned[115]      6 20.9ms
                                                                            wb_rdata[66]     19 20.9ms
                                            ddr3.ddr3_controller_inst.dqs_start_index[0]     38 20.9ms
        $abc$592175$flatten\matvec.$8\dot_one$func$build/t27/specs/rtl/fpga_ddr3_matvec.v:2030$9813.dot_one_body.prod[31:0]$11033[10]     16 20.9ms
                            $techmap602587$auto$abc9_ops.cc:1552:reintegrate$593510.A[1]     29 20.9ms
                                                                           wb_rdata[106]     19 20.7ms
                                                                            wb_rdata[18]     23 20.6ms
                               $abc$592175$auto$opt_dff.cc:251:make_patterns_logic$81049     40 20.6ms
                            $techmap601267$auto$abc9_ops.cc:1552:reintegrate$593912.A[4]     18 20.6ms
                                                                            wb_rdata[64]     19 20.6ms
                                                                            wb_rdata[47]     20 20.5ms
                                    $techmap600839$abc$592175$lut$aiger592174$26528.A[2]     28 20.5ms
                                                                               app_rst_n     35 20.3ms
                            $techmap600503$auto$abc9_ops.cc:1552:reintegrate$593997.A[0]     34 20.3ms
                                    $techmap604602$abc$592175$lut$aiger592174$59900.A[3]      1 20.3ms
                  $techmap607491$abc$592175$lut$flatten\loader.$procmux$73481_Y[31].A[2]     32 20.2ms
                            $techmap605470$auto$abc9_ops.cc:1552:reintegrate$592518.A[1]     25 20.2ms
                                    $techmap605338$abc$592175$lut$aiger592174$47770.A[1]      2 20.2ms
                                                                            wb_rdata[89]     19 20.1ms
        $techmap610396$abc$592175$lut$auto$opt_dff.cc:251:make_patterns_logic$83265.A[1]     25 20.1ms
                                                                            wb_rdata[60]     20 20.1ms
                                                                           wb_rdata[124]     19 20.1ms
                                                                           matvec.pop_go     40 20.0ms
                            $techmap600803$auto$abc9_ops.cc:1552:reintegrate$593981.A[1]     36 20.0ms
                                                                            wb_rdata[53]     21 20.0ms
                  $techmap607482$abc$592175$lut$flatten\receiver.$0\count[31:0][31].A[4]     30 20.0ms
                                                                           wb_rdata[113]     19 20.0ms
        $techmap610396$abc$592175$lut$auto$opt_dff.cc:251:make_patterns_logic$83265.A[0]     26 20.0ms
                                    $techmap607029$abc$592175$lut$aiger592174$69347.A[5]      1 19.9ms
                                                                            wb_rdata[27]     22 19.9ms
                                                                            wb_rdata[24]     23 19.9ms
                            $techmap605831$auto$abc9_ops.cc:1552:reintegrate$592406.A[1]     29 19.9ms
                                                                         loader.lcn4[13]      1 19.8ms
                                                                            wb_rdata[50]     20 19.8ms
                            $techmap602069$auto$abc9_ops.cc:1552:reintegrate$593672.A[2]     39 19.8ms
                 $techmap609169$abc$592175$lut$flatten\matvec.$0\total_bad[63:0][8].A[0]      1 19.8ms
                            $techmap603010$auto$abc9_ops.cc:1552:reintegrate$593363.A[2]      5 19.7ms
                                                                            wb_rdata[29]     23 19.5ms
                                                                            wb_rdata[41]     21 19.5ms
                    $techmap608014$abc$592175$lut$flatten\matvec.$0\polls[63:0][23].A[0]      1 19.4ms
                                            $techmap216511$auto$ff.cc:337:slice$145192.D     39 19.4ms
                                                                            wb_rdata[49]     20 19.3ms
                                                                           wb_rdata[127]     20 19.2ms
                            $techmap600986$auto$abc9_ops.cc:1552:reintegrate$593954.A[2]     32 19.2ms
                            $techmap606074$auto$abc9_ops.cc:1552:reintegrate$592290.A[3]     29 19.2ms
                                                                            wb_rdata[38]     21 19.1ms
                            $techmap603186$auto$abc9_ops.cc:1552:reintegrate$593311.A[2]      3 19.1ms
                                    $techmap602188$abc$592175$lut$aiger592174$28205.A[4]     33 19.1ms
                                    $techmap611113$abc$592175$lut$aiger592174$24546.A[1]     34 19.0ms
                            $techmap602940$auto$abc9_ops.cc:1552:reintegrate$593393.A[2]      5 19.0ms
                                                                       loader.h_addr[20]     13 19.0ms
                                                            $abc$592175$aiger592174$9918      2 18.9ms
                            $techmap602381$auto$abc9_ops.cc:1552:reintegrate$593568.A[0]     10 18.9ms
        $techmap610666$abc$592175$lut$auto$opt_dff.cc:251:make_patterns_logic$82743.A[0]     25 18.9ms
                            $techmap601664$auto$abc9_ops.cc:1552:reintegrate$593740.A[2]      7 18.9ms
                            $techmap604048$auto$abc9_ops.cc:1552:reintegrate$593020.A[3]      5 18.8ms
                            $techmap602007$auto$abc9_ops.cc:1552:reintegrate$593701.A[5]     31 18.8ms
                                       ddr3.ddr3_controller_inst.bank_active_row_d[1][1]      4 18.7ms
                                                                            wb_rdata[57]     20 18.7ms
                                                                       loader.h_addr[11]     14 18.5ms
                                                                            wb_rdata[37]     20 18.4ms
                                                 ddr3.ddr3_controller_inst.dqs_store[17]      4 18.4ms
                                                                            wb_rdata[87]     19 18.3ms
                                    $techmap601471$abc$592175$lut$aiger592174$32444.A[0]      2 18.3ms
                            $techmap600356$auto$abc9_ops.cc:1552:reintegrate$594079.A[2]     25 18.2ms
                            $techmap605836$auto$abc9_ops.cc:1552:reintegrate$592405.A[1]     28 18.2ms
                                                                       loader.h_addr[22]     13 18.1ms
                                    $techmap610620$abc$592175$lut$aiger592174$29641.A[3]      4 18.1ms
                                                                               heartbeat      2 18.1ms
                                                                   loader.line_value[22]      2 18.1ms
                                         ddr3.ddr3_controller_inst.stage1_next_bank_d[1]     33 18.0ms
                            $techmap599568$auto$abc9_ops.cc:1552:reintegrate$594493.A[1]     62 18.0ms
                                     ddr3.ddr3_controller_inst.stage2_data_unaligned[32]      8 18.0ms
                                            $techmap218081$auto$ff.cc:337:slice$120304.D      1 18.0ms
                                    $techmap605080$abc$592175$lut$aiger592174$63770.A[2]      2 18.0ms
                            $techmap605414$auto$abc9_ops.cc:1552:reintegrate$592530.A[3]     18 17.9ms
                                                                           matvec.pr2[7]      3 17.8ms
                                    $techmap610631$abc$592175$lut$aiger592174$29584.A[3]     27 17.8ms
                                                 ddr3.ddr3_controller_inst.stage2_do_act     31 17.6ms
                                                                            wb_rdata[63]     21 17.6ms
                                                                           wb_rdata[112]     19 17.6ms
                   $techmap609364$abc$592175$lut$flatten\matvec.$procmux$57917_Y[6].A[0]      1 17.6ms
                                            $techmap217264$auto$ff.cc:337:slice$126445.D     10 17.6ms
                                                                        loader.h_len[14]     15 17.5ms
                                      ddr3.ddr3_controller_inst.write_by_byte_counter[3]     24 17.5ms
                                      ddr3.ddr3_controller_inst.write_by_byte_counter[0]     29 17.5ms
                                    $techmap601849$abc$592175$lut$aiger592174$37481.A[0]     34 17.5ms
                            $techmap605511$auto$abc9_ops.cc:1552:reintegrate$592506.A[1]     26 17.4ms
                                           $abc$592175$auto$rtlil.cc:3574:NotGate$199330     18 17.4ms
                  $techmap607482$abc$592175$lut$flatten\receiver.$0\count[31:0][31].A[0]     32 17.3ms
                            $techmap599616$auto$abc9_ops.cc:1552:reintegrate$594445.A[1]      5 17.2ms
                            $techmap605019$auto$abc9_ops.cc:1552:reintegrate$592667.A[1]     20 17.2ms
        $abc$592175$flatten\matvec.$8\dot_one$func$build/t27/specs/rtl/fpga_ddr3_matvec.v:2034$9817.dot_one_body.prod[31:0]$11097[10]     16 17.1ms
                                    $techmap600866$abc$592175$lut$aiger592174$27328.A[2]     23 17.1ms
                            $techmap605996$auto$abc9_ops.cc:1552:reintegrate$592329.A[2]     24 17.0ms
                                    $techmap604286$abc$592175$lut$aiger592174$56639.A[5]      4 17.0ms
                            $techmap600781$auto$abc9_ops.cc:1552:reintegrate$593983.A[0]     21 17.0ms
                            $techmap599764$auto$abc9_ops.cc:1552:reintegrate$594309.A[1]     33 17.0ms
                               $abc$592175$auto$opt_dff.cc:251:make_patterns_logic$81317     32 16.9ms
                            $techmap600853$auto$abc9_ops.cc:1552:reintegrate$593974.A[2]     33 16.9ms
                                    $techmap600940$abc$592175$lut$aiger592174$28036.A[2]      1 16.8ms
                  $techmap607385$abc$592175$lut$flatten\matvec.$procmux$58089_Y[34].A[0]      3 16.8ms
                                    $techmap600951$abc$592175$lut$aiger592174$27126.A[1]     26 16.8ms
                               $abc$592175$auto$opt_dff.cc:251:make_patterns_logic$82158     32 16.8ms
                               $abc$592175$auto$opt_dff.cc:251:make_patterns_logic$82722     16 16.7ms
                                      ddr3.ddr3_controller_inst.write_by_byte_counter[2]     30 16.7ms
                                                                            wb_rdata[52]     20 16.6ms
                                                ddr3.ddr3_controller_inst.stage1_bank[2]     29 16.6ms
                                                                        loader.h_len[11]     15 16.5ms
                                                                  matvec.result_index[7]     12 16.5ms
                            $techmap600385$auto$abc9_ops.cc:1552:reintegrate$594074.A[0]      3 16.5ms
                                 $techmap602050$abc$592175$lut\loader.line_value[2].A[1]     32 16.5ms
                               $abc$592175$auto$opt_dff.cc:251:make_patterns_logic$81242     32 16.4ms
        $techmap610454$abc$592175$lut$auto$opt_dff.cc:251:make_patterns_logic$83353.A[1]     20 16.4ms
                                               $auto$xilinx_dffopt.cc:347:execute$612964      1 16.4ms
                                    $techmap602235$abc$592175$lut$aiger592174$41272.A[3]     30 16.3ms
                                    $techmap603370$abc$592175$lut$aiger592174$49861.A[4]     16 16.3ms
                                    $techmap600000$abc$592175$lut$aiger592174$31823.A[0]      2 16.3ms
                                                              $PACKER_GND_NET$legal$1967      1 16.2ms
                                    $techmap601534$abc$592175$lut$aiger592174$32846.A[2]     28 16.2ms
                            $techmap603730$auto$abc9_ops.cc:1552:reintegrate$593134.A[2]     20 16.1ms
                                    $techmap604410$abc$592175$lut$aiger592174$57872.A[2]      3 16.1ms
                                                                               debug1[2]     25 16.1ms
                                                                            wb_rdata[44]     20 16.0ms
                            $techmap603833$auto$abc9_ops.cc:1552:reintegrate$593097.A[3]      1 15.9ms
                                                                            wb_rdata[97]     19 15.9ms
        $abc$592175$flatten\loader.$logic_and$build/t27/specs/rtl/fpga_ddr3_loader.v:1626$934_Y     32 15.9ms
                                    $techmap600829$abc$592175$lut$aiger592174$26545.A[0]     24 15.9ms
                            $techmap602856$auto$abc9_ops.cc:1552:reintegrate$593424.A[2]      7 15.8ms
                                                                            wb_rdata[42]     20 15.8ms
                                                                            wb_rdata[56]     20 15.8ms
                                    $techmap601627$abc$592175$lut$aiger592174$33280.A[1]     32 15.8ms
                                                                               debug1[4]     26 15.7ms
                            $techmap601275$auto$abc9_ops.cc:1552:reintegrate$593910.A[4]     19 15.7ms
                  $techmap607515$abc$592175$lut$flatten\matvec.$procmux$58421_Y[31].A[1]     32 15.5ms
                                                                         master.m_hi[10]      2 15.5ms
                                                                        loader.h_len[12]     16 15.5ms
                               $techmap608345$abc$592175$lut\matvec.result_read[19].A[0]     32 15.4ms
                                                                       loader.h_addr[23]     13 15.4ms
                                    $techmap601265$abc$592175$lut$aiger592174$29896.A[0]      6 15.3ms
                                                                       loader.h_addr[26]     11 15.3ms
                                    $techmap600653$abc$592175$lut$aiger592174$23618.A[0]     34 15.2ms
                                                                            wb_rdata[46]     20 15.2ms
                                                                            wb_rdata[85]     19 15.2ms
                                                              $PACKER_GND_NET$legal$3495      1 15.2ms
                                   $techmap606617$abc$592175$lut$not$aiger592174$14556.A      4 15.2ms
                                    $techmap603784$abc$592175$lut$aiger592174$42982.A[1]      2 15.2ms
                                                                               debug1[1]     19 15.1ms
                            $techmap603616$auto$abc9_ops.cc:1552:reintegrate$593187.A[2]      5 15.1ms
                            $techmap604201$auto$abc9_ops.cc:1552:reintegrate$592977.A[4]      5 15.1ms
                                                                                clk_ctrl   9682 15.1ms
                                                                               debug1[3]     21 15.1ms
                                                                        loader.h_addr[4]     14 15.1ms
                                                                     ddr3.dq_tri_control     18 15.1ms
                            $techmap601271$auto$abc9_ops.cc:1552:reintegrate$593911.A[4]     18 15.0ms
                                                          ddr3.idelay_data_cntvaluein[2]     20 15.0ms
                            $techmap601504$auto$abc9_ops.cc:1552:reintegrate$593762.A[1]     32 15.0ms
                            $techmap601263$auto$abc9_ops.cc:1552:reintegrate$593913.A[4]     18 15.0ms
                                                                        loader.h_addr[3]     13 15.0ms
        $abc$592175$flatten\loader.$logic_and$build/t27/specs/rtl/fpga_ddr3_loader.v:1618$920_Y     32 14.9ms
                                                                         loader.h_len[8]     16 14.9ms
        $techmap610769$abc$592175$lut$auto$opt_dff.cc:251:make_patterns_logic$82875.A[2]     32 14.9ms
                                    $techmap603646$abc$592175$lut$aiger592174$51531.A[4]      1 14.9ms
                  $techmap607595$abc$592175$lut$flatten\matvec.$procmux$57972_Y[30].A[2]     31 14.9ms
                                    $techmap605073$abc$592175$lut$aiger592174$63809.A[5]      2 14.8ms
                                                                         loader.h_len[0]     13 14.8ms
                                    $techmap610735$abc$592175$lut$aiger592174$27902.A[2]     27 14.8ms
                                        ddr3.ddr3_controller_inst.instruction_address[4]     27 14.8ms
                                    $techmap603923$abc$592175$lut$aiger592174$53525.A[2]      1 14.7ms
                                    $techmap601238$abc$592175$lut$aiger592174$29212.A[2]     20 14.7ms
                            $techmap602966$auto$abc9_ops.cc:1552:reintegrate$593382.A[1]     16 14.6ms
                  $techmap607236$abc$592175$lut$flatten\matvec.$procmux$58032_Y[39].A[2]     40 14.6ms
                                                                        loader.h_len[10]     17 14.6ms
                                              ddr3.ddr3_controller_inst.stage2_bank_d[2]     28 14.6ms
                     $abc$592175$flatten\ddr3.\ddr3_controller_inst.$procmux$33176_Y[10]      2 14.6ms
                               $abc$592175$auto$opt_dff.cc:251:make_patterns_logic$82701     32 14.5ms
                            $techmap600988$auto$abc9_ops.cc:1552:reintegrate$593953.A[4]      8 14.5ms
                                     ddr3.ddr3_controller_inst.stage2_data_unaligned[67]      6 14.5ms
                                                 ddr3.ddr3_controller_inst.calib_addr[8]      2 14.5ms
                                    $techmap603086$abc$592175$lut$aiger592174$47952.A[2]      2 14.5ms
                                       ddr3.ddr3_controller_inst.delay_counter_is_zero_d     30 14.4ms
                            $techmap603936$auto$abc9_ops.cc:1552:reintegrate$593064.A[0]     10 14.4ms
                                                                         ddr3.bitslip[0]     18 14.3ms
                                    $techmap600634$abc$592175$lut$aiger592174$24390.A[0]     35 14.3ms
                            $techmap604181$auto$abc9_ops.cc:1552:reintegrate$592987.A[1]      4 14.3ms
                               $abc$592175$auto$opt_dff.cc:251:make_patterns_logic$80885     16 14.2ms
                                                                  matvec.result_index[8]     12 14.2ms
                                                                         master.outst[3]      6 14.1ms
                                            ddr3.ddr3_controller_inst.dqs_start_index[2]     25 14.1ms
        $techmap610671$abc$592175$lut$auto$opt_dff.cc:251:make_patterns_logic$82381.A[3]     33 14.1ms
                                    $techmap604412$abc$592175$lut$aiger592174$57881.A[1]      3 14.1ms
                               $abc$592175$auto$opt_dff.cc:251:make_patterns_logic$81944     32 14.1ms
                                                                              wr_addr[9]      5 14.1ms
                                               $abc$592175$aiger592174$25099$legal$11677      1 14.1ms
               $techmap607521$abc$592175$lut$flatten\loader.$0\prob_count[31:0][31].A[4]     32 14.0ms
                            $techmap601271$auto$abc9_ops.cc:1552:reintegrate$593911.A[3]     17 14.0ms
                                                                       loader.h_addr[17]     12 14.0ms
                            $techmap599753$auto$abc9_ops.cc:1552:reintegrate$594317.A[0]      2 14.0ms
                            $techmap601196$auto$abc9_ops.cc:1552:reintegrate$593932.A[2]     21 13.9ms
        $techmap610749$abc$592175$lut$auto$opt_dff.cc:251:make_patterns_logic$82844.A[4]     34 13.9ms
                            $techmap600980$auto$abc9_ops.cc:1552:reintegrate$593957.A[4]     34 13.9ms
                                    $techmap605537$abc$592175$lut$aiger592174$45233.A[2]      2 13.9ms
                                                          ddr3.idelay_data_cntvaluein[0]     17 13.9ms
                                    $techmap604976$abc$592175$lut$aiger592174$63059.A[0]      2 13.9ms
                                     ddr3.ddr3_controller_inst.stage2_data_unaligned[46]      5 13.9ms
                               $abc$592175$auto$opt_dff.cc:251:make_patterns_logic$83369     28 13.8ms
                                      ddr3.ddr3_controller_inst.stage2_data_unaligned[4]      8 13.8ms
                                                              $PACKER_GND_NET$legal$3245      1 13.8ms
                            $techmap599659$auto$abc9_ops.cc:1552:reintegrate$594402.A[1]     12 13.8ms
                                                                         loader.h_len[2]     14 13.8ms
                                                          ddr3.idelay_data_cntvaluein[1]     20 13.8ms
                            $techmap605140$auto$abc9_ops.cc:1552:reintegrate$592624.A[0]     14 13.8ms
                               $abc$592175$auto$opt_dff.cc:251:make_patterns_logic$81918     32 13.8ms
                                    $techmap605524$abc$592175$lut$aiger592174$67092.A[5]      2 13.7ms
                                                             $PACKER_GND_NET$legal$10307      1 13.6ms
                                        ddr3.ddr3_controller_inst.instruction_address[0]     21 13.6ms
                            $techmap600803$auto$abc9_ops.cc:1552:reintegrate$593981.A[3]     33 13.6ms
                                                                        loader.h_addr[7]     14 13.6ms
                                    $techmap600868$abc$592175$lut$aiger592174$27333.A[3]     32 13.6ms
                                    $techmap601778$abc$592175$lut$aiger592174$37151.A[0]     21 13.5ms
                                                              $PACKER_GND_NET$legal$1563      1 13.5ms
                                   $techmap606514$abc$592175$lut$not$aiger592174$16131.A      3 13.5ms
                                    $techmap601761$abc$592175$lut$aiger592174$37196.A[1]     20 13.5ms
                                                                       resetgen.hold[12]      2 13.5ms
                            $techmap601259$auto$abc9_ops.cc:1552:reintegrate$593914.A[4]     19 13.5ms
                                                                         loader.h_len[4]     13 13.3ms
        $abc$592175$flatten\master.$logic_and$build/t27/specs/rtl/fpga_loader_wb.v:507$9442_Y     32 13.3ms
                                                                       loader.h_addr[15]     12 13.3ms
                               $abc$592175$auto$opt_dff.cc:251:make_patterns_logic$81892     32 13.3ms
                            $techmap601247$auto$abc9_ops.cc:1552:reintegrate$593916.A[3]     18 13.2ms
                                                                 matvec.result_index[23]      4 13.2ms
                                    $techmap602235$abc$592175$lut$aiger592174$41272.A[2]     24 13.2ms
                                    $techmap605301$abc$592175$lut$aiger592174$65792.A[3]      1 13.2ms
                            $techmap600992$auto$abc9_ops.cc:1552:reintegrate$593952.A[2]     16 13.1ms
                                            ddr3.ddr3_controller_inst.dqs_start_index[1]     32 13.1ms
                                          ddr3.ddr3_controller_inst.start_index_check[4]     38 13.1ms
                                    $techmap603522$abc$592175$lut$aiger592174$50525.A[3]     15 13.1ms
                            $techmap600446$auto$abc9_ops.cc:1552:reintegrate$594027.A[2]      3 13.0ms
                                     $techmap610716$abc$592175$lut\arbiter.handover.A[2]     37 13.0ms
                               $abc$592175$auto$opt_dff.cc:251:make_patterns_logic$82921      8 13.0ms
                                               $auto$xilinx_dffopt.cc:347:execute$613444      1 13.0ms
                                                                           matvec.pr0[6]      2 13.0ms
                                                                        loader.h_addr[2]     14 13.0ms
                                    $techmap601079$abc$592175$lut$aiger592174$29171.A[3]      7 13.0ms
                                                                           wb_rdata[110]     19 12.9ms
                            $techmap604441$auto$abc9_ops.cc:1552:reintegrate$592875.A[4]      5 12.9ms
                            $techmap600473$auto$abc9_ops.cc:1552:reintegrate$594002.A[3]     16 12.9ms
                            $techmap602272$auto$abc9_ops.cc:1552:reintegrate$593611.A[1]     35 12.9ms
                                            $auto$alumacc.cc:512:replace_alu$89620.Y[23]      2 12.9ms
                               $abc$592175$auto$opt_dff.cc:251:make_patterns_logic$81762     32 12.9ms
                                    $techmap604352$abc$592175$lut$aiger592174$57360.A[4]      1 12.9ms
                                    $techmap600750$abc$592175$lut$aiger592174$25263.A[1]     26 12.9ms
                                                                 matvec.result_index[22]      4 12.9ms
                                          ddr3.ddr3_controller_inst.start_index_check[5]     37 12.9ms
                               $abc$592175$auto$opt_dff.cc:234:make_patterns_logic$99862      7 12.8ms
                                    $techmap605451$abc$592175$lut$aiger592174$66704.A[1]     24 12.8ms
                                    $techmap610764$abc$592175$lut$aiger592174$27825.A[2]     33 12.8ms
                                     ddr3.ddr3_controller_inst.stage2_data_unaligned[48]      8 12.8ms
                                        $techmap600323$abc$592175$lut\matvec.pop_go.A[3]     28 12.7ms
        $abc$592175$flatten\matvec.$8\dot_one$func$build/t27/specs/rtl/fpga_ddr3_matvec.v:2032$9815.dot_one_body.prod[31:0]$11065[10]     16 12.7ms
                                                                       loader.h_addr[12]     14 12.6ms
                                     ddr3.ddr3_controller_inst.stage2_data_unaligned[39]      6 12.6ms
                               $abc$592175$auto$opt_dff.cc:251:make_patterns_logic$82381     32 12.6ms
                     $techmap610622$abc$592175$lut$flatten\transmitter.$0\busy[0:0].A[1]     36 12.6ms
                                    $techmap604315$abc$592175$lut$aiger592174$56867.A[0]      3 12.6ms
                                                                        loader.h_addr[5]     13 12.6ms
                      $techmap609199$abc$592175$lut$flatten\emitter.$0\pos[31:0][8].A[1]      1 12.6ms
                                                                         loader.h_len[6]     14 12.5ms
                                                                        loader.h_addr[8]     15 12.5ms
                            $techmap600666$auto$abc9_ops.cc:1552:reintegrate$593992.A[0]     26 12.5ms
                                        ddr3.ddr3_controller_inst.instruction_address[1]     23 12.5ms
                                    $techmap604031$abc$592175$lut$aiger592174$54591.A[0]      3 12.4ms
                                                       ddr3.iserdes_bitslip_reference[0]      3 12.4ms
                               $abc$592175$auto$opt_dff.cc:251:make_patterns_logic$81994     32 12.4ms
                                                                         loader.h_len[5]     14 12.4ms
                            $techmap600718$auto$abc9_ops.cc:1552:reintegrate$593988.A[1]     16 12.4ms
                            $techmap603154$auto$abc9_ops.cc:1552:reintegrate$593320.A[2]     16 12.3ms
                                                                         loader.h_len[7]     14 12.3ms
                            $techmap605499$auto$abc9_ops.cc:1552:reintegrate$592509.A[2]      1 12.3ms
                                      ddr3.ddr3_controller_inst.bank_active_row_d[5][14]      4 12.3ms
        $techmap610700$abc$592175$lut$auto$opt_dff.cc:251:make_patterns_logic$81990.A[1]     32 12.3ms
                     $techmap608611$abc$592175$lut$flatten\emitter.$0\pos[31:0][15].A[1]      1 12.3ms
                               $abc$592175$auto$opt_dff.cc:251:make_patterns_logic$80603     32 12.3ms
                                    $techmap603427$abc$592175$lut$aiger592174$49946.A[1]      2 12.3ms
                                     ddr3.ddr3_controller_inst.stage2_data_unaligned[83]      6 12.2ms
                            $techmap606116$auto$abc9_ops.cc:1552:reintegrate$592260.A[3]     14 12.1ms
               $techmap607469$abc$592175$lut$flatten\matvec.$0\stray_acks[31:0][31].A[4]     32 12.1ms
                            $techmap601325$auto$abc9_ops.cc:1552:reintegrate$593870.A[1]      3 12.1ms
                                                                              line_b[24]      1 12.0ms
                            $techmap599848$auto$abc9_ops.cc:1552:reintegrate$594225.A[1]      5 12.0ms
                                                 ddr3.ddr3_controller_inst.dqs_store[25]      4 11.9ms
                                            $auto$alumacc.cc:512:replace_alu$89790.Y[14]      1 11.9ms
                               $abc$592175$auto$opt_dff.cc:234:make_patterns_logic$99859      7 11.9ms
                                    $techmap603367$abc$592175$lut$aiger592174$49856.A[3]     16 11.9ms
                                    $techmap602700$abc$592175$lut$aiger592174$44832.A[1]      3 11.9ms
                                            $auto$alumacc.cc:512:replace_alu$89701.Y[14]      1 11.8ms
                                       ddr3.ddr3_controller_inst.bank_active_row_d[4][1]      4 11.8ms
                            $techmap599764$auto$abc9_ops.cc:1552:reintegrate$594309.A[2]     33 11.8ms
                            $techmap601263$auto$abc9_ops.cc:1552:reintegrate$593913.A[3]     17 11.8ms
              $techmap86154$flatten\resetgen.$lt$build/t27/specs/rtl/fpga_reset.v:84$4.Y     33 11.8ms
                            $techmap600488$auto$abc9_ops.cc:1552:reintegrate$593998.A[2]     38 11.7ms
                                                                         loader.h_len[1]     14 11.7ms
                            $techmap600446$auto$abc9_ops.cc:1552:reintegrate$594027.A[0]      3 11.7ms
        $flatten\ddr3.\ddr3_controller_inst.$shiftx$build/uberddr3/rtl/ddr3_controller.v:3388$27894.Y[47]      1 11.7ms
                                    $techmap600351$abc$592175$lut$aiger592174$27980.A[0]     18 11.7ms
                                                                       loader.h_addr[31]     14 11.6ms
                                    $techmap603113$abc$592175$lut$aiger592174$48240.A[4]      2 11.6ms
                                                           ddr3.idelay_dqs_cntvaluein[4]      5 11.6ms
                            $techmap602742$auto$abc9_ops.cc:1552:reintegrate$593460.A[0]     10 11.6ms
                                                                 matvec.result_index[10]     12 11.6ms
                            $techmap605839$auto$abc9_ops.cc:1552:reintegrate$592403.A[3]     18 11.5ms
                                 $flatten\ddr3.\ddr3_controller_inst.$procmux$33306.S[1]      4 11.5ms
                            $techmap599671$auto$abc9_ops.cc:1552:reintegrate$594390.A[0]      4 11.5ms
                            $techmap603589$auto$abc9_ops.cc:1552:reintegrate$593205.A[2]      5 11.5ms
                            $techmap601275$auto$abc9_ops.cc:1552:reintegrate$593910.A[3]     17 11.5ms
                                    $techmap605257$abc$592175$lut$aiger592174$65510.A[2]      1 11.4ms
                            $techmap600781$auto$abc9_ops.cc:1552:reintegrate$593983.A[1]     14 11.4ms
                     $techmap607579$abc$592175$lut$flatten\emitter.$0\pos[31:0][30].A[1]      1 11.4ms
                            $techmap600781$auto$abc9_ops.cc:1552:reintegrate$593983.A[2]     15 11.4ms
                            $techmap601424$auto$abc9_ops.cc:1552:reintegrate$593789.A[1]      9 11.4ms
                                    $techmap602518$abc$592175$lut$aiger592174$43648.A[1]     13 11.4ms
                               $abc$592175$auto$opt_dff.cc:251:make_patterns_logic$81905     32 11.3ms
                                                                            wb_rdata[58]     20 11.3ms
                                    $techmap604877$abc$592175$lut$aiger592174$62257.A[1]      4 11.2ms
                            $techmap602576$auto$abc9_ops.cc:1552:reintegrate$593513.A[2]     16 11.1ms
                                                                       loader.h_addr[30]     14 11.1ms
                            $techmap602359$auto$abc9_ops.cc:1552:reintegrate$593583.A[2]     16 11.1ms
                            $techmap603535$auto$abc9_ops.cc:1552:reintegrate$593216.A[1]      9 11.1ms
                                    $techmap605868$abc$592175$lut$aiger592174$69201.A[4]      1 11.1ms
        $techmap610454$abc$592175$lut$auto$opt_dff.cc:251:make_patterns_logic$83353.A[0]     20 11.1ms
                                            $auto$alumacc.cc:512:replace_alu$89671.Y[15]      1 11.1ms
                               $abc$592175$auto$opt_dff.cc:251:make_patterns_logic$81283     32 11.1ms
                                    $techmap610530$abc$592175$lut$aiger592174$31292.A[2]      2 11.1ms
                      $techmap611015$abc$592175$lut$flatten\loader.$0\baud_sel[0:0].A[1]     33 11.1ms
                                    $techmap604830$abc$592175$lut$aiger592174$62068.A[1]      2 11.1ms
                            $techmap601827$auto$abc9_ops.cc:1552:reintegrate$593711.A[2]     22 11.1ms
                                               $auto$xilinx_dffopt.cc:347:execute$612044      1 11.0ms
                                    $techmap600493$abc$592175$lut$aiger592174$23425.A[0]      4 11.0ms
                                    $techmap601789$abc$592175$lut$aiger592174$37158.A[1]     10 11.0ms
                                                                       loader.h_addr[10]     14 11.0ms
                                                                       loader.h_addr[29]     13 11.0ms
                            $techmap604549$auto$abc9_ops.cc:1552:reintegrate$592836.A[4]      5 11.0ms
                            $techmap604631$auto$abc9_ops.cc:1552:reintegrate$592810.A[1]     18 11.0ms
                $techmap607493$abc$592175$lut$flatten\loader.$0\port_wait[31:0][31].A[1]     32 11.0ms
                                    $techmap603116$abc$592175$lut$aiger592174$48233.A[1]      2 11.0ms
                                         ddr3.ddr3_controller_inst.stage1_next_bank_d[2]     19 10.9ms
                            $techmap600777$auto$abc9_ops.cc:1552:reintegrate$593985.A[3]     14 10.9ms
                            $techmap603087$auto$abc9_ops.cc:1552:reintegrate$593344.A[4]      3 10.8ms
                                        $techmap600323$abc$592175$lut\matvec.pop_go.A[5]     33 10.8ms
                            $techmap599611$auto$abc9_ops.cc:1552:reintegrate$594450.A[1]      5 10.8ms
                                         $auto$memory_libmap.cc:1950:emit_port$92077[29]      1 10.8ms
                            $techmap601653$auto$abc9_ops.cc:1552:reintegrate$593745.A[1]     28 10.8ms
                            $techmap602292$auto$abc9_ops.cc:1552:reintegrate$593607.A[5]      7 10.7ms
                                                ddr3.ddr3_controller_inst.stage2_row[11]     10 10.7ms
                            $techmap603300$auto$abc9_ops.cc:1552:reintegrate$593280.A[0]     10 10.7ms
                                                                        loader.h_len[13]     16 10.7ms
                                    $techmap601044$abc$592175$lut$aiger592174$28705.A[0]     12 10.7ms
                            $techmap601667$auto$abc9_ops.cc:1552:reintegrate$593739.A[0]     27 10.6ms
                                        ddr3.ddr3_controller_inst.instruction_address[2]     22 10.6ms
                            $techmap601253$auto$abc9_ops.cc:1552:reintegrate$593915.A[3]     17 10.6ms
                                    $techmap600907$abc$592175$lut$aiger592174$27771.A[2]     33 10.6ms
                            $techmap603594$auto$abc9_ops.cc:1552:reintegrate$593201.A[1]      8 10.6ms
                                                                         loader.h_len[9]     15 10.6ms
                                                                         master.outst[1]      5 10.5ms
                                                                        loader.h_addr[0]     14 10.5ms
                                                ddr3.ddr3_controller_inst.calib_addr[12]      2 10.5ms
                                    $techmap601849$abc$592175$lut$aiger592174$37481.A[2]      2 10.5ms
                                    $techmap607125$abc$592175$lut$aiger592174$68567.A[3]      1 10.5ms
                            $techmap604175$auto$abc9_ops.cc:1552:reintegrate$592992.A[1]     11 10.5ms
        $techmap86125$flatten\master.$gt$build/t27/specs/rtl/fpga_loader_wb.v:510$9444.Y     32 10.5ms
                                    $techmap600589$abc$592175$lut$aiger592174$23822.A[2]      2 10.5ms
                                            $techmap219427$auto$ff.cc:337:slice$117959.D     16 10.4ms
                            $techmap603701$auto$abc9_ops.cc:1552:reintegrate$593144.A[0]     10 10.3ms
                                    $techmap603259$abc$592175$lut$aiger592174$49178.A[1]      2 10.3ms
                                             $abc$592175$auto$rtlil.cc:3472:Mux$91678[3]      2 10.3ms
                            $techmap605653$auto$abc9_ops.cc:1552:reintegrate$592468.A[4]      1 10.2ms
                                                                       loader.h_addr[16]     11 10.2ms
                  $techmap608065$abc$592175$lut$flatten\matvec.$procmux$57917_Y[23].A[0]      1 10.2ms
                                                                             rd_addr[26]      3 10.2ms
                                    $techmap602624$abc$592175$lut$aiger592174$44247.A[2]      9 10.1ms
                                    $techmap601001$abc$592175$lut$aiger592174$28548.A[1]      2 10.1ms
                            $techmap605976$auto$abc9_ops.cc:1552:reintegrate$592338.A[4]      8 10.1ms
                                    $techmap609121$abc$592175$lut$aiger592174$52137.A[2]      1 10.1ms
                            $techmap600980$auto$abc9_ops.cc:1552:reintegrate$593957.A[0]     13 10.1ms
                                                                       loader.h_addr[13]     14 10.0ms
                                    $techmap603745$abc$592175$lut$aiger592174$52504.A[2]      1 10.0ms
                            $techmap600884$auto$abc9_ops.cc:1552:reintegrate$593972.A[2]      9 10.0ms
                            $techmap602225$auto$abc9_ops.cc:1552:reintegrate$593622.A[2]     34 10.0ms
                                    $techmap600868$abc$592175$lut$aiger592174$27333.A[4]     16 10.0ms
                            $techmap600718$auto$abc9_ops.cc:1552:reintegrate$593988.A[3]     18 10.0ms
                                    $techmap601825$abc$592175$lut$aiger592174$29419.A[0]      2 10.0ms
                                                                       receiver.shift[7]      2 10.0ms
                   $techmap609942$abc$592175$lut$flatten\matvec.$procmux$57133_Y[1].A[1]     23 10.0ms
                                                                       loader.h_addr[24]     11 9.9ms
                               $abc$592175$auto$opt_dff.cc:251:make_patterns_logic$83548     32 9.9ms
                               $abc$592175$auto$opt_dff.cc:251:make_patterns_logic$82813     31 9.9ms
                                    $techmap603036$abc$592175$lut$aiger592174$47618.A[2]      2 9.9ms
                                    $techmap600750$abc$592175$lut$aiger592174$25263.A[0]     14 9.8ms
                                         ddr3.ddr3_controller_inst.o_wb_ack_read_q[0][0]      5 9.8ms
                            $techmap604582$auto$abc9_ops.cc:1552:reintegrate$592822.A[1]     18 9.8ms
                                    $techmap602279$abc$592175$lut$aiger592174$41470.A[2]      2 9.8ms
                               $abc$592175$auto$opt_dff.cc:251:make_patterns_logic$81853     32 9.7ms
                            $techmap601574$auto$abc9_ops.cc:1552:reintegrate$593758.A[3]     24 9.7ms
                                     ddr3.ddr3_controller_inst.stage2_data_unaligned[92]      6 9.7ms
                            $techmap600946$auto$abc9_ops.cc:1552:reintegrate$593963.A[3]      8 9.7ms
                            $techmap600739$auto$abc9_ops.cc:1552:reintegrate$593986.A[0]     11 9.7ms
                            $techmap599607$auto$abc9_ops.cc:1552:reintegrate$594454.A[1]      5 9.7ms
                            $techmap601327$auto$abc9_ops.cc:1552:reintegrate$593869.A[3]      3 9.7ms
                                    ddr3.ddr3_controller_inst.stage2_data_unaligned[103]      7 9.7ms
                                    $techmap604561$abc$592175$lut$aiger592174$59489.A[0]      2 9.7ms
                                                                       loader.h_addr[18]     11 9.6ms
                                                           $abc$592175$aiger592174$35480      8 9.6ms
                            $techmap601433$auto$abc9_ops.cc:1552:reintegrate$593787.A[4]     30 9.6ms
                                    $techmap606840$abc$592175$lut$aiger592174$70757.A[3]      1 9.5ms
                            $techmap602922$auto$abc9_ops.cc:1552:reintegrate$593401.A[1]      5 9.5ms
                                                                   loader.stage_word[14]      2 9.5ms
                            $techmap603017$auto$abc9_ops.cc:1552:reintegrate$593358.A[0]     10 9.5ms
                                    $techmap600681$abc$592175$lut$aiger592174$24672.A[4]      3 9.5ms
                                                                         ddr3.bitslip[1]     18 9.5ms
                                                                        master.outst[31]      5 9.5ms
                            $techmap601241$auto$abc9_ops.cc:1552:reintegrate$593917.A[4]     16 9.5ms
                                             $auto$alumacc.cc:512:replace_alu$89683.Y[8]      1 9.5ms
                            $techmap603682$auto$abc9_ops.cc:1552:reintegrate$593156.A[0]     10 9.5ms
                               $abc$592175$auto$opt_dff.cc:251:make_patterns_logic$80980     39 9.5ms
                            $techmap600662$auto$abc9_ops.cc:1552:reintegrate$593993.A[3]     30 9.4ms
                                    $techmap602264$abc$592175$lut$aiger592174$35459.A[0]      1 9.4ms
                                                                        loader.h_addr[1]     12 9.4ms
                                    $techmap603362$abc$592175$lut$aiger592174$49852.A[5]     16 9.4ms
                                                                             rd_addr[16]      4 9.4ms
                                    $techmap603794$abc$592175$lut$aiger592174$52771.A[1]      3 9.3ms
                                    $techmap604491$abc$592175$lut$aiger592174$58833.A[1]      3 9.3ms
                            $techmap602782$auto$abc9_ops.cc:1552:reintegrate$593450.A[1]     16 9.3ms
                            $techmap599845$auto$abc9_ops.cc:1552:reintegrate$594228.A[1]      5 9.3ms
                                     ddr3.ddr3_controller_inst.stage2_data_unaligned[59]      6 9.3ms
                                                              $PACKER_GND_NET$legal$8361      1 9.3ms
                                       $auto$memory_libmap.cc:1674:generate_mux$91724[6]      1 9.2ms
                                    $techmap604195$abc$592175$lut$aiger592174$55519.A[0]      3 9.2ms
                                                           $abc$592175$aiger592174$35477      8 9.2ms
                                            ddr3.ddr3_controller_inst.read_lane_data[19]      3 9.2ms
                            $techmap603346$auto$abc9_ops.cc:1552:reintegrate$593256.A[2]     16 9.2ms
                                    $techmap610631$abc$592175$lut$aiger592174$29584.A[0]     30 9.2ms
                   $techmap607150$abc$592175$lut$flatten\matvec.$0\act_rd[63:0][43].A[4]      1 9.2ms
                                    $techmap605290$abc$592175$lut$aiger592174$65829.A[4]      2 9.2ms
                  $techmap607534$abc$592175$lut$flatten\matvec.$0\req_gap[31:0][31].A[1]     32 9.2ms
                            $techmap601653$auto$abc9_ops.cc:1552:reintegrate$593745.A[2]     29 9.1ms
                                                                     loader.resp_bits[1]      1 9.1ms
                                    $techmap604942$abc$592175$lut$aiger592174$62841.A[2]      2 9.1ms
                                                                              line_a[23]      1 9.1ms
                            $techmap601561$auto$abc9_ops.cc:1552:reintegrate$593759.A[0]     33 9.1ms
                                    $techmap601768$abc$592175$lut$aiger592174$37194.A[2]     16 9.1ms
                            $techmap599669$auto$abc9_ops.cc:1552:reintegrate$594392.A[1]     11 9.1ms
                                    $techmap610713$abc$592175$lut$aiger592174$25642.A[0]      3 9.1ms
                                                                 matvec.result_index[25]      4 9.0ms
                               $abc$592175$auto$opt_dff.cc:234:make_patterns_logic$83657     32 9.0ms
                               $abc$592175$auto$opt_dff.cc:234:make_patterns_logic$83066     15 9.0ms
                            $techmap600803$auto$abc9_ops.cc:1552:reintegrate$593981.A[0]     11 9.0ms
        $techmap610137$abc$592175$lut$auto$opt_dff.cc:251:make_patterns_logic$82984.A[1]     12 9.0ms
                                    $techmap603643$abc$592175$lut$aiger592174$51557.A[2]      2 8.9ms
                                       ddr3.ddr3_controller_inst.bank_active_row_d[1][6]      4 8.9ms
                                                            $abc$592175$aiger592174$9992      4 8.9ms
                               $abc$592175$auto$opt_dff.cc:251:make_patterns_logic$81168     32 8.9ms
                            $techmap604902$auto$abc9_ops.cc:1552:reintegrate$592702.A[4]      8 8.9ms
                               $abc$592175$auto$opt_dff.cc:251:make_patterns_logic$83616      5 8.9ms
                                                                       loader.h_addr[19]     12 8.9ms
                                            $auto$alumacc.cc:512:replace_alu$89742.Y[12]      1 8.9ms
                                     ddr3.ddr3_controller_inst.stage2_data_unaligned[16]      8 8.9ms
        $abc$592175$flatten\ddr3.\ddr3_controller_inst.$2$lookahead\calib_data$27204[127:0]$27531[48]      1 8.9ms
                            $techmap599811$auto$abc9_ops.cc:1552:reintegrate$594262.A[0]      8 8.9ms
                            $techmap605168$auto$abc9_ops.cc:1552:reintegrate$592613.A[3]      1 8.8ms
                            $techmap602127$auto$abc9_ops.cc:1552:reintegrate$593658.A[2]     16 8.8ms
                                    ddr3.ddr3_controller_inst.stage2_data_unaligned[112]      7 8.8ms
                            $techmap601334$auto$abc9_ops.cc:1552:reintegrate$593866.A[3]     22 8.8ms
                                                                  ddr3.idelay_data_ld[0]     10 8.8ms
                            $techmap603602$auto$abc9_ops.cc:1552:reintegrate$593196.A[3]     18 8.8ms
                    $techmap607512$abc$592175$lut$flatten\loader.$0\quiet[31:0][31].A[1]     32 8.8ms
                                    $techmap605070$abc$592175$lut$aiger592174$63827.A[0]      2 8.7ms
                                                          $abc$592175$aiger592174$11892b      2 8.7ms
                                                                       loader.h_addr[21]     13 8.7ms
                                           ddr3.ddr3_controller_inst.stage1_next_bank[1]      8 8.7ms
                            $techmap599655$auto$abc9_ops.cc:1552:reintegrate$594406.A[1]     10 8.7ms
                                    ddr3.ddr3_controller_inst.calib_data_randomized[123]     10 8.7ms
                                    $techmap601467$abc$592175$lut$aiger592174$32442.A[2]     11 8.7ms
                                            ddr3.ddr3_controller_inst.dqs_start_index[3]     17 8.7ms
                                                 ddr3.ddr3_controller_inst.stage2_row[9]     11 8.7ms
                            $techmap601646$auto$abc9_ops.cc:1552:reintegrate$593751.A[4]     26 8.7ms
                                    $techmap601439$abc$592175$lut$aiger592174$32397.A[3]     14 8.6ms
                                 ddr3.ddr3_controller_inst.check_test_address_counter[1]      9 8.6ms
                            $techmap599843$auto$abc9_ops.cc:1552:reintegrate$594230.A[1]      5 8.6ms
                $techmap608231$abc$592175$lut$flatten\receiver.$procmux$77146_Y[20].A[1]      1 8.6ms
                            $techmap602350$auto$abc9_ops.cc:1552:reintegrate$593586.A[2]      1 8.6ms
                                                                        loader.h_len[15]     15 8.6ms
                            $techmap602961$auto$abc9_ops.cc:1552:reintegrate$593384.A[2]      9 8.6ms
                                                              $PACKER_GND_NET$legal$2107      1 8.5ms
                                    $techmap602706$abc$592175$lut$aiger592174$44953.A[0]      3 8.5ms
                               $abc$592175$auto$opt_dff.cc:251:make_patterns_logic$80585      7 8.5ms
                            $techmap602157$auto$abc9_ops.cc:1552:reintegrate$593644.A[2]     17 8.5ms
                            $techmap605976$auto$abc9_ops.cc:1552:reintegrate$592338.A[3]     18 8.5ms
                                    ddr3.ddr3_controller_inst.calib_data_randomized[103]     11 8.5ms
                                                                 matvec.result_index[18]      4 8.5ms
                                                           $abc$592175$aiger592174$38392      1 8.5ms
                                            ddr3.ddr3_controller_inst.stage1_next_row[9]     11 8.4ms
                  $techmap607517$abc$592175$lut$flatten\matvec.$procmux$58879_Y[31].A[1]     32 8.4ms
                                            $auto$alumacc.cc:512:replace_alu$89745.Y[10]      1 8.4ms
                            $techmap599660$auto$abc9_ops.cc:1552:reintegrate$594401.A[1]     12 8.4ms
                                    $techmap607072$abc$592175$lut$aiger592174$69011.A[4]      1 8.4ms
        $abc$592175$flatten\ddr3.\ddr3_phy_inst.$logic_not$build/uberddr3/rtl/ddr3_phy.v:1126$26157_Y      4 8.4ms
                               $abc$592175$auto$opt_dff.cc:251:make_patterns_logic$81866     32 8.4ms
                            $techmap599612$auto$abc9_ops.cc:1552:reintegrate$594449.A[1]      5 8.4ms
                                     ddr3.ddr3_controller_inst.stage2_data_unaligned[51]      6 8.3ms
                                    $techmap603378$abc$592175$lut$aiger592174$49900.A[4]      1 8.3ms
                                    $techmap602802$abc$592175$lut$aiger592174$45719.A[0]      2 8.3ms
                                                                  ddr3.iserdes_data[103]      2 8.3ms
                                    $techmap604039$abc$592175$lut$aiger592174$54582.A[3]      1 8.3ms
                  $techmap601493$auto$abc9_ops.cc:1552:reintegrate$593769.A[1]$sum$12021      2 8.2ms
                                    ddr3.ddr3_controller_inst.stage2_data_unaligned[101]      6 8.2ms
                                    $techmap605409$abc$592175$lut$aiger592174$66385.A[1]      4 8.2ms
                            $techmap599662$auto$abc9_ops.cc:1552:reintegrate$594399.A[1]     13 8.2ms
                $techmap609572$abc$592175$lut$flatten\matvec.$0\stray_acks[31:0][4].A[2]      1 8.2ms
               $techmap607745$abc$592175$lut$flatten\matvec.$0\stray_acks[31:0][28].A[2]      1 8.2ms
                                    $techmap605109$abc$592175$lut$aiger592174$64201.A[5]      2 8.2ms
                                 ddr3.ddr3_controller_inst.check_test_address_counter[4]      9 8.2ms
                            $techmap599797$auto$abc9_ops.cc:1552:reintegrate$594276.A[0]      8 8.2ms
                                                                         master.m_lo[52]      2 8.2ms
                               $abc$592175$auto$opt_dff.cc:251:make_patterns_logic$81840     32 8.1ms
                                             $auto$alumacc.cc:512:replace_alu$89671.Y[5]      1 8.1ms
                               $abc$592175$auto$opt_dff.cc:251:make_patterns_logic$81377     32 8.1ms
                                                                   ddr3.iserdes_data[13]      2 8.1ms
                                                  ddr3.ddr3_controller_inst.prep_done[1]     14 8.1ms
                                                                         matvec.sub_q[7]      9 8.1ms
                                                           ddr3.idelay_dqs_cntvaluein[2]      5 8.0ms
                                    $techmap610100$abc$592175$lut$aiger592174$39638.A[3]      1 8.0ms
                                    $techmap603362$abc$592175$lut$aiger592174$49852.A[4]     16 8.0ms
                                       ddr3.ddr3_controller_inst.bank_active_row_d[4][9]      4 8.0ms
                                                                   ddr3.iserdes_data[47]      2 8.0ms
                            $techmap602015$auto$abc9_ops.cc:1552:reintegrate$593697.A[3]      9 8.0ms
                            $techmap599657$auto$abc9_ops.cc:1552:reintegrate$594404.A[1]     12 8.0ms
                                    ddr3.ddr3_controller_inst.stage2_data_unaligned[125]      8 8.0ms
                            $techmap599671$auto$abc9_ops.cc:1552:reintegrate$594390.A[1]      5 8.0ms
                $techmap607724$abc$592175$lut$flatten\matvec.$0\runs_done[31:0][28].A[0]      1 8.0ms
                                    $techmap610091$abc$592175$lut$aiger592174$39684.A[1]     12 8.0ms
                                                                   ddr3.iserdes_data[71]      2 7.9ms
                            $techmap601176$auto$abc9_ops.cc:1552:reintegrate$593937.A[1]     10 7.9ms
                            $techmap605670$auto$abc9_ops.cc:1552:reintegrate$592463.A[3]     18 7.9ms
                            $techmap605672$auto$abc9_ops.cc:1552:reintegrate$592462.A[4]      8 7.9ms
                                                                 matvec.result_index[20]      4 7.9ms
                               $abc$592175$auto$opt_dff.cc:251:make_patterns_logic$83247      4 7.9ms
                                                                       loader.h_addr[14]     12 7.9ms
                            $techmap600473$auto$abc9_ops.cc:1552:reintegrate$594002.A[4]     11 7.9ms
                            $techmap602021$auto$abc9_ops.cc:1552:reintegrate$593694.A[3]     32 7.9ms
                                                                        loader.h_addr[6]     14 7.8ms
                                    $techmap601781$abc$592175$lut$aiger592174$37182.A[2]      8 7.8ms
                                    ddr3.ddr3_controller_inst.stage2_data_unaligned[100]      7 7.8ms
                                  ddr3.ddr3_controller_inst.idelay_data_cntvaluein[0][4]      1 7.8ms
                                    $techmap608536$abc$592175$lut$aiger592174$57247.A[4]      1 7.8ms
                                    $techmap604832$abc$592175$lut$aiger592174$62052.A[4]      2 7.8ms
                                                                         loader.lcn3[30]      1 7.8ms
                                 ddr3.ddr3_controller_inst.check_test_address_counter[2]      9 7.8ms
                                    $techmap601553$abc$592175$lut$aiger592174$32757.A[4]      2 7.8ms
                                            $auto$alumacc.cc:512:replace_alu$89692.Y[29]      1 7.8ms
                            $techmap603621$auto$abc9_ops.cc:1552:reintegrate$593184.A[3]      5 7.7ms
                                    $techmap602241$abc$592175$lut$aiger592174$41250.A[4]     12 7.7ms
                                    $techmap600676$abc$592175$lut$aiger592174$24711.A[2]      2 7.7ms
                                                                   loader.stage_word[16]      2 7.7ms
                                     ddr3.ddr3_controller_inst.stage2_data_unaligned[20]      6 7.7ms
                            $techmap604175$auto$abc9_ops.cc:1552:reintegrate$592992.A[0]     10 7.7ms
                                                                       loader.h_addr[28]     12 7.6ms
                            $techmap602894$auto$abc9_ops.cc:1552:reintegrate$593410.A[1]      9 7.6ms
                            $techmap602844$auto$abc9_ops.cc:1552:reintegrate$593428.A[0]     10 7.6ms
                                    $techmap604202$abc$592175$lut$aiger592174$55743.A[1]      3 7.6ms
                                    $techmap609428$abc$592175$lut$aiger592174$48300.A[0]      3 7.5ms
                            $techmap601059$auto$abc9_ops.cc:1552:reintegrate$593943.A[3]     19 7.5ms
                            $techmap599814$auto$abc9_ops.cc:1552:reintegrate$594259.A[0]      8 7.5ms
                                     ddr3.ddr3_controller_inst.stage2_data_unaligned[80]      8 7.5ms
                                    ddr3.ddr3_controller_inst.calib_data_randomized[105]     11 7.5ms
                            $techmap600980$auto$abc9_ops.cc:1552:reintegrate$593957.A[1]     11 7.5ms
                            $techmap599614$auto$abc9_ops.cc:1552:reintegrate$594447.A[1]      5 7.5ms
                            $techmap603372$auto$abc9_ops.cc:1552:reintegrate$593253.A[1]     16 7.5ms
                            $techmap600377$auto$abc9_ops.cc:1552:reintegrate$594076.A[2]      2 7.5ms
                                                                              rd_addr[4]      3 7.5ms
                                    $techmap601255$abc$592175$lut$aiger592174$29607.A[1]      5 7.5ms
                                                                          loader.lcn5[5]      1 7.5ms
                            $techmap599661$auto$abc9_ops.cc:1552:reintegrate$594400.A[1]     11 7.5ms
                                                          ddr3.idelay_data_cntvaluein[3]     20 7.4ms
                               $abc$592175$auto$opt_dff.cc:251:make_patterns_logic$82762      9 7.4ms
                            $techmap602502$auto$abc9_ops.cc:1552:reintegrate$593536.A[3]      8 7.4ms
                                                                             wr_addr[28]      4 7.4ms
                            $techmap602636$auto$abc9_ops.cc:1552:reintegrate$593502.A[1]     10 7.4ms
                            $techmap599663$auto$abc9_ops.cc:1552:reintegrate$594398.A[1]     12 7.4ms
                            $techmap600444$auto$abc9_ops.cc:1552:reintegrate$594029.A[2]      3 7.4ms
                                                           $abc$592175$aiger592174$35486      8 7.4ms
                               $abc$592175$auto$opt_dff.cc:251:make_patterns_logic$82672      4 7.4ms
                                                                       loader.h_addr[27]     12 7.4ms
                            $techmap602508$auto$abc9_ops.cc:1552:reintegrate$593534.A[1]      5 7.4ms
                                    $techmap610714$abc$592175$lut$aiger592174$25661.A[3]      1 7.4ms
                                                 ddr3.ddr3_controller_inst.stage2_row[7]     11 7.4ms
                                    $techmap603645$abc$592175$lut$aiger592174$51527.A[0]      3 7.4ms
                                                 ddr3.ddr3_controller_inst.stage2_row[3]     11 7.4ms
                                    $techmap602874$abc$592175$lut$aiger592174$46487.A[2]      3 7.4ms
                                    $techmap604066$abc$592175$lut$aiger592174$54917.A[1]      3 7.4ms
                                    $techmap604766$abc$592175$lut$aiger592174$61437.A[4]      2 7.3ms
                                            $techmap220972$auto$ff.cc:337:slice$100815.D     10 7.3ms
                                            $techmap220143$auto$ff.cc:337:slice$116467.D     20 7.3ms
                                    $techmap604131$abc$592175$lut$aiger592174$55190.A[3]     11 7.3ms
                                    $techmap605465$abc$592175$lut$aiger592174$41720.A[1]      3 7.3ms
                                    $techmap604046$abc$592175$lut$aiger592174$54586.A[2]      1 7.3ms
                                        ddr3.ddr3_controller_inst.stage2_dm_unaligned[1]      5 7.3ms
                                    $techmap603575$abc$592175$lut$aiger592174$50816.A[2]      7 7.3ms
                                    $techmap601002$abc$592175$lut$aiger592174$28554.A[1]      7 7.3ms
                                    $techmap606806$abc$592175$lut$aiger592174$71016.A[2]      1 7.3ms
                                                                             wr_addr[30]      4 7.2ms
                            $techmap601827$auto$abc9_ops.cc:1552:reintegrate$593711.A[4]      3 7.2ms
                                    $techmap610191$abc$592175$lut$aiger592174$37056.A[3]      1 7.2ms
                                                                     loader.resp_bits[0]      1 7.2ms
                            $techmap599609$auto$abc9_ops.cc:1552:reintegrate$594452.A[1]      5 7.2ms
                               $abc$592175$auto$opt_dff.cc:251:make_patterns_logic$81879     32 7.2ms
                            $techmap603317$auto$abc9_ops.cc:1552:reintegrate$593268.A[2]      5 7.1ms
                                            $auto$alumacc.cc:512:replace_alu$89760.Y[29]      4 7.1ms
                            $techmap603602$auto$abc9_ops.cc:1552:reintegrate$593196.A[4]      8 7.1ms
                            $techmap603591$auto$abc9_ops.cc:1552:reintegrate$593203.A[0]     10 7.1ms
                                    $techmap603362$abc$592175$lut$aiger592174$49852.A[3]     16 7.1ms
                                    $techmap607337$abc$592175$lut$aiger592174$67307.A[0]      3 7.1ms
                                                                           matvec.pr3[8]      3 7.1ms
                            $techmap601648$auto$abc9_ops.cc:1552:reintegrate$593750.A[2]     18 7.0ms
                            $techmap602468$auto$abc9_ops.cc:1552:reintegrate$593552.A[2]      4 7.0ms
                                    $techmap601788$abc$592175$lut$aiger592174$37153.A[0]      7 7.0ms
                                              ddr3.ddr3_controller_inst.bank_status_d[2]      4 7.0ms
                            $techmap600461$auto$abc9_ops.cc:1552:reintegrate$594012.A[2]      4 7.0ms
                            $techmap599804$auto$abc9_ops.cc:1552:reintegrate$594269.A[0]      8 7.0ms
                                                            $abc$592175$aiger592174$9914      2 7.0ms
                                    $techmap602763$abc$592175$lut$aiger592174$45392.A[1]      3 7.0ms
                                                                    loader.stage_word[5]      2 7.0ms
                            $techmap604596$auto$abc9_ops.cc:1552:reintegrate$592812.A[2]      6 7.0ms
                            $techmap599842$auto$abc9_ops.cc:1552:reintegrate$594231.A[1]      5 7.0ms
                            $techmap603316$auto$abc9_ops.cc:1552:reintegrate$593269.A[0]      1 7.0ms
                            $techmap606035$auto$abc9_ops.cc:1552:reintegrate$592311.A[2]      2 7.0ms
                                                                       receiver.shift[3]      2 7.0ms
                   $techmap608210$abc$592175$lut$flatten\loader.$0\resp_a[31:0][21].A[0]      9 7.0ms
                                                                  ddr3.iserdes_data[113]      2 6.9ms
                            $techmap603169$auto$abc9_ops.cc:1552:reintegrate$593316.A[0]     10 6.9ms
               $techmap608422$abc$592175$lut$flatten\transmitter.$0\count[31:0][18].A[0]      1 6.9ms
                                   $techmap606602$abc$592175$lut$not$aiger592174$14595.A      4 6.9ms
                                    $techmap603713$abc$592175$lut$aiger592174$52059.A[2]      4 6.9ms
                            $techmap603596$auto$abc9_ops.cc:1552:reintegrate$593199.A[0]     10 6.9ms
                                                           $abc$592175$aiger592174$10004      4 6.9ms
                                     ddr3.ddr3_controller_inst.stage2_data_unaligned[74]      5 6.9ms
                                                                 matvec.result_index[27]      4 6.9ms
                                            ddr3.ddr3_controller_inst.stage1_next_row[6]     11 6.9ms
                                    $techmap601919$abc$592175$lut$aiger592174$37884.A[4]      1 6.9ms
                                                            $abc$592175$aiger592174$9990      4 6.8ms
                            $techmap604858$auto$abc9_ops.cc:1552:reintegrate$592715.A[3]     15 6.8ms
                            $techmap601253$auto$abc9_ops.cc:1552:reintegrate$593915.A[4]     18 6.8ms
                               $abc$592175$auto$opt_dff.cc:234:make_patterns_logic$99869      7 6.8ms
                   $techmap607021$abc$592175$lut$flatten\matvec.$0\act_rd[63:0][51].A[1]      1 6.8ms
                                                                             rd_addr[20]      3 6.8ms
Info: Router2 time 53.01s
Info: Routing $PACKER_VCC_NET connections...
Info:     $PACKER_VCC_NET: 3975/3975 sinks bridged (0 holdouts; max BFS 3791)
Info: Routing $PACKER_GND_NET connections...
Info:     $PACKER_GND_NET HOLDOUT: $auto$alumacc.cc:512:replace_alu$89446.genblk1.slice[0].genblk1.carry4$split$11963.DI0 (bel SLICE_X148Y157/CARRY4, wire SITEWIRE/SLICE_X148Y157/ACY0_OUT)
Info:     $PACKER_GND_NET HOLDOUT: $auto$alumacc.cc:512:replace_alu$89446.genblk1.slice[0].genblk1.carry4$split$11975.DI0 (bel SLICE_X148Y156/CARRY4, wire SITEWIRE/SLICE_X148Y156/ACY0_OUT)
Info:     $PACKER_GND_NET HOLDOUT: $auto$alumacc.cc:512:replace_alu$89446.genblk1.slice[0].genblk1.carry4$split$11987.DI2 (bel SLICE_X148Y155/CARRY4, wire SITEWIRE/SLICE_X148Y155/CCY0_OUT)
Info:     $PACKER_GND_NET HOLDOUT: $auto$alumacc.cc:512:replace_alu$89446.genblk1.slice[0].genblk1.carry4.DI1 (bel SLICE_X148Y154/CARRY4, wire SITEWIRE/SLICE_X148Y154/BCY0_OUT)
Info:     $PACKER_GND_NET HOLDOUT: $auto$alumacc.cc:512:replace_alu$89446.genblk1.slice[0].genblk1.carry4.DI2 (bel SLICE_X148Y154/CARRY4, wire SITEWIRE/SLICE_X148Y154/CCY0_OUT)
Info:     $PACKER_GND_NET HOLDOUT: $auto$alumacc.cc:512:replace_alu$89446.genblk1.slice[0].genblk1.carry4.DI3 (bel SLICE_X148Y154/CARRY4, wire SITEWIRE/SLICE_X148Y154/DCY0_OUT)
Info:     $PACKER_GND_NET HOLDOUT: $auto$alumacc.cc:512:replace_alu$89464.genblk1.slice[0].genblk1.carry4.DI1 (bel SLICE_X150Y127/CARRY4, wire SITEWIRE/SLICE_X150Y127/BCY0_OUT)
Info:     $PACKER_GND_NET HOLDOUT: $auto$alumacc.cc:512:replace_alu$89464.genblk1.slice[0].genblk1.carry4.DI2 (bel SLICE_X150Y127/CARRY4, wire SITEWIRE/SLICE_X150Y127/CCY0_OUT)
Info:     $PACKER_GND_NET: 3563/3571 sinks bridged (8 holdouts; max BFS 7930)
Info:     $auto$alumacc.cc:512:replace_alu$89446.genblk1.slice[0].genblk1.carry4$split$11963.DI0 (bel SLICE_X148Y157/CARRY4): CARRY4 DI with S=1 never selected, left unrouted
Info:     $auto$alumacc.cc:512:replace_alu$89446.genblk1.slice[0].genblk1.carry4$split$11975.DI0 (bel SLICE_X148Y156/CARRY4): CARRY4 DI with S=1 never selected, left unrouted
Info:     $auto$alumacc.cc:512:replace_alu$89446.genblk1.slice[0].genblk1.carry4$split$11987.DI2 (bel SLICE_X148Y155/CARRY4): CARRY4 DI with S=1 never selected, left unrouted
Info:     $auto$alumacc.cc:512:replace_alu$89446.genblk1.slice[0].genblk1.carry4.DI1 (bel SLICE_X148Y154/CARRY4): CARRY4 DI with S=1 never selected, left unrouted
Info:     $auto$alumacc.cc:512:replace_alu$89446.genblk1.slice[0].genblk1.carry4.DI2 (bel SLICE_X148Y154/CARRY4): CARRY4 DI with S=1 never selected, left unrouted
Info:     $auto$alumacc.cc:512:replace_alu$89446.genblk1.slice[0].genblk1.carry4.DI3 (bel SLICE_X148Y154/CARRY4): CARRY4 DI with S=1 never selected, left unrouted
Info:     $auto$alumacc.cc:512:replace_alu$89464.genblk1.slice[0].genblk1.carry4.DI1 (bel SLICE_X150Y127/CARRY4): CARRY4 DI with S=1 never selected, left unrouted
Info:     $auto$alumacc.cc:512:replace_alu$89464.genblk1.slice[0].genblk1.carry4.DI2 (bel SLICE_X150Y127/CARRY4): CARRY4 DI with S=1 never selected, left unrouted
Info: Constant holdouts: 0 local constant LUT(s) added, 0 re-route pass(es), 8 don't-care CARRY4 DI pin(s) left unrouted
Info: Running post-routing legalisation...
Info:     BUFHCE pass-through CE: 9 tied to VCC, 0 already driven, 0 could not be reached

Info: Critical path report for clock 'clk_ctrl' (posedge -> posedge):
Info: curr total
Info:  0.1  0.1  Source $auto$ff.cc:337:slice$113083.Q
Info:  3.0  3.1    Net ddr3.ddr3_controller_inst.index_wb_data budget 0.000000 ns (214,106) -> (220,43)
Info:                Sink $abc$592175$lut\ddr3.ddr3_controller_inst.o_wb_data[18].A4
Info:  0.1  3.2  Source $abc$592175$lut\ddr3.ddr3_controller_inst.o_wb_data[18].O6
Info:  2.4  5.5    Net wb_rdata[18] budget 0.000000 ns (220,43) -> (207,75)
Info:                Sink $abc$592175$lut$aiger592174$23734.A1
Info:  0.1  5.7  Source $abc$592175$lut$aiger592174$23734.O6
Info:  0.3  6.0    Net $techmap600597$abc$592175$lut$aiger592174$23748.A[4] budget 0.000000 ns (207,75) -> (207,75)
Info:                Sink $abc$592175$lut$aiger592174$23748.A5
Info:  0.1  6.1  Source $abc$592175$lut$aiger592174$23748.O6
Info:  0.7  6.8    Net $techmap600604$abc$592175$lut$aiger592174$23751.A[0] budget 0.000000 ns (207,75) -> (207,80)
Info:                Sink $abc$592175$lut$aiger592174$23751.A1
Info:  0.1  6.9  Source $abc$592175$lut$aiger592174$23751.O6
Info:  0.9  7.8    Net $techmap600605$abc$592175$lut$aiger592174$23863.A[3] budget 0.000000 ns (207,80) -> (207,85)
Info:                Sink $abc$592175$lut$aiger592174$23863.A1
Info:  0.1  8.0  Source $abc$592175$lut$aiger592174$23863.O6
Info:  1.2  9.2    Net $techmap600606$abc$592175$lut$aiger592174$24023.A[4] budget 0.000000 ns (207,85) -> (210,77)
Info:                Sink $abc$592175$lut$aiger592174$24023.A2
Info:  0.1  9.3  Source $abc$592175$lut$aiger592174$24023.O6
Info:  1.3 10.6    Net $techmap602084$auto$abc9_ops.cc:1552:reintegrate$593668.A[0] budget 0.000000 ns (210,77) -> (190,77)
Info:                Sink $abc$592175$lut$aiger592174$24024.A4
Info:  0.1 10.7  Source $abc$592175$lut$aiger592174$24024.O6
Info:  1.0 11.7    Net $techmap611094$abc$592175$lut$aiger592174$24562.A[1] budget 0.000000 ns (190,77) -> (180,68)
Info:                Sink $abc$592175$lut$aiger592174$24562.A2
Info:  0.1 11.8  Source $abc$592175$lut$aiger592174$24562.O6
Info:  1.3 13.1    Net $techmap611095$abc$592175$lut$auto$opt_dff.cc:251:make_patterns_logic$80993.A[2] budget 0.000000 ns (180,68) -> (171,63)
Info:                Sink $abc$592175$lut$auto$opt_dff.cc:251:make_patterns_logic$80993.A5
Info:  0.1 13.2  Source $abc$592175$lut$auto$opt_dff.cc:251:make_patterns_logic$80993.O6
Info:  2.2 15.5    Net $techmap611097$abc$592175$lut$auto$opt_dff.cc:251:make_patterns_logic$81094.A[3] budget 0.000000 ns (171,63) -> (193,82)
Info:                Sink $abc$592175$lut$auto$opt_dff.cc:251:make_patterns_logic$81094.A5
Info:  0.1 15.6  Source $abc$592175$lut$auto$opt_dff.cc:251:make_patterns_logic$81094.O6
Info:  0.5 16.1    Net $abc$592175$auto$opt_dff.cc:251:make_patterns_logic$81094 budget 0.527000 ns (193,82) -> (193,83)
Info:                Sink $auto$ff.cc:337:slice$120153.CE
Info:  0.1 16.2  Setup $auto$ff.cc:337:slice$120153.CE
Info: 1.4 ns logic, 14.8 ns routing

Info: Max frequency for clock 'clk_ctrl': 61.69 MHz (PASS at 60.00 MHz)

Info: Slack histogram:
Info:  legend: * represents 48 endpoint(s)
Info:          + represents [1,48) endpoint(s)
Info: [   458,   1252) |*+
Info: [  1252,   2046) |**+
Info: [  2046,   2840) |**+
Info: [  2840,   3634) |****+
Info: [  3634,   4428) |**+
Info: [  4428,   5222) |***+
Info: [  5222,   6016) |*************+
Info: [  6016,   6810) |********************+
Info: [  6810,   7604) |********************+
Info: [  7604,   8398) |**************+
Info: [  8398,   9192) |*******************+
Info: [  9192,   9986) |*************************+
Info: [  9986,  10780) |************************************************************ 
Info: [ 10780,  11574) |***********************************************************+
Info: [ 11574,  12368) |************************************************+
Info: [ 12368,  13162) |****************************************+
Info: [ 13162,  13956) |**********************************+
Info: [ 13956,  14750) |****************+
Info: [ 14750,  15544) |**********+
Info: [ 15544,  16338) |*************+

