# host seconds after t0	host UTC at the newline	line
0.6993	2026-09-24T12:47:45.619Z	W0000004500021de901
0.6993	2026-09-24T12:47:45.619Z	R0000004500021de8ff
0.6993	2026-09-24T12:47:45.619Z	E000000000000000000
0.6993	2026-09-24T12:47:45.619Z	M000000000000000000
0.6993	2026-09-24T12:47:45.619Z	Fffffffff0000000000
0.9618	2026-09-24T12:47:45.881Z	S01171700014e486d19
14.6478	2026-09-24T12:47:59.568Z	H7deeef160104000bb8
14.6478	2026-09-24T12:47:59.568Z	S000000000000000004
14.6478	2026-09-24T12:47:59.568Z	S0011110000000218c9
15.4514	2026-09-24T12:48:00.371Z	S001111000004044dc9
16.2526	2026-09-24T12:48:01.172Z	S001111000008044dcd
17.0498	2026-09-24T12:48:01.970Z	S00111100000c044dd1
17.8740	2026-09-24T12:48:02.794Z	S001111000010044dd5
18.0419	2026-09-24T12:48:02.962Z	S001212000010f038b3
18.1551	2026-09-24T12:48:03.075Z	S00131300001177b312
18.9524	2026-09-24T12:48:03.872Z	S00131300001577b316
19.6270	2026-09-24T12:48:04.547Z	S001414000018ce03b8
20.4346	2026-09-24T12:48:05.354Z	S00141400001cce03bc
20.6907	2026-09-24T12:48:05.610Z	S00151500001e1003aa
21.5097	2026-09-24T12:48:06.430Z	S0015150000221003ae
21.5328	2026-09-24T12:48:06.453Z	S001616000022465328
21.5328	2026-09-24T12:48:06.453Z	S011717000022465338
21.5328	2026-09-24T12:48:06.453Z	G020000000104000000
21.5533	2026-09-24T12:48:06.473Z	K000000610022465338
21.5533	2026-09-24T12:48:06.473Z	L000000000001000000
22.3514	2026-09-24T12:48:07.271Z	S011717000026486bf1
22.3971	2026-09-24T12:48:07.317Z	W0000000000021de923
22.3971	2026-09-24T12:48:07.317Z	R0000000000021de900
22.3971	2026-09-24T12:48:07.317Z	E000000000000000000
22.3971	2026-09-24T12:48:07.317Z	M000000000000000000
22.3971	2026-09-24T12:48:07.317Z	Fffffffff0000000000
23.1517	2026-09-24T12:48:08.072Z	S01171700002a486bf5
23.2636	2026-09-24T12:48:08.183Z	W0000000100021de91a
23.2636	2026-09-24T12:48:08.183Z	R0000000100021de8ff
23.2636	2026-09-24T12:48:08.184Z	E000000000000000000
23.2636	2026-09-24T12:48:08.184Z	M000000000000000000
23.2636	2026-09-24T12:48:08.184Z	Fffffffff0000000000
23.9564	2026-09-24T12:48:08.876Z	S01171700002e486bf9
24.1183	2026-09-24T12:48:09.038Z	W0000000200021de8fd
24.1183	2026-09-24T12:48:09.038Z	R0000000200021de8ff
24.1183	2026-09-24T12:48:09.038Z	E000000000000000000
24.1183	2026-09-24T12:48:09.038Z	M000000000000000000
24.1183	2026-09-24T12:48:09.038Z	Fffffffff0000000000
24.7764	2026-09-24T12:48:09.696Z	S011717000032486bfd
24.9856	2026-09-24T12:48:09.905Z	W0000000300021de901
24.9856	2026-09-24T12:48:09.905Z	R0000000300021de8ff
24.9856	2026-09-24T12:48:09.905Z	E000000000000000000
24.9856	2026-09-24T12:48:09.905Z	M000000000000000000
24.9856	2026-09-24T12:48:09.905Z	Fffffffff0000000000
25.5605	2026-09-24T12:48:10.480Z	S011717000036486c01
25.8338	2026-09-24T12:48:10.754Z	W0000000400021de8fd
25.8338	2026-09-24T12:48:10.754Z	R0000000400021de8ff
25.8338	2026-09-24T12:48:10.754Z	E000000000000000000
25.8338	2026-09-24T12:48:10.754Z	M000000000000000000
25.8338	2026-09-24T12:48:10.754Z	Fffffffff0000000000
26.3709	2026-09-24T12:48:11.291Z	S01171700003a486c05
26.7013	2026-09-24T12:48:11.621Z	W0000000500021de901
26.7013	2026-09-24T12:48:11.621Z	R0000000500021de8ff
26.7013	2026-09-24T12:48:11.621Z	E000000000000000000
26.7013	2026-09-24T12:48:11.621Z	M000000000000000000
26.7013	2026-09-24T12:48:11.621Z	Fffffffff0000000000
27.1879	2026-09-24T12:48:12.108Z	S01171700003e486c09
27.5637	2026-09-24T12:48:12.484Z	W0000000600021de8fd
27.5637	2026-09-24T12:48:12.484Z	R0000000600021de8ff
27.5637	2026-09-24T12:48:12.484Z	E000000000000000000
27.5637	2026-09-24T12:48:12.484Z	M000000000000000000
27.5637	2026-09-24T12:48:12.484Z	Fffffffff0000000000
27.9986	2026-09-24T12:48:12.919Z	S011717000042486c0d
28.4089	2026-09-24T12:48:13.329Z	W0000000700021de901
28.4089	2026-09-24T12:48:13.329Z	R0000000700021de8ff
28.4089	2026-09-24T12:48:13.329Z	E000000000000000000
28.4323	2026-09-24T12:48:13.352Z	M000000000000000000
28.4323	2026-09-24T12:48:13.352Z	Fffffffff0000000000
28.7898	2026-09-24T12:48:13.710Z	S011717000046486c11
29.2671	2026-09-24T12:48:14.187Z	W0000000800021de8fd
29.2671	2026-09-24T12:48:14.187Z	R0000000800021de8ff
29.2671	2026-09-24T12:48:14.187Z	E000000000000000000
29.2885	2026-09-24T12:48:14.208Z	M000000000000000000
29.2885	2026-09-24T12:48:14.208Z	Fffffffff0000000000
29.5857	2026-09-24T12:48:14.506Z	S01171700004a486c15
30.1308	2026-09-24T12:48:15.051Z	W0000000900021de901
30.1308	2026-09-24T12:48:15.051Z	R0000000900021de8ff
30.1308	2026-09-24T12:48:15.051Z	E000000000000000000
30.1308	2026-09-24T12:48:15.051Z	M000000000000000000
30.1308	2026-09-24T12:48:15.051Z	Fffffffff0000000000
30.3948	2026-09-24T12:48:15.315Z	S01171700004e486c19
30.9925	2026-09-24T12:48:15.912Z	W0000000a00021de8fd
30.9925	2026-09-24T12:48:15.913Z	R0000000a00021de8ff
30.9925	2026-09-24T12:48:15.913Z	E000000000000000000
30.9925	2026-09-24T12:48:15.913Z	M000000000000000000
30.9925	2026-09-24T12:48:15.913Z	Fffffffff0000000000
31.2005	2026-09-24T12:48:16.120Z	S011717000052486c1d
31.8555	2026-09-24T12:48:16.775Z	W0000000b00021de901
31.8555	2026-09-24T12:48:16.776Z	R0000000b00021de8ff
31.8555	2026-09-24T12:48:16.776Z	E000000000000000000
31.8555	2026-09-24T12:48:16.776Z	M000000000000000000
31.8555	2026-09-24T12:48:16.776Z	Fffffffff0000000000
32.0192	2026-09-24T12:48:16.939Z	S011717000056486c21
32.7201	2026-09-24T12:48:17.640Z	W0000000c00021de8fd
32.7201	2026-09-24T12:48:17.640Z	R0000000c00021de8ff
32.7201	2026-09-24T12:48:17.640Z	E000000000000000000
32.7201	2026-09-24T12:48:17.640Z	M000000000000000000
32.7201	2026-09-24T12:48:17.640Z	Fffffffff0000000000
32.8149	2026-09-24T12:48:17.735Z	S01171700005a486c25
33.5835	2026-09-24T12:48:18.504Z	W0000000d00021de901
33.5835	2026-09-24T12:48:18.504Z	R0000000d00021de8ff
33.5835	2026-09-24T12:48:18.504Z	E000000000000000000
33.5835	2026-09-24T12:48:18.504Z	M000000000000000000
33.5835	2026-09-24T12:48:18.504Z	Fffffffff0000000000
33.6268	2026-09-24T12:48:18.547Z	S01171700005e486c29
34.4260	2026-09-24T12:48:19.346Z	S011717000062486c2d
34.4260	2026-09-24T12:48:19.346Z	W0000000e00021de8fd
34.4260	2026-09-24T12:48:19.346Z	R0000000e00021de8ff
34.4260	2026-09-24T12:48:19.346Z	E000000000000000000
34.4260	2026-09-24T12:48:19.346Z	M000000000000000000
34.4260	2026-09-24T12:48:19.346Z	Fffffffff0000000000
35.2359	2026-09-24T12:48:20.156Z	S011717000066486c31
35.2811	2026-09-24T12:48:20.201Z	W0000000f00021de8fd
35.2811	2026-09-24T12:48:20.201Z	R0000000f00021de91f
35.2811	2026-09-24T12:48:20.201Z	E000000000000000000
35.3026	2026-09-24T12:48:20.223Z	M000000000000000000
35.3026	2026-09-24T12:48:20.223Z	Fffffffff0000000000
36.0290	2026-09-24T12:48:20.949Z	S01171700006a486c35
36.1402	2026-09-24T12:48:21.060Z	W0000001000021de923
36.1402	2026-09-24T12:48:21.060Z	R0000001000021de901
36.1402	2026-09-24T12:48:21.060Z	E000000000000000000
36.1614	2026-09-24T12:48:21.081Z	M000000000000000000
36.1614	2026-09-24T12:48:21.081Z	Fffffffff0000000000
36.8490	2026-09-24T12:48:21.769Z	S01171700006e486c39
37.0150	2026-09-24T12:48:21.935Z	W0000001100021de923
37.0150	2026-09-24T12:48:21.935Z	R0000001100021de900
37.0150	2026-09-24T12:48:21.935Z	E000000000000000000
37.0150	2026-09-24T12:48:21.935Z	M000000000000000000
37.0150	2026-09-24T12:48:21.935Z	Fffffffff0000000000
37.6574	2026-09-24T12:48:22.577Z	S011717000072486c3d
37.8714	2026-09-24T12:48:22.791Z	W0000001200021de923
37.8714	2026-09-24T12:48:22.791Z	R0000001200021de8ff
37.8714	2026-09-24T12:48:22.791Z	E000000000000000000
37.8714	2026-09-24T12:48:22.791Z	M000000000000000000
37.8714	2026-09-24T12:48:22.791Z	Fffffffff0000000000
38.4569	2026-09-24T12:48:23.377Z	S011717000076486c41
38.7382	2026-09-24T12:48:23.658Z	W0000001300021de90d
38.7382	2026-09-24T12:48:23.658Z	R0000001300021de8ff
38.7382	2026-09-24T12:48:23.658Z	E000000000000000000
38.7382	2026-09-24T12:48:23.658Z	M000000000000000000
38.7382	2026-09-24T12:48:23.658Z	Fffffffff0000000000
39.2494	2026-09-24T12:48:24.169Z	S01171700007a486c45
39.5995	2026-09-24T12:48:24.520Z	W0000001400021de8fd
39.5995	2026-09-24T12:48:24.520Z	R0000001400021de8ff
39.5995	2026-09-24T12:48:24.520Z	E000000000000000000
39.5995	2026-09-24T12:48:24.520Z	M000000000000000000
39.5995	2026-09-24T12:48:24.520Z	Fffffffff0000000000
40.0745	2026-09-24T12:48:24.995Z	S01171700007e486c49
40.4429	2026-09-24T12:48:25.363Z	W0000001500021de901
40.4429	2026-09-24T12:48:25.363Z	R0000001500021de8ff
40.4429	2026-09-24T12:48:25.363Z	E000000000000000000
40.4429	2026-09-24T12:48:25.363Z	M000000000000000000
40.4429	2026-09-24T12:48:25.363Z	Fffffffff0000000000
40.8672	2026-09-24T12:48:25.787Z	S011717000082486c4d
41.2961	2026-09-24T12:48:26.216Z	W0000001600021de8fd
41.2961	2026-09-24T12:48:26.216Z	R0000001600021de8ff
41.2961	2026-09-24T12:48:26.216Z	E000000000000000000
41.3204	2026-09-24T12:48:26.240Z	M000000000000000000
41.3204	2026-09-24T12:48:26.240Z	Fffffffff0000000000
41.6654	2026-09-24T12:48:26.585Z	S011717000086486c51
42.1600	2026-09-24T12:48:27.080Z	W0000001700021de901
42.1600	2026-09-24T12:48:27.080Z	R0000001700021de8ff
42.1600	2026-09-24T12:48:27.080Z	E000000000000000000
42.1600	2026-09-24T12:48:27.080Z	M000000000000000000
42.1600	2026-09-24T12:48:27.080Z	Fffffffff0000000000
42.4853	2026-09-24T12:48:27.405Z	S01171700008a486c55
43.0333	2026-09-24T12:48:27.953Z	W0000001800021de8fd
43.0333	2026-09-24T12:48:27.953Z	R0000001800021de8ff
43.0333	2026-09-24T12:48:27.953Z	E000000000000000000
43.0333	2026-09-24T12:48:27.954Z	M000000000000000000
43.0333	2026-09-24T12:48:27.954Z	Fffffffff0000000000
43.3009	2026-09-24T12:48:28.221Z	S01171700008e486c59
43.8945	2026-09-24T12:48:28.815Z	W0000001900021de901
43.8945	2026-09-24T12:48:28.815Z	R0000001900021de8ff
43.8945	2026-09-24T12:48:28.815Z	E000000000000000000
43.8945	2026-09-24T12:48:28.815Z	M000000000000000000
43.8945	2026-09-24T12:48:28.815Z	Fffffffff0000000000
44.0903	2026-09-24T12:48:29.010Z	S011717000092486c5d
44.7326	2026-09-24T12:48:29.653Z	W0000001a00021de8fd
44.7326	2026-09-24T12:48:29.653Z	R0000001a00021de8ff
44.7326	2026-09-24T12:48:29.653Z	E000000000000000000
44.7568	2026-09-24T12:48:29.677Z	M000000000000000000
44.7568	2026-09-24T12:48:29.677Z	Fffffffff0000000000
44.8868	2026-09-24T12:48:29.807Z	S011717000096486c61
45.6099	2026-09-24T12:48:30.530Z	W0000001b00021de901
45.6099	2026-09-24T12:48:30.530Z	R0000001b00021de8ff
45.6099	2026-09-24T12:48:30.530Z	E000000000000000000
45.6099	2026-09-24T12:48:30.530Z	M000000000000000000
45.6099	2026-09-24T12:48:30.530Z	Fffffffff0000000000
45.7079	2026-09-24T12:48:30.628Z	S01171700009a486c65
46.4511	2026-09-24T12:48:31.371Z	W0000001c00021de8fd
46.4511	2026-09-24T12:48:31.371Z	R0000001c00021de8ff
46.4511	2026-09-24T12:48:31.371Z	E000000000000000000
46.4752	2026-09-24T12:48:31.395Z	M000000000000000000
46.4752	2026-09-24T12:48:31.395Z	Fffffffff0000000000
46.4972	2026-09-24T12:48:31.417Z	S01171700009e486c69
47.3074	2026-09-24T12:48:32.228Z	S0117170000a2486c6d
47.3291	2026-09-24T12:48:32.249Z	W0000001d00021de901
47.3291	2026-09-24T12:48:32.249Z	R0000001d00021de8ff
47.3291	2026-09-24T12:48:32.249Z	E000000000000000000
47.3291	2026-09-24T12:48:32.249Z	M000000000000000000
47.3291	2026-09-24T12:48:32.249Z	Fffffffff0000000000
48.1230	2026-09-24T12:48:33.043Z	S0117170000a6486c71
48.1924	2026-09-24T12:48:33.112Z	W0000001e00021de8fd
48.1924	2026-09-24T12:48:33.113Z	R0000001e00021de8ff
48.1924	2026-09-24T12:48:33.113Z	E000000000000000000
48.1924	2026-09-24T12:48:33.113Z	M000000000000000000
48.1924	2026-09-24T12:48:33.113Z	Fffffffff0000000000
48.9132	2026-09-24T12:48:33.833Z	S0117170000aa486c75
49.0278	2026-09-24T12:48:33.948Z	W0000001f00021de901
49.0278	2026-09-24T12:48:33.948Z	R0000001f00021de8ff
49.0278	2026-09-24T12:48:33.948Z	E000000000000000000
49.0506	2026-09-24T12:48:33.971Z	M000000000000000000
49.0506	2026-09-24T12:48:33.971Z	Fffffffff0000000000
49.7184	2026-09-24T12:48:34.639Z	S0117170000ae486c79
49.9018	2026-09-24T12:48:34.822Z	W0000002000021de8fd
49.9018	2026-09-24T12:48:34.822Z	R0000002000021de8ff
49.9018	2026-09-24T12:48:34.822Z	E000000000000000000
49.9018	2026-09-24T12:48:34.822Z	M000000000000000000
49.9018	2026-09-24T12:48:34.822Z	Fffffffff0000000000
50.5247	2026-09-24T12:48:35.445Z	S0117170000b2486c7d
50.7597	2026-09-24T12:48:35.680Z	W0000002100021de901
50.7597	2026-09-24T12:48:35.680Z	R0000002100021de8ff
50.7597	2026-09-24T12:48:35.680Z	E000000000000000000
50.7597	2026-09-24T12:48:35.680Z	M000000000000000000
50.7597	2026-09-24T12:48:35.680Z	Fffffffff0000000000
51.3444	2026-09-24T12:48:36.265Z	S0117170000b6486c81
51.6210	2026-09-24T12:48:36.541Z	W0000002200021de8fd
51.6210	2026-09-24T12:48:36.541Z	R0000002200021de8ff
51.6210	2026-09-24T12:48:36.541Z	E000000000000000000
51.6210	2026-09-24T12:48:36.541Z	M000000000000000000
51.6210	2026-09-24T12:48:36.541Z	Fffffffff0000000000
52.1357	2026-09-24T12:48:37.056Z	S0117170000ba486c85
52.4686	2026-09-24T12:48:37.389Z	W0000002300021de901
52.4686	2026-09-24T12:48:37.389Z	R0000002300021de8ff
52.4686	2026-09-24T12:48:37.389Z	E000000000000000000
52.4935	2026-09-24T12:48:37.414Z	M000000000000000000
52.4935	2026-09-24T12:48:37.414Z	Fffffffff0000000000
52.9397	2026-09-24T12:48:37.860Z	S0117170000be486c89
53.3265	2026-09-24T12:48:38.247Z	W0000002400021de8fd
53.3265	2026-09-24T12:48:38.247Z	R0000002400021de8ff
53.3265	2026-09-24T12:48:38.247Z	E000000000000000000
53.3474	2026-09-24T12:48:38.268Z	M000000000000000000
53.3474	2026-09-24T12:48:38.268Z	Fffffffff0000000000
53.7689	2026-09-24T12:48:38.689Z	S0117170000c2486c8d
54.1969	2026-09-24T12:48:39.117Z	W0000002500021de901
54.1969	2026-09-24T12:48:39.117Z	R0000002500021de8ff
54.1969	2026-09-24T12:48:39.117Z	E000000000000000000
54.1969	2026-09-24T12:48:39.117Z	M000000000000000000
54.1969	2026-09-24T12:48:39.117Z	Fffffffff0000000000
54.5503	2026-09-24T12:48:39.470Z	S0117170000c6486c91
55.0423	2026-09-24T12:48:39.962Z	W0000002600021de8fd
55.0423	2026-09-24T12:48:39.963Z	R0000002600021de8ff
55.0423	2026-09-24T12:48:39.963Z	E000000000000000000
55.0663	2026-09-24T12:48:39.986Z	M000000000000000000
55.0663	2026-09-24T12:48:39.986Z	Fffffffff0000000000
55.3704	2026-09-24T12:48:40.291Z	S0117170000ca486c95
55.9195	2026-09-24T12:48:40.840Z	W0000002700021de901
55.9195	2026-09-24T12:48:40.840Z	R0000002700021de8ff
55.9195	2026-09-24T12:48:40.840Z	E000000000000000000
55.9195	2026-09-24T12:48:40.840Z	M000000000000000000
55.9195	2026-09-24T12:48:40.840Z	Fffffffff0000000000
56.1753	2026-09-24T12:48:41.096Z	S0117170000ce486c99
56.7641	2026-09-24T12:48:41.684Z	W0000002800021de8fd
56.7641	2026-09-24T12:48:41.684Z	R0000002800021de8ff
56.7641	2026-09-24T12:48:41.684Z	E000000000000000000
56.7884	2026-09-24T12:48:41.709Z	M000000000000000000
56.7884	2026-09-24T12:48:41.709Z	Fffffffff0000000000
56.9723	2026-09-24T12:48:41.892Z	S0117170000d2486c9d
57.6310	2026-09-24T12:48:42.551Z	W0000002900021de901
57.6310	2026-09-24T12:48:42.551Z	R0000002900021de8ff
57.6310	2026-09-24T12:48:42.551Z	E000000000000000000
57.6310	2026-09-24T12:48:42.551Z	M000000000000000000
57.6310	2026-09-24T12:48:42.551Z	Fffffffff0000000000
57.7740	2026-09-24T12:48:42.694Z	S0117170000d6486ca1
58.4990	2026-09-24T12:48:43.419Z	W0000002a00021de8fd
58.4990	2026-09-24T12:48:43.419Z	R0000002a00021de8ff
58.4990	2026-09-24T12:48:43.419Z	E000000000000000000
58.4990	2026-09-24T12:48:43.419Z	M000000000000000000
58.4990	2026-09-24T12:48:43.419Z	Fffffffff0000000000
58.5920	2026-09-24T12:48:43.512Z	S0117170000da486ca5
59.3605	2026-09-24T12:48:44.281Z	W0000002b00021de901
59.3605	2026-09-24T12:48:44.281Z	R0000002b00021de8ff
59.3605	2026-09-24T12:48:44.281Z	E000000000000000000
59.3605	2026-09-24T12:48:44.281Z	M000000000000000000
59.3605	2026-09-24T12:48:44.281Z	Fffffffff0000000000
59.3823	2026-09-24T12:48:44.303Z	S0117170000de486ca9
60.1887	2026-09-24T12:48:45.109Z	S0117170000e2486cad
60.2102	2026-09-24T12:48:45.130Z	W0000002c00021de8fd
60.2102	2026-09-24T12:48:45.130Z	R0000002c00021de8ff
60.2102	2026-09-24T12:48:45.131Z	E000000000000000000
60.2102	2026-09-24T12:48:45.131Z	M000000000000000000
60.2102	2026-09-24T12:48:45.131Z	Fffffffff0000000000
61.0063	2026-09-24T12:48:45.927Z	S0117170000e6486cb1
61.0754	2026-09-24T12:48:45.996Z	W0000002d00021de901
61.0754	2026-09-24T12:48:45.996Z	R0000002d00021de8ff
61.0754	2026-09-24T12:48:45.996Z	E000000000000000000
61.0754	2026-09-24T12:48:45.996Z	M000000000000000000
61.0754	2026-09-24T12:48:45.996Z	Fffffffff0000000000
61.7982	2026-09-24T12:48:46.718Z	S0117170000ea486cb5
61.9160	2026-09-24T12:48:46.836Z	W0000002e00021de8fd
61.9160	2026-09-24T12:48:46.836Z	R0000002e00021de8ff
61.9160	2026-09-24T12:48:46.836Z	E000000000000000000
61.9389	2026-09-24T12:48:46.859Z	M000000000000000000
61.9389	2026-09-24T12:48:46.859Z	Fffffffff0000000000
62.6162	2026-09-24T12:48:47.536Z	S0117170000ee486cb9
62.7763	2026-09-24T12:48:47.697Z	W0000002f00021de901
62.7763	2026-09-24T12:48:47.697Z	R0000002f00021de8ff
62.7763	2026-09-24T12:48:47.697Z	E000000000000000000
62.8005	2026-09-24T12:48:47.721Z	M000000000000000000
62.8005	2026-09-24T12:48:47.721Z	Fffffffff0000000000
63.4144	2026-09-24T12:48:48.335Z	S0117170000f2486cbd
63.6534	2026-09-24T12:48:48.574Z	W0000003000021de8fd
63.6534	2026-09-24T12:48:48.574Z	R0000003000021de8ff
63.6534	2026-09-24T12:48:48.574Z	E000000000000000000
63.6534	2026-09-24T12:48:48.574Z	M000000000000000000
63.6534	2026-09-24T12:48:48.574Z	Fffffffff0000000000
64.2142	2026-09-24T12:48:49.134Z	S0117170000f6486cc1
64.4963	2026-09-24T12:48:49.417Z	W0000003100021de901
64.4963	2026-09-24T12:48:49.417Z	R0000003100021de8ff
64.4963	2026-09-24T12:48:49.417Z	E000000000000000000
64.5209	2026-09-24T12:48:49.441Z	M000000000000000000
64.5209	2026-09-24T12:48:49.441Z	Fffffffff0000000000
65.0393	2026-09-24T12:48:49.960Z	S0117170000fa486cc5
65.3529	2026-09-24T12:48:50.273Z	W0000003200021de8fd
65.3529	2026-09-24T12:48:50.273Z	R0000003200021de8ff
65.3529	2026-09-24T12:48:50.273Z	E000000000000000000
65.3759	2026-09-24T12:48:50.296Z	M000000000000000000
65.3759	2026-09-24T12:48:50.296Z	Fffffffff0000000000
65.8386	2026-09-24T12:48:50.759Z	S0117170000fe486cc9
66.2220	2026-09-24T12:48:51.142Z	W0000003300021de901
66.2220	2026-09-24T12:48:51.142Z	R0000003300021de8ff
66.2220	2026-09-24T12:48:51.142Z	E000000000000000000
66.2220	2026-09-24T12:48:51.142Z	M000000000000000000
66.2220	2026-09-24T12:48:51.142Z	Fffffffff0000000000
66.6452	2026-09-24T12:48:51.565Z	S011717000102486ccd
67.0713	2026-09-24T12:48:51.992Z	W0000003400021de8fd
67.0713	2026-09-24T12:48:51.992Z	R0000003400021de8ff
67.0713	2026-09-24T12:48:51.992Z	E000000000000000000
67.0935	2026-09-24T12:48:52.014Z	M000000000000000000
67.0935	2026-09-24T12:48:52.014Z	Fffffffff0000000000
67.4578	2026-09-24T12:48:52.378Z	S011717000106486cd1
67.9306	2026-09-24T12:48:52.851Z	W0000003500021de901
67.9306	2026-09-24T12:48:52.851Z	R0000003500021de8ff
67.9306	2026-09-24T12:48:52.851Z	E000000000000000000
67.9538	2026-09-24T12:48:52.874Z	M000000000000000000
67.9538	2026-09-24T12:48:52.874Z	Fffffffff0000000000
68.2407	2026-09-24T12:48:53.161Z	S01171700010a486cd5
68.8056	2026-09-24T12:48:53.726Z	W0000003600021de8fd
68.8056	2026-09-24T12:48:53.726Z	R0000003600021de8ff
68.8056	2026-09-24T12:48:53.726Z	E000000000000000000
68.8056	2026-09-24T12:48:53.726Z	M000000000000000000
68.8056	2026-09-24T12:48:53.726Z	Fffffffff0000000000
69.0582	2026-09-24T12:48:53.979Z	S01171700010e486cd9
69.6574	2026-09-24T12:48:54.578Z	W0000003700021de901
69.6574	2026-09-24T12:48:54.578Z	R0000003700021de8ff
69.6574	2026-09-24T12:48:54.578Z	E000000000000000000
69.6574	2026-09-24T12:48:54.578Z	M000000000000000000
69.6574	2026-09-24T12:48:54.578Z	Fffffffff0000000000
69.8644	2026-09-24T12:48:54.785Z	S011717000112486cdd
70.5132	2026-09-24T12:48:55.434Z	W0000003800021de8fd
70.5132	2026-09-24T12:48:55.434Z	R0000003800021de8ff
70.5132	2026-09-24T12:48:55.434Z	E000000000000000000
70.5132	2026-09-24T12:48:55.434Z	M000000000000000000
70.5132	2026-09-24T12:48:55.434Z	Fffffffff0000000000
70.6568	2026-09-24T12:48:55.577Z	S011717000116486ce1
71.3672	2026-09-24T12:48:56.288Z	W0000003900021de901
71.3672	2026-09-24T12:48:56.288Z	R0000003900021de8ff
71.3672	2026-09-24T12:48:56.288Z	E000000000000000000
71.3908	2026-09-24T12:48:56.311Z	M000000000000000000
71.3908	2026-09-24T12:48:56.311Z	Fffffffff0000000000
71.4857	2026-09-24T12:48:56.406Z	S01171700011a486ce5
72.2264	2026-09-24T12:48:57.147Z	W0000003a00021de8fd
72.2264	2026-09-24T12:48:57.147Z	R0000003a00021de8ff
72.2264	2026-09-24T12:48:57.147Z	E000000000000000000
72.2502	2026-09-24T12:48:57.171Z	M000000000000000000
72.2502	2026-09-24T12:48:57.171Z	Fffffffff0000000000
72.2707	2026-09-24T12:48:57.191Z	S01171700011e486ce9
73.0724	2026-09-24T12:48:57.993Z	S011717000122486ced
73.0929	2026-09-24T12:48:58.013Z	W0000003b00021de901
73.0929	2026-09-24T12:48:58.013Z	R0000003b00021de8ff
73.0929	2026-09-24T12:48:58.013Z	E000000000000000000
73.0929	2026-09-24T12:48:58.013Z	M000000000000000000
73.0929	2026-09-24T12:48:58.013Z	Fffffffff0000000000
73.8973	2026-09-24T12:48:58.818Z	S011717000126486cf1
73.9664	2026-09-24T12:48:58.887Z	W0000003c00021de8fd
73.9664	2026-09-24T12:48:58.887Z	R0000003c00021de8ff
73.9664	2026-09-24T12:48:58.887Z	E000000000000000000
73.9664	2026-09-24T12:48:58.887Z	M000000000000000000
73.9664	2026-09-24T12:48:58.887Z	Fffffffff0000000000
74.6890	2026-09-24T12:48:59.609Z	S01171700012a486cf5
74.8046	2026-09-24T12:48:59.725Z	W0000003d00021de901
74.8046	2026-09-24T12:48:59.725Z	R0000003d00021de8ff
74.8046	2026-09-24T12:48:59.725Z	E000000000000000000
74.8286	2026-09-24T12:48:59.749Z	M000000000000000000
74.8286	2026-09-24T12:48:59.749Z	Fffffffff0000000000
75.4903	2026-09-24T12:49:00.411Z	S01171700012e486cf9
75.6761	2026-09-24T12:49:00.596Z	W0000003e00021de8fd
75.6761	2026-09-24T12:49:00.597Z	R0000003e00021de8ff
75.6761	2026-09-24T12:49:00.597Z	E000000000000000000
75.6761	2026-09-24T12:49:00.597Z	M000000000000000000
75.6761	2026-09-24T12:49:00.597Z	Fffffffff0000000000
76.2965	2026-09-24T12:49:01.217Z	S011717000132486cfd
76.5284	2026-09-24T12:49:01.449Z	W0000003f00021de901
76.5284	2026-09-24T12:49:01.449Z	R0000003f00021de8ff
76.5284	2026-09-24T12:49:01.449Z	E000000000000000000
76.5284	2026-09-24T12:49:01.449Z	M000000000000000000
76.5284	2026-09-24T12:49:01.449Z	Fffffffff0000000000
77.1051	2026-09-24T12:49:02.026Z	S011717000136486d01
77.4020	2026-09-24T12:49:02.322Z	W0000004000021de8fd
77.4020	2026-09-24T12:49:02.322Z	R0000004000021de8ff
77.4020	2026-09-24T12:49:02.322Z	E000000000000000000
77.4020	2026-09-24T12:49:02.323Z	M000000000000000000
77.4020	2026-09-24T12:49:02.323Z	Fffffffff0000000000
77.9251	2026-09-24T12:49:02.846Z	S01171700013a486d05
78.2603	2026-09-24T12:49:03.181Z	W0000004100021de901
78.2603	2026-09-24T12:49:03.181Z	R0000004100021de8ff
78.2603	2026-09-24T12:49:03.181Z	E000000000000000000
78.2603	2026-09-24T12:49:03.181Z	M000000000000000000
78.2603	2026-09-24T12:49:03.181Z	Fffffffff0000000000
78.7179	2026-09-24T12:49:03.638Z	S01171700013e486d09
79.1053	2026-09-24T12:49:04.026Z	W0000004200021de8fd
79.1053	2026-09-24T12:49:04.026Z	R0000004200021de8ff
79.1053	2026-09-24T12:49:04.026Z	E000000000000000000
79.1053	2026-09-24T12:49:04.026Z	M000000000000000000
79.1053	2026-09-24T12:49:04.026Z	Fffffffff0000000000
79.5342	2026-09-24T12:49:04.455Z	S011717000142486d0d
79.9596	2026-09-24T12:49:04.880Z	W0000004300021de901
79.9596	2026-09-24T12:49:04.880Z	R0000004300021de8ff
79.9596	2026-09-24T12:49:04.880Z	E000000000000000000
79.9800	2026-09-24T12:49:04.900Z	M000000000000000000
79.9800	2026-09-24T12:49:04.901Z	Fffffffff0000000000
80.3331	2026-09-24T12:49:05.254Z	S011717000146486d11
80.8376	2026-09-24T12:49:05.758Z	W0000004400021de8fd
80.8376	2026-09-24T12:49:05.758Z	R0000004400021de8ff
80.8376	2026-09-24T12:49:05.758Z	E000000000000000000
80.8376	2026-09-24T12:49:05.758Z	M000000000000000000
80.8376	2026-09-24T12:49:05.758Z	Fffffffff0000000000
81.1389	2026-09-24T12:49:06.059Z	S01171700014a486d15
81.6842	2026-09-24T12:49:06.605Z	W0000004500021de901
81.6842	2026-09-24T12:49:06.605Z	R0000004500021de8ff
81.6842	2026-09-24T12:49:06.605Z	E000000000000000000
81.6842	2026-09-24T12:49:06.605Z	M000000000000000000
81.6842	2026-09-24T12:49:06.605Z	Fffffffff0000000000
81.9389	2026-09-24T12:49:06.859Z	S01171700014e486d19
82.5466	2026-09-24T12:49:07.467Z	W0000004600021de8fd
82.5466	2026-09-24T12:49:07.467Z	R0000004600021de8ff
82.5466	2026-09-24T12:49:07.467Z	E000000000000000000
82.5466	2026-09-24T12:49:07.467Z	M000000000000000000
82.5466	2026-09-24T12:49:07.467Z	Fffffffff0000000000
82.7364	2026-09-24T12:49:07.657Z	S011717000152486d1d
83.3968	2026-09-24T12:49:08.317Z	W0000004700021de901
83.3968	2026-09-24T12:49:08.317Z	R0000004700021de8ff
83.3968	2026-09-24T12:49:08.317Z	E000000000000000000
83.4204	2026-09-24T12:49:08.341Z	M000000000000000000
83.4204	2026-09-24T12:49:08.341Z	Fffffffff0000000000
83.5417	2026-09-24T12:49:08.462Z	S011717000156486d21
84.2685	2026-09-24T12:49:09.189Z	W0000004800021de8fd
84.2685	2026-09-24T12:49:09.189Z	R0000004800021de8ff
84.2685	2026-09-24T12:49:09.189Z	E000000000000000000
84.2685	2026-09-24T12:49:09.189Z	M000000000000000000
84.2685	2026-09-24T12:49:09.189Z	Fffffffff0000000000
84.3665	2026-09-24T12:49:09.287Z	S01171700015a486d25
85.1338	2026-09-24T12:49:10.054Z	W0000004900021de901
85.1338	2026-09-24T12:49:10.054Z	R0000004900021de8ff
85.1338	2026-09-24T12:49:10.054Z	E000000000000000000
85.1338	2026-09-24T12:49:10.054Z	M000000000000000000
85.1338	2026-09-24T12:49:10.054Z	Fffffffff0000000000
85.1544	2026-09-24T12:49:10.075Z	S01171700015e486d29
85.9623	2026-09-24T12:49:10.883Z	S011717000162486d2d
85.9832	2026-09-24T12:49:10.904Z	W0000004a00021de8fd
85.9832	2026-09-24T12:49:10.904Z	R0000004a00021de8ff
85.9832	2026-09-24T12:49:10.904Z	E000000000000000000
85.9832	2026-09-24T12:49:10.904Z	M000000000000000000
85.9832	2026-09-24T12:49:10.904Z	Fffffffff0000000000
86.7637	2026-09-24T12:49:11.684Z	S011717000166486d31
86.8331	2026-09-24T12:49:11.754Z	W0000004b00021de901
86.8331	2026-09-24T12:49:11.754Z	R0000004b00021de8ff
86.8331	2026-09-24T12:49:11.754Z	E000000000000000000
86.8545	2026-09-24T12:49:11.775Z	M000000000000000000
86.8545	2026-09-24T12:49:11.775Z	Fffffffff0000000000
87.5755	2026-09-24T12:49:12.496Z	S01171700016a486d35
87.6954	2026-09-24T12:49:12.616Z	W0000004c00021de8fd
87.6954	2026-09-24T12:49:12.616Z	R0000004c00021de8ff
87.6954	2026-09-24T12:49:12.616Z	E000000000000000000
87.7198	2026-09-24T12:49:12.640Z	M000000000000000000
87.7198	2026-09-24T12:49:12.640Z	Fffffffff0000000000
88.3941	2026-09-24T12:49:13.315Z	S01171700016e486d39
88.5567	2026-09-24T12:49:13.477Z	W0000004d00021de901
88.5567	2026-09-24T12:49:13.477Z	R0000004d00021de8ff
88.5567	2026-09-24T12:49:13.477Z	E000000000000000000
88.5567	2026-09-24T12:49:13.477Z	M000000000000000000
88.5567	2026-09-24T12:49:13.477Z	Fffffffff0000000000
89.1963	2026-09-24T12:49:14.117Z	S011717000172486d3d
89.4285	2026-09-24T12:49:14.349Z	W0000004e00021de8fd
89.4285	2026-09-24T12:49:14.349Z	R0000004e00021de8ff
89.4285	2026-09-24T12:49:14.349Z	E000000000000000000
89.4285	2026-09-24T12:49:14.349Z	M000000000000000000
89.4285	2026-09-24T12:49:14.349Z	Fffffffff0000000000
90.0052	2026-09-24T12:49:14.926Z	S011717000176486d41
90.2801	2026-09-24T12:49:15.201Z	W0000004f00021de901
90.2801	2026-09-24T12:49:15.201Z	R0000004f00021de8ff
90.2801	2026-09-24T12:49:15.201Z	E000000000000000000
90.2801	2026-09-24T12:49:15.201Z	M000000000000000000
90.2801	2026-09-24T12:49:15.201Z	Fffffffff0000000000
90.8136	2026-09-24T12:49:15.734Z	S01171700017a486d45
91.1461	2026-09-24T12:49:16.067Z	W0000005000021de8fd
91.1461	2026-09-24T12:49:16.067Z	R0000005000021de8ff
91.1461	2026-09-24T12:49:16.067Z	E000000000000000000
91.1461	2026-09-24T12:49:16.067Z	M000000000000000000
91.1461	2026-09-24T12:49:16.067Z	Fffffffff0000000000
91.6133	2026-09-24T12:49:16.534Z	S01171700017e486d49
92.0098	2026-09-24T12:49:16.930Z	W0000005100021de901
92.0098	2026-09-24T12:49:16.930Z	R0000005100021de8ff
92.0098	2026-09-24T12:49:16.930Z	E000000000000000000
92.0098	2026-09-24T12:49:16.930Z	M000000000000000000
92.0098	2026-09-24T12:49:16.930Z	Fffffffff0000000000
92.4002	2026-09-24T12:49:17.321Z	S011717000182486d4d
92.8655	2026-09-24T12:49:17.786Z	W0000005200021de8fd
92.8655	2026-09-24T12:49:17.786Z	R0000005200021de8ff
92.8655	2026-09-24T12:49:17.786Z	E000000000000000000
92.8655	2026-09-24T12:49:17.786Z	M000000000000000000
92.8655	2026-09-24T12:49:17.786Z	Fffffffff0000000000
93.2262	2026-09-24T12:49:18.147Z	S011717000186486d51
93.7071	2026-09-24T12:49:18.628Z	W0000005300021de901
93.7071	2026-09-24T12:49:18.628Z	R0000005300021de8ff
93.7071	2026-09-24T12:49:18.628Z	E000000000000000000
93.7305	2026-09-24T12:49:18.651Z	M000000000000000000
93.7305	2026-09-24T12:49:18.651Z	Fffffffff0000000000
94.0219	2026-09-24T12:49:18.943Z	S01171700018a486d55
94.5661	2026-09-24T12:49:19.487Z	W0000005400021de8fd
94.5661	2026-09-24T12:49:19.487Z	R0000005400021de8ff
94.5661	2026-09-24T12:49:19.487Z	E000000000000000000
94.5900	2026-09-24T12:49:19.511Z	M000000000000000000
94.5900	2026-09-24T12:49:19.511Z	Fffffffff0000000000
94.8301	2026-09-24T12:49:19.751Z	S01171700018e486d59
95.4304	2026-09-24T12:49:20.351Z	W0000005500021de901
95.4304	2026-09-24T12:49:20.351Z	R0000005500021de8ff
95.4304	2026-09-24T12:49:20.351Z	E000000000000000000
95.4304	2026-09-24T12:49:20.351Z	M000000000000000000
95.4304	2026-09-24T12:49:20.351Z	Fffffffff0000000000
95.6428	2026-09-24T12:49:20.563Z	S011717000192486d5d
96.2967	2026-09-24T12:49:21.217Z	W0000005600021de8fd
96.2967	2026-09-24T12:49:21.217Z	R0000005600021de8ff
96.2967	2026-09-24T12:49:21.217Z	E000000000000000000
96.2967	2026-09-24T12:49:21.217Z	M000000000000000000
96.2967	2026-09-24T12:49:21.217Z	Fffffffff0000000000
96.4410	2026-09-24T12:49:21.362Z	S011717000196486d61
97.1556	2026-09-24T12:49:22.076Z	W0000005700021de901
97.1556	2026-09-24T12:49:22.076Z	R0000005700021de8ff
97.1556	2026-09-24T12:49:22.076Z	E000000000000000000
97.1556	2026-09-24T12:49:22.076Z	M000000000000000000
97.1556	2026-09-24T12:49:22.076Z	Fffffffff0000000000
97.2455	2026-09-24T12:49:22.166Z	S01171700019a486d65
98.0213	2026-09-24T12:49:22.942Z	W0000005800021de8fd
98.0213	2026-09-24T12:49:22.942Z	R0000005800021de8ff
98.0213	2026-09-24T12:49:22.942Z	E000000000000000000
98.0213	2026-09-24T12:49:22.942Z	M000000000000000000
98.0213	2026-09-24T12:49:22.942Z	Fffffffff0000000000
98.0425	2026-09-24T12:49:22.963Z	S01171700019e486d69
98.8447	2026-09-24T12:49:23.765Z	S0117170001a2486d6d
98.8654	2026-09-24T12:49:23.786Z	W0000005900021de901
98.8654	2026-09-24T12:49:23.786Z	R0000005900021de8ff
98.8654	2026-09-24T12:49:23.786Z	E000000000000000000
98.8901	2026-09-24T12:49:23.811Z	M000000000000000000
98.8901	2026-09-24T12:49:23.811Z	Fffffffff0000000000
99.6560	2026-09-24T12:49:24.577Z	S0117170001a6486d71
99.7221	2026-09-24T12:49:24.643Z	W0000005a00021de8fd
99.7221	2026-09-24T12:49:24.643Z	R0000005a00021de8ff
99.7221	2026-09-24T12:49:24.643Z	E000000000000000000
99.7435	2026-09-24T12:49:24.664Z	M000000000000000000
99.7435	2026-09-24T12:49:24.664Z	Fffffffff0000000000
100.4767	2026-09-24T12:49:25.397Z	S0117170001aa486d75
100.5893	2026-09-24T12:49:25.510Z	W0000005b00021de901
100.5893	2026-09-24T12:49:25.510Z	R0000005b00021de8ff
100.5893	2026-09-24T12:49:25.510Z	E000000000000000000
100.5893	2026-09-24T12:49:25.510Z	M000000000000000000
100.5893	2026-09-24T12:49:25.510Z	Fffffffff0000000000
101.2741	2026-09-24T12:49:26.195Z	S0117170001ae486d79
101.4398	2026-09-24T12:49:26.360Z	W0000005c00021de8fd
101.4398	2026-09-24T12:49:26.360Z	R0000005c00021de8ff
101.4398	2026-09-24T12:49:26.360Z	E000000000000000000
101.4637	2026-09-24T12:49:26.384Z	M000000000000000000
101.4637	2026-09-24T12:49:26.384Z	Fffffffff0000000000
102.0761	2026-09-24T12:49:26.997Z	S0117170001b2486d7d
102.3151	2026-09-24T12:49:27.236Z	W0000005d00021de901
102.3151	2026-09-24T12:49:27.236Z	R0000005d00021de8ff
102.3151	2026-09-24T12:49:27.236Z	E000000000000000000
102.3151	2026-09-24T12:49:27.236Z	M000000000000000000
102.3151	2026-09-24T12:49:27.236Z	Fffffffff0000000000
102.8815	2026-09-24T12:49:27.802Z	S0117170001b6486d81
103.1635	2026-09-24T12:49:28.084Z	W0000005e00021de8fd
103.1635	2026-09-24T12:49:28.084Z	R0000005e00021de8ff
103.1635	2026-09-24T12:49:28.084Z	E000000000000000000
103.1635	2026-09-24T12:49:28.084Z	M000000000000000000
103.1635	2026-09-24T12:49:28.084Z	Fffffffff0000000000
103.6807	2026-09-24T12:49:28.601Z	S0117170001ba486d85
104.0175	2026-09-24T12:49:28.938Z	W0000005f00021de901
104.0175	2026-09-24T12:49:28.938Z	R0000005f00021de8ff
104.0175	2026-09-24T12:49:28.938Z	E000000000000000000
104.0411	2026-09-24T12:49:28.962Z	M000000000000000000
104.0411	2026-09-24T12:49:28.962Z	Fffffffff0000000000
104.4850	2026-09-24T12:49:29.406Z	S0117170001be486d89
104.8935	2026-09-24T12:49:29.814Z	W0000006000021de8fd
104.8935	2026-09-24T12:49:29.814Z	R0000006000021de8ff
104.8935	2026-09-24T12:49:29.814Z	E000000000000000000
104.8935	2026-09-24T12:49:29.814Z	M000000000000000000
104.8935	2026-09-24T12:49:29.814Z	Fffffffff0000000000
105.2850	2026-09-24T12:49:30.206Z	S0117170001c2486d8d
105.7566	2026-09-24T12:49:30.677Z	W0000006100021de901
105.7566	2026-09-24T12:49:30.677Z	R0000006100021de8ff
105.7566	2026-09-24T12:49:30.677Z	E000000000000000000
105.7566	2026-09-24T12:49:30.677Z	M000000000000000000
105.7566	2026-09-24T12:49:30.677Z	Fffffffff0000000000
106.1102	2026-09-24T12:49:31.031Z	S0117170001c6486d91
106.6059	2026-09-24T12:49:31.527Z	W0000006200021de8fd
106.6059	2026-09-24T12:49:31.527Z	R0000006200021de8ff
106.6059	2026-09-24T12:49:31.527Z	E000000000000000000
106.6059	2026-09-24T12:49:31.527Z	M000000000000000000
106.6059	2026-09-24T12:49:31.527Z	Fffffffff0000000000
106.9065	2026-09-24T12:49:31.827Z	S0117170001ca486d95
107.4544	2026-09-24T12:49:32.375Z	W0000006300021de901
107.4544	2026-09-24T12:49:32.375Z	R0000006300021de8ff
107.4544	2026-09-24T12:49:32.375Z	E000000000000000000
107.4751	2026-09-24T12:49:32.396Z	M000000000000000000
107.4751	2026-09-24T12:49:32.396Z	Fffffffff0000000000
107.7135	2026-09-24T12:49:32.634Z	S0117170001ce486d99
108.3332	2026-09-24T12:49:33.254Z	W0000006400021de8fd
108.3332	2026-09-24T12:49:33.254Z	R0000006400021de8ff
108.3332	2026-09-24T12:49:33.254Z	E000000000000000000
108.3332	2026-09-24T12:49:33.254Z	M000000000000000000
108.3332	2026-09-24T12:49:33.254Z	Fffffffff0000000000
108.5254	2026-09-24T12:49:33.446Z	S0117170001d2486d9d
109.1832	2026-09-24T12:49:34.104Z	W0000006500021de901
109.1832	2026-09-24T12:49:34.104Z	R0000006500021de8ff
109.1832	2026-09-24T12:49:34.104Z	E000000000000000000
109.1832	2026-09-24T12:49:34.104Z	M000000000000000000
109.1832	2026-09-24T12:49:34.104Z	Fffffffff0000000000
109.3233	2026-09-24T12:49:34.244Z	S0117170001d6486da1
110.0320	2026-09-24T12:49:34.953Z	W0000006600021de8fd
110.0320	2026-09-24T12:49:34.953Z	R0000006600021de8ff
110.0320	2026-09-24T12:49:34.953Z	E000000000000000000
110.0549	2026-09-24T12:49:34.976Z	M000000000000000000
110.0549	2026-09-24T12:49:34.976Z	Fffffffff0000000000
110.1232	2026-09-24T12:49:35.044Z	S0117170001da486da5
110.9065	2026-09-24T12:49:35.827Z	W0000006700021de901
110.9065	2026-09-24T12:49:35.827Z	R0000006700021de8ff
110.9065	2026-09-24T12:49:35.827Z	E000000000000000000
110.9065	2026-09-24T12:49:35.827Z	M000000000000000000
110.9065	2026-09-24T12:49:35.827Z	Fffffffff0000000000
110.9269	2026-09-24T12:49:35.848Z	S0117170001de486da9
111.7415	2026-09-24T12:49:36.662Z	S0117170001e2486dad
111.7631	2026-09-24T12:49:36.684Z	W0000006800021de8fd
111.7631	2026-09-24T12:49:36.684Z	R0000006800021de8ff
111.7631	2026-09-24T12:49:36.684Z	E000000000000000000
111.7631	2026-09-24T12:49:36.684Z	M000000000000000000
111.7631	2026-09-24T12:49:36.684Z	Fffffffff0000000000
112.5556	2026-09-24T12:49:37.476Z	S0117170001e6486db1
112.6202	2026-09-24T12:49:37.541Z	W0000006900021de901
112.6202	2026-09-24T12:49:37.541Z	R0000006900021de8ff
112.6202	2026-09-24T12:49:37.541Z	E000000000000000000
112.6202	2026-09-24T12:49:37.541Z	M000000000000000000
112.6202	2026-09-24T12:49:37.541Z	Fffffffff0000000000
113.3519	2026-09-24T12:49:38.273Z	S0117170001ea486db5
113.4729	2026-09-24T12:49:38.394Z	W0000006a00021de8fd
113.4729	2026-09-24T12:49:38.394Z	R0000006a00021de8ff
113.4729	2026-09-24T12:49:38.394Z	E000000000000000000
113.4939	2026-09-24T12:49:38.415Z	M000000000000000000
113.4939	2026-09-24T12:49:38.415Z	Fffffffff0000000000
114.1603	2026-09-24T12:49:39.081Z	S0117170001ee486db9
114.3281	2026-09-24T12:49:39.249Z	W0000006b00021de901
114.3281	2026-09-24T12:49:39.249Z	R0000006b00021de8ff
114.3281	2026-09-24T12:49:39.249Z	E000000000000000000
114.3520	2026-09-24T12:49:39.273Z	M000000000000000000
114.3520	2026-09-24T12:49:39.273Z	Fffffffff0000000000
114.9557	2026-09-24T12:49:39.877Z	S0117170001f2486dbd
115.1978	2026-09-24T12:49:40.119Z	W0000006c00021de8fd
115.1978	2026-09-24T12:49:40.119Z	R0000006c00021de8ff
115.1978	2026-09-24T12:49:40.119Z	E000000000000000000
115.1978	2026-09-24T12:49:40.119Z	M000000000000000000
115.1978	2026-09-24T12:49:40.119Z	Fffffffff0000000000
115.7659	2026-09-24T12:49:40.687Z	S0117170001f6486dc1
116.0562	2026-09-24T12:49:40.977Z	W0000006d00021de901
116.0562	2026-09-24T12:49:40.977Z	R0000006d00021de8ff
116.0562	2026-09-24T12:49:40.977Z	E000000000000000000
116.0562	2026-09-24T12:49:40.977Z	M000000000000000000
116.0562	2026-09-24T12:49:40.977Z	Fffffffff0000000000
116.5750	2026-09-24T12:49:41.496Z	S0117170001fa486dc5
116.9181	2026-09-24T12:49:41.839Z	W0000006e00021de8fd
116.9181	2026-09-24T12:49:41.839Z	R0000006e00021de8ff
116.9181	2026-09-24T12:49:41.839Z	E000000000000000000
116.9181	2026-09-24T12:49:41.839Z	M000000000000000000
116.9181	2026-09-24T12:49:41.839Z	Fffffffff0000000000
117.3707	2026-09-24T12:49:42.292Z	S0117170001fe486dc9
117.7648	2026-09-24T12:49:42.686Z	W0000006f00021de901
117.7648	2026-09-24T12:49:42.686Z	R0000006f00021de8ff
117.7648	2026-09-24T12:49:42.686Z	E000000000000000000
117.7852	2026-09-24T12:49:42.706Z	M000000000000000000
117.7852	2026-09-24T12:49:42.706Z	Fffffffff0000000000
118.1724	2026-09-24T12:49:43.093Z	S011717000202486dcd
118.6332	2026-09-24T12:49:43.554Z	W0000007000021de8fd
118.6332	2026-09-24T12:49:43.554Z	R0000007000021de8ff
118.6332	2026-09-24T12:49:43.554Z	E000000000000000000
118.6332	2026-09-24T12:49:43.554Z	M000000000000000000
118.6332	2026-09-24T12:49:43.554Z	Fffffffff0000000000
118.9935	2026-09-24T12:49:43.914Z	S011717000206486dd1
119.5057	2026-09-24T12:49:44.426Z	W0000007100021de901
119.5057	2026-09-24T12:49:44.427Z	R0000007100021de8ff
119.5057	2026-09-24T12:49:44.427Z	E000000000000000000
119.5057	2026-09-24T12:49:44.427Z	M000000000000000000
119.5057	2026-09-24T12:49:44.427Z	Fffffffff0000000000
119.8010	2026-09-24T12:49:44.722Z	S01171700020a486dd5
120.3475	2026-09-24T12:49:45.268Z	W0000007200021de8fd
120.3475	2026-09-24T12:49:45.268Z	R0000007200021de8ff
120.3475	2026-09-24T12:49:45.268Z	E000000000000000000
120.3475	2026-09-24T12:49:45.268Z	M000000000000000000
120.3475	2026-09-24T12:49:45.268Z	Fffffffff0000000000
120.5894	2026-09-24T12:49:45.510Z	S01171700020e486dd9
121.2027	2026-09-24T12:49:46.124Z	W0000007300021de901
121.2027	2026-09-24T12:49:46.124Z	R0000007300021de8ff
121.2027	2026-09-24T12:49:46.124Z	E000000000000000000
121.2268	2026-09-24T12:49:46.148Z	M000000000000000000
121.2268	2026-09-24T12:49:46.148Z	Fffffffff0000000000
121.3972	2026-09-24T12:49:46.318Z	S011717000212486ddd
122.0838	2026-09-24T12:49:47.005Z	W0000007400021de8fd
122.0838	2026-09-24T12:49:47.005Z	R0000007400021de8ff
122.0838	2026-09-24T12:49:47.005Z	E000000000000000000
122.0838	2026-09-24T12:49:47.005Z	M000000000000000000
122.0838	2026-09-24T12:49:47.005Z	Fffffffff0000000000
122.2040	2026-09-24T12:49:47.125Z	S011717000216486de1
122.9215	2026-09-24T12:49:47.842Z	W0000007500021de901
122.9215	2026-09-24T12:49:47.842Z	R0000007500021de8ff
122.9215	2026-09-24T12:49:47.842Z	E000000000000000000
122.9436	2026-09-24T12:49:47.864Z	M000000000000000000
122.9436	2026-09-24T12:49:47.864Z	Fffffffff0000000000
123.0165	2026-09-24T12:49:47.937Z	S01171700021a486de5
123.7896	2026-09-24T12:49:48.711Z	W0000007600021de8fd
123.7896	2026-09-24T12:49:48.711Z	R0000007600021de8ff
123.7896	2026-09-24T12:49:48.711Z	E000000000000000000
123.7896	2026-09-24T12:49:48.711Z	M000000000000000000
123.7896	2026-09-24T12:49:48.711Z	Fffffffff0000000000
123.8102	2026-09-24T12:49:48.731Z	S01171700021e486de9
124.6292	2026-09-24T12:49:49.550Z	S011717000222486ded
124.6507	2026-09-24T12:49:49.572Z	W0000007700021de901
124.6507	2026-09-24T12:49:49.572Z	R0000007700021de8ff
124.6507	2026-09-24T12:49:49.572Z	E000000000000000000
124.6507	2026-09-24T12:49:49.572Z	M000000000000000000
124.6507	2026-09-24T12:49:49.572Z	Fffffffff0000000000
125.4333	2026-09-24T12:49:50.354Z	S011717000226486df1
125.5036	2026-09-24T12:49:50.424Z	W0000007800021de8fd
125.5036	2026-09-24T12:49:50.424Z	R0000007800021de8ff
125.5036	2026-09-24T12:49:50.424Z	E000000000000000000
125.5036	2026-09-24T12:49:50.424Z	M000000000000000000
125.5036	2026-09-24T12:49:50.424Z	Fffffffff0000000000
126.2419	2026-09-24T12:49:51.163Z	S01171700022a486df5
126.3602	2026-09-24T12:49:51.281Z	W0000007900021de901
126.3602	2026-09-24T12:49:51.281Z	R0000007900021de8ff
126.3602	2026-09-24T12:49:51.281Z	E000000000000000000
126.3849	2026-09-24T12:49:51.306Z	M000000000000000000
126.3849	2026-09-24T12:49:51.306Z	Fffffffff0000000000
127.0352	2026-09-24T12:49:51.956Z	S01171700022e486df9
127.2221	2026-09-24T12:49:52.143Z	W0000007a00021de8fd
127.2221	2026-09-24T12:49:52.143Z	R0000007a00021de8ff
127.2221	2026-09-24T12:49:52.143Z	E000000000000000000
127.2221	2026-09-24T12:49:52.143Z	M000000000000000000
127.2221	2026-09-24T12:49:52.143Z	Fffffffff0000000000
127.8337	2026-09-24T12:49:52.755Z	S011717000232486dfd
128.0982	2026-09-24T12:49:53.019Z	W0000007b00021de901
128.0982	2026-09-24T12:49:53.019Z	R0000007b00021de8ff
128.0982	2026-09-24T12:49:53.019Z	E000000000000000000
128.0982	2026-09-24T12:49:53.019Z	M000000000000000000
128.0982	2026-09-24T12:49:53.019Z	Fffffffff0000000000
128.6556	2026-09-24T12:49:53.577Z	S011717000236486e01
128.9396	2026-09-24T12:49:53.861Z	W0000007c00021de8fd
128.9396	2026-09-24T12:49:53.861Z	R0000007c00021de8ff
128.9396	2026-09-24T12:49:53.861Z	E000000000000000000
128.9396	2026-09-24T12:49:53.861Z	M000000000000000000
128.9396	2026-09-24T12:49:53.861Z	Fffffffff0000000000
129.4465	2026-09-24T12:49:54.367Z	S01171700023a486e05
129.8173	2026-09-24T12:49:54.738Z	W0000007d00021de901
129.8173	2026-09-24T12:49:54.738Z	R0000007d00021de8ff
129.8173	2026-09-24T12:49:54.738Z	E000000000000000000
129.8173	2026-09-24T12:49:54.738Z	M000000000000000000
129.8173	2026-09-24T12:49:54.738Z	Fffffffff0000000000
130.2496	2026-09-24T12:49:55.171Z	S01171700023e486e09
130.6686	2026-09-24T12:49:55.590Z	W0000007e00021de8fd
130.6686	2026-09-24T12:49:55.590Z	R0000007e00021de8ff
130.6686	2026-09-24T12:49:55.590Z	E000000000000000000
130.6686	2026-09-24T12:49:55.590Z	M000000000000000000
130.6686	2026-09-24T12:49:55.590Z	Fffffffff0000000000
131.0553	2026-09-24T12:49:55.976Z	S011717000242486e0d
131.5122	2026-09-24T12:49:56.433Z	W0000007f00021de901
131.5122	2026-09-24T12:49:56.433Z	R0000007f00021de8ff
131.5122	2026-09-24T12:49:56.433Z	E000000000000000000
131.5343	2026-09-24T12:49:56.455Z	M000000000000000000
131.5343	2026-09-24T12:49:56.455Z	Fffffffff0000000000
131.8824	2026-09-24T12:49:56.803Z	S011717000246486e11
132.3910	2026-09-24T12:49:57.312Z	W0000008000021de8fd
132.3910	2026-09-24T12:49:57.312Z	R0000008000021de8ff
132.3910	2026-09-24T12:49:57.312Z	E000000000000000000
132.3910	2026-09-24T12:49:57.312Z	M000000000000000000
132.3910	2026-09-24T12:49:57.312Z	Fffffffff0000000000
132.6735	2026-09-24T12:49:57.594Z	S01171700024a486e15
133.2306	2026-09-24T12:49:58.152Z	W0000008100021de901
133.2306	2026-09-24T12:49:58.152Z	R0000008100021de8ff
133.2306	2026-09-24T12:49:58.152Z	E000000000000000000
133.2519	2026-09-24T12:49:58.173Z	M000000000000000000
133.2519	2026-09-24T12:49:58.173Z	Fffffffff0000000000
133.4916	2026-09-24T12:49:58.413Z	S01171700024e486e19
134.1013	2026-09-24T12:49:59.022Z	W0000008200021de8fd
134.1013	2026-09-24T12:49:59.022Z	R0000008200021de8ff
134.1013	2026-09-24T12:49:59.022Z	E000000000000000000
134.1013	2026-09-24T12:49:59.022Z	M000000000000000000
134.1013	2026-09-24T12:49:59.022Z	Fffffffff0000000000
134.2917	2026-09-24T12:49:59.213Z	S011717000252486e1d
134.9491	2026-09-24T12:49:59.870Z	W0000008300021de901
134.9491	2026-09-24T12:49:59.870Z	R0000008300021de8ff
134.9491	2026-09-24T12:49:59.870Z	E000000000000000000
134.9729	2026-09-24T12:49:59.894Z	M000000000000000000
134.9729	2026-09-24T12:49:59.894Z	Fffffffff0000000000
135.0904	2026-09-24T12:50:00.011Z	S011717000256486e21
135.8137	2026-09-24T12:50:00.735Z	W0000008400021de8fd
135.8137	2026-09-24T12:50:00.735Z	R0000008400021de8ff
135.8137	2026-09-24T12:50:00.735Z	E000000000000000000
135.8137	2026-09-24T12:50:00.735Z	M000000000000000000
135.8137	2026-09-24T12:50:00.735Z	Fffffffff0000000000
135.9062	2026-09-24T12:50:00.827Z	S01171700025a486e25
136.6725	2026-09-24T12:50:01.594Z	W0000008500021de901
136.6725	2026-09-24T12:50:01.594Z	R0000008500021de8ff
136.6725	2026-09-24T12:50:01.594Z	E000000000000000000
136.6725	2026-09-24T12:50:01.594Z	M000000000000000000
136.6725	2026-09-24T12:50:01.594Z	Fffffffff0000000000
136.6926	2026-09-24T12:50:01.614Z	S01171700025e486e29
137.5176	2026-09-24T12:50:02.439Z	S011717000262486e2d
137.5392	2026-09-24T12:50:02.460Z	W0000008600021de8fd
137.5392	2026-09-24T12:50:02.460Z	R0000008600021de8ff
137.5392	2026-09-24T12:50:02.460Z	E000000000000000000
137.5392	2026-09-24T12:50:02.460Z	M000000000000000000
137.5392	2026-09-24T12:50:02.460Z	Fffffffff0000000000
138.3037	2026-09-24T12:50:03.225Z	S011717000266486e31
138.3984	2026-09-24T12:50:03.319Z	W0000008700021de901
138.3984	2026-09-24T12:50:03.319Z	R0000008700021de8ff
138.3984	2026-09-24T12:50:03.319Z	E000000000000000000
138.3984	2026-09-24T12:50:03.319Z	M000000000000000000
138.3984	2026-09-24T12:50:03.319Z	Fffffffff0000000000
139.1254	2026-09-24T12:50:04.046Z	S01171700026a486e35
139.2456	2026-09-24T12:50:04.167Z	W0000008800021de8fd
139.2456	2026-09-24T12:50:04.167Z	R0000008800021de8ff
139.2456	2026-09-24T12:50:04.167Z	E000000000000000000
139.2686	2026-09-24T12:50:04.190Z	M000000000000000000
139.2686	2026-09-24T12:50:04.190Z	Fffffffff0000000000
139.9135	2026-09-24T12:50:04.835Z	S01171700026e486e39
140.1051	2026-09-24T12:50:05.026Z	W0000008900021de901
140.1051	2026-09-24T12:50:05.026Z	R0000008900021de8ff
140.1051	2026-09-24T12:50:05.026Z	E000000000000000000
140.1279	2026-09-24T12:50:05.049Z	M000000000000000000
140.1279	2026-09-24T12:50:05.049Z	Fffffffff0000000000
140.7436	2026-09-24T12:50:05.665Z	S011717000272486e3d
140.9636	2026-09-24T12:50:05.885Z	W0000008a00021de8fd
140.9636	2026-09-24T12:50:05.885Z	R0000008a00021de8ff
140.9636	2026-09-24T12:50:05.885Z	E000000000000000000
140.9857	2026-09-24T12:50:05.907Z	M000000000000000000
140.9857	2026-09-24T12:50:05.907Z	Fffffffff0000000000
141.5318	2026-09-24T12:50:06.453Z	S011717000276486e41
141.8228	2026-09-24T12:50:06.744Z	W0000008b00021de901
141.8228	2026-09-24T12:50:06.744Z	R0000008b00021de8ff
141.8228	2026-09-24T12:50:06.744Z	E000000000000000000
141.8459	2026-09-24T12:50:06.767Z	M000000000000000000
141.8459	2026-09-24T12:50:06.767Z	Fffffffff0000000000
142.3293	2026-09-24T12:50:07.250Z	S01171700027a486e45
142.6982	2026-09-24T12:50:07.619Z	W0000008c00021de8fd
142.6982	2026-09-24T12:50:07.619Z	R0000008c00021de8ff
142.6982	2026-09-24T12:50:07.619Z	E000000000000000000
142.6982	2026-09-24T12:50:07.619Z	M000000000000000000
142.6982	2026-09-24T12:50:07.619Z	Fffffffff0000000000
143.1466	2026-09-24T12:50:08.068Z	S01171700027e486e49
143.5575	2026-09-24T12:50:08.479Z	W0000008d00021de901
143.5575	2026-09-24T12:50:08.479Z	R0000008d00021de8ff
143.5575	2026-09-24T12:50:08.479Z	E000000000000000000
143.5575	2026-09-24T12:50:08.479Z	M000000000000000000
143.5575	2026-09-24T12:50:08.479Z	Fffffffff0000000000
143.9576	2026-09-24T12:50:08.879Z	S011717000282486e4d
144.4005	2026-09-24T12:50:09.322Z	W0000008e00021de8fd
144.4005	2026-09-24T12:50:09.322Z	R0000008e00021de8ff
144.4005	2026-09-24T12:50:09.322Z	E000000000000000000
144.4244	2026-09-24T12:50:09.345Z	M000000000000000000
144.4244	2026-09-24T12:50:09.345Z	Fffffffff0000000000
144.7588	2026-09-24T12:50:09.680Z	S011717000286486e51
145.2596	2026-09-24T12:50:10.181Z	W0000008f00021de901
145.2596	2026-09-24T12:50:10.181Z	R0000008f00021de8ff
145.2596	2026-09-24T12:50:10.181Z	E000000000000000000
145.2825	2026-09-24T12:50:10.204Z	M000000000000000000
145.2825	2026-09-24T12:50:10.204Z	Fffffffff0000000000
145.5653	2026-09-24T12:50:10.486Z	S01171700028a486e55
146.1216	2026-09-24T12:50:11.043Z	W0000009000021de8fd
146.1216	2026-09-24T12:50:11.043Z	R0000009000021de8ff
146.1216	2026-09-24T12:50:11.043Z	E000000000000000000
146.1436	2026-09-24T12:50:11.065Z	M000000000000000000
146.1436	2026-09-24T12:50:11.065Z	Fffffffff0000000000
146.3640	2026-09-24T12:50:11.285Z	S01171700028e486e59
146.9780	2026-09-24T12:50:11.899Z	W0000009100021de901
146.9780	2026-09-24T12:50:11.899Z	R0000009100021de8ff
146.9780	2026-09-24T12:50:11.899Z	E000000000000000000
147.0018	2026-09-24T12:50:11.923Z	M000000000000000000
147.0018	2026-09-24T12:50:11.923Z	Fffffffff0000000000
147.1642	2026-09-24T12:50:12.085Z	S011717000292486e5d
147.8378	2026-09-24T12:50:12.759Z	W0000009200021de8fd
147.8378	2026-09-24T12:50:12.759Z	R0000009200021de8ff
147.8378	2026-09-24T12:50:12.759Z	E000000000000000000
147.8618	2026-09-24T12:50:12.783Z	M000000000000000000
147.8618	2026-09-24T12:50:12.783Z	Fffffffff0000000000
147.9761	2026-09-24T12:50:12.897Z	S011717000296486e61
148.6970	2026-09-24T12:50:13.618Z	W0000009300021de901
148.6970	2026-09-24T12:50:13.618Z	R0000009300021de8ff
148.6970	2026-09-24T12:50:13.618Z	E000000000000000000
148.7210	2026-09-24T12:50:13.642Z	M000000000000000000
148.7210	2026-09-24T12:50:13.642Z	Fffffffff0000000000
148.7928	2026-09-24T12:50:13.714Z	S01171700029a486e65
149.5639	2026-09-24T12:50:14.485Z	W0000009400021de8fd
149.5639	2026-09-24T12:50:14.485Z	R0000009400021de8ff
149.5639	2026-09-24T12:50:14.485Z	E000000000000000000
149.5639	2026-09-24T12:50:14.485Z	M000000000000000000
149.5639	2026-09-24T12:50:14.485Z	Fffffffff0000000000
149.5849	2026-09-24T12:50:14.506Z	S01171700029e486e69
150.4006	2026-09-24T12:50:15.322Z	S0117170002a2486e6d
150.4208	2026-09-24T12:50:15.342Z	W0000009500021de901
150.4208	2026-09-24T12:50:15.342Z	R0000009500021de8ff
150.4208	2026-09-24T12:50:15.342Z	E000000000000000000
150.4208	2026-09-24T12:50:15.342Z	M000000000000000000
150.4208	2026-09-24T12:50:15.342Z	Fffffffff0000000000
151.1936	2026-09-24T12:50:16.115Z	S0117170002a6486e71
151.2878	2026-09-24T12:50:16.209Z	W0000009600021de8fd
151.2878	2026-09-24T12:50:16.209Z	R0000009600021de8ff
151.2878	2026-09-24T12:50:16.209Z	E000000000000000000
151.2878	2026-09-24T12:50:16.209Z	M000000000000000000
151.2878	2026-09-24T12:50:16.209Z	Fffffffff0000000000
152.0057	2026-09-24T12:50:16.927Z	S0117170002aa486e75
152.1491	2026-09-24T12:50:17.070Z	W0000009700021de901
152.1491	2026-09-24T12:50:17.070Z	R0000009700021de8ff
152.1491	2026-09-24T12:50:17.070Z	E000000000000000000
152.1491	2026-09-24T12:50:17.070Z	M000000000000000000
152.1491	2026-09-24T12:50:17.070Z	Fffffffff0000000000
152.7983	2026-09-24T12:50:17.720Z	S0117170002ae486e79
153.0112	2026-09-24T12:50:17.932Z	W0000009800021de8fd
153.0112	2026-09-24T12:50:17.932Z	R0000009800021de8ff
153.0112	2026-09-24T12:50:17.932Z	E000000000000000000
153.0112	2026-09-24T12:50:17.932Z	M000000000000000000
153.0112	2026-09-24T12:50:17.932Z	Fffffffff0000000000
153.6161	2026-09-24T12:50:18.537Z	S0117170002b2486e7d
153.8587	2026-09-24T12:50:18.780Z	W0000009900021de901
153.8587	2026-09-24T12:50:18.780Z	R0000009900021de8ff
153.8587	2026-09-24T12:50:18.780Z	E000000000000000000
153.8587	2026-09-24T12:50:18.780Z	M000000000000000000
153.8587	2026-09-24T12:50:18.780Z	Fffffffff0000000000
154.4090	2026-09-24T12:50:19.330Z	S0117170002b6486e81
154.7234	2026-09-24T12:50:19.645Z	W0000009a00021de8fd
154.7234	2026-09-24T12:50:19.645Z	R0000009a00021de8ff
154.7234	2026-09-24T12:50:19.645Z	E000000000000000000
154.7234	2026-09-24T12:50:19.645Z	M000000000000000000
154.7234	2026-09-24T12:50:19.645Z	Fffffffff0000000000
155.2173	2026-09-24T12:50:20.139Z	S0117170002ba486e85
155.5816	2026-09-24T12:50:20.503Z	W0000009b00021de901
155.5816	2026-09-24T12:50:20.503Z	R0000009b00021de8ff
155.5816	2026-09-24T12:50:20.503Z	E000000000000000000
155.5816	2026-09-24T12:50:20.503Z	M000000000000000000
155.5816	2026-09-24T12:50:20.503Z	Fffffffff0000000000
156.0196	2026-09-24T12:50:20.941Z	S0117170002be486e89
156.4305	2026-09-24T12:50:21.352Z	W0000009c00021de8fd
156.4305	2026-09-24T12:50:21.352Z	R0000009c00021de8ff
156.4305	2026-09-24T12:50:21.352Z	E000000000000000000
156.4519	2026-09-24T12:50:21.373Z	M000000000000000000
156.4519	2026-09-24T12:50:21.373Z	Fffffffff0000000000
156.8420	2026-09-24T12:50:21.763Z	S0117170002c2486e8d
157.2964	2026-09-24T12:50:22.218Z	W0000009d00021de901
157.2964	2026-09-24T12:50:22.218Z	R0000009d00021de8ff
157.2964	2026-09-24T12:50:22.218Z	E000000000000000000
157.2964	2026-09-24T12:50:22.218Z	M000000000000000000
157.2964	2026-09-24T12:50:22.218Z	Fffffffff0000000000
157.6392	2026-09-24T12:50:22.560Z	S0117170002c6486e91
158.1660	2026-09-24T12:50:23.087Z	W0000009e00021de8fd
158.1660	2026-09-24T12:50:23.087Z	R0000009e00021de8ff
158.1660	2026-09-24T12:50:23.087Z	E000000000000000000
158.1660	2026-09-24T12:50:23.087Z	M000000000000000000
158.1660	2026-09-24T12:50:23.087Z	Fffffffff0000000000
158.4359	2026-09-24T12:50:23.357Z	S0117170002ca486e95
159.0219	2026-09-24T12:50:23.943Z	W0000009f00021de901
159.0219	2026-09-24T12:50:23.943Z	R0000009f00021de8ff
159.0219	2026-09-24T12:50:23.943Z	E000000000000000000
159.0219	2026-09-24T12:50:23.943Z	M000000000000000000
159.0219	2026-09-24T12:50:23.943Z	Fffffffff0000000000
159.2424	2026-09-24T12:50:24.164Z	S0117170002ce486e99
159.8721	2026-09-24T12:50:24.793Z	W000000a000021de8fd
159.8721	2026-09-24T12:50:24.793Z	R000000a000021de8ff
159.8721	2026-09-24T12:50:24.793Z	E000000000000000000
159.8721	2026-09-24T12:50:24.793Z	M000000000000000000
159.8721	2026-09-24T12:50:24.793Z	Fffffffff0000000000
160.0686	2026-09-24T12:50:24.990Z	S0117170002d2486e9d
160.7255	2026-09-24T12:50:25.647Z	W000000a100021de901
160.7255	2026-09-24T12:50:25.647Z	R000000a100021de8ff
160.7255	2026-09-24T12:50:25.647Z	E000000000000000000
160.7493	2026-09-24T12:50:25.671Z	M000000000000000000
160.7493	2026-09-24T12:50:25.671Z	Fffffffff0000000000
160.8737	2026-09-24T12:50:25.795Z	S0117170002d6486ea1
161.6022	2026-09-24T12:50:26.523Z	W000000a200021de8fd
161.6022	2026-09-24T12:50:26.523Z	R000000a200021de8ff
161.6022	2026-09-24T12:50:26.523Z	E000000000000000000
161.6022	2026-09-24T12:50:26.523Z	M000000000000000000
161.6022	2026-09-24T12:50:26.523Z	Fffffffff0000000000
161.6760	2026-09-24T12:50:26.597Z	S0117170002da486ea5
162.4488	2026-09-24T12:50:27.370Z	W000000a300021de901
162.4488	2026-09-24T12:50:27.370Z	R000000a300021de8ff
162.4488	2026-09-24T12:50:27.370Z	E000000000000000000
162.4705	2026-09-24T12:50:27.392Z	M000000000000000000
162.4705	2026-09-24T12:50:27.392Z	Fffffffff0000000000
162.4705	2026-09-24T12:50:27.392Z	S0117170002de486ea9
163.2674	2026-09-24T12:50:28.189Z	S0117170002e2486ead
163.3135	2026-09-24T12:50:28.235Z	W000000a400021de8fd
163.3135	2026-09-24T12:50:28.235Z	R000000a400021de8ff
163.3135	2026-09-24T12:50:28.235Z	E000000000000000000
163.3135	2026-09-24T12:50:28.235Z	M000000000000000000
163.3135	2026-09-24T12:50:28.235Z	Fffffffff0000000000
164.0890	2026-09-24T12:50:29.010Z	S0117170002e6486eb1
164.1836	2026-09-24T12:50:29.105Z	W000000a500021de901
164.1836	2026-09-24T12:50:29.105Z	R000000a500021de8ff
164.1836	2026-09-24T12:50:29.105Z	E000000000000000000
164.1836	2026-09-24T12:50:29.105Z	M000000000000000000
164.1836	2026-09-24T12:50:29.105Z	Fffffffff0000000000
164.8795	2026-09-24T12:50:29.801Z	S0117170002ea486eb5
165.0238	2026-09-24T12:50:29.945Z	W000000a600021de8fd
165.0238	2026-09-24T12:50:29.945Z	R000000a600021de8ff
165.0238	2026-09-24T12:50:29.945Z	E000000000000000000
165.0466	2026-09-24T12:50:29.968Z	M000000000000000000
165.0466	2026-09-24T12:50:29.968Z	Fffffffff0000000000
165.7029	2026-09-24T12:50:30.624Z	S0117170002ee486eb9
165.8998	2026-09-24T12:50:30.821Z	W000000a700021de901
165.8998	2026-09-24T12:50:30.821Z	R000000a700021de8ff
165.8998	2026-09-24T12:50:30.821Z	E000000000000000000
165.8998	2026-09-24T12:50:30.821Z	M000000000000000000
165.8998	2026-09-24T12:50:30.821Z	Fffffffff0000000000
166.5133	2026-09-24T12:50:31.435Z	S0117170002f2486ebd
166.7575	2026-09-24T12:50:31.679Z	W000000a800021de8fd
166.7575	2026-09-24T12:50:31.679Z	R000000a800021de8ff
166.7575	2026-09-24T12:50:31.679Z	E000000000000000000
166.7575	2026-09-24T12:50:31.679Z	M000000000000000000
166.7575	2026-09-24T12:50:31.679Z	Fffffffff0000000000
167.2977	2026-09-24T12:50:32.219Z	S0117170002f6486ec1
167.6088	2026-09-24T12:50:32.530Z	W000000a900021de901
167.6088	2026-09-24T12:50:32.530Z	R000000a900021de8ff
167.6088	2026-09-24T12:50:32.530Z	E000000000000000000
167.6088	2026-09-24T12:50:32.530Z	M000000000000000000
167.6088	2026-09-24T12:50:32.530Z	Fffffffff0000000000
168.1034	2026-09-24T12:50:33.025Z	S0117170002fa486ec5
168.4597	2026-09-24T12:50:33.381Z	W000000aa00021de8fd
168.4597	2026-09-24T12:50:33.381Z	R000000aa00021de8ff
168.4597	2026-09-24T12:50:33.381Z	E000000000000000000
168.4826	2026-09-24T12:50:33.404Z	M000000000000000000
168.4826	2026-09-24T12:50:33.404Z	Fffffffff0000000000
168.9222	2026-09-24T12:50:33.844Z	S0117170002fe486ec9
169.3414	2026-09-24T12:50:34.263Z	W000000ab00021de901
169.3414	2026-09-24T12:50:34.263Z	R000000ab00021de8ff
169.3414	2026-09-24T12:50:34.263Z	E000000000000000000
169.3414	2026-09-24T12:50:34.263Z	M000000000000000000
169.3414	2026-09-24T12:50:34.263Z	Fffffffff0000000000
169.7133	2026-09-24T12:50:34.635Z	S011717000302486ecd
170.1768	2026-09-24T12:50:35.098Z	W000000ac00021de8fd
170.1768	2026-09-24T12:50:35.098Z	R000000ac00021de8ff
170.1768	2026-09-24T12:50:35.098Z	E000000000000000000
170.1998	2026-09-24T12:50:35.121Z	M000000000000000000
170.1998	2026-09-24T12:50:35.121Z	Fffffffff0000000000
170.5364	2026-09-24T12:50:35.458Z	S011717000306486ed1
171.0410	2026-09-24T12:50:35.962Z	W000000ad00021de901
171.0410	2026-09-24T12:50:35.962Z	R000000ad00021de8ff
171.0410	2026-09-24T12:50:35.962Z	E000000000000000000
171.0410	2026-09-24T12:50:35.962Z	M000000000000000000
171.0410	2026-09-24T12:50:35.962Z	Fffffffff0000000000
171.3223	2026-09-24T12:50:36.244Z	S01171700030a486ed5
171.9104	2026-09-24T12:50:36.832Z	W000000ae00021de8fd
171.9104	2026-09-24T12:50:36.832Z	R000000ae00021de8ff
171.9104	2026-09-24T12:50:36.832Z	E000000000000000000
171.9104	2026-09-24T12:50:36.832Z	M000000000000000000
171.9104	2026-09-24T12:50:36.832Z	Fffffffff0000000000
172.1316	2026-09-24T12:50:37.053Z	S01171700030e486ed9
172.7555	2026-09-24T12:50:37.677Z	W000000af00021de901
172.7555	2026-09-24T12:50:37.677Z	R000000af00021de8ff
172.7555	2026-09-24T12:50:37.677Z	E000000000000000000
172.7770	2026-09-24T12:50:37.698Z	M000000000000000000
172.7770	2026-09-24T12:50:37.698Z	Fffffffff0000000000
172.9510	2026-09-24T12:50:37.872Z	S011717000312486edd
173.6286	2026-09-24T12:50:38.550Z	W000000b000021de8fd
173.6286	2026-09-24T12:50:38.550Z	R000000b000021de8ff
173.6286	2026-09-24T12:50:38.550Z	E000000000000000000
173.6286	2026-09-24T12:50:38.550Z	M000000000000000000
173.6286	2026-09-24T12:50:38.550Z	Fffffffff0000000000
173.7484	2026-09-24T12:50:38.670Z	S011717000316486ee1
174.4729	2026-09-24T12:50:39.394Z	W000000b100021de901
174.4729	2026-09-24T12:50:39.394Z	R000000b100021de8ff
174.4729	2026-09-24T12:50:39.394Z	E000000000000000000
174.4967	2026-09-24T12:50:39.418Z	M000000000000000000
174.4967	2026-09-24T12:50:39.418Z	Fffffffff0000000000
174.5418	2026-09-24T12:50:39.463Z	S01171700031a486ee5
175.3468	2026-09-24T12:50:40.268Z	W000000b200021de8fd
175.3468	2026-09-24T12:50:40.268Z	R000000b200021de8ff
175.3468	2026-09-24T12:50:40.268Z	E000000000000000000
175.3468	2026-09-24T12:50:40.268Z	M000000000000000000
175.3468	2026-09-24T12:50:40.268Z	Fffffffff0000000000
175.3717	2026-09-24T12:50:40.293Z	S01171700031e486ee9
176.1531	2026-09-24T12:50:41.075Z	S011717000322486eed
176.1986	2026-09-24T12:50:41.120Z	W000000b300021de901
176.1986	2026-09-24T12:50:41.120Z	R000000b300021de8ff
176.1986	2026-09-24T12:50:41.120Z	E000000000000000000
176.1986	2026-09-24T12:50:41.120Z	M000000000000000000
176.1986	2026-09-24T12:50:41.120Z	Fffffffff0000000000
176.9578	2026-09-24T12:50:41.879Z	S011717000326486ef1
177.0534	2026-09-24T12:50:41.975Z	W000000b400021de8fd
177.0534	2026-09-24T12:50:41.975Z	R000000b400021de8ff
177.0534	2026-09-24T12:50:41.975Z	E000000000000000000
177.0779	2026-09-24T12:50:41.999Z	M000000000000000000
177.0779	2026-09-24T12:50:41.999Z	Fffffffff0000000000
177.7634	2026-09-24T12:50:42.685Z	S01171700032a486ef5
177.9097	2026-09-24T12:50:42.831Z	W000000b500021de901
177.9097	2026-09-24T12:50:42.831Z	R000000b500021de8ff
177.9097	2026-09-24T12:50:42.831Z	E000000000000000000
177.9335	2026-09-24T12:50:42.855Z	M000000000000000000
177.9335	2026-09-24T12:50:42.855Z	Fffffffff0000000000
178.5772	2026-09-24T12:50:43.499Z	S01171700032e486ef9
178.7924	2026-09-24T12:50:43.714Z	W000000b600021de8fd
178.7924	2026-09-24T12:50:43.714Z	R000000b600021de8ff
178.7924	2026-09-24T12:50:43.714Z	E000000000000000000
178.7924	2026-09-24T12:50:43.714Z	M000000000000000000
178.7924	2026-09-24T12:50:43.714Z	Fffffffff0000000000
179.3790	2026-09-24T12:50:44.300Z	S011717000332486efd
179.6493	2026-09-24T12:50:44.571Z	W000000b700021de901
179.6493	2026-09-24T12:50:44.571Z	R000000b700021de8ff
179.6493	2026-09-24T12:50:44.571Z	E000000000000000000
179.6493	2026-09-24T12:50:44.571Z	M000000000000000000
179.6493	2026-09-24T12:50:44.571Z	Fffffffff0000000000
180.1833	2026-09-24T12:50:45.105Z	S011717000336486f01
180.4968	2026-09-24T12:50:45.418Z	W000000b800021de8fd
180.4968	2026-09-24T12:50:45.418Z	R000000b800021de8ff
180.4968	2026-09-24T12:50:45.418Z	E000000000000000000
180.4968	2026-09-24T12:50:45.418Z	M000000000000000000
180.4968	2026-09-24T12:50:45.418Z	Fffffffff0000000000
181.0066	2026-09-24T12:50:45.928Z	S01171700033a486f05
181.3603	2026-09-24T12:50:46.282Z	W000000b900021de901
181.3603	2026-09-24T12:50:46.282Z	R000000b900021de8ff
181.3603	2026-09-24T12:50:46.282Z	E000000000000000000
181.3603	2026-09-24T12:50:46.282Z	M000000000000000000
181.3603	2026-09-24T12:50:46.282Z	Fffffffff0000000000
181.7988	2026-09-24T12:50:46.720Z	S01171700033e486f09
182.2060	2026-09-24T12:50:47.127Z	W000000ba00021de8fd
182.2060	2026-09-24T12:50:47.127Z	R000000ba00021de8ff
182.2060	2026-09-24T12:50:47.127Z	E000000000000000000
182.2270	2026-09-24T12:50:47.148Z	M000000000000000000
182.2270	2026-09-24T12:50:47.148Z	Fffffffff0000000000
182.6177	2026-09-24T12:50:47.539Z	S011717000342486f0d
183.0650	2026-09-24T12:50:47.987Z	W000000bb00021de901
183.0650	2026-09-24T12:50:47.987Z	R000000bb00021de8ff
183.0650	2026-09-24T12:50:47.987Z	E000000000000000000
183.0888	2026-09-24T12:50:48.010Z	M000000000000000000
183.0888	2026-09-24T12:50:48.010Z	Fffffffff0000000000
183.4002	2026-09-24T12:50:48.322Z	S011717000346486f11
183.9275	2026-09-24T12:50:48.849Z	W000000bc00021de8fd
183.9275	2026-09-24T12:50:48.849Z	R000000bc00021de8ff
183.9275	2026-09-24T12:50:48.849Z	E000000000000000000
183.9492	2026-09-24T12:50:48.871Z	M000000000000000000
183.9492	2026-09-24T12:50:48.871Z	Fffffffff0000000000
184.2134	2026-09-24T12:50:49.135Z	S01171700034a486f15
184.7991	2026-09-24T12:50:49.721Z	W000000bd00021de901
184.7991	2026-09-24T12:50:49.721Z	R000000bd00021de8ff
184.7991	2026-09-24T12:50:49.721Z	E000000000000000000
184.7991	2026-09-24T12:50:49.721Z	M000000000000000000
184.7991	2026-09-24T12:50:49.721Z	Fffffffff0000000000
185.0151	2026-09-24T12:50:49.937Z	S01171700034e486f19
185.6512	2026-09-24T12:50:50.573Z	W000000be00021de8fd
185.6512	2026-09-24T12:50:50.573Z	R000000be00021de8ff
185.6512	2026-09-24T12:50:50.573Z	E000000000000000000
185.6512	2026-09-24T12:50:50.573Z	M000000000000000000
185.6512	2026-09-24T12:50:50.573Z	Fffffffff0000000000
185.8226	2026-09-24T12:50:50.744Z	S011717000352486f1d
186.5072	2026-09-24T12:50:51.429Z	W000000bf00021de901
186.5072	2026-09-24T12:50:51.429Z	R000000bf00021de8ff
186.5072	2026-09-24T12:50:51.429Z	E000000000000000000
186.5072	2026-09-24T12:50:51.429Z	M000000000000000000
186.5072	2026-09-24T12:50:51.429Z	Fffffffff0000000000
186.6287	2026-09-24T12:50:51.550Z	S011717000356486f21
187.3839	2026-09-24T12:50:52.305Z	W000000c000021de8fd
187.3839	2026-09-24T12:50:52.306Z	R000000c000021de8ff
187.3839	2026-09-24T12:50:52.306Z	E000000000000000000
187.3839	2026-09-24T12:50:52.306Z	M000000000000000000
187.3839	2026-09-24T12:50:52.306Z	Fffffffff0000000000
187.4295	2026-09-24T12:50:52.351Z	S01171700035a486f25
188.2245	2026-09-24T12:50:53.146Z	W000000c100021de901
188.2245	2026-09-24T12:50:53.146Z	R000000c100021de8ff
188.2245	2026-09-24T12:50:53.146Z	E000000000000000000
188.2468	2026-09-24T12:50:53.168Z	M000000000000000000
188.2468	2026-09-24T12:50:53.168Z	Fffffffff0000000000
188.2468	2026-09-24T12:50:53.168Z	S01171700035e486f29
189.0602	2026-09-24T12:50:53.982Z	S011717000362486f2d
189.0805	2026-09-24T12:50:54.002Z	W000000c200021de8fd
189.0805	2026-09-24T12:50:54.002Z	R000000c200021de8ff
189.0805	2026-09-24T12:50:54.002Z	E000000000000000000
189.1045	2026-09-24T12:50:54.026Z	M000000000000000000
189.1045	2026-09-24T12:50:54.026Z	Fffffffff0000000000
189.8654	2026-09-24T12:50:54.787Z	S011717000366486f31
189.9388	2026-09-24T12:50:54.860Z	W000000c300021de901
189.9388	2026-09-24T12:50:54.860Z	R000000c300021de8ff
189.9388	2026-09-24T12:50:54.860Z	E000000000000000000
189.9626	2026-09-24T12:50:54.884Z	M000000000000000000
189.9626	2026-09-24T12:50:54.884Z	Fffffffff0000000000
190.6586	2026-09-24T12:50:55.580Z	S01171700036a486f35
190.7979	2026-09-24T12:50:55.720Z	W000000c400021de8fd
190.7979	2026-09-24T12:50:55.720Z	R000000c400021de8ff
190.7979	2026-09-24T12:50:55.720Z	E000000000000000000
190.8187	2026-09-24T12:50:55.740Z	M000000000000000000
190.8187	2026-09-24T12:50:55.740Z	Fffffffff0000000000
191.4557	2026-09-24T12:50:56.377Z	S01171700036e486f39
191.6723	2026-09-24T12:50:56.594Z	W000000c500021de901
191.6723	2026-09-24T12:50:56.594Z	R000000c500021de8ff
191.6723	2026-09-24T12:50:56.594Z	E000000000000000000
191.6723	2026-09-24T12:50:56.594Z	M000000000000000000
191.6723	2026-09-24T12:50:56.594Z	Fffffffff0000000000
192.2768	2026-09-24T12:50:57.198Z	S011717000372486f3d
192.5383	2026-09-24T12:50:57.460Z	W000000c600021de8fd
192.5383	2026-09-24T12:50:57.460Z	R000000c600021de8ff
192.5383	2026-09-24T12:50:57.460Z	E000000000000000000
192.5383	2026-09-24T12:50:57.460Z	M000000000000000000
192.5383	2026-09-24T12:50:57.460Z	Fffffffff0000000000
193.0780	2026-09-24T12:50:58.000Z	S011717000376486f41
193.3959	2026-09-24T12:50:58.318Z	W000000c700021de901
193.3959	2026-09-24T12:50:58.318Z	R000000c700021de8ff
193.3959	2026-09-24T12:50:58.318Z	E000000000000000000
193.3959	2026-09-24T12:50:58.318Z	M000000000000000000
193.3959	2026-09-24T12:50:58.318Z	Fffffffff0000000000
193.8899	2026-09-24T12:50:58.812Z	S01171700037a486f45
194.2581	2026-09-24T12:50:59.180Z	W000000c800021de8fd
194.2581	2026-09-24T12:50:59.180Z	R000000c800021de8ff
194.2581	2026-09-24T12:50:59.180Z	E000000000000000000
194.2581	2026-09-24T12:50:59.180Z	M000000000000000000
194.2581	2026-09-24T12:50:59.180Z	Fffffffff0000000000
194.6865	2026-09-24T12:50:59.608Z	S01171700037e486f49
195.0940	2026-09-24T12:51:00.016Z	W000000c900021de901
195.0940	2026-09-24T12:51:00.016Z	R000000c900021de8ff
195.0940	2026-09-24T12:51:00.016Z	E000000000000000000
195.1162	2026-09-24T12:51:00.038Z	M000000000000000000
195.1162	2026-09-24T12:51:00.038Z	Fffffffff0000000000
195.4974	2026-09-24T12:51:00.419Z	S011717000382486f4d
195.9595	2026-09-24T12:51:00.881Z	W000000ca00021de8fd
195.9595	2026-09-24T12:51:00.881Z	R000000ca00021de8ff
195.9595	2026-09-24T12:51:00.881Z	E000000000000000000
195.9595	2026-09-24T12:51:00.881Z	M000000000000000000
195.9595	2026-09-24T12:51:00.881Z	Fffffffff0000000000
196.2861	2026-09-24T12:51:01.208Z	S011717000386486f51
196.8222	2026-09-24T12:51:01.744Z	W000000cb00021de901
196.8222	2026-09-24T12:51:01.744Z	R000000cb00021de8ff
196.8222	2026-09-24T12:51:01.744Z	E000000000000000000
196.8222	2026-09-24T12:51:01.744Z	M000000000000000000
196.8222	2026-09-24T12:51:01.744Z	Fffffffff0000000000
197.1105	2026-09-24T12:51:02.032Z	S01171700038a486f55
197.6918	2026-09-24T12:51:02.613Z	W000000cc00021de8fd
197.6918	2026-09-24T12:51:02.614Z	R000000cc00021de8ff
197.6918	2026-09-24T12:51:02.614Z	E000000000000000000
197.6918	2026-09-24T12:51:02.614Z	M000000000000000000
197.6918	2026-09-24T12:51:02.614Z	Fffffffff0000000000
197.9073	2026-09-24T12:51:02.829Z	S01171700038e486f59
198.5410	2026-09-24T12:51:03.463Z	W000000cd00021de901
198.5410	2026-09-24T12:51:03.463Z	R000000cd00021de8ff
198.5410	2026-09-24T12:51:03.463Z	E000000000000000000
198.5410	2026-09-24T12:51:03.463Z	M000000000000000000
198.5410	2026-09-24T12:51:03.463Z	Fffffffff0000000000
198.7038	2026-09-24T12:51:03.626Z	S011717000392486f5d
199.4068	2026-09-24T12:51:04.328Z	W000000ce00021de8fd
199.4068	2026-09-24T12:51:04.328Z	R000000ce00021de8ff
199.4068	2026-09-24T12:51:04.328Z	E000000000000000000
199.4068	2026-09-24T12:51:04.328Z	M000000000000000000
199.4068	2026-09-24T12:51:04.328Z	Fffffffff0000000000
199.5064	2026-09-24T12:51:04.428Z	S011717000396486f61
200.2515	2026-09-24T12:51:05.173Z	W000000cf00021de901
200.2515	2026-09-24T12:51:05.173Z	R000000cf00021de8ff
200.2515	2026-09-24T12:51:05.173Z	E000000000000000000
200.2759	2026-09-24T12:51:05.198Z	M000000000000000000
200.2759	2026-09-24T12:51:05.198Z	Fffffffff0000000000
200.3232	2026-09-24T12:51:05.245Z	S01171700039a486f65
201.1286	2026-09-24T12:51:06.050Z	W000000d000021de8fd
201.1286	2026-09-24T12:51:06.050Z	R000000d000021de8ff
201.1286	2026-09-24T12:51:06.050Z	E000000000000000000
201.1286	2026-09-24T12:51:06.050Z	M000000000000000000
201.1286	2026-09-24T12:51:06.050Z	Fffffffff0000000000
201.1286	2026-09-24T12:51:06.050Z	S01171700039e486f69
201.9223	2026-09-24T12:51:06.844Z	S0117170003a2486f6d
201.9676	2026-09-24T12:51:06.889Z	W000000d100021de901
201.9676	2026-09-24T12:51:06.889Z	R000000d100021de8ff
201.9676	2026-09-24T12:51:06.889Z	E000000000000000000
201.9914	2026-09-24T12:51:06.913Z	M000000000000000000
201.9914	2026-09-24T12:51:06.913Z	Fffffffff0000000000
202.7518	2026-09-24T12:51:07.674Z	S0117170003a6486f71
202.8404	2026-09-24T12:51:07.762Z	W000000d200021de8fd
202.8404	2026-09-24T12:51:07.762Z	R000000d200021de8ff
202.8404	2026-09-24T12:51:07.762Z	E000000000000000000
202.8404	2026-09-24T12:51:07.762Z	M000000000000000000
202.8404	2026-09-24T12:51:07.762Z	Fffffffff0000000000
203.5345	2026-09-24T12:51:08.456Z	S0117170003aa486f75
203.6990	2026-09-24T12:51:08.621Z	W000000d300021de901
203.6990	2026-09-24T12:51:08.621Z	R000000d300021de8ff
203.6990	2026-09-24T12:51:08.621Z	E000000000000000000
203.6990	2026-09-24T12:51:08.621Z	M000000000000000000
203.6990	2026-09-24T12:51:08.621Z	Fffffffff0000000000
204.3415	2026-09-24T12:51:09.263Z	S0117170003ae486f79
204.5465	2026-09-24T12:51:09.468Z	W000000d400021de8fd
204.5465	2026-09-24T12:51:09.468Z	R000000d400021de8ff
204.5465	2026-09-24T12:51:09.468Z	E000000000000000000
204.5706	2026-09-24T12:51:09.492Z	M000000000000000000
204.5706	2026-09-24T12:51:09.492Z	Fffffffff0000000000
205.1666	2026-09-24T12:51:10.088Z	S0117170003b2486f7d
205.4056	2026-09-24T12:51:10.327Z	W000000d500021de901
205.4056	2026-09-24T12:51:10.327Z	R000000d500021de8ff
205.4056	2026-09-24T12:51:10.327Z	E000000000000000000
205.4297	2026-09-24T12:51:10.351Z	M000000000000000000
205.4297	2026-09-24T12:51:10.351Z	Fffffffff0000000000
205.9674	2026-09-24T12:51:10.889Z	S0117170003b6486f81
206.2638	2026-09-24T12:51:11.186Z	W000000d600021de8fd
206.2638	2026-09-24T12:51:11.186Z	R000000d600021de8ff
206.2638	2026-09-24T12:51:11.186Z	E000000000000000000
206.2876	2026-09-24T12:51:11.209Z	M000000000000000000
206.2876	2026-09-24T12:51:11.209Z	Fffffffff0000000000
206.7765	2026-09-24T12:51:11.698Z	S0117170003ba486f85
207.1434	2026-09-24T12:51:12.065Z	W000000d700021de901
207.1434	2026-09-24T12:51:12.065Z	R000000d700021de8ff
207.1434	2026-09-24T12:51:12.065Z	E000000000000000000
207.1434	2026-09-24T12:51:12.065Z	M000000000000000000
207.1434	2026-09-24T12:51:12.065Z	Fffffffff0000000000
207.5746	2026-09-24T12:51:12.496Z	S0117170003be486f89
207.9822	2026-09-24T12:51:12.904Z	W000000d800021de8fd
207.9822	2026-09-24T12:51:12.904Z	R000000d800021de8ff
207.9822	2026-09-24T12:51:12.904Z	E000000000000000000
208.0060	2026-09-24T12:51:12.928Z	M000000000000000000
208.0060	2026-09-24T12:51:12.928Z	Fffffffff0000000000
208.3725	2026-09-24T12:51:13.294Z	S0117170003c2486f8d
208.8572	2026-09-24T12:51:13.779Z	W000000d900021de901
208.8572	2026-09-24T12:51:13.779Z	R000000d900021de8ff
208.8572	2026-09-24T12:51:13.779Z	E000000000000000000
208.8572	2026-09-24T12:51:13.779Z	M000000000000000000
208.8572	2026-09-24T12:51:13.779Z	Fffffffff0000000000
209.1702	2026-09-24T12:51:14.092Z	S0117170003c6486f91
209.7158	2026-09-24T12:51:14.638Z	W000000da00021de8fd
209.7158	2026-09-24T12:51:14.638Z	R000000da00021de8ff
209.7158	2026-09-24T12:51:14.638Z	E000000000000000000
209.7158	2026-09-24T12:51:14.638Z	M000000000000000000
209.7158	2026-09-24T12:51:14.638Z	Fffffffff0000000000
209.9886	2026-09-24T12:51:14.910Z	S0117170003ca486f95
210.5621	2026-09-24T12:51:15.484Z	W000000db00021de901
210.5621	2026-09-24T12:51:15.484Z	R000000db00021de8ff
210.5621	2026-09-24T12:51:15.484Z	E000000000000000000
210.5833	2026-09-24T12:51:15.505Z	M000000000000000000
210.5833	2026-09-24T12:51:15.505Z	Fffffffff0000000000
210.8011	2026-09-24T12:51:15.723Z	S0117170003ce486f99
211.4379	2026-09-24T12:51:16.360Z	W000000dc00021de8fd
211.4379	2026-09-24T12:51:16.360Z	R000000dc00021de8ff
211.4379	2026-09-24T12:51:16.360Z	E000000000000000000
211.4379	2026-09-24T12:51:16.360Z	M000000000000000000
211.4379	2026-09-24T12:51:16.360Z	Fffffffff0000000000
211.6049	2026-09-24T12:51:16.527Z	S0117170003d2486f9d
212.2884	2026-09-24T12:51:17.210Z	W000000dd00021de901
212.2884	2026-09-24T12:51:17.210Z	R000000dd00021de8ff
212.2884	2026-09-24T12:51:17.210Z	E000000000000000000
212.2884	2026-09-24T12:51:17.210Z	M000000000000000000
212.2884	2026-09-24T12:51:17.210Z	Fffffffff0000000000
212.4089	2026-09-24T12:51:17.331Z	S0117170003d6486fa1
213.1419	2026-09-24T12:51:18.064Z	W000000de00021de8fd
213.1419	2026-09-24T12:51:18.064Z	R000000de00021de8ff
213.1419	2026-09-24T12:51:18.064Z	E000000000000000000
213.1668	2026-09-24T12:51:18.089Z	M000000000000000000
213.1668	2026-09-24T12:51:18.089Z	Fffffffff0000000000
213.2156	2026-09-24T12:51:18.137Z	S0117170003da486fa5
214.0173	2026-09-24T12:51:18.939Z	W000000df00021de901
214.0173	2026-09-24T12:51:18.939Z	R000000df00021de8ff
214.0173	2026-09-24T12:51:18.939Z	E000000000000000000
214.0173	2026-09-24T12:51:18.939Z	M000000000000000000
214.0173	2026-09-24T12:51:18.939Z	Fffffffff0000000000
214.0173	2026-09-24T12:51:18.939Z	S0117170003de486fa9
214.8187	2026-09-24T12:51:19.741Z	S0117170003e24a1301
214.8645	2026-09-24T12:51:19.786Z	W000000e000021de8fd
214.8645	2026-09-24T12:51:19.786Z	R000000e000021de8ff
214.8645	2026-09-24T12:51:19.786Z	E000000000000000000
214.8645	2026-09-24T12:51:19.786Z	M000000000000000000
214.8645	2026-09-24T12:51:19.786Z	Fffffffff0000000000
215.6347	2026-09-24T12:51:20.557Z	S0117170003e64a1305
215.7321	2026-09-24T12:51:20.654Z	W000000e100021de901
215.7321	2026-09-24T12:51:20.654Z	R000000e100021de8ff
215.7321	2026-09-24T12:51:20.654Z	E000000000000000000
215.7321	2026-09-24T12:51:20.654Z	M000000000000000000
215.7321	2026-09-24T12:51:20.654Z	Fffffffff0000000000
216.4283	2026-09-24T12:51:21.350Z	S0117170003ea4a1309
216.5931	2026-09-24T12:51:21.515Z	W000000e200021de8fd
216.5931	2026-09-24T12:51:21.515Z	R000000e200021de8ff
216.5931	2026-09-24T12:51:21.515Z	E000000000000000000
216.5931	2026-09-24T12:51:21.515Z	M000000000000000000
216.5931	2026-09-24T12:51:21.515Z	Fffffffff0000000000
217.2423	2026-09-24T12:51:22.164Z	S0117170003ee4a130d
217.4335	2026-09-24T12:51:22.355Z	W000000e300021de901
217.4335	2026-09-24T12:51:22.355Z	R000000e300021de8ff
217.4335	2026-09-24T12:51:22.355Z	E000000000000000000
217.4574	2026-09-24T12:51:22.379Z	M000000000000000000
217.4574	2026-09-24T12:51:22.379Z	Fffffffff0000000000
218.0365	2026-09-24T12:51:22.958Z	S0117170003f24a1311
218.3003	2026-09-24T12:51:23.222Z	W000000e400021de8fd
218.3003	2026-09-24T12:51:23.222Z	R000000e400021de8ff
218.3003	2026-09-24T12:51:23.222Z	E000000000000000000
218.3003	2026-09-24T12:51:23.222Z	M000000000000000000
218.3003	2026-09-24T12:51:23.222Z	Fffffffff0000000000
218.8353	2026-09-24T12:51:23.757Z	S0117170003f64a1315
219.1520	2026-09-24T12:51:24.074Z	W000000e500021de901
219.1520	2026-09-24T12:51:24.074Z	R000000e500021de8ff
219.1520	2026-09-24T12:51:24.074Z	E000000000000000000
219.1729	2026-09-24T12:51:24.095Z	M000000000000000000
219.1729	2026-09-24T12:51:24.095Z	Fffffffff0000000000
219.6607	2026-09-24T12:51:24.583Z	S0117170003fa4a1319
220.0203	2026-09-24T12:51:24.942Z	W000000e600021de8fd
220.0203	2026-09-24T12:51:24.942Z	R000000e600021de8ff
220.0203	2026-09-24T12:51:24.942Z	E000000000000000000
220.0203	2026-09-24T12:51:24.942Z	M000000000000000000
220.0203	2026-09-24T12:51:24.942Z	Fffffffff0000000000
220.4655	2026-09-24T12:51:25.387Z	S0117170003fe4a131d
220.8725	2026-09-24T12:51:25.794Z	W000000e700021de901
220.8725	2026-09-24T12:51:25.794Z	R000000e700021de8ff
220.8725	2026-09-24T12:51:25.794Z	E000000000000000000
220.8968	2026-09-24T12:51:25.819Z	M000000000000000000
220.8968	2026-09-24T12:51:25.819Z	Fffffffff0000000000
221.2604	2026-09-24T12:51:26.182Z	S0117170004024a1321
221.7387	2026-09-24T12:51:26.661Z	W000000e800021de8fd
221.7387	2026-09-24T12:51:26.661Z	R000000e800021de8ff
221.7387	2026-09-24T12:51:26.661Z	E000000000000000000
221.7387	2026-09-24T12:51:26.661Z	M000000000000000000
221.7387	2026-09-24T12:51:26.661Z	Fffffffff0000000000
222.0567	2026-09-24T12:51:26.979Z	S0117170004064a1325
222.5888	2026-09-24T12:51:27.511Z	W000000e900021de901
222.5888	2026-09-24T12:51:27.511Z	R000000e900021de8ff
222.5888	2026-09-24T12:51:27.511Z	E000000000000000000
222.6111	2026-09-24T12:51:27.533Z	M000000000000000000
222.6111	2026-09-24T12:51:27.533Z	Fffffffff0000000000
222.8740	2026-09-24T12:51:27.796Z	S01171700040a4a1329
223.4553	2026-09-24T12:51:28.377Z	W000000ea00021de8fd
223.4553	2026-09-24T12:51:28.377Z	R000000ea00021de8ff
223.4553	2026-09-24T12:51:28.377Z	E000000000000000000
223.4553	2026-09-24T12:51:28.377Z	M000000000000000000
223.4553	2026-09-24T12:51:28.377Z	Fffffffff0000000000
223.6671	2026-09-24T12:51:28.589Z	S01171700040e4a132d
224.3225	2026-09-24T12:51:29.244Z	W000000eb00021de901
224.3225	2026-09-24T12:51:29.244Z	R000000eb00021de8ff
224.3225	2026-09-24T12:51:29.244Z	E000000000000000000
224.3225	2026-09-24T12:51:29.245Z	M000000000000000000
224.3225	2026-09-24T12:51:29.245Z	Fffffffff0000000000
224.4792	2026-09-24T12:51:29.401Z	S0117170004124a1331
225.1807	2026-09-24T12:51:30.103Z	W000000ec00021de8fd
225.1807	2026-09-24T12:51:30.103Z	R000000ec00021de8ff
225.1807	2026-09-24T12:51:30.103Z	E000000000000000000
225.1807	2026-09-24T12:51:30.103Z	M000000000000000000
225.1807	2026-09-24T12:51:30.103Z	Fffffffff0000000000
225.3008	2026-09-24T12:51:30.223Z	S0117170004164a1335
226.0293	2026-09-24T12:51:30.951Z	W000000ed00021de901
226.0293	2026-09-24T12:51:30.951Z	R000000ed00021de8ff
226.0293	2026-09-24T12:51:30.951Z	E000000000000000000
226.0541	2026-09-24T12:51:30.976Z	M000000000000000000
226.0541	2026-09-24T12:51:30.976Z	Fffffffff0000000000
226.1031	2026-09-24T12:51:31.025Z	S01171700041a4a1339
226.8848	2026-09-24T12:51:31.807Z	W000000ee00021de8fd
226.8848	2026-09-24T12:51:31.807Z	R000000ee00021de8ff
226.8848	2026-09-24T12:51:31.807Z	E000000000000000000
226.9082	2026-09-24T12:51:31.830Z	M000000000000000000
226.9082	2026-09-24T12:51:31.830Z	S01171700041e4a133d
226.9082	2026-09-24T12:51:31.830Z	Fffffffff0000000000
227.7101	2026-09-24T12:51:32.632Z	S0117170004224bf14f
227.7528	2026-09-24T12:51:32.675Z	W000000ef00021de8fc
227.7528	2026-09-24T12:51:32.675Z	R000000ef00021de900
227.7528	2026-09-24T12:51:32.675Z	E000000000000000000
227.7528	2026-09-24T12:51:32.675Z	M000000000000000000
227.7528	2026-09-24T12:51:32.675Z	Fffffffff0000000000
228.5204	2026-09-24T12:51:33.442Z	S0117170004264bf153
228.6169	2026-09-24T12:51:33.539Z	W000000f000021de8fc
228.6169	2026-09-24T12:51:33.539Z	R000000f000021de900
228.6169	2026-09-24T12:51:33.539Z	E000000000000000000
228.6169	2026-09-24T12:51:33.539Z	M000000000000000000
228.6169	2026-09-24T12:51:33.539Z	Fffffffff0000000000
229.3222	2026-09-24T12:51:34.244Z	S01171700042a4bf157
229.4642	2026-09-24T12:51:34.386Z	W000000f100021de8fd
229.4642	2026-09-24T12:51:34.386Z	R000000f100021de8ff
229.4642	2026-09-24T12:51:34.386Z	E000000000000000000
229.4880	2026-09-24T12:51:34.410Z	M000000000000000000
229.4880	2026-09-24T12:51:34.410Z	Fffffffff0000000000
230.1142	2026-09-24T12:51:35.036Z	S01171700042e4bf15b
230.3267	2026-09-24T12:51:35.249Z	W000000f200021de8fd
230.3267	2026-09-24T12:51:35.249Z	R000000f200021de8ff
230.3267	2026-09-24T12:51:35.249Z	E000000000000000000
230.3513	2026-09-24T12:51:35.273Z	M000000000000000000
230.3513	2026-09-24T12:51:35.273Z	Fffffffff0000000000
230.9298	2026-09-24T12:51:35.852Z	S0117170004324bf15f
231.1977	2026-09-24T12:51:36.120Z	W000000f300021de8fd
231.1977	2026-09-24T12:51:36.120Z	R000000f300021de900
231.1977	2026-09-24T12:51:36.120Z	E000000000000000000
231.1977	2026-09-24T12:51:36.120Z	M000000000000000000
231.1977	2026-09-24T12:51:36.120Z	Fffffffff0000000000
231.7354	2026-09-24T12:51:36.657Z	S0117170004364bf163
232.0472	2026-09-24T12:51:36.969Z	W000000f400021de8fe
232.0472	2026-09-24T12:51:36.969Z	R000000f400021de900
232.0472	2026-09-24T12:51:36.969Z	E000000000000000000
232.0472	2026-09-24T12:51:36.969Z	M000000000000000000
232.0472	2026-09-24T12:51:36.969Z	Fffffffff0000000000
232.5278	2026-09-24T12:51:37.450Z	S01171700043a4bf167
232.9220	2026-09-24T12:51:37.844Z	W000000f500021de8fd
232.9220	2026-09-24T12:51:37.844Z	R000000f500021de900
232.9220	2026-09-24T12:51:37.844Z	E000000000000000000
232.9220	2026-09-24T12:51:37.844Z	M000000000000000000
232.9220	2026-09-24T12:51:37.844Z	Fffffffff0000000000
233.3323	2026-09-24T12:51:38.254Z	S01171700043e4bf16b
233.7624	2026-09-24T12:51:38.684Z	W000000f600021de8fd
233.7624	2026-09-24T12:51:38.684Z	R000000f600021de900
233.7624	2026-09-24T12:51:38.684Z	E000000000000000000
233.7854	2026-09-24T12:51:38.707Z	M000000000000000000
233.7854	2026-09-24T12:51:38.707Z	Fffffffff0000000000
234.1459	2026-09-24T12:51:39.068Z	S0117170004424bf16f
234.6425	2026-09-24T12:51:39.565Z	W000000f700021de8fc
234.6425	2026-09-24T12:51:39.565Z	R000000f700021de900
234.6425	2026-09-24T12:51:39.565Z	E000000000000000000
234.6425	2026-09-24T12:51:39.565Z	M000000000000000000
234.6425	2026-09-24T12:51:39.565Z	Fffffffff0000000000
234.9586	2026-09-24T12:51:39.881Z	S0117170004464bf173
235.4865	2026-09-24T12:51:40.409Z	W000000f800021de8fc
235.4865	2026-09-24T12:51:40.409Z	R000000f800021de900
235.4865	2026-09-24T12:51:40.409Z	E000000000000000000
235.4865	2026-09-24T12:51:40.409Z	M000000000000000000
235.4865	2026-09-24T12:51:40.409Z	Fffffffff0000000000
235.7483	2026-09-24T12:51:40.670Z	S01171700044a4bf177
236.3521	2026-09-24T12:51:41.274Z	W000000f900021de8fd
236.3521	2026-09-24T12:51:41.274Z	R000000f900021de8ff
236.3521	2026-09-24T12:51:41.274Z	E000000000000000000
236.3521	2026-09-24T12:51:41.274Z	M000000000000000000
236.3521	2026-09-24T12:51:41.274Z	Fffffffff0000000000
236.5761	2026-09-24T12:51:41.498Z	S01171700044e4bf17b
237.2125	2026-09-24T12:51:42.135Z	W000000fa00021de8fd
237.2125	2026-09-24T12:51:42.135Z	R000000fa00021de8ff
237.2125	2026-09-24T12:51:42.135Z	E000000000000000000
237.2125	2026-09-24T12:51:42.135Z	M000000000000000000
237.2125	2026-09-24T12:51:42.135Z	Fffffffff0000000000
237.3589	2026-09-24T12:51:42.281Z	S0117170004524bf17f
238.0785	2026-09-24T12:51:43.001Z	W000000fb00021de8fd
238.0785	2026-09-24T12:51:43.001Z	R000000fb00021de900
238.0785	2026-09-24T12:51:43.001Z	E000000000000000000
238.0785	2026-09-24T12:51:43.001Z	M000000000000000000
238.0785	2026-09-24T12:51:43.001Z	Fffffffff0000000000
238.1713	2026-09-24T12:51:43.093Z	S0117170004564bf183
238.9225	2026-09-24T12:51:43.845Z	W000000fc00021de8fe
238.9225	2026-09-24T12:51:43.845Z	R000000fc00021de900
238.9225	2026-09-24T12:51:43.845Z	E000000000000000000
238.9225	2026-09-24T12:51:43.845Z	M000000000000000000
238.9225	2026-09-24T12:51:43.845Z	Fffffffff0000000000
238.9695	2026-09-24T12:51:43.892Z	S01171700045a4bf187
239.7748	2026-09-24T12:51:44.697Z	W000000fd00021de8fd
239.7748	2026-09-24T12:51:44.697Z	R000000fd00021de900
239.7748	2026-09-24T12:51:44.697Z	S01171700045e4bf18b
239.7982	2026-09-24T12:51:44.720Z	E000000000000000000
239.7982	2026-09-24T12:51:44.720Z	M000000000000000000
239.7982	2026-09-24T12:51:44.720Z	Fffffffff0000000000
240.5816	2026-09-24T12:51:45.504Z	S0117170004624dcf86
240.6541	2026-09-24T12:51:45.576Z	W000000fe00021de8fd
240.6541	2026-09-24T12:51:45.576Z	R000000fe00021de900
240.6541	2026-09-24T12:51:45.576Z	E000000000000000000
240.6541	2026-09-24T12:51:45.576Z	M000000000000000000
240.6541	2026-09-24T12:51:45.576Z	Fffffffff0000000000
241.3882	2026-09-24T12:51:46.310Z	S0117170004664dcf8a
241.5040	2026-09-24T12:51:46.426Z	W000000ff00021de8fd
241.5040	2026-09-24T12:51:46.426Z	R000000ff00021de901
241.5040	2026-09-24T12:51:46.426Z	E000000000000000000
241.5040	2026-09-24T12:51:46.426Z	M000000000000000000
241.5040	2026-09-24T12:51:46.426Z	Fffffffff0000000000
242.2045	2026-09-24T12:51:47.127Z	S01171700046a4dcf8e
242.3702	2026-09-24T12:51:47.292Z	W0000010000021de8fd
242.3702	2026-09-24T12:51:47.292Z	R0000010000021de900
242.3702	2026-09-24T12:51:47.292Z	E000000000000000000
242.3702	2026-09-24T12:51:47.292Z	M000000000000000000
242.3702	2026-09-24T12:51:47.292Z	Fffffffff0000000000
242.9975	2026-09-24T12:51:47.920Z	S01171700046e4dcf92
243.2228	2026-09-24T12:51:48.145Z	W0000010100021de8fe
243.2228	2026-09-24T12:51:48.145Z	R0000010100021de901
243.2228	2026-09-24T12:51:48.145Z	E000000000000000000
243.2228	2026-09-24T12:51:48.145Z	M000000000000000000
243.2228	2026-09-24T12:51:48.145Z	Fffffffff0000000000
243.8050	2026-09-24T12:51:48.727Z	S0117170004724dcf96
244.0873	2026-09-24T12:51:49.009Z	W0000010200021de8fd
244.0873	2026-09-24T12:51:49.009Z	R0000010200021de900
244.0873	2026-09-24T12:51:49.009Z	E000000000000000000
244.0873	2026-09-24T12:51:49.009Z	M000000000000000000
244.0873	2026-09-24T12:51:49.009Z	Fffffffff0000000000
244.6087	2026-09-24T12:51:49.531Z	S0117170004764dcf9a
244.9497	2026-09-24T12:51:49.872Z	W0000010300021de8fe
244.9497	2026-09-24T12:51:49.872Z	R0000010300021de901
244.9497	2026-09-24T12:51:49.872Z	E000000000000000000
244.9497	2026-09-24T12:51:49.872Z	M000000000000000000
244.9497	2026-09-24T12:51:49.872Z	Fffffffff0000000000
245.4338	2026-09-24T12:51:50.356Z	S01171700047a4dcf9e
245.7911	2026-09-24T12:51:50.713Z	W0000010400021de8fd
245.7911	2026-09-24T12:51:50.713Z	R0000010400021de900
245.7911	2026-09-24T12:51:50.713Z	E000000000000000000
245.8149	2026-09-24T12:51:50.737Z	M000000000000000000
245.8149	2026-09-24T12:51:50.737Z	Fffffffff0000000000
246.2188	2026-09-24T12:51:51.141Z	S01171700047e4dcfa2
246.6633	2026-09-24T12:51:51.586Z	W0000010500021de8fe
246.6633	2026-09-24T12:51:51.586Z	R0000010500021de901
246.6633	2026-09-24T12:51:51.586Z	E000000000000000000
246.6633	2026-09-24T12:51:51.586Z	M000000000000000000
246.6633	2026-09-24T12:51:51.586Z	Fffffffff0000000000
247.0241	2026-09-24T12:51:51.946Z	S0117170004824dcfa6
247.5095	2026-09-24T12:51:52.432Z	W0000010600021de8fd
247.5095	2026-09-24T12:51:52.432Z	R0000010600021de900
247.5095	2026-09-24T12:51:52.432Z	E000000000000000000
247.5333	2026-09-24T12:51:52.455Z	M000000000000000000
247.5333	2026-09-24T12:51:52.455Z	Fffffffff0000000000
247.8511	2026-09-24T12:51:52.773Z	S0117170004864dcfaa
248.3897	2026-09-24T12:51:53.312Z	W0000010700021de8fe
248.3897	2026-09-24T12:51:53.312Z	R0000010700021de901
248.3897	2026-09-24T12:51:53.312Z	E000000000000000000
248.3897	2026-09-24T12:51:53.312Z	M000000000000000000
248.3897	2026-09-24T12:51:53.312Z	Fffffffff0000000000
248.6579	2026-09-24T12:51:53.580Z	S01171700048a4dcfae
249.2354	2026-09-24T12:51:54.158Z	W0000010800021de8fd
249.2354	2026-09-24T12:51:54.158Z	R0000010800021de900
249.2354	2026-09-24T12:51:54.158Z	E000000000000000000
249.2354	2026-09-24T12:51:54.158Z	M000000000000000000
249.2354	2026-09-24T12:51:54.158Z	Fffffffff0000000000
249.4489	2026-09-24T12:51:54.371Z	S01171700048e4dcfb2
250.1008	2026-09-24T12:51:55.023Z	W0000010900021de8fe
250.1008	2026-09-24T12:51:55.023Z	R0000010900021de901
250.1008	2026-09-24T12:51:55.023Z	E000000000000000000
250.1008	2026-09-24T12:51:55.023Z	M000000000000000000
250.1008	2026-09-24T12:51:55.023Z	Fffffffff0000000000
250.2453	2026-09-24T12:51:55.168Z	S0117170004924dcfb6
250.9611	2026-09-24T12:51:55.883Z	W0000010a00021de8fd
250.9611	2026-09-24T12:51:55.883Z	R0000010a00021de900
250.9611	2026-09-24T12:51:55.883Z	E000000000000000000
250.9611	2026-09-24T12:51:55.883Z	M000000000000000000
250.9611	2026-09-24T12:51:55.883Z	Fffffffff0000000000
251.0541	2026-09-24T12:51:55.976Z	S0117170004964dcfba
251.8055	2026-09-24T12:51:56.728Z	W0000010b00021de8fe
251.8055	2026-09-24T12:51:56.728Z	R0000010b00021de901
251.8055	2026-09-24T12:51:56.728Z	E000000000000000000
251.8289	2026-09-24T12:51:56.751Z	M000000000000000000
251.8289	2026-09-24T12:51:56.751Z	Fffffffff0000000000
251.8785	2026-09-24T12:51:56.801Z	S01171700049a4dcfbe
252.6698	2026-09-24T12:51:57.592Z	S01171700049e4dcfc2
252.6698	2026-09-24T12:51:57.592Z	W0000010c00021de8fd
252.6698	2026-09-24T12:51:57.592Z	R0000010c00021de900
252.6698	2026-09-24T12:51:57.592Z	E000000000000000000
252.6698	2026-09-24T12:51:57.592Z	M000000000000000000
252.6698	2026-09-24T12:51:57.592Z	Fffffffff0000000000
253.4735	2026-09-24T12:51:58.396Z	S0117170004a24dcfc6
253.5472	2026-09-24T12:51:58.469Z	W0000010d00021de923
253.5472	2026-09-24T12:51:58.469Z	R0000010d00021de8ff
253.5472	2026-09-24T12:51:58.469Z	E000000000000000000
253.5472	2026-09-24T12:51:58.469Z	M000000000000000000
253.5472	2026-09-24T12:51:58.469Z	Fffffffff0000000000
254.2821	2026-09-24T12:51:59.204Z	S0117170004a64dcfca
254.4057	2026-09-24T12:51:59.328Z	W0000010e00021de912
254.4057	2026-09-24T12:51:59.328Z	R0000010e00021de8ff
254.4057	2026-09-24T12:51:59.328Z	E000000000000000000
254.4057	2026-09-24T12:51:59.328Z	M000000000000000000
254.4057	2026-09-24T12:51:59.328Z	Fffffffff0000000000
255.0772	2026-09-24T12:51:59.999Z	S0117170004aa4dcfce
255.2425	2026-09-24T12:52:00.165Z	W0000010f00021de901
255.2425	2026-09-24T12:52:00.165Z	R0000010f00021de8ff
255.2425	2026-09-24T12:52:00.165Z	E000000000000000000
255.2663	2026-09-24T12:52:00.189Z	M000000000000000000
255.2663	2026-09-24T12:52:00.189Z	Fffffffff0000000000
255.9008	2026-09-24T12:52:00.823Z	S0117170004ae4dcfd2
256.1119	2026-09-24T12:52:01.034Z	W0000011000021de8fd
256.1119	2026-09-24T12:52:01.034Z	R0000011000021de8ff
256.1119	2026-09-24T12:52:01.034Z	E000000000000000000
256.1119	2026-09-24T12:52:01.034Z	M000000000000000000
256.1119	2026-09-24T12:52:01.034Z	Fffffffff0000000000
256.6970	2026-09-24T12:52:01.619Z	S0117170004b24dcfd6
256.9622	2026-09-24T12:52:01.885Z	W0000011100021de901
256.9622	2026-09-24T12:52:01.885Z	R0000011100021de8ff
256.9622	2026-09-24T12:52:01.885Z	E000000000000000000
256.9842	2026-09-24T12:52:01.906Z	M000000000000000000
256.9842	2026-09-24T12:52:01.906Z	Fffffffff0000000000
257.4947	2026-09-24T12:52:02.417Z	S0117170004b64dcfda
257.8314	2026-09-24T12:52:02.754Z	W0000011200021de8fd
257.8314	2026-09-24T12:52:02.754Z	R0000011200021de8ff
257.8314	2026-09-24T12:52:02.754Z	E000000000000000000
257.8314	2026-09-24T12:52:02.754Z	M000000000000000000
257.8314	2026-09-24T12:52:02.754Z	Fffffffff0000000000
258.3150	2026-09-24T12:52:03.237Z	S0117170004ba4dcfde
258.6985	2026-09-24T12:52:03.621Z	W0000011300021de901
258.6985	2026-09-24T12:52:03.621Z	R0000011300021de8ff
258.6985	2026-09-24T12:52:03.621Z	E000000000000000000
258.6985	2026-09-24T12:52:03.621Z	M000000000000000000
258.6985	2026-09-24T12:52:03.621Z	Fffffffff0000000000
259.1069	2026-09-24T12:52:04.029Z	S0117170004be4dcfe2
259.5386	2026-09-24T12:52:04.461Z	W0000011400021de8fd
259.5386	2026-09-24T12:52:04.461Z	R0000011400021de8ff
259.5386	2026-09-24T12:52:04.461Z	E000000000000000000
259.5608	2026-09-24T12:52:04.483Z	M000000000000000000
259.5608	2026-09-24T12:52:04.483Z	Fffffffff0000000000
259.9272	2026-09-24T12:52:04.849Z	S0117170004c24dcfe6
260.4113	2026-09-24T12:52:05.334Z	W0000011500021de901
260.4113	2026-09-24T12:52:05.334Z	R0000011500021de8ff
260.4113	2026-09-24T12:52:05.334Z	E000000000000000000
260.4113	2026-09-24T12:52:05.334Z	M000000000000000000
260.4113	2026-09-24T12:52:05.334Z	Fffffffff0000000000
260.7341	2026-09-24T12:52:05.656Z	S0117170004c64dcfea
261.2677	2026-09-24T12:52:06.190Z	W0000011600021de8fd
261.2677	2026-09-24T12:52:06.190Z	R0000011600021de8ff
261.2677	2026-09-24T12:52:06.190Z	E000000000000000000
261.2677	2026-09-24T12:52:06.190Z	M000000000000000000
261.2677	2026-09-24T12:52:06.190Z	Fffffffff0000000000
261.5424	2026-09-24T12:52:06.465Z	S0117170004ca4dcfee
262.1314	2026-09-24T12:52:07.054Z	W0000011700021de901
262.1314	2026-09-24T12:52:07.054Z	R0000011700021de8ff
262.1314	2026-09-24T12:52:07.054Z	E000000000000000000
262.1314	2026-09-24T12:52:07.054Z	M000000000000000000
262.1314	2026-09-24T12:52:07.054Z	Fffffffff0000000000
262.3459	2026-09-24T12:52:07.268Z	S0117170004ce4dcff2
262.9755	2026-09-24T12:52:07.898Z	W0000011800021de8fd
262.9755	2026-09-24T12:52:07.898Z	R0000011800021de8ff
262.9755	2026-09-24T12:52:07.898Z	E000000000000000000
262.9992	2026-09-24T12:52:07.922Z	M000000000000000000
262.9992	2026-09-24T12:52:07.922Z	Fffffffff0000000000
263.1456	2026-09-24T12:52:08.068Z	S0117170004d24dcff6
263.8491	2026-09-24T12:52:08.771Z	W0000011900021de901
263.8491	2026-09-24T12:52:08.772Z	R0000011900021de8ff
263.8491	2026-09-24T12:52:08.772Z	E000000000000000000
263.8491	2026-09-24T12:52:08.772Z	M000000000000000000
263.8491	2026-09-24T12:52:08.772Z	Fffffffff0000000000
263.9449	2026-09-24T12:52:08.867Z	S0117170004d64dcffa
264.6941	2026-09-24T12:52:09.617Z	W0000011a00021de8fd
264.6941	2026-09-24T12:52:09.617Z	R0000011a00021de8ff
264.6941	2026-09-24T12:52:09.617Z	E000000000000000000
264.7145	2026-09-24T12:52:09.637Z	M000000000000000000
264.7145	2026-09-24T12:52:09.637Z	Fffffffff0000000000
264.7577	2026-09-24T12:52:09.680Z	S0117170004da4dcffe
265.5602	2026-09-24T12:52:10.483Z	S0117170004de4dd002
265.5602	2026-09-24T12:52:10.483Z	W0000011b00021de901
265.5602	2026-09-24T12:52:10.483Z	R0000011b00021de8ff
265.5602	2026-09-24T12:52:10.483Z	E000000000000000000
265.5602	2026-09-24T12:52:10.483Z	M000000000000000000
265.5602	2026-09-24T12:52:10.483Z	Fffffffff0000000000
266.3688	2026-09-24T12:52:11.291Z	S0117170004e24dd006
266.4125	2026-09-24T12:52:11.335Z	W0000011c00021de8fd
266.4125	2026-09-24T12:52:11.335Z	R0000011c00021de8ff
266.4125	2026-09-24T12:52:11.335Z	E000000000000000000
266.4337	2026-09-24T12:52:11.356Z	M000000000000000000
266.4337	2026-09-24T12:52:11.356Z	Fffffffff0000000000
267.1760	2026-09-24T12:52:12.098Z	S0117170004e64dd00a
267.2717	2026-09-24T12:52:12.194Z	W0000011d00021de901
267.2717	2026-09-24T12:52:12.194Z	R0000011d00021de8ff
267.2717	2026-09-24T12:52:12.194Z	E000000000000000000
267.2957	2026-09-24T12:52:12.218Z	M000000000000000000
267.2957	2026-09-24T12:52:12.218Z	Fffffffff0000000000
267.9698	2026-09-24T12:52:12.892Z	S0117170004ea4dd00e
268.1414	2026-09-24T12:52:13.064Z	W0000011e00021de8fd
268.1414	2026-09-24T12:52:13.064Z	R0000011e00021de8ff
268.1414	2026-09-24T12:52:13.064Z	E000000000000000000
268.1414	2026-09-24T12:52:13.064Z	M000000000000000000
268.1414	2026-09-24T12:52:13.064Z	Fffffffff0000000000
268.7911	2026-09-24T12:52:13.714Z	S0117170004ee4dd012
269.0020	2026-09-24T12:52:13.924Z	W0000011f00021de901
269.0020	2026-09-24T12:52:13.924Z	R0000011f00021de8ff
269.0020	2026-09-24T12:52:13.924Z	E000000000000000000
269.0020	2026-09-24T12:52:13.924Z	M000000000000000000
269.0020	2026-09-24T12:52:13.925Z	Fffffffff0000000000
269.5871	2026-09-24T12:52:14.510Z	S0117170004f24dd016
269.8494	2026-09-24T12:52:14.772Z	W0000012000021de8fd
269.8494	2026-09-24T12:52:14.772Z	R0000012000021de8ff
269.8494	2026-09-24T12:52:14.772Z	E000000000000000000
269.8708	2026-09-24T12:52:14.793Z	M000000000000000000
269.8708	2026-09-24T12:52:14.793Z	Fffffffff0000000000
270.3810	2026-09-24T12:52:15.303Z	S0117170004f64dd01a
270.7085	2026-09-24T12:52:15.631Z	W0000012100021de901
270.7085	2026-09-24T12:52:15.631Z	R0000012100021de8ff
270.7085	2026-09-24T12:52:15.631Z	E000000000000000000
270.7325	2026-09-24T12:52:15.655Z	M000000000000000000
270.7325	2026-09-24T12:52:15.655Z	Fffffffff0000000000
271.1836	2026-09-24T12:52:16.106Z	S0117170004fa4dd01e
271.5873	2026-09-24T12:52:16.510Z	W0000012200021de8fd
271.5873	2026-09-24T12:52:16.510Z	R0000012200021de8ff
271.5873	2026-09-24T12:52:16.510Z	E000000000000000000
271.5873	2026-09-24T12:52:16.510Z	M000000000000000000
271.5873	2026-09-24T12:52:16.510Z	Fffffffff0000000000
271.9979	2026-09-24T12:52:16.920Z	S0117170004fe4dd022
272.4439	2026-09-24T12:52:17.366Z	W0000012300021de901
272.4439	2026-09-24T12:52:17.366Z	R0000012300021de8ff
272.4439	2026-09-24T12:52:17.366Z	E000000000000000000
272.4439	2026-09-24T12:52:17.366Z	M000000000000000000
272.4439	2026-09-24T12:52:17.366Z	Fffffffff0000000000
272.7980	2026-09-24T12:52:17.720Z	S0117170005024dd026
273.2977	2026-09-24T12:52:18.220Z	W0000012400021de8fd
273.2977	2026-09-24T12:52:18.220Z	R0000012400021de8ff
273.2977	2026-09-24T12:52:18.220Z	E000000000000000000
273.2977	2026-09-24T12:52:18.220Z	M000000000000000000
273.2977	2026-09-24T12:52:18.220Z	Fffffffff0000000000
273.5996	2026-09-24T12:52:18.522Z	S0117170005064dd02a
274.1624	2026-09-24T12:52:19.085Z	W0000012500021de901
274.1624	2026-09-24T12:52:19.085Z	R0000012500021de8ff
274.1624	2026-09-24T12:52:19.085Z	E000000000000000000
274.1624	2026-09-24T12:52:19.085Z	M000000000000000000
274.1624	2026-09-24T12:52:19.085Z	Fffffffff0000000000
274.4163	2026-09-24T12:52:19.339Z	S01171700050a4dd02e
275.0215	2026-09-24T12:52:19.944Z	W0000012600021de8fd
275.0215	2026-09-24T12:52:19.944Z	R0000012600021de8ff
275.0215	2026-09-24T12:52:19.944Z	E000000000000000000
275.0215	2026-09-24T12:52:19.944Z	M000000000000000000
275.0215	2026-09-24T12:52:19.944Z	Fffffffff0000000000
275.2101	2026-09-24T12:52:20.133Z	S01171700050e4dd032
275.8839	2026-09-24T12:52:20.806Z	W0000012700021de901
275.8839	2026-09-24T12:52:20.806Z	R0000012700021de8ff
275.8839	2026-09-24T12:52:20.806Z	E000000000000000000
275.8839	2026-09-24T12:52:20.806Z	M000000000000000000
275.8839	2026-09-24T12:52:20.806Z	Fffffffff0000000000
276.0206	2026-09-24T12:52:20.943Z	S0117170005124dd036
276.7234	2026-09-24T12:52:21.646Z	W0000012800021de8fd
276.7234	2026-09-24T12:52:21.646Z	R0000012800021de8ff
276.7234	2026-09-24T12:52:21.646Z	E000000000000000000
276.7460	2026-09-24T12:52:21.669Z	M000000000000000000
276.7460	2026-09-24T12:52:21.669Z	Fffffffff0000000000
276.8411	2026-09-24T12:52:21.764Z	S0117170005164dd03a
277.5873	2026-09-24T12:52:22.510Z	W0000012900021de901
277.5873	2026-09-24T12:52:22.510Z	R0000012900021de8ff
277.5873	2026-09-24T12:52:22.510Z	E000000000000000000
277.5873	2026-09-24T12:52:22.510Z	M000000000000000000
277.5873	2026-09-24T12:52:22.510Z	Fffffffff0000000000
277.6310	2026-09-24T12:52:22.554Z	S01171700051a4dd03e
278.4413	2026-09-24T12:52:23.364Z	S01171700051e4dd042
278.4413	2026-09-24T12:52:23.364Z	W0000012a00021de8fd
278.4413	2026-09-24T12:52:23.364Z	R0000012a00021de8ff
278.4413	2026-09-24T12:52:23.364Z	E000000000000000000
278.4653	2026-09-24T12:52:23.388Z	M000000000000000000
278.4653	2026-09-24T12:52:23.388Z	Fffffffff0000000000
279.2563	2026-09-24T12:52:24.179Z	S0117170005224dd046
279.3007	2026-09-24T12:52:24.223Z	W0000012b00021de901
279.3007	2026-09-24T12:52:24.223Z	R0000012b00021de8ff
279.3007	2026-09-24T12:52:24.223Z	E000000000000000000
279.3246	2026-09-24T12:52:24.247Z	M000000000000000000
279.3246	2026-09-24T12:52:24.247Z	Fffffffff0000000000
280.0421	2026-09-24T12:52:24.965Z	S0117170005264dd04a
280.1830	2026-09-24T12:52:25.106Z	W0000012c00021de8fd
280.1830	2026-09-24T12:52:25.106Z	R0000012c00021de8ff
280.1830	2026-09-24T12:52:25.106Z	E000000000000000000
280.1830	2026-09-24T12:52:25.106Z	M000000000000000000
280.1830	2026-09-24T12:52:25.106Z	Fffffffff0000000000
280.8474	2026-09-24T12:52:25.770Z	S01171700052a4dd04e
281.0427	2026-09-24T12:52:25.965Z	W0000012d00021de901
281.0427	2026-09-24T12:52:25.965Z	R0000012d00021de8ff
281.0427	2026-09-24T12:52:25.965Z	E000000000000000000
281.0427	2026-09-24T12:52:25.965Z	M000000000000000000
281.0427	2026-09-24T12:52:25.965Z	Fffffffff0000000000
281.6551	2026-09-24T12:52:26.578Z	S01171700052e4dd052
281.8895	2026-09-24T12:52:26.812Z	W0000012e00021de8fd
281.8895	2026-09-24T12:52:26.812Z	R0000012e00021de8ff
281.8895	2026-09-24T12:52:26.812Z	E000000000000000000
281.8895	2026-09-24T12:52:26.812Z	M000000000000000000
281.8895	2026-09-24T12:52:26.812Z	Fffffffff0000000000
282.4771	2026-09-24T12:52:27.400Z	S0117170005324dd056
282.7392	2026-09-24T12:52:27.662Z	W0000012f00021de901
282.7392	2026-09-24T12:52:27.662Z	R0000012f00021de8ff
282.7392	2026-09-24T12:52:27.662Z	E000000000000000000
282.7605	2026-09-24T12:52:27.683Z	M000000000000000000
282.7605	2026-09-24T12:52:27.683Z	Fffffffff0000000000
283.2849	2026-09-24T12:52:28.207Z	S0117170005364dd05a
283.5971	2026-09-24T12:52:28.520Z	W0000013000021de8fd
283.5971	2026-09-24T12:52:28.520Z	R0000013000021de8ff
283.5971	2026-09-24T12:52:28.520Z	E000000000000000000
283.6211	2026-09-24T12:52:28.544Z	M000000000000000000
283.6211	2026-09-24T12:52:28.544Z	Fffffffff0000000000
284.0800	2026-09-24T12:52:29.003Z	S01171700053a4dd05e
284.4560	2026-09-24T12:52:29.379Z	W0000013100021de901
284.4560	2026-09-24T12:52:29.379Z	R0000013100021de8ff
284.4560	2026-09-24T12:52:29.379Z	E000000000000000000
284.4772	2026-09-24T12:52:29.400Z	M000000000000000000
284.4772	2026-09-24T12:52:29.400Z	Fffffffff0000000000
284.8809	2026-09-24T12:52:29.804Z	S01171700053e4dd062
285.3152	2026-09-24T12:52:30.238Z	W0000013200021de8fd
285.3152	2026-09-24T12:52:30.238Z	R0000013200021de8ff
285.3152	2026-09-24T12:52:30.238Z	E000000000000000000
285.3388	2026-09-24T12:52:30.261Z	M000000000000000000
285.3388	2026-09-24T12:52:30.261Z	Fffffffff0000000000
285.6811	2026-09-24T12:52:30.604Z	S0117170005424dd066
286.1940	2026-09-24T12:52:31.117Z	W0000013300021de901
286.1940	2026-09-24T12:52:31.117Z	R0000013300021de8ff
286.1940	2026-09-24T12:52:31.117Z	E000000000000000000
286.1940	2026-09-24T12:52:31.117Z	M000000000000000000
286.1940	2026-09-24T12:52:31.117Z	Fffffffff0000000000
286.4860	2026-09-24T12:52:31.409Z	S0117170005464dd06a
287.0344	2026-09-24T12:52:31.957Z	W0000013400021de8fd
287.0344	2026-09-24T12:52:31.957Z	R0000013400021de8ff
287.0344	2026-09-24T12:52:31.957Z	E000000000000000000
287.0586	2026-09-24T12:52:31.981Z	M000000000000000000
287.0586	2026-09-24T12:52:31.981Z	Fffffffff0000000000
287.2965	2026-09-24T12:52:32.219Z	S01171700054a4dd06e
287.9059	2026-09-24T12:52:32.829Z	W0000013500021de901
287.9059	2026-09-24T12:52:32.829Z	R0000013500021de8ff
287.9059	2026-09-24T12:52:32.829Z	E000000000000000000
287.9059	2026-09-24T12:52:32.829Z	M000000000000000000
287.9059	2026-09-24T12:52:32.829Z	Fffffffff0000000000
288.0951	2026-09-24T12:52:33.018Z	S01171700054e4dd072
288.7647	2026-09-24T12:52:33.687Z	W0000013600021de8fd
288.7647	2026-09-24T12:52:33.687Z	R0000013600021de8ff
288.7647	2026-09-24T12:52:33.687Z	E000000000000000000
288.7647	2026-09-24T12:52:33.687Z	M000000000000000000
288.7647	2026-09-24T12:52:33.688Z	Fffffffff0000000000
288.9069	2026-09-24T12:52:33.830Z	S0117170005524dd076
289.6143	2026-09-24T12:52:34.537Z	W0000013700021de901
289.6143	2026-09-24T12:52:34.537Z	R0000013700021de8ff
289.6143	2026-09-24T12:52:34.537Z	E000000000000000000
289.6390	2026-09-24T12:52:34.562Z	M000000000000000000
289.6390	2026-09-24T12:52:34.562Z	Fffffffff0000000000
289.7058	2026-09-24T12:52:34.628Z	S0117170005564dd07a
290.4923	2026-09-24T12:52:35.415Z	W0000013800021de8fd
290.4923	2026-09-24T12:52:35.415Z	R0000013800021de8ff
290.4923	2026-09-24T12:52:35.415Z	E000000000000000000
290.4923	2026-09-24T12:52:35.415Z	M000000000000000000
290.4923	2026-09-24T12:52:35.415Z	Fffffffff0000000000
290.5129	2026-09-24T12:52:35.436Z	S01171700055a4dd07e
291.3164	2026-09-24T12:52:36.239Z	S01171700055e4dd082
291.3370	2026-09-24T12:52:36.260Z	W0000013900021de901
291.3370	2026-09-24T12:52:36.260Z	R0000013900021de8ff
291.3370	2026-09-24T12:52:36.260Z	E000000000000000000
291.3370	2026-09-24T12:52:36.260Z	M000000000000000000
291.3370	2026-09-24T12:52:36.260Z	Fffffffff0000000000
292.1325	2026-09-24T12:52:37.055Z	S0117170005624dd086
292.2048	2026-09-24T12:52:37.127Z	W0000013a00021de8fd
292.2048	2026-09-24T12:52:37.128Z	R0000013a00021de8ff
292.2048	2026-09-24T12:52:37.128Z	E000000000000000000
292.2048	2026-09-24T12:52:37.128Z	M000000000000000000
292.2048	2026-09-24T12:52:37.128Z	Fffffffff0000000000
292.9420	2026-09-24T12:52:37.865Z	S0117170005664dd08a
293.0554	2026-09-24T12:52:37.978Z	W0000013b00021de901
293.0554	2026-09-24T12:52:37.978Z	R0000013b00021de8ff
293.0554	2026-09-24T12:52:37.978Z	E000000000000000000
293.0554	2026-09-24T12:52:37.978Z	M000000000000000000
293.0554	2026-09-24T12:52:37.978Z	Fffffffff0000000000
293.7403	2026-09-24T12:52:38.663Z	S01171700056a4dd08e
293.9073	2026-09-24T12:52:38.830Z	W0000013c00021de8fd
293.9073	2026-09-24T12:52:38.830Z	R0000013c00021de8ff
293.9073	2026-09-24T12:52:38.830Z	E000000000000000000
293.9306	2026-09-24T12:52:38.853Z	M000000000000000000
293.9306	2026-09-24T12:52:38.853Z	Fffffffff0000000000
294.5592	2026-09-24T12:52:39.482Z	S01171700056e4dd092
294.7725	2026-09-24T12:52:39.695Z	W0000013d00021de901
294.7725	2026-09-24T12:52:39.695Z	R0000013d00021de8ff
294.7725	2026-09-24T12:52:39.695Z	E000000000000000000
294.7725	2026-09-24T12:52:39.695Z	M000000000000000000
294.7725	2026-09-24T12:52:39.695Z	Fffffffff0000000000
295.3591	2026-09-24T12:52:40.282Z	S0117170005724dd096
295.6453	2026-09-24T12:52:40.568Z	W0000013e00021de8fd
295.6453	2026-09-24T12:52:40.568Z	R0000013e00021de8ff
295.6453	2026-09-24T12:52:40.568Z	E000000000000000000
295.6453	2026-09-24T12:52:40.568Z	M000000000000000000
295.6453	2026-09-24T12:52:40.568Z	Fffffffff0000000000
296.1700	2026-09-24T12:52:41.093Z	S0117170005764dd09a
296.4850	2026-09-24T12:52:41.408Z	W0000013f00021de901
296.4850	2026-09-24T12:52:41.408Z	R0000013f00021de8ff
296.4850	2026-09-24T12:52:41.408Z	E000000000000000000
296.5090	2026-09-24T12:52:41.432Z	M000000000000000000
296.5090	2026-09-24T12:52:41.432Z	Fffffffff0000000000
296.9752	2026-09-24T12:52:41.898Z	S01171700057a4dd09e
297.3597	2026-09-24T12:52:42.282Z	W0000014000021de8fd
297.3597	2026-09-24T12:52:42.283Z	R0000014000021de8ff
297.3597	2026-09-24T12:52:42.283Z	E000000000000000000
297.3597	2026-09-24T12:52:42.283Z	M000000000000000000
297.3597	2026-09-24T12:52:42.283Z	Fffffffff0000000000
297.7589	2026-09-24T12:52:42.682Z	S01171700057e4dd0a2
298.2111	2026-09-24T12:52:43.134Z	W0000014100021de901
298.2111	2026-09-24T12:52:43.134Z	R0000014100021de8ff
298.2111	2026-09-24T12:52:43.134Z	E000000000000000000
298.2111	2026-09-24T12:52:43.134Z	M000000000000000000
298.2111	2026-09-24T12:52:43.134Z	Fffffffff0000000000
298.5782	2026-09-24T12:52:43.501Z	S0117170005824dd0a6
299.0624	2026-09-24T12:52:43.985Z	W0000014200021de8fd
299.0624	2026-09-24T12:52:43.985Z	R0000014200021de8ff
299.0624	2026-09-24T12:52:43.985Z	E000000000000000000
299.0863	2026-09-24T12:52:44.009Z	M000000000000000000
299.0863	2026-09-24T12:52:44.009Z	Fffffffff0000000000
299.3855	2026-09-24T12:52:44.308Z	S0117170005864dd0aa
299.9316	2026-09-24T12:52:44.854Z	W0000014300021de901
299.9316	2026-09-24T12:52:44.854Z	R0000014300021de8ff
299.9316	2026-09-24T12:52:44.854Z	E000000000000000000
299.9316	2026-09-24T12:52:44.854Z	M000000000000000000
299.9316	2026-09-24T12:52:44.854Z	Fffffffff0000000000
300.1747	2026-09-24T12:52:45.097Z	S01171700058a4dd0ae
300.8001	2026-09-24T12:52:45.723Z	W0000014400021de8fd
300.8001	2026-09-24T12:52:45.723Z	R0000014400021de8ff
300.8001	2026-09-24T12:52:45.723Z	E000000000000000000
300.8001	2026-09-24T12:52:45.723Z	M000000000000000000
300.8001	2026-09-24T12:52:45.723Z	Fffffffff0000000000
300.9895	2026-09-24T12:52:45.912Z	S01171700058e4dd0b2
301.6437	2026-09-24T12:52:46.566Z	W0000014500021de901
301.6437	2026-09-24T12:52:46.566Z	R0000014500021de8ff
301.6437	2026-09-24T12:52:46.566Z	E000000000000000000
301.6684	2026-09-24T12:52:46.591Z	M000000000000000000
301.6684	2026-09-24T12:52:46.591Z	Fffffffff0000000000
301.7853	2026-09-24T12:52:46.708Z	S0117170005924dd0b6
302.5050	2026-09-24T12:52:47.428Z	W0000014600021de8fd
302.5050	2026-09-24T12:52:47.428Z	R0000014600021de8ff
302.5050	2026-09-24T12:52:47.428Z	E000000000000000000
302.5050	2026-09-24T12:52:47.428Z	M000000000000000000
302.5050	2026-09-24T12:52:47.428Z	Fffffffff0000000000
302.6025	2026-09-24T12:52:47.525Z	S0117170005964dd0ba
303.3744	2026-09-24T12:52:48.297Z	W0000014700021de901
303.3744	2026-09-24T12:52:48.297Z	R0000014700021de8ff
303.3744	2026-09-24T12:52:48.297Z	E000000000000000000
303.3744	2026-09-24T12:52:48.297Z	M000000000000000000
303.3744	2026-09-24T12:52:48.297Z	Fffffffff0000000000
303.3958	2026-09-24T12:52:48.319Z	S01171700059a4dd0be
304.2197	2026-09-24T12:52:49.143Z	S01171700059e4dd0c2
304.2197	2026-09-24T12:52:49.143Z	W0000014800021de8fd
304.2197	2026-09-24T12:52:49.143Z	R0000014800021de8ff
304.2197	2026-09-24T12:52:49.143Z	E000000000000000000
304.2441	2026-09-24T12:52:49.167Z	M000000000000000000
304.2441	2026-09-24T12:52:49.167Z	Fffffffff0000000000
305.0210	2026-09-24T12:52:49.944Z	S0117170005a24dd0c6
305.0933	2026-09-24T12:52:50.016Z	W0000014900021de901
305.0933	2026-09-24T12:52:50.016Z	R0000014900021de8ff
305.0933	2026-09-24T12:52:50.016Z	E000000000000000000
305.0933	2026-09-24T12:52:50.016Z	M000000000000000000
305.0933	2026-09-24T12:52:50.016Z	Fffffffff0000000000
305.8189	2026-09-24T12:52:50.742Z	S0117170005a64dd0ca
305.9362	2026-09-24T12:52:50.859Z	W0000014a00021de8fd
305.9362	2026-09-24T12:52:50.859Z	R0000014a00021de8ff
305.9362	2026-09-24T12:52:50.859Z	E000000000000000000
305.9584	2026-09-24T12:52:50.881Z	M000000000000000000
305.9584	2026-09-24T12:52:50.881Z	Fffffffff0000000000
306.6248	2026-09-24T12:52:51.548Z	S0117170005aa4dd0ce
306.8096	2026-09-24T12:52:51.732Z	W0000014b00021de901
306.8096	2026-09-24T12:52:51.732Z	R0000014b00021de8ff
306.8096	2026-09-24T12:52:51.733Z	E000000000000000000
306.8096	2026-09-24T12:52:51.733Z	M000000000000000000
306.8096	2026-09-24T12:52:51.733Z	Fffffffff0000000000
307.4433	2026-09-24T12:52:52.366Z	S0117170005ae4dd0d2
307.6560	2026-09-24T12:52:52.579Z	W0000014c00021de8fd
307.6560	2026-09-24T12:52:52.579Z	R0000014c00021de8ff
307.6560	2026-09-24T12:52:52.579Z	E000000000000000000
307.6764	2026-09-24T12:52:52.599Z	M000000000000000000
307.6764	2026-09-24T12:52:52.599Z	Fffffffff0000000000
308.2280	2026-09-24T12:52:53.151Z	S0117170005b24dd0d6
308.5309	2026-09-24T12:52:53.454Z	W0000014d00021de901
308.5309	2026-09-24T12:52:53.454Z	R0000014d00021de8ff
308.5309	2026-09-24T12:52:53.454Z	E000000000000000000
308.5309	2026-09-24T12:52:53.454Z	M000000000000000000
308.5309	2026-09-24T12:52:53.454Z	Fffffffff0000000000
309.0393	2026-09-24T12:52:53.962Z	S0117170005b64dd0da
309.3921	2026-09-24T12:52:54.315Z	W0000014e00021de8fd
309.3921	2026-09-24T12:52:54.315Z	R0000014e00021de8ff
309.3921	2026-09-24T12:52:54.315Z	E000000000000000000
309.3921	2026-09-24T12:52:54.315Z	M000000000000000000
309.3921	2026-09-24T12:52:54.315Z	Fffffffff0000000000
309.8482	2026-09-24T12:52:54.771Z	S0117170005ba4dd0de
310.2323	2026-09-24T12:52:55.155Z	W0000014f00021de901
310.2323	2026-09-24T12:52:55.155Z	R0000014f00021de8ff
310.2323	2026-09-24T12:52:55.155Z	E000000000000000000
310.2563	2026-09-24T12:52:55.179Z	M000000000000000000
310.2563	2026-09-24T12:52:55.179Z	Fffffffff0000000000
310.6640	2026-09-24T12:52:55.587Z	S0117170005be4dd0e2
311.1018	2026-09-24T12:52:56.025Z	W0000015000021de8fd
311.1018	2026-09-24T12:52:56.025Z	R0000015000021de8ff
311.1018	2026-09-24T12:52:56.025Z	E000000000000000000
311.1018	2026-09-24T12:52:56.025Z	M000000000000000000
311.1018	2026-09-24T12:52:56.025Z	Fffffffff0000000000
311.4543	2026-09-24T12:52:56.377Z	S0117170005c24dd0e6
311.9603	2026-09-24T12:52:56.883Z	W0000015100021de901
311.9603	2026-09-24T12:52:56.883Z	R0000015100021de8ff
311.9603	2026-09-24T12:52:56.883Z	E000000000000000000
311.9603	2026-09-24T12:52:56.883Z	M000000000000000000
311.9603	2026-09-24T12:52:56.883Z	Fffffffff0000000000
312.2585	2026-09-24T12:52:57.181Z	S0117170005c64dd0ea
312.8114	2026-09-24T12:52:57.734Z	W0000015200021de8fd
312.8114	2026-09-24T12:52:57.734Z	R0000015200021de8ff
312.8114	2026-09-24T12:52:57.734Z	E000000000000000000
312.8337	2026-09-24T12:52:57.757Z	M000000000000000000
312.8337	2026-09-24T12:52:57.757Z	Fffffffff0000000000
313.0717	2026-09-24T12:52:57.995Z	S0117170005ca4dd0ee
313.6881	2026-09-24T12:52:58.611Z	W0000015300021de901
313.6881	2026-09-24T12:52:58.611Z	R0000015300021de8ff
313.6881	2026-09-24T12:52:58.611Z	E000000000000000000
313.6881	2026-09-24T12:52:58.611Z	M000000000000000000
313.6881	2026-09-24T12:52:58.611Z	Fffffffff0000000000
313.8742	2026-09-24T12:52:58.797Z	S0117170005ce4dd0f2
314.5322	2026-09-24T12:52:59.455Z	W0000015400021de8fd
314.5322	2026-09-24T12:52:59.455Z	R0000015400021de8ff
314.5322	2026-09-24T12:52:59.455Z	E000000000000000000
314.5564	2026-09-24T12:52:59.479Z	M000000000000000000
314.5564	2026-09-24T12:52:59.479Z	Fffffffff0000000000
314.6729	2026-09-24T12:52:59.596Z	S0117170005d24dd0f6
315.4075	2026-09-24T12:53:00.330Z	W0000015500021de901
315.4075	2026-09-24T12:53:00.330Z	R0000015500021de8ff
315.4075	2026-09-24T12:53:00.330Z	E000000000000000000
315.4075	2026-09-24T12:53:00.330Z	M000000000000000000
315.4075	2026-09-24T12:53:00.330Z	Fffffffff0000000000
315.4762	2026-09-24T12:53:00.399Z	S0117170005d64dd0fa
316.2555	2026-09-24T12:53:01.178Z	W0000015600021de8fd
316.2555	2026-09-24T12:53:01.178Z	R0000015600021de8ff
316.2555	2026-09-24T12:53:01.178Z	E000000000000000000
316.2555	2026-09-24T12:53:01.178Z	M000000000000000000
316.2555	2026-09-24T12:53:01.178Z	Fffffffff0000000000
316.3004	2026-09-24T12:53:01.223Z	S0117170005da4dd0fe
317.1023	2026-09-24T12:53:02.025Z	S0117170005de4dd102
317.1253	2026-09-24T12:53:02.048Z	W0000015700021de901
317.1253	2026-09-24T12:53:02.048Z	R0000015700021de8ff
317.1253	2026-09-24T12:53:02.048Z	E000000000000000000
317.1253	2026-09-24T12:53:02.048Z	M000000000000000000
317.1253	2026-09-24T12:53:02.048Z	Fffffffff0000000000
317.8917	2026-09-24T12:53:02.815Z	S0117170005e24dd106
317.9858	2026-09-24T12:53:02.909Z	W0000015800021de8fd
317.9858	2026-09-24T12:53:02.909Z	R0000015800021de8ff
317.9858	2026-09-24T12:53:02.909Z	E000000000000000000
317.9858	2026-09-24T12:53:02.909Z	M000000000000000000
317.9858	2026-09-24T12:53:02.909Z	Fffffffff0000000000
318.7159	2026-09-24T12:53:03.639Z	S0117170005e64dd10a
318.8300	2026-09-24T12:53:03.753Z	W0000015900021de901
318.8300	2026-09-24T12:53:03.753Z	R0000015900021de8ff
318.8300	2026-09-24T12:53:03.753Z	E000000000000000000
318.8300	2026-09-24T12:53:03.753Z	M000000000000000000
318.8300	2026-09-24T12:53:03.753Z	Fffffffff0000000000
319.5156	2026-09-24T12:53:04.439Z	S0117170005ea4dd10e
319.7013	2026-09-24T12:53:04.624Z	W0000015a00021de8fd
319.7013	2026-09-24T12:53:04.624Z	R0000015a00021de8ff
319.7013	2026-09-24T12:53:04.624Z	E000000000000000000
319.7013	2026-09-24T12:53:04.624Z	M000000000000000000
319.7013	2026-09-24T12:53:04.624Z	Fffffffff0000000000
320.3155	2026-09-24T12:53:05.238Z	S0117170005ee4dd112
320.5565	2026-09-24T12:53:05.479Z	W0000015b00021de901
320.5565	2026-09-24T12:53:05.479Z	R0000015b00021de8ff
320.5565	2026-09-24T12:53:05.479Z	E000000000000000000
320.5565	2026-09-24T12:53:05.479Z	M000000000000000000
320.5565	2026-09-24T12:53:05.479Z	Fffffffff0000000000
321.1128	2026-09-24T12:53:06.036Z	S0117170005f24dd116
321.4020	2026-09-24T12:53:06.325Z	W0000015c00021de8fd
321.4020	2026-09-24T12:53:06.325Z	R0000015c00021de8ff
321.4020	2026-09-24T12:53:06.325Z	E000000000000000000
321.4258	2026-09-24T12:53:06.349Z	M000000000000000000
321.4258	2026-09-24T12:53:06.349Z	Fffffffff0000000000
321.9308	2026-09-24T12:53:06.854Z	S0117170005f64dd11a
322.2726	2026-09-24T12:53:07.196Z	W0000015d00021de901
322.2726	2026-09-24T12:53:07.196Z	R0000015d00021de8ff
322.2726	2026-09-24T12:53:07.196Z	E000000000000000000
322.2726	2026-09-24T12:53:07.196Z	M000000000000000000
322.2726	2026-09-24T12:53:07.196Z	Fffffffff0000000000
322.7428	2026-09-24T12:53:07.666Z	S0117170005fa4dd11e
323.1319	2026-09-24T12:53:08.055Z	W0000015e00021de8fd
323.1319	2026-09-24T12:53:08.055Z	R0000015e00021de8ff
323.1319	2026-09-24T12:53:08.055Z	E000000000000000000
323.1319	2026-09-24T12:53:08.055Z	M000000000000000000
323.1319	2026-09-24T12:53:08.055Z	Fffffffff0000000000
323.5397	2026-09-24T12:53:08.463Z	S0117170005fe4dd122
323.9795	2026-09-24T12:53:08.903Z	W0000015f00021de901
323.9795	2026-09-24T12:53:08.903Z	R0000015f00021de8ff
323.9795	2026-09-24T12:53:08.903Z	E000000000000000000
324.0027	2026-09-24T12:53:08.926Z	M000000000000000000
324.0027	2026-09-24T12:53:08.926Z	Fffffffff0000000000
324.3402	2026-09-24T12:53:09.263Z	S0117170006024dd126
324.8427	2026-09-24T12:53:09.766Z	W0000016000021de8fd
324.8427	2026-09-24T12:53:09.766Z	R0000016000021de8ff
324.8427	2026-09-24T12:53:09.766Z	E000000000000000000
324.8675	2026-09-24T12:53:09.790Z	M000000000000000000
324.8675	2026-09-24T12:53:09.790Z	Fffffffff0000000000
325.1596	2026-09-24T12:53:10.083Z	S0117170006064dd12a
325.6980	2026-09-24T12:53:10.621Z	W0000016100021de901
325.6980	2026-09-24T12:53:10.621Z	R0000016100021de8ff
325.6980	2026-09-24T12:53:10.621Z	E000000000000000000
325.7189	2026-09-24T12:53:10.642Z	M000000000000000000
325.7189	2026-09-24T12:53:10.642Z	Fffffffff0000000000
325.9667	2026-09-24T12:53:10.890Z	S01171700060a4dd12e
326.5712	2026-09-24T12:53:11.494Z	W0000016200021de8fd
326.5712	2026-09-24T12:53:11.494Z	R0000016200021de8ff
326.5712	2026-09-24T12:53:11.494Z	E000000000000000000
326.5712	2026-09-24T12:53:11.494Z	M000000000000000000
326.5712	2026-09-24T12:53:11.494Z	Fffffffff0000000000
326.7675	2026-09-24T12:53:11.691Z	S01171700060e4dd132
327.4208	2026-09-24T12:53:12.344Z	W0000016300021de901
327.4208	2026-09-24T12:53:12.344Z	R0000016300021de8ff
327.4208	2026-09-24T12:53:12.344Z	E000000000000000000
327.4457	2026-09-24T12:53:12.369Z	M000000000000000000
327.4457	2026-09-24T12:53:12.369Z	Fffffffff0000000000
327.5674	2026-09-24T12:53:12.490Z	S0117170006124dd136
328.2757	2026-09-24T12:53:13.199Z	W0000016400021de8fd
328.2757	2026-09-24T12:53:13.199Z	R0000016400021de8ff
328.2757	2026-09-24T12:53:13.199Z	E000000000000000000
328.2995	2026-09-24T12:53:13.222Z	M000000000000000000
328.2995	2026-09-24T12:53:13.223Z	Fffffffff0000000000
328.3683	2026-09-24T12:53:13.291Z	S0117170006164dd13a
329.1379	2026-09-24T12:53:14.061Z	W0000016500021de901
329.1379	2026-09-24T12:53:14.061Z	R0000016500021de8ff
329.1379	2026-09-24T12:53:14.061Z	E000000000000000000
329.1625	2026-09-24T12:53:14.086Z	M000000000000000000
329.1625	2026-09-24T12:53:14.086Z	Fffffffff0000000000
329.1867	2026-09-24T12:53:14.110Z	S01171700061a4dd13e
329.9899	2026-09-24T12:53:14.913Z	S01171700061e4dd142
330.0126	2026-09-24T12:53:14.936Z	W0000016600021de8fd
330.0126	2026-09-24T12:53:14.936Z	R0000016600021de8ff
330.0126	2026-09-24T12:53:14.936Z	E000000000000000000
330.0126	2026-09-24T12:53:14.936Z	M000000000000000000
330.0126	2026-09-24T12:53:14.936Z	Fffffffff0000000000
330.7939	2026-09-24T12:53:15.717Z	S0117170006224dd146
330.8653	2026-09-24T12:53:15.788Z	W0000016700021de901
330.8653	2026-09-24T12:53:15.788Z	R0000016700021de8ff
330.8653	2026-09-24T12:53:15.788Z	E000000000000000000
330.8653	2026-09-24T12:53:15.788Z	M000000000000000000
330.8653	2026-09-24T12:53:15.788Z	Fffffffff0000000000
331.6047	2026-09-24T12:53:16.528Z	S0117170006264dd14a
331.7260	2026-09-24T12:53:16.649Z	W0000016800021de8fd
331.7260	2026-09-24T12:53:16.649Z	R0000016800021de8ff
331.7260	2026-09-24T12:53:16.649Z	E000000000000000000
331.7260	2026-09-24T12:53:16.649Z	M000000000000000000
331.7260	2026-09-24T12:53:16.649Z	Fffffffff0000000000
332.3871	2026-09-24T12:53:17.310Z	S01171700062a4dd14e
332.5767	2026-09-24T12:53:17.500Z	W0000016900021de901
332.5767	2026-09-24T12:53:17.500Z	R0000016900021de8ff
332.5767	2026-09-24T12:53:17.500Z	E000000000000000000
332.5767	2026-09-24T12:53:17.500Z	M000000000000000000
332.5767	2026-09-24T12:53:17.500Z	Fffffffff0000000000
333.2045	2026-09-24T12:53:18.128Z	S01171700062e4dd152
333.4397	2026-09-24T12:53:18.363Z	W0000016a00021de8fd
333.4397	2026-09-24T12:53:18.363Z	R0000016a00021de8ff
333.4397	2026-09-24T12:53:18.363Z	E000000000000000000
333.4397	2026-09-24T12:53:18.363Z	M000000000000000000
333.4397	2026-09-24T12:53:18.363Z	Fffffffff0000000000
334.0191	2026-09-24T12:53:18.942Z	S0117170006324dd156
334.2902	2026-09-24T12:53:19.213Z	W0000016b00021de901
334.2902	2026-09-24T12:53:19.213Z	R0000016b00021de8ff
334.2902	2026-09-24T12:53:19.213Z	E000000000000000000
334.3105	2026-09-24T12:53:19.234Z	M000000000000000000
334.3105	2026-09-24T12:53:19.234Z	Fffffffff0000000000
334.8265	2026-09-24T12:53:19.750Z	S0117170006364dd15a
335.1625	2026-09-24T12:53:20.086Z	W0000016c00021de8fd
335.1625	2026-09-24T12:53:20.086Z	R0000016c00021de8ff
335.1625	2026-09-24T12:53:20.086Z	E000000000000000000
335.1625	2026-09-24T12:53:20.086Z	M000000000000000000
335.1625	2026-09-24T12:53:20.086Z	Fffffffff0000000000
335.6260	2026-09-24T12:53:20.549Z	S01171700063a4dd15e
336.0122	2026-09-24T12:53:20.935Z	W0000016d00021de901
336.0122	2026-09-24T12:53:20.935Z	R0000016d00021de8ff
336.0122	2026-09-24T12:53:20.935Z	E000000000000000000
336.0368	2026-09-24T12:53:20.960Z	M000000000000000000
336.0368	2026-09-24T12:53:20.960Z	Fffffffff0000000000
336.4334	2026-09-24T12:53:21.357Z	S01171700063e4dd162
336.8728	2026-09-24T12:53:21.796Z	W0000016e00021de8fd
336.8728	2026-09-24T12:53:21.796Z	R0000016e00021de8ff
336.8728	2026-09-24T12:53:21.796Z	E000000000000000000
336.8728	2026-09-24T12:53:21.796Z	M000000000000000000
336.8728	2026-09-24T12:53:21.796Z	Fffffffff0000000000
337.2280	2026-09-24T12:53:22.151Z	S0117170006424dd166
337.7284	2026-09-24T12:53:22.652Z	W0000016f00021de901
337.7284	2026-09-24T12:53:22.652Z	R0000016f00021de8ff
337.7284	2026-09-24T12:53:22.652Z	E000000000000000000
337.7526	2026-09-24T12:53:22.676Z	M000000000000000000
337.7526	2026-09-24T12:53:22.676Z	Fffffffff0000000000
338.0439	2026-09-24T12:53:22.967Z	S0117170006464dd16a
338.6093	2026-09-24T12:53:23.532Z	W0000017000021de8fd
338.6093	2026-09-24T12:53:23.532Z	R0000017000021de8ff
338.6093	2026-09-24T12:53:23.532Z	E000000000000000000
338.6093	2026-09-24T12:53:23.532Z	M000000000000000000
338.6093	2026-09-24T12:53:23.532Z	Fffffffff0000000000
338.8517	2026-09-24T12:53:23.775Z	S01171700064a4dd16e
339.4508	2026-09-24T12:53:24.374Z	W0000017100021de901
339.4508	2026-09-24T12:53:24.374Z	R0000017100021de8ff
339.4508	2026-09-24T12:53:24.374Z	E000000000000000000
339.4508	2026-09-24T12:53:24.374Z	M000000000000000000
339.4508	2026-09-24T12:53:24.374Z	Fffffffff0000000000
339.6350	2026-09-24T12:53:24.558Z	S01171700064e4dd172
340.3261	2026-09-24T12:53:25.249Z	W0000017200021de8fd
340.3261	2026-09-24T12:53:25.249Z	R0000017200021de8ff
340.3261	2026-09-24T12:53:25.249Z	E000000000000000000
340.3261	2026-09-24T12:53:25.249Z	M000000000000000000
340.3261	2026-09-24T12:53:25.249Z	Fffffffff0000000000
340.4403	2026-09-24T12:53:25.363Z	S0117170006524dd176
341.1725	2026-09-24T12:53:26.096Z	W0000017300021de901
341.1725	2026-09-24T12:53:26.096Z	R0000017300021de8ff
341.1725	2026-09-24T12:53:26.096Z	E000000000000000000
341.1725	2026-09-24T12:53:26.096Z	M000000000000000000
341.1725	2026-09-24T12:53:26.096Z	Fffffffff0000000000
341.2667	2026-09-24T12:53:26.190Z	S0117170006564dd17a
342.0449	2026-09-24T12:53:26.968Z	W0000017400021de8fd
342.0449	2026-09-24T12:53:26.968Z	R0000017400021de8ff
342.0449	2026-09-24T12:53:26.968Z	E000000000000000000
342.0449	2026-09-24T12:53:26.968Z	M000000000000000000
342.0449	2026-09-24T12:53:26.968Z	Fffffffff0000000000
342.0684	2026-09-24T12:53:26.992Z	S01171700065a4dd17e
342.8746	2026-09-24T12:53:27.798Z	S01171700065e4dd182
342.8965	2026-09-24T12:53:27.820Z	W0000017500021de901
342.8965	2026-09-24T12:53:27.820Z	R0000017500021de8ff
342.8965	2026-09-24T12:53:27.820Z	E000000000000000000
342.8965	2026-09-24T12:53:27.820Z	M000000000000000000
342.8965	2026-09-24T12:53:27.820Z	Fffffffff0000000000
343.6773	2026-09-24T12:53:28.600Z	S0117170006624dd186
343.7435	2026-09-24T12:53:28.667Z	W0000017600021de8fd
343.7435	2026-09-24T12:53:28.667Z	R0000017600021de8ff
343.7435	2026-09-24T12:53:28.667Z	E000000000000000000
343.7678	2026-09-24T12:53:28.691Z	M000000000000000000
343.7678	2026-09-24T12:53:28.691Z	Fffffffff0000000000
344.4840	2026-09-24T12:53:29.407Z	S0117170006664dd18a
344.6007	2026-09-24T12:53:29.524Z	W0000017700021de901
344.6007	2026-09-24T12:53:29.524Z	R0000017700021de8ff
344.6007	2026-09-24T12:53:29.524Z	E000000000000000000
344.6245	2026-09-24T12:53:29.548Z	M000000000000000000
344.6245	2026-09-24T12:53:29.548Z	Fffffffff0000000000
345.2921	2026-09-24T12:53:30.215Z	S01171700066a4dd18e
345.4627	2026-09-24T12:53:30.386Z	W0000017800021de8fd
345.4627	2026-09-24T12:53:30.386Z	R0000017800021de8ff
345.4627	2026-09-24T12:53:30.386Z	E000000000000000000
345.4872	2026-09-24T12:53:30.410Z	M000000000000000000
345.4872	2026-09-24T12:53:30.410Z	Fffffffff0000000000
346.1023	2026-09-24T12:53:31.025Z	S01171700066e4dd192
346.3427	2026-09-24T12:53:31.266Z	W0000017900021de901
346.3427	2026-09-24T12:53:31.266Z	R0000017900021de8ff
346.3427	2026-09-24T12:53:31.266Z	E000000000000000000
346.3427	2026-09-24T12:53:31.266Z	M000000000000000000
346.3427	2026-09-24T12:53:31.266Z	Fffffffff0000000000
346.8946	2026-09-24T12:53:31.818Z	S0117170006724dd196
347.1914	2026-09-24T12:53:32.115Z	W0000017a00021de8fd
347.1914	2026-09-24T12:53:32.115Z	R0000017a00021de8ff
347.1914	2026-09-24T12:53:32.115Z	E000000000000000000
347.1914	2026-09-24T12:53:32.115Z	M000000000000000000
347.1914	2026-09-24T12:53:32.115Z	Fffffffff0000000000
347.6928	2026-09-24T12:53:32.616Z	S0117170006764dd19a
348.0570	2026-09-24T12:53:32.980Z	W0000017b00021de901
348.0570	2026-09-24T12:53:32.980Z	R0000017b00021de8ff
348.0570	2026-09-24T12:53:32.980Z	E000000000000000000
348.0570	2026-09-24T12:53:32.980Z	M000000000000000000
348.0570	2026-09-24T12:53:32.980Z	Fffffffff0000000000
348.5142	2026-09-24T12:53:33.437Z	S01171700067a4dd19e
348.8968	2026-09-24T12:53:33.820Z	W0000017c00021de8fd
348.8968	2026-09-24T12:53:33.820Z	R0000017c00021de8ff
348.8968	2026-09-24T12:53:33.820Z	E000000000000000000
348.9206	2026-09-24T12:53:33.844Z	M000000000000000000
348.9206	2026-09-24T12:53:33.844Z	Fffffffff0000000000
349.3070	2026-09-24T12:53:34.230Z	S01171700067e4dd1a2
349.7560	2026-09-24T12:53:34.679Z	W0000017d00021de901
349.7560	2026-09-24T12:53:34.679Z	R0000017d00021de8ff
349.7560	2026-09-24T12:53:34.679Z	E000000000000000000
349.7773	2026-09-24T12:53:34.701Z	M000000000000000000
349.7773	2026-09-24T12:53:34.701Z	Fffffffff0000000000
350.1265	2026-09-24T12:53:35.050Z	S0117170006824dd1a6
350.6152	2026-09-24T12:53:35.538Z	W0000017e00021de8fd
350.6152	2026-09-24T12:53:35.539Z	R0000017e00021de8ff
350.6152	2026-09-24T12:53:35.539Z	E000000000000000000
350.6390	2026-09-24T12:53:35.562Z	M000000000000000000
350.6390	2026-09-24T12:53:35.562Z	Fffffffff0000000000
350.9340	2026-09-24T12:53:35.857Z	S0117170006864dd1aa
351.4800	2026-09-24T12:53:36.403Z	W0000017f00021de901
351.4800	2026-09-24T12:53:36.403Z	R0000017f00021de8ff
351.4800	2026-09-24T12:53:36.403Z	E000000000000000000
351.4800	2026-09-24T12:53:36.403Z	M000000000000000000
351.4800	2026-09-24T12:53:36.403Z	Fffffffff0000000000
351.7147	2026-09-24T12:53:36.638Z	S01171700068a4dd1ae
352.3478	2026-09-24T12:53:37.271Z	W0000018000021de8fd
352.3478	2026-09-24T12:53:37.271Z	R0000018000021de8ff
352.3478	2026-09-24T12:53:37.271Z	E000000000000000000
352.3478	2026-09-24T12:53:37.271Z	M000000000000000000
352.3478	2026-09-24T12:53:37.271Z	Fffffffff0000000000
352.5438	2026-09-24T12:53:37.467Z	S01171700068e4dd1b2
353.2142	2026-09-24T12:53:38.138Z	W0000018100021de901
353.2142	2026-09-24T12:53:38.138Z	R0000018100021de8ff
353.2142	2026-09-24T12:53:38.138Z	E000000000000000000
353.2142	2026-09-24T12:53:38.138Z	M000000000000000000
353.2142	2026-09-24T12:53:38.138Z	Fffffffff0000000000
353.3253	2026-09-24T12:53:38.249Z	S0117170006924dd1b6
354.0563	2026-09-24T12:53:38.980Z	W0000018200021de8fd
354.0563	2026-09-24T12:53:38.980Z	R0000018200021de8ff
354.0563	2026-09-24T12:53:38.980Z	E000000000000000000
354.0774	2026-09-24T12:53:39.001Z	M000000000000000000
354.0774	2026-09-24T12:53:39.001Z	Fffffffff0000000000
354.1517	2026-09-24T12:53:39.075Z	S0117170006964dd1ba
354.9342	2026-09-24T12:53:39.858Z	W0000018300021de901
354.9342	2026-09-24T12:53:39.858Z	R0000018300021de8ff
354.9342	2026-09-24T12:53:39.858Z	E000000000000000000
354.9342	2026-09-24T12:53:39.858Z	M000000000000000000
354.9342	2026-09-24T12:53:39.858Z	Fffffffff0000000000
354.9561	2026-09-24T12:53:39.879Z	S01171700069a4dd1be
355.7412	2026-09-24T12:53:40.665Z	S01171700069e4dd1c2
355.7890	2026-09-24T12:53:40.712Z	W0000018400021de8fd
355.7890	2026-09-24T12:53:40.712Z	R0000018400021de8ff
355.7890	2026-09-24T12:53:40.712Z	E000000000000000000
355.7890	2026-09-24T12:53:40.712Z	M000000000000000000
355.7890	2026-09-24T12:53:40.712Z	Fffffffff0000000000
356.5474	2026-09-24T12:53:41.471Z	S0117170006a24dd1c6
356.6441	2026-09-24T12:53:41.567Z	W0000018500021de901
356.6441	2026-09-24T12:53:41.567Z	R0000018500021de8ff
356.6441	2026-09-24T12:53:41.567Z	E000000000000000000
356.6441	2026-09-24T12:53:41.567Z	M000000000000000000
356.6441	2026-09-24T12:53:41.567Z	Fffffffff0000000000
357.3518	2026-09-24T12:53:42.275Z	S0117170006a64dd1ca
357.4939	2026-09-24T12:53:42.417Z	W0000018600021de8fd
357.4939	2026-09-24T12:53:42.417Z	R0000018600021de8ff
357.4939	2026-09-24T12:53:42.417Z	E000000000000000000
357.4939	2026-09-24T12:53:42.417Z	M000000000000000000
357.4939	2026-09-24T12:53:42.417Z	Fffffffff0000000000
358.1675	2026-09-24T12:53:43.091Z	S0117170006aa4dd1ce
358.3563	2026-09-24T12:53:43.280Z	W0000018700021de901
358.3563	2026-09-24T12:53:43.280Z	R0000018700021de8ff
358.3563	2026-09-24T12:53:43.280Z	E000000000000000000
358.3563	2026-09-24T12:53:43.280Z	M000000000000000000
358.3563	2026-09-24T12:53:43.280Z	Fffffffff0000000000
358.9784	2026-09-24T12:53:43.902Z	S0117170006ae4dd1d2
359.2233	2026-09-24T12:53:44.147Z	W0000018800021de8fd
359.2233	2026-09-24T12:53:44.147Z	R0000018800021de8ff
359.2233	2026-09-24T12:53:44.147Z	E000000000000000000
359.2233	2026-09-24T12:53:44.147Z	M000000000000000000
359.2233	2026-09-24T12:53:44.147Z	Fffffffff0000000000
359.7728	2026-09-24T12:53:44.696Z	S0117170006b24dd1d6
360.0666	2026-09-24T12:53:44.990Z	W0000018900021de901
360.0666	2026-09-24T12:53:44.990Z	R0000018900021de8ff
360.0666	2026-09-24T12:53:44.990Z	E000000000000000000
360.0904	2026-09-24T12:53:45.014Z	M000000000000000000
360.0904	2026-09-24T12:53:45.014Z	Fffffffff0000000000
360.5963	2026-09-24T12:53:45.520Z	S0117170006b64dd1da
360.9391	2026-09-24T12:53:45.862Z	W0000018a00021de8fd
360.9391	2026-09-24T12:53:45.862Z	R0000018a00021de8ff
360.9391	2026-09-24T12:53:45.862Z	E000000000000000000
360.9391	2026-09-24T12:53:45.862Z	M000000000000000000
360.9391	2026-09-24T12:53:45.862Z	Fffffffff0000000000
361.3960	2026-09-24T12:53:46.319Z	S0117170006ba4dd1de
361.7993	2026-09-24T12:53:46.723Z	W0000018b00021de901
361.7993	2026-09-24T12:53:46.723Z	R0000018b00021de8ff
361.7993	2026-09-24T12:53:46.723Z	E000000000000000000
361.7993	2026-09-24T12:53:46.723Z	M000000000000000000
361.7993	2026-09-24T12:53:46.723Z	Fffffffff0000000000
362.1949	2026-09-24T12:53:47.118Z	S0117170006be4dd1e2
362.6491	2026-09-24T12:53:47.573Z	W0000018c00021de8fd
362.6491	2026-09-24T12:53:47.573Z	R0000018c00021de8ff
362.6491	2026-09-24T12:53:47.573Z	E000000000000000000
362.6742	2026-09-24T12:53:47.598Z	M000000000000000000
362.6742	2026-09-24T12:53:47.598Z	Fffffffff0000000000
362.9890	2026-09-24T12:53:47.912Z	S0117170006c24dd1e6
363.5248	2026-09-24T12:53:48.448Z	W0000018d00021de901
363.5248	2026-09-24T12:53:48.448Z	R0000018d00021de8ff
363.5248	2026-09-24T12:53:48.448Z	E000000000000000000
363.5248	2026-09-24T12:53:48.448Z	M000000000000000000
363.5248	2026-09-24T12:53:48.448Z	Fffffffff0000000000
363.8085	2026-09-24T12:53:48.732Z	S0117170006c64dd1ea
364.3779	2026-09-24T12:53:49.301Z	W0000018e00021de8fd
364.3779	2026-09-24T12:53:49.301Z	R0000018e00021de8ff
364.3779	2026-09-24T12:53:49.301Z	E000000000000000000
364.3779	2026-09-24T12:53:49.301Z	M000000000000000000
364.3779	2026-09-24T12:53:49.301Z	Fffffffff0000000000
364.6086	2026-09-24T12:53:49.532Z	S0117170006ca4dd1ee
365.2330	2026-09-24T12:53:50.156Z	W0000018f00021de901
365.2330	2026-09-24T12:53:50.156Z	R0000018f00021de8ff
365.2330	2026-09-24T12:53:50.156Z	E000000000000000000
365.2330	2026-09-24T12:53:50.156Z	M000000000000000000
365.2330	2026-09-24T12:53:50.156Z	Fffffffff0000000000
365.4049	2026-09-24T12:53:50.328Z	S0117170006ce4dd1f2
366.0892	2026-09-24T12:53:51.013Z	W0000019000021de8fd
366.0892	2026-09-24T12:53:51.013Z	R0000019000021de8ff
366.0892	2026-09-24T12:53:51.013Z	E000000000000000000
366.0892	2026-09-24T12:53:51.013Z	M000000000000000000
366.0892	2026-09-24T12:53:51.013Z	Fffffffff0000000000
366.2346	2026-09-24T12:53:51.158Z	S0117170006d24dd1f6
366.9440	2026-09-24T12:53:51.867Z	W0000019100021de901
366.9440	2026-09-24T12:53:51.867Z	R0000019100021de8ff
366.9440	2026-09-24T12:53:51.867Z	E000000000000000000
366.9687	2026-09-24T12:53:51.892Z	M000000000000000000
366.9687	2026-09-24T12:53:51.892Z	Fffffffff0000000000
367.0155	2026-09-24T12:53:51.939Z	S0117170006d64dd1fa
367.8056	2026-09-24T12:53:52.729Z	W0000019200021de8fd
367.8056	2026-09-24T12:53:52.729Z	R0000019200021de8ff
367.8056	2026-09-24T12:53:52.729Z	E000000000000000000
367.8056	2026-09-24T12:53:52.729Z	M000000000000000000
367.8056	2026-09-24T12:53:52.729Z	Fffffffff0000000000
367.8268	2026-09-24T12:53:52.750Z	S0117170006da4dd1fe
368.6288	2026-09-24T12:53:53.552Z	S0117170006de4dd202
368.6764	2026-09-24T12:53:53.600Z	W0000019300021de901
368.6764	2026-09-24T12:53:53.600Z	R0000019300021de8ff
368.6764	2026-09-24T12:53:53.600Z	E000000000000000000
368.6764	2026-09-24T12:53:53.600Z	M000000000000000000
368.6764	2026-09-24T12:53:53.600Z	Fffffffff0000000000
369.4409	2026-09-24T12:53:54.364Z	S0117170006e24dd206
369.5334	2026-09-24T12:53:54.457Z	W0000019400021de8fd
369.5334	2026-09-24T12:53:54.457Z	R0000019400021de8ff
369.5334	2026-09-24T12:53:54.457Z	E000000000000000000
369.5334	2026-09-24T12:53:54.457Z	M000000000000000000
369.5334	2026-09-24T12:53:54.457Z	Fffffffff0000000000
370.2604	2026-09-24T12:53:55.184Z	S0117170006e64dd20a
370.3771	2026-09-24T12:53:55.301Z	W0000019500021de901
370.3771	2026-09-24T12:53:55.301Z	R0000019500021de8ff
370.3771	2026-09-24T12:53:55.301Z	E000000000000000000
370.4009	2026-09-24T12:53:55.324Z	M000000000000000000
370.4009	2026-09-24T12:53:55.324Z	Fffffffff0000000000
371.0575	2026-09-24T12:53:55.981Z	S0117170006ea4dd20e
371.2519	2026-09-24T12:53:56.175Z	W0000019600021de8fd
371.2519	2026-09-24T12:53:56.175Z	R0000019600021de8ff
371.2519	2026-09-24T12:53:56.175Z	E000000000000000000
371.2519	2026-09-24T12:53:56.175Z	M000000000000000000
371.2519	2026-09-24T12:53:56.175Z	Fffffffff0000000000
371.8538	2026-09-24T12:53:56.777Z	S0117170006ee4dd212
372.0957	2026-09-24T12:53:57.019Z	W0000019700021de901
372.0957	2026-09-24T12:53:57.019Z	R0000019700021de8ff
372.0957	2026-09-24T12:53:57.019Z	E000000000000000000
372.1195	2026-09-24T12:53:57.043Z	M000000000000000000
372.1195	2026-09-24T12:53:57.043Z	Fffffffff0000000000
372.6565	2026-09-24T12:53:57.580Z	S0117170006f24dd216
372.9720	2026-09-24T12:53:57.896Z	W0000019800021de8fd
372.9720	2026-09-24T12:53:57.896Z	R0000019800021de8ff
372.9720	2026-09-24T12:53:57.896Z	E000000000000000000
372.9720	2026-09-24T12:53:57.896Z	M000000000000000000
372.9720	2026-09-24T12:53:57.896Z	Fffffffff0000000000
373.4581	2026-09-24T12:53:58.382Z	S0117170006f64dd21a
373.8223	2026-09-24T12:53:58.746Z	W0000019900021de901
373.8223	2026-09-24T12:53:58.746Z	R0000019900021de8ff
373.8223	2026-09-24T12:53:58.746Z	E000000000000000000
373.8223	2026-09-24T12:53:58.746Z	M000000000000000000
373.8223	2026-09-24T12:53:58.746Z	Fffffffff0000000000
374.2846	2026-09-24T12:53:59.208Z	S0117170006fa4dd21e
374.6777	2026-09-24T12:53:59.601Z	W0000019a00021de8fd
374.6777	2026-09-24T12:53:59.601Z	R0000019a00021de8ff
374.6777	2026-09-24T12:53:59.601Z	E000000000000000000
374.7027	2026-09-24T12:53:59.626Z	M000000000000000000
374.7027	2026-09-24T12:53:59.626Z	Fffffffff0000000000
375.0701	2026-09-24T12:53:59.994Z	S0117170006fe4dd222
375.5533	2026-09-24T12:54:00.477Z	W0000019b00021de901
375.5533	2026-09-24T12:54:00.477Z	R0000019b00021de8ff
375.5533	2026-09-24T12:54:00.477Z	E000000000000000000
375.5533	2026-09-24T12:54:00.477Z	M000000000000000000
375.5533	2026-09-24T12:54:00.477Z	Fffffffff0000000000
375.8890	2026-09-24T12:54:00.813Z	S0117170007024dd226
376.3951	2026-09-24T12:54:01.319Z	W0000019c00021de8fd
376.3951	2026-09-24T12:54:01.319Z	R0000019c00021de8ff
376.3951	2026-09-24T12:54:01.319Z	E000000000000000000
376.4187	2026-09-24T12:54:01.342Z	M000000000000000000
376.4187	2026-09-24T12:54:01.342Z	Fffffffff0000000000
376.6987	2026-09-24T12:54:01.622Z	S0117170007064dd22a
377.2647	2026-09-24T12:54:02.188Z	W0000019d00021de901
377.2647	2026-09-24T12:54:02.188Z	R0000019d00021de8ff
377.2647	2026-09-24T12:54:02.188Z	E000000000000000000
377.2647	2026-09-24T12:54:02.188Z	M000000000000000000
377.2647	2026-09-24T12:54:02.188Z	Fffffffff0000000000
377.5006	2026-09-24T12:54:02.424Z	S01171700070a4dd22e
378.1321	2026-09-24T12:54:03.056Z	W0000019e00021de8fd
378.1321	2026-09-24T12:54:03.056Z	R0000019e00021de8ff
378.1321	2026-09-24T12:54:03.056Z	E000000000000000000
378.1321	2026-09-24T12:54:03.056Z	M000000000000000000
378.1321	2026-09-24T12:54:03.056Z	Fffffffff0000000000
378.2992	2026-09-24T12:54:03.223Z	S01171700070e4dd232
378.9855	2026-09-24T12:54:03.909Z	W0000019f00021de901
378.9855	2026-09-24T12:54:03.909Z	R0000019f00021de8ff
378.9855	2026-09-24T12:54:03.909Z	E000000000000000000
378.9855	2026-09-24T12:54:03.909Z	M000000000000000000
378.9855	2026-09-24T12:54:03.909Z	Fffffffff0000000000
379.1074	2026-09-24T12:54:04.031Z	S0117170007124dd236
379.8508	2026-09-24T12:54:04.774Z	W000001a000021de8fd
379.8508	2026-09-24T12:54:04.774Z	R000001a000021de8ff
379.8508	2026-09-24T12:54:04.774Z	E000000000000000000
379.8508	2026-09-24T12:54:04.774Z	M000000000000000000
379.8508	2026-09-24T12:54:04.774Z	Fffffffff0000000000
379.9006	2026-09-24T12:54:04.824Z	S0117170007164dd23a
380.6877	2026-09-24T12:54:05.611Z	W000001a100021de901
380.6877	2026-09-24T12:54:05.611Z	R000001a100021de8ff
380.6877	2026-09-24T12:54:05.611Z	E000000000000000000
380.7082	2026-09-24T12:54:05.632Z	M000000000000000000
380.7082	2026-09-24T12:54:05.632Z	Fffffffff0000000000
380.7082	2026-09-24T12:54:05.632Z	S01171700071a4dd23e
381.5125	2026-09-24T12:54:06.436Z	S01171700071e4dd242
381.5589	2026-09-24T12:54:06.483Z	W000001a200021de8fd
381.5589	2026-09-24T12:54:06.483Z	R000001a200021de8ff
381.5589	2026-09-24T12:54:06.483Z	E000000000000000000
381.5589	2026-09-24T12:54:06.483Z	M000000000000000000
381.5589	2026-09-24T12:54:06.483Z	Fffffffff0000000000
382.3165	2026-09-24T12:54:07.240Z	S0117170007224dd246
382.4117	2026-09-24T12:54:07.335Z	W000001a300021de901
382.4117	2026-09-24T12:54:07.335Z	R000001a300021de8ff
382.4117	2026-09-24T12:54:07.335Z	E000000000000000000
382.4117	2026-09-24T12:54:07.335Z	M000000000000000000
382.4117	2026-09-24T12:54:07.335Z	Fffffffff0000000000
383.1292	2026-09-24T12:54:08.053Z	S0117170007264dd24a
383.2728	2026-09-24T12:54:08.196Z	W000001a400021de8fd
383.2728	2026-09-24T12:54:08.196Z	R000001a400021de8ff
383.2728	2026-09-24T12:54:08.196Z	E000000000000000000
383.2728	2026-09-24T12:54:08.196Z	M000000000000000000
383.2728	2026-09-24T12:54:08.196Z	Fffffffff0000000000
383.9281	2026-09-24T12:54:08.852Z	S01171700072a4dd24e
384.1439	2026-09-24T12:54:09.068Z	W000001a500021de901
384.1439	2026-09-24T12:54:09.068Z	R000001a500021de8ff
384.1439	2026-09-24T12:54:09.068Z	E000000000000000000
384.1439	2026-09-24T12:54:09.068Z	M000000000000000000
384.1439	2026-09-24T12:54:09.068Z	Fffffffff0000000000
384.7518	2026-09-24T12:54:09.675Z	S01171700072e4dd252
384.9986	2026-09-24T12:54:09.922Z	W000001a600021de8fd
384.9986	2026-09-24T12:54:09.922Z	R000001a600021de8ff
384.9986	2026-09-24T12:54:09.922Z	E000000000000000000
384.9986	2026-09-24T12:54:09.922Z	M000000000000000000
384.9986	2026-09-24T12:54:09.922Z	Fffffffff0000000000
385.5540	2026-09-24T12:54:10.478Z	S0117170007324dd256
385.8429	2026-09-24T12:54:10.767Z	W000001a700021de901
385.8429	2026-09-24T12:54:10.767Z	R000001a700021de8ff
385.8429	2026-09-24T12:54:10.767Z	E000000000000000000
385.8667	2026-09-24T12:54:10.790Z	M000000000000000000
385.8667	2026-09-24T12:54:10.790Z	Fffffffff0000000000
386.3607	2026-09-24T12:54:11.284Z	S0117170007364dd25a
386.7021	2026-09-24T12:54:11.626Z	W000001a800021de8fd
386.7021	2026-09-24T12:54:11.626Z	R000001a800021de8ff
386.7021	2026-09-24T12:54:11.626Z	E000000000000000000
386.7260	2026-09-24T12:54:11.650Z	M000000000000000000
386.7260	2026-09-24T12:54:11.650Z	Fffffffff0000000000
387.1660	2026-09-24T12:54:12.090Z	S01171700073a4dd25e
387.5613	2026-09-24T12:54:12.485Z	W000001a900021de901
387.5613	2026-09-24T12:54:12.485Z	R000001a900021de8ff
387.5613	2026-09-24T12:54:12.485Z	E000000000000000000
387.5851	2026-09-24T12:54:12.509Z	M000000000000000000
387.5851	2026-09-24T12:54:12.509Z	Fffffffff0000000000
387.9766	2026-09-24T12:54:12.900Z	S01171700073e4dd262
388.4355	2026-09-24T12:54:13.359Z	W000001aa00021de8fd
388.4355	2026-09-24T12:54:13.359Z	R000001aa00021de8ff
388.4355	2026-09-24T12:54:13.359Z	E000000000000000000
388.4355	2026-09-24T12:54:13.359Z	M000000000000000000
388.4355	2026-09-24T12:54:13.359Z	Fffffffff0000000000
388.7653	2026-09-24T12:54:13.689Z	S0117170007424dd266
389.2882	2026-09-24T12:54:14.212Z	W000001ab00021de901
389.2882	2026-09-24T12:54:14.212Z	R000001ab00021de8ff
389.2882	2026-09-24T12:54:14.212Z	E000000000000000000
389.2882	2026-09-24T12:54:14.212Z	M000000000000000000
389.2882	2026-09-24T12:54:14.212Z	Fffffffff0000000000
389.5817	2026-09-24T12:54:14.505Z	S0117170007464dd26a
390.1414	2026-09-24T12:54:15.065Z	W000001ac00021de8fd
390.1414	2026-09-24T12:54:15.065Z	R000001ac00021de8ff
390.1414	2026-09-24T12:54:15.065Z	E000000000000000000
390.1659	2026-09-24T12:54:15.090Z	M000000000000000000
390.1659	2026-09-24T12:54:15.090Z	Fffffffff0000000000
390.3730	2026-09-24T12:54:15.297Z	S01171700074a4dd26e
391.0056	2026-09-24T12:54:15.929Z	W000001ad00021de901
391.0056	2026-09-24T12:54:15.929Z	R000001ad00021de8ff
391.0056	2026-09-24T12:54:15.929Z	E000000000000000000
391.0056	2026-09-24T12:54:15.929Z	M000000000000000000
391.0056	2026-09-24T12:54:15.929Z	Fffffffff0000000000
391.1749	2026-09-24T12:54:16.099Z	S01171700074e4dd272
391.8802	2026-09-24T12:54:16.804Z	W000001ae00021de8fd
391.8802	2026-09-24T12:54:16.804Z	R000001ae00021de8ff
391.8802	2026-09-24T12:54:16.804Z	E000000000000000000
391.8802	2026-09-24T12:54:16.804Z	M000000000000000000
391.8802	2026-09-24T12:54:16.804Z	Fffffffff0000000000
391.9926	2026-09-24T12:54:16.916Z	S0117170007524dd276
392.7364	2026-09-24T12:54:17.660Z	W000001af00021de901
392.7364	2026-09-24T12:54:17.660Z	R000001af00021de8ff
392.7364	2026-09-24T12:54:17.660Z	E000000000000000000
392.7364	2026-09-24T12:54:17.660Z	M000000000000000000
392.7364	2026-09-24T12:54:17.660Z	Fffffffff0000000000
392.7870	2026-09-24T12:54:17.711Z	S0117170007564dd27a
393.5759	2026-09-24T12:54:18.500Z	W000001b000021de8fd
393.5759	2026-09-24T12:54:18.500Z	R000001b000021de8ff
393.5759	2026-09-24T12:54:18.500Z	E000000000000000000
393.5984	2026-09-24T12:54:18.522Z	M000000000000000000
393.5984	2026-09-24T12:54:18.522Z	Fffffffff0000000000
393.5984	2026-09-24T12:54:18.522Z	S01171700075a4dd27e
394.4220	2026-09-24T12:54:19.346Z	S01171700075e4dd282
394.4431	2026-09-24T12:54:19.367Z	W000001b100021de901
394.4431	2026-09-24T12:54:19.367Z	R000001b100021de8ff
394.4431	2026-09-24T12:54:19.367Z	E000000000000000000
394.4431	2026-09-24T12:54:19.367Z	M000000000000000000
394.4431	2026-09-24T12:54:19.367Z	Fffffffff0000000000
395.2226	2026-09-24T12:54:20.146Z	S0117170007624dd286
395.2943	2026-09-24T12:54:20.218Z	W000001b200021de8fd
395.2943	2026-09-24T12:54:20.218Z	R000001b200021de8ff
395.2943	2026-09-24T12:54:20.218Z	E000000000000000000
395.3218	2026-09-24T12:54:20.246Z	M000000000000000000
395.3218	2026-09-24T12:54:20.246Z	Fffffffff0000000000
396.0281	2026-09-24T12:54:20.952Z	S0117170007664dd28a
396.1535	2026-09-24T12:54:21.077Z	W000001b300021de901
396.1535	2026-09-24T12:54:21.077Z	R000001b300021de8ff
396.1535	2026-09-24T12:54:21.077Z	E000000000000000000
396.1810	2026-09-24T12:54:21.105Z	M000000000000000000
396.1810	2026-09-24T12:54:21.105Z	Fffffffff0000000000
396.8215	2026-09-24T12:54:21.745Z	S01171700076a4dd28e
397.0127	2026-09-24T12:54:21.936Z	W000001b400021de8fd
397.0127	2026-09-24T12:54:21.936Z	R000001b400021de8ff
397.0127	2026-09-24T12:54:21.936Z	E000000000000000000
397.0385	2026-09-24T12:54:21.962Z	M000000000000000000
397.0385	2026-09-24T12:54:21.962Z	Fffffffff0000000000
397.6191	2026-09-24T12:54:22.543Z	S01171700076e4dd292
397.8769	2026-09-24T12:54:22.801Z	W000001b500021de901
397.8769	2026-09-24T12:54:22.801Z	R000001b500021de8ff
397.8769	2026-09-24T12:54:22.801Z	E000000000000000000
397.8769	2026-09-24T12:54:22.801Z	M000000000000000000
397.8769	2026-09-24T12:54:22.801Z	Fffffffff0000000000
398.4233	2026-09-24T12:54:23.347Z	S0117170007724dd296
398.7414	2026-09-24T12:54:23.665Z	W000001b600021de8fd
398.7414	2026-09-24T12:54:23.665Z	R000001b600021de8ff
398.7414	2026-09-24T12:54:23.665Z	E000000000000000000
398.7414	2026-09-24T12:54:23.665Z	M000000000000000000
398.7414	2026-09-24T12:54:23.665Z	Fffffffff0000000000
399.2346	2026-09-24T12:54:24.158Z	S0117170007764dd29a
399.5981	2026-09-24T12:54:24.522Z	W000001b700021de901
399.5981	2026-09-24T12:54:24.522Z	R000001b700021de8ff
399.5981	2026-09-24T12:54:24.522Z	E000000000000000000
399.5981	2026-09-24T12:54:24.522Z	M000000000000000000
399.5981	2026-09-24T12:54:24.522Z	Fffffffff0000000000
400.0502	2026-09-24T12:54:24.974Z	S01171700077a4dd29e
400.4524	2026-09-24T12:54:25.376Z	W000001b800021de8fd
400.4524	2026-09-24T12:54:25.376Z	R000001b800021de8ff
400.4524	2026-09-24T12:54:25.376Z	E000000000000000000
400.4731	2026-09-24T12:54:25.397Z	M000000000000000000
400.4731	2026-09-24T12:54:25.397Z	Fffffffff0000000000
400.8387	2026-09-24T12:54:25.762Z	S01171700077e4dd2a2
401.3179	2026-09-24T12:54:26.242Z	W000001b900021de901
401.3179	2026-09-24T12:54:26.242Z	R000001b900021de8ff
401.3179	2026-09-24T12:54:26.242Z	E000000000000000000
401.3179	2026-09-24T12:54:26.242Z	M000000000000000000
401.3179	2026-09-24T12:54:26.242Z	Fffffffff0000000000
401.6610	2026-09-24T12:54:26.585Z	S0117170007824dd2a6
402.1681	2026-09-24T12:54:27.092Z	W000001ba00021de8fd
402.1681	2026-09-24T12:54:27.092Z	R000001ba00021de8ff
402.1681	2026-09-24T12:54:27.092Z	E000000000000000000
402.1957	2026-09-24T12:54:27.119Z	M000000000000000000
402.1957	2026-09-24T12:54:27.119Z	Fffffffff0000000000
402.4626	2026-09-24T12:54:27.386Z	S0117170007864dd2aa
403.0313	2026-09-24T12:54:27.955Z	W000001bb00021de901
403.0313	2026-09-24T12:54:27.955Z	R000001bb00021de8ff
403.0313	2026-09-24T12:54:27.955Z	E000000000000000000
403.0609	2026-09-24T12:54:27.985Z	M000000000000000000
403.0609	2026-09-24T12:54:27.985Z	Fffffffff0000000000
403.2546	2026-09-24T12:54:28.178Z	S01171700078a4dd2ae
403.9063	2026-09-24T12:54:28.830Z	W000001bc00021de8fd
403.9063	2026-09-24T12:54:28.830Z	R000001bc00021de8ff
403.9063	2026-09-24T12:54:28.830Z	E000000000000000000
403.9063	2026-09-24T12:54:28.830Z	M000000000000000000
403.9063	2026-09-24T12:54:28.830Z	Fffffffff0000000000
404.0752	2026-09-24T12:54:28.999Z	S01171700078e4dd2b2
404.7576	2026-09-24T12:54:29.681Z	W000001bd00021de901
404.7576	2026-09-24T12:54:29.681Z	R000001bd00021de8ff
404.7576	2026-09-24T12:54:29.681Z	E000000000000000000
404.7576	2026-09-24T12:54:29.681Z	M000000000000000000
404.7576	2026-09-24T12:54:29.681Z	Fffffffff0000000000
404.8689	2026-09-24T12:54:29.793Z	S0117170007924dd2b6
405.6082	2026-09-24T12:54:30.532Z	W000001be00021de8fd
405.6082	2026-09-24T12:54:30.532Z	R000001be00021de8ff
405.6082	2026-09-24T12:54:30.532Z	E000000000000000000
405.6375	2026-09-24T12:54:30.561Z	M000000000000000000
405.6375	2026-09-24T12:54:30.561Z	Fffffffff0000000000
405.6960	2026-09-24T12:54:30.620Z	S0117170007964dd2ba
406.4819	2026-09-24T12:54:31.406Z	W000001bf00021de901
406.4819	2026-09-24T12:54:31.406Z	R000001bf00021de8ff
406.4819	2026-09-24T12:54:31.406Z	E000000000000000000
406.4819	2026-09-24T12:54:31.406Z	M000000000000000000
406.4819	2026-09-24T12:54:31.406Z	Fffffffff0000000000
406.4819	2026-09-24T12:54:31.406Z	S01171700079a4dd2be
407.2998	2026-09-24T12:54:32.224Z	S01171700079e4dd2c2
407.3232	2026-09-24T12:54:32.247Z	W000001c000021de8fd
407.3232	2026-09-24T12:54:32.247Z	R000001c000021de8ff
407.3232	2026-09-24T12:54:32.247Z	E000000000000000000
407.3448	2026-09-24T12:54:32.269Z	M000000000000000000
407.3448	2026-09-24T12:54:32.269Z	Fffffffff0000000000
408.0865	2026-09-24T12:54:33.010Z	S0117170007a24dd2c6
408.1990	2026-09-24T12:54:33.123Z	W000001c100021de901
408.1990	2026-09-24T12:54:33.123Z	R000001c100021de8ff
408.1990	2026-09-24T12:54:33.123Z	E000000000000000000
408.1990	2026-09-24T12:54:33.123Z	M000000000000000000
408.1990	2026-09-24T12:54:33.123Z	Fffffffff0000000000
408.9018	2026-09-24T12:54:33.826Z	S0117170007a64dd2ca
409.0674	2026-09-24T12:54:33.991Z	W000001c200021de8fd
409.0674	2026-09-24T12:54:33.991Z	R000001c200021de8ff
409.0674	2026-09-24T12:54:33.991Z	E000000000000000000
409.0674	2026-09-24T12:54:33.991Z	M000000000000000000
409.0674	2026-09-24T12:54:33.991Z	Fffffffff0000000000
409.7199	2026-09-24T12:54:34.644Z	S0117170007aa4dd2ce
409.9142	2026-09-24T12:54:34.838Z	W000001c300021de901
409.9142	2026-09-24T12:54:34.838Z	R000001c300021de8ff
409.9142	2026-09-24T12:54:34.838Z	E000000000000000000
409.9142	2026-09-24T12:54:34.838Z	M000000000000000000
409.9142	2026-09-24T12:54:34.838Z	Fffffffff0000000000
410.5023	2026-09-24T12:54:35.426Z	S0117170007ae4dd2d2
410.7601	2026-09-24T12:54:35.684Z	W000001c400021de8fd
410.7601	2026-09-24T12:54:35.684Z	R000001c400021de8ff
410.7601	2026-09-24T12:54:35.684Z	E000000000000000000
410.7868	2026-09-24T12:54:35.711Z	M000000000000000000
410.7868	2026-09-24T12:54:35.711Z	Fffffffff0000000000
411.3077	2026-09-24T12:54:36.232Z	S0117170007b24dd2d6
411.6378	2026-09-24T12:54:36.562Z	W000001c500021de901
411.6378	2026-09-24T12:54:36.562Z	R000001c500021de8ff
411.6378	2026-09-24T12:54:36.562Z	E000000000000000000
411.6378	2026-09-24T12:54:36.562Z	M000000000000000000
411.6378	2026-09-24T12:54:36.562Z	Fffffffff0000000000
412.1211	2026-09-24T12:54:37.045Z	S0117170007b64dd2da
412.5055	2026-09-24T12:54:37.429Z	W000001c600021de8fd
412.5055	2026-09-24T12:54:37.429Z	R000001c600021de8ff
412.5055	2026-09-24T12:54:37.429Z	E000000000000000000
412.5055	2026-09-24T12:54:37.429Z	M000000000000000000
412.5055	2026-09-24T12:54:37.429Z	Fffffffff0000000000
412.9182	2026-09-24T12:54:37.842Z	S0117170007ba4dd2de
413.3377	2026-09-24T12:54:38.262Z	W000001c700021de901
413.3377	2026-09-24T12:54:38.262Z	R000001c700021de8ff
413.3377	2026-09-24T12:54:38.262Z	E000000000000000000
413.3615	2026-09-24T12:54:38.285Z	M000000000000000000
413.3615	2026-09-24T12:54:38.285Z	Fffffffff0000000000
413.7235	2026-09-24T12:54:38.647Z	S0117170007be4dd2e2
414.2086	2026-09-24T12:54:39.133Z	W000001c800021de8fd
414.2086	2026-09-24T12:54:39.133Z	R000001c800021de8ff
414.2086	2026-09-24T12:54:39.133Z	E000000000000000000
414.2086	2026-09-24T12:54:39.133Z	M000000000000000000
414.2086	2026-09-24T12:54:39.133Z	Fffffffff0000000000
414.5305	2026-09-24T12:54:39.454Z	S0117170007c24dd2e6
415.0606	2026-09-24T12:54:39.984Z	W000001c900021de901
415.0606	2026-09-24T12:54:39.985Z	R000001c900021de8ff
415.0606	2026-09-24T12:54:39.985Z	E000000000000000000
415.0899	2026-09-24T12:54:40.014Z	M000000000000000000
415.0899	2026-09-24T12:54:40.014Z	Fffffffff0000000000
415.3342	2026-09-24T12:54:40.258Z	S0117170007c64dd2ea
415.9394	2026-09-24T12:54:40.863Z	W000001ca00021de8fd
415.9394	2026-09-24T12:54:40.863Z	R000001ca00021de8ff
415.9394	2026-09-24T12:54:40.863Z	E000000000000000000
415.9394	2026-09-24T12:54:40.863Z	M000000000000000000
415.9394	2026-09-24T12:54:40.863Z	Fffffffff0000000000
416.1396	2026-09-24T12:54:41.064Z	S0117170007ca4dd2ee
416.7949	2026-09-24T12:54:41.719Z	W000001cb00021de901
416.7949	2026-09-24T12:54:41.719Z	R000001cb00021de8ff
416.7949	2026-09-24T12:54:41.719Z	E000000000000000000
416.7949	2026-09-24T12:54:41.719Z	M000000000000000000
416.7949	2026-09-24T12:54:41.719Z	Fffffffff0000000000
416.9616	2026-09-24T12:54:41.886Z	S0117170007ce4dd2f2
417.6337	2026-09-24T12:54:42.558Z	W000001cc00021de8fd
417.6337	2026-09-24T12:54:42.558Z	R000001cc00021de8ff
417.6337	2026-09-24T12:54:42.558Z	E000000000000000000
417.6553	2026-09-24T12:54:42.579Z	M000000000000000000
417.6553	2026-09-24T12:54:42.579Z	Fffffffff0000000000
417.7574	2026-09-24T12:54:42.681Z	S0117170007d24dd2f6
418.5125	2026-09-24T12:54:43.436Z	W000001cd00021de901
418.5125	2026-09-24T12:54:43.436Z	R000001cd00021de8ff
418.5125	2026-09-24T12:54:43.436Z	E000000000000000000
418.5125	2026-09-24T12:54:43.436Z	M000000000000000000
418.5125	2026-09-24T12:54:43.436Z	Fffffffff0000000000
418.5600	2026-09-24T12:54:43.484Z	S0117170007d64dd2fa
419.3743	2026-09-24T12:54:44.298Z	W000001ce00021de8fd
419.3743	2026-09-24T12:54:44.298Z	R000001ce00021de8ff
419.3743	2026-09-24T12:54:44.298Z	E000000000000000000
419.3743	2026-09-24T12:54:44.298Z	M000000000000000000
419.3743	2026-09-24T12:54:44.298Z	Fffffffff0000000000
419.3743	2026-09-24T12:54:44.298Z	S0117170007da4dd2fe
420.1661	2026-09-24T12:54:45.090Z	S0117170007de4dd302
420.2164	2026-09-24T12:54:45.140Z	W000001cf00021de901
420.2164	2026-09-24T12:54:45.140Z	R000001cf00021de8ff
420.2164	2026-09-24T12:54:45.140Z	E000000000000000000
420.2164	2026-09-24T12:54:45.140Z	M000000000000000000
420.2164	2026-09-24T12:54:45.140Z	Fffffffff0000000000
420.9777	2026-09-24T12:54:45.902Z	S0117170007e24dd306
421.0898	2026-09-24T12:54:46.014Z	W000001d000021de8fd
421.0898	2026-09-24T12:54:46.014Z	R000001d000021de8ff
421.0898	2026-09-24T12:54:46.014Z	E000000000000000000
421.0898	2026-09-24T12:54:46.014Z	M000000000000000000
421.0898	2026-09-24T12:54:46.014Z	Fffffffff0000000000
421.7948	2026-09-24T12:54:46.719Z	S0117170007e64dd30a
421.9298	2026-09-24T12:54:46.854Z	W000001d100021de901
421.9298	2026-09-24T12:54:46.854Z	R000001d100021de8ff
421.9298	2026-09-24T12:54:46.854Z	E000000000000000000
421.9574	2026-09-24T12:54:46.881Z	M000000000000000000
421.9574	2026-09-24T12:54:46.881Z	Fffffffff0000000000
422.5935	2026-09-24T12:54:47.518Z	S0117170007ea4dd30e
422.7891	2026-09-24T12:54:47.713Z	W000001d200021de8fd
422.7891	2026-09-24T12:54:47.713Z	R000001d200021de8ff
422.7891	2026-09-24T12:54:47.713Z	E000000000000000000
422.8165	2026-09-24T12:54:47.741Z	M000000000000000000
422.8165	2026-09-24T12:54:47.741Z	Fffffffff0000000000
423.3873	2026-09-24T12:54:48.311Z	S0117170007ee4dd312
423.6744	2026-09-24T12:54:48.598Z	W000001d300021de901
423.6744	2026-09-24T12:54:48.598Z	R000001d300021de8ff
423.6744	2026-09-24T12:54:48.598Z	E000000000000000000
423.6744	2026-09-24T12:54:48.598Z	M000000000000000000
423.6744	2026-09-24T12:54:48.598Z	Fffffffff0000000000
424.2197	2026-09-24T12:54:49.144Z	S0117170007f24dd316
424.5189	2026-09-24T12:54:49.443Z	W000001d400021de8fd
424.5189	2026-09-24T12:54:49.443Z	R000001d400021de8ff
424.5189	2026-09-24T12:54:49.443Z	E000000000000000000
424.5189	2026-09-24T12:54:49.443Z	M000000000000000000
424.5189	2026-09-24T12:54:49.443Z	Fffffffff0000000000
425.0161	2026-09-24T12:54:49.940Z	S0117170007f64dd31a
425.3839	2026-09-24T12:54:50.308Z	W000001d500021de901
425.3839	2026-09-24T12:54:50.308Z	R000001d500021de8ff
425.3839	2026-09-24T12:54:50.308Z	E000000000000000000
425.3839	2026-09-24T12:54:50.308Z	M000000000000000000
425.3839	2026-09-24T12:54:50.308Z	Fffffffff0000000000
425.8238	2026-09-24T12:54:50.748Z	S0117170007fa4dd31e
426.2259	2026-09-24T12:54:51.150Z	W000001d600021de8fd
426.2259	2026-09-24T12:54:51.150Z	R000001d600021de8ff
426.2259	2026-09-24T12:54:51.150Z	E000000000000000000
426.2534	2026-09-24T12:54:51.177Z	M000000000000000000
426.2534	2026-09-24T12:54:51.178Z	Fffffffff0000000000
426.6170	2026-09-24T12:54:51.541Z	S0117170007fe4dd322
427.0851	2026-09-24T12:54:52.009Z	W000001d700021de901
427.0851	2026-09-24T12:54:52.009Z	R000001d700021de8ff
427.0851	2026-09-24T12:54:52.009Z	E000000000000000000
427.1126	2026-09-24T12:54:52.037Z	M000000000000000000
427.1126	2026-09-24T12:54:52.037Z	Fffffffff0000000000
427.4139	2026-09-24T12:54:52.338Z	S0117170008024dd326
427.9451	2026-09-24T12:54:52.869Z	W000001d800021de8fd
427.9451	2026-09-24T12:54:52.869Z	R000001d800021de8ff
427.9451	2026-09-24T12:54:52.869Z	E000000000000000000
427.9676	2026-09-24T12:54:52.892Z	M000000000000000000
427.9676	2026-09-24T12:54:52.892Z	Fffffffff0000000000
428.2351	2026-09-24T12:54:53.159Z	S0117170008064dd32a
428.8222	2026-09-24T12:54:53.746Z	W000001d900021de901
428.8222	2026-09-24T12:54:53.746Z	R000001d900021de8ff
428.8222	2026-09-24T12:54:53.746Z	E000000000000000000
428.8222	2026-09-24T12:54:53.746Z	M000000000000000000
428.8222	2026-09-24T12:54:53.746Z	Fffffffff0000000000
429.0391	2026-09-24T12:54:53.963Z	S01171700080a4dd32e
429.6771	2026-09-24T12:54:54.601Z	W000001da00021de8fd
429.6771	2026-09-24T12:54:54.601Z	R000001da00021de8ff
429.6771	2026-09-24T12:54:54.601Z	E000000000000000000
429.6771	2026-09-24T12:54:54.601Z	M000000000000000000
429.6771	2026-09-24T12:54:54.601Z	Fffffffff0000000000
429.8299	2026-09-24T12:54:54.754Z	S01171700080e4dd332
430.5220	2026-09-24T12:54:55.446Z	W000001db00021de901
430.5220	2026-09-24T12:54:55.446Z	R000001db00021de8ff
430.5220	2026-09-24T12:54:55.446Z	E000000000000000000
430.5496	2026-09-24T12:54:55.474Z	M000000000000000000
430.5496	2026-09-24T12:54:55.474Z	Fffffffff0000000000
430.6352	2026-09-24T12:54:55.559Z	S0117170008124dd336
431.3811	2026-09-24T12:54:56.305Z	W000001dc00021de8fd
431.3811	2026-09-24T12:54:56.305Z	R000001dc00021de8ff
431.3811	2026-09-24T12:54:56.305Z	E000000000000000000
431.4032	2026-09-24T12:54:56.327Z	M000000000000000000
431.4032	2026-09-24T12:54:56.327Z	Fffffffff0000000000
431.4531	2026-09-24T12:54:56.377Z	S0117170008164dd33a
432.2568	2026-09-24T12:54:57.181Z	W000001dd00021de901
432.2568	2026-09-24T12:54:57.181Z	R000001dd00021de8ff
432.2568	2026-09-24T12:54:57.181Z	E000000000000000000
432.2568	2026-09-24T12:54:57.181Z	M000000000000000000
432.2568	2026-09-24T12:54:57.181Z	Fffffffff0000000000
432.2568	2026-09-24T12:54:57.181Z	S01171700081a4dd33e
433.0815	2026-09-24T12:54:58.006Z	S01171700081e4f7634
433.1024	2026-09-24T12:54:58.027Z	W000001de00021de8fd
433.1024	2026-09-24T12:54:58.027Z	R000001de00021de8ff
433.1024	2026-09-24T12:54:58.027Z	E000000000000000000
433.1234	2026-09-24T12:54:58.047Z	M000000000000000000
433.1234	2026-09-24T12:54:58.047Z	Fffffffff0000000000
433.8634	2026-09-24T12:54:58.788Z	S0117170008224f7638
433.9677	2026-09-24T12:54:58.892Z	W000001df00021de901
433.9677	2026-09-24T12:54:58.892Z	R000001df00021de8ff
433.9677	2026-09-24T12:54:58.892Z	E000000000000000000
433.9677	2026-09-24T12:54:58.892Z	M000000000000000000
433.9677	2026-09-24T12:54:58.892Z	Fffffffff0000000000
434.6688	2026-09-24T12:54:59.593Z	S0117170008264f763c
434.8207	2026-09-24T12:54:59.745Z	W000001e000021de8fd
434.8207	2026-09-24T12:54:59.745Z	R000001e000021de8ff
434.8207	2026-09-24T12:54:59.745Z	E000000000000000000
434.8448	2026-09-24T12:54:59.769Z	M000000000000000000
434.8448	2026-09-24T12:54:59.769Z	Fffffffff0000000000
435.4684	2026-09-24T12:55:00.393Z	S01171700082a4f7640
435.6995	2026-09-24T12:55:00.624Z	W000001e100021de901
435.6995	2026-09-24T12:55:00.624Z	R000001e100021de8ff
435.6995	2026-09-24T12:55:00.624Z	E000000000000000000
435.6995	2026-09-24T12:55:00.624Z	M000000000000000000
435.6995	2026-09-24T12:55:00.624Z	Fffffffff0000000000
436.2865	2026-09-24T12:55:01.211Z	S01171700082e4f7644
436.5518	2026-09-24T12:55:01.476Z	W000001e200021de8fd
436.5518	2026-09-24T12:55:01.476Z	R000001e200021de8ff
436.5518	2026-09-24T12:55:01.476Z	E000000000000000000
436.5518	2026-09-24T12:55:01.476Z	M000000000000000000
436.5518	2026-09-24T12:55:01.476Z	Fffffffff0000000000
437.0824	2026-09-24T12:55:02.007Z	S0117170008324f7648
437.4144	2026-09-24T12:55:02.339Z	W000001e300021de901
437.4144	2026-09-24T12:55:02.339Z	R000001e300021de8ff
437.4144	2026-09-24T12:55:02.339Z	E000000000000000000
437.4144	2026-09-24T12:55:02.339Z	M000000000000000000
437.4144	2026-09-24T12:55:02.339Z	Fffffffff0000000000
437.9127	2026-09-24T12:55:02.837Z	S0117170008364f764c
438.2781	2026-09-24T12:55:03.202Z	W000001e400021de8fd
438.2781	2026-09-24T12:55:03.202Z	R000001e400021de8ff
438.2781	2026-09-24T12:55:03.202Z	E000000000000000000
438.2781	2026-09-24T12:55:03.202Z	M000000000000000000
438.2781	2026-09-24T12:55:03.202Z	Fffffffff0000000000
438.7045	2026-09-24T12:55:03.629Z	S01171700083a4f7650
439.1372	2026-09-24T12:55:04.061Z	W000001e500021de901
439.1372	2026-09-24T12:55:04.061Z	R000001e500021de8ff
439.1372	2026-09-24T12:55:04.061Z	E000000000000000000
439.1372	2026-09-24T12:55:04.061Z	M000000000000000000
439.1372	2026-09-24T12:55:04.061Z	Fffffffff0000000000
439.4949	2026-09-24T12:55:04.419Z	S01171700083e4f7654
439.9999	2026-09-24T12:55:04.924Z	W000001e600021de8fd
439.9999	2026-09-24T12:55:04.924Z	R000001e600021de8ff
439.9999	2026-09-24T12:55:04.924Z	E000000000000000000
439.9999	2026-09-24T12:55:04.924Z	M000000000000000000
439.9999	2026-09-24T12:55:04.924Z	Fffffffff0000000000
440.3002	2026-09-24T12:55:05.224Z	S0117170008424f7658
440.8329	2026-09-24T12:55:05.757Z	W000001e700021de901
440.8329	2026-09-24T12:55:05.757Z	R000001e700021de8ff
440.8329	2026-09-24T12:55:05.757Z	E000000000000000000
440.8531	2026-09-24T12:55:05.777Z	M000000000000000000
440.8531	2026-09-24T12:55:05.777Z	Fffffffff0000000000
441.1167	2026-09-24T12:55:06.041Z	S0117170008464f765c
441.7185	2026-09-24T12:55:06.643Z	W000001e800021de8fd
441.7185	2026-09-24T12:55:06.643Z	R000001e800021de8ff
441.7185	2026-09-24T12:55:06.643Z	E000000000000000000
441.7185	2026-09-24T12:55:06.643Z	M000000000000000000
441.7185	2026-09-24T12:55:06.643Z	Fffffffff0000000000
441.9109	2026-09-24T12:55:06.835Z	S01171700084a4f7660
442.5664	2026-09-24T12:55:07.491Z	W000001e900021de901
442.5664	2026-09-24T12:55:07.491Z	R000001e900021de8ff
442.5664	2026-09-24T12:55:07.491Z	E000000000000000000
442.5664	2026-09-24T12:55:07.491Z	M000000000000000000
442.5664	2026-09-24T12:55:07.491Z	Fffffffff0000000000
442.7365	2026-09-24T12:55:07.661Z	S01171700084e4f7664
443.4259	2026-09-24T12:55:08.350Z	W000001ea00021de8fd
443.4259	2026-09-24T12:55:08.350Z	R000001ea00021de8ff
443.4259	2026-09-24T12:55:08.350Z	E000000000000000000
443.4259	2026-09-24T12:55:08.350Z	M000000000000000000
443.4259	2026-09-24T12:55:08.350Z	Fffffffff0000000000
443.5285	2026-09-24T12:55:08.453Z	S0117170008524f7668
444.2708	2026-09-24T12:55:09.195Z	W000001eb00021de901
444.2708	2026-09-24T12:55:09.195Z	R000001eb00021de8ff
444.2708	2026-09-24T12:55:09.195Z	E000000000000000000
444.2991	2026-09-24T12:55:09.223Z	M000000000000000000
444.2991	2026-09-24T12:55:09.223Z	Fffffffff0000000000
444.3439	2026-09-24T12:55:09.268Z	S0117170008564f766c
445.1286	2026-09-24T12:55:10.053Z	W000001ec00021de8fd
445.1286	2026-09-24T12:55:10.053Z	R000001ec00021de8ff
445.1286	2026-09-24T12:55:10.053Z	E000000000000000000
445.1489	2026-09-24T12:55:10.073Z	M000000000000000000
445.1489	2026-09-24T12:55:10.073Z	S01171700085a4f7670
445.1489	2026-09-24T12:55:10.073Z	Fffffffff0000000000
445.9389	2026-09-24T12:55:10.863Z	S01171700085e515482
445.9895	2026-09-24T12:55:10.914Z	W000001ed00021de8fc
445.9895	2026-09-24T12:55:10.914Z	R000001ed00021de900
445.9895	2026-09-24T12:55:10.914Z	E000000000000000000
446.0114	2026-09-24T12:55:10.936Z	M000000000000000000
446.0114	2026-09-24T12:55:10.936Z	Fffffffff0000000000
446.7501	2026-09-24T12:55:11.674Z	S011717000862515486
446.8487	2026-09-24T12:55:11.773Z	W000001ee00021de8fc
446.8487	2026-09-24T12:55:11.773Z	R000001ee00021de900
446.8487	2026-09-24T12:55:11.773Z	E000000000000000000
446.8698	2026-09-24T12:55:11.794Z	M000000000000000000
446.8698	2026-09-24T12:55:11.794Z	Fffffffff0000000000
447.5495	2026-09-24T12:55:12.474Z	S01171700086651548a
447.7124	2026-09-24T12:55:12.637Z	W000001ef00021de8fd
447.7124	2026-09-24T12:55:12.637Z	R000001ef00021de8ff
447.7124	2026-09-24T12:55:12.637Z	E000000000000000000
447.7365	2026-09-24T12:55:12.661Z	M000000000000000000
447.7365	2026-09-24T12:55:12.661Z	Fffffffff0000000000
448.3620	2026-09-24T12:55:13.286Z	S01171700086a51548e
448.5736	2026-09-24T12:55:13.498Z	W000001f000021de8fd
448.5736	2026-09-24T12:55:13.498Z	R000001f000021de8ff
448.5736	2026-09-24T12:55:13.498Z	E000000000000000000
448.5736	2026-09-24T12:55:13.498Z	M000000000000000000
448.5736	2026-09-24T12:55:13.498Z	Fffffffff0000000000
449.1601	2026-09-24T12:55:14.084Z	S01171700086e515492
449.4264	2026-09-24T12:55:14.351Z	W000001f100021de8fd
449.4264	2026-09-24T12:55:14.351Z	R000001f100021de900
449.4264	2026-09-24T12:55:14.351Z	E000000000000000000
449.4537	2026-09-24T12:55:14.378Z	M000000000000000000
449.4537	2026-09-24T12:55:14.378Z	Fffffffff0000000000
449.9654	2026-09-24T12:55:14.890Z	S011717000872515496
450.2995	2026-09-24T12:55:15.224Z	W000001f200021de8fe
450.2995	2026-09-24T12:55:15.224Z	R000001f200021de900
450.2995	2026-09-24T12:55:15.224Z	E000000000000000000
450.2995	2026-09-24T12:55:15.224Z	M000000000000000000
450.2995	2026-09-24T12:55:15.224Z	Fffffffff0000000000
450.7707	2026-09-24T12:55:15.695Z	S01171700087651549a
451.1448	2026-09-24T12:55:16.069Z	W000001f300021de8fd
451.1448	2026-09-24T12:55:16.069Z	R000001f300021de900
451.1448	2026-09-24T12:55:16.069Z	E000000000000000000
451.1684	2026-09-24T12:55:16.093Z	M000000000000000000
451.1684	2026-09-24T12:55:16.093Z	Fffffffff0000000000
451.6019	2026-09-24T12:55:16.526Z	S01171700087a51549e
452.0107	2026-09-24T12:55:16.935Z	W000001f400021de8fd
452.0107	2026-09-24T12:55:16.935Z	R000001f400021de900
452.0107	2026-09-24T12:55:16.935Z	E000000000000000000
452.0107	2026-09-24T12:55:16.935Z	M000000000000000000
452.0107	2026-09-24T12:55:16.935Z	Fffffffff0000000000
452.4015	2026-09-24T12:55:17.326Z	S01171700087e5154a2
452.8632	2026-09-24T12:55:17.788Z	W000001f500021de8fc
452.8632	2026-09-24T12:55:17.788Z	R000001f500021de900
452.8632	2026-09-24T12:55:17.788Z	E000000000000000000
452.8907	2026-09-24T12:55:17.815Z	M000000000000000000
452.8907	2026-09-24T12:55:17.815Z	Fffffffff0000000000
453.1897	2026-09-24T12:55:18.114Z	S0117170008825154a6
453.7456	2026-09-24T12:55:18.670Z	W000001f600021de8fc
453.7456	2026-09-24T12:55:18.670Z	R000001f600021de900
453.7456	2026-09-24T12:55:18.670Z	E000000000000000000
453.7456	2026-09-24T12:55:18.670Z	M000000000000000000
453.7456	2026-09-24T12:55:18.670Z	Fffffffff0000000000
453.9938	2026-09-24T12:55:18.918Z	S0117170008865154aa
454.5920	2026-09-24T12:55:19.516Z	W000001f700021de8fd
454.5920	2026-09-24T12:55:19.516Z	R000001f700021de8ff
454.5920	2026-09-24T12:55:19.516Z	E000000000000000000
454.5920	2026-09-24T12:55:19.516Z	M000000000000000000
454.5920	2026-09-24T12:55:19.516Z	Fffffffff0000000000
454.8199	2026-09-24T12:55:19.744Z	S01171700088a5154ae
455.4409	2026-09-24T12:55:20.365Z	W000001f800021de8fd
455.4409	2026-09-24T12:55:20.365Z	R000001f800021de8ff
455.4409	2026-09-24T12:55:20.365Z	E000000000000000000
455.4684	2026-09-24T12:55:20.393Z	M000000000000000000
455.4684	2026-09-24T12:55:20.393Z	Fffffffff0000000000
455.6114	2026-09-24T12:55:20.536Z	S01171700088e5154b2
456.3001	2026-09-24T12:55:21.224Z	W000001f900021de8fd
456.3001	2026-09-24T12:55:21.224Z	R000001f900021de900
456.3001	2026-09-24T12:55:21.224Z	E000000000000000000
456.3276	2026-09-24T12:55:21.252Z	M000000000000000000
456.3276	2026-09-24T12:55:21.252Z	Fffffffff0000000000
456.4340	2026-09-24T12:55:21.358Z	S0117170008925154b6
457.1593	2026-09-24T12:55:22.084Z	W000001fa00021de8fe
457.1593	2026-09-24T12:55:22.084Z	R000001fa00021de900
457.1593	2026-09-24T12:55:22.084Z	E000000000000000000
457.1830	2026-09-24T12:55:22.107Z	M000000000000000000
457.1830	2026-09-24T12:55:22.107Z	Fffffffff0000000000
457.2365	2026-09-24T12:55:22.161Z	S0117170008965154ba
458.0444	2026-09-24T12:55:22.969Z	W000001fb00021de8fd
458.0444	2026-09-24T12:55:22.969Z	R000001fb00021de900
458.0444	2026-09-24T12:55:22.969Z	S01171700089a5154be
458.0444	2026-09-24T12:55:22.969Z	E000000000000000000
458.0444	2026-09-24T12:55:22.969Z	M000000000000000000
458.0444	2026-09-24T12:55:22.969Z	Fffffffff0000000000
458.8446	2026-09-24T12:55:23.769Z	S01171700089e5332b9
458.8997	2026-09-24T12:55:23.824Z	W000001fc00021de8fd
458.8997	2026-09-24T12:55:23.824Z	R000001fc00021de900
458.8997	2026-09-24T12:55:23.824Z	E000000000000000000
458.8997	2026-09-24T12:55:23.824Z	M000000000000000000
458.8997	2026-09-24T12:55:23.824Z	Fffffffff0000000000
459.6507	2026-09-24T12:55:24.575Z	S0117170008a25332bd
459.7503	2026-09-24T12:55:24.675Z	W000001fd00021de8fd
459.7503	2026-09-24T12:55:24.675Z	R000001fd00021de901
459.7503	2026-09-24T12:55:24.675Z	E000000000000000000
459.7503	2026-09-24T12:55:24.675Z	M000000000000000000
459.7503	2026-09-24T12:55:24.675Z	Fffffffff0000000000
460.4627	2026-09-24T12:55:25.387Z	S0117170008a65332c1
460.6154	2026-09-24T12:55:25.540Z	W000001fe00021de8fd
460.6154	2026-09-24T12:55:25.540Z	R000001fe00021de900
460.6154	2026-09-24T12:55:25.540Z	E000000000000000000
460.6154	2026-09-24T12:55:25.540Z	M000000000000000000
460.6154	2026-09-24T12:55:25.540Z	Fffffffff0000000000
461.2413	2026-09-24T12:55:26.166Z	S0117170008aa5332c5
461.4571	2026-09-24T12:55:26.382Z	W000001ff00021de8fe
461.4571	2026-09-24T12:55:26.382Z	R000001ff00021de901
461.4571	2026-09-24T12:55:26.382Z	E000000000000000000
461.4842	2026-09-24T12:55:26.409Z	M000000000000000000
461.4842	2026-09-24T12:55:26.409Z	Fffffffff0000000000
462.0610	2026-09-24T12:55:26.985Z	S0117170008ae5332c9
462.3285	2026-09-24T12:55:27.253Z	W0000020000021de8fd
462.3285	2026-09-24T12:55:27.253Z	R0000020000021de900
462.3285	2026-09-24T12:55:27.253Z	E000000000000000000
462.3285	2026-09-24T12:55:27.253Z	M000000000000000000
462.3285	2026-09-24T12:55:27.253Z	Fffffffff0000000000
462.8533	2026-09-24T12:55:27.778Z	S0117170008b25332cd
463.1805	2026-09-24T12:55:28.105Z	W0000020100021de8fe
463.1805	2026-09-24T12:55:28.105Z	R0000020100021de901
463.1805	2026-09-24T12:55:28.105Z	E000000000000000000
463.1805	2026-09-24T12:55:28.105Z	M000000000000000000
463.1805	2026-09-24T12:55:28.105Z	Fffffffff0000000000
463.6633	2026-09-24T12:55:28.588Z	S0117170008b65332d1
464.0454	2026-09-24T12:55:28.970Z	W0000020200021de8fd
464.0454	2026-09-24T12:55:28.970Z	R0000020200021de900
464.0454	2026-09-24T12:55:28.970Z	E000000000000000000
464.0454	2026-09-24T12:55:28.970Z	M000000000000000000
464.0454	2026-09-24T12:55:28.970Z	Fffffffff0000000000
464.4856	2026-09-24T12:55:29.410Z	S0117170008ba5332d5
464.8939	2026-09-24T12:55:29.818Z	W0000020300021de8fe
464.8939	2026-09-24T12:55:29.818Z	R0000020300021de901
464.8939	2026-09-24T12:55:29.818Z	E000000000000000000
464.9215	2026-09-24T12:55:29.846Z	M000000000000000000
464.9215	2026-09-24T12:55:29.846Z	Fffffffff0000000000
465.2804	2026-09-24T12:55:30.205Z	S0117170008be5332d9
465.7556	2026-09-24T12:55:30.680Z	W0000020400021de8fd
465.7556	2026-09-24T12:55:30.680Z	R0000020400021de900
465.7556	2026-09-24T12:55:30.680Z	E000000000000000000
465.7789	2026-09-24T12:55:30.703Z	M000000000000000000
465.7789	2026-09-24T12:55:30.703Z	Fffffffff0000000000
466.0731	2026-09-24T12:55:30.998Z	S0117170008c25332dd
466.6124	2026-09-24T12:55:31.537Z	W0000020500021de8fe
466.6124	2026-09-24T12:55:31.537Z	R0000020500021de901
466.6124	2026-09-24T12:55:31.537Z	E000000000000000000
466.6399	2026-09-24T12:55:31.564Z	M000000000000000000
466.6399	2026-09-24T12:55:31.564Z	Fffffffff0000000000
466.8784	2026-09-24T12:55:31.803Z	S0117170008c65332e1
467.4716	2026-09-24T12:55:32.396Z	W0000020600021de8fd
467.4716	2026-09-24T12:55:32.396Z	R0000020600021de900
467.4716	2026-09-24T12:55:32.396Z	E000000000000000000
467.4992	2026-09-24T12:55:32.424Z	M000000000000000000
467.4992	2026-09-24T12:55:32.424Z	Fffffffff0000000000
467.6909	2026-09-24T12:55:32.615Z	S0117170008ca5332e5
468.3308	2026-09-24T12:55:33.255Z	W0000020700021de8fe
468.3308	2026-09-24T12:55:33.255Z	R0000020700021de901
468.3308	2026-09-24T12:55:33.255Z	E000000000000000000
468.3548	2026-09-24T12:55:33.279Z	M000000000000000000
468.3548	2026-09-24T12:55:33.279Z	Fffffffff0000000000
468.4890	2026-09-24T12:55:33.414Z	S0117170008ce5332e9
469.1900	2026-09-24T12:55:34.115Z	W0000020800021de8fd
469.1900	2026-09-24T12:55:34.115Z	R0000020800021de900
469.1900	2026-09-24T12:55:34.115Z	E000000000000000000
469.2176	2026-09-24T12:55:34.142Z	M000000000000000000
469.2176	2026-09-24T12:55:34.142Z	Fffffffff0000000000
469.2966	2026-09-24T12:55:34.221Z	S0117170008d25332ed
470.0565	2026-09-24T12:55:34.981Z	W0000020900021de8fe
470.0565	2026-09-24T12:55:34.981Z	R0000020900021de901
470.0565	2026-09-24T12:55:34.981Z	E000000000000000000
470.0565	2026-09-24T12:55:34.981Z	M000000000000000000
470.0565	2026-09-24T12:55:34.981Z	Fffffffff0000000000
470.1078	2026-09-24T12:55:35.032Z	S0117170008d65332f1
470.9117	2026-09-24T12:55:35.836Z	S0117170008da5332f5
470.9117	2026-09-24T12:55:35.836Z	W0000020a00021de8fd
470.9117	2026-09-24T12:55:35.836Z	R0000020a00021de900
470.9408	2026-09-24T12:55:35.865Z	E000000000000000000
470.9408	2026-09-24T12:55:35.865Z	M000000000000000000
470.9408	2026-09-24T12:55:35.865Z	Fffffffff0000000000
471.7104	2026-09-24T12:55:36.635Z	S0117170008de5332f9
471.7859	2026-09-24T12:55:36.710Z	W0000020b00021de923
471.7859	2026-09-24T12:55:36.710Z	R0000020b00021de8ff
471.7859	2026-09-24T12:55:36.710Z	E000000000000000000
471.7859	2026-09-24T12:55:36.710Z	M000000000000000000
471.7859	2026-09-24T12:55:36.710Z	Fffffffff0000000000
472.5330	2026-09-24T12:55:37.458Z	S0117170008e25332fd
472.6271	2026-09-24T12:55:37.552Z	W0000020c00021de912
472.6271	2026-09-24T12:55:37.552Z	R0000020c00021de8ff
472.6271	2026-09-24T12:55:37.552Z	E000000000000000000
472.6513	2026-09-24T12:55:37.576Z	M000000000000000000
472.6513	2026-09-24T12:55:37.576Z	Fffffffff0000000000
473.3319	2026-09-24T12:55:38.256Z	S0117170008e6533301
473.4894	2026-09-24T12:55:38.414Z	W0000020d00021de901
473.4894	2026-09-24T12:55:38.414Z	R0000020d00021de8ff
473.4894	2026-09-24T12:55:38.414Z	E000000000000000000
473.5184	2026-09-24T12:55:38.443Z	M000000000000000000
473.5184	2026-09-24T12:55:38.443Z	Fffffffff0000000000
474.1305	2026-09-24T12:55:39.055Z	S0117170008ea533305
474.3569	2026-09-24T12:55:39.281Z	W0000020e00021de8fd
474.3569	2026-09-24T12:55:39.281Z	R0000020e00021de8ff
474.3569	2026-09-24T12:55:39.281Z	E000000000000000000
474.3569	2026-09-24T12:55:39.281Z	M000000000000000000
474.3569	2026-09-24T12:55:39.281Z	Fffffffff0000000000
474.9511	2026-09-24T12:55:39.876Z	S0117170008ee533309
475.2202	2026-09-24T12:55:40.145Z	W0000020f00021de901
475.2202	2026-09-24T12:55:40.145Z	R0000020f00021de8ff
475.2202	2026-09-24T12:55:40.145Z	E000000000000000000
475.2202	2026-09-24T12:55:40.145Z	M000000000000000000
475.2202	2026-09-24T12:55:40.145Z	Fffffffff0000000000
475.7616	2026-09-24T12:55:40.686Z	S0117170008f253330d
476.0645	2026-09-24T12:55:40.989Z	W0000021000021de8fd
476.0645	2026-09-24T12:55:40.989Z	R0000021000021de8ff
476.0645	2026-09-24T12:55:40.989Z	E000000000000000000
476.0923	2026-09-24T12:55:41.017Z	M000000000000000000
476.0923	2026-09-24T12:55:41.017Z	Fffffffff0000000000
476.5516	2026-09-24T12:55:41.476Z	S0117170008f6533311
476.9310	2026-09-24T12:55:41.856Z	W0000021100021de901
476.9310	2026-09-24T12:55:41.856Z	R0000021100021de8ff
476.9310	2026-09-24T12:55:41.856Z	E000000000000000000
476.9310	2026-09-24T12:55:41.856Z	M000000000000000000
476.9310	2026-09-24T12:55:41.856Z	Fffffffff0000000000
477.3475	2026-09-24T12:55:42.272Z	S0117170008fa533315
477.7912	2026-09-24T12:55:42.716Z	W0000021200021de8fd
477.7912	2026-09-24T12:55:42.716Z	R0000021200021de8ff
477.7912	2026-09-24T12:55:42.716Z	E000000000000000000
477.7912	2026-09-24T12:55:42.716Z	M000000000000000000
477.7912	2026-09-24T12:55:42.716Z	Fffffffff0000000000
478.1799	2026-09-24T12:55:43.105Z	S0117170008fe533319
478.6502	2026-09-24T12:55:43.575Z	W0000021300021de901
478.6502	2026-09-24T12:55:43.575Z	R0000021300021de8ff
478.6502	2026-09-24T12:55:43.575Z	E000000000000000000
478.6502	2026-09-24T12:55:43.575Z	M000000000000000000
478.6502	2026-09-24T12:55:43.575Z	Fffffffff0000000000
478.9629	2026-09-24T12:55:43.888Z	S01171700090253331d
479.5038	2026-09-24T12:55:44.428Z	W0000021400021de8fd
479.5038	2026-09-24T12:55:44.428Z	R0000021400021de8ff
479.5038	2026-09-24T12:55:44.428Z	E000000000000000000
479.5328	2026-09-24T12:55:44.457Z	M000000000000000000
479.5328	2026-09-24T12:55:44.457Z	Fffffffff0000000000
479.7897	2026-09-24T12:55:44.714Z	S011717000906533321
480.3608	2026-09-24T12:55:45.285Z	W0000021500021de901
480.3608	2026-09-24T12:55:45.285Z	R0000021500021de8ff
480.3608	2026-09-24T12:55:45.285Z	E000000000000000000
480.3887	2026-09-24T12:55:45.313Z	M000000000000000000
480.3887	2026-09-24T12:55:45.313Z	Fffffffff0000000000
480.5691	2026-09-24T12:55:45.494Z	S01171700090a533325
481.2343	2026-09-24T12:55:46.159Z	W0000021600021de8fd
481.2343	2026-09-24T12:55:46.159Z	R0000021600021de8ff
481.2343	2026-09-24T12:55:46.159Z	E000000000000000000
481.2343	2026-09-24T12:55:46.159Z	M000000000000000000
481.2343	2026-09-24T12:55:46.159Z	Fffffffff0000000000
481.3900	2026-09-24T12:55:46.315Z	S01171700090e533329
482.0811	2026-09-24T12:55:47.006Z	W0000021700021de901
482.0811	2026-09-24T12:55:47.006Z	R0000021700021de8ff
482.0811	2026-09-24T12:55:47.006Z	E000000000000000000
482.1049	2026-09-24T12:55:47.030Z	M000000000000000000
482.1049	2026-09-24T12:55:47.030Z	Fffffffff0000000000
482.1808	2026-09-24T12:55:47.105Z	S01171700091253332d
482.9396	2026-09-24T12:55:47.864Z	W0000021800021de8fd
482.9396	2026-09-24T12:55:47.864Z	R0000021800021de8ff
482.9396	2026-09-24T12:55:47.864Z	E000000000000000000
482.9681	2026-09-24T12:55:47.893Z	M000000000000000000
482.9681	2026-09-24T12:55:47.893Z	Fffffffff0000000000
482.9899	2026-09-24T12:55:47.915Z	S011717000916533331
483.7900	2026-09-24T12:55:48.715Z	S01171700091a533335
483.8127	2026-09-24T12:55:48.737Z	W0000021900021de901
483.8127	2026-09-24T12:55:48.737Z	R0000021900021de8ff
483.8127	2026-09-24T12:55:48.737Z	E000000000000000000
483.8127	2026-09-24T12:55:48.737Z	M000000000000000000
483.8127	2026-09-24T12:55:48.737Z	Fffffffff0000000000
484.5953	2026-09-24T12:55:49.520Z	S01171700091e533339
484.6771	2026-09-24T12:55:49.602Z	W0000021a00021de8fd
484.6771	2026-09-24T12:55:49.602Z	R0000021a00021de8ff
484.6771	2026-09-24T12:55:49.602Z	E000000000000000000
484.6771	2026-09-24T12:55:49.602Z	M000000000000000000
484.6771	2026-09-24T12:55:49.602Z	Fffffffff0000000000
485.4199	2026-09-24T12:55:50.345Z	S01171700092253333d
485.5348	2026-09-24T12:55:50.460Z	W0000021b00021de901
485.5348	2026-09-24T12:55:50.460Z	R0000021b00021de8ff
485.5348	2026-09-24T12:55:50.460Z	E000000000000000000
485.5348	2026-09-24T12:55:50.460Z	M000000000000000000
485.5348	2026-09-24T12:55:50.460Z	Fffffffff0000000000
486.2207	2026-09-24T12:55:51.145Z	S011717000926533341
486.3864	2026-09-24T12:55:51.311Z	W0000021c00021de8fd
486.3864	2026-09-24T12:55:51.311Z	R0000021c00021de8ff
486.3864	2026-09-24T12:55:51.311Z	E000000000000000000
486.3864	2026-09-24T12:55:51.311Z	M000000000000000000
486.3864	2026-09-24T12:55:51.311Z	Fffffffff0000000000
487.0348	2026-09-24T12:55:51.960Z	S01171700092a533345
487.2467	2026-09-24T12:55:52.171Z	W0000021d00021de901
487.2467	2026-09-24T12:55:52.171Z	R0000021d00021de8ff
487.2467	2026-09-24T12:55:52.171Z	E000000000000000000
487.2467	2026-09-24T12:55:52.171Z	M000000000000000000
487.2467	2026-09-24T12:55:52.171Z	Fffffffff0000000000
487.8280	2026-09-24T12:55:52.753Z	S01171700092e533349
488.0929	2026-09-24T12:55:53.018Z	W0000021e00021de8fd
488.0929	2026-09-24T12:55:53.018Z	R0000021e00021de8ff
488.0929	2026-09-24T12:55:53.018Z	E000000000000000000
488.1205	2026-09-24T12:55:53.045Z	M000000000000000000
488.1205	2026-09-24T12:55:53.045Z	Fffffffff0000000000
488.6516	2026-09-24T12:55:53.576Z	S01171700093253334d
488.9521	2026-09-24T12:55:53.877Z	W0000021f00021de901
488.9521	2026-09-24T12:55:53.877Z	R0000021f00021de8ff
488.9521	2026-09-24T12:55:53.877Z	E000000000000000000
488.9775	2026-09-24T12:55:53.902Z	M000000000000000000
488.9775	2026-09-24T12:55:53.902Z	Fffffffff0000000000
489.4366	2026-09-24T12:55:54.361Z	S011717000936533351
489.8325	2026-09-24T12:55:54.757Z	W0000022000021de8fd
489.8325	2026-09-24T12:55:54.757Z	R0000022000021de8ff
489.8325	2026-09-24T12:55:54.757Z	E000000000000000000
489.8325	2026-09-24T12:55:54.757Z	M000000000000000000
489.8325	2026-09-24T12:55:54.757Z	Fffffffff0000000000
490.2575	2026-09-24T12:55:55.182Z	S01171700093a533355
490.6949	2026-09-24T12:55:55.620Z	W0000022100021de901
490.6949	2026-09-24T12:55:55.620Z	R0000022100021de8ff
490.6949	2026-09-24T12:55:55.620Z	E000000000000000000
490.6949	2026-09-24T12:55:55.620Z	M000000000000000000
490.6949	2026-09-24T12:55:55.620Z	Fffffffff0000000000
491.0608	2026-09-24T12:55:55.985Z	S01171700093e533359
491.5536	2026-09-24T12:55:56.478Z	W0000022200021de8fd
491.5536	2026-09-24T12:55:56.478Z	R0000022200021de8ff
491.5536	2026-09-24T12:55:56.478Z	E000000000000000000
491.5536	2026-09-24T12:55:56.478Z	M000000000000000000
491.5536	2026-09-24T12:55:56.478Z	Fffffffff0000000000
491.8603	2026-09-24T12:55:56.785Z	S01171700094253335d
492.3897	2026-09-24T12:55:57.314Z	W0000022300021de901
492.3897	2026-09-24T12:55:57.314Z	R0000022300021de8ff
492.3897	2026-09-24T12:55:57.314Z	E000000000000000000
492.4158	2026-09-24T12:55:57.341Z	M000000000000000000
492.4158	2026-09-24T12:55:57.341Z	Fffffffff0000000000
492.6542	2026-09-24T12:55:57.579Z	S011717000946533361
493.2574	2026-09-24T12:55:58.182Z	W0000022400021de8fd
493.2574	2026-09-24T12:55:58.182Z	R0000022400021de8ff
493.2574	2026-09-24T12:55:58.182Z	E000000000000000000
493.2574	2026-09-24T12:55:58.182Z	M000000000000000000
493.2574	2026-09-24T12:55:58.182Z	Fffffffff0000000000
493.4539	2026-09-24T12:55:58.379Z	S01171700094a533365
494.1257	2026-09-24T12:55:59.051Z	W0000022500021de901
494.1257	2026-09-24T12:55:59.051Z	R0000022500021de8ff
494.1257	2026-09-24T12:55:59.051Z	E000000000000000000
494.1257	2026-09-24T12:55:59.051Z	M000000000000000000
494.1257	2026-09-24T12:55:59.051Z	Fffffffff0000000000
494.2592	2026-09-24T12:55:59.184Z	S01171700094e533369
494.9855	2026-09-24T12:55:59.910Z	W0000022600021de8fd
494.9855	2026-09-24T12:55:59.910Z	R0000022600021de8ff
494.9855	2026-09-24T12:55:59.910Z	E000000000000000000
494.9855	2026-09-24T12:55:59.910Z	M000000000000000000
494.9855	2026-09-24T12:55:59.910Z	Fffffffff0000000000
495.0644	2026-09-24T12:55:59.989Z	S01171700095253336d
495.8260	2026-09-24T12:56:00.751Z	W0000022700021de901
495.8260	2026-09-24T12:56:00.751Z	R0000022700021de8ff
495.8260	2026-09-24T12:56:00.751Z	E000000000000000000
495.8530	2026-09-24T12:56:00.778Z	M000000000000000000
495.8530	2026-09-24T12:56:00.778Z	Fffffffff0000000000
495.8747	2026-09-24T12:56:00.800Z	S011717000956533371
496.6863	2026-09-24T12:56:01.611Z	S01171700095a533375
496.6863	2026-09-24T12:56:01.611Z	W0000022800021de8fd
496.6863	2026-09-24T12:56:01.611Z	R0000022800021de8ff
496.6863	2026-09-24T12:56:01.611Z	E000000000000000000
496.7070	2026-09-24T12:56:01.632Z	M000000000000000000
496.7070	2026-09-24T12:56:01.632Z	Fffffffff0000000000
497.4887	2026-09-24T12:56:02.413Z	S01171700095e533379
497.5443	2026-09-24T12:56:02.469Z	W0000022900021de901
497.5443	2026-09-24T12:56:02.469Z	R0000022900021de8ff
497.5443	2026-09-24T12:56:02.469Z	E000000000000000000
497.5719	2026-09-24T12:56:02.497Z	M000000000000000000
497.5719	2026-09-24T12:56:02.497Z	Fffffffff0000000000
498.3100	2026-09-24T12:56:03.235Z	S01171700096253337d
498.4202	2026-09-24T12:56:03.345Z	W0000022a00021de8fd
498.4202	2026-09-24T12:56:03.345Z	R0000022a00021de8ff
498.4202	2026-09-24T12:56:03.345Z	E000000000000000000
498.4202	2026-09-24T12:56:03.345Z	M000000000000000000
498.4202	2026-09-24T12:56:03.345Z	Fffffffff0000000000
499.0959	2026-09-24T12:56:04.021Z	S011717000966533381
499.2773	2026-09-24T12:56:04.202Z	W0000022b00021de901
499.2773	2026-09-24T12:56:04.202Z	R0000022b00021de8ff
499.2773	2026-09-24T12:56:04.202Z	E000000000000000000
499.2773	2026-09-24T12:56:04.202Z	M000000000000000000
499.2773	2026-09-24T12:56:04.202Z	Fffffffff0000000000
499.8963	2026-09-24T12:56:04.821Z	S01171700096a533385
500.1221	2026-09-24T12:56:05.047Z	W0000022c00021de8fd
500.1221	2026-09-24T12:56:05.047Z	R0000022c00021de8ff
500.1221	2026-09-24T12:56:05.047Z	E000000000000000000
500.1462	2026-09-24T12:56:05.071Z	M000000000000000000
500.1462	2026-09-24T12:56:05.071Z	Fffffffff0000000000
500.7230	2026-09-24T12:56:05.648Z	S01171700096e533389
500.9974	2026-09-24T12:56:05.922Z	W0000022d00021de901
500.9974	2026-09-24T12:56:05.922Z	R0000022d00021de8ff
500.9974	2026-09-24T12:56:05.922Z	E000000000000000000
500.9974	2026-09-24T12:56:05.922Z	M000000000000000000
500.9974	2026-09-24T12:56:05.922Z	Fffffffff0000000000
501.5275	2026-09-24T12:56:06.452Z	S01171700097253338d
501.8404	2026-09-24T12:56:06.765Z	W0000022e00021de8fd
501.8404	2026-09-24T12:56:06.765Z	R0000022e00021de8ff
501.8404	2026-09-24T12:56:06.765Z	E000000000000000000
501.8639	2026-09-24T12:56:06.789Z	M000000000000000000
501.8639	2026-09-24T12:56:06.789Z	Fffffffff0000000000
502.3314	2026-09-24T12:56:07.256Z	S011717000976533391
502.7053	2026-09-24T12:56:07.630Z	W0000022f00021de901
502.7053	2026-09-24T12:56:07.630Z	R0000022f00021de8ff
502.7053	2026-09-24T12:56:07.630Z	E000000000000000000
502.7053	2026-09-24T12:56:07.630Z	M000000000000000000
502.7053	2026-09-24T12:56:07.630Z	Fffffffff0000000000
503.1376	2026-09-24T12:56:08.063Z	S01171700097a533395
503.5688	2026-09-24T12:56:08.494Z	W0000023000021de8fd
503.5688	2026-09-24T12:56:08.494Z	R0000023000021de8ff
503.5688	2026-09-24T12:56:08.494Z	E000000000000000000
503.5688	2026-09-24T12:56:08.494Z	M000000000000000000
503.5688	2026-09-24T12:56:08.494Z	Fffffffff0000000000
503.9229	2026-09-24T12:56:08.848Z	S01171700097e533399
504.4343	2026-09-24T12:56:09.359Z	W0000023100021de901
504.4343	2026-09-24T12:56:09.359Z	R0000023100021de8ff
504.4343	2026-09-24T12:56:09.359Z	E000000000000000000
504.4343	2026-09-24T12:56:09.359Z	M000000000000000000
504.4343	2026-09-24T12:56:09.359Z	Fffffffff0000000000
504.7504	2026-09-24T12:56:09.675Z	S01171700098253339d
505.2773	2026-09-24T12:56:10.202Z	W0000023200021de8fd
505.2773	2026-09-24T12:56:10.202Z	R0000023200021de8ff
505.2773	2026-09-24T12:56:10.202Z	E000000000000000000
505.3051	2026-09-24T12:56:10.230Z	M000000000000000000
505.3051	2026-09-24T12:56:10.230Z	Fffffffff0000000000
505.5336	2026-09-24T12:56:10.458Z	S0117170009865333a1
506.1365	2026-09-24T12:56:11.061Z	W0000023300021de901
506.1365	2026-09-24T12:56:11.062Z	R0000023300021de8ff
506.1365	2026-09-24T12:56:11.062Z	E000000000000000000
506.1575	2026-09-24T12:56:11.082Z	M000000000000000000
506.1575	2026-09-24T12:56:11.082Z	Fffffffff0000000000
506.3522	2026-09-24T12:56:11.277Z	S01171700098a5333a5
507.0105	2026-09-24T12:56:11.935Z	W0000023400021de8fd
507.0105	2026-09-24T12:56:11.936Z	R0000023400021de8ff
507.0105	2026-09-24T12:56:11.936Z	E000000000000000000
507.0105	2026-09-24T12:56:11.936Z	M000000000000000000
507.0105	2026-09-24T12:56:11.936Z	Fffffffff0000000000
507.1442	2026-09-24T12:56:12.069Z	S01171700098e5333a9
507.8771	2026-09-24T12:56:12.802Z	W0000023500021de901
507.8771	2026-09-24T12:56:12.802Z	R0000023500021de8ff
507.8771	2026-09-24T12:56:12.802Z	E000000000000000000
507.8771	2026-09-24T12:56:12.802Z	M000000000000000000
507.8771	2026-09-24T12:56:12.802Z	Fffffffff0000000000
507.9498	2026-09-24T12:56:12.875Z	S0117170009925333ad
508.7142	2026-09-24T12:56:13.639Z	W0000023600021de8fd
508.7142	2026-09-24T12:56:13.639Z	R0000023600021de8ff
508.7142	2026-09-24T12:56:13.639Z	E000000000000000000
508.7408	2026-09-24T12:56:13.666Z	M000000000000000000
508.7408	2026-09-24T12:56:13.666Z	Fffffffff0000000000
508.7640	2026-09-24T12:56:13.689Z	S0117170009965333b1
509.5710	2026-09-24T12:56:14.496Z	S01171700099a5333b5
509.5975	2026-09-24T12:56:14.522Z	W0000023700021de901
509.5975	2026-09-24T12:56:14.522Z	R0000023700021de8ff
509.5975	2026-09-24T12:56:14.522Z	E000000000000000000
509.5975	2026-09-24T12:56:14.522Z	M000000000000000000
509.5975	2026-09-24T12:56:14.522Z	Fffffffff0000000000
510.3654	2026-09-24T12:56:15.290Z	S01171700099e5333b9
510.4396	2026-09-24T12:56:15.365Z	W0000023800021de8fd
510.4396	2026-09-24T12:56:15.365Z	R0000023800021de8ff
510.4396	2026-09-24T12:56:15.365Z	E000000000000000000
510.4396	2026-09-24T12:56:15.365Z	M000000000000000000
510.4396	2026-09-24T12:56:15.365Z	Fffffffff0000000000
511.1708	2026-09-24T12:56:16.096Z	S0117170009a25333bd
511.2917	2026-09-24T12:56:16.217Z	W0000023900021de901
511.2917	2026-09-24T12:56:16.217Z	R0000023900021de8ff
511.2917	2026-09-24T12:56:16.217Z	E000000000000000000
511.3189	2026-09-24T12:56:16.244Z	M000000000000000000
511.3189	2026-09-24T12:56:16.244Z	Fffffffff0000000000
511.9835	2026-09-24T12:56:16.908Z	S0117170009a65333c1
512.1682	2026-09-24T12:56:17.093Z	W0000023a00021de8fd
512.1682	2026-09-24T12:56:17.093Z	R0000023a00021de8ff
512.1682	2026-09-24T12:56:17.093Z	E000000000000000000
512.1682	2026-09-24T12:56:17.093Z	M000000000000000000
512.1682	2026-09-24T12:56:17.093Z	Fffffffff0000000000
512.7882	2026-09-24T12:56:17.713Z	S0117170009aa5333c5
513.0319	2026-09-24T12:56:17.957Z	W0000023b00021de901
513.0319	2026-09-24T12:56:17.957Z	R0000023b00021de8ff
513.0319	2026-09-24T12:56:17.957Z	E000000000000000000
513.0319	2026-09-24T12:56:17.957Z	M000000000000000000
513.0319	2026-09-24T12:56:17.957Z	Fffffffff0000000000
513.5867	2026-09-24T12:56:18.512Z	S0117170009ae5333c9
513.8699	2026-09-24T12:56:18.795Z	W0000023c00021de8fd
513.8699	2026-09-24T12:56:18.795Z	R0000023c00021de8ff
513.8699	2026-09-24T12:56:18.795Z	E000000000000000000
513.8962	2026-09-24T12:56:18.821Z	M000000000000000000
513.8962	2026-09-24T12:56:18.821Z	Fffffffff0000000000
514.4048	2026-09-24T12:56:19.330Z	S0117170009b25333cd
514.7287	2026-09-24T12:56:19.654Z	W0000023d00021de901
514.7287	2026-09-24T12:56:19.654Z	R0000023d00021de8ff
514.7287	2026-09-24T12:56:19.654Z	E000000000000000000
514.7492	2026-09-24T12:56:19.674Z	M000000000000000000
514.7492	2026-09-24T12:56:19.674Z	Fffffffff0000000000
515.1973	2026-09-24T12:56:20.122Z	S0117170009b65333d1
515.5976	2026-09-24T12:56:20.523Z	W0000023e00021de8fd
515.5976	2026-09-24T12:56:20.523Z	R0000023e00021de8ff
515.5976	2026-09-24T12:56:20.523Z	E000000000000000000
515.5976	2026-09-24T12:56:20.523Z	M000000000000000000
515.5976	2026-09-24T12:56:20.523Z	Fffffffff0000000000
516.0242	2026-09-24T12:56:20.949Z	S0117170009ba5333d5
516.4505	2026-09-24T12:56:21.375Z	W0000023f00021de901
516.4505	2026-09-24T12:56:21.375Z	R0000023f00021de8ff
516.4505	2026-09-24T12:56:21.375Z	E000000000000000000
516.4759	2026-09-24T12:56:21.401Z	M000000000000000000
516.4759	2026-09-24T12:56:21.401Z	Fffffffff0000000000
516.8327	2026-09-24T12:56:21.758Z	S0117170009be5333d9
517.3241	2026-09-24T12:56:22.249Z	W0000024000021de8fd
517.3241	2026-09-24T12:56:22.249Z	R0000024000021de8ff
517.3241	2026-09-24T12:56:22.249Z	E000000000000000000
517.3241	2026-09-24T12:56:22.249Z	M000000000000000000
517.3241	2026-09-24T12:56:22.249Z	Fffffffff0000000000
517.6401	2026-09-24T12:56:22.565Z	S0117170009c25333dd
518.1710	2026-09-24T12:56:23.096Z	W0000024100021de901
518.1710	2026-09-24T12:56:23.096Z	R0000024100021de8ff
518.1710	2026-09-24T12:56:23.096Z	E000000000000000000
518.1710	2026-09-24T12:56:23.096Z	M000000000000000000
518.1710	2026-09-24T12:56:23.096Z	Fffffffff0000000000
518.4470	2026-09-24T12:56:23.372Z	S0117170009c65333e1
519.0463	2026-09-24T12:56:23.971Z	W0000024200021de8fd
519.0463	2026-09-24T12:56:23.971Z	R0000024200021de8ff
519.0463	2026-09-24T12:56:23.971Z	E000000000000000000
519.0463	2026-09-24T12:56:23.971Z	M000000000000000000
519.0463	2026-09-24T12:56:23.971Z	Fffffffff0000000000
519.2237	2026-09-24T12:56:24.149Z	S0117170009ca5333e5
519.8839	2026-09-24T12:56:24.809Z	W0000024300021de901
519.8839	2026-09-24T12:56:24.809Z	R0000024300021de8ff
519.8839	2026-09-24T12:56:24.809Z	E000000000000000000
519.9118	2026-09-24T12:56:24.837Z	M000000000000000000
519.9118	2026-09-24T12:56:24.837Z	Fffffffff0000000000
520.0492	2026-09-24T12:56:24.974Z	S0117170009ce5333e9
520.7558	2026-09-24T12:56:25.681Z	W0000024400021de8fd
520.7558	2026-09-24T12:56:25.681Z	R0000024400021de8ff
520.7558	2026-09-24T12:56:25.681Z	E000000000000000000
520.7558	2026-09-24T12:56:25.681Z	M000000000000000000
520.7558	2026-09-24T12:56:25.681Z	Fffffffff0000000000
520.8363	2026-09-24T12:56:25.761Z	S0117170009d25333ed
521.6132	2026-09-24T12:56:26.538Z	W0000024500021de901
521.6132	2026-09-24T12:56:26.538Z	R0000024500021de8ff
521.6132	2026-09-24T12:56:26.538Z	E000000000000000000
521.6132	2026-09-24T12:56:26.538Z	M000000000000000000
521.6132	2026-09-24T12:56:26.538Z	Fffffffff0000000000
521.6399	2026-09-24T12:56:26.565Z	S0117170009d65333f1
522.4451	2026-09-24T12:56:27.370Z	S0117170009da5333f5
522.4665	2026-09-24T12:56:27.392Z	W0000024600021de8fd
522.4665	2026-09-24T12:56:27.392Z	R0000024600021de8ff
522.4665	2026-09-24T12:56:27.392Z	E000000000000000000
522.4665	2026-09-24T12:56:27.392Z	M000000000000000000
522.4665	2026-09-24T12:56:27.392Z	Fffffffff0000000000
523.2661	2026-09-24T12:56:28.191Z	S0117170009de5333f9
523.3442	2026-09-24T12:56:28.269Z	W0000024700021de901
523.3442	2026-09-24T12:56:28.269Z	R0000024700021de8ff
523.3442	2026-09-24T12:56:28.269Z	E000000000000000000
523.3442	2026-09-24T12:56:28.269Z	M000000000000000000
523.3442	2026-09-24T12:56:28.269Z	Fffffffff0000000000
524.0558	2026-09-24T12:56:28.981Z	S0117170009e25333fd
524.1891	2026-09-24T12:56:29.114Z	W0000024800021de8fd
524.1891	2026-09-24T12:56:29.114Z	R0000024800021de8ff
524.1891	2026-09-24T12:56:29.114Z	E000000000000000000
524.1891	2026-09-24T12:56:29.114Z	M000000000000000000
524.1891	2026-09-24T12:56:29.114Z	Fffffffff0000000000
524.8612	2026-09-24T12:56:29.786Z	S0117170009e6533401
525.0441	2026-09-24T12:56:29.969Z	W0000024900021de901
525.0441	2026-09-24T12:56:29.969Z	R0000024900021de8ff
525.0441	2026-09-24T12:56:29.969Z	E000000000000000000
525.0441	2026-09-24T12:56:29.969Z	M000000000000000000
525.0441	2026-09-24T12:56:29.969Z	Fffffffff0000000000
525.6664	2026-09-24T12:56:30.592Z	S0117170009ea533405
525.9147	2026-09-24T12:56:30.840Z	W0000024a00021de8fd
525.9147	2026-09-24T12:56:30.840Z	R0000024a00021de8ff
525.9147	2026-09-24T12:56:30.840Z	E000000000000000000
525.9147	2026-09-24T12:56:30.840Z	M000000000000000000
525.9147	2026-09-24T12:56:30.840Z	Fffffffff0000000000
526.4717	2026-09-24T12:56:31.397Z	S0117170009ee533409
526.7576	2026-09-24T12:56:31.683Z	W0000024b00021de901
526.7576	2026-09-24T12:56:31.683Z	R0000024b00021de8ff
526.7576	2026-09-24T12:56:31.683Z	E000000000000000000
526.7827	2026-09-24T12:56:31.708Z	M000000000000000000
526.7827	2026-09-24T12:56:31.708Z	Fffffffff0000000000
527.2779	2026-09-24T12:56:32.203Z	S0117170009f253340d
527.6429	2026-09-24T12:56:32.568Z	W0000024c00021de8fd
527.6429	2026-09-24T12:56:32.568Z	R0000024c00021de8ff
527.6429	2026-09-24T12:56:32.568Z	E000000000000000000
527.6429	2026-09-24T12:56:32.568Z	M000000000000000000
527.6429	2026-09-24T12:56:32.568Z	Fffffffff0000000000
528.0823	2026-09-24T12:56:33.007Z	S0117170009f6533411
528.5008	2026-09-24T12:56:33.426Z	W0000024d00021de901
528.5008	2026-09-24T12:56:33.426Z	R0000024d00021de8ff
528.5008	2026-09-24T12:56:33.426Z	E000000000000000000
528.5008	2026-09-24T12:56:33.426Z	M000000000000000000
528.5008	2026-09-24T12:56:33.426Z	Fffffffff0000000000
528.8926	2026-09-24T12:56:33.818Z	S0117170009fa533415
529.3358	2026-09-24T12:56:34.261Z	W0000024e00021de8fd
529.3358	2026-09-24T12:56:34.261Z	R0000024e00021de8ff
529.3358	2026-09-24T12:56:34.261Z	E000000000000000000
529.3575	2026-09-24T12:56:34.283Z	M000000000000000000
529.3575	2026-09-24T12:56:34.283Z	Fffffffff0000000000
529.6929	2026-09-24T12:56:34.618Z	S0117170009fe533419
530.2050	2026-09-24T12:56:35.130Z	W0000024f00021de901
530.2050	2026-09-24T12:56:35.130Z	R0000024f00021de8ff
530.2050	2026-09-24T12:56:35.130Z	E000000000000000000
530.2050	2026-09-24T12:56:35.130Z	M000000000000000000
530.2050	2026-09-24T12:56:35.130Z	Fffffffff0000000000
530.4982	2026-09-24T12:56:35.423Z	S011717000a0253341d
531.0574	2026-09-24T12:56:35.983Z	W0000025000021de8fd
531.0574	2026-09-24T12:56:35.983Z	R0000025000021de8ff
531.0574	2026-09-24T12:56:35.983Z	E000000000000000000
531.0852	2026-09-24T12:56:36.010Z	M000000000000000000
531.0852	2026-09-24T12:56:36.010Z	Fffffffff0000000000
531.3222	2026-09-24T12:56:36.247Z	S011717000a06533421
531.9266	2026-09-24T12:56:36.852Z	W0000025100021de901
531.9266	2026-09-24T12:56:36.852Z	R0000025100021de8ff
531.9266	2026-09-24T12:56:36.852Z	E000000000000000000
531.9266	2026-09-24T12:56:36.852Z	M000000000000000000
531.9266	2026-09-24T12:56:36.852Z	Fffffffff0000000000
532.1089	2026-09-24T12:56:37.034Z	S011717000a0a533425
532.7750	2026-09-24T12:56:37.700Z	W0000025200021de8fd
532.7750	2026-09-24T12:56:37.700Z	R0000025200021de8ff
532.7750	2026-09-24T12:56:37.700Z	E000000000000000000
532.7992	2026-09-24T12:56:37.724Z	M000000000000000000
532.7992	2026-09-24T12:56:37.724Z	Fffffffff0000000000
532.9382	2026-09-24T12:56:37.863Z	S011717000a0e533429
533.6483	2026-09-24T12:56:38.574Z	W0000025300021de901
533.6483	2026-09-24T12:56:38.574Z	R0000025300021de8ff
533.6483	2026-09-24T12:56:38.574Z	E000000000000000000
533.6483	2026-09-24T12:56:38.574Z	M000000000000000000
533.6483	2026-09-24T12:56:38.574Z	Fffffffff0000000000
533.7242	2026-09-24T12:56:38.649Z	S011717000a1253342d
534.4905	2026-09-24T12:56:39.416Z	W0000025400021de8fd
534.4905	2026-09-24T12:56:39.416Z	R0000025400021de8ff
534.4905	2026-09-24T12:56:39.416Z	E000000000000000000
534.5158	2026-09-24T12:56:39.441Z	M000000000000000000
534.5158	2026-09-24T12:56:39.441Z	Fffffffff0000000000
534.5416	2026-09-24T12:56:39.467Z	S011717000a16533431
535.3301	2026-09-24T12:56:40.255Z	S011717000a1a533435
535.3505	2026-09-24T12:56:40.276Z	W0000025500021de901
535.3505	2026-09-24T12:56:40.276Z	R0000025500021de8ff
535.3505	2026-09-24T12:56:40.276Z	E000000000000000000
535.3721	2026-09-24T12:56:40.297Z	M000000000000000000
535.3721	2026-09-24T12:56:40.297Z	Fffffffff0000000000
536.1591	2026-09-24T12:56:41.084Z	S011717000a1e533439
536.2094	2026-09-24T12:56:41.135Z	W0000025600021de8fd
536.2094	2026-09-24T12:56:41.135Z	R0000025600021de8ff
536.2094	2026-09-24T12:56:41.135Z	E000000000000000000
536.2374	2026-09-24T12:56:41.163Z	M000000000000000000
536.2374	2026-09-24T12:56:41.163Z	Fffffffff0000000000
536.9408	2026-09-24T12:56:41.866Z	S011717000a2253343d
537.0855	2026-09-24T12:56:42.011Z	W0000025700021de901
537.0855	2026-09-24T12:56:42.011Z	R0000025700021de8ff
537.0855	2026-09-24T12:56:42.011Z	E000000000000000000
537.0855	2026-09-24T12:56:42.011Z	M000000000000000000
537.0855	2026-09-24T12:56:42.011Z	Fffffffff0000000000
537.7725	2026-09-24T12:56:42.698Z	S011717000a26533441
537.9274	2026-09-24T12:56:42.853Z	W0000025800021de8fd
537.9274	2026-09-24T12:56:42.853Z	R0000025800021de8ff
537.9274	2026-09-24T12:56:42.853Z	E000000000000000000
537.9552	2026-09-24T12:56:42.880Z	M000000000000000000
537.9552	2026-09-24T12:56:42.881Z	Fffffffff0000000000
538.5744	2026-09-24T12:56:43.500Z	S011717000a2a533445
538.7866	2026-09-24T12:56:43.712Z	W0000025900021de901
538.7866	2026-09-24T12:56:43.712Z	R0000025900021de8ff
538.7866	2026-09-24T12:56:43.712Z	E000000000000000000
538.8110	2026-09-24T12:56:43.736Z	M000000000000000000
538.8110	2026-09-24T12:56:43.736Z	Fffffffff0000000000
539.3567	2026-09-24T12:56:44.282Z	S011717000a2e533449
539.6458	2026-09-24T12:56:44.571Z	W0000025a00021de8fd
539.6458	2026-09-24T12:56:44.571Z	R0000025a00021de8ff
539.6458	2026-09-24T12:56:44.571Z	E000000000000000000
539.6724	2026-09-24T12:56:44.598Z	M000000000000000000
539.6724	2026-09-24T12:56:44.598Z	Fffffffff0000000000
540.1633	2026-09-24T12:56:45.089Z	S011717000a3253344d
540.5050	2026-09-24T12:56:45.430Z	W0000025b00021de901
540.5050	2026-09-24T12:56:45.430Z	R0000025b00021de8ff
540.5050	2026-09-24T12:56:45.430Z	E000000000000000000
540.5317	2026-09-24T12:56:45.457Z	M000000000000000000
540.5317	2026-09-24T12:56:45.457Z	Fffffffff0000000000
540.9885	2026-09-24T12:56:45.914Z	S011717000a36533451
541.3849	2026-09-24T12:56:46.310Z	W0000025c00021de8fd
541.3849	2026-09-24T12:56:46.310Z	R0000025c00021de8ff
541.3849	2026-09-24T12:56:46.310Z	E000000000000000000
541.3849	2026-09-24T12:56:46.310Z	M000000000000000000
541.3849	2026-09-24T12:56:46.310Z	Fffffffff0000000000
541.7927	2026-09-24T12:56:46.718Z	S011717000a3a533455
542.2437	2026-09-24T12:56:47.169Z	W0000025d00021de901
542.2437	2026-09-24T12:56:47.169Z	R0000025d00021de8ff
542.2437	2026-09-24T12:56:47.169Z	E000000000000000000
542.2437	2026-09-24T12:56:47.169Z	M000000000000000000
542.2437	2026-09-24T12:56:47.169Z	Fffffffff0000000000
542.5850	2026-09-24T12:56:47.510Z	S011717000a3e533459
543.0826	2026-09-24T12:56:48.008Z	W0000025e00021de8fd
543.0826	2026-09-24T12:56:48.008Z	R0000025e00021de8ff
543.0826	2026-09-24T12:56:48.008Z	E000000000000000000
543.1101	2026-09-24T12:56:48.035Z	M000000000000000000
543.1101	2026-09-24T12:56:48.035Z	Fffffffff0000000000
543.3871	2026-09-24T12:56:48.312Z	S011717000a4253345d
543.9504	2026-09-24T12:56:48.876Z	W0000025f00021de901
543.9504	2026-09-24T12:56:48.876Z	R0000025f00021de8ff
543.9504	2026-09-24T12:56:48.876Z	E000000000000000000
543.9504	2026-09-24T12:56:48.876Z	M000000000000000000
543.9504	2026-09-24T12:56:48.876Z	Fffffffff0000000000
544.1884	2026-09-24T12:56:49.114Z	S011717000a46533461
544.8224	2026-09-24T12:56:49.748Z	W0000026000021de8fd
544.8224	2026-09-24T12:56:49.748Z	R0000026000021de8ff
544.8224	2026-09-24T12:56:49.748Z	E000000000000000000
544.8224	2026-09-24T12:56:49.748Z	M000000000000000000
544.8224	2026-09-24T12:56:49.748Z	Fffffffff0000000000
544.9992	2026-09-24T12:56:49.925Z	S011717000a4a533465
545.6646	2026-09-24T12:56:50.590Z	W0000026100021de901
545.6646	2026-09-24T12:56:50.590Z	R0000026100021de8ff
545.6646	2026-09-24T12:56:50.590Z	E000000000000000000
545.6922	2026-09-24T12:56:50.618Z	M000000000000000000
545.6922	2026-09-24T12:56:50.618Z	Fffffffff0000000000
545.8217	2026-09-24T12:56:50.747Z	S011717000a4e533469
546.5294	2026-09-24T12:56:51.455Z	W0000026200021de8fd
546.5294	2026-09-24T12:56:51.455Z	R0000026200021de8ff
546.5294	2026-09-24T12:56:51.455Z	E000000000000000000
546.5294	2026-09-24T12:56:51.455Z	M000000000000000000
546.5294	2026-09-24T12:56:51.455Z	Fffffffff0000000000
546.6045	2026-09-24T12:56:51.530Z	S011717000a5253346d
547.3871	2026-09-24T12:56:52.312Z	W0000026300021de901
547.3871	2026-09-24T12:56:52.312Z	R0000026300021de8ff
547.3871	2026-09-24T12:56:52.312Z	E000000000000000000
547.3871	2026-09-24T12:56:52.312Z	M000000000000000000
547.3871	2026-09-24T12:56:52.313Z	Fffffffff0000000000
547.4099	2026-09-24T12:56:52.335Z	S011717000a56533471
548.2150	2026-09-24T12:56:53.140Z	S011717000a5a533475
548.2379	2026-09-24T12:56:53.163Z	W0000026400021de8fd
548.2379	2026-09-24T12:56:53.163Z	R0000026400021de8ff
548.2379	2026-09-24T12:56:53.163Z	E000000000000000000
548.2616	2026-09-24T12:56:53.187Z	M000000000000000000
548.2616	2026-09-24T12:56:53.187Z	Fffffffff0000000000
549.0205	2026-09-24T12:56:53.946Z	S011717000a5e533479
549.0972	2026-09-24T12:56:54.023Z	W0000026500021de901
549.0972	2026-09-24T12:56:54.023Z	R0000026500021de8ff
549.0972	2026-09-24T12:56:54.023Z	E000000000000000000
549.1247	2026-09-24T12:56:54.050Z	M000000000000000000
549.1247	2026-09-24T12:56:54.050Z	Fffffffff0000000000
549.8406	2026-09-24T12:56:54.766Z	S011717000a6253347d
549.9562	2026-09-24T12:56:54.882Z	W0000026600021de8fd
549.9562	2026-09-24T12:56:54.882Z	R0000026600021de8ff
549.9562	2026-09-24T12:56:54.882Z	E000000000000000000
549.9800	2026-09-24T12:56:54.905Z	M000000000000000000
549.9800	2026-09-24T12:56:54.905Z	Fffffffff0000000000
550.6310	2026-09-24T12:56:55.556Z	S011717000a66533481
550.8156	2026-09-24T12:56:55.741Z	W0000026700021de901
550.8156	2026-09-24T12:56:55.741Z	R0000026700021de8ff
550.8156	2026-09-24T12:56:55.741Z	E000000000000000000
550.8432	2026-09-24T12:56:55.769Z	M000000000000000000
550.8432	2026-09-24T12:56:55.769Z	Fffffffff0000000000
551.4627	2026-09-24T12:56:56.388Z	S011717000a6a533485
551.6890	2026-09-24T12:56:56.614Z	W0000026800021de8fd
551.6890	2026-09-24T12:56:56.614Z	R0000026800021de8ff
551.6890	2026-09-24T12:56:56.614Z	E000000000000000000
551.6890	2026-09-24T12:56:56.614Z	M000000000000000000
551.6890	2026-09-24T12:56:56.614Z	Fffffffff0000000000
552.2659	2026-09-24T12:56:57.191Z	S011717000a6e533489
552.5449	2026-09-24T12:56:57.470Z	W0000026900021de901
552.5449	2026-09-24T12:56:57.470Z	R0000026900021de8ff
552.5449	2026-09-24T12:56:57.470Z	E000000000000000000
552.5449	2026-09-24T12:56:57.470Z	M000000000000000000
552.5449	2026-09-24T12:56:57.470Z	Fffffffff0000000000
553.0502	2026-09-24T12:56:57.976Z	S011717000a7253348d
553.4143	2026-09-24T12:56:58.340Z	W0000026a00021de8fd
553.4143	2026-09-24T12:56:58.340Z	R0000026a00021de8ff
553.4143	2026-09-24T12:56:58.340Z	E000000000000000000
553.4143	2026-09-24T12:56:58.340Z	M000000000000000000
553.4143	2026-09-24T12:56:58.340Z	Fffffffff0000000000
553.8652	2026-09-24T12:56:58.791Z	S011717000a76533491
554.2771	2026-09-24T12:56:59.203Z	W0000026b00021de901
554.2771	2026-09-24T12:56:59.203Z	R0000026b00021de8ff
554.2771	2026-09-24T12:56:59.203Z	E000000000000000000
554.2771	2026-09-24T12:56:59.203Z	M000000000000000000
554.2771	2026-09-24T12:56:59.203Z	Fffffffff0000000000
554.6876	2026-09-24T12:56:59.613Z	S011717000a7a533495
555.1151	2026-09-24T12:57:00.041Z	W0000026c00021de8fd
555.1151	2026-09-24T12:57:00.041Z	R0000026c00021de8ff
555.1151	2026-09-24T12:57:00.041Z	E000000000000000000
555.1447	2026-09-24T12:57:00.070Z	M000000000000000000
555.1447	2026-09-24T12:57:00.070Z	Fffffffff0000000000
555.4907	2026-09-24T12:57:00.416Z	S011717000a7e533499
555.9708	2026-09-24T12:57:00.896Z	W0000026d00021de901
555.9708	2026-09-24T12:57:00.896Z	R0000026d00021de8ff
555.9708	2026-09-24T12:57:00.896Z	E000000000000000000
555.9955	2026-09-24T12:57:00.921Z	M000000000000000000
555.9955	2026-09-24T12:57:00.921Z	Fffffffff0000000000
556.2787	2026-09-24T12:57:01.204Z	S011717000a8253349d
556.8442	2026-09-24T12:57:01.770Z	W0000026e00021de8fd
556.8442	2026-09-24T12:57:01.770Z	R0000026e00021de8ff
556.8442	2026-09-24T12:57:01.770Z	E000000000000000000
556.8442	2026-09-24T12:57:01.770Z	M000000000000000000
556.8442	2026-09-24T12:57:01.770Z	Fffffffff0000000000
557.0912	2026-09-24T12:57:02.017Z	S011717000a865334a1
557.6943	2026-09-24T12:57:02.620Z	W0000026f00021de901
557.6943	2026-09-24T12:57:02.620Z	R0000026f00021de8ff
557.6943	2026-09-24T12:57:02.620Z	E000000000000000000
557.6943	2026-09-24T12:57:02.620Z	M000000000000000000
557.6943	2026-09-24T12:57:02.620Z	Fffffffff0000000000
557.9017	2026-09-24T12:57:02.827Z	S011717000a8a5334a5
558.5576	2026-09-24T12:57:03.483Z	W0000027000021de8fd
558.5576	2026-09-24T12:57:03.483Z	R0000027000021de8ff
558.5576	2026-09-24T12:57:03.483Z	E000000000000000000
558.5576	2026-09-24T12:57:03.483Z	M000000000000000000
558.5576	2026-09-24T12:57:03.483Z	Fffffffff0000000000
558.6841	2026-09-24T12:57:03.610Z	S011717000a8e5334a9
559.4268	2026-09-24T12:57:04.352Z	W0000027100021de901
559.4268	2026-09-24T12:57:04.352Z	R0000027100021de8ff
559.4268	2026-09-24T12:57:04.352Z	E000000000000000000
559.4268	2026-09-24T12:57:04.352Z	M000000000000000000
559.4268	2026-09-24T12:57:04.352Z	Fffffffff0000000000
559.5093	2026-09-24T12:57:04.435Z	S011717000a925334ad
560.2704	2026-09-24T12:57:05.196Z	W0000027200021de8fd
560.2704	2026-09-24T12:57:05.196Z	R0000027200021de8ff
560.2704	2026-09-24T12:57:05.196Z	E000000000000000000
560.2928	2026-09-24T12:57:05.218Z	M000000000000000000
560.2928	2026-09-24T12:57:05.218Z	Fffffffff0000000000
560.3186	2026-09-24T12:57:05.244Z	S011717000a965334b1
561.1219	2026-09-24T12:57:06.047Z	S011717000a9a5334b5
561.1449	2026-09-24T12:57:06.070Z	W0000027300021de901
561.1449	2026-09-24T12:57:06.070Z	R0000027300021de8ff
561.1449	2026-09-24T12:57:06.070Z	E000000000000000000
561.1449	2026-09-24T12:57:06.070Z	M000000000000000000
561.1449	2026-09-24T12:57:06.070Z	Fffffffff0000000000
561.9233	2026-09-24T12:57:06.849Z	S011717000a9e5334b9
561.9941	2026-09-24T12:57:06.920Z	W0000027400021de8fd
561.9941	2026-09-24T12:57:06.920Z	R0000027400021de8ff
561.9941	2026-09-24T12:57:06.920Z	E000000000000000000
561.9941	2026-09-24T12:57:06.920Z	M000000000000000000
561.9941	2026-09-24T12:57:06.920Z	Fffffffff0000000000
562.7105	2026-09-24T12:57:07.636Z	S011717000aa25334bd
562.8657	2026-09-24T12:57:07.791Z	W0000027500021de901
562.8657	2026-09-24T12:57:07.791Z	R0000027500021de8ff
562.8657	2026-09-24T12:57:07.791Z	E000000000000000000
562.8657	2026-09-24T12:57:07.791Z	M000000000000000000
562.8657	2026-09-24T12:57:07.791Z	Fffffffff0000000000
563.5211	2026-09-24T12:57:08.447Z	S011717000aa65334c1
563.7243	2026-09-24T12:57:08.650Z	W0000027600021de8fd
563.7243	2026-09-24T12:57:08.650Z	R0000027600021de8ff
563.7243	2026-09-24T12:57:08.650Z	E000000000000000000
563.7243	2026-09-24T12:57:08.650Z	M000000000000000000
563.7243	2026-09-24T12:57:08.650Z	Fffffffff0000000000
564.3326	2026-09-24T12:57:09.258Z	S011717000aaa5334c5
564.5829	2026-09-24T12:57:09.508Z	W0000027700021de901
564.5829	2026-09-24T12:57:09.508Z	R0000027700021de8ff
564.5829	2026-09-24T12:57:09.508Z	E000000000000000000
564.5829	2026-09-24T12:57:09.509Z	M000000000000000000
564.5829	2026-09-24T12:57:09.509Z	Fffffffff0000000000
565.1267	2026-09-24T12:57:10.052Z	S011717000aae5334c9
565.4326	2026-09-24T12:57:10.358Z	W0000027800021de8fd
565.4326	2026-09-24T12:57:10.358Z	R0000027800021de8ff
565.4326	2026-09-24T12:57:10.358Z	E000000000000000000
565.4326	2026-09-24T12:57:10.358Z	M000000000000000000
565.4326	2026-09-24T12:57:10.358Z	Fffffffff0000000000
565.9516	2026-09-24T12:57:10.877Z	S011717000ab25334cd
566.2813	2026-09-24T12:57:11.207Z	W0000027900021de901
566.2813	2026-09-24T12:57:11.207Z	R0000027900021de8ff
566.2813	2026-09-24T12:57:11.207Z	E000000000000000000
566.3031	2026-09-24T12:57:11.229Z	M000000000000000000
566.3031	2026-09-24T12:57:11.229Z	Fffffffff0000000000
566.7576	2026-09-24T12:57:11.683Z	S011717000ab65334d1
567.1576	2026-09-24T12:57:12.083Z	W0000027a00021de8fd
567.1576	2026-09-24T12:57:12.083Z	R0000027a00021de8ff
567.1576	2026-09-24T12:57:12.083Z	E000000000000000000
567.1576	2026-09-24T12:57:12.083Z	M000000000000000000
567.1576	2026-09-24T12:57:12.083Z	Fffffffff0000000000
567.5506	2026-09-24T12:57:12.476Z	S011717000aba5334d5
567.9999	2026-09-24T12:57:12.925Z	W0000027b00021de901
567.9999	2026-09-24T12:57:12.926Z	R0000027b00021de8ff
567.9999	2026-09-24T12:57:12.926Z	E000000000000000000
568.0274	2026-09-24T12:57:12.953Z	M000000000000000000
568.0274	2026-09-24T12:57:12.953Z	Fffffffff0000000000
568.3661	2026-09-24T12:57:13.292Z	S011717000abe5334d9
568.8669	2026-09-24T12:57:13.792Z	W0000027c00021de8fd
568.8669	2026-09-24T12:57:13.792Z	R0000027c00021de8ff
568.8669	2026-09-24T12:57:13.792Z	E000000000000000000
568.8669	2026-09-24T12:57:13.792Z	M000000000000000000
568.8669	2026-09-24T12:57:13.792Z	Fffffffff0000000000
569.1690	2026-09-24T12:57:14.095Z	S011717000ac25334dd
569.7326	2026-09-24T12:57:14.658Z	W0000027d00021de901
569.7326	2026-09-24T12:57:14.658Z	R0000027d00021de8ff
569.7326	2026-09-24T12:57:14.658Z	E000000000000000000
569.7326	2026-09-24T12:57:14.658Z	M000000000000000000
569.7326	2026-09-24T12:57:14.658Z	Fffffffff0000000000
569.9834	2026-09-24T12:57:14.909Z	S011717000ac65334e1
570.5773	2026-09-24T12:57:15.503Z	W0000027e00021de8fd
570.5773	2026-09-24T12:57:15.503Z	R0000027e00021de8ff
570.5773	2026-09-24T12:57:15.503Z	E000000000000000000
570.6049	2026-09-24T12:57:15.530Z	M000000000000000000
570.6049	2026-09-24T12:57:15.530Z	Fffffffff0000000000
570.7651	2026-09-24T12:57:15.691Z	S011717000aca5334e5
571.4366	2026-09-24T12:57:16.362Z	W0000027f00021de901
571.4366	2026-09-24T12:57:16.362Z	R0000027f00021de8ff
571.4366	2026-09-24T12:57:16.362Z	E000000000000000000
571.4641	2026-09-24T12:57:16.390Z	M000000000000000000
571.4641	2026-09-24T12:57:16.390Z	Fffffffff0000000000
571.5987	2026-09-24T12:57:16.524Z	S011717000ace5334e9
572.3103	2026-09-24T12:57:17.236Z	W0000028000021de8fd
572.3103	2026-09-24T12:57:17.236Z	R0000028000021de8ff
572.3103	2026-09-24T12:57:17.236Z	E000000000000000000
572.3103	2026-09-24T12:57:17.236Z	M000000000000000000
572.3103	2026-09-24T12:57:17.236Z	Fffffffff0000000000
572.3894	2026-09-24T12:57:17.315Z	S011717000ad25334ed
573.1602	2026-09-24T12:57:18.086Z	W0000028100021de901
573.1602	2026-09-24T12:57:18.086Z	R0000028100021de8ff
573.1602	2026-09-24T12:57:18.086Z	E000000000000000000
573.1602	2026-09-24T12:57:18.086Z	M000000000000000000
573.1602	2026-09-24T12:57:18.086Z	Fffffffff0000000000
573.1806	2026-09-24T12:57:18.106Z	S011717000ad65334f1
573.9889	2026-09-24T12:57:18.915Z	S011717000ada5334f5
574.0144	2026-09-24T12:57:18.940Z	W0000028200021de8fd
574.0144	2026-09-24T12:57:18.940Z	R0000028200021de8ff
574.0144	2026-09-24T12:57:18.940Z	E000000000000000000
574.0401	2026-09-24T12:57:18.966Z	M000000000000000000
574.0401	2026-09-24T12:57:18.966Z	Fffffffff0000000000
574.7904	2026-09-24T12:57:19.716Z	S011717000ade5334f9
574.8736	2026-09-24T12:57:19.799Z	W0000028300021de901
574.8736	2026-09-24T12:57:19.799Z	R0000028300021de8ff
574.8736	2026-09-24T12:57:19.799Z	E000000000000000000
574.9014	2026-09-24T12:57:19.827Z	M000000000000000000
574.9014	2026-09-24T12:57:19.827Z	Fffffffff0000000000
575.6157	2026-09-24T12:57:20.541Z	S011717000ae25334fd
575.7378	2026-09-24T12:57:20.663Z	W0000028400021de8fd
575.7378	2026-09-24T12:57:20.664Z	R0000028400021de8ff
575.7378	2026-09-24T12:57:20.664Z	E000000000000000000
575.7378	2026-09-24T12:57:20.664Z	M000000000000000000
575.7378	2026-09-24T12:57:20.664Z	Fffffffff0000000000
576.4010	2026-09-24T12:57:21.327Z	S011717000ae6533501
576.5920	2026-09-24T12:57:21.518Z	W0000028500021de901
576.5920	2026-09-24T12:57:21.518Z	R0000028500021de8ff
576.5920	2026-09-24T12:57:21.518Z	E000000000000000000
576.6160	2026-09-24T12:57:21.542Z	M000000000000000000
576.6160	2026-09-24T12:57:21.542Z	Fffffffff0000000000
577.2063	2026-09-24T12:57:22.132Z	S011717000aea533505
577.4511	2026-09-24T12:57:22.377Z	W0000028600021de8fd
577.4511	2026-09-24T12:57:22.377Z	R0000028600021de8ff
577.4511	2026-09-24T12:57:22.377Z	E000000000000000000
577.4745	2026-09-24T12:57:22.400Z	M000000000000000000
577.4745	2026-09-24T12:57:22.400Z	Fffffffff0000000000
578.0356	2026-09-24T12:57:22.961Z	S011717000aee533509
578.3105	2026-09-24T12:57:23.236Z	W0000028700021de901
578.3105	2026-09-24T12:57:23.236Z	R0000028700021de8ff
578.3105	2026-09-24T12:57:23.236Z	E000000000000000000
578.3328	2026-09-24T12:57:23.258Z	M000000000000000000
578.3328	2026-09-24T12:57:23.259Z	Fffffffff0000000000
578.8326	2026-09-24T12:57:23.758Z	S011717000af253350d
579.1843	2026-09-24T12:57:24.110Z	W0000028800021de8fd
579.1843	2026-09-24T12:57:24.110Z	R0000028800021de8ff
579.1843	2026-09-24T12:57:24.110Z	E000000000000000000
579.1843	2026-09-24T12:57:24.110Z	M000000000000000000
579.1843	2026-09-24T12:57:24.110Z	Fffffffff0000000000
579.6308	2026-09-24T12:57:24.557Z	S011717000af6533511
580.0410	2026-09-24T12:57:24.967Z	W0000028900021de901
580.0410	2026-09-24T12:57:24.967Z	R0000028900021de8ff
580.0410	2026-09-24T12:57:24.967Z	E000000000000000000
580.0410	2026-09-24T12:57:24.967Z	M000000000000000000
580.0410	2026-09-24T12:57:24.967Z	Fffffffff0000000000
580.4279	2026-09-24T12:57:25.354Z	S011717000afa533515
580.9152	2026-09-24T12:57:25.841Z	W0000028a00021de8fd
580.9152	2026-09-24T12:57:25.841Z	R0000028a00021de8ff
580.9152	2026-09-24T12:57:25.841Z	E000000000000000000
580.9152	2026-09-24T12:57:25.841Z	M000000000000000000
580.9152	2026-09-24T12:57:25.841Z	Fffffffff0000000000
581.2334	2026-09-24T12:57:26.159Z	S011717000afe533519
581.7473	2026-09-24T12:57:26.673Z	W0000028b00021de901
581.7473	2026-09-24T12:57:26.673Z	R0000028b00021de8ff
581.7473	2026-09-24T12:57:26.673Z	E000000000000000000
581.7751	2026-09-24T12:57:26.701Z	M000000000000000000
581.7751	2026-09-24T12:57:26.701Z	Fffffffff0000000000
582.0386	2026-09-24T12:57:26.964Z	S011717000b0253351d
582.6063	2026-09-24T12:57:27.532Z	W0000028c00021de8fd
582.6063	2026-09-24T12:57:27.532Z	R0000028c00021de8ff
582.6063	2026-09-24T12:57:27.532Z	E000000000000000000
582.6338	2026-09-24T12:57:27.560Z	M000000000000000000
582.6338	2026-09-24T12:57:27.560Z	Fffffffff0000000000
582.8493	2026-09-24T12:57:27.775Z	S011717000b06533521
583.4656	2026-09-24T12:57:28.391Z	W0000028d00021de901
583.4656	2026-09-24T12:57:28.391Z	R0000028d00021de8ff
583.4656	2026-09-24T12:57:28.391Z	E000000000000000000
583.4931	2026-09-24T12:57:28.419Z	M000000000000000000
583.4931	2026-09-24T12:57:28.419Z	Fffffffff0000000000
583.6718	2026-09-24T12:57:28.598Z	S011717000b0a533525
584.3363	2026-09-24T12:57:29.262Z	W0000028e00021de8fd
584.3363	2026-09-24T12:57:29.262Z	R0000028e00021de8ff
584.3363	2026-09-24T12:57:29.262Z	E000000000000000000
584.3363	2026-09-24T12:57:29.262Z	M000000000000000000
584.3363	2026-09-24T12:57:29.262Z	Fffffffff0000000000
584.4747	2026-09-24T12:57:29.400Z	S011717000b0e533529
585.1989	2026-09-24T12:57:30.125Z	W0000028f00021de901
585.1989	2026-09-24T12:57:30.125Z	R0000028f00021de8ff
585.1989	2026-09-24T12:57:30.125Z	E000000000000000000
585.1989	2026-09-24T12:57:30.125Z	M000000000000000000
585.1989	2026-09-24T12:57:30.125Z	Fffffffff0000000000
585.2726	2026-09-24T12:57:30.198Z	S011717000b1253352d
586.0644	2026-09-24T12:57:30.990Z	W0000029000021de8fd
586.0644	2026-09-24T12:57:30.990Z	R0000029000021de8ff
586.0644	2026-09-24T12:57:30.990Z	E000000000000000000
586.0644	2026-09-24T12:57:30.990Z	M000000000000000000
586.0644	2026-09-24T12:57:30.990Z	Fffffffff0000000000
586.0885	2026-09-24T12:57:31.014Z	S011717000b16533531
586.8699	2026-09-24T12:57:31.796Z	S011717000b1a533535
586.9243	2026-09-24T12:57:31.850Z	W0000029100021de901
586.9243	2026-09-24T12:57:31.850Z	R0000029100021de8ff
586.9243	2026-09-24T12:57:31.850Z	E000000000000000000
586.9243	2026-09-24T12:57:31.850Z	M000000000000000000
586.9243	2026-09-24T12:57:31.850Z	Fffffffff0000000000
587.6900	2026-09-24T12:57:32.616Z	S011717000b1e533539
587.7616	2026-09-24T12:57:32.687Z	W0000029200021de8fd
587.7616	2026-09-24T12:57:32.687Z	R0000029200021de8ff
587.7616	2026-09-24T12:57:32.687Z	E000000000000000000
587.7826	2026-09-24T12:57:32.708Z	M000000000000000000
587.7826	2026-09-24T12:57:32.708Z	Fffffffff0000000000
588.5036	2026-09-24T12:57:33.429Z	S011717000b2253353d
588.6208	2026-09-24T12:57:33.547Z	W0000029300021de901
588.6208	2026-09-24T12:57:33.547Z	R0000029300021de8ff
588.6208	2026-09-24T12:57:33.547Z	E000000000000000000
588.6441	2026-09-24T12:57:33.570Z	M000000000000000000
588.6441	2026-09-24T12:57:33.570Z	Fffffffff0000000000
589.2975	2026-09-24T12:57:34.223Z	S011717000b26533541
589.5016	2026-09-24T12:57:34.427Z	W0000029400021de8fd
589.5016	2026-09-24T12:57:34.427Z	R0000029400021de8ff
589.5016	2026-09-24T12:57:34.427Z	E000000000000000000
589.5016	2026-09-24T12:57:34.427Z	M000000000000000000
589.5016	2026-09-24T12:57:34.427Z	Fffffffff0000000000
590.1007	2026-09-24T12:57:35.026Z	S011717000b2a533545
590.3659	2026-09-24T12:57:35.292Z	W0000029500021de901
590.3659	2026-09-24T12:57:35.292Z	R0000029500021de8ff
590.3659	2026-09-24T12:57:35.292Z	E000000000000000000
590.3659	2026-09-24T12:57:35.292Z	M000000000000000000
590.3659	2026-09-24T12:57:35.292Z	Fffffffff0000000000
590.8965	2026-09-24T12:57:35.822Z	S011717000b2e533549
591.2048	2026-09-24T12:57:36.131Z	W0000029600021de8fd
591.2048	2026-09-24T12:57:36.131Z	R0000029600021de8ff
591.2048	2026-09-24T12:57:36.131Z	E000000000000000000
591.2048	2026-09-24T12:57:36.131Z	M000000000000000000
591.2048	2026-09-24T12:57:36.131Z	Fffffffff0000000000
591.7242	2026-09-24T12:57:36.650Z	S011717000b3253354d
592.0577	2026-09-24T12:57:36.983Z	W0000029700021de901
592.0577	2026-09-24T12:57:36.984Z	R0000029700021de8ff
592.0577	2026-09-24T12:57:36.984Z	E000000000000000000
592.0853	2026-09-24T12:57:37.011Z	M000000000000000000
592.0853	2026-09-24T12:57:37.011Z	Fffffffff0000000000
592.5290	2026-09-24T12:57:37.455Z	S011717000b36533551
592.9205	2026-09-24T12:57:37.846Z	W0000029800021de8fd
592.9205	2026-09-24T12:57:37.846Z	R0000029800021de8ff
592.9205	2026-09-24T12:57:37.846Z	E000000000000000000
592.9410	2026-09-24T12:57:37.867Z	M000000000000000000
592.9410	2026-09-24T12:57:37.867Z	Fffffffff0000000000
593.3337	2026-09-24T12:57:38.260Z	S011717000b3a533555
593.7839	2026-09-24T12:57:38.710Z	W0000029900021de901
593.7839	2026-09-24T12:57:38.710Z	R0000029900021de8ff
593.7839	2026-09-24T12:57:38.710Z	E000000000000000000
593.7839	2026-09-24T12:57:38.710Z	M000000000000000000
593.7839	2026-09-24T12:57:38.710Z	Fffffffff0000000000
594.1356	2026-09-24T12:57:39.061Z	S011717000b3e533559
594.6590	2026-09-24T12:57:39.585Z	W0000029a00021de8fd
594.6590	2026-09-24T12:57:39.585Z	R0000029a00021de8ff
594.6590	2026-09-24T12:57:39.585Z	E000000000000000000
594.6590	2026-09-24T12:57:39.585Z	M000000000000000000
594.6590	2026-09-24T12:57:39.585Z	Fffffffff0000000000
594.9231	2026-09-24T12:57:39.849Z	S011717000b4253355d
595.4945	2026-09-24T12:57:40.420Z	W0000029b00021de901
595.4945	2026-09-24T12:57:40.420Z	R0000029b00021de8ff
595.4945	2026-09-24T12:57:40.420Z	E000000000000000000
595.5221	2026-09-24T12:57:40.448Z	M000000000000000000
595.5221	2026-09-24T12:57:40.448Z	Fffffffff0000000000
595.7326	2026-09-24T12:57:40.658Z	S011717000b46533561
596.3575	2026-09-24T12:57:41.283Z	W0000029c00021de8fd
596.3575	2026-09-24T12:57:41.283Z	R0000029c00021de8ff
596.3575	2026-09-24T12:57:41.283Z	E000000000000000000
596.3793	2026-09-24T12:57:41.305Z	M000000000000000000
596.3793	2026-09-24T12:57:41.305Z	Fffffffff0000000000
596.5566	2026-09-24T12:57:41.482Z	S011717000b4a533565
597.2130	2026-09-24T12:57:42.139Z	W0000029d00021de901
597.2130	2026-09-24T12:57:42.139Z	R0000029d00021de8ff
597.2130	2026-09-24T12:57:42.139Z	E000000000000000000
597.2395	2026-09-24T12:57:42.165Z	M000000000000000000
597.2395	2026-09-24T12:57:42.165Z	Fffffffff0000000000
597.3390	2026-09-24T12:57:42.265Z	S011717000b4e533569
598.0744	2026-09-24T12:57:43.000Z	W0000029e00021de8fd
598.0744	2026-09-24T12:57:43.000Z	R0000029e00021de8ff
598.0744	2026-09-24T12:57:43.000Z	E000000000000000000
598.1031	2026-09-24T12:57:43.029Z	M000000000000000000
598.1031	2026-09-24T12:57:43.029Z	Fffffffff0000000000
598.1513	2026-09-24T12:57:43.077Z	S011717000b5253356d
598.9466	2026-09-24T12:57:43.872Z	W0000029f00021de901
598.9466	2026-09-24T12:57:43.872Z	R0000029f00021de8ff
598.9466	2026-09-24T12:57:43.872Z	E000000000000000000
598.9466	2026-09-24T12:57:43.872Z	M000000000000000000
598.9466	2026-09-24T12:57:43.872Z	Fffffffff0000000000
598.9723	2026-09-24T12:57:43.898Z	S011717000b56533571
599.7609	2026-09-24T12:57:44.687Z	S011717000b5a533575
599.7906	2026-09-24T12:57:44.716Z	W000002a000021de8fd
599.7906	2026-09-24T12:57:44.716Z	R000002a000021de8ff
599.7906	2026-09-24T12:57:44.716Z	E000000000000000000
599.8159	2026-09-24T12:57:44.742Z	M000000000000000000
599.8159	2026-09-24T12:57:44.742Z	Fffffffff0000000000
600.5683	2026-09-24T12:57:45.494Z	S011717000b5e533579
600.6498	2026-09-24T12:57:45.576Z	W000002a100021de901
600.6498	2026-09-24T12:57:45.576Z	R000002a100021de8ff
600.6498	2026-09-24T12:57:45.576Z	E000000000000000000
600.6774	2026-09-24T12:57:45.603Z	M000000000000000000
600.6774	2026-09-24T12:57:45.603Z	Fffffffff0000000000
601.3890	2026-09-24T12:57:46.315Z	S011717000b6253357d
601.5141	2026-09-24T12:57:46.440Z	W000002a200021de8fd
601.5141	2026-09-24T12:57:46.440Z	R000002a200021de8ff
601.5141	2026-09-24T12:57:46.440Z	E000000000000000000
601.5141	2026-09-24T12:57:46.440Z	M000000000000000000
601.5141	2026-09-24T12:57:46.440Z	Fffffffff0000000000
602.1710	2026-09-24T12:57:47.097Z	S011717000b66533581
602.3684	2026-09-24T12:57:47.294Z	W000002a300021de901
602.3684	2026-09-24T12:57:47.294Z	R000002a300021de8ff
602.3684	2026-09-24T12:57:47.294Z	E000000000000000000
602.3913	2026-09-24T12:57:47.317Z	M000000000000000000
602.3913	2026-09-24T12:57:47.317Z	Fffffffff0000000000
602.9917	2026-09-24T12:57:47.918Z	S011717000b6a533585
603.2276	2026-09-24T12:57:48.154Z	W000002a400021de8fd
603.2276	2026-09-24T12:57:48.154Z	R000002a400021de8ff
603.2276	2026-09-24T12:57:48.154Z	E000000000000000000
603.2527	2026-09-24T12:57:48.179Z	M000000000000000000
603.2527	2026-09-24T12:57:48.179Z	Fffffffff0000000000
603.7816	2026-09-24T12:57:48.708Z	S011717000b6e533589
604.1090	2026-09-24T12:57:49.035Z	W000002a500021de901
604.1090	2026-09-24T12:57:49.035Z	R000002a500021de8ff
604.1090	2026-09-24T12:57:49.035Z	E000000000000000000
604.1090	2026-09-24T12:57:49.035Z	M000000000000000000
604.1090	2026-09-24T12:57:49.035Z	Fffffffff0000000000
604.5869	2026-09-24T12:57:49.513Z	S011717000b7253358d
604.9510	2026-09-24T12:57:49.877Z	W000002a600021de8fd
604.9510	2026-09-24T12:57:49.877Z	R000002a600021de8ff
604.9510	2026-09-24T12:57:49.877Z	E000000000000000000
604.9510	2026-09-24T12:57:49.877Z	M000000000000000000
604.9510	2026-09-24T12:57:49.877Z	Fffffffff0000000000
605.3931	2026-09-24T12:57:50.319Z	S011717000b76533591
605.8220	2026-09-24T12:57:50.748Z	W000002a700021de901
605.8220	2026-09-24T12:57:50.748Z	R000002a700021de8ff
605.8220	2026-09-24T12:57:50.748Z	E000000000000000000
605.8220	2026-09-24T12:57:50.748Z	M000000000000000000
605.8220	2026-09-24T12:57:50.748Z	Fffffffff0000000000
606.2243	2026-09-24T12:57:51.150Z	S011717000b7a533595
606.6855	2026-09-24T12:57:51.611Z	W000002a800021de8fd
606.6855	2026-09-24T12:57:51.612Z	R000002a800021de8ff
606.6855	2026-09-24T12:57:51.612Z	E000000000000000000
606.6855	2026-09-24T12:57:51.612Z	M000000000000000000
606.6855	2026-09-24T12:57:51.612Z	Fffffffff0000000000
607.0045	2026-09-24T12:57:51.931Z	S011717000b7e533599
607.5342	2026-09-24T12:57:52.460Z	W000002a900021de901
607.5342	2026-09-24T12:57:52.460Z	R000002a900021de8ff
607.5342	2026-09-24T12:57:52.460Z	E000000000000000000
607.5342	2026-09-24T12:57:52.460Z	M000000000000000000
607.5342	2026-09-24T12:57:52.460Z	Fffffffff0000000000
607.8082	2026-09-24T12:57:52.734Z	S011717000b8253359d
608.3955	2026-09-24T12:57:53.321Z	W000002aa00021de8fd
608.3955	2026-09-24T12:57:53.322Z	R000002aa00021de8ff
608.3955	2026-09-24T12:57:53.322Z	E000000000000000000
608.3955	2026-09-24T12:57:53.322Z	M000000000000000000
608.3955	2026-09-24T12:57:53.322Z	Fffffffff0000000000
608.6273	2026-09-24T12:57:53.553Z	S011717000b865335a1
609.2654	2026-09-24T12:57:54.191Z	W000002ab00021de901
609.2654	2026-09-24T12:57:54.191Z	R000002ab00021de8ff
609.2654	2026-09-24T12:57:54.191Z	E000000000000000000
609.2654	2026-09-24T12:57:54.191Z	M000000000000000000
609.2654	2026-09-24T12:57:54.191Z	Fffffffff0000000000
609.4479	2026-09-24T12:57:54.374Z	S011717000b8a5335a5
610.1107	2026-09-24T12:57:55.037Z	W000002ac00021de8fd
610.1107	2026-09-24T12:57:55.037Z	R000002ac00021de8ff
610.1107	2026-09-24T12:57:55.037Z	E000000000000000000
610.1107	2026-09-24T12:57:55.037Z	M000000000000000000
610.1107	2026-09-24T12:57:55.037Z	Fffffffff0000000000
610.2388	2026-09-24T12:57:55.165Z	S011717000b8e5335a9
610.9744	2026-09-24T12:57:55.900Z	W000002ad00021de901
610.9744	2026-09-24T12:57:55.900Z	R000002ad00021de8ff
610.9744	2026-09-24T12:57:55.900Z	E000000000000000000
610.9744	2026-09-24T12:57:55.900Z	M000000000000000000
610.9744	2026-09-24T12:57:55.900Z	Fffffffff0000000000
611.0518	2026-09-24T12:57:55.978Z	S011717000b925335ad
611.8293	2026-09-24T12:57:56.755Z	W000002ae00021de8fd
611.8293	2026-09-24T12:57:56.755Z	R000002ae00021de8ff
611.8293	2026-09-24T12:57:56.755Z	E000000000000000000
611.8293	2026-09-24T12:57:56.755Z	M000000000000000000
611.8293	2026-09-24T12:57:56.755Z	Fffffffff0000000000
611.8516	2026-09-24T12:57:56.778Z	S011717000b965335b1
612.6401	2026-09-24T12:57:57.566Z	S011717000b9a5335b5
612.6906	2026-09-24T12:57:57.617Z	W000002af00021de901
612.6906	2026-09-24T12:57:57.617Z	R000002af00021de8ff
612.6906	2026-09-24T12:57:57.617Z	E000000000000000000
612.6906	2026-09-24T12:57:57.617Z	M000000000000000000
612.6906	2026-09-24T12:57:57.617Z	Fffffffff0000000000
613.4483	2026-09-24T12:57:58.374Z	S011717000b9e5335b9
613.5500	2026-09-24T12:57:58.476Z	W000002b000021de8fd
613.5500	2026-09-24T12:57:58.476Z	R000002b000021de8ff
613.5500	2026-09-24T12:57:58.476Z	E000000000000000000
613.5500	2026-09-24T12:57:58.476Z	M000000000000000000
613.5500	2026-09-24T12:57:58.476Z	Fffffffff0000000000
614.2507	2026-09-24T12:57:59.177Z	S011717000ba25335bd
614.4077	2026-09-24T12:57:59.334Z	W000002b100021de901
614.4077	2026-09-24T12:57:59.334Z	R000002b100021de8ff
614.4077	2026-09-24T12:57:59.334Z	E000000000000000000
614.4077	2026-09-24T12:57:59.334Z	M000000000000000000
614.4077	2026-09-24T12:57:59.334Z	Fffffffff0000000000
