Info: Propagating clock constraints...
Info:     derived 200.0 MHz for net 'clk200_in' (through IBUFDS 'clk200_ibufds')
Info:     PLLE2_ADV 'pll': input 200.0 MHz, VCO 1200.0 MHz
Info:     derived 75.0 MHz for net 'ctrl_raw' (through PLLE2_ADV 'pll')
Info:     derived 300.0 MHz for net 'ddr_raw' (through PLLE2_ADV 'pll')
Info:     derived 200.0 MHz for net 'ref_raw' (through PLLE2_ADV 'pll')
Info:     derived 300.0 MHz for net 'ddr90_raw' (through PLLE2_ADV 'pll')
Info:     derived 1200.5 MHz for net 'pll_fb' (through PLLE2_ADV 'pll')
Info:     PLLE2_ADV 'pll': input 200.0 MHz, VCO 1200.0 MHz
Info: Packing constants..
Info: Inserting IO buffers..
Info:     IO port 'clk200_n' driven by IBUFDS 'clk200_ibufds'
Info:     IO port 'clk200_p' driven by IBUFDS 'clk200_ibufds'
Info:     IO port 'ddr3_cas_n' driven by OBUF '$iopadmap$tms_ddr3_loader_ax7203.ddr3_cas_n'
Info:     IO port 'ddr3_ck_n' driven by OBUFDS 'ddr3.ddr3_phy_inst.genblk4.genblk1.OBUFDS_inst'
Info:     IO port 'ddr3_ck_p' driven by OBUFDS 'ddr3.ddr3_phy_inst.genblk4.genblk1.OBUFDS_inst'
Info:     IO port 'ddr3_cke' driven by OBUF '$iopadmap$tms_ddr3_loader_ax7203.ddr3_cke'
Info:     IO port 'ddr3_cs_n' driven by OBUF '$iopadmap$tms_ddr3_loader_ax7203.ddr3_cs_n'
Info:     IO port 'ddr3_odt' driven by OBUF '$iopadmap$tms_ddr3_loader_ax7203.ddr3_odt'
Info:     IO port 'ddr3_ras_n' driven by OBUF '$iopadmap$tms_ddr3_loader_ax7203.ddr3_ras_n'
Info:     IO port 'ddr3_reset_n' driven by OBUF '$iopadmap$tms_ddr3_loader_ax7203.ddr3_reset_n'
Info:     IO port 'ddr3_we_n' driven by OBUF '$iopadmap$tms_ddr3_loader_ax7203.ddr3_we_n'
Info:     IO port 'rst_n' driven by IBUF '$iopadmap$tms_ddr3_loader_ax7203.rst_n'
Info:     IO port 'uart_rx' driven by IBUF '$iopadmap$tms_ddr3_loader_ax7203.uart_rx'
Info:     IO port 'uart_tx' driven by OBUF '$iopadmap$tms_ddr3_loader_ax7203.uart_tx'
Info:     IO port 'ddr3_addr[0]' driven by OBUF '$iopadmap$tms_ddr3_loader_ax7203.ddr3_addr'
Info:     IO port 'ddr3_addr[1]' driven by OBUF '$iopadmap$tms_ddr3_loader_ax7203.ddr3_addr_1'
Info:     IO port 'ddr3_addr[10]' driven by OBUF '$iopadmap$tms_ddr3_loader_ax7203.ddr3_addr_10'
Info:     IO port 'ddr3_addr[11]' driven by OBUF '$iopadmap$tms_ddr3_loader_ax7203.ddr3_addr_11'
Info:     IO port 'ddr3_addr[12]' driven by OBUF '$iopadmap$tms_ddr3_loader_ax7203.ddr3_addr_12'
Info:     IO port 'ddr3_addr[13]' driven by OBUF '$iopadmap$tms_ddr3_loader_ax7203.ddr3_addr_13'
Info:     IO port 'ddr3_addr[14]' driven by OBUF '$iopadmap$tms_ddr3_loader_ax7203.ddr3_addr_14'
Info:     IO port 'ddr3_addr[2]' driven by OBUF '$iopadmap$tms_ddr3_loader_ax7203.ddr3_addr_2'
Info:     IO port 'ddr3_addr[3]' driven by OBUF '$iopadmap$tms_ddr3_loader_ax7203.ddr3_addr_3'
Info:     IO port 'ddr3_addr[4]' driven by OBUF '$iopadmap$tms_ddr3_loader_ax7203.ddr3_addr_4'
Info:     IO port 'ddr3_addr[5]' driven by OBUF '$iopadmap$tms_ddr3_loader_ax7203.ddr3_addr_5'
Info:     IO port 'ddr3_addr[6]' driven by OBUF '$iopadmap$tms_ddr3_loader_ax7203.ddr3_addr_6'
Info:     IO port 'ddr3_addr[7]' driven by OBUF '$iopadmap$tms_ddr3_loader_ax7203.ddr3_addr_7'
Info:     IO port 'ddr3_addr[8]' driven by OBUF '$iopadmap$tms_ddr3_loader_ax7203.ddr3_addr_8'
Info:     IO port 'ddr3_addr[9]' driven by OBUF '$iopadmap$tms_ddr3_loader_ax7203.ddr3_addr_9'
Info:     IO port 'ddr3_ba[0]' driven by OBUF '$iopadmap$tms_ddr3_loader_ax7203.ddr3_ba'
Info:     IO port 'ddr3_ba[1]' driven by OBUF '$iopadmap$tms_ddr3_loader_ax7203.ddr3_ba_1'
Info:     IO port 'ddr3_ba[2]' driven by OBUF '$iopadmap$tms_ddr3_loader_ax7203.ddr3_ba_2'
Info:     IO port 'led[0]' driven by OBUF '$iopadmap$tms_ddr3_loader_ax7203.led'
Info:     IO port 'led[1]' driven by OBUF '$iopadmap$tms_ddr3_loader_ax7203.led_1'
Info:     IO port 'led[2]' driven by OBUF '$iopadmap$tms_ddr3_loader_ax7203.led_2'
Info:     IO port 'led[3]' driven by OBUF '$iopadmap$tms_ddr3_loader_ax7203.led_3'
Info:     IO port 'ddr3_dq[0]' driven by IOBUF 'ddr3.ddr3_phy_inst.genblk5[0].genblk1.IOBUF_data'
Info:     IO port 'ddr3_dq[10]' driven by IOBUF 'ddr3.ddr3_phy_inst.genblk5[10].genblk1.IOBUF_data'
Info:     IO port 'ddr3_dq[11]' driven by IOBUF 'ddr3.ddr3_phy_inst.genblk5[11].genblk1.IOBUF_data'
Info:     IO port 'ddr3_dq[12]' driven by IOBUF 'ddr3.ddr3_phy_inst.genblk5[12].genblk1.IOBUF_data'
Info:     IO port 'ddr3_dq[13]' driven by IOBUF 'ddr3.ddr3_phy_inst.genblk5[13].genblk1.IOBUF_data'
Info:     IO port 'ddr3_dq[14]' driven by IOBUF 'ddr3.ddr3_phy_inst.genblk5[14].genblk1.IOBUF_data'
Info:     IO port 'ddr3_dq[15]' driven by IOBUF 'ddr3.ddr3_phy_inst.genblk5[15].genblk1.IOBUF_data'
Info:     IO port 'ddr3_dq[1]' driven by IOBUF 'ddr3.ddr3_phy_inst.genblk5[1].genblk1.IOBUF_data'
Info:     IO port 'ddr3_dq[2]' driven by IOBUF 'ddr3.ddr3_phy_inst.genblk5[2].genblk1.IOBUF_data'
Info:     IO port 'ddr3_dq[3]' driven by IOBUF 'ddr3.ddr3_phy_inst.genblk5[3].genblk1.IOBUF_data'
Info:     IO port 'ddr3_dq[4]' driven by IOBUF 'ddr3.ddr3_phy_inst.genblk5[4].genblk1.IOBUF_data'
Info:     IO port 'ddr3_dq[5]' driven by IOBUF 'ddr3.ddr3_phy_inst.genblk5[5].genblk1.IOBUF_data'
Info:     IO port 'ddr3_dq[6]' driven by IOBUF 'ddr3.ddr3_phy_inst.genblk5[6].genblk1.IOBUF_data'
Info:     IO port 'ddr3_dq[7]' driven by IOBUF 'ddr3.ddr3_phy_inst.genblk5[7].genblk1.IOBUF_data'
Info:     IO port 'ddr3_dq[8]' driven by IOBUF 'ddr3.ddr3_phy_inst.genblk5[8].genblk1.IOBUF_data'
Info:     IO port 'ddr3_dq[9]' driven by IOBUF 'ddr3.ddr3_phy_inst.genblk5[9].genblk1.IOBUF_data'
Info:     IO port 'ddr3_dm[0]' driven by OBUF 'ddr3.ddr3_phy_inst.genblk6[0].genblk1.OBUF_dm'
Info:     IO port 'ddr3_dm[1]' driven by OBUF 'ddr3.ddr3_phy_inst.genblk6[1].genblk1.OBUF_dm'
Info:     IO port 'ddr3_dqs_p[0]' driven by IOBUFDS 'ddr3.ddr3_phy_inst.genblk7[0].genblk1.IOBUFDS_dqs'
Info:     IO port 'ddr3_dqs_n[0]' driven by IOBUFDS 'ddr3.ddr3_phy_inst.genblk7[0].genblk1.IOBUFDS_dqs'
Info:     IO port 'ddr3_dqs_p[1]' driven by IOBUFDS 'ddr3.ddr3_phy_inst.genblk7[1].genblk1.IOBUFDS_dqs'
Info:     IO port 'ddr3_dqs_n[1]' driven by IOBUFDS 'ddr3.ddr3_phy_inst.genblk7[1].genblk1.IOBUFDS_dqs'
Info:     Constraining 'clk200_n' to site 'IOB_X1Y123'
Info:     Tile 'RIOB33_X105Y123'
Info:     Constraining 'clk200_p' to site 'IOB_X1Y124'
Info:     Tile 'RIOB33_X105Y123'
Info:     Constraining 'ddr3_cas_n' to site 'IOB_X1Y125'
Info:     Tile 'RIOB33_X105Y125'
Info:     Constraining 'ddr3_ck_n' to site 'IOB_X1Y143'
Info:     Tile 'RIOB33_X105Y143'
Info:     Constraining 'ddr3_ck_p' to site 'IOB_X1Y144'
Info:     Tile 'RIOB33_X105Y143'
Info:     Constraining 'ddr3_cke' to site 'IOB_X1Y122'
Info:     Tile 'RIOB33_X105Y121'
Info:     Constraining 'ddr3_cs_n' to site 'IOB_X1Y134'
Info:     Tile 'RIOB33_X105Y133'
Info:     Constraining 'ddr3_odt' to site 'IOB_X1Y121'
Info:     Tile 'RIOB33_X105Y121'
Info:     Constraining 'ddr3_ras_n' to site 'IOB_X1Y126'
Info:     Tile 'RIOB33_X105Y125'
Info:     Constraining 'ddr3_reset_n' to site 'IOB_X1Y120'
Info:     Tile 'RIOB33_X105Y119'
Info:     Constraining 'ddr3_we_n' to site 'IOB_X1Y136'
Info:     Tile 'RIOB33_X105Y135'
Info:     Constraining 'rst_n' to site 'IOB_X1Y115'
Info:     Tile 'RIOB33_X105Y115'
Info:     Constraining 'uart_rx' to site 'IOB_X0Y149'
Info:     Tile 'LIOB33_SING_X0Y149'
Info:     Constraining 'uart_tx' to site 'IOB_X0Y100'
Info:     Tile 'LIOB33_SING_X0Y100'
Info:     Constraining 'ddr3_addr[0]' to site 'IOB_X1Y127'
Info:     Tile 'RIOB33_X105Y127'
Info:     Constraining 'ddr3_addr[1]' to site 'IOB_X1Y133'
Info:     Tile 'RIOB33_X105Y133'
Info:     Constraining 'ddr3_addr[10]' to site 'IOB_X1Y139'
Info:     Tile 'RIOB33_X105Y139'
Info:     Constraining 'ddr3_addr[11]' to site 'IOB_X1Y142'
Info:     Tile 'RIOB33_X105Y141'
Info:     Constraining 'ddr3_addr[12]' to site 'IOB_X1Y141'
Info:     Tile 'RIOB33_X105Y141'
Info:     Constraining 'ddr3_addr[13]' to site 'IOB_X1Y147'
Info:     Tile 'RIOB33_X105Y147'
Info:     Constraining 'ddr3_addr[14]' to site 'IOB_X1Y137'
Info:     Tile 'RIOB33_X105Y137'
Info:     Constraining 'ddr3_addr[2]' to site 'IOB_X1Y130'
Info:     Tile 'RIOB33_X105Y129'
Info:     Constraining 'ddr3_addr[3]' to site 'IOB_X1Y129'
Info:     Tile 'RIOB33_X105Y129'
Info:     Constraining 'ddr3_addr[4]' to site 'IOB_X1Y135'
Info:     Tile 'RIOB33_X105Y135'
Info:     Constraining 'ddr3_addr[5]' to site 'IOB_X1Y138'
Info:     Tile 'RIOB33_X105Y137'
Info:     Constraining 'ddr3_addr[6]' to site 'IOB_X1Y140'
Info:     Tile 'RIOB33_X105Y139'
Info:     Constraining 'ddr3_addr[7]' to site 'IOB_X1Y148'
Info:     Tile 'RIOB33_X105Y147'
Info:     Constraining 'ddr3_addr[8]' to site 'IOB_X1Y145'
Info:     Tile 'RIOB33_X105Y145'
Info:     Constraining 'ddr3_addr[9]' to site 'IOB_X1Y146'
Info:     Tile 'RIOB33_X105Y145'
Info:     Constraining 'ddr3_ba[0]' to site 'IOB_X1Y131'
Info:     Tile 'RIOB33_X105Y131'
Info:     Constraining 'ddr3_ba[1]' to site 'IOB_X1Y132'
Info:     Tile 'RIOB33_X105Y131'
Info:     Constraining 'ddr3_ba[2]' to site 'IOB_X1Y128'
Info:     Tile 'RIOB33_X105Y127'
Info:     Constraining 'led[0]' to site 'IOB_X0Y233'
Info:     Tile 'LIOB33_X0Y233'
Info:     Constraining 'led[1]' to site 'IOB_X0Y234'
Info:     Tile 'LIOB33_X0Y233'
Info:     Constraining 'led[2]' to site 'IOB_X0Y238'
Info:     Tile 'LIOB33_X0Y237'
Info:     Constraining 'led[3]' to site 'IOB_X0Y237'
Info:     Tile 'LIOB33_X0Y237'
Info:     Constraining 'ddr3_dq[0]' to site 'IOB_X1Y196'
Info:     Tile 'RIOB33_X105Y195'
Info:     Constraining 'ddr3_dq[10]' to site 'IOB_X1Y184'
Info:     Tile 'RIOB33_X105Y183'
Info:     Constraining 'ddr3_dq[11]' to site 'IOB_X1Y179'
Info:     Tile 'RIOB33_X105Y179'
Info:     Constraining 'ddr3_dq[12]' to site 'IOB_X1Y185'
Info:     Tile 'RIOB33_X105Y185'
Info:     Constraining 'ddr3_dq[13]' to site 'IOB_X1Y180'
Info:     Tile 'RIOB33_X105Y179'
Info:     Constraining 'ddr3_dq[14]' to site 'IOB_X1Y186'
Info:     Tile 'RIOB33_X105Y185'
Info:     Constraining 'ddr3_dq[15]' to site 'IOB_X1Y176'
Info:     Tile 'RIOB33_X105Y175'
Info:     Constraining 'ddr3_dq[1]' to site 'IOB_X1Y190'
Info:     Tile 'RIOB33_X105Y189'
Info:     Constraining 'ddr3_dq[2]' to site 'IOB_X1Y197'
Info:     Tile 'RIOB33_X105Y197'
Info:     Constraining 'ddr3_dq[3]' to site 'IOB_X1Y188'
Info:     Tile 'RIOB33_X105Y187'
Info:     Constraining 'ddr3_dq[4]' to site 'IOB_X1Y195'
Info:     Tile 'RIOB33_X105Y195'
Info:     Constraining 'ddr3_dq[5]' to site 'IOB_X1Y189'
Info:     Tile 'RIOB33_X105Y189'
Info:     Constraining 'ddr3_dq[6]' to site 'IOB_X1Y198'
Info:     Tile 'RIOB33_X105Y197'
Info:     Constraining 'ddr3_dq[7]' to site 'IOB_X1Y192'
Info:     Tile 'RIOB33_X105Y191'
Info:     Constraining 'ddr3_dq[8]' to site 'IOB_X1Y178'
Info:     Tile 'RIOB33_X105Y177'
Info:     Constraining 'ddr3_dq[9]' to site 'IOB_X1Y177'
Info:     Tile 'RIOB33_X105Y177'
Info:     Constraining 'ddr3_dm[0]' to site 'IOB_X1Y191'
Info:     Tile 'RIOB33_X105Y191'
Info:     Constraining 'ddr3_dm[1]' to site 'IOB_X1Y183'
Info:     Tile 'RIOB33_X105Y183'
Info:     Constraining 'ddr3_dqs_p[0]' to site 'IOB_X1Y194'
Info:     Tile 'RIOB33_X105Y193'
Info:     Constraining 'ddr3_dqs_n[0]' to site 'IOB_X1Y193'
Info:     Tile 'RIOB33_X105Y193'
Info:     Constraining 'ddr3_dqs_p[1]' to site 'IOB_X1Y182'
Info:     Tile 'RIOB33_X105Y181'
Info:     Constraining 'ddr3_dqs_n[1]' to site 'IOB_X1Y181'
Info:     Tile 'RIOB33_X105Y181'
Info: Generating output buffer for '$iopadmap$tms_ddr3_loader_ax7203.ddr3_cas_n'
Info: Generating output buffer for '$iopadmap$tms_ddr3_loader_ax7203.ddr3_cke'
Info: Generating output buffer for '$iopadmap$tms_ddr3_loader_ax7203.ddr3_cs_n'
Info: Generating output buffer for '$iopadmap$tms_ddr3_loader_ax7203.ddr3_odt'
Info: Generating output buffer for '$iopadmap$tms_ddr3_loader_ax7203.ddr3_ras_n'
Info: Generating output buffer for '$iopadmap$tms_ddr3_loader_ax7203.ddr3_reset_n'
Info: Generating output buffer for '$iopadmap$tms_ddr3_loader_ax7203.ddr3_we_n'
Info: Generating input buffer for '$iopadmap$tms_ddr3_loader_ax7203.rst_n'
Info: Generating input buffer for '$iopadmap$tms_ddr3_loader_ax7203.uart_rx'
Info: Generating output buffer for '$iopadmap$tms_ddr3_loader_ax7203.uart_tx'
Info: Generating output buffer for '$iopadmap$tms_ddr3_loader_ax7203.ddr3_addr'
Info: Generating output buffer for '$iopadmap$tms_ddr3_loader_ax7203.ddr3_addr_1'
Info: Generating output buffer for '$iopadmap$tms_ddr3_loader_ax7203.ddr3_addr_10'
Info: Generating output buffer for '$iopadmap$tms_ddr3_loader_ax7203.ddr3_addr_11'
Info: Generating output buffer for '$iopadmap$tms_ddr3_loader_ax7203.ddr3_addr_12'
Info: Generating output buffer for '$iopadmap$tms_ddr3_loader_ax7203.ddr3_addr_13'
Info: Generating output buffer for '$iopadmap$tms_ddr3_loader_ax7203.ddr3_addr_14'
Info: Generating output buffer for '$iopadmap$tms_ddr3_loader_ax7203.ddr3_addr_2'
Info: Generating output buffer for '$iopadmap$tms_ddr3_loader_ax7203.ddr3_addr_3'
Info: Generating output buffer for '$iopadmap$tms_ddr3_loader_ax7203.ddr3_addr_4'
Info: Generating output buffer for '$iopadmap$tms_ddr3_loader_ax7203.ddr3_addr_5'
Info: Generating output buffer for '$iopadmap$tms_ddr3_loader_ax7203.ddr3_addr_6'
Info: Generating output buffer for '$iopadmap$tms_ddr3_loader_ax7203.ddr3_addr_7'
Info: Generating output buffer for '$iopadmap$tms_ddr3_loader_ax7203.ddr3_addr_8'
Info: Generating output buffer for '$iopadmap$tms_ddr3_loader_ax7203.ddr3_addr_9'
Info: Generating output buffer for '$iopadmap$tms_ddr3_loader_ax7203.ddr3_ba'
Info: Generating output buffer for '$iopadmap$tms_ddr3_loader_ax7203.ddr3_ba_1'
Info: Generating output buffer for '$iopadmap$tms_ddr3_loader_ax7203.ddr3_ba_2'
Info: Generating output buffer for '$iopadmap$tms_ddr3_loader_ax7203.led'
Info: Generating output buffer for '$iopadmap$tms_ddr3_loader_ax7203.led_1'
Info: Generating output buffer for '$iopadmap$tms_ddr3_loader_ax7203.led_2'
Info: Generating output buffer for '$iopadmap$tms_ddr3_loader_ax7203.led_3'
Info: Generating input buffer for 'ddr3.ddr3_phy_inst.genblk5[0].genblk1.IOBUF_data'
Info: Generating output buffer for 'ddr3.ddr3_phy_inst.genblk5[0].genblk1.IOBUF_data'
Info: Generating input buffer for 'ddr3.ddr3_phy_inst.genblk5[10].genblk1.IOBUF_data'
Info: Generating output buffer for 'ddr3.ddr3_phy_inst.genblk5[10].genblk1.IOBUF_data'
Info: Generating input buffer for 'ddr3.ddr3_phy_inst.genblk5[11].genblk1.IOBUF_data'
Info: Generating output buffer for 'ddr3.ddr3_phy_inst.genblk5[11].genblk1.IOBUF_data'
Info: Generating input buffer for 'ddr3.ddr3_phy_inst.genblk5[12].genblk1.IOBUF_data'
Info: Generating output buffer for 'ddr3.ddr3_phy_inst.genblk5[12].genblk1.IOBUF_data'
Info: Generating input buffer for 'ddr3.ddr3_phy_inst.genblk5[13].genblk1.IOBUF_data'
Info: Generating output buffer for 'ddr3.ddr3_phy_inst.genblk5[13].genblk1.IOBUF_data'
Info: Generating input buffer for 'ddr3.ddr3_phy_inst.genblk5[14].genblk1.IOBUF_data'
Info: Generating output buffer for 'ddr3.ddr3_phy_inst.genblk5[14].genblk1.IOBUF_data'
Info: Generating input buffer for 'ddr3.ddr3_phy_inst.genblk5[15].genblk1.IOBUF_data'
Info: Generating output buffer for 'ddr3.ddr3_phy_inst.genblk5[15].genblk1.IOBUF_data'
Info: Generating input buffer for 'ddr3.ddr3_phy_inst.genblk5[1].genblk1.IOBUF_data'
Info: Generating output buffer for 'ddr3.ddr3_phy_inst.genblk5[1].genblk1.IOBUF_data'
Info: Generating input buffer for 'ddr3.ddr3_phy_inst.genblk5[2].genblk1.IOBUF_data'
Info: Generating output buffer for 'ddr3.ddr3_phy_inst.genblk5[2].genblk1.IOBUF_data'
Info: Generating input buffer for 'ddr3.ddr3_phy_inst.genblk5[3].genblk1.IOBUF_data'
Info: Generating output buffer for 'ddr3.ddr3_phy_inst.genblk5[3].genblk1.IOBUF_data'
Info: Generating input buffer for 'ddr3.ddr3_phy_inst.genblk5[4].genblk1.IOBUF_data'
Info: Generating output buffer for 'ddr3.ddr3_phy_inst.genblk5[4].genblk1.IOBUF_data'
Info: Generating input buffer for 'ddr3.ddr3_phy_inst.genblk5[5].genblk1.IOBUF_data'
Info: Generating output buffer for 'ddr3.ddr3_phy_inst.genblk5[5].genblk1.IOBUF_data'
Info: Generating input buffer for 'ddr3.ddr3_phy_inst.genblk5[6].genblk1.IOBUF_data'
Info: Generating output buffer for 'ddr3.ddr3_phy_inst.genblk5[6].genblk1.IOBUF_data'
Info: Generating input buffer for 'ddr3.ddr3_phy_inst.genblk5[7].genblk1.IOBUF_data'
Info: Generating output buffer for 'ddr3.ddr3_phy_inst.genblk5[7].genblk1.IOBUF_data'
Info: Generating input buffer for 'ddr3.ddr3_phy_inst.genblk5[8].genblk1.IOBUF_data'
Info: Generating output buffer for 'ddr3.ddr3_phy_inst.genblk5[8].genblk1.IOBUF_data'
Info: Generating input buffer for 'ddr3.ddr3_phy_inst.genblk5[9].genblk1.IOBUF_data'
Info: Generating output buffer for 'ddr3.ddr3_phy_inst.genblk5[9].genblk1.IOBUF_data'
Info: Generating output buffer for 'ddr3.ddr3_phy_inst.genblk6[0].genblk1.OBUF_dm'
Info: Generating output buffer for 'ddr3.ddr3_phy_inst.genblk6[1].genblk1.OBUF_dm'
Info:     Created 3 INVERTER cells from:
Info:              3x INV
Info:     Created 58 PAD cells from:
Info:             58x PAD
Info: Preparing clocking...
Info: Packing constants..
Info: Packing cfg...
Info: Packing PLLs...
Info:     Constrained PLLE2_ADV_PLLE2_ADV 'pll' to bel 'PLLE2_ADV_X1Y2/PLLE2_ADV' based on dedicated routing
Info:     PLL/MMCM: disconnected 28 const DRP/control pins (Vivado leaves them unrouted)
Info: Packing Gigabit Transceivers..
Info: Packing global buffers...
Info:     Constrained BUFGCTRL 'clk_ctrl_bufg' to bel 'BUFGCTRL_X0Y0/BUFGCTRL' based on dedicated routing
Info:     Constrained BUFGCTRL 'clk_ddr_90_bufg' to bel 'BUFGCTRL_X0Y1/BUFGCTRL' based on dedicated routing
Info:     Constrained BUFGCTRL 'clk_ddr_bufg' to bel 'BUFGCTRL_X0Y2/BUFGCTRL' based on dedicated routing
Info:     Constrained BUFGCTRL 'clk_ref_bufg' to bel 'BUFGCTRL_X0Y3/BUFGCTRL' based on dedicated routing
Info: Packing MUX[789]s..
Info: Packing carries (atomic CARRY4)..
Info:    Packed 779 CARRY4 cells into 153 chains (atomic).
Info: router2 PRECYINIT fix: 779 CARRY4 cells, 932 constant carry pins disconnected
Info:    Carry-O relocation: 13 sum(s) duplicated, 13 CARRY4 split(s), 0 bit(s) skipped (unrelocatable)
Info: Packing LUTs..
Info:     Created 15400 SLICE_LUTX cells from:
Info:           6129x LUT1
Info:           1648x LUT2
Info:           1761x LUT3
Info:           1309x LUT4
Info:           2782x LUT5
Info:           1771x LUT6
Info: Packing DRAM..
Info:    Transformed 0 tied-low DRAM address inputs to be tied-high
Info: Packing BRAM..
Info: Packing DSPs..
Info: Packing flipflops..
Info:     Created 6752 SLICE_FFX cells from:
Info:           4447x FDCE
Info:             43x FDPE
Info:           2236x FDRE
Info:             26x FDSE
Info:     local-const FF control: disconnected 80 SR(=GND) + 2945 CE(=VCC) pins from global nets
Info:     Created 15 SELMUX2_1 cells from:
Info:             10x MUXF7
Info:              5x MUXF8
Info: Constrained 4000 LUTFF pairs.

Info: Annotating ports with timing budgets for target frequency 12.00 MHz
Info: Checksum: 0x4fb14bf6

Info: Device utilisation:
Info: 	          SLICE_LUTX: 15400/269200     5%
Info: 	           SLICE_FFX:  6752/269200     2%
Info: 	              CARRY4:   792/33650     2%
Info: 	          PSEUDO_GND:     1/69165     0%
Info: 	          PSEUDO_VCC:     1/69165     0%
Info: 	               HARD0:     0/ 3960     0%
Info: 	            RAMB18E1:     0/  730     0%
Info: 	            FIFO18E1:     0/  365     0%
Info: 	        RAMBFIFO36E1:     0/  365     0%
Info: 	            RAMB36E1:     2/  365     0%
Info: 	             DSP48E1:     0/  740     0%
Info: 	                 PAD:    58/ 1062     5%
Info: 	       IOB33M_OUTBUF:     3/  240     1%
Info: 	       IOB33S_OUTBUF:     3/  240     1%
Info: 	        IOB33_OUTBUF:    48/  500     9%
Info: 	     IOB33M_INBUF_EN:     3/  240     1%
Info: 	     IOB33S_INBUF_EN:     0/  240     0%
Info: 	      IOB33_INBUF_EN:    18/  500     3%
Info: 	IOB33M_TERM_OVERRIDE:     0/  240     0%
Info: 	IOB33S_TERM_OVERRIDE:     0/  240     0%
Info: 	 IOB33_TERM_OVERRIDE:     0/  500     0%
Info: 	       PULL_OR_KEEP1:     0/  980     0%
Info: 	            IDELAYE2:    18/  500     3%
Info: 	        OLOGICE3_TFF:     0/  500     0%
Info: 	      OLOGICE3_OUTFF:     0/  500     0%
Info: 	       OLOGICE3_MISR:     0/  500     0%
Info: 	           OSERDESE2:    45/  500     9%
Info: 	        ILOGICE3_IFF:     0/  500     0%
Info: 	ILOGICE3_ZHOLD_DELAY:     0/  500     0%
Info: 	           ISERDESE2:    18/  500     3%
Info: 	                BUFR:     0/   40     0%
Info: 	               BUFIO:     0/   40     0%
Info: 	          IDELAYCTRL:     1/   10    10%
Info: 	            BUFGCTRL:     4/   32    12%
Info: 	            PCIE_2_1:     0/    1     0%
Info: 	               BSCAN:     0/    4     0%
Info: 	                BUFG:     0/   32     0%
Info: 	              BUFHCE:     0/  120     0%
Info: 	            DCIRESET:     0/    1     0%
Info: 	            DNA_PORT:     0/    1     0%
Info: 	           EFUSE_USR:     0/    1     0%
Info: 	           FRAME_ECC:     0/    1     0%
Info: 	       GTPE2_CHANNEL:     0/   16     0%
Info: 	        GTPE2_COMMON:     0/    4     0%
Info: 	         IBUFDS_GTE2:     0/    8     0%
Info: 	                ICAP:     0/    2     0%
Info: 	            INVERTER:     3/  240     1%
Info: 	          MMCME2_ADV:     0/   10     0%
Info: 	        OLOGICE2_TFF:     0/  500     0%
Info: 	      OLOGICE2_OUTFF:     0/  500     0%
Info: 	           PLLE2_ADV:     1/   10    10%
Info: 	           SELMUX2_1:    15/102950     0%
Info: 	             STARTUP:     0/    1     0%
Info: 	          USR_ACCESS:     0/    1     0%
Info: 	              BUFFER:     0/   82     0%
Info: 	        ILOGICE2_IFF:     0/  500     0%
Info: 	       OLOGICE2_MISR:     0/  500     0%

Info: HeAP congestion knobs: beta=0.400 spread_scale=2,1 alpha=0.080
Info: Placed 223 cells based on constraints.
Info: Creating initial analytic placement for 10886 cells, random placement wirelen = 4726857.
Info:     at initial placer iter 0, wirelen = 52113
Info:     at initial placer iter 1, wirelen = 48582
Info:     at initial placer iter 2, wirelen = 48033
Info:     at initial placer iter 3, wirelen = 47437
Info: Running main analytical placer.
Info:     at iteration #1, type ALL: wirelen solved = 47295, spread = 619225, legal = 621650; time = 0.43s
Info:     at iteration #2, type ALL: wirelen solved = 93130, spread = 382738, legal = 386014; time = 0.42s
Info:     at iteration #3, type ALL: wirelen solved = 109406, spread = 308613, legal = 314228; time = 0.43s
Info:     at iteration #4, type ALL: wirelen solved = 120574, spread = 306170, legal = 314193; time = 0.40s
Info:     at iteration #5, type ALL: wirelen solved = 141028, spread = 307783, legal = 314609; time = 0.38s
Info:     at iteration #6, type ALL: wirelen solved = 151504, spread = 319490, legal = 323703; time = 0.37s
Info:     at iteration #7, type ALL: wirelen solved = 161106, spread = 286259, legal = 292795; time = 0.36s
Info:     at iteration #8, type ALL: wirelen solved = 171223, spread = 298104, legal = 305819; time = 0.36s
Info:     at iteration #9, type ALL: wirelen solved = 193975, spread = 313319, legal = 316083; time = 0.36s
Info:     at iteration #10, type ALL: wirelen solved = 198490, spread = 363070, legal = 367684; time = 0.36s
Info:     at iteration #11, type ALL: wirelen solved = 214716, spread = 317837, legal = 322812; time = 0.35s
Info:     at iteration #12, type ALL: wirelen solved = 215905, spread = 366318, legal = 367301; time = 0.38s
Info: HeAP Placer Time: 7.50s
Info:   of which solving equations: 3.80s
Info:   of which spreading cells: 0.83s
Info:   of which strict legalisation: 0.82s

Info: Running simulated annealing placer for refinement.
Info:   at iteration #1: temp = 0.000000, timing cost = 746, wirelen = 292795
Info:   at iteration #5: temp = 0.000000, timing cost = 717, wirelen = 272007
Info:   at iteration #10: temp = 0.000000, timing cost = 677, wirelen = 270883
Info:   at iteration #14: temp = 0.000000, timing cost = 682, wirelen = 270644 
Info: SA placement time 8.19s

Info: Max frequency for clock 'clk_ctrl': 66.53 MHz (FAIL at 75.00 MHz)

Info: Slack histogram:
Info:  legend: * represents 46 endpoint(s)
Info:          + represents [1,46) endpoint(s)
Info: [ -1697,   -961) |+
Info: [  -961,   -225) |+
Info: [  -225,    511) |+
Info: [   511,   1247) |***+
Info: [  1247,   1983) |****+
Info: [  1983,   2719) |****+
Info: [  2719,   3455) |*********+
Info: [  3455,   4191) |**********+
Info: [  4191,   4927) |***********+
Info: [  4927,   5663) |*************************+
Info: [  5663,   6399) |*************************+
Info: [  6399,   7135) |**************************+
Info: [  7135,   7871) |*********************************+
Info: [  7871,   8607) |************************************************************ 
Info: [  8607,   9343) |*****************************************+
Info: [  9343,  10079) |****************+
Info: [ 10079,  10815) |**************************+
Info: [ 10815,  11551) |*****************************+
Info: [ 11551,  12287) |******************+
Info: [ 12287,  13023) |*************+
Info: Checksum: 0xc18e6ab3
Info: Running post-placement legalisation...
Info: post-place repair: relocated 4179 stranded cluster(s)/cell(s) to valid bels
Info: Routing global clocks...
Info:     routing clock 'clk_ddr'
Info:     routing clock 'clk_ctrl'
Info:     routing clock 'clk200_in'
Info:     routing clock 'ctrl_raw'
Info:     routing clock 'ddr90_raw'
Info:     routing clock 'clk_ddr_90'
Info:     routing clock 'ddr_raw'
Info:     routing clock 'ref_raw'
Info:     routing clock 'clk_ref'
Info: Running router2...
Info: Setting up routing resources...
Info: Adopted 6927 pre-routed arc(s)
Info: Running main router loop...
Info:     iter=1 wires=313568 overused=10752 overuse=11031 archfail=NA
Info:     iter=2 wires=320809 overused=30 overuse=30 archfail=NA
Info:     iter=3 wires=320834 overused=0 overuse=0 archfail=0
Info: 1000 slowest nets by runtime:
        $techmap$techmap491615$auto$ff.cc:337:slice$358547.$auto$abc9_ops.cc:411:prep_bypass$491543.PRE   4490 1100.6ms
                                                                              ddr3.reset   2175 779.2ms
                                                                          calib_complete     91 423.0ms
                  $techmap840121$auto$abc_ops_reintegrate.cc:611:reintegrate$834640.A[1]    191 333.6ms
                  $techmap840121$auto$abc_ops_reintegrate.cc:611:reintegrate$834640.A[0]    190 332.6ms
                  $techmap839577$auto$abc_ops_reintegrate.cc:611:reintegrate$834986.A[2]    181 295.2ms
                  $techmap841850$auto$abc_ops_reintegrate.cc:611:reintegrate$834263.A[1]    150 254.2ms
                                    $techmap840704$abc$832934$lut$aiger832933$24141.A[2]    313 253.6ms
                                                    ddr3.ddr3_controller_inst.late_dq[1]    205 242.9ms
                                                    ddr3.ddr3_controller_inst.late_dq[0]    193 231.6ms
                              $abc$832934$auto$opt_dff.cc:336:make_patterns_logic$132270    142 222.5ms
                  $techmap841571$auto$abc_ops_reintegrate.cc:611:reintegrate$834346.A[0]    314 219.6ms
                  $techmap841345$auto$abc_ops_reintegrate.cc:611:reintegrate$834398.A[0]    144 215.6ms
                                                          ddr3.ddr3_controller_inst.lane    133 214.3ms
                                        ddr3.ddr3_controller_inst.data_start_index[1][5]    110 213.1ms
                  $techmap841420$auto$abc_ops_reintegrate.cc:611:reintegrate$834377.A[3]    122 204.3ms
                  $techmap841799$auto$abc_ops_reintegrate.cc:611:reintegrate$834279.A[2]     60 204.2ms
                  $techmap841262$auto$abc_ops_reintegrate.cc:611:reintegrate$834404.A[3]    253 203.5ms
                                                 ddr3.ddr3_controller_inst.stage2_update    158 201.3ms
        $flatten\ddr3.\ddr3_controller_inst.$shiftx$build/uberddr3/rtl/ddr3_controller.v:2225$33047.Y     64 197.6ms
                  $techmap841799$auto$abc_ops_reintegrate.cc:611:reintegrate$834279.A[0]    166 196.3ms
                  $techmap841321$auto$abc_ops_reintegrate.cc:611:reintegrate$834400.A[1]     65 190.5ms
        $flatten\ddr3.\ddr3_controller_inst.$shiftx$build/uberddr3/rtl/ddr3_controller.v:2248$33043.Y     64 187.9ms
                                        ddr3.ddr3_controller_inst.data_start_index[0][1]    169 179.0ms
                                                 ddr3.ddr3_controller_inst.index_wb_data    129 178.8ms
                                                                         master.read_ack    163 178.3ms
                                         $techmap841546$abc$832934$lut$aiger$o20607.A[4]    129 178.2ms
                                        ddr3.ddr3_controller_inst.data_start_index[0][6]    142 176.7ms
                                        ddr3.ddr3_controller_inst.data_start_index[0][0]    107 176.4ms
                                         $techmap847607$abc$832934$lut$aiger$o20016.A[1]    157 172.4ms
                                              ddr3.ddr3_controller_inst.stage2_bank_d[1]     60 164.0ms
                                              ddr3.ddr3_controller_inst.stage2_bank_d[0]     63 163.3ms
                                        ddr3.ddr3_controller_inst.data_start_index[0][2]    147 159.8ms
                  $techmap842058$auto$abc_ops_reintegrate.cc:611:reintegrate$834206.A[3]    159 159.7ms
                                                                              rd_addr[0]     45 157.5ms
                                         $techmap846831$abc$832934$lut$aiger$o18917.A[0]     98 156.6ms
                  $techmap841548$auto$abc_ops_reintegrate.cc:611:reintegrate$834354.A[1]     43 155.3ms
                                        ddr3.ddr3_controller_inst.data_start_index[0][4]    209 152.8ms
                                        ddr3.ddr3_controller_inst.data_start_index[0][5]    151 151.4ms
                                    $techmap840708$abc$832934$lut$aiger832933$24159.A[1]     66 149.5ms
                                    $techmap840968$abc$832934$lut$aiger832933$25751.A[4]     64 147.9ms
                                            $techmap493833$auto$ff.cc:337:slice$251041.D    132 146.7ms
                                        ddr3.ddr3_controller_inst.data_start_index[1][1]    167 145.0ms
                  $techmap839890$auto$abc_ops_reintegrate.cc:611:reintegrate$834748.A[1]     85 143.8ms
                  $techmap842703$auto$abc_ops_reintegrate.cc:611:reintegrate$834027.A[2]    189 143.0ms
                  $techmap840934$auto$abc_ops_reintegrate.cc:611:reintegrate$834439.A[0]    126 141.4ms
                  $techmap840973$auto$abc_ops_reintegrate.cc:611:reintegrate$834438.A[2]     89 136.1ms
                                        ddr3.ddr3_controller_inst.data_start_index[1][3]    168 133.7ms
                                        ddr3.ddr3_controller_inst.data_start_index[1][2]    147 132.8ms
                                        ddr3.ddr3_controller_inst.data_start_index[1][4]    209 131.7ms
                              $abc$832934$auto$opt_dff.cc:336:make_patterns_logic$133211    153 130.1ms
                  $techmap841168$auto$abc_ops_reintegrate.cc:611:reintegrate$834422.A[1]     99 129.8ms
                  $techmap841501$auto$abc_ops_reintegrate.cc:611:reintegrate$834370.A[2]    146 129.6ms
                                        ddr3.ddr3_controller_inst.data_start_index[0][3]    180 128.9ms
                  $techmap841174$auto$abc_ops_reintegrate.cc:611:reintegrate$834419.A[3]     78 119.2ms
                  $techmap840690$auto$abc_ops_reintegrate.cc:611:reintegrate$834446.A[3]    128 117.6ms
                                    $techmap841430$abc$832934$lut$aiger832933$29370.A[0]     45 117.0ms
                                    $techmap840968$abc$832934$lut$aiger832933$25751.A[5]     65 114.7ms
                  $techmap841188$auto$abc_ops_reintegrate.cc:611:reintegrate$834415.A[1]     69 111.4ms
                                         $techmap846038$abc$832934$lut$aiger$o22994.A[1]     64 111.3ms
                  $techmap841164$auto$abc_ops_reintegrate.cc:611:reintegrate$834423.A[3]     85 110.4ms
                  $techmap841240$auto$abc_ops_reintegrate.cc:611:reintegrate$834405.A[1]    103 109.8ms
                                            $techmap496060$auto$ff.cc:337:slice$180541.D     80 106.1ms
                  $techmap844436$auto$abc_ops_reintegrate.cc:611:reintegrate$833354.A[1]     54 104.9ms
                                    $techmap841427$abc$832934$lut$aiger832933$29368.A[1]     51 104.5ms
        $flatten\ddr3.\ddr3_controller_inst.$shiftx$build/uberddr3/rtl/ddr3_controller.v:2225$33039.Y     64 104.3ms
                                    $techmap840960$abc$832934$lut$aiger832933$25740.A[2]     55 102.7ms
                                        ddr3.ddr3_controller_inst.data_start_index[1][0]    108 101.7ms
                                    $techmap841260$abc$832934$lut$aiger832933$28499.A[0]     41 100.6ms
                                         $techmap846028$abc$832934$lut$aiger$o26485.A[3]     65 97.6ms
                                    $techmap840972$abc$832934$lut$aiger832933$25758.A[1]     50 97.4ms
                                                ddr3.ddr3_controller_inst.stage1_bank[1]     48 96.9ms
                                                ddr3.ddr3_controller_inst.stage1_bank[0]     50 96.9ms
                  $techmap841232$auto$abc_ops_reintegrate.cc:611:reintegrate$834408.A[1]    112 96.4ms
                                    $techmap840968$abc$832934$lut$aiger832933$25751.A[3]     49 96.1ms
                  $techmap844779$auto$abc_ops_reintegrate.cc:611:reintegrate$833261.A[3]     61 95.9ms
                                    $techmap841441$abc$832934$lut$aiger832933$29394.A[0]    109 94.8ms
                                                                              rd_addr[3]     46 94.5ms
                  $techmap841027$auto$abc_ops_reintegrate.cc:611:reintegrate$834432.A[1]     67 94.3ms
                  $techmap841539$auto$abc_ops_reintegrate.cc:611:reintegrate$834358.A[4]     60 94.2ms
                                        ddr3.ddr3_controller_inst.data_start_index[1][6]    106 94.0ms
                  $techmap841232$auto$abc_ops_reintegrate.cc:611:reintegrate$834408.A[2]     66 92.3ms
                  $techmap840930$auto$abc_ops_reintegrate.cc:611:reintegrate$834440.A[5]     46 89.2ms
                                            $techmap492957$auto$ff.cc:337:slice$253288.D     92 86.3ms
                                    $techmap840686$abc$832934$lut$aiger832933$24018.A[3]     75 85.6ms
                  $techmap840255$auto$abc_ops_reintegrate.cc:611:reintegrate$834606.A[4]     56 82.9ms
                                    $techmap841439$abc$832934$lut$aiger832933$29383.A[0]    112 82.8ms
                                            $techmap491965$auto$ff.cc:337:slice$262817.D     78 81.8ms
                  $techmap841168$auto$abc_ops_reintegrate.cc:611:reintegrate$834422.A[2]     41 81.4ms
                  $techmap841577$auto$abc_ops_reintegrate.cc:611:reintegrate$834344.A[0]    111 81.0ms
                              $abc$832934$auto$opt_dff.cc:336:make_patterns_logic$132246    129 80.7ms
                  $techmap841468$auto$abc_ops_reintegrate.cc:611:reintegrate$834376.A[0]    101 79.5ms
        $flatten\ddr3.\ddr3_controller_inst.$shiftx$build/uberddr3/rtl/ddr3_controller.v:2248$33051.Y     64 79.4ms
                                                             ddr3.ddr3_phy_inst.sync_rst     64 78.8ms
                  $techmap841160$auto$abc_ops_reintegrate.cc:611:reintegrate$834425.A[4]     65 76.7ms
                  $techmap841571$auto$abc_ops_reintegrate.cc:611:reintegrate$834346.A[2]     55 75.3ms
                                    $techmap840996$abc$832934$lut$aiger832933$25953.A[1]     41 74.8ms
                                         $techmap846025$abc$832934$lut$aiger$o17105.A[1]     67 70.5ms
                                            $techmap491665$auto$ff.cc:337:slice$353550.D     82 70.2ms
                                    $techmap840960$abc$832934$lut$aiger832933$25740.A[3]     44 67.6ms
                  $techmap841235$auto$abc_ops_reintegrate.cc:611:reintegrate$834406.A[3]     81 66.2ms
                  $techmap841535$auto$abc_ops_reintegrate.cc:611:reintegrate$834360.A[1]     48 64.3ms
                                         $techmap840120$abc$832934$lut$aiger$o17536.A[2]     62 63.3ms
                                         $techmap846007$abc$832934$lut$aiger$o17055.A[1]     42 63.0ms
                                                                           committed_any      1 61.0ms
                                            ddr3.ddr3_controller_inst.dqs_start_index[0]     42 58.7ms
                              $abc$832934$auto$opt_dff.cc:336:make_patterns_logic$133610     42 53.5ms
                  $techmap839764$auto$abc_ops_reintegrate.cc:611:reintegrate$834813.A[1]     64 53.5ms
                  $techmap841468$auto$abc_ops_reintegrate.cc:611:reintegrate$834376.A[1]     72 51.8ms
                  $techmap839702$auto$abc_ops_reintegrate.cc:611:reintegrate$834875.A[2]     58 50.0ms
                  $techmap840035$auto$abc_ops_reintegrate.cc:611:reintegrate$834653.A[0]     41 49.0ms
                                                                                 mv_s_go     78 49.0ms
                                              ddr3.ddr3_controller_inst.write_pattern[0]     45 48.8ms
                                            $techmap495898$auto$ff.cc:337:slice$180878.D     46 48.6ms
                                                                                 any_nak      1 45.9ms
                  $techmap840675$auto$abc_ops_reintegrate.cc:611:reintegrate$834447.A[1]     41 42.9ms
                                                                               debug1[0]     39 40.0ms
                                            $techmap491617$auto$ff.cc:337:slice$358545.D     41 37.2ms
                                                                        master.outst[21]      5 37.0ms
                                         ddr3.ddr3_controller_inst.stage1_next_bank_d[2]     33 35.8ms
                  $techmap840158$auto$abc_ops_reintegrate.cc:611:reintegrate$834635.A[2]     39 29.5ms
                                       ddr3.ddr3_controller_inst.delay_counter_is_zero_d     30 29.5ms
                                    $techmap840708$abc$832934$lut$aiger832933$24159.A[2]     32 29.2ms
                  $techmap842958$auto$abc_ops_reintegrate.cc:611:reintegrate$833941.A[0]     40 28.8ms
                                            $techmap494542$auto$ff.cc:337:slice$250032.D     42 28.6ms
                                    $techmap840710$abc$832934$lut$aiger832933$24168.A[5]     26 28.5ms
                                      ddr3.ddr3_controller_inst.write_by_byte_counter[2]     29 28.1ms
                  $techmap839702$auto$abc_ops_reintegrate.cc:611:reintegrate$834875.A[3]     59 27.7ms
                  $techmap840200$auto$abc_ops_reintegrate.cc:611:reintegrate$834613.A[1]     40 27.1ms
                              $abc$832934$auto$opt_dff.cc:336:make_patterns_logic$134701     39 25.8ms
                                                ddr3.ddr3_controller_inst.stage2_pending     38 25.0ms
                                                  $abc$832934$lut$aiger832933$25946.A[7]     29 24.9ms
                                         ddr3.ddr3_controller_inst.stage1_next_bank_d[1]     37 24.7ms
                  $techmap843496$auto$abc_ops_reintegrate.cc:611:reintegrate$833730.A[1]     21 24.4ms
        $abc$832934$flatten\loader.$logic_and$build/t27/specs/rtl/fpga_ddr3_loader.v:1622$929_Y     33 24.4ms
                                                                         loader.h_len[2]     14 24.1ms
                              $abc$832934$auto$opt_dff.cc:336:make_patterns_logic$133822     32 23.8ms
                  $techmap844180$auto$abc_ops_reintegrate.cc:611:reintegrate$833449.A[0]     39 23.8ms
                  $techmap842143$auto$abc_ops_reintegrate.cc:611:reintegrate$834181.A[1]     28 23.7ms
                                                  $abc$832934$lut$aiger832933$25946.A[6]     22 23.5ms
                                                                          transmitter.tx      1 23.4ms
                  $techmap841035$auto$abc_ops_reintegrate.cc:611:reintegrate$834430.A[2]     33 23.2ms
                  $techmap841512$auto$abc_ops_reintegrate.cc:611:reintegrate$834366.A[1]     36 23.1ms
                                            ddr3.ddr3_controller_inst.dqs_start_index[1]     34 22.7ms
                  $techmap840728$auto$abc_ops_reintegrate.cc:611:reintegrate$834444.A[0]     32 22.4ms
                                    $techmap841237$abc$832934$lut$aiger832933$26014.A[1]     34 22.4ms
                                          ddr3.ddr3_controller_inst.start_index_check[5]     34 21.8ms
                  $techmap840158$auto$abc_ops_reintegrate.cc:611:reintegrate$834635.A[3]     19 21.7ms
                              $abc$832934$auto$opt_dff.cc:336:make_patterns_logic$133692     32 21.5ms
                  $techmap842261$auto$abc_ops_reintegrate.cc:611:reintegrate$834152.A[0]     18 21.4ms
                              $abc$832934$auto$opt_dff.cc:336:make_patterns_logic$133477     32 21.4ms
                                           $abc$832934$auto$rtlil.cc:3504:NotGate$476375     23 21.1ms
                                                                            receiver.rx2     40 21.0ms
                  $techmap845248$auto$abc_ops_reintegrate.cc:611:reintegrate$833096.A[1]     25 21.0ms
                                    $techmap839908$abc$832934$lut$aiger832933$18548.A[5]     18 20.9ms
                                    $techmap840963$abc$832934$lut$aiger832933$25745.A[2]     32 20.9ms
                                        ddr3.ddr3_controller_inst.instruction_address[2]     22 20.7ms
                                         $techmap846025$abc$832934$lut$aiger$o17105.A[0]     36 20.2ms
                  $techmap843451$auto$abc_ops_reintegrate.cc:611:reintegrate$833752.A[1]     29 20.2ms
                                              ddr3.ddr3_controller_inst.stage2_bank_d[2]     31 20.1ms
                                    $techmap848103$abc$832934$lut$aiger832933$30314.A[0]     36 20.0ms
                                         $techmap846220$abc$832934$lut$aiger$o27712.A[2]     40 19.8ms
        $abc$832934$flatten\loader.$logic_and$build/t27/specs/rtl/fpga_ddr3_loader.v:1618$920_Y     32 19.5ms
                                            $techmap491620$auto$ff.cc:337:slice$358174.D     39 19.5ms
                  $techmap839668$auto$abc_ops_reintegrate.cc:611:reintegrate$834906.A[1]     61 19.5ms
                                         $techmap847811$abc$832934$lut$aiger$o20736.A[1]     32 19.4ms
                  $techmap841544$auto$abc_ops_reintegrate.cc:611:reintegrate$834355.A[1]     32 19.2ms
                                         $techmap846051$abc$832934$lut$aiger$o27650.A[1]     40 19.0ms
                  $techmap840644$auto$abc_ops_reintegrate.cc:611:reintegrate$834449.A[1]     19 19.0ms
                  $techmap843317$auto$abc_ops_reintegrate.cc:611:reintegrate$833796.A[0]     29 18.7ms
                                         $techmap847327$abc$832934$lut$aiger$o19562.A[1]     40 18.6ms
                                                 ddr3.ddr3_controller_inst.stage2_do_act     32 18.1ms
                  $techmap840132$auto$abc_ops_reintegrate.cc:611:reintegrate$834638.A[2]     22 18.1ms
                                    $techmap839544$abc$832934$lut$aiger832933$22603.A[1]     40 18.0ms
                                                                        loader.h_len[10]     17 18.0ms
                                                                       loader.h_addr[12]     12 17.8ms
                              $abc$832934$auto$opt_dff.cc:336:make_patterns_logic$134777     40 17.8ms
                                    $techmap844573$abc$832934$lut$aiger832933$52717.A[3]      3 17.5ms
                                         $techmap846182$abc$832934$lut$aiger$o23035.A[1]     32 17.5ms
                  $techmap841188$auto$abc_ops_reintegrate.cc:611:reintegrate$834415.A[0]     35 17.4ms
                  $techmap844943$auto$abc_ops_reintegrate.cc:611:reintegrate$833221.A[1]     25 17.3ms
                  $techmap840148$auto$abc_ops_reintegrate.cc:611:reintegrate$834636.A[2]     26 17.3ms
                              $abc$832934$auto$opt_dff.cc:336:make_patterns_logic$132969     31 17.3ms
                  $techmap845347$auto$abc_ops_reintegrate.cc:611:reintegrate$833045.A[3]     29 17.2ms
                  $techmap841387$auto$abc_ops_reintegrate.cc:611:reintegrate$834381.A[2]     34 17.0ms
                  $techmap840285$auto$abc_ops_reintegrate.cc:611:reintegrate$834600.A[5]     19 17.0ms
                                    $techmap841238$abc$832934$lut$aiger832933$26015.A[0]     34 17.0ms
                  $techmap840300$auto$abc_ops_reintegrate.cc:611:reintegrate$834598.A[4]     18 16.9ms
                              $abc$832934$auto$opt_dff.cc:336:make_patterns_logic$133091     32 16.8ms
                              $abc$832934$auto$opt_dff.cc:336:make_patterns_logic$132623     32 16.7ms
                              $abc$832934$auto$opt_dff.cc:336:make_patterns_logic$134669     31 16.7ms
                                    $techmap841477$abc$832934$lut$aiger832933$29542.A[1]     36 16.6ms
                                            $techmap492345$auto$ff.cc:337:slice$261959.D     12 16.6ms
                                                                            wb_rdata[11]      7 16.6ms
                                                                       loader.h_addr[10]     13 16.4ms
                  $techmap844652$auto$abc_ops_reintegrate.cc:611:reintegrate$833286.A[0]     30 16.4ms
                  $techmap840261$auto$abc_ops_reintegrate.cc:611:reintegrate$834603.A[3]     35 16.4ms
                  $techmap840160$auto$abc_ops_reintegrate.cc:611:reintegrate$834634.A[3]     16 16.3ms
                                    $techmap840714$abc$832934$lut$aiger832933$24182.A[0]     23 16.2ms
                                    $techmap842760$abc$832934$lut$aiger832933$39021.A[0]     13 16.2ms
                  $techmap840331$auto$abc_ops_reintegrate.cc:611:reintegrate$834589.A[5]     19 16.2ms
                                         $techmap846041$abc$832934$lut$aiger$o23003.A[2]     31 16.1ms
                  $techmap844646$auto$abc_ops_reintegrate.cc:611:reintegrate$833288.A[0]     28 15.9ms
                  $techmap841512$auto$abc_ops_reintegrate.cc:611:reintegrate$834366.A[3]     33 15.9ms
                                                ddr3.ddr3_controller_inst.stage1_bank[2]     26 15.8ms
                  $techmap845114$auto$abc_ops_reintegrate.cc:611:reintegrate$833160.A[1]     29 15.7ms
                  $techmap840191$auto$abc_ops_reintegrate.cc:611:reintegrate$834615.A[1]     33 15.7ms
                                    $techmap840956$abc$832934$lut$aiger832933$18814.A[0]     26 15.7ms
                                    $techmap840126$abc$832934$lut$aiger832933$18793.A[1]     38 15.7ms
                  $techmap844704$auto$abc_ops_reintegrate.cc:611:reintegrate$833275.A[1]     26 15.6ms
                              $abc$832934$auto$opt_dff.cc:336:make_patterns_logic$133015     31 15.6ms
                  $techmap841160$auto$abc_ops_reintegrate.cc:611:reintegrate$834425.A[0]     35 15.5ms
                                    $techmap840944$abc$832934$lut$aiger832933$18820.A[0]     16 15.4ms
                                         $techmap846138$abc$832934$lut$aiger$o23982.A[2]     32 15.0ms
                  $techmap839547$auto$abc_ops_reintegrate.cc:611:reintegrate$835016.A[1]     60 14.9ms
                                                                               debug1[2]     32 14.9ms
                                    $techmap840272$abc$832934$lut$aiger832933$20028.A[3]     18 14.9ms
                  $techmap842445$auto$abc_ops_reintegrate.cc:611:reintegrate$834097.A[1]     24 14.6ms
                                    $techmap841287$abc$832934$lut$aiger832933$28644.A[2]     32 14.6ms
                              $abc$832934$auto$opt_dff.cc:336:make_patterns_logic$132286     28 14.4ms
        $abc$832934$flatten\ddr3.\ddr3_phy_inst.$logic_not$build/uberddr3/rtl/ddr3_phy.v:1126$32021_Y      4 14.4ms
                  $techmap845095$auto$abc_ops_reintegrate.cc:611:reintegrate$833166.A[1]     26 14.4ms
                  $techmap840310$auto$abc_ops_reintegrate.cc:611:reintegrate$834597.A[2]     16 14.4ms
                                                                        loader.h_addr[9]     15 14.4ms
                                                                            wb_rdata[36]      6 14.3ms
                                    $techmap839884$abc$832934$lut$aiger832933$24072.A[5]      1 14.2ms
                  $techmap845039$auto$abc_ops_reintegrate.cc:611:reintegrate$833187.A[0]     15 14.1ms
                  $techmap841388$auto$abc_ops_reintegrate.cc:611:reintegrate$834380.A[2]     32 14.1ms
                                    $techmap843137$abc$832934$lut$aiger832933$41630.A[2]      2 14.1ms
                                      ddr3.ddr3_controller_inst.write_by_byte_counter[0]     29 14.0ms
                                                                           matvec.pop_go     33 14.0ms
                  $techmap840194$auto$abc_ops_reintegrate.cc:611:reintegrate$834614.A[3]     29 13.9ms
                  $techmap840285$auto$abc_ops_reintegrate.cc:611:reintegrate$834600.A[2]     16 13.9ms
                                    $techmap841747$abc$832934$lut$aiger832933$30292.A[1]     35 13.9ms
                                                                         loader.h_len[1]     15 13.9ms
                                    $techmap840316$abc$832934$lut$aiger832933$20123.A[3]     16 13.9ms
                                    $techmap841507$abc$832934$lut$aiger832933$25910.A[0]     34 13.9ms
                                    $techmap840972$abc$832934$lut$aiger832933$25758.A[2]     40 13.8ms
                                         $techmap841549$abc$832934$lut$aiger$o27061.A[1]     32 13.8ms
                  $techmap841752$auto$abc_ops_reintegrate.cc:611:reintegrate$834295.A[2]     32 13.8ms
                              $abc$832934$auto$opt_dff.cc:336:make_patterns_logic$133882     32 13.6ms
                  $techmap840319$auto$abc_ops_reintegrate.cc:611:reintegrate$834596.A[0]     18 13.6ms
                  $techmap840160$auto$abc_ops_reintegrate.cc:611:reintegrate$834634.A[4]     21 13.6ms
                  $techmap839582$auto$abc_ops_reintegrate.cc:611:reintegrate$834981.A[1]      6 13.4ms
                                         $techmap848178$abc$832934$lut$aiger$o22506.A[1]     32 13.4ms
                  $techmap841748$auto$abc_ops_reintegrate.cc:611:reintegrate$834297.A[4]     32 13.4ms
                  $techmap840148$auto$abc_ops_reintegrate.cc:611:reintegrate$834636.A[1]     25 13.3ms
                  $techmap840419$auto$abc_ops_reintegrate.cc:611:reintegrate$834581.A[3]     15 13.1ms
                              $abc$832934$auto$opt_dff.cc:319:make_patterns_logic$132732     32 13.1ms
                                                                                clk_ctrl   6841 13.1ms
                                    $techmap841477$abc$832934$lut$aiger832933$29542.A[0]     34 13.0ms
                                                                       loader.h_addr[11]     13 13.0ms
                                                                               debug1[4]     21 13.0ms
                  $techmap841539$auto$abc_ops_reintegrate.cc:611:reintegrate$834358.A[1]     21 12.9ms
                                         $techmap846510$abc$832934$lut$aiger$o17508.A[5]     34 12.9ms
                  $techmap841490$auto$abc_ops_reintegrate.cc:611:reintegrate$834372.A[1]     33 12.8ms
                                                                       loader.h_addr[21]     12 12.7ms
                                          ddr3.ddr3_controller_inst.start_index_check[4]     35 12.7ms
                  $techmap840336$auto$abc_ops_reintegrate.cc:611:reintegrate$834588.A[5]     18 12.7ms
                              $abc$832934$auto$opt_dff.cc:336:make_patterns_logic$134550     31 12.7ms
                  $techmap840310$auto$abc_ops_reintegrate.cc:611:reintegrate$834597.A[3]     19 12.6ms
                                    $techmap841400$abc$832934$lut$aiger832933$29301.A[4]     33 12.6ms
                  $techmap842721$auto$abc_ops_reintegrate.cc:611:reintegrate$834022.A[1]     16 12.5ms
                  $techmap840164$auto$abc_ops_reintegrate.cc:611:reintegrate$834631.A[2]     29 12.5ms
                  $techmap841732$auto$abc_ops_reintegrate.cc:611:reintegrate$834300.A[2]     16 12.4ms
                                                                              rd_addr[1]     21 12.4ms
                  $techmap841828$auto$abc_ops_reintegrate.cc:611:reintegrate$834272.A[1]     16 12.3ms
                                                                        loader.h_addr[1]     11 12.2ms
                                    $techmap842421$abc$832934$lut$aiger832933$36563.A[2]     13 12.2ms
                                                                            wb_rdata[13]      7 12.2ms
                                         $techmap846020$abc$832934$lut$aiger$o18052.A[3]     32 12.1ms
                                    $techmap841286$abc$832934$lut$aiger832933$28641.A[1]     15 12.1ms
                                        ddr3.ddr3_controller_inst.instruction_address[1]     22 12.1ms
                                                                  ddr3.iserdes_data[102]      2 12.1ms
                                                                       loader.h_addr[17]     11 12.0ms
                                                  $abc$832934$lut$aiger832933$25946.A[4]     13 12.0ms
                  $techmap842284$auto$abc_ops_reintegrate.cc:611:reintegrate$834145.A[1]     16 12.0ms
                  $techmap840481$auto$abc_ops_reintegrate.cc:611:reintegrate$834553.A[3]     16 11.9ms
                                                                        loader.h_addr[6]     12 11.8ms
                                                                        loader.h_len[12]     18 11.8ms
                  $techmap839589$auto$abc_ops_reintegrate.cc:611:reintegrate$834974.A[1]      6 11.8ms
                                                                        loader.h_addr[8]     15 11.8ms
                  $techmap841966$auto$abc_ops_reintegrate.cc:611:reintegrate$834233.A[3]     19 11.7ms
                  $techmap841729$auto$abc_ops_reintegrate.cc:611:reintegrate$834303.A[1]     19 11.7ms
                                                                   loader.stage_word[30]      2 11.7ms
                                                 ddr3.ddr3_controller_inst.stage2_do_pre     21 11.7ms
                                                                         loader.h_len[5]     15 11.7ms
                              $abc$832934$auto$opt_dff.cc:336:make_patterns_logic$133960     32 11.7ms
                  $techmap842763$auto$abc_ops_reintegrate.cc:611:reintegrate$834011.A[0]     20 11.7ms
                                                                         loader.h_len[9]     16 11.6ms
                              $abc$832934$auto$opt_dff.cc:336:make_patterns_logic$133947     32 11.6ms
                                                  $abc$832934$lut$aiger832933$25946.A[5]     15 11.6ms
                  $techmap840035$auto$abc_ops_reintegrate.cc:611:reintegrate$834653.A[1]     36 11.6ms
                                           $abc$832934$auto$rtlil.cc:3504:NotGate$476387     17 11.6ms
                                    $techmap840272$abc$832934$lut$aiger832933$20028.A[1]     18 11.6ms
                  $techmap840292$auto$abc_ops_reintegrate.cc:611:reintegrate$834599.A[4]     18 11.5ms
                  $techmap844158$auto$abc_ops_reintegrate.cc:611:reintegrate$833458.A[3]     18 11.5ms
                  $techmap841563$auto$abc_ops_reintegrate.cc:611:reintegrate$834348.A[2]     33 11.4ms
                                                                               heartbeat      2 11.4ms
                  $techmap839912$auto$abc_ops_reintegrate.cc:611:reintegrate$834731.A[2]     23 11.4ms
                  $techmap840475$auto$abc_ops_reintegrate.cc:611:reintegrate$834557.A[3]     16 11.4ms
                              $abc$832934$auto$opt_dff.cc:336:make_patterns_logic$132630     32 11.3ms
                                                                               debug1[3]     18 11.3ms
                  $techmap840690$auto$abc_ops_reintegrate.cc:611:reintegrate$834446.A[1]     34 11.3ms
                  $techmap840194$auto$abc_ops_reintegrate.cc:611:reintegrate$834614.A[2]     10 11.3ms
                  $techmap840477$auto$abc_ops_reintegrate.cc:611:reintegrate$834556.A[3]     15 11.3ms
                  $techmap842514$auto$abc_ops_reintegrate.cc:611:reintegrate$834081.A[1]     16 11.2ms
                                         $techmap847816$abc$832934$lut$aiger$o20797.A[0]     31 11.2ms
                  $techmap841490$auto$abc_ops_reintegrate.cc:611:reintegrate$834372.A[2]     32 11.2ms
                  $techmap842890$auto$abc_ops_reintegrate.cc:611:reintegrate$833960.A[2]     16 11.1ms
                                                ddr3.ddr3_controller_inst.stage1_pending     10 11.1ms
                                    $techmap845929$abc$832934$lut$aiger832933$19300.A[4]     30 11.1ms
                                                                         loader.h_crc[2]      5 10.9ms
                  $techmap841240$auto$abc_ops_reintegrate.cc:611:reintegrate$834405.A[2]     39 10.9ms
                  $techmap840274$auto$abc_ops_reintegrate.cc:611:reintegrate$834601.A[0]     15 10.9ms
                                    $techmap841747$abc$832934$lut$aiger832933$30292.A[2]     39 10.7ms
                  $techmap840413$auto$abc_ops_reintegrate.cc:611:reintegrate$834583.A[2]     23 10.6ms
                              $abc$832934$auto$opt_dff.cc:336:make_patterns_logic$133989     32 10.6ms
                  $techmap840575$auto$abc_ops_reintegrate.cc:611:reintegrate$834464.A[1]      9 10.6ms
                                                                            wb_rdata[12]      7 10.6ms
                                                                        loader.h_addr[2]     12 10.6ms
                                                                   ddr3.iserdes_data[58]      2 10.5ms
                  $techmap842149$auto$abc_ops_reintegrate.cc:611:reintegrate$834179.A[2]     16 10.5ms
                                         ddr3.ddr3_controller_inst.stage1_next_bank_d[0]     24 10.4ms
                                    $techmap843135$abc$832934$lut$aiger832933$41617.A[1]     12 10.4ms
                                                                            wb_rdata[35]      5 10.3ms
                                                                              rd_addr[2]      9 10.3ms
                  $techmap841321$auto$abc_ops_reintegrate.cc:611:reintegrate$834400.A[0]     27 10.2ms
                                         $techmap846046$abc$832934$lut$aiger$o23009.A[1]     32 10.2ms
                                         $techmap846218$abc$832934$lut$aiger$o27711.A[1]     32 10.1ms
                  $techmap841345$auto$abc_ops_reintegrate.cc:611:reintegrate$834398.A[3]     18 10.1ms
                  $techmap839890$auto$abc_ops_reintegrate.cc:611:reintegrate$834748.A[2]      7 10.1ms
                                                                        loader.h_addr[0]     12 10.0ms
                                    $techmap840992$abc$832934$lut$aiger832933$25928.A[3]     28 10.0ms
                  $techmap841491$auto$abc_ops_reintegrate.cc:611:reintegrate$834371.A[2]      5 10.0ms
                                                                            wb_rdata[32]      5 10.0ms
                                                                            wb_rdata[60]      5 9.9ms
                                                                            wb_rdata[55]      6 9.9ms
                                                                       loader.h_addr[29]     11 9.9ms
                                    $techmap841403$abc$832934$lut$aiger832933$29315.A[4]     16 9.8ms
                                                                       loader.h_addr[23]     12 9.8ms
                                    $techmap840146$abc$832934$lut$aiger832933$18974.A[1]     19 9.8ms
                  $techmap841539$auto$abc_ops_reintegrate.cc:611:reintegrate$834358.A[5]     16 9.8ms
                                    $techmap840702$abc$832934$lut$aiger832933$24131.A[1]     32 9.8ms
                                    $techmap844681$abc$832934$lut$aiger832933$53324.A[1]     20 9.8ms
                                                                            wb_rdata[88]      4 9.7ms
                  $techmap845123$auto$abc_ops_reintegrate.cc:611:reintegrate$833156.A[3]     18 9.7ms
                              $abc$832934$auto$opt_dff.cc:336:make_patterns_logic$134522     32 9.7ms
                  $techmap843620$auto$abc_ops_reintegrate.cc:611:reintegrate$833673.A[0]      2 9.7ms
                                      ddr3.ddr3_controller_inst.write_by_byte_counter[3]     23 9.7ms
                              $abc$832934$auto$opt_dff.cc:336:make_patterns_logic$134163     32 9.6ms
                              $abc$832934$auto$opt_dff.cc:336:make_patterns_logic$132872     32 9.6ms
                  $techmap840930$auto$abc_ops_reintegrate.cc:611:reintegrate$834440.A[1]     16 9.6ms
                  $techmap839591$auto$abc_ops_reintegrate.cc:611:reintegrate$834972.A[1]      6 9.6ms
                  $techmap841318$auto$abc_ops_reintegrate.cc:611:reintegrate$834402.A[4]     34 9.6ms
                  $techmap841544$auto$abc_ops_reintegrate.cc:611:reintegrate$834355.A[2]     32 9.5ms
                  $techmap840061$auto$abc_ops_reintegrate.cc:611:reintegrate$834650.A[2]     10 9.5ms
                  $techmap839751$auto$abc_ops_reintegrate.cc:611:reintegrate$834826.A[0]     10 9.5ms
        $techmap145813$flatten\master.$gt$build/t27/specs/rtl/fpga_loader_wb.v:510$9444.Y     32 9.5ms
                  $techmap840292$auto$abc_ops_reintegrate.cc:611:reintegrate$834599.A[0]     11 9.5ms
                  $techmap845242$auto$abc_ops_reintegrate.cc:611:reintegrate$833097.A[3]     18 9.5ms
                                                                   loader.stage_word[12]      2 9.4ms
                              $abc$832934$auto$opt_dff.cc:336:make_patterns_logic$133397     31 9.4ms
                                         $techmap846276$abc$832934$lut$aiger$o27741.A[1]     32 9.4ms
                                                                            wb_rdata[29]      8 9.4ms
                  $techmap841577$auto$abc_ops_reintegrate.cc:611:reintegrate$834344.A[2]     33 9.4ms
                                    $techmap842101$abc$832934$lut$aiger832933$34546.A[3]     11 9.3ms
                                         $techmap846682$abc$832934$lut$aiger$o18756.A[2]     30 9.3ms
                                     ddr3.ddr3_controller_inst.stage2_data_unaligned[83]      6 9.3ms
             $techmap145842$flatten\resetgen.$lt$build/t27/specs/rtl/fpga_reset.v:94$8.Y     33 9.3ms
                                                                   loader.stage_word[23]      2 9.3ms
                                         $techmap846840$abc$832934$lut$aiger$o18986.A[4]     33 9.3ms
                  $techmap841345$auto$abc_ops_reintegrate.cc:611:reintegrate$834398.A[1]     16 9.3ms
                                                ddr3.ddr3_controller_inst.stage2_bank[0]     13 9.2ms
                                                                        loader.h_addr[5]     12 9.2ms
                                            $techmap494575$auto$ff.cc:337:slice$249966.D     14 9.1ms
                                                                         ddr3.bitslip[0]     18 9.1ms
                                                                        loader.h_addr[4]     14 9.1ms
                  $techmap843686$auto$abc_ops_reintegrate.cc:611:reintegrate$833641.A[1]      9 9.1ms
                                                                               debug1[1]     22 9.1ms
                              $abc$832934$auto$opt_dff.cc:336:make_patterns_logic$134483     32 9.0ms
                                    $techmap841396$abc$832934$lut$aiger832933$29279.A[1]     18 9.0ms
                                                                            wb_rdata[24]      8 9.0ms
                              $abc$832934$auto$opt_dff.cc:336:make_patterns_logic$132476     32 8.9ms
                                                                            wb_rdata[10]      8 8.9ms
                  $techmap839584$auto$abc_ops_reintegrate.cc:611:reintegrate$834979.A[1]      6 8.9ms
                                      ddr3.ddr3_controller_inst.write_by_byte_counter[1]     22 8.9ms
                                    $techmap841439$abc$832934$lut$aiger832933$29383.A[2]     11 8.9ms
                                                                       loader.h_addr[26]     12 8.8ms
                              $abc$832934$auto$opt_dff.cc:336:make_patterns_logic$134188     32 8.8ms
                                                          ddr3.idelay_data_cntvaluein[4]     20 8.8ms
                              $abc$832934$auto$opt_dff.cc:336:make_patterns_logic$133112     16 8.8ms
                                         ddr3.ddr3_controller_inst.write_pattern_matches      9 8.8ms
                                        ddr3.ddr3_controller_inst.instruction_address[3]     23 8.8ms
                                                                       loader.h_addr[24]     11 8.7ms
                                                                        loader.h_len[13]     15 8.7ms
                                                                        loader.h_addr[3]     13 8.7ms
                              $abc$832934$auto$opt_dff.cc:336:make_patterns_logic$134077     32 8.7ms
                                                                            wb_rdata[33]      6 8.7ms
                  $techmap844180$auto$abc_ops_reintegrate.cc:611:reintegrate$833449.A[3]     17 8.6ms
                                    $techmap841456$abc$832934$lut$aiger832933$29428.A[1]     17 8.6ms
                                                                       loader.h_addr[14]     12 8.6ms
                  $techmap839639$auto$abc_ops_reintegrate.cc:611:reintegrate$834924.A[1]     12 8.5ms
                                                                        loader.h_len[11]     14 8.5ms
                                     ddr3.ddr3_controller_inst.stage2_data_unaligned[84]      6 8.5ms
                                            ddr3.ddr3_controller_inst.dqs_start_index[2]     16 8.5ms
                                                                        loader.h_crc[29]      7 8.5ms
                  $techmap844639$auto$abc_ops_reintegrate.cc:611:reintegrate$833290.A[4]      8 8.5ms
                                     ddr3.ddr3_controller_inst.stage2_data_unaligned[14]      6 8.4ms
                  $techmap844639$auto$abc_ops_reintegrate.cc:611:reintegrate$833290.A[3]     18 8.4ms
                                                          ddr3.idelay_data_cntvaluein[0]     21 8.4ms
                  $techmap843160$auto$abc_ops_reintegrate.cc:611:reintegrate$833868.A[2]     20 8.4ms
                                    $techmap842418$abc$832934$lut$aiger832933$36554.A[4]     12 8.3ms
                              $abc$832934$auto$opt_dff.cc:336:make_patterns_logic$133934     32 8.3ms
                                         $techmap846876$abc$832934$lut$aiger$o19295.A[1]     30 8.3ms
                  $techmap841117$auto$abc_ops_reintegrate.cc:611:reintegrate$834428.A[1]     21 8.3ms
                                                                        loader.h_len[15]     14 8.3ms
                  $techmap842628$auto$abc_ops_reintegrate.cc:611:reintegrate$834044.A[0]     14 8.3ms
                                                                       loader.h_addr[13]     13 8.3ms
                                     ddr3.ddr3_controller_inst.stage2_data_unaligned[71]      6 8.2ms
                                                          ddr3.idelay_data_cntvaluein[3]     20 8.2ms
                                                                       loader.h_addr[28]     12 8.1ms
                                                                            wb_rdata[34]      5 8.1ms
                                                                       loader.h_addr[15]     12 8.1ms
                  $techmap839637$auto$abc_ops_reintegrate.cc:611:reintegrate$834926.A[1]     11 8.0ms
                                                                       loader.h_addr[31]     12 8.0ms
                  $techmap843624$auto$abc_ops_reintegrate.cc:611:reintegrate$833670.A[3]     18 8.0ms
                                                                        loader.h_len[14]     14 8.0ms
                  $techmap843962$auto$abc_ops_reintegrate.cc:611:reintegrate$833535.A[1]     18 8.0ms
                                                                       loader.h_addr[25]     12 8.0ms
                                                                      loader.resp_tag[6]      5 8.0ms
                                                                       loader.h_addr[18]     11 7.9ms
                                         $techmap847686$abc$832934$lut$aiger$o20213.A[3]     25 7.9ms
                                                                       loader.h_addr[16]     11 7.9ms
                                                ddr3.ddr3_controller_inst.stage2_bank[1]     13 7.9ms
                                                                        loader.h_addr[7]     14 7.9ms
                  $techmap839632$auto$abc_ops_reintegrate.cc:611:reintegrate$834931.A[1]     12 7.8ms
                  $techmap840164$auto$abc_ops_reintegrate.cc:611:reintegrate$834631.A[1]     27 7.8ms
                                                                             wb_rdata[1]      7 7.8ms
                                                                            wb_rdata[59]      5 7.8ms
                                                                   loader.stage_word[16]      2 7.8ms
                                        ddr3.ddr3_controller_inst.instruction_address[0]     22 7.7ms
                                    $techmap843491$abc$832934$lut$aiger832933$44149.A[1]      2 7.7ms
                                                                            wb_rdata[30]      6 7.7ms
                  $techmap841512$auto$abc_ops_reintegrate.cc:611:reintegrate$834366.A[0]      8 7.7ms
                                                                         loader.h_len[8]     14 7.7ms
                  $techmap843349$auto$abc_ops_reintegrate.cc:611:reintegrate$833778.A[1]      6 7.7ms
                                                                          loader.lcn0[0]      7 7.6ms
                                                                         loader.h_len[4]     14 7.6ms
                  $techmap841548$auto$abc_ops_reintegrate.cc:611:reintegrate$834354.A[0]     33 7.6ms
                                    ddr3.ddr3_controller_inst.calib_data_randomized[105]     11 7.6ms
                                                                         loader.h_len[3]     12 7.6ms
                                                    ddr3.ddr3_controller_inst.write_dq_d     19 7.6ms
                                         $techmap848392$abc$832934$lut$aiger$o22662.A[0]      9 7.6ms
                  $techmap844898$auto$abc_ops_reintegrate.cc:611:reintegrate$833231.A[4]      1 7.6ms
                                    $techmap840096$abc$832934$lut$aiger832933$18427.A[0]      7 7.6ms
                                                                             wb_rdata[8]      7 7.5ms
                                    $techmap841324$abc$832934$lut$aiger832933$29008.A[0]      8 7.5ms
                                    $techmap841023$abc$832934$lut$aiger832933$26053.A[3]      9 7.5ms
                                    $techmap841449$abc$832934$lut$aiger832933$29405.A[1]     11 7.5ms
                              $abc$832934$auto$opt_dff.cc:336:make_patterns_logic$133921     32 7.5ms
                                                                       loader.h_addr[19]     11 7.5ms
                                                                            wb_rdata[25]      6 7.5ms
                                                ddr3.ddr3_controller_inst.stage2_bank[2]     17 7.5ms
                                                                        loader.h_crc[27]      7 7.5ms
                                                                             wb_rdata[9]      8 7.5ms
                  $techmap845384$auto$abc_ops_reintegrate.cc:611:reintegrate$833020.A[3]     14 7.5ms
                                    $techmap840025$abc$832934$lut$aiger832933$18176.A[0]     18 7.5ms
                  $techmap844945$auto$abc_ops_reintegrate.cc:611:reintegrate$833220.A[3]     18 7.4ms
                                        ddr3.ddr3_controller_inst.instruction_address[4]     24 7.4ms
                                    $techmap840457$abc$832934$lut$aiger832933$20139.A[2]     14 7.4ms
                                           $techmap849086$abc$832934$lut$aiger$o108.A[0]      5 7.4ms
                                                                            wb_rdata[53]      6 7.4ms
                                                                       loader.h_addr[22]     11 7.4ms
                  $techmap839622$auto$abc_ops_reintegrate.cc:611:reintegrate$834941.A[1]      3 7.4ms
                                                                 $abc$832934$aiger$i7361      3 7.3ms
                                                                   loader.stage_word[10]      2 7.3ms
                                    $techmap841463$abc$832934$lut$aiger832933$29447.A[2]      8 7.3ms
                                    $techmap840411$abc$832934$lut$aiger832933$20733.A[3]     11 7.3ms
                                                                         loader.h_len[7]     13 7.3ms
                                    $techmap844573$abc$832934$lut$aiger832933$52717.A[2]      2 7.3ms
                                            ddr3.ddr3_controller_inst.stage1_next_row[5]     11 7.2ms
                  $techmap843044$auto$abc_ops_reintegrate.cc:611:reintegrate$833920.A[4]      8 7.2ms
                  $techmap842084$auto$abc_ops_reintegrate.cc:611:reintegrate$834200.A[4]     31 7.2ms
                              $abc$832934$auto$opt_dff.cc:336:make_patterns_logic$133908     32 7.2ms
                  $techmap839645$auto$abc_ops_reintegrate.cc:611:reintegrate$834918.A[1]      5 7.2ms
                                                          ddr3.idelay_data_cntvaluein[2]     20 7.2ms
                  $techmap839742$auto$abc_ops_reintegrate.cc:611:reintegrate$834835.A[0]     10 7.1ms
                                                                       loader.h_addr[20]     12 7.1ms
                                    $techmap841443$abc$832934$lut$aiger832933$29396.A[1]     19 7.1ms
                                         ddr3.ddr3_controller_inst.delay_counter_is_zero     21 7.1ms
                                           $auto$alumacc.cc:548:replace_alu$149772.Y[14]      2 7.1ms
                                         $techmap846171$abc$832934$lut$aiger$o26526.A[1]      3 7.1ms
                                    $techmap843527$abc$832934$lut$aiger832933$44377.A[2]      2 7.1ms
                  $techmap840083$auto$abc_ops_reintegrate.cc:611:reintegrate$834647.A[2]     22 7.1ms
                              $abc$832934$auto$opt_dff.cc:336:make_patterns_logic$134590     32 7.0ms
                                                                             rd_addr[24]      4 7.0ms
                                    ddr3.ddr3_controller_inst.calib_data_randomized[101]     10 7.0ms
                              $abc$832934$auto$opt_dff.cc:336:make_patterns_logic$132728     32 7.0ms
                                                                             wb_rdata[5]      8 7.0ms
                                         $techmap849083$abc$832934$lut$aiger$o17877.A[1]     12 7.0ms
                                                                    ddr3.iserdes_data[1]      2 6.9ms
                  $techmap844337$auto$abc_ops_reintegrate.cc:611:reintegrate$833389.A[2]     12 6.9ms
                                    $techmap840025$abc$832934$lut$aiger832933$18176.A[1]     17 6.9ms
                                                                            wb_rdata[17]      7 6.9ms
                  $techmap841869$auto$abc_ops_reintegrate.cc:611:reintegrate$834256.A[1]      6 6.9ms
                                                                 $abc$832934$aiger$i7273      2 6.9ms
                                                                           wb_rdata[102]      4 6.9ms
                                     ddr3.ddr3_controller_inst.stage2_data_unaligned[35]      6 6.9ms
                                            $techmap493256$auto$ff.cc:337:slice$252040.D     22 6.9ms
                                    $techmap841480$abc$832934$lut$aiger832933$29555.A[1]     17 6.9ms
                                                                 $abc$832934$aiger$i7343      3 6.9ms
                  $techmap841318$auto$abc_ops_reintegrate.cc:611:reintegrate$834402.A[3]     10 6.9ms
                  $techmap840321$auto$abc_ops_reintegrate.cc:611:reintegrate$834595.A[4]      8 6.9ms
                  $techmap843160$auto$abc_ops_reintegrate.cc:611:reintegrate$833868.A[1]      4 6.9ms
                                                                            wb_rdata[27]      6 6.8ms
                                                                        loader.h_crc[19]      6 6.8ms
                  $techmap844945$auto$abc_ops_reintegrate.cc:611:reintegrate$833220.A[4]      8 6.8ms
                                     ddr3.ddr3_controller_inst.stage2_data_unaligned[12]      8 6.8ms
                                    $techmap841438$abc$832934$lut$aiger832933$29378.A[1]     14 6.8ms
                  $techmap843036$auto$abc_ops_reintegrate.cc:611:reintegrate$833922.A[3]     18 6.8ms
                                                                           wb_rdata[127]      5 6.7ms
                                                                     ddr3.dq_tri_control     18 6.7ms
                                     ddr3.ddr3_controller_inst.stage2_data_unaligned[96]      8 6.7ms
                                    ddr3.ddr3_controller_inst.stage2_data_unaligned[118]     12 6.7ms
                  $techmap841722$auto$abc_ops_reintegrate.cc:611:reintegrate$834306.A[2]     18 6.7ms
                                                                   loader.stage_word[14]      2 6.7ms
                                                                            wb_rdata[14]      7 6.7ms
                                                                            wb_rdata[46]      5 6.7ms
                                                                         loader.h_len[0]     13 6.7ms
                  $techmap840129$auto$abc_ops_reintegrate.cc:611:reintegrate$834639.A[0]     14 6.7ms
                                    $techmap839543$abc$832934$lut$aiger832933$28541.A[0]      7 6.6ms
                                                                            wb_rdata[19]      8 6.6ms
                                                                            wb_rdata[18]      7 6.6ms
                  $techmap840205$auto$abc_ops_reintegrate.cc:611:reintegrate$834612.A[3]     17 6.6ms
                                      ddr3.ddr3_controller_inst.stage2_data_unaligned[0]     12 6.6ms
                                                                   ddr3.iserdes_data[10]      2 6.6ms
                                    $techmap840146$abc$832934$lut$aiger832933$18974.A[0]     11 6.5ms
                  $techmap840423$auto$abc_ops_reintegrate.cc:611:reintegrate$834579.A[1]     12 6.5ms
                  $techmap840255$auto$abc_ops_reintegrate.cc:611:reintegrate$834606.A[0]      9 6.5ms
                              $abc$832934$auto$opt_dff.cc:336:make_patterns_logic$132448      6 6.5ms
                                                                        master.outst[22]      5 6.5ms
                                                                        loader.resp_a[0]      3 6.5ms
                                           $techmap841632$abc$832934$lut$aiger$o963.A[0]      5 6.5ms
                                                                 matvec.doorbell_run[17]      3 6.5ms
                                    ddr3.ddr3_controller_inst.calib_data_randomized[118]     10 6.5ms
                                                                            wb_rdata[54]      5 6.4ms
                              $abc$832934$auto$opt_dff.cc:336:make_patterns_logic$133973     32 6.4ms
                                                                            wb_rdata[62]      5 6.4ms
                                                                            wb_rdata[63]      5 6.4ms
                                                                       loader.h_addr[27]     11 6.4ms
                                            ddr3.ddr3_controller_inst.stage1_next_row[2]     11 6.4ms
                              $abc$832934$auto$opt_dff.cc:319:make_patterns_logic$132115     16 6.4ms
                  $techmap839641$auto$abc_ops_reintegrate.cc:611:reintegrate$834922.A[1]     10 6.4ms
                                                                         loader.h_len[6]     14 6.4ms
                                                                            wb_rdata[76]      4 6.4ms
                                    ddr3.ddr3_controller_inst.stage2_data_unaligned[103]      7 6.3ms
                                                                       loader.h_addr[30]     12 6.3ms
                                                ddr3.ddr3_controller_inst.stage1_data[7]      2 6.3ms
                  $techmap839649$auto$abc_ops_reintegrate.cc:611:reintegrate$834914.A[0]      4 6.3ms
                  $techmap840321$auto$abc_ops_reintegrate.cc:611:reintegrate$834595.A[2]     10 6.3ms
                                                  ddr3.ddr3_controller_inst.prep_done[1]     16 6.3ms
                                     ddr3.ddr3_controller_inst.stage2_data_unaligned[80]      8 6.3ms
                  $techmap839633$auto$abc_ops_reintegrate.cc:611:reintegrate$834930.A[1]     10 6.3ms
                                                                           wb_rdata[116]      4 6.2ms
                                                                      loader.resp_tag[0]      9 6.2ms
                                           ddr3.ddr3_controller_inst.added_read_pipe_max     13 6.2ms
                                                                   ddr3.iserdes_data[60]      2 6.2ms
                                                                             rd_addr[10]      4 6.2ms
                  $techmap839583$auto$abc_ops_reintegrate.cc:611:reintegrate$834980.A[1]      6 6.2ms
                                                                             wb_rdata[6]      7 6.2ms
                  $techmap842231$auto$abc_ops_reintegrate.cc:611:reintegrate$834159.A[0]      3 6.2ms
                                                                            wb_rdata[56]      5 6.2ms
                  $techmap843962$auto$abc_ops_reintegrate.cc:611:reintegrate$833535.A[4]      7 6.2ms
                                    $techmap842098$abc$832934$lut$aiger832933$34539.A[2]     11 6.2ms
                                                                            wb_rdata[48]      5 6.2ms
                                    $techmap841524$abc$832934$lut$aiger832933$29760.A[2]      4 6.2ms
                                                                        master.outst[28]      5 6.1ms
                                                                        loader.resp_a[5]      2 6.1ms
                  $techmap840083$auto$abc_ops_reintegrate.cc:611:reintegrate$834647.A[1]      7 6.1ms
                                            ddr3.ddr3_controller_inst.dqs_start_index[3]     11 6.1ms
                                    $techmap841432$abc$832934$lut$aiger832933$29372.A[0]     18 6.1ms
                  $techmap841025$auto$abc_ops_reintegrate.cc:611:reintegrate$834433.A[0]     11 6.1ms
                  $techmap840274$auto$abc_ops_reintegrate.cc:611:reintegrate$834601.A[1]     11 6.1ms
                                                                        matvec.c_row[27]      3 6.1ms
                  $techmap839640$auto$abc_ops_reintegrate.cc:611:reintegrate$834923.A[1]     10 6.1ms
                  $techmap844186$auto$abc_ops_reintegrate.cc:611:reintegrate$833446.A[4]      8 6.1ms
                  $techmap839759$auto$abc_ops_reintegrate.cc:611:reintegrate$834818.A[0]      9 6.1ms
                     $abc$832934$flatten\ddr3.\ddr3_controller_inst.$procmux$39040_Y[10]      2 6.1ms
                                                                            wb_rdata[52]      5 6.0ms
                                                                           wb_rdata[118]      5 6.0ms
                                  ddr3.ddr3_controller_inst.read_test_address_counter[3]      5 6.0ms
                                                          ddr3.idelay_data_cntvaluein[1]     20 6.0ms
                  $techmap839638$auto$abc_ops_reintegrate.cc:611:reintegrate$834925.A[1]     13 6.0ms
                  $techmap839725$auto$abc_ops_reintegrate.cc:611:reintegrate$834852.A[0]     10 6.0ms
                                            $techmap495426$auto$ff.cc:337:slice$248269.D     11 6.0ms
                                    $techmap843269$abc$832934$lut$aiger832933$42525.A[2]      3 6.0ms
                                                                             wb_rdata[0]      7 6.0ms
                                                                            wb_rdata[50]      5 6.0ms
                                    $techmap840956$abc$832934$lut$aiger832933$18814.A[1]     11 6.0ms
                                            ddr3.ddr3_controller_inst.stage1_next_row[3]     11 6.0ms
                                    $techmap842197$abc$832934$lut$aiger832933$34944.A[2]      9 6.0ms
                  $techmap841318$auto$abc_ops_reintegrate.cc:611:reintegrate$834402.A[1]     10 5.9ms
                                                                         loader.lcn0[31]      7 5.9ms
                                            $techmap492958$auto$ff.cc:337:slice$253272.D      4 5.9ms
                                     ddr3.ddr3_controller_inst.stage2_data_unaligned[36]      6 5.9ms
                  $techmap840168$auto$abc_ops_reintegrate.cc:611:reintegrate$834629.A[3]      9 5.9ms
                                                                            wb_rdata[67]      4 5.9ms
                  $techmap839642$auto$abc_ops_reintegrate.cc:611:reintegrate$834921.A[1]      7 5.9ms
                  $techmap843034$auto$abc_ops_reintegrate.cc:611:reintegrate$833923.A[1]      8 5.9ms
                                    ddr3.ddr3_controller_inst.stage2_data_unaligned[114]      7 5.9ms
                                    $techmap846350$abc$832934$lut$aiger832933$26595.A[3]     13 5.9ms
                  $techmap843264$auto$abc_ops_reintegrate.cc:611:reintegrate$833817.A[2]      8 5.9ms
                                    $techmap841439$abc$832934$lut$aiger832933$29383.A[4]     12 5.9ms
                                    ddr3.ddr3_controller_inst.stage2_data_unaligned[126]     12 5.9ms
                                                                 $abc$832934$aiger$i7353      3 5.9ms
                  $techmap842512$auto$abc_ops_reintegrate.cc:611:reintegrate$834083.A[1]     10 5.9ms
                                    ddr3.ddr3_controller_inst.calib_data_randomized[103]     11 5.9ms
                                     ddr3.ddr3_controller_inst.stage2_data_unaligned[59]      6 5.9ms
                  $techmap839741$auto$abc_ops_reintegrate.cc:611:reintegrate$834836.A[0]     10 5.9ms
                                                                   ddr3.iserdes_data[23]      2 5.8ms
                  $techmap839631$auto$abc_ops_reintegrate.cc:611:reintegrate$834932.A[1]     13 5.8ms
                                    $techmap843856$abc$832934$lut$aiger832933$47224.A[3]      3 5.8ms
                  $techmap840013$auto$abc_ops_reintegrate.cc:611:reintegrate$834665.A[0]      4 5.8ms
                                                                   ddr3.iserdes_data[69]      2 5.8ms
                                           ddr3.ddr3_controller_inst.stage1_next_row[12]     10 5.7ms
                              $abc$832934$auto$opt_dff.cc:336:make_patterns_logic$132592     32 5.7ms
                                    $techmap841448$abc$832934$lut$aiger832933$29401.A[1]     13 5.7ms
                                    $techmap840150$abc$832934$lut$aiger832933$18996.A[1]      8 5.7ms
                                                                            wb_rdata[91]      4 5.7ms
                                                                  ddr3.iserdes_data[127]      2 5.7ms
                                    $techmap841437$abc$832934$lut$aiger832933$29377.A[1]     15 5.7ms
                  $techmap845123$auto$abc_ops_reintegrate.cc:611:reintegrate$833156.A[4]      8 5.7ms
                                 ddr3.ddr3_controller_inst.check_test_address_counter[5]     13 5.6ms
                                                                            wb_rdata[94]      4 5.6ms
                  $techmap841933$auto$abc_ops_reintegrate.cc:611:reintegrate$834247.A[1]     11 5.6ms
                                                                   ddr3.iserdes_data[98]      2 5.6ms
                                                                           wb_rdata[109]      5 5.6ms
                                    $techmap840072$abc$832934$lut$aiger832933$18361.A[3]      9 5.6ms
                                                                             rd_addr[20]      4 5.6ms
                  $techmap843624$auto$abc_ops_reintegrate.cc:611:reintegrate$833670.A[4]      8 5.6ms
                  $techmap844887$auto$abc_ops_reintegrate.cc:611:reintegrate$833234.A[0]     13 5.5ms
                  $techmap839743$auto$abc_ops_reintegrate.cc:611:reintegrate$834834.A[0]      9 5.5ms
                                                                            wb_rdata[20]      7 5.5ms
                                     ddr3.ddr3_controller_inst.stage2_data_unaligned[48]      8 5.5ms
                  $techmap839890$auto$abc_ops_reintegrate.cc:611:reintegrate$834748.A[0]      5 5.5ms
                  $techmap843301$auto$abc_ops_reintegrate.cc:611:reintegrate$833797.A[1]      7 5.5ms
                                    $techmap840156$abc$832934$lut$aiger832933$18994.A[1]     11 5.5ms
                                    $techmap841523$abc$832934$lut$aiger832933$29756.A[1]      4 5.5ms
                              $abc$832934$auto$opt_dff.cc:319:make_patterns_logic$179750      7 5.5ms
                                                                            wb_rdata[26]      6 5.4ms
                                                                            wb_rdata[79]      5 5.4ms
                                                                        loader.h_crc[28]      6 5.4ms
                  $techmap842388$auto$abc_ops_reintegrate.cc:611:reintegrate$834122.A[0]      2 5.4ms
                                    $techmap843584$abc$832934$lut$aiger832933$45056.A[3]      1 5.4ms
                                                   ddr3.ddr3_controller_inst.initial_dqs     14 5.4ms
                                                 ddr3.ddr3_controller_inst.dqs_store[36]      5 5.4ms
                                    $techmap843811$abc$832934$lut$aiger832933$46848.A[5]      4 5.4ms
                  $techmap841117$auto$abc_ops_reintegrate.cc:611:reintegrate$834428.A[2]      3 5.3ms
                  $techmap839740$auto$abc_ops_reintegrate.cc:611:reintegrate$834837.A[0]      9 5.3ms
        $abc$832934$flatten\loader.$logic_and$build/t27/specs/rtl/fpga_ddr3_loader.v:1626$934_Y     32 5.3ms
                  $techmap840170$auto$abc_ops_reintegrate.cc:611:reintegrate$834628.A[3]      9 5.3ms
                  $techmap839644$auto$abc_ops_reintegrate.cc:611:reintegrate$834919.A[1]     11 5.3ms
                                                                         loader.h_seq[2]      5 5.3ms
                                    ddr3.ddr3_controller_inst.stage2_data_unaligned[119]      9 5.3ms
                                                                         loader.h_seq[0]      5 5.3ms
                  $techmap840322$auto$abc_ops_reintegrate.cc:611:reintegrate$834594.A[2]      8 5.3ms
                  $techmap841560$auto$abc_ops_reintegrate.cc:611:reintegrate$834350.A[1]      9 5.3ms
                                    $techmap843126$abc$832934$lut$aiger832933$41577.A[4]      2 5.2ms
                                           ddr3.ddr3_controller_inst.stage1_next_row[11]     10 5.2ms
                  $techmap841318$auto$abc_ops_reintegrate.cc:611:reintegrate$834402.A[0]     12 5.2ms
                                                                    loader.stage_word[0]      2 5.2ms
                  $techmap840172$auto$abc_ops_reintegrate.cc:611:reintegrate$834627.A[3]      9 5.2ms
                  $techmap839629$auto$abc_ops_reintegrate.cc:611:reintegrate$834934.A[1]     13 5.2ms
                                    $techmap844147$abc$832934$lut$aiger832933$49719.A[1]      2 5.2ms
                  $techmap842215$auto$abc_ops_reintegrate.cc:611:reintegrate$834165.A[1]     10 5.2ms
                                                                 matvec.doorbell_run[12]      3 5.2ms
                  $techmap840336$auto$abc_ops_reintegrate.cc:611:reintegrate$834588.A[2]      9 5.2ms
                  $techmap839724$auto$abc_ops_reintegrate.cc:611:reintegrate$834853.A[0]     10 5.2ms
                                     ddr3.ddr3_controller_inst.stage2_data_unaligned[94]      5 5.2ms
                                                                            wb_rdata[38]      5 5.2ms
                                                                        loader.h_crc[18]      7 5.2ms
                                                                            wb_rdata[43]      5 5.2ms
                  $techmap839635$auto$abc_ops_reintegrate.cc:611:reintegrate$834928.A[1]     12 5.2ms
                                    $techmap839865$abc$832934$lut$aiger832933$25983.A[0]     13 5.2ms
                                                                            wb_rdata[16]      7 5.2ms
                  $techmap839749$auto$abc_ops_reintegrate.cc:611:reintegrate$834828.A[0]     10 5.2ms
                                                                   ddr3.iserdes_data[12]      2 5.1ms
                                    $techmap842278$abc$832934$lut$aiger832933$35613.A[4]      3 5.1ms
                  $techmap842727$auto$abc_ops_reintegrate.cc:611:reintegrate$834020.A[5]      3 5.1ms
                                                                            wb_rdata[51]      5 5.1ms
                                                                             rd_addr[28]      3 5.1ms
                  $techmap842296$auto$abc_ops_reintegrate.cc:611:reintegrate$834140.A[1]      8 5.1ms
                  $techmap845441$auto$abc_ops_reintegrate.cc:611:reintegrate$832969.A[1]      2 5.1ms
                  $techmap840026$auto$abc_ops_reintegrate.cc:611:reintegrate$834656.A[1]      8 5.1ms
                                                 ddr3.ddr3_controller_inst.stage2_row[8]     11 5.1ms
                                                                            wb_rdata[80]      4 5.1ms
                                            ddr3.ddr3_controller_inst.stage1_next_row[0]     11 5.1ms
                                     ddr3.ddr3_controller_inst.stage2_data_unaligned[65]      7 5.1ms
                                      ddr3.ddr3_controller_inst.stage2_data_unaligned[1]     10 5.1ms
                                                                  ddr3.iserdes_data[112]      2 5.1ms
                                                                             wb_rdata[7]      7 5.1ms
                                    ddr3.ddr3_controller_inst.stage2_data_unaligned[111]      7 5.1ms
                                                                             wr_addr[12]      5 5.1ms
                  $techmap839750$auto$abc_ops_reintegrate.cc:611:reintegrate$834827.A[0]      8 5.1ms
                  $techmap841850$auto$abc_ops_reintegrate.cc:611:reintegrate$834263.A[2]      4 5.1ms
                                                                 $abc$832934$aiger$i7357      3 5.0ms
                                                                  ddr3.iserdes_data[124]      2 5.0ms
                  $techmap840143$auto$abc_ops_reintegrate.cc:611:reintegrate$834637.A[3]     10 5.0ms
                                                                             wr_addr[24]      4 5.0ms
                  $techmap844158$auto$abc_ops_reintegrate.cc:611:reintegrate$833458.A[4]      8 5.0ms
                                    ddr3.ddr3_controller_inst.stage2_data_unaligned[104]      8 5.0ms
                                      ddr3.ddr3_controller_inst.stage2_data_unaligned[5]      6 5.0ms
                                    $techmap841424$abc$832934$lut$aiger832933$29391.A[1]      7 5.0ms
                                    ddr3.ddr3_controller_inst.calib_data_randomized[108]      8 5.0ms
                                               ddr3.ddr3_controller_inst.stage1_data[10]      2 5.0ms
                                                                        master.outst[29]      4 5.0ms
                  $techmap840166$auto$abc_ops_reintegrate.cc:611:reintegrate$834630.A[3]      9 5.0ms
                                    $techmap842735$abc$832934$lut$aiger832933$38785.A[2]      3 5.0ms
                              $abc$832934$auto$opt_dff.cc:336:make_patterns_logic$132612      8 4.9ms
                  $techmap845209$auto$abc_ops_reintegrate.cc:611:reintegrate$833114.A[4]      3 4.9ms
                  $techmap845293$auto$abc_ops_reintegrate.cc:611:reintegrate$833074.A[3]      4 4.9ms
                                    $techmap842192$abc$832934$lut$aiger832933$34933.A[3]     10 4.9ms
                                      ddr3.ddr3_controller_inst.stage2_data_unaligned[2]      9 4.9ms
                                                                   ddr3.iserdes_data[31]      2 4.9ms
                  $techmap840060$auto$abc_ops_reintegrate.cc:611:reintegrate$834651.A[2]      8 4.9ms
                                    $techmap841792$abc$832934$lut$aiger832933$32238.A[4]      3 4.9ms
                  $techmap839588$auto$abc_ops_reintegrate.cc:611:reintegrate$834975.A[1]      6 4.9ms
                  $techmap842242$auto$abc_ops_reintegrate.cc:611:reintegrate$834156.A[1]     10 4.9ms
                                    $techmap842189$abc$832934$lut$aiger832933$34927.A[1]     11 4.9ms
                                                                           wb_rdata[121]      5 4.9ms
                                                                    ddr3.iserdes_data[6]      2 4.9ms
                                                                 $abc$832934$aiger$i7347      3 4.9ms
                                     ddr3.ddr3_controller_inst.stage2_data_unaligned[74]      5 4.9ms
                  $techmap845125$auto$abc_ops_reintegrate.cc:611:reintegrate$833155.A[4]      8 4.9ms
                                    $techmap840685$abc$832934$lut$aiger832933$24015.A[0]      4 4.9ms
                  $techmap840083$auto$abc_ops_reintegrate.cc:611:reintegrate$834647.A[3]     11 4.9ms
                                    $techmap843129$abc$832934$lut$aiger832933$41585.A[4]      3 4.8ms
                                                                        matvec.c_wir[22]      2 4.8ms
                  $techmap840331$auto$abc_ops_reintegrate.cc:611:reintegrate$834589.A[2]      9 4.8ms
                                     ddr3.ddr3_controller_inst.stage2_data_unaligned[55]      6 4.8ms
                                     ddr3.ddr3_controller_inst.stage2_data_unaligned[68]      6 4.8ms
                                                                        loader.h_crc[31]      5 4.8ms
                                                                       loader.rb_byte[6]      2 4.8ms
                                                                            wb_rdata[28]      7 4.8ms
                                                                   ddr3.iserdes_data[74]      2 4.8ms
                                                                       loader.resp_a[27]      2 4.8ms
                  $techmap839735$auto$abc_ops_reintegrate.cc:611:reintegrate$834842.A[0]     10 4.8ms
                                  $auto$alumacc.cc:548:replace_alu$149598.Y[1]$sum$11223     13 4.8ms
        $abc$832934$flatten\master.$logic_and$build/t27/specs/rtl/fpga_loader_wb.v:507$9442_Y     32 4.8ms
                                    $techmap842540$abc$832934$lut$aiger832933$37441.A[3]      2 4.8ms
                                                                            wb_rdata[42]      5 4.8ms
                  $techmap840921$auto$abc_ops_reintegrate.cc:611:reintegrate$834443.A[1]      9 4.8ms
                                                                 $abc$832934$aiger$i7269      2 4.7ms
                                    $techmap841523$abc$832934$lut$aiger832933$29756.A[2]      4 4.7ms
                                                                       loader.clocks[30]      2 4.7ms
        $abc$832934$flatten\arbiter.$logic_and$build/t27/specs/rtl/fpga_wb_arbiter.v:271$9680_Y     32 4.7ms
                                            ddr3.ddr3_controller_inst.stage1_next_row[6]     11 4.7ms
                                ddr3.ddr3_controller_inst.write_test_address_counter[22]      5 4.7ms
                  $techmap840176$auto$abc_ops_reintegrate.cc:611:reintegrate$834625.A[3]      9 4.7ms
                                                                             wb_rdata[2]      9 4.7ms
                  $techmap843636$auto$abc_ops_reintegrate.cc:611:reintegrate$833660.A[4]      8 4.7ms
                  $techmap842958$auto$abc_ops_reintegrate.cc:611:reintegrate$833941.A[2]      7 4.7ms
                                            ddr3.ddr3_controller_inst.stage1_next_row[9]     11 4.7ms
                          $techmap840192$abc$832934$lut$aiger832933$19274.A[4]$sum$11187     10 4.7ms
                                    ddr3.ddr3_controller_inst.calib_data_randomized[123]     10 4.7ms
                                                                            wb_rdata[31]      6 4.7ms
                                    $techmap842121$abc$832934$lut$aiger832933$34654.A[2]     14 4.7ms
                                     ddr3.ddr3_controller_inst.stage2_data_unaligned[66]      5 4.7ms
                                                                            wb_rdata[90]      4 4.7ms
                                                                   ddr3.iserdes_data[15]      2 4.7ms
        $techmap145770$flatten\loader.$gt$build/t27/specs/rtl/fpga_ddr3_loader.v:1643$966.Y     11 4.7ms
                                       ddr3.ddr3_controller_inst.bank_active_row_d[3][5]      4 4.7ms
                                     ddr3.ddr3_controller_inst.stage2_data_unaligned[72]      8 4.6ms
                  $techmap842651$auto$abc_ops_reintegrate.cc:611:reintegrate$834036.A[2]      7 4.6ms
                                   $techmap845792$abc$832934$lut$not$aiger832933$14628.A      3 4.6ms
                                                                   ddr3.iserdes_data[37]      2 4.6ms
                                 ddr3.ddr3_controller_inst.check_test_address_counter[2]     11 4.6ms
                  $techmap841504$auto$abc_ops_reintegrate.cc:611:reintegrate$834367.A[1]      3 4.6ms
                                                                       loader.resp_a[13]      2 4.6ms
                                    $techmap846172$abc$832934$lut$aiger832933$26254.A[4]      1 4.6ms
                                                                            wb_rdata[22]      7 4.6ms
                                         $techmap846233$abc$832934$lut$aiger$o27720.A[1]     31 4.6ms
                  $techmap844654$auto$abc_ops_reintegrate.cc:611:reintegrate$833285.A[4]      8 4.6ms
                                     ddr3.ddr3_controller_inst.stage2_data_unaligned[81]      7 4.6ms
                                    $techmap841522$abc$832934$lut$aiger832933$29753.A[2]      4 4.6ms
                                         $techmap840054$abc$832934$lut$aiger$o18622.A[3]      8 4.6ms
                  $techmap843032$auto$abc_ops_reintegrate.cc:611:reintegrate$833925.A[1]      8 4.6ms
                                              ddr3.ddr3_controller_inst.o_wb_stall_int_q      6 4.6ms
                  $techmap840459$auto$abc_ops_reintegrate.cc:611:reintegrate$834565.A[3]     10 4.6ms
                                                 ddr3.ddr3_controller_inst.dqs_store[32]      6 4.6ms
                  $techmap845384$auto$abc_ops_reintegrate.cc:611:reintegrate$833020.A[1]      5 4.6ms
                                      ddr3.ddr3_controller_inst.stage2_dm_unaligned_d[0]      2 4.6ms
                  $techmap843552$auto$abc_ops_reintegrate.cc:611:reintegrate$833708.A[0]      3 4.6ms
                                                                   ddr3.iserdes_data[78]      2 4.5ms
                                                                              wr_addr[5]      5 4.5ms
                  $techmap841627$auto$abc_ops_reintegrate.cc:611:reintegrate$834331.A[0]      6 4.5ms
                                                                        master.outst[18]      5 4.5ms
                                                                        loader.h_crc[25]      7 4.5ms
                  $techmap839630$auto$abc_ops_reintegrate.cc:611:reintegrate$834933.A[1]     10 4.5ms
                                                ddr3.ddr3_controller_inst.stage1_data[8]      2 4.5ms
                                                                              wr_addr[9]      4 4.5ms
                                    $techmap840963$abc$832934$lut$aiger832933$25745.A[3]      1 4.5ms
                                                                         master.outst[0]      4 4.5ms
                                                                            wb_rdata[49]      5 4.5ms
                                                                           wb_rdata[124]      5 4.5ms
                                           $auto$alumacc.cc:548:replace_alu$149912.Y[16]      4 4.5ms
                  $techmap841525$auto$abc_ops_reintegrate.cc:611:reintegrate$834362.A[0]      4 4.5ms
                  $techmap844486$auto$abc_ops_reintegrate.cc:611:reintegrate$833332.A[0]      9 4.5ms
                  $techmap839734$auto$abc_ops_reintegrate.cc:611:reintegrate$834843.A[0]     10 4.5ms
                                               ddr3.ddr3_controller_inst.stage1_data[68]      2 4.4ms
                                         $techmap846117$abc$832934$lut$aiger$o18116.A[3]     10 4.4ms
                                                                    loader.fifo_level[9]      5 4.4ms
                                                  ddr3.ddr3_controller_inst.stage2_do_wr     12 4.4ms
                                    $techmap842257$abc$832934$lut$aiger832933$35466.A[2]      2 4.4ms
                                    $techmap841449$abc$832934$lut$aiger832933$29405.A[3]     10 4.4ms
                                     ddr3.ddr3_controller_inst.stage2_data_unaligned[90]      5 4.4ms
                  $techmap840164$auto$abc_ops_reintegrate.cc:611:reintegrate$834631.A[3]      9 4.4ms
                                                                             rd_addr[23]      4 4.4ms
                                                                   ddr3.iserdes_data[14]      2 4.4ms
                                           ddr3.ddr3_controller_inst.stage1_next_row[10]     10 4.4ms
                                            ddr3.ddr3_controller_inst.stage1_next_row[8]     11 4.4ms
                                    $techmap839544$abc$832934$lut$aiger832933$22603.A[2]      6 4.4ms
                  $techmap841573$auto$abc_ops_reintegrate.cc:611:reintegrate$834345.A[1]     10 4.4ms
                                                                              mv_s_a[31]      1 4.4ms
                  $techmap841858$auto$abc_ops_reintegrate.cc:611:reintegrate$834260.A[2]      8 4.4ms
                                         $techmap846690$abc$832934$lut$aiger$o26721.A[1]      2 4.4ms
                                      ddr3.ddr3_controller_inst.stage2_data_unaligned[3]      9 4.4ms
                                     ddr3.ddr3_controller_inst.stage2_data_unaligned[60]      6 4.3ms
                  $techmap839916$auto$abc_ops_reintegrate.cc:611:reintegrate$834730.A[0]      8 4.3ms
                  $techmap842242$auto$abc_ops_reintegrate.cc:611:reintegrate$834156.A[2]      7 4.3ms
                                                                            wb_rdata[84]      4 4.3ms
                                                                             rd_addr[30]      3 4.3ms
                                    ddr3.ddr3_controller_inst.stage2_data_unaligned[123]      6 4.3ms
                                    ddr3.ddr3_controller_inst.stage2_data_unaligned[117]      8 4.3ms
                                 ddr3.ddr3_controller_inst.check_test_address_counter[4]     10 4.3ms
                  $techmap842651$auto$abc_ops_reintegrate.cc:611:reintegrate$834036.A[3]      7 4.3ms
                                    $techmap840022$abc$832934$lut$aiger832933$18165.A[2]      4 4.3ms
                                               ddr3.ddr3_controller_inst.stage1_data[31]      2 4.3ms
                                    $techmap841991$abc$832934$lut$aiger832933$33557.A[4]      5 4.3ms
                                         $techmap840054$abc$832934$lut$aiger$o18622.A[2]     13 4.3ms
                  $techmap839974$auto$abc_ops_reintegrate.cc:611:reintegrate$834703.A[0]      4 4.3ms
                                                                        master.outst[23]      4 4.3ms
                                                                            wb_rdata[58]      6 4.3ms
                                    $techmap841456$abc$832934$lut$aiger832933$29428.A[2]      8 4.3ms
                  $techmap840032$auto$abc_ops_reintegrate.cc:611:reintegrate$834655.A[1]      7 4.3ms
                  $techmap839758$auto$abc_ops_reintegrate.cc:611:reintegrate$834819.A[0]      9 4.3ms
                                                                            wb_rdata[89]      4 4.3ms
                                                                  matvec.doorbell_run[8]      3 4.3ms
                  $techmap839709$auto$abc_ops_reintegrate.cc:611:reintegrate$834868.A[0]      9 4.3ms
                                    $techmap846100$abc$832934$lut$aiger832933$26089.A[1]      9 4.3ms
                                    $techmap842757$abc$832934$lut$aiger832933$39007.A[3]      2 4.3ms
                                    $techmap840105$abc$832934$lut$aiger832933$18537.A[0]      5 4.3ms
                                                                            wb_rdata[15]      7 4.2ms
                  $techmap839717$auto$abc_ops_reintegrate.cc:611:reintegrate$834860.A[0]     10 4.2ms
                                       ddr3.ddr3_controller_inst.bank_active_row_d[2][5]      4 4.2ms
                                    $techmap840970$abc$832934$lut$aiger832933$25752.A[1]      8 4.2ms
                  $techmap839634$auto$abc_ops_reintegrate.cc:611:reintegrate$834929.A[1]     12 4.2ms
                                     ddr3.ddr3_controller_inst.stage2_data_unaligned[87]      6 4.2ms
                  $techmap842221$auto$abc_ops_reintegrate.cc:611:reintegrate$834162.A[2]      7 4.2ms
                  $techmap841557$auto$abc_ops_reintegrate.cc:611:reintegrate$834351.A[1]      7 4.2ms
                                                                             wr_addr[15]      5 4.2ms
                              $abc$832934$auto$opt_dff.cc:336:make_patterns_logic$133524      7 4.2ms
                                                                  ddr3.iserdes_data[107]      2 4.2ms
                                                                             wb_rdata[4]      7 4.2ms
                              $abc$832934$auto$opt_dff.cc:319:make_patterns_logic$179745      7 4.2ms
                                     ddr3.ddr3_controller_inst.stage2_data_unaligned[75]      6 4.2ms
                                                                         matvec.c_row[7]      3 4.2ms
                  $techmap842958$auto$abc_ops_reintegrate.cc:611:reintegrate$833941.A[3]      5 4.2ms
                                    $techmap841116$abc$832934$lut$aiger832933$19668.A[0]     11 4.2ms
                                                                   ddr3.iserdes_data[77]      2 4.2ms
                                                 ddr3.ddr3_controller_inst.stage2_row[3]     11 4.2ms
                                     ddr3.ddr3_controller_inst.stage2_data_unaligned[98]      5 4.2ms
                                                 ddr3.ddr3_controller_inst.stage2_row[4]     11 4.2ms
                                                                            wb_rdata[82]      4 4.2ms
                                     ddr3.ddr3_controller_inst.stage2_data_unaligned[38]      5 4.2ms
                  $techmap842512$auto$abc_ops_reintegrate.cc:611:reintegrate$834083.A[2]      6 4.2ms
                                    $techmap839881$abc$832934$lut$aiger832933$24060.A[0]      2 4.2ms
                                    $techmap841007$abc$832934$lut$aiger832933$26038.A[4]     33 4.2ms
                                                                            wb_rdata[97]      4 4.2ms
                                                 ddr3.ddr3_controller_inst.dqs_store[33]      5 4.2ms
                  $techmap842215$auto$abc_ops_reintegrate.cc:611:reintegrate$834165.A[2]      7 4.2ms
                  $techmap842533$auto$abc_ops_reintegrate.cc:611:reintegrate$834075.A[2]      8 4.2ms
                                                                 matvec.doorbell_run[10]      3 4.2ms
                  $techmap839958$auto$abc_ops_reintegrate.cc:611:reintegrate$834715.A[2]      5 4.2ms
                                                                            wb_rdata[37]      6 4.2ms
                  $techmap839545$auto$abc_ops_reintegrate.cc:611:reintegrate$835018.A[0]     10 4.2ms
                                    $techmap841521$abc$832934$lut$aiger832933$29750.A[1]      4 4.1ms
                                   $techmap845903$abc$832934$lut$not$aiger832933$14354.A      5 4.1ms
                                    $techmap841463$abc$832934$lut$aiger832933$29447.A[4]      8 4.1ms
                                                                 matvec.doorbell_run[11]      3 4.1ms
                                    $techmap843219$abc$832934$lut$aiger832933$42216.A[3]      2 4.1ms
                                           $auto$alumacc.cc:548:replace_alu$149772.Y[17]      2 4.1ms
                  $techmap843062$auto$abc_ops_reintegrate.cc:611:reintegrate$833910.A[1]     10 4.1ms
                                    $techmap843790$abc$832934$lut$aiger832933$32992.A[1]     10 4.1ms
                  $techmap839748$auto$abc_ops_reintegrate.cc:611:reintegrate$834829.A[0]     10 4.1ms
                              $abc$832934$auto$opt_dff.cc:336:make_patterns_logic$133976     32 4.1ms
                  $techmap839587$auto$abc_ops_reintegrate.cc:611:reintegrate$834976.A[1]      6 4.1ms
                                                 ddr3.ddr3_controller_inst.stage2_row[6]     11 4.1ms
                                                 ddr3.ddr3_controller_inst.dqs_store[13]      3 4.1ms
                                    $techmap840656$abc$832934$lut$aiger832933$23895.A[4]      2 4.1ms
                  $techmap839628$auto$abc_ops_reintegrate.cc:611:reintegrate$834935.A[1]     12 4.1ms
                                    $techmap844520$abc$832934$lut$aiger832933$52585.A[3]      4 4.1ms
                                     ddr3.ddr3_controller_inst.stage2_data_unaligned[97]      7 4.1ms
                  ddr3.ddr3_controller_inst.stage2_do_update_delay_before_read_after_act      9 4.1ms
                                                                              line_b[34]      1 4.1ms
                  $techmap841619$auto$abc_ops_reintegrate.cc:611:reintegrate$834334.A[3]     11 4.1ms
                  $techmap844251$auto$abc_ops_reintegrate.cc:611:reintegrate$833421.A[2]      3 4.1ms
                                                                        loader.resp_a[1]      2 4.1ms
                                                 ddr3.ddr3_controller_inst.stage2_row[2]     11 4.1ms
                                    $techmap841454$abc$832934$lut$aiger832933$29423.A[0]      9 4.1ms
                                            ddr3.ddr3_controller_inst.read_lane_data[61]      3 4.1ms
                                     ddr3.ddr3_controller_inst.stage2_data_unaligned[49]      7 4.1ms
                                                                              mv_s_a[24]      1 4.0ms
                                     ddr3.ddr3_controller_inst.stage2_data_unaligned[16]      8 4.0ms
                                                                        loader.h_crc[21]      6 4.0ms
                                    $techmap840029$abc$832934$lut$aiger832933$18173.A[1]      5 4.0ms
                                     ddr3.ddr3_controller_inst.stage2_data_unaligned[10]      6 4.0ms
                                    $techmap843536$abc$832934$lut$aiger832933$44435.A[0]      3 4.0ms
                                                                   ddr3.iserdes_data[44]      2 4.0ms
                                                                 matvec.doorbell_run[13]      3 4.0ms
                              $abc$832934$auto$opt_dff.cc:336:make_patterns_logic$132676      7 4.0ms
                  $techmap839912$auto$abc_ops_reintegrate.cc:611:reintegrate$834731.A[3]      5 4.0ms
                                                                           wb_rdata[126]      4 4.0ms
                                                                       receiver.shift[5]      2 4.0ms
                                    $techmap841524$abc$832934$lut$aiger832933$29760.A[1]      4 4.0ms
                                    $techmap840957$abc$832934$lut$aiger832933$18815.A[1]      5 4.0ms
                  $techmap844947$auto$abc_ops_reintegrate.cc:611:reintegrate$833219.A[4]      8 4.0ms
                                    $techmap841816$abc$832934$lut$aiger832933$32378.A[3]      2 4.0ms
                                    ddr3.ddr3_controller_inst.stage2_data_unaligned[115]      6 4.0ms
                                    $techmap841006$abc$832934$lut$aiger832933$26034.A[3]      6 4.0ms
                                                                        loader.h_crc[15]      6 4.0ms
                                 ddr3.ddr3_controller_inst.read_test_address_counter[20]      5 4.0ms
                                         $techmap848193$abc$832934$lut$aiger$o23575.A[2]      1 4.0ms
                  $techmap840005$auto$abc_ops_reintegrate.cc:611:reintegrate$834673.A[2]      3 4.0ms
                                           $auto$alumacc.cc:548:replace_alu$149772.Y[25]      2 4.0ms
                                    $techmap842924$abc$832934$lut$aiger832933$39987.A[1]      2 4.0ms
                                                                         loader.h_seq[1]      5 4.0ms
                                    $techmap843895$abc$832934$lut$aiger832933$35308.A[4]      2 4.0ms
                                     ddr3.ddr3_controller_inst.stage2_data_unaligned[39]      6 4.0ms
                  $techmap842317$auto$abc_ops_reintegrate.cc:611:reintegrate$834138.A[1]      5 4.0ms
                  $techmap839625$auto$abc_ops_reintegrate.cc:611:reintegrate$834938.A[1]      3 4.0ms
                                     ddr3.ddr3_controller_inst.stage2_data_unaligned[64]      8 4.0ms
                                    $techmap841611$abc$832934$lut$aiger832933$30589.A[3]      1 4.0ms
                                                                         ddr3.bitslip[1]     18 4.0ms
                                                                             line_tag[6]      1 4.0ms
                                      ddr3.ddr3_controller_inst.stage2_data_unaligned[4]      7 4.0ms
                  $techmap842566$auto$abc_ops_reintegrate.cc:611:reintegrate$834067.A[4]      6 3.9ms
                              $abc$832934$auto$opt_dff.cc:319:make_patterns_logic$178834     10 3.9ms
                                    $techmap841323$abc$832934$lut$aiger832933$29007.A[1]      4 3.9ms
                                      ddr3.ddr3_controller_inst.stage2_data_unaligned[7]      6 3.9ms
                  $techmap844202$auto$abc_ops_reintegrate.cc:611:reintegrate$833439.A[2]      5 3.9ms
                                    $techmap841454$abc$832934$lut$aiger832933$29423.A[1]     10 3.9ms
                                                                 matvec.doorbell_run[29]      3 3.9ms
                                                                   ddr3.iserdes_data[82]      2 3.9ms
                  $techmap843168$auto$abc_ops_reintegrate.cc:611:reintegrate$833861.A[2]      6 3.9ms
                                    $techmap844400$abc$832934$lut$aiger832933$51664.A[5]      2 3.9ms
                                    $techmap846749$abc$832934$lut$aiger832933$19916.A[0]      2 3.9ms
                                     ddr3.ddr3_controller_inst.stage2_data_unaligned[26]      5 3.9ms
                                    $techmap844151$abc$832934$lut$aiger832933$49738.A[3]      3 3.9ms
                                                                  ddr3.iserdes_data[123]      2 3.9ms
                                                                            wb_rdata[21]      8 3.9ms
                                                                        master.outst[10]      5 3.9ms
                                                                        loader.h_crc[26]      6 3.9ms
                                                                             wb_rdata[3]      7 3.9ms
                                               ddr3.ddr3_controller_inst.stage1_data[48]      2 3.9ms
                                                                        loader.clocks[0]      2 3.9ms
                  $techmap840011$auto$abc_ops_reintegrate.cc:611:reintegrate$834667.A[5]      4 3.9ms
                  $techmap843569$auto$abc_ops_reintegrate.cc:611:reintegrate$833696.A[2]      5 3.9ms
                                                                         master.outst[9]      5 3.9ms
                                      ddr3.ddr3_controller_inst.stage2_dm_unaligned_d[6]      2 3.9ms
                                    $techmap841167$abc$832934$lut$aiger832933$27274.A[1]      5 3.9ms
                  $techmap839934$auto$abc_ops_reintegrate.cc:611:reintegrate$834728.A[0]      8 3.9ms
                  $techmap839976$auto$abc_ops_reintegrate.cc:611:reintegrate$834702.A[0]      4 3.9ms
                  $techmap840015$auto$abc_ops_reintegrate.cc:611:reintegrate$834663.A[1]      4 3.9ms
                                    $techmap841480$abc$832934$lut$aiger832933$29555.A[0]      9 3.9ms
                                    $techmap839865$abc$832934$lut$aiger832933$25983.A[1]     11 3.9ms
                                                                   loader.stage_word[28]      2 3.9ms
                                    $techmap844027$abc$832934$lut$aiger832933$48742.A[2]      1 3.9ms
                              $abc$832934$auto$opt_dff.cc:319:make_patterns_logic$134391     32 3.9ms
                                         $techmap846618$abc$832934$lut$aiger$o23160.A[1]      3 3.9ms
                                    $techmap841412$abc$832934$lut$aiger832933$29329.A[2]      4 3.8ms
                                    ddr3.ddr3_controller_inst.calib_data_randomized[114]      8 3.8ms
                                                                           wb_rdata[114]      4 3.8ms
                                                                    ddr3.iserdes_data[4]      2 3.8ms
                                    $techmap841521$abc$832934$lut$aiger832933$29750.A[0]      4 3.8ms
                                                 ddr3.ddr3_controller_inst.stage2_row[0]     11 3.8ms
                                                                             rd_addr[18]      3 3.8ms
                                                                            wb_rdata[39]      5 3.8ms
                                    $techmap841788$abc$832934$lut$aiger832933$32219.A[4]      4 3.8ms
                                                                            wb_rdata[45]      6 3.8ms
                                                                        loader.h_crc[11]      7 3.8ms
                                                                         matvec.c_row[8]      3 3.8ms
                                    $techmap841518$abc$832934$lut$aiger832933$29741.A[0]      3 3.8ms
                                                                        arbiter.handover     32 3.8ms
                                            ddr3.ddr3_controller_inst.dqs_start_index[4]     10 3.8ms
                                    $techmap843744$abc$832934$lut$aiger832933$46394.A[1]      4 3.8ms
                                                                        loader.h_crc[22]      5 3.8ms
                                                                 $abc$832934$aiger$i7345      3 3.8ms
                  $techmap839856$auto$abc_ops_reintegrate.cc:611:reintegrate$834750.A[0]      4 3.8ms
Info: Router2 time 29.28s
Info: Routing $PACKER_VCC_NET connections...
Info:     $PACKER_VCC_NET: 3596/3596 sinks bridged (0 holdouts; max BFS 523)
Info: Routing $PACKER_GND_NET connections...
Info:     $PACKER_GND_NET HOLDOUT: $auto$alumacc.cc:548:replace_alu$149888.genblk1.slice[0].genblk1.carry4.DI1 (bel SLICE_X122Y169/CARRY4, wire SITEWIRE/SLICE_X122Y169/BCY0_OUT)
Info:     $PACKER_GND_NET HOLDOUT: $auto$alumacc.cc:548:replace_alu$150101.genblk1.slice[0].genblk1.carry4$split$11321.DI0 (bel SLICE_X128Y142/CARRY4, wire SITEWIRE/SLICE_X128Y142/ACY0_OUT)
Info:     $PACKER_GND_NET: 2922/2924 sinks bridged (2 holdouts; max BFS 18172)
Info:     $auto$alumacc.cc:548:replace_alu$149888.genblk1.slice[0].genblk1.carry4.DI1 (bel SLICE_X122Y169/CARRY4): CARRY4 DI with S=1 never selected, left unrouted
Info:     $auto$alumacc.cc:548:replace_alu$150101.genblk1.slice[0].genblk1.carry4$split$11321.DI0 (bel SLICE_X128Y142/CARRY4): CARRY4 DI with S=1 never selected, left unrouted
Info: Constant holdouts: 0 local constant LUT(s) added, 0 re-route pass(es), 2 don't-care CARRY4 DI pin(s) left unrouted
Info: Running post-routing legalisation...
Info:     BUFHCE pass-through CE: 9 tied to VCC, 0 already driven, 0 could not be reached

Info: Critical path report for clock 'clk_ctrl' (posedge -> posedge):
Info: curr total
Info:  0.1  0.1  Source $auto$ff.cc:337:slice$256260.Q
Info:  1.9  2.0    Net ddr3.ddr3_controller_inst.index_wb_data budget 0.000000 ns (206,73) -> (234,68)
Info:                Sink $abc$832934$lut$aiger$o28371.A1
Info:  0.1  2.1  Source $abc$832934$lut$aiger$o28371.O6
Info:  2.5  4.6    Net wb_rdata[62] budget 0.000000 ns (234,68) -> (214,40)
Info:                Sink $abc$832934$lut$aiger832933$26957.A5
Info:  0.1  4.7  Source $abc$832934$lut$aiger832933$26957.O6
Info:  0.6  5.3    Net $techmap841147$abc$832934$lut$aiger832933$26961.A[4] budget 0.000000 ns (214,40) -> (211,40)
Info:                Sink $abc$832934$lut$aiger832933$26961.A1
Info:  0.1  5.4  Source $abc$832934$lut$aiger832933$26961.O6
Info:  0.3  5.7    Net $techmap841150$abc$832934$lut$aiger832933$26969.A[4] budget 0.000000 ns (211,40) -> (211,40)
Info:                Sink $abc$832934$lut$aiger832933$26969.A5
Info:  0.1  5.8  Source $abc$832934$lut$aiger832933$26969.O6
Info:  0.7  6.5    Net $techmap841155$abc$832934$lut$aiger832933$26987.A[2] budget 0.000000 ns (211,40) -> (210,42)
Info:                Sink $abc$832934$lut$aiger832933$26987.A2
Info:  0.1  6.6  Source $abc$832934$lut$aiger832933$26987.O6
Info:  1.3  7.9    Net $techmap841804$auto$abc_ops_reintegrate.cc:611:reintegrate$834278.A[1] budget 0.000000 ns (210,42) -> (197,45)
Info:                Sink $abc$832934$lut$aiger832933$26991.A2
Info:  0.1  8.1  Source $abc$832934$lut$aiger832933$26991.O6
Info:  2.8 10.9    Net $techmap841262$auto$abc_ops_reintegrate.cc:611:reintegrate$834404.A[3] budget 0.000000 ns (197,45) -> (198,110)
Info:                Sink $abc$832934$lut$aiger$o18917.A4
Info:  0.1 11.0  Source $abc$832934$lut$aiger$o18917.O6
Info:  0.8 11.8    Net $techmap846876$abc$832934$lut$aiger$o19295.A[3] budget 0.000000 ns (198,110) -> (198,106)
Info:                Sink $abc$832934$lut$aiger$o19295.A2
Info:  0.1 11.9  Source $abc$832934$lut$aiger$o19295.O6
Info:  0.8 12.7    Net $abc$832934$auto$opt_dff.cc:336:make_patterns_logic$134451 budget 0.822000 ns (198,106) -> (197,103)
Info:                Sink $auto$ff.cc:337:slice$249621.CE
Info:  0.1 12.8  Setup $auto$ff.cc:337:slice$249621.CE
Info: 1.2 ns logic, 11.6 ns routing

Info: Max frequency for clock 'clk_ctrl': 77.92 MHz (PASS at 75.00 MHz)

Info: Slack histogram:
Info:  legend: * represents 31 endpoint(s)
Info:          + represents [1,31) endpoint(s)
Info: [   500,   1125) |+
Info: [  1125,   1750) |**+
Info: [  1750,   2375) |******+
Info: [  2375,   3000) |********+
Info: [  3000,   3625) |**************+
Info: [  3625,   4250) |***********+
Info: [  4250,   4875) |************+
Info: [  4875,   5500) |**************************+
Info: [  5500,   6125) |***********************************+
Info: [  6125,   6750) |************************************************+
Info: [  6750,   7375) |************************************************************ 
Info: [  7375,   8000) |********************************************************+
Info: [  8000,   8625) |**********************************************+
Info: [  8625,   9250) |********************************+
Info: [  9250,   9875) |***********************************+
Info: [  9875,  10500) |***************************************+
Info: [ 10500,  11125) |*****************************************+
Info: [ 11125,  11750) |*********************+
Info: [ 11750,  12375) |*******************+
Info: [ 12375,  13000) |**************+

