Info: Packing constants..
Info: Inserting IO buffers..
Info:     IO port 'clk200_n' driven by IBUFDS 'clk_ibufds'
Info:     IO port 'clk200_p' driven by IBUFDS 'clk_ibufds'
Info:     IO port 'rst_n' driven by IBUF '$iopadmap$tms_uart_loader_ax7203.rst_n'
Info:     IO port 'uart_rx' driven by IBUF '$iopadmap$tms_uart_loader_ax7203.uart_rx'
Info:     IO port 'uart_tx' driven by OBUF '$iopadmap$tms_uart_loader_ax7203.uart_tx'
Info:     IO port 'led[0]' driven by OBUF '$iopadmap$tms_uart_loader_ax7203.led'
Info:     IO port 'led[1]' driven by OBUF '$iopadmap$tms_uart_loader_ax7203.led_1'
Info:     IO port 'led[2]' driven by OBUF '$iopadmap$tms_uart_loader_ax7203.led_2'
Info:     IO port 'led[3]' driven by OBUF '$iopadmap$tms_uart_loader_ax7203.led_3'
Info:     Constraining 'clk200_n' to site 'IOB_X1Y123'
Info:     Tile 'RIOB33_X105Y123'
Info:     Constraining 'clk200_p' to site 'IOB_X1Y124'
Info:     Tile 'RIOB33_X105Y123'
Info:     Constraining 'rst_n' to site 'IOB_X1Y115'
Info:     Tile 'RIOB33_X105Y115'
Info:     Constraining 'uart_rx' to site 'IOB_X0Y149'
Info:     Tile 'LIOB33_SING_X0Y149'
Info:     Constraining 'uart_tx' to site 'IOB_X0Y100'
Info:     Tile 'LIOB33_SING_X0Y100'
Info:     Constraining 'led[0]' to site 'IOB_X0Y233'
Info:     Tile 'LIOB33_X0Y233'
Info:     Constraining 'led[1]' to site 'IOB_X0Y234'
Info:     Tile 'LIOB33_X0Y233'
Info:     Constraining 'led[2]' to site 'IOB_X0Y238'
Info:     Tile 'LIOB33_X0Y237'
Info:     Constraining 'led[3]' to site 'IOB_X0Y237'
Info:     Tile 'LIOB33_X0Y237'
Info: Generating input buffer for '$iopadmap$tms_uart_loader_ax7203.rst_n'
Info: Generating input buffer for '$iopadmap$tms_uart_loader_ax7203.uart_rx'
Info: Generating output buffer for '$iopadmap$tms_uart_loader_ax7203.uart_tx'
Info: Generating output buffer for '$iopadmap$tms_uart_loader_ax7203.led'
Info: Generating output buffer for '$iopadmap$tms_uart_loader_ax7203.led_1'
Info: Generating output buffer for '$iopadmap$tms_uart_loader_ax7203.led_2'
Info: Generating output buffer for '$iopadmap$tms_uart_loader_ax7203.led_3'
Info:     Created 9 PAD cells from:
Info:              9x PAD
Info: Preparing clocking...
Info: Packing constants..
Info: Packing cfg...
Info: Packing PLLs...
Info: Packing Gigabit Transceivers..
Info: Packing global buffers...
Info:     Constrained BUFGCTRL 'clk200_bufg' to bel 'BUFGCTRL_X0Y0/BUFGCTRL' based on dedicated routing
Info: Packing MUX[789]s..
Info: Packing carries..
Info:    Grouped 0 MUXCYs and 0 XORCYs into 0 chains.
Info:    Blasted 0 non-chain MUXCYs and 0 non-chain XORCYs to soft logic
Info: Packing LUTs..
Info:     Created 4892 SLICE_LUTX cells from:
Info:              5x LUT1
Info:           1016x LUT2
Info:            585x LUT3
Info:            759x LUT4
Info:           1350x LUT5
Info:           1177x LUT6
Info: Packing DRAM..
Info:    Transformed 0 tied-low DRAM address inputs to be tied-high
Info: Packing BRAM..
Info: Packing DSPs..
Info: Packing flipflops..
Info:     Created 1873 SLICE_FFX cells from:
Info:           1796x FDCE
Info:             11x FDPE
Info:             66x FDRE
Info: Constrained 1545 LUTFF pairs.

Info: Annotating ports with timing budgets for target frequency 25.00 MHz
Info: Checksum: 0x3720caa0

Info: Device utilisation:
Info: 	          SLICE_LUTX:  4892/269200     1%
Info: 	           SLICE_FFX:  1873/269200     0%
Info: 	              CARRY4:     0/33650     0%
Info: 	          PSEUDO_GND:     1/69165     0%
Info: 	          PSEUDO_VCC:     1/69165     0%
Info: 	               HARD0:     0/ 3960     0%
Info: 	            RAMB18E1:     0/  730     0%
Info: 	            FIFO18E1:     0/  365     0%
Info: 	        RAMBFIFO36E1:     0/  365     0%
Info: 	            RAMB36E1:    66/  365    18%
Info: 	             DSP48E1:     0/  740     0%
Info: 	                 PAD:     9/ 1062     0%
Info: 	       IOB33M_OUTBUF:     0/  240     0%
Info: 	       IOB33S_OUTBUF:     0/  240     0%
Info: 	        IOB33_OUTBUF:     5/  500     1%
Info: 	     IOB33M_INBUF_EN:     1/  240     0%
Info: 	     IOB33S_INBUF_EN:     0/  240     0%
Info: 	      IOB33_INBUF_EN:     2/  500     0%
Info: 	IOB33M_TERM_OVERRIDE:     0/  240     0%
Info: 	IOB33S_TERM_OVERRIDE:     0/  240     0%
Info: 	 IOB33_TERM_OVERRIDE:     0/  500     0%
Info: 	       PULL_OR_KEEP1:     0/  980     0%
Info: 	            IDELAYE2:     0/  500     0%
Info: 	        OLOGICE3_TFF:     0/  500     0%
Info: 	      OLOGICE3_OUTFF:     0/  500     0%
Info: 	       OLOGICE3_MISR:     0/  500     0%
Info: 	           OSERDESE2:     0/  500     0%
Info: 	        ILOGICE3_IFF:     0/  500     0%
Info: 	ILOGICE3_ZHOLD_DELAY:     0/  500     0%
Info: 	           ISERDESE2:     0/  500     0%
Info: 	                BUFR:     0/   40     0%
Info: 	               BUFIO:     0/   40     0%
Info: 	          IDELAYCTRL:     0/   10     0%
Info: 	            BUFGCTRL:     2/   32     6%
Info: 	            PCIE_2_1:     0/    1     0%
Info: 	               BSCAN:     0/    4     0%
Info: 	                BUFG:     0/   32     0%
Info: 	              BUFHCE:     0/  120     0%
Info: 	            DCIRESET:     0/    1     0%
Info: 	            DNA_PORT:     0/    1     0%
Info: 	           EFUSE_USR:     0/    1     0%
Info: 	           FRAME_ECC:     0/    1     0%
Info: 	       GTPE2_CHANNEL:     0/   16     0%
Info: 	        GTPE2_COMMON:     0/    4     0%
Info: 	         IBUFDS_GTE2:     0/    8     0%
Info: 	                ICAP:     0/    2     0%
Info: 	            INVERTER:     0/  240     0%
Info: 	          MMCME2_ADV:     0/   10     0%
Info: 	        OLOGICE2_TFF:     0/  500     0%
Info: 	      OLOGICE2_OUTFF:     0/  500     0%
Info: 	           PLLE2_ADV:     0/   10     0%
Info: 	           SELMUX2_1:     0/102950     0%
Info: 	             STARTUP:     0/    1     0%
Info: 	          USR_ACCESS:     0/    1     0%
Info: 	              BUFFER:     0/   82     0%
Info: 	        ILOGICE2_IFF:     0/  500     0%
Info: 	       OLOGICE2_MISR:     0/  500     0%

Info: Placed 18 cells based on constraints.
Info: Creating initial analytic placement for 5287 cells, random placement wirelen = 2484284.
Info:     at initial placer iter 0, wirelen = 1451
Info:     at initial placer iter 1, wirelen = 1263
Info:     at initial placer iter 2, wirelen = 1203
Info:     at initial placer iter 3, wirelen = 1175
Info: Running main analytical placer.
Info:     at iteration #1, type ALL: wirelen solved = 1163, spread = 526740, legal = 527467; time = 0.12s
Info:     at iteration #2, type ALL: wirelen solved = 7385, spread = 455721, legal = 456686; time = 0.14s
Info:     at iteration #3, type ALL: wirelen solved = 15249, spread = 462314, legal = 461384; time = 0.13s
Info:     at iteration #4, type ALL: wirelen solved = 21537, spread = 469798, legal = 470574; time = 0.13s
Info:     at iteration #5, type ALL: wirelen solved = 26141, spread = 479399, legal = 478773; time = 0.12s
Info:     at iteration #6, type ALL: wirelen solved = 30884, spread = 479712, legal = 479706; time = 0.12s
Info:     at iteration #7, type ALL: wirelen solved = 32465, spread = 451147, legal = 454527; time = 0.11s
Info:     at iteration #8, type ALL: wirelen solved = 34532, spread = 455873, legal = 461399; time = 0.10s
Info:     at iteration #9, type ALL: wirelen solved = 36911, spread = 450532, legal = 451770; time = 0.10s
Info:     at iteration #10, type ALL: wirelen solved = 39758, spread = 447673, legal = 447880; time = 0.11s
Info:     at iteration #11, type ALL: wirelen solved = 41040, spread = 441899, legal = 451036; time = 0.10s
Info:     at iteration #12, type ALL: wirelen solved = 43404, spread = 440143, legal = 456927; time = 0.10s
Info:     at iteration #13, type ALL: wirelen solved = 43607, spread = 442270, legal = 442889; time = 0.12s
Info:     at iteration #14, type ALL: wirelen solved = 43628, spread = 439071, legal = 441628; time = 0.10s
Info:     at iteration #15, type ALL: wirelen solved = 44814, spread = 434545, legal = 439518; time = 0.10s
Info:     at iteration #16, type ALL: wirelen solved = 46050, spread = 443439, legal = 449439; time = 0.10s
Info:     at iteration #17, type ALL: wirelen solved = 46730, spread = 441445, legal = 445096; time = 0.10s
Info:     at iteration #18, type ALL: wirelen solved = 48472, spread = 442288, legal = 443478; time = 0.10s
Info:     at iteration #19, type ALL: wirelen solved = 49636, spread = 440091, legal = 444981; time = 0.10s
Info:     at iteration #20, type ALL: wirelen solved = 50883, spread = 440415, legal = 444189; time = 0.10s
Info: HeAP Placer Time: 3.47s
Info:   of which solving equations: 1.77s
Info:   of which spreading cells: 0.36s
Info:   of which strict legalisation: 0.29s

Info: Running simulated annealing placer for refinement.
Info:   at iteration #1: temp = 0.000000, timing cost = 4225, wirelen = 439518
Info:   at iteration #5: temp = 0.000000, timing cost = 3625, wirelen = 434727
Info:   at iteration #10: temp = 0.000000, timing cost = 4062, wirelen = 434127
Info:   at iteration #15: temp = 0.000000, timing cost = 4104, wirelen = 433812
Info:   at iteration #20: temp = 0.000000, timing cost = 3991, wirelen = 433676
Info:   at iteration #21: temp = 0.000000, timing cost = 4242, wirelen = 433654 
Info: SA placement time 4.23s

Info: Max frequency for clock    'clk': 84.29 MHz (PASS at 25.00 MHz)
Info: Max frequency for clock 'clk200': 956.02 MHz (PASS at 25.00 MHz)

Info: Slack histogram:
Info:  legend: * represents 14 endpoint(s)
Info:          + represents [1,14) endpoint(s)
Info: [ 28136,  28714) |+
Info: [ 28714,  29292) |******+
Info: [ 29292,  29870) |*******************************************+
Info: [ 29870,  30448) |************************************************************ 
Info: [ 30448,  31026) |************************************+
Info: [ 31026,  31604) |********************+
Info: [ 31604,  32182) |***********************+
Info: [ 32182,  32760) |************************+
Info: [ 32760,  33338) |********************+
Info: [ 33338,  33916) |***************+
Info: [ 33916,  34494) |*************+
Info: [ 34494,  35072) |*******+
Info: [ 35072,  35650) |******+
Info: [ 35650,  36228) |*******+
Info: [ 36228,  36806) |**+
Info: [ 36806,  37384) |***+
Info: [ 37384,  37962) |******+
Info: [ 37962,  38540) |********+
Info: [ 38540,  39118) |************+
Info: [ 39118,  39696) |******+
Info: Checksum: 0x67024dc5
Info: Running post-placement legalisation...
Info: Routing global clocks...
Info:     routing clock 'clk'
Info:     routing clock 'clk200'
Info: Running router2...
Info: Setting up routing resources...
Info: Running main router loop...
Info:     iter=1 wires=208255 overused=9991 overuse=11466 archfail=NA
Info:     iter=2 wires=219269 overused=399 overuse=401 archfail=NA
Info:     iter=3 wires=219869 overused=8 overuse=8 archfail=NA
Info:     iter=4 wires=219874 overused=0 overuse=0 archfail=0
Info: 1000 slowest nets by runtime:
                                    $techmap254228$abc$250484$lut$aiger250483$16904.A[2]      1 5618.9ms
                                    $techmap254586$abc$250484$lut$aiger250483$16370.A[3]      1 5303.2ms
                                    $techmap253543$abc$250484$lut$aiger250483$15573.A[5]      1 5187.8ms
                                    $techmap254213$abc$250484$lut$aiger250483$16769.A[3]      1 5051.3ms
                                    $techmap254229$abc$250484$lut$aiger250483$16913.A[5]      1 4975.7ms
                                    $techmap254588$abc$250484$lut$aiger250483$16378.A[2]      1 4947.1ms
                                    $techmap253542$abc$250484$lut$aiger250483$15564.A[5]      1 4824.2ms
                                    $techmap254228$abc$250484$lut$aiger250483$16904.A[5]      1 4801.0ms
                                    $techmap254408$abc$250484$lut$aiger250483$16501.A[3]      1 4660.3ms
                                    $techmap253542$abc$250484$lut$aiger250483$15564.A[3]      1 4637.9ms
                                    $techmap254229$abc$250484$lut$aiger250483$16913.A[2]      1 4384.4ms
                                    $techmap254407$abc$250484$lut$aiger250483$16496.A[3]      1 4271.0ms
                                    $techmap255404$abc$250484$lut$aiger250483$15746.A[3]      1 4224.0ms
                                    $techmap254980$abc$250484$lut$aiger250483$16175.A[2]      1 3997.7ms
                                    $techmap255403$abc$250484$lut$aiger250483$15737.A[3]      1 3970.0ms
                                    $techmap255404$abc$250484$lut$aiger250483$15746.A[5]      1 3885.4ms
                                    $techmap254210$abc$250484$lut$aiger250483$16754.A[4]      1 3874.8ms
                                    $techmap254406$abc$250484$lut$aiger250483$16491.A[4]      1 3852.0ms
                                    $techmap254211$abc$250484$lut$aiger250483$16759.A[3]      1 3850.2ms
                                    $techmap254406$abc$250484$lut$aiger250483$16491.A[3]      1 3790.4ms
                                    $techmap253542$abc$250484$lut$aiger250483$15564.A[2]      1 3777.9ms
                                    $techmap255162$abc$250484$lut$aiger250483$15956.A[2]      1 3774.9ms
                                    $techmap253982$abc$250484$lut$aiger250483$15439.A[3]      1 3767.7ms
                                    $techmap255163$abc$250484$lut$aiger250483$15965.A[3]      1 3724.2ms
                                    $techmap255162$abc$250484$lut$aiger250483$15956.A[4]      1 3680.5ms
                                    $techmap254229$abc$250484$lut$aiger250483$16913.A[3]      1 3646.4ms
                                    $techmap253543$abc$250484$lut$aiger250483$15573.A[3]      1 3630.7ms
                                    $techmap255163$abc$250484$lut$aiger250483$15965.A[2]      1 3629.5ms
                                    $techmap255162$abc$250484$lut$aiger250483$15956.A[3]      1 3543.3ms
                                    $techmap255162$abc$250484$lut$aiger250483$15956.A[5]      1 3541.7ms
                                    $techmap253981$abc$250484$lut$aiger250483$15434.A[3]      1 3510.9ms
                                    $techmap254228$abc$250484$lut$aiger250483$16904.A[4]      1 3469.6ms
                                    $techmap254407$abc$250484$lut$aiger250483$16496.A[2]      1 3446.8ms
                                    $techmap253984$abc$250484$lut$aiger250483$15449.A[3]      1 3442.0ms
                                    $techmap254408$abc$250484$lut$aiger250483$16501.A[4]      1 3386.6ms
                                    $techmap254587$abc$250484$lut$aiger250483$16374.A[2]      1 3315.1ms
                                    $techmap253984$abc$250484$lut$aiger250483$15449.A[2]      1 3234.4ms
                                    $techmap255402$abc$250484$lut$aiger250483$15732.A[4]      1 3214.4ms
                                    $techmap254409$abc$250484$lut$aiger250483$16506.A[2]      1 3134.9ms
                                    $techmap255404$abc$250484$lut$aiger250483$15746.A[2]      1 3118.7ms
                                    $techmap255163$abc$250484$lut$aiger250483$15965.A[5]      1 3107.6ms
                                    $techmap254228$abc$250484$lut$aiger250483$16904.A[3]      1 3092.9ms
                                    $techmap254979$abc$250484$lut$aiger250483$16170.A[3]      1 3063.6ms
                                    $techmap254588$abc$250484$lut$aiger250483$16378.A[3]      1 3002.4ms
                                    $techmap253543$abc$250484$lut$aiger250483$15573.A[4]      1 2989.8ms
                                    $techmap255404$abc$250484$lut$aiger250483$15746.A[4]      1 2935.3ms
                                    $techmap254587$abc$250484$lut$aiger250483$16374.A[3]      1 2908.6ms
                                    $techmap254586$abc$250484$lut$aiger250483$16370.A[5]      1 2895.6ms
                                    $techmap253542$abc$250484$lut$aiger250483$15564.A[4]      1 2869.8ms
                                    $techmap253982$abc$250484$lut$aiger250483$15439.A[2]      1 2861.8ms
                                    $techmap254212$abc$250484$lut$aiger250483$16764.A[3]      1 2811.3ms
                                    $techmap254586$abc$250484$lut$aiger250483$16370.A[4]      1 2805.1ms
                                    $techmap254212$abc$250484$lut$aiger250483$16764.A[4]      1 2803.1ms
                                    $techmap254211$abc$250484$lut$aiger250483$16759.A[2]      1 2785.3ms
                                    $techmap254586$abc$250484$lut$aiger250483$16370.A[2]      1 2661.9ms
                                    $techmap253981$abc$250484$lut$aiger250483$15434.A[4]      1 2641.5ms
                                    $techmap254979$abc$250484$lut$aiger250483$16170.A[4]      1 2537.1ms
                                    $techmap254213$abc$250484$lut$aiger250483$16769.A[2]      1 2507.7ms
                                    $techmap254981$abc$250484$lut$aiger250483$16180.A[4]      1 2461.7ms
                                    $techmap254980$abc$250484$lut$aiger250483$16175.A[3]      1 2412.9ms
                                    $techmap253543$abc$250484$lut$aiger250483$15573.A[2]      1 2399.2ms
                                    $techmap253983$abc$250484$lut$aiger250483$15444.A[3]      1 2364.1ms
                                    $techmap255403$abc$250484$lut$aiger250483$15737.A[2]      1 2230.3ms
                                    $techmap253983$abc$250484$lut$aiger250483$15444.A[4]      1 2222.8ms
                                    $techmap254981$abc$250484$lut$aiger250483$16180.A[3]      1 2193.3ms
                                    $techmap255402$abc$250484$lut$aiger250483$15732.A[3]      1 2174.0ms
                                    $techmap255163$abc$250484$lut$aiger250483$15965.A[4]      1 2158.5ms
                                    $techmap254229$abc$250484$lut$aiger250483$16913.A[4]      1 2146.0ms
                                    $techmap254210$abc$250484$lut$aiger250483$16754.A[3]      1 2102.5ms
                                    $techmap254982$abc$250484$lut$aiger250483$16185.A[3]      1 2068.0ms
                                    $techmap254982$abc$250484$lut$aiger250483$16185.A[2]      1 1781.9ms
                                    $techmap254409$abc$250484$lut$aiger250483$16506.A[3]      1 1575.5ms
                                                                        store.a_byte[11]    129 1303.1ms
                                                                 $abc$250484$aiger$o3643      8 1220.7ms
                                                                 $abc$250484$aiger$o3645      8 1104.0ms
                                                                         store.a_byte[6]    129 1072.9ms
                                    $techmap255168$abc$250484$lut$aiger250483$15988.A[2]      1 1042.8ms
                                                                        store.a_byte[10]    129 1026.3ms
                                    $techmap254418$abc$250484$lut$aiger250483$16561.A[5]      1 1017.1ms
                                                                         store.a_byte[8]    129 1004.3ms
                                                                 $abc$250484$aiger$i4015    128 999.6ms
                                    $techmap255414$abc$250484$lut$aiger250483$15825.A[3]      1 988.3ms
                                    $techmap254602$abc$250484$lut$aiger250483$16462.A[3]      1 987.0ms
                                    $techmap253538$abc$250484$lut$aiger250483$15540.A[3]      1 922.2ms
                                    $techmap253537$abc$250484$lut$aiger250483$15535.A[3]      1 916.4ms
                                    $techmap254201$abc$250484$lut$aiger250483$16708.A[4]      1 888.3ms
                                                                         store.a_byte[5]    129 876.2ms
                                                                 $abc$250484$aiger$o4108      8 845.4ms
                                                                 $abc$250484$aiger$i4027    128 836.3ms
                                                                 $abc$250484$aiger$o4110      8 818.4ms
                                    $techmap254971$abc$250484$lut$aiger250483$16129.A[2]      1 809.7ms
                                                                 $abc$250484$aiger$i4031    128 808.9ms
                                                                 $abc$250484$aiger$i4021    128 788.0ms
                                    $techmap253537$abc$250484$lut$aiger250483$15535.A[4]      1 764.4ms
                                    $techmap255414$abc$250484$lut$aiger250483$15825.A[4]      1 763.4ms
                                                                        store.a_byte[13]    129 750.2ms
                                    $techmap254972$abc$250484$lut$aiger250483$16134.A[4]      1 746.6ms
                                                                         store.a_byte[7]    129 743.7ms
                                    $techmap253973$abc$250484$lut$aiger250483$15388.A[3]      1 735.0ms
                                    $techmap254970$abc$250484$lut$aiger250483$16124.A[4]      1 735.0ms
                                    $techmap253550$abc$250484$lut$aiger250483$15610.A[2]      1 728.7ms
                                    $techmap255157$abc$250484$lut$aiger250483$15927.A[3]      1 718.5ms
                                                                         store.a_byte[4]    129 687.1ms
                                    $techmap255157$abc$250484$lut$aiger250483$15927.A[4]      1 652.9ms
                                    $techmap254203$abc$250484$lut$aiger250483$16718.A[4]      1 648.2ms
                                    $techmap255415$abc$250484$lut$aiger250483$15834.A[3]      1 645.0ms
                                    $techmap255409$abc$250484$lut$aiger250483$15788.A[3]      1 635.9ms
                                    $techmap254597$abc$250484$lut$aiger250483$16437.A[4]      1 583.4ms
                                    $techmap254199$abc$250484$lut$aiger250483$16698.A[4]      1 581.7ms
                                    $techmap254237$abc$250484$lut$aiger250483$16959.A[3]      1 581.4ms
                                    $techmap253539$abc$250484$lut$aiger250483$15545.A[3]      1 579.3ms
                                    $techmap253971$abc$250484$lut$aiger250483$15378.A[4]      1 575.8ms
                                    $techmap254601$abc$250484$lut$aiger250483$16457.A[4]      1 566.8ms
                                    $techmap253964$abc$250484$lut$aiger250483$15335.A[2]      1 560.4ms
                                    $techmap254598$abc$250484$lut$aiger250483$16442.A[2]      1 556.8ms
                                    $techmap255158$abc$250484$lut$aiger250483$15932.A[2]      1 553.2ms
                                    $techmap253974$abc$250484$lut$aiger250483$15393.A[2]      1 551.1ms
                                    $techmap255411$abc$250484$lut$aiger250483$15802.A[4]      1 539.3ms
                                    $techmap254971$abc$250484$lut$aiger250483$16129.A[3]      1 538.7ms
                                    $techmap253964$abc$250484$lut$aiger250483$15335.A[3]      1 536.5ms
                                    $techmap254238$abc$250484$lut$aiger250483$16964.A[2]      1 531.7ms
                                    $techmap254419$abc$250484$lut$aiger250483$16570.A[5]      1 528.4ms
                                    $techmap255411$abc$250484$lut$aiger250483$15802.A[3]      1 521.8ms
                                                                 $abc$250484$aiger$o1573     64 521.2ms
                                    $techmap254595$abc$250484$lut$aiger250483$16425.A[4]      1 516.2ms
                                    $techmap254200$abc$250484$lut$aiger250483$16703.A[2]      1 515.0ms
                                    $techmap254592$abc$250484$lut$aiger250483$16404.A[3]      1 511.8ms
                                    $techmap254418$abc$250484$lut$aiger250483$16561.A[3]      1 509.1ms
                                    $techmap255415$abc$250484$lut$aiger250483$15834.A[2]      1 505.6ms
                                    $techmap255359$abc$250484$lut$aiger250483$18354.A[2]      1 496.8ms
                                    $techmap254601$abc$250484$lut$aiger250483$16457.A[3]      1 495.2ms
                                    $techmap254207$abc$250484$lut$aiger250483$16739.A[3]      1 493.3ms
                                    $techmap255160$abc$250484$lut$aiger250483$15942.A[3]      1 491.2ms
                                                                 $abc$250484$aiger$o1574     64 477.6ms
                                    $techmap253964$abc$250484$lut$aiger250483$15335.A[4]      1 475.4ms
                                    $techmap254237$abc$250484$lut$aiger250483$16959.A[4]      1 474.1ms
                                    $techmap255038$abc$250484$lut$aiger250483$18745.A[5]      1 472.4ms
                                                                 $abc$250484$aiger$i4025    128 470.2ms
                                    $techmap254970$abc$250484$lut$aiger250483$16124.A[3]      1 469.3ms
                                    $techmap253973$abc$250484$lut$aiger250483$15388.A[4]      1 468.2ms
                                    $techmap253535$abc$250484$lut$aiger250483$15525.A[4]      1 468.1ms
                                    $techmap255167$abc$250484$lut$aiger250483$15983.A[3]      1 466.5ms
                                                                         $PACKER_GND_NET   5389 461.5ms
                                                                        store.a_byte[12]    129 458.0ms
                                    $techmap253978$abc$250484$lut$aiger250483$15417.A[5]      1 456.0ms
                                    $techmap254418$abc$250484$lut$aiger250483$16561.A[2]      1 455.4ms
                                    $techmap254202$abc$250484$lut$aiger250483$16713.A[3]      1 449.6ms
                                    $techmap255160$abc$250484$lut$aiger250483$15942.A[2]      1 445.5ms
                                    $techmap254416$abc$250484$lut$aiger250483$16549.A[4]      1 442.7ms
                                    $techmap253974$abc$250484$lut$aiger250483$15393.A[3]      1 441.4ms
                                    $techmap255420$abc$250484$lut$aiger250483$15879.A[4]      1 440.1ms
                                    $techmap254969$abc$250484$lut$aiger250483$16119.A[2]      1 439.9ms
                                    $techmap255399$abc$250484$lut$aiger250483$15715.A[5]      1 437.9ms
                                    $techmap253535$abc$250484$lut$aiger250483$15525.A[3]      1 432.9ms
                                    $techmap254473$abc$250484$lut$aiger250483$19101.A[3]      1 428.5ms
                                    $techmap254201$abc$250484$lut$aiger250483$16708.A[3]      1 427.3ms
                                    $techmap254602$abc$250484$lut$aiger250483$16462.A[2]      1 426.4ms
                                    $techmap253547$abc$250484$lut$aiger250483$15591.A[4]      1 425.8ms
                                    $techmap253972$abc$250484$lut$aiger250483$15383.A[3]      1 424.9ms
                                    $techmap254238$abc$250484$lut$aiger250483$16964.A[3]      1 422.3ms
                                    $techmap254202$abc$250484$lut$aiger250483$16713.A[2]      1 422.2ms
                                    $techmap253972$abc$250484$lut$aiger250483$15383.A[2]      1 421.8ms
                                    $techmap255156$abc$250484$lut$aiger250483$15922.A[2]      1 412.1ms
                                    $techmap254976$abc$250484$lut$aiger250483$16155.A[3]      1 405.2ms
                                                                 $abc$250484$aiger$o1571     64 401.6ms
                                    $techmap254248$abc$250484$lut$aiger250483$17021.A[4]      1 396.9ms
                                                                         store.a_byte[9]    129 396.9ms
                                    $techmap255412$abc$250484$lut$aiger250483$15807.A[2]      1 396.8ms
                                    $techmap253538$abc$250484$lut$aiger250483$15540.A[2]      1 396.7ms
                                    $techmap254244$abc$250484$lut$aiger250483$17001.A[3]      1 396.3ms
                                    $techmap255155$abc$250484$lut$aiger250483$15917.A[4]      1 394.5ms
                                                                 $abc$250484$aiger$o1335     64 387.9ms
                                    $techmap254236$abc$250484$lut$aiger250483$16954.A[2]      1 380.2ms
                                    $techmap255406$abc$250484$lut$aiger250483$15761.A[3]      1 380.1ms
                                    $techmap255208$abc$250484$lut$aiger250483$18600.A[3]      1 378.6ms
                                    $techmap254985$abc$250484$lut$aiger250483$16209.A[4]      1 371.3ms
                                    $techmap254204$abc$250484$lut$aiger250483$16723.A[2]      1 369.2ms
                                    $techmap254208$abc$250484$lut$aiger250483$16744.A[4]      1 369.1ms
                                                                 $abc$250484$aiger$i4017    128 362.3ms
                                    $techmap254584$abc$250484$lut$aiger250483$16357.A[3]      1 361.8ms
                                    $techmap254604$abc$250484$lut$aiger250483$16472.A[3]      1 359.7ms
                                                                 $abc$250484$aiger$o1337     64 356.8ms
                                    $techmap253979$abc$250484$lut$aiger250483$15426.A[4]      1 352.7ms
                                    $techmap254978$abc$250484$lut$aiger250483$16165.A[2]      1 352.0ms
                                                                 $abc$250484$aiger$o4107      8 349.9ms
                                                $techmap253146\store.mem_b3.0.15.ENBWREN    132 345.4ms
                                    $techmap255415$abc$250484$lut$aiger250483$15834.A[5]      1 344.8ms
                                    $techmap254583$abc$250484$lut$aiger250483$16348.A[3]      1 341.1ms
                                    $techmap255153$abc$250484$lut$aiger250483$15907.A[4]      1 339.5ms
                                    $techmap254418$abc$250484$lut$aiger250483$16561.A[4]      1 338.4ms
                                    $techmap254206$abc$250484$lut$aiger250483$16734.A[4]      1 337.5ms
                                    $techmap254584$abc$250484$lut$aiger250483$16357.A[2]      1 337.0ms
                                    $techmap254261$abc$250484$lut$aiger250483$19253.A[2]      1 336.5ms
                                                                 $abc$250484$aiger$i4033    128 334.8ms
                                    $techmap253540$abc$250484$lut$aiger250483$15550.A[2]      1 333.5ms
                                                                 $abc$250484$aiger$o1341     64 332.1ms
                                    $techmap254410$abc$250484$lut$aiger250483$16511.A[4]      1 326.8ms
                                    $techmap254227$abc$250484$lut$aiger250483$16895.A[4]      1 326.0ms
                                    $techmap254968$abc$250484$lut$aiger250483$16114.A[4]      1 325.1ms
                                    $techmap255362$abc$250484$lut$aiger250483$18381.A[5]      1 320.6ms
                                    $techmap255155$abc$250484$lut$aiger250483$15917.A[3]      1 318.1ms
                                    $techmap254208$abc$250484$lut$aiger250483$16744.A[3]      1 316.9ms
                                    $techmap254200$abc$250484$lut$aiger250483$16703.A[3]      1 316.8ms
                                    $techmap253979$abc$250484$lut$aiger250483$15426.A[2]      1 314.6ms
                                                                 $abc$250484$aiger$o1167     64 314.2ms
                                    $techmap253987$abc$250484$lut$aiger250483$15472.A[3]      1 313.7ms
                                    $techmap255208$abc$250484$lut$aiger250483$18600.A[5]      1 312.9ms
                                    $techmap253536$abc$250484$lut$aiger250483$15530.A[2]      1 311.2ms
                                                                 $abc$250484$aiger$o1107     64 311.0ms
                                    $techmap254412$abc$250484$lut$aiger250483$16521.A[4]      1 308.6ms
                                    $techmap255158$abc$250484$lut$aiger250483$15932.A[3]      1 307.2ms
                                    $techmap254207$abc$250484$lut$aiger250483$16739.A[2]      1 306.2ms
                                    $techmap254554$abc$250484$lut$aiger250483$14140.A[2]      1 304.3ms
                                    $techmap254429$abc$250484$lut$aiger250483$16658.A[4]      1 298.9ms
                                    $techmap254215$abc$250484$lut$aiger250483$16784.A[4]      1 297.1ms
                                    $techmap253971$abc$250484$lut$aiger250483$15378.A[3]      1 295.3ms
                                    $techmap253550$abc$250484$lut$aiger250483$15610.A[5]      1 294.4ms
                                    $techmap254968$abc$250484$lut$aiger250483$16114.A[3]      1 294.0ms
                                                                 $abc$250484$aiger$o1336     64 292.7ms
                                    $techmap254598$abc$250484$lut$aiger250483$16442.A[3]      1 288.4ms
                                    $techmap254260$abc$250484$lut$aiger250483$19248.A[3]      1 287.4ms
                                    $techmap255414$abc$250484$lut$aiger250483$15825.A[2]      1 286.9ms
                                                                 $abc$250484$aiger$i4023    128 284.9ms
                                    $techmap255414$abc$250484$lut$aiger250483$15825.A[5]      1 284.4ms
                                                                 $abc$250484$aiger$o1342     64 282.0ms
                                    $techmap254257$abc$250484$lut$aiger250483$19233.A[2]      1 281.9ms
                                    $techmap254973$abc$250484$lut$aiger250483$16139.A[3]      1 281.3ms
                                    $techmap255361$abc$250484$lut$aiger250483$18372.A[5]      1 280.9ms
                                    $techmap253545$abc$250484$lut$aiger250483$15581.A[4]      1 276.6ms
                                    $techmap255213$abc$250484$lut$aiger250483$18623.A[3]      1 275.0ms
                                    $techmap254256$abc$250484$lut$aiger250483$19228.A[4]      1 270.8ms
                                                                                     rst   1814 270.3ms
                                    $techmap254603$abc$250484$lut$aiger250483$16467.A[3]      1 269.8ms
                                    $techmap254034$abc$250484$lut$aiger250483$19492.A[2]      1 269.3ms
                                                                 $abc$250484$aiger$o1108     64 266.9ms
                                    $techmap254583$abc$250484$lut$aiger250483$16348.A[5]      1 266.5ms
                                    $techmap254485$abc$250484$lut$aiger250483$19162.A[2]      1 266.3ms
                                                                 $abc$250484$aiger$i4029    128 265.6ms
                                    $techmap254034$abc$250484$lut$aiger250483$19492.A[3]      1 263.5ms
                                    $techmap254260$abc$250484$lut$aiger250483$19248.A[4]      1 262.5ms
                                    $techmap255412$abc$250484$lut$aiger250483$15807.A[3]      1 261.7ms
                                    $techmap254199$abc$250484$lut$aiger250483$16698.A[3]      1 261.4ms
                                    $techmap254474$abc$250484$lut$aiger250483$19106.A[3]      1 260.7ms
                                    $techmap253978$abc$250484$lut$aiger250483$15417.A[3]      1 260.2ms
                                    $techmap253963$abc$250484$lut$aiger250483$15326.A[2]      1 258.2ms
                                    $techmap254985$abc$250484$lut$aiger250483$16209.A[3]      1 257.3ms
                                    $techmap255418$abc$250484$lut$aiger250483$15861.A[5]      1 257.2ms
                                    $techmap255420$abc$250484$lut$aiger250483$15879.A[5]      1 256.7ms
                                    $techmap254597$abc$250484$lut$aiger250483$16437.A[3]      1 254.9ms
                                    $techmap253473$abc$250484$lut$aiger250483$14884.A[2]    730 252.8ms
                                    $techmap255418$abc$250484$lut$aiger250483$15861.A[4]      1 252.7ms
                                                                 $abc$250484$aiger$o1110     64 252.5ms
                                    $techmap254188$abc$250484$lut$aiger250483$14617.A[4]      1 250.7ms
                                    $techmap254985$abc$250484$lut$aiger250483$16209.A[2]      1 250.1ms
                                    $techmap253999$abc$250484$lut$aiger250483$14720.A[4]      1 249.2ms
                                    $techmap255165$abc$250484$lut$aiger250483$15973.A[4]      1 246.5ms
                                                                 $abc$250484$aiger$o1399     64 245.5ms
                                    $techmap255167$abc$250484$lut$aiger250483$15983.A[4]      1 244.7ms
                                                                 $abc$250484$aiger$o1104     64 241.2ms
                                    $techmap254031$abc$250484$lut$aiger250483$19477.A[3]      1 240.3ms
                                    $techmap253536$abc$250484$lut$aiger250483$15530.A[3]      1 239.7ms
                                                                 $abc$250484$aiger$o1339     64 237.7ms
                                    $techmap254206$abc$250484$lut$aiger250483$16734.A[3]      1 235.5ms
                                                                 $abc$250484$aiger$o1000     64 234.2ms
                                    $techmap255179$abc$250484$lut$aiger250483$16066.A[4]      1 232.8ms
                                    $techmap253591$abc$250484$lut$aiger250483$18236.A[5]      1 231.8ms
                                    $techmap254419$abc$250484$lut$aiger250483$16570.A[4]      1 230.6ms
                                    $techmap254416$abc$250484$lut$aiger250483$16549.A[5]      1 230.4ms
                                    $techmap254226$abc$250484$lut$aiger250483$16886.A[3]      1 230.2ms
                                    $techmap254977$abc$250484$lut$aiger250483$16160.A[4]      1 229.7ms
                                    $techmap254600$abc$250484$lut$aiger250483$16452.A[3]      1 228.7ms
                                                                 $abc$250484$aiger$o1105     64 226.6ms
                                    $techmap254581$abc$250484$lut$aiger250483$16334.A[5]      1 225.8ms
                                                                 $abc$250484$aiger$o1109     64 225.2ms
                                    $techmap253552$abc$250484$lut$aiger250483$15628.A[5]      1 224.0ms
                                    $techmap253976$abc$250484$lut$aiger250483$15403.A[2]      1 223.9ms
                                                                 $abc$250484$aiger$i4019    128 223.7ms
                                    $techmap253987$abc$250484$lut$aiger250483$15472.A[2]      1 223.3ms
                                    $techmap254079$abc$250484$lut$aiger250483$19789.A[3]      1 221.4ms
                                    $techmap254986$abc$250484$lut$aiger250483$16218.A[2]      1 219.4ms
                                    $techmap253534$abc$250484$lut$aiger250483$15520.A[2]      1 218.8ms
                                                                 $abc$250484$aiger$o1570     64 218.8ms
                                    $techmap255165$abc$250484$lut$aiger250483$15973.A[3]      1 218.5ms
                                    $techmap254226$abc$250484$lut$aiger250483$16886.A[5]      1 217.0ms
                                    $techmap254231$abc$250484$lut$aiger250483$16931.A[4]      1 216.3ms
                                    $techmap254415$abc$250484$lut$aiger250483$16540.A[3]      1 215.5ms
                                    $techmap255413$abc$250484$lut$aiger250483$15816.A[5]      1 215.4ms
                                    $techmap255399$abc$250484$lut$aiger250483$15715.A[3]      1 214.6ms
                                    $techmap254583$abc$250484$lut$aiger250483$16348.A[4]      1 212.8ms
                                    $techmap255159$abc$250484$lut$aiger250483$15937.A[4]      1 212.7ms
                                    $techmap254415$abc$250484$lut$aiger250483$16540.A[4]      1 212.5ms
                                    $techmap254233$abc$250484$lut$aiger250483$16939.A[2]      1 211.0ms
                                    $techmap253533$abc$250484$lut$aiger250483$15515.A[4]      1 210.6ms
                                    $techmap255040$abc$250484$lut$aiger250483$18763.A[4]      1 210.3ms
                                                                 $abc$250484$aiger$o3646      8 207.5ms
                                                                 $abc$250484$aiger$o1340     64 207.5ms
                                                                 $abc$250484$aiger$o1007     64 206.3ms
                                    $techmap254226$abc$250484$lut$aiger250483$16886.A[4]      1 206.1ms
                                                                 $abc$250484$aiger$o1567     64 205.3ms
                                    $techmap254591$abc$250484$lut$aiger250483$16395.A[5]      1 205.2ms
                                    $techmap255400$abc$250484$lut$aiger250483$15724.A[4]      1 204.0ms
                                    $techmap254075$abc$250484$lut$aiger250483$19759.A[2]      1 202.7ms
                                    $techmap254423$abc$250484$lut$aiger250483$16604.A[2]      1 201.6ms
                                    $techmap254253$abc$250484$lut$aiger250483$17054.A[4]      1 201.1ms
                                    $techmap253970$abc$250484$lut$aiger250483$15373.A[3]      1 199.6ms
                                    $techmap253589$abc$250484$lut$aiger250483$18218.A[5]      1 199.1ms
                                    $techmap253589$abc$250484$lut$aiger250483$18218.A[2]      1 196.7ms
                                    $techmap254975$abc$250484$lut$aiger250483$16150.A[4]      1 196.5ms
                                    $techmap253546$abc$250484$lut$aiger250483$15586.A[2]      1 192.3ms
                                    $techmap253548$abc$250484$lut$aiger250483$15596.A[3]      1 191.4ms
                                    $techmap254209$abc$250484$lut$aiger250483$16749.A[2]      1 191.4ms
                                    $techmap253473$abc$250484$lut$aiger250483$14884.A[1]    686 191.4ms
                                    $techmap255030$abc$250484$lut$aiger250483$18697.A[2]      1 191.1ms
                                    $techmap255039$abc$250484$lut$aiger250483$18754.A[3]      1 189.1ms
                                    $techmap254592$abc$250484$lut$aiger250483$16404.A[4]      1 188.3ms
                                    $techmap254419$abc$250484$lut$aiger250483$16570.A[2]      1 188.3ms
                                    $techmap255415$abc$250484$lut$aiger250483$15834.A[4]      1 184.6ms
                                    $techmap255149$abc$250484$lut$aiger250483$13868.A[3]      1 183.3ms
                                    $techmap254489$abc$250484$lut$aiger250483$19195.A[4]      1 182.9ms
                                    $techmap254426$abc$250484$lut$aiger250483$16631.A[5]      1 182.6ms
                                                                 $abc$250484$aiger$o1106     64 182.4ms
                                    $techmap254604$abc$250484$lut$aiger250483$16472.A[2]      1 182.2ms
                                    $techmap255420$abc$250484$lut$aiger250483$15879.A[2]      1 181.3ms
                                    $techmap253556$abc$250484$lut$aiger250483$15664.A[2]      1 178.9ms
                                    $techmap254973$abc$250484$lut$aiger250483$16139.A[2]      1 178.8ms
                                    $techmap254475$abc$250484$lut$aiger250483$19111.A[4]      1 178.2ms
                                    $techmap255170$abc$250484$lut$aiger250483$15998.A[3]      1 176.9ms
                                    $techmap255399$abc$250484$lut$aiger250483$15715.A[4]      1 175.4ms
                                    $techmap254252$abc$250484$lut$aiger250483$17045.A[2]      1 174.9ms
                                    $techmap254471$abc$250484$lut$aiger250483$19091.A[4]      1 174.6ms
                                    $techmap255210$abc$250484$lut$aiger250483$18608.A[3]      1 173.0ms
                                                                 $abc$250484$aiger$o1001     64 172.2ms
                                    $techmap254413$abc$250484$lut$aiger250483$16526.A[2]      1 172.2ms
                                    $techmap253479$abc$250484$lut$aiger250483$14924.A[0]    145 171.9ms
                                    $techmap255166$abc$250484$lut$aiger250483$15978.A[3]      1 170.7ms
                                    $techmap254249$abc$250484$lut$aiger250483$17026.A[2]      1 170.4ms
                                    $techmap255166$abc$250484$lut$aiger250483$15978.A[2]      1 169.2ms
                                    $techmap254583$abc$250484$lut$aiger250483$16348.A[2]      1 169.0ms
                                    $techmap255418$abc$250484$lut$aiger250483$15861.A[3]      1 168.3ms
                                    $techmap255406$abc$250484$lut$aiger250483$15761.A[4]      1 166.6ms
                                    $techmap254429$abc$250484$lut$aiger250483$16658.A[5]      1 165.3ms
                                    $techmap253545$abc$250484$lut$aiger250483$15581.A[3]      1 164.9ms
                                    $techmap255179$abc$250484$lut$aiger250483$16066.A[5]      1 164.9ms
                                    $techmap255168$abc$250484$lut$aiger250483$15988.A[3]      1 164.1ms
                                    $techmap255159$abc$250484$lut$aiger250483$15937.A[3]      1 163.4ms
                                    $techmap254413$abc$250484$lut$aiger250483$16526.A[3]      1 162.9ms
                                                                 $abc$250484$aiger$o4109      8 161.5ms
                                    $techmap253976$abc$250484$lut$aiger250483$15403.A[3]      1 157.0ms
                                                                 $abc$250484$aiger$o1103     64 156.5ms
                                    $techmap253978$abc$250484$lut$aiger250483$15417.A[4]      1 155.6ms
                                    $techmap254984$abc$250484$lut$aiger250483$16200.A[4]      1 154.4ms
                                    $techmap254209$abc$250484$lut$aiger250483$16749.A[3]      1 153.7ms
                                    $techmap253967$abc$250484$lut$aiger250483$15358.A[4]      1 153.5ms
                                    $techmap254412$abc$250484$lut$aiger250483$16521.A[3]      1 153.4ms
                                                                 $abc$250484$aiger$o3644      8 152.9ms
                  $techmap253361$auto$abc_ops_reintegrate.cc:611:reintegrate$251304.A[1]    148 151.9ms
                                    $techmap254203$abc$250484$lut$aiger250483$16718.A[3]      1 151.6ms
                                    $techmap254076$abc$250484$lut$aiger250483$19768.A[5]      1 151.6ms
                                    $techmap254427$abc$250484$lut$aiger250483$16640.A[3]      1 149.5ms
                                    $techmap254011$abc$250484$lut$aiger250483$14784.A[3]      1 148.6ms
                                         $auto$memory_libmap.cc:1951:emit_port$44973[21]      1 147.9ms
                                    $techmap253590$abc$250484$lut$aiger250483$18227.A[2]      1 147.8ms
                                    $techmap253539$abc$250484$lut$aiger250483$15545.A[4]      1 146.5ms
                                    $techmap254244$abc$250484$lut$aiger250483$17001.A[2]      1 146.1ms
                                                                 $abc$250484$aiger$o1631     64 145.4ms
                                    $techmap253547$abc$250484$lut$aiger250483$15591.A[3]      1 145.3ms
                                    $techmap254419$abc$250484$lut$aiger250483$16570.A[3]      1 144.9ms
                                    $techmap254416$abc$250484$lut$aiger250483$16549.A[2]      1 143.8ms
                                    $techmap254249$abc$250484$lut$aiger250483$17026.A[3]      1 142.6ms
                                    $techmap254424$abc$250484$lut$aiger250483$16613.A[5]      1 142.1ms
                                    $techmap254472$abc$250484$lut$aiger250483$19096.A[3]      1 139.7ms
                                          $auto$memory_libmap.cc:1951:emit_port$44973[0]      1 138.7ms
                                    $techmap254033$abc$250484$lut$aiger250483$19487.A[3]      1 138.4ms
                                    $techmap253473$abc$250484$lut$aiger250483$14884.A[0]    365 137.6ms
                                    $techmap255420$abc$250484$lut$aiger250483$15879.A[3]      1 137.4ms
                                    $techmap253572$abc$250484$lut$aiger250483$18117.A[3]      1 137.0ms
                                    $techmap255144$abc$250484$lut$aiger250483$13823.A[5]      1 133.4ms
                                                                         $PACKER_VCC_NET   2219 132.9ms
                                                                 $abc$250484$aiger$o1569     64 132.9ms
                                             $techmap251908$auto$ff.cc:337:slice$55359.D    121 132.2ms
                                    $techmap254975$abc$250484$lut$aiger250483$16150.A[3]      1 131.3ms
                                    $techmap253591$abc$250484$lut$aiger250483$18236.A[2]      1 130.4ms
                                    $techmap255038$abc$250484$lut$aiger250483$18745.A[4]      1 129.2ms
                                    $techmap254584$abc$250484$lut$aiger250483$16357.A[4]      1 128.7ms
                                    $techmap253553$abc$250484$lut$aiger250483$15637.A[3]      1 128.1ms
                                    $techmap254479$abc$250484$lut$aiger250483$19132.A[3]      1 127.7ms
                                    $techmap253967$abc$250484$lut$aiger250483$15358.A[2]      1 127.5ms
                                    $techmap253572$abc$250484$lut$aiger250483$18117.A[2]      1 127.4ms
                                    $techmap254235$abc$250484$lut$aiger250483$16949.A[3]      1 126.7ms
                  $techmap255559$auto$abc_ops_reintegrate.cc:611:reintegrate$251015.A[3]     55 124.7ms
                                    $techmap254261$abc$250484$lut$aiger250483$19253.A[3]      1 124.6ms
                                    $techmap254235$abc$250484$lut$aiger250483$16949.A[4]      1 124.3ms
                                    $techmap255178$abc$250484$lut$aiger250483$16057.A[3]      1 123.3ms
                                    $techmap254220$abc$250484$lut$aiger250483$16829.A[4]      1 123.3ms
                                    $techmap254043$abc$250484$lut$aiger250483$19537.A[3]      1 123.2ms
                                    $techmap253939$abc$250484$lut$aiger250483$27809.A[3]     49 122.9ms
                                    $techmap254978$abc$250484$lut$aiger250483$16165.A[3]      1 121.3ms
                                    $techmap255170$abc$250484$lut$aiger250483$15998.A[4]      1 120.4ms
                                    $techmap253546$abc$250484$lut$aiger250483$15586.A[3]      1 118.2ms
                                    $techmap254248$abc$250484$lut$aiger250483$17021.A[3]      1 118.2ms
                  $techmap253275$auto$abc_ops_reintegrate.cc:611:reintegrate$251310.A[0]     72 117.6ms
                                    $techmap254192$abc$250484$lut$aiger250483$14646.A[4]      1 117.2ms
                                    $techmap255209$abc$250484$lut$aiger250483$18604.A[3]      1 117.1ms
                                    $techmap254236$abc$250484$lut$aiger250483$16954.A[3]      1 115.7ms
                                                                 $abc$250484$aiger$o1568     64 115.3ms
                                    $techmap255208$abc$250484$lut$aiger250483$18600.A[2]      1 115.0ms
                                                                 $abc$250484$aiger$o1006     64 114.0ms
                                                                 $abc$250484$aiger$o1338     64 113.0ms
                                    $techmap253553$abc$250484$lut$aiger250483$15637.A[5]      1 112.2ms
                                    $techmap255362$abc$250484$lut$aiger250483$18381.A[3]      1 111.2ms
                                    $techmap253594$abc$250484$lut$aiger250483$22461.A[0]     44 111.0ms
                                    $techmap253377$abc$250484$lut$aiger250483$21832.A[1]     58 110.9ms
                                    $techmap254246$abc$250484$lut$aiger250483$17011.A[3]      1 110.7ms
                                    $techmap253594$abc$250484$lut$aiger250483$22461.A[1]     44 109.9ms
                                    $techmap253964$abc$250484$lut$aiger250483$15335.A[5]      1 109.6ms
                                    $techmap254223$abc$250484$lut$aiger250483$16856.A[2]      1 109.1ms
                                    $techmap254984$abc$250484$lut$aiger250483$16200.A[5]      1 108.6ms
                                    $techmap254204$abc$250484$lut$aiger250483$16723.A[3]      1 108.4ms
                                    $techmap254476$abc$250484$lut$aiger250483$19116.A[2]      1 108.4ms
                                    $techmap254595$abc$250484$lut$aiger250483$16425.A[3]      1 106.2ms
                                    $techmap254192$abc$250484$lut$aiger250483$14646.A[5]      1 105.9ms
                                    $techmap253591$abc$250484$lut$aiger250483$18236.A[4]      1 105.1ms
                                    $techmap254422$abc$250484$lut$aiger250483$16595.A[3]      1 104.7ms
                                    $techmap254594$abc$250484$lut$aiger250483$16416.A[3]      1 104.7ms
                                    $techmap254977$abc$250484$lut$aiger250483$16160.A[3]      1 104.6ms
                                    $techmap255360$abc$250484$lut$aiger250483$18363.A[4]      1 104.5ms
                                                                 $abc$250484$aiger$o1002     64 104.3ms
                                    $techmap255419$abc$250484$lut$aiger250483$15870.A[3]      1 104.0ms
                                    $techmap253503$abc$250484$lut$aiger250483$15083.A[5]      1 103.6ms
                                    $techmap253524$abc$250484$lut$aiger250483$15202.A[3]      1 102.5ms
                                    $techmap254078$abc$250484$lut$aiger250483$19780.A[2]      1 102.2ms
                                    $techmap255360$abc$250484$lut$aiger250483$18363.A[3]      1 101.7ms
                                    $techmap254278$abc$250484$lut$aiger250483$19380.A[2]      1 101.5ms
                                    $techmap254633$abc$250484$lut$aiger250483$18840.A[4]      1 101.1ms
                                    $techmap255399$abc$250484$lut$aiger250483$15715.A[2]      1 100.8ms
                                    $techmap255039$abc$250484$lut$aiger250483$18754.A[5]      1 99.7ms
                                                                 $abc$250484$aiger$o1572     64 99.4ms
                                    $techmap254592$abc$250484$lut$aiger250483$16404.A[5]      1 99.3ms
                                    $techmap253937$abc$250484$lut$aiger250483$27802.A[2]     61 99.1ms
                                    $techmap255362$abc$250484$lut$aiger250483$18381.A[4]      1 99.0ms
                                    $techmap254259$abc$250484$lut$aiger250483$19243.A[3]      1 98.9ms
                                    $techmap254075$abc$250484$lut$aiger250483$19759.A[4]      1 98.0ms
                                    $techmap253379$abc$250484$lut$aiger250483$21838.A[4]    100 97.6ms
                  $techmap253608$auto$abc_ops_reintegrate.cc:611:reintegrate$251300.A[0]     96 96.1ms
                                    $techmap255135$abc$250484$lut$aiger250483$13768.A[2]      1 96.1ms
                                    $techmap255214$abc$250484$lut$aiger250483$18628.A[4]      1 95.6ms
                                    $techmap255406$abc$250484$lut$aiger250483$15761.A[5]      1 94.2ms
                                    $techmap254057$abc$250484$lut$aiger250483$19641.A[3]      1 93.8ms
                  $techmap253326$auto$abc_ops_reintegrate.cc:611:reintegrate$251306.A[1]     67 93.5ms
                                    $techmap255039$abc$250484$lut$aiger250483$18754.A[4]      1 93.1ms
                                    $techmap255171$abc$250484$lut$aiger250483$16003.A[2]      1 92.2ms
                  $techmap254368$auto$abc_ops_reintegrate.cc:611:reintegrate$251194.A[1]     54 92.0ms
                                    $techmap254191$abc$250484$lut$aiger250483$14637.A[3]      1 91.7ms
                                    $techmap254567$abc$250484$lut$aiger250483$14222.A[3]      1 91.7ms
                                    $techmap254216$abc$250484$lut$aiger250483$16793.A[2]      1 91.4ms
                                    $techmap254421$abc$250484$lut$aiger250483$16586.A[2]      1 91.3ms
                                    $techmap253975$abc$250484$lut$aiger250483$15398.A[3]      1 91.0ms
                                    $techmap254252$abc$250484$lut$aiger250483$17045.A[3]      1 90.5ms
                                    $techmap253550$abc$250484$lut$aiger250483$15610.A[4]      1 90.1ms
                                    $techmap255417$abc$250484$lut$aiger250483$15852.A[5]      1 90.0ms
                                    $techmap254989$abc$250484$lut$aiger250483$16245.A[5]      1 89.8ms
                                    $techmap254599$abc$250484$lut$aiger250483$16447.A[3]      1 89.5ms
                                    $techmap255407$abc$250484$lut$aiger250483$15770.A[5]      1 89.5ms
                                    $techmap254043$abc$250484$lut$aiger250483$19537.A[2]      1 88.7ms
                                    $techmap254273$abc$250484$lut$aiger250483$19343.A[5]      1 88.7ms
                                    $techmap254232$abc$250484$lut$aiger250483$16935.A[2]      1 88.6ms
                                    $techmap254232$abc$250484$lut$aiger250483$16935.A[3]      1 88.6ms
                                    $techmap254560$abc$250484$lut$aiger250483$14174.A[4]      1 88.5ms
                                    $techmap254635$abc$250484$lut$aiger250483$18850.A[4]      1 88.3ms
                                    $techmap254078$abc$250484$lut$aiger250483$19780.A[5]      1 88.2ms
                                    $techmap253548$abc$250484$lut$aiger250483$15596.A[2]      1 88.2ms
                                    $techmap254640$abc$250484$lut$aiger250483$18876.A[3]      1 88.1ms
                                    $techmap254984$abc$250484$lut$aiger250483$16200.A[3]      1 87.1ms
                                    $techmap253475$abc$250484$lut$aiger250483$14894.A[4]      1 86.5ms
                                    $techmap254274$abc$250484$lut$aiger250483$19352.A[5]      1 86.4ms
                                    $techmap255386$abc$250484$lut$aiger250483$13596.A[3]      1 86.0ms
                  $techmap253387$auto$abc_ops_reintegrate.cc:611:reintegrate$251302.A[2]     60 85.3ms
                                    $techmap255409$abc$250484$lut$aiger250483$15788.A[2]      1 84.9ms
                                    $techmap255154$abc$250484$lut$aiger250483$15912.A[3]      1 84.4ms
                                    $techmap254594$abc$250484$lut$aiger250483$16416.A[5]      1 84.3ms
                                    $techmap253504$abc$250484$lut$aiger250483$15092.A[4]      1 84.2ms
                                    $techmap254033$abc$250484$lut$aiger250483$19487.A[4]      1 83.9ms
                                $abc$250484$auto$simple.cc:210:make_patterns_logic$40450    103 83.8ms
                  $techmap253380$auto$abc_ops_reintegrate.cc:611:reintegrate$251303.A[2]     44 83.4ms
                  $techmap255974$auto$abc_ops_reintegrate.cc:611:reintegrate$250803.A[1]     41 82.2ms
                                    $techmap255360$abc$250484$lut$aiger250483$18363.A[5]      1 81.7ms
                                    $techmap254221$abc$250484$lut$aiger250483$16838.A[4]      1 81.4ms
                                    $techmap255154$abc$250484$lut$aiger250483$15912.A[2]      1 80.9ms
                                    $techmap253966$abc$250484$lut$aiger250483$15349.A[4]      1 80.2ms
                                    $techmap255180$abc$250484$lut$aiger250483$16075.A[4]      1 80.1ms
                  $techmap253298$auto$abc_ops_reintegrate.cc:611:reintegrate$251307.A[1]     78 79.6ms
                                    $techmap254216$abc$250484$lut$aiger250483$16793.A[5]      1 79.4ms
                                    $techmap253555$abc$250484$lut$aiger250483$15655.A[5]      1 79.3ms
                                    $techmap254470$abc$250484$lut$aiger250483$19086.A[3]      1 78.3ms
                                    $techmap255038$abc$250484$lut$aiger250483$18745.A[2]      1 77.9ms
                                    $techmap253963$abc$250484$lut$aiger250483$15326.A[5]      1 77.7ms
                                                                                baud_sel     53 77.3ms
                                    $techmap254273$abc$250484$lut$aiger250483$19343.A[3]      1 77.2ms
                                    $techmap253590$abc$250484$lut$aiger250483$18227.A[3]      1 76.5ms
                                    $techmap254969$abc$250484$lut$aiger250483$16119.A[3]      1 75.9ms
                                    $techmap254262$abc$250484$lut$aiger250483$19258.A[3]      1 75.7ms
                                    $techmap255417$abc$250484$lut$aiger250483$15852.A[2]      1 74.6ms
                                    $techmap254215$abc$250484$lut$aiger250483$16784.A[2]      1 74.4ms
                                    $techmap254473$abc$250484$lut$aiger250483$19101.A[4]      1 74.2ms
                                    $techmap254221$abc$250484$lut$aiger250483$16838.A[3]      1 74.1ms
                                    $techmap254253$abc$250484$lut$aiger250483$17054.A[3]      1 73.9ms
                                    $techmap253967$abc$250484$lut$aiger250483$15358.A[5]      1 73.6ms
                                    $techmap254592$abc$250484$lut$aiger250483$16404.A[2]      1 73.3ms
                  $techmap254099$auto$abc_ops_reintegrate.cc:611:reintegrate$251267.A[4]     56 73.1ms
                                    $techmap253590$abc$250484$lut$aiger250483$18227.A[5]      1 72.5ms
                                    $techmap253550$abc$250484$lut$aiger250483$15610.A[3]      1 72.2ms
                                    $techmap254470$abc$250484$lut$aiger250483$19086.A[2]      1 72.1ms
                                             $techmap251346$auto$ff.cc:337:slice$62109.D     78 71.6ms
                                    $techmap254174$abc$250484$lut$aiger250483$14546.A[2]      1 71.2ms
                                    $techmap255208$abc$250484$lut$aiger250483$18600.A[4]      1 70.6ms
                                    $techmap253498$abc$250484$lut$aiger250483$15043.A[5]      1 70.2ms
                                    $techmap254415$abc$250484$lut$aiger250483$16540.A[2]      1 69.7ms
                                                                            receiver.rx2     48 69.5ms
                                    $techmap255417$abc$250484$lut$aiger250483$15852.A[4]      1 69.4ms
                                    $techmap254952$abc$250484$lut$aiger250483$14016.A[2]      1 69.0ms
                                    $techmap254400$abc$250484$lut$aiger250483$14443.A[2]      1 68.9ms
                                    $techmap255177$abc$250484$lut$aiger250483$16048.A[3]      1 68.7ms
                                    $techmap253520$abc$250484$lut$aiger250483$15182.A[3]      1 68.5ms
                  $techmap253624$auto$abc_ops_reintegrate.cc:611:reintegrate$251298.A[0]     61 68.4ms
                                    $techmap253935$abc$250484$lut$aiger250483$27798.A[4]     58 67.8ms
                                    $techmap254475$abc$250484$lut$aiger250483$19111.A[3]      1 66.4ms
                                    $techmap254253$abc$250484$lut$aiger250483$17054.A[5]      1 66.3ms
                                $abc$250484$auto$simple.cc:210:make_patterns_logic$40013     42 66.2ms
                                    $techmap254245$abc$250484$lut$aiger250483$17006.A[3]      1 66.2ms
                                    $techmap254173$abc$250484$lut$aiger250483$14541.A[3]      1 65.7ms
                                    $techmap255413$abc$250484$lut$aiger250483$15816.A[3]      1 65.3ms
                                    $techmap253581$abc$250484$lut$aiger250483$18164.A[2]      1 65.2ms
                                    $techmap255046$abc$250484$lut$aiger250483$18817.A[2]      1 64.5ms
                                    $techmap255388$abc$250484$lut$aiger250483$13610.A[4]      1 64.5ms
                                    $techmap253497$abc$250484$lut$aiger250483$15034.A[4]      1 64.4ms
                                    $techmap253558$abc$250484$lut$aiger250483$15682.A[5]      1 63.9ms
                                    $techmap254166$abc$250484$lut$aiger250483$14496.A[4]      1 63.6ms
                                    $techmap254595$abc$250484$lut$aiger250483$16425.A[5]      1 63.4ms
                                    $techmap253933$abc$250484$lut$aiger250483$27785.A[2]     51 63.1ms
                                    $techmap254428$abc$250484$lut$aiger250483$16649.A[2]      1 62.9ms
                                    $techmap254227$abc$250484$lut$aiger250483$16895.A[2]      1 62.7ms
                                    $techmap255381$abc$250484$lut$aiger250483$13571.A[3]      1 62.2ms
                                    $techmap254634$abc$250484$lut$aiger250483$18845.A[3]      1 62.1ms
                                    $techmap253557$abc$250484$lut$aiger250483$15673.A[4]      1 61.3ms
                                    $techmap254554$abc$250484$lut$aiger250483$14140.A[3]      1 60.6ms
                                    $techmap254474$abc$250484$lut$aiger250483$19106.A[2]      1 60.5ms
                                    $techmap254989$abc$250484$lut$aiger250483$16245.A[3]      1 60.1ms
                                    $techmap253591$abc$250484$lut$aiger250483$18236.A[3]      1 60.0ms
                                    $techmap254218$abc$250484$lut$aiger250483$16811.A[4]      1 60.0ms
                                    $techmap254215$abc$250484$lut$aiger250483$16784.A[3]      1 59.8ms
                                    $techmap255178$abc$250484$lut$aiger250483$16057.A[5]      1 59.7ms
                                    $techmap255040$abc$250484$lut$aiger250483$18763.A[3]      1 59.7ms
                                    $techmap254428$abc$250484$lut$aiger250483$16649.A[5]      1 59.6ms
                                    $techmap254989$abc$250484$lut$aiger250483$16245.A[2]      1 59.5ms
                                    $techmap255215$abc$250484$lut$aiger250483$18633.A[2]      1 59.4ms
                                    $techmap255156$abc$250484$lut$aiger250483$15922.A[3]      1 58.8ms
                                    $techmap254643$abc$250484$lut$aiger250483$18891.A[3]      1 57.1ms
                                    $techmap255194$abc$250484$lut$aiger250483$18509.A[3]      1 57.0ms
                                    $techmap254031$abc$250484$lut$aiger250483$19477.A[4]      1 57.0ms
                                    $techmap253588$abc$250484$lut$aiger250483$18209.A[3]      1 56.8ms
                                    $techmap254052$abc$250484$lut$aiger250483$19616.A[3]      1 56.5ms
                                    $techmap254476$abc$250484$lut$aiger250483$19116.A[3]      1 56.4ms
                                    $techmap255349$abc$250484$lut$aiger250483$18282.A[2]      1 56.1ms
                                          $auto$memory_libmap.cc:1951:emit_port$44855[0]      1 55.9ms
                                    $techmap254427$abc$250484$lut$aiger250483$16640.A[2]      1 55.9ms
                                    $techmap255346$abc$250484$lut$aiger250483$18259.A[4]      1 55.8ms
                                    $techmap254966$abc$250484$lut$aiger250483$16104.A[4]      1 55.5ms
                                    $techmap253987$abc$250484$lut$aiger250483$15472.A[4]      1 55.5ms
                                    $techmap255408$abc$250484$lut$aiger250483$15779.A[3]      1 55.3ms
                                    $techmap254220$abc$250484$lut$aiger250483$16829.A[5]      1 55.3ms
                  $techmap253723$auto$abc_ops_reintegrate.cc:611:reintegrate$251296.A[3]     49 54.9ms
                                    $techmap254428$abc$250484$lut$aiger250483$16649.A[4]      1 54.7ms
                                    $techmap255409$abc$250484$lut$aiger250483$15788.A[4]      1 54.2ms
                                    $techmap254411$abc$250484$lut$aiger250483$16516.A[2]      1 54.0ms
                                    $techmap255213$abc$250484$lut$aiger250483$18623.A[2]      1 53.7ms
                                    $techmap254032$abc$250484$lut$aiger250483$19482.A[2]      1 52.8ms
                                    $techmap254581$abc$250484$lut$aiger250483$16334.A[4]      1 52.6ms
                                    $techmap255153$abc$250484$lut$aiger250483$15907.A[3]      1 52.6ms
                                    $techmap253970$abc$250484$lut$aiger250483$15373.A[2]      1 52.6ms
                                    $techmap254030$abc$250484$lut$aiger250483$19472.A[2]      1 52.6ms
                                    $techmap254553$abc$250484$lut$aiger250483$14135.A[3]      1 52.4ms
                                    $techmap255350$abc$250484$lut$aiger250483$18291.A[5]      1 52.4ms
                                    $techmap255417$abc$250484$lut$aiger250483$15852.A[3]      1 52.3ms
                                    $techmap254571$abc$250484$lut$aiger250483$14258.A[3]      1 52.3ms
                                    $techmap254990$abc$250484$lut$aiger250483$16254.A[2]      1 52.0ms
                                    $techmap254272$abc$250484$lut$aiger250483$19334.A[2]      1 51.9ms
                                    $techmap254424$abc$250484$lut$aiger250483$16613.A[2]      1 51.8ms
                                    $techmap254221$abc$250484$lut$aiger250483$16838.A[5]      1 51.7ms
                                    $techmap254578$abc$250484$lut$aiger250483$16312.A[3]      1 51.1ms
                                    $techmap253553$abc$250484$lut$aiger250483$15637.A[2]      1 51.0ms
                                    $techmap254426$abc$250484$lut$aiger250483$16631.A[4]      1 50.8ms
                                    $techmap254416$abc$250484$lut$aiger250483$16549.A[3]      1 50.7ms
                                    $techmap254252$abc$250484$lut$aiger250483$17045.A[4]      1 50.5ms
                                    $techmap254429$abc$250484$lut$aiger250483$16658.A[2]      1 50.3ms
                                    $techmap255040$abc$250484$lut$aiger250483$18763.A[5]      1 50.3ms
                                    $techmap254258$abc$250484$lut$aiger250483$19238.A[3]      1 50.2ms
                                    $techmap254423$abc$250484$lut$aiger250483$16604.A[4]      1 49.5ms
                                    $techmap254986$abc$250484$lut$aiger250483$16218.A[4]      1 49.4ms
                                    $techmap254429$abc$250484$lut$aiger250483$16658.A[3]      1 49.1ms
                                    $techmap255210$abc$250484$lut$aiger250483$18608.A[2]      1 48.9ms
                                    $techmap254411$abc$250484$lut$aiger250483$16516.A[3]      1 48.4ms
                                    $techmap253623$abc$250484$lut$aiger250483$21896.A[2]     68 48.4ms
                                    $techmap255359$abc$250484$lut$aiger250483$18354.A[3]      1 48.3ms
                                    $techmap254217$abc$250484$lut$aiger250483$16802.A[3]      1 48.2ms
                                    $techmap254963$abc$250484$lut$aiger250483$14084.A[3]      1 48.1ms
                                    $techmap254029$abc$250484$lut$aiger250483$19467.A[3]      1 48.1ms
                                    $techmap255039$abc$250484$lut$aiger250483$18754.A[2]      1 48.1ms
                                    $techmap254576$abc$250484$lut$aiger250483$16298.A[4]      1 47.7ms
                                         $techmap256859$abc$250484$lut$aiger$o16040.A[1]     57 47.3ms
                                             $techmap253049$auto$ff.cc:337:slice$46530.D     29 47.0ms
                                    $techmap254600$abc$250484$lut$aiger250483$16452.A[2]      1 46.8ms
                                    $techmap253518$abc$250484$lut$aiger250483$15174.A[5]      1 46.8ms
                                    $techmap254350$abc$250484$lut$aiger250483$30116.A[2]     29 46.6ms
                                    $techmap254240$abc$250484$lut$aiger250483$16979.A[5]      1 46.6ms
                                    $techmap254059$abc$250484$lut$aiger250483$19651.A[2]      1 46.4ms
                                    $techmap255174$abc$250484$lut$aiger250483$16022.A[4]      1 46.3ms
                                    $techmap254333$abc$250484$lut$aiger250483$29748.A[5]     20 45.8ms
                                    $techmap253617$abc$250484$lut$aiger250483$21885.A[1]     56 45.8ms
                                    $techmap254233$abc$250484$lut$aiger250483$16939.A[3]      1 45.7ms
                                    $techmap253533$abc$250484$lut$aiger250483$15515.A[3]      1 45.4ms
                                          $auto$memory_libmap.cc:1951:emit_port$44973[9]      1 45.4ms
                                    $techmap254023$abc$250484$lut$aiger250483$19427.A[2]      1 45.2ms
                                    $techmap255215$abc$250484$lut$aiger250483$18633.A[3]      1 45.2ms
                                         $auto$memory_libmap.cc:1951:emit_port$45018[27]      1 44.7ms
                                                                 $abc$250484$aiger$o5267      8 44.7ms
                                    $techmap254986$abc$250484$lut$aiger250483$16218.A[5]      1 44.6ms
                                    $techmap255178$abc$250484$lut$aiger250483$16057.A[4]      1 44.4ms
                                    $techmap254215$abc$250484$lut$aiger250483$16784.A[5]      1 44.2ms
                                    $techmap253516$abc$250484$lut$aiger250483$15160.A[2]      1 43.9ms
                                    $techmap253492$abc$250484$lut$aiger250483$14997.A[5]      1 43.7ms
                                    $techmap254594$abc$250484$lut$aiger250483$16416.A[2]      1 43.7ms
                                    $techmap253567$abc$250484$lut$aiger250483$18091.A[3]      1 43.6ms
                                    $techmap253482$abc$250484$lut$aiger250483$14934.A[2]      1 43.5ms
                                    $techmap254595$abc$250484$lut$aiger250483$16425.A[2]      1 42.9ms
                                    $techmap253552$abc$250484$lut$aiger250483$15628.A[4]      1 42.8ms
                                    $techmap254186$abc$250484$lut$aiger250483$14607.A[3]      1 42.7ms
                                    $techmap254987$abc$250484$lut$aiger250483$16227.A[2]      1 42.7ms
                                    $techmap255209$abc$250484$lut$aiger250483$18604.A[2]      1 42.5ms
                                    $techmap254240$abc$250484$lut$aiger250483$16979.A[4]      1 42.4ms
                                    $techmap255173$abc$250484$lut$aiger250483$16013.A[3]      1 42.3ms
                                    $techmap254197$abc$250484$lut$aiger250483$16688.A[3]      1 42.1ms
                                    $techmap253966$abc$250484$lut$aiger250483$15349.A[2]      1 42.0ms
                                    $techmap254006$abc$250484$lut$aiger250483$14755.A[3]      1 42.0ms
                                    $techmap253477$abc$250484$lut$aiger250483$14909.A[4]      1 41.9ms
                                    $techmap254984$abc$250484$lut$aiger250483$16200.A[2]      1 41.8ms
                                    $techmap255030$abc$250484$lut$aiger250483$18697.A[4]      1 41.5ms
                                    $techmap254428$abc$250484$lut$aiger250483$16649.A[3]      1 41.3ms
                                    $techmap253581$abc$250484$lut$aiger250483$18164.A[4]      1 41.0ms
                                    $techmap253495$abc$250484$lut$aiger250483$15020.A[3]      1 41.0ms
                                    $techmap253504$abc$250484$lut$aiger250483$15092.A[3]      1 41.0ms
                                    $techmap254990$abc$250484$lut$aiger250483$16254.A[4]      1 40.8ms
                                    $techmap254566$abc$250484$lut$aiger250483$14213.A[2]      1 40.6ms
                                    $techmap255174$abc$250484$lut$aiger250483$16022.A[2]      1 40.5ms
                                    $techmap255043$abc$250484$lut$aiger250483$18790.A[3]      1 40.2ms
                                    $techmap254388$abc$250484$lut$aiger250483$14358.A[4]      1 40.1ms
                                    $techmap255171$abc$250484$lut$aiger250483$16003.A[3]      1 39.9ms
                                    $techmap254581$abc$250484$lut$aiger250483$16334.A[3]      1 39.8ms
                                    $techmap253588$abc$250484$lut$aiger250483$18209.A[4]      1 39.7ms
                                    $techmap254484$abc$250484$lut$aiger250483$19157.A[4]      1 39.7ms
                                    $techmap254469$abc$250484$lut$aiger250483$19081.A[4]      1 39.6ms
                                    $techmap254220$abc$250484$lut$aiger250483$16829.A[3]      1 39.0ms
                                    $techmap253979$abc$250484$lut$aiger250483$15426.A[3]      1 39.0ms
                                    $techmap254939$abc$250484$lut$aiger250483$13921.A[3]      1 38.8ms
                                    $techmap254076$abc$250484$lut$aiger250483$19768.A[3]      1 38.7ms
                                $abc$250484$auto$simple.cc:210:make_patterns_logic$39963     32 38.6ms
                                    $techmap253522$abc$250484$lut$aiger250483$15192.A[3]      1 38.6ms
                                    $techmap254073$abc$250484$lut$aiger250483$19745.A[3]      1 37.9ms
                                    $techmap255349$abc$250484$lut$aiger250483$18282.A[5]      1 37.7ms
                                    $techmap254252$abc$250484$lut$aiger250483$17045.A[5]      1 37.5ms
                                    $techmap253553$abc$250484$lut$aiger250483$15637.A[4]      1 37.3ms
                                         $techmap256633$abc$250484$lut$aiger$o19925.A[1]     65 37.3ms
                                    $techmap254581$abc$250484$lut$aiger250483$16334.A[2]      1 36.9ms
                                    $techmap253588$abc$250484$lut$aiger250483$18209.A[5]      1 36.7ms
                                    $techmap254055$abc$250484$lut$aiger250483$19631.A[3]      1 36.4ms
                                    $techmap253589$abc$250484$lut$aiger250483$18218.A[3]      1 36.4ms
                                    $techmap255179$abc$250484$lut$aiger250483$16066.A[3]      1 36.3ms
                                    $techmap254222$abc$250484$lut$aiger250483$16847.A[2]      1 36.2ms
                                    $techmap255180$abc$250484$lut$aiger250483$16075.A[3]      1 36.0ms
                                    $techmap254591$abc$250484$lut$aiger250483$16395.A[2]      1 35.9ms
                                    $techmap253555$abc$250484$lut$aiger250483$15655.A[3]      1 35.8ms
                                    $techmap255361$abc$250484$lut$aiger250483$18372.A[3]      1 35.6ms
                                    $techmap253986$abc$250484$lut$aiger250483$15463.A[3]      1 35.5ms
                                             $techmap251341$auto$ff.cc:337:slice$67554.D     19 35.4ms
                  $techmap254545$auto$abc_ops_reintegrate.cc:611:reintegrate$251156.A[5]     29 35.3ms
                                    $techmap253933$abc$250484$lut$aiger250483$27785.A[3]     43 35.3ms
                                    $techmap254054$abc$250484$lut$aiger250483$19626.A[3]      1 35.2ms
                                    $techmap254559$abc$250484$lut$aiger250483$14169.A[3]      1 35.2ms
                                    $techmap254222$abc$250484$lut$aiger250483$16847.A[3]      1 35.1ms
                                         $auto$memory_libmap.cc:1951:emit_port$44973[29]      1 35.0ms
                                    $techmap253555$abc$250484$lut$aiger250483$15655.A[2]      1 34.8ms
                                    $techmap254039$abc$250484$lut$aiger250483$19517.A[2]      1 34.8ms
                                    $techmap253963$abc$250484$lut$aiger250483$15326.A[4]      1 34.8ms
                                    $techmap254274$abc$250484$lut$aiger250483$19352.A[3]      1 34.8ms
                                    $techmap253567$abc$250484$lut$aiger250483$18091.A[4]      1 34.4ms
                                    $techmap255367$abc$250484$lut$aiger250483$18426.A[2]      1 34.4ms
                                    $techmap255031$abc$250484$lut$aiger250483$18706.A[4]      1 34.2ms
                                    $techmap254218$abc$250484$lut$aiger250483$16811.A[3]      1 33.6ms
                                    $techmap254180$abc$250484$lut$aiger250483$14576.A[2]      1 33.5ms
                                          $auto$memory_libmap.cc:1951:emit_port$44916[1]      1 33.2ms
                                    $techmap253986$abc$250484$lut$aiger250483$15463.A[5]      1 32.8ms
                                    $techmap253582$abc$250484$lut$aiger250483$18168.A[2]      1 32.7ms
                                    $techmap253934$abc$250484$lut$aiger250483$27791.A[2]     45 32.7ms
                                    $techmap255174$abc$250484$lut$aiger250483$16022.A[3]      1 32.5ms
                                    $techmap254216$abc$250484$lut$aiger250483$16793.A[4]      1 32.3ms
                                          $auto$memory_libmap.cc:1951:emit_port$44855[4]      1 32.1ms
                                    $techmap255388$abc$250484$lut$aiger250483$13610.A[3]      1 31.8ms
                                    $techmap253558$abc$250484$lut$aiger250483$15682.A[4]      1 31.7ms
                                    $techmap255134$abc$250484$lut$aiger250483$13759.A[5]      1 31.6ms
                                    $techmap254188$abc$250484$lut$aiger250483$14617.A[3]      1 31.6ms
                                    $techmap254423$abc$250484$lut$aiger250483$16604.A[3]      1 31.5ms
                                    $techmap255212$abc$250484$lut$aiger250483$18618.A[3]      1 31.4ms
                                    $techmap253604$abc$250484$lut$aiger250483$13501.A[1]     30 31.1ms
                                    $techmap254489$abc$250484$lut$aiger250483$19195.A[5]      1 31.1ms
                                          $techmap256522$abc$250484$lut$aiger$o6145.A[1]      4 30.9ms
                                    $techmap254553$abc$250484$lut$aiger250483$14135.A[4]      1 30.8ms
                                    $techmap255041$abc$250484$lut$aiger250483$18772.A[2]      1 30.6ms
                                    $techmap253557$abc$250484$lut$aiger250483$15673.A[2]      1 30.5ms
                                    $techmap255045$abc$250484$lut$aiger250483$18808.A[4]      1 30.4ms
                                    $techmap253363$abc$250484$lut$aiger250483$21833.A[0]     30 30.3ms
                                    $techmap253935$abc$250484$lut$aiger250483$27798.A[3]     32 30.2ms
                                    $techmap254424$abc$250484$lut$aiger250483$16613.A[4]      1 30.1ms
                                    $techmap255413$abc$250484$lut$aiger250483$15816.A[2]      1 30.1ms
                                    $techmap254557$abc$250484$lut$aiger250483$14159.A[3]      1 29.9ms
                                    $techmap253617$abc$250484$lut$aiger250483$21885.A[0]     56 29.8ms
                                    $techmap254955$abc$250484$lut$aiger250483$14037.A[4]      1 29.7ms
                                          $auto$memory_libmap.cc:1951:emit_port$44973[2]      1 29.7ms
                                    $techmap253540$abc$250484$lut$aiger250483$15550.A[3]      1 29.3ms
                                    $techmap254191$abc$250484$lut$aiger250483$14637.A[5]      1 29.2ms
                                    $techmap253925$abc$250484$lut$aiger250483$27752.A[3]     53 29.2ms
                                    $techmap254990$abc$250484$lut$aiger250483$16254.A[3]      1 29.1ms
                                             $techmap253076$auto$ff.cc:337:slice$46495.D     29 29.1ms
                                    $techmap254032$abc$250484$lut$aiger250483$19482.A[3]      1 29.1ms
                                    $techmap254257$abc$250484$lut$aiger250483$19233.A[3]      1 29.1ms
                                    $techmap254962$abc$250484$lut$aiger250483$14079.A[4]      1 29.0ms
                                    $techmap254223$abc$250484$lut$aiger250483$16856.A[4]      1 28.9ms
                                    $techmap254951$abc$250484$lut$aiger250483$14007.A[4]      1 28.8ms
                                    $techmap255362$abc$250484$lut$aiger250483$18381.A[2]      1 28.4ms
                                          $auto$memory_libmap.cc:1951:emit_port$44912[1]      1 28.3ms
                                    $techmap254576$abc$250484$lut$aiger250483$16298.A[3]      1 28.2ms
                                    $techmap254217$abc$250484$lut$aiger250483$16802.A[2]      1 28.2ms
                  $techmap253624$auto$abc_ops_reintegrate.cc:611:reintegrate$251298.A[1]     40 28.2ms
                                             $techmap251443$auto$ff.cc:337:slice$61501.D     36 28.1ms
                                    $techmap253986$abc$250484$lut$aiger250483$15463.A[4]      1 28.0ms
                                    $techmap254945$abc$250484$lut$aiger250483$13967.A[4]      1 27.8ms
                                         $auto$memory_libmap.cc:1951:emit_port$44863[30]      1 27.8ms
                                    $techmap253588$abc$250484$lut$aiger250483$18209.A[2]      1 27.7ms
                                    $techmap253518$abc$250484$lut$aiger250483$15174.A[2]      1 27.6ms
                                    $techmap255040$abc$250484$lut$aiger250483$18763.A[2]      1 27.5ms
                                    $techmap255038$abc$250484$lut$aiger250483$18745.A[3]      1 27.4ms
                                    $techmap253988$abc$250484$lut$aiger250483$15481.A[3]      1 27.4ms
                                    $techmap254055$abc$250484$lut$aiger250483$19631.A[2]      1 27.4ms
                                    $techmap253491$abc$250484$lut$aiger250483$14988.A[5]      1 27.4ms
                                    $techmap254400$abc$250484$lut$aiger250483$14443.A[5]      1 27.3ms
                                    $techmap254076$abc$250484$lut$aiger250483$19768.A[4]      1 27.2ms
                                    $techmap254079$abc$250484$lut$aiger250483$19789.A[5]      1 27.2ms
                                    $techmap255396$abc$250484$lut$aiger250483$13682.A[4]      1 27.2ms
                                    $techmap254466$abc$250484$lut$aiger250483$19062.A[5]      1 27.1ms
                                    $techmap254226$abc$250484$lut$aiger250483$16886.A[2]      1 27.1ms
                                    $techmap254422$abc$250484$lut$aiger250483$16595.A[4]      1 27.1ms
                                    $techmap254940$abc$250484$lut$aiger250483$13930.A[5]      1 26.9ms
                                    $techmap254421$abc$250484$lut$aiger250483$16586.A[4]      1 26.9ms
                                    $techmap253939$abc$250484$lut$aiger250483$27809.A[1]     39 26.9ms
                                         $techmap256981$abc$250484$lut$aiger$o18987.A[1]     15 26.7ms
                                                                 $abc$250484$aiger$o7073      8 26.7ms
                                    $techmap254029$abc$250484$lut$aiger250483$19467.A[4]      1 26.6ms
                                    $techmap254992$abc$250484$lut$aiger250483$16272.A[3]      1 26.6ms
                                    $techmap254947$abc$250484$lut$aiger250483$13979.A[2]      1 26.5ms
                                                                        loader.h_len[15]     23 26.5ms
                                    $techmap254246$abc$250484$lut$aiger250483$17011.A[2]      1 26.4ms
                                    $techmap254013$abc$250484$lut$aiger250483$14802.A[2]      1 26.4ms
                                    $techmap254638$abc$250484$lut$aiger250483$18866.A[2]      1 26.4ms
                                    $techmap255385$abc$250484$lut$aiger250483$13591.A[4]      1 26.3ms
                                    $techmap254657$abc$250484$lut$aiger250483$18982.A[4]      1 26.3ms
                                    $techmap254027$abc$250484$lut$aiger250483$19456.A[5]      1 26.2ms
                                    $techmap254580$abc$250484$lut$aiger250483$16325.A[2]      1 26.1ms
                                    $techmap253586$abc$250484$lut$aiger250483$18194.A[3]      1 25.9ms
                                          $auto$memory_libmap.cc:1951:emit_port$44916[0]      1 25.9ms
                                    $techmap254421$abc$250484$lut$aiger250483$16586.A[5]      1 25.8ms
                                    $techmap253507$abc$250484$lut$aiger250483$15115.A[2]      1 25.7ms
                                    $techmap254217$abc$250484$lut$aiger250483$16802.A[4]      1 25.5ms
                                    $techmap253586$abc$250484$lut$aiger250483$18194.A[2]      1 25.4ms
                                    $techmap254426$abc$250484$lut$aiger250483$16631.A[2]      1 25.1ms
                                    $techmap253969$abc$250484$lut$aiger250483$15368.A[3]      1 25.1ms
                                    $techmap255419$abc$250484$lut$aiger250483$15870.A[2]      1 25.0ms
                                    $techmap254267$abc$250484$lut$aiger250483$19295.A[2]      1 25.0ms
                                    $techmap254253$abc$250484$lut$aiger250483$17054.A[2]      1 25.0ms
                                    $techmap254658$abc$250484$lut$aiger250483$18991.A[4]      1 24.9ms
                                    $techmap253556$abc$250484$lut$aiger250483$15664.A[3]      1 24.8ms
                                    $techmap254016$abc$250484$lut$aiger250483$14829.A[3]      1 24.8ms
                                $abc$250484$auto$simple.cc:210:make_patterns_logic$40126     31 24.8ms
                                    $techmap254393$abc$250484$lut$aiger250483$14383.A[2]      1 24.8ms
                                    $techmap254227$abc$250484$lut$aiger250483$16895.A[5]      1 24.8ms
                                    $techmap255407$abc$250484$lut$aiger250483$15770.A[2]      1 24.7ms
                                    $techmap255359$abc$250484$lut$aiger250483$18354.A[4]      1 24.4ms
                                    $techmap254179$abc$250484$lut$aiger250483$14571.A[3]      1 24.3ms
                                    $techmap254562$abc$250484$lut$aiger250483$14184.A[4]      1 24.2ms
                                    $techmap255406$abc$250484$lut$aiger250483$15761.A[2]      1 24.2ms
                                    $techmap254635$abc$250484$lut$aiger250483$18850.A[3]      1 24.1ms
                                $abc$250484$auto$simple.cc:210:make_patterns_logic$40180     31 23.9ms
                                         $auto$memory_libmap.cc:1951:emit_port$44920[22]      1 23.9ms
                                          $auto$memory_libmap.cc:1951:emit_port$44916[3]      1 23.8ms
                                    $techmap254245$abc$250484$lut$aiger250483$17006.A[4]      1 23.7ms
                                    $techmap254019$abc$250484$lut$aiger250483$14856.A[4]      1 23.7ms
                                    $techmap253900$abc$250484$lut$aiger250483$22962.A[0]     33 23.6ms
                                    $techmap253581$abc$250484$lut$aiger250483$18164.A[3]      1 23.4ms
                                    $techmap255350$abc$250484$lut$aiger250483$18291.A[3]      1 23.2ms
                                         $techmap253386$abc$250484$lut$aiger$o19057.A[0]     40 23.2ms
                                    $techmap253975$abc$250484$lut$aiger250483$15398.A[4]      1 23.1ms
                                    $techmap254048$abc$250484$lut$aiger250483$19579.A[3]      1 23.1ms
                                    $techmap254426$abc$250484$lut$aiger250483$16631.A[3]      1 23.0ms
                                                                        loader.h_len[10]     22 22.7ms
                                         $auto$memory_libmap.cc:1951:emit_port$44867[31]      1 22.5ms
                                         $techmap258099$abc$250484$lut$aiger$o19469.A[1]      2 22.4ms
                                $abc$250484$auto$simple.cc:210:make_patterns_logic$40262     31 22.2ms
                                    $techmap254005$abc$250484$lut$aiger250483$14750.A[3]      1 21.9ms
                                    $techmap255718$abc$250484$lut$aiger250483$34411.A[1]     20 21.8ms
                                                                 $abc$250484$aiger$o1092      8 21.7ms
                                    $techmap254007$abc$250484$lut$aiger250483$14760.A[2]      1 21.5ms
                                    $techmap254384$abc$250484$lut$aiger250483$14337.A[2]      1 21.4ms
                                    $techmap254380$abc$250484$lut$aiger250483$14317.A[2]      1 21.4ms
                                    $techmap255361$abc$250484$lut$aiger250483$18372.A[2]      1 20.9ms
                                    $techmap254636$abc$250484$lut$aiger250483$18856.A[2]      1 20.9ms
                                    $techmap254217$abc$250484$lut$aiger250483$16802.A[5]      1 20.9ms
                                    $techmap254386$abc$250484$lut$aiger250483$14348.A[4]      1 20.8ms
                  $techmap253863$auto$abc_ops_reintegrate.cc:611:reintegrate$251293.A[0]     26 20.8ms
                                    $techmap254639$abc$250484$lut$aiger250483$18871.A[3]      1 20.8ms
                                    $techmap254064$abc$250484$lut$aiger250483$19688.A[2]      1 20.6ms
                                    $techmap254231$abc$250484$lut$aiger250483$16931.A[2]      1 20.6ms
                                    $techmap253571$abc$250484$lut$aiger250483$18112.A[4]      1 20.6ms
                                    $techmap254485$abc$250484$lut$aiger250483$19162.A[3]      1 20.6ms
                                         $auto$memory_libmap.cc:1951:emit_port$44973[31]      1 20.6ms
                                    $techmap254241$abc$250484$lut$aiger250483$16988.A[2]      1 20.5ms
                                    $techmap254944$abc$250484$lut$aiger250483$13958.A[3]      1 20.4ms
                                    $techmap253551$abc$250484$lut$aiger250483$15619.A[4]      1 20.4ms
                                    $techmap255192$abc$250484$lut$aiger250483$18499.A[4]      1 20.3ms
                                                                           committed_any      1 20.2ms
                                    $techmap254599$abc$250484$lut$aiger250483$16447.A[4]      1 20.2ms
                                    $techmap254427$abc$250484$lut$aiger250483$16640.A[5]      1 20.2ms
                                         $auto$memory_libmap.cc:1951:emit_port$44855[29]      1 20.2ms
                                    $techmap254271$abc$250484$lut$aiger250483$19325.A[4]      1 20.1ms
                                    $techmap253583$abc$250484$lut$aiger250483$18172.A[3]      1 20.0ms
                                    $techmap254469$abc$250484$lut$aiger250483$19081.A[3]      1 19.9ms
                                    $techmap254271$abc$250484$lut$aiger250483$19325.A[2]      1 19.6ms
                                                                         loader.h_len[8]     21 19.6ms
                                    $techmap254272$abc$250484$lut$aiger250483$19334.A[3]      1 19.6ms
                                    $techmap254580$abc$250484$lut$aiger250483$16325.A[3]      1 19.4ms
                                    $techmap254221$abc$250484$lut$aiger250483$16838.A[2]      1 19.3ms
                                    $techmap254403$abc$250484$lut$aiger250483$14470.A[4]      1 19.3ms
                                    $techmap254194$abc$250484$lut$aiger250483$14664.A[5]      1 19.2ms
                                    $techmap254471$abc$250484$lut$aiger250483$19091.A[3]      1 19.2ms
                                    $techmap254008$abc$250484$lut$aiger250483$14765.A[4]      1 19.2ms
                                    $techmap253480$abc$250484$lut$aiger250483$14143.A[1]     35 19.1ms
                                                                        loader.h_len[14]     23 19.1ms
                                    $techmap254645$abc$250484$lut$aiger250483$18901.A[3]      1 19.0ms
                                                                 $abc$250484$aiger$o5684      8 19.0ms
                                                                               heartbeat      2 19.0ms
                                    $techmap255183$abc$250484$lut$aiger250483$18454.A[4]      1 18.9ms
                                    $techmap255373$abc$250484$lut$aiger250483$13531.A[2]      1 18.9ms
                                    $techmap255180$abc$250484$lut$aiger250483$16075.A[2]      1 18.8ms
                                    $techmap255418$abc$250484$lut$aiger250483$15861.A[2]      1 18.8ms
                                $abc$250484$auto$simple.cc:210:make_patterns_logic$40514     32 18.8ms
                                    $techmap254383$abc$250484$lut$aiger250483$14332.A[3]      1 18.8ms
                                    $techmap255408$abc$250484$lut$aiger250483$15779.A[4]      1 18.7ms
                                    $techmap254603$abc$250484$lut$aiger250483$16467.A[4]      1 18.7ms
                                                                   loader.stage_word[12]      2 18.7ms
                                                                          transmitter.tx      1 18.5ms
                                    $techmap255202$abc$250484$lut$aiger250483$18557.A[4]      1 18.5ms
                                    $techmap254075$abc$250484$lut$aiger250483$19759.A[3]      1 18.4ms
                                    $techmap254390$abc$250484$lut$aiger250483$14368.A[3]      1 18.3ms
                                    $techmap254075$abc$250484$lut$aiger250483$19759.A[5]      1 18.3ms
                                                                 $abc$250484$aiger$o3527      8 18.2ms
                                    $techmap254945$abc$250484$lut$aiger250483$13967.A[5]      1 18.2ms
                                    $techmap253935$abc$250484$lut$aiger250483$27798.A[2]     32 18.0ms
                                    $techmap253988$abc$250484$lut$aiger250483$15481.A[5]      1 18.0ms
                                    $techmap255026$abc$250484$lut$aiger250483$18663.A[3]      1 18.0ms
                                    $techmap254640$abc$250484$lut$aiger250483$18876.A[2]      1 18.0ms
                                    $techmap255184$abc$250484$lut$aiger250483$18459.A[3]      1 18.0ms
                                    $techmap255172$abc$250484$lut$aiger250483$16008.A[3]      1 17.9ms
                                    $techmap253575$abc$250484$lut$aiger250483$18130.A[1]     14 17.9ms
                                    $techmap255214$abc$250484$lut$aiger250483$18628.A[3]      1 17.8ms
                                    $techmap254171$abc$250484$lut$aiger250483$14530.A[3]      1 17.7ms
                                                                         loader.h_len[7]     18 17.7ms
                                    $techmap254003$abc$250484$lut$aiger250483$14740.A[3]      1 17.6ms
                                    $techmap255174$abc$250484$lut$aiger250483$16022.A[5]      1 17.6ms
                                    $techmap253897$abc$250484$lut$aiger250483$22960.A[0]     39 17.6ms
                                    $techmap253555$abc$250484$lut$aiger250483$15655.A[4]      1 17.5ms
                                    $techmap254634$abc$250484$lut$aiger250483$18845.A[2]      1 17.5ms
                                    $techmap254040$abc$250484$lut$aiger250483$19522.A[4]      1 17.5ms
                                    $techmap253574$abc$250484$lut$aiger250483$18127.A[2]      1 17.5ms
                                    $techmap254218$abc$250484$lut$aiger250483$16811.A[5]      1 17.5ms
                                    $techmap255028$abc$250484$lut$aiger250483$18681.A[5]      1 17.5ms
                                    $techmap254565$abc$250484$lut$aiger250483$14204.A[4]      1 17.5ms
                                         $techmap253308$abc$250484$lut$aiger$o18993.A[1]     28 17.4ms
                                    $techmap253585$abc$250484$lut$aiger250483$18185.A[5]      1 17.3ms
                                    $techmap253515$abc$250484$lut$aiger250483$15155.A[3]      1 17.3ms
                                    $techmap254951$abc$250484$lut$aiger250483$14007.A[5]      1 17.2ms
                                    $techmap253937$abc$250484$lut$aiger250483$27802.A[1]     24 17.2ms
                                                                  $abc$250484$aiger$o267      8 17.1ms
                                    $techmap255142$abc$250484$lut$aiger250483$13805.A[4]      1 17.1ms
                                    $techmap254395$abc$250484$lut$aiger250483$14398.A[5]      1 17.1ms
                                    $techmap254178$abc$250484$lut$aiger250483$14566.A[3]      1 17.1ms
                                    $techmap255035$abc$250484$lut$aiger250483$18726.A[3]      1 17.0ms
                                    $techmap254658$abc$250484$lut$aiger250483$18991.A[3]      1 17.0ms
                                    $techmap255419$abc$250484$lut$aiger250483$15870.A[4]      1 17.0ms
                                    $techmap254483$abc$250484$lut$aiger250483$19152.A[3]      1 17.0ms
                                    $techmap254073$abc$250484$lut$aiger250483$19745.A[5]      1 17.0ms
                                    $techmap255400$abc$250484$lut$aiger250483$15724.A[2]      1 16.9ms
                                $abc$250484$auto$simple.cc:210:make_patterns_logic$40251      5 16.9ms
                                    $techmap254639$abc$250484$lut$aiger250483$18871.A[4]      1 16.9ms
                                    $techmap254552$abc$250484$lut$aiger250483$14130.A[2]      1 16.8ms
                                    $techmap253604$abc$250484$lut$aiger250483$13501.A[0]     29 16.8ms
                                    $techmap254042$abc$250484$lut$aiger250483$19532.A[4]      1 16.7ms
                                    $techmap255177$abc$250484$lut$aiger250483$16048.A[4]      1 16.7ms
                                    $techmap254580$abc$250484$lut$aiger250483$16325.A[4]      1 16.7ms
                                    $techmap255044$abc$250484$lut$aiger250483$18799.A[4]      1 16.6ms
                                    $techmap255359$abc$250484$lut$aiger250483$18354.A[5]      1 16.5ms
                                    $techmap254636$abc$250484$lut$aiger250483$18856.A[3]      1 16.5ms
                                    $techmap253492$abc$250484$lut$aiger250483$14997.A[4]      1 16.4ms
                                    $techmap253586$abc$250484$lut$aiger250483$18194.A[5]      1 16.2ms
                  $techmap253879$auto$abc_ops_reintegrate.cc:611:reintegrate$251284.A[1]     24 16.2ms
                                    $techmap253518$abc$250484$lut$aiger250483$15174.A[4]      1 16.1ms
                                    $techmap254940$abc$250484$lut$aiger250483$13930.A[4]      1 15.9ms
                                                                  $abc$250484$aiger$o138      8 15.9ms
                                    $techmap255189$abc$250484$lut$aiger250483$18484.A[3]      1 15.9ms
                                    $techmap254216$abc$250484$lut$aiger250483$16793.A[3]      1 15.9ms
                                         $auto$memory_libmap.cc:1951:emit_port$44920[18]      1 15.8ms
                                    $techmap253493$abc$250484$lut$aiger250483$15006.A[5]      1 15.8ms
                                    $techmap254387$abc$250484$lut$aiger250483$14353.A[2]      1 15.7ms
                                                                        loader.h_len[12]     22 15.7ms
                                    $techmap254173$abc$250484$lut$aiger250483$14541.A[4]      1 15.6ms
                                $abc$250484$auto$simple.cc:210:make_patterns_logic$41252     31 15.5ms
                                                                 $abc$250484$aiger$o1439      8 15.5ms
                                                                         loader.h_len[1]     17 15.5ms
                                    $techmap255407$abc$250484$lut$aiger250483$15770.A[3]      1 15.4ms
                                    $techmap254699$abc$250484$lut$aiger250483$23737.A[3]     12 15.4ms
                                    $techmap255177$abc$250484$lut$aiger250483$16048.A[2]      1 15.3ms
                                $abc$250484$auto$simple.cc:210:make_patterns_logic$41241     31 15.3ms
                                $abc$250484$auto$simple.cc:210:make_patterns_logic$41380     31 15.3ms
                                         $techmap257910$abc$250484$lut$aiger$o19034.A[2]     28 15.3ms
                                    $techmap254415$abc$250484$lut$aiger250483$16540.A[5]      1 15.2ms
                                    $techmap253506$abc$250484$lut$aiger250483$15106.A[5]      1 15.2ms
                                    $techmap254191$abc$250484$lut$aiger250483$14637.A[4]      1 15.2ms
                                    $techmap253605$abc$250484$lut$aiger250483$13506.A[2]     21 15.1ms
                                    $techmap254424$abc$250484$lut$aiger250483$16613.A[3]      1 15.1ms
                                         $techmap256646$abc$250484$lut$aiger$o19923.A[3]     32 15.1ms
                                    $techmap254591$abc$250484$lut$aiger250483$16395.A[4]      1 15.1ms
                                    $techmap254591$abc$250484$lut$aiger250483$16395.A[3]      1 15.0ms
                                    $techmap253804$abc$250484$lut$aiger250483$23146.A[0]     30 15.0ms
                                    $techmap253480$abc$250484$lut$aiger250483$14143.A[0]     35 15.0ms
                                $abc$250484$auto$simple.cc:210:make_patterns_logic$41060     32 14.9ms
                                    $techmap253481$abc$250484$lut$aiger250483$14929.A[4]      1 14.9ms
                                                                        loader.h_addr[4]     17 14.9ms
                                                                 $abc$250484$aiger$o1091      8 14.9ms
                                                                       loader.h_addr[15]     14 14.9ms
                                    $techmap253375$abc$250484$lut$aiger250483$21830.A[1]     26 14.7ms
                                    $techmap255149$abc$250484$lut$aiger250483$13868.A[2]      1 14.7ms
                                    $techmap255043$abc$250484$lut$aiger250483$18790.A[5]      1 14.7ms
                                    $techmap254637$abc$250484$lut$aiger250483$18861.A[3]      1 14.7ms
                                    $techmap254180$abc$250484$lut$aiger250483$14576.A[3]      1 14.6ms
                                    $techmap254563$abc$250484$lut$aiger250483$14189.A[2]      1 14.6ms
                                    $techmap254382$abc$250484$lut$aiger250483$14327.A[3]      1 14.6ms
                                    $techmap255393$abc$250484$lut$aiger250483$13655.A[3]      1 14.5ms
                                    $techmap255393$abc$250484$lut$aiger250483$13655.A[4]      1 14.5ms
                                    $techmap254489$abc$250484$lut$aiger250483$19195.A[2]      1 14.5ms
                                    $techmap255384$abc$250484$lut$aiger250483$13586.A[2]      1 14.4ms
                                             $techmap251681$auto$ff.cc:337:slice$55894.D     40 14.4ms
                                    $techmap254035$abc$250484$lut$aiger250483$19497.A[3]      1 14.4ms
                                                                 $abc$250484$aiger$o4574      8 14.3ms
                                    $techmap254044$abc$250484$lut$aiger250483$19546.A[4]      1 14.3ms
                                                                 $abc$250484$aiger$o2138      8 14.3ms
                                    $techmap255381$abc$250484$lut$aiger250483$13571.A[4]      1 14.2ms
                                         $auto$memory_libmap.cc:1951:emit_port$44916[10]      1 14.2ms
                                    $techmap255041$abc$250484$lut$aiger250483$18772.A[4]      1 14.2ms
                                    $techmap253576$abc$250484$lut$aiger250483$18135.A[3]      1 14.1ms
                                                                   loader.stage_word[14]      2 14.1ms
                                    $techmap254570$abc$250484$lut$aiger250483$14249.A[5]      1 14.1ms
                                                                       loader.rb_byte[7]      2 14.1ms
                                    $techmap255391$abc$250484$lut$aiger250483$13637.A[3]      1 14.0ms
                                    $techmap255045$abc$250484$lut$aiger250483$18808.A[5]      1 14.0ms
                                    $techmap254019$abc$250484$lut$aiger250483$14856.A[5]      1 13.9ms
                  $techmap253806$auto$abc_ops_reintegrate.cc:611:reintegrate$251295.A[2]     26 13.9ms
                                                                        loader.h_addr[0]     11 13.9ms
                                    $techmap254378$abc$250484$lut$aiger250483$14307.A[3]      1 13.8ms
                                    $techmap254178$abc$250484$lut$aiger250483$14566.A[2]      1 13.8ms
                                    $techmap254567$abc$250484$lut$aiger250483$14222.A[5]      1 13.7ms
                                    $techmap255365$abc$250484$lut$aiger250483$18408.A[4]      1 13.6ms
                                                                  $abc$250484$aiger$o265      8 13.6ms
                                                                                rx_valid     40 13.6ms
                                    $techmap255212$abc$250484$lut$aiger250483$18618.A[4]      1 13.5ms
                  $techmap256064$auto$abc_ops_reintegrate.cc:611:reintegrate$250758.A[0]     15 13.5ms
                                    $techmap254194$abc$250484$lut$aiger250483$14664.A[2]      1 13.4ms
                                    $techmap254273$abc$250484$lut$aiger250483$19343.A[2]      1 13.4ms
                                    $techmap254281$abc$250484$lut$aiger250483$19401.A[5]      1 13.4ms
                                    $techmap255041$abc$250484$lut$aiger250483$18772.A[5]      1 13.3ms
                                    $techmap254065$abc$250484$lut$aiger250483$19697.A[5]      1 13.3ms
                                                                        loader.h_len[11]     21 13.3ms
                                    $techmap255043$abc$250484$lut$aiger250483$18790.A[2]      1 13.3ms
                                    $techmap254177$abc$250484$lut$aiger250483$14561.A[3]      1 13.3ms
                                    $techmap254251$abc$250484$lut$aiger250483$17036.A[2]      1 13.3ms
                                    $techmap254022$abc$250484$lut$aiger250483$19422.A[4]      1 13.2ms
Info: Router2 time 381.37s
Info: Running router1 to check that route is legal...

Info: Routing..
Info: Setting up routing queue.
Info: Routing 0 arcs.
Info:            |   (re-)routed arcs  |   delta    | remaining|       time spent     |
Info:    IterCnt |  w/ripup   wo/ripup |  w/r  wo/r |      arcs| batch(sec) total(sec)|
Info:          0 |        0          0 |    0     0 |         0|       0.53       0.53|
Info: Routing complete.
Info: Router1 time 0.53s
Info: Checksum: 0x5d69487f

Info: Critical path report for clock 'clk' (posedge -> posedge):
Info: curr total
Info:  0.1  0.1  Source $auto$ff.cc:337:slice$56479.Q
Info:  0.4  0.5    Net resetgen.hold[14] budget 6.374000 ns (247,121) -> (247,122)
Info:                Sink $abc$250484$lut$aiger250483$13458.A1
Info:  0.2  0.7  Source $abc$250484$lut$aiger250483$13458.O5
Info:  0.6  1.3    Net $techmap253220$abc$250484$lut$aiger250483$13464.A[5] budget 5.984000 ns (247,122) -> (247,122)
Info:                Sink $abc$250484$lut$aiger250483$13464.A6
Info:  0.1  1.5  Source $abc$250484$lut$aiger250483$13464.O6
Info:  1.1  2.6    Net $techmap253224$auto$abc_ops_reintegrate.cc:611:reintegrate$251338.A[4] budget 6.667000 ns (247,122) -> (247,105)
Info:                Sink $auto$abc_ops_reintegrate.cc:611:reintegrate$251338.A5
Info:  0.1  2.7  Source $auto$abc_ops_reintegrate.cc:611:reintegrate$251338.O6
Info: 10.1 12.8    Net rst budget 9.849000 ns (247,105) -> (44,1)
Info:                Sink $auto$ff.cc:337:slice$61522.SR
Info:  0.1 12.9  Setup $auto$ff.cc:337:slice$61522.SR
Info: 0.6 ns logic, 12.3 ns routing

Info: Critical path report for clock 'clk200' (posedge -> posedge):
Info: curr total
Info:  0.1  0.1  Source $auto$ff.cc:337:slice$56540.Q
Info:  0.4  0.5    Net tick_count[1] budget 19.475000 ns (37,109) -> (37,109)
Info:                Sink $auto$abc_ops_reintegrate.cc:611:reintegrate$251272.A3
Info:  0.1  0.7  Source $auto$abc_ops_reintegrate.cc:611:reintegrate$251272.O5
Info:  0.0  0.7    Net $auto$alumacc.cc:548:replace_alu$43803.Y[1] budget 19.475000 ns (37,109) -> (37,109)
Info:                Sink $auto$ff.cc:337:slice$56540.D
Info:  0.1  0.8  Setup $auto$ff.cc:337:slice$56540.D
Info: 0.3 ns logic, 0.5 ns routing

Info: Max frequency for clock    'clk': 77.27 MHz (PASS at 25.00 MHz)
Info: Max frequency for clock 'clk200': 1223.99 MHz (PASS at 25.00 MHz)

Info: Slack histogram:
Info:  legend: * represents 10 endpoint(s)
Info:          + represents [1,10) endpoint(s)
Info: [ 27058,  27676) |**+
Info: [ 27676,  28294) |**************+
Info: [ 28294,  28912) |*************************************************+
Info: [ 28912,  29530) |************************************************************ 
Info: [ 29530,  30148) |***************************************+
Info: [ 30148,  30766) |***********************************+
Info: [ 30766,  31384) |**********************+
Info: [ 31384,  32002) |**************************+
Info: [ 32002,  32620) |*********************************************+
Info: [ 32620,  33238) |***************************************+
Info: [ 33238,  33856) |****************************+
Info: [ 33856,  34474) |****************+
Info: [ 34474,  35092) |**********+
Info: [ 35092,  35710) |*****+
Info: [ 35710,  36328) |*******+
Info: [ 36328,  36946) |********+
Info: [ 36946,  37564) |******+
Info: [ 37564,  38182) |********+
Info: [ 38182,  38800) |*************+
Info: [ 38800,  39418) |***********************+
Info: Running post-routing legalisation...

