Info: Packing constants..
Info: Inserting IO buffers..
Info:     IO port 'clk200_n' driven by IBUFDS 'clk_ibufds'
Info:     IO port 'clk200_p' driven by IBUFDS 'clk_ibufds'
Info:     IO port 'rst_n' driven by IBUF '$iopadmap$tms_bram_bench_ax7203.rst_n'
Info:     IO port 'uart_rx' driven by IBUF '$iopadmap$tms_bram_bench_ax7203.uart_rx'
Info:     IO port 'uart_tx' driven by OBUF '$iopadmap$tms_bram_bench_ax7203.uart_tx'
Info:     IO port 'led[0]' driven by OBUF '$iopadmap$tms_bram_bench_ax7203.led'
Info:     IO port 'led[1]' driven by OBUF '$iopadmap$tms_bram_bench_ax7203.led_1'
Info:     IO port 'led[2]' driven by OBUF '$iopadmap$tms_bram_bench_ax7203.led_2'
Info:     IO port 'led[3]' driven by OBUF '$iopadmap$tms_bram_bench_ax7203.led_3'
Info:     Constraining 'clk200_n' to site 'IOB_X1Y123'
Info:     Tile 'RIOB33_X105Y123'
Info:     Constraining 'clk200_p' to site 'IOB_X1Y124'
Info:     Tile 'RIOB33_X105Y123'
Info:     Constraining 'rst_n' to site 'IOB_X1Y115'
Info:     Tile 'RIOB33_X105Y115'
Info:     Constraining 'uart_rx' to site 'IOB_X0Y149'
Info:     Tile 'LIOB33_SING_X0Y149'
Info:     Constraining 'uart_tx' to site 'IOB_X0Y100'
Info:     Tile 'LIOB33_SING_X0Y100'
Info:     Constraining 'led[0]' to site 'IOB_X0Y233'
Info:     Tile 'LIOB33_X0Y233'
Info:     Constraining 'led[1]' to site 'IOB_X0Y234'
Info:     Tile 'LIOB33_X0Y233'
Info:     Constraining 'led[2]' to site 'IOB_X0Y238'
Info:     Tile 'LIOB33_X0Y237'
Info:     Constraining 'led[3]' to site 'IOB_X0Y237'
Info:     Tile 'LIOB33_X0Y237'
Info: Generating input buffer for '$iopadmap$tms_bram_bench_ax7203.rst_n'
Info: Generating input buffer for '$iopadmap$tms_bram_bench_ax7203.uart_rx'
Info: Generating output buffer for '$iopadmap$tms_bram_bench_ax7203.uart_tx'
Info: Generating output buffer for '$iopadmap$tms_bram_bench_ax7203.led'
Info: Generating output buffer for '$iopadmap$tms_bram_bench_ax7203.led_1'
Info: Generating output buffer for '$iopadmap$tms_bram_bench_ax7203.led_2'
Info: Generating output buffer for '$iopadmap$tms_bram_bench_ax7203.led_3'
Info:     Created 9 PAD cells from:
Info:              9x PAD
Info: Preparing clocking...
Info: Packing constants..
Info: Packing cfg...
Info: Packing PLLs...
Info: Packing Gigabit Transceivers..
Info: Packing global buffers...
Info:     Constrained BUFGCTRL 'clk200_bufg' to bel 'BUFGCTRL_X0Y0/BUFGCTRL' based on dedicated routing
Info: Packing MUX[789]s..
Info: Packing carries..
Info:    Grouped 0 MUXCYs and 0 XORCYs into 0 chains.
Info:    Blasted 0 non-chain MUXCYs and 0 non-chain XORCYs to soft logic
Info: Packing LUTs..
Info:     Created 2885 SLICE_LUTX cells from:
Info:              2x LUT1
Info:            762x LUT2
Info:            272x LUT3
Info:            374x LUT4
Info:            727x LUT5
Info:            748x LUT6
Info: Packing DRAM..
Info:    Transformed 0 tied-low DRAM address inputs to be tied-high
Info: Packing BRAM..
Info: Packing DSPs..
Info: Packing flipflops..
Info:     Created 878 SLICE_FFX cells from:
Info:            799x FDCE
Info:             12x FDPE
Info:             67x FDRE
Info: Constrained 753 LUTFF pairs.

Info: Annotating ports with timing budgets for target frequency 200.00 MHz
Info: Checksum: 0x2c319c47

Info: Device utilisation:
Info: 	          SLICE_LUTX:  2885/269200     1%
Info: 	           SLICE_FFX:   878/269200     0%
Info: 	              CARRY4:     0/33650     0%
Info: 	          PSEUDO_GND:     1/69165     0%
Info: 	          PSEUDO_VCC:     1/69165     0%
Info: 	               HARD0:     0/ 3960     0%
Info: 	            RAMB18E1:     0/  730     0%
Info: 	            FIFO18E1:     0/  365     0%
Info: 	        RAMBFIFO36E1:     0/  365     0%
Info: 	            RAMB36E1:    55/  365    15%
Info: 	             DSP48E1:     0/  740     0%
Info: 	                 PAD:     9/ 1062     0%
Info: 	       IOB33M_OUTBUF:     0/  240     0%
Info: 	       IOB33S_OUTBUF:     0/  240     0%
Info: 	        IOB33_OUTBUF:     5/  500     1%
Info: 	     IOB33M_INBUF_EN:     1/  240     0%
Info: 	     IOB33S_INBUF_EN:     0/  240     0%
Info: 	      IOB33_INBUF_EN:     2/  500     0%
Info: 	IOB33M_TERM_OVERRIDE:     0/  240     0%
Info: 	IOB33S_TERM_OVERRIDE:     0/  240     0%
Info: 	 IOB33_TERM_OVERRIDE:     0/  500     0%
Info: 	       PULL_OR_KEEP1:     0/  980     0%
Info: 	            IDELAYE2:     0/  500     0%
Info: 	        OLOGICE3_TFF:     0/  500     0%
Info: 	      OLOGICE3_OUTFF:     0/  500     0%
Info: 	       OLOGICE3_MISR:     0/  500     0%
Info: 	           OSERDESE2:     0/  500     0%
Info: 	        ILOGICE3_IFF:     0/  500     0%
Info: 	ILOGICE3_ZHOLD_DELAY:     0/  500     0%
Info: 	           ISERDESE2:     0/  500     0%
Info: 	                BUFR:     0/   40     0%
Info: 	               BUFIO:     0/   40     0%
Info: 	          IDELAYCTRL:     0/   10     0%
Info: 	            BUFGCTRL:     2/   32     6%
Info: 	            PCIE_2_1:     0/    1     0%
Info: 	               BSCAN:     0/    4     0%
Info: 	                BUFG:     0/   32     0%
Info: 	              BUFHCE:     0/  120     0%
Info: 	            DCIRESET:     0/    1     0%
Info: 	            DNA_PORT:     0/    1     0%
Info: 	           EFUSE_USR:     0/    1     0%
Info: 	           FRAME_ECC:     0/    1     0%
Info: 	       GTPE2_CHANNEL:     0/   16     0%
Info: 	        GTPE2_COMMON:     0/    4     0%
Info: 	         IBUFDS_GTE2:     0/    8     0%
Info: 	                ICAP:     0/    2     0%
Info: 	            INVERTER:     0/  240     0%
Info: 	          MMCME2_ADV:     0/   10     0%
Info: 	        OLOGICE2_TFF:     0/  500     0%
Info: 	      OLOGICE2_OUTFF:     0/  500     0%
Info: 	           PLLE2_ADV:     0/   10     0%
Info: 	           SELMUX2_1:     0/102950     0%
Info: 	             STARTUP:     0/    1     0%
Info: 	          USR_ACCESS:     0/    1     0%
Info: 	              BUFFER:     0/   82     0%
Info: 	        ILOGICE2_IFF:     0/  500     0%
Info: 	       OLOGICE2_MISR:     0/  500     0%

Info: Placed 18 cells based on constraints.
Info: Creating initial analytic placement for 3066 cells, random placement wirelen = 1519317.
Info:     at initial placer iter 0, wirelen = 1548
Info:     at initial placer iter 1, wirelen = 1227
Info:     at initial placer iter 2, wirelen = 1399
Info:     at initial placer iter 3, wirelen = 1231
Info: Running main analytical placer.
Info:     at iteration #1, type ALL: wirelen solved = 1221, spread = 389568, legal = 391205; time = 0.05s
Info:     at iteration #2, type ALL: wirelen solved = 4628, spread = 346755, legal = 354663; time = 0.05s
Info:     at iteration #3, type ALL: wirelen solved = 6222, spread = 318795, legal = 323351; time = 0.05s
Info:     at iteration #4, type ALL: wirelen solved = 8307, spread = 314272, legal = 320597; time = 0.05s
Info:     at iteration #5, type ALL: wirelen solved = 10481, spread = 309354, legal = 318998; time = 0.05s
Info:     at iteration #6, type ALL: wirelen solved = 11075, spread = 319407, legal = 320982; time = 0.05s
Info:     at iteration #7, type ALL: wirelen solved = 12512, spread = 315649, legal = 325012; time = 0.05s
Info:     at iteration #8, type ALL: wirelen solved = 13573, spread = 319933, legal = 327738; time = 0.05s
Info:     at iteration #9, type ALL: wirelen solved = 15110, spread = 317853, legal = 330782; time = 0.05s
Info:     at iteration #10, type ALL: wirelen solved = 16742, spread = 324411, legal = 331627; time = 0.05s
Info: HeAP Placer Time: 0.88s
Info:   of which solving equations: 0.45s
Info:   of which spreading cells: 0.10s
Info:   of which strict legalisation: 0.05s

Info: Running simulated annealing placer for refinement.
Info:   at iteration #1: temp = 0.000000, timing cost = 1463, wirelen = 318998
Info:   at iteration #5: temp = 0.000000, timing cost = 980, wirelen = 314635
Info:   at iteration #10: temp = 0.000000, timing cost = 1087, wirelen = 314213
Info:   at iteration #15: temp = 0.000000, timing cost = 1100, wirelen = 314041
Info:   at iteration #15: temp = 0.000000, timing cost = 1099, wirelen = 314051 
Info: SA placement time 0.88s

Info: Max frequency for clock    'clk': 37.91 MHz (FAIL at 200.00 MHz)
Info: Max frequency for clock 'clk200': 1121.08 MHz (PASS at 200.00 MHz)

Info: Slack histogram:
Info:  legend: * represents 11 endpoint(s)
Info:          + represents [1,11) endpoint(s)
Info: [-21375, -20072) |**+
Info: [-20072, -18769) |*+
Info: [-18769, -17466) |+
Info: [-17466, -16163) |*+
Info: [-16163, -14860) |**+
Info: [-14860, -13557) |*+
Info: [-13557, -12254) |+
Info: [-12254, -10951) |+
Info: [-10951,  -9648) |+
Info: [ -9648,  -8345) |**+
Info: [ -8345,  -7042) |******+
Info: [ -7042,  -5739) |*****+
Info: [ -5739,  -4436) |************************************************************ 
Info: [ -4436,  -3133) |**********************+
Info: [ -3133,  -1830) |************+
Info: [ -1830,   -527) |**********+
Info: [  -527,    776) |******************+
Info: [   776,   2079) |********************+
Info: [  2079,   3382) |****************** 
Info: [  3382,   4685) |****************+
Info: Checksum: 0xd6d88e4e
Info: Running post-placement legalisation...
Info: Routing global clocks...
Info:     routing clock 'clk'
Info:     routing clock 'clk200'
Info: Running router2...
Info: Setting up routing resources...
Info: Running main router loop...
Info:     iter=1 wires=134658 overused=5940 overuse=6963 archfail=NA
Info:     iter=2 wires=141542 overused=227 overuse=227 archfail=NA
Info:     iter=3 wires=141925 overused=7 overuse=7 archfail=NA
Info:     iter=4 wires=141921 overused=0 overuse=0 archfail=0
Info: 1000 slowest nets by runtime:
                                    $techmap444827$abc$442671$lut$aiger442670$13471.A[5]      1 584.3ms
                                    $techmap444942$abc$442671$lut$aiger442670$14128.A[3]      1 570.1ms
                                    $techmap443821$abc$442671$lut$aiger442670$16341.A[0]    112 561.7ms
                                    $techmap444827$abc$442671$lut$aiger442670$13471.A[4]      1 485.0ms
                                    $techmap444890$abc$442671$lut$aiger442670$13821.A[4]      1 475.5ms
                                          $techmap443665\slot0_b2.eng.mem_b3.0.6.ENARDEN    116 463.4ms
                                    $techmap444913$abc$442671$lut$aiger442670$13965.A[4]      1 447.8ms
                                    $techmap445030$abc$442671$lut$aiger442670$14633.A[4]      1 426.8ms
                                    $techmap445074$abc$442671$lut$aiger442670$14841.A[3]      1 408.5ms
                                    $techmap443822$abc$442671$lut$aiger442670$16345.A[0]    115 407.3ms
                                    $techmap445094$abc$442671$lut$aiger442670$14963.A[3]      1 368.3ms
                                    $techmap443822$abc$442671$lut$aiger442670$16345.A[1]    114 366.6ms
                                    $techmap443823$abc$442671$lut$aiger442670$16346.A[0]    112 362.9ms
                                    $techmap443824$abc$442671$lut$aiger442670$16347.A[0]    112 338.3ms
                                    $techmap445012$abc$442671$lut$aiger442670$14531.A[5]      1 325.8ms
                                    $techmap445005$abc$442671$lut$aiger442670$14478.A[2]      1 303.4ms
                                    $techmap445005$abc$442671$lut$aiger442670$14478.A[4]      1 294.5ms
                                                                                     rst    812 288.2ms
                                    $techmap444969$abc$442671$lut$aiger442670$14298.A[2]      1 283.7ms
                                    $techmap444853$abc$442671$lut$aiger442670$13637.A[4]      1 280.2ms
                                    $techmap445005$abc$442671$lut$aiger442670$14478.A[5]      1 274.7ms
                                    $techmap444853$abc$442671$lut$aiger442670$13637.A[3]      1 273.6ms
                                    $techmap445093$abc$442671$lut$aiger442670$14954.A[2]      1 273.4ms
                                    $techmap444968$abc$442671$lut$aiger442670$14293.A[4]      1 273.3ms
                                    $techmap444462$abc$442671$lut$aiger442670$10395.A[5]      1 273.3ms
                                    $techmap445092$abc$442671$lut$aiger442670$14949.A[3]      1 269.4ms
                                    $techmap443825$abc$442671$lut$aiger442670$16348.A[0]    112 267.3ms
                                    $techmap444854$abc$442671$lut$aiger442670$13642.A[2]      1 264.4ms
                                    $techmap444942$abc$442671$lut$aiger442670$14128.A[5]      1 262.5ms
                                    $techmap444827$abc$442671$lut$aiger442670$13471.A[3]      1 262.1ms
                                    $techmap445094$abc$442671$lut$aiger442670$14963.A[4]      1 260.0ms
                                    $techmap444827$abc$442671$lut$aiger442670$13471.A[2]      1 259.0ms
                                            $techmap300500$auto$ff.cc:337:slice$219669.D    357 256.5ms
                                    $techmap444265$abc$442671$lut$aiger442670$12252.A[4]      1 254.3ms
                                    $techmap443822$abc$442671$lut$aiger442670$16345.A[2]    113 249.3ms
                                    $techmap443822$abc$442671$lut$aiger442670$16345.A[3]    112 237.8ms
                                    $techmap444890$abc$442671$lut$aiger442670$13821.A[5]      1 232.9ms
                                                                 slot0_b2.eng.r_addr[11]    102 231.3ms
                                    $techmap444969$abc$442671$lut$aiger442670$14298.A[3]      1 229.6ms
                                    $techmap444914$abc$442671$lut$aiger442670$13970.A[2]      1 220.4ms
                                    $techmap444835$abc$442671$lut$aiger442670$13529.A[4]      1 213.4ms
                                    $techmap444968$abc$442671$lut$aiger442670$14293.A[3]      1 211.4ms
                                                                 slot0_b2.eng.r_addr[10]    103 205.0ms
                                    $techmap445031$abc$442671$lut$aiger442670$14638.A[3]      1 204.3ms
                                    $techmap444835$abc$442671$lut$aiger442670$13529.A[3]      1 199.1ms
                                    $techmap444854$abc$442671$lut$aiger442670$13642.A[3]      1 196.9ms
                                    $techmap444890$abc$442671$lut$aiger442670$13821.A[3]      1 196.8ms
                                    $techmap444942$abc$442671$lut$aiger442670$14128.A[2]      1 194.7ms
                                    $techmap445092$abc$442671$lut$aiger442670$14949.A[4]      1 192.7ms
                                    $techmap444781$abc$442671$lut$aiger442670$13232.A[4]      1 192.2ms
                                    $techmap445393$abc$442671$lut$aiger442670$16195.A[3]      1 187.7ms
                                    $techmap444756$abc$442671$lut$aiger442670$13075.A[2]      1 186.7ms
                                                                         $PACKER_VCC_NET   1512 184.7ms
                                    $techmap445003$abc$442671$lut$aiger442670$14465.A[2]      1 182.0ms
                                    $techmap445003$abc$442671$lut$aiger442670$14465.A[5]      1 181.8ms
                                    $techmap444970$abc$442671$lut$aiger442670$14307.A[4]      1 181.6ms
                                    $techmap444989$abc$442671$lut$aiger442670$14360.A[5]      1 179.1ms
                                    $techmap444237$abc$442671$lut$aiger442670$12040.A[0]    362 176.9ms
                                    $techmap444914$abc$442671$lut$aiger442670$13970.A[3]      1 175.5ms
                                    $techmap444929$abc$442671$lut$aiger442670$14032.A[2]      1 175.2ms
                                    $techmap444971$abc$442671$lut$aiger442670$14316.A[3]      1 171.7ms
                                    $techmap445095$abc$442671$lut$aiger442670$14972.A[3]      1 171.4ms
                                    $techmap444243$abc$442671$lut$aiger442670$12081.A[0]    162 165.3ms
                                    $techmap444642$abc$442671$lut$aiger442670$12415.A[4]      1 162.9ms
                                    $techmap444992$abc$442671$lut$aiger442670$14387.A[3]      1 162.1ms
                                    $techmap444904$abc$442671$lut$aiger442670$13915.A[2]      1 157.6ms
                                    $techmap444916$abc$442671$lut$aiger442670$13988.A[2]      1 156.8ms
                                    $techmap444849$abc$442671$lut$aiger442670$13616.A[2]      1 154.8ms
                                    $techmap445012$abc$442671$lut$aiger442670$14531.A[4]      1 152.8ms
                                    $techmap444875$abc$442671$lut$aiger442670$13718.A[5]      1 151.5ms
                                    $techmap445029$abc$442671$lut$aiger442670$14628.A[2]      1 151.2ms
                                    $techmap444906$abc$442671$lut$aiger442670$13925.A[3]      1 150.4ms
                                    $techmap444915$abc$442671$lut$aiger442670$13979.A[4]      1 150.1ms
                                    $techmap444971$abc$442671$lut$aiger442670$14316.A[5]      1 148.9ms
                                    $techmap444855$abc$442671$lut$aiger442670$13651.A[2]      1 148.6ms
                                    $techmap445266$abc$442671$lut$aiger442670$15532.A[2]      1 148.4ms
                                    $techmap444556$abc$442671$lut$aiger442670$10962.A[5]      1 146.2ms
                                                                         $PACKER_GND_NET   7768 146.2ms
                                    $techmap445012$abc$442671$lut$aiger442670$14531.A[3]      1 144.3ms
                                    $techmap444855$abc$442671$lut$aiger442670$13651.A[4]      1 144.0ms
                                    $techmap445031$abc$442671$lut$aiger442670$14638.A[2]      1 143.5ms
                                    $techmap444781$abc$442671$lut$aiger442670$13232.A[3]      1 142.1ms
                                    $techmap444553$abc$442671$lut$aiger442670$10935.A[4]      1 141.3ms
                                    $techmap445005$abc$442671$lut$aiger442670$14478.A[3]      1 139.2ms
                                    $techmap444913$abc$442671$lut$aiger442670$13965.A[3]      1 138.9ms
                                    $techmap445003$abc$442671$lut$aiger442670$14465.A[4]      1 138.0ms
                                    $techmap444237$abc$442671$lut$aiger442670$12040.A[2]    572 136.3ms
                                    $techmap444831$abc$442671$lut$aiger442670$13502.A[3]      1 135.8ms
                                    $techmap444909$abc$442671$lut$aiger442670$13944.A[5]      1 135.2ms
                                    $techmap444895$abc$442671$lut$aiger442670$13857.A[5]      1 134.4ms
                                    $techmap444320$abc$442671$lut$aiger442670$11923.A[5]      1 130.5ms
                                    $techmap445003$abc$442671$lut$aiger442670$14465.A[3]      1 130.2ms
                                    $techmap444664$abc$442671$lut$aiger442670$12580.A[3]      1 128.1ms
                                    $techmap444369$abc$442671$lut$aiger442670$11595.A[3]      1 127.1ms
                                    $techmap445018$abc$442671$lut$aiger442670$14571.A[5]      1 126.4ms
                                    $techmap444946$abc$442671$lut$aiger442670$14159.A[3]      1 125.6ms
                                    $techmap444884$abc$442671$lut$aiger442670$13775.A[4]      1 125.5ms
                                    $techmap445079$abc$442671$lut$aiger442670$14876.A[4]      1 124.4ms
                                    $techmap444408$abc$442671$lut$aiger442670$11141.A[4]      1 124.1ms
                                    $techmap444841$abc$442671$lut$aiger442670$13571.A[3]      1 123.7ms
                                    $techmap444815$abc$442671$lut$aiger442670$13390.A[4]      1 119.9ms
                                    $techmap445074$abc$442671$lut$aiger442670$14841.A[2]      1 119.2ms
                                    $techmap445026$abc$442671$lut$aiger442670$14613.A[4]      1 119.1ms
                                    $techmap445146$abc$442671$lut$aiger442670$15204.A[2]      1 119.0ms
                                    $techmap444237$abc$442671$lut$aiger442670$12040.A[1]    551 119.0ms
                                    $techmap444337$abc$442671$lut$aiger442670$11388.A[3]      1 118.9ms
                                    $techmap444959$abc$442671$lut$aiger442670$14243.A[2]      1 118.8ms
                                    $techmap444701$abc$442671$lut$aiger442670$12747.A[2]      1 116.8ms
                                    $techmap444244$abc$442671$lut$aiger442670$12086.A[3]      1 115.5ms
                                    $techmap444881$abc$442671$lut$aiger442670$13753.A[5]      1 114.9ms
                                    $techmap445095$abc$442671$lut$aiger442670$14972.A[4]      1 111.9ms
                                    $techmap444970$abc$442671$lut$aiger442670$14307.A[3]      1 111.9ms
                                    $techmap444916$abc$442671$lut$aiger442670$13988.A[3]      1 110.6ms
                                    $techmap444881$abc$442671$lut$aiger442670$13753.A[3]      1 110.4ms
                                    $techmap444665$abc$442671$lut$aiger442670$12587.A[5]      1 110.2ms
                                    $techmap444815$abc$442671$lut$aiger442670$13390.A[3]      1 107.9ms
                                    $techmap444895$abc$442671$lut$aiger442670$13857.A[4]      1 107.4ms
                                    $techmap445027$abc$442671$lut$aiger442670$14618.A[3]      1 106.7ms
                                    $techmap444369$abc$442671$lut$aiger442670$11595.A[2]      1 106.0ms
                                    $techmap445084$abc$442671$lut$aiger442670$14904.A[3]      1 105.4ms
                                    $techmap444946$abc$442671$lut$aiger442670$14159.A[2]      1 104.7ms
                                    $techmap444950$abc$442671$lut$aiger442670$14185.A[5]      1 104.5ms
                                    $techmap444841$abc$442671$lut$aiger442670$13571.A[5]      1 104.5ms
                                    $techmap445088$abc$442671$lut$aiger442670$14928.A[3]      1 103.7ms
                                    $techmap445368$abc$442671$lut$aiger442670$16033.A[5]      1 103.5ms
                                    $techmap444845$abc$442671$lut$aiger442670$13592.A[3]      1 103.5ms
                                    $techmap444929$abc$442671$lut$aiger442670$14032.A[4]      1 103.3ms
                                    $techmap444815$abc$442671$lut$aiger442670$13390.A[5]      1 101.5ms
                                    $techmap444911$abc$442671$lut$aiger442670$13955.A[3]      1 101.0ms
                                    $techmap444664$abc$442671$lut$aiger442670$12580.A[2]      1 100.7ms
                                    $techmap444845$abc$442671$lut$aiger442670$13592.A[4]      1 100.5ms
                                    $techmap444950$abc$442671$lut$aiger442670$14185.A[3]      1 99.3ms
                                    $techmap444927$abc$442671$lut$aiger442670$14014.A[5]      1 97.9ms
                                    $techmap444783$abc$442671$lut$aiger442670$13244.A[4]      1 97.6ms
                                    $techmap444821$abc$442671$lut$aiger442670$13425.A[4]      1 97.5ms
                                    $techmap444946$abc$442671$lut$aiger442670$14159.A[5]      1 96.5ms
                                    $techmap444724$abc$442671$lut$aiger442670$12908.A[3]      1 96.1ms
                                    $techmap445093$abc$442671$lut$aiger442670$14954.A[3]      1 94.7ms
                                    $techmap445074$abc$442671$lut$aiger442670$14841.A[4]      1 93.8ms
                                    $techmap444888$abc$442671$lut$aiger442670$13808.A[4]      1 93.3ms
                                    $techmap444824$abc$442671$lut$aiger442670$13447.A[3]      1 92.2ms
                                    $techmap445361$abc$442671$lut$aiger442670$15982.A[4]      1 92.1ms
                                    $techmap443894$abc$442671$lut$aiger442670$17302.A[2]     44 91.5ms
                                    $techmap444831$abc$442671$lut$aiger442670$13502.A[5]      1 91.1ms
                                         $techmap446315$abc$442671$lut$aiger$o14452.A[2]    285 90.7ms
                                    $techmap444724$abc$442671$lut$aiger442670$12908.A[4]      1 89.7ms
                                    $techmap444835$abc$442671$lut$aiger442670$13529.A[5]      1 88.4ms
                                    $techmap444989$abc$442671$lut$aiger442670$14360.A[2]      1 88.0ms
                                    $techmap444875$abc$442671$lut$aiger442670$13718.A[2]      1 87.7ms
                                    $techmap444938$abc$442671$lut$aiger442670$14102.A[4]      1 87.7ms
                                    $techmap444950$abc$442671$lut$aiger442670$14185.A[4]      1 87.6ms
                                    $techmap444497$abc$442671$lut$aiger442670$10607.A[5]      1 87.2ms
                                    $techmap445054$abc$442671$lut$aiger442670$14702.A[4]      1 87.1ms
                                    $techmap445267$abc$442671$lut$aiger442670$15539.A[4]      1 87.0ms
                                    $techmap444824$abc$442671$lut$aiger442670$13447.A[5]      1 86.2ms
                                    $techmap444890$abc$442671$lut$aiger442670$13821.A[2]      1 86.0ms
                                    $techmap445088$abc$442671$lut$aiger442670$14928.A[2]      1 84.7ms
                                    $techmap445327$abc$442671$lut$aiger442670$15861.A[5]      1 84.2ms
                                    $techmap444929$abc$442671$lut$aiger442670$14032.A[3]      1 84.1ms
                                    $techmap444856$abc$442671$lut$aiger442670$13660.A[4]      1 84.1ms
                                    $techmap445260$abc$442671$lut$aiger442670$15488.A[2]      1 80.9ms
                                    $techmap444884$abc$442671$lut$aiger442670$13775.A[2]      1 79.4ms
                                    $techmap445367$abc$442671$lut$aiger442670$16026.A[2]      1 79.1ms
                                    $techmap444995$abc$442671$lut$aiger442670$14408.A[4]      1 78.5ms
                                    $techmap444906$abc$442671$lut$aiger442670$13925.A[2]      1 77.7ms
                                    $techmap444320$abc$442671$lut$aiger442670$11923.A[3]      1 77.1ms
                                    $techmap444320$abc$442671$lut$aiger442670$11923.A[4]      1 76.4ms
                                    $techmap444831$abc$442671$lut$aiger442670$13502.A[4]      1 75.7ms
                                    $techmap444840$abc$442671$lut$aiger442670$13564.A[5]      1 75.3ms
                                    $techmap444884$abc$442671$lut$aiger442670$13775.A[3]      1 75.3ms
                                    $techmap444884$abc$442671$lut$aiger442670$13775.A[5]      1 75.2ms
                                    $techmap445074$abc$442671$lut$aiger442670$14841.A[5]      1 75.1ms
                                    $techmap444824$abc$442671$lut$aiger442670$13447.A[4]      1 74.1ms
                                    $techmap444946$abc$442671$lut$aiger442670$14159.A[4]      1 73.5ms
                                    $techmap444885$abc$442671$lut$aiger442670$13784.A[5]      1 72.4ms
                                    $techmap445387$abc$442671$lut$aiger442670$16153.A[3]      1 71.9ms
                                    $techmap444935$abc$442671$lut$aiger442670$14080.A[3]      1 71.6ms
                                    $techmap444642$abc$442671$lut$aiger442670$12415.A[3]      1 71.1ms
                                    $techmap444995$abc$442671$lut$aiger442670$14408.A[2]      1 71.0ms
                                    $techmap445024$abc$442671$lut$aiger442670$14604.A[3]      1 70.6ms
                  $techmap443738$auto$abc_ops_reintegrate.cc:611:reintegrate$442850.A[0]     66 70.1ms
                                    $techmap444409$abc$442671$lut$aiger442670$11147.A[4]      1 70.0ms
                                    $techmap444935$abc$442671$lut$aiger442670$14080.A[5]      1 69.3ms
                                    $techmap444992$abc$442671$lut$aiger442670$14387.A[5]      1 69.1ms
                                    $techmap444536$abc$442671$lut$aiger442670$10837.A[3]      1 68.3ms
                                    $techmap445362$abc$442671$lut$aiger442670$15991.A[3]      1 67.5ms
                                    $techmap445305$abc$442671$lut$aiger442670$15699.A[4]      1 67.1ms
                                    $techmap444966$abc$442671$lut$aiger442670$14283.A[4]      1 67.1ms
                                    $techmap445141$abc$442671$lut$aiger442670$15169.A[4]      1 66.4ms
                                    $techmap444989$abc$442671$lut$aiger442670$14360.A[4]      1 66.3ms
                                    $techmap444905$abc$442671$lut$aiger442670$13920.A[4]      1 65.9ms
                                    $techmap444814$abc$442671$lut$aiger442670$13381.A[3]      1 65.7ms
                                    $techmap444992$abc$442671$lut$aiger442670$14387.A[2]      1 65.6ms
                                    $techmap445085$abc$442671$lut$aiger442670$14909.A[2]      1 65.3ms
                                    $techmap445090$abc$442671$lut$aiger442670$14939.A[4]      1 65.2ms
                                    $techmap445266$abc$442671$lut$aiger442670$15532.A[4]      1 64.8ms
                                    $techmap445019$abc$442671$lut$aiger442670$14580.A[3]      1 64.6ms
                                    $techmap445386$abc$442671$lut$aiger442670$16144.A[4]      1 64.5ms
                                                                              run_active     44 64.5ms
                                    $techmap445028$abc$442671$lut$aiger442670$14623.A[4]      1 64.4ms
                                    $techmap444825$abc$442671$lut$aiger442670$13456.A[5]      1 63.9ms
                                    $techmap444556$abc$442671$lut$aiger442670$10962.A[2]      1 63.5ms
                                    $techmap444961$abc$442671$lut$aiger442670$14253.A[3]      1 63.1ms
                                    $techmap444840$abc$442671$lut$aiger442670$13564.A[3]      1 63.0ms
                                    $techmap444964$abc$442671$lut$aiger442670$14272.A[2]      1 63.0ms
                                    $techmap444935$abc$442671$lut$aiger442670$14080.A[4]      1 62.8ms
                                    $techmap445095$abc$442671$lut$aiger442670$14972.A[2]      1 62.7ms
                  $techmap443741$auto$abc_ops_reintegrate.cc:611:reintegrate$442848.A[1]     48 62.7ms
                                    $techmap444964$abc$442671$lut$aiger442670$14272.A[5]      1 62.6ms
                                    $techmap445053$abc$442671$lut$aiger442670$14693.A[2]      1 62.3ms
                                            $techmap299833$auto$ff.cc:337:slice$235391.D     80 62.2ms
                                    $techmap444819$abc$442671$lut$aiger442670$13410.A[5]      1 62.0ms
                                    $techmap445023$abc$442671$lut$aiger442670$14599.A[3]      1 61.8ms
                                    $techmap444936$abc$442671$lut$aiger442670$14089.A[2]      1 61.7ms
                                    $techmap444225$abc$442671$lut$aiger442670$19763.A[1]     43 61.4ms
                                    $techmap444846$abc$442671$lut$aiger442670$13597.A[3]      1 61.2ms
                                    $techmap444875$abc$442671$lut$aiger442670$13718.A[4]      1 61.0ms
                                    $techmap444950$abc$442671$lut$aiger442670$14185.A[2]      1 60.6ms
                                    $techmap444462$abc$442671$lut$aiger442670$10395.A[3]      1 60.5ms
                                    $techmap444497$abc$442671$lut$aiger442670$10607.A[2]      1 60.1ms
                                    $techmap445361$abc$442671$lut$aiger442670$15982.A[3]      1 59.9ms
                                    $techmap444835$abc$442671$lut$aiger442670$13529.A[2]      1 59.3ms
                                    $techmap444536$abc$442671$lut$aiger442670$10837.A[4]      1 58.8ms
                                    $techmap445237$abc$442671$lut$aiger442670$15344.A[2]      1 58.4ms
                                    $techmap444995$abc$442671$lut$aiger442670$14408.A[3]      1 58.3ms
                                    $techmap445094$abc$442671$lut$aiger442670$14963.A[5]      1 57.8ms
                                    $techmap445386$abc$442671$lut$aiger442670$16144.A[5]      1 57.1ms
                                    $techmap444891$abc$442671$lut$aiger442670$13830.A[3]      1 57.1ms
                                    $techmap444895$abc$442671$lut$aiger442670$13857.A[3]      1 56.7ms
                                    $techmap445018$abc$442671$lut$aiger442670$14571.A[2]      1 56.5ms
                                    $techmap444673$abc$442671$lut$aiger442670$12632.A[3]      1 56.5ms
                                    $techmap444831$abc$442671$lut$aiger442670$13502.A[2]      1 56.5ms
                                    $techmap445237$abc$442671$lut$aiger442670$15344.A[5]      1 56.4ms
                                    $techmap444259$abc$442671$lut$aiger442670$12198.A[2]     48 56.2ms
                                    $techmap445238$abc$442671$lut$aiger442670$15353.A[4]      1 55.9ms
                                    $techmap444817$abc$442671$lut$aiger442670$13398.A[3]      1 55.6ms
                                    $techmap444460$abc$442671$lut$aiger442670$10383.A[3]      1 55.6ms
                                    $techmap444916$abc$442671$lut$aiger442670$13988.A[4]      1 55.6ms
                                    $techmap445024$abc$442671$lut$aiger442670$14604.A[2]      1 55.4ms
                                    $techmap444900$abc$442671$lut$aiger442670$13892.A[4]      1 54.9ms
                                    $techmap444932$abc$442671$lut$aiger442670$14059.A[2]      1 54.8ms
                                    $techmap445014$abc$442671$lut$aiger442670$14549.A[4]      1 54.7ms
                                    $techmap444821$abc$442671$lut$aiger442670$13425.A[5]      1 54.7ms
                                    $techmap444905$abc$442671$lut$aiger442670$13920.A[3]      1 54.4ms
                                    $techmap445124$abc$442671$lut$aiger442670$15016.A[2]      1 54.3ms
                                    $techmap445002$abc$442671$lut$aiger442670$14456.A[4]      1 54.0ms
                                    $techmap445302$abc$442671$lut$aiger442670$15672.A[2]      1 53.7ms
                                    $techmap445140$abc$442671$lut$aiger442670$15160.A[2]      1 53.7ms
                                    $techmap444996$abc$442671$lut$aiger442670$14417.A[3]      1 53.5ms
                                    $techmap444418$abc$442671$lut$aiger442670$11212.A[3]      1 53.5ms
                                    $techmap444879$abc$442671$lut$aiger442670$13738.A[5]      1 53.3ms
                                    $techmap445124$abc$442671$lut$aiger442670$15016.A[5]      1 53.0ms
                                    $techmap444830$abc$442671$lut$aiger442670$13493.A[3]      1 52.8ms
                                    $techmap445324$abc$442671$lut$aiger442670$15834.A[4]      1 52.6ms
                                    $techmap445147$abc$442671$lut$aiger442670$15211.A[4]      1 52.1ms
                                    $techmap445303$abc$442671$lut$aiger442670$15681.A[2]      1 51.7ms
                                    $techmap444885$abc$442671$lut$aiger442670$13784.A[3]      1 51.6ms
                                    $techmap445324$abc$442671$lut$aiger442670$15834.A[2]      1 51.5ms
                                    $techmap445002$abc$442671$lut$aiger442670$14456.A[5]      1 51.4ms
                                    $techmap444875$abc$442671$lut$aiger442670$13718.A[3]      1 51.2ms
                                    $techmap444929$abc$442671$lut$aiger442670$14032.A[5]      1 51.0ms
                                    $techmap444817$abc$442671$lut$aiger442670$13398.A[4]      1 51.0ms
                                    $techmap444964$abc$442671$lut$aiger442670$14272.A[4]      1 51.0ms
                                    $techmap445029$abc$442671$lut$aiger442670$14628.A[3]      1 51.0ms
                                    $techmap444370$abc$442671$lut$aiger442670$11602.A[4]      1 50.9ms
                                    $techmap445052$abc$442671$lut$aiger442670$14688.A[4]      1 50.9ms
                                    $techmap444912$abc$442671$lut$aiger442670$13960.A[2]      1 50.4ms
                                    $techmap444815$abc$442671$lut$aiger442670$13390.A[2]      1 50.3ms
                                    $techmap445140$abc$442671$lut$aiger442670$15160.A[4]      1 50.3ms
                                    $techmap444830$abc$442671$lut$aiger442670$13493.A[2]      1 49.4ms
                                    $techmap444888$abc$442671$lut$aiger442670$13808.A[5]      1 49.2ms
                                    $techmap443891$abc$442671$lut$aiger442670$17289.A[0]     58 49.0ms
                                                                                 tx_busy     75 48.9ms
                                    $techmap444888$abc$442671$lut$aiger442670$13808.A[3]      1 48.6ms
                                    $techmap444643$abc$442671$lut$aiger442670$12420.A[2]      1 48.5ms
                  $techmap443782$auto$abc_ops_reintegrate.cc:611:reintegrate$442843.A[0]    119 47.2ms
                                    $techmap445392$abc$442671$lut$aiger442670$16188.A[4]      1 46.4ms
                                    $techmap444370$abc$442671$lut$aiger442670$11602.A[5]      1 45.5ms
                                    $techmap444418$abc$442671$lut$aiger442670$11212.A[2]      1 45.2ms
                                    $techmap444958$abc$442671$lut$aiger442670$14238.A[3]      1 45.1ms
                                    $techmap444847$abc$442671$lut$aiger442670$13602.A[3]      1 44.8ms
                                    $techmap445084$abc$442671$lut$aiger442670$14904.A[4]      1 44.4ms
                                    $techmap445056$abc$442671$lut$aiger442670$14710.A[3]      1 44.1ms
                                    $techmap444783$abc$442671$lut$aiger442670$13244.A[3]      1 44.1ms
                                    $techmap444821$abc$442671$lut$aiger442670$13425.A[3]      1 43.9ms
                                    $techmap444989$abc$442671$lut$aiger442670$14360.A[3]      1 43.7ms
                                    $techmap444955$abc$442671$lut$aiger442670$14220.A[3]      1 43.4ms
                                    $techmap444901$abc$442671$lut$aiger442670$13899.A[5]      1 43.1ms
                                    $techmap444849$abc$442671$lut$aiger442670$13616.A[3]      1 43.1ms
                                    $techmap444966$abc$442671$lut$aiger442670$14283.A[3]      1 42.8ms
                                    $techmap445260$abc$442671$lut$aiger442670$15488.A[3]      1 42.7ms
                                    $techmap444932$abc$442671$lut$aiger442670$14059.A[3]      1 42.7ms
                                    $techmap444987$abc$442671$lut$aiger442670$14342.A[2]      1 42.2ms
                                    $techmap444942$abc$442671$lut$aiger442670$14128.A[4]      1 41.2ms
                                    $techmap444945$abc$442671$lut$aiger442670$14150.A[2]      1 41.1ms
                                    $techmap444644$abc$442671$lut$aiger442670$12426.A[2]      1 41.0ms
                                    $techmap444855$abc$442671$lut$aiger442670$13651.A[3]      1 40.6ms
                                    $techmap445240$abc$442671$lut$aiger442670$15371.A[2]      1 40.6ms
                                    $techmap444888$abc$442671$lut$aiger442670$13808.A[2]      1 40.4ms
                                    $techmap444885$abc$442671$lut$aiger442670$13784.A[2]      1 39.7ms
                                    $techmap444825$abc$442671$lut$aiger442670$13456.A[2]      1 39.5ms
                                    $techmap444967$abc$442671$lut$aiger442670$14288.A[3]      1 39.3ms
                                    $techmap444915$abc$442671$lut$aiger442670$13979.A[5]      1 39.3ms
                                    $techmap444265$abc$442671$lut$aiger442670$12252.A[3]      1 39.0ms
                                    $techmap444497$abc$442671$lut$aiger442670$10607.A[4]      1 38.8ms
                                    $techmap444945$abc$442671$lut$aiger442670$14150.A[3]      1 38.7ms
                                    $techmap444337$abc$442671$lut$aiger442670$11388.A[5]      1 38.7ms
                                    $techmap445018$abc$442671$lut$aiger442670$14571.A[3]      1 38.4ms
                                    $techmap444701$abc$442671$lut$aiger442670$12747.A[5]      1 38.1ms
                                    $techmap444244$abc$442671$lut$aiger442670$12086.A[1]     76 37.8ms
                                    $techmap444756$abc$442671$lut$aiger442670$13075.A[5]      1 37.6ms
                                    $techmap444667$abc$442671$lut$aiger442670$12598.A[4]      1 37.5ms
                                    $techmap444460$abc$442671$lut$aiger442670$10383.A[4]      1 37.5ms
                                    $techmap444936$abc$442671$lut$aiger442670$14089.A[4]      1 37.5ms
                                    $techmap445386$abc$442671$lut$aiger442670$16144.A[2]      1 37.4ms
                                    $techmap444280$abc$442671$lut$aiger442670$12324.A[3]      1 37.2ms
                                    $techmap445368$abc$442671$lut$aiger442670$16033.A[3]      1 36.9ms
                                    $techmap444960$abc$442671$lut$aiger442670$14248.A[3]      1 36.7ms
                                    $techmap444834$abc$442671$lut$aiger442670$13520.A[4]      1 36.5ms
                                    $techmap444848$abc$442671$lut$aiger442670$13607.A[2]      1 36.4ms
                                    $techmap445261$abc$442671$lut$aiger442670$15497.A[5]      1 36.4ms
                                    $techmap445095$abc$442671$lut$aiger442670$14972.A[5]      1 35.6ms
                                    $techmap445392$abc$442671$lut$aiger442670$16188.A[2]      1 34.8ms
                                    $techmap444418$abc$442671$lut$aiger442670$11212.A[4]      1 34.3ms
                                    $techmap444462$abc$442671$lut$aiger442670$10395.A[4]      1 34.3ms
                                    $techmap444945$abc$442671$lut$aiger442670$14150.A[5]      1 34.2ms
                                    $techmap444844$abc$442671$lut$aiger442670$13587.A[2]      1 34.0ms
                                    $techmap444370$abc$442671$lut$aiger442670$11602.A[3]      1 33.8ms
                  $techmap443738$auto$abc_ops_reintegrate.cc:611:reintegrate$442850.A[1]     67 33.7ms
                                    $techmap444265$abc$442671$lut$aiger442670$12252.A[5]      1 33.6ms
                                    $techmap444838$abc$442671$lut$aiger442670$13551.A[4]      1 33.3ms
                                    $techmap444819$abc$442671$lut$aiger442670$13410.A[4]      1 33.2ms
                                    $techmap445030$abc$442671$lut$aiger442670$14633.A[3]      1 32.9ms
                                    $techmap445027$abc$442671$lut$aiger442670$14618.A[2]      1 32.7ms
                                          $techmap445533$abc$442671$lut$aiger$o8239.A[1]     56 32.5ms
                                    $techmap444756$abc$442671$lut$aiger442670$13075.A[3]      1 32.1ms
                                    $techmap444725$abc$442671$lut$aiger442670$12915.A[5]      1 32.0ms
                                    $techmap444337$abc$442671$lut$aiger442670$11388.A[4]      1 31.7ms
                                    $techmap444288$abc$442671$lut$aiger442670$11716.A[3]      1 31.6ms
                                    $techmap444248$abc$442671$lut$aiger442670$12111.A[2]      1 31.6ms
                                    $techmap445367$abc$442671$lut$aiger442670$16026.A[3]      1 31.5ms
                                    $techmap444844$abc$442671$lut$aiger442670$13587.A[3]      1 31.5ms
                                    $techmap445054$abc$442671$lut$aiger442670$14702.A[2]      1 31.2ms
                                    $techmap444891$abc$442671$lut$aiger442670$13830.A[5]      1 31.2ms
                                    $techmap444782$abc$442671$lut$aiger442670$13237.A[3]      1 31.0ms
                                    $techmap444852$abc$442671$lut$aiger442670$13632.A[3]      1 31.0ms
                                    $techmap444838$abc$442671$lut$aiger442670$13551.A[5]      1 30.8ms
                                    $techmap445362$abc$442671$lut$aiger442670$15991.A[5]      1 30.8ms
                                    $techmap444909$abc$442671$lut$aiger442670$13944.A[2]      1 30.7ms
                                    $techmap444961$abc$442671$lut$aiger442670$14253.A[2]      1 30.7ms
                                    $techmap444995$abc$442671$lut$aiger442670$14408.A[5]      1 30.7ms
                                    $techmap444900$abc$442671$lut$aiger442670$13892.A[5]      1 30.3ms
                                    $techmap445032$abc$442671$lut$aiger442670$14643.A[4]      1 30.2ms
                                    $techmap445033$abc$442671$lut$aiger442670$14648.A[3]      1 30.0ms
                                    $techmap445367$abc$442671$lut$aiger442670$16026.A[4]      1 29.9ms
                                    $techmap444225$abc$442671$lut$aiger442670$19763.A[2]     64 29.9ms
                                            $techmap300497$auto$ff.cc:337:slice$219672.D     55 29.7ms
                                    $techmap445002$abc$442671$lut$aiger442670$14456.A[3]      1 29.7ms
                                    $techmap445087$abc$442671$lut$aiger442670$14919.A[3]      1 29.6ms
                                    $techmap445088$abc$442671$lut$aiger442670$14928.A[5]      1 29.3ms
                                    $techmap444843$abc$442671$lut$aiger442670$13582.A[3]      1 29.2ms
                                    $techmap445073$abc$442671$lut$aiger442670$14832.A[2]      1 29.2ms
                                    $techmap445082$abc$442671$lut$aiger442670$14894.A[3]      1 28.9ms
                                    $techmap445052$abc$442671$lut$aiger442670$14688.A[3]      1 28.8ms
                                    $techmap444904$abc$442671$lut$aiger442670$13915.A[3]      1 28.6ms
                                    $techmap445058$abc$442671$lut$aiger442670$14722.A[3]      1 28.4ms
                                    $techmap444960$abc$442671$lut$aiger442670$14248.A[4]      1 28.4ms
                                    $techmap444841$abc$442671$lut$aiger442670$13571.A[4]      1 28.3ms
                                    $techmap444302$abc$442671$lut$aiger442670$11801.A[3]      1 28.0ms
                                    $techmap445237$abc$442671$lut$aiger442670$15344.A[3]      1 27.9ms
                                    $techmap445127$abc$442671$lut$aiger442670$15043.A[2]      1 27.9ms
                                    $techmap445094$abc$442671$lut$aiger442670$14963.A[2]      1 27.9ms
                  $techmap443768$auto$abc_ops_reintegrate.cc:611:reintegrate$442844.A[2]     35 27.8ms
                                    $techmap444909$abc$442671$lut$aiger442670$13944.A[4]      1 27.5ms
                                    $techmap444646$abc$442671$lut$aiger442670$12440.A[4]      1 27.5ms
                                    $techmap444879$abc$442671$lut$aiger442670$13738.A[3]      1 27.4ms
                                    $techmap445266$abc$442671$lut$aiger442670$15532.A[3]      1 27.3ms
                                    $techmap445238$abc$442671$lut$aiger442670$15353.A[2]      1 26.9ms
                                    $techmap445032$abc$442671$lut$aiger442670$14643.A[3]      1 26.9ms
                                    $techmap444932$abc$442671$lut$aiger442670$14059.A[5]      1 26.6ms
                                    $techmap444895$abc$442671$lut$aiger442670$13857.A[2]      1 26.5ms
                                    $techmap445146$abc$442671$lut$aiger442670$15204.A[5]      1 26.4ms
                                    $techmap445023$abc$442671$lut$aiger442670$14599.A[4]      1 26.4ms
                                    $techmap444955$abc$442671$lut$aiger442670$14220.A[2]      1 26.3ms
                                         $techmap446195$abc$442671$lut$aiger$o14431.A[0]     34 26.1ms
                                    $techmap444485$abc$442671$lut$aiger442670$10523.A[5]      1 26.1ms
                                    $techmap444852$abc$442671$lut$aiger442670$13632.A[2]      1 26.1ms
                                    $techmap445091$abc$442671$lut$aiger442670$14944.A[3]      1 25.8ms
                                    $techmap444903$abc$442671$lut$aiger442670$13910.A[4]      1 25.7ms
                                    $techmap444971$abc$442671$lut$aiger442670$14316.A[2]      1 25.6ms
                                    $techmap444939$abc$442671$lut$aiger442670$14111.A[3]      1 25.4ms
                                    $techmap445127$abc$442671$lut$aiger442670$15043.A[3]      1 25.3ms
                                    $techmap445387$abc$442671$lut$aiger442670$16153.A[2]      1 25.3ms
                                    $techmap444915$abc$442671$lut$aiger442670$13979.A[2]      1 25.0ms
                                    $techmap444811$abc$442671$lut$aiger442670$13368.A[3]      1 25.0ms
                                    $techmap444881$abc$442671$lut$aiger442670$13753.A[4]      1 25.0ms
                                    $techmap444531$abc$442671$lut$aiger442670$10792.A[2]      1 24.8ms
                                    $techmap444638$abc$442671$lut$aiger442670$12384.A[2]      1 24.5ms
                                    $techmap444943$abc$442671$lut$aiger442670$14137.A[5]      1 24.5ms
                                    $techmap445019$abc$442671$lut$aiger442670$14580.A[4]      1 24.4ms
                                    $techmap444992$abc$442671$lut$aiger442670$14387.A[4]      1 24.4ms
                                    $techmap445033$abc$442671$lut$aiger442670$14648.A[2]      1 24.3ms
                                    $techmap444894$abc$442671$lut$aiger442670$13848.A[3]      1 24.1ms
                                    $techmap444647$abc$442671$lut$aiger442670$12449.A[5]      1 24.0ms
                                    $techmap444551$abc$442671$lut$aiger442670$10917.A[5]      1 23.7ms
                                    $techmap444943$abc$442671$lut$aiger442670$14137.A[3]      1 23.5ms
                                    $techmap444762$abc$442671$lut$aiger442670$13118.A[3]      1 23.4ms
                                    $techmap444702$abc$442671$lut$aiger442670$12753.A[4]      1 23.2ms
                                    $techmap444843$abc$442671$lut$aiger442670$13582.A[4]      1 23.0ms
                                    $techmap444702$abc$442671$lut$aiger442670$12753.A[3]      1 23.0ms
                                    $techmap444834$abc$442671$lut$aiger442670$13520.A[3]      1 23.0ms
                                    $techmap444246$abc$442671$lut$aiger442670$12097.A[2]      1 22.9ms
                                    $techmap444903$abc$442671$lut$aiger442670$13910.A[3]      1 22.8ms
                                    $techmap444856$abc$442671$lut$aiger442670$13660.A[5]      1 22.8ms
                                                                  slot0_b2.eng.r_addr[1]     17 22.7ms
                                    $techmap444996$abc$442671$lut$aiger442670$14417.A[2]      1 22.7ms
                                    $techmap444321$abc$442671$lut$aiger442670$11929.A[4]      1 22.6ms
                                    $techmap444938$abc$442671$lut$aiger442670$14102.A[2]      1 22.5ms
                                    $techmap444953$abc$442671$lut$aiger442670$14207.A[4]      1 22.4ms
                                    $techmap444556$abc$442671$lut$aiger442670$10962.A[4]      1 22.4ms
                                    $techmap445090$abc$442671$lut$aiger442670$14939.A[3]      1 22.4ms
                                    $techmap445324$abc$442671$lut$aiger442670$15834.A[5]      1 22.3ms
                                    $techmap444838$abc$442671$lut$aiger442670$13551.A[3]      1 22.3ms
                                    $techmap444828$abc$442671$lut$aiger442670$13480.A[5]      1 22.0ms
                                    $techmap445022$abc$442671$lut$aiger442670$14594.A[3]      1 21.7ms
                                    $techmap444789$abc$442671$lut$aiger442670$13290.A[4]      1 21.7ms
                                    $techmap444999$abc$442671$lut$aiger442670$14439.A[2]      1 21.6ms
                                    $techmap445392$abc$442671$lut$aiger442670$16188.A[5]      1 21.5ms
                                    $techmap444911$abc$442671$lut$aiger442670$13955.A[4]      1 21.5ms
                                    $techmap445026$abc$442671$lut$aiger442670$14613.A[3]      1 21.5ms
                                    $techmap444340$abc$442671$lut$aiger442670$11407.A[5]      1 21.5ms
                                            $techmap300498$auto$ff.cc:337:slice$219671.D     33 21.4ms
                                    $techmap444664$abc$442671$lut$aiger442670$12580.A[5]      1 21.4ms
                                    $techmap444877$abc$442671$lut$aiger442670$13726.A[4]      1 21.4ms
                                    $techmap445014$abc$442671$lut$aiger442670$14549.A[5]      1 21.3ms
                                    $techmap445305$abc$442671$lut$aiger442670$15699.A[5]      1 21.3ms
                                    $techmap445009$abc$442671$lut$aiger442670$14504.A[3]      1 21.3ms
                                    $techmap445002$abc$442671$lut$aiger442670$14456.A[2]      1 21.2ms
                                    $techmap445327$abc$442671$lut$aiger442670$15861.A[2]      1 21.2ms
                                    $techmap444754$abc$442671$lut$aiger442670$13057.A[5]      1 20.8ms
                                    $techmap445362$abc$442671$lut$aiger442670$15991.A[2]      1 20.8ms
                                    $techmap444536$abc$442671$lut$aiger442670$10837.A[5]      1 20.8ms
                                    $techmap444887$abc$442671$lut$aiger442670$13799.A[2]      1 20.5ms
                                    $techmap444996$abc$442671$lut$aiger442670$14417.A[4]      1 20.5ms
                                    $techmap444930$abc$442671$lut$aiger442670$14041.A[4]      1 20.4ms
                                         $techmap443780$abc$442671$lut$aiger$o14439.A[0]     37 20.3ms
                                    $techmap445845$abc$442671$lut$aiger442670$22411.A[4]     56 20.3ms
                                                                                 uart.tx      1 20.1ms
                                    $techmap444882$abc$442671$lut$aiger442670$13762.A[3]      1 20.1ms
                                    $techmap444898$abc$442671$lut$aiger442670$13879.A[4]      1 20.1ms
                                    $techmap445077$abc$442671$lut$aiger442670$14863.A[3]      1 20.1ms
                                    $techmap445266$abc$442671$lut$aiger442670$15532.A[5]      1 20.1ms
                                    $techmap444938$abc$442671$lut$aiger442670$14102.A[3]      1 20.0ms
                                    $techmap444644$abc$442671$lut$aiger442670$12426.A[3]      1 19.9ms
                                    $techmap444953$abc$442671$lut$aiger442670$14207.A[2]      1 19.8ms
                                    $techmap444851$abc$442671$lut$aiger442670$13627.A[4]      1 19.5ms
                                    $techmap444828$abc$442671$lut$aiger442670$13480.A[4]      1 19.3ms
                                    $techmap444531$abc$442671$lut$aiger442670$10792.A[3]      1 19.3ms
                                    $techmap445021$abc$442671$lut$aiger442670$14589.A[4]      1 19.1ms
                                    $techmap445302$abc$442671$lut$aiger442670$15672.A[3]      1 19.1ms
                                    $techmap445085$abc$442671$lut$aiger442670$14909.A[3]      1 19.1ms
                                    $techmap444891$abc$442671$lut$aiger442670$13830.A[2]      1 19.1ms
                                    $techmap444990$abc$442671$lut$aiger442670$14369.A[2]      1 19.0ms
                                    $techmap444259$abc$442671$lut$aiger442670$12198.A[3]     38 18.9ms
                                    $techmap445088$abc$442671$lut$aiger442670$14928.A[4]      1 18.9ms
                                    $techmap445083$abc$442671$lut$aiger442670$14899.A[3]      1 18.9ms
                                    $techmap444377$abc$442671$lut$aiger442670$11640.A[2]      1 18.8ms
                                    $techmap445301$abc$442671$lut$aiger442670$15663.A[3]      1 18.7ms
                                    $techmap444963$abc$442671$lut$aiger442670$14263.A[3]      1 18.6ms
                                    $techmap444399$abc$442671$lut$aiger442670$11078.A[5]      1 18.6ms
                                    $techmap444990$abc$442671$lut$aiger442670$14369.A[4]      1 18.3ms
                                    $techmap445019$abc$442671$lut$aiger442670$14580.A[5]      1 18.1ms
                                    $techmap444930$abc$442671$lut$aiger442670$14041.A[3]      1 18.0ms
                                    $techmap445011$abc$442671$lut$aiger442670$14522.A[3]      1 17.9ms
                                    $techmap445303$abc$442671$lut$aiger442670$15681.A[5]      1 17.8ms
                                    $techmap445329$abc$442671$lut$aiger442670$15870.A[2]      1 17.7ms
                  $techmap443921$auto$abc_ops_reintegrate.cc:611:reintegrate$442830.A[3]     35 17.7ms
                                    $techmap445303$abc$442671$lut$aiger442670$15681.A[3]      1 17.6ms
                                    $techmap444930$abc$442671$lut$aiger442670$14041.A[5]      1 17.4ms
                                    $techmap444996$abc$442671$lut$aiger442670$14417.A[5]      1 17.3ms
                                    $techmap445237$abc$442671$lut$aiger442670$15344.A[4]      1 17.3ms
                                    $techmap444993$abc$442671$lut$aiger442670$14393.A[2]      1 17.2ms
                                    $techmap444908$abc$442671$lut$aiger442670$13935.A[2]      1 17.2ms
                                    $techmap444956$abc$442671$lut$aiger442670$14227.A[3]      1 17.1ms
                                                                  slot0_b2.eng.r_addr[0]     18 17.0ms
                                    $techmap444752$abc$442671$lut$aiger442670$13039.A[2]      1 17.0ms
                                    $techmap445053$abc$442671$lut$aiger442670$14693.A[3]      1 17.0ms
                                    $techmap445368$abc$442671$lut$aiger442670$16033.A[4]      1 16.9ms
                                    $techmap445019$abc$442671$lut$aiger442670$14580.A[2]      1 16.9ms
                                    $techmap444949$abc$442671$lut$aiger442670$14176.A[2]      1 16.9ms
                                    $techmap445127$abc$442671$lut$aiger442670$15043.A[5]      1 16.7ms
                                    $techmap444408$abc$442671$lut$aiger442670$11141.A[3]      1 16.6ms
                                    $techmap445306$abc$442671$lut$aiger442670$15705.A[3]      1 16.5ms
                                    $techmap444834$abc$442671$lut$aiger442670$13520.A[5]      1 16.5ms
                                    $techmap444953$abc$442671$lut$aiger442670$14207.A[5]      1 16.4ms
                                    $techmap444855$abc$442671$lut$aiger442670$13651.A[5]      1 16.3ms
                                    $techmap445361$abc$442671$lut$aiger442670$15982.A[2]      1 16.3ms
                                    $techmap444990$abc$442671$lut$aiger442670$14369.A[3]      1 16.2ms
                                    $techmap444244$abc$442671$lut$aiger442670$12086.A[2]     79 16.2ms
                                    $techmap444701$abc$442671$lut$aiger442670$12747.A[4]      1 16.0ms
                                    $techmap444254$abc$442671$lut$aiger442670$12156.A[4]      1 16.0ms
                                    $techmap444408$abc$442671$lut$aiger442670$11141.A[2]      1 15.8ms
                                    $techmap445086$abc$442671$lut$aiger442670$14914.A[3]      1 15.7ms
                                    $techmap444999$abc$442671$lut$aiger442670$14439.A[5]      1 15.6ms
                                    $techmap444288$abc$442671$lut$aiger442670$11716.A[2]      1 15.2ms
                                    $techmap444830$abc$442671$lut$aiger442670$13493.A[4]      1 15.2ms
                                    $techmap444909$abc$442671$lut$aiger442670$13944.A[3]      1 15.2ms
                                    $techmap445393$abc$442671$lut$aiger442670$16195.A[4]      1 15.1ms
                                    $techmap445325$abc$442671$lut$aiger442670$15843.A[3]      1 15.1ms
                                    $techmap444830$abc$442671$lut$aiger442670$13493.A[5]      1 15.0ms
                                    $techmap444248$abc$442671$lut$aiger442670$12111.A[3]      1 15.0ms
                                    $techmap445264$abc$442671$lut$aiger442670$15519.A[4]      1 14.9ms
                                    $techmap444786$abc$442671$lut$aiger442670$13268.A[4]      1 14.6ms
                                    $techmap444967$abc$442671$lut$aiger442670$14288.A[2]      1 14.6ms
                                    $techmap444729$abc$442671$lut$aiger442670$12936.A[4]      1 14.5ms
                                    $techmap445327$abc$442671$lut$aiger442670$15861.A[3]      1 14.5ms
                                    $techmap445238$abc$442671$lut$aiger442670$15353.A[5]      1 14.5ms
                                    $techmap444756$abc$442671$lut$aiger442670$13075.A[4]      1 14.5ms
                                    $techmap444825$abc$442671$lut$aiger442670$13456.A[3]      1 14.4ms
                                    $techmap445238$abc$442671$lut$aiger442670$15353.A[3]      1 14.3ms
                                    $techmap445124$abc$442671$lut$aiger442670$15016.A[3]      1 14.3ms
                                    $techmap444874$abc$442671$lut$aiger442670$13709.A[3]      1 14.1ms
                                    $techmap445073$abc$442671$lut$aiger442670$14832.A[4]      1 14.0ms
                                    $techmap444894$abc$442671$lut$aiger442670$13848.A[2]      1 14.0ms
                                    $techmap444786$abc$442671$lut$aiger442670$13268.A[3]      1 14.0ms
                                    $techmap444987$abc$442671$lut$aiger442670$14342.A[3]      1 13.9ms
                                    $techmap444874$abc$442671$lut$aiger442670$13709.A[2]      1 13.9ms
                                    $techmap445361$abc$442671$lut$aiger442670$15982.A[5]      1 13.9ms
                                    $techmap444643$abc$442671$lut$aiger442670$12420.A[3]      1 13.9ms
                                    $techmap445141$abc$442671$lut$aiger442670$15169.A[5]      1 13.9ms
                                    $techmap445303$abc$442671$lut$aiger442670$15681.A[4]      1 13.8ms
                                    $techmap444938$abc$442671$lut$aiger442670$14102.A[5]      1 13.8ms
                                    $techmap445082$abc$442671$lut$aiger442670$14894.A[4]      1 13.7ms
                                    $techmap444774$abc$442671$lut$aiger442670$13193.A[2]      1 13.6ms
                                    $techmap444885$abc$442671$lut$aiger442670$13784.A[4]      1 13.6ms
                                    $techmap444783$abc$442671$lut$aiger442670$13244.A[5]      1 13.6ms
                                    $techmap445006$abc$442671$lut$aiger442670$14487.A[4]      1 13.6ms
                                    $techmap444533$abc$442671$lut$aiger442670$10810.A[3]      1 13.6ms
                                    $techmap444347$abc$442671$lut$aiger442670$11451.A[3]      1 13.5ms
                                    $techmap444990$abc$442671$lut$aiger442670$14369.A[5]      1 13.4ms
                                    $techmap443892$abc$442671$lut$aiger442670$17294.A[2]     36 13.4ms
                                    $techmap445141$abc$442671$lut$aiger442670$15169.A[3]      1 13.3ms
                                    $techmap445080$abc$442671$lut$aiger442670$14883.A[5]      1 13.3ms
                                    $techmap445242$abc$442671$lut$aiger442670$15380.A[2]      1 13.2ms
                                    $techmap445267$abc$442671$lut$aiger442670$15539.A[5]      1 13.1ms
                                         $techmap443780$abc$442671$lut$aiger$o14439.A[1]     35 13.1ms
                                    $techmap445016$abc$442671$lut$aiger442670$14558.A[2]      1 13.1ms
                                    $techmap444927$abc$442671$lut$aiger442670$14014.A[4]      1 13.0ms
                                    $techmap444814$abc$442671$lut$aiger442670$13381.A[2]      1 13.0ms
                                    $techmap445011$abc$442671$lut$aiger442670$14522.A[4]      1 13.0ms
                                    $techmap444339$abc$442671$lut$aiger442670$11398.A[2]      1 12.8ms
                                         $techmap446274$abc$442671$lut$aiger$o14443.A[1]     19 12.7ms
                                    $techmap444822$abc$442671$lut$aiger442670$13434.A[5]      1 12.7ms
                                    $techmap444894$abc$442671$lut$aiger442670$13848.A[4]      1 12.7ms
                                    $techmap444993$abc$442671$lut$aiger442670$14393.A[4]      1 12.6ms
                                    $techmap444566$abc$442671$lut$aiger442670$11014.A[2]      1 12.6ms
                                    $techmap444782$abc$442671$lut$aiger442670$13237.A[2]      1 12.6ms
                                    $techmap443919$abc$442671$lut$aiger442670$18076.A[4]     29 12.6ms
                                    $techmap445324$abc$442671$lut$aiger442670$15834.A[3]      1 12.5ms
                                    $techmap445056$abc$442671$lut$aiger442670$14710.A[4]      1 12.4ms
                                    $techmap444970$abc$442671$lut$aiger442670$14307.A[2]      1 12.4ms
                                    $techmap444894$abc$442671$lut$aiger442670$13848.A[5]      1 12.3ms
                  $techmap443733$auto$abc_ops_reintegrate.cc:611:reintegrate$442852.A[0]     31 12.3ms
                                    $techmap444369$abc$442671$lut$aiger442670$11595.A[4]      1 12.2ms
                                    $techmap443766$abc$442671$lut$aiger442670$10257.A[1]     19 12.2ms
                                    $techmap444242$abc$442671$lut$aiger442670$12073.A[5]      1 12.2ms
                                    $techmap445011$abc$442671$lut$aiger442670$14522.A[5]      1 12.1ms
                                    $techmap443777$abc$442671$lut$aiger442670$10295.A[1]     30 12.1ms
                                    $techmap444497$abc$442671$lut$aiger442670$10607.A[3]      1 12.0ms
                                    $techmap444930$abc$442671$lut$aiger442670$14041.A[2]      1 12.0ms
                                    $techmap445260$abc$442671$lut$aiger442670$15488.A[4]      1 11.9ms
                                    $techmap444644$abc$442671$lut$aiger442670$12426.A[4]      1 11.9ms
                                            $techmap300475$auto$ff.cc:337:slice$224208.D     34 11.9ms
                                    $techmap444704$abc$442671$lut$aiger442670$12768.A[3]      1 11.8ms
                                    $techmap444936$abc$442671$lut$aiger442670$14089.A[5]      1 11.8ms
                                    $techmap445012$abc$442671$lut$aiger442670$14531.A[2]      1 11.8ms
                                    $techmap444959$abc$442671$lut$aiger442670$14243.A[3]      1 11.8ms
                                    $techmap444697$abc$442671$lut$aiger442670$12711.A[3]      1 11.7ms
                                    $techmap444846$abc$442671$lut$aiger442670$13597.A[2]      1 11.7ms
                                    $techmap445058$abc$442671$lut$aiger442670$14722.A[4]      1 11.7ms
                                    $techmap445124$abc$442671$lut$aiger442670$15016.A[4]      1 11.7ms
                                    $techmap444898$abc$442671$lut$aiger442670$13879.A[3]      1 11.7ms
                                    $techmap444849$abc$442671$lut$aiger442670$13616.A[4]      1 11.6ms
                                    $techmap444353$abc$442671$lut$aiger442670$11483.A[3]      1 11.6ms
                                    $techmap444945$abc$442671$lut$aiger442670$14150.A[4]      1 11.3ms
                                    $techmap445057$abc$442671$lut$aiger442670$14715.A[2]      1 11.2ms
                                    $techmap444871$abc$442671$lut$aiger442670$13696.A[4]      1 11.2ms
                                    $techmap444987$abc$442671$lut$aiger442670$14342.A[4]      1 11.1ms
                                    $techmap445140$abc$442671$lut$aiger442670$15160.A[3]      1 11.1ms
                                    $techmap444935$abc$442671$lut$aiger442670$14080.A[2]      1 11.0ms
                                    $techmap445386$abc$442671$lut$aiger442670$16144.A[3]      1 10.9ms
                                    $techmap444728$abc$442671$lut$aiger442670$12931.A[3]      1 10.9ms
                                    $techmap444636$abc$442671$lut$aiger442670$12374.A[2]      1 10.9ms
                                    $techmap444647$abc$442671$lut$aiger442670$12449.A[3]      1 10.9ms
                                    $techmap444939$abc$442671$lut$aiger442670$14111.A[2]      1 10.7ms
                                    $techmap444949$abc$442671$lut$aiger442670$14176.A[3]      1 10.6ms
                                    $techmap444752$abc$442671$lut$aiger442670$13039.A[3]      1 10.6ms
                                    $techmap445393$abc$442671$lut$aiger442670$16195.A[5]      1 10.5ms
                                    $techmap444877$abc$442671$lut$aiger442670$13726.A[3]      1 10.5ms
                  $techmap443768$auto$abc_ops_reintegrate.cc:611:reintegrate$442844.A[0]     34 10.5ms
                                    $techmap444418$abc$442671$lut$aiger442670$11212.A[5]      1 10.5ms
                                    $techmap443777$abc$442671$lut$aiger442670$10295.A[0]     30 10.5ms
                                    $techmap444753$abc$442671$lut$aiger442670$13048.A[2]      1 10.4ms
                                    $techmap445009$abc$442671$lut$aiger442670$14504.A[5]      1 10.4ms
                                    $techmap443894$abc$442671$lut$aiger442670$17302.A[4]     27 10.2ms
                                    $techmap444247$abc$442671$lut$aiger442670$12102.A[4]     33 10.1ms
                                    $techmap444774$abc$442671$lut$aiger442670$13193.A[3]      1 10.1ms
                                    $techmap444828$abc$442671$lut$aiger442670$13480.A[2]      1 10.1ms
                                    $techmap444891$abc$442671$lut$aiger442670$13830.A[4]      1 10.1ms
                                    $techmap444366$abc$442671$lut$aiger442670$11568.A[3]      1 10.1ms
                                    $techmap444647$abc$442671$lut$aiger442670$12449.A[2]      1 10.1ms
                                    $techmap445125$abc$442671$lut$aiger442670$15025.A[3]      1 9.9ms
                                    $techmap445260$abc$442671$lut$aiger442670$15488.A[5]      1 9.8ms
                                    $techmap444881$abc$442671$lut$aiger442670$13753.A[2]      1 9.8ms
                                    $techmap444288$abc$442671$lut$aiger442670$11716.A[4]      1 9.8ms
                                    $techmap445006$abc$442671$lut$aiger442670$14487.A[3]      1 9.6ms
                                    $techmap444887$abc$442671$lut$aiger442670$13799.A[3]      1 9.6ms
                  $techmap443910$auto$abc_ops_reintegrate.cc:611:reintegrate$442835.A[3]     28 9.5ms
                                    $techmap444998$abc$442671$lut$aiger442670$14430.A[3]      1 9.5ms
                                    $techmap444715$abc$442671$lut$aiger442670$12847.A[5]      1 9.5ms
                                    $techmap445137$abc$442671$lut$aiger442670$15098.A[3]      1 9.4ms
                                    $techmap445302$abc$442671$lut$aiger442670$15672.A[5]      1 9.4ms
                                    $techmap444398$abc$442671$lut$aiger442670$11069.A[2]      1 9.3ms
                                    $techmap444403$abc$442671$lut$aiger442670$11101.A[3]      1 9.3ms
                                    $techmap445006$abc$442671$lut$aiger442670$14487.A[5]      1 9.3ms
                                    $techmap445014$abc$442671$lut$aiger442670$14549.A[3]      1 9.2ms
                                    $techmap445305$abc$442671$lut$aiger442670$15699.A[2]      1 9.1ms
                                                                                 any_bad      1 9.1ms
                                    $techmap444557$abc$442671$lut$aiger442670$10968.A[3]      1 9.0ms
                                    $techmap444537$abc$442671$lut$aiger442670$10843.A[3]      1 9.0ms
                                          $techmap445538$abc$442671$lut$aiger$o8243.A[1]     33 9.0ms
                                    $techmap445028$abc$442671$lut$aiger442670$14623.A[3]      1 9.0ms
                                    $techmap444698$abc$442671$lut$aiger442670$12720.A[3]      1 9.0ms
                                    $techmap444635$abc$442671$lut$aiger442670$12369.A[4]      1 8.9ms
                                    $techmap445302$abc$442671$lut$aiger442670$15672.A[4]      1 8.9ms
                                    $techmap444999$abc$442671$lut$aiger442670$14439.A[4]      1 8.9ms
                                    $techmap444834$abc$442671$lut$aiger442670$13520.A[2]      1 8.8ms
                                    $techmap444469$abc$442671$lut$aiger442670$10429.A[4]      1 8.8ms
                                    $techmap444848$abc$442671$lut$aiger442670$13607.A[3]      1 8.8ms
                                    $techmap445125$abc$442671$lut$aiger442670$15025.A[5]      1 8.7ms
                                    $techmap444949$abc$442671$lut$aiger442670$14176.A[4]      1 8.7ms
                                    $techmap445240$abc$442671$lut$aiger442670$15371.A[5]      1 8.7ms
                  $techmap443782$auto$abc_ops_reintegrate.cc:611:reintegrate$442843.A[2]     30 8.6ms
                                    $techmap444840$abc$442671$lut$aiger442670$13564.A[2]      1 8.6ms
                                            $techmap299829$auto$ff.cc:337:slice$237230.D     37 8.6ms
                                    $techmap444436$abc$442671$lut$aiger442670$11318.A[3]      1 8.6ms
                                    $techmap444887$abc$442671$lut$aiger442670$13799.A[5]      1 8.6ms
                                    $techmap444321$abc$442671$lut$aiger442670$11929.A[2]      1 8.6ms
                                    $techmap444364$abc$442671$lut$aiger442670$11550.A[3]      1 8.5ms
                                    $techmap444262$abc$442671$lut$aiger442670$12225.A[3]      1 8.5ms
                                            $techmap300188$auto$ff.cc:337:slice$224706.D     30 8.4ms
                  $techmap443817$auto$abc_ops_reintegrate.cc:611:reintegrate$442841.A[3]     31 8.4ms
                                    $techmap445022$abc$442671$lut$aiger442670$14594.A[2]      1 8.4ms
                                    $techmap444528$abc$442671$lut$aiger442670$10774.A[3]      1 8.4ms
                                    $techmap444719$abc$442671$lut$aiger442670$12873.A[3]      1 8.4ms
                                    $techmap444677$abc$442671$lut$aiger442670$12653.A[3]      1 8.3ms
                                    $techmap444838$abc$442671$lut$aiger442670$13551.A[2]      1 8.3ms
                                    $techmap445166$abc$442671$lut$aiger442670$20436.A[1]     11 8.2ms
                                    $techmap444332$abc$442671$lut$aiger442670$12016.A[5]      1 8.0ms
                                    $techmap444956$abc$442671$lut$aiger442670$14227.A[4]      1 8.0ms
                                    $techmap444999$abc$442671$lut$aiger442670$14439.A[3]      1 8.0ms
                                    $techmap445083$abc$442671$lut$aiger442670$14899.A[2]      1 7.9ms
                                    $techmap444927$abc$442671$lut$aiger442670$14014.A[2]      1 7.9ms
                                                                                run_done      1 7.9ms
                                    $techmap445127$abc$442671$lut$aiger442670$15043.A[4]      1 7.9ms
                                    $techmap444821$abc$442671$lut$aiger442670$13425.A[2]      1 7.8ms
                                    $techmap444993$abc$442671$lut$aiger442670$14393.A[3]      1 7.8ms
                                    $techmap445325$abc$442671$lut$aiger442670$15843.A[5]      1 7.8ms
                                    $techmap444760$abc$442671$lut$aiger442670$13105.A[4]      1 7.8ms
                                    $techmap444778$abc$442671$lut$aiger442670$13215.A[2]      1 7.7ms
                                    $techmap445392$abc$442671$lut$aiger442670$16188.A[3]      1 7.7ms
                                    $techmap445009$abc$442671$lut$aiger442670$14504.A[2]      1 7.7ms
                                    $techmap444933$abc$442671$lut$aiger442670$14065.A[4]      1 7.7ms
                                    $techmap444847$abc$442671$lut$aiger442670$13602.A[4]      1 7.7ms
                                    $techmap444901$abc$442671$lut$aiger442670$13899.A[4]      1 7.6ms
                                    $techmap444553$abc$442671$lut$aiger442670$10935.A[3]      1 7.6ms
                                    $techmap444828$abc$442671$lut$aiger442670$13480.A[3]      1 7.6ms
                                    $techmap445154$abc$442671$lut$aiger442670$15247.A[3]      1 7.6ms
                                    $techmap444882$abc$442671$lut$aiger442670$13762.A[5]      1 7.6ms
                                    $techmap444757$abc$442671$lut$aiger442670$13081.A[3]      1 7.5ms
                                    $techmap445261$abc$442671$lut$aiger442670$15497.A[3]      1 7.5ms
                  $techmap443754$auto$abc_ops_reintegrate.cc:611:reintegrate$442847.A[1]     33 7.5ms
                                    $techmap444429$abc$442671$lut$aiger442670$11283.A[3]      1 7.4ms
                                    $techmap444573$abc$442671$lut$aiger442670$18571.A[0]     21 7.4ms
                                    $techmap444987$abc$442671$lut$aiger442670$14342.A[5]      1 7.4ms
                                    $techmap444915$abc$442671$lut$aiger442670$13979.A[3]      1 7.4ms
                                    $techmap444936$abc$442671$lut$aiger442670$14089.A[3]      1 7.4ms
                                    $techmap444998$abc$442671$lut$aiger442670$14430.A[2]      1 7.3ms
                                    $techmap445387$abc$442671$lut$aiger442670$16153.A[4]      1 7.3ms
                                    $techmap445125$abc$442671$lut$aiger442670$15025.A[4]      1 7.3ms
                                    $techmap444955$abc$442671$lut$aiger442670$14220.A[5]      1 7.3ms
                                    $techmap444988$abc$442671$lut$aiger442670$14351.A[5]      1 7.2ms
                                    $techmap444970$abc$442671$lut$aiger442670$14307.A[5]      1 7.2ms
                                    $techmap444856$abc$442671$lut$aiger442670$13660.A[2]      1 7.1ms
                                    $techmap445014$abc$442671$lut$aiger442670$14549.A[2]      1 7.1ms
                                    $techmap444237$abc$442671$lut$aiger442670$12040.A[4]      1 7.1ms
                                    $techmap444244$abc$442671$lut$aiger442670$12086.A[4]      1 7.0ms
                                    $techmap444698$abc$442671$lut$aiger442670$12720.A[5]      1 6.9ms
                                    $techmap444824$abc$442671$lut$aiger442670$13447.A[2]      1 6.9ms
                                    $techmap444527$abc$442671$lut$aiger442670$10769.A[3]      1 6.9ms
                                    $techmap445367$abc$442671$lut$aiger442670$16026.A[5]      1 6.8ms
                                    $techmap444722$abc$442671$lut$aiger442670$12895.A[2]      1 6.8ms
                                    $techmap444825$abc$442671$lut$aiger442670$13456.A[4]      1 6.8ms
                                    $techmap444353$abc$442671$lut$aiger442670$11483.A[4]      1 6.7ms
                                    $techmap444679$abc$442671$lut$aiger442670$12667.A[5]      1 6.6ms
                                    $techmap444433$abc$442671$lut$aiger442670$11303.A[4]      1 6.6ms
                                    $techmap445140$abc$442671$lut$aiger442670$15160.A[5]      1 6.6ms
                                    $techmap444439$abc$442671$lut$aiger442670$11333.A[3]      1 6.5ms
                                    $techmap444261$abc$442671$lut$aiger442670$12216.A[2]      1 6.5ms
                                    $techmap444953$abc$442671$lut$aiger442670$14207.A[3]      1 6.5ms
                                    $techmap444649$abc$442671$lut$aiger442670$12462.A[3]      1 6.5ms
                                    $techmap445267$abc$442671$lut$aiger442670$15539.A[3]      1 6.4ms
                                    $techmap444364$abc$442671$lut$aiger442670$11550.A[2]      1 6.3ms
                  $techmap443886$auto$abc_ops_reintegrate.cc:611:reintegrate$442836.A[2]     11 6.3ms
                                    $techmap445850$abc$442671$lut$aiger442670$23976.A[2]      7 6.3ms
                                    $techmap444699$abc$442671$lut$aiger442670$12729.A[3]      1 6.3ms
                                    $techmap445240$abc$442671$lut$aiger442670$15371.A[3]      1 6.3ms
                                    $techmap444659$abc$442671$lut$aiger442670$12545.A[5]      1 6.3ms
                                    $techmap443778$abc$442671$lut$aiger442670$10296.A[1]     14 6.3ms
                                    $techmap444882$abc$442671$lut$aiger442670$13762.A[4]      1 6.3ms
                                    $techmap445263$abc$442671$lut$aiger442670$15510.A[2]      1 6.2ms
                                    $techmap444461$abc$442671$lut$aiger442670$10388.A[2]      1 6.2ms
                                    $techmap444420$abc$442671$lut$aiger442670$11220.A[5]      1 6.1ms
                                    $techmap444514$abc$442671$lut$aiger442670$10706.A[2]      1 6.1ms
                                    $techmap445305$abc$442671$lut$aiger442670$15699.A[3]      1 6.1ms
                                    $techmap444665$abc$442671$lut$aiger442670$12587.A[3]      1 6.1ms
                                                                 slot0_b2.eng.r_addr[25]      4 6.1ms
                                    $techmap444907$abc$442671$lut$aiger442670$13930.A[4]      1 6.1ms
                  $techmap443817$auto$abc_ops_reintegrate.cc:611:reintegrate$442841.A[2]     32 6.1ms
                                    $techmap445328$abc$442671$lut$aiger442670$15865.A[3]      1 6.0ms
                                    $techmap444813$abc$442671$lut$aiger442670$13376.A[3]      1 6.0ms
                                    $techmap444822$abc$442671$lut$aiger442670$13434.A[4]      1 6.0ms
                                    $techmap444369$abc$442671$lut$aiger442670$11595.A[5]      1 6.0ms
            $techmap202080$flatten\resetgen.$lt$build/t27/specs/rtl/fpga_reset.v:94$21.Y     31 6.0ms
                                    $techmap444898$abc$442671$lut$aiger442670$13879.A[2]      1 5.9ms
                                    $techmap444958$abc$442671$lut$aiger442670$14238.A[4]      1 5.9ms
                                    $techmap444873$abc$442671$lut$aiger442670$13704.A[3]      1 5.9ms
                                    $techmap444898$abc$442671$lut$aiger442670$13879.A[5]      1 5.8ms
                                    $techmap445073$abc$442671$lut$aiger442670$14832.A[5]      1 5.8ms
                  $techmap443886$auto$abc_ops_reintegrate.cc:611:reintegrate$442836.A[3]     11 5.8ms
                                    $techmap445362$abc$442671$lut$aiger442670$15991.A[4]      1 5.8ms
                                    $techmap444234$abc$442671$lut$aiger442670$10454.A[2]     13 5.8ms
                                    $techmap444246$abc$442671$lut$aiger442670$12097.A[3]      1 5.8ms
                                    $techmap444225$abc$442671$lut$aiger442670$19763.A[0]     26 5.8ms
                                    $techmap444943$abc$442671$lut$aiger442670$14137.A[2]      1 5.8ms
                                    $techmap445123$abc$442671$lut$aiger442670$15007.A[3]      1 5.7ms
                                    $techmap444637$abc$442671$lut$aiger442670$12379.A[3]      1 5.7ms
                                    $techmap444399$abc$442671$lut$aiger442670$11078.A[3]      1 5.7ms
                                    $techmap444840$abc$442671$lut$aiger442670$13564.A[4]      1 5.7ms
                                    $techmap444871$abc$442671$lut$aiger442670$13696.A[5]      1 5.7ms
                                    $techmap444425$abc$442671$lut$aiger442670$11261.A[5]      1 5.7ms
                                    $techmap445076$abc$442671$lut$aiger442670$14854.A[4]      1 5.7ms
                                    $techmap445390$abc$442671$lut$aiger442670$16175.A[2]      1 5.7ms
                                    $techmap445235$abc$442671$lut$aiger442670$15326.A[4]      1 5.7ms
                  $techmap443741$auto$abc_ops_reintegrate.cc:611:reintegrate$442848.A[0]     16 5.7ms
                                    $techmap445325$abc$442671$lut$aiger442670$15843.A[4]      1 5.6ms
                                    $techmap445365$abc$442671$lut$aiger442670$16013.A[2]      1 5.6ms
                                    $techmap444897$abc$442671$lut$aiger442670$13870.A[5]      1 5.6ms
                                    $techmap444661$abc$442671$lut$aiger442670$12558.A[2]      1 5.6ms
                                    $techmap445125$abc$442671$lut$aiger442670$15025.A[2]      1 5.6ms
                                    $techmap445365$abc$442671$lut$aiger442670$16013.A[4]      1 5.6ms
                                    $techmap445325$abc$442671$lut$aiger442670$15843.A[2]      1 5.6ms
                                    $techmap444478$abc$442671$lut$aiger442670$10485.A[2]      1 5.6ms
                                    $techmap445390$abc$442671$lut$aiger442670$16175.A[4]      1 5.5ms
                                    $techmap444873$abc$442671$lut$aiger442670$13704.A[4]      1 5.5ms
                                    $techmap444714$abc$442671$lut$aiger442670$12838.A[4]      1 5.5ms
                                    $techmap445387$abc$442671$lut$aiger442670$16153.A[5]      1 5.5ms
                                    $techmap445079$abc$442671$lut$aiger442670$14876.A[3]      1 5.4ms
                                    $techmap445048$abc$442671$lut$aiger442670$14666.A[3]      1 5.4ms
                                    $techmap444733$abc$442671$lut$aiger442670$12960.A[3]      1 5.4ms
                                    $techmap445122$abc$442671$lut$aiger442670$14998.A[4]      1 5.3ms
                                    $techmap445364$abc$442671$lut$aiger442670$16004.A[4]      1 5.3ms
                                                                               heartbeat      2 5.3ms
                                    $techmap445261$abc$442671$lut$aiger442670$15497.A[2]      1 5.3ms
                                    $techmap444665$abc$442671$lut$aiger442670$12587.A[4]      1 5.3ms
                                    $techmap444254$abc$442671$lut$aiger442670$12156.A[2]      1 5.3ms
                                    $techmap444288$abc$442671$lut$aiger442670$11716.A[5]      1 5.2ms
                                    $techmap444234$abc$442671$lut$aiger442670$10454.A[0]     12 5.2ms
                                    $techmap444403$abc$442671$lut$aiger442670$11101.A[4]      1 5.2ms
                                    $techmap444744$abc$442671$lut$aiger442670$16527.A[2]     11 5.2ms
                                    $techmap445143$abc$442671$lut$aiger442670$15182.A[3]      1 5.2ms
                                    $techmap445327$abc$442671$lut$aiger442670$15861.A[4]      1 5.2ms
                                    $techmap445054$abc$442671$lut$aiger442670$14702.A[5]      1 5.2ms
                                    $techmap445389$abc$442671$lut$aiger442670$16166.A[2]      1 5.2ms
                                    $techmap444757$abc$442671$lut$aiger442670$13081.A[4]      1 5.1ms
                                    $techmap445147$abc$442671$lut$aiger442670$15211.A[3]      1 5.1ms
                                    $techmap444300$abc$442671$lut$aiger442670$11793.A[2]      1 5.1ms
                                    $techmap444492$abc$442671$lut$aiger442670$10562.A[4]      1 5.1ms
                                    $techmap444290$abc$442671$lut$aiger442670$11726.A[2]      1 5.1ms
                                    $techmap445364$abc$442671$lut$aiger442670$16004.A[3]      1 5.1ms
                                    $techmap444811$abc$442671$lut$aiger442670$13368.A[5]      1 5.1ms
                                    $techmap444956$abc$442671$lut$aiger442670$14227.A[5]      1 5.0ms
                                    $techmap445087$abc$442671$lut$aiger442670$14919.A[2]      1 5.0ms
                                    $techmap444725$abc$442671$lut$aiger442670$12915.A[4]      1 5.0ms
                                    $techmap444962$abc$442671$lut$aiger442670$14258.A[4]      1 5.0ms
                                    $techmap445047$abc$442671$lut$aiger442670$20011.A[1]      8 5.0ms
                                                                                     clk    985 4.9ms
                                    $techmap444557$abc$442671$lut$aiger442670$10968.A[2]      1 4.9ms
                                    $techmap444939$abc$442671$lut$aiger442670$14111.A[5]      1 4.9ms
                                    $techmap444583$abc$442671$lut$aiger442670$18612.A[0]     15 4.9ms
                                    $techmap444240$abc$442671$lut$aiger442670$12055.A[3]      1 4.8ms
                  $techmap443917$auto$abc_ops_reintegrate.cc:611:reintegrate$442831.A[0]      7 4.8ms
                  $techmap444203$auto$abc_ops_reintegrate.cc:611:reintegrate$442682.A[1]      7 4.8ms
                                    $techmap444887$abc$442671$lut$aiger442670$13799.A[4]      1 4.8ms
                                    $techmap444536$abc$442671$lut$aiger442670$10837.A[2]      1 4.8ms
                                    $techmap445141$abc$442671$lut$aiger442670$15169.A[2]      1 4.7ms
                                    $techmap444802$abc$442671$lut$aiger442670$16534.A[2]     13 4.7ms
                                    $techmap444908$abc$442671$lut$aiger442670$13935.A[3]      1 4.7ms
                                    $techmap445073$abc$442671$lut$aiger442670$14832.A[3]      1 4.7ms
                                    $techmap445328$abc$442671$lut$aiger442670$15865.A[2]      1 4.6ms
                                    $techmap444595$abc$442671$lut$aiger442670$19632.A[1]      7 4.6ms
                                    $techmap445389$abc$442671$lut$aiger442670$16166.A[5]      1 4.6ms
                                    $techmap444291$abc$442671$lut$aiger442670$11735.A[5]      1 4.6ms
                                    $techmap444688$abc$442671$lut$aiger442670$19799.A[0]      7 4.6ms
                                    $techmap444461$abc$442671$lut$aiger442670$10388.A[3]      1 4.5ms
                                    $techmap445208$abc$442671$lut$aiger442670$20773.A[1]      8 4.5ms
                                    $techmap445300$abc$442671$lut$aiger442670$15654.A[2]      1 4.5ms
                                    $techmap444654$abc$442671$lut$aiger442670$12503.A[3]      1 4.5ms
                                    $techmap444878$abc$442671$lut$aiger442670$13731.A[2]      1 4.5ms
                                    $techmap444785$abc$442671$lut$aiger442670$13259.A[3]      1 4.4ms
                                    $techmap444276$abc$442671$lut$aiger442670$12304.A[2]      1 4.4ms
                                    $techmap444331$abc$442671$lut$aiger442670$12007.A[5]      1 4.4ms
                                    $techmap444533$abc$442671$lut$aiger442670$10810.A[2]      1 4.3ms
                                    $techmap444962$abc$442671$lut$aiger442670$14258.A[3]      1 4.3ms
                                    $techmap445261$abc$442671$lut$aiger442670$15497.A[4]      1 4.3ms
                                    $techmap444725$abc$442671$lut$aiger442670$12915.A[3]      1 4.3ms
                                    $techmap445123$abc$442671$lut$aiger442670$15007.A[5]      1 4.3ms
                                    $techmap444673$abc$442671$lut$aiger442670$12632.A[2]      1 4.3ms
                                    $techmap444863$abc$442671$lut$aiger442670$16541.A[1]     12 4.2ms
                                    $techmap445079$abc$442671$lut$aiger442670$14876.A[2]      1 4.2ms
                                    $techmap444753$abc$442671$lut$aiger442670$13048.A[5]      1 4.2ms
                                    $techmap445365$abc$442671$lut$aiger442670$16013.A[3]      1 4.2ms
                                    $techmap445011$abc$442671$lut$aiger442670$14522.A[2]      1 4.2ms
                                    $techmap445240$abc$442671$lut$aiger442670$15371.A[4]      1 4.2ms
                                    $techmap444422$abc$442671$lut$aiger442670$11239.A[2]      1 4.1ms
                                    $techmap445010$abc$442671$lut$aiger442670$14513.A[3]      1 4.1ms
                                    $techmap444382$abc$442671$lut$aiger442670$11664.A[3]      1 4.1ms
                                    $techmap444721$abc$442671$lut$aiger442670$12886.A[4]      1 4.1ms
                                    $techmap444251$abc$442671$lut$aiger442670$12133.A[3]      1 4.1ms
                                    $techmap444303$abc$442671$lut$aiger442670$11806.A[2]      1 4.1ms
                                    $techmap443891$abc$442671$lut$aiger442670$17289.A[1]      9 4.0ms
                                    $techmap445143$abc$442671$lut$aiger442670$15182.A[2]      1 4.0ms
                                    $techmap444561$abc$442671$lut$aiger442670$10992.A[2]      1 4.0ms
                                    $techmap445346$abc$442671$lut$aiger442670$15960.A[3]      1 4.0ms
                                    $techmap445286$abc$442671$lut$aiger442670$21264.A[1]     13 4.0ms
                                    $techmap444591$abc$442671$lut$aiger442670$19617.A[1]     12 4.0ms
                                    $techmap444262$abc$442671$lut$aiger442670$12225.A[5]      1 4.0ms
                                    $techmap444672$abc$442671$lut$aiger442670$12623.A[2]      1 4.0ms
                                    $techmap444340$abc$442671$lut$aiger442670$11407.A[4]      1 3.9ms
                                    $techmap445123$abc$442671$lut$aiger442670$15007.A[4]      1 3.9ms
                                    $techmap445054$abc$442671$lut$aiger442670$14702.A[3]      1 3.9ms
                                    $techmap444661$abc$442671$lut$aiger442670$12558.A[3]      1 3.9ms
                                    $techmap444647$abc$442671$lut$aiger442670$12449.A[4]      1 3.8ms
                  $techmap444076$auto$abc_ops_reintegrate.cc:611:reintegrate$442746.A[1]      2 3.8ms
                                    $techmap444837$abc$442671$lut$aiger442670$13542.A[2]      1 3.8ms
                                    $techmap444822$abc$442671$lut$aiger442670$13434.A[2]      1 3.8ms
                                    $techmap444813$abc$442671$lut$aiger442670$13376.A[4]      1 3.8ms
                                    $techmap443837$abc$442671$lut$aiger442670$16656.A[4]      1 3.8ms
                                    $techmap444451$abc$442671$lut$aiger442670$10337.A[2]      1 3.8ms
                                    $techmap444455$abc$442671$lut$aiger442670$10354.A[4]      1 3.8ms
                                    $techmap444721$abc$442671$lut$aiger442670$12886.A[3]      1 3.8ms
                                    $techmap445066$abc$442671$lut$aiger442670$14783.A[4]      1 3.8ms
                                    $techmap444553$abc$442671$lut$aiger442670$10935.A[2]      1 3.7ms
                                    $techmap444312$abc$442671$lut$aiger442670$11858.A[2]      1 3.7ms
                                                                 slot0_b2.eng.r_addr[26]      4 3.7ms
                                    $techmap445128$abc$442671$lut$aiger442670$15047.A[2]      1 3.7ms
                                    $techmap444679$abc$442671$lut$aiger442670$12667.A[3]      1 3.7ms
                                    $techmap445063$abc$442671$lut$aiger442670$14759.A[3]      1 3.7ms
                                    $techmap445103$abc$442671$lut$aiger442670$16584.A[1]     11 3.7ms
                                    $techmap444673$abc$442671$lut$aiger442670$12632.A[4]      1 3.7ms
                                    $techmap444340$abc$442671$lut$aiger442670$11407.A[2]      1 3.7ms
                                    $techmap444398$abc$442671$lut$aiger442670$11069.A[4]      1 3.7ms
                                    $techmap444435$abc$442671$lut$aiger442670$11313.A[3]      1 3.6ms
                                    $techmap444316$abc$442671$lut$aiger442670$11887.A[3]      1 3.6ms
                                    $techmap444478$abc$442671$lut$aiger442670$10485.A[4]      1 3.6ms
                                    $techmap444578$abc$442671$lut$aiger442670$18585.A[5]      6 3.6ms
                                    $techmap444430$abc$442671$lut$aiger442670$11288.A[2]      1 3.5ms
                                    $techmap444751$abc$442671$lut$aiger442670$13030.A[2]      1 3.5ms
                                    $techmap444719$abc$442671$lut$aiger442670$12873.A[4]      1 3.5ms
                                    $techmap444714$abc$442671$lut$aiger442670$12838.A[3]      1 3.5ms
                                    $techmap445236$abc$442671$lut$aiger442670$15335.A[5]      1 3.5ms
                                    $techmap443908$abc$442671$lut$aiger442670$17349.A[0]     14 3.5ms
                                                                               bench.rx1      1 3.5ms
                                    $techmap444837$abc$442671$lut$aiger442670$13542.A[5]      1 3.5ms
                                    $techmap444637$abc$442671$lut$aiger442670$12379.A[4]      1 3.5ms
                                    $techmap444697$abc$442671$lut$aiger442670$12711.A[4]      1 3.5ms
                                    $techmap444430$abc$442671$lut$aiger442670$11288.A[3]      1 3.5ms
                                    $techmap444932$abc$442671$lut$aiger442670$14059.A[4]      1 3.5ms
                                    $techmap444704$abc$442671$lut$aiger442670$12768.A[2]      1 3.4ms
                                         $techmap446316$abc$442671$lut$aiger$o14450.A[0]      3 3.4ms
                                    $techmap444436$abc$442671$lut$aiger442670$11318.A[2]      1 3.4ms
                                    $techmap444519$abc$442671$lut$aiger442670$10729.A[3]      1 3.4ms
                                    $techmap444757$abc$442671$lut$aiger442670$13081.A[2]      1 3.4ms
                  $techmap443767$auto$abc_ops_reintegrate.cc:611:reintegrate$442845.A[5]     18 3.4ms
                                    $techmap444788$abc$442671$lut$aiger442670$13281.A[5]      1 3.4ms
                                    $techmap444916$abc$442671$lut$aiger442670$13988.A[5]      1 3.4ms
                                    $techmap445306$abc$442671$lut$aiger442670$15705.A[2]      1 3.4ms
                                                                 slot0_b2.eng.r_addr[22]      4 3.4ms
                                    $techmap445080$abc$442671$lut$aiger442670$14883.A[3]      1 3.4ms
                                    $techmap444785$abc$442671$lut$aiger442670$13259.A[2]      1 3.4ms
                                    $techmap445263$abc$442671$lut$aiger442670$15510.A[5]      1 3.4ms
                                    $techmap444952$abc$442671$lut$aiger442670$14198.A[2]      1 3.3ms
                                    $techmap445355$abc$442671$lut$aiger442670$20227.A[1]      8 3.3ms
                                    $techmap444420$abc$442671$lut$aiger442670$11220.A[3]      1 3.3ms
                                    $techmap444307$abc$442671$lut$aiger442670$11825.A[4]      1 3.3ms
                                    $techmap444298$abc$442671$lut$aiger442670$11779.A[4]      1 3.3ms
                                    $techmap444871$abc$442671$lut$aiger442670$13696.A[2]      1 3.3ms
                                    $techmap444778$abc$442671$lut$aiger442670$13215.A[3]      1 3.3ms
                                    $techmap443794$abc$442671$lut$aiger442670$10138.A[0]      5 3.3ms
                                    $techmap444798$abc$442671$lut$aiger442670$16422.A[1]      4 3.3ms
                                    $techmap445147$abc$442671$lut$aiger442670$15211.A[5]      1 3.3ms
                                    $techmap444715$abc$442671$lut$aiger442670$12847.A[4]      1 3.3ms
                                    $techmap444294$abc$442671$lut$aiger442670$11757.A[3]      1 3.3ms
                                    $techmap444998$abc$442671$lut$aiger442670$14430.A[5]      1 3.3ms
                                    $techmap444498$abc$442671$lut$aiger442670$10610.A[1]      1 3.2ms
                                    $techmap445350$abc$442671$lut$aiger442670$16614.A[2]     13 3.2ms
                                                                               line_b[7]      1 3.2ms
                                    $techmap444507$abc$442671$lut$aiger442670$10665.A[3]      1 3.2ms
                                    $techmap444420$abc$442671$lut$aiger442670$11220.A[4]      1 3.2ms
                                    $techmap443779$abc$442671$lut$aiger442670$10300.A[1]      4 3.2ms
                                    $techmap444337$abc$442671$lut$aiger442670$11388.A[2]      1 3.2ms
                                    $techmap444560$abc$442671$lut$aiger442670$10987.A[3]      1 3.2ms
                                    $techmap444769$abc$442671$lut$aiger442670$13166.A[2]      1 3.1ms
                                    $techmap444256$abc$442671$lut$aiger442670$12174.A[5]      1 3.1ms
                                    $techmap444534$abc$442671$lut$aiger442670$10819.A[4]      1 3.1ms
                                    $techmap444751$abc$442671$lut$aiger442670$13030.A[4]      1 3.1ms
                                    $techmap444316$abc$442671$lut$aiger442670$11887.A[5]      1 3.1ms
                                    $techmap444292$abc$442671$lut$aiger442670$11744.A[2]      1 3.1ms
                                    $techmap445236$abc$442671$lut$aiger442670$15335.A[3]      1 3.1ms
                                    $techmap444819$abc$442671$lut$aiger442670$13410.A[3]      1 3.1ms
                                    $techmap444450$abc$442671$lut$aiger442670$10332.A[3]      1 3.1ms
                                    $techmap444262$abc$442671$lut$aiger442670$12225.A[2]      1 3.1ms
                                    $techmap444785$abc$442671$lut$aiger442670$13259.A[4]      1 3.1ms
                                    $techmap445048$abc$442671$lut$aiger442670$14666.A[4]      1 3.1ms
                                    $techmap444551$abc$442671$lut$aiger442670$10917.A[3]      1 3.1ms
                                    $techmap444602$abc$442671$lut$aiger442670$19648.A[0]     10 3.1ms
                                    $techmap444516$abc$442671$lut$aiger442670$10714.A[4]      1 3.1ms
                                    $techmap443850$abc$442671$lut$aiger442670$16717.A[0]      3 3.1ms
                                    $techmap444289$abc$442671$lut$aiger442670$11719.A[1]      1 3.1ms
                                    $techmap444364$abc$442671$lut$aiger442670$11550.A[4]      1 3.1ms
                                    $techmap444332$abc$442671$lut$aiger442670$12016.A[2]      1 3.0ms
                                    $techmap445109$abc$442671$lut$aiger442670$20065.A[1]      8 3.0ms
                                    $techmap444423$abc$442671$lut$aiger442670$11248.A[5]      1 3.0ms
                                    $techmap444260$abc$442671$lut$aiger442670$12207.A[4]      1 3.0ms
                                    $techmap445417$abc$442671$lut$aiger442670$21376.A[5]      5 3.0ms
                                    $techmap444466$abc$442671$lut$aiger442670$10417.A[3]      1 3.0ms
                                    $techmap444662$abc$442671$lut$aiger442670$12567.A[3]      1 3.0ms
                                    $techmap444265$abc$442671$lut$aiger442670$12252.A[2]      1 3.0ms
                                    $techmap444698$abc$442671$lut$aiger442670$12720.A[2]      1 3.0ms
                                    $techmap444286$abc$442671$lut$aiger442670$16410.A[1]      4 3.0ms
                                    $techmap444808$abc$442671$lut$aiger442670$19871.A[0]      8 3.0ms
                                    $techmap444125$abc$442671$lut$aiger442670$23955.A[0]      7 2.9ms
                                    $techmap444251$abc$442671$lut$aiger442670$12133.A[2]      1 2.9ms
                                    $techmap444181$abc$442671$lut$aiger442670$24685.A[0]      4 2.9ms
                                                                 slot0_b2.eng.r_addr[13]      4 2.9ms
                                    $techmap444384$abc$442671$lut$aiger442670$11674.A[3]      1 2.9ms
                                    $techmap444282$abc$442671$lut$aiger442670$12338.A[2]      1 2.9ms
                                    $techmap444263$abc$442671$lut$aiger442670$12234.A[2]      1 2.9ms
                                    $techmap444303$abc$442671$lut$aiger442670$11806.A[3]      1 2.9ms
                                    $techmap445146$abc$442671$lut$aiger442670$15204.A[3]      1 2.9ms
                                    $techmap445144$abc$442671$lut$aiger442670$15191.A[3]      1 2.9ms
                                    $techmap444868$abc$442671$lut$aiger442670$19887.A[1]      8 2.9ms
                  $techmap444129$auto$abc_ops_reintegrate.cc:611:reintegrate$442720.A[1]      6 2.9ms
                                    $techmap444770$abc$442671$lut$aiger442670$13175.A[3]      1 2.9ms
                                    $techmap444395$abc$442671$lut$aiger442670$11053.A[4]      1 2.9ms
                                    $techmap444927$abc$442671$lut$aiger442670$14014.A[3]      1 2.9ms
                                    $techmap444234$abc$442671$lut$aiger442670$10454.A[1]     12 2.9ms
                                    $techmap444740$abc$442671$lut$aiger442670$13004.A[3]      1 2.9ms
                                    $techmap445412$abc$442671$lut$aiger442670$20431.A[1]     11 2.9ms
                                    $techmap443776$abc$442671$lut$aiger442670$10294.A[1]      4 2.9ms
                                    $techmap444653$abc$442671$lut$aiger442670$12494.A[5]      1 2.9ms
                                    $techmap444971$abc$442671$lut$aiger442670$14316.A[4]      1 2.9ms
                                    $techmap444234$abc$442671$lut$aiger442670$10454.A[3]     14 2.9ms
                                    $techmap445106$abc$442671$lut$aiger442670$20025.A[3]      3 2.9ms
                                    $techmap444499$abc$442671$lut$aiger442670$10616.A[2]      1 2.9ms
                                    $techmap444326$abc$442671$lut$aiger442670$11966.A[4]      1 2.8ms
                                    $techmap444789$abc$442671$lut$aiger442670$13290.A[3]      1 2.8ms
                                    $techmap444533$abc$442671$lut$aiger442670$10810.A[4]      1 2.8ms
                                    $techmap444606$abc$442671$lut$aiger442670$19663.A[1]     10 2.8ms
                                    $techmap444769$abc$442671$lut$aiger442670$13166.A[3]      1 2.8ms
                                    $techmap444540$abc$442671$lut$aiger442670$10859.A[2]      4 2.8ms
                                    $techmap444669$abc$442671$lut$aiger442670$12608.A[4]      1 2.8ms
                                    $techmap445010$abc$442671$lut$aiger442670$14513.A[5]      1 2.8ms
                                    $techmap445322$abc$442671$lut$aiger442670$15816.A[5]      1 2.8ms
                                    $techmap444685$abc$442671$lut$aiger442670$18803.A[1]     10 2.8ms
                  $techmap443831$auto$abc_ops_reintegrate.cc:611:reintegrate$442839.A[5]      6 2.8ms
                                    $techmap444162$abc$442671$lut$aiger442670$24445.A[0]      7 2.8ms
                                    $techmap444794$abc$442671$lut$aiger442670$13327.A[5]      1 2.8ms
                  $techmap443884$auto$abc_ops_reintegrate.cc:611:reintegrate$442838.A[0]      7 2.8ms
                                    $techmap445236$abc$442671$lut$aiger442670$15335.A[2]      1 2.8ms
                                    $techmap444964$abc$442671$lut$aiger442670$14272.A[3]      1 2.8ms
                                    $techmap444320$abc$442671$lut$aiger442670$11923.A[2]      1 2.8ms
                                    $techmap445389$abc$442671$lut$aiger442670$16166.A[4]      1 2.8ms
                                    $techmap444754$abc$442671$lut$aiger442670$13057.A[4]      1 2.8ms
                                    $techmap444487$abc$442671$lut$aiger442670$10531.A[3]      1 2.8ms
                                    $techmap444506$abc$442671$lut$aiger442670$10660.A[3]      1 2.8ms
                                    $techmap444808$abc$442671$lut$aiger442670$19871.A[1]      8 2.7ms
                                    $techmap444425$abc$442671$lut$aiger442670$11261.A[3]      1 2.7ms
                                    $techmap444811$abc$442671$lut$aiger442670$13368.A[4]      1 2.7ms
                                    $techmap444240$abc$442671$lut$aiger442670$12055.A[2]      1 2.7ms
Info: Router2 time 48.33s
Info: Running router1 to check that route is legal...

Info: Routing..
Info: Setting up routing queue.
Info: Routing 0 arcs.
Info:            |   (re-)routed arcs  |   delta    | remaining|       time spent     |
Info:    IterCnt |  w/ripup   wo/ripup |  w/r  wo/r |      arcs| batch(sec) total(sec)|
Info:          0 |        0          0 |    0     0 |         0|       0.13       0.13|
Info: Routing complete.
Info: Router1 time 0.13s
Info: Checksum: 0xe889191e

Info: Critical path report for clock 'clk' (posedge -> posedge):
Info: curr total
Info:  0.1  0.1  Source $auto$ff.cc:337:slice$224186.Q
Info:  0.4  0.5    Net $techmap444228$abc$442671$lut$aiger442670$10320.A[0] budget -3.494000 ns (34,61) -> (34,61)
Info:                Sink $abc$442671$lut$aiger442670$10320.A1
Info:  0.1  0.7  Source $abc$442671$lut$aiger442670$10320.O6
Info:  0.6  1.3    Net $techmap444230$abc$442671$lut$aiger442670$10326.A[5] budget -3.344000 ns (34,61) -> (34,61)
Info:                Sink $abc$442671$lut$aiger442670$10326.A6
Info:  0.1  1.4  Source $abc$442671$lut$aiger442670$10326.O6
Info:  1.1  2.5    Net $techmap444234$abc$442671$lut$aiger442670$10454.A[2] budget -2.292000 ns (34,61) -> (33,55)
Info:                Sink $abc$442671$lut$aiger442670$10454.A1
Info:  0.2  2.7  Source $abc$442671$lut$aiger442670$10454.O5
Info:  1.9  4.6    Net $techmap444259$abc$442671$lut$aiger442670$12198.A[2] budget -0.807000 ns (33,55) -> (34,42)
Info:                Sink $abc$442671$lut$aiger442670$11774.A1
Info:  0.2  4.8  Source $abc$442671$lut$aiger442670$11774.O5
Info:  1.2  6.0    Net $techmap444314$abc$442671$lut$aiger442670$11869.A[3] budget -0.261000 ns (34,42) -> (30,55)
Info:                Sink $abc$442671$lut$aiger442670$11869.A4
Info:  0.1  6.1  Source $abc$442671$lut$aiger442670$11869.O6
Info:  1.2  7.3    Net $techmap444335$abc$442671$lut$aiger442670$16395.A[1] budget 0.004000 ns (30,55) -> (34,35)
Info:                Sink $abc$442671$lut$aiger442670$16470.A2
Info:  0.2  7.4  Source $abc$442671$lut$aiger442670$16470.O5
Info:  0.4  7.9    Net $techmap444618$abc$442671$lut$aiger442670$19708.A[1] budget -0.442000 ns (34,35) -> (34,33)
Info:                Sink $abc$442671$lut$aiger442670$16473.A3
Info:  0.1  8.0  Source $abc$442671$lut$aiger442670$16473.O6
Info:  0.6  8.6    Net $techmap444631$abc$442671$lut$aiger442670$16516.A[4] budget -0.397000 ns (34,33) -> (33,31)
Info:                Sink $abc$442671$lut$aiger442670$16516.A5
Info:  0.1  8.7  Source $abc$442671$lut$aiger442670$16516.O6
Info:  0.7  9.4    Net $techmap444632$abc$442671$lut$aiger442670$17541.A[1] budget -0.918000 ns (33,31) -> (33,31)
Info:                Sink $abc$442671$lut$aiger442670$17542.A2
Info:  0.1  9.5  Source $abc$442671$lut$aiger442670$17542.O6
Info:  0.3  9.8    Net $techmap444685$abc$442671$lut$aiger442670$18803.A[2] budget -0.857000 ns (33,31) -> (33,31)
Info:                Sink $abc$442671$lut$aiger442670$17578.A4
Info:  0.1 10.0  Source $abc$442671$lut$aiger442670$17578.O6
Info:  0.4 10.4    Net $techmap444693$abc$442671$lut$aiger442670$19804.A[2] budget -0.331000 ns (33,31) -> (30,31)
Info:                Sink $abc$442671$lut$aiger442670$17595.A4
Info:  0.2 10.5  Source $abc$442671$lut$aiger442670$17595.O5
Info:  0.3 10.8    Net $techmap444804$abc$442671$lut$aiger442670$18866.A[3] budget -0.760000 ns (30,31) -> (30,31)
Info:                Sink $abc$442671$lut$aiger442670$17612.A4
Info:  0.1 11.0  Source $abc$442671$lut$aiger442670$17612.O6
Info:  0.7 11.7    Net $techmap444865$abc$442671$lut$aiger442670$18886.A[3] budget 0.004000 ns (30,31) -> (24,35)
Info:                Sink $abc$442671$lut$aiger442670$17629.A5
Info:  0.1 11.8  Source $abc$442671$lut$aiger442670$17629.O6
Info:  0.3 12.1    Net $techmap444923$abc$442671$lut$aiger442670$18915.A[4] budget -0.714000 ns (24,35) -> (24,35)
Info:                Sink $abc$442671$lut$aiger442670$17644.A5
Info:  0.1 12.2  Source $abc$442671$lut$aiger442670$17644.O6
Info:  0.9 13.1    Net $techmap444977$abc$442671$lut$aiger442670$17679.A[5] budget 0.004000 ns (24,35) -> (17,36)
Info:                Sink $abc$442671$lut$aiger442670$17679.A6
Info:  0.1 13.2  Source $abc$442671$lut$aiger442670$17679.O6
Info:  0.8 14.0    Net $techmap444980$abc$442671$lut$aiger442670$18565.A[2] budget -0.003000 ns (17,36) -> (23,37)
Info:                Sink $abc$442671$lut$aiger442670$17714.A5
Info:  0.1 14.1  Source $abc$442671$lut$aiger442670$17714.O5
Info:  0.4 14.5    Net $techmap445041$abc$442671$lut$aiger442670$18561.A[3] budget -0.656000 ns (23,37) -> (23,37)
Info:                Sink $abc$442671$lut$aiger442670$17732.A5
Info:  0.1 14.7  Source $abc$442671$lut$aiger442670$17732.O6
Info:  0.6 15.2    Net $techmap445102$abc$442671$lut$aiger442670$19021.A[2] budget -0.085000 ns (23,37) -> (23,40)
Info:                Sink $abc$442671$lut$aiger442670$17770.A6
Info:  0.1 15.4  Source $abc$442671$lut$aiger442670$17770.O6
Info:  0.6 16.0    Net $techmap445113$abc$442671$lut$aiger442670$19075.A[2] budget -0.625000 ns (23,40) -> (23,40)
Info:                Sink $abc$442671$lut$aiger442670$17808.A6
Info:  0.1 16.1  Source $abc$442671$lut$aiger442670$17808.O6
Info:  0.7 16.8    Net $techmap445233$abc$442671$lut$aiger442670$19129.A[2] budget -0.625000 ns (23,40) -> (23,40)
Info:                Sink $abc$442671$lut$aiger442670$19129.A4
Info:  0.2 17.0  Source $abc$442671$lut$aiger442670$19129.O5
Info:  0.6 17.6    Net $techmap445234$abc$442671$lut$aiger442670$20123.A[1] budget -0.115000 ns (23,40) -> (23,42)
Info:                Sink $abc$442671$lut$aiger442670$19179.A5
Info:  0.1 17.7  Source $abc$442671$lut$aiger442670$19179.O6
Info:  0.5 18.2    Net $techmap445299$abc$442671$lut$aiger442670$20177.A[2] budget -0.566000 ns (23,42) -> (23,42)
Info:                Sink $abc$442671$lut$aiger442670$19233.A6
Info:  0.1 18.3  Source $abc$442671$lut$aiger442670$19233.O6
Info:  0.6 19.0    Net $techmap445360$abc$442671$lut$aiger442670$20231.A[2] budget 0.003000 ns (23,42) -> (17,39)
Info:                Sink $abc$442671$lut$aiger442670$20231.A2
Info:  0.2 19.1  Source $abc$442671$lut$aiger442670$20231.O5
Info:  0.6 19.8    Net $techmap445412$abc$442671$lut$aiger442670$20431.A[2] budget 0.003000 ns (17,39) -> (23,42)
Info:                Sink $abc$442671$lut$aiger442670$20431.A3
Info:  0.1 19.9  Source $abc$442671$lut$aiger442670$20431.O6
Info:  0.7 20.6    Net $techmap445417$abc$442671$lut$aiger442670$21376.A[5] budget 0.002000 ns (23,42) -> (23,44)
Info:                Sink $abc$442671$lut$aiger442670$21376.A6
Info:  0.1 20.7  Source $abc$442671$lut$aiger442670$21376.O6
Info:  0.9 21.6    Net $techmap445436$abc$442671$lut$aiger442670$21385.A[3] budget 0.003000 ns (23,44) -> (17,40)
Info:                Sink $abc$442671$lut$aiger442670$21615.A6
Info:  0.1 21.7  Source $abc$442671$lut$aiger442670$21615.O6
Info:  0.7 22.3    Net $techmap445845$abc$442671$lut$aiger442670$22411.A[3] budget 0.003000 ns (17,40) -> (13,46)
Info:                Sink $abc$442671$lut$aiger442670$22411.A4
Info:  0.1 22.5  Source $abc$442671$lut$aiger442670$22411.O6
Info:  0.5 23.0    Net $techmap445846$abc$442671$lut$aiger442670$22958.A[5] budget -0.456000 ns (13,46) -> (13,46)
Info:                Sink $abc$442671$lut$aiger442670$22958.A6
Info:  0.1 23.1  Source $abc$442671$lut$aiger442670$22958.O6
Info:  0.9 24.0    Net $techmap445847$abc$442671$lut$aiger442670$23419.A[5] budget 0.003000 ns (13,46) -> (23,49)
Info:                Sink $abc$442671$lut$aiger442670$23419.A6
Info:  0.1 24.1  Source $abc$442671$lut$aiger442670$23419.O6
Info:  0.6 24.8    Net $techmap445850$abc$442671$lut$aiger442670$23976.A[2] budget -0.443000 ns (23,49) -> (23,49)
Info:                Sink $abc$442671$lut$aiger442670$24394.A2
Info:  0.2 24.9  Source $abc$442671$lut$aiger442670$24394.O5
Info:  0.8 25.7    Net $techmap445935$abc$442671$lut$aiger$o15016.A[3] budget -0.007000 ns (23,49) -> (24,48)
Info:                Sink $abc$442671$lut$aiger442670$25305.A4
Info:  0.1 25.8  Source $abc$442671$lut$aiger442670$25305.O6
Info:  0.4 26.3    Net $techmap446145$abc$442671$lut$aiger$o15178.A[4] budget -0.052000 ns (24,48) -> (24,49)
Info:                Sink $abc$442671$lut$aiger$o15178.A5
Info:  0.1 26.4  Source $abc$442671$lut$aiger$o15178.O6
Info:  0.0 26.4    Net $techmap300355$auto$ff.cc:337:slice$224471.D budget -0.592000 ns (24,49) -> (24,49)
Info:                Sink $auto$ff.cc:337:slice$224471.D
Info:  0.1 26.5  Setup $auto$ff.cc:337:slice$224471.D
Info: 4.4 ns logic, 22.2 ns routing

Info: Critical path report for clock 'clk200' (posedge -> posedge):
Info: curr total
Info:  0.1  0.1  Source $auto$ff.cc:337:slice$225210.Q
Info:  0.4  0.5    Net tickgen.count[0] budget 2.324000 ns (188,106) -> (188,106)
Info:                Sink $abc$442671$lut$not$aiger442670$364.A1
Info:  0.2  0.7  Source $abc$442671$lut$not$aiger442670$364.O5
Info:  0.0  0.7    Net $auto$alumacc.cc:548:replace_alu$205043.P[0] budget 2.324000 ns (188,106) -> (188,106)
Info:                Sink $auto$ff.cc:337:slice$225210.D
Info:  0.1  0.8  Setup $auto$ff.cc:337:slice$225210.D
Info: 0.4 ns logic, 0.5 ns routing

Warning: Max frequency for clock    'clk': 37.70 MHz (FAIL at 200.00 MHz)
Info: Max frequency for clock 'clk200': 1218.03 MHz (PASS at 200.00 MHz)

Info: Slack histogram:
Info:  legend: * represents 9 endpoint(s)
Info:          + represents [1,9) endpoint(s)
Info: [-21524, -20228) |**+
Info: [-20228, -18932) |*+
Info: [-18932, -17636) |**+
Info: [-17636, -16340) |***+
Info: [-16340, -15044) |*+
Info: [-15044, -13748) |***+
Info: [-13748, -12452) |**+
Info: [-12452, -11156) |**+
Info: [-11156,  -9860) |****+
Info: [ -9860,  -8564) |*****+
Info: [ -8564,  -7268) |**+
Info: [ -7268,  -5972) |*****************************+
Info: [ -5972,  -4676) |************************************************************ 
Info: [ -4676,  -3380) |****+
Info: [ -3380,  -2084) |*************+
Info: [ -2084,   -788) |************************+
Info: [  -788,    508) |*****************+
Info: [   508,   1804) |**********+
Info: [  1804,   3100) |***************************+
Info: [  3100,   4396) |*****************+
Info: Running post-routing legalisation...

1 warning, 0 errors
