Info: Propagating clock constraints...
Info:     derived 200.0 MHz for net 'clk200_in' (through IBUFDS 'clk200_ibufds')
Info:     PLLE2_ADV 'pll': input 200.0 MHz, VCO 1000.0 MHz
Info:     derived 83.3 MHz for net 'ctrl_raw' (through PLLE2_ADV 'pll')
Info:     derived 333.3 MHz for net 'ddr_raw' (through PLLE2_ADV 'pll')
Info:     derived 200.0 MHz for net 'ref_raw' (through PLLE2_ADV 'pll')
Info:     derived 333.3 MHz for net 'ddr90_raw' (through PLLE2_ADV 'pll')
Info:     derived 1000.0 MHz for net 'pll_fb' (through PLLE2_ADV 'pll')
Info:     PLLE2_ADV 'pll': input 200.0 MHz, VCO 1000.0 MHz
Info: Packing constants..
Info: Inserting IO buffers..
Info:     IO port 'clk200_n' driven by IBUFDS 'clk200_ibufds'
Info:     IO port 'clk200_p' driven by IBUFDS 'clk200_ibufds'
Info:     IO port 'ddr3_cas_n' driven by OBUF '$iopadmap$tms_ddr3_ax7203.ddr3_cas_n'
Info:     IO port 'ddr3_ck_n' driven by OBUFDS 'ddr3.ddr3_phy_inst.genblk4.genblk1.OBUFDS_inst'
Info:     IO port 'ddr3_ck_p' driven by OBUFDS 'ddr3.ddr3_phy_inst.genblk4.genblk1.OBUFDS_inst'
Info:     IO port 'ddr3_cke' driven by OBUF '$iopadmap$tms_ddr3_ax7203.ddr3_cke'
Info:     IO port 'ddr3_cs_n' driven by OBUF '$iopadmap$tms_ddr3_ax7203.ddr3_cs_n'
Info:     IO port 'ddr3_odt' driven by OBUF '$iopadmap$tms_ddr3_ax7203.ddr3_odt'
Info:     IO port 'ddr3_ras_n' driven by OBUF '$iopadmap$tms_ddr3_ax7203.ddr3_ras_n'
Info:     IO port 'ddr3_reset_n' driven by OBUF '$iopadmap$tms_ddr3_ax7203.ddr3_reset_n'
Info:     IO port 'ddr3_we_n' driven by OBUF '$iopadmap$tms_ddr3_ax7203.ddr3_we_n'
Info:     IO port 'rst_n' driven by IBUF '$iopadmap$tms_ddr3_ax7203.rst_n'
Info:     IO port 'uart_tx' driven by OBUF '$iopadmap$tms_ddr3_ax7203.uart_tx'
Info:     IO port 'ddr3_addr[0]' driven by OBUF '$iopadmap$tms_ddr3_ax7203.ddr3_addr'
Info:     IO port 'ddr3_addr[1]' driven by OBUF '$iopadmap$tms_ddr3_ax7203.ddr3_addr_1'
Info:     IO port 'ddr3_addr[10]' driven by OBUF '$iopadmap$tms_ddr3_ax7203.ddr3_addr_10'
Info:     IO port 'ddr3_addr[11]' driven by OBUF '$iopadmap$tms_ddr3_ax7203.ddr3_addr_11'
Info:     IO port 'ddr3_addr[12]' driven by OBUF '$iopadmap$tms_ddr3_ax7203.ddr3_addr_12'
Info:     IO port 'ddr3_addr[13]' driven by OBUF '$iopadmap$tms_ddr3_ax7203.ddr3_addr_13'
Info:     IO port 'ddr3_addr[14]' driven by OBUF '$iopadmap$tms_ddr3_ax7203.ddr3_addr_14'
Info:     IO port 'ddr3_addr[2]' driven by OBUF '$iopadmap$tms_ddr3_ax7203.ddr3_addr_2'
Info:     IO port 'ddr3_addr[3]' driven by OBUF '$iopadmap$tms_ddr3_ax7203.ddr3_addr_3'
Info:     IO port 'ddr3_addr[4]' driven by OBUF '$iopadmap$tms_ddr3_ax7203.ddr3_addr_4'
Info:     IO port 'ddr3_addr[5]' driven by OBUF '$iopadmap$tms_ddr3_ax7203.ddr3_addr_5'
Info:     IO port 'ddr3_addr[6]' driven by OBUF '$iopadmap$tms_ddr3_ax7203.ddr3_addr_6'
Info:     IO port 'ddr3_addr[7]' driven by OBUF '$iopadmap$tms_ddr3_ax7203.ddr3_addr_7'
Info:     IO port 'ddr3_addr[8]' driven by OBUF '$iopadmap$tms_ddr3_ax7203.ddr3_addr_8'
Info:     IO port 'ddr3_addr[9]' driven by OBUF '$iopadmap$tms_ddr3_ax7203.ddr3_addr_9'
Info:     IO port 'ddr3_ba[0]' driven by OBUF '$iopadmap$tms_ddr3_ax7203.ddr3_ba'
Info:     IO port 'ddr3_ba[1]' driven by OBUF '$iopadmap$tms_ddr3_ax7203.ddr3_ba_1'
Info:     IO port 'ddr3_ba[2]' driven by OBUF '$iopadmap$tms_ddr3_ax7203.ddr3_ba_2'
Info:     IO port 'led[0]' driven by OBUF '$iopadmap$tms_ddr3_ax7203.led'
Info:     IO port 'led[1]' driven by OBUF '$iopadmap$tms_ddr3_ax7203.led_1'
Info:     IO port 'led[2]' driven by OBUF '$iopadmap$tms_ddr3_ax7203.led_2'
Info:     IO port 'led[3]' driven by OBUF '$iopadmap$tms_ddr3_ax7203.led_3'
Info:     IO port 'ddr3_dq[0]' driven by IOBUF 'ddr3.ddr3_phy_inst.genblk5[0].genblk1.IOBUF_data'
Info:     IO port 'ddr3_dq[10]' driven by IOBUF 'ddr3.ddr3_phy_inst.genblk5[10].genblk1.IOBUF_data'
Info:     IO port 'ddr3_dq[11]' driven by IOBUF 'ddr3.ddr3_phy_inst.genblk5[11].genblk1.IOBUF_data'
Info:     IO port 'ddr3_dq[12]' driven by IOBUF 'ddr3.ddr3_phy_inst.genblk5[12].genblk1.IOBUF_data'
Info:     IO port 'ddr3_dq[13]' driven by IOBUF 'ddr3.ddr3_phy_inst.genblk5[13].genblk1.IOBUF_data'
Info:     IO port 'ddr3_dq[14]' driven by IOBUF 'ddr3.ddr3_phy_inst.genblk5[14].genblk1.IOBUF_data'
Info:     IO port 'ddr3_dq[15]' driven by IOBUF 'ddr3.ddr3_phy_inst.genblk5[15].genblk1.IOBUF_data'
Info:     IO port 'ddr3_dq[1]' driven by IOBUF 'ddr3.ddr3_phy_inst.genblk5[1].genblk1.IOBUF_data'
Info:     IO port 'ddr3_dq[2]' driven by IOBUF 'ddr3.ddr3_phy_inst.genblk5[2].genblk1.IOBUF_data'
Info:     IO port 'ddr3_dq[3]' driven by IOBUF 'ddr3.ddr3_phy_inst.genblk5[3].genblk1.IOBUF_data'
Info:     IO port 'ddr3_dq[4]' driven by IOBUF 'ddr3.ddr3_phy_inst.genblk5[4].genblk1.IOBUF_data'
Info:     IO port 'ddr3_dq[5]' driven by IOBUF 'ddr3.ddr3_phy_inst.genblk5[5].genblk1.IOBUF_data'
Info:     IO port 'ddr3_dq[6]' driven by IOBUF 'ddr3.ddr3_phy_inst.genblk5[6].genblk1.IOBUF_data'
Info:     IO port 'ddr3_dq[7]' driven by IOBUF 'ddr3.ddr3_phy_inst.genblk5[7].genblk1.IOBUF_data'
Info:     IO port 'ddr3_dq[8]' driven by IOBUF 'ddr3.ddr3_phy_inst.genblk5[8].genblk1.IOBUF_data'
Info:     IO port 'ddr3_dq[9]' driven by IOBUF 'ddr3.ddr3_phy_inst.genblk5[9].genblk1.IOBUF_data'
Info:     IO port 'ddr3_dm[0]' driven by OBUF 'ddr3.ddr3_phy_inst.genblk6[0].genblk1.OBUF_dm'
Info:     IO port 'ddr3_dm[1]' driven by OBUF 'ddr3.ddr3_phy_inst.genblk6[1].genblk1.OBUF_dm'
Info:     IO port 'ddr3_dqs_p[0]' driven by IOBUFDS 'ddr3.ddr3_phy_inst.genblk7[0].genblk1.IOBUFDS_dqs'
Info:     IO port 'ddr3_dqs_n[0]' driven by IOBUFDS 'ddr3.ddr3_phy_inst.genblk7[0].genblk1.IOBUFDS_dqs'
Info:     IO port 'ddr3_dqs_p[1]' driven by IOBUFDS 'ddr3.ddr3_phy_inst.genblk7[1].genblk1.IOBUFDS_dqs'
Info:     IO port 'ddr3_dqs_n[1]' driven by IOBUFDS 'ddr3.ddr3_phy_inst.genblk7[1].genblk1.IOBUFDS_dqs'
Info:     Constraining 'clk200_n' to site 'IOB_X1Y123'
Info:     Tile 'RIOB33_X105Y123'
Info:     Constraining 'clk200_p' to site 'IOB_X1Y124'
Info:     Tile 'RIOB33_X105Y123'
Info:     Constraining 'ddr3_cas_n' to site 'IOB_X1Y125'
Info:     Tile 'RIOB33_X105Y125'
Info:     Constraining 'ddr3_ck_n' to site 'IOB_X1Y143'
Info:     Tile 'RIOB33_X105Y143'
Info:     Constraining 'ddr3_ck_p' to site 'IOB_X1Y144'
Info:     Tile 'RIOB33_X105Y143'
Info:     Constraining 'ddr3_cke' to site 'IOB_X1Y122'
Info:     Tile 'RIOB33_X105Y121'
Info:     Constraining 'ddr3_cs_n' to site 'IOB_X1Y134'
Info:     Tile 'RIOB33_X105Y133'
Info:     Constraining 'ddr3_odt' to site 'IOB_X1Y121'
Info:     Tile 'RIOB33_X105Y121'
Info:     Constraining 'ddr3_ras_n' to site 'IOB_X1Y126'
Info:     Tile 'RIOB33_X105Y125'
Info:     Constraining 'ddr3_reset_n' to site 'IOB_X1Y120'
Info:     Tile 'RIOB33_X105Y119'
Info:     Constraining 'ddr3_we_n' to site 'IOB_X1Y136'
Info:     Tile 'RIOB33_X105Y135'
Info:     Constraining 'rst_n' to site 'IOB_X1Y115'
Info:     Tile 'RIOB33_X105Y115'
Info:     Constraining 'uart_tx' to site 'IOB_X0Y100'
Info:     Tile 'LIOB33_SING_X0Y100'
Info:     Constraining 'ddr3_addr[0]' to site 'IOB_X1Y127'
Info:     Tile 'RIOB33_X105Y127'
Info:     Constraining 'ddr3_addr[1]' to site 'IOB_X1Y133'
Info:     Tile 'RIOB33_X105Y133'
Info:     Constraining 'ddr3_addr[10]' to site 'IOB_X1Y139'
Info:     Tile 'RIOB33_X105Y139'
Info:     Constraining 'ddr3_addr[11]' to site 'IOB_X1Y142'
Info:     Tile 'RIOB33_X105Y141'
Info:     Constraining 'ddr3_addr[12]' to site 'IOB_X1Y141'
Info:     Tile 'RIOB33_X105Y141'
Info:     Constraining 'ddr3_addr[13]' to site 'IOB_X1Y147'
Info:     Tile 'RIOB33_X105Y147'
Info:     Constraining 'ddr3_addr[14]' to site 'IOB_X1Y137'
Info:     Tile 'RIOB33_X105Y137'
Info:     Constraining 'ddr3_addr[2]' to site 'IOB_X1Y130'
Info:     Tile 'RIOB33_X105Y129'
Info:     Constraining 'ddr3_addr[3]' to site 'IOB_X1Y129'
Info:     Tile 'RIOB33_X105Y129'
Info:     Constraining 'ddr3_addr[4]' to site 'IOB_X1Y135'
Info:     Tile 'RIOB33_X105Y135'
Info:     Constraining 'ddr3_addr[5]' to site 'IOB_X1Y138'
Info:     Tile 'RIOB33_X105Y137'
Info:     Constraining 'ddr3_addr[6]' to site 'IOB_X1Y140'
Info:     Tile 'RIOB33_X105Y139'
Info:     Constraining 'ddr3_addr[7]' to site 'IOB_X1Y148'
Info:     Tile 'RIOB33_X105Y147'
Info:     Constraining 'ddr3_addr[8]' to site 'IOB_X1Y145'
Info:     Tile 'RIOB33_X105Y145'
Info:     Constraining 'ddr3_addr[9]' to site 'IOB_X1Y146'
Info:     Tile 'RIOB33_X105Y145'
Info:     Constraining 'ddr3_ba[0]' to site 'IOB_X1Y131'
Info:     Tile 'RIOB33_X105Y131'
Info:     Constraining 'ddr3_ba[1]' to site 'IOB_X1Y132'
Info:     Tile 'RIOB33_X105Y131'
Info:     Constraining 'ddr3_ba[2]' to site 'IOB_X1Y128'
Info:     Tile 'RIOB33_X105Y127'
Info:     Constraining 'led[0]' to site 'IOB_X0Y233'
Info:     Tile 'LIOB33_X0Y233'
Info:     Constraining 'led[1]' to site 'IOB_X0Y234'
Info:     Tile 'LIOB33_X0Y233'
Info:     Constraining 'led[2]' to site 'IOB_X0Y238'
Info:     Tile 'LIOB33_X0Y237'
Info:     Constraining 'led[3]' to site 'IOB_X0Y237'
Info:     Tile 'LIOB33_X0Y237'
Info:     Constraining 'ddr3_dq[0]' to site 'IOB_X1Y196'
Info:     Tile 'RIOB33_X105Y195'
Info:     Constraining 'ddr3_dq[10]' to site 'IOB_X1Y184'
Info:     Tile 'RIOB33_X105Y183'
Info:     Constraining 'ddr3_dq[11]' to site 'IOB_X1Y179'
Info:     Tile 'RIOB33_X105Y179'
Info:     Constraining 'ddr3_dq[12]' to site 'IOB_X1Y185'
Info:     Tile 'RIOB33_X105Y185'
Info:     Constraining 'ddr3_dq[13]' to site 'IOB_X1Y180'
Info:     Tile 'RIOB33_X105Y179'
Info:     Constraining 'ddr3_dq[14]' to site 'IOB_X1Y186'
Info:     Tile 'RIOB33_X105Y185'
Info:     Constraining 'ddr3_dq[15]' to site 'IOB_X1Y176'
Info:     Tile 'RIOB33_X105Y175'
Info:     Constraining 'ddr3_dq[1]' to site 'IOB_X1Y190'
Info:     Tile 'RIOB33_X105Y189'
Info:     Constraining 'ddr3_dq[2]' to site 'IOB_X1Y197'
Info:     Tile 'RIOB33_X105Y197'
Info:     Constraining 'ddr3_dq[3]' to site 'IOB_X1Y188'
Info:     Tile 'RIOB33_X105Y187'
Info:     Constraining 'ddr3_dq[4]' to site 'IOB_X1Y195'
Info:     Tile 'RIOB33_X105Y195'
Info:     Constraining 'ddr3_dq[5]' to site 'IOB_X1Y189'
Info:     Tile 'RIOB33_X105Y189'
Info:     Constraining 'ddr3_dq[6]' to site 'IOB_X1Y198'
Info:     Tile 'RIOB33_X105Y197'
Info:     Constraining 'ddr3_dq[7]' to site 'IOB_X1Y192'
Info:     Tile 'RIOB33_X105Y191'
Info:     Constraining 'ddr3_dq[8]' to site 'IOB_X1Y178'
Info:     Tile 'RIOB33_X105Y177'
Info:     Constraining 'ddr3_dq[9]' to site 'IOB_X1Y177'
Info:     Tile 'RIOB33_X105Y177'
Info:     Constraining 'ddr3_dm[0]' to site 'IOB_X1Y191'
Info:     Tile 'RIOB33_X105Y191'
Info:     Constraining 'ddr3_dm[1]' to site 'IOB_X1Y183'
Info:     Tile 'RIOB33_X105Y183'
Info:     Constraining 'ddr3_dqs_p[0]' to site 'IOB_X1Y194'
Info:     Tile 'RIOB33_X105Y193'
Info:     Constraining 'ddr3_dqs_n[0]' to site 'IOB_X1Y193'
Info:     Tile 'RIOB33_X105Y193'
Info:     Constraining 'ddr3_dqs_p[1]' to site 'IOB_X1Y182'
Info:     Tile 'RIOB33_X105Y181'
Info:     Constraining 'ddr3_dqs_n[1]' to site 'IOB_X1Y181'
Info:     Tile 'RIOB33_X105Y181'
Info: Generating output buffer for '$iopadmap$tms_ddr3_ax7203.ddr3_cas_n'
Info: Generating output buffer for '$iopadmap$tms_ddr3_ax7203.ddr3_cke'
Info: Generating output buffer for '$iopadmap$tms_ddr3_ax7203.ddr3_cs_n'
Info: Generating output buffer for '$iopadmap$tms_ddr3_ax7203.ddr3_odt'
Info: Generating output buffer for '$iopadmap$tms_ddr3_ax7203.ddr3_ras_n'
Info: Generating output buffer for '$iopadmap$tms_ddr3_ax7203.ddr3_reset_n'
Info: Generating output buffer for '$iopadmap$tms_ddr3_ax7203.ddr3_we_n'
Info: Generating input buffer for '$iopadmap$tms_ddr3_ax7203.rst_n'
Info: Generating output buffer for '$iopadmap$tms_ddr3_ax7203.uart_tx'
Info: Generating output buffer for '$iopadmap$tms_ddr3_ax7203.ddr3_addr'
Info: Generating output buffer for '$iopadmap$tms_ddr3_ax7203.ddr3_addr_1'
Info: Generating output buffer for '$iopadmap$tms_ddr3_ax7203.ddr3_addr_10'
Info: Generating output buffer for '$iopadmap$tms_ddr3_ax7203.ddr3_addr_11'
Info: Generating output buffer for '$iopadmap$tms_ddr3_ax7203.ddr3_addr_12'
Info: Generating output buffer for '$iopadmap$tms_ddr3_ax7203.ddr3_addr_13'
Info: Generating output buffer for '$iopadmap$tms_ddr3_ax7203.ddr3_addr_14'
Info: Generating output buffer for '$iopadmap$tms_ddr3_ax7203.ddr3_addr_2'
Info: Generating output buffer for '$iopadmap$tms_ddr3_ax7203.ddr3_addr_3'
Info: Generating output buffer for '$iopadmap$tms_ddr3_ax7203.ddr3_addr_4'
Info: Generating output buffer for '$iopadmap$tms_ddr3_ax7203.ddr3_addr_5'
Info: Generating output buffer for '$iopadmap$tms_ddr3_ax7203.ddr3_addr_6'
Info: Generating output buffer for '$iopadmap$tms_ddr3_ax7203.ddr3_addr_7'
Info: Generating output buffer for '$iopadmap$tms_ddr3_ax7203.ddr3_addr_8'
Info: Generating output buffer for '$iopadmap$tms_ddr3_ax7203.ddr3_addr_9'
Info: Generating output buffer for '$iopadmap$tms_ddr3_ax7203.ddr3_ba'
Info: Generating output buffer for '$iopadmap$tms_ddr3_ax7203.ddr3_ba_1'
Info: Generating output buffer for '$iopadmap$tms_ddr3_ax7203.ddr3_ba_2'
Info: Generating output buffer for '$iopadmap$tms_ddr3_ax7203.led'
Info: Generating output buffer for '$iopadmap$tms_ddr3_ax7203.led_1'
Info: Generating output buffer for '$iopadmap$tms_ddr3_ax7203.led_2'
Info: Generating output buffer for '$iopadmap$tms_ddr3_ax7203.led_3'
Info: Generating input buffer for 'ddr3.ddr3_phy_inst.genblk5[0].genblk1.IOBUF_data'
Info: Generating output buffer for 'ddr3.ddr3_phy_inst.genblk5[0].genblk1.IOBUF_data'
Info: Generating input buffer for 'ddr3.ddr3_phy_inst.genblk5[10].genblk1.IOBUF_data'
Info: Generating output buffer for 'ddr3.ddr3_phy_inst.genblk5[10].genblk1.IOBUF_data'
Info: Generating input buffer for 'ddr3.ddr3_phy_inst.genblk5[11].genblk1.IOBUF_data'
Info: Generating output buffer for 'ddr3.ddr3_phy_inst.genblk5[11].genblk1.IOBUF_data'
Info: Generating input buffer for 'ddr3.ddr3_phy_inst.genblk5[12].genblk1.IOBUF_data'
Info: Generating output buffer for 'ddr3.ddr3_phy_inst.genblk5[12].genblk1.IOBUF_data'
Info: Generating input buffer for 'ddr3.ddr3_phy_inst.genblk5[13].genblk1.IOBUF_data'
Info: Generating output buffer for 'ddr3.ddr3_phy_inst.genblk5[13].genblk1.IOBUF_data'
Info: Generating input buffer for 'ddr3.ddr3_phy_inst.genblk5[14].genblk1.IOBUF_data'
Info: Generating output buffer for 'ddr3.ddr3_phy_inst.genblk5[14].genblk1.IOBUF_data'
Info: Generating input buffer for 'ddr3.ddr3_phy_inst.genblk5[15].genblk1.IOBUF_data'
Info: Generating output buffer for 'ddr3.ddr3_phy_inst.genblk5[15].genblk1.IOBUF_data'
Info: Generating input buffer for 'ddr3.ddr3_phy_inst.genblk5[1].genblk1.IOBUF_data'
Info: Generating output buffer for 'ddr3.ddr3_phy_inst.genblk5[1].genblk1.IOBUF_data'
Info: Generating input buffer for 'ddr3.ddr3_phy_inst.genblk5[2].genblk1.IOBUF_data'
Info: Generating output buffer for 'ddr3.ddr3_phy_inst.genblk5[2].genblk1.IOBUF_data'
Info: Generating input buffer for 'ddr3.ddr3_phy_inst.genblk5[3].genblk1.IOBUF_data'
Info: Generating output buffer for 'ddr3.ddr3_phy_inst.genblk5[3].genblk1.IOBUF_data'
Info: Generating input buffer for 'ddr3.ddr3_phy_inst.genblk5[4].genblk1.IOBUF_data'
Info: Generating output buffer for 'ddr3.ddr3_phy_inst.genblk5[4].genblk1.IOBUF_data'
Info: Generating input buffer for 'ddr3.ddr3_phy_inst.genblk5[5].genblk1.IOBUF_data'
Info: Generating output buffer for 'ddr3.ddr3_phy_inst.genblk5[5].genblk1.IOBUF_data'
Info: Generating input buffer for 'ddr3.ddr3_phy_inst.genblk5[6].genblk1.IOBUF_data'
Info: Generating output buffer for 'ddr3.ddr3_phy_inst.genblk5[6].genblk1.IOBUF_data'
Info: Generating input buffer for 'ddr3.ddr3_phy_inst.genblk5[7].genblk1.IOBUF_data'
Info: Generating output buffer for 'ddr3.ddr3_phy_inst.genblk5[7].genblk1.IOBUF_data'
Info: Generating input buffer for 'ddr3.ddr3_phy_inst.genblk5[8].genblk1.IOBUF_data'
Info: Generating output buffer for 'ddr3.ddr3_phy_inst.genblk5[8].genblk1.IOBUF_data'
Info: Generating input buffer for 'ddr3.ddr3_phy_inst.genblk5[9].genblk1.IOBUF_data'
Info: Generating output buffer for 'ddr3.ddr3_phy_inst.genblk5[9].genblk1.IOBUF_data'
Info: Generating output buffer for 'ddr3.ddr3_phy_inst.genblk6[0].genblk1.OBUF_dm'
Info: Generating output buffer for 'ddr3.ddr3_phy_inst.genblk6[1].genblk1.OBUF_dm'
Info:     Created 3 INVERTER cells from:
Info:              3x INV
Info:     Created 57 PAD cells from:
Info:             57x PAD
Info: Preparing clocking...
Info: Packing constants..
Info: Packing cfg...
Info: Packing PLLs...
Info:     Constrained PLLE2_ADV_PLLE2_ADV 'pll' to bel 'PLLE2_ADV_X1Y2/PLLE2_ADV' based on dedicated routing
Info:     PLL/MMCM: disconnected 28 const DRP/control pins (Vivado leaves them unrouted)
Info: Packing Gigabit Transceivers..
Info: Packing global buffers...
Info:     Constrained BUFGCTRL 'clk_ctrl_bufg' to bel 'BUFGCTRL_X0Y0/BUFGCTRL' based on dedicated routing
Info:     Constrained BUFGCTRL 'clk_ddr_90_bufg' to bel 'BUFGCTRL_X0Y1/BUFGCTRL' based on dedicated routing
Info:     Constrained BUFGCTRL 'clk_ddr_bufg' to bel 'BUFGCTRL_X0Y2/BUFGCTRL' based on dedicated routing
Info:     Constrained BUFGCTRL 'clk_ref_bufg' to bel 'BUFGCTRL_X0Y3/BUFGCTRL' based on dedicated routing
Info: Packing MUX[789]s..
Info: Packing carries (atomic CARRY4)..
Info:    Packed 317 CARRY4 cells into 75 chains (atomic).
Info: router2 PRECYINIT fix: 317 CARRY4 cells, 392 constant carry pins disconnected
Info:    Carry-O relocation: 18 sum(s) duplicated, 18 CARRY4 split(s), 0 bit(s) skipped (unrelocatable)
Info: Packing LUTs..
Info:     Created 9434 SLICE_LUTX cells from:
Info:           2509x LUT1
Info:           1217x LUT2
Info:           1584x LUT3
Info:           1069x LUT4
Info:           2100x LUT5
Info:            955x LUT6
Info: Packing DRAM..
Info:    Transformed 0 tied-low DRAM address inputs to be tied-high
Info: Packing BRAM..
Info: Packing DSPs..
Info: Packing flipflops..
Info:     Created 4135 SLICE_FFX cells from:
Info:           1858x FDCE
Info:             16x FDPE
Info:           2236x FDRE
Info:             25x FDSE
Info:     local-const FF control: disconnected 85 SR(=GND) + 2600 CE(=VCC) pins from global nets
Info: Constrained 2809 LUTFF pairs.

Info: Annotating ports with timing budgets for target frequency 12.00 MHz
Info: Checksum: 0xbc13c773

Info: Device utilisation:
Info: 	          SLICE_LUTX:  9434/269200     3%
Info: 	           SLICE_FFX:  4135/269200     1%
Info: 	              CARRY4:   335/33650     0%
Info: 	          PSEUDO_GND:     1/69165     0%
Info: 	          PSEUDO_VCC:     1/69165     0%
Info: 	               HARD0:     0/ 3960     0%
Info: 	            RAMB18E1:     0/  730     0%
Info: 	            FIFO18E1:     0/  365     0%
Info: 	        RAMBFIFO36E1:     0/  365     0%
Info: 	            RAMB36E1:     0/  365     0%
Info: 	             DSP48E1:     0/  740     0%
Info: 	                 PAD:    57/ 1062     5%
Info: 	       IOB33M_OUTBUF:     3/  240     1%
Info: 	       IOB33S_OUTBUF:     3/  240     1%
Info: 	        IOB33_OUTBUF:    48/  500     9%
Info: 	     IOB33M_INBUF_EN:     3/  240     1%
Info: 	     IOB33S_INBUF_EN:     0/  240     0%
Info: 	      IOB33_INBUF_EN:    17/  500     3%
Info: 	IOB33M_TERM_OVERRIDE:     0/  240     0%
Info: 	IOB33S_TERM_OVERRIDE:     0/  240     0%
Info: 	 IOB33_TERM_OVERRIDE:     0/  500     0%
Info: 	       PULL_OR_KEEP1:     0/  980     0%
Info: 	            IDELAYE2:    18/  500     3%
Info: 	        OLOGICE3_TFF:     0/  500     0%
Info: 	      OLOGICE3_OUTFF:     0/  500     0%
Info: 	       OLOGICE3_MISR:     0/  500     0%
Info: 	           OSERDESE2:    45/  500     9%
Info: 	        ILOGICE3_IFF:     0/  500     0%
Info: 	ILOGICE3_ZHOLD_DELAY:     0/  500     0%
Info: 	           ISERDESE2:    18/  500     3%
Info: 	                BUFR:     0/   40     0%
Info: 	               BUFIO:     0/   40     0%
Info: 	          IDELAYCTRL:     1/   10    10%
Info: 	            BUFGCTRL:     4/   32    12%
Info: 	            PCIE_2_1:     0/    1     0%
Info: 	               BSCAN:     0/    4     0%
Info: 	                BUFG:     0/   32     0%
Info: 	              BUFHCE:     0/  120     0%
Info: 	            DCIRESET:     0/    1     0%
Info: 	            DNA_PORT:     0/    1     0%
Info: 	           EFUSE_USR:     0/    1     0%
Info: 	           FRAME_ECC:     0/    1     0%
Info: 	       GTPE2_CHANNEL:     0/   16     0%
Info: 	        GTPE2_COMMON:     0/    4     0%
Info: 	         IBUFDS_GTE2:     0/    8     0%
Info: 	                ICAP:     0/    2     0%
Info: 	            INVERTER:     3/  240     1%
Info: 	          MMCME2_ADV:     0/   10     0%
Info: 	        OLOGICE2_TFF:     0/  500     0%
Info: 	      OLOGICE2_OUTFF:     0/  500     0%
Info: 	           PLLE2_ADV:     1/   10    10%
Info: 	           SELMUX2_1:     0/102950     0%
Info: 	             STARTUP:     0/    1     0%
Info: 	          USR_ACCESS:     0/    1     0%
Info: 	              BUFFER:     0/   82     0%
Info: 	        ILOGICE2_IFF:     0/  500     0%
Info: 	       OLOGICE2_MISR:     0/  500     0%

Info: HeAP congestion knobs: beta=0.400 spread_scale=2,1 alpha=0.080
Info: Placed 221 cells based on constraints.
Info: Creating initial analytic placement for 8039 cells, random placement wirelen = 3305403.
Info:     at initial placer iter 0, wirelen = 34756
Info:     at initial placer iter 1, wirelen = 31355
Info:     at initial placer iter 2, wirelen = 30598
Info:     at initial placer iter 3, wirelen = 30081
Info: Running main analytical placer.
Info:     at iteration #1, type ALL: wirelen solved = 29764, spread = 385823, legal = 385766; time = 0.16s
Info:     at iteration #2, type ALL: wirelen solved = 62165, spread = 288275, legal = 294445; time = 0.16s
Info:     at iteration #3, type ALL: wirelen solved = 78288, spread = 227457, legal = 234475; time = 0.16s
Info:     at iteration #4, type ALL: wirelen solved = 88883, spread = 201309, legal = 204186; time = 0.15s
Info:     at iteration #5, type ALL: wirelen solved = 96590, spread = 203402, legal = 205934; time = 0.14s
Info:     at iteration #6, type ALL: wirelen solved = 107034, spread = 221158, legal = 227355; time = 0.14s
Info:     at iteration #7, type ALL: wirelen solved = 110863, spread = 204835, legal = 207196; time = 0.14s
Info:     at iteration #8, type ALL: wirelen solved = 117870, spread = 187066, legal = 191200; time = 0.14s
Info:     at iteration #9, type ALL: wirelen solved = 120150, spread = 199745, legal = 205895; time = 0.14s
Info:     at iteration #10, type ALL: wirelen solved = 125137, spread = 207855, legal = 217169; time = 0.14s
Info:     at iteration #11, type ALL: wirelen solved = 133853, spread = 189674, legal = 194003; time = 0.14s
Info:     at iteration #12, type ALL: wirelen solved = 135040, spread = 200544, legal = 203773; time = 0.13s
Info:     at iteration #13, type ALL: wirelen solved = 146631, spread = 209104, legal = 210806; time = 0.14s
Info: HeAP Placer Time: 2.97s
Info:   of which solving equations: 1.46s
Info:   of which spreading cells: 0.30s
Info:   of which strict legalisation: 0.40s

Info: Running simulated annealing placer for refinement.
Info:   at iteration #1: temp = 0.000000, timing cost = 586, wirelen = 191200
Info:   at iteration #5: temp = 0.000000, timing cost = 242, wirelen = 176836
Info:   at iteration #10: temp = 0.000000, timing cost = 230, wirelen = 175849
Info:   at iteration #15: temp = 0.000000, timing cost = 228, wirelen = 175682
Info:   at iteration #19: temp = 0.000000, timing cost = 228, wirelen = 175567 
Info: SA placement time 4.33s

Info: Max frequency for clock 'clk_ctrl': 64.74 MHz (FAIL at 83.33 MHz)

Info: Slack histogram:
Info:  legend: * represents 25 endpoint(s)
Info:          + represents [1,25) endpoint(s)
Info: [ -3447,  -2690) |+
Info: [ -2690,  -1933) |+
Info: [ -1933,  -1176) |+
Info: [ -1176,   -419) |+
Info: [  -419,    338) |+
Info: [   338,   1095) |*+
Info: [  1095,   1852) |***+
Info: [  1852,   2609) |***+
Info: [  2609,   3366) |************+
Info: [  3366,   4123) |**********************+
Info: [  4123,   4880) |*************************+
Info: [  4880,   5637) |************************+
Info: [  5637,   6394) |**********************+
Info: [  6394,   7151) |*****************+
Info: [  7151,   7908) |*******************+
Info: [  7908,   8665) |**************************************+
Info: [  8665,   9422) |********************************************************+
Info: [  9422,  10179) |************************************************************ 
Info: [ 10179,  10936) |************************************+
Info: [ 10936,  11693) |********************+
Info: Checksum: 0xbbef6408
Info: Running post-placement legalisation...
Info: post-place repair: relocated 3395 stranded cluster(s)/cell(s) to valid bels
Info: Routing global clocks...
Info:     routing clock 'clk_ddr'
Info:     routing clock 'clk_ctrl'
Info:     routing clock 'clk200_in'
Info:     routing clock 'ctrl_raw'
Info:     routing clock 'ddr90_raw'
Info:     routing clock 'clk_ddr_90'
Info:     routing clock 'ddr_raw'
Info:     routing clock 'ref_raw'
Info:     routing clock 'clk_ref'
Info: Running router2...
Info: Setting up routing resources...
Info: Adopted 4302 pre-routed arc(s)
Info: Running main router loop...
Info:     iter=1 wires=209224 overused=7016 overuse=7183 archfail=NA
Info:     iter=2 wires=213811 overused=17 overuse=17 archfail=NA
Info:     iter=3 wires=213828 overused=0 overuse=0 archfail=0
Info: 1000 slowest nets by runtime:
                                                                              ddr3.reset   2164 812.0ms
        $techmap$techmap109921$auto$ff.cc:337:slice$60918.$auto$abc9_ops.cc:411:prep_bypass$109846.CLR   1681 283.5ms
                                        ddr3.ddr3_controller_inst.data_start_index[1][4]    212 261.7ms
                                             $techmap111650$auto$ff.cc:337:slice$44326.D    304 224.0ms
                  $techmap333881$auto$abc_ops_reintegrate.cc:611:reintegrate$329492.A[1]     62 217.3ms
                                                          ddr3.ddr3_controller_inst.lane    132 194.6ms
                                                                                     rst    193 183.0ms
                  $techmap336086$auto$abc_ops_reintegrate.cc:611:reintegrate$328777.A[1]     68 180.6ms
                                             $techmap110421$auto$ff.cc:337:slice$59323.D     46 175.8ms
                                                                            recalibrated      1 169.9ms
                                          $techmap332788$abc$328758$lut$aiger$o9838.A[3]    191 163.0ms
                                                 ddr3.ddr3_controller_inst.stage2_update    158 156.9ms
                                                                          calib_complete     60 154.1ms
                                    $techmap333026$abc$328758$lut$aiger328757$15630.A[1]     84 151.7ms
                  $techmap333243$auto$abc_ops_reintegrate.cc:611:reintegrate$329641.A[0]    176 144.5ms
                                        ddr3.ddr3_controller_inst.data_start_index[0][1]    169 143.2ms
                  $techmap332904$auto$abc_ops_reintegrate.cc:611:reintegrate$328762.A[2]     42 142.9ms
                  $techmap333027$auto$abc_ops_reintegrate.cc:611:reintegrate$329674.A[4]     80 141.4ms
                                          $techmap332788$abc$328758$lut$aiger$o9838.A[2]    192 138.8ms
                  $techmap333050$auto$abc_ops_reintegrate.cc:611:reintegrate$329664.A[1]     76 136.0ms
                  $techmap333176$auto$abc_ops_reintegrate.cc:611:reintegrate$329650.A[1]     97 134.5ms
                  $techmap333368$auto$abc_ops_reintegrate.cc:611:reintegrate$329618.A[1]     92 132.7ms
                  $techmap333368$auto$abc_ops_reintegrate.cc:611:reintegrate$329618.A[2]     84 131.3ms
                  $techmap332665$auto$abc_ops_reintegrate.cc:611:reintegrate$329780.A[2]    139 131.3ms
                                $abc$328758$auto$simple.cc:210:make_patterns_logic$39922    129 129.6ms
                                          $techmap336421$abc$328758$lut$aiger$o7139.A[3]    194 126.8ms
                                                    ddr3.ddr3_controller_inst.late_dq[0]    186 125.4ms
                                        ddr3.ddr3_controller_inst.data_start_index[0][6]    138 124.9ms
                                $abc$328758$auto$simple.cc:210:make_patterns_logic$39963    134 122.6ms
                  $techmap333027$auto$abc_ops_reintegrate.cc:611:reintegrate$329674.A[2]     86 119.4ms
                                        ddr3.ddr3_controller_inst.data_start_index[0][4]    206 118.6ms
                                                    ddr3.ddr3_controller_inst.late_dq[1]    203 114.9ms
                                                 ddr3.ddr3_controller_inst.index_wb_data    129 114.5ms
                                    $techmap333532$abc$328758$lut$aiger328757$19736.A[1]     76 112.6ms
                                                                              pll_locked      2 111.0ms
                  $techmap332956$auto$abc_ops_reintegrate.cc:611:reintegrate$329686.A[2]     86 110.9ms
                                    $techmap332609$abc$328758$lut$aiger328757$11176.A[0]     48 104.4ms
                  $techmap333215$auto$abc_ops_reintegrate.cc:611:reintegrate$329644.A[1]    101 103.9ms
                  $techmap332648$auto$abc_ops_reintegrate.cc:611:reintegrate$329784.A[1]     72 102.8ms
                                         $techmap336707$abc$328758$lut$aiger$o12022.A[3]     72 102.6ms
                                        ddr3.ddr3_controller_inst.data_start_index[0][3]    183 101.6ms
                                    $techmap332658$abc$328758$lut$aiger328757$12260.A[0]    165 100.9ms
                                        ddr3.ddr3_controller_inst.data_start_index[0][5]    150 95.5ms
                                    $techmap333022$abc$328758$lut$aiger328757$15629.A[1]     77 92.1ms
                  $techmap332648$auto$abc_ops_reintegrate.cc:611:reintegrate$329784.A[0]    103 88.7ms
                                        ddr3.ddr3_controller_inst.data_start_index[1][6]    104 88.2ms
                                        ddr3.ddr3_controller_inst.data_start_index[1][5]    107 83.9ms
                                        ddr3.ddr3_controller_inst.data_start_index[1][3]    168 78.7ms
                                        ddr3.ddr3_controller_inst.data_start_index[0][0]    107 77.6ms
                                    $techmap332619$abc$328758$lut$aiger328757$11195.A[0]    117 76.7ms
                                                                                    s_go     64 75.0ms
                                        ddr3.ddr3_controller_inst.data_start_index[0][2]    148 72.5ms
                  $techmap335278$auto$abc_ops_reintegrate.cc:611:reintegrate$329063.A[1]     54 71.3ms
        $flatten\ddr3.\ddr3_controller_inst.$shiftx$build/uberddr3/rtl/ddr3_controller.v:2248$12899.Y     64 70.9ms
                  $techmap333348$auto$abc_ops_reintegrate.cc:611:reintegrate$329628.A[0]     67 69.8ms
                                         $techmap336605$abc$328758$lut$aiger$o11410.A[1]     90 69.6ms
                                        ddr3.ddr3_controller_inst.data_start_index[1][1]    167 67.7ms
                                              ddr3.ddr3_controller_inst.stage2_bank_d[0]     44 66.1ms
                                    $techmap332621$abc$328758$lut$aiger328757$11209.A[0]    109 65.3ms
        $flatten\ddr3.\ddr3_controller_inst.$shiftx$build/uberddr3/rtl/ddr3_controller.v:2248$12907.Y     64 64.4ms
                                        ddr3.ddr3_controller_inst.data_start_index[1][0]    108 63.0ms
                                              ddr3.ddr3_controller_inst.write_pattern[0]     48 62.7ms
                  $techmap333204$auto$abc_ops_reintegrate.cc:611:reintegrate$329648.A[0]    110 61.0ms
                  $techmap335060$auto$abc_ops_reintegrate.cc:611:reintegrate$329123.A[0]     55 60.5ms
                  $techmap333176$auto$abc_ops_reintegrate.cc:611:reintegrate$329650.A[0]     64 59.7ms
                                    $techmap332615$abc$328758$lut$aiger328757$11184.A[0]     49 59.4ms
                                          $techmap338496$abc$328758$lut$aiger$o9439.A[1]     73 58.3ms
                                        ddr3.ddr3_controller_inst.data_start_index[1][2]    147 58.0ms
                                        ddr3.ddr3_controller_inst.instruction_address[3]     26 57.3ms
                                                                                 tx_busy     77 52.5ms
                                $abc$328758$auto$simple.cc:210:make_patterns_logic$39766     64 51.3ms
                  $techmap333215$auto$abc_ops_reintegrate.cc:611:reintegrate$329644.A[2]     78 51.0ms
        $flatten\ddr3.\ddr3_controller_inst.$shiftx$build/uberddr3/rtl/ddr3_controller.v:2225$12903.Y     64 50.8ms
                                         $techmap336531$abc$328758$lut$aiger$o11999.A[1]     68 50.3ms
                                                             ddr3.ddr3_phy_inst.sync_rst     64 50.0ms
                                    $techmap332569$abc$328758$lut$aiger328757$11051.A[0]     59 46.7ms
        $flatten\ddr3.\ddr3_controller_inst.$shiftx$build/uberddr3/rtl/ddr3_controller.v:2225$12895.Y     64 45.7ms
                  $techmap333523$auto$abc_ops_reintegrate.cc:611:reintegrate$329564.A[5]     41 45.5ms
                  $techmap333215$auto$abc_ops_reintegrate.cc:611:reintegrate$329644.A[3]     43 44.6ms
                                         $techmap336528$abc$328758$lut$aiger$o11997.A[1]     64 41.2ms
                                $abc$328758$auto$simple.cc:210:make_patterns_logic$39306     64 37.0ms
                                            ddr3.ddr3_controller_inst.dqs_start_index[0]     43 36.9ms
                  $techmap332556$auto$abc_ops_reintegrate.cc:611:reintegrate$329789.A[5]     57 35.1ms
                                    $techmap337188$abc$328758$lut$aiger328757$34512.A[0]      3 34.2ms
                                         $techmap336528$abc$328758$lut$aiger$o11997.A[0]     64 31.4ms
                                          $techmap333202$abc$328758$lut$aiger$o8908.A[1]     45 29.8ms
                                           $abc$328758$auto$rtlil.cc:3488:NotGate$102676     23 29.4ms
                  $techmap333380$auto$abc_ops_reintegrate.cc:611:reintegrate$329614.A[1]     66 25.7ms
                                             $techmap111652$auto$ff.cc:337:slice$44324.D     65 24.4ms
                                              ddr3.ddr3_controller_inst.stage2_bank_d[2]     38 24.3ms
                  $techmap334196$auto$abc_ops_reintegrate.cc:611:reintegrate$329408.A[2]      4 22.2ms
                                         ddr3.ddr3_controller_inst.stage1_next_bank_d[1]     39 22.1ms
                                         ddr3.ddr3_controller_inst.stage1_next_bank_d[0]     40 21.8ms
                                         ddr3.ddr3_controller_inst.stage1_next_bank_d[2]     18 21.4ms
                  $techmap332695$auto$abc_ops_reintegrate.cc:611:reintegrate$329773.A[4]     17 21.2ms
                  $techmap333535$auto$abc_ops_reintegrate.cc:611:reintegrate$329562.A[2]     40 19.6ms
                                                ddr3.ddr3_controller_inst.stage1_bank[2]     35 19.2ms
                  $techmap334400$auto$abc_ops_reintegrate.cc:611:reintegrate$329343.A[0]     33 18.9ms
                                                          ddr3.idelay_data_cntvaluein[4]     20 18.8ms
                                          $techmap338496$abc$328758$lut$aiger$o9439.A[2]     32 18.3ms
                                    $techmap334479$abc$328758$lut$aiger328757$28198.A[4]     32 17.4ms
                                             $techmap109997$auto$ff.cc:337:slice$59582.D     33 16.3ms
                  $techmap335140$auto$abc_ops_reintegrate.cc:611:reintegrate$329093.A[2]      3 16.1ms
                                $abc$328758$auto$simple.cc:210:make_patterns_logic$39379     40 16.0ms
                                                                                 uart.tx      1 16.0ms
                  $techmap334445$auto$abc_ops_reintegrate.cc:611:reintegrate$329328.A[4]      1 15.9ms
                                          $techmap336782$abc$328758$lut$aiger$o8806.A[5]     33 15.8ms
                                    $techmap332302$abc$328758$lut$aiger328757$15375.A[5]     21 15.7ms
                                             $techmap109995$auto$ff.cc:337:slice$60657.D     39 15.5ms
                  $techmap335931$auto$abc_ops_reintegrate.cc:611:reintegrate$328869.A[1]     28 15.5ms
                                         $techmap336607$abc$328758$lut$aiger$o11414.A[1]     40 15.5ms
                                                ddr3.ddr3_controller_inst.stage1_bank[0]     40 15.4ms
                                    $techmap338221$abc$328758$lut$aiger328757$12328.A[5]      1 15.4ms
                                              ddr3.ddr3_controller_inst.stage2_bank_d[1]     35 15.3ms
                  $techmap335789$auto$abc_ops_reintegrate.cc:611:reintegrate$328928.A[1]     30 15.3ms
                  $techmap332594$auto$abc_ops_reintegrate.cc:611:reintegrate$329786.A[1]     40 15.0ms
                                                ddr3.ddr3_controller_inst.stage1_bank[1]     33 14.9ms
                                        ddr3.ddr3_controller_inst.instruction_address[2]     23 14.4ms
                  $techmap334462$auto$abc_ops_reintegrate.cc:611:reintegrate$329323.A[1]     27 14.1ms
                                    $techmap332302$abc$328758$lut$aiger328757$15375.A[4]     23 13.8ms
                  $techmap335687$auto$abc_ops_reintegrate.cc:611:reintegrate$328966.A[1]     28 13.5ms
                  $techmap332778$auto$abc_ops_reintegrate.cc:611:reintegrate$329729.A[3]     22 13.3ms
                  $techmap332729$auto$abc_ops_reintegrate.cc:611:reintegrate$329766.A[3]     17 13.1ms
                                                                               debug1[0]     39 12.7ms
                  $techmap335356$auto$abc_ops_reintegrate.cc:611:reintegrate$329044.A[0]     30 12.7ms
                  $techmap332164$auto$abc_ops_reintegrate.cc:611:reintegrate$329827.A[3]      2 12.6ms
                                               ddr3.ddr3_controller_inst.stage1_data[79]      2 12.4ms
                  $techmap333799$auto$abc_ops_reintegrate.cc:611:reintegrate$329504.A[3]     21 12.3ms
                                    $techmap332658$abc$328758$lut$aiger328757$12260.A[1]     36 12.2ms
                  $techmap335764$auto$abc_ops_reintegrate.cc:611:reintegrate$328938.A[1]     29 12.2ms
                                         $techmap336622$abc$328758$lut$aiger$o12008.A[1]     29 12.2ms
                                                                               debug1[2]     29 12.1ms
                                    $techmap335006$abc$328758$lut$aiger328757$32844.A[1]     34 12.0ms
                                      ddr3.ddr3_controller_inst.write_by_byte_counter[0]     27 11.8ms
                                    ddr3.ddr3_controller_inst.stage2_data_unaligned[110]      6 11.6ms
                  $techmap332825$auto$abc_ops_reintegrate.cc:611:reintegrate$329712.A[1]     30 11.6ms
                                     ddr3.ddr3_controller_inst.stage2_data_unaligned[62]      5 11.2ms
                                     $techmap333017$abc$328758$lut$aiger328757$9530.A[1]     37 11.1ms
                                          $techmap338000$abc$328758$lut$aiger$o9025.A[3]     25 11.1ms
                  $techmap332701$auto$abc_ops_reintegrate.cc:611:reintegrate$329772.A[3]     16 11.1ms
                                            ddr3.ddr3_controller_inst.dqs_start_index[1]     38 11.1ms
                  $techmap332717$auto$abc_ops_reintegrate.cc:611:reintegrate$329769.A[4]     18 11.0ms
                  $techmap335348$auto$abc_ops_reintegrate.cc:611:reintegrate$329047.A[1]     24 11.0ms
                  $techmap332729$auto$abc_ops_reintegrate.cc:611:reintegrate$329766.A[4]     19 10.8ms
                                                          ddr3.idelay_data_cntvaluein[3]     20 10.8ms
                                     $techmap332686$abc$328758$lut$aiger328757$9372.A[1]     19 10.8ms
                  $techmap332717$auto$abc_ops_reintegrate.cc:611:reintegrate$329769.A[3]     17 10.7ms
                  $techmap333046$auto$abc_ops_reintegrate.cc:611:reintegrate$329666.A[2]     30 10.5ms
                  $techmap332725$auto$abc_ops_reintegrate.cc:611:reintegrate$329767.A[4]     19 10.5ms
                  $techmap333042$auto$abc_ops_reintegrate.cc:611:reintegrate$329668.A[1]     20 10.5ms
                                          ddr3.ddr3_controller_inst.start_index_check[4]     38 10.3ms
                                    $techmap336418$abc$328758$lut$aiger328757$17308.A[3]     30 10.2ms
                                                                               debug1[1]     29 10.2ms
                  $techmap335720$auto$abc_ops_reintegrate.cc:611:reintegrate$328958.A[0]     15 10.2ms
                  $techmap332695$auto$abc_ops_reintegrate.cc:611:reintegrate$329773.A[3]     16 10.1ms
                  $techmap335348$auto$abc_ops_reintegrate.cc:611:reintegrate$329047.A[0]     28 9.9ms
                  $techmap332721$auto$abc_ops_reintegrate.cc:611:reintegrate$329768.A[4]     18 9.9ms
                                       ddr3.ddr3_controller_inst.delay_counter_is_zero_d     26 9.8ms
                                    $techmap336732$abc$328758$lut$aiger328757$33356.A[1]      3 9.8ms
                                    $techmap334007$abc$328758$lut$aiger328757$24616.A[2]      3 9.7ms
                                          ddr3.ddr3_controller_inst.start_index_check[5]     37 9.7ms
                  $techmap334716$auto$abc_ops_reintegrate.cc:611:reintegrate$329234.A[2]      4 9.6ms
                  $techmap335060$auto$abc_ops_reintegrate.cc:611:reintegrate$329123.A[3]     18 9.6ms
                                         $techmap338678$abc$328758$lut$aiger$o11250.A[0]      1 9.6ms
                  $techmap332713$auto$abc_ops_reintegrate.cc:611:reintegrate$329770.A[3]     18 9.5ms
                                    $techmap332618$abc$328758$lut$aiger328757$11190.A[1]     11 9.5ms
                  $techmap333199$auto$abc_ops_reintegrate.cc:611:reintegrate$329649.A[2]     35 9.4ms
                                          $techmap338916$abc$328758$lut$aiger$o9827.A[3]      1 9.3ms
                  $techmap334212$auto$abc_ops_reintegrate.cc:611:reintegrate$329398.A[1]     30 9.3ms
                                             $auto$alumacc.cc:548:replace_alu$42281.Y[1]      3 9.3ms
                                        ddr3.ddr3_controller_inst.instruction_address[4]     25 9.2ms
                  $techmap332701$auto$abc_ops_reintegrate.cc:611:reintegrate$329772.A[4]     17 9.1ms
                  $techmap332665$auto$abc_ops_reintegrate.cc:611:reintegrate$329780.A[3]     33 9.0ms
                  $techmap333334$auto$abc_ops_reintegrate.cc:611:reintegrate$329632.A[2]     21 8.7ms
                                    $techmap332612$abc$328758$lut$aiger328757$11181.A[0]     18 8.7ms
                  $techmap333204$auto$abc_ops_reintegrate.cc:611:reintegrate$329648.A[2]     33 8.6ms
                                                          ddr3.idelay_data_cntvaluein[0]     21 8.6ms
                  $techmap332598$auto$abc_ops_reintegrate.cc:611:reintegrate$329785.A[2]     17 8.5ms
                                $abc$328758$auto$simple.cc:210:make_patterns_logic$39979     28 8.5ms
                  $techmap334830$auto$abc_ops_reintegrate.cc:611:reintegrate$329199.A[1]     23 8.5ms
        $abc$328758$flatten\ddr3.\ddr3_phy_inst.$logic_not$build/uberddr3/rtl/ddr3_phy.v:1126$11877_Y      4 8.5ms
                                          $techmap336782$abc$328758$lut$aiger$o8806.A[2]     33 8.4ms
                  $techmap332725$auto$abc_ops_reintegrate.cc:611:reintegrate$329767.A[3]     17 8.3ms
                                           ddr3.ddr3_controller_inst.stage1_next_bank[2]     20 8.3ms
                                    ddr3.ddr3_controller_inst.calib_data_randomized[105]      9 8.2ms
                                    $techmap333847$abc$328758$lut$aiger328757$23543.A[3]     11 8.2ms
                                          $techmap336335$abc$328758$lut$aiger$o7867.A[4]     31 8.2ms
                  $techmap332721$auto$abc_ops_reintegrate.cc:611:reintegrate$329768.A[3]     19 8.2ms
                  $techmap332713$auto$abc_ops_reintegrate.cc:611:reintegrate$329770.A[4]     18 8.1ms
                                        ddr3.ddr3_controller_inst.instruction_address[0]     23 8.1ms
                  $techmap333243$auto$abc_ops_reintegrate.cc:611:reintegrate$329641.A[1]     36 8.0ms
                                                 ddr3.ddr3_controller_inst.stage2_do_act     22 8.0ms
                  $techmap332032$auto$abc_ops_reintegrate.cc:611:reintegrate$329836.A[1]      5 7.9ms
                                     ddr3.ddr3_controller_inst.stage2_data_unaligned[96]      8 7.8ms
                                $abc$328758$auto$simple.cc:193:make_patterns_logic$43894      7 7.8ms
                                      ddr3.ddr3_controller_inst.stage2_data_unaligned[1]     10 7.6ms
                                    $techmap335347$abc$328758$lut$aiger328757$35085.A[1]     23 7.5ms
                  $techmap332707$auto$abc_ops_reintegrate.cc:611:reintegrate$329771.A[4]     18 7.5ms
                  $techmap336038$auto$abc_ops_reintegrate.cc:611:reintegrate$328812.A[4]     14 7.5ms
                                                          ddr3.idelay_data_cntvaluein[1]     20 7.5ms
                                     $techmap333017$abc$328758$lut$aiger328757$9530.A[0]     34 7.4ms
                                          $techmap337518$abc$328758$lut$aiger$o8449.A[2]     32 7.3ms
                  $techmap332707$auto$abc_ops_reintegrate.cc:611:reintegrate$329771.A[3]     17 7.2ms
                                           ddr3.ddr3_controller_inst.stage1_next_row[14]     10 7.2ms
                                          $techmap336421$abc$328758$lut$aiger$o7139.A[0]     33 7.1ms
                                    $techmap332601$abc$328758$lut$aiger328757$11232.A[0]     19 7.1ms
                                         $techmap337456$abc$328758$lut$aiger$o11544.A[4]      4 6.9ms
                  $techmap333462$auto$abc_ops_reintegrate.cc:611:reintegrate$329586.A[3]      9 6.9ms
                                           $abc$328758$auto$rtlil.cc:3488:NotGate$102802     18 6.9ms
                  $techmap334533$auto$abc_ops_reintegrate.cc:611:reintegrate$329293.A[2]     17 6.9ms
                  $techmap332908$auto$abc_ops_reintegrate.cc:611:reintegrate$328760.A[0]      8 6.8ms
                  $techmap332307$auto$abc_ops_reintegrate.cc:611:reintegrate$329815.A[5]     11 6.8ms
                                                          ddr3.idelay_data_cntvaluein[2]     20 6.8ms
                                                                               heartbeat      2 6.8ms
                                      ddr3.ddr3_controller_inst.write_by_byte_counter[1]     20 6.8ms
                                    $techmap332623$abc$328758$lut$aiger328757$11211.A[1]     21 6.8ms
                                        ddr3.ddr3_controller_inst.instruction_address[1]     22 6.8ms
                                           ddr3.ddr3_controller_inst.o_wb_data_q[1][122]      1 6.8ms
                                          $techmap333505$abc$328758$lut$aiger$o9618.A[2]     32 6.7ms
                  $techmap333031$auto$abc_ops_reintegrate.cc:611:reintegrate$329671.A[3]     27 6.7ms
                                                                               debug1[4]     23 6.6ms
                                                ddr3.ddr3_controller_inst.stage2_pending     23 6.6ms
                                      ddr3.ddr3_controller_inst.stage2_data_unaligned[0]     12 6.6ms
                                    $techmap337030$abc$328758$lut$aiger328757$17063.A[2]     13 6.5ms
                                    $techmap332619$abc$328758$lut$aiger328757$11195.A[4]     11 6.5ms
                                                 ddr3.ddr3_controller_inst.stage2_row[8]     11 6.4ms
                  $techmap336020$auto$abc_ops_reintegrate.cc:611:reintegrate$328822.A[2]     17 6.4ms
                                         $techmap338266$abc$328758$lut$aiger$o12641.A[2]      1 6.3ms
                  $techmap331992$auto$abc_ops_reintegrate.cc:611:reintegrate$329876.A[1]      7 6.3ms
                  $techmap336055$auto$abc_ops_reintegrate.cc:611:reintegrate$328801.A[0]      5 6.2ms
                                    $techmap332609$abc$328758$lut$aiger328757$11176.A[1]     15 6.2ms
                  $techmap336041$auto$abc_ops_reintegrate.cc:611:reintegrate$328810.A[2]      2 6.2ms
                  $techmap332598$auto$abc_ops_reintegrate.cc:611:reintegrate$329785.A[3]     18 6.2ms
                                           ddr3.ddr3_controller_inst.stage1_next_row[11]     10 6.1ms
                                    ddr3.ddr3_controller_inst.stage2_data_unaligned[103]      7 6.1ms
                                                                   ddr3.iserdes_data[45]      2 6.1ms
                                                                    pattern.test.acks[8]      5 6.0ms
                                            ddr3.ddr3_controller_inst.stage1_next_row[2]     11 6.0ms
                                         $techmap337527$abc$328758$lut$aiger$o12958.A[5]      5 6.0ms
                                           ddr3.ddr3_controller_inst.added_read_pipe_max     15 5.9ms
                                      ddr3.ddr3_controller_inst.write_by_byte_counter[2]     27 5.9ms
                                                ddr3.ddr3_controller_inst.stage2_bank[1]     14 5.9ms
                                    $techmap332617$abc$328758$lut$aiger328757$11186.A[1]     17 5.8ms
                                    $techmap332303$abc$328758$lut$aiger328757$15376.A[0]     10 5.8ms
                  $techmap332945$auto$abc_ops_reintegrate.cc:611:reintegrate$329689.A[1]      9 5.8ms
                                                                   pattern.test.acks[12]      5 5.8ms
                                     ddr3.ddr3_controller_inst.stage2_data_unaligned[48]      8 5.8ms
                                                                                clk_ctrl   4216 5.6ms
                                    $techmap338717$abc$328758$lut$aiger328757$32819.A[0]      1 5.6ms
                  $techmap331983$auto$abc_ops_reintegrate.cc:611:reintegrate$329885.A[1]      7 5.6ms
                                    $techmap332955$abc$328758$lut$aiger328757$15331.A[3]     12 5.6ms
                                         $techmap336619$abc$328758$lut$aiger$o10723.A[1]     32 5.6ms
                  $techmap333368$auto$abc_ops_reintegrate.cc:611:reintegrate$329618.A[0]     36 5.6ms
                                      ddr3.ddr3_controller_inst.write_by_byte_counter[3]     21 5.5ms
                                            ddr3.ddr3_controller_inst.stage1_next_row[0]     11 5.5ms
                                $abc$328758$auto$simple.cc:210:make_patterns_logic$40222     32 5.5ms
                                         $techmap338393$abc$328758$lut$aiger$o10970.A[0]      1 5.5ms
                  $techmap333442$auto$abc_ops_reintegrate.cc:611:reintegrate$329597.A[1]     19 5.5ms
                                                                  ddr3.iserdes_data[122]      2 5.5ms
                                    $techmap332190$abc$328758$lut$aiger328757$16006.A[0]      7 5.5ms
                  $techmap334741$auto$abc_ops_reintegrate.cc:611:reintegrate$329225.A[0]      5 5.5ms
                                         $techmap337336$abc$328758$lut$aiger$o12891.A[3]      4 5.5ms
                                    $techmap332168$abc$328758$lut$aiger328757$15730.A[2]      8 5.4ms
                                                  ddr3.ddr3_controller_inst.stage2_do_wr     20 5.4ms
                                     ddr3.ddr3_controller_inst.stage2_data_unaligned[80]      8 5.4ms
                                            ddr3.ddr3_controller_inst.dqs_start_index[2]     25 5.4ms
                  $techmap332904$auto$abc_ops_reintegrate.cc:611:reintegrate$328762.A[0]      8 5.3ms
                                $abc$328758$auto$simple.cc:193:make_patterns_logic$43904      7 5.3ms
                  $techmap332772$auto$abc_ops_reintegrate.cc:611:reintegrate$329731.A[2]     16 5.3ms
                                    $techmap332191$abc$328758$lut$aiger328757$16045.A[3]      8 5.2ms
                  $techmap333208$auto$abc_ops_reintegrate.cc:611:reintegrate$329646.A[0]     32 5.2ms
                                    $techmap332050$abc$328758$lut$aiger328757$12068.A[2]      4 5.2ms
                                                                               debug1[3]     23 5.2ms
                                            ddr3.ddr3_controller_inst.stage1_next_row[6]     11 5.2ms
                                    $techmap336729$abc$328758$lut$aiger328757$31253.A[1]      3 5.2ms
                                    $techmap332626$abc$328758$lut$aiger328757$11214.A[1]      9 5.1ms
                                            ddr3.ddr3_controller_inst.stage1_next_row[4]     11 5.1ms
                  $techmap331982$auto$abc_ops_reintegrate.cc:611:reintegrate$329886.A[1]      7 5.1ms
                  $techmap334219$auto$abc_ops_reintegrate.cc:611:reintegrate$329393.A[2]     10 5.1ms
                                     ddr3.ddr3_controller_inst.stage2_data_unaligned[13]      7 5.1ms
                  $techmap333243$auto$abc_ops_reintegrate.cc:611:reintegrate$329641.A[2]     33 5.1ms
                                                                            ddr3.cmd[73]     17 5.0ms
                                            ddr3.ddr3_controller_inst.stage1_next_row[8]     11 5.0ms
                                    $techmap332170$abc$328758$lut$aiger328757$15776.A[0]      9 5.0ms
                                                                     ddr3.dq_tri_control     18 4.9ms
                                    $techmap332634$abc$328758$lut$aiger328757$11241.A[1]     10 4.9ms
                  $techmap333759$auto$abc_ops_reintegrate.cc:611:reintegrate$329525.A[2]      8 4.9ms
                                     $abc$328758$auto$simple.cc:234:combine_resets$43865      3 4.9ms
                                    ddr3.ddr3_controller_inst.stage2_data_unaligned[126]     11 4.9ms
                  $techmap335233$auto$abc_ops_reintegrate.cc:611:reintegrate$329072.A[2]     14 4.9ms
                                      ddr3.ddr3_controller_inst.stage2_data_unaligned[3]      9 4.9ms
                                     ddr3.ddr3_controller_inst.stage2_data_unaligned[33]      7 4.9ms
                                    $techmap332629$abc$328758$lut$aiger328757$11220.A[1]     10 4.8ms
                                    $techmap337364$abc$328758$lut$aiger328757$35119.A[0]      3 4.8ms
                                         $techmap337198$abc$328758$lut$aiger$o12841.A[0]      1 4.7ms
                  $techmap335644$auto$abc_ops_reintegrate.cc:611:reintegrate$328978.A[0]      5 4.7ms
                  $techmap335008$auto$abc_ops_reintegrate.cc:611:reintegrate$329139.A[0]     12 4.7ms
                                     ddr3.ddr3_controller_inst.stage2_data_unaligned[32]      8 4.7ms
                  $techmap335505$auto$abc_ops_reintegrate.cc:611:reintegrate$329018.A[0]     13 4.7ms
                                    $techmap332619$abc$328758$lut$aiger328757$11195.A[2]     10 4.7ms
                  $techmap333171$auto$abc_ops_reintegrate.cc:611:reintegrate$329652.A[2]      8 4.7ms
                                             $auto$alumacc.cc:548:replace_alu$42281.Y[5]      3 4.7ms
                                                 ddr3.ddr3_controller_inst.dqs_store[30]      4 4.7ms
                                     ddr3.ddr3_controller_inst.stage2_data_unaligned[17]      7 4.7ms
                                                                   ddr3.iserdes_data[55]      2 4.6ms
                  $techmap331987$auto$abc_ops_reintegrate.cc:611:reintegrate$329881.A[1]      7 4.6ms
                                    $techmap332629$abc$328758$lut$aiger328757$11220.A[3]     11 4.6ms
                  $techmap332650$auto$abc_ops_reintegrate.cc:611:reintegrate$329783.A[1]     14 4.6ms
                                     ddr3.ddr3_controller_inst.stage2_data_unaligned[86]      5 4.6ms
                  $techmap335730$auto$abc_ops_reintegrate.cc:611:reintegrate$328952.A[0]      5 4.6ms
                                                                  pattern.test.cycles[8]      2 4.6ms
                                    $techmap332191$abc$328758$lut$aiger328757$16045.A[1]      8 4.5ms
                  $techmap334021$auto$abc_ops_reintegrate.cc:611:reintegrate$329454.A[0]      5 4.5ms
                                    $techmap334477$abc$328758$lut$aiger328757$11613.A[1]     17 4.5ms
                                                                           wb_rdata[104]      4 4.5ms
                  $techmap333169$auto$abc_ops_reintegrate.cc:611:reintegrate$329653.A[1]     21 4.5ms
                                                                   ddr3.iserdes_data[21]      2 4.5ms
                                    $techmap332624$abc$328758$lut$aiger328757$11212.A[1]     14 4.5ms
                  $techmap332770$auto$abc_ops_reintegrate.cc:611:reintegrate$329732.A[4]     19 4.4ms
                                                                         ddr3.bitslip[0]     18 4.4ms
                                    ddr3.ddr3_controller_inst.stage2_data_unaligned[121]      7 4.4ms
                                     ddr3.ddr3_controller_inst.stage2_data_unaligned[49]      7 4.4ms
                                          ddr3.ddr3_controller_inst.write_ack_index_q[1]     13 4.4ms
                                                 ddr3.ddr3_controller_inst.dqs_store[23]      4 4.4ms
                                                                   pattern.test.acks[14]      5 4.4ms
                  $techmap334126$auto$abc_ops_reintegrate.cc:611:reintegrate$329426.A[3]      9 4.4ms
                                     ddr3.ddr3_controller_inst.stage2_data_unaligned[67]      6 4.4ms
                  $techmap332030$auto$abc_ops_reintegrate.cc:611:reintegrate$329838.A[1]      5 4.4ms
                                    $techmap333207$abc$328758$lut$aiger328757$16502.A[0]      6 4.3ms
                  $techmap331977$auto$abc_ops_reintegrate.cc:611:reintegrate$329891.A[1]      7 4.3ms
                  $techmap334706$auto$abc_ops_reintegrate.cc:611:reintegrate$329237.A[0]     13 4.3ms
                                                                   ddr3.iserdes_data[16]      2 4.3ms
                                    $techmap336463$abc$328758$lut$aiger328757$18896.A[1]      4 4.3ms
                                       ddr3.ddr3_controller_inst.bank_active_row_d[4][3]      4 4.3ms
                                    $techmap334592$abc$328758$lut$aiger328757$29296.A[0]      2 4.3ms
                  $techmap335212$auto$abc_ops_reintegrate.cc:611:reintegrate$329078.A[0]      9 4.3ms
                  $techmap335101$auto$abc_ops_reintegrate.cc:611:reintegrate$329106.A[0]      5 4.3ms
                                                                         ddr3.bitslip[1]     18 4.3ms
                  $techmap333787$auto$abc_ops_reintegrate.cc:611:reintegrate$329508.A[3]     17 4.3ms
                  $techmap331994$auto$abc_ops_reintegrate.cc:611:reintegrate$329874.A[1]      7 4.2ms
                                                                 pattern.test.cycles[34]      2 4.2ms
                                 ddr3.ddr3_controller_inst.check_test_address_counter[4]     10 4.2ms
              $techmap40790$flatten\resetgen.$lt$build/t27/specs/rtl/fpga_reset.v:84$4.Y     33 4.2ms
                  $techmap334570$auto$abc_ops_reintegrate.cc:611:reintegrate$329282.A[0]      7 4.2ms
                                     ddr3.ddr3_controller_inst.stage2_data_unaligned[10]      6 4.2ms
                                         $techmap337289$abc$328758$lut$aiger$o12875.A[3]      4 4.2ms
                                $abc$328758$auto$simple.cc:193:make_patterns_logic$39151     16 4.2ms
                                    $techmap332182$abc$328758$lut$aiger328757$15914.A[5]      7 4.1ms
                                         $techmap336528$abc$328758$lut$aiger$o11997.A[4]      4 4.1ms
                                    ddr3.ddr3_controller_inst.stage2_data_unaligned[105]      7 4.1ms
                  $techmap334622$auto$abc_ops_reintegrate.cc:611:reintegrate$329258.A[2]      8 4.1ms
                                                 ddr3.ddr3_controller_inst.dqs_store[28]      5 4.1ms
                                                  ddr3.ddr3_controller_inst.prep_done[1]     16 4.1ms
                                         $techmap337920$abc$328758$lut$aiger$o11164.A[4]      4 4.1ms
                                     ddr3.ddr3_controller_inst.stage2_data_unaligned[19]      6 4.1ms
                  $techmap331980$auto$abc_ops_reintegrate.cc:611:reintegrate$329888.A[1]      7 4.1ms
                                    ddr3.ddr3_controller_inst.stage2_data_unaligned[123]      6 4.0ms
                                     ddr3.ddr3_controller_inst.stage2_data_unaligned[95]      6 4.0ms
                                         $techmap337105$abc$328758$lut$aiger$o12814.A[3]      4 4.0ms
                                     $techmap332674$abc$328758$lut$aiger328757$9390.A[1]     16 4.0ms
                                                                   pattern.test.acks[11]      5 4.0ms
                                    ddr3.ddr3_controller_inst.stage2_data_unaligned[114]      7 4.0ms
                                                 ddr3.ddr3_controller_inst.stage2_row[6]     11 4.0ms
                                                 ddr3.ddr3_controller_inst.stage2_row[2]     11 4.0ms
                  $techmap331986$auto$abc_ops_reintegrate.cc:611:reintegrate$329882.A[1]      7 3.9ms
                                         $techmap337003$abc$328758$lut$aiger$o12050.A[5]      4 3.9ms
                                         $techmap338133$abc$328758$lut$aiger$o10394.A[1]      4 3.9ms
                                    $techmap332816$abc$328758$lut$aiger328757$11410.A[4]     15 3.9ms
                  $techmap334597$auto$abc_ops_reintegrate.cc:611:reintegrate$329270.A[2]      8 3.9ms
                                    $techmap333345$abc$328758$lut$aiger328757$17143.A[0]      7 3.9ms
                                                                   ddr3.iserdes_data[18]      2 3.9ms
                                ddr3.ddr3_controller_inst.write_test_address_counter[12]      5 3.8ms
                                                                                 s_b[38]      2 3.8ms
                                           ddr3.ddr3_controller_inst.stage1_next_row[13]     10 3.8ms
                                    $techmap333856$abc$328758$lut$aiger328757$23503.A[3]      6 3.8ms
                                    $techmap337357$abc$328758$lut$aiger328757$26468.A[1]      5 3.8ms
                                                 ddr3.ddr3_controller_inst.stage2_row[7]     11 3.8ms
                  $techmap331984$auto$abc_ops_reintegrate.cc:611:reintegrate$329884.A[1]      7 3.8ms
                  $techmap333759$auto$abc_ops_reintegrate.cc:611:reintegrate$329525.A[3]      8 3.8ms
                                                  ddr3.ddr3_controller_inst.dqs_store[9]      4 3.8ms
                                     ddr3.ddr3_controller_inst.stage2_data_unaligned[71]      6 3.8ms
                  $techmap332017$auto$abc_ops_reintegrate.cc:611:reintegrate$329851.A[1]      5 3.7ms
                  $techmap332556$auto$abc_ops_reintegrate.cc:611:reintegrate$329789.A[1]      8 3.7ms
                                     $techmap333722$abc$328758$lut$aiger328757$9207.A[1]      5 3.7ms
                  $techmap334899$auto$abc_ops_reintegrate.cc:611:reintegrate$329177.A[2]      4 3.7ms
                                    ddr3.ddr3_controller_inst.stage2_data_unaligned[112]      7 3.7ms
                  $techmap332594$auto$abc_ops_reintegrate.cc:611:reintegrate$329786.A[0]     13 3.7ms
                                          $techmap336335$abc$328758$lut$aiger$o7867.A[3]     13 3.7ms
                                    $techmap332629$abc$328758$lut$aiger328757$11220.A[2]      7 3.7ms
                  $techmap332322$auto$abc_ops_reintegrate.cc:611:reintegrate$329812.A[0]      8 3.7ms
                                     $techmap333015$abc$328758$lut$aiger328757$9498.A[1]      4 3.6ms
                                          $techmap333505$abc$328758$lut$aiger$o9618.A[3]      8 3.6ms
                                                                   pattern.test.acks[19]      5 3.6ms
                                                                   pattern.test.acks[10]      5 3.6ms
                                    $techmap332051$abc$328758$lut$aiger328757$12069.A[1]      7 3.6ms
                  $techmap333462$auto$abc_ops_reintegrate.cc:611:reintegrate$329586.A[1]     14 3.6ms
                                   ddr3.ddr3_controller_inst.stage2_data_unaligned_d[68]      1 3.6ms
                                    $techmap336265$abc$328758$lut$not$aiger328757$7457.A      4 3.6ms
                                     $techmap333713$abc$328758$lut$aiger328757$9318.A[0]      6 3.6ms
                  $techmap333001$auto$abc_ops_reintegrate.cc:611:reintegrate$329678.A[5]      4 3.6ms
                                                                  pattern.test.eaddr[14]      1 3.6ms
                                                                   pattern.test.acks[15]      5 3.6ms
                                                ddr3.ddr3_controller_inst.stage2_bank[0]     13 3.6ms
                                            ddr3.ddr3_controller_inst.stage1_next_row[1]     11 3.6ms
                                                    ddr3.ddr3_controller_inst.write_dq_d     13 3.6ms
                                      ddr3.ddr3_controller_inst.stage2_data_unaligned[4]      7 3.6ms
                                    $techmap332183$abc$328758$lut$aiger328757$15929.A[3]      7 3.6ms
                                                                    ddr3.iserdes_data[0]      2 3.6ms
                                                                   pattern.test.acks[31]      5 3.6ms
                                     ddr3.ddr3_controller_inst.stage2_data_unaligned[91]      6 3.6ms
                                    ddr3.ddr3_controller_inst.stage2_data_unaligned[100]      7 3.6ms
                  $techmap332678$auto$abc_ops_reintegrate.cc:611:reintegrate$329777.A[3]     12 3.5ms
                  $techmap331971$auto$abc_ops_reintegrate.cc:611:reintegrate$329897.A[1]      7 3.5ms
                  $techmap334698$auto$abc_ops_reintegrate.cc:611:reintegrate$329242.A[2]      8 3.5ms
                                                ddr3.ddr3_controller_inst.stage2_bank[2]     15 3.5ms
                                                                 pattern.test.cycles[33]      2 3.5ms
                                    $techmap332643$abc$328758$lut$aiger328757$11265.A[2]      9 3.5ms
                                                 ddr3.ddr3_controller_inst.stage2_row[4]     11 3.5ms
                                     $techmap334043$abc$328758$lut$aiger328757$9234.A[1]      3 3.5ms
                                    $techmap334417$abc$328758$lut$aiger328757$27551.A[3]      3 3.5ms
                                          $techmap332974$abc$328758$lut$aiger$o8519.A[3]      9 3.5ms
                                    $techmap332612$abc$328758$lut$aiger328757$11181.A[1]      5 3.5ms
                  $techmap334385$auto$abc_ops_reintegrate.cc:611:reintegrate$329350.A[1]      7 3.5ms
                                    $techmap332636$abc$328758$lut$aiger328757$11246.A[2]      7 3.5ms
                                    $techmap336403$abc$328758$lut$aiger328757$23229.A[2]      4 3.5ms
                  $techmap331981$auto$abc_ops_reintegrate.cc:611:reintegrate$329887.A[1]      7 3.5ms
                                                                   ddr3.iserdes_data[32]      2 3.5ms
                                     $abc$328758$auto$simple.cc:234:combine_resets$43621      2 3.5ms
                                    $techmap332183$abc$328758$lut$aiger328757$15929.A[2]      7 3.5ms
                                    $techmap332172$abc$328758$lut$aiger328757$15806.A[3]      8 3.4ms
                                    $techmap332661$abc$328758$lut$aiger328757$12269.A[3]      5 3.4ms
                                                                              line_a[10]      2 3.4ms
                                    $techmap333737$abc$328758$lut$aiger328757$18090.A[0]      6 3.4ms
                                                                  pattern.test.cycles[9]      2 3.4ms
                                            ddr3.ddr3_controller_inst.stage1_next_row[9]     11 3.4ms
                                    $techmap334246$abc$328758$lut$aiger328757$26733.A[2]      4 3.4ms
                                                 ddr3.ddr3_controller_inst.stage2_row[9]     11 3.4ms
                                    $techmap338718$abc$328758$lut$aiger328757$32823.A[4]      1 3.4ms
        $abc$328758$flatten\ddr3.\ddr3_phy_inst.$logic_and$build/uberddr3/rtl/ddr3_phy.v:1133$11890_Y      4 3.4ms
                                    ddr3.ddr3_controller_inst.stage2_data_unaligned[118]     12 3.4ms
                                    $techmap333238$abc$328758$lut$aiger328757$16585.A[1]      3 3.4ms
                                                ddr3.ddr3_controller_inst.stage2_row[12]     10 3.4ms
                  $techmap335795$auto$abc_ops_reintegrate.cc:611:reintegrate$328926.A[3]     11 3.4ms
                                    $techmap332182$abc$328758$lut$aiger328757$15914.A[1]      7 3.4ms
                  $techmap331988$auto$abc_ops_reintegrate.cc:611:reintegrate$329880.A[1]      7 3.4ms
                                                                   ddr3.iserdes_data[92]      2 3.4ms
                  $techmap333799$auto$abc_ops_reintegrate.cc:611:reintegrate$329504.A[2]      8 3.4ms
                                     ddr3.ddr3_controller_inst.stage2_data_unaligned[43]      6 3.4ms
                  $techmap333031$auto$abc_ops_reintegrate.cc:611:reintegrate$329671.A[1]      9 3.4ms
                                     ddr3.ddr3_controller_inst.stage2_data_unaligned[24]      8 3.3ms
                                      ddr3.ddr3_controller_inst.bank_active_row_d[0][10]      4 3.3ms
                                            $auto$alumacc.cc:548:replace_alu$42281.Y[11]      3 3.3ms
                                 ddr3.ddr3_controller_inst.check_test_address_counter[6]      9 3.3ms
                                    $techmap335587$abc$328758$lut$aiger328757$35788.A[3]      3 3.3ms
                                                                   pattern.test.acks[30]      5 3.3ms
                                            ddr3.ddr3_controller_inst.stage1_next_row[3]     11 3.3ms
                                                                   pattern.test.acks[26]      5 3.3ms
                  $techmap335086$auto$abc_ops_reintegrate.cc:611:reintegrate$329114.A[0]      5 3.3ms
                                                                  ddr3.iserdes_data[115]      2 3.3ms
                                    $techmap332179$abc$328758$lut$aiger328757$15859.A[3]      7 3.3ms
                                     ddr3.ddr3_controller_inst.stage2_data_unaligned[14]      6 3.3ms
                                         $techmap338032$abc$328758$lut$aiger$o11021.A[2]      4 3.3ms
                  $techmap333007$auto$abc_ops_reintegrate.cc:611:reintegrate$329675.A[0]     12 3.3ms
                  $techmap335939$auto$abc_ops_reintegrate.cc:611:reintegrate$328863.A[3]      4 3.3ms
                                                                    pattern.test.acks[5]      5 3.3ms
                                     ddr3.ddr3_controller_inst.stage2_data_unaligned[75]      6 3.3ms
                  $techmap334892$auto$abc_ops_reintegrate.cc:611:reintegrate$329183.A[1]      2 3.3ms
                                                 ddr3.ddr3_controller_inst.stage2_row[3]     11 3.3ms
                        ddr3.ddr3_controller_inst.delay_before_precharge_counter_q[6][2]      5 3.3ms
                  $techmap335795$auto$abc_ops_reintegrate.cc:611:reintegrate$328926.A[1]      6 3.3ms
                                            ddr3.ddr3_controller_inst.stage2_data[0][17]      2 3.3ms
                                    $techmap336403$abc$328758$lut$aiger328757$23229.A[0]      5 3.3ms
                  $techmap334774$auto$abc_ops_reintegrate.cc:611:reintegrate$329216.A[1]      7 3.3ms
                                    $techmap336235$abc$328758$lut$not$aiger328757$6213.A      4 3.3ms
                                                                   ddr3.iserdes_data[99]      2 3.3ms
                                                                   ddr3.iserdes_data[90]      2 3.3ms
                  $techmap334385$auto$abc_ops_reintegrate.cc:611:reintegrate$329350.A[2]      8 3.3ms
                  $techmap333485$auto$abc_ops_reintegrate.cc:611:reintegrate$329576.A[2]      8 3.3ms
                                     $techmap332720$abc$328758$lut$aiger328757$9705.A[0]      6 3.3ms
                                                                  pattern.test.cycles[2]      2 3.3ms
                                    $techmap337002$abc$328758$lut$aiger328757$22786.A[0]      3 3.3ms
                                                 ddr3.ddr3_controller_inst.dqs_store[37]      4 3.2ms
                                    $techmap335013$abc$328758$lut$aiger328757$32729.A[2]      3 3.2ms
                  $techmap335667$auto$abc_ops_reintegrate.cc:611:reintegrate$328971.A[0]      5 3.2ms
                  $techmap331903$auto$abc_ops_reintegrate.cc:611:reintegrate$329965.A[1]      3 3.2ms
                                    $techmap337551$abc$328758$lut$aiger328757$27915.A[1]      5 3.2ms
                  $techmap332975$auto$abc_ops_reintegrate.cc:611:reintegrate$329680.A[1]     10 3.2ms
                                      ddr3.ddr3_controller_inst.stage2_data_unaligned[7]      6 3.2ms
                                     ddr3.ddr3_controller_inst.stage2_data_unaligned[65]      7 3.2ms
                  $techmap332341$auto$abc_ops_reintegrate.cc:611:reintegrate$329798.A[2]      3 3.2ms
                                         ddr3.ddr3_controller_inst.delay_counter_is_zero     21 3.2ms
                                               ddr3.ddr3_controller_inst.stage1_data[90]      2 3.2ms
                                    $techmap334457$abc$328758$lut$aiger328757$28083.A[1]      2 3.2ms
                                $abc$328758$auto$simple.cc:193:make_patterns_logic$43891      7 3.2ms
                                         $techmap337003$abc$328758$lut$aiger$o12050.A[4]      4 3.2ms
                                    ddr3.ddr3_controller_inst.calib_data_randomized[118]     10 3.2ms
                                $abc$328758$auto$simple.cc:193:make_patterns_logic$43874     10 3.2ms
                  $techmap334698$auto$abc_ops_reintegrate.cc:611:reintegrate$329242.A[0]      7 3.2ms
                                         $techmap337671$abc$328758$lut$aiger$o12997.A[3]      5 3.2ms
                                      ddr3.ddr3_controller_inst.stage2_data_unaligned[2]      9 3.2ms
                                            ddr3.ddr3_controller_inst.dqs_start_index[3]     13 3.2ms
                                                                   pattern.test.acks[17]      5 3.2ms
                                    $techmap332638$abc$328758$lut$aiger328757$11252.A[3]      5 3.2ms
                                 ddr3.ddr3_controller_inst.check_test_address_counter[5]     10 3.2ms
                                      ddr3.ddr3_controller_inst.bank_active_row_d[0][14]      4 3.2ms
                  $techmap332539$auto$abc_ops_reintegrate.cc:611:reintegrate$329791.A[1]      9 3.2ms
                                    $techmap332179$abc$328758$lut$aiger328757$15859.A[1]      7 3.2ms
                                    $techmap332167$abc$328758$lut$aiger328757$15703.A[0]      6 3.2ms
                  $techmap334067$auto$abc_ops_reintegrate.cc:611:reintegrate$329443.A[3]      9 3.2ms
                                                ddr3.ddr3_controller_inst.stage1_pending      4 3.2ms
                  $techmap333778$auto$abc_ops_reintegrate.cc:611:reintegrate$329515.A[1]      4 3.2ms
                  $techmap332307$auto$abc_ops_reintegrate.cc:611:reintegrate$329815.A[0]      7 3.2ms
                                                                    pattern.test.acks[6]      5 3.2ms
                                       ddr3.ddr3_controller_inst.bank_active_row_d[1][8]      4 3.2ms
                  $techmap334597$auto$abc_ops_reintegrate.cc:611:reintegrate$329270.A[0]      7 3.2ms
                                    $techmap332551$abc$328758$lut$aiger328757$10532.A[0]      5 3.2ms
                                                ddr3.ddr3_controller_inst.stage2_row[10]     10 3.2ms
                                    $techmap336400$abc$328758$lut$aiger328757$22600.A[1]      4 3.1ms
                                                                   ddr3.iserdes_data[78]      2 3.1ms
                  $techmap331922$auto$abc_ops_reintegrate.cc:611:reintegrate$329946.A[1]      3 3.1ms
                                     ddr3.ddr3_controller_inst.stage2_data_unaligned[59]      6 3.1ms
                  $techmap334305$auto$abc_ops_reintegrate.cc:611:reintegrate$329369.A[3]      8 3.1ms
                                         $techmap338430$abc$328758$lut$aiger$o10474.A[4]      4 3.1ms
                                    $techmap336401$abc$328758$lut$aiger328757$17371.A[1]      3 3.1ms
                                 ddr3.ddr3_controller_inst.check_test_address_counter[1]      9 3.1ms
                                                                    pattern.test.acks[9]      5 3.1ms
                                                                     pattern.test.g0[43]      2 3.1ms
                                     ddr3.ddr3_controller_inst.stage2_data_unaligned[92]      6 3.1ms
                  $techmap333199$auto$abc_ops_reintegrate.cc:611:reintegrate$329649.A[1]      8 3.1ms
                                                                   ddr3.iserdes_data[36]      2 3.1ms
                  $techmap334597$auto$abc_ops_reintegrate.cc:611:reintegrate$329270.A[3]      8 3.1ms
                                         $techmap338959$abc$328758$lut$aiger$o12349.A[2]      1 3.1ms
                                         $techmap337426$abc$328758$lut$aiger$o12924.A[5]      4 3.1ms
                                     ddr3.ddr3_controller_inst.stage2_data_unaligned[36]      6 3.1ms
                                                                  ddr3.iserdes_data[127]      2 3.1ms
                                    $techmap332643$abc$328758$lut$aiger328757$11265.A[3]      9 3.1ms
                                                   ddr3.ddr3_controller_inst.initial_dqs     14 3.1ms
                                                                                  s_b[4]      2 3.0ms
                                $abc$328758$auto$simple.cc:210:make_patterns_logic$40290      6 3.0ms
                                     ddr3.ddr3_controller_inst.stage2_data_unaligned[12]      8 3.0ms
                                                           ddr3.idelay_dqs_cntvaluein[0]      6 3.0ms
                                    $techmap332053$abc$328758$lut$aiger328757$12087.A[2]      4 3.0ms
                                     $abc$328758$auto$simple.cc:234:combine_resets$40359      1 3.0ms
                  $techmap332019$auto$abc_ops_reintegrate.cc:611:reintegrate$329849.A[1]      5 3.0ms
                                    $techmap332186$abc$328758$lut$aiger328757$15958.A[1]      7 3.0ms
                                                                   ddr3.iserdes_data[39]      2 3.0ms
                                                           ddr3.idelay_dqs_cntvaluein[2]      5 3.0ms
                  $techmap335047$auto$abc_ops_reintegrate.cc:611:reintegrate$329127.A[0]      5 3.0ms
                                                                             wb_rdata[5]      3 3.0ms
                  $techmap331979$auto$abc_ops_reintegrate.cc:611:reintegrate$329889.A[1]      7 3.0ms
                  $techmap332061$auto$abc_ops_reintegrate.cc:611:reintegrate$329835.A[0]      9 3.0ms
                                    $techmap333724$abc$328758$lut$aiger328757$22023.A[0]      6 3.0ms
                                    $auto$alumacc.cc:548:replace_alu$42089.Y[1]$sum$4447     14 3.0ms
                  $techmap332018$auto$abc_ops_reintegrate.cc:611:reintegrate$329850.A[1]      5 3.0ms
                                  ddr3.ddr3_controller_inst.stage2_data_unaligned_d[116]      1 3.0ms
                                    $techmap336468$abc$328758$lut$aiger328757$30132.A[1]      5 3.0ms
                                    $techmap334885$abc$328758$lut$aiger328757$22897.A[4]      9 3.0ms
                                     ddr3.ddr3_controller_inst.stage2_data_unaligned[18]      5 3.0ms
                                    $techmap336502$abc$328758$lut$aiger328757$17491.A[0]      5 3.0ms
                                    $techmap336211$abc$328758$lut$not$aiger328757$5295.A      4 3.0ms
                                     ddr3.ddr3_controller_inst.stage2_data_unaligned[56]      8 3.0ms
                  $techmap334743$auto$abc_ops_reintegrate.cc:611:reintegrate$329224.A[3]      8 3.0ms
                  $techmap332770$auto$abc_ops_reintegrate.cc:611:reintegrate$329732.A[1]      7 3.0ms
                                         $techmap338150$abc$328758$lut$aiger$o11353.A[4]      4 3.0ms
                                      ddr3.ddr3_controller_inst.stage2_data_unaligned[9]      8 2.9ms
                  $techmap334916$auto$abc_ops_reintegrate.cc:611:reintegrate$329174.A[2]      4 2.9ms
                                          $techmap336914$abc$328758$lut$aiger$o7665.A[0]      2 2.9ms
                  $techmap335433$auto$abc_ops_reintegrate.cc:611:reintegrate$329031.A[3]      3 2.9ms
                                         $techmap337189$abc$328758$lut$aiger$o12840.A[3]      4 2.9ms
                                $abc$328758$auto$simple.cc:210:make_patterns_logic$40260      5 2.9ms
                                    $techmap333234$abc$328758$lut$aiger328757$16595.A[3]      3 2.9ms
                                     $techmap333740$abc$328758$lut$aiger328757$9240.A[0]      6 2.9ms
                  $techmap331993$auto$abc_ops_reintegrate.cc:611:reintegrate$329875.A[1]      7 2.9ms
                                                                   ddr3.iserdes_data[97]      2 2.9ms
                                    ddr3.ddr3_controller_inst.calib_data_randomized[101]     11 2.9ms
                                                ddr3.ddr3_controller_inst.stage2_row[13]     10 2.9ms
                                     ddr3.ddr3_controller_inst.stage2_data_unaligned[21]      5 2.9ms
                                                                                  s_b[0]      2 2.9ms
                  $techmap335505$auto$abc_ops_reintegrate.cc:611:reintegrate$329018.A[2]      8 2.9ms
                                                                   ddr3.iserdes_data[68]      2 2.9ms
                                     $techmap333734$abc$328758$lut$aiger328757$9255.A[0]      4 2.9ms
                  $techmap332906$auto$abc_ops_reintegrate.cc:611:reintegrate$328761.A[0]      8 2.9ms
                  $techmap335595$auto$abc_ops_reintegrate.cc:611:reintegrate$328994.A[0]      5 2.9ms
                                           ddr3.ddr3_controller_inst.stage1_next_bank[1]      9 2.9ms
                                                 ddr3.ddr3_controller_inst.dqs_store[31]      4 2.9ms
                  $techmap331995$auto$abc_ops_reintegrate.cc:611:reintegrate$329873.A[1]      7 2.9ms
                                     ddr3.ddr3_controller_inst.stage2_data_unaligned[70]      5 2.9ms
                                     ddr3.ddr3_controller_inst.stage2_data_unaligned[72]      8 2.9ms
                  $techmap332780$auto$abc_ops_reintegrate.cc:611:reintegrate$329728.A[4]      9 2.9ms
                                                 ddr3.ddr3_controller_inst.dqs_store[22]      4 2.9ms
                                            $auto$alumacc.cc:548:replace_alu$42281.Y[22]      3 2.9ms
                  $techmap332772$auto$abc_ops_reintegrate.cc:611:reintegrate$329731.A[1]      9 2.9ms
                                     ddr3.ddr3_controller_inst.stage2_data_unaligned[28]      6 2.9ms
                                         $techmap336569$abc$328758$lut$aiger$o12735.A[5]      4 2.9ms
                  $techmap331974$auto$abc_ops_reintegrate.cc:611:reintegrate$329894.A[1]      7 2.9ms
                                         $techmap338419$abc$328758$lut$aiger$o12589.A[2]      3 2.9ms
                                    $techmap336549$abc$328758$lut$aiger328757$23205.A[1]      3 2.9ms
                  $techmap331970$auto$abc_ops_reintegrate.cc:611:reintegrate$329898.A[1]      7 2.9ms
                  $techmap334067$auto$abc_ops_reintegrate.cc:611:reintegrate$329443.A[0]      7 2.9ms
                                    $techmap336515$abc$328758$lut$aiger328757$17659.A[1]      2 2.8ms
                                         $techmap337867$abc$328758$lut$aiger$o12277.A[1]      1 2.8ms
                                     ddr3.ddr3_controller_inst.stage2_data_unaligned[64]      8 2.8ms
                                         $techmap337843$abc$328758$lut$aiger$o12270.A[1]      2 2.8ms
                                    $techmap334496$abc$328758$lut$aiger328757$28305.A[1]      2 2.8ms
                  $techmap333031$auto$abc_ops_reintegrate.cc:611:reintegrate$329671.A[2]     10 2.8ms
                                                                  ddr3.iserdes_data[114]      2 2.8ms
                                         $techmap337362$abc$328758$lut$aiger$o10308.A[4]      4 2.8ms
                                    $techmap337305$abc$328758$lut$aiger328757$31899.A[1]      3 2.8ms
                                    $techmap332998$abc$328758$lut$aiger328757$15558.A[1]      6 2.8ms
                  $techmap332952$auto$abc_ops_reintegrate.cc:611:reintegrate$329687.A[3]      6 2.8ms
                                      ddr3.ddr3_controller_inst.bank_active_row_d[6][10]      4 2.8ms
                                    $techmap333236$abc$328758$lut$aiger328757$16592.A[3]      3 2.8ms
                  $techmap332001$auto$abc_ops_reintegrate.cc:611:reintegrate$329867.A[1]      6 2.8ms
                  $techmap334305$auto$abc_ops_reintegrate.cc:611:reintegrate$329369.A[1]      7 2.8ms
                                    $techmap336463$abc$328758$lut$aiger328757$18896.A[3]      5 2.8ms
                                                                   ddr3.iserdes_data[40]      2 2.8ms
                                                                  pattern.test.cycles[1]      2 2.8ms
                                    $techmap332175$abc$328758$lut$aiger328757$15825.A[1]      6 2.8ms
                                    $techmap332161$abc$328758$lut$aiger328757$24789.A[3]      2 2.8ms
                  $techmap334774$auto$abc_ops_reintegrate.cc:611:reintegrate$329216.A[2]      8 2.8ms
                                                                   pattern.test.acks[28]      5 2.8ms
                                ddr3.ddr3_controller_inst.write_test_address_counter[24]      6 2.8ms
                  $techmap332975$auto$abc_ops_reintegrate.cc:611:reintegrate$329680.A[3]      5 2.8ms
                                $abc$328758$auto$simple.cc:193:make_patterns_logic$43901      7 2.8ms
                                     ddr3.ddr3_controller_inst.stage2_data_unaligned[66]      5 2.8ms
                                    $techmap332661$abc$328758$lut$aiger328757$12269.A[0]      5 2.8ms
                                    ddr3.ddr3_controller_inst.calib_data_randomized[103]      9 2.8ms
                                                                 pattern.test.cycles[38]      2 2.8ms
                                                                            wb_rdata[72]      4 2.8ms
                                    $techmap332768$abc$328758$lut$aiger328757$13508.A[2]      3 2.8ms
                  $techmap334385$auto$abc_ops_reintegrate.cc:611:reintegrate$329350.A[0]      7 2.8ms
                  $techmap333001$auto$abc_ops_reintegrate.cc:611:reintegrate$329678.A[4]      4 2.8ms
                                    $techmap332170$abc$328758$lut$aiger328757$15776.A[1]      9 2.8ms
                  $techmap335727$auto$abc_ops_reintegrate.cc:611:reintegrate$328955.A[0]      5 2.8ms
                  $techmap334140$auto$abc_ops_reintegrate.cc:611:reintegrate$329423.A[4]      2 2.8ms
                  $techmap334570$auto$abc_ops_reintegrate.cc:611:reintegrate$329282.A[3]      8 2.8ms
                                            $auto$alumacc.cc:548:replace_alu$42281.Y[38]      3 2.8ms
                  $techmap332010$auto$abc_ops_reintegrate.cc:611:reintegrate$329858.A[0]      3 2.8ms
                                    $techmap332662$abc$328758$lut$aiger328757$12272.A[3]      5 2.8ms
                  $techmap331989$auto$abc_ops_reintegrate.cc:611:reintegrate$329879.A[1]      7 2.8ms
                                         $techmap336736$abc$328758$lut$aiger$o12759.A[3]      4 2.7ms
                           $techmap333030$abc$328758$lut$aiger328757$15643.A[4]$sum$4411     11 2.7ms
                                    $techmap332168$abc$328758$lut$aiger328757$15730.A[3]      8 2.7ms
                                                                 pattern.test.cycles[13]      2 2.7ms
                  $techmap334743$auto$abc_ops_reintegrate.cc:611:reintegrate$329224.A[2]      8 2.7ms
                  $techmap335808$auto$abc_ops_reintegrate.cc:611:reintegrate$328921.A[0]      5 2.7ms
                  $techmap335585$auto$abc_ops_reintegrate.cc:611:reintegrate$328998.A[1]      3 2.7ms
                                     ddr3.ddr3_controller_inst.stage2_data_unaligned[38]      5 2.7ms
                  $techmap331990$auto$abc_ops_reintegrate.cc:611:reintegrate$329878.A[1]      7 2.7ms
                  $techmap331973$auto$abc_ops_reintegrate.cc:611:reintegrate$329895.A[1]      7 2.7ms
                  $techmap335699$auto$abc_ops_reintegrate.cc:611:reintegrate$328964.A[3]      3 2.7ms
                                                                   ddr3.iserdes_data[19]      2 2.7ms
                                $abc$328758$auto$simple.cc:210:make_patterns_logic$39223      4 2.7ms
                                    $techmap333221$abc$328758$lut$aiger328757$16538.A[0]      4 2.7ms
                                     ddr3.ddr3_controller_inst.stage2_data_unaligned[88]      8 2.7ms
                                     ddr3.ddr3_controller_inst.stage2_data_unaligned[60]      6 2.7ms
                                    $techmap336457$abc$328758$lut$aiger328757$17497.A[0]      4 2.7ms
                  $techmap335720$auto$abc_ops_reintegrate.cc:611:reintegrate$328958.A[1]      5 2.7ms
                                    ddr3.ddr3_controller_inst.stage2_data_unaligned_d[2]      1 2.7ms
                                         $techmap338436$abc$328758$lut$aiger$o11856.A[2]      1 2.7ms
                                    $techmap333236$abc$328758$lut$aiger328757$16592.A[1]      3 2.7ms
                                                                   pattern.test.acks[16]      5 2.7ms
                                    $techmap338031$abc$328758$lut$aiger328757$29590.A[2]      3 2.7ms
                  $techmap334978$auto$abc_ops_reintegrate.cc:611:reintegrate$329149.A[2]      1 2.7ms
                                    ddr3.ddr3_controller_inst.stage2_data_unaligned[104]      8 2.7ms
                                     ddr3.ddr3_controller_inst.stage2_data_unaligned[93]      5 2.7ms
                                                                   pattern.test.acks[27]      5 2.7ms
                                            ddr3.ddr3_controller_inst.stage1_next_row[7]     11 2.7ms
                                    $techmap334673$abc$328758$lut$aiger328757$26024.A[1]      2 2.7ms
                                                                              line_b[39]      1 2.7ms
                                                                    pattern.test.acks[3]      5 2.7ms
                                    $techmap332190$abc$328758$lut$aiger328757$16006.A[2]      8 2.7ms
                  $techmap334126$auto$abc_ops_reintegrate.cc:611:reintegrate$329426.A[2]      6 2.7ms
                  $techmap334622$auto$abc_ops_reintegrate.cc:611:reintegrate$329258.A[3]      6 2.7ms
                                            ddr3.ddr3_controller_inst.read_lane_data[31]      3 2.7ms
                                                                    ddr3.iserdes_data[4]      2 2.7ms
                                         $techmap338761$abc$328758$lut$aiger$o12434.A[3]      1 2.7ms
                                     ddr3.ddr3_controller_inst.stage2_data_unaligned[26]      5 2.7ms
                                 ddr3.ddr3_controller_inst.check_test_address_counter[3]     10 2.7ms
                                                                              line_a[17]      2 2.7ms
                                                                   ddr3.iserdes_data[96]      2 2.7ms
                                     $techmap332712$abc$328758$lut$aiger328757$9690.A[0]      6 2.7ms
                                         ddr3.ddr3_controller_inst.write_pattern_matches      7 2.7ms
                                    $techmap332191$abc$328758$lut$aiger328757$16045.A[5]      8 2.7ms
                  $techmap335833$auto$abc_ops_reintegrate.cc:611:reintegrate$328910.A[0]      5 2.7ms
                                    $techmap336652$abc$328758$lut$aiger328757$33188.A[0]      2 2.7ms
                                         $techmap338210$abc$328758$lut$aiger$o12662.A[2]      3 2.7ms
                                     ddr3.ddr3_controller_inst.stage2_data_unaligned[44]      6 2.7ms
                                 ddr3.ddr3_controller_inst.check_test_address_counter[0]     10 2.6ms
                                         $techmap337792$abc$328758$lut$aiger$o11590.A[4]      4 2.6ms
                                     ddr3.ddr3_controller_inst.stage2_data_unaligned[84]      6 2.6ms
                                                                   ddr3.iserdes_data[56]      2 2.6ms
                  $techmap334142$auto$abc_ops_reintegrate.cc:611:reintegrate$329422.A[4]      3 2.6ms
                                     ddr3.ddr3_controller_inst.stage2_data_unaligned[68]      6 2.6ms
                                         $techmap338419$abc$328758$lut$aiger$o12589.A[3]      4 2.6ms
                                                 ddr3.ddr3_controller_inst.dqs_store[11]      4 2.6ms
                                    $techmap336481$abc$328758$lut$aiger328757$19064.A[0]      5 2.6ms
                                         $techmap337196$abc$328758$lut$aiger$o12100.A[3]      4 2.6ms
                                                                            wb_rdata[88]      4 2.6ms
                                           ddr3.ddr3_controller_inst.stage1_next_row[12]     10 2.6ms
                                                                  pattern.test.cycles[7]      2 2.6ms
                                         $techmap338890$abc$328758$lut$aiger$o11693.A[2]      1 2.6ms
                                                                 $abc$328758$aiger$o1088      2 2.6ms
                                                 ddr3.ddr3_controller_inst.dqs_store[34]      5 2.6ms
                                    $techmap333852$abc$328758$lut$aiger328757$23514.A[4]      7 2.6ms
                  $techmap332817$auto$abc_ops_reintegrate.cc:611:reintegrate$329716.A[3]      8 2.6ms
                  $techmap331912$auto$abc_ops_reintegrate.cc:611:reintegrate$329956.A[1]      3 2.6ms
                  $techmap332548$auto$abc_ops_reintegrate.cc:611:reintegrate$329790.A[2]      7 2.6ms
                  $techmap331920$auto$abc_ops_reintegrate.cc:611:reintegrate$329948.A[1]      3 2.6ms
                                            ddr3.ddr3_controller_inst.dqs_start_index[5]      6 2.6ms
                                    $techmap333708$abc$328758$lut$aiger328757$22071.A[0]      3 2.6ms
                  $techmap334305$auto$abc_ops_reintegrate.cc:611:reintegrate$329369.A[2]      8 2.6ms
                                                                              line_a[13]      2 2.6ms
                                     $techmap333705$abc$328758$lut$aiger328757$9225.A[0]      8 2.6ms
                                                 ddr3.ddr3_controller_inst.stage2_row[0]     11 2.6ms
                                                           ddr3.idelay_dqs_cntvaluein[1]      5 2.6ms
                                    $techmap335125$abc$328758$lut$aiger328757$33972.A[1]      3 2.6ms
                                                                 pattern.test.cycles[31]      2 2.6ms
                  $techmap332589$auto$abc_ops_reintegrate.cc:611:reintegrate$329787.A[1]     10 2.6ms
                                                                  ddr3.iserdes_data[126]      2 2.6ms
                                                                   ddr3.iserdes_data[33]      2 2.6ms
                                                 ddr3.ddr3_controller_inst.dqs_store[13]      4 2.6ms
                                                                   ddr3.iserdes_data[54]      2 2.6ms
                  $techmap332774$auto$abc_ops_reintegrate.cc:611:reintegrate$329730.A[2]      7 2.6ms
                                    $techmap332171$abc$328758$lut$aiger328757$15779.A[1]      6 2.6ms
                  $techmap332334$auto$abc_ops_reintegrate.cc:611:reintegrate$329805.A[1]      4 2.6ms
                                         $techmap336660$abc$328758$lut$aiger$o12745.A[3]      4 2.6ms
                                            ddr3.ddr3_controller_inst.read_lane_data[61]      3 2.6ms
                                    ddr3.ddr3_controller_inst.stage2_data_unaligned[127]     10 2.6ms
                                         $techmap338675$abc$328758$lut$aiger$o12475.A[3]      4 2.5ms
                                                                   pattern.test.emask[3]      1 2.5ms
                                                                   ddr3.iserdes_data[72]      2 2.5ms
                  $techmap333027$auto$abc_ops_reintegrate.cc:611:reintegrate$329674.A[1]      5 2.5ms
                                    $techmap332169$abc$328758$lut$aiger328757$15745.A[3]      8 2.5ms
                                    $techmap336481$abc$328758$lut$aiger328757$19064.A[1]      4 2.5ms
                                                ddr3.ddr3_controller_inst.stage2_row[11]     10 2.5ms
                                              ddr3.ddr3_controller_inst.bank_status_d[0]      4 2.5ms
                  $techmap331966$auto$abc_ops_reintegrate.cc:611:reintegrate$329902.A[1]      7 2.5ms
                                         $techmap337527$abc$328758$lut$aiger$o12958.A[2]      1 2.5ms
                                    ddr3.ddr3_controller_inst.stage2_data_unaligned[109]      6 2.5ms
                                      ddr3.ddr3_controller_inst.stage2_data_unaligned[5]      6 2.5ms
                  $techmap333457$auto$abc_ops_reintegrate.cc:611:reintegrate$329591.A[1]      8 2.5ms
                                                                   ddr3.iserdes_data[66]      2 2.5ms
                                                           ddr3.idelay_dqs_cntvaluein[4]      5 2.5ms
                  $techmap331968$auto$abc_ops_reintegrate.cc:611:reintegrate$329900.A[1]      7 2.5ms
                                    ddr3.ddr3_controller_inst.stage2_data_unaligned[125]      8 2.5ms
                  $techmap332061$auto$abc_ops_reintegrate.cc:611:reintegrate$329835.A[1]      9 2.5ms
                  $techmap334385$auto$abc_ops_reintegrate.cc:611:reintegrate$329350.A[3]      8 2.5ms
                                    ddr3.ddr3_controller_inst.stage2_data_unaligned[120]      7 2.5ms
                                    $techmap332179$abc$328758$lut$aiger328757$15859.A[0]      7 2.5ms
                                                  ddr3.ddr3_controller_inst.stage2_do_rd      5 2.5ms
                                     ddr3.ddr3_controller_inst.stage2_data_unaligned[53]      5 2.5ms
                  $techmap335821$auto$abc_ops_reintegrate.cc:611:reintegrate$328916.A[4]      3 2.5ms
                                                  ddr3.ddr3_controller_inst.dqs_store[8]      5 2.5ms
                                    $techmap332172$abc$328758$lut$aiger328757$15806.A[0]      8 2.5ms
                                    $techmap332182$abc$328758$lut$aiger328757$15914.A[0]      7 2.5ms
                                  ddr3.ddr3_controller_inst.read_test_address_counter[7]      5 2.5ms
                                     ddr3.ddr3_controller_inst.stage2_data_unaligned[52]      6 2.5ms
                                    $techmap332169$abc$328758$lut$aiger328757$15745.A[0]      8 2.5ms
                                         $techmap337327$abc$328758$lut$aiger$o11067.A[2]      4 2.5ms
                                    $techmap333856$abc$328758$lut$aiger328757$23503.A[2]      7 2.5ms
                                                                            wb_rdata[58]      3 2.5ms
                                                 ddr3.ddr3_controller_inst.stage2_row[1]     11 2.5ms
                                                                            wb_rdata[46]      3 2.5ms
                                                                  ddr3.iserdes_data[106]      2 2.5ms
                                    $techmap334808$abc$328758$lut$aiger328757$31162.A[2]     14 2.5ms
                                         $techmap338848$abc$328758$lut$aiger$o11715.A[1]      1 2.5ms
                  $techmap331905$auto$abc_ops_reintegrate.cc:611:reintegrate$329963.A[1]      3 2.5ms
                                                ddr3.ddr3_controller_inst.stage1_data[3]      2 2.5ms
                                                                 pattern.test.cycles[27]      2 2.5ms
                                     $techmap332697$abc$328758$lut$aiger328757$9639.A[1]      4 2.5ms
                  $techmap334622$auto$abc_ops_reintegrate.cc:611:reintegrate$329258.A[0]      7 2.5ms
                  $techmap332020$auto$abc_ops_reintegrate.cc:611:reintegrate$329848.A[0]      3 2.5ms
                                    $techmap334731$abc$328758$lut$aiger328757$30530.A[0]      3 2.5ms
                                         $techmap337557$abc$328758$lut$aiger$o10577.A[2]      4 2.5ms
                  $techmap335746$auto$abc_ops_reintegrate.cc:611:reintegrate$328945.A[0]      5 2.5ms
                  $techmap334766$auto$abc_ops_reintegrate.cc:611:reintegrate$329219.A[2]      4 2.5ms
                                    $techmap332634$abc$328758$lut$aiger328757$11241.A[0]      6 2.5ms
                                $abc$328758$auto$simple.cc:210:make_patterns_logic$40197      5 2.5ms
                  $techmap333006$auto$abc_ops_reintegrate.cc:611:reintegrate$329676.A[1]     11 2.5ms
                                         $techmap337164$abc$328758$lut$aiger$o11461.A[1]      3 2.5ms
                                      ddr3.ddr3_controller_inst.bank_active_row_d[2][12]      4 2.5ms
                  $techmap331976$auto$abc_ops_reintegrate.cc:611:reintegrate$329892.A[1]      7 2.5ms
                                                                  ddr3.idelay_data_ld[1]     10 2.5ms
                                              ddr3.ddr3_controller_inst.bank_status_d[6]      4 2.5ms
                                $abc$328758$auto$simple.cc:210:make_patterns_logic$43628      2 2.4ms
                                    $techmap333092$abc$328758$lut$aiger328757$10642.A[2]      2 2.4ms
                                    $techmap332183$abc$328758$lut$aiger328757$15929.A[0]      7 2.4ms
                  $techmap335627$auto$abc_ops_reintegrate.cc:611:reintegrate$328986.A[0]      5 2.4ms
                                    $techmap332043$abc$328758$lut$aiger328757$11937.A[0]      4 2.4ms
                                     ddr3.ddr3_controller_inst.stage2_data_unaligned[40]      8 2.4ms
                                                                   pattern.test.acks[13]      5 2.4ms
                                    ddr3.ddr3_controller_inst.stage2_data_unaligned[106]      5 2.4ms
                                     ddr3.ddr3_controller_inst.stage2_data_unaligned[25]      7 2.4ms
                  $techmap333924$auto$abc_ops_reintegrate.cc:611:reintegrate$329480.A[2]      5 2.4ms
                                                                            wb_rdata[41]      3 2.4ms
                                              ddr3.ddr3_controller_inst.bank_status_d[2]      4 2.4ms
                                    $techmap333845$abc$328758$lut$aiger328757$23547.A[2]      8 2.4ms
                                    $techmap336459$abc$328758$lut$aiger328757$17665.A[1]      4 2.4ms
                                    $techmap332643$abc$328758$lut$aiger328757$11265.A[4]      8 2.4ms
                                                                     pattern.test.g0[59]      2 2.4ms
                  $techmap332015$auto$abc_ops_reintegrate.cc:611:reintegrate$329853.A[1]      5 2.4ms
                                      ddr3.ddr3_controller_inst.calib_data_randomized[0]      9 2.4ms
                  $techmap333442$auto$abc_ops_reintegrate.cc:611:reintegrate$329597.A[2]      7 2.4ms
                                    ddr3.ddr3_controller_inst.calib_data_randomized[123]      9 2.4ms
                                                                   pattern.test.daddr[7]      1 2.4ms
                                    $techmap332169$abc$328758$lut$aiger328757$15745.A[1]      8 2.4ms
                                    $techmap332051$abc$328758$lut$aiger328757$12069.A[0]      7 2.4ms
                                                                  ddr3.iserdes_data[109]      2 2.4ms
                                                                   pattern.test.acks[22]      5 2.4ms
                                     ddr3.ddr3_controller_inst.stage2_data_unaligned[45]      5 2.4ms
                                                           ddr3.idelay_dqs_cntvaluein[3]      5 2.4ms
                                   $techmap336370$abc$328758$lut$not$aiger328757$30401.A      6 2.4ms
                                    ddr3.ddr3_controller_inst.stage2_data_unaligned[122]      7 2.4ms
                                     $techmap333704$abc$328758$lut$aiger328757$9168.A[0]      6 2.4ms
                                         $techmap336528$abc$328758$lut$aiger$o11997.A[5]      4 2.4ms
                                    $techmap336212$abc$328758$lut$not$aiger328757$5294.A      4 2.4ms
                                    $techmap332662$abc$328758$lut$aiger328757$12272.A[1]      5 2.4ms
                                         $techmap338686$abc$328758$lut$aiger$o12464.A[3]      1 2.4ms
                  $techmap333336$auto$abc_ops_reintegrate.cc:611:reintegrate$329630.A[0]      2 2.4ms
                  $techmap332017$auto$abc_ops_reintegrate.cc:611:reintegrate$329851.A[0]      3 2.4ms
                  $techmap331997$auto$abc_ops_reintegrate.cc:611:reintegrate$329871.A[1]      6 2.4ms
                                                                    ddr3.iserdes_data[3]      2 2.4ms
                                           ddr3.ddr3_controller_inst.stage1_next_row[10]     10 2.4ms
                                    $techmap332615$abc$328758$lut$aiger328757$11184.A[1]      9 2.4ms
                                         $techmap336528$abc$328758$lut$aiger$o11997.A[2]      1 2.4ms
                                     ddr3.ddr3_controller_inst.stage2_data_unaligned[51]      6 2.4ms
                  $techmap332022$auto$abc_ops_reintegrate.cc:611:reintegrate$329846.A[1]      5 2.4ms
                                          $techmap338272$abc$328758$lut$aiger$o9794.A[1]      4 2.4ms
                  $techmap335046$auto$abc_ops_reintegrate.cc:611:reintegrate$329128.A[1]      2 2.4ms
                  $techmap333502$auto$abc_ops_reintegrate.cc:611:reintegrate$329572.A[1]      4 2.4ms
                                                                           wb_rdata[109]      3 2.4ms
                                 ddr3.ddr3_controller_inst.read_test_address_counter[17]      5 2.4ms
                                                                   pattern.test.acks[24]      5 2.4ms
                                    $techmap334877$abc$328758$lut$aiger328757$22851.A[4]     10 2.4ms
                  $techmap332976$auto$abc_ops_reintegrate.cc:611:reintegrate$329679.A[2]      6 2.4ms
                  $techmap335931$auto$abc_ops_reintegrate.cc:611:reintegrate$328869.A[4]      2 2.4ms
                                    $techmap337425$abc$328758$lut$aiger328757$35248.A[0]      3 2.4ms
                  $techmap335895$auto$abc_ops_reintegrate.cc:611:reintegrate$328884.A[3]      1 2.3ms
                                    $techmap333234$abc$328758$lut$aiger328757$16595.A[1]      3 2.3ms
                  $techmap334534$auto$abc_ops_reintegrate.cc:611:reintegrate$329292.A[0]      2 2.3ms
                                    $techmap337187$abc$328758$lut$aiger328757$17638.A[1]      2 2.3ms
                                                                            wb_rdata[48]      4 2.3ms
                                                                              line_b[24]      2 2.3ms
                                    $techmap335624$abc$328758$lut$aiger328757$27498.A[2]      2 2.3ms
                                         $techmap337937$abc$328758$lut$aiger$o10270.A[0]      1 2.3ms
                                                                  pattern.test.eaddr[30]      1 2.3ms
                                            ddr3.ddr3_controller_inst.o_wb_data_q[0][52]      1 2.3ms
                                            ddr3.ddr3_controller_inst.dqs_start_index[4]      6 2.3ms
                                    $techmap332190$abc$328758$lut$aiger328757$16006.A[3]      8 2.3ms
                                                                         ddr3.toggle_dqs      4 2.3ms
                                    ddr3.ddr3_controller_inst.calib_data_randomized[108]      8 2.3ms
                                    ddr3.ddr3_controller_inst.stage2_data_unaligned[108]      7 2.3ms
                                      ddr3.ddr3_controller_inst.bank_active_row_d[2][14]      4 2.3ms
                                     ddr3.ddr3_controller_inst.stage2_data_unaligned[46]      5 2.3ms
                  $techmap335299$auto$abc_ops_reintegrate.cc:611:reintegrate$329058.A[2]      2 2.3ms
                                                ddr3.ddr3_controller_inst.stage2_row[14]     10 2.3ms
                  $techmap334106$auto$abc_ops_reintegrate.cc:611:reintegrate$329431.A[4]      2 2.3ms
                                     ddr3.ddr3_controller_inst.stage2_data_unaligned[39]      6 2.3ms
                  $techmap331991$auto$abc_ops_reintegrate.cc:611:reintegrate$329877.A[1]      7 2.3ms
                                    $techmap333640$abc$328758$lut$aiger328757$20994.A[1]      3 2.3ms
                  $techmap331923$auto$abc_ops_reintegrate.cc:611:reintegrate$329945.A[1]      3 2.3ms
                                         $techmap336947$abc$328758$lut$aiger$o11438.A[4]      3 2.3ms
                                                                            wb_rdata[60]      4 2.3ms
                                    $techmap332543$abc$328758$lut$aiger328757$10468.A[0]      7 2.3ms
                                    $techmap336377$abc$328758$lut$aiger328757$22771.A[1]      5 2.3ms
                  $techmap333027$auto$abc_ops_reintegrate.cc:611:reintegrate$329674.A[3]      4 2.3ms
                  $techmap332196$auto$abc_ops_reintegrate.cc:611:reintegrate$329825.A[0]      9 2.3ms
                  $techmap333523$auto$abc_ops_reintegrate.cc:611:reintegrate$329564.A[0]      4 2.3ms
                                                                            wb_rdata[91]      3 2.3ms
                                                                           wb_rdata[120]      3 2.3ms
                                         $techmap337110$abc$328758$lut$aiger$o11450.A[2]      4 2.3ms
                                                                            wb_rdata[30]      3 2.3ms
                  $techmap334953$auto$abc_ops_reintegrate.cc:611:reintegrate$329158.A[2]      3 2.3ms
                                         ddr3.ddr3_controller_inst.o_wb_ack_read_q[0][0]      5 2.3ms
                                                 ddr3.ddr3_controller_inst.stage1_col[3]      2 2.3ms
                  $techmap331979$auto$abc_ops_reintegrate.cc:611:reintegrate$329889.A[0]      3 2.3ms
                  $techmap331914$auto$abc_ops_reintegrate.cc:611:reintegrate$329954.A[1]      3 2.3ms
                                                                 pattern.test.cycles[29]      2 2.3ms
                  $techmap336043$auto$abc_ops_reintegrate.cc:611:reintegrate$328809.A[0]      4 2.3ms
                                         $techmap339043$abc$328758$lut$aiger$o11630.A[1]      1 2.3ms
                                       ddr3.ddr3_controller_inst.bank_active_row_d[6][3]      4 2.3ms
                  $techmap334452$auto$abc_ops_reintegrate.cc:611:reintegrate$329324.A[0]      5 2.3ms
                                    $techmap332217$abc$328758$lut$aiger328757$18677.A[1]      4 2.3ms
                  $techmap334127$auto$abc_ops_reintegrate.cc:611:reintegrate$329425.A[0]      5 2.3ms
                                         $techmap337296$abc$328758$lut$aiger$o12879.A[2]      1 2.3ms
                                         $techmap336750$abc$328758$lut$aiger$o10128.A[4]      4 2.3ms
                                    $techmap333700$abc$328758$lut$aiger328757$22074.A[0]      5 2.3ms
                                          $techmap338982$abc$328758$lut$aiger$o9841.A[1]      3 2.3ms
                                     $techmap333710$abc$328758$lut$aiger328757$9204.A[0]      4 2.3ms
                                    $techmap336232$abc$328758$lut$not$aiger328757$6188.A      4 2.3ms
                        ddr3.ddr3_controller_inst.delay_before_precharge_counter_d[0][2]      3 2.3ms
                  $techmap333502$auto$abc_ops_reintegrate.cc:611:reintegrate$329572.A[2]      4 2.3ms
                                                                   ddr3.iserdes_data[44]      2 2.3ms
                  ddr3.ddr3_controller_inst.stage2_do_update_delay_before_read_after_act      8 2.3ms
                             ddr3.ddr3_controller_inst.delay_before_read_counter_q[6][0]      3 2.3ms
                                    $techmap332182$abc$328758$lut$aiger328757$15914.A[4]      7 2.2ms
                                         $techmap337076$abc$328758$lut$aiger$o12063.A[1]      1 2.2ms
                                    $techmap336184$abc$328758$lut$not$aiger328757$5212.A      4 2.2ms
                                                                  pattern.test.cycles[0]      2 2.2ms
                                                                   pattern.test.acks[18]      5 2.2ms
                  $techmap333027$auto$abc_ops_reintegrate.cc:611:reintegrate$329674.A[0]      3 2.2ms
                  $techmap334067$auto$abc_ops_reintegrate.cc:611:reintegrate$329443.A[1]      5 2.2ms
                                    $techmap336490$abc$328758$lut$aiger328757$19013.A[0]      3 2.2ms
                                    $techmap332172$abc$328758$lut$aiger328757$15806.A[1]      8 2.2ms
                                    $techmap333827$abc$328758$lut$aiger328757$23435.A[1]      2 2.2ms
                  $techmap335291$auto$abc_ops_reintegrate.cc:611:reintegrate$329060.A[1]      2 2.2ms
                                    $techmap333165$abc$328758$lut$aiger328757$11002.A[1]      1 2.2ms
                                                                 $abc$328758$aiger$o1087      2 2.2ms
                                     ddr3.ddr3_controller_inst.stage2_data_unaligned[37]      5 2.2ms
                  $techmap334353$auto$abc_ops_reintegrate.cc:611:reintegrate$329361.A[4]      2 2.2ms
                                                                           wb_rdata[124]      4 2.2ms
                                            $auto$alumacc.cc:548:replace_alu$42281.Y[30]      3 2.2ms
                  $techmap333356$auto$abc_ops_reintegrate.cc:611:reintegrate$329622.A[1]      7 2.2ms
                                    $techmap332584$abc$328758$lut$aiger328757$11012.A[4]      6 2.2ms
                                    $techmap336553$abc$328758$lut$aiger328757$23154.A[2]      3 2.2ms
                                                                                  s_b[5]      2 2.2ms
                                    $techmap333240$abc$328758$lut$aiger328757$16578.A[1]      3 2.2ms
                                    $techmap332782$abc$328758$lut$aiger328757$13629.A[2]      5 2.2ms
                                                                            wb_rdata[68]      3 2.2ms
                  $techmap333038$auto$abc_ops_reintegrate.cc:611:reintegrate$329670.A[1]      6 2.2ms
                                                 ddr3.ddr3_controller_inst.stage2_row[5]     11 2.2ms
                                                                              line_a[24]      2 2.2ms
                                                                      pattern.test.g0[9]      2 2.2ms
                  $techmap333859$auto$abc_ops_reintegrate.cc:611:reintegrate$329498.A[2]      2 2.2ms
                                    $techmap336431$abc$328758$lut$aiger328757$17291.A[1]      4 2.2ms
                  $techmap336055$auto$abc_ops_reintegrate.cc:611:reintegrate$328801.A[1]      3 2.2ms
                  $techmap333356$auto$abc_ops_reintegrate.cc:611:reintegrate$329622.A[0]      6 2.2ms
                                    $techmap336509$abc$328758$lut$aiger328757$17620.A[2]      4 2.2ms
                                    $techmap335711$abc$328758$lut$aiger328757$29909.A[4]      2 2.2ms
                                                  ddr3.ddr3_controller_inst.dqs_store[5]      4 2.2ms
                                         $techmap337859$abc$328758$lut$aiger$o12276.A[1]      1 2.2ms
                                    $techmap335082$abc$328758$lut$aiger328757$33414.A[0]      2 2.2ms
                                    $techmap333706$abc$328758$lut$aiger328757$22065.A[1]      5 2.2ms
                                         $techmap338701$abc$328758$lut$aiger$o11777.A[1]      1 2.2ms
                                           ddr3.ddr3_controller_inst.stage2_data[0][101]      2 2.2ms
                                                                            wb_rdata[75]      4 2.2ms
                                         $techmap338049$abc$328758$lut$aiger$o12709.A[3]      1 2.2ms
                  $techmap334849$auto$abc_ops_reintegrate.cc:611:reintegrate$329195.A[0]      5 2.2ms
                  $techmap335832$auto$abc_ops_reintegrate.cc:611:reintegrate$328911.A[3]      6 2.2ms
                  $techmap334774$auto$abc_ops_reintegrate.cc:611:reintegrate$329216.A[3]      8 2.2ms
                                    $techmap336398$abc$328758$lut$aiger328757$23253.A[1]      2 2.2ms
                                                                              line_b[28]      2 2.2ms
                                                 ddr3.ddr3_controller_inst.calib_addr[2]      2 2.2ms
                                                                 pattern.test.cycles[15]      2 2.2ms
                                    $techmap336283$abc$328758$lut$not$aiger328757$7519.A      4 2.2ms
                                          $techmap337205$abc$328758$lut$aiger$o9557.A[1]      3 2.2ms
                  $techmap332330$auto$abc_ops_reintegrate.cc:611:reintegrate$329809.A[0]      4 2.2ms
                                            ddr3.ddr3_controller_inst.stage1_next_row[5]     11 2.2ms
                                     ddr3.ddr3_controller_inst.stage2_data_unaligned[97]      7 2.2ms
                                                                   ddr3.iserdes_data[76]      2 2.2ms
                                     ddr3.ddr3_controller_inst.stage2_data_unaligned[16]      8 2.2ms
                                                                   ddr3.iserdes_data[10]      2 2.2ms
                                    $techmap332190$abc$328758$lut$aiger328757$16006.A[1]      7 2.2ms
                  $techmap334019$auto$abc_ops_reintegrate.cc:611:reintegrate$329456.A[3]      4 2.2ms
                                                                  pattern.test.cycles[3]      2 2.2ms
                  $techmap335350$auto$abc_ops_reintegrate.cc:611:reintegrate$329045.A[0]      2 2.2ms
                  $techmap335014$auto$abc_ops_reintegrate.cc:611:reintegrate$329138.A[2]      4 2.2ms
                                     $techmap333019$abc$328758$lut$aiger328757$9533.A[2]      5 2.2ms
                                              ddr3.ddr3_controller_inst.o_wb_stall_int_q      4 2.2ms
                  $techmap331978$auto$abc_ops_reintegrate.cc:611:reintegrate$329890.A[1]      7 2.2ms
                                    $techmap332035$abc$328758$lut$aiger328757$11853.A[1]      8 2.2ms
                                       ddr3.ddr3_controller_inst.bank_active_row_d[2][6]      4 2.2ms
                                                                          ddr3.data[113]      1 2.2ms
                  $techmap331967$auto$abc_ops_reintegrate.cc:611:reintegrate$329901.A[1]      7 2.2ms
                                         $techmap338255$abc$328758$lut$aiger$o11920.A[3]      1 2.2ms
                                    ddr3.ddr3_controller_inst.stage2_data_unaligned[117]      8 2.2ms
        $abc$328758$flatten\ddr3.\ddr3_controller_inst.$2$lookahead\calib_data$12924[127:0]$13251[89]      2 2.2ms
                  $techmap331996$auto$abc_ops_reintegrate.cc:611:reintegrate$329872.A[1]      7 2.2ms
                  $techmap335242$auto$abc_ops_reintegrate.cc:611:reintegrate$329068.A[0]      5 2.2ms
                                    $techmap335122$abc$328758$lut$aiger328757$33955.A[5]      1 2.1ms
                                     ddr3.ddr3_controller_inst.stage2_data_unaligned[15]      7 2.1ms
                                ddr3.ddr3_controller_inst.write_test_address_counter[11]      5 2.1ms
                                              ddr3.ddr3_controller_inst.stage1_data[112]      2 2.1ms
                                    ddr3.ddr3_controller_inst.stage2_data_unaligned[119]      9 2.1ms
                                                                   pattern.test.acks[20]      5 2.1ms
                                    $techmap332603$abc$328758$lut$aiger328757$11206.A[1]      7 2.1ms
                                         $techmap338885$abc$328758$lut$aiger$o11698.A[1]      1 2.1ms
                                    $techmap336377$abc$328758$lut$aiger328757$22771.A[2]      4 2.1ms
                                                                   pattern.test.acks[29]      5 2.1ms
                                            ddr3.ddr3_controller_inst.o_wb_data_q[1][47]      1 2.1ms
                                     ddr3.ddr3_controller_inst.stage2_data_unaligned[85]      5 2.1ms
                                    $techmap333739$abc$328758$lut$aiger328757$22014.A[1]      3 2.1ms
                                     ddr3.ddr3_controller_inst.stage2_data_unaligned[79]      6 2.1ms
                  $techmap334400$auto$abc_ops_reintegrate.cc:611:reintegrate$329343.A[2]      9 2.1ms
                  $techmap335992$auto$abc_ops_reintegrate.cc:611:reintegrate$328837.A[0]      5 2.1ms
                  $techmap332018$auto$abc_ops_reintegrate.cc:611:reintegrate$329850.A[0]      3 2.1ms
                                    $techmap332631$abc$328758$lut$aiger328757$11238.A[2]      2 2.1ms
                                            $auto$alumacc.cc:548:replace_alu$42281.Y[34]      3 2.1ms
                                ddr3.ddr3_controller_inst.write_test_address_counter[15]      5 2.1ms
                  $techmap332009$auto$abc_ops_reintegrate.cc:611:reintegrate$329859.A[0]      3 2.1ms
                                    $techmap332662$abc$328758$lut$aiger328757$12272.A[2]      5 2.1ms
                                                                   report_reset.button_n      7 2.1ms
                                         $techmap337818$abc$328758$lut$aiger$o12263.A[1]      1 2.1ms
                                    $techmap337259$abc$328758$lut$aiger328757$31833.A[4]      1 2.1ms
                                    $techmap336397$abc$328758$lut$aiger328757$17647.A[0]      4 2.1ms
                  $techmap333171$auto$abc_ops_reintegrate.cc:611:reintegrate$329652.A[1]      7 2.1ms
                                         $techmap338150$abc$328758$lut$aiger$o11353.A[3]      1 2.1ms
                                     $techmap333016$abc$328758$lut$aiger328757$9500.A[1]      5 2.1ms
                                    $techmap333135$abc$328758$lut$aiger328757$10866.A[1]      2 2.1ms
Info: Router2 time 13.47s
Info: Routing $PACKER_VCC_NET connections...
Info:     $PACKER_VCC_NET: 1716/1716 sinks bridged (0 holdouts; max BFS 33)
Info: Routing $PACKER_GND_NET connections...
Info:     $PACKER_GND_NET HOLDOUT: $auto$alumacc.cc:548:replace_alu$42044.genblk1.slice[0].genblk1.carry4.DI3 (bel SLICE_X130Y146/CARRY4, wire SITEWIRE/SLICE_X130Y146/DCY0_OUT)
Info:     $PACKER_GND_NET HOLDOUT: $auto$alumacc.cc:548:replace_alu$42089.genblk1.slice[0].genblk1.carry4.DI1 (bel SLICE_X134Y160/CARRY4, wire SITEWIRE/SLICE_X134Y160/BCY0_OUT)
Info:     $PACKER_GND_NET HOLDOUT: $auto$alumacc.cc:548:replace_alu$42089.genblk1.slice[0].genblk1.carry4.DI2 (bel SLICE_X134Y160/CARRY4, wire SITEWIRE/SLICE_X134Y160/CCY0_OUT)
Info:     $PACKER_GND_NET HOLDOUT: $auto$alumacc.cc:548:replace_alu$42125.genblk1.slice[0].genblk1.carry4.DI3 (bel SLICE_X144Y163/CARRY4, wire SITEWIRE/SLICE_X144Y163/DCY0_OUT)
Info:     $PACKER_GND_NET HOLDOUT: $auto$alumacc.cc:548:replace_alu$42191.genblk1.slice[0].genblk1.carry4.DI3 (bel SLICE_X142Y155/CARRY4, wire SITEWIRE/SLICE_X142Y155/DCY0_OUT)
Info:     $PACKER_GND_NET HOLDOUT: $auto$alumacc.cc:548:replace_alu$42194.genblk1.slice[0].genblk1.carry4$split$4545.DI0 (bel SLICE_X142Y163/CARRY4, wire SITEWIRE/SLICE_X142Y163/ACY0_OUT)
Info:     $PACKER_GND_NET HOLDOUT: $auto$alumacc.cc:548:replace_alu$42215.genblk1.slice[0].genblk1.carry4.DI1 (bel SLICE_X134Y145/CARRY4, wire SITEWIRE/SLICE_X134Y145/BCY0_OUT)
Info:     $PACKER_GND_NET: 1340/1347 sinks bridged (7 holdouts; max BFS 8165)
Info:     $auto$alumacc.cc:548:replace_alu$42044.genblk1.slice[0].genblk1.carry4.DI3 (bel SLICE_X130Y146/CARRY4): CARRY4 DI with S=1 never selected, left unrouted
Info:     $auto$alumacc.cc:548:replace_alu$42089.genblk1.slice[0].genblk1.carry4.DI1 (bel SLICE_X134Y160/CARRY4): CARRY4 DI with S=1 never selected, left unrouted
Info:     $auto$alumacc.cc:548:replace_alu$42089.genblk1.slice[0].genblk1.carry4.DI2 (bel SLICE_X134Y160/CARRY4): CARRY4 DI with S=1 never selected, left unrouted
Info:     $auto$alumacc.cc:548:replace_alu$42125.genblk1.slice[0].genblk1.carry4.DI3 (bel SLICE_X144Y163/CARRY4): CARRY4 DI with S=1 never selected, left unrouted
Info:     $auto$alumacc.cc:548:replace_alu$42191.genblk1.slice[0].genblk1.carry4.DI3 (bel SLICE_X142Y155/CARRY4): CARRY4 DI with S=1 never selected, left unrouted
Info:     $auto$alumacc.cc:548:replace_alu$42194.genblk1.slice[0].genblk1.carry4$split$4545.DI0 (bel SLICE_X142Y163/CARRY4): CARRY4 DI with S=1 never selected, left unrouted
Info:     $auto$alumacc.cc:548:replace_alu$42215.genblk1.slice[0].genblk1.carry4.DI1 (bel SLICE_X134Y145/CARRY4): CARRY4 DI with S=1 never selected, left unrouted
Info: Constant holdouts: 0 local constant LUT(s) added, 0 re-route pass(es), 7 don't-care CARRY4 DI pin(s) left unrouted
Info: Running post-routing legalisation...
Info:     BUFHCE pass-through CE: 8 tied to VCC, 0 already driven, 0 could not be reached

Info: Critical path report for clock 'clk_ctrl' (posedge -> posedge):
Info: curr total
Info:  0.1  0.1  Source $auto$ff.cc:337:slice$54539.Q
Info:  0.8  0.9    Net ddr3.ddr3_controller_inst.stage2_pending budget 0.000000 ns (210,109) -> (214,107)
Info:                Sink $abc$328758$lut$aiger328757$9374.A4
Info:  0.1  1.0  Source $abc$328758$lut$aiger328757$9374.O6
Info:  1.6  2.7    Net $techmap332674$abc$328758$lut$aiger328757$9390.A[1] budget 0.000000 ns (214,107) -> (221,90)
Info:                Sink $abc$328758$lut$aiger328757$9390.A1
Info:  0.1  2.8  Source $abc$328758$lut$aiger328757$9390.O6
Info:  0.6  3.4    Net $techmap332675$abc$328758$lut$aiger328757$9391.A[1] budget 0.000000 ns (221,90) -> (220,89)
Info:                Sink $abc$328758$lut$aiger328757$11474.A5
Info:  0.1  3.5  Source $abc$328758$lut$aiger328757$11474.O6
Info:  1.8  5.3    Net $techmap332825$auto$abc_ops_reintegrate.cc:611:reintegrate$329712.A[1] budget 0.000000 ns (220,89) -> (227,111)
Info:                Sink $auto$abc_ops_reintegrate.cc:611:reintegrate$329712.A3
Info:  0.1  5.4  Source $auto$abc_ops_reintegrate.cc:611:reintegrate$329712.O6
Info:  1.5  6.9    Net ddr3.ddr3_controller_inst.stage2_update budget 0.000000 ns (227,111) -> (221,125)
Info:                Sink $abc$328758$lut$aiger$o9484.A1
Info:  0.1  7.0  Source $abc$328758$lut$aiger$o9484.O6
Info:  1.9  8.9    Net ddr3.ddr3_controller_inst.stage2_bank_d[1] budget 0.000000 ns (221,125) -> (214,100)
Info:                Sink $abc$328758$lut$aiger328757$14755.A1
Info:  0.1  9.0  Source $abc$328758$lut$aiger328757$14755.O6
Info:  0.7  9.7    Net $techmap332910$abc$328758$lut$aiger328757$14761.A[5] budget 0.000000 ns (214,100) -> (220,100)
Info:                Sink $abc$328758$lut$aiger328757$14761.A6
Info:  0.1  9.8  Source $abc$328758$lut$aiger328757$14761.O6
Info:  0.6 10.4    Net $techmap332942$auto$abc_ops_reintegrate.cc:611:reintegrate$329692.A[0] budget 0.000000 ns (220,100) -> (214,102)
Info:                Sink $abc$328758$lut$aiger328757$14769.A1
Info:  0.1 10.5  Source $abc$328758$lut$aiger328757$14769.O6
Info:  1.2 11.7    Net $techmap336914$abc$328758$lut$aiger$o7665.A[3] budget 0.000000 ns (214,102) -> (220,107)
Info:                Sink $abc$328758$lut$aiger$o7665.A5
Info:  0.1 11.8  Source $abc$328758$lut$aiger$o7665.O6
Info:  0.0 11.8    Net ddr3.ddr3_controller_inst.stage2_do_pre_d budget -0.037000 ns (220,107) -> (220,107)
Info:                Sink $auto$ff.cc:337:slice$53657.D
Info:  0.1 11.9  Setup $auto$ff.cc:337:slice$53657.D
Info: 1.3 ns logic, 10.6 ns routing

Info: Max frequency for clock 'clk_ctrl': 83.74 MHz (PASS at 83.33 MHz)

Info: Slack histogram:
Info:  legend: * represents 20 endpoint(s)
Info:          + represents [1,20) endpoint(s)
Info: [    58,    638) |+
Info: [   638,   1218) |+
Info: [  1218,   1798) |**+
Info: [  1798,   2378) |**+
Info: [  2378,   2958) |***+
Info: [  2958,   3538) |*********+
Info: [  3538,   4118) |*******************+
Info: [  4118,   4698) |*********************+
Info: [  4698,   5278) |*************************+
Info: [  5278,   5858) |***********************+
Info: [  5858,   6438) |*************************+
Info: [  6438,   7018) |***************************+
Info: [  7018,   7598) |*****************************************+
Info: [  7598,   8178) |************************************************************ 
Info: [  8178,   8758) |*********************************************+
Info: [  8758,   9338) |****************************************************+
Info: [  9338,   9918) |*********************************************+
Info: [  9918,  10498) |******************+
Info: [ 10498,  11078) |*****************+
Info: [ 11078,  11658) |******************+

