# host seconds after t0	host UTC at the newline	line
0.5442	2026-09-24T12:31:37.831Z	W0000007600021de8fd
0.5442	2026-09-24T12:31:37.831Z	R0000007600021de8ff
0.5442	2026-09-24T12:31:37.831Z	E000000000000000000
0.5718	2026-09-24T12:31:37.859Z	M000000000000000000
0.5718	2026-09-24T12:31:37.859Z	Fffffffff0000000000
0.6018	2026-09-24T12:31:37.889Z	S01171700021e486cae
14.7183	2026-09-24T12:31:52.005Z	H7deeef160104000bb8
14.7183	2026-09-24T12:31:52.006Z	S000000000000000004
14.7183	2026-09-24T12:31:52.006Z	S0011110000000218c9
15.5139	2026-09-24T12:31:52.801Z	S001111000004044dc9
16.3214	2026-09-24T12:31:53.608Z	S001111000008044dcd
17.1450	2026-09-24T12:31:54.432Z	S00111100000c044dd1
17.9489	2026-09-24T12:31:55.236Z	S001111000010044dd5
18.1095	2026-09-24T12:31:55.396Z	S001212000010f03739
18.2406	2026-09-24T12:31:55.528Z	S00131300001177b198
19.0213	2026-09-24T12:31:56.308Z	S00131300001577b19c
19.7092	2026-09-24T12:31:56.996Z	S001414000018ce023e
20.5078	2026-09-24T12:31:57.795Z	S00141400001cce0242
20.7519	2026-09-24T12:31:58.039Z	S00151500001e100230
21.5703	2026-09-24T12:31:58.857Z	S001515000022100234
21.6148	2026-09-24T12:31:58.902Z	S0016160000224651ae
21.6148	2026-09-24T12:31:58.902Z	S0117170000224651be
21.6148	2026-09-24T12:31:58.902Z	G020000000104000000
21.6148	2026-09-24T12:31:58.902Z	K0000006100224651be
21.6148	2026-09-24T12:31:58.902Z	L000000000001000000
22.4175	2026-09-24T12:31:59.704Z	S011717000026486a77
22.4660	2026-09-24T12:31:59.753Z	W0000000000021de923
22.4660	2026-09-24T12:31:59.753Z	R0000000000021de900
22.4660	2026-09-24T12:31:59.753Z	E000000000000000000
22.4660	2026-09-24T12:31:59.753Z	M000000000000000000
22.4660	2026-09-24T12:31:59.753Z	Fffffffff0000000000
23.2404	2026-09-24T12:32:00.527Z	S01171700002a486a7b
23.3202	2026-09-24T12:32:00.607Z	W0000000100021de91a
23.3202	2026-09-24T12:32:00.607Z	R0000000100021de8ff
23.3202	2026-09-24T12:32:00.607Z	E000000000000000000
23.3474	2026-09-24T12:32:00.634Z	M000000000000000000
23.3474	2026-09-24T12:32:00.634Z	Fffffffff0000000000
24.0226	2026-09-24T12:32:01.310Z	S01171700002e486a7f
24.1797	2026-09-24T12:32:01.467Z	W0000000200021de8fd
24.1797	2026-09-24T12:32:01.467Z	R0000000200021de8ff
24.1797	2026-09-24T12:32:01.467Z	E000000000000000000
24.2075	2026-09-24T12:32:01.495Z	M000000000000000000
24.2075	2026-09-24T12:32:01.495Z	Fffffffff0000000000
24.8361	2026-09-24T12:32:02.123Z	S011717000032486a83
25.0473	2026-09-24T12:32:02.334Z	W0000000300021de901
25.0473	2026-09-24T12:32:02.334Z	R0000000300021de8ff
25.0473	2026-09-24T12:32:02.334Z	E000000000000000000
25.0473	2026-09-24T12:32:02.334Z	M000000000000000000
25.0473	2026-09-24T12:32:02.334Z	Fffffffff0000000000
25.6395	2026-09-24T12:32:02.927Z	S011717000036486a87
25.8977	2026-09-24T12:32:03.185Z	W0000000400021de8fd
25.8977	2026-09-24T12:32:03.185Z	R0000000400021de8ff
25.8977	2026-09-24T12:32:03.185Z	E000000000000000000
25.9232	2026-09-24T12:32:03.210Z	M000000000000000000
25.9232	2026-09-24T12:32:03.210Z	Fffffffff0000000000
26.4390	2026-09-24T12:32:03.726Z	S01171700003a486a8b
26.7788	2026-09-24T12:32:04.066Z	W0000000500021de901
26.7788	2026-09-24T12:32:04.066Z	R0000000500021de8ff
26.7788	2026-09-24T12:32:04.066Z	E000000000000000000
26.7788	2026-09-24T12:32:04.066Z	M000000000000000000
26.7788	2026-09-24T12:32:04.066Z	Fffffffff0000000000
27.2436	2026-09-24T12:32:04.531Z	S01171700003e486a8f
27.6258	2026-09-24T12:32:04.913Z	W0000000600021de8fd
27.6258	2026-09-24T12:32:04.913Z	R0000000600021de8ff
27.6258	2026-09-24T12:32:04.913Z	E000000000000000000
27.6258	2026-09-24T12:32:04.913Z	M000000000000000000
27.6258	2026-09-24T12:32:04.913Z	Fffffffff0000000000
28.0441	2026-09-24T12:32:05.331Z	S011717000042486a93
28.4925	2026-09-24T12:32:05.780Z	W0000000700021de901
28.4925	2026-09-24T12:32:05.780Z	R0000000700021de8ff
28.4925	2026-09-24T12:32:05.780Z	E000000000000000000
28.4925	2026-09-24T12:32:05.780Z	M000000000000000000
28.4925	2026-09-24T12:32:05.780Z	Fffffffff0000000000
28.8621	2026-09-24T12:32:06.149Z	S011717000046486a97
29.3507	2026-09-24T12:32:06.638Z	W0000000800021de8fd
29.3507	2026-09-24T12:32:06.638Z	R0000000800021de8ff
29.3507	2026-09-24T12:32:06.638Z	E000000000000000000
29.3507	2026-09-24T12:32:06.638Z	M000000000000000000
29.3507	2026-09-24T12:32:06.638Z	Fffffffff0000000000
29.6545	2026-09-24T12:32:06.942Z	S01171700004a486a9b
30.1937	2026-09-24T12:32:07.481Z	W0000000900021de901
30.1937	2026-09-24T12:32:07.481Z	R0000000900021de8ff
30.1937	2026-09-24T12:32:07.481Z	E000000000000000000
30.2213	2026-09-24T12:32:07.508Z	M000000000000000000
30.2213	2026-09-24T12:32:07.508Z	Fffffffff0000000000
30.4739	2026-09-24T12:32:07.761Z	S01171700004e486a9f
31.0579	2026-09-24T12:32:08.345Z	W0000000a00021de8fd
31.0579	2026-09-24T12:32:08.345Z	R0000000a00021de8ff
31.0579	2026-09-24T12:32:08.345Z	E000000000000000000
31.0579	2026-09-24T12:32:08.345Z	M000000000000000000
31.0579	2026-09-24T12:32:08.345Z	Fffffffff0000000000
31.2652	2026-09-24T12:32:08.552Z	S011717000052486aa3
31.9258	2026-09-24T12:32:09.213Z	W0000000b00021de901
31.9258	2026-09-24T12:32:09.213Z	R0000000b00021de8ff
31.9258	2026-09-24T12:32:09.213Z	E000000000000000000
31.9258	2026-09-24T12:32:09.213Z	M000000000000000000
31.9258	2026-09-24T12:32:09.213Z	Fffffffff0000000000
32.0868	2026-09-24T12:32:09.374Z	S011717000056486aa7
32.7750	2026-09-24T12:32:10.062Z	W0000000c00021de8fd
32.7750	2026-09-24T12:32:10.062Z	R0000000c00021de8ff
32.7750	2026-09-24T12:32:10.062Z	E000000000000000000
32.7989	2026-09-24T12:32:10.086Z	M000000000000000000
32.7989	2026-09-24T12:32:10.086Z	Fffffffff0000000000
32.8757	2026-09-24T12:32:10.163Z	S01171700005a486aab
33.6387	2026-09-24T12:32:10.926Z	W0000000d00021de901
33.6387	2026-09-24T12:32:10.926Z	R0000000d00021de8ff
33.6387	2026-09-24T12:32:10.926Z	E000000000000000000
33.6387	2026-09-24T12:32:10.926Z	M000000000000000000
33.6387	2026-09-24T12:32:10.926Z	Fffffffff0000000000
33.6892	2026-09-24T12:32:10.976Z	S01171700005e486aaf
34.4949	2026-09-24T12:32:11.782Z	S011717000062486ab3
34.4949	2026-09-24T12:32:11.782Z	W0000000e00021de8fd
34.4949	2026-09-24T12:32:11.782Z	R0000000e00021de8ff
34.4949	2026-09-24T12:32:11.782Z	E000000000000000000
34.4949	2026-09-24T12:32:11.782Z	M000000000000000000
34.4949	2026-09-24T12:32:11.782Z	Fffffffff0000000000
35.2916	2026-09-24T12:32:12.579Z	S011717000066486ab7
35.3670	2026-09-24T12:32:12.654Z	W0000000f00021de8fd
35.3670	2026-09-24T12:32:12.654Z	R0000000f00021de91f
35.3670	2026-09-24T12:32:12.654Z	E000000000000000000
35.3670	2026-09-24T12:32:12.654Z	M000000000000000000
35.3670	2026-09-24T12:32:12.654Z	Fffffffff0000000000
36.1214	2026-09-24T12:32:13.409Z	S01171700006a486abb
36.2279	2026-09-24T12:32:13.515Z	W0000001000021de923
36.2279	2026-09-24T12:32:13.515Z	R0000001000021de901
36.2279	2026-09-24T12:32:13.515Z	E000000000000000000
36.2279	2026-09-24T12:32:13.515Z	M000000000000000000
36.2279	2026-09-24T12:32:13.515Z	Fffffffff0000000000
36.9301	2026-09-24T12:32:14.217Z	S01171700006e486abf
37.0707	2026-09-24T12:32:14.358Z	W0000001100021de923
37.0707	2026-09-24T12:32:14.358Z	R0000001100021de900
37.0707	2026-09-24T12:32:14.358Z	E000000000000000000
37.0967	2026-09-24T12:32:14.384Z	M000000000000000000
37.0967	2026-09-24T12:32:14.384Z	Fffffffff0000000000
37.7200	2026-09-24T12:32:15.007Z	S011717000072486ac3
37.9336	2026-09-24T12:32:15.221Z	W0000001200021de923
37.9336	2026-09-24T12:32:15.221Z	R0000001200021de8ff
37.9336	2026-09-24T12:32:15.221Z	E000000000000000000
37.9336	2026-09-24T12:32:15.221Z	M000000000000000000
37.9336	2026-09-24T12:32:15.221Z	Fffffffff0000000000
38.5130	2026-09-24T12:32:15.800Z	S011717000076486ac7
38.7930	2026-09-24T12:32:16.080Z	W0000001300021de90d
38.7930	2026-09-24T12:32:16.080Z	R0000001300021de8ff
38.7930	2026-09-24T12:32:16.080Z	E000000000000000000
38.7930	2026-09-24T12:32:16.080Z	M000000000000000000
38.7930	2026-09-24T12:32:16.080Z	Fffffffff0000000000
39.3266	2026-09-24T12:32:16.614Z	S01171700007a486acb
39.6452	2026-09-24T12:32:16.932Z	W0000001400021de8fd
39.6452	2026-09-24T12:32:16.932Z	R0000001400021de8ff
39.6452	2026-09-24T12:32:16.932Z	E000000000000000000
39.6728	2026-09-24T12:32:16.960Z	M000000000000000000
39.6728	2026-09-24T12:32:16.960Z	Fffffffff0000000000
40.1334	2026-09-24T12:32:17.421Z	S01171700007e486acf
40.5108	2026-09-24T12:32:17.798Z	W0000001500021de901
40.5108	2026-09-24T12:32:17.798Z	R0000001500021de8ff
40.5108	2026-09-24T12:32:17.798Z	E000000000000000000
40.5108	2026-09-24T12:32:17.798Z	M000000000000000000
40.5108	2026-09-24T12:32:17.798Z	Fffffffff0000000000
40.9453	2026-09-24T12:32:18.232Z	S011717000082486ad3
41.3684	2026-09-24T12:32:18.656Z	W0000001600021de8fd
41.3684	2026-09-24T12:32:18.656Z	R0000001600021de8ff
41.3684	2026-09-24T12:32:18.656Z	E000000000000000000
41.3983	2026-09-24T12:32:18.686Z	M000000000000000000
41.3983	2026-09-24T12:32:18.686Z	Fffffffff0000000000
41.7356	2026-09-24T12:32:19.023Z	S011717000086486ad7
42.2336	2026-09-24T12:32:19.521Z	W0000001700021de901
42.2336	2026-09-24T12:32:19.521Z	R0000001700021de8ff
42.2336	2026-09-24T12:32:19.521Z	E000000000000000000
42.2336	2026-09-24T12:32:19.521Z	M000000000000000000
42.2336	2026-09-24T12:32:19.521Z	Fffffffff0000000000
42.5442	2026-09-24T12:32:19.831Z	S01171700008a486adb
43.0947	2026-09-24T12:32:20.382Z	W0000001800021de8fd
43.0947	2026-09-24T12:32:20.382Z	R0000001800021de8ff
43.0947	2026-09-24T12:32:20.382Z	E000000000000000000
43.0947	2026-09-24T12:32:20.382Z	M000000000000000000
43.0947	2026-09-24T12:32:20.382Z	Fffffffff0000000000
43.3695	2026-09-24T12:32:20.657Z	S01171700008e486adf
43.9562	2026-09-24T12:32:21.243Z	W0000001900021de901
43.9562	2026-09-24T12:32:21.243Z	R0000001900021de8ff
43.9562	2026-09-24T12:32:21.244Z	E000000000000000000
43.9562	2026-09-24T12:32:21.244Z	M000000000000000000
43.9562	2026-09-24T12:32:21.244Z	Fffffffff0000000000
44.1749	2026-09-24T12:32:21.462Z	S011717000092486ae3
44.8213	2026-09-24T12:32:22.108Z	W0000001a00021de8fd
44.8213	2026-09-24T12:32:22.108Z	R0000001a00021de8ff
44.8213	2026-09-24T12:32:22.109Z	E000000000000000000
44.8213	2026-09-24T12:32:22.109Z	M000000000000000000
44.8213	2026-09-24T12:32:22.109Z	Fffffffff0000000000
44.9610	2026-09-24T12:32:22.248Z	S011717000096486ae7
45.6806	2026-09-24T12:32:22.968Z	W0000001b00021de901
45.6806	2026-09-24T12:32:22.968Z	R0000001b00021de8ff
45.6806	2026-09-24T12:32:22.968Z	E000000000000000000
45.6806	2026-09-24T12:32:22.968Z	M000000000000000000
45.6806	2026-09-24T12:32:22.968Z	Fffffffff0000000000
45.7882	2026-09-24T12:32:23.075Z	S01171700009a486aeb
46.5268	2026-09-24T12:32:23.814Z	W0000001c00021de8fd
46.5268	2026-09-24T12:32:23.814Z	R0000001c00021de8ff
46.5268	2026-09-24T12:32:23.814Z	E000000000000000000
46.5268	2026-09-24T12:32:23.814Z	M000000000000000000
46.5268	2026-09-24T12:32:23.814Z	Fffffffff0000000000
46.5700	2026-09-24T12:32:23.857Z	S01171700009e486aef
47.3782	2026-09-24T12:32:24.665Z	S0117170000a2486af3
47.3782	2026-09-24T12:32:24.665Z	W0000001d00021de901
47.3782	2026-09-24T12:32:24.665Z	R0000001d00021de8ff
47.3782	2026-09-24T12:32:24.665Z	E000000000000000000
47.4042	2026-09-24T12:32:24.691Z	M000000000000000000
47.4042	2026-09-24T12:32:24.691Z	Fffffffff0000000000
48.1986	2026-09-24T12:32:25.486Z	S0117170000a6486af7
48.2495	2026-09-24T12:32:25.537Z	W0000001e00021de8fd
48.2495	2026-09-24T12:32:25.537Z	R0000001e00021de8ff
48.2495	2026-09-24T12:32:25.537Z	E000000000000000000
48.2495	2026-09-24T12:32:25.537Z	M000000000000000000
48.2495	2026-09-24T12:32:25.537Z	Fffffffff0000000000
48.9856	2026-09-24T12:32:26.273Z	S0117170000aa486afb
49.1111	2026-09-24T12:32:26.398Z	W0000001f00021de901
49.1111	2026-09-24T12:32:26.398Z	R0000001f00021de8ff
49.1111	2026-09-24T12:32:26.398Z	E000000000000000000
49.1111	2026-09-24T12:32:26.398Z	M000000000000000000
49.1111	2026-09-24T12:32:26.398Z	Fffffffff0000000000
49.8155	2026-09-24T12:32:27.103Z	S0117170000ae486aff
49.9558	2026-09-24T12:32:27.243Z	W0000002000021de8fd
49.9558	2026-09-24T12:32:27.243Z	R0000002000021de8ff
49.9558	2026-09-24T12:32:27.243Z	E000000000000000000
49.9834	2026-09-24T12:32:27.271Z	M000000000000000000
49.9834	2026-09-24T12:32:27.271Z	Fffffffff0000000000
50.6061	2026-09-24T12:32:27.893Z	S0117170000b2486b03
50.8150	2026-09-24T12:32:28.102Z	W0000002100021de901
50.8150	2026-09-24T12:32:28.102Z	R0000002100021de8ff
50.8150	2026-09-24T12:32:28.102Z	E000000000000000000
50.8385	2026-09-24T12:32:28.126Z	M000000000000000000
50.8385	2026-09-24T12:32:28.126Z	Fffffffff0000000000
51.4170	2026-09-24T12:32:28.704Z	S0117170000b6486b07
51.6954	2026-09-24T12:32:28.983Z	W0000002200021de8fd
51.6954	2026-09-24T12:32:28.983Z	R0000002200021de8ff
51.6954	2026-09-24T12:32:28.983Z	E000000000000000000
51.6954	2026-09-24T12:32:28.983Z	M000000000000000000
51.6954	2026-09-24T12:32:28.983Z	Fffffffff0000000000
52.2102	2026-09-24T12:32:29.498Z	S0117170000ba486b0b
52.5378	2026-09-24T12:32:29.825Z	W0000002300021de901
52.5378	2026-09-24T12:32:29.825Z	R0000002300021de8ff
52.5378	2026-09-24T12:32:29.825Z	E000000000000000000
52.5645	2026-09-24T12:32:29.852Z	M000000000000000000
52.5645	2026-09-24T12:32:29.852Z	Fffffffff0000000000
53.0089	2026-09-24T12:32:30.296Z	S0117170000be486b0f
53.3927	2026-09-24T12:32:30.680Z	W0000002400021de8fd
53.3927	2026-09-24T12:32:30.680Z	R0000002400021de8ff
53.3927	2026-09-24T12:32:30.680Z	E000000000000000000
53.4142	2026-09-24T12:32:30.701Z	M000000000000000000
53.4142	2026-09-24T12:32:30.702Z	Fffffffff0000000000
53.8191	2026-09-24T12:32:31.106Z	S0117170000c2486b13
54.2695	2026-09-24T12:32:31.557Z	W0000002500021de901
54.2695	2026-09-24T12:32:31.557Z	R0000002500021de8ff
54.2695	2026-09-24T12:32:31.557Z	E000000000000000000
54.2695	2026-09-24T12:32:31.557Z	M000000000000000000
54.2695	2026-09-24T12:32:31.557Z	Fffffffff0000000000
54.6355	2026-09-24T12:32:31.923Z	S0117170000c6486b17
55.1348	2026-09-24T12:32:32.422Z	W0000002600021de8fd
55.1348	2026-09-24T12:32:32.422Z	R0000002600021de8ff
55.1348	2026-09-24T12:32:32.422Z	E000000000000000000
55.1348	2026-09-24T12:32:32.422Z	M000000000000000000
55.1348	2026-09-24T12:32:32.422Z	Fffffffff0000000000
55.4244	2026-09-24T12:32:32.712Z	S0117170000ca486b1b
55.9923	2026-09-24T12:32:33.280Z	W0000002700021de901
55.9923	2026-09-24T12:32:33.280Z	R0000002700021de8ff
55.9923	2026-09-24T12:32:33.280Z	E000000000000000000
55.9923	2026-09-24T12:32:33.280Z	M000000000000000000
55.9923	2026-09-24T12:32:33.280Z	Fffffffff0000000000
56.2378	2026-09-24T12:32:33.525Z	S0117170000ce486b1f
56.8379	2026-09-24T12:32:34.125Z	W0000002800021de8fd
56.8379	2026-09-24T12:32:34.125Z	R0000002800021de8ff
56.8379	2026-09-24T12:32:34.125Z	E000000000000000000
56.8379	2026-09-24T12:32:34.125Z	M000000000000000000
56.8379	2026-09-24T12:32:34.125Z	Fffffffff0000000000
57.0350	2026-09-24T12:32:34.322Z	S0117170000d2486b23
57.6888	2026-09-24T12:32:34.976Z	W0000002900021de901
57.6888	2026-09-24T12:32:34.976Z	R0000002900021de8ff
57.6888	2026-09-24T12:32:34.976Z	E000000000000000000
57.7163	2026-09-24T12:32:35.004Z	M000000000000000000
57.7163	2026-09-24T12:32:35.004Z	Fffffffff0000000000
57.8501	2026-09-24T12:32:35.137Z	S0117170000d6486b27
58.5718	2026-09-24T12:32:35.859Z	W0000002a00021de8fd
58.5718	2026-09-24T12:32:35.859Z	R0000002a00021de8ff
58.5718	2026-09-24T12:32:35.859Z	E000000000000000000
58.5718	2026-09-24T12:32:35.859Z	M000000000000000000
58.5718	2026-09-24T12:32:35.859Z	Fffffffff0000000000
58.6458	2026-09-24T12:32:35.933Z	S0117170000da486b2b
59.4072	2026-09-24T12:32:36.695Z	W0000002b00021de901
59.4072	2026-09-24T12:32:36.695Z	R0000002b00021de8ff
59.4072	2026-09-24T12:32:36.695Z	E000000000000000000
59.4335	2026-09-24T12:32:36.721Z	M000000000000000000
59.4335	2026-09-24T12:32:36.721Z	Fffffffff0000000000
59.4550	2026-09-24T12:32:36.742Z	S0117170000de486b2f
60.2642	2026-09-24T12:32:37.552Z	S0117170000e2486b33
60.2869	2026-09-24T12:32:37.574Z	W0000002c00021de8fd
60.2869	2026-09-24T12:32:37.574Z	R0000002c00021de8ff
60.2869	2026-09-24T12:32:37.574Z	E000000000000000000
60.2869	2026-09-24T12:32:37.574Z	M000000000000000000
60.2869	2026-09-24T12:32:37.574Z	Fffffffff0000000000
61.0770	2026-09-24T12:32:38.364Z	S0117170000e6486b37
61.1255	2026-09-24T12:32:38.413Z	W0000002d00021de901
61.1255	2026-09-24T12:32:38.413Z	R0000002d00021de8ff
61.1255	2026-09-24T12:32:38.413Z	E000000000000000000
61.1513	2026-09-24T12:32:38.439Z	M000000000000000000
61.1513	2026-09-24T12:32:38.439Z	Fffffffff0000000000
61.8670	2026-09-24T12:32:39.154Z	S0117170000ea486b3b
61.9877	2026-09-24T12:32:39.275Z	W0000002e00021de8fd
61.9877	2026-09-24T12:32:39.275Z	R0000002e00021de8ff
61.9877	2026-09-24T12:32:39.275Z	E000000000000000000
62.0092	2026-09-24T12:32:39.297Z	M000000000000000000
62.0092	2026-09-24T12:32:39.297Z	Fffffffff0000000000
62.6973	2026-09-24T12:32:39.985Z	S0117170000ee486b3f
62.8452	2026-09-24T12:32:40.133Z	W0000002f00021de901
62.8452	2026-09-24T12:32:40.133Z	R0000002f00021de8ff
62.8452	2026-09-24T12:32:40.133Z	E000000000000000000
62.8679	2026-09-24T12:32:40.155Z	M000000000000000000
62.8679	2026-09-24T12:32:40.155Z	Fffffffff0000000000
63.4798	2026-09-24T12:32:40.767Z	S0117170000f2486b43
63.7032	2026-09-24T12:32:40.991Z	W0000003000021de8fd
63.7032	2026-09-24T12:32:40.991Z	R0000003000021de8ff
63.7032	2026-09-24T12:32:40.991Z	E000000000000000000
63.7309	2026-09-24T12:32:41.018Z	M000000000000000000
63.7309	2026-09-24T12:32:41.018Z	Fffffffff0000000000
64.2870	2026-09-24T12:32:41.574Z	S0117170000f6486b47
64.5843	2026-09-24T12:32:41.872Z	W0000003100021de901
64.5843	2026-09-24T12:32:41.872Z	R0000003100021de8ff
64.5843	2026-09-24T12:32:41.872Z	E000000000000000000
64.5843	2026-09-24T12:32:41.872Z	M000000000000000000
64.5843	2026-09-24T12:32:41.872Z	Fffffffff0000000000
65.0979	2026-09-24T12:32:42.385Z	S0117170000fa486b4b
65.4244	2026-09-24T12:32:42.712Z	W0000003200021de8fd
65.4244	2026-09-24T12:32:42.712Z	R0000003200021de8ff
65.4244	2026-09-24T12:32:42.712Z	E000000000000000000
65.4496	2026-09-24T12:32:42.737Z	M000000000000000000
65.4496	2026-09-24T12:32:42.737Z	Fffffffff0000000000
65.9002	2026-09-24T12:32:43.188Z	S0117170000fe486b4f
66.2819	2026-09-24T12:32:43.569Z	W0000003300021de901
66.2819	2026-09-24T12:32:43.569Z	R0000003300021de8ff
66.2819	2026-09-24T12:32:43.569Z	E000000000000000000
66.3027	2026-09-24T12:32:43.590Z	M000000000000000000
66.3027	2026-09-24T12:32:43.590Z	Fffffffff0000000000
66.7170	2026-09-24T12:32:44.004Z	S011717000102486b53
67.1585	2026-09-24T12:32:44.446Z	W0000003400021de8fd
67.1585	2026-09-24T12:32:44.446Z	R0000003400021de8ff
67.1585	2026-09-24T12:32:44.446Z	E000000000000000000
67.1585	2026-09-24T12:32:44.446Z	M000000000000000000
67.1585	2026-09-24T12:32:44.446Z	Fffffffff0000000000
67.5053	2026-09-24T12:32:44.793Z	S011717000106486b57
68.0242	2026-09-24T12:32:45.312Z	W0000003500021de901
68.0242	2026-09-24T12:32:45.312Z	R0000003500021de8ff
68.0242	2026-09-24T12:32:45.312Z	E000000000000000000
68.0242	2026-09-24T12:32:45.312Z	M000000000000000000
68.0242	2026-09-24T12:32:45.312Z	Fffffffff0000000000
68.3173	2026-09-24T12:32:45.605Z	S01171700010a486b5b
68.8649	2026-09-24T12:32:46.152Z	W0000003600021de8fd
68.8649	2026-09-24T12:32:46.152Z	R0000003600021de8ff
68.8649	2026-09-24T12:32:46.153Z	E000000000000000000
68.8649	2026-09-24T12:32:46.153Z	M000000000000000000
68.8649	2026-09-24T12:32:46.153Z	Fffffffff0000000000
69.1351	2026-09-24T12:32:46.423Z	S01171700010e486b5f
69.7331	2026-09-24T12:32:47.021Z	W0000003700021de901
69.7331	2026-09-24T12:32:47.021Z	R0000003700021de8ff
69.7331	2026-09-24T12:32:47.021Z	E000000000000000000
69.7331	2026-09-24T12:32:47.021Z	M000000000000000000
69.7331	2026-09-24T12:32:47.021Z	Fffffffff0000000000
69.9398	2026-09-24T12:32:47.227Z	S011717000112486b63
70.5955	2026-09-24T12:32:47.883Z	W0000003800021de8fd
70.5955	2026-09-24T12:32:47.883Z	R0000003800021de8ff
70.5955	2026-09-24T12:32:47.883Z	E000000000000000000
70.5955	2026-09-24T12:32:47.883Z	M000000000000000000
70.5955	2026-09-24T12:32:47.883Z	Fffffffff0000000000
70.7492	2026-09-24T12:32:48.037Z	S011717000116486b67
71.4381	2026-09-24T12:32:48.726Z	W0000003900021de901
71.4381	2026-09-24T12:32:48.726Z	R0000003900021de8ff
71.4381	2026-09-24T12:32:48.726Z	E000000000000000000
71.4654	2026-09-24T12:32:48.753Z	M000000000000000000
71.4654	2026-09-24T12:32:48.753Z	Fffffffff0000000000
71.5517	2026-09-24T12:32:48.839Z	S01171700011a486b6b
72.3185	2026-09-24T12:32:49.606Z	W0000003a00021de8fd
72.3185	2026-09-24T12:32:49.606Z	R0000003a00021de8ff
72.3185	2026-09-24T12:32:49.606Z	E000000000000000000
72.3185	2026-09-24T12:32:49.606Z	M000000000000000000
72.3185	2026-09-24T12:32:49.606Z	Fffffffff0000000000
72.3400	2026-09-24T12:32:49.628Z	S01171700011e486b6f
73.1435	2026-09-24T12:32:50.431Z	S011717000122486b73
73.1655	2026-09-24T12:32:50.453Z	W0000003b00021de901
73.1655	2026-09-24T12:32:50.453Z	R0000003b00021de8ff
73.1655	2026-09-24T12:32:50.453Z	E000000000000000000
73.1655	2026-09-24T12:32:50.453Z	M000000000000000000
73.1655	2026-09-24T12:32:50.453Z	Fffffffff0000000000
73.9556	2026-09-24T12:32:51.243Z	S011717000126486b77
74.0257	2026-09-24T12:32:51.313Z	W0000003c00021de8fd
74.0257	2026-09-24T12:32:51.313Z	R0000003c00021de8ff
74.0257	2026-09-24T12:32:51.313Z	E000000000000000000
74.0257	2026-09-24T12:32:51.313Z	M000000000000000000
74.0257	2026-09-24T12:32:51.313Z	Fffffffff0000000000
74.7520	2026-09-24T12:32:52.040Z	S01171700012a486b7b
74.8809	2026-09-24T12:32:52.168Z	W0000003d00021de901
74.8809	2026-09-24T12:32:52.168Z	R0000003d00021de8ff
74.8809	2026-09-24T12:32:52.169Z	E000000000000000000
74.8809	2026-09-24T12:32:52.169Z	M000000000000000000
74.8809	2026-09-24T12:32:52.169Z	Fffffffff0000000000
75.5660	2026-09-24T12:32:52.854Z	S01171700012e486b7f
75.7520	2026-09-24T12:32:53.040Z	W0000003e00021de8fd
75.7520	2026-09-24T12:32:53.040Z	R0000003e00021de8ff
75.7520	2026-09-24T12:32:53.040Z	E000000000000000000
75.7520	2026-09-24T12:32:53.040Z	M000000000000000000
75.7520	2026-09-24T12:32:53.040Z	Fffffffff0000000000
76.3727	2026-09-24T12:32:53.660Z	S011717000132486b83
76.5949	2026-09-24T12:32:53.882Z	W0000003f00021de901
76.5949	2026-09-24T12:32:53.882Z	R0000003f00021de8ff
76.5949	2026-09-24T12:32:53.882Z	E000000000000000000
76.6151	2026-09-24T12:32:53.903Z	M000000000000000000
76.6151	2026-09-24T12:32:53.903Z	Fffffffff0000000000
77.1787	2026-09-24T12:32:54.466Z	S011717000136486b87
77.4670	2026-09-24T12:32:54.755Z	W0000004000021de8fd
77.4670	2026-09-24T12:32:54.755Z	R0000004000021de8ff
77.4670	2026-09-24T12:32:54.755Z	E000000000000000000
77.4670	2026-09-24T12:32:54.755Z	M000000000000000000
77.4670	2026-09-24T12:32:54.755Z	Fffffffff0000000000
77.9760	2026-09-24T12:32:55.264Z	S01171700013a486b8b
78.3245	2026-09-24T12:32:55.612Z	W0000004100021de901
78.3245	2026-09-24T12:32:55.612Z	R0000004100021de8ff
78.3245	2026-09-24T12:32:55.612Z	E000000000000000000
78.3245	2026-09-24T12:32:55.612Z	M000000000000000000
78.3245	2026-09-24T12:32:55.612Z	Fffffffff0000000000
78.7785	2026-09-24T12:32:56.066Z	S01171700013e486b8f
79.1770	2026-09-24T12:32:56.465Z	W0000004200021de8fd
79.1770	2026-09-24T12:32:56.465Z	R0000004200021de8ff
79.1770	2026-09-24T12:32:56.465Z	E000000000000000000
79.1770	2026-09-24T12:32:56.465Z	M000000000000000000
79.1770	2026-09-24T12:32:56.465Z	Fffffffff0000000000
79.5838	2026-09-24T12:32:56.871Z	S011717000142486b93
80.0402	2026-09-24T12:32:57.328Z	W0000004300021de901
80.0402	2026-09-24T12:32:57.328Z	R0000004300021de8ff
80.0402	2026-09-24T12:32:57.328Z	E000000000000000000
80.0402	2026-09-24T12:32:57.328Z	M000000000000000000
80.0402	2026-09-24T12:32:57.328Z	Fffffffff0000000000
80.4170	2026-09-24T12:32:57.705Z	S011717000146486b97
80.9121	2026-09-24T12:32:58.200Z	W0000004400021de8fd
80.9121	2026-09-24T12:32:58.200Z	R0000004400021de8ff
80.9121	2026-09-24T12:32:58.200Z	E000000000000000000
80.9121	2026-09-24T12:32:58.200Z	M000000000000000000
80.9121	2026-09-24T12:32:58.200Z	Fffffffff0000000000
81.1953	2026-09-24T12:32:58.483Z	S01171700014a486b9b
81.7467	2026-09-24T12:32:59.034Z	W0000004500021de901
81.7467	2026-09-24T12:32:59.034Z	R0000004500021de8ff
81.7467	2026-09-24T12:32:59.034Z	E000000000000000000
81.7687	2026-09-24T12:32:59.056Z	M000000000000000000
81.7687	2026-09-24T12:32:59.056Z	Fffffffff0000000000
82.0070	2026-09-24T12:32:59.295Z	S01171700014e486b9f
82.6236	2026-09-24T12:32:59.911Z	W0000004600021de8fd
82.6236	2026-09-24T12:32:59.911Z	R0000004600021de8ff
82.6236	2026-09-24T12:32:59.911Z	E000000000000000000
82.6236	2026-09-24T12:32:59.911Z	M000000000000000000
82.6236	2026-09-24T12:32:59.911Z	Fffffffff0000000000
82.8065	2026-09-24T12:33:00.094Z	S011717000152486ba3
83.4662	2026-09-24T12:33:00.754Z	W0000004700021de901
83.4662	2026-09-24T12:33:00.754Z	R0000004700021de8ff
83.4662	2026-09-24T12:33:00.754Z	E000000000000000000
83.4946	2026-09-24T12:33:00.782Z	M000000000000000000
83.4946	2026-09-24T12:33:00.782Z	Fffffffff0000000000
83.6182	2026-09-24T12:33:00.906Z	S011717000156486ba7
84.3340	2026-09-24T12:33:01.622Z	W0000004800021de8fd
84.3340	2026-09-24T12:33:01.622Z	R0000004800021de8ff
84.3340	2026-09-24T12:33:01.622Z	E000000000000000000
84.3340	2026-09-24T12:33:01.622Z	M000000000000000000
84.3340	2026-09-24T12:33:01.622Z	Fffffffff0000000000
84.4228	2026-09-24T12:33:01.710Z	S01171700015a486bab
85.1836	2026-09-24T12:33:02.471Z	W0000004900021de901
85.1836	2026-09-24T12:33:02.471Z	R0000004900021de8ff
85.1836	2026-09-24T12:33:02.471Z	E000000000000000000
85.2091	2026-09-24T12:33:02.497Z	M000000000000000000
85.2091	2026-09-24T12:33:02.497Z	Fffffffff0000000000
85.2334	2026-09-24T12:33:02.521Z	S01171700015e486baf
86.0263	2026-09-24T12:33:03.314Z	S011717000162486bb3
86.0477	2026-09-24T12:33:03.335Z	W0000004a00021de8fd
86.0477	2026-09-24T12:33:03.335Z	R0000004a00021de8ff
86.0477	2026-09-24T12:33:03.335Z	E000000000000000000
86.0477	2026-09-24T12:33:03.335Z	M000000000000000000
86.0477	2026-09-24T12:33:03.335Z	Fffffffff0000000000
86.8316	2026-09-24T12:33:04.119Z	S011717000166486bb7
86.9042	2026-09-24T12:33:04.192Z	W0000004b00021de901
86.9042	2026-09-24T12:33:04.192Z	R0000004b00021de8ff
86.9042	2026-09-24T12:33:04.192Z	E000000000000000000
86.9293	2026-09-24T12:33:04.217Z	M000000000000000000
86.9293	2026-09-24T12:33:04.217Z	Fffffffff0000000000
87.6591	2026-09-24T12:33:04.947Z	S01171700016a486bbb
87.7612	2026-09-24T12:33:05.049Z	W0000004c00021de8fd
87.7612	2026-09-24T12:33:05.049Z	R0000004c00021de8ff
87.7612	2026-09-24T12:33:05.049Z	E000000000000000000
87.7847	2026-09-24T12:33:05.072Z	M000000000000000000
87.7847	2026-09-24T12:33:05.072Z	Fffffffff0000000000
88.4422	2026-09-24T12:33:05.730Z	S01171700016e486bbf
88.6254	2026-09-24T12:33:05.913Z	W0000004d00021de901
88.6254	2026-09-24T12:33:05.913Z	R0000004d00021de8ff
88.6254	2026-09-24T12:33:05.913Z	E000000000000000000
88.6254	2026-09-24T12:33:05.913Z	M000000000000000000
88.6254	2026-09-24T12:33:05.913Z	Fffffffff0000000000
89.2591	2026-09-24T12:33:06.547Z	S011717000172486bc3
89.4798	2026-09-24T12:33:06.767Z	W0000004e00021de8fd
89.4798	2026-09-24T12:33:06.768Z	R0000004e00021de8ff
89.4798	2026-09-24T12:33:06.768Z	E000000000000000000
89.5059	2026-09-24T12:33:06.794Z	M000000000000000000
89.5059	2026-09-24T12:33:06.794Z	Fffffffff0000000000
90.0781	2026-09-24T12:33:07.366Z	S011717000176486bc7
90.3529	2026-09-24T12:33:07.641Z	W0000004f00021de901
90.3529	2026-09-24T12:33:07.641Z	R0000004f00021de8ff
90.3529	2026-09-24T12:33:07.641Z	E000000000000000000
90.3529	2026-09-24T12:33:07.641Z	M000000000000000000
90.3529	2026-09-24T12:33:07.641Z	Fffffffff0000000000
90.8639	2026-09-24T12:33:08.152Z	S01171700017a486bcb
91.2057	2026-09-24T12:33:08.493Z	W0000005000021de8fd
91.2057	2026-09-24T12:33:08.493Z	R0000005000021de8ff
91.2057	2026-09-24T12:33:08.493Z	E000000000000000000
91.2057	2026-09-24T12:33:08.494Z	M000000000000000000
91.2057	2026-09-24T12:33:08.494Z	Fffffffff0000000000
91.6731	2026-09-24T12:33:08.961Z	S01171700017e486bcf
92.0572	2026-09-24T12:33:09.345Z	W0000005100021de901
92.0572	2026-09-24T12:33:09.345Z	R0000005100021de8ff
92.0572	2026-09-24T12:33:09.345Z	E000000000000000000
92.0781	2026-09-24T12:33:09.366Z	M000000000000000000
92.0781	2026-09-24T12:33:09.366Z	Fffffffff0000000000
92.4892	2026-09-24T12:33:09.777Z	S011717000182486bd3
92.9288	2026-09-24T12:33:10.217Z	W0000005200021de8fd
92.9288	2026-09-24T12:33:10.217Z	R0000005200021de8ff
92.9288	2026-09-24T12:33:10.217Z	E000000000000000000
92.9288	2026-09-24T12:33:10.217Z	M000000000000000000
92.9288	2026-09-24T12:33:10.217Z	Fffffffff0000000000
93.2940	2026-09-24T12:33:10.582Z	S011717000186486bd7
93.7881	2026-09-24T12:33:11.076Z	W0000005300021de901
93.7881	2026-09-24T12:33:11.076Z	R0000005300021de8ff
93.7881	2026-09-24T12:33:11.076Z	E000000000000000000
93.7881	2026-09-24T12:33:11.076Z	M000000000000000000
93.7881	2026-09-24T12:33:11.076Z	Fffffffff0000000000
94.0799	2026-09-24T12:33:11.368Z	S01171700018a486bdb
94.6389	2026-09-24T12:33:11.927Z	W0000005400021de8fd
94.6389	2026-09-24T12:33:11.927Z	R0000005400021de8ff
94.6389	2026-09-24T12:33:11.927Z	E000000000000000000
94.6669	2026-09-24T12:33:11.955Z	M000000000000000000
94.6669	2026-09-24T12:33:11.955Z	Fffffffff0000000000
94.8892	2026-09-24T12:33:12.177Z	S01171700018e486bdf
95.4977	2026-09-24T12:33:12.785Z	W0000005500021de901
95.4977	2026-09-24T12:33:12.786Z	R0000005500021de8ff
95.4977	2026-09-24T12:33:12.786Z	E000000000000000000
95.5246	2026-09-24T12:33:12.812Z	M000000000000000000
95.5246	2026-09-24T12:33:12.812Z	Fffffffff0000000000
95.7057	2026-09-24T12:33:12.993Z	S011717000192486be3
96.3622	2026-09-24T12:33:13.650Z	W0000005600021de8fd
96.3622	2026-09-24T12:33:13.650Z	R0000005600021de8ff
96.3622	2026-09-24T12:33:13.650Z	E000000000000000000
96.3622	2026-09-24T12:33:13.650Z	M000000000000000000
96.3622	2026-09-24T12:33:13.650Z	Fffffffff0000000000
96.4953	2026-09-24T12:33:13.783Z	S011717000196486be7
97.2176	2026-09-24T12:33:14.505Z	W0000005700021de901
97.2176	2026-09-24T12:33:14.505Z	R0000005700021de8ff
97.2176	2026-09-24T12:33:14.505Z	E000000000000000000
97.2176	2026-09-24T12:33:14.505Z	M000000000000000000
97.2176	2026-09-24T12:33:14.506Z	Fffffffff0000000000
97.3006	2026-09-24T12:33:14.588Z	S01171700019a486beb
98.0763	2026-09-24T12:33:15.364Z	W0000005800021de8fd
98.0763	2026-09-24T12:33:15.364Z	R0000005800021de8ff
98.0763	2026-09-24T12:33:15.364Z	E000000000000000000
98.1059	2026-09-24T12:33:15.394Z	M000000000000000000
98.1059	2026-09-24T12:33:15.394Z	Fffffffff0000000000
98.1059	2026-09-24T12:33:15.394Z	S01171700019e486bef
98.9309	2026-09-24T12:33:16.219Z	S0117170001a2486bf3
98.9309	2026-09-24T12:33:16.219Z	W0000005900021de901
98.9309	2026-09-24T12:33:16.219Z	R0000005900021de8ff
98.9309	2026-09-24T12:33:16.219Z	E000000000000000000
98.9526	2026-09-24T12:33:16.240Z	M000000000000000000
98.9526	2026-09-24T12:33:16.240Z	Fffffffff0000000000
99.7176	2026-09-24T12:33:17.005Z	S0117170001a6486bf7
99.7961	2026-09-24T12:33:17.084Z	W0000005a00021de8fd
99.7961	2026-09-24T12:33:17.084Z	R0000005a00021de8ff
99.7961	2026-09-24T12:33:17.084Z	E000000000000000000
99.7961	2026-09-24T12:33:17.084Z	M000000000000000000
99.7961	2026-09-24T12:33:17.084Z	Fffffffff0000000000
100.5519	2026-09-24T12:33:17.840Z	S0117170001aa486bfb
100.6494	2026-09-24T12:33:17.937Z	W0000005b00021de901
100.6494	2026-09-24T12:33:17.937Z	R0000005b00021de8ff
100.6494	2026-09-24T12:33:17.937Z	E000000000000000000
100.6703	2026-09-24T12:33:17.958Z	M000000000000000000
100.6703	2026-09-24T12:33:17.958Z	Fffffffff0000000000
101.3344	2026-09-24T12:33:18.622Z	S0117170001ae486bff
101.5345	2026-09-24T12:33:18.822Z	W0000005c00021de8fd
101.5345	2026-09-24T12:33:18.822Z	R0000005c00021de8ff
101.5345	2026-09-24T12:33:18.822Z	E000000000000000000
101.5345	2026-09-24T12:33:18.822Z	M000000000000000000
101.5345	2026-09-24T12:33:18.822Z	Fffffffff0000000000
102.1409	2026-09-24T12:33:19.429Z	S0117170001b2486c03
102.3725	2026-09-24T12:33:19.660Z	W0000005d00021de901
102.3725	2026-09-24T12:33:19.660Z	R0000005d00021de8ff
102.3725	2026-09-24T12:33:19.660Z	E000000000000000000
102.3964	2026-09-24T12:33:19.684Z	M000000000000000000
102.3964	2026-09-24T12:33:19.684Z	Fffffffff0000000000
102.9503	2026-09-24T12:33:20.238Z	S0117170001b6486c07
103.2408	2026-09-24T12:33:20.529Z	W0000005e00021de8fd
103.2408	2026-09-24T12:33:20.529Z	R0000005e00021de8ff
103.2408	2026-09-24T12:33:20.529Z	E000000000000000000
103.2408	2026-09-24T12:33:20.529Z	M000000000000000000
103.2408	2026-09-24T12:33:20.529Z	Fffffffff0000000000
103.7432	2026-09-24T12:33:21.031Z	S0117170001ba486c0b
104.0997	2026-09-24T12:33:21.388Z	W0000005f00021de901
104.0997	2026-09-24T12:33:21.388Z	R0000005f00021de8ff
104.0997	2026-09-24T12:33:21.388Z	E000000000000000000
104.0997	2026-09-24T12:33:21.388Z	M000000000000000000
104.0997	2026-09-24T12:33:21.388Z	Fffffffff0000000000
104.5520	2026-09-24T12:33:21.840Z	S0117170001be486c0f
104.9626	2026-09-24T12:33:22.250Z	W0000006000021de8fd
104.9626	2026-09-24T12:33:22.250Z	R0000006000021de8ff
104.9626	2026-09-24T12:33:22.250Z	E000000000000000000
104.9626	2026-09-24T12:33:22.250Z	M000000000000000000
104.9626	2026-09-24T12:33:22.250Z	Fffffffff0000000000
105.3565	2026-09-24T12:33:22.644Z	S0117170001c2486c13
105.8163	2026-09-24T12:33:23.104Z	W0000006100021de901
105.8163	2026-09-24T12:33:23.104Z	R0000006100021de8ff
105.8163	2026-09-24T12:33:23.104Z	E000000000000000000
105.8163	2026-09-24T12:33:23.104Z	M000000000000000000
105.8163	2026-09-24T12:33:23.104Z	Fffffffff0000000000
106.1591	2026-09-24T12:33:23.447Z	S0117170001c6486c17
106.6774	2026-09-24T12:33:23.965Z	W0000006200021de8fd
106.6774	2026-09-24T12:33:23.965Z	R0000006200021de8ff
106.6774	2026-09-24T12:33:23.965Z	E000000000000000000
106.6774	2026-09-24T12:33:23.965Z	M000000000000000000
106.6774	2026-09-24T12:33:23.965Z	Fffffffff0000000000
106.9691	2026-09-24T12:33:24.257Z	S0117170001ca486c1b
107.5270	2026-09-24T12:33:24.815Z	W0000006300021de901
107.5270	2026-09-24T12:33:24.815Z	R0000006300021de8ff
107.5270	2026-09-24T12:33:24.815Z	E000000000000000000
107.5566	2026-09-24T12:33:24.845Z	M000000000000000000
107.5566	2026-09-24T12:33:24.845Z	Fffffffff0000000000
107.7750	2026-09-24T12:33:25.063Z	S0117170001ce486c1f
108.3823	2026-09-24T12:33:25.670Z	W0000006400021de8fd
108.3823	2026-09-24T12:33:25.670Z	R0000006400021de8ff
108.3823	2026-09-24T12:33:25.670Z	E000000000000000000
108.4091	2026-09-24T12:33:25.697Z	M000000000000000000
108.4091	2026-09-24T12:33:25.697Z	Fffffffff0000000000
108.5750	2026-09-24T12:33:25.863Z	S0117170001d2486c23
109.2530	2026-09-24T12:33:26.541Z	W0000006500021de901
109.2530	2026-09-24T12:33:26.541Z	R0000006500021de8ff
109.2530	2026-09-24T12:33:26.541Z	E000000000000000000
109.2530	2026-09-24T12:33:26.541Z	M000000000000000000
109.2530	2026-09-24T12:33:26.541Z	Fffffffff0000000000
109.4000	2026-09-24T12:33:26.688Z	S0117170001d6486c27
110.1007	2026-09-24T12:33:27.389Z	W0000006600021de8fd
110.1007	2026-09-24T12:33:27.389Z	R0000006600021de8ff
110.1007	2026-09-24T12:33:27.389Z	E000000000000000000
110.1280	2026-09-24T12:33:27.416Z	M000000000000000000
110.1280	2026-09-24T12:33:27.416Z	Fffffffff0000000000
110.2057	2026-09-24T12:33:27.494Z	S0117170001da486c2b
110.9829	2026-09-24T12:33:28.271Z	W0000006700021de901
110.9829	2026-09-24T12:33:28.271Z	R0000006700021de8ff
110.9829	2026-09-24T12:33:28.271Z	E000000000000000000
110.9829	2026-09-24T12:33:28.271Z	M000000000000000000
110.9829	2026-09-24T12:33:28.271Z	Fffffffff0000000000
111.0038	2026-09-24T12:33:28.292Z	S0117170001de486c2f
111.8009	2026-09-24T12:33:29.089Z	S0117170001e2486c33
111.8220	2026-09-24T12:33:29.110Z	W0000006800021de8fd
111.8220	2026-09-24T12:33:29.110Z	R0000006800021de8ff
111.8220	2026-09-24T12:33:29.110Z	E000000000000000000
111.8494	2026-09-24T12:33:29.137Z	M000000000000000000
111.8494	2026-09-24T12:33:29.137Z	Fffffffff0000000000
112.6057	2026-09-24T12:33:29.894Z	S0117170001e6486c37
112.6819	2026-09-24T12:33:29.970Z	W0000006900021de901
112.6819	2026-09-24T12:33:29.970Z	R0000006900021de8ff
112.6819	2026-09-24T12:33:29.970Z	E000000000000000000
112.7114	2026-09-24T12:33:29.999Z	M000000000000000000
112.7114	2026-09-24T12:33:29.999Z	Fffffffff0000000000
113.4212	2026-09-24T12:33:30.709Z	S0117170001ea486c3b
113.5562	2026-09-24T12:33:30.844Z	W0000006a00021de8fd
113.5562	2026-09-24T12:33:30.844Z	R0000006a00021de8ff
113.5562	2026-09-24T12:33:30.844Z	E000000000000000000
113.5562	2026-09-24T12:33:30.844Z	M000000000000000000
113.5562	2026-09-24T12:33:30.844Z	Fffffffff0000000000
114.2338	2026-09-24T12:33:31.522Z	S0117170001ee486c3f
114.4205	2026-09-24T12:33:31.708Z	W0000006b00021de901
114.4205	2026-09-24T12:33:31.709Z	R0000006b00021de8ff
114.4205	2026-09-24T12:33:31.709Z	E000000000000000000
114.4205	2026-09-24T12:33:31.709Z	M000000000000000000
114.4205	2026-09-24T12:33:31.709Z	Fffffffff0000000000
115.0174	2026-09-24T12:33:32.305Z	S0117170001f2486c43
115.2660	2026-09-24T12:33:32.554Z	W0000006c00021de8fd
115.2660	2026-09-24T12:33:32.554Z	R0000006c00021de8ff
115.2660	2026-09-24T12:33:32.554Z	E000000000000000000
115.2660	2026-09-24T12:33:32.554Z	M000000000000000000
115.2660	2026-09-24T12:33:32.554Z	Fffffffff0000000000
115.8331	2026-09-24T12:33:33.121Z	S0117170001f6486c47
116.1203	2026-09-24T12:33:33.408Z	W0000006d00021de901
116.1203	2026-09-24T12:33:33.408Z	R0000006d00021de8ff
116.1203	2026-09-24T12:33:33.408Z	E000000000000000000
116.1203	2026-09-24T12:33:33.408Z	M000000000000000000
116.1203	2026-09-24T12:33:33.408Z	Fffffffff0000000000
116.6298	2026-09-24T12:33:33.918Z	S0117170001fa486c4b
116.9794	2026-09-24T12:33:34.267Z	W0000006e00021de8fd
116.9794	2026-09-24T12:33:34.267Z	R0000006e00021de8ff
116.9794	2026-09-24T12:33:34.267Z	E000000000000000000
116.9794	2026-09-24T12:33:34.267Z	M000000000000000000
116.9794	2026-09-24T12:33:34.267Z	Fffffffff0000000000
117.4447	2026-09-24T12:33:34.733Z	S0117170001fe486c4f
117.8344	2026-09-24T12:33:35.122Z	W0000006f00021de901
117.8344	2026-09-24T12:33:35.122Z	R0000006f00021de8ff
117.8344	2026-09-24T12:33:35.122Z	E000000000000000000
117.8600	2026-09-24T12:33:35.148Z	M000000000000000000
117.8600	2026-09-24T12:33:35.148Z	Fffffffff0000000000
118.2605	2026-09-24T12:33:35.548Z	S011717000202486c53
118.7069	2026-09-24T12:33:35.995Z	W0000007000021de8fd
118.7069	2026-09-24T12:33:35.995Z	R0000007000021de8ff
118.7069	2026-09-24T12:33:35.995Z	E000000000000000000
118.7069	2026-09-24T12:33:35.995Z	M000000000000000000
118.7069	2026-09-24T12:33:35.995Z	Fffffffff0000000000
119.0566	2026-09-24T12:33:36.345Z	S011717000206486c57
119.5609	2026-09-24T12:33:36.849Z	W0000007100021de901
119.5609	2026-09-24T12:33:36.849Z	R0000007100021de8ff
119.5609	2026-09-24T12:33:36.849Z	E000000000000000000
119.5609	2026-09-24T12:33:36.849Z	M000000000000000000
119.5609	2026-09-24T12:33:36.849Z	Fffffffff0000000000
119.8494	2026-09-24T12:33:37.137Z	S01171700020a486c5b
120.4112	2026-09-24T12:33:37.699Z	W0000007200021de8fd
120.4112	2026-09-24T12:33:37.699Z	R0000007200021de8ff
120.4112	2026-09-24T12:33:37.699Z	E000000000000000000
120.4323	2026-09-24T12:33:37.720Z	M000000000000000000
120.4323	2026-09-24T12:33:37.720Z	Fffffffff0000000000
120.6586	2026-09-24T12:33:37.947Z	S01171700020e486c5f
121.2809	2026-09-24T12:33:38.569Z	W0000007300021de901
121.2809	2026-09-24T12:33:38.569Z	R0000007300021de8ff
121.2809	2026-09-24T12:33:38.569Z	E000000000000000000
121.2809	2026-09-24T12:33:38.569Z	M000000000000000000
121.2809	2026-09-24T12:33:38.569Z	Fffffffff0000000000
121.4747	2026-09-24T12:33:38.763Z	S011717000212486c63
122.1348	2026-09-24T12:33:39.423Z	W0000007400021de8fd
122.1348	2026-09-24T12:33:39.423Z	R0000007400021de8ff
122.1348	2026-09-24T12:33:39.423Z	E000000000000000000
122.1348	2026-09-24T12:33:39.423Z	M000000000000000000
122.1348	2026-09-24T12:33:39.423Z	Fffffffff0000000000
122.2653	2026-09-24T12:33:39.553Z	S011717000216486c67
122.9889	2026-09-24T12:33:40.277Z	W0000007500021de901
122.9889	2026-09-24T12:33:40.277Z	R0000007500021de8ff
122.9889	2026-09-24T12:33:40.277Z	E000000000000000000
123.0091	2026-09-24T12:33:40.297Z	M000000000000000000
123.0091	2026-09-24T12:33:40.297Z	Fffffffff0000000000
123.0844	2026-09-24T12:33:40.372Z	S01171700021a486c6b
123.8683	2026-09-24T12:33:41.156Z	W0000007600021de8fd
123.8683	2026-09-24T12:33:41.156Z	R0000007600021de8ff
123.8683	2026-09-24T12:33:41.156Z	E000000000000000000
123.8683	2026-09-24T12:33:41.156Z	M000000000000000000
123.8683	2026-09-24T12:33:41.156Z	Fffffffff0000000000
123.8933	2026-09-24T12:33:41.181Z	S01171700021e486c6f
124.7033	2026-09-24T12:33:41.991Z	S011717000222486c73
124.7288	2026-09-24T12:33:42.017Z	W0000007700021de901
124.7288	2026-09-24T12:33:42.017Z	R0000007700021de8ff
124.7288	2026-09-24T12:33:42.017Z	E000000000000000000
124.7288	2026-09-24T12:33:42.017Z	M000000000000000000
124.7288	2026-09-24T12:33:42.017Z	Fffffffff0000000000
125.5121	2026-09-24T12:33:42.800Z	S011717000226486c77
125.5831	2026-09-24T12:33:42.871Z	W0000007800021de8fd
125.5831	2026-09-24T12:33:42.871Z	R0000007800021de8ff
125.5831	2026-09-24T12:33:42.871Z	E000000000000000000
125.5831	2026-09-24T12:33:42.871Z	M000000000000000000
125.5831	2026-09-24T12:33:42.871Z	Fffffffff0000000000
126.2918	2026-09-24T12:33:43.580Z	S01171700022a486c7b
126.4442	2026-09-24T12:33:43.732Z	W0000007900021de901
126.4442	2026-09-24T12:33:43.732Z	R0000007900021de8ff
126.4442	2026-09-24T12:33:43.732Z	E000000000000000000
126.4442	2026-09-24T12:33:43.732Z	M000000000000000000
126.4442	2026-09-24T12:33:43.732Z	Fffffffff0000000000
127.1055	2026-09-24T12:33:44.394Z	S01171700022e486c7f
127.2923	2026-09-24T12:33:44.580Z	W0000007a00021de8fd
127.2923	2026-09-24T12:33:44.581Z	R0000007a00021de8ff
127.2923	2026-09-24T12:33:44.581Z	E000000000000000000
127.2923	2026-09-24T12:33:44.581Z	M000000000000000000
127.2923	2026-09-24T12:33:44.581Z	Fffffffff0000000000
127.9153	2026-09-24T12:33:45.203Z	S011717000232486c83
128.1441	2026-09-24T12:33:45.432Z	W0000007b00021de901
128.1441	2026-09-24T12:33:45.432Z	R0000007b00021de8ff
128.1441	2026-09-24T12:33:45.432Z	E000000000000000000
128.1717	2026-09-24T12:33:45.460Z	M000000000000000000
128.1717	2026-09-24T12:33:45.460Z	Fffffffff0000000000
128.7078	2026-09-24T12:33:45.996Z	S011717000236486c87
129.0033	2026-09-24T12:33:46.291Z	W0000007c00021de8fd
129.0033	2026-09-24T12:33:46.291Z	R0000007c00021de8ff
129.0033	2026-09-24T12:33:46.291Z	E000000000000000000
129.0297	2026-09-24T12:33:46.318Z	M000000000000000000
129.0297	2026-09-24T12:33:46.318Z	Fffffffff0000000000
129.5201	2026-09-24T12:33:46.808Z	S01171700023a486c8b
129.8625	2026-09-24T12:33:47.151Z	W0000007d00021de901
129.8625	2026-09-24T12:33:47.151Z	R0000007d00021de8ff
129.8625	2026-09-24T12:33:47.151Z	E000000000000000000
129.8901	2026-09-24T12:33:47.178Z	M000000000000000000
129.8901	2026-09-24T12:33:47.178Z	Fffffffff0000000000
130.3388	2026-09-24T12:33:47.627Z	S01171700023e486c8f
130.7488	2026-09-24T12:33:48.037Z	W0000007e00021de8fd
130.7488	2026-09-24T12:33:48.037Z	R0000007e00021de8ff
130.7488	2026-09-24T12:33:48.037Z	E000000000000000000
130.7488	2026-09-24T12:33:48.037Z	M000000000000000000
130.7488	2026-09-24T12:33:48.037Z	Fffffffff0000000000
131.1236	2026-09-24T12:33:48.412Z	S011717000242486c93
131.6035	2026-09-24T12:33:48.892Z	W0000007f00021de901
131.6035	2026-09-24T12:33:48.892Z	R0000007f00021de8ff
131.6035	2026-09-24T12:33:48.892Z	E000000000000000000
131.6035	2026-09-24T12:33:48.892Z	M000000000000000000
131.6035	2026-09-24T12:33:48.892Z	Fffffffff0000000000
131.9346	2026-09-24T12:33:49.223Z	S011717000246486c97
132.4405	2026-09-24T12:33:49.729Z	W0000008000021de8fd
132.4405	2026-09-24T12:33:49.729Z	R0000008000021de8ff
132.4405	2026-09-24T12:33:49.729Z	E000000000000000000
132.4607	2026-09-24T12:33:49.749Z	M000000000000000000
132.4607	2026-09-24T12:33:49.749Z	Fffffffff0000000000
132.7343	2026-09-24T12:33:50.022Z	S01171700024a486c9b
133.3020	2026-09-24T12:33:50.590Z	W0000008100021de901
133.3020	2026-09-24T12:33:50.590Z	R0000008100021de8ff
133.3020	2026-09-24T12:33:50.590Z	E000000000000000000
133.3263	2026-09-24T12:33:50.615Z	M000000000000000000
133.3263	2026-09-24T12:33:50.615Z	Fffffffff0000000000
133.5396	2026-09-24T12:33:50.828Z	S01171700024e486c9f
134.1590	2026-09-24T12:33:51.447Z	W0000008200021de8fd
134.1590	2026-09-24T12:33:51.447Z	R0000008200021de8ff
134.1590	2026-09-24T12:33:51.447Z	E000000000000000000
134.1808	2026-09-24T12:33:51.469Z	M000000000000000000
134.1808	2026-09-24T12:33:51.469Z	Fffffffff0000000000
134.3449	2026-09-24T12:33:51.633Z	S011717000252486ca3
135.0178	2026-09-24T12:33:52.306Z	W0000008300021de901
135.0178	2026-09-24T12:33:52.306Z	R0000008300021de8ff
135.0178	2026-09-24T12:33:52.306Z	E000000000000000000
135.0379	2026-09-24T12:33:52.326Z	M000000000000000000
135.0379	2026-09-24T12:33:52.326Z	Fffffffff0000000000
135.1724	2026-09-24T12:33:52.461Z	S011717000256486ca7
135.8770	2026-09-24T12:33:53.165Z	W0000008400021de8fd
135.8770	2026-09-24T12:33:53.165Z	R0000008400021de8ff
135.8770	2026-09-24T12:33:53.165Z	E000000000000000000
135.8980	2026-09-24T12:33:53.186Z	M000000000000000000
135.8980	2026-09-24T12:33:53.186Z	Fffffffff0000000000
135.9555	2026-09-24T12:33:53.244Z	S01171700025a486cab
136.7575	2026-09-24T12:33:54.046Z	W0000008500021de901
136.7575	2026-09-24T12:33:54.046Z	R0000008500021de8ff
136.7575	2026-09-24T12:33:54.046Z	E000000000000000000
136.7575	2026-09-24T12:33:54.046Z	M000000000000000000
136.7575	2026-09-24T12:33:54.046Z	Fffffffff0000000000
136.7856	2026-09-24T12:33:54.074Z	S01171700025e486caf
137.5661	2026-09-24T12:33:54.854Z	S011717000262486cb3
137.6074	2026-09-24T12:33:54.896Z	W0000008600021de8fd
137.6074	2026-09-24T12:33:54.896Z	R0000008600021de8ff
137.6074	2026-09-24T12:33:54.896Z	E000000000000000000
137.6074	2026-09-24T12:33:54.896Z	M000000000000000000
137.6074	2026-09-24T12:33:54.896Z	Fffffffff0000000000
138.3715	2026-09-24T12:33:55.660Z	S011717000266486cb7
138.4546	2026-09-24T12:33:55.743Z	W0000008700021de901
138.4546	2026-09-24T12:33:55.743Z	R0000008700021de8ff
138.4546	2026-09-24T12:33:55.743Z	E000000000000000000
138.4770	2026-09-24T12:33:55.765Z	M000000000000000000
138.4770	2026-09-24T12:33:55.765Z	Fffffffff0000000000
139.1937	2026-09-24T12:33:56.482Z	S01171700026a486cbb
139.3326	2026-09-24T12:33:56.621Z	W0000008800021de8fd
139.3326	2026-09-24T12:33:56.621Z	R0000008800021de8ff
139.3326	2026-09-24T12:33:56.621Z	E000000000000000000
139.3326	2026-09-24T12:33:56.621Z	M000000000000000000
139.3326	2026-09-24T12:33:56.621Z	Fffffffff0000000000
139.9822	2026-09-24T12:33:57.270Z	S01171700026e486cbf
140.1886	2026-09-24T12:33:57.477Z	W0000008900021de901
140.1886	2026-09-24T12:33:57.477Z	R0000008900021de8ff
140.1886	2026-09-24T12:33:57.477Z	E000000000000000000
140.1886	2026-09-24T12:33:57.477Z	M000000000000000000
140.1886	2026-09-24T12:33:57.477Z	Fffffffff0000000000
140.8091	2026-09-24T12:33:58.097Z	S011717000272486cc3
141.0371	2026-09-24T12:33:58.325Z	W0000008a00021de8fd
141.0371	2026-09-24T12:33:58.325Z	R0000008a00021de8ff
141.0371	2026-09-24T12:33:58.325Z	E000000000000000000
141.0654	2026-09-24T12:33:58.354Z	M000000000000000000
141.0654	2026-09-24T12:33:58.354Z	Fffffffff0000000000
141.5927	2026-09-24T12:33:58.881Z	S011717000276486cc7
141.8929	2026-09-24T12:33:59.181Z	W0000008b00021de901
141.8929	2026-09-24T12:33:59.181Z	R0000008b00021de8ff
141.8929	2026-09-24T12:33:59.181Z	E000000000000000000
141.9198	2026-09-24T12:33:59.208Z	M000000000000000000
141.9198	2026-09-24T12:33:59.208Z	Fffffffff0000000000
142.4257	2026-09-24T12:33:59.714Z	S01171700027a486ccb
142.7737	2026-09-24T12:34:00.062Z	W0000008c00021de8fd
142.7737	2026-09-24T12:34:00.062Z	R0000008c00021de8ff
142.7737	2026-09-24T12:34:00.062Z	E000000000000000000
142.7737	2026-09-24T12:34:00.062Z	M000000000000000000
142.7737	2026-09-24T12:34:00.062Z	Fffffffff0000000000
143.2111	2026-09-24T12:34:00.499Z	S01171700027e486ccf
143.6311	2026-09-24T12:34:00.919Z	W0000008d00021de901
143.6311	2026-09-24T12:34:00.919Z	R0000008d00021de8ff
143.6311	2026-09-24T12:34:00.919Z	E000000000000000000
143.6311	2026-09-24T12:34:00.919Z	M000000000000000000
143.6311	2026-09-24T12:34:00.919Z	Fffffffff0000000000
144.0103	2026-09-24T12:34:01.299Z	S011717000282486cd3
144.4692	2026-09-24T12:34:01.757Z	W0000008e00021de8fd
144.4692	2026-09-24T12:34:01.757Z	R0000008e00021de8ff
144.4692	2026-09-24T12:34:01.757Z	E000000000000000000
144.4968	2026-09-24T12:34:01.785Z	M000000000000000000
144.4968	2026-09-24T12:34:01.785Z	Fffffffff0000000000
144.8422	2026-09-24T12:34:02.130Z	S011717000286486cd7
145.3326	2026-09-24T12:34:02.621Z	W0000008f00021de901
145.3326	2026-09-24T12:34:02.621Z	R0000008f00021de8ff
145.3326	2026-09-24T12:34:02.621Z	E000000000000000000
145.3623	2026-09-24T12:34:02.651Z	M000000000000000000
145.3623	2026-09-24T12:34:02.651Z	Fffffffff0000000000
145.6270	2026-09-24T12:34:02.915Z	S01171700028a486cdb
146.2034	2026-09-24T12:34:03.492Z	W0000009000021de8fd
146.2034	2026-09-24T12:34:03.492Z	R0000009000021de8ff
146.2034	2026-09-24T12:34:03.492Z	E000000000000000000
146.2034	2026-09-24T12:34:03.492Z	M000000000000000000
146.2034	2026-09-24T12:34:03.492Z	Fffffffff0000000000
146.4437	2026-09-24T12:34:03.732Z	S01171700028e486cdf
147.0715	2026-09-24T12:34:04.360Z	W0000009100021de901
147.0715	2026-09-24T12:34:04.360Z	R0000009100021de8ff
147.0715	2026-09-24T12:34:04.360Z	E000000000000000000
147.0715	2026-09-24T12:34:04.360Z	M000000000000000000
147.0715	2026-09-24T12:34:04.360Z	Fffffffff0000000000
147.2389	2026-09-24T12:34:04.527Z	S011717000292486ce3
147.9171	2026-09-24T12:34:05.205Z	W0000009200021de8fd
147.9171	2026-09-24T12:34:05.205Z	R0000009200021de8ff
147.9171	2026-09-24T12:34:05.205Z	E000000000000000000
147.9171	2026-09-24T12:34:05.205Z	M000000000000000000
147.9171	2026-09-24T12:34:05.205Z	Fffffffff0000000000
148.0614	2026-09-24T12:34:05.350Z	S011717000296486ce7
148.7726	2026-09-24T12:34:06.061Z	W0000009300021de901
148.7726	2026-09-24T12:34:06.061Z	R0000009300021de8ff
148.7726	2026-09-24T12:34:06.061Z	E000000000000000000
148.7726	2026-09-24T12:34:06.061Z	M000000000000000000
148.7726	2026-09-24T12:34:06.061Z	Fffffffff0000000000
148.8492	2026-09-24T12:34:06.138Z	S01171700029a486ceb
149.6244	2026-09-24T12:34:06.913Z	W0000009400021de8fd
149.6244	2026-09-24T12:34:06.913Z	R0000009400021de8ff
149.6244	2026-09-24T12:34:06.913Z	E000000000000000000
149.6454	2026-09-24T12:34:06.934Z	M000000000000000000
149.6454	2026-09-24T12:34:06.934Z	Fffffffff0000000000
149.6750	2026-09-24T12:34:06.963Z	S01171700029e486cef
150.4512	2026-09-24T12:34:07.739Z	S0117170002a2486cf3
150.5075	2026-09-24T12:34:07.796Z	W0000009500021de901
150.5075	2026-09-24T12:34:07.796Z	R0000009500021de8ff
150.5075	2026-09-24T12:34:07.796Z	E000000000000000000
150.5075	2026-09-24T12:34:07.796Z	M000000000000000000
150.5075	2026-09-24T12:34:07.796Z	Fffffffff0000000000
151.2565	2026-09-24T12:34:08.545Z	S0117170002a6486cf7
151.3429	2026-09-24T12:34:08.631Z	W0000009600021de8fd
151.3429	2026-09-24T12:34:08.631Z	R0000009600021de8ff
151.3429	2026-09-24T12:34:08.631Z	E000000000000000000
151.3706	2026-09-24T12:34:08.659Z	M000000000000000000
151.3706	2026-09-24T12:34:08.659Z	Fffffffff0000000000
152.0710	2026-09-24T12:34:09.359Z	S0117170002aa486cfb
152.2020	2026-09-24T12:34:09.490Z	W0000009700021de901
152.2020	2026-09-24T12:34:09.490Z	R0000009700021de8ff
152.2020	2026-09-24T12:34:09.490Z	E000000000000000000
152.2296	2026-09-24T12:34:09.518Z	M000000000000000000
152.2296	2026-09-24T12:34:09.518Z	Fffffffff0000000000
152.8671	2026-09-24T12:34:10.155Z	S0117170002ae486cff
153.0614	2026-09-24T12:34:10.350Z	W0000009800021de8fd
153.0614	2026-09-24T12:34:10.350Z	R0000009800021de8ff
153.0614	2026-09-24T12:34:10.350Z	E000000000000000000
153.0891	2026-09-24T12:34:10.377Z	M000000000000000000
153.0891	2026-09-24T12:34:10.377Z	Fffffffff0000000000
153.6850	2026-09-24T12:34:10.973Z	S0117170002b2486d03
153.9429	2026-09-24T12:34:11.231Z	W0000009900021de901
153.9429	2026-09-24T12:34:11.231Z	R0000009900021de8ff
153.9429	2026-09-24T12:34:11.231Z	E000000000000000000
153.9429	2026-09-24T12:34:11.231Z	M000000000000000000
153.9429	2026-09-24T12:34:11.231Z	Fffffffff0000000000
154.4783	2026-09-24T12:34:11.767Z	S0117170002b6486d07
154.8022	2026-09-24T12:34:12.091Z	W0000009a00021de8fd
154.8022	2026-09-24T12:34:12.091Z	R0000009a00021de8ff
154.8022	2026-09-24T12:34:12.091Z	E000000000000000000
154.8022	2026-09-24T12:34:12.091Z	M000000000000000000
154.8022	2026-09-24T12:34:12.091Z	Fffffffff0000000000
155.2830	2026-09-24T12:34:12.571Z	S0117170002ba486d0b
155.6390	2026-09-24T12:34:12.927Z	W0000009b00021de901
155.6390	2026-09-24T12:34:12.927Z	R0000009b00021de8ff
155.6390	2026-09-24T12:34:12.927Z	E000000000000000000
155.6666	2026-09-24T12:34:12.955Z	M000000000000000000
155.6666	2026-09-24T12:34:12.955Z	Fffffffff0000000000
156.1021	2026-09-24T12:34:13.390Z	S0117170002be486d0f
156.5047	2026-09-24T12:34:13.793Z	W0000009c00021de8fd
156.5047	2026-09-24T12:34:13.793Z	R0000009c00021de8ff
156.5047	2026-09-24T12:34:13.793Z	E000000000000000000
156.5047	2026-09-24T12:34:13.793Z	M000000000000000000
156.5047	2026-09-24T12:34:13.793Z	Fffffffff0000000000
156.9115	2026-09-24T12:34:14.200Z	S0117170002c2486d13
157.3621	2026-09-24T12:34:14.651Z	W0000009d00021de901
157.3621	2026-09-24T12:34:14.651Z	R0000009d00021de8ff
157.3621	2026-09-24T12:34:14.651Z	E000000000000000000
157.3831	2026-09-24T12:34:14.671Z	M000000000000000000
157.3831	2026-09-24T12:34:14.671Z	Fffffffff0000000000
157.7111	2026-09-24T12:34:14.999Z	S0117170002c6486d17
158.2271	2026-09-24T12:34:15.515Z	W0000009e00021de8fd
158.2271	2026-09-24T12:34:15.516Z	R0000009e00021de8ff
158.2271	2026-09-24T12:34:15.516Z	E000000000000000000
158.2271	2026-09-24T12:34:15.516Z	M000000000000000000
158.2271	2026-09-24T12:34:15.516Z	Fffffffff0000000000
158.5094	2026-09-24T12:34:15.798Z	S0117170002ca486d1b
159.0885	2026-09-24T12:34:16.377Z	W0000009f00021de901
159.0885	2026-09-24T12:34:16.377Z	R0000009f00021de8ff
159.0885	2026-09-24T12:34:16.377Z	E000000000000000000
159.0885	2026-09-24T12:34:16.377Z	M000000000000000000
159.0885	2026-09-24T12:34:16.377Z	Fffffffff0000000000
159.3334	2026-09-24T12:34:16.622Z	S0117170002ce486d1f
159.9350	2026-09-24T12:34:17.223Z	W000000a000021de8fd
159.9350	2026-09-24T12:34:17.223Z	R000000a000021de8ff
159.9350	2026-09-24T12:34:17.223Z	E000000000000000000
159.9621	2026-09-24T12:34:17.251Z	M000000000000000000
159.9621	2026-09-24T12:34:17.251Z	Fffffffff0000000000
160.1150	2026-09-24T12:34:17.403Z	S0117170002d2486d23
160.7942	2026-09-24T12:34:18.083Z	W000000a100021de901
160.7942	2026-09-24T12:34:18.083Z	R000000a100021de8ff
160.7942	2026-09-24T12:34:18.083Z	E000000000000000000
160.8208	2026-09-24T12:34:18.109Z	M000000000000000000
160.8208	2026-09-24T12:34:18.109Z	Fffffffff0000000000
160.9215	2026-09-24T12:34:18.210Z	S0117170002d6486d27
161.6732	2026-09-24T12:34:18.962Z	W000000a200021de8fd
161.6732	2026-09-24T12:34:18.962Z	R000000a200021de8ff
161.6732	2026-09-24T12:34:18.962Z	E000000000000000000
161.6732	2026-09-24T12:34:18.962Z	M000000000000000000
161.6732	2026-09-24T12:34:18.962Z	Fffffffff0000000000
161.7255	2026-09-24T12:34:19.014Z	S0117170002da486d2b
162.5292	2026-09-24T12:34:19.818Z	W000000a300021de901
162.5292	2026-09-24T12:34:19.818Z	R000000a300021de8ff
162.5292	2026-09-24T12:34:19.818Z	E000000000000000000
162.5292	2026-09-24T12:34:19.818Z	M000000000000000000
162.5292	2026-09-24T12:34:19.818Z	Fffffffff0000000000
162.5500	2026-09-24T12:34:19.838Z	S0117170002de486d2f
163.3361	2026-09-24T12:34:20.625Z	S0117170002e2486d33
163.3782	2026-09-24T12:34:20.667Z	W000000a400021de8fd
163.3782	2026-09-24T12:34:20.667Z	R000000a400021de8ff
163.3782	2026-09-24T12:34:20.667Z	E000000000000000000
163.3782	2026-09-24T12:34:20.667Z	M000000000000000000
163.3782	2026-09-24T12:34:20.667Z	Fffffffff0000000000
164.1663	2026-09-24T12:34:21.455Z	S0117170002e6486d37
164.2429	2026-09-24T12:34:21.531Z	W000000a500021de901
164.2429	2026-09-24T12:34:21.531Z	R000000a500021de8ff
164.2429	2026-09-24T12:34:21.531Z	E000000000000000000
164.2429	2026-09-24T12:34:21.531Z	M000000000000000000
164.2429	2026-09-24T12:34:21.531Z	Fffffffff0000000000
164.9668	2026-09-24T12:34:22.255Z	S0117170002ea486d3b
165.0902	2026-09-24T12:34:22.379Z	W000000a600021de8fd
165.0902	2026-09-24T12:34:22.379Z	R000000a600021de8ff
165.0902	2026-09-24T12:34:22.379Z	E000000000000000000
165.1179	2026-09-24T12:34:22.406Z	M000000000000000000
165.1179	2026-09-24T12:34:22.406Z	Fffffffff0000000000
165.7649	2026-09-24T12:34:23.053Z	S0117170002ee486d3f
165.9679	2026-09-24T12:34:23.256Z	W000000a700021de901
165.9679	2026-09-24T12:34:23.256Z	R000000a700021de8ff
165.9679	2026-09-24T12:34:23.256Z	E000000000000000000
165.9679	2026-09-24T12:34:23.256Z	M000000000000000000
165.9679	2026-09-24T12:34:23.256Z	Fffffffff0000000000
166.5770	2026-09-24T12:34:23.865Z	S0117170002f2486d43
166.8088	2026-09-24T12:34:24.097Z	W000000a800021de8fd
166.8088	2026-09-24T12:34:24.097Z	R000000a800021de8ff
166.8088	2026-09-24T12:34:24.097Z	E000000000000000000
166.8366	2026-09-24T12:34:24.125Z	M000000000000000000
166.8366	2026-09-24T12:34:24.125Z	Fffffffff0000000000
167.3699	2026-09-24T12:34:24.658Z	S0117170002f6486d47
167.6776	2026-09-24T12:34:24.966Z	W000000a900021de901
167.6776	2026-09-24T12:34:24.966Z	R000000a900021de8ff
167.6776	2026-09-24T12:34:24.966Z	E000000000000000000
167.6776	2026-09-24T12:34:24.966Z	M000000000000000000
167.6776	2026-09-24T12:34:24.966Z	Fffffffff0000000000
168.1760	2026-09-24T12:34:25.464Z	S0117170002fa486d4b
168.5270	2026-09-24T12:34:25.815Z	W000000aa00021de8fd
168.5270	2026-09-24T12:34:25.816Z	R000000aa00021de8ff
168.5270	2026-09-24T12:34:25.816Z	E000000000000000000
168.5541	2026-09-24T12:34:25.843Z	M000000000000000000
168.5541	2026-09-24T12:34:25.843Z	Fffffffff0000000000
168.9733	2026-09-24T12:34:26.262Z	S0117170002fe486d4f
169.3867	2026-09-24T12:34:26.675Z	W000000ab00021de901
169.3867	2026-09-24T12:34:26.675Z	R000000ab00021de8ff
169.3867	2026-09-24T12:34:26.675Z	E000000000000000000
169.4082	2026-09-24T12:34:26.697Z	M000000000000000000
169.4082	2026-09-24T12:34:26.697Z	Fffffffff0000000000
169.7794	2026-09-24T12:34:27.068Z	S011717000302486d53
170.2528	2026-09-24T12:34:27.541Z	W000000ac00021de8fd
170.2528	2026-09-24T12:34:27.541Z	R000000ac00021de8ff
170.2528	2026-09-24T12:34:27.541Z	E000000000000000000
170.2528	2026-09-24T12:34:27.541Z	M000000000000000000
170.2528	2026-09-24T12:34:27.541Z	Fffffffff0000000000
170.5916	2026-09-24T12:34:27.880Z	S011717000306486d57
171.1097	2026-09-24T12:34:28.398Z	W000000ad00021de901
171.1097	2026-09-24T12:34:28.398Z	R000000ad00021de8ff
171.1097	2026-09-24T12:34:28.398Z	E000000000000000000
171.1097	2026-09-24T12:34:28.398Z	M000000000000000000
171.1097	2026-09-24T12:34:28.398Z	Fffffffff0000000000
171.4051	2026-09-24T12:34:28.694Z	S01171700030a486d5b
171.9640	2026-09-24T12:34:29.253Z	W000000ae00021de8fd
171.9640	2026-09-24T12:34:29.253Z	R000000ae00021de8ff
171.9640	2026-09-24T12:34:29.253Z	E000000000000000000
171.9884	2026-09-24T12:34:29.277Z	M000000000000000000
171.9884	2026-09-24T12:34:29.277Z	Fffffffff0000000000
172.1946	2026-09-24T12:34:29.483Z	S01171700030e486d5f
172.8365	2026-09-24T12:34:30.125Z	W000000af00021de901
172.8365	2026-09-24T12:34:30.125Z	R000000af00021de8ff
172.8365	2026-09-24T12:34:30.125Z	E000000000000000000
172.8365	2026-09-24T12:34:30.125Z	M000000000000000000
172.8365	2026-09-24T12:34:30.125Z	Fffffffff0000000000
173.0080	2026-09-24T12:34:30.297Z	S011717000312486d63
173.6874	2026-09-24T12:34:30.976Z	W000000b000021de8fd
173.6874	2026-09-24T12:34:30.976Z	R000000b000021de8ff
173.6874	2026-09-24T12:34:30.976Z	E000000000000000000
173.6874	2026-09-24T12:34:30.976Z	M000000000000000000
173.6874	2026-09-24T12:34:30.976Z	Fffffffff0000000000
173.8238	2026-09-24T12:34:31.112Z	S011717000316486d67
174.5416	2026-09-24T12:34:31.830Z	W000000b100021de901
174.5416	2026-09-24T12:34:31.830Z	R000000b100021de8ff
174.5416	2026-09-24T12:34:31.830Z	E000000000000000000
174.5685	2026-09-24T12:34:31.857Z	M000000000000000000
174.5685	2026-09-24T12:34:31.857Z	Fffffffff0000000000
174.6165	2026-09-24T12:34:31.905Z	S01171700031a486d6b
175.4075	2026-09-24T12:34:32.696Z	W000000b200021de8fd
175.4075	2026-09-24T12:34:32.696Z	R000000b200021de8ff
175.4075	2026-09-24T12:34:32.696Z	E000000000000000000
175.4075	2026-09-24T12:34:32.696Z	M000000000000000000
175.4075	2026-09-24T12:34:32.696Z	Fffffffff0000000000
175.4332	2026-09-24T12:34:32.722Z	S01171700031e486d6f
176.2211	2026-09-24T12:34:33.510Z	S011717000322486d73
176.2638	2026-09-24T12:34:33.552Z	W000000b300021de901
176.2638	2026-09-24T12:34:33.552Z	R000000b300021de8ff
176.2638	2026-09-24T12:34:33.552Z	E000000000000000000
176.2864	2026-09-24T12:34:33.575Z	M000000000000000000
176.2864	2026-09-24T12:34:33.575Z	Fffffffff0000000000
177.0521	2026-09-24T12:34:34.341Z	S011717000326486d77
177.1324	2026-09-24T12:34:34.421Z	W000000b400021de8fd
177.1324	2026-09-24T12:34:34.421Z	R000000b400021de8ff
177.1324	2026-09-24T12:34:34.421Z	E000000000000000000
177.1324	2026-09-24T12:34:34.421Z	M000000000000000000
177.1324	2026-09-24T12:34:34.421Z	Fffffffff0000000000
177.8317	2026-09-24T12:34:35.120Z	S01171700032a486d7b
177.9857	2026-09-24T12:34:35.274Z	W000000b500021de901
177.9857	2026-09-24T12:34:35.274Z	R000000b500021de8ff
177.9857	2026-09-24T12:34:35.274Z	E000000000000000000
177.9857	2026-09-24T12:34:35.274Z	M000000000000000000
177.9857	2026-09-24T12:34:35.274Z	Fffffffff0000000000
178.6605	2026-09-24T12:34:35.949Z	S01171700032e486d7f
178.8375	2026-09-24T12:34:36.126Z	W000000b600021de8fd
178.8375	2026-09-24T12:34:36.126Z	R000000b600021de8ff
178.8375	2026-09-24T12:34:36.126Z	E000000000000000000
178.8633	2026-09-24T12:34:36.152Z	M000000000000000000
178.8633	2026-09-24T12:34:36.152Z	Fffffffff0000000000
179.4424	2026-09-24T12:34:36.731Z	S011717000332486d83
179.7102	2026-09-24T12:34:36.999Z	W000000b700021de901
179.7102	2026-09-24T12:34:36.999Z	R000000b700021de8ff
179.7102	2026-09-24T12:34:36.999Z	E000000000000000000
179.7102	2026-09-24T12:34:36.999Z	M000000000000000000
179.7102	2026-09-24T12:34:36.999Z	Fffffffff0000000000
180.2703	2026-09-24T12:34:37.559Z	S011717000336486d87
180.5561	2026-09-24T12:34:37.845Z	W000000b800021de8fd
180.5561	2026-09-24T12:34:37.845Z	R000000b800021de8ff
180.5561	2026-09-24T12:34:37.845Z	E000000000000000000
180.5829	2026-09-24T12:34:37.872Z	M000000000000000000
180.5829	2026-09-24T12:34:37.872Z	Fffffffff0000000000
181.0530	2026-09-24T12:34:38.342Z	S01171700033a486d8b
181.4153	2026-09-24T12:34:38.704Z	W000000b900021de901
181.4153	2026-09-24T12:34:38.704Z	R000000b900021de8ff
181.4153	2026-09-24T12:34:38.704Z	E000000000000000000
181.4425	2026-09-24T12:34:38.731Z	M000000000000000000
181.4425	2026-09-24T12:34:38.731Z	Fffffffff0000000000
181.8687	2026-09-24T12:34:39.157Z	S01171700033e486d8f
182.2897	2026-09-24T12:34:39.578Z	W000000ba00021de8fd
182.2897	2026-09-24T12:34:39.578Z	R000000ba00021de8ff
182.2897	2026-09-24T12:34:39.578Z	E000000000000000000
182.2897	2026-09-24T12:34:39.578Z	M000000000000000000
182.2897	2026-09-24T12:34:39.578Z	Fffffffff0000000000
182.6674	2026-09-24T12:34:39.956Z	S011717000342486d93
183.1527	2026-09-24T12:34:40.441Z	W000000bb00021de901
183.1527	2026-09-24T12:34:40.441Z	R000000bb00021de8ff
183.1527	2026-09-24T12:34:40.441Z	E000000000000000000
183.1527	2026-09-24T12:34:40.441Z	M000000000000000000
183.1527	2026-09-24T12:34:40.441Z	Fffffffff0000000000
183.4728	2026-09-24T12:34:40.761Z	S011717000346486d97
184.0091	2026-09-24T12:34:41.298Z	W000000bc00021de8fd
184.0091	2026-09-24T12:34:41.298Z	R000000bc00021de8ff
184.0091	2026-09-24T12:34:41.298Z	E000000000000000000
184.0091	2026-09-24T12:34:41.298Z	M000000000000000000
184.0091	2026-09-24T12:34:41.298Z	Fffffffff0000000000
184.2882	2026-09-24T12:34:41.577Z	S01171700034a486d9b
184.8661	2026-09-24T12:34:42.155Z	W000000bd00021de901
184.8661	2026-09-24T12:34:42.155Z	R000000bd00021de8ff
184.8661	2026-09-24T12:34:42.155Z	E000000000000000000
184.8661	2026-09-24T12:34:42.155Z	M000000000000000000
184.8661	2026-09-24T12:34:42.155Z	Fffffffff0000000000
185.0898	2026-09-24T12:34:42.379Z	S01171700034e486d9f
185.7113	2026-09-24T12:34:43.000Z	W000000be00021de8fd
185.7113	2026-09-24T12:34:43.000Z	R000000be00021de8ff
185.7113	2026-09-24T12:34:43.000Z	E000000000000000000
185.7383	2026-09-24T12:34:43.027Z	M000000000000000000
185.7383	2026-09-24T12:34:43.027Z	Fffffffff0000000000
185.8849	2026-09-24T12:34:43.174Z	S011717000352486da3
186.5858	2026-09-24T12:34:43.875Z	W000000bf00021de901
186.5858	2026-09-24T12:34:43.875Z	R000000bf00021de8ff
186.5858	2026-09-24T12:34:43.875Z	E000000000000000000
186.5858	2026-09-24T12:34:43.875Z	M000000000000000000
186.5858	2026-09-24T12:34:43.875Z	Fffffffff0000000000
186.6955	2026-09-24T12:34:43.984Z	S011717000356486da7
187.4298	2026-09-24T12:34:44.719Z	W000000c000021de8fd
187.4298	2026-09-24T12:34:44.719Z	R000000c000021de8ff
187.4298	2026-09-24T12:34:44.719Z	E000000000000000000
187.4524	2026-09-24T12:34:44.741Z	M000000000000000000
187.4524	2026-09-24T12:34:44.741Z	Fffffffff0000000000
187.4971	2026-09-24T12:34:44.786Z	S01171700035a486dab
188.2890	2026-09-24T12:34:45.578Z	W000000c100021de901
188.2890	2026-09-24T12:34:45.578Z	R000000c100021de8ff
188.2890	2026-09-24T12:34:45.578Z	E000000000000000000
188.3133	2026-09-24T12:34:45.602Z	M000000000000000000
188.3133	2026-09-24T12:34:45.602Z	Fffffffff0000000000
188.3133	2026-09-24T12:34:45.602Z	S01171700035e486daf
189.1213	2026-09-24T12:34:46.410Z	S011717000362486db3
189.1482	2026-09-24T12:34:46.437Z	W000000c200021de8fd
189.1482	2026-09-24T12:34:46.437Z	R000000c200021de8ff
189.1482	2026-09-24T12:34:46.437Z	E000000000000000000
189.1758	2026-09-24T12:34:46.465Z	M000000000000000000
189.1758	2026-09-24T12:34:46.465Z	Fffffffff0000000000
189.9397	2026-09-24T12:34:47.228Z	S011717000366486db7
190.0149	2026-09-24T12:34:47.304Z	W000000c300021de901
190.0149	2026-09-24T12:34:47.304Z	R000000c300021de8ff
190.0149	2026-09-24T12:34:47.304Z	E000000000000000000
190.0149	2026-09-24T12:34:47.304Z	M000000000000000000
190.0149	2026-09-24T12:34:47.304Z	Fffffffff0000000000
190.7167	2026-09-24T12:34:48.005Z	S01171700036a486dbb
190.8748	2026-09-24T12:34:48.164Z	W000000c400021de8fd
190.8748	2026-09-24T12:34:48.164Z	R000000c400021de8ff
190.8748	2026-09-24T12:34:48.164Z	E000000000000000000
190.8748	2026-09-24T12:34:48.164Z	M000000000000000000
190.8748	2026-09-24T12:34:48.164Z	Fffffffff0000000000
191.5307	2026-09-24T12:34:48.819Z	S01171700036e486dbf
191.7335	2026-09-24T12:34:49.022Z	W000000c500021de901
191.7335	2026-09-24T12:34:49.022Z	R000000c500021de8ff
191.7335	2026-09-24T12:34:49.022Z	E000000000000000000
191.7335	2026-09-24T12:34:49.022Z	M000000000000000000
191.7335	2026-09-24T12:34:49.022Z	Fffffffff0000000000
192.3467	2026-09-24T12:34:49.636Z	S011717000372486dc3
192.5851	2026-09-24T12:34:49.874Z	W000000c600021de8fd
192.5851	2026-09-24T12:34:49.874Z	R000000c600021de8ff
192.5851	2026-09-24T12:34:49.874Z	E000000000000000000
192.6079	2026-09-24T12:34:49.897Z	M000000000000000000
192.6079	2026-09-24T12:34:49.897Z	Fffffffff0000000000
193.1351	2026-09-24T12:34:50.424Z	S011717000376486dc7
193.4611	2026-09-24T12:34:50.750Z	W000000c700021de901
193.4611	2026-09-24T12:34:50.750Z	R000000c700021de8ff
193.4611	2026-09-24T12:34:50.750Z	E000000000000000000
193.4611	2026-09-24T12:34:50.750Z	M000000000000000000
193.4611	2026-09-24T12:34:50.750Z	Fffffffff0000000000
193.9618	2026-09-24T12:34:51.251Z	S01171700037a486dcb
194.3162	2026-09-24T12:34:51.605Z	W000000c800021de8fd
194.3162	2026-09-24T12:34:51.605Z	R000000c800021de8ff
194.3162	2026-09-24T12:34:51.605Z	E000000000000000000
194.3162	2026-09-24T12:34:51.605Z	M000000000000000000
194.3162	2026-09-24T12:34:51.605Z	Fffffffff0000000000
194.7532	2026-09-24T12:34:52.042Z	S01171700037e486dcf
195.1627	2026-09-24T12:34:52.451Z	W000000c900021de901
195.1627	2026-09-24T12:34:52.452Z	R000000c900021de8ff
195.1627	2026-09-24T12:34:52.452Z	E000000000000000000
195.1831	2026-09-24T12:34:52.472Z	M000000000000000000
195.1831	2026-09-24T12:34:52.472Z	Fffffffff0000000000
195.5730	2026-09-24T12:34:52.862Z	S011717000382486dd3
196.0316	2026-09-24T12:34:53.320Z	W000000ca00021de8fd
196.0316	2026-09-24T12:34:53.320Z	R000000ca00021de8ff
196.0316	2026-09-24T12:34:53.320Z	E000000000000000000
196.0316	2026-09-24T12:34:53.320Z	M000000000000000000
196.0316	2026-09-24T12:34:53.320Z	Fffffffff0000000000
196.3661	2026-09-24T12:34:53.655Z	S011717000386486dd7
196.8954	2026-09-24T12:34:54.184Z	W000000cb00021de901
196.8954	2026-09-24T12:34:54.184Z	R000000cb00021de8ff
196.8954	2026-09-24T12:34:54.184Z	E000000000000000000
196.8954	2026-09-24T12:34:54.184Z	M000000000000000000
196.8954	2026-09-24T12:34:54.184Z	Fffffffff0000000000
197.1622	2026-09-24T12:34:54.451Z	S01171700038a486ddb
197.7403	2026-09-24T12:34:55.029Z	W000000cc00021de8fd
197.7403	2026-09-24T12:34:55.029Z	R000000cc00021de8ff
197.7403	2026-09-24T12:34:55.029Z	E000000000000000000
197.7656	2026-09-24T12:34:55.054Z	M000000000000000000
197.7656	2026-09-24T12:34:55.054Z	Fffffffff0000000000
197.9645	2026-09-24T12:34:55.253Z	S01171700038e486ddf
198.5995	2026-09-24T12:34:55.888Z	W000000cd00021de901
198.5995	2026-09-24T12:34:55.888Z	R000000cd00021de8ff
198.5995	2026-09-24T12:34:55.888Z	E000000000000000000
198.6245	2026-09-24T12:34:55.913Z	M000000000000000000
198.6245	2026-09-24T12:34:55.913Z	Fffffffff0000000000
198.7831	2026-09-24T12:34:56.072Z	S011717000392486de3
199.4587	2026-09-24T12:34:56.748Z	W000000ce00021de8fd
199.4587	2026-09-24T12:34:56.748Z	R000000ce00021de8ff
199.4587	2026-09-24T12:34:56.748Z	E000000000000000000
199.4794	2026-09-24T12:34:56.768Z	M000000000000000000
199.4794	2026-09-24T12:34:56.768Z	Fffffffff0000000000
199.5910	2026-09-24T12:34:56.880Z	S011717000396486de7
200.3346	2026-09-24T12:34:57.623Z	W000000cf00021de901
200.3346	2026-09-24T12:34:57.623Z	R000000cf00021de8ff
200.3346	2026-09-24T12:34:57.623Z	E000000000000000000
200.3346	2026-09-24T12:34:57.624Z	M000000000000000000
200.3346	2026-09-24T12:34:57.624Z	Fffffffff0000000000
200.3804	2026-09-24T12:34:57.669Z	S01171700039a486deb
201.1772	2026-09-24T12:34:58.466Z	W000000d000021de8fd
201.1772	2026-09-24T12:34:58.466Z	R000000d000021de8ff
201.1772	2026-09-24T12:34:58.466Z	E000000000000000000
201.2004	2026-09-24T12:34:58.489Z	M000000000000000000
201.2004	2026-09-24T12:34:58.489Z	Fffffffff0000000000
201.2004	2026-09-24T12:34:58.489Z	S01171700039e486def
202.0063	2026-09-24T12:34:59.295Z	S0117170003a2486df3
202.0591	2026-09-24T12:34:59.348Z	W000000d100021de901
202.0591	2026-09-24T12:34:59.348Z	R000000d100021de8ff
202.0591	2026-09-24T12:34:59.348Z	E000000000000000000
202.0591	2026-09-24T12:34:59.348Z	M000000000000000000
202.0591	2026-09-24T12:34:59.348Z	Fffffffff0000000000
202.8024	2026-09-24T12:35:00.091Z	S0117170003a6486df7
202.9074	2026-09-24T12:35:00.196Z	W000000d200021de8fd
202.9074	2026-09-24T12:35:00.196Z	R000000d200021de8ff
202.9074	2026-09-24T12:35:00.196Z	E000000000000000000
202.9074	2026-09-24T12:35:00.196Z	M000000000000000000
202.9074	2026-09-24T12:35:00.196Z	Fffffffff0000000000
203.6228	2026-09-24T12:35:00.912Z	S0117170003aa486dfb
203.7737	2026-09-24T12:35:01.063Z	W000000d300021de901
203.7737	2026-09-24T12:35:01.063Z	R000000d300021de8ff
203.7737	2026-09-24T12:35:01.063Z	E000000000000000000
203.7737	2026-09-24T12:35:01.063Z	M000000000000000000
203.7737	2026-09-24T12:35:01.063Z	Fffffffff0000000000
204.4211	2026-09-24T12:35:01.710Z	S0117170003ae486dff
204.6322	2026-09-24T12:35:01.921Z	W000000d400021de8fd
204.6322	2026-09-24T12:35:01.921Z	R000000d400021de8ff
204.6322	2026-09-24T12:35:01.921Z	E000000000000000000
204.6322	2026-09-24T12:35:01.921Z	M000000000000000000
204.6322	2026-09-24T12:35:01.921Z	Fffffffff0000000000
205.2226	2026-09-24T12:35:02.511Z	S0117170003b2486e03
205.4773	2026-09-24T12:35:02.766Z	W000000d500021de901
205.4773	2026-09-24T12:35:02.766Z	R000000d500021de8ff
205.4773	2026-09-24T12:35:02.766Z	E000000000000000000
205.5063	2026-09-24T12:35:02.795Z	M000000000000000000
205.5063	2026-09-24T12:35:02.795Z	Fffffffff0000000000
206.0304	2026-09-24T12:35:03.319Z	S0117170003b6486e07
206.3540	2026-09-24T12:35:03.643Z	W000000d600021de8fd
206.3540	2026-09-24T12:35:03.643Z	R000000d600021de8ff
206.3540	2026-09-24T12:35:03.643Z	E000000000000000000
206.3540	2026-09-24T12:35:03.643Z	M000000000000000000
206.3540	2026-09-24T12:35:03.643Z	Fffffffff0000000000
206.8428	2026-09-24T12:35:04.132Z	S0117170003ba486e0b
207.2006	2026-09-24T12:35:04.489Z	W000000d700021de901
207.2006	2026-09-24T12:35:04.490Z	R000000d700021de8ff
207.2006	2026-09-24T12:35:04.490Z	E000000000000000000
207.2006	2026-09-24T12:35:04.490Z	M000000000000000000
207.2006	2026-09-24T12:35:04.490Z	Fffffffff0000000000
207.6460	2026-09-24T12:35:04.935Z	S0117170003be486e0f
208.0572	2026-09-24T12:35:05.346Z	W000000d800021de8fd
208.0572	2026-09-24T12:35:05.346Z	R000000d800021de8ff
208.0572	2026-09-24T12:35:05.346Z	E000000000000000000
208.0572	2026-09-24T12:35:05.346Z	M000000000000000000
208.0572	2026-09-24T12:35:05.346Z	Fffffffff0000000000
208.4578	2026-09-24T12:35:05.747Z	S0117170003c2486e13
208.9151	2026-09-24T12:35:06.204Z	W000000d900021de901
208.9151	2026-09-24T12:35:06.204Z	R000000d900021de8ff
208.9151	2026-09-24T12:35:06.204Z	E000000000000000000
208.9151	2026-09-24T12:35:06.204Z	M000000000000000000
208.9151	2026-09-24T12:35:06.204Z	Fffffffff0000000000
209.2476	2026-09-24T12:35:06.537Z	S0117170003c6486e17
209.7896	2026-09-24T12:35:07.079Z	W000000da00021de8fd
209.7896	2026-09-24T12:35:07.079Z	R000000da00021de8ff
209.7896	2026-09-24T12:35:07.079Z	E000000000000000000
209.7896	2026-09-24T12:35:07.079Z	M000000000000000000
209.7896	2026-09-24T12:35:07.079Z	Fffffffff0000000000
210.0650	2026-09-24T12:35:07.354Z	S0117170003ca486e1b
210.6285	2026-09-24T12:35:07.917Z	W000000db00021de901
210.6285	2026-09-24T12:35:07.917Z	R000000db00021de8ff
210.6285	2026-09-24T12:35:07.917Z	E000000000000000000
210.6497	2026-09-24T12:35:07.939Z	M000000000000000000
210.6497	2026-09-24T12:35:07.939Z	Fffffffff0000000000
210.8689	2026-09-24T12:35:08.158Z	S0117170003ce486e1f
211.4989	2026-09-24T12:35:08.788Z	W000000dc00021de8fd
211.4989	2026-09-24T12:35:08.788Z	R000000dc00021de8ff
211.4989	2026-09-24T12:35:08.788Z	E000000000000000000
211.4989	2026-09-24T12:35:08.788Z	M000000000000000000
211.4989	2026-09-24T12:35:08.788Z	Fffffffff0000000000
211.6574	2026-09-24T12:35:08.946Z	S0117170003d2486e23
212.3469	2026-09-24T12:35:09.636Z	W000000dd00021de901
212.3469	2026-09-24T12:35:09.636Z	R000000dd00021de8ff
212.3469	2026-09-24T12:35:09.636Z	E000000000000000000
212.3745	2026-09-24T12:35:09.663Z	M000000000000000000
212.3745	2026-09-24T12:35:09.663Z	Fffffffff0000000000
212.4825	2026-09-24T12:35:09.772Z	S0117170003d6486e27
213.2061	2026-09-24T12:35:10.495Z	W000000de00021de8fd
213.2061	2026-09-24T12:35:10.495Z	R000000de00021de8ff
213.2061	2026-09-24T12:35:10.495Z	E000000000000000000
213.2268	2026-09-24T12:35:10.516Z	M000000000000000000
213.2268	2026-09-24T12:35:10.516Z	Fffffffff0000000000
213.2720	2026-09-24T12:35:10.561Z	S0117170003da486e2b
214.0653	2026-09-24T12:35:11.354Z	W000000df00021de901
214.0653	2026-09-24T12:35:11.354Z	R000000df00021de8ff
214.0653	2026-09-24T12:35:11.354Z	E000000000000000000
214.0858	2026-09-24T12:35:11.375Z	M000000000000000000
214.0858	2026-09-24T12:35:11.375Z	Fffffffff0000000000
214.0858	2026-09-24T12:35:11.375Z	S0117170003de486e2f
214.8773	2026-09-24T12:35:12.166Z	S0117170003e24a1187
214.9288	2026-09-24T12:35:12.218Z	W000000e000021de8fd
214.9288	2026-09-24T12:35:12.218Z	R000000e000021de8ff
214.9288	2026-09-24T12:35:12.218Z	E000000000000000000
214.9585	2026-09-24T12:35:12.248Z	M000000000000000000
214.9585	2026-09-24T12:35:12.248Z	Fffffffff0000000000
215.6851	2026-09-24T12:35:12.974Z	S0117170003e64a118b
215.7837	2026-09-24T12:35:13.073Z	W000000e100021de901
215.7837	2026-09-24T12:35:13.073Z	R000000e100021de8ff
215.7837	2026-09-24T12:35:13.073Z	E000000000000000000
215.8113	2026-09-24T12:35:13.100Z	M000000000000000000
215.8113	2026-09-24T12:35:13.100Z	Fffffffff0000000000
216.5147	2026-09-24T12:35:13.804Z	S0117170003ea4a118f
216.6430	2026-09-24T12:35:13.932Z	W000000e200021de8fd
216.6430	2026-09-24T12:35:13.932Z	R000000e200021de8ff
216.6430	2026-09-24T12:35:13.932Z	E000000000000000000
216.6706	2026-09-24T12:35:13.960Z	M000000000000000000
216.6706	2026-09-24T12:35:13.960Z	Fffffffff0000000000
217.2932	2026-09-24T12:35:14.582Z	S0117170003ee4a1193
217.5022	2026-09-24T12:35:14.791Z	W000000e300021de901
217.5022	2026-09-24T12:35:14.791Z	R000000e300021de8ff
217.5022	2026-09-24T12:35:14.791Z	E000000000000000000
217.5224	2026-09-24T12:35:14.811Z	M000000000000000000
217.5224	2026-09-24T12:35:14.811Z	Fffffffff0000000000
218.1134	2026-09-24T12:35:15.402Z	S0117170003f24a1197
218.3876	2026-09-24T12:35:15.677Z	W000000e400021de8fd
218.3876	2026-09-24T12:35:15.677Z	R000000e400021de8ff
218.3876	2026-09-24T12:35:15.677Z	E000000000000000000
218.3876	2026-09-24T12:35:15.677Z	M000000000000000000
218.3876	2026-09-24T12:35:15.677Z	Fffffffff0000000000
218.9060	2026-09-24T12:35:16.195Z	S0117170003f64a119b
219.2206	2026-09-24T12:35:16.510Z	W000000e500021de901
219.2206	2026-09-24T12:35:16.510Z	R000000e500021de8ff
219.2206	2026-09-24T12:35:16.510Z	E000000000000000000
219.2420	2026-09-24T12:35:16.531Z	M000000000000000000
219.2420	2026-09-24T12:35:16.531Z	Fffffffff0000000000
219.7216	2026-09-24T12:35:17.011Z	S0117170003fa4a119f
220.0798	2026-09-24T12:35:17.369Z	W000000e600021de8fd
220.0798	2026-09-24T12:35:17.369Z	R000000e600021de8ff
220.0798	2026-09-24T12:35:17.369Z	E000000000000000000
220.1015	2026-09-24T12:35:17.391Z	M000000000000000000
220.1015	2026-09-24T12:35:17.391Z	Fffffffff0000000000
220.5284	2026-09-24T12:35:17.817Z	S0117170003fe4a11a3
220.9575	2026-09-24T12:35:18.247Z	W000000e700021de901
220.9575	2026-09-24T12:35:18.247Z	R000000e700021de8ff
220.9575	2026-09-24T12:35:18.247Z	E000000000000000000
220.9575	2026-09-24T12:35:18.247Z	M000000000000000000
220.9575	2026-09-24T12:35:18.247Z	Fffffffff0000000000
221.3401	2026-09-24T12:35:18.629Z	S0117170004024a11a7
221.8185	2026-09-24T12:35:19.108Z	W000000e800021de8fd
221.8185	2026-09-24T12:35:19.108Z	R000000e800021de8ff
221.8185	2026-09-24T12:35:19.108Z	E000000000000000000
221.8185	2026-09-24T12:35:19.108Z	M000000000000000000
221.8185	2026-09-24T12:35:19.108Z	Fffffffff0000000000
222.1251	2026-09-24T12:35:19.414Z	S0117170004064a11ab
222.6734	2026-09-24T12:35:19.962Z	W000000e900021de901
222.6734	2026-09-24T12:35:19.963Z	R000000e900021de8ff
222.6734	2026-09-24T12:35:19.963Z	E000000000000000000
222.6734	2026-09-24T12:35:19.963Z	M000000000000000000
222.6734	2026-09-24T12:35:19.963Z	Fffffffff0000000000
222.9304	2026-09-24T12:35:20.220Z	S01171700040a4a11af
223.5184	2026-09-24T12:35:20.807Z	W000000ea00021de8fd
223.5184	2026-09-24T12:35:20.808Z	R000000ea00021de8ff
223.5184	2026-09-24T12:35:20.808Z	E000000000000000000
223.5397	2026-09-24T12:35:20.829Z	M000000000000000000
223.5397	2026-09-24T12:35:20.829Z	Fffffffff0000000000
223.7508	2026-09-24T12:35:21.040Z	S01171700040e4a11b3
224.3968	2026-09-24T12:35:21.686Z	W000000eb00021de901
224.3968	2026-09-24T12:35:21.686Z	R000000eb00021de8ff
224.3968	2026-09-24T12:35:21.686Z	E000000000000000000
224.3968	2026-09-24T12:35:21.686Z	M000000000000000000
224.3968	2026-09-24T12:35:21.686Z	Fffffffff0000000000
224.5536	2026-09-24T12:35:21.843Z	S0117170004124a11b7
225.2456	2026-09-24T12:35:22.535Z	W000000ec00021de8fd
225.2456	2026-09-24T12:35:22.535Z	R000000ec00021de8ff
225.2456	2026-09-24T12:35:22.535Z	E000000000000000000
225.2456	2026-09-24T12:35:22.535Z	M000000000000000000
225.2456	2026-09-24T12:35:22.535Z	Fffffffff0000000000
225.3510	2026-09-24T12:35:22.640Z	S0117170004164a11bb
226.1104	2026-09-24T12:35:23.399Z	W000000ed00021de901
226.1104	2026-09-24T12:35:23.400Z	R000000ed00021de8ff
226.1104	2026-09-24T12:35:23.400Z	E000000000000000000
226.1104	2026-09-24T12:35:23.400Z	M000000000000000000
226.1104	2026-09-24T12:35:23.400Z	Fffffffff0000000000
226.1613	2026-09-24T12:35:23.450Z	S01171700041a4a11bf
226.9708	2026-09-24T12:35:24.260Z	W000000ee00021de8fd
226.9708	2026-09-24T12:35:24.260Z	R000000ee00021de8ff
226.9708	2026-09-24T12:35:24.260Z	E000000000000000000
226.9708	2026-09-24T12:35:24.260Z	M000000000000000000
226.9708	2026-09-24T12:35:24.260Z	S01171700041e4a11c3
226.9708	2026-09-24T12:35:24.260Z	Fffffffff0000000000
227.7834	2026-09-24T12:35:25.073Z	S0117170004224befd5
227.8324	2026-09-24T12:35:25.121Z	W000000ef00021de8fc
227.8324	2026-09-24T12:35:25.122Z	R000000ef00021de900
227.8324	2026-09-24T12:35:25.122Z	E000000000000000000
227.8324	2026-09-24T12:35:25.122Z	M000000000000000000
227.8324	2026-09-24T12:35:25.122Z	Fffffffff0000000000
228.5736	2026-09-24T12:35:25.863Z	S0117170004264befd9
228.6811	2026-09-24T12:35:25.970Z	W000000f000021de8fc
228.6811	2026-09-24T12:35:25.970Z	R000000f000021de900
228.6811	2026-09-24T12:35:25.970Z	E000000000000000000
228.6811	2026-09-24T12:35:25.970Z	M000000000000000000
228.6811	2026-09-24T12:35:25.970Z	Fffffffff0000000000
229.3984	2026-09-24T12:35:26.688Z	S01171700042a4befdd
229.5328	2026-09-24T12:35:26.822Z	W000000f100021de8fd
229.5328	2026-09-24T12:35:26.822Z	R000000f100021de8ff
229.5328	2026-09-24T12:35:26.822Z	E000000000000000000
229.5544	2026-09-24T12:35:26.844Z	M000000000000000000
229.5544	2026-09-24T12:35:26.844Z	Fffffffff0000000000
230.1798	2026-09-24T12:35:27.469Z	S01171700042e4befe1
230.4098	2026-09-24T12:35:27.699Z	W000000f200021de8fd
230.4098	2026-09-24T12:35:27.699Z	R000000f200021de8ff
230.4098	2026-09-24T12:35:27.699Z	E000000000000000000
230.4098	2026-09-24T12:35:27.699Z	M000000000000000000
230.4098	2026-09-24T12:35:27.699Z	Fffffffff0000000000
230.9976	2026-09-24T12:35:28.287Z	S0117170004324befe5
231.2513	2026-09-24T12:35:28.540Z	W000000f300021de8fd
231.2513	2026-09-24T12:35:28.540Z	R000000f300021de900
231.2513	2026-09-24T12:35:28.541Z	E000000000000000000
231.2754	2026-09-24T12:35:28.565Z	M000000000000000000
231.2754	2026-09-24T12:35:28.565Z	Fffffffff0000000000
231.8003	2026-09-24T12:35:29.090Z	S0117170004364befe9
232.1104	2026-09-24T12:35:29.400Z	W000000f400021de8fe
232.1104	2026-09-24T12:35:29.400Z	R000000f400021de900
232.1104	2026-09-24T12:35:29.400Z	E000000000000000000
232.1311	2026-09-24T12:35:29.420Z	M000000000000000000
232.1311	2026-09-24T12:35:29.420Z	Fffffffff0000000000
232.6208	2026-09-24T12:35:29.910Z	S01171700043a4befed
232.9776	2026-09-24T12:35:30.267Z	W000000f500021de8fd
232.9776	2026-09-24T12:35:30.267Z	R000000f500021de900
232.9776	2026-09-24T12:35:30.267Z	E000000000000000000
232.9776	2026-09-24T12:35:30.267Z	M000000000000000000
232.9776	2026-09-24T12:35:30.267Z	Fffffffff0000000000
233.4102	2026-09-24T12:35:30.699Z	S01171700043e4beff1
233.8522	2026-09-24T12:35:31.141Z	W000000f600021de8fd
233.8522	2026-09-24T12:35:31.141Z	R000000f600021de900
233.8522	2026-09-24T12:35:31.141Z	E000000000000000000
233.8522	2026-09-24T12:35:31.141Z	M000000000000000000
233.8522	2026-09-24T12:35:31.141Z	Fffffffff0000000000
234.2062	2026-09-24T12:35:31.495Z	S0117170004424beff5
234.6881	2026-09-24T12:35:31.977Z	W000000f700021de8fc
234.6881	2026-09-24T12:35:31.977Z	R000000f700021de900
234.6881	2026-09-24T12:35:31.977Z	E000000000000000000
234.7100	2026-09-24T12:35:31.999Z	M000000000000000000
234.7100	2026-09-24T12:35:31.999Z	Fffffffff0000000000
235.0206	2026-09-24T12:35:32.310Z	S0117170004464beff9
235.5601	2026-09-24T12:35:32.849Z	W000000f800021de8fc
235.5601	2026-09-24T12:35:32.849Z	R000000f800021de900
235.5601	2026-09-24T12:35:32.849Z	E000000000000000000
235.5601	2026-09-24T12:35:32.849Z	M000000000000000000
235.5601	2026-09-24T12:35:32.849Z	Fffffffff0000000000
235.8262	2026-09-24T12:35:33.115Z	S01171700044a4beffd
236.4089	2026-09-24T12:35:33.698Z	W000000f900021de8fd
236.4089	2026-09-24T12:35:33.698Z	R000000f900021de8ff
236.4089	2026-09-24T12:35:33.698Z	E000000000000000000
236.4376	2026-09-24T12:35:33.727Z	M000000000000000000
236.4376	2026-09-24T12:35:33.727Z	Fffffffff0000000000
236.6345	2026-09-24T12:35:33.924Z	S01171700044e4bf001
237.2733	2026-09-24T12:35:34.562Z	W000000fa00021de8fd
237.2733	2026-09-24T12:35:34.563Z	R000000fa00021de8ff
237.2733	2026-09-24T12:35:34.563Z	E000000000000000000
237.2733	2026-09-24T12:35:34.563Z	M000000000000000000
237.2733	2026-09-24T12:35:34.563Z	Fffffffff0000000000
237.4275	2026-09-24T12:35:34.717Z	S0117170004524bf005
238.1250	2026-09-24T12:35:35.414Z	W000000fb00021de8fd
238.1250	2026-09-24T12:35:35.414Z	R000000fb00021de900
238.1250	2026-09-24T12:35:35.414Z	E000000000000000000
238.1525	2026-09-24T12:35:35.442Z	M000000000000000000
238.1525	2026-09-24T12:35:35.442Z	Fffffffff0000000000
238.2541	2026-09-24T12:35:35.543Z	S0117170004564bf009
238.9843	2026-09-24T12:35:36.274Z	W000000fc00021de8fe
238.9843	2026-09-24T12:35:36.274Z	R000000fc00021de900
238.9843	2026-09-24T12:35:36.274Z	E000000000000000000
239.0070	2026-09-24T12:35:36.296Z	M000000000000000000
239.0070	2026-09-24T12:35:36.296Z	Fffffffff0000000000
239.0643	2026-09-24T12:35:36.354Z	S01171700045a4bf00d
239.8542	2026-09-24T12:35:37.143Z	W000000fd00021de8fd
239.8542	2026-09-24T12:35:37.143Z	R000000fd00021de900
239.8542	2026-09-24T12:35:37.143Z	S01171700045e4bf011
239.8542	2026-09-24T12:35:37.143Z	E000000000000000000
239.8542	2026-09-24T12:35:37.143Z	M000000000000000000
239.8542	2026-09-24T12:35:37.143Z	Fffffffff0000000000
240.6502	2026-09-24T12:35:37.939Z	S0117170004624dce0c
240.7261	2026-09-24T12:35:38.015Z	W000000fe00021de8fd
240.7261	2026-09-24T12:35:38.015Z	R000000fe00021de900
240.7261	2026-09-24T12:35:38.015Z	E000000000000000000
240.7261	2026-09-24T12:35:38.015Z	M000000000000000000
240.7261	2026-09-24T12:35:38.015Z	Fffffffff0000000000
241.4642	2026-09-24T12:35:38.754Z	S0117170004664dce10
241.5636	2026-09-24T12:35:38.853Z	W000000ff00021de8fd
241.5636	2026-09-24T12:35:38.853Z	R000000ff00021de901
241.5636	2026-09-24T12:35:38.853Z	E000000000000000000
241.5905	2026-09-24T12:35:38.880Z	M000000000000000000
241.5905	2026-09-24T12:35:38.880Z	Fffffffff0000000000
242.2666	2026-09-24T12:35:39.556Z	S01171700046a4dce14
242.4228	2026-09-24T12:35:39.712Z	W0000010000021de8fd
242.4228	2026-09-24T12:35:39.712Z	R0000010000021de900
242.4228	2026-09-24T12:35:39.712Z	E000000000000000000
242.4503	2026-09-24T12:35:39.740Z	M000000000000000000
242.4503	2026-09-24T12:35:39.740Z	Fffffffff0000000000
243.0661	2026-09-24T12:35:40.355Z	S01171700046e4dce18
243.2820	2026-09-24T12:35:40.571Z	W0000010100021de8fe
243.2820	2026-09-24T12:35:40.571Z	R0000010100021de901
243.2820	2026-09-24T12:35:40.571Z	E000000000000000000
243.3096	2026-09-24T12:35:40.599Z	M000000000000000000
243.3096	2026-09-24T12:35:40.599Z	Fffffffff0000000000
243.8714	2026-09-24T12:35:41.161Z	S0117170004724dce1c
244.1412	2026-09-24T12:35:41.430Z	W0000010200021de8fd
244.1412	2026-09-24T12:35:41.431Z	R0000010200021de900
244.1412	2026-09-24T12:35:41.431Z	E000000000000000000
244.1688	2026-09-24T12:35:41.458Z	M000000000000000000
244.1688	2026-09-24T12:35:41.458Z	Fffffffff0000000000
244.6902	2026-09-24T12:35:41.980Z	S0117170004764dce20
245.0004	2026-09-24T12:35:42.290Z	W0000010300021de8fe
245.0004	2026-09-24T12:35:42.290Z	R0000010300021de901
245.0004	2026-09-24T12:35:42.290Z	E000000000000000000
245.0234	2026-09-24T12:35:42.313Z	M000000000000000000
245.0234	2026-09-24T12:35:42.313Z	Fffffffff0000000000
245.4825	2026-09-24T12:35:42.772Z	S01171700047a4dce24
245.8778	2026-09-24T12:35:43.167Z	W0000010400021de8fd
245.8778	2026-09-24T12:35:43.167Z	R0000010400021de900
245.8778	2026-09-24T12:35:43.167Z	E000000000000000000
245.8778	2026-09-24T12:35:43.167Z	M000000000000000000
245.8778	2026-09-24T12:35:43.167Z	Fffffffff0000000000
246.2969	2026-09-24T12:35:43.586Z	S01171700047e4dce28
246.7188	2026-09-24T12:35:44.008Z	W0000010500021de8fe
246.7188	2026-09-24T12:35:44.008Z	R0000010500021de901
246.7188	2026-09-24T12:35:44.008Z	E000000000000000000
246.7464	2026-09-24T12:35:44.036Z	M000000000000000000
246.7464	2026-09-24T12:35:44.036Z	Fffffffff0000000000
247.1089	2026-09-24T12:35:44.398Z	S0117170004824dce2c
247.5985	2026-09-24T12:35:44.888Z	W0000010600021de8fd
247.5985	2026-09-24T12:35:44.888Z	R0000010600021de900
247.5985	2026-09-24T12:35:44.888Z	E000000000000000000
247.5985	2026-09-24T12:35:44.888Z	M000000000000000000
247.5985	2026-09-24T12:35:44.888Z	Fffffffff0000000000
247.9013	2026-09-24T12:35:45.191Z	S0117170004864dce30
248.4373	2026-09-24T12:35:45.727Z	W0000010700021de8fe
248.4373	2026-09-24T12:35:45.727Z	R0000010700021de901
248.4373	2026-09-24T12:35:45.727Z	E000000000000000000
248.4649	2026-09-24T12:35:45.754Z	M000000000000000000
248.4649	2026-09-24T12:35:45.754Z	Fffffffff0000000000
248.7264	2026-09-24T12:35:46.016Z	S01171700048a4dce34
249.2965	2026-09-24T12:35:46.586Z	W0000010800021de8fd
249.2965	2026-09-24T12:35:46.586Z	R0000010800021de900
249.2965	2026-09-24T12:35:46.586Z	E000000000000000000
249.3240	2026-09-24T12:35:46.613Z	M000000000000000000
249.3240	2026-09-24T12:35:46.613Z	Fffffffff0000000000
249.5373	2026-09-24T12:35:46.827Z	S01171700048e4dce38
250.1716	2026-09-24T12:35:47.461Z	W0000010900021de8fe
250.1716	2026-09-24T12:35:47.461Z	R0000010900021de901
250.1716	2026-09-24T12:35:47.461Z	E000000000000000000
250.1716	2026-09-24T12:35:47.461Z	M000000000000000000
250.1716	2026-09-24T12:35:47.461Z	Fffffffff0000000000
250.3274	2026-09-24T12:35:47.617Z	S0117170004924dce3c
251.0418	2026-09-24T12:35:48.331Z	W0000010a00021de8fd
251.0418	2026-09-24T12:35:48.331Z	R0000010a00021de900
251.0418	2026-09-24T12:35:48.331Z	E000000000000000000
251.0418	2026-09-24T12:35:48.331Z	M000000000000000000
251.0418	2026-09-24T12:35:48.331Z	Fffffffff0000000000
251.1329	2026-09-24T12:35:48.422Z	S0117170004964dce40
251.8922	2026-09-24T12:35:49.182Z	W0000010b00021de8fe
251.8922	2026-09-24T12:35:49.182Z	R0000010b00021de901
251.8922	2026-09-24T12:35:49.182Z	E000000000000000000
251.8922	2026-09-24T12:35:49.182Z	M000000000000000000
251.8922	2026-09-24T12:35:49.182Z	Fffffffff0000000000
251.9483	2026-09-24T12:35:49.238Z	S01171700049a4dce44
252.7422	2026-09-24T12:35:50.032Z	S01171700049e4dce48
252.7422	2026-09-24T12:35:50.032Z	W0000010c00021de8fd
252.7422	2026-09-24T12:35:50.032Z	R0000010c00021de900
252.7422	2026-09-24T12:35:50.032Z	E000000000000000000
252.7422	2026-09-24T12:35:50.032Z	M000000000000000000
252.7422	2026-09-24T12:35:50.032Z	Fffffffff0000000000
253.5351	2026-09-24T12:35:50.825Z	S0117170004a24dce4c
253.6158	2026-09-24T12:35:50.905Z	W0000010d00021de923
253.6158	2026-09-24T12:35:50.905Z	R0000010d00021de8ff
253.6158	2026-09-24T12:35:50.905Z	E000000000000000000
253.6158	2026-09-24T12:35:50.905Z	M000000000000000000
253.6158	2026-09-24T12:35:50.905Z	Fffffffff0000000000
254.3683	2026-09-24T12:35:51.658Z	S0117170004a64dce50
254.4727	2026-09-24T12:35:51.762Z	W0000010e00021de912
254.4727	2026-09-24T12:35:51.762Z	R0000010e00021de8ff
254.4727	2026-09-24T12:35:51.762Z	E000000000000000000
254.4727	2026-09-24T12:35:51.762Z	M000000000000000000
254.4727	2026-09-24T12:35:51.762Z	Fffffffff0000000000
255.1583	2026-09-24T12:35:52.448Z	S0117170004aa4dce54
255.3296	2026-09-24T12:35:52.619Z	W0000010f00021de901
255.3296	2026-09-24T12:35:52.619Z	R0000010f00021de8ff
255.3296	2026-09-24T12:35:52.619Z	E000000000000000000
255.3296	2026-09-24T12:35:52.619Z	M000000000000000000
255.3296	2026-09-24T12:35:52.619Z	Fffffffff0000000000
255.9599	2026-09-24T12:35:53.249Z	S0117170004ae4dce58
256.1876	2026-09-24T12:35:53.477Z	W0000011000021de8fd
256.1876	2026-09-24T12:35:53.477Z	R0000011000021de8ff
256.1876	2026-09-24T12:35:53.477Z	E000000000000000000
256.1876	2026-09-24T12:35:53.477Z	M000000000000000000
256.1876	2026-09-24T12:35:53.477Z	Fffffffff0000000000
256.7787	2026-09-24T12:35:54.068Z	S0117170004b24dce5c
257.0430	2026-09-24T12:35:54.332Z	W0000011100021de901
257.0430	2026-09-24T12:35:54.332Z	R0000011100021de8ff
257.0430	2026-09-24T12:35:54.332Z	E000000000000000000
257.0430	2026-09-24T12:35:54.332Z	M000000000000000000
257.0430	2026-09-24T12:35:54.332Z	Fffffffff0000000000
257.5706	2026-09-24T12:35:54.860Z	S0117170004b64dce60
257.9047	2026-09-24T12:35:55.194Z	W0000011200021de8fd
257.9047	2026-09-24T12:35:55.194Z	R0000011200021de8ff
257.9047	2026-09-24T12:35:55.194Z	E000000000000000000
257.9047	2026-09-24T12:35:55.194Z	M000000000000000000
257.9047	2026-09-24T12:35:55.194Z	Fffffffff0000000000
258.3670	2026-09-24T12:35:55.656Z	S0117170004ba4dce64
258.7693	2026-09-24T12:35:56.059Z	W0000011300021de901
258.7693	2026-09-24T12:35:56.059Z	R0000011300021de8ff
258.7693	2026-09-24T12:35:56.059Z	E000000000000000000
258.7693	2026-09-24T12:35:56.059Z	M000000000000000000
258.7693	2026-09-24T12:35:56.059Z	Fffffffff0000000000
259.1724	2026-09-24T12:35:56.462Z	S0117170004be4dce68
259.6072	2026-09-24T12:35:56.897Z	W0000011400021de8fd
259.6072	2026-09-24T12:35:56.897Z	R0000011400021de8ff
259.6072	2026-09-24T12:35:56.897Z	E000000000000000000
259.6324	2026-09-24T12:35:56.922Z	M000000000000000000
259.6324	2026-09-24T12:35:56.922Z	Fffffffff0000000000
260.0065	2026-09-24T12:35:57.296Z	S0117170004c24dce6c
260.4707	2026-09-24T12:35:57.760Z	W0000011500021de901
260.4707	2026-09-24T12:35:57.760Z	R0000011500021de8ff
260.4707	2026-09-24T12:35:57.760Z	E000000000000000000
260.4939	2026-09-24T12:35:57.783Z	M000000000000000000
260.4939	2026-09-24T12:35:57.783Z	Fffffffff0000000000
260.7935	2026-09-24T12:35:58.083Z	S0117170004c64dce70
261.3421	2026-09-24T12:35:58.632Z	W0000011600021de8fd
261.3421	2026-09-24T12:35:58.632Z	R0000011600021de8ff
261.3421	2026-09-24T12:35:58.632Z	E000000000000000000
261.3421	2026-09-24T12:35:58.632Z	M000000000000000000
261.3421	2026-09-24T12:35:58.632Z	Fffffffff0000000000
261.5883	2026-09-24T12:35:58.878Z	S0117170004ca4dce74
262.1975	2026-09-24T12:35:59.487Z	W0000011700021de901
262.1975	2026-09-24T12:35:59.487Z	R0000011700021de8ff
262.1975	2026-09-24T12:35:59.487Z	E000000000000000000
262.1975	2026-09-24T12:35:59.487Z	M000000000000000000
262.1975	2026-09-24T12:35:59.487Z	Fffffffff0000000000
262.3936	2026-09-24T12:35:59.683Z	S0117170004ce4dce78
263.0494	2026-09-24T12:36:00.339Z	W0000011800021de8fd
263.0494	2026-09-24T12:36:00.339Z	R0000011800021de8ff
263.0494	2026-09-24T12:36:00.339Z	E000000000000000000
263.0494	2026-09-24T12:36:00.339Z	M000000000000000000
263.0494	2026-09-24T12:36:00.339Z	Fffffffff0000000000
263.2086	2026-09-24T12:36:00.498Z	S0117170004d24dce7c
263.9212	2026-09-24T12:36:01.211Z	W0000011900021de901
263.9212	2026-09-24T12:36:01.211Z	R0000011900021de8ff
263.9212	2026-09-24T12:36:01.211Z	E000000000000000000
263.9212	2026-09-24T12:36:01.211Z	M000000000000000000
263.9212	2026-09-24T12:36:01.211Z	Fffffffff0000000000
264.0246	2026-09-24T12:36:01.314Z	S0117170004d64dce80
264.7676	2026-09-24T12:36:02.057Z	W0000011a00021de8fd
264.7676	2026-09-24T12:36:02.057Z	R0000011a00021de8ff
264.7676	2026-09-24T12:36:02.057Z	E000000000000000000
264.7676	2026-09-24T12:36:02.057Z	M000000000000000000
264.7676	2026-09-24T12:36:02.057Z	Fffffffff0000000000
264.8110	2026-09-24T12:36:02.101Z	S0117170004da4dce84
265.6352	2026-09-24T12:36:02.925Z	S0117170004de4dce88
265.6352	2026-09-24T12:36:02.925Z	W0000011b00021de901
265.6352	2026-09-24T12:36:02.925Z	R0000011b00021de8ff
265.6352	2026-09-24T12:36:02.925Z	E000000000000000000
265.6352	2026-09-24T12:36:02.925Z	M000000000000000000
265.6352	2026-09-24T12:36:02.925Z	Fffffffff0000000000
266.4201	2026-09-24T12:36:03.710Z	S0117170004e24dce8c
266.5018	2026-09-24T12:36:03.791Z	W0000011c00021de8fd
266.5018	2026-09-24T12:36:03.791Z	R0000011c00021de8ff
266.5018	2026-09-24T12:36:03.791Z	E000000000000000000
266.5018	2026-09-24T12:36:03.791Z	M000000000000000000
266.5018	2026-09-24T12:36:03.791Z	Fffffffff0000000000
267.2255	2026-09-24T12:36:04.515Z	S0117170004e64dce90
267.3525	2026-09-24T12:36:04.642Z	W0000011d00021de901
267.3525	2026-09-24T12:36:04.642Z	R0000011d00021de8ff
267.3525	2026-09-24T12:36:04.642Z	E000000000000000000
267.3525	2026-09-24T12:36:04.642Z	M000000000000000000
267.3525	2026-09-24T12:36:04.642Z	Fffffffff0000000000
268.0308	2026-09-24T12:36:05.320Z	S0117170004ea4dce94
268.2195	2026-09-24T12:36:05.509Z	W0000011e00021de8fd
268.2195	2026-09-24T12:36:05.509Z	R0000011e00021de8ff
268.2195	2026-09-24T12:36:05.509Z	E000000000000000000
268.2195	2026-09-24T12:36:05.509Z	M000000000000000000
268.2195	2026-09-24T12:36:05.509Z	Fffffffff0000000000
268.8634	2026-09-24T12:36:06.153Z	S0117170004ee4dce98
269.0644	2026-09-24T12:36:06.354Z	W0000011f00021de901
269.0644	2026-09-24T12:36:06.354Z	R0000011f00021de8ff
269.0644	2026-09-24T12:36:06.354Z	E000000000000000000
269.0644	2026-09-24T12:36:06.354Z	M000000000000000000
269.0644	2026-09-24T12:36:06.354Z	Fffffffff0000000000
269.6452	2026-09-24T12:36:06.935Z	S0117170004f24dce9c
269.9176	2026-09-24T12:36:07.207Z	W0000012000021de8fd
269.9176	2026-09-24T12:36:07.207Z	R0000012000021de8ff
269.9176	2026-09-24T12:36:07.207Z	E000000000000000000
269.9452	2026-09-24T12:36:07.235Z	M000000000000000000
269.9452	2026-09-24T12:36:07.235Z	Fffffffff0000000000
270.4473	2026-09-24T12:36:07.737Z	S0117170004f64dcea0
270.7777	2026-09-24T12:36:08.067Z	W0000012100021de901
270.7777	2026-09-24T12:36:08.067Z	R0000012100021de8ff
270.7777	2026-09-24T12:36:08.067Z	E000000000000000000
270.8025	2026-09-24T12:36:08.092Z	M000000000000000000
270.8025	2026-09-24T12:36:08.092Z	Fffffffff0000000000
271.2742	2026-09-24T12:36:08.564Z	S0117170004fa4dcea4
271.6361	2026-09-24T12:36:08.926Z	W0000012200021de8fd
271.6361	2026-09-24T12:36:08.926Z	R0000012200021de8ff
271.6361	2026-09-24T12:36:08.926Z	E000000000000000000
271.6591	2026-09-24T12:36:08.949Z	M000000000000000000
271.6591	2026-09-24T12:36:08.949Z	Fffffffff0000000000
272.0572	2026-09-24T12:36:09.347Z	S0117170004fe4dcea8
272.5205	2026-09-24T12:36:09.810Z	W0000012300021de901
272.5205	2026-09-24T12:36:09.810Z	R0000012300021de8ff
272.5205	2026-09-24T12:36:09.810Z	E000000000000000000
272.5205	2026-09-24T12:36:09.810Z	M000000000000000000
272.5205	2026-09-24T12:36:09.810Z	Fffffffff0000000000
272.8648	2026-09-24T12:36:10.154Z	S0117170005024dceac
273.3546	2026-09-24T12:36:10.644Z	W0000012400021de8fd
273.3546	2026-09-24T12:36:10.644Z	R0000012400021de8ff
273.3546	2026-09-24T12:36:10.644Z	E000000000000000000
273.3773	2026-09-24T12:36:10.667Z	M000000000000000000
273.3773	2026-09-24T12:36:10.667Z	Fffffffff0000000000
273.6835	2026-09-24T12:36:10.973Z	S0117170005064dceb0
274.2138	2026-09-24T12:36:11.503Z	W0000012500021de901
274.2138	2026-09-24T12:36:11.503Z	R0000012500021de8ff
274.2138	2026-09-24T12:36:11.503Z	E000000000000000000
274.2409	2026-09-24T12:36:11.530Z	M000000000000000000
274.2409	2026-09-24T12:36:11.531Z	Fffffffff0000000000
274.4732	2026-09-24T12:36:11.763Z	S01171700050a4dceb4
275.0966	2026-09-24T12:36:12.386Z	W0000012600021de8fd
275.0966	2026-09-24T12:36:12.386Z	R0000012600021de8ff
275.0966	2026-09-24T12:36:12.386Z	E000000000000000000
275.0966	2026-09-24T12:36:12.386Z	M000000000000000000
275.0966	2026-09-24T12:36:12.386Z	Fffffffff0000000000
275.2933	2026-09-24T12:36:12.583Z	S01171700050e4dceb8
275.9322	2026-09-24T12:36:13.222Z	W0000012700021de901
275.9322	2026-09-24T12:36:13.222Z	R0000012700021de8ff
275.9322	2026-09-24T12:36:13.222Z	E000000000000000000
275.9560	2026-09-24T12:36:13.246Z	M000000000000000000
275.9560	2026-09-24T12:36:13.246Z	Fffffffff0000000000
276.0838	2026-09-24T12:36:13.373Z	S0117170005124dcebc
276.7928	2026-09-24T12:36:14.082Z	W0000012800021de8fd
276.7928	2026-09-24T12:36:14.082Z	R0000012800021de8ff
276.7928	2026-09-24T12:36:14.082Z	E000000000000000000
276.8211	2026-09-24T12:36:14.111Z	M000000000000000000
276.8211	2026-09-24T12:36:14.111Z	Fffffffff0000000000
276.8891	2026-09-24T12:36:14.179Z	S0117170005164dcec0
277.6562	2026-09-24T12:36:14.946Z	W0000012900021de901
277.6562	2026-09-24T12:36:14.946Z	R0000012900021de8ff
277.6562	2026-09-24T12:36:14.946Z	E000000000000000000
277.6562	2026-09-24T12:36:14.946Z	M000000000000000000
277.6562	2026-09-24T12:36:14.946Z	Fffffffff0000000000
277.7007	2026-09-24T12:36:14.990Z	S01171700051a4dcec4
278.4998	2026-09-24T12:36:15.789Z	S01171700051e4dcec8
278.5209	2026-09-24T12:36:15.811Z	W0000012a00021de8fd
278.5209	2026-09-24T12:36:15.811Z	R0000012a00021de8ff
278.5209	2026-09-24T12:36:15.811Z	E000000000000000000
278.5209	2026-09-24T12:36:15.811Z	M000000000000000000
278.5209	2026-09-24T12:36:15.811Z	Fffffffff0000000000
279.3102	2026-09-24T12:36:16.600Z	S0117170005224dcecc
279.3815	2026-09-24T12:36:16.671Z	W0000012b00021de901
279.3815	2026-09-24T12:36:16.671Z	R0000012b00021de8ff
279.3815	2026-09-24T12:36:16.671Z	E000000000000000000
279.3815	2026-09-24T12:36:16.671Z	M000000000000000000
279.3815	2026-09-24T12:36:16.671Z	Fffffffff0000000000
280.1295	2026-09-24T12:36:17.419Z	S0117170005264dced0
280.2349	2026-09-24T12:36:17.525Z	W0000012c00021de8fd
280.2349	2026-09-24T12:36:17.525Z	R0000012c00021de8ff
280.2349	2026-09-24T12:36:17.525Z	E000000000000000000
280.2349	2026-09-24T12:36:17.525Z	M000000000000000000
280.2349	2026-09-24T12:36:17.525Z	Fffffffff0000000000
280.9341	2026-09-24T12:36:18.224Z	S01171700052a4dced4
281.0998	2026-09-24T12:36:18.389Z	W0000012d00021de901
281.0998	2026-09-24T12:36:18.389Z	R0000012d00021de8ff
281.0998	2026-09-24T12:36:18.389Z	E000000000000000000
281.0998	2026-09-24T12:36:18.389Z	M000000000000000000
281.0998	2026-09-24T12:36:18.389Z	Fffffffff0000000000
281.7264	2026-09-24T12:36:19.016Z	S01171700052e4dced8
281.9559	2026-09-24T12:36:19.246Z	W0000012e00021de8fd
281.9559	2026-09-24T12:36:19.246Z	R0000012e00021de8ff
281.9559	2026-09-24T12:36:19.246Z	E000000000000000000
281.9559	2026-09-24T12:36:19.246Z	M000000000000000000
281.9559	2026-09-24T12:36:19.246Z	Fffffffff0000000000
282.5305	2026-09-24T12:36:19.820Z	S0117170005324dcedc
282.8284	2026-09-24T12:36:20.118Z	W0000012f00021de901
282.8284	2026-09-24T12:36:20.118Z	R0000012f00021de8ff
282.8284	2026-09-24T12:36:20.118Z	E000000000000000000
282.8284	2026-09-24T12:36:20.118Z	M000000000000000000
282.8284	2026-09-24T12:36:20.118Z	Fffffffff0000000000
283.3356	2026-09-24T12:36:20.625Z	S0117170005364dcee0
283.6742	2026-09-24T12:36:20.964Z	W0000013000021de8fd
283.6742	2026-09-24T12:36:20.964Z	R0000013000021de8ff
283.6742	2026-09-24T12:36:20.964Z	E000000000000000000
283.6742	2026-09-24T12:36:20.964Z	M000000000000000000
283.6742	2026-09-24T12:36:20.964Z	Fffffffff0000000000
284.1577	2026-09-24T12:36:21.447Z	S01171700053a4dcee4
284.5387	2026-09-24T12:36:21.828Z	W0000013100021de901
284.5387	2026-09-24T12:36:21.828Z	R0000013100021de8ff
284.5387	2026-09-24T12:36:21.828Z	E000000000000000000
284.5387	2026-09-24T12:36:21.828Z	M000000000000000000
284.5387	2026-09-24T12:36:21.828Z	Fffffffff0000000000
284.9436	2026-09-24T12:36:22.233Z	S01171700053e4dcee8
285.4014	2026-09-24T12:36:22.691Z	W0000013200021de8fd
285.4014	2026-09-24T12:36:22.691Z	R0000013200021de8ff
285.4014	2026-09-24T12:36:22.691Z	E000000000000000000
285.4014	2026-09-24T12:36:22.691Z	M000000000000000000
285.4014	2026-09-24T12:36:22.691Z	Fffffffff0000000000
285.7531	2026-09-24T12:36:23.043Z	S0117170005424dceec
286.2484	2026-09-24T12:36:23.538Z	W0000013300021de901
286.2484	2026-09-24T12:36:23.538Z	R0000013300021de8ff
286.2484	2026-09-24T12:36:23.538Z	E000000000000000000
286.2484	2026-09-24T12:36:23.538Z	M000000000000000000
286.2484	2026-09-24T12:36:23.538Z	Fffffffff0000000000
286.5636	2026-09-24T12:36:23.853Z	S0117170005464dcef0
287.1031	2026-09-24T12:36:24.393Z	W0000013400021de8fd
287.1031	2026-09-24T12:36:24.393Z	R0000013400021de8ff
287.1031	2026-09-24T12:36:24.393Z	E000000000000000000
287.1304	2026-09-24T12:36:24.420Z	M000000000000000000
287.1304	2026-09-24T12:36:24.420Z	Fffffffff0000000000
287.3787	2026-09-24T12:36:24.668Z	S01171700054a4dcef4
287.9612	2026-09-24T12:36:25.251Z	W0000013500021de901
287.9612	2026-09-24T12:36:25.251Z	R0000013500021de8ff
287.9612	2026-09-24T12:36:25.251Z	E000000000000000000
287.9820	2026-09-24T12:36:25.272Z	M000000000000000000
287.9820	2026-09-24T12:36:25.272Z	Fffffffff0000000000
288.1753	2026-09-24T12:36:25.465Z	S01171700054e4dcef8
288.8360	2026-09-24T12:36:26.126Z	W0000013600021de8fd
288.8360	2026-09-24T12:36:26.126Z	R0000013600021de8ff
288.8360	2026-09-24T12:36:26.126Z	E000000000000000000
288.8360	2026-09-24T12:36:26.126Z	M000000000000000000
288.8360	2026-09-24T12:36:26.126Z	Fffffffff0000000000
288.9725	2026-09-24T12:36:26.262Z	S0117170005524dcefc
289.6937	2026-09-24T12:36:26.984Z	W0000013700021de901
289.6937	2026-09-24T12:36:26.984Z	R0000013700021de8ff
289.6937	2026-09-24T12:36:26.984Z	E000000000000000000
289.6937	2026-09-24T12:36:26.984Z	M000000000000000000
289.6937	2026-09-24T12:36:26.984Z	Fffffffff0000000000
289.7948	2026-09-24T12:36:27.085Z	S0117170005564dcf00
290.5579	2026-09-24T12:36:27.848Z	W0000013800021de8fd
290.5579	2026-09-24T12:36:27.848Z	R0000013800021de8ff
290.5579	2026-09-24T12:36:27.848Z	E000000000000000000
290.5579	2026-09-24T12:36:27.848Z	M000000000000000000
290.5579	2026-09-24T12:36:27.848Z	Fffffffff0000000000
290.5794	2026-09-24T12:36:27.869Z	S01171700055a4dcf04
291.4024	2026-09-24T12:36:28.692Z	S01171700055e4dcf08
291.4024	2026-09-24T12:36:28.692Z	W0000013900021de901
291.4024	2026-09-24T12:36:28.692Z	R0000013900021de8ff
291.4024	2026-09-24T12:36:28.692Z	E000000000000000000
291.4322	2026-09-24T12:36:28.722Z	M000000000000000000
291.4322	2026-09-24T12:36:28.722Z	Fffffffff0000000000
292.1968	2026-09-24T12:36:29.487Z	S0117170005624dcf0c
292.2714	2026-09-24T12:36:29.561Z	W0000013a00021de8fd
292.2714	2026-09-24T12:36:29.561Z	R0000013a00021de8ff
292.2714	2026-09-24T12:36:29.561Z	E000000000000000000
292.2714	2026-09-24T12:36:29.561Z	M000000000000000000
292.2714	2026-09-24T12:36:29.561Z	Fffffffff0000000000
292.9954	2026-09-24T12:36:30.285Z	S0117170005664dcf10
293.1213	2026-09-24T12:36:30.411Z	W0000013b00021de901
293.1213	2026-09-24T12:36:30.411Z	R0000013b00021de8ff
293.1213	2026-09-24T12:36:30.411Z	E000000000000000000
293.1514	2026-09-24T12:36:30.441Z	M000000000000000000
293.1514	2026-09-24T12:36:30.441Z	Fffffffff0000000000
293.8007	2026-09-24T12:36:31.091Z	S01171700056a4dcf14
293.9858	2026-09-24T12:36:31.276Z	W0000013c00021de8fd
293.9858	2026-09-24T12:36:31.276Z	R0000013c00021de8ff
293.9858	2026-09-24T12:36:31.276Z	E000000000000000000
293.9858	2026-09-24T12:36:31.276Z	M000000000000000000
293.9858	2026-09-24T12:36:31.276Z	Fffffffff0000000000
294.6070	2026-09-24T12:36:31.897Z	S01171700056e4dcf18
294.8349	2026-09-24T12:36:32.125Z	W0000013d00021de901
294.8349	2026-09-24T12:36:32.125Z	R0000013d00021de8ff
294.8349	2026-09-24T12:36:32.125Z	E000000000000000000
294.8624	2026-09-24T12:36:32.152Z	M000000000000000000
294.8624	2026-09-24T12:36:32.152Z	Fffffffff0000000000
295.4160	2026-09-24T12:36:32.706Z	S0117170005724dcf1c
295.7099	2026-09-24T12:36:33.000Z	W0000013e00021de8fd
295.7099	2026-09-24T12:36:33.000Z	R0000013e00021de8ff
295.7099	2026-09-24T12:36:33.000Z	E000000000000000000
295.7099	2026-09-24T12:36:33.000Z	M000000000000000000
295.7099	2026-09-24T12:36:33.000Z	Fffffffff0000000000
296.2344	2026-09-24T12:36:33.524Z	S0117170005764dcf20
296.5703	2026-09-24T12:36:33.860Z	W0000013f00021de901
296.5703	2026-09-24T12:36:33.860Z	R0000013f00021de8ff
296.5703	2026-09-24T12:36:33.860Z	E000000000000000000
296.5703	2026-09-24T12:36:33.860Z	M000000000000000000
296.5703	2026-09-24T12:36:33.860Z	Fffffffff0000000000
297.0297	2026-09-24T12:36:34.320Z	S01171700057a4dcf24
297.4349	2026-09-24T12:36:34.725Z	W0000014000021de8fd
297.4349	2026-09-24T12:36:34.725Z	R0000014000021de8ff
297.4349	2026-09-24T12:36:34.725Z	E000000000000000000
297.4349	2026-09-24T12:36:34.725Z	M000000000000000000
297.4349	2026-09-24T12:36:34.725Z	Fffffffff0000000000
297.8424	2026-09-24T12:36:35.132Z	S01171700057e4dcf28
298.2720	2026-09-24T12:36:35.562Z	W0000014100021de901
298.2720	2026-09-24T12:36:35.562Z	R0000014100021de8ff
298.2720	2026-09-24T12:36:35.562Z	E000000000000000000
298.2982	2026-09-24T12:36:35.588Z	M000000000000000000
298.2982	2026-09-24T12:36:35.588Z	Fffffffff0000000000
298.6496	2026-09-24T12:36:35.939Z	S0117170005824dcf2c
299.1452	2026-09-24T12:36:36.435Z	W0000014200021de8fd
299.1452	2026-09-24T12:36:36.435Z	R0000014200021de8ff
299.1452	2026-09-24T12:36:36.435Z	E000000000000000000
299.1452	2026-09-24T12:36:36.435Z	M000000000000000000
299.1452	2026-09-24T12:36:36.435Z	Fffffffff0000000000
299.4503	2026-09-24T12:36:36.740Z	S0117170005864dcf30
299.9952	2026-09-24T12:36:37.285Z	W0000014300021de901
299.9952	2026-09-24T12:36:37.285Z	R0000014300021de8ff
299.9952	2026-09-24T12:36:37.285Z	E000000000000000000
299.9952	2026-09-24T12:36:37.285Z	M000000000000000000
299.9952	2026-09-24T12:36:37.285Z	Fffffffff0000000000
300.2545	2026-09-24T12:36:37.544Z	S01171700058a4dcf34
300.8601	2026-09-24T12:36:38.150Z	W0000014400021de8fd
300.8601	2026-09-24T12:36:38.150Z	R0000014400021de8ff
300.8601	2026-09-24T12:36:38.150Z	E000000000000000000
300.8601	2026-09-24T12:36:38.150Z	M000000000000000000
300.8601	2026-09-24T12:36:38.150Z	Fffffffff0000000000
301.0611	2026-09-24T12:36:38.351Z	S01171700058e4dcf38
301.7228	2026-09-24T12:36:39.013Z	W0000014500021de901
301.7228	2026-09-24T12:36:39.013Z	R0000014500021de8ff
301.7228	2026-09-24T12:36:39.013Z	E000000000000000000
301.7228	2026-09-24T12:36:39.013Z	M000000000000000000
301.7228	2026-09-24T12:36:39.013Z	Fffffffff0000000000
301.8538	2026-09-24T12:36:39.144Z	S0117170005924dcf3c
302.5678	2026-09-24T12:36:39.858Z	W0000014600021de8fd
302.5678	2026-09-24T12:36:39.858Z	R0000014600021de8ff
302.5678	2026-09-24T12:36:39.858Z	E000000000000000000
302.5940	2026-09-24T12:36:39.884Z	M000000000000000000
302.5940	2026-09-24T12:36:39.884Z	Fffffffff0000000000
302.6597	2026-09-24T12:36:39.950Z	S0117170005964dcf40
303.4270	2026-09-24T12:36:40.717Z	W0000014700021de901
303.4270	2026-09-24T12:36:40.717Z	R0000014700021de8ff
303.4270	2026-09-24T12:36:40.717Z	E000000000000000000
303.4545	2026-09-24T12:36:40.744Z	M000000000000000000
303.4545	2026-09-24T12:36:40.744Z	Fffffffff0000000000
303.4794	2026-09-24T12:36:40.769Z	S01171700059a4dcf44
304.2828	2026-09-24T12:36:41.573Z	S01171700059e4dcf48
304.3087	2026-09-24T12:36:41.599Z	W0000014800021de8fd
304.3087	2026-09-24T12:36:41.599Z	R0000014800021de8ff
304.3087	2026-09-24T12:36:41.599Z	E000000000000000000
304.3087	2026-09-24T12:36:41.599Z	M000000000000000000
304.3087	2026-09-24T12:36:41.599Z	Fffffffff0000000000
305.0918	2026-09-24T12:36:42.382Z	S0117170005a24dcf4c
305.1454	2026-09-24T12:36:42.435Z	W0000014900021de901
305.1454	2026-09-24T12:36:42.435Z	R0000014900021de8ff
305.1454	2026-09-24T12:36:42.435Z	E000000000000000000
305.1731	2026-09-24T12:36:42.463Z	M000000000000000000
305.1731	2026-09-24T12:36:42.463Z	Fffffffff0000000000
305.8976	2026-09-24T12:36:43.188Z	S0117170005a64dcf50
306.0243	2026-09-24T12:36:43.314Z	W0000014a00021de8fd
306.0243	2026-09-24T12:36:43.314Z	R0000014a00021de8ff
306.0243	2026-09-24T12:36:43.314Z	E000000000000000000
306.0243	2026-09-24T12:36:43.314Z	M000000000000000000
306.0243	2026-09-24T12:36:43.314Z	Fffffffff0000000000
306.7112	2026-09-24T12:36:44.001Z	S0117170005aa4dcf54
306.8831	2026-09-24T12:36:44.173Z	W0000014b00021de901
306.8831	2026-09-24T12:36:44.173Z	R0000014b00021de8ff
306.8831	2026-09-24T12:36:44.173Z	E000000000000000000
306.8831	2026-09-24T12:36:44.173Z	M000000000000000000
306.8831	2026-09-24T12:36:44.173Z	Fffffffff0000000000
307.4910	2026-09-24T12:36:44.781Z	S0117170005ae4dcf58
307.7278	2026-09-24T12:36:45.018Z	W0000014c00021de8fd
307.7278	2026-09-24T12:36:45.018Z	R0000014c00021de8ff
307.7278	2026-09-24T12:36:45.018Z	E000000000000000000
307.7564	2026-09-24T12:36:45.046Z	M000000000000000000
307.7564	2026-09-24T12:36:45.046Z	Fffffffff0000000000
308.3166	2026-09-24T12:36:45.607Z	S0117170005b24dcf5c
308.6093	2026-09-24T12:36:45.899Z	W0000014d00021de901
308.6093	2026-09-24T12:36:45.899Z	R0000014d00021de8ff
308.6093	2026-09-24T12:36:45.899Z	E000000000000000000
308.6093	2026-09-24T12:36:45.899Z	M000000000000000000
308.6093	2026-09-24T12:36:45.899Z	Fffffffff0000000000
309.1031	2026-09-24T12:36:46.393Z	S0117170005b64dcf60
309.4587	2026-09-24T12:36:46.749Z	W0000014e00021de8fd
309.4587	2026-09-24T12:36:46.749Z	R0000014e00021de8ff
309.4587	2026-09-24T12:36:46.749Z	E000000000000000000
309.4587	2026-09-24T12:36:46.749Z	M000000000000000000
309.4587	2026-09-24T12:36:46.749Z	Fffffffff0000000000
309.9175	2026-09-24T12:36:47.207Z	S0117170005ba4dcf64
310.3112	2026-09-24T12:36:47.601Z	W0000014f00021de901
310.3112	2026-09-24T12:36:47.601Z	R0000014f00021de8ff
310.3112	2026-09-24T12:36:47.601Z	E000000000000000000
310.3112	2026-09-24T12:36:47.601Z	M000000000000000000
310.3112	2026-09-24T12:36:47.601Z	Fffffffff0000000000
310.7209	2026-09-24T12:36:48.011Z	S0117170005be4dcf68
311.1649	2026-09-24T12:36:48.455Z	W0000015000021de8fd
311.1649	2026-09-24T12:36:48.455Z	R0000015000021de8ff
311.1649	2026-09-24T12:36:48.455Z	E000000000000000000
311.1649	2026-09-24T12:36:48.455Z	M000000000000000000
311.1649	2026-09-24T12:36:48.455Z	Fffffffff0000000000
311.5316	2026-09-24T12:36:48.822Z	S0117170005c24dcf6c
312.0191	2026-09-24T12:36:49.309Z	W0000015100021de901
312.0191	2026-09-24T12:36:49.309Z	R0000015100021de8ff
312.0191	2026-09-24T12:36:49.309Z	E000000000000000000
312.0467	2026-09-24T12:36:49.337Z	M000000000000000000
312.0467	2026-09-24T12:36:49.337Z	Fffffffff0000000000
312.3228	2026-09-24T12:36:49.613Z	S0117170005c64dcf70
312.8866	2026-09-24T12:36:50.177Z	W0000015200021de8fd
312.8866	2026-09-24T12:36:50.177Z	R0000015200021de8ff
312.8866	2026-09-24T12:36:50.177Z	E000000000000000000
312.8866	2026-09-24T12:36:50.177Z	M000000000000000000
312.8866	2026-09-24T12:36:50.177Z	Fffffffff0000000000
313.1453	2026-09-24T12:36:50.435Z	S0117170005ca4dcf74
313.7420	2026-09-24T12:36:51.032Z	W0000015300021de901
313.7420	2026-09-24T12:36:51.032Z	R0000015300021de8ff
313.7420	2026-09-24T12:36:51.032Z	E000000000000000000
313.7665	2026-09-24T12:36:51.057Z	M000000000000000000
313.7665	2026-09-24T12:36:51.057Z	Fffffffff0000000000
313.9490	2026-09-24T12:36:51.239Z	S0117170005ce4dcf78
314.6017	2026-09-24T12:36:51.892Z	W0000015400021de8fd
314.6017	2026-09-24T12:36:51.892Z	R0000015400021de8ff
314.6017	2026-09-24T12:36:51.892Z	E000000000000000000
314.6017	2026-09-24T12:36:51.892Z	M000000000000000000
314.6017	2026-09-24T12:36:51.892Z	Fffffffff0000000000
314.7506	2026-09-24T12:36:52.041Z	S0117170005d24dcf7c
315.4560	2026-09-24T12:36:52.746Z	W0000015500021de901
315.4560	2026-09-24T12:36:52.746Z	R0000015500021de8ff
315.4560	2026-09-24T12:36:52.746Z	E000000000000000000
315.4795	2026-09-24T12:36:52.770Z	M000000000000000000
315.4795	2026-09-24T12:36:52.770Z	Fffffffff0000000000
315.5673	2026-09-24T12:36:52.857Z	S0117170005d64dcf80
316.3236	2026-09-24T12:36:53.614Z	W0000015600021de8fd
316.3236	2026-09-24T12:36:53.614Z	R0000015600021de8ff
316.3236	2026-09-24T12:36:53.614Z	E000000000000000000
316.3236	2026-09-24T12:36:53.614Z	M000000000000000000
316.3236	2026-09-24T12:36:53.614Z	Fffffffff0000000000
316.3494	2026-09-24T12:36:53.639Z	S0117170005da4dcf84
317.1547	2026-09-24T12:36:54.445Z	S0117170005de4dcf88
317.1749	2026-09-24T12:36:54.465Z	W0000015700021de901
317.1749	2026-09-24T12:36:54.465Z	R0000015700021de8ff
317.1749	2026-09-24T12:36:54.465Z	E000000000000000000
317.2028	2026-09-24T12:36:54.493Z	M000000000000000000
317.2028	2026-09-24T12:36:54.493Z	Fffffffff0000000000
317.9844	2026-09-24T12:36:55.274Z	S0117170005e24dcf8c
318.0349	2026-09-24T12:36:55.325Z	W0000015800021de8fd
318.0349	2026-09-24T12:36:55.325Z	R0000015800021de8ff
318.0349	2026-09-24T12:36:55.325Z	E000000000000000000
318.0556	2026-09-24T12:36:55.346Z	M000000000000000000
318.0556	2026-09-24T12:36:55.346Z	Fffffffff0000000000
318.7844	2026-09-24T12:36:56.075Z	S0117170005e64dcf90
318.8983	2026-09-24T12:36:56.188Z	W0000015900021de901
318.8983	2026-09-24T12:36:56.188Z	R0000015900021de8ff
318.8983	2026-09-24T12:36:56.188Z	E000000000000000000
318.8983	2026-09-24T12:36:56.188Z	M000000000000000000
318.8983	2026-09-24T12:36:56.188Z	Fffffffff0000000000
319.5983	2026-09-24T12:36:56.888Z	S0117170005ea4dcf94
319.7553	2026-09-24T12:36:57.045Z	W0000015a00021de8fd
319.7553	2026-09-24T12:36:57.045Z	R0000015a00021de8ff
319.7553	2026-09-24T12:36:57.045Z	E000000000000000000
319.7758	2026-09-24T12:36:57.066Z	M000000000000000000
319.7758	2026-09-24T12:36:57.066Z	Fffffffff0000000000
320.3937	2026-09-24T12:36:57.684Z	S0117170005ee4dcf98
320.6144	2026-09-24T12:36:57.905Z	W0000015b00021de901
320.6144	2026-09-24T12:36:57.905Z	R0000015b00021de8ff
320.6144	2026-09-24T12:36:57.905Z	E000000000000000000
320.6391	2026-09-24T12:36:57.929Z	M000000000000000000
320.6391	2026-09-24T12:36:57.929Z	Fffffffff0000000000
321.1947	2026-09-24T12:36:58.485Z	S0117170005f24dcf9c
321.4704	2026-09-24T12:36:58.761Z	W0000015c00021de8fd
321.4704	2026-09-24T12:36:58.761Z	R0000015c00021de8ff
321.4704	2026-09-24T12:36:58.761Z	E000000000000000000
321.4980	2026-09-24T12:36:58.788Z	M000000000000000000
321.4980	2026-09-24T12:36:58.788Z	Fffffffff0000000000
321.9865	2026-09-24T12:36:59.277Z	S0117170005f64dcfa0
322.3334	2026-09-24T12:36:59.623Z	W0000015d00021de901
322.3334	2026-09-24T12:36:59.623Z	R0000015d00021de8ff
322.3334	2026-09-24T12:36:59.623Z	E000000000000000000
322.3581	2026-09-24T12:36:59.648Z	M000000000000000000
322.3581	2026-09-24T12:36:59.648Z	Fffffffff0000000000
322.7990	2026-09-24T12:37:00.089Z	S0117170005fa4dcfa4
323.1888	2026-09-24T12:37:00.479Z	W0000015e00021de8fd
323.1888	2026-09-24T12:37:00.479Z	R0000015e00021de8ff
323.1888	2026-09-24T12:37:00.479Z	E000000000000000000
323.2122	2026-09-24T12:37:00.502Z	M000000000000000000
323.2122	2026-09-24T12:37:00.502Z	Fffffffff0000000000
323.6105	2026-09-24T12:37:00.901Z	S0117170005fe4dcfa8
324.0667	2026-09-24T12:37:01.357Z	W0000015f00021de901
324.0667	2026-09-24T12:37:01.357Z	R0000015f00021de8ff
324.0667	2026-09-24T12:37:01.357Z	E000000000000000000
324.0667	2026-09-24T12:37:01.357Z	M000000000000000000
324.0667	2026-09-24T12:37:01.357Z	Fffffffff0000000000
324.4143	2026-09-24T12:37:01.704Z	S0117170006024dcfac
324.9073	2026-09-24T12:37:02.197Z	W0000016000021de8fd
324.9073	2026-09-24T12:37:02.197Z	R0000016000021de8ff
324.9073	2026-09-24T12:37:02.197Z	E000000000000000000
324.9328	2026-09-24T12:37:02.223Z	M000000000000000000
324.9328	2026-09-24T12:37:02.223Z	Fffffffff0000000000
325.2078	2026-09-24T12:37:02.498Z	S0117170006064dcfb0
325.7822	2026-09-24T12:37:03.072Z	W0000016100021de901
325.7822	2026-09-24T12:37:03.072Z	R0000016100021de8ff
325.7822	2026-09-24T12:37:03.072Z	E000000000000000000
325.7822	2026-09-24T12:37:03.072Z	M000000000000000000
325.7822	2026-09-24T12:37:03.072Z	Fffffffff0000000000
326.0131	2026-09-24T12:37:03.303Z	S01171700060a4dcfb4
326.6428	2026-09-24T12:37:03.933Z	W0000016200021de8fd
326.6428	2026-09-24T12:37:03.933Z	R0000016200021de8ff
326.6428	2026-09-24T12:37:03.933Z	E000000000000000000
326.6428	2026-09-24T12:37:03.933Z	M000000000000000000
326.6428	2026-09-24T12:37:03.933Z	Fffffffff0000000000
326.8306	2026-09-24T12:37:04.121Z	S01171700060e4dcfb8
327.5067	2026-09-24T12:37:04.797Z	W0000016300021de901
327.5067	2026-09-24T12:37:04.797Z	R0000016300021de8ff
327.5067	2026-09-24T12:37:04.797Z	E000000000000000000
327.5067	2026-09-24T12:37:04.797Z	M000000000000000000
327.5067	2026-09-24T12:37:04.797Z	Fffffffff0000000000
327.6306	2026-09-24T12:37:04.921Z	S0117170006124dcfbc
328.3450	2026-09-24T12:37:05.635Z	W0000016400021de8fd
328.3450	2026-09-24T12:37:05.635Z	R0000016400021de8ff
328.3450	2026-09-24T12:37:05.635Z	E000000000000000000
328.3706	2026-09-24T12:37:05.661Z	M000000000000000000
328.3706	2026-09-24T12:37:05.661Z	Fffffffff0000000000
328.4290	2026-09-24T12:37:05.719Z	S0117170006164dcfc0
329.2227	2026-09-24T12:37:06.513Z	W0000016500021de901
329.2227	2026-09-24T12:37:06.513Z	R0000016500021de8ff
329.2227	2026-09-24T12:37:06.513Z	E000000000000000000
329.2227	2026-09-24T12:37:06.513Z	M000000000000000000
329.2227	2026-09-24T12:37:06.513Z	Fffffffff0000000000
329.2471	2026-09-24T12:37:06.537Z	S01171700061a4dcfc4
330.0397	2026-09-24T12:37:07.330Z	S01171700061e4dcfc8
330.0625	2026-09-24T12:37:07.353Z	W0000016600021de8fd
330.0625	2026-09-24T12:37:07.353Z	R0000016600021de8ff
330.0625	2026-09-24T12:37:07.353Z	E000000000000000000
330.0901	2026-09-24T12:37:07.380Z	M000000000000000000
330.0901	2026-09-24T12:37:07.380Z	Fffffffff0000000000
330.8450	2026-09-24T12:37:08.135Z	S0117170006224dcfcc
330.9267	2026-09-24T12:37:08.217Z	W0000016700021de901
330.9267	2026-09-24T12:37:08.217Z	R0000016700021de8ff
330.9267	2026-09-24T12:37:08.217Z	E000000000000000000
330.9501	2026-09-24T12:37:08.240Z	M000000000000000000
330.9501	2026-09-24T12:37:08.240Z	Fffffffff0000000000
331.6503	2026-09-24T12:37:08.941Z	S0117170006264dcfd0
331.8047	2026-09-24T12:37:09.095Z	W0000016800021de8fd
331.8047	2026-09-24T12:37:09.095Z	R0000016800021de8ff
331.8047	2026-09-24T12:37:09.095Z	E000000000000000000
331.8047	2026-09-24T12:37:09.095Z	M000000000000000000
331.8047	2026-09-24T12:37:09.095Z	Fffffffff0000000000
332.4828	2026-09-24T12:37:09.773Z	S01171700062a4dcfd4
332.6426	2026-09-24T12:37:09.933Z	W0000016900021de901
332.6426	2026-09-24T12:37:09.933Z	R0000016900021de8ff
332.6426	2026-09-24T12:37:09.933Z	E000000000000000000
332.6714	2026-09-24T12:37:09.962Z	M000000000000000000
332.6714	2026-09-24T12:37:09.962Z	Fffffffff0000000000
333.2747	2026-09-24T12:37:10.565Z	S01171700062e4dcfd8
333.5124	2026-09-24T12:37:10.803Z	W0000016a00021de8fd
333.5124	2026-09-24T12:37:10.803Z	R0000016a00021de8ff
333.5124	2026-09-24T12:37:10.803Z	E000000000000000000
333.5124	2026-09-24T12:37:10.803Z	M000000000000000000
333.5124	2026-09-24T12:37:10.803Z	Fffffffff0000000000
334.0684	2026-09-24T12:37:11.359Z	S0117170006324dcfdc
334.3768	2026-09-24T12:37:11.667Z	W0000016b00021de901
334.3768	2026-09-24T12:37:11.667Z	R0000016b00021de8ff
334.3768	2026-09-24T12:37:11.667Z	E000000000000000000
334.3768	2026-09-24T12:37:11.667Z	M000000000000000000
334.3768	2026-09-24T12:37:11.667Z	Fffffffff0000000000
334.8742	2026-09-24T12:37:12.164Z	S0117170006364dcfe0
335.2278	2026-09-24T12:37:12.518Z	W0000016c00021de8fd
335.2278	2026-09-24T12:37:12.518Z	R0000016c00021de8ff
335.2278	2026-09-24T12:37:12.518Z	E000000000000000000
335.2278	2026-09-24T12:37:12.518Z	M000000000000000000
335.2278	2026-09-24T12:37:12.518Z	Fffffffff0000000000
335.6852	2026-09-24T12:37:12.975Z	S01171700063a4dcfe4
336.0779	2026-09-24T12:37:13.368Z	W0000016d00021de901
336.0779	2026-09-24T12:37:13.368Z	R0000016d00021de8ff
336.0779	2026-09-24T12:37:13.368Z	E000000000000000000
336.1059	2026-09-24T12:37:13.396Z	M000000000000000000
336.1059	2026-09-24T12:37:13.396Z	Fffffffff0000000000
336.4977	2026-09-24T12:37:13.788Z	S01171700063e4dcfe8
336.9412	2026-09-24T12:37:14.231Z	W0000016e00021de8fd
336.9412	2026-09-24T12:37:14.232Z	R0000016e00021de8ff
336.9412	2026-09-24T12:37:14.232Z	E000000000000000000
336.9412	2026-09-24T12:37:14.232Z	M000000000000000000
336.9412	2026-09-24T12:37:14.232Z	Fffffffff0000000000
337.2874	2026-09-24T12:37:14.578Z	S0117170006424dcfec
337.8158	2026-09-24T12:37:15.106Z	W0000016f00021de901
337.8158	2026-09-24T12:37:15.106Z	R0000016f00021de8ff
337.8158	2026-09-24T12:37:15.106Z	E000000000000000000
337.8158	2026-09-24T12:37:15.106Z	M000000000000000000
337.8158	2026-09-24T12:37:15.106Z	Fffffffff0000000000
338.0948	2026-09-24T12:37:15.385Z	S0117170006464dcff0
338.6690	2026-09-24T12:37:15.959Z	W0000017000021de8fd
338.6690	2026-09-24T12:37:15.959Z	R0000017000021de8ff
338.6690	2026-09-24T12:37:15.959Z	E000000000000000000
338.6690	2026-09-24T12:37:15.959Z	M000000000000000000
338.6690	2026-09-24T12:37:15.959Z	Fffffffff0000000000
338.9133	2026-09-24T12:37:16.204Z	S01171700064a4dcff4
339.5188	2026-09-24T12:37:16.809Z	W0000017100021de901
339.5188	2026-09-24T12:37:16.809Z	R0000017100021de8ff
339.5188	2026-09-24T12:37:16.809Z	E000000000000000000
339.5188	2026-09-24T12:37:16.809Z	M000000000000000000
339.5188	2026-09-24T12:37:16.809Z	Fffffffff0000000000
339.7122	2026-09-24T12:37:17.002Z	S01171700064e4dcff8
340.3868	2026-09-24T12:37:17.677Z	W0000017200021de8fd
340.3868	2026-09-24T12:37:17.677Z	R0000017200021de8ff
340.3868	2026-09-24T12:37:17.677Z	E000000000000000000
340.3868	2026-09-24T12:37:17.677Z	M000000000000000000
340.3868	2026-09-24T12:37:17.677Z	Fffffffff0000000000
340.5237	2026-09-24T12:37:17.814Z	S0117170006524dcffc
341.2408	2026-09-24T12:37:18.531Z	W0000017300021de901
341.2408	2026-09-24T12:37:18.531Z	R0000017300021de8ff
341.2408	2026-09-24T12:37:18.531Z	E000000000000000000
341.2408	2026-09-24T12:37:18.531Z	M000000000000000000
341.2408	2026-09-24T12:37:18.531Z	Fffffffff0000000000
341.3140	2026-09-24T12:37:18.604Z	S0117170006564dd000
342.1010	2026-09-24T12:37:19.391Z	W0000017400021de8fd
342.1010	2026-09-24T12:37:19.391Z	R0000017400021de8ff
342.1010	2026-09-24T12:37:19.391Z	E000000000000000000
342.1010	2026-09-24T12:37:19.391Z	M000000000000000000
342.1010	2026-09-24T12:37:19.391Z	Fffffffff0000000000
342.1211	2026-09-24T12:37:19.411Z	S01171700065a4dd004
342.9313	2026-09-24T12:37:20.222Z	S01171700065e4dd008
342.9517	2026-09-24T12:37:20.242Z	W0000017500021de901
342.9517	2026-09-24T12:37:20.242Z	R0000017500021de8ff
342.9517	2026-09-24T12:37:20.242Z	E000000000000000000
342.9797	2026-09-24T12:37:20.270Z	M000000000000000000
342.9797	2026-09-24T12:37:20.270Z	Fffffffff0000000000
343.7449	2026-09-24T12:37:21.035Z	S0117170006624dd00c
343.8269	2026-09-24T12:37:21.117Z	W0000017600021de8fd
343.8269	2026-09-24T12:37:21.117Z	R0000017600021de8ff
343.8269	2026-09-24T12:37:21.117Z	E000000000000000000
343.8269	2026-09-24T12:37:21.117Z	M000000000000000000
343.8269	2026-09-24T12:37:21.117Z	Fffffffff0000000000
344.5353	2026-09-24T12:37:21.826Z	S0117170006664dd010
344.6691	2026-09-24T12:37:21.959Z	W0000017700021de901
344.6691	2026-09-24T12:37:21.959Z	R0000017700021de8ff
344.6691	2026-09-24T12:37:21.959Z	E000000000000000000
344.6966	2026-09-24T12:37:21.987Z	M000000000000000000
344.6966	2026-09-24T12:37:21.987Z	Fffffffff0000000000
345.3406	2026-09-24T12:37:22.631Z	S01171700066a4dd014
345.5433	2026-09-24T12:37:22.834Z	W0000017800021de8fd
345.5433	2026-09-24T12:37:22.834Z	R0000017800021de8ff
345.5433	2026-09-24T12:37:22.834Z	E000000000000000000
345.5433	2026-09-24T12:37:22.834Z	M000000000000000000
345.5433	2026-09-24T12:37:22.834Z	Fffffffff0000000000
346.1513	2026-09-24T12:37:23.442Z	S01171700066e4dd018
346.3875	2026-09-24T12:37:23.678Z	W0000017900021de901
346.3875	2026-09-24T12:37:23.678Z	R0000017900021de8ff
346.3875	2026-09-24T12:37:23.678Z	E000000000000000000
346.4096	2026-09-24T12:37:23.700Z	M000000000000000000
346.4096	2026-09-24T12:37:23.700Z	Fffffffff0000000000
346.9717	2026-09-24T12:37:24.262Z	S0117170006724dd01c
347.2467	2026-09-24T12:37:24.537Z	W0000017a00021de8fd
347.2467	2026-09-24T12:37:24.537Z	R0000017a00021de8ff
347.2467	2026-09-24T12:37:24.537Z	E000000000000000000
347.2672	2026-09-24T12:37:24.558Z	M000000000000000000
347.2672	2026-09-24T12:37:24.558Z	Fffffffff0000000000
347.7565	2026-09-24T12:37:25.047Z	S0117170006764dd020
348.1181	2026-09-24T12:37:25.408Z	W0000017b00021de901
348.1181	2026-09-24T12:37:25.408Z	R0000017b00021de8ff
348.1181	2026-09-24T12:37:25.408Z	E000000000000000000
348.1181	2026-09-24T12:37:25.408Z	M000000000000000000
348.1181	2026-09-24T12:37:25.408Z	Fffffffff0000000000
348.5693	2026-09-24T12:37:25.860Z	S01171700067a4dd024
348.9837	2026-09-24T12:37:26.274Z	W0000017c00021de8fd
348.9837	2026-09-24T12:37:26.274Z	R0000017c00021de8ff
348.9837	2026-09-24T12:37:26.274Z	E000000000000000000
348.9837	2026-09-24T12:37:26.274Z	M000000000000000000
348.9837	2026-09-24T12:37:26.274Z	Fffffffff0000000000
349.3795	2026-09-24T12:37:26.670Z	S01171700067e4dd028
349.8380	2026-09-24T12:37:27.128Z	W0000017d00021de901
349.8380	2026-09-24T12:37:27.128Z	R0000017d00021de8ff
349.8380	2026-09-24T12:37:27.128Z	E000000000000000000
349.8380	2026-09-24T12:37:27.128Z	M000000000000000000
349.8380	2026-09-24T12:37:27.128Z	Fffffffff0000000000
350.1724	2026-09-24T12:37:27.463Z	S0117170006824dd02c
350.7033	2026-09-24T12:37:27.994Z	W0000017e00021de8fd
350.7033	2026-09-24T12:37:27.994Z	R0000017e00021de8ff
350.7033	2026-09-24T12:37:27.994Z	E000000000000000000
350.7033	2026-09-24T12:37:27.994Z	M000000000000000000
350.7033	2026-09-24T12:37:27.994Z	Fffffffff0000000000
350.9928	2026-09-24T12:37:28.283Z	S0117170006864dd030
351.5428	2026-09-24T12:37:28.833Z	W0000017f00021de901
351.5428	2026-09-24T12:37:28.833Z	R0000017f00021de8ff
351.5428	2026-09-24T12:37:28.833Z	E000000000000000000
351.5635	2026-09-24T12:37:28.854Z	M000000000000000000
351.5635	2026-09-24T12:37:28.854Z	Fffffffff0000000000
351.7831	2026-09-24T12:37:29.074Z	S01171700068a4dd034
352.4052	2026-09-24T12:37:29.696Z	W0000018000021de8fd
352.4052	2026-09-24T12:37:29.696Z	R0000018000021de8ff
352.4052	2026-09-24T12:37:29.696Z	E000000000000000000
352.4343	2026-09-24T12:37:29.725Z	M000000000000000000
352.4343	2026-09-24T12:37:29.725Z	Fffffffff0000000000
352.6017	2026-09-24T12:37:29.892Z	S01171700068e4dd038
353.2612	2026-09-24T12:37:30.552Z	W0000018100021de901
353.2612	2026-09-24T12:37:30.552Z	R0000018100021de8ff
353.2612	2026-09-24T12:37:30.552Z	E000000000000000000
353.2825	2026-09-24T12:37:30.573Z	M000000000000000000
353.2825	2026-09-24T12:37:30.573Z	Fffffffff0000000000
353.4164	2026-09-24T12:37:30.707Z	S0117170006924dd03c
354.1243	2026-09-24T12:37:31.415Z	W0000018200021de8fd
354.1243	2026-09-24T12:37:31.415Z	R0000018200021de8ff
354.1243	2026-09-24T12:37:31.415Z	E000000000000000000
354.1514	2026-09-24T12:37:31.442Z	M000000000000000000
354.1514	2026-09-24T12:37:31.442Z	Fffffffff0000000000
354.2280	2026-09-24T12:37:31.518Z	S0117170006964dd040
354.9949	2026-09-24T12:37:32.285Z	W0000018300021de901
354.9949	2026-09-24T12:37:32.285Z	R0000018300021de8ff
354.9949	2026-09-24T12:37:32.285Z	E000000000000000000
354.9949	2026-09-24T12:37:32.285Z	M000000000000000000
354.9949	2026-09-24T12:37:32.285Z	Fffffffff0000000000
355.0196	2026-09-24T12:37:32.310Z	S01171700069a4dd044
355.8208	2026-09-24T12:37:33.111Z	S01171700069e4dd048
355.8419	2026-09-24T12:37:33.132Z	W0000018400021de8fd
355.8419	2026-09-24T12:37:33.132Z	R0000018400021de8ff
355.8419	2026-09-24T12:37:33.132Z	E000000000000000000
355.8640	2026-09-24T12:37:33.154Z	M000000000000000000
355.8640	2026-09-24T12:37:33.154Z	Fffffffff0000000000
356.6268	2026-09-24T12:37:33.917Z	S0117170006a24dd04c
356.6981	2026-09-24T12:37:33.989Z	W0000018500021de901
356.6981	2026-09-24T12:37:33.989Z	R0000018500021de8ff
356.6981	2026-09-24T12:37:33.989Z	E000000000000000000
356.7256	2026-09-24T12:37:34.016Z	M000000000000000000
356.7256	2026-09-24T12:37:34.016Z	Fffffffff0000000000
357.4202	2026-09-24T12:37:34.711Z	S0117170006a64dd050
357.5588	2026-09-24T12:37:34.849Z	W0000018600021de8fd
357.5588	2026-09-24T12:37:34.849Z	R0000018600021de8ff
357.5588	2026-09-24T12:37:34.849Z	E000000000000000000
357.5872	2026-09-24T12:37:34.878Z	M000000000000000000
357.5872	2026-09-24T12:37:34.878Z	Fffffffff0000000000
358.2256	2026-09-24T12:37:35.516Z	S0117170006aa4dd054
358.4176	2026-09-24T12:37:35.708Z	W0000018700021de901
358.4176	2026-09-24T12:37:35.708Z	R0000018700021de8ff
358.4176	2026-09-24T12:37:35.708Z	E000000000000000000
358.4457	2026-09-24T12:37:35.736Z	M000000000000000000
358.4457	2026-09-24T12:37:35.736Z	Fffffffff0000000000
359.0334	2026-09-24T12:37:36.324Z	S0117170006ae4dd058
359.2937	2026-09-24T12:37:36.584Z	W0000018800021de8fd
359.2937	2026-09-24T12:37:36.584Z	R0000018800021de8ff
359.2937	2026-09-24T12:37:36.584Z	E000000000000000000
359.2937	2026-09-24T12:37:36.584Z	M000000000000000000
359.2937	2026-09-24T12:37:36.584Z	Fffffffff0000000000
359.8423	2026-09-24T12:37:37.133Z	S0117170006b24dd05c
360.1514	2026-09-24T12:37:37.442Z	W0000018900021de901
360.1514	2026-09-24T12:37:37.442Z	R0000018900021de8ff
360.1514	2026-09-24T12:37:37.442Z	E000000000000000000
360.1514	2026-09-24T12:37:37.442Z	M000000000000000000
360.1514	2026-09-24T12:37:37.442Z	Fffffffff0000000000
360.6414	2026-09-24T12:37:37.932Z	S0117170006b64dd060
360.9940	2026-09-24T12:37:38.285Z	W0000018a00021de8fd
360.9940	2026-09-24T12:37:38.285Z	R0000018a00021de8ff
360.9940	2026-09-24T12:37:38.285Z	E000000000000000000
361.0146	2026-09-24T12:37:38.305Z	M000000000000000000
361.0146	2026-09-24T12:37:38.305Z	Fffffffff0000000000
361.4529	2026-09-24T12:37:38.743Z	S0117170006ba4dd064
361.8535	2026-09-24T12:37:39.144Z	W0000018b00021de901
361.8535	2026-09-24T12:37:39.144Z	R0000018b00021de8ff
361.8535	2026-09-24T12:37:39.144Z	E000000000000000000
361.8812	2026-09-24T12:37:39.172Z	M000000000000000000
361.8812	2026-09-24T12:37:39.172Z	Fffffffff0000000000
362.2789	2026-09-24T12:37:39.569Z	S0117170006be4dd068
362.7270	2026-09-24T12:37:40.018Z	W0000018c00021de8fd
362.7270	2026-09-24T12:37:40.018Z	R0000018c00021de8ff
362.7270	2026-09-24T12:37:40.018Z	E000000000000000000
362.7270	2026-09-24T12:37:40.018Z	M000000000000000000
362.7270	2026-09-24T12:37:40.018Z	Fffffffff0000000000
363.0574	2026-09-24T12:37:40.348Z	S0117170006c24dd06c
363.5718	2026-09-24T12:37:40.862Z	W0000018d00021de901
363.5718	2026-09-24T12:37:40.862Z	R0000018d00021de8ff
363.5718	2026-09-24T12:37:40.862Z	E000000000000000000
363.5975	2026-09-24T12:37:40.888Z	M000000000000000000
363.5975	2026-09-24T12:37:40.888Z	Fffffffff0000000000
363.8802	2026-09-24T12:37:41.171Z	S0117170006c64dd070
364.4541	2026-09-24T12:37:41.745Z	W0000018e00021de8fd
364.4541	2026-09-24T12:37:41.745Z	R0000018e00021de8ff
364.4541	2026-09-24T12:37:41.745Z	E000000000000000000
364.4541	2026-09-24T12:37:41.745Z	M000000000000000000
364.4541	2026-09-24T12:37:41.745Z	Fffffffff0000000000
364.6699	2026-09-24T12:37:41.961Z	S0117170006ca4dd074
365.2952	2026-09-24T12:37:42.586Z	W0000018f00021de901
365.2952	2026-09-24T12:37:42.586Z	R0000018f00021de8ff
365.2952	2026-09-24T12:37:42.586Z	E000000000000000000
365.2952	2026-09-24T12:37:42.586Z	M000000000000000000
365.2952	2026-09-24T12:37:42.586Z	Fffffffff0000000000
365.4802	2026-09-24T12:37:42.771Z	S0117170006ce4dd078
366.1558	2026-09-24T12:37:43.446Z	W0000019000021de8fd
366.1558	2026-09-24T12:37:43.446Z	R0000019000021de8ff
366.1558	2026-09-24T12:37:43.446Z	E000000000000000000
366.1558	2026-09-24T12:37:43.446Z	M000000000000000000
366.1558	2026-09-24T12:37:43.446Z	Fffffffff0000000000
366.2794	2026-09-24T12:37:43.570Z	S0117170006d24dd07c
367.0192	2026-09-24T12:37:44.310Z	W0000019100021de901
367.0192	2026-09-24T12:37:44.310Z	R0000019100021de8ff
367.0192	2026-09-24T12:37:44.310Z	E000000000000000000
367.0192	2026-09-24T12:37:44.310Z	M000000000000000000
367.0192	2026-09-24T12:37:44.310Z	Fffffffff0000000000
367.0983	2026-09-24T12:37:44.389Z	S0117170006d64dd080
367.8811	2026-09-24T12:37:45.172Z	W0000019200021de8fd
367.8811	2026-09-24T12:37:45.172Z	R0000019200021de8ff
367.8811	2026-09-24T12:37:45.172Z	E000000000000000000
367.8811	2026-09-24T12:37:45.172Z	M000000000000000000
367.8811	2026-09-24T12:37:45.172Z	Fffffffff0000000000
367.9031	2026-09-24T12:37:45.194Z	S0117170006da4dd084
368.6981	2026-09-24T12:37:45.989Z	S0117170006de4dd088
368.7271	2026-09-24T12:37:46.018Z	W0000019300021de901
368.7271	2026-09-24T12:37:46.018Z	R0000019300021de8ff
368.7271	2026-09-24T12:37:46.018Z	E000000000000000000
368.7479	2026-09-24T12:37:46.039Z	M000000000000000000
368.7479	2026-09-24T12:37:46.039Z	Fffffffff0000000000
369.5082	2026-09-24T12:37:46.799Z	S0117170006e24dd08c
369.6040	2026-09-24T12:37:46.895Z	W0000019400021de8fd
369.6040	2026-09-24T12:37:46.895Z	R0000019400021de8ff
369.6040	2026-09-24T12:37:46.895Z	E000000000000000000
369.6040	2026-09-24T12:37:46.895Z	M000000000000000000
369.6040	2026-09-24T12:37:46.895Z	Fffffffff0000000000
370.3250	2026-09-24T12:37:47.616Z	S0117170006e64dd090
370.4537	2026-09-24T12:37:47.744Z	W0000019500021de901
370.4537	2026-09-24T12:37:47.744Z	R0000019500021de8ff
370.4537	2026-09-24T12:37:47.744Z	E000000000000000000
370.4537	2026-09-24T12:37:47.744Z	M000000000000000000
370.4537	2026-09-24T12:37:47.744Z	Fffffffff0000000000
371.1374	2026-09-24T12:37:48.428Z	S0117170006ea4dd094
371.3072	2026-09-24T12:37:48.598Z	W0000019600021de8fd
371.3072	2026-09-24T12:37:48.598Z	R0000019600021de8ff
371.3072	2026-09-24T12:37:48.598Z	E000000000000000000
371.3321	2026-09-24T12:37:48.623Z	M000000000000000000
371.3321	2026-09-24T12:37:48.623Z	Fffffffff0000000000
371.9184	2026-09-24T12:37:49.209Z	S0117170006ee4dd098
372.1838	2026-09-24T12:37:49.474Z	W0000019700021de901
372.1838	2026-09-24T12:37:49.475Z	R0000019700021de8ff
372.1838	2026-09-24T12:37:49.475Z	E000000000000000000
372.1838	2026-09-24T12:37:49.475Z	M000000000000000000
372.1838	2026-09-24T12:37:49.475Z	Fffffffff0000000000
372.7464	2026-09-24T12:37:50.037Z	S0117170006f24dd09c
373.0332	2026-09-24T12:37:50.324Z	W0000019800021de8fd
373.0332	2026-09-24T12:37:50.324Z	R0000019800021de8ff
373.0332	2026-09-24T12:37:50.324Z	E000000000000000000
373.0332	2026-09-24T12:37:50.324Z	M000000000000000000
373.0332	2026-09-24T12:37:50.324Z	Fffffffff0000000000
373.5504	2026-09-24T12:37:50.841Z	S0117170006f64dd0a0
373.9074	2026-09-24T12:37:51.198Z	W0000019900021de901
373.9074	2026-09-24T12:37:51.198Z	R0000019900021de8ff
373.9074	2026-09-24T12:37:51.198Z	E000000000000000000
373.9074	2026-09-24T12:37:51.198Z	M000000000000000000
373.9074	2026-09-24T12:37:51.198Z	Fffffffff0000000000
374.3573	2026-09-24T12:37:51.648Z	S0117170006fa4dd0a4
374.7609	2026-09-24T12:37:52.052Z	W0000019a00021de8fd
374.7609	2026-09-24T12:37:52.052Z	R0000019a00021de8ff
374.7609	2026-09-24T12:37:52.052Z	E000000000000000000
374.7609	2026-09-24T12:37:52.052Z	M000000000000000000
374.7609	2026-09-24T12:37:52.052Z	Fffffffff0000000000
375.1414	2026-09-24T12:37:52.432Z	S0117170006fe4dd0a8
375.6008	2026-09-24T12:37:52.891Z	W0000019b00021de901
375.6008	2026-09-24T12:37:52.891Z	R0000019b00021de8ff
375.6008	2026-09-24T12:37:52.892Z	E000000000000000000
375.6284	2026-09-24T12:37:52.919Z	M000000000000000000
375.6284	2026-09-24T12:37:52.919Z	Fffffffff0000000000
375.9621	2026-09-24T12:37:53.253Z	S0117170007024dd0ac
376.4687	2026-09-24T12:37:53.759Z	W0000019c00021de8fd
376.4687	2026-09-24T12:37:53.759Z	R0000019c00021de8ff
376.4687	2026-09-24T12:37:53.759Z	E000000000000000000
376.4687	2026-09-24T12:37:53.759Z	M000000000000000000
376.4687	2026-09-24T12:37:53.759Z	Fffffffff0000000000
376.7506	2026-09-24T12:37:54.041Z	S0117170007064dd0b0
377.3295	2026-09-24T12:37:54.620Z	W0000019d00021de901
377.3295	2026-09-24T12:37:54.620Z	R0000019d00021de8ff
377.3295	2026-09-24T12:37:54.620Z	E000000000000000000
377.3295	2026-09-24T12:37:54.620Z	M000000000000000000
377.3295	2026-09-24T12:37:54.620Z	Fffffffff0000000000
377.5559	2026-09-24T12:37:54.847Z	S01171700070a4dd0b4
378.1932	2026-09-24T12:37:55.484Z	W0000019e00021de8fd
378.1932	2026-09-24T12:37:55.484Z	R0000019e00021de8ff
378.1932	2026-09-24T12:37:55.484Z	E000000000000000000
378.1932	2026-09-24T12:37:55.484Z	M000000000000000000
378.1932	2026-09-24T12:37:55.484Z	Fffffffff0000000000
378.3583	2026-09-24T12:37:55.649Z	S01171700070e4dd0b8
379.0427	2026-09-24T12:37:56.333Z	W0000019f00021de901
379.0427	2026-09-24T12:37:56.333Z	R0000019f00021de8ff
379.0427	2026-09-24T12:37:56.333Z	E000000000000000000
379.0427	2026-09-24T12:37:56.333Z	M000000000000000000
379.0427	2026-09-24T12:37:56.333Z	Fffffffff0000000000
379.1664	2026-09-24T12:37:56.457Z	S0117170007124dd0bc
379.8968	2026-09-24T12:37:57.188Z	W000001a000021de8fd
379.8968	2026-09-24T12:37:57.188Z	R000001a000021de8ff
379.8968	2026-09-24T12:37:57.188Z	E000000000000000000
379.9221	2026-09-24T12:37:57.213Z	M000000000000000000
379.9221	2026-09-24T12:37:57.213Z	Fffffffff0000000000
379.9689	2026-09-24T12:37:57.260Z	S0117170007164dd0c0
380.7585	2026-09-24T12:37:58.049Z	W000001a100021de901
380.7585	2026-09-24T12:37:58.049Z	R000001a100021de8ff
380.7585	2026-09-24T12:37:58.049Z	E000000000000000000
380.7808	2026-09-24T12:37:58.072Z	M000000000000000000
380.7808	2026-09-24T12:37:58.072Z	Fffffffff0000000000
380.7808	2026-09-24T12:37:58.072Z	S01171700071a4dd0c4
381.6068	2026-09-24T12:37:58.898Z	S01171700071e4dd0c8
381.6281	2026-09-24T12:37:58.919Z	W000001a200021de8fd
381.6281	2026-09-24T12:37:58.919Z	R000001a200021de8ff
381.6281	2026-09-24T12:37:58.919Z	E000000000000000000
381.6281	2026-09-24T12:37:58.919Z	M000000000000000000
381.6281	2026-09-24T12:37:58.919Z	Fffffffff0000000000
382.3903	2026-09-24T12:37:59.681Z	S0117170007224dd0cc
382.4958	2026-09-24T12:37:59.787Z	W000001a300021de901
382.4958	2026-09-24T12:37:59.787Z	R000001a300021de8ff
382.4958	2026-09-24T12:37:59.787Z	E000000000000000000
382.4958	2026-09-24T12:37:59.787Z	M000000000000000000
382.4958	2026-09-24T12:37:59.787Z	Fffffffff0000000000
383.2001	2026-09-24T12:38:00.491Z	S0117170007264dd0d0
383.3553	2026-09-24T12:38:00.646Z	W000001a400021de8fd
383.3553	2026-09-24T12:38:00.646Z	R000001a400021de8ff
383.3553	2026-09-24T12:38:00.646Z	E000000000000000000
383.3553	2026-09-24T12:38:00.646Z	M000000000000000000
383.3553	2026-09-24T12:38:00.646Z	Fffffffff0000000000
383.9956	2026-09-24T12:38:01.286Z	S01171700072a4dd0d4
384.1929	2026-09-24T12:38:01.484Z	W000001a500021de901
384.1929	2026-09-24T12:38:01.484Z	R000001a500021de8ff
384.1929	2026-09-24T12:38:01.484Z	E000000000000000000
384.2206	2026-09-24T12:38:01.511Z	M000000000000000000
384.2206	2026-09-24T12:38:01.511Z	Fffffffff0000000000
384.8171	2026-09-24T12:38:02.108Z	S01171700072e4dd0d8
385.0758	2026-09-24T12:38:02.367Z	W000001a600021de8fd
385.0758	2026-09-24T12:38:02.367Z	R000001a600021de8ff
385.0758	2026-09-24T12:38:02.367Z	E000000000000000000
385.0758	2026-09-24T12:38:02.367Z	M000000000000000000
385.0758	2026-09-24T12:38:02.367Z	Fffffffff0000000000
385.6061	2026-09-24T12:38:02.897Z	S0117170007324dd0dc
385.9113	2026-09-24T12:38:03.202Z	W000001a700021de901
385.9113	2026-09-24T12:38:03.202Z	R000001a700021de8ff
385.9113	2026-09-24T12:38:03.202Z	E000000000000000000
385.9324	2026-09-24T12:38:03.223Z	M000000000000000000
385.9324	2026-09-24T12:38:03.223Z	Fffffffff0000000000
386.4115	2026-09-24T12:38:03.702Z	S0117170007364dd0e0
386.7747	2026-09-24T12:38:04.066Z	W000001a800021de8fd
386.7747	2026-09-24T12:38:04.066Z	R000001a800021de8ff
386.7747	2026-09-24T12:38:04.066Z	E000000000000000000
386.8018	2026-09-24T12:38:04.093Z	M000000000000000000
386.8018	2026-09-24T12:38:04.093Z	Fffffffff0000000000
387.2198	2026-09-24T12:38:04.511Z	S01171700073a4dd0e4
387.6297	2026-09-24T12:38:04.921Z	W000001a900021de901
387.6297	2026-09-24T12:38:04.921Z	R000001a900021de8ff
387.6297	2026-09-24T12:38:04.921Z	E000000000000000000
387.6574	2026-09-24T12:38:04.948Z	M000000000000000000
387.6574	2026-09-24T12:38:04.948Z	Fffffffff0000000000
388.0220	2026-09-24T12:38:05.313Z	S01171700073e4dd0e8
388.4889	2026-09-24T12:38:05.780Z	W000001aa00021de8fd
388.4889	2026-09-24T12:38:05.780Z	R000001aa00021de8ff
388.4889	2026-09-24T12:38:05.780Z	E000000000000000000
388.5092	2026-09-24T12:38:05.800Z	M000000000000000000
388.5092	2026-09-24T12:38:05.800Z	Fffffffff0000000000
388.8455	2026-09-24T12:38:06.136Z	S0117170007424dd0ec
389.3487	2026-09-24T12:38:06.640Z	W000001ab00021de901
389.3487	2026-09-24T12:38:06.640Z	R000001ab00021de8ff
389.3487	2026-09-24T12:38:06.640Z	E000000000000000000
389.3709	2026-09-24T12:38:06.662Z	M000000000000000000
389.3709	2026-09-24T12:38:06.662Z	Fffffffff0000000000
389.6517	2026-09-24T12:38:06.943Z	S0117170007464dd0f0
390.2179	2026-09-24T12:38:07.509Z	W000001ac00021de8fd
390.2179	2026-09-24T12:38:07.509Z	R000001ac00021de8ff
390.2179	2026-09-24T12:38:07.509Z	E000000000000000000
390.2179	2026-09-24T12:38:07.509Z	M000000000000000000
390.2179	2026-09-24T12:38:07.509Z	Fffffffff0000000000
390.4417	2026-09-24T12:38:07.733Z	S01171700074a4dd0f4
391.0897	2026-09-24T12:38:08.381Z	W000001ad00021de901
391.0897	2026-09-24T12:38:08.381Z	R000001ad00021de8ff
391.0897	2026-09-24T12:38:08.381Z	E000000000000000000
391.0897	2026-09-24T12:38:08.381Z	M000000000000000000
391.0897	2026-09-24T12:38:08.381Z	Fffffffff0000000000
391.2459	2026-09-24T12:38:08.537Z	S01171700074e4dd0f8
391.9258	2026-09-24T12:38:09.217Z	W000001ae00021de8fd
391.9258	2026-09-24T12:38:09.217Z	R000001ae00021de8ff
391.9258	2026-09-24T12:38:09.217Z	E000000000000000000
391.9488	2026-09-24T12:38:09.240Z	M000000000000000000
391.9488	2026-09-24T12:38:09.240Z	Fffffffff0000000000
392.0499	2026-09-24T12:38:09.341Z	S0117170007524dd0fc
392.7966	2026-09-24T12:38:10.087Z	W000001af00021de901
392.7966	2026-09-24T12:38:10.088Z	R000001af00021de8ff
392.7966	2026-09-24T12:38:10.088Z	E000000000000000000
392.7966	2026-09-24T12:38:10.088Z	M000000000000000000
392.7966	2026-09-24T12:38:10.088Z	Fffffffff0000000000
392.8721	2026-09-24T12:38:10.163Z	S0117170007564dd100
393.6443	2026-09-24T12:38:10.935Z	W000001b000021de8fd
393.6443	2026-09-24T12:38:10.935Z	R000001b000021de8ff
393.6443	2026-09-24T12:38:10.935Z	E000000000000000000
393.6648	2026-09-24T12:38:10.956Z	M000000000000000000
393.6648	2026-09-24T12:38:10.956Z	Fffffffff0000000000
393.6648	2026-09-24T12:38:10.956Z	S01171700075a4dd104
394.4645	2026-09-24T12:38:11.755Z	S01171700075e4dd108
394.5154	2026-09-24T12:38:11.806Z	W000001b100021de901
394.5154	2026-09-24T12:38:11.806Z	R000001b100021de8ff
394.5154	2026-09-24T12:38:11.806Z	E000000000000000000
394.5154	2026-09-24T12:38:11.806Z	M000000000000000000
394.5154	2026-09-24T12:38:11.806Z	Fffffffff0000000000
395.2914	2026-09-24T12:38:12.582Z	S0117170007624dd10c
395.3626	2026-09-24T12:38:12.654Z	W000001b200021de8fd
395.3626	2026-09-24T12:38:12.654Z	R000001b200021de8ff
395.3626	2026-09-24T12:38:12.654Z	E000000000000000000
395.3902	2026-09-24T12:38:12.681Z	M000000000000000000
395.3902	2026-09-24T12:38:12.681Z	Fffffffff0000000000
396.0812	2026-09-24T12:38:13.372Z	S0117170007664dd110
396.2268	2026-09-24T12:38:13.518Z	W000001b300021de901
396.2268	2026-09-24T12:38:13.518Z	R000001b300021de8ff
396.2268	2026-09-24T12:38:13.518Z	E000000000000000000
396.2268	2026-09-24T12:38:13.518Z	M000000000000000000
396.2268	2026-09-24T12:38:13.518Z	Fffffffff0000000000
396.8891	2026-09-24T12:38:14.180Z	S01171700076a4dd114
397.1042	2026-09-24T12:38:14.395Z	W000001b400021de8fd
397.1042	2026-09-24T12:38:14.395Z	R000001b400021de8ff
397.1042	2026-09-24T12:38:14.395Z	E000000000000000000
397.1042	2026-09-24T12:38:14.395Z	M000000000000000000
397.1042	2026-09-24T12:38:14.395Z	Fffffffff0000000000
397.6857	2026-09-24T12:38:14.977Z	S01171700076e4dd118
397.9505	2026-09-24T12:38:15.241Z	W000001b500021de901
397.9505	2026-09-24T12:38:15.241Z	R000001b500021de8ff
397.9505	2026-09-24T12:38:15.241Z	E000000000000000000
397.9505	2026-09-24T12:38:15.242Z	M000000000000000000
397.9505	2026-09-24T12:38:15.242Z	Fffffffff0000000000
398.4995	2026-09-24T12:38:15.790Z	S0117170007724dd11c
398.8037	2026-09-24T12:38:16.095Z	W000001b600021de8fd
398.8037	2026-09-24T12:38:16.095Z	R000001b600021de8ff
398.8037	2026-09-24T12:38:16.095Z	E000000000000000000
398.8333	2026-09-24T12:38:16.124Z	M000000000000000000
398.8333	2026-09-24T12:38:16.124Z	Fffffffff0000000000
399.2964	2026-09-24T12:38:16.587Z	S0117170007764dd120
399.6586	2026-09-24T12:38:16.950Z	W000001b700021de901
399.6586	2026-09-24T12:38:16.950Z	R000001b700021de8ff
399.6586	2026-09-24T12:38:16.950Z	E000000000000000000
399.6792	2026-09-24T12:38:16.970Z	M000000000000000000
399.6792	2026-09-24T12:38:16.970Z	Fffffffff0000000000
400.1258	2026-09-24T12:38:17.417Z	S01171700077a4dd124
400.5266	2026-09-24T12:38:17.818Z	W000001b800021de8fd
400.5266	2026-09-24T12:38:17.818Z	R000001b800021de8ff
400.5266	2026-09-24T12:38:17.818Z	E000000000000000000
400.5266	2026-09-24T12:38:17.818Z	M000000000000000000
400.5266	2026-09-24T12:38:17.818Z	Fffffffff0000000000
400.9071	2026-09-24T12:38:18.198Z	S01171700077e4dd128
401.3771	2026-09-24T12:38:18.668Z	W000001b900021de901
401.3771	2026-09-24T12:38:18.668Z	R000001b900021de8ff
401.3771	2026-09-24T12:38:18.668Z	E000000000000000000
401.3978	2026-09-24T12:38:18.689Z	M000000000000000000
401.3978	2026-09-24T12:38:18.689Z	Fffffffff0000000000
401.7288	2026-09-24T12:38:19.020Z	S0117170007824dd12c
402.2486	2026-09-24T12:38:19.540Z	W000001ba00021de8fd
402.2486	2026-09-24T12:38:19.540Z	R000001ba00021de8ff
402.2486	2026-09-24T12:38:19.540Z	E000000000000000000
402.2486	2026-09-24T12:38:19.540Z	M000000000000000000
402.2486	2026-09-24T12:38:19.540Z	Fffffffff0000000000
402.5244	2026-09-24T12:38:19.815Z	S0117170007864dd130
403.1117	2026-09-24T12:38:20.403Z	W000001bb00021de901
403.1117	2026-09-24T12:38:20.403Z	R000001bb00021de8ff
403.1117	2026-09-24T12:38:20.403Z	E000000000000000000
403.1117	2026-09-24T12:38:20.403Z	M000000000000000000
403.1117	2026-09-24T12:38:20.403Z	Fffffffff0000000000
403.3486	2026-09-24T12:38:20.640Z	S01171700078a4dd134
403.9548	2026-09-24T12:38:21.246Z	W000001bc00021de8fd
403.9548	2026-09-24T12:38:21.246Z	R000001bc00021de8ff
403.9548	2026-09-24T12:38:21.246Z	E000000000000000000
403.9768	2026-09-24T12:38:21.268Z	M000000000000000000
403.9768	2026-09-24T12:38:21.268Z	Fffffffff0000000000
404.1283	2026-09-24T12:38:21.419Z	S01171700078e4dd138
404.8189	2026-09-24T12:38:22.110Z	W000001bd00021de901
404.8189	2026-09-24T12:38:22.110Z	R000001bd00021de8ff
404.8189	2026-09-24T12:38:22.110Z	E000000000000000000
404.8189	2026-09-24T12:38:22.110Z	M000000000000000000
404.8189	2026-09-24T12:38:22.110Z	Fffffffff0000000000
404.9470	2026-09-24T12:38:22.238Z	S0117170007924dd13c
405.6767	2026-09-24T12:38:22.968Z	W000001be00021de8fd
405.6767	2026-09-24T12:38:22.968Z	R000001be00021de8ff
405.6767	2026-09-24T12:38:22.968Z	E000000000000000000
405.7046	2026-09-24T12:38:22.996Z	M000000000000000000
405.7046	2026-09-24T12:38:22.996Z	Fffffffff0000000000
405.7617	2026-09-24T12:38:23.053Z	S0117170007964dd140
406.5428	2026-09-24T12:38:23.834Z	W000001bf00021de901
406.5428	2026-09-24T12:38:23.834Z	R000001bf00021de8ff
406.5428	2026-09-24T12:38:23.834Z	E000000000000000000
406.5428	2026-09-24T12:38:23.834Z	M000000000000000000
406.5428	2026-09-24T12:38:23.834Z	Fffffffff0000000000
406.5698	2026-09-24T12:38:23.861Z	S01171700079a4dd144
407.3586	2026-09-24T12:38:24.650Z	S01171700079e4dd148
407.4121	2026-09-24T12:38:24.703Z	W000001c000021de8fd
407.4121	2026-09-24T12:38:24.703Z	R000001c000021de8ff
407.4121	2026-09-24T12:38:24.703Z	E000000000000000000
407.4121	2026-09-24T12:38:24.703Z	M000000000000000000
407.4121	2026-09-24T12:38:24.703Z	Fffffffff0000000000
408.1552	2026-09-24T12:38:25.446Z	S0117170007a24dd14c
408.2729	2026-09-24T12:38:25.564Z	W000001c100021de901
408.2729	2026-09-24T12:38:25.564Z	R000001c100021de8ff
408.2729	2026-09-24T12:38:25.564Z	E000000000000000000
408.2729	2026-09-24T12:38:25.564Z	M000000000000000000
408.2729	2026-09-24T12:38:25.564Z	Fffffffff0000000000
408.9694	2026-09-24T12:38:26.260Z	S0117170007a64dd150
409.1100	2026-09-24T12:38:26.401Z	W000001c200021de8fd
409.1100	2026-09-24T12:38:26.401Z	R000001c200021de8ff
409.1100	2026-09-24T12:38:26.401Z	E000000000000000000
409.1335	2026-09-24T12:38:26.424Z	M000000000000000000
409.1335	2026-09-24T12:38:26.425Z	Fffffffff0000000000
409.7863	2026-09-24T12:38:27.077Z	S0117170007aa4dd154
409.9693	2026-09-24T12:38:27.260Z	W000001c300021de901
409.9693	2026-09-24T12:38:27.260Z	R000001c300021de8ff
409.9693	2026-09-24T12:38:27.260Z	E000000000000000000
409.9941	2026-09-24T12:38:27.285Z	M000000000000000000
409.9941	2026-09-24T12:38:27.285Z	Fffffffff0000000000
410.5748	2026-09-24T12:38:27.866Z	S0117170007ae4dd158
410.8351	2026-09-24T12:38:28.126Z	W000001c400021de8fd
410.8351	2026-09-24T12:38:28.126Z	R000001c400021de8ff
410.8351	2026-09-24T12:38:28.126Z	E000000000000000000
410.8351	2026-09-24T12:38:28.126Z	M000000000000000000
410.8351	2026-09-24T12:38:28.126Z	Fffffffff0000000000
411.3957	2026-09-24T12:38:28.687Z	S0117170007b24dd15c
411.7121	2026-09-24T12:38:29.003Z	W000001c500021de901
411.7121	2026-09-24T12:38:29.003Z	R000001c500021de8ff
411.7121	2026-09-24T12:38:29.003Z	E000000000000000000
411.7121	2026-09-24T12:38:29.003Z	M000000000000000000
411.7121	2026-09-24T12:38:29.003Z	Fffffffff0000000000
412.2049	2026-09-24T12:38:29.496Z	S0117170007b64dd160
412.5624	2026-09-24T12:38:29.854Z	W000001c600021de8fd
412.5624	2026-09-24T12:38:29.854Z	R000001c600021de8ff
412.5624	2026-09-24T12:38:29.854Z	E000000000000000000
412.5624	2026-09-24T12:38:29.854Z	M000000000000000000
412.5624	2026-09-24T12:38:29.854Z	Fffffffff0000000000
413.0122	2026-09-24T12:38:30.303Z	S0117170007ba4dd164
413.4203	2026-09-24T12:38:30.711Z	W000001c700021de901
413.4203	2026-09-24T12:38:30.711Z	R000001c700021de8ff
413.4203	2026-09-24T12:38:30.711Z	E000000000000000000
413.4203	2026-09-24T12:38:30.711Z	M000000000000000000
413.4203	2026-09-24T12:38:30.711Z	Fffffffff0000000000
413.7921	2026-09-24T12:38:31.083Z	S0117170007be4dd168
414.2847	2026-09-24T12:38:31.576Z	W000001c800021de8fd
414.2847	2026-09-24T12:38:31.576Z	R000001c800021de8ff
414.2847	2026-09-24T12:38:31.576Z	E000000000000000000
414.2847	2026-09-24T12:38:31.576Z	M000000000000000000
414.2847	2026-09-24T12:38:31.576Z	Fffffffff0000000000
414.5972	2026-09-24T12:38:31.888Z	S0117170007c24dd16c
415.1320	2026-09-24T12:38:32.423Z	W000001c900021de901
415.1320	2026-09-24T12:38:32.423Z	R000001c900021de8ff
415.1320	2026-09-24T12:38:32.423Z	E000000000000000000
415.1320	2026-09-24T12:38:32.423Z	M000000000000000000
415.1320	2026-09-24T12:38:32.423Z	Fffffffff0000000000
415.4025	2026-09-24T12:38:32.694Z	S0117170007c64dd170
415.9909	2026-09-24T12:38:33.282Z	W000001ca00021de8fd
415.9909	2026-09-24T12:38:33.282Z	R000001ca00021de8ff
415.9909	2026-09-24T12:38:33.282Z	E000000000000000000
415.9909	2026-09-24T12:38:33.282Z	M000000000000000000
415.9909	2026-09-24T12:38:33.282Z	Fffffffff0000000000
416.2160	2026-09-24T12:38:33.507Z	S0117170007ca4dd174
416.8429	2026-09-24T12:38:34.134Z	W000001cb00021de901
416.8429	2026-09-24T12:38:34.134Z	R000001cb00021de8ff
416.8429	2026-09-24T12:38:34.134Z	E000000000000000000
416.8638	2026-09-24T12:38:34.155Z	M000000000000000000
416.8638	2026-09-24T12:38:34.155Z	Fffffffff0000000000
417.0349	2026-09-24T12:38:34.326Z	S0117170007ce4dd178
417.7263	2026-09-24T12:38:35.017Z	W000001cc00021de8fd
417.7263	2026-09-24T12:38:35.017Z	R000001cc00021de8ff
417.7263	2026-09-24T12:38:35.017Z	E000000000000000000
417.7263	2026-09-24T12:38:35.017Z	M000000000000000000
417.7263	2026-09-24T12:38:35.017Z	Fffffffff0000000000
417.8393	2026-09-24T12:38:35.130Z	S0117170007d24dd17c
418.5652	2026-09-24T12:38:35.856Z	W000001cd00021de901
418.5652	2026-09-24T12:38:35.856Z	R000001cd00021de8ff
418.5652	2026-09-24T12:38:35.856Z	E000000000000000000
418.5917	2026-09-24T12:38:35.883Z	M000000000000000000
418.5917	2026-09-24T12:38:35.883Z	Fffffffff0000000000
418.6507	2026-09-24T12:38:35.942Z	S0117170007d64dd180
419.4276	2026-09-24T12:38:36.719Z	W000001ce00021de8fd
419.4276	2026-09-24T12:38:36.719Z	R000001ce00021de8ff
419.4276	2026-09-24T12:38:36.719Z	E000000000000000000
419.4477	2026-09-24T12:38:36.739Z	M000000000000000000
419.4477	2026-09-24T12:38:36.739Z	Fffffffff0000000000
419.4477	2026-09-24T12:38:36.739Z	S0117170007da4dd184
420.2517	2026-09-24T12:38:37.543Z	S0117170007de4dd188
420.2984	2026-09-24T12:38:37.589Z	W000001cf00021de901
420.2984	2026-09-24T12:38:37.590Z	R000001cf00021de8ff
420.2984	2026-09-24T12:38:37.590Z	E000000000000000000
420.2984	2026-09-24T12:38:37.590Z	M000000000000000000
420.2984	2026-09-24T12:38:37.590Z	Fffffffff0000000000
421.0437	2026-09-24T12:38:38.335Z	S0117170007e24dd18c
421.1587	2026-09-24T12:38:38.450Z	W000001d000021de8fd
421.1587	2026-09-24T12:38:38.450Z	R000001d000021de8ff
421.1587	2026-09-24T12:38:38.450Z	E000000000000000000
421.1587	2026-09-24T12:38:38.450Z	M000000000000000000
421.1587	2026-09-24T12:38:38.450Z	Fffffffff0000000000
421.8590	2026-09-24T12:38:39.150Z	S0117170007e64dd190
422.0100	2026-09-24T12:38:39.301Z	W000001d100021de901
422.0100	2026-09-24T12:38:39.301Z	R000001d100021de8ff
422.0100	2026-09-24T12:38:39.301Z	E000000000000000000
422.0100	2026-09-24T12:38:39.301Z	M000000000000000000
422.0100	2026-09-24T12:38:39.301Z	Fffffffff0000000000
422.6599	2026-09-24T12:38:39.951Z	S0117170007ea4dd194
422.8574	2026-09-24T12:38:40.149Z	W000001d200021de8fd
422.8574	2026-09-24T12:38:40.149Z	R000001d200021de8ff
422.8574	2026-09-24T12:38:40.149Z	E000000000000000000
422.8850	2026-09-24T12:38:40.176Z	M000000000000000000
422.8850	2026-09-24T12:38:40.176Z	Fffffffff0000000000
423.4781	2026-09-24T12:38:40.769Z	S0117170007ee4dd198
423.7339	2026-09-24T12:38:41.025Z	W000001d300021de901
423.7339	2026-09-24T12:38:41.025Z	R000001d300021de8ff
423.7339	2026-09-24T12:38:41.025Z	E000000000000000000
423.7339	2026-09-24T12:38:41.025Z	M000000000000000000
423.7339	2026-09-24T12:38:41.025Z	Fffffffff0000000000
424.2740	2026-09-24T12:38:41.565Z	S0117170007f24dd19c
424.5757	2026-09-24T12:38:41.867Z	W000001d400021de8fd
424.5757	2026-09-24T12:38:41.867Z	R000001d400021de8ff
424.5757	2026-09-24T12:38:41.867Z	E000000000000000000
424.6032	2026-09-24T12:38:41.894Z	M000000000000000000
424.6032	2026-09-24T12:38:41.894Z	Fffffffff0000000000
425.0762	2026-09-24T12:38:42.367Z	S0117170007f64dd1a0
425.4350	2026-09-24T12:38:42.726Z	W000001d500021de901
425.4350	2026-09-24T12:38:42.726Z	R000001d500021de8ff
425.4350	2026-09-24T12:38:42.726Z	E000000000000000000
425.4588	2026-09-24T12:38:42.750Z	M000000000000000000
425.4588	2026-09-24T12:38:42.750Z	Fffffffff0000000000
425.8892	2026-09-24T12:38:43.180Z	S0117170007fa4dd1a4
426.2942	2026-09-24T12:38:43.585Z	W000001d600021de8fd
426.2942	2026-09-24T12:38:43.585Z	R000001d600021de8ff
426.2942	2026-09-24T12:38:43.585Z	E000000000000000000
426.3217	2026-09-24T12:38:43.613Z	M000000000000000000
426.3217	2026-09-24T12:38:43.613Z	Fffffffff0000000000
426.6839	2026-09-24T12:38:43.975Z	S0117170007fe4dd1a8
427.1655	2026-09-24T12:38:44.457Z	W000001d700021de901
427.1655	2026-09-24T12:38:44.457Z	R000001d700021de8ff
427.1655	2026-09-24T12:38:44.457Z	E000000000000000000
427.1655	2026-09-24T12:38:44.457Z	M000000000000000000
427.1655	2026-09-24T12:38:44.457Z	Fffffffff0000000000
427.5071	2026-09-24T12:38:44.798Z	S0117170008024dd1ac
428.0219	2026-09-24T12:38:45.313Z	W000001d800021de8fd
428.0219	2026-09-24T12:38:45.313Z	R000001d800021de8ff
428.0219	2026-09-24T12:38:45.313Z	E000000000000000000
428.0219	2026-09-24T12:38:45.313Z	M000000000000000000
428.0219	2026-09-24T12:38:45.313Z	Fffffffff0000000000
428.2875	2026-09-24T12:38:45.579Z	S0117170008064dd1b0
428.8946	2026-09-24T12:38:46.186Z	W000001d900021de901
428.8946	2026-09-24T12:38:46.186Z	R000001d900021de8ff
428.8946	2026-09-24T12:38:46.186Z	E000000000000000000
428.8946	2026-09-24T12:38:46.186Z	M000000000000000000
428.8946	2026-09-24T12:38:46.186Z	Fffffffff0000000000
429.1224	2026-09-24T12:38:46.414Z	S01171700080a4dd1b4
429.7311	2026-09-24T12:38:47.022Z	W000001da00021de8fd
429.7311	2026-09-24T12:38:47.022Z	R000001da00021de8ff
429.7311	2026-09-24T12:38:47.022Z	E000000000000000000
429.7559	2026-09-24T12:38:47.047Z	M000000000000000000
429.7559	2026-09-24T12:38:47.047Z	Fffffffff0000000000
429.9021	2026-09-24T12:38:47.193Z	S01171700080e4dd1b8
430.5903	2026-09-24T12:38:47.882Z	W000001db00021de901
430.5903	2026-09-24T12:38:47.882Z	R000001db00021de8ff
430.5903	2026-09-24T12:38:47.882Z	E000000000000000000
430.6179	2026-09-24T12:38:47.909Z	M000000000000000000
430.6179	2026-09-24T12:38:47.909Z	Fffffffff0000000000
430.7035	2026-09-24T12:38:47.995Z	S0117170008124dd1bc
431.4495	2026-09-24T12:38:48.741Z	W000001dc00021de8fd
431.4495	2026-09-24T12:38:48.741Z	R000001dc00021de8ff
431.4495	2026-09-24T12:38:48.741Z	E000000000000000000
431.4741	2026-09-24T12:38:48.765Z	M000000000000000000
431.4741	2026-09-24T12:38:48.765Z	Fffffffff0000000000
431.5317	2026-09-24T12:38:48.823Z	S0117170008164dd1c0
432.3153	2026-09-24T12:38:49.607Z	W000001dd00021de901
432.3153	2026-09-24T12:38:49.607Z	R000001dd00021de8ff
432.3153	2026-09-24T12:38:49.607Z	E000000000000000000
432.3153	2026-09-24T12:38:49.607Z	M000000000000000000
432.3153	2026-09-24T12:38:49.607Z	Fffffffff0000000000
432.3153	2026-09-24T12:38:49.607Z	S01171700081a4dd1c4
433.1207	2026-09-24T12:38:50.412Z	S01171700081e4f74ba
433.1721	2026-09-24T12:38:50.463Z	W000001de00021de8fd
433.1721	2026-09-24T12:38:50.463Z	R000001de00021de8ff
433.1721	2026-09-24T12:38:50.463Z	E000000000000000000
433.2018	2026-09-24T12:38:50.493Z	M000000000000000000
433.2018	2026-09-24T12:38:50.493Z	Fffffffff0000000000
433.9496	2026-09-24T12:38:51.241Z	S0117170008224f74be
434.0272	2026-09-24T12:38:51.318Z	W000001df00021de901
434.0272	2026-09-24T12:38:51.318Z	R000001df00021de8ff
434.0272	2026-09-24T12:38:51.318Z	E000000000000000000
434.0547	2026-09-24T12:38:51.346Z	M000000000000000000
434.0547	2026-09-24T12:38:51.346Z	Fffffffff0000000000
434.7397	2026-09-24T12:38:52.031Z	S0117170008264f74c2
434.8863	2026-09-24T12:38:52.178Z	W000001e000021de8fd
434.8863	2026-09-24T12:38:52.178Z	R000001e000021de8ff
434.8863	2026-09-24T12:38:52.178Z	E000000000000000000
434.9097	2026-09-24T12:38:52.201Z	M000000000000000000
434.9097	2026-09-24T12:38:52.201Z	Fffffffff0000000000
435.5612	2026-09-24T12:38:52.852Z	S01171700082a4f74c6
435.7455	2026-09-24T12:38:53.037Z	W000001e100021de901
435.7455	2026-09-24T12:38:53.037Z	R000001e100021de8ff
435.7455	2026-09-24T12:38:53.037Z	E000000000000000000
435.7731	2026-09-24T12:38:53.064Z	M000000000000000000
435.7731	2026-09-24T12:38:53.064Z	Fffffffff0000000000
436.3607	2026-09-24T12:38:53.652Z	S01171700082e4f74ca
436.6071	2026-09-24T12:38:53.898Z	W000001e200021de8fd
436.6071	2026-09-24T12:38:53.898Z	R000001e200021de8ff
436.6071	2026-09-24T12:38:53.898Z	E000000000000000000
436.6359	2026-09-24T12:38:53.927Z	M000000000000000000
436.6359	2026-09-24T12:38:53.927Z	Fffffffff0000000000
437.1531	2026-09-24T12:38:54.444Z	S0117170008324f74ce
437.4640	2026-09-24T12:38:54.755Z	W000001e300021de901
437.4640	2026-09-24T12:38:54.755Z	R000001e300021de8ff
437.4640	2026-09-24T12:38:54.755Z	E000000000000000000
437.4915	2026-09-24T12:38:54.783Z	M000000000000000000
437.4915	2026-09-24T12:38:54.783Z	Fffffffff0000000000
437.9790	2026-09-24T12:38:55.270Z	S0117170008364f74d2
438.3232	2026-09-24T12:38:55.615Z	W000001e400021de8fd
438.3232	2026-09-24T12:38:55.615Z	R000001e400021de8ff
438.3232	2026-09-24T12:38:55.615Z	E000000000000000000
438.3441	2026-09-24T12:38:55.635Z	M000000000000000000
438.3441	2026-09-24T12:38:55.635Z	Fffffffff0000000000
438.7579	2026-09-24T12:38:56.049Z	S01171700083a4f74d6
439.1824	2026-09-24T12:38:56.474Z	W000001e500021de901
439.1824	2026-09-24T12:38:56.474Z	R000001e500021de8ff
439.1824	2026-09-24T12:38:56.474Z	E000000000000000000
439.2100	2026-09-24T12:38:56.501Z	M000000000000000000
439.2100	2026-09-24T12:38:56.501Z	Fffffffff0000000000
439.5878	2026-09-24T12:38:56.879Z	S01171700083e4f74da
440.0483	2026-09-24T12:38:57.340Z	W000001e600021de8fd
440.0483	2026-09-24T12:38:57.340Z	R000001e600021de8ff
440.0483	2026-09-24T12:38:57.340Z	E000000000000000000
440.0483	2026-09-24T12:38:57.340Z	M000000000000000000
440.0483	2026-09-24T12:38:57.340Z	Fffffffff0000000000
440.3732	2026-09-24T12:38:57.665Z	S0117170008424f74de
440.9149	2026-09-24T12:38:58.206Z	W000001e700021de901
440.9149	2026-09-24T12:38:58.206Z	R000001e700021de8ff
440.9149	2026-09-24T12:38:58.206Z	E000000000000000000
440.9149	2026-09-24T12:38:58.206Z	M000000000000000000
440.9149	2026-09-24T12:38:58.206Z	Fffffffff0000000000
441.1738	2026-09-24T12:38:58.465Z	S0117170008464f74e2
441.7825	2026-09-24T12:38:59.074Z	W000001e800021de8fd
441.7825	2026-09-24T12:38:59.074Z	R000001e800021de8ff
441.7825	2026-09-24T12:38:59.074Z	E000000000000000000
441.7825	2026-09-24T12:38:59.074Z	M000000000000000000
441.7825	2026-09-24T12:38:59.074Z	Fffffffff0000000000
441.9791	2026-09-24T12:38:59.270Z	S01171700084a4f74e6
442.6194	2026-09-24T12:38:59.911Z	W000001e900021de901
442.6194	2026-09-24T12:38:59.911Z	R000001e900021de8ff
442.6194	2026-09-24T12:38:59.911Z	E000000000000000000
442.6414	2026-09-24T12:38:59.933Z	M000000000000000000
442.6414	2026-09-24T12:38:59.933Z	Fffffffff0000000000
442.7983	2026-09-24T12:39:00.090Z	S01171700084e4f74ea
443.4834	2026-09-24T12:39:00.775Z	W000001ea00021de8fd
443.4834	2026-09-24T12:39:00.775Z	R000001ea00021de8ff
443.4834	2026-09-24T12:39:00.775Z	E000000000000000000
443.4834	2026-09-24T12:39:00.775Z	M000000000000000000
443.4834	2026-09-24T12:39:00.775Z	Fffffffff0000000000
443.5897	2026-09-24T12:39:00.881Z	S0117170008524f74ee
444.3377	2026-09-24T12:39:01.629Z	W000001eb00021de901
444.3377	2026-09-24T12:39:01.629Z	R000001eb00021de8ff
444.3377	2026-09-24T12:39:01.629Z	E000000000000000000
444.3652	2026-09-24T12:39:01.657Z	M000000000000000000
444.3652	2026-09-24T12:39:01.657Z	Fffffffff0000000000
444.4138	2026-09-24T12:39:01.705Z	S0117170008564f74f2
445.2069	2026-09-24T12:39:02.498Z	W000001ec00021de8fd
445.2069	2026-09-24T12:39:02.498Z	R000001ec00021de8ff
445.2069	2026-09-24T12:39:02.498Z	E000000000000000000
445.2069	2026-09-24T12:39:02.498Z	M000000000000000000
445.2069	2026-09-24T12:39:02.498Z	S01171700085a4f74f6
445.2069	2026-09-24T12:39:02.498Z	Fffffffff0000000000
446.0153	2026-09-24T12:39:03.307Z	S01171700085e515308
446.0609	2026-09-24T12:39:03.352Z	W000001ed00021de8fc
446.0609	2026-09-24T12:39:03.352Z	R000001ed00021de900
446.0609	2026-09-24T12:39:03.352Z	E000000000000000000
446.0860	2026-09-24T12:39:03.377Z	M000000000000000000
446.0860	2026-09-24T12:39:03.378Z	Fffffffff0000000000
446.8128	2026-09-24T12:39:04.104Z	S01171700086251530c
446.9172	2026-09-24T12:39:04.209Z	W000001ee00021de8fc
446.9172	2026-09-24T12:39:04.209Z	R000001ee00021de900
446.9172	2026-09-24T12:39:04.209Z	E000000000000000000
446.9450	2026-09-24T12:39:04.236Z	M000000000000000000
446.9450	2026-09-24T12:39:04.236Z	Fffffffff0000000000
447.6179	2026-09-24T12:39:04.909Z	S011717000866515310
447.7827	2026-09-24T12:39:05.074Z	W000001ef00021de8fd
447.7827	2026-09-24T12:39:05.074Z	R000001ef00021de8ff
447.7827	2026-09-24T12:39:05.074Z	E000000000000000000
447.7827	2026-09-24T12:39:05.074Z	M000000000000000000
447.7827	2026-09-24T12:39:05.074Z	Fffffffff0000000000
448.4316	2026-09-24T12:39:05.723Z	S01171700086a515314
448.6434	2026-09-24T12:39:05.935Z	W000001f000021de8fd
448.6434	2026-09-24T12:39:05.935Z	R000001f000021de8ff
448.6434	2026-09-24T12:39:05.935Z	E000000000000000000
448.6434	2026-09-24T12:39:05.935Z	M000000000000000000
448.6434	2026-09-24T12:39:05.935Z	Fffffffff0000000000
449.2351	2026-09-24T12:39:06.527Z	S01171700086e515318
449.4958	2026-09-24T12:39:06.787Z	W000001f100021de8fd
449.4958	2026-09-24T12:39:06.787Z	R000001f100021de900
449.4958	2026-09-24T12:39:06.787Z	E000000000000000000
449.5228	2026-09-24T12:39:06.814Z	M000000000000000000
449.5228	2026-09-24T12:39:06.814Z	Fffffffff0000000000
450.0359	2026-09-24T12:39:07.327Z	S01171700087251531c
450.3758	2026-09-24T12:39:07.667Z	W000001f200021de8fe
450.3758	2026-09-24T12:39:07.667Z	R000001f200021de900
450.3758	2026-09-24T12:39:07.667Z	E000000000000000000
450.3758	2026-09-24T12:39:07.667Z	M000000000000000000
450.3758	2026-09-24T12:39:07.667Z	Fffffffff0000000000
450.8591	2026-09-24T12:39:08.151Z	S011717000876515320
451.2159	2026-09-24T12:39:08.507Z	W000001f300021de8fd
451.2159	2026-09-24T12:39:08.507Z	R000001f300021de900
451.2159	2026-09-24T12:39:08.507Z	E000000000000000000
451.2446	2026-09-24T12:39:08.536Z	M000000000000000000
451.2446	2026-09-24T12:39:08.536Z	Fffffffff0000000000
451.6536	2026-09-24T12:39:08.945Z	S01171700087a515324
452.0950	2026-09-24T12:39:09.387Z	W000001f400021de8fd
452.0950	2026-09-24T12:39:09.387Z	R000001f400021de900
452.0950	2026-09-24T12:39:09.387Z	E000000000000000000
452.0950	2026-09-24T12:39:09.387Z	M000000000000000000
452.0950	2026-09-24T12:39:09.387Z	Fffffffff0000000000
452.4513	2026-09-24T12:39:09.743Z	S01171700087e515328
452.9533	2026-09-24T12:39:10.245Z	W000001f500021de8fc
452.9533	2026-09-24T12:39:10.245Z	R000001f500021de900
452.9533	2026-09-24T12:39:10.245Z	E000000000000000000
452.9533	2026-09-24T12:39:10.245Z	M000000000000000000
452.9533	2026-09-24T12:39:10.245Z	Fffffffff0000000000
453.2551	2026-09-24T12:39:10.547Z	S01171700088251532c
453.8116	2026-09-24T12:39:11.103Z	W000001f600021de8fc
453.8116	2026-09-24T12:39:11.103Z	R000001f600021de900
453.8116	2026-09-24T12:39:11.103Z	E000000000000000000
453.8116	2026-09-24T12:39:11.103Z	M000000000000000000
453.8116	2026-09-24T12:39:11.103Z	Fffffffff0000000000
454.0634	2026-09-24T12:39:11.355Z	S011717000886515330
454.6754	2026-09-24T12:39:11.967Z	W000001f700021de8fd
454.6754	2026-09-24T12:39:11.967Z	R000001f700021de8ff
454.6754	2026-09-24T12:39:11.967Z	E000000000000000000
454.6754	2026-09-24T12:39:11.967Z	M000000000000000000
454.6754	2026-09-24T12:39:11.967Z	Fffffffff0000000000
454.8657	2026-09-24T12:39:12.157Z	S01171700088a515334
455.5146	2026-09-24T12:39:12.806Z	W000001f800021de8fd
455.5146	2026-09-24T12:39:12.806Z	R000001f800021de8ff
455.5146	2026-09-24T12:39:12.806Z	E000000000000000000
455.5146	2026-09-24T12:39:12.806Z	M000000000000000000
455.5146	2026-09-24T12:39:12.806Z	Fffffffff0000000000
455.6768	2026-09-24T12:39:12.968Z	S01171700088e515338
456.3685	2026-09-24T12:39:13.660Z	W000001f900021de8fd
456.3685	2026-09-24T12:39:13.660Z	R000001f900021de900
456.3685	2026-09-24T12:39:13.660Z	E000000000000000000
456.3949	2026-09-24T12:39:13.686Z	M000000000000000000
456.3949	2026-09-24T12:39:13.687Z	Fffffffff0000000000
456.4944	2026-09-24T12:39:13.786Z	S01171700089251533c
457.2452	2026-09-24T12:39:14.537Z	W000001fa00021de8fe
457.2452	2026-09-24T12:39:14.537Z	R000001fa00021de900
457.2452	2026-09-24T12:39:14.537Z	E000000000000000000
457.2452	2026-09-24T12:39:14.537Z	M000000000000000000
457.2452	2026-09-24T12:39:14.537Z	Fffffffff0000000000
457.3015	2026-09-24T12:39:14.593Z	S011717000896515340
458.1032	2026-09-24T12:39:15.395Z	W000001fb00021de8fd
458.1032	2026-09-24T12:39:15.395Z	R000001fb00021de900
458.1032	2026-09-24T12:39:15.395Z	S01171700089a515344
458.1032	2026-09-24T12:39:15.395Z	E000000000000000000
458.1032	2026-09-24T12:39:15.395Z	M000000000000000000
458.1032	2026-09-24T12:39:15.395Z	Fffffffff0000000000
458.9036	2026-09-24T12:39:16.195Z	S01171700089e53313f
458.9485	2026-09-24T12:39:16.240Z	W000001fc00021de8fd
458.9485	2026-09-24T12:39:16.240Z	R000001fc00021de900
458.9485	2026-09-24T12:39:16.240Z	E000000000000000000
458.9739	2026-09-24T12:39:16.265Z	M000000000000000000
458.9739	2026-09-24T12:39:16.266Z	Fffffffff0000000000
459.7100	2026-09-24T12:39:17.002Z	S0117170008a2533143
459.8120	2026-09-24T12:39:17.104Z	W000001fd00021de8fd
459.8120	2026-09-24T12:39:17.104Z	R000001fd00021de901
459.8120	2026-09-24T12:39:17.104Z	E000000000000000000
459.8120	2026-09-24T12:39:17.104Z	M000000000000000000
459.8120	2026-09-24T12:39:17.104Z	Fffffffff0000000000
460.5327	2026-09-24T12:39:17.824Z	S0117170008a6533147
460.6834	2026-09-24T12:39:17.975Z	W000001fe00021de8fd
460.6834	2026-09-24T12:39:17.975Z	R000001fe00021de900
460.6834	2026-09-24T12:39:17.975Z	E000000000000000000
460.6834	2026-09-24T12:39:17.975Z	M000000000000000000
460.6834	2026-09-24T12:39:17.975Z	Fffffffff0000000000
461.3244	2026-09-24T12:39:18.616Z	S0117170008aa53314b
461.5446	2026-09-24T12:39:18.836Z	W000001ff00021de8fe
461.5446	2026-09-24T12:39:18.836Z	R000001ff00021de901
461.5446	2026-09-24T12:39:18.836Z	E000000000000000000
461.5446	2026-09-24T12:39:18.836Z	M000000000000000000
461.5446	2026-09-24T12:39:18.836Z	Fffffffff0000000000
462.1297	2026-09-24T12:39:19.421Z	S0117170008ae53314f
462.3857	2026-09-24T12:39:19.677Z	W0000020000021de8fd
462.3857	2026-09-24T12:39:19.677Z	R0000020000021de900
462.3857	2026-09-24T12:39:19.677Z	E000000000000000000
462.4115	2026-09-24T12:39:19.703Z	M000000000000000000
462.4115	2026-09-24T12:39:19.703Z	Fffffffff0000000000
462.9203	2026-09-24T12:39:20.212Z	S0117170008b2533153
463.2693	2026-09-24T12:39:20.561Z	W0000020100021de8fe
463.2693	2026-09-24T12:39:20.561Z	R0000020100021de901
463.2693	2026-09-24T12:39:20.561Z	E000000000000000000
463.2693	2026-09-24T12:39:20.561Z	M000000000000000000
463.2693	2026-09-24T12:39:20.561Z	Fffffffff0000000000
463.7257	2026-09-24T12:39:21.017Z	S0117170008b6533157
464.1034	2026-09-24T12:39:21.395Z	W0000020200021de8fd
464.1034	2026-09-24T12:39:21.395Z	R0000020200021de900
464.1034	2026-09-24T12:39:21.395Z	E000000000000000000
464.1288	2026-09-24T12:39:21.420Z	M000000000000000000
464.1288	2026-09-24T12:39:21.420Z	Fffffffff0000000000
464.5317	2026-09-24T12:39:21.823Z	S0117170008ba53315b
464.9673	2026-09-24T12:39:22.259Z	W0000020300021de8fe
464.9673	2026-09-24T12:39:22.259Z	R0000020300021de901
464.9673	2026-09-24T12:39:22.259Z	E000000000000000000
464.9673	2026-09-24T12:39:22.259Z	M000000000000000000
464.9673	2026-09-24T12:39:22.259Z	Fffffffff0000000000
465.3525	2026-09-24T12:39:22.644Z	S0117170008be53315f
465.8324	2026-09-24T12:39:23.124Z	W0000020400021de8fd
465.8324	2026-09-24T12:39:23.124Z	R0000020400021de900
465.8324	2026-09-24T12:39:23.124Z	E000000000000000000
465.8324	2026-09-24T12:39:23.124Z	M000000000000000000
465.8324	2026-09-24T12:39:23.124Z	Fffffffff0000000000
466.1621	2026-09-24T12:39:23.454Z	S0117170008c2533163
466.6808	2026-09-24T12:39:23.973Z	W0000020500021de8fe
466.6808	2026-09-24T12:39:23.973Z	R0000020500021de901
466.6808	2026-09-24T12:39:23.973Z	E000000000000000000
466.7086	2026-09-24T12:39:24.000Z	M000000000000000000
466.7086	2026-09-24T12:39:24.000Z	Fffffffff0000000000
466.9469	2026-09-24T12:39:24.239Z	S0117170008c6533167
467.5449	2026-09-24T12:39:24.837Z	W0000020600021de8fd
467.5449	2026-09-24T12:39:24.837Z	R0000020600021de900
467.5449	2026-09-24T12:39:24.837Z	E000000000000000000
467.5449	2026-09-24T12:39:24.837Z	M000000000000000000
467.5449	2026-09-24T12:39:24.837Z	Fffffffff0000000000
467.7587	2026-09-24T12:39:25.050Z	S0117170008ca53316b
468.4227	2026-09-24T12:39:25.714Z	W0000020700021de8fe
468.4227	2026-09-24T12:39:25.714Z	R0000020700021de901
468.4227	2026-09-24T12:39:25.715Z	E000000000000000000
468.4227	2026-09-24T12:39:25.715Z	M000000000000000000
468.4227	2026-09-24T12:39:25.715Z	Fffffffff0000000000
468.5699	2026-09-24T12:39:25.862Z	S0117170008ce53316f
469.2634	2026-09-24T12:39:26.555Z	W0000020800021de8fd
469.2634	2026-09-24T12:39:26.555Z	R0000020800021de900
469.2634	2026-09-24T12:39:26.555Z	E000000000000000000
469.2634	2026-09-24T12:39:26.555Z	M000000000000000000
469.2634	2026-09-24T12:39:26.555Z	Fffffffff0000000000
469.3758	2026-09-24T12:39:26.667Z	S0117170008d2533173
470.1317	2026-09-24T12:39:27.423Z	W0000020900021de8fe
470.1317	2026-09-24T12:39:27.423Z	R0000020900021de901
470.1317	2026-09-24T12:39:27.423Z	E000000000000000000
470.1317	2026-09-24T12:39:27.424Z	M000000000000000000
470.1317	2026-09-24T12:39:27.424Z	Fffffffff0000000000
470.1882	2026-09-24T12:39:27.480Z	S0117170008d6533177
470.9855	2026-09-24T12:39:28.277Z	S0117170008da53317b
470.9855	2026-09-24T12:39:28.277Z	W0000020a00021de8fd
470.9855	2026-09-24T12:39:28.277Z	R0000020a00021de900
470.9855	2026-09-24T12:39:28.277Z	E000000000000000000
470.9855	2026-09-24T12:39:28.277Z	M000000000000000000
470.9855	2026-09-24T12:39:28.277Z	Fffffffff0000000000
471.7788	2026-09-24T12:39:29.071Z	S0117170008de53317f
471.8552	2026-09-24T12:39:29.147Z	W0000020b00021de923
471.8552	2026-09-24T12:39:29.147Z	R0000020b00021de8ff
471.8552	2026-09-24T12:39:29.147Z	E000000000000000000
471.8552	2026-09-24T12:39:29.147Z	M000000000000000000
471.8552	2026-09-24T12:39:29.147Z	Fffffffff0000000000
472.5840	2026-09-24T12:39:29.876Z	S0117170008e2533183
472.7113	2026-09-24T12:39:30.003Z	W0000020c00021de912
472.7113	2026-09-24T12:39:30.003Z	R0000020c00021de8ff
472.7113	2026-09-24T12:39:30.003Z	E000000000000000000
472.7113	2026-09-24T12:39:30.003Z	M000000000000000000
472.7113	2026-09-24T12:39:30.003Z	Fffffffff0000000000
473.4015	2026-09-24T12:39:30.693Z	S0117170008e6533187
473.5548	2026-09-24T12:39:30.847Z	W0000020d00021de901
473.5548	2026-09-24T12:39:30.847Z	R0000020d00021de8ff
473.5548	2026-09-24T12:39:30.847Z	E000000000000000000
473.5826	2026-09-24T12:39:30.874Z	M000000000000000000
473.5826	2026-09-24T12:39:30.874Z	Fffffffff0000000000
474.1947	2026-09-24T12:39:31.486Z	S0117170008ea53318b
474.4337	2026-09-24T12:39:31.725Z	W0000020e00021de8fd
474.4337	2026-09-24T12:39:31.726Z	R0000020e00021de8ff
474.4337	2026-09-24T12:39:31.726Z	E000000000000000000
474.4337	2026-09-24T12:39:31.726Z	M000000000000000000
474.4337	2026-09-24T12:39:31.726Z	Fffffffff0000000000
474.9999	2026-09-24T12:39:32.292Z	S0117170008ee53318f
475.2830	2026-09-24T12:39:32.575Z	W0000020f00021de901
475.2830	2026-09-24T12:39:32.575Z	R0000020f00021de8ff
475.2830	2026-09-24T12:39:32.575Z	E000000000000000000
475.2830	2026-09-24T12:39:32.575Z	M000000000000000000
475.2830	2026-09-24T12:39:32.575Z	Fffffffff0000000000
475.8183	2026-09-24T12:39:33.110Z	S0117170008f2533193
476.1451	2026-09-24T12:39:33.437Z	W0000021000021de8fd
476.1451	2026-09-24T12:39:33.437Z	R0000021000021de8ff
476.1451	2026-09-24T12:39:33.437Z	E000000000000000000
476.1451	2026-09-24T12:39:33.437Z	M000000000000000000
476.1451	2026-09-24T12:39:33.437Z	Fffffffff0000000000
476.6106	2026-09-24T12:39:33.902Z	S0117170008f6533197
476.9915	2026-09-24T12:39:34.283Z	W0000021100021de901
476.9915	2026-09-24T12:39:34.283Z	R0000021100021de8ff
476.9915	2026-09-24T12:39:34.283Z	E000000000000000000
477.0126	2026-09-24T12:39:34.304Z	M000000000000000000
477.0126	2026-09-24T12:39:34.304Z	Fffffffff0000000000
477.4252	2026-09-24T12:39:34.717Z	S0117170008fa53319b
477.8631	2026-09-24T12:39:35.155Z	W0000021200021de8fd
477.8631	2026-09-24T12:39:35.155Z	R0000021200021de8ff
477.8631	2026-09-24T12:39:35.155Z	E000000000000000000
477.8631	2026-09-24T12:39:35.155Z	M000000000000000000
477.8631	2026-09-24T12:39:35.155Z	Fffffffff0000000000
478.2213	2026-09-24T12:39:35.513Z	S0117170008fe53319f
478.7133	2026-09-24T12:39:36.005Z	W0000021300021de901
478.7133	2026-09-24T12:39:36.005Z	R0000021300021de8ff
478.7133	2026-09-24T12:39:36.005Z	E000000000000000000
478.7425	2026-09-24T12:39:36.034Z	M000000000000000000
478.7425	2026-09-24T12:39:36.034Z	Fffffffff0000000000
479.0455	2026-09-24T12:39:36.337Z	S0117170009025331a3
479.5692	2026-09-24T12:39:36.861Z	W0000021400021de8fd
479.5692	2026-09-24T12:39:36.861Z	R0000021400021de8ff
479.5692	2026-09-24T12:39:36.861Z	E000000000000000000
479.5966	2026-09-24T12:39:36.888Z	M000000000000000000
479.5966	2026-09-24T12:39:36.888Z	Fffffffff0000000000
479.8318	2026-09-24T12:39:37.124Z	S0117170009065331a7
480.4439	2026-09-24T12:39:37.736Z	W0000021500021de901
480.4439	2026-09-24T12:39:37.736Z	R0000021500021de8ff
480.4439	2026-09-24T12:39:37.736Z	E000000000000000000
480.4439	2026-09-24T12:39:37.736Z	M000000000000000000
480.4439	2026-09-24T12:39:37.736Z	Fffffffff0000000000
480.6613	2026-09-24T12:39:37.953Z	S01171700090a5331ab
481.2876	2026-09-24T12:39:38.579Z	W0000021600021de8fd
481.2876	2026-09-24T12:39:38.580Z	R0000021600021de8ff
481.2876	2026-09-24T12:39:38.580Z	E000000000000000000
481.3155	2026-09-24T12:39:38.607Z	M000000000000000000
481.3155	2026-09-24T12:39:38.607Z	Fffffffff0000000000
481.4425	2026-09-24T12:39:38.734Z	S01171700090e5331af
482.1685	2026-09-24T12:39:39.460Z	W0000021700021de901
482.1685	2026-09-24T12:39:39.460Z	R0000021700021de8ff
482.1685	2026-09-24T12:39:39.460Z	E000000000000000000
482.1685	2026-09-24T12:39:39.460Z	M000000000000000000
482.1685	2026-09-24T12:39:39.460Z	Fffffffff0000000000
482.2481	2026-09-24T12:39:39.540Z	S0117170009125331b3
483.0281	2026-09-24T12:39:40.320Z	W0000021800021de8fd
483.0281	2026-09-24T12:39:40.320Z	R0000021800021de8ff
483.0281	2026-09-24T12:39:40.320Z	E000000000000000000
483.0281	2026-09-24T12:39:40.320Z	M000000000000000000
483.0281	2026-09-24T12:39:40.320Z	Fffffffff0000000000
483.0531	2026-09-24T12:39:40.345Z	S0117170009165331b7
483.8701	2026-09-24T12:39:41.162Z	S01171700091a5331bb
483.8701	2026-09-24T12:39:41.162Z	W0000021900021de901
483.8701	2026-09-24T12:39:41.162Z	R0000021900021de8ff
483.8701	2026-09-24T12:39:41.162Z	E000000000000000000
483.8701	2026-09-24T12:39:41.162Z	M000000000000000000
483.8701	2026-09-24T12:39:41.162Z	Fffffffff0000000000
484.6788	2026-09-24T12:39:41.971Z	S01171700091e5331bf
484.7245	2026-09-24T12:39:42.016Z	W0000021a00021de8fd
484.7245	2026-09-24T12:39:42.016Z	R0000021a00021de8ff
484.7245	2026-09-24T12:39:42.016Z	E000000000000000000
484.7448	2026-09-24T12:39:42.037Z	M000000000000000000
484.7448	2026-09-24T12:39:42.037Z	Fffffffff0000000000
485.4698	2026-09-24T12:39:42.762Z	S0117170009225331c3
485.6034	2026-09-24T12:39:42.895Z	W0000021b00021de901
485.6034	2026-09-24T12:39:42.895Z	R0000021b00021de8ff
485.6034	2026-09-24T12:39:42.895Z	E000000000000000000
485.6034	2026-09-24T12:39:42.895Z	M000000000000000000
485.6034	2026-09-24T12:39:42.895Z	Fffffffff0000000000
486.2887	2026-09-24T12:39:43.581Z	S0117170009265331c7
486.4570	2026-09-24T12:39:43.749Z	W0000021c00021de8fd
486.4570	2026-09-24T12:39:43.749Z	R0000021c00021de8ff
486.4570	2026-09-24T12:39:43.749Z	E000000000000000000
486.4570	2026-09-24T12:39:43.749Z	M000000000000000000
486.4570	2026-09-24T12:39:43.749Z	Fffffffff0000000000
487.0960	2026-09-24T12:39:44.388Z	S01171700092a5331cb
487.3164	2026-09-24T12:39:44.608Z	W0000021d00021de901
487.3164	2026-09-24T12:39:44.608Z	R0000021d00021de8ff
487.3164	2026-09-24T12:39:44.608Z	E000000000000000000
487.3164	2026-09-24T12:39:44.608Z	M000000000000000000
487.3164	2026-09-24T12:39:44.608Z	Fffffffff0000000000
487.8987	2026-09-24T12:39:45.191Z	S01171700092e5331cf
488.1799	2026-09-24T12:39:45.472Z	W0000021e00021de8fd
488.1799	2026-09-24T12:39:45.472Z	R0000021e00021de8ff
488.1799	2026-09-24T12:39:45.472Z	E000000000000000000
488.1799	2026-09-24T12:39:45.472Z	M000000000000000000
488.1799	2026-09-24T12:39:45.472Z	Fffffffff0000000000
488.6975	2026-09-24T12:39:45.989Z	S0117170009325331d3
489.0321	2026-09-24T12:39:46.324Z	W0000021f00021de901
489.0321	2026-09-24T12:39:46.324Z	R0000021f00021de8ff
489.0321	2026-09-24T12:39:46.324Z	E000000000000000000
489.0321	2026-09-24T12:39:46.324Z	M000000000000000000
489.0321	2026-09-24T12:39:46.324Z	Fffffffff0000000000
489.5244	2026-09-24T12:39:46.816Z	S0117170009365331d7
489.8917	2026-09-24T12:39:47.184Z	W0000022000021de8fd
489.8917	2026-09-24T12:39:47.184Z	R0000022000021de8ff
489.8917	2026-09-24T12:39:47.184Z	E000000000000000000
489.8917	2026-09-24T12:39:47.184Z	M000000000000000000
489.8917	2026-09-24T12:39:47.184Z	Fffffffff0000000000
490.3009	2026-09-24T12:39:47.593Z	S01171700093a5331db
490.7470	2026-09-24T12:39:48.039Z	W0000022100021de901
490.7470	2026-09-24T12:39:48.039Z	R0000022100021de8ff
490.7470	2026-09-24T12:39:48.039Z	E000000000000000000
490.7470	2026-09-24T12:39:48.039Z	M000000000000000000
490.7470	2026-09-24T12:39:48.039Z	Fffffffff0000000000
491.1277	2026-09-24T12:39:48.420Z	S01171700093e5331df
491.6112	2026-09-24T12:39:48.903Z	W0000022200021de8fd
491.6112	2026-09-24T12:39:48.903Z	R0000022200021de8ff
491.6112	2026-09-24T12:39:48.903Z	E000000000000000000
491.6112	2026-09-24T12:39:48.903Z	M000000000000000000
491.6112	2026-09-24T12:39:48.903Z	Fffffffff0000000000
491.9274	2026-09-24T12:39:49.219Z	S0117170009425331e3
492.4713	2026-09-24T12:39:49.763Z	W0000022300021de901
492.4713	2026-09-24T12:39:49.763Z	R0000022300021de8ff
492.4713	2026-09-24T12:39:49.763Z	E000000000000000000
492.4713	2026-09-24T12:39:49.763Z	M000000000000000000
492.4713	2026-09-24T12:39:49.763Z	Fffffffff0000000000
492.7169	2026-09-24T12:39:50.009Z	S0117170009465331e7
493.3372	2026-09-24T12:39:50.629Z	W0000022400021de8fd
493.3372	2026-09-24T12:39:50.629Z	R0000022400021de8ff
493.3372	2026-09-24T12:39:50.629Z	E000000000000000000
493.3372	2026-09-24T12:39:50.629Z	M000000000000000000
493.3372	2026-09-24T12:39:50.629Z	Fffffffff0000000000
493.5299	2026-09-24T12:39:50.822Z	S01171700094a5331eb
494.1776	2026-09-24T12:39:51.470Z	W0000022500021de901
494.1776	2026-09-24T12:39:51.470Z	R0000022500021de8ff
494.1776	2026-09-24T12:39:51.470Z	E000000000000000000
494.2063	2026-09-24T12:39:51.498Z	M000000000000000000
494.2063	2026-09-24T12:39:51.498Z	Fffffffff0000000000
494.3372	2026-09-24T12:39:51.629Z	S01171700094e5331ef
495.0351	2026-09-24T12:39:52.327Z	W0000022600021de8fd
495.0351	2026-09-24T12:39:52.327Z	R0000022600021de8ff
495.0351	2026-09-24T12:39:52.327Z	E000000000000000000
495.0625	2026-09-24T12:39:52.354Z	M000000000000000000
495.0625	2026-09-24T12:39:52.355Z	Fffffffff0000000000
495.1329	2026-09-24T12:39:52.425Z	S0117170009525331f3
495.8942	2026-09-24T12:39:53.186Z	W0000022700021de901
495.8942	2026-09-24T12:39:53.186Z	R0000022700021de8ff
495.8942	2026-09-24T12:39:53.186Z	E000000000000000000
495.9219	2026-09-24T12:39:53.214Z	M000000000000000000
495.9219	2026-09-24T12:39:53.214Z	Fffffffff0000000000
495.9439	2026-09-24T12:39:53.236Z	S0117170009565331f7
496.7434	2026-09-24T12:39:54.035Z	S01171700095a5331fb
496.7662	2026-09-24T12:39:54.058Z	W0000022800021de8fd
496.7662	2026-09-24T12:39:54.058Z	R0000022800021de8ff
496.7662	2026-09-24T12:39:54.058Z	E000000000000000000
496.7662	2026-09-24T12:39:54.058Z	M000000000000000000
496.7662	2026-09-24T12:39:54.058Z	Fffffffff0000000000
497.5651	2026-09-24T12:39:54.857Z	S01171700095e5331ff
497.6127	2026-09-24T12:39:54.905Z	W0000022900021de901
497.6127	2026-09-24T12:39:54.905Z	R0000022900021de8ff
497.6127	2026-09-24T12:39:54.905Z	E000000000000000000
497.6373	2026-09-24T12:39:54.929Z	M000000000000000000
497.6373	2026-09-24T12:39:54.929Z	Fffffffff0000000000
498.3783	2026-09-24T12:39:55.670Z	S011717000962533203
498.4862	2026-09-24T12:39:55.778Z	W0000022a00021de8fd
498.4862	2026-09-24T12:39:55.778Z	R0000022a00021de8ff
498.4862	2026-09-24T12:39:55.778Z	E000000000000000000
498.4862	2026-09-24T12:39:55.778Z	M000000000000000000
498.4862	2026-09-24T12:39:55.778Z	Fffffffff0000000000
499.1758	2026-09-24T12:39:56.468Z	S011717000966533207
499.3311	2026-09-24T12:39:56.623Z	W0000022b00021de901
499.3311	2026-09-24T12:39:56.623Z	R0000022b00021de8ff
499.3311	2026-09-24T12:39:56.623Z	E000000000000000000
499.3571	2026-09-24T12:39:56.649Z	M000000000000000000
499.3571	2026-09-24T12:39:56.649Z	Fffffffff0000000000
499.9646	2026-09-24T12:39:57.257Z	S01171700096a53320b
500.1904	2026-09-24T12:39:57.482Z	W0000022c00021de8fd
500.1904	2026-09-24T12:39:57.482Z	R0000022c00021de8ff
500.1904	2026-09-24T12:39:57.482Z	E000000000000000000
500.2167	2026-09-24T12:39:57.509Z	M000000000000000000
500.2167	2026-09-24T12:39:57.509Z	Fffffffff0000000000
500.7700	2026-09-24T12:39:58.062Z	S01171700096e53320f
501.0579	2026-09-24T12:39:58.350Z	W0000022d00021de901
501.0579	2026-09-24T12:39:58.350Z	R0000022d00021de8ff
501.0579	2026-09-24T12:39:58.350Z	E000000000000000000
501.0579	2026-09-24T12:39:58.350Z	M000000000000000000
501.0579	2026-09-24T12:39:58.350Z	Fffffffff0000000000
501.5753	2026-09-24T12:39:58.867Z	S011717000972533213
501.9159	2026-09-24T12:39:59.208Z	W0000022e00021de8fd
501.9159	2026-09-24T12:39:59.208Z	R0000022e00021de8ff
501.9159	2026-09-24T12:39:59.208Z	E000000000000000000
501.9159	2026-09-24T12:39:59.208Z	M000000000000000000
501.9159	2026-09-24T12:39:59.208Z	Fffffffff0000000000
502.3832	2026-09-24T12:39:59.675Z	S011717000976533217
502.7903	2026-09-24T12:40:00.082Z	W0000022f00021de901
502.7903	2026-09-24T12:40:00.082Z	R0000022f00021de8ff
502.7903	2026-09-24T12:40:00.082Z	E000000000000000000
502.7903	2026-09-24T12:40:00.082Z	M000000000000000000
502.7903	2026-09-24T12:40:00.082Z	Fffffffff0000000000
503.2121	2026-09-24T12:40:00.504Z	S01171700097a53321b
503.6321	2026-09-24T12:40:00.924Z	W0000023000021de8fd
503.6321	2026-09-24T12:40:00.924Z	R0000023000021de8ff
503.6321	2026-09-24T12:40:00.924Z	E000000000000000000
503.6321	2026-09-24T12:40:00.924Z	M000000000000000000
503.6321	2026-09-24T12:40:00.924Z	Fffffffff0000000000
503.9913	2026-09-24T12:40:01.283Z	S01171700097e53321f
504.4980	2026-09-24T12:40:01.790Z	W0000023100021de901
504.4980	2026-09-24T12:40:01.790Z	R0000023100021de8ff
504.4980	2026-09-24T12:40:01.790Z	E000000000000000000
504.4980	2026-09-24T12:40:01.790Z	M000000000000000000
504.4980	2026-09-24T12:40:01.790Z	Fffffffff0000000000
504.7966	2026-09-24T12:40:02.089Z	S011717000982533223
505.3605	2026-09-24T12:40:02.653Z	W0000023200021de8fd
505.3605	2026-09-24T12:40:02.653Z	R0000023200021de8ff
505.3605	2026-09-24T12:40:02.653Z	E000000000000000000
505.3605	2026-09-24T12:40:02.653Z	M000000000000000000
505.3605	2026-09-24T12:40:02.653Z	Fffffffff0000000000
505.6105	2026-09-24T12:40:02.903Z	S011717000986533227
506.2048	2026-09-24T12:40:03.497Z	W0000023300021de901
506.2048	2026-09-24T12:40:03.497Z	R0000023300021de8ff
506.2048	2026-09-24T12:40:03.497Z	E000000000000000000
506.2326	2026-09-24T12:40:03.525Z	M000000000000000000
506.2326	2026-09-24T12:40:03.525Z	Fffffffff0000000000
506.4150	2026-09-24T12:40:03.707Z	S01171700098a53322b
507.0771	2026-09-24T12:40:04.369Z	W0000023400021de8fd
507.0771	2026-09-24T12:40:04.369Z	R0000023400021de8ff
507.0771	2026-09-24T12:40:04.369Z	E000000000000000000
507.0771	2026-09-24T12:40:04.369Z	M000000000000000000
507.0771	2026-09-24T12:40:04.369Z	Fffffffff0000000000
507.2125	2026-09-24T12:40:04.505Z	S01171700098e53322f
507.9387	2026-09-24T12:40:05.231Z	W0000023500021de901
507.9387	2026-09-24T12:40:05.231Z	R0000023500021de8ff
507.9387	2026-09-24T12:40:05.231Z	E000000000000000000
507.9387	2026-09-24T12:40:05.231Z	M000000000000000000
507.9387	2026-09-24T12:40:05.231Z	Fffffffff0000000000
508.0178	2026-09-24T12:40:05.310Z	S011717000992533233
508.8041	2026-09-24T12:40:06.096Z	W0000023600021de8fd
508.8041	2026-09-24T12:40:06.096Z	R0000023600021de8ff
508.8041	2026-09-24T12:40:06.096Z	E000000000000000000
508.8041	2026-09-24T12:40:06.096Z	M000000000000000000
508.8041	2026-09-24T12:40:06.096Z	Fffffffff0000000000
508.8250	2026-09-24T12:40:06.117Z	S011717000996533237
509.6340	2026-09-24T12:40:06.926Z	S01171700099a53323b
509.6564	2026-09-24T12:40:06.949Z	W0000023700021de901
509.6564	2026-09-24T12:40:06.949Z	R0000023700021de8ff
509.6564	2026-09-24T12:40:06.949Z	E000000000000000000
509.6564	2026-09-24T12:40:06.949Z	M000000000000000000
509.6564	2026-09-24T12:40:06.949Z	Fffffffff0000000000
510.4337	2026-09-24T12:40:07.726Z	S01171700099e53323f
510.5091	2026-09-24T12:40:07.801Z	W0000023800021de8fd
510.5091	2026-09-24T12:40:07.801Z	R0000023800021de8ff
510.5091	2026-09-24T12:40:07.801Z	E000000000000000000
510.5091	2026-09-24T12:40:07.801Z	M000000000000000000
510.5091	2026-09-24T12:40:07.801Z	Fffffffff0000000000
511.2390	2026-09-24T12:40:08.531Z	S0117170009a2533243
511.3640	2026-09-24T12:40:08.656Z	W0000023900021de901
511.3640	2026-09-24T12:40:08.656Z	R0000023900021de8ff
511.3640	2026-09-24T12:40:08.656Z	E000000000000000000
511.3919	2026-09-24T12:40:08.684Z	M000000000000000000
511.3919	2026-09-24T12:40:08.684Z	Fffffffff0000000000
512.0443	2026-09-24T12:40:09.336Z	S0117170009a6533247
512.2274	2026-09-24T12:40:09.520Z	W0000023a00021de8fd
512.2274	2026-09-24T12:40:09.520Z	R0000023a00021de8ff
512.2274	2026-09-24T12:40:09.520Z	E000000000000000000
512.2274	2026-09-24T12:40:09.520Z	M000000000000000000
512.2274	2026-09-24T12:40:09.520Z	Fffffffff0000000000
512.8665	2026-09-24T12:40:10.159Z	S0117170009aa53324b
513.0785	2026-09-24T12:40:10.371Z	W0000023b00021de901
513.0785	2026-09-24T12:40:10.371Z	R0000023b00021de8ff
513.0785	2026-09-24T12:40:10.371Z	E000000000000000000
513.1037	2026-09-24T12:40:10.396Z	M000000000000000000
513.1037	2026-09-24T12:40:10.396Z	Fffffffff0000000000
513.6681	2026-09-24T12:40:10.960Z	S0117170009ae53324f
513.9591	2026-09-24T12:40:11.251Z	W0000023c00021de8fd
513.9591	2026-09-24T12:40:11.251Z	R0000023c00021de8ff
513.9591	2026-09-24T12:40:11.251Z	E000000000000000000
513.9591	2026-09-24T12:40:11.251Z	M000000000000000000
513.9591	2026-09-24T12:40:11.251Z	Fffffffff0000000000
514.4754	2026-09-24T12:40:11.768Z	S0117170009b2533253
514.7969	2026-09-24T12:40:12.089Z	W0000023d00021de901
514.7969	2026-09-24T12:40:12.089Z	R0000023d00021de8ff
514.7969	2026-09-24T12:40:12.089Z	E000000000000000000
514.8217	2026-09-24T12:40:12.114Z	M000000000000000000
514.8217	2026-09-24T12:40:12.114Z	Fffffffff0000000000
515.2656	2026-09-24T12:40:12.558Z	S0117170009b6533257
515.6610	2026-09-24T12:40:12.953Z	W0000023e00021de8fd
515.6610	2026-09-24T12:40:12.953Z	R0000023e00021de8ff
515.6610	2026-09-24T12:40:12.953Z	E000000000000000000
515.6610	2026-09-24T12:40:12.953Z	M000000000000000000
515.6610	2026-09-24T12:40:12.953Z	Fffffffff0000000000
516.0722	2026-09-24T12:40:13.364Z	S0117170009ba53325b
516.5214	2026-09-24T12:40:13.814Z	W0000023f00021de901
516.5214	2026-09-24T12:40:13.814Z	R0000023f00021de8ff
516.5214	2026-09-24T12:40:13.814Z	E000000000000000000
516.5214	2026-09-24T12:40:13.814Z	M000000000000000000
516.5214	2026-09-24T12:40:13.814Z	Fffffffff0000000000
516.8765	2026-09-24T12:40:14.169Z	S0117170009be53325f
517.3925	2026-09-24T12:40:14.685Z	W0000024000021de8fd
517.3925	2026-09-24T12:40:14.685Z	R0000024000021de8ff
517.3925	2026-09-24T12:40:14.685Z	E000000000000000000
517.3925	2026-09-24T12:40:14.685Z	M000000000000000000
517.3925	2026-09-24T12:40:14.685Z	Fffffffff0000000000
517.6994	2026-09-24T12:40:14.992Z	S0117170009c2533263
518.2602	2026-09-24T12:40:15.552Z	W0000024100021de901
518.2602	2026-09-24T12:40:15.553Z	R0000024100021de8ff
518.2602	2026-09-24T12:40:15.553Z	E000000000000000000
518.2602	2026-09-24T12:40:15.553Z	M000000000000000000
518.2602	2026-09-24T12:40:15.553Z	Fffffffff0000000000
518.5105	2026-09-24T12:40:15.803Z	S0117170009c6533267
519.0930	2026-09-24T12:40:16.385Z	W0000024200021de8fd
519.0930	2026-09-24T12:40:16.385Z	R0000024200021de8ff
519.0930	2026-09-24T12:40:16.385Z	E000000000000000000
519.1207	2026-09-24T12:40:16.413Z	M000000000000000000
519.1207	2026-09-24T12:40:16.413Z	Fffffffff0000000000
519.3193	2026-09-24T12:40:16.612Z	S0117170009ca53326b
519.9652	2026-09-24T12:40:17.257Z	W0000024300021de901
519.9652	2026-09-24T12:40:17.258Z	R0000024300021de8ff
519.9652	2026-09-24T12:40:17.258Z	E000000000000000000
519.9652	2026-09-24T12:40:17.258Z	M000000000000000000
519.9652	2026-09-24T12:40:17.258Z	Fffffffff0000000000
520.0975	2026-09-24T12:40:17.390Z	S0117170009ce53326f
520.8175	2026-09-24T12:40:18.110Z	W0000024400021de8fd
520.8175	2026-09-24T12:40:18.110Z	R0000024400021de8ff
520.8175	2026-09-24T12:40:18.110Z	E000000000000000000
520.8175	2026-09-24T12:40:18.110Z	M000000000000000000
520.8175	2026-09-24T12:40:18.110Z	Fffffffff0000000000
520.9162	2026-09-24T12:40:18.208Z	S0117170009d2533273
521.6706	2026-09-24T12:40:18.963Z	W0000024500021de901
521.6706	2026-09-24T12:40:18.963Z	R0000024500021de8ff
521.6706	2026-09-24T12:40:18.963Z	E000000000000000000
521.6955	2026-09-24T12:40:18.988Z	M000000000000000000
521.6955	2026-09-24T12:40:18.988Z	Fffffffff0000000000
521.7186	2026-09-24T12:40:19.011Z	S0117170009d6533277
522.5134	2026-09-24T12:40:19.806Z	S0117170009da53327b
522.5347	2026-09-24T12:40:19.827Z	W0000024600021de8fd
522.5347	2026-09-24T12:40:19.827Z	R0000024600021de8ff
522.5347	2026-09-24T12:40:19.827Z	E000000000000000000
522.5347	2026-09-24T12:40:19.827Z	M000000000000000000
522.5347	2026-09-24T12:40:19.827Z	Fffffffff0000000000
523.3188	2026-09-24T12:40:20.611Z	S0117170009de53327f
523.4129	2026-09-24T12:40:20.705Z	W0000024700021de901
523.4129	2026-09-24T12:40:20.705Z	R0000024700021de8ff
523.4129	2026-09-24T12:40:20.705Z	E000000000000000000
523.4129	2026-09-24T12:40:20.705Z	M000000000000000000
523.4129	2026-09-24T12:40:20.705Z	Fffffffff0000000000
524.1269	2026-09-24T12:40:21.419Z	S0117170009e2533283
524.2549	2026-09-24T12:40:21.547Z	W0000024800021de8fd
524.2549	2026-09-24T12:40:21.547Z	R0000024800021de8ff
524.2549	2026-09-24T12:40:21.547Z	E000000000000000000
524.2549	2026-09-24T12:40:21.547Z	M000000000000000000
524.2549	2026-09-24T12:40:21.547Z	Fffffffff0000000000
524.9531	2026-09-24T12:40:22.245Z	S0117170009e6533287
525.1110	2026-09-24T12:40:22.403Z	W0000024900021de901
525.1110	2026-09-24T12:40:22.403Z	R0000024900021de8ff
525.1110	2026-09-24T12:40:22.403Z	E000000000000000000
525.1374	2026-09-24T12:40:22.430Z	M000000000000000000
525.1374	2026-09-24T12:40:22.430Z	Fffffffff0000000000
525.7558	2026-09-24T12:40:23.048Z	S0117170009ea53328b
525.9882	2026-09-24T12:40:23.281Z	W0000024a00021de8fd
525.9882	2026-09-24T12:40:23.281Z	R0000024a00021de8ff
525.9882	2026-09-24T12:40:23.281Z	E000000000000000000
525.9882	2026-09-24T12:40:23.281Z	M000000000000000000
525.9882	2026-09-24T12:40:23.281Z	Fffffffff0000000000
526.5576	2026-09-24T12:40:23.850Z	S0117170009ee53328f
526.8424	2026-09-24T12:40:24.135Z	W0000024b00021de901
526.8424	2026-09-24T12:40:24.135Z	R0000024b00021de8ff
526.8424	2026-09-24T12:40:24.135Z	E000000000000000000
526.8424	2026-09-24T12:40:24.135Z	M000000000000000000
526.8424	2026-09-24T12:40:24.135Z	Fffffffff0000000000
527.3587	2026-09-24T12:40:24.651Z	S0117170009f2533293
527.6970	2026-09-24T12:40:24.989Z	W0000024c00021de8fd
527.6970	2026-09-24T12:40:24.989Z	R0000024c00021de8ff
527.6970	2026-09-24T12:40:24.989Z	E000000000000000000
527.6970	2026-09-24T12:40:24.989Z	M000000000000000000
527.6970	2026-09-24T12:40:24.989Z	Fffffffff0000000000
528.1686	2026-09-24T12:40:25.461Z	S0117170009f6533297
528.5444	2026-09-24T12:40:25.837Z	W0000024d00021de901
528.5444	2026-09-24T12:40:25.837Z	R0000024d00021de8ff
528.5444	2026-09-24T12:40:25.837Z	E000000000000000000
528.5687	2026-09-24T12:40:25.861Z	M000000000000000000
528.5687	2026-09-24T12:40:25.861Z	Fffffffff0000000000
528.9737	2026-09-24T12:40:26.266Z	S0117170009fa53329b
529.4036	2026-09-24T12:40:26.696Z	W0000024e00021de8fd
529.4036	2026-09-24T12:40:26.696Z	R0000024e00021de8ff
529.4036	2026-09-24T12:40:26.696Z	E000000000000000000
529.4313	2026-09-24T12:40:26.724Z	M000000000000000000
529.4313	2026-09-24T12:40:26.724Z	Fffffffff0000000000
529.7612	2026-09-24T12:40:27.054Z	S0117170009fe53329f
530.2628	2026-09-24T12:40:27.555Z	W0000024f00021de901
530.2628	2026-09-24T12:40:27.555Z	R0000024f00021de8ff
530.2628	2026-09-24T12:40:27.555Z	E000000000000000000
530.2875	2026-09-24T12:40:27.580Z	M000000000000000000
530.2875	2026-09-24T12:40:27.580Z	Fffffffff0000000000
530.5788	2026-09-24T12:40:27.871Z	S011717000a025332a3
531.1220	2026-09-24T12:40:28.414Z	W0000025000021de8fd
531.1220	2026-09-24T12:40:28.414Z	R0000025000021de8ff
531.1220	2026-09-24T12:40:28.414Z	E000000000000000000
531.1454	2026-09-24T12:40:28.438Z	M000000000000000000
531.1454	2026-09-24T12:40:28.438Z	Fffffffff0000000000
531.3718	2026-09-24T12:40:28.664Z	S011717000a065332a7
531.9812	2026-09-24T12:40:29.274Z	W0000025100021de901
531.9812	2026-09-24T12:40:29.274Z	R0000025100021de8ff
531.9812	2026-09-24T12:40:29.274Z	E000000000000000000
532.0031	2026-09-24T12:40:29.295Z	M000000000000000000
532.0031	2026-09-24T12:40:29.296Z	Fffffffff0000000000
532.1772	2026-09-24T12:40:29.470Z	S011717000a0a5332ab
532.8579	2026-09-24T12:40:30.150Z	W0000025200021de8fd
532.8579	2026-09-24T12:40:30.150Z	R0000025200021de8ff
532.8579	2026-09-24T12:40:30.150Z	E000000000000000000
532.8579	2026-09-24T12:40:30.150Z	M000000000000000000
532.8579	2026-09-24T12:40:30.150Z	Fffffffff0000000000
533.0013	2026-09-24T12:40:30.294Z	S011717000a0e5332af
533.7186	2026-09-24T12:40:31.011Z	W0000025300021de901
533.7186	2026-09-24T12:40:31.011Z	R0000025300021de8ff
533.7186	2026-09-24T12:40:31.011Z	E000000000000000000
533.7186	2026-09-24T12:40:31.011Z	M000000000000000000
533.7186	2026-09-24T12:40:31.011Z	Fffffffff0000000000
533.7955	2026-09-24T12:40:31.088Z	S011717000a125332b3
534.5588	2026-09-24T12:40:31.851Z	W0000025400021de8fd
534.5588	2026-09-24T12:40:31.851Z	R0000025400021de8ff
534.5588	2026-09-24T12:40:31.851Z	E000000000000000000
534.5853	2026-09-24T12:40:31.878Z	M000000000000000000
534.5853	2026-09-24T12:40:31.878Z	Fffffffff0000000000
534.6116	2026-09-24T12:40:31.904Z	S011717000a165332b7
535.3984	2026-09-24T12:40:32.691Z	S011717000a1a5332bb
535.4187	2026-09-24T12:40:32.711Z	W0000025500021de901
535.4187	2026-09-24T12:40:32.711Z	R0000025500021de8ff
535.4187	2026-09-24T12:40:32.711Z	E000000000000000000
535.4468	2026-09-24T12:40:32.739Z	M000000000000000000
535.4468	2026-09-24T12:40:32.739Z	Fffffffff0000000000
536.2070	2026-09-24T12:40:33.499Z	S011717000a1e5332bf
536.2897	2026-09-24T12:40:33.582Z	W0000025600021de8fd
536.2897	2026-09-24T12:40:33.582Z	R0000025600021de8ff
536.2897	2026-09-24T12:40:33.582Z	E000000000000000000
536.2897	2026-09-24T12:40:33.582Z	M000000000000000000
536.2897	2026-09-24T12:40:33.582Z	Fffffffff0000000000
537.0257	2026-09-24T12:40:34.318Z	S011717000a225332c3
537.1557	2026-09-24T12:40:34.448Z	W0000025700021de901
537.1557	2026-09-24T12:40:34.448Z	R0000025700021de8ff
537.1557	2026-09-24T12:40:34.448Z	E000000000000000000
537.1557	2026-09-24T12:40:34.448Z	M000000000000000000
537.1557	2026-09-24T12:40:34.448Z	Fffffffff0000000000
537.8222	2026-09-24T12:40:35.115Z	S011717000a265332c7
538.0109	2026-09-24T12:40:35.303Z	W0000025800021de8fd
538.0109	2026-09-24T12:40:35.303Z	R0000025800021de8ff
538.0109	2026-09-24T12:40:35.303Z	E000000000000000000
538.0109	2026-09-24T12:40:35.303Z	M000000000000000000
538.0109	2026-09-24T12:40:35.303Z	Fffffffff0000000000
538.6333	2026-09-24T12:40:35.926Z	S011717000a2a5332cb
538.8693	2026-09-24T12:40:36.162Z	W0000025900021de901
538.8693	2026-09-24T12:40:36.162Z	R0000025900021de8ff
538.8693	2026-09-24T12:40:36.162Z	E000000000000000000
538.8693	2026-09-24T12:40:36.162Z	M000000000000000000
538.8693	2026-09-24T12:40:36.162Z	Fffffffff0000000000
539.4408	2026-09-24T12:40:36.733Z	S011717000a2e5332cf
539.7142	2026-09-24T12:40:37.007Z	W0000025a00021de8fd
539.7142	2026-09-24T12:40:37.007Z	R0000025a00021de8ff
539.7142	2026-09-24T12:40:37.007Z	E000000000000000000
539.7390	2026-09-24T12:40:37.031Z	M000000000000000000
539.7390	2026-09-24T12:40:37.031Z	Fffffffff0000000000
540.2339	2026-09-24T12:40:37.527Z	S011717000a325332d3
540.5937	2026-09-24T12:40:37.886Z	W0000025b00021de901
540.5937	2026-09-24T12:40:37.886Z	R0000025b00021de8ff
540.5937	2026-09-24T12:40:37.886Z	E000000000000000000
540.5937	2026-09-24T12:40:37.886Z	M000000000000000000
540.5937	2026-09-24T12:40:37.886Z	Fffffffff0000000000
541.0455	2026-09-24T12:40:38.338Z	S011717000a365332d7
541.4326	2026-09-24T12:40:38.725Z	W0000025c00021de8fd
541.4326	2026-09-24T12:40:38.725Z	R0000025c00021de8ff
541.4326	2026-09-24T12:40:38.725Z	E000000000000000000
541.4591	2026-09-24T12:40:38.752Z	M000000000000000000
541.4591	2026-09-24T12:40:38.752Z	Fffffffff0000000000
541.8480	2026-09-24T12:40:39.140Z	S011717000a3a5332db
542.2976	2026-09-24T12:40:39.590Z	W0000025d00021de901
542.2976	2026-09-24T12:40:39.590Z	R0000025d00021de8ff
542.2976	2026-09-24T12:40:39.590Z	E000000000000000000
542.2976	2026-09-24T12:40:39.590Z	M000000000000000000
542.2976	2026-09-24T12:40:39.590Z	Fffffffff0000000000
542.6474	2026-09-24T12:40:39.940Z	S011717000a3e5332df
543.1547	2026-09-24T12:40:40.447Z	W0000025e00021de8fd
543.1547	2026-09-24T12:40:40.447Z	R0000025e00021de8ff
543.1547	2026-09-24T12:40:40.447Z	E000000000000000000
543.1830	2026-09-24T12:40:40.475Z	M000000000000000000
543.1830	2026-09-24T12:40:40.476Z	Fffffffff0000000000
543.4515	2026-09-24T12:40:40.744Z	S011717000a425332e3
544.0109	2026-09-24T12:40:41.303Z	W0000025f00021de901
544.0109	2026-09-24T12:40:41.303Z	R0000025f00021de8ff
544.0109	2026-09-24T12:40:41.304Z	E000000000000000000
544.0351	2026-09-24T12:40:41.328Z	M000000000000000000
544.0351	2026-09-24T12:40:41.328Z	Fffffffff0000000000
544.2747	2026-09-24T12:40:41.567Z	S011717000a465332e7
544.8884	2026-09-24T12:40:42.181Z	W0000026000021de8fd
544.8884	2026-09-24T12:40:42.181Z	R0000026000021de8ff
544.8884	2026-09-24T12:40:42.181Z	E000000000000000000
544.8884	2026-09-24T12:40:42.181Z	M000000000000000000
544.8884	2026-09-24T12:40:42.181Z	Fffffffff0000000000
545.0703	2026-09-24T12:40:42.363Z	S011717000a4a5332eb
545.7520	2026-09-24T12:40:43.044Z	W0000026100021de901
545.7520	2026-09-24T12:40:43.045Z	R0000026100021de8ff
545.7520	2026-09-24T12:40:43.045Z	E000000000000000000
545.7520	2026-09-24T12:40:43.045Z	M000000000000000000
545.7520	2026-09-24T12:40:43.045Z	Fffffffff0000000000
545.8675	2026-09-24T12:40:43.160Z	S011717000a4e5332ef
546.5887	2026-09-24T12:40:43.881Z	W0000026200021de8fd
546.5887	2026-09-24T12:40:43.881Z	R0000026200021de8ff
546.5887	2026-09-24T12:40:43.881Z	E000000000000000000
546.6169	2026-09-24T12:40:43.909Z	M000000000000000000
546.6169	2026-09-24T12:40:43.909Z	Fffffffff0000000000
546.6851	2026-09-24T12:40:43.978Z	S011717000a525332f3
547.4705	2026-09-24T12:40:44.763Z	W0000026300021de901
547.4705	2026-09-24T12:40:44.763Z	R0000026300021de8ff
547.4705	2026-09-24T12:40:44.763Z	E000000000000000000
547.4705	2026-09-24T12:40:44.763Z	M000000000000000000
547.4705	2026-09-24T12:40:44.763Z	Fffffffff0000000000
547.4917	2026-09-24T12:40:44.784Z	S011717000a565332f7
548.2984	2026-09-24T12:40:45.591Z	S011717000a5a5332fb
548.3222	2026-09-24T12:40:45.615Z	W0000026400021de8fd
548.3222	2026-09-24T12:40:45.615Z	R0000026400021de8ff
548.3222	2026-09-24T12:40:45.615Z	E000000000000000000
548.3222	2026-09-24T12:40:45.615Z	M000000000000000000
548.3222	2026-09-24T12:40:45.615Z	Fffffffff0000000000
549.0887	2026-09-24T12:40:46.381Z	S011717000a5e5332ff
549.1654	2026-09-24T12:40:46.458Z	W0000026500021de901
549.1654	2026-09-24T12:40:46.458Z	R0000026500021de8ff
549.1654	2026-09-24T12:40:46.458Z	E000000000000000000
549.1887	2026-09-24T12:40:46.481Z	M000000000000000000
549.1887	2026-09-24T12:40:46.481Z	Fffffffff0000000000
549.9217	2026-09-24T12:40:47.214Z	S011717000a62533303
550.0247	2026-09-24T12:40:47.317Z	W0000026600021de8fd
550.0247	2026-09-24T12:40:47.317Z	R0000026600021de8ff
550.0247	2026-09-24T12:40:47.317Z	E000000000000000000
550.0518	2026-09-24T12:40:47.344Z	M000000000000000000
550.0518	2026-09-24T12:40:47.344Z	Fffffffff0000000000
550.6994	2026-09-24T12:40:47.992Z	S011717000a66533307
550.9051	2026-09-24T12:40:48.198Z	W0000026700021de901
550.9051	2026-09-24T12:40:48.198Z	R0000026700021de8ff
550.9051	2026-09-24T12:40:48.198Z	E000000000000000000
550.9051	2026-09-24T12:40:48.198Z	M000000000000000000
550.9051	2026-09-24T12:40:48.198Z	Fffffffff0000000000
551.5145	2026-09-24T12:40:48.807Z	S011717000a6a53330b
551.7464	2026-09-24T12:40:49.039Z	W0000026800021de8fd
551.7464	2026-09-24T12:40:49.039Z	R0000026800021de8ff
551.7464	2026-09-24T12:40:49.039Z	E000000000000000000
551.7689	2026-09-24T12:40:49.061Z	M000000000000000000
551.7689	2026-09-24T12:40:49.062Z	Fffffffff0000000000
552.3165	2026-09-24T12:40:49.609Z	S011717000a6e53330f
552.6213	2026-09-24T12:40:49.914Z	W0000026900021de901
552.6213	2026-09-24T12:40:49.914Z	R0000026900021de8ff
552.6213	2026-09-24T12:40:49.914Z	E000000000000000000
552.6213	2026-09-24T12:40:49.914Z	M000000000000000000
552.6213	2026-09-24T12:40:49.914Z	Fffffffff0000000000
553.1156	2026-09-24T12:40:50.408Z	S011717000a72533313
553.4664	2026-09-24T12:40:50.759Z	W0000026a00021de8fd
553.4664	2026-09-24T12:40:50.759Z	R0000026a00021de8ff
553.4664	2026-09-24T12:40:50.759Z	E000000000000000000
553.4664	2026-09-24T12:40:50.759Z	M000000000000000000
553.4664	2026-09-24T12:40:50.759Z	Fffffffff0000000000
553.9224	2026-09-24T12:40:51.215Z	S011717000a76533317
554.3206	2026-09-24T12:40:51.613Z	W0000026b00021de901
554.3206	2026-09-24T12:40:51.613Z	R0000026b00021de8ff
554.3206	2026-09-24T12:40:51.613Z	E000000000000000000
554.3466	2026-09-24T12:40:51.639Z	M000000000000000000
554.3466	2026-09-24T12:40:51.639Z	Fffffffff0000000000
554.7258	2026-09-24T12:40:52.018Z	S011717000a7a53331b
555.1980	2026-09-24T12:40:52.491Z	W0000026c00021de8fd
555.1980	2026-09-24T12:40:52.491Z	R0000026c00021de8ff
555.1980	2026-09-24T12:40:52.491Z	E000000000000000000
555.1980	2026-09-24T12:40:52.491Z	M000000000000000000
555.1980	2026-09-24T12:40:52.491Z	Fffffffff0000000000
555.5466	2026-09-24T12:40:52.839Z	S011717000a7e53331f
556.0512	2026-09-24T12:40:53.344Z	W0000026d00021de901
556.0512	2026-09-24T12:40:53.344Z	R0000026d00021de8ff
556.0512	2026-09-24T12:40:53.344Z	E000000000000000000
556.0512	2026-09-24T12:40:53.344Z	M000000000000000000
556.0512	2026-09-24T12:40:53.344Z	Fffffffff0000000000
556.3363	2026-09-24T12:40:53.629Z	S011717000a82533323
556.9170	2026-09-24T12:40:54.210Z	W0000026e00021de8fd
556.9170	2026-09-24T12:40:54.210Z	R0000026e00021de8ff
556.9170	2026-09-24T12:40:54.210Z	E000000000000000000
556.9170	2026-09-24T12:40:54.210Z	M000000000000000000
556.9170	2026-09-24T12:40:54.210Z	Fffffffff0000000000
557.1418	2026-09-24T12:40:54.434Z	S011717000a86533327
557.7576	2026-09-24T12:40:55.050Z	W0000026f00021de901
557.7576	2026-09-24T12:40:55.050Z	R0000026f00021de8ff
557.7576	2026-09-24T12:40:55.050Z	E000000000000000000
557.7846	2026-09-24T12:40:55.077Z	M000000000000000000
557.7846	2026-09-24T12:40:55.077Z	Fffffffff0000000000
557.9472	2026-09-24T12:40:55.240Z	S011717000a8a53332b
558.6279	2026-09-24T12:40:55.921Z	W0000027000021de8fd
558.6279	2026-09-24T12:40:55.921Z	R0000027000021de8ff
558.6279	2026-09-24T12:40:55.921Z	E000000000000000000
558.6279	2026-09-24T12:40:55.921Z	M000000000000000000
558.6279	2026-09-24T12:40:55.921Z	Fffffffff0000000000
558.7635	2026-09-24T12:40:56.056Z	S011717000a8e53332f
559.4925	2026-09-24T12:40:56.785Z	W0000027100021de901
559.4925	2026-09-24T12:40:56.785Z	R0000027100021de8ff
559.4925	2026-09-24T12:40:56.785Z	E000000000000000000
559.4925	2026-09-24T12:40:56.785Z	M000000000000000000
559.4925	2026-09-24T12:40:56.785Z	Fffffffff0000000000
559.5578	2026-09-24T12:40:56.850Z	S011717000a92533333
560.3460	2026-09-24T12:40:57.639Z	W0000027200021de8fd
560.3460	2026-09-24T12:40:57.639Z	R0000027200021de8ff
560.3460	2026-09-24T12:40:57.639Z	E000000000000000000
560.3460	2026-09-24T12:40:57.639Z	M000000000000000000
560.3460	2026-09-24T12:40:57.639Z	Fffffffff0000000000
560.3664	2026-09-24T12:40:57.659Z	S011717000a96533337
561.1848	2026-09-24T12:40:58.477Z	S011717000a9a53333b
561.2055	2026-09-24T12:40:58.498Z	W0000027300021de901
561.2055	2026-09-24T12:40:58.498Z	R0000027300021de8ff
561.2055	2026-09-24T12:40:58.498Z	E000000000000000000
561.2055	2026-09-24T12:40:58.498Z	M000000000000000000
561.2055	2026-09-24T12:40:58.498Z	Fffffffff0000000000
561.9948	2026-09-24T12:40:59.287Z	S011717000a9e53333f
562.0694	2026-09-24T12:40:59.362Z	W0000027400021de8fd
562.0694	2026-09-24T12:40:59.362Z	R0000027400021de8ff
562.0694	2026-09-24T12:40:59.362Z	E000000000000000000
562.0694	2026-09-24T12:40:59.362Z	M000000000000000000
562.0694	2026-09-24T12:40:59.362Z	Fffffffff0000000000
562.7790	2026-09-24T12:41:00.072Z	S011717000aa2533343
562.9369	2026-09-24T12:41:00.230Z	W0000027500021de901
562.9369	2026-09-24T12:41:00.230Z	R0000027500021de8ff
562.9369	2026-09-24T12:41:00.230Z	E000000000000000000
562.9369	2026-09-24T12:41:00.230Z	M000000000000000000
562.9369	2026-09-24T12:41:00.230Z	Fffffffff0000000000
563.5925	2026-09-24T12:41:00.885Z	S011717000aa6533347
563.7804	2026-09-24T12:41:01.073Z	W0000027600021de8fd
563.7804	2026-09-24T12:41:01.073Z	R0000027600021de8ff
563.7804	2026-09-24T12:41:01.073Z	E000000000000000000
563.7804	2026-09-24T12:41:01.073Z	M000000000000000000
563.7804	2026-09-24T12:41:01.073Z	Fffffffff0000000000
564.4158	2026-09-24T12:41:01.709Z	S011717000aaa53334b
564.6312	2026-09-24T12:41:01.924Z	W0000027700021de901
564.6312	2026-09-24T12:41:01.924Z	R0000027700021de8ff
564.6312	2026-09-24T12:41:01.924Z	E000000000000000000
564.6590	2026-09-24T12:41:01.952Z	M000000000000000000
564.6590	2026-09-24T12:41:01.952Z	Fffffffff0000000000
565.1947	2026-09-24T12:41:02.487Z	S011717000aae53334f
565.4942	2026-09-24T12:41:02.787Z	W0000027800021de8fd
565.4942	2026-09-24T12:41:02.787Z	R0000027800021de8ff
565.4942	2026-09-24T12:41:02.787Z	E000000000000000000
565.5219	2026-09-24T12:41:02.815Z	M000000000000000000
565.5219	2026-09-24T12:41:02.815Z	Fffffffff0000000000
566.0158	2026-09-24T12:41:03.308Z	S011717000ab2533353
566.3495	2026-09-24T12:41:03.642Z	W0000027900021de901
566.3495	2026-09-24T12:41:03.642Z	R0000027900021de8ff
566.3495	2026-09-24T12:41:03.642Z	E000000000000000000
566.3770	2026-09-24T12:41:03.670Z	M000000000000000000
566.3770	2026-09-24T12:41:03.670Z	Fffffffff0000000000
566.8066	2026-09-24T12:41:04.099Z	S011717000ab6533357
567.2161	2026-09-24T12:41:04.509Z	W0000027a00021de8fd
567.2161	2026-09-24T12:41:04.509Z	R0000027a00021de8ff
567.2161	2026-09-24T12:41:04.509Z	E000000000000000000
567.2161	2026-09-24T12:41:04.509Z	M000000000000000000
567.2161	2026-09-24T12:41:04.509Z	Fffffffff0000000000
567.6199	2026-09-24T12:41:04.913Z	S011717000aba53335b
568.0709	2026-09-24T12:41:05.364Z	W0000027b00021de901
568.0709	2026-09-24T12:41:05.364Z	R0000027b00021de8ff
568.0709	2026-09-24T12:41:05.364Z	E000000000000000000
568.0995	2026-09-24T12:41:05.392Z	M000000000000000000
568.0995	2026-09-24T12:41:05.392Z	Fffffffff0000000000
568.4446	2026-09-24T12:41:05.737Z	S011717000abe53335f
568.9524	2026-09-24T12:41:06.245Z	W0000027c00021de8fd
568.9524	2026-09-24T12:41:06.245Z	R0000027c00021de8ff
568.9524	2026-09-24T12:41:06.245Z	E000000000000000000
568.9524	2026-09-24T12:41:06.245Z	M000000000000000000
568.9524	2026-09-24T12:41:06.245Z	Fffffffff0000000000
569.2408	2026-09-24T12:41:06.534Z	S011717000ac2533363
569.7899	2026-09-24T12:41:07.083Z	W0000027d00021de901
569.7899	2026-09-24T12:41:07.083Z	R0000027d00021de8ff
569.7899	2026-09-24T12:41:07.083Z	E000000000000000000
569.8192	2026-09-24T12:41:07.112Z	M000000000000000000
569.8192	2026-09-24T12:41:07.112Z	Fffffffff0000000000
570.0266	2026-09-24T12:41:07.319Z	S011717000ac6533367
570.6668	2026-09-24T12:41:07.960Z	W0000027e00021de8fd
570.6668	2026-09-24T12:41:07.960Z	R0000027e00021de8ff
570.6668	2026-09-24T12:41:07.960Z	E000000000000000000
570.6668	2026-09-24T12:41:07.960Z	M000000000000000000
570.6668	2026-09-24T12:41:07.960Z	Fffffffff0000000000
570.8319	2026-09-24T12:41:08.125Z	S011717000aca53336b
571.5232	2026-09-24T12:41:08.816Z	W0000027f00021de901
571.5232	2026-09-24T12:41:08.816Z	R0000027f00021de8ff
571.5232	2026-09-24T12:41:08.816Z	E000000000000000000
571.5232	2026-09-24T12:41:08.816Z	M000000000000000000
571.5232	2026-09-24T12:41:08.816Z	Fffffffff0000000000
571.6571	2026-09-24T12:41:08.950Z	S011717000ace53336f
572.3804	2026-09-24T12:41:09.673Z	W0000028000021de8fd
572.3804	2026-09-24T12:41:09.673Z	R0000028000021de8ff
572.3804	2026-09-24T12:41:09.673Z	E000000000000000000
572.3804	2026-09-24T12:41:09.673Z	M000000000000000000
572.3804	2026-09-24T12:41:09.673Z	Fffffffff0000000000
572.4609	2026-09-24T12:41:09.754Z	S011717000ad2533373
573.2233	2026-09-24T12:41:10.516Z	W0000028100021de901
573.2233	2026-09-24T12:41:10.516Z	R0000028100021de8ff
573.2233	2026-09-24T12:41:10.516Z	E000000000000000000
573.2478	2026-09-24T12:41:10.541Z	M000000000000000000
573.2478	2026-09-24T12:41:10.541Z	Fffffffff0000000000
573.2478	2026-09-24T12:41:10.541Z	S011717000ad6533377
574.0532	2026-09-24T12:41:11.346Z	S011717000ada53337b
574.0825	2026-09-24T12:41:11.375Z	W0000028200021de8fd
574.0825	2026-09-24T12:41:11.375Z	R0000028200021de8ff
574.0825	2026-09-24T12:41:11.375Z	E000000000000000000
574.1078	2026-09-24T12:41:11.401Z	M000000000000000000
574.1078	2026-09-24T12:41:11.401Z	Fffffffff0000000000
574.8585	2026-09-24T12:41:12.151Z	S011717000ade53337f
574.9417	2026-09-24T12:41:12.234Z	W0000028300021de901
574.9417	2026-09-24T12:41:12.234Z	R0000028300021de8ff
574.9417	2026-09-24T12:41:12.234Z	E000000000000000000
574.9692	2026-09-24T12:41:12.262Z	M000000000000000000
574.9692	2026-09-24T12:41:12.262Z	Fffffffff0000000000
575.6844	2026-09-24T12:41:12.977Z	S011717000ae2533383
575.8112	2026-09-24T12:41:13.104Z	W0000028400021de8fd
575.8112	2026-09-24T12:41:13.104Z	R0000028400021de8ff
575.8112	2026-09-24T12:41:13.104Z	E000000000000000000
575.8112	2026-09-24T12:41:13.104Z	M000000000000000000
575.8112	2026-09-24T12:41:13.104Z	Fffffffff0000000000
576.4718	2026-09-24T12:41:13.765Z	S011717000ae6533387
576.6614	2026-09-24T12:41:13.954Z	W0000028500021de901
576.6614	2026-09-24T12:41:13.954Z	R0000028500021de8ff
576.6614	2026-09-24T12:41:13.954Z	E000000000000000000
576.6824	2026-09-24T12:41:13.975Z	M000000000000000000
576.6824	2026-09-24T12:41:13.975Z	Fffffffff0000000000
577.2850	2026-09-24T12:41:14.578Z	S011717000aea53338b
577.5196	2026-09-24T12:41:14.812Z	W0000028600021de8fd
577.5196	2026-09-24T12:41:14.813Z	R0000028600021de8ff
577.5196	2026-09-24T12:41:14.813Z	E000000000000000000
577.5428	2026-09-24T12:41:14.836Z	M000000000000000000
577.5428	2026-09-24T12:41:14.836Z	Fffffffff0000000000
578.0865	2026-09-24T12:41:15.379Z	S011717000aee53338f
578.3986	2026-09-24T12:41:15.691Z	W0000028700021de901
578.3986	2026-09-24T12:41:15.691Z	R0000028700021de8ff
578.3986	2026-09-24T12:41:15.692Z	E000000000000000000
578.3986	2026-09-24T12:41:15.692Z	M000000000000000000
578.3986	2026-09-24T12:41:15.692Z	Fffffffff0000000000
578.9128	2026-09-24T12:41:16.206Z	S011717000af2533393
579.2429	2026-09-24T12:41:16.536Z	W0000028800021de8fd
579.2429	2026-09-24T12:41:16.536Z	R0000028800021de8ff
579.2429	2026-09-24T12:41:16.536Z	E000000000000000000
579.2429	2026-09-24T12:41:16.536Z	M000000000000000000
579.2429	2026-09-24T12:41:16.536Z	Fffffffff0000000000
579.6906	2026-09-24T12:41:16.983Z	S011717000af6533397
580.1073	2026-09-24T12:41:17.400Z	W0000028900021de901
580.1073	2026-09-24T12:41:17.400Z	R0000028900021de8ff
580.1073	2026-09-24T12:41:17.400Z	E000000000000000000
580.1073	2026-09-24T12:41:17.400Z	M000000000000000000
580.1073	2026-09-24T12:41:17.400Z	Fffffffff0000000000
580.5088	2026-09-24T12:41:17.802Z	S011717000afa53339b
580.9703	2026-09-24T12:41:18.263Z	W0000028a00021de8fd
580.9703	2026-09-24T12:41:18.263Z	R0000028a00021de8ff
580.9703	2026-09-24T12:41:18.263Z	E000000000000000000
580.9703	2026-09-24T12:41:18.263Z	M000000000000000000
580.9703	2026-09-24T12:41:18.263Z	Fffffffff0000000000
581.3223	2026-09-24T12:41:18.615Z	S011717000afe53339f
581.8172	2026-09-24T12:41:19.110Z	W0000028b00021de901
581.8172	2026-09-24T12:41:19.110Z	R0000028b00021de8ff
581.8172	2026-09-24T12:41:19.110Z	E000000000000000000
581.8425	2026-09-24T12:41:19.135Z	M000000000000000000
581.8425	2026-09-24T12:41:19.135Z	Fffffffff0000000000
582.1133	2026-09-24T12:41:19.406Z	S011717000b025333a3
582.6927	2026-09-24T12:41:19.986Z	W0000028c00021de8fd
582.6927	2026-09-24T12:41:19.986Z	R0000028c00021de8ff
582.6927	2026-09-24T12:41:19.986Z	E000000000000000000
582.6927	2026-09-24T12:41:19.986Z	M000000000000000000
582.6927	2026-09-24T12:41:19.986Z	Fffffffff0000000000
582.9238	2026-09-24T12:41:20.217Z	S011717000b065333a7
583.5539	2026-09-24T12:41:20.847Z	W0000028d00021de901
583.5539	2026-09-24T12:41:20.847Z	R0000028d00021de8ff
583.5539	2026-09-24T12:41:20.847Z	E000000000000000000
583.5539	2026-09-24T12:41:20.847Z	M000000000000000000
583.5539	2026-09-24T12:41:20.847Z	Fffffffff0000000000
583.7171	2026-09-24T12:41:21.010Z	S011717000b0a5333ab
584.4197	2026-09-24T12:41:21.713Z	W0000028e00021de8fd
584.4197	2026-09-24T12:41:21.713Z	R0000028e00021de8ff
584.4197	2026-09-24T12:41:21.713Z	E000000000000000000
584.4197	2026-09-24T12:41:21.713Z	M000000000000000000
584.4197	2026-09-24T12:41:21.713Z	Fffffffff0000000000
584.5251	2026-09-24T12:41:21.818Z	S011717000b0e5333af
585.2524	2026-09-24T12:41:22.545Z	W0000028f00021de901
585.2524	2026-09-24T12:41:22.545Z	R0000028f00021de8ff
585.2524	2026-09-24T12:41:22.545Z	E000000000000000000
585.2755	2026-09-24T12:41:22.568Z	M000000000000000000
585.2755	2026-09-24T12:41:22.568Z	Fffffffff0000000000
585.3277	2026-09-24T12:41:22.621Z	S011717000b125333b3
586.1329	2026-09-24T12:41:23.426Z	W0000029000021de8fd
586.1329	2026-09-24T12:41:23.426Z	R0000029000021de8ff
586.1329	2026-09-24T12:41:23.426Z	E000000000000000000
586.1329	2026-09-24T12:41:23.426Z	M000000000000000000
586.1329	2026-09-24T12:41:23.426Z	Fffffffff0000000000
586.1329	2026-09-24T12:41:23.426Z	S011717000b165333b7
586.9466	2026-09-24T12:41:24.240Z	S011717000b1a5333bb
586.9708	2026-09-24T12:41:24.264Z	W0000029100021de901
586.9708	2026-09-24T12:41:24.264Z	R0000029100021de8ff
586.9708	2026-09-24T12:41:24.264Z	E000000000000000000
586.9931	2026-09-24T12:41:24.286Z	M000000000000000000
586.9931	2026-09-24T12:41:24.286Z	Fffffffff0000000000
587.7629	2026-09-24T12:41:25.056Z	S011717000b1e5333bf
587.8316	2026-09-24T12:41:25.125Z	W0000029200021de8fd
587.8316	2026-09-24T12:41:25.125Z	R0000029200021de8ff
587.8316	2026-09-24T12:41:25.125Z	E000000000000000000
587.8582	2026-09-24T12:41:25.151Z	M000000000000000000
587.8582	2026-09-24T12:41:25.151Z	Fffffffff0000000000
588.5555	2026-09-24T12:41:25.848Z	S011717000b225333c3
588.6966	2026-09-24T12:41:25.990Z	W0000029300021de901
588.6966	2026-09-24T12:41:25.990Z	R0000029300021de8ff
588.6966	2026-09-24T12:41:25.990Z	E000000000000000000
588.6966	2026-09-24T12:41:25.990Z	M000000000000000000
588.6966	2026-09-24T12:41:25.990Z	Fffffffff0000000000
589.3650	2026-09-24T12:41:26.658Z	S011717000b265333c7
589.5485	2026-09-24T12:41:26.841Z	W0000029400021de8fd
589.5485	2026-09-24T12:41:26.841Z	R0000029400021de8ff
589.5485	2026-09-24T12:41:26.842Z	E000000000000000000
589.5763	2026-09-24T12:41:26.869Z	M000000000000000000
589.5763	2026-09-24T12:41:26.869Z	Fffffffff0000000000
590.1617	2026-09-24T12:41:27.455Z	S011717000b2a5333cb
590.4208	2026-09-24T12:41:27.714Z	W0000029500021de901
590.4208	2026-09-24T12:41:27.714Z	R0000029500021de8ff
590.4208	2026-09-24T12:41:27.714Z	E000000000000000000
590.4208	2026-09-24T12:41:27.714Z	M000000000000000000
590.4208	2026-09-24T12:41:27.714Z	Fffffffff0000000000
590.9670	2026-09-24T12:41:28.260Z	S011717000b2e5333cf
591.2711	2026-09-24T12:41:28.564Z	W0000029600021de8fd
591.2711	2026-09-24T12:41:28.564Z	R0000029600021de8ff
591.2711	2026-09-24T12:41:28.564Z	E000000000000000000
591.2938	2026-09-24T12:41:28.587Z	M000000000000000000
591.2938	2026-09-24T12:41:28.587Z	Fffffffff0000000000
591.7758	2026-09-24T12:41:29.069Z	S011717000b325333d3
592.1262	2026-09-24T12:41:29.419Z	W0000029700021de901
592.1262	2026-09-24T12:41:29.419Z	R0000029700021de8ff
592.1262	2026-09-24T12:41:29.419Z	E000000000000000000
592.1513	2026-09-24T12:41:29.444Z	M000000000000000000
592.1513	2026-09-24T12:41:29.444Z	Fffffffff0000000000
592.5844	2026-09-24T12:41:29.877Z	S011717000b365333d7
592.9977	2026-09-24T12:41:30.291Z	W0000029800021de8fd
592.9977	2026-09-24T12:41:30.291Z	R0000029800021de8ff
592.9977	2026-09-24T12:41:30.291Z	E000000000000000000
592.9977	2026-09-24T12:41:30.291Z	M000000000000000000
592.9977	2026-09-24T12:41:30.291Z	Fffffffff0000000000
593.3890	2026-09-24T12:41:30.682Z	S011717000b3a5333db
593.8446	2026-09-24T12:41:31.138Z	W0000029900021de901
593.8446	2026-09-24T12:41:31.138Z	R0000029900021de8ff
593.8446	2026-09-24T12:41:31.138Z	E000000000000000000
593.8688	2026-09-24T12:41:31.162Z	M000000000000000000
593.8688	2026-09-24T12:41:31.162Z	Fffffffff0000000000
594.1862	2026-09-24T12:41:31.479Z	S011717000b3e5333df
594.7120	2026-09-24T12:41:32.005Z	W0000029a00021de8fd
594.7120	2026-09-24T12:41:32.005Z	R0000029a00021de8ff
594.7120	2026-09-24T12:41:32.005Z	E000000000000000000
594.7120	2026-09-24T12:41:32.005Z	M000000000000000000
594.7120	2026-09-24T12:41:32.005Z	Fffffffff0000000000
594.9915	2026-09-24T12:41:32.285Z	S011717000b425333e3
595.5758	2026-09-24T12:41:32.869Z	W0000029b00021de901
595.5758	2026-09-24T12:41:32.869Z	R0000029b00021de8ff
595.5758	2026-09-24T12:41:32.869Z	E000000000000000000
595.5758	2026-09-24T12:41:32.869Z	M000000000000000000
595.5758	2026-09-24T12:41:32.869Z	Fffffffff0000000000
595.7968	2026-09-24T12:41:33.090Z	S011717000b465333e7
596.4364	2026-09-24T12:41:33.729Z	W0000029c00021de8fd
596.4364	2026-09-24T12:41:33.729Z	R0000029c00021de8ff
596.4364	2026-09-24T12:41:33.729Z	E000000000000000000
596.4364	2026-09-24T12:41:33.729Z	M000000000000000000
596.4364	2026-09-24T12:41:33.729Z	Fffffffff0000000000
596.6022	2026-09-24T12:41:33.895Z	S011717000b4a5333eb
597.2815	2026-09-24T12:41:34.575Z	W0000029d00021de901
597.2815	2026-09-24T12:41:34.575Z	R0000029d00021de8ff
597.2815	2026-09-24T12:41:34.575Z	E000000000000000000
597.3049	2026-09-24T12:41:34.598Z	M000000000000000000
597.3049	2026-09-24T12:41:34.598Z	Fffffffff0000000000
597.4117	2026-09-24T12:41:34.705Z	S011717000b4e5333ef
598.1456	2026-09-24T12:41:35.439Z	W0000029e00021de8fd
598.1456	2026-09-24T12:41:35.439Z	R0000029e00021de8ff
598.1456	2026-09-24T12:41:35.439Z	E000000000000000000
598.1456	2026-09-24T12:41:35.439Z	M000000000000000000
598.1456	2026-09-24T12:41:35.439Z	Fffffffff0000000000
598.2283	2026-09-24T12:41:35.521Z	S011717000b525333f3
598.9998	2026-09-24T12:41:36.293Z	W0000029f00021de901
598.9998	2026-09-24T12:41:36.293Z	R0000029f00021de8ff
598.9998	2026-09-24T12:41:36.293Z	E000000000000000000
599.0208	2026-09-24T12:41:36.314Z	M000000000000000000
599.0208	2026-09-24T12:41:36.314Z	Fffffffff0000000000
599.0208	2026-09-24T12:41:36.314Z	S011717000b565333f7
599.8277	2026-09-24T12:41:37.121Z	S011717000b5a5333fb
599.8849	2026-09-24T12:41:37.178Z	W000002a000021de8fd
599.8849	2026-09-24T12:41:37.178Z	R000002a000021de8ff
599.8849	2026-09-24T12:41:37.178Z	E000000000000000000
599.8849	2026-09-24T12:41:37.178Z	M000000000000000000
599.8849	2026-09-24T12:41:37.178Z	Fffffffff0000000000
600.6441	2026-09-24T12:41:37.937Z	S011717000b5e5333ff
600.7199	2026-09-24T12:41:38.013Z	W000002a100021de901
600.7199	2026-09-24T12:41:38.013Z	R000002a100021de8ff
600.7199	2026-09-24T12:41:38.013Z	E000000000000000000
600.7455	2026-09-24T12:41:38.039Z	M000000000000000000
600.7455	2026-09-24T12:41:38.039Z	Fffffffff0000000000
601.4574	2026-09-24T12:41:38.750Z	S011717000b62533403
601.5799	2026-09-24T12:41:38.873Z	W000002a200021de8fd
601.5799	2026-09-24T12:41:38.873Z	R000002a200021de8ff
601.5799	2026-09-24T12:41:38.873Z	E000000000000000000
601.6090	2026-09-24T12:41:38.902Z	M000000000000000000
601.6090	2026-09-24T12:41:38.902Z	Fffffffff0000000000
602.2394	2026-09-24T12:41:39.532Z	S011717000b66533407
602.4416	2026-09-24T12:41:39.735Z	W000002a300021de901
602.4416	2026-09-24T12:41:39.735Z	R000002a300021de8ff
602.4416	2026-09-24T12:41:39.735Z	E000000000000000000
602.4416	2026-09-24T12:41:39.735Z	M000000000000000000
602.4416	2026-09-24T12:41:39.735Z	Fffffffff0000000000
603.0463	2026-09-24T12:41:40.339Z	S011717000b6a53340b
603.2959	2026-09-24T12:41:40.589Z	W000002a400021de8fd
603.2959	2026-09-24T12:41:40.589Z	R000002a400021de8ff
603.2959	2026-09-24T12:41:40.589Z	E000000000000000000
603.3209	2026-09-24T12:41:40.614Z	M000000000000000000
603.3209	2026-09-24T12:41:40.614Z	Fffffffff0000000000
603.8499	2026-09-24T12:41:41.143Z	S011717000b6e53340f
604.1654	2026-09-24T12:41:41.458Z	W000002a500021de901
604.1654	2026-09-24T12:41:41.459Z	R000002a500021de8ff
604.1654	2026-09-24T12:41:41.459Z	E000000000000000000
604.1654	2026-09-24T12:41:41.459Z	M000000000000000000
604.1654	2026-09-24T12:41:41.459Z	Fffffffff0000000000
604.6553	2026-09-24T12:41:41.948Z	S011717000b72533413
605.0144	2026-09-24T12:41:42.308Z	W000002a600021de8fd
605.0144	2026-09-24T12:41:42.308Z	R000002a600021de8ff
605.0144	2026-09-24T12:41:42.308Z	E000000000000000000
605.0422	2026-09-24T12:41:42.335Z	M000000000000000000
605.0422	2026-09-24T12:41:42.335Z	Fffffffff0000000000
605.4606	2026-09-24T12:41:42.754Z	S011717000b76533417
605.8736	2026-09-24T12:41:43.167Z	W000002a700021de901
605.8736	2026-09-24T12:41:43.167Z	R000002a700021de8ff
605.8736	2026-09-24T12:41:43.167Z	E000000000000000000
605.8978	2026-09-24T12:41:43.191Z	M000000000000000000
605.8978	2026-09-24T12:41:43.191Z	Fffffffff0000000000
606.2791	2026-09-24T12:41:43.572Z	S011717000b7a53341b
606.7479	2026-09-24T12:41:44.041Z	W000002a800021de8fd
606.7479	2026-09-24T12:41:44.041Z	R000002a800021de8ff
606.7479	2026-09-24T12:41:44.041Z	E000000000000000000
606.7479	2026-09-24T12:41:44.041Z	M000000000000000000
606.7479	2026-09-24T12:41:44.041Z	Fffffffff0000000000
607.0912	2026-09-24T12:41:44.384Z	S011717000b7e53341f
607.6061	2026-09-24T12:41:44.899Z	W000002a900021de901
607.6061	2026-09-24T12:41:44.899Z	R000002a900021de8ff
607.6061	2026-09-24T12:41:44.899Z	E000000000000000000
607.6061	2026-09-24T12:41:44.899Z	M000000000000000000
607.6061	2026-09-24T12:41:44.899Z	Fffffffff0000000000
607.8765	2026-09-24T12:41:45.170Z	S011717000b82533423
608.4579	2026-09-24T12:41:45.751Z	W000002aa00021de8fd
608.4579	2026-09-24T12:41:45.751Z	R000002aa00021de8ff
608.4579	2026-09-24T12:41:45.751Z	E000000000000000000
608.4579	2026-09-24T12:41:45.751Z	M000000000000000000
608.4579	2026-09-24T12:41:45.751Z	Fffffffff0000000000
608.6943	2026-09-24T12:41:45.987Z	S011717000b86533427
609.3105	2026-09-24T12:41:46.604Z	W000002ab00021de901
609.3105	2026-09-24T12:41:46.604Z	R000002ab00021de8ff
609.3105	2026-09-24T12:41:46.604Z	E000000000000000000
609.3360	2026-09-24T12:41:46.629Z	M000000000000000000
609.3360	2026-09-24T12:41:46.629Z	Fffffffff0000000000
609.4956	2026-09-24T12:41:46.789Z	S011717000b8a53342b
610.1848	2026-09-24T12:41:47.478Z	W000002ac00021de8fd
610.1848	2026-09-24T12:41:47.478Z	R000002ac00021de8ff
610.1848	2026-09-24T12:41:47.478Z	E000000000000000000
610.1848	2026-09-24T12:41:47.478Z	M000000000000000000
610.1848	2026-09-24T12:41:47.478Z	Fffffffff0000000000
610.3121	2026-09-24T12:41:47.605Z	S011717000b8e53342f
611.0559	2026-09-24T12:41:48.349Z	W000002ad00021de901
611.0559	2026-09-24T12:41:48.349Z	R000002ad00021de8ff
611.0559	2026-09-24T12:41:48.349Z	E000000000000000000
611.0559	2026-09-24T12:41:48.349Z	M000000000000000000
611.0559	2026-09-24T12:41:48.349Z	Fffffffff0000000000
611.1028	2026-09-24T12:41:48.396Z	S011717000b92533433
611.8906	2026-09-24T12:41:49.184Z	W000002ae00021de8fd
611.8906	2026-09-24T12:41:49.184Z	R000002ae00021de8ff
611.8906	2026-09-24T12:41:49.184Z	E000000000000000000
611.9147	2026-09-24T12:41:49.208Z	M000000000000000000
611.9147	2026-09-24T12:41:49.208Z	Fffffffff0000000000
611.9147	2026-09-24T12:41:49.208Z	S011717000b96533437
612.7265	2026-09-24T12:41:50.020Z	S011717000b9a53343b
612.7472	2026-09-24T12:41:50.040Z	W000002af00021de901
612.7472	2026-09-24T12:41:50.040Z	R000002af00021de8ff
612.7472	2026-09-24T12:41:50.040Z	E000000000000000000
612.7712	2026-09-24T12:41:50.064Z	M000000000000000000
612.7712	2026-09-24T12:41:50.064Z	Fffffffff0000000000
613.5308	2026-09-24T12:41:50.824Z	S011717000b9e53343f
613.6247	2026-09-24T12:41:50.918Z	W000002b000021de8fd
613.6247	2026-09-24T12:41:50.918Z	R000002b000021de8ff
613.6247	2026-09-24T12:41:50.918Z	E000000000000000000
613.6247	2026-09-24T12:41:50.918Z	M000000000000000000
613.6247	2026-09-24T12:41:50.918Z	Fffffffff0000000000
614.3301	2026-09-24T12:41:51.623Z	S011717000ba2533443
614.4732	2026-09-24T12:41:51.766Z	W000002b100021de901
614.4732	2026-09-24T12:41:51.766Z	R000002b100021de8ff
614.4732	2026-09-24T12:41:51.766Z	E000000000000000000
614.4732	2026-09-24T12:41:51.766Z	M000000000000000000
614.4732	2026-09-24T12:41:51.766Z	Fffffffff0000000000
