Info: Propagating clock constraints...
Info:     derived 200.0 MHz for net 'clk200_in' (through IBUFDS 'clk200_ibufds')
Info:     PLLE2_ADV 'pll': input 200.0 MHz, VCO 1200.0 MHz
Info:     derived 60.0 MHz for net 'ctrl_raw' (through PLLE2_ADV 'pll')
Info:     derived 240.0 MHz for net 'ddr_raw' (through PLLE2_ADV 'pll')
Info:     derived 200.0 MHz for net 'ref_raw' (through PLLE2_ADV 'pll')
Info:     derived 240.0 MHz for net 'ddr90_raw' (through PLLE2_ADV 'pll')
Info:     derived 1200.5 MHz for net 'pll_fb' (through PLLE2_ADV 'pll')
Info:     PLLE2_ADV 'pll': input 200.0 MHz, VCO 1200.0 MHz
Info: Packing constants..
Info: Inserting IO buffers..
Info:     IO port 'clk200_n' driven by IBUFDS 'clk200_ibufds'
Info:     IO port 'clk200_p' driven by IBUFDS 'clk200_ibufds'
Info:     IO port 'ddr3_cas_n' driven by OBUF '$iopadmap$tms_ddr3_loader_ax7203.ddr3_cas_n'
Info:     IO port 'ddr3_ck_n' driven by OBUFDS 'ddr3.ddr3_phy_inst.genblk4.genblk1.OBUFDS_inst'
Info:     IO port 'ddr3_ck_p' driven by OBUFDS 'ddr3.ddr3_phy_inst.genblk4.genblk1.OBUFDS_inst'
Info:     IO port 'ddr3_cke' driven by OBUF '$iopadmap$tms_ddr3_loader_ax7203.ddr3_cke'
Info:     IO port 'ddr3_cs_n' driven by OBUF '$iopadmap$tms_ddr3_loader_ax7203.ddr3_cs_n'
Info:     IO port 'ddr3_odt' driven by OBUF '$iopadmap$tms_ddr3_loader_ax7203.ddr3_odt'
Info:     IO port 'ddr3_ras_n' driven by OBUF '$iopadmap$tms_ddr3_loader_ax7203.ddr3_ras_n'
Info:     IO port 'ddr3_reset_n' driven by OBUF '$iopadmap$tms_ddr3_loader_ax7203.ddr3_reset_n'
Info:     IO port 'ddr3_we_n' driven by OBUF '$iopadmap$tms_ddr3_loader_ax7203.ddr3_we_n'
Info:     IO port 'rst_n' driven by IBUF '$iopadmap$tms_ddr3_loader_ax7203.rst_n'
Info:     IO port 'uart_rx' driven by IBUF '$iopadmap$tms_ddr3_loader_ax7203.uart_rx'
Info:     IO port 'uart_tx' driven by OBUF '$iopadmap$tms_ddr3_loader_ax7203.uart_tx'
Info:     IO port 'ddr3_addr[0]' driven by OBUF '$iopadmap$tms_ddr3_loader_ax7203.ddr3_addr'
Info:     IO port 'ddr3_addr[1]' driven by OBUF '$iopadmap$tms_ddr3_loader_ax7203.ddr3_addr_1'
Info:     IO port 'ddr3_addr[10]' driven by OBUF '$iopadmap$tms_ddr3_loader_ax7203.ddr3_addr_10'
Info:     IO port 'ddr3_addr[11]' driven by OBUF '$iopadmap$tms_ddr3_loader_ax7203.ddr3_addr_11'
Info:     IO port 'ddr3_addr[12]' driven by OBUF '$iopadmap$tms_ddr3_loader_ax7203.ddr3_addr_12'
Info:     IO port 'ddr3_addr[13]' driven by OBUF '$iopadmap$tms_ddr3_loader_ax7203.ddr3_addr_13'
Info:     IO port 'ddr3_addr[14]' driven by OBUF '$iopadmap$tms_ddr3_loader_ax7203.ddr3_addr_14'
Info:     IO port 'ddr3_addr[2]' driven by OBUF '$iopadmap$tms_ddr3_loader_ax7203.ddr3_addr_2'
Info:     IO port 'ddr3_addr[3]' driven by OBUF '$iopadmap$tms_ddr3_loader_ax7203.ddr3_addr_3'
Info:     IO port 'ddr3_addr[4]' driven by OBUF '$iopadmap$tms_ddr3_loader_ax7203.ddr3_addr_4'
Info:     IO port 'ddr3_addr[5]' driven by OBUF '$iopadmap$tms_ddr3_loader_ax7203.ddr3_addr_5'
Info:     IO port 'ddr3_addr[6]' driven by OBUF '$iopadmap$tms_ddr3_loader_ax7203.ddr3_addr_6'
Info:     IO port 'ddr3_addr[7]' driven by OBUF '$iopadmap$tms_ddr3_loader_ax7203.ddr3_addr_7'
Info:     IO port 'ddr3_addr[8]' driven by OBUF '$iopadmap$tms_ddr3_loader_ax7203.ddr3_addr_8'
Info:     IO port 'ddr3_addr[9]' driven by OBUF '$iopadmap$tms_ddr3_loader_ax7203.ddr3_addr_9'
Info:     IO port 'ddr3_ba[0]' driven by OBUF '$iopadmap$tms_ddr3_loader_ax7203.ddr3_ba'
Info:     IO port 'ddr3_ba[1]' driven by OBUF '$iopadmap$tms_ddr3_loader_ax7203.ddr3_ba_1'
Info:     IO port 'ddr3_ba[2]' driven by OBUF '$iopadmap$tms_ddr3_loader_ax7203.ddr3_ba_2'
Info:     IO port 'led[0]' driven by OBUF '$iopadmap$tms_ddr3_loader_ax7203.led'
Info:     IO port 'led[1]' driven by OBUF '$iopadmap$tms_ddr3_loader_ax7203.led_1'
Info:     IO port 'led[2]' driven by OBUF '$iopadmap$tms_ddr3_loader_ax7203.led_2'
Info:     IO port 'led[3]' driven by OBUF '$iopadmap$tms_ddr3_loader_ax7203.led_3'
Info:     IO port 'ddr3_dq[0]' driven by IOBUF 'ddr3.ddr3_phy_inst.genblk5[0].genblk1.IOBUF_data'
Info:     IO port 'ddr3_dq[10]' driven by IOBUF 'ddr3.ddr3_phy_inst.genblk5[10].genblk1.IOBUF_data'
Info:     IO port 'ddr3_dq[11]' driven by IOBUF 'ddr3.ddr3_phy_inst.genblk5[11].genblk1.IOBUF_data'
Info:     IO port 'ddr3_dq[12]' driven by IOBUF 'ddr3.ddr3_phy_inst.genblk5[12].genblk1.IOBUF_data'
Info:     IO port 'ddr3_dq[13]' driven by IOBUF 'ddr3.ddr3_phy_inst.genblk5[13].genblk1.IOBUF_data'
Info:     IO port 'ddr3_dq[14]' driven by IOBUF 'ddr3.ddr3_phy_inst.genblk5[14].genblk1.IOBUF_data'
Info:     IO port 'ddr3_dq[15]' driven by IOBUF 'ddr3.ddr3_phy_inst.genblk5[15].genblk1.IOBUF_data'
Info:     IO port 'ddr3_dq[1]' driven by IOBUF 'ddr3.ddr3_phy_inst.genblk5[1].genblk1.IOBUF_data'
Info:     IO port 'ddr3_dq[2]' driven by IOBUF 'ddr3.ddr3_phy_inst.genblk5[2].genblk1.IOBUF_data'
Info:     IO port 'ddr3_dq[3]' driven by IOBUF 'ddr3.ddr3_phy_inst.genblk5[3].genblk1.IOBUF_data'
Info:     IO port 'ddr3_dq[4]' driven by IOBUF 'ddr3.ddr3_phy_inst.genblk5[4].genblk1.IOBUF_data'
Info:     IO port 'ddr3_dq[5]' driven by IOBUF 'ddr3.ddr3_phy_inst.genblk5[5].genblk1.IOBUF_data'
Info:     IO port 'ddr3_dq[6]' driven by IOBUF 'ddr3.ddr3_phy_inst.genblk5[6].genblk1.IOBUF_data'
Info:     IO port 'ddr3_dq[7]' driven by IOBUF 'ddr3.ddr3_phy_inst.genblk5[7].genblk1.IOBUF_data'
Info:     IO port 'ddr3_dq[8]' driven by IOBUF 'ddr3.ddr3_phy_inst.genblk5[8].genblk1.IOBUF_data'
Info:     IO port 'ddr3_dq[9]' driven by IOBUF 'ddr3.ddr3_phy_inst.genblk5[9].genblk1.IOBUF_data'
Info:     IO port 'ddr3_dm[0]' driven by OBUF 'ddr3.ddr3_phy_inst.genblk6[0].genblk1.OBUF_dm'
Info:     IO port 'ddr3_dm[1]' driven by OBUF 'ddr3.ddr3_phy_inst.genblk6[1].genblk1.OBUF_dm'
Info:     IO port 'ddr3_dqs_p[0]' driven by IOBUFDS 'ddr3.ddr3_phy_inst.genblk7[0].genblk1.IOBUFDS_dqs'
Info:     IO port 'ddr3_dqs_n[0]' driven by IOBUFDS 'ddr3.ddr3_phy_inst.genblk7[0].genblk1.IOBUFDS_dqs'
Info:     IO port 'ddr3_dqs_p[1]' driven by IOBUFDS 'ddr3.ddr3_phy_inst.genblk7[1].genblk1.IOBUFDS_dqs'
Info:     IO port 'ddr3_dqs_n[1]' driven by IOBUFDS 'ddr3.ddr3_phy_inst.genblk7[1].genblk1.IOBUFDS_dqs'
Info:     Constraining 'clk200_n' to site 'IOB_X1Y123'
Info:     Tile 'RIOB33_X105Y123'
Info:     Constraining 'clk200_p' to site 'IOB_X1Y124'
Info:     Tile 'RIOB33_X105Y123'
Info:     Constraining 'ddr3_cas_n' to site 'IOB_X1Y125'
Info:     Tile 'RIOB33_X105Y125'
Info:     Constraining 'ddr3_ck_n' to site 'IOB_X1Y143'
Info:     Tile 'RIOB33_X105Y143'
Info:     Constraining 'ddr3_ck_p' to site 'IOB_X1Y144'
Info:     Tile 'RIOB33_X105Y143'
Info:     Constraining 'ddr3_cke' to site 'IOB_X1Y122'
Info:     Tile 'RIOB33_X105Y121'
Info:     Constraining 'ddr3_cs_n' to site 'IOB_X1Y134'
Info:     Tile 'RIOB33_X105Y133'
Info:     Constraining 'ddr3_odt' to site 'IOB_X1Y121'
Info:     Tile 'RIOB33_X105Y121'
Info:     Constraining 'ddr3_ras_n' to site 'IOB_X1Y126'
Info:     Tile 'RIOB33_X105Y125'
Info:     Constraining 'ddr3_reset_n' to site 'IOB_X1Y120'
Info:     Tile 'RIOB33_X105Y119'
Info:     Constraining 'ddr3_we_n' to site 'IOB_X1Y136'
Info:     Tile 'RIOB33_X105Y135'
Info:     Constraining 'rst_n' to site 'IOB_X1Y115'
Info:     Tile 'RIOB33_X105Y115'
Info:     Constraining 'uart_rx' to site 'IOB_X0Y149'
Info:     Tile 'LIOB33_SING_X0Y149'
Info:     Constraining 'uart_tx' to site 'IOB_X0Y100'
Info:     Tile 'LIOB33_SING_X0Y100'
Info:     Constraining 'ddr3_addr[0]' to site 'IOB_X1Y127'
Info:     Tile 'RIOB33_X105Y127'
Info:     Constraining 'ddr3_addr[1]' to site 'IOB_X1Y133'
Info:     Tile 'RIOB33_X105Y133'
Info:     Constraining 'ddr3_addr[10]' to site 'IOB_X1Y139'
Info:     Tile 'RIOB33_X105Y139'
Info:     Constraining 'ddr3_addr[11]' to site 'IOB_X1Y142'
Info:     Tile 'RIOB33_X105Y141'
Info:     Constraining 'ddr3_addr[12]' to site 'IOB_X1Y141'
Info:     Tile 'RIOB33_X105Y141'
Info:     Constraining 'ddr3_addr[13]' to site 'IOB_X1Y147'
Info:     Tile 'RIOB33_X105Y147'
Info:     Constraining 'ddr3_addr[14]' to site 'IOB_X1Y137'
Info:     Tile 'RIOB33_X105Y137'
Info:     Constraining 'ddr3_addr[2]' to site 'IOB_X1Y130'
Info:     Tile 'RIOB33_X105Y129'
Info:     Constraining 'ddr3_addr[3]' to site 'IOB_X1Y129'
Info:     Tile 'RIOB33_X105Y129'
Info:     Constraining 'ddr3_addr[4]' to site 'IOB_X1Y135'
Info:     Tile 'RIOB33_X105Y135'
Info:     Constraining 'ddr3_addr[5]' to site 'IOB_X1Y138'
Info:     Tile 'RIOB33_X105Y137'
Info:     Constraining 'ddr3_addr[6]' to site 'IOB_X1Y140'
Info:     Tile 'RIOB33_X105Y139'
Info:     Constraining 'ddr3_addr[7]' to site 'IOB_X1Y148'
Info:     Tile 'RIOB33_X105Y147'
Info:     Constraining 'ddr3_addr[8]' to site 'IOB_X1Y145'
Info:     Tile 'RIOB33_X105Y145'
Info:     Constraining 'ddr3_addr[9]' to site 'IOB_X1Y146'
Info:     Tile 'RIOB33_X105Y145'
Info:     Constraining 'ddr3_ba[0]' to site 'IOB_X1Y131'
Info:     Tile 'RIOB33_X105Y131'
Info:     Constraining 'ddr3_ba[1]' to site 'IOB_X1Y132'
Info:     Tile 'RIOB33_X105Y131'
Info:     Constraining 'ddr3_ba[2]' to site 'IOB_X1Y128'
Info:     Tile 'RIOB33_X105Y127'
Info:     Constraining 'led[0]' to site 'IOB_X0Y233'
Info:     Tile 'LIOB33_X0Y233'
Info:     Constraining 'led[1]' to site 'IOB_X0Y234'
Info:     Tile 'LIOB33_X0Y233'
Info:     Constraining 'led[2]' to site 'IOB_X0Y238'
Info:     Tile 'LIOB33_X0Y237'
Info:     Constraining 'led[3]' to site 'IOB_X0Y237'
Info:     Tile 'LIOB33_X0Y237'
Info:     Constraining 'ddr3_dq[0]' to site 'IOB_X1Y196'
Info:     Tile 'RIOB33_X105Y195'
Info:     Constraining 'ddr3_dq[10]' to site 'IOB_X1Y184'
Info:     Tile 'RIOB33_X105Y183'
Info:     Constraining 'ddr3_dq[11]' to site 'IOB_X1Y179'
Info:     Tile 'RIOB33_X105Y179'
Info:     Constraining 'ddr3_dq[12]' to site 'IOB_X1Y185'
Info:     Tile 'RIOB33_X105Y185'
Info:     Constraining 'ddr3_dq[13]' to site 'IOB_X1Y180'
Info:     Tile 'RIOB33_X105Y179'
Info:     Constraining 'ddr3_dq[14]' to site 'IOB_X1Y186'
Info:     Tile 'RIOB33_X105Y185'
Info:     Constraining 'ddr3_dq[15]' to site 'IOB_X1Y176'
Info:     Tile 'RIOB33_X105Y175'
Info:     Constraining 'ddr3_dq[1]' to site 'IOB_X1Y190'
Info:     Tile 'RIOB33_X105Y189'
Info:     Constraining 'ddr3_dq[2]' to site 'IOB_X1Y197'
Info:     Tile 'RIOB33_X105Y197'
Info:     Constraining 'ddr3_dq[3]' to site 'IOB_X1Y188'
Info:     Tile 'RIOB33_X105Y187'
Info:     Constraining 'ddr3_dq[4]' to site 'IOB_X1Y195'
Info:     Tile 'RIOB33_X105Y195'
Info:     Constraining 'ddr3_dq[5]' to site 'IOB_X1Y189'
Info:     Tile 'RIOB33_X105Y189'
Info:     Constraining 'ddr3_dq[6]' to site 'IOB_X1Y198'
Info:     Tile 'RIOB33_X105Y197'
Info:     Constraining 'ddr3_dq[7]' to site 'IOB_X1Y192'
Info:     Tile 'RIOB33_X105Y191'
Info:     Constraining 'ddr3_dq[8]' to site 'IOB_X1Y178'
Info:     Tile 'RIOB33_X105Y177'
Info:     Constraining 'ddr3_dq[9]' to site 'IOB_X1Y177'
Info:     Tile 'RIOB33_X105Y177'
Info:     Constraining 'ddr3_dm[0]' to site 'IOB_X1Y191'
Info:     Tile 'RIOB33_X105Y191'
Info:     Constraining 'ddr3_dm[1]' to site 'IOB_X1Y183'
Info:     Tile 'RIOB33_X105Y183'
Info:     Constraining 'ddr3_dqs_p[0]' to site 'IOB_X1Y194'
Info:     Tile 'RIOB33_X105Y193'
Info:     Constraining 'ddr3_dqs_n[0]' to site 'IOB_X1Y193'
Info:     Tile 'RIOB33_X105Y193'
Info:     Constraining 'ddr3_dqs_p[1]' to site 'IOB_X1Y182'
Info:     Tile 'RIOB33_X105Y181'
Info:     Constraining 'ddr3_dqs_n[1]' to site 'IOB_X1Y181'
Info:     Tile 'RIOB33_X105Y181'
Info: Generating output buffer for '$iopadmap$tms_ddr3_loader_ax7203.ddr3_cas_n'
Info: Generating output buffer for '$iopadmap$tms_ddr3_loader_ax7203.ddr3_cke'
Info: Generating output buffer for '$iopadmap$tms_ddr3_loader_ax7203.ddr3_cs_n'
Info: Generating output buffer for '$iopadmap$tms_ddr3_loader_ax7203.ddr3_odt'
Info: Generating output buffer for '$iopadmap$tms_ddr3_loader_ax7203.ddr3_ras_n'
Info: Generating output buffer for '$iopadmap$tms_ddr3_loader_ax7203.ddr3_reset_n'
Info: Generating output buffer for '$iopadmap$tms_ddr3_loader_ax7203.ddr3_we_n'
Info: Generating input buffer for '$iopadmap$tms_ddr3_loader_ax7203.rst_n'
Info: Generating input buffer for '$iopadmap$tms_ddr3_loader_ax7203.uart_rx'
Info: Generating output buffer for '$iopadmap$tms_ddr3_loader_ax7203.uart_tx'
Info: Generating output buffer for '$iopadmap$tms_ddr3_loader_ax7203.ddr3_addr'
Info: Generating output buffer for '$iopadmap$tms_ddr3_loader_ax7203.ddr3_addr_1'
Info: Generating output buffer for '$iopadmap$tms_ddr3_loader_ax7203.ddr3_addr_10'
Info: Generating output buffer for '$iopadmap$tms_ddr3_loader_ax7203.ddr3_addr_11'
Info: Generating output buffer for '$iopadmap$tms_ddr3_loader_ax7203.ddr3_addr_12'
Info: Generating output buffer for '$iopadmap$tms_ddr3_loader_ax7203.ddr3_addr_13'
Info: Generating output buffer for '$iopadmap$tms_ddr3_loader_ax7203.ddr3_addr_14'
Info: Generating output buffer for '$iopadmap$tms_ddr3_loader_ax7203.ddr3_addr_2'
Info: Generating output buffer for '$iopadmap$tms_ddr3_loader_ax7203.ddr3_addr_3'
Info: Generating output buffer for '$iopadmap$tms_ddr3_loader_ax7203.ddr3_addr_4'
Info: Generating output buffer for '$iopadmap$tms_ddr3_loader_ax7203.ddr3_addr_5'
Info: Generating output buffer for '$iopadmap$tms_ddr3_loader_ax7203.ddr3_addr_6'
Info: Generating output buffer for '$iopadmap$tms_ddr3_loader_ax7203.ddr3_addr_7'
Info: Generating output buffer for '$iopadmap$tms_ddr3_loader_ax7203.ddr3_addr_8'
Info: Generating output buffer for '$iopadmap$tms_ddr3_loader_ax7203.ddr3_addr_9'
Info: Generating output buffer for '$iopadmap$tms_ddr3_loader_ax7203.ddr3_ba'
Info: Generating output buffer for '$iopadmap$tms_ddr3_loader_ax7203.ddr3_ba_1'
Info: Generating output buffer for '$iopadmap$tms_ddr3_loader_ax7203.ddr3_ba_2'
Info: Generating output buffer for '$iopadmap$tms_ddr3_loader_ax7203.led'
Info: Generating output buffer for '$iopadmap$tms_ddr3_loader_ax7203.led_1'
Info: Generating output buffer for '$iopadmap$tms_ddr3_loader_ax7203.led_2'
Info: Generating output buffer for '$iopadmap$tms_ddr3_loader_ax7203.led_3'
Info: Generating input buffer for 'ddr3.ddr3_phy_inst.genblk5[0].genblk1.IOBUF_data'
Info: Generating output buffer for 'ddr3.ddr3_phy_inst.genblk5[0].genblk1.IOBUF_data'
Info: Generating input buffer for 'ddr3.ddr3_phy_inst.genblk5[10].genblk1.IOBUF_data'
Info: Generating output buffer for 'ddr3.ddr3_phy_inst.genblk5[10].genblk1.IOBUF_data'
Info: Generating input buffer for 'ddr3.ddr3_phy_inst.genblk5[11].genblk1.IOBUF_data'
Info: Generating output buffer for 'ddr3.ddr3_phy_inst.genblk5[11].genblk1.IOBUF_data'
Info: Generating input buffer for 'ddr3.ddr3_phy_inst.genblk5[12].genblk1.IOBUF_data'
Info: Generating output buffer for 'ddr3.ddr3_phy_inst.genblk5[12].genblk1.IOBUF_data'
Info: Generating input buffer for 'ddr3.ddr3_phy_inst.genblk5[13].genblk1.IOBUF_data'
Info: Generating output buffer for 'ddr3.ddr3_phy_inst.genblk5[13].genblk1.IOBUF_data'
Info: Generating input buffer for 'ddr3.ddr3_phy_inst.genblk5[14].genblk1.IOBUF_data'
Info: Generating output buffer for 'ddr3.ddr3_phy_inst.genblk5[14].genblk1.IOBUF_data'
Info: Generating input buffer for 'ddr3.ddr3_phy_inst.genblk5[15].genblk1.IOBUF_data'
Info: Generating output buffer for 'ddr3.ddr3_phy_inst.genblk5[15].genblk1.IOBUF_data'
Info: Generating input buffer for 'ddr3.ddr3_phy_inst.genblk5[1].genblk1.IOBUF_data'
Info: Generating output buffer for 'ddr3.ddr3_phy_inst.genblk5[1].genblk1.IOBUF_data'
Info: Generating input buffer for 'ddr3.ddr3_phy_inst.genblk5[2].genblk1.IOBUF_data'
Info: Generating output buffer for 'ddr3.ddr3_phy_inst.genblk5[2].genblk1.IOBUF_data'
Info: Generating input buffer for 'ddr3.ddr3_phy_inst.genblk5[3].genblk1.IOBUF_data'
Info: Generating output buffer for 'ddr3.ddr3_phy_inst.genblk5[3].genblk1.IOBUF_data'
Info: Generating input buffer for 'ddr3.ddr3_phy_inst.genblk5[4].genblk1.IOBUF_data'
Info: Generating output buffer for 'ddr3.ddr3_phy_inst.genblk5[4].genblk1.IOBUF_data'
Info: Generating input buffer for 'ddr3.ddr3_phy_inst.genblk5[5].genblk1.IOBUF_data'
Info: Generating output buffer for 'ddr3.ddr3_phy_inst.genblk5[5].genblk1.IOBUF_data'
Info: Generating input buffer for 'ddr3.ddr3_phy_inst.genblk5[6].genblk1.IOBUF_data'
Info: Generating output buffer for 'ddr3.ddr3_phy_inst.genblk5[6].genblk1.IOBUF_data'
Info: Generating input buffer for 'ddr3.ddr3_phy_inst.genblk5[7].genblk1.IOBUF_data'
Info: Generating output buffer for 'ddr3.ddr3_phy_inst.genblk5[7].genblk1.IOBUF_data'
Info: Generating input buffer for 'ddr3.ddr3_phy_inst.genblk5[8].genblk1.IOBUF_data'
Info: Generating output buffer for 'ddr3.ddr3_phy_inst.genblk5[8].genblk1.IOBUF_data'
Info: Generating input buffer for 'ddr3.ddr3_phy_inst.genblk5[9].genblk1.IOBUF_data'
Info: Generating output buffer for 'ddr3.ddr3_phy_inst.genblk5[9].genblk1.IOBUF_data'
Info: Generating output buffer for 'ddr3.ddr3_phy_inst.genblk6[0].genblk1.OBUF_dm'
Info: Generating output buffer for 'ddr3.ddr3_phy_inst.genblk6[1].genblk1.OBUF_dm'
Info:     Created 3 INVERTER cells from:
Info:              3x INV
Info:     Created 58 PAD cells from:
Info:             58x PAD
Info: Preparing clocking...
Info: Packing constants..
Info: Packing cfg...
Info: Packing PLLs...
Info:     Constrained PLLE2_ADV_PLLE2_ADV 'pll' to bel 'PLLE2_ADV_X1Y2/PLLE2_ADV' based on dedicated routing
Info:     PLL/MMCM: disconnected 28 const DRP/control pins (Vivado leaves them unrouted)
Info: Packing Gigabit Transceivers..
Info: Packing global buffers...
Info:     Constrained BUFGCTRL 'clk_ctrl_bufg' to bel 'BUFGCTRL_X0Y0/BUFGCTRL' based on dedicated routing
Info:     Constrained BUFGCTRL 'clk_ddr_90_bufg' to bel 'BUFGCTRL_X0Y1/BUFGCTRL' based on dedicated routing
Info:     Constrained BUFGCTRL 'clk_ddr_bufg' to bel 'BUFGCTRL_X0Y2/BUFGCTRL' based on dedicated routing
Info:     Constrained BUFGCTRL 'clk_ref_bufg' to bel 'BUFGCTRL_X0Y3/BUFGCTRL' based on dedicated routing
Info: Packing MUX[789]s..
Info: Packing carries (atomic CARRY4)..
Info:    Packed 845 CARRY4 cells into 177 chains (atomic).
Info: router2 PRECYINIT fix: 845 CARRY4 cells, 1018 constant carry pins disconnected
Info:    Carry-O relocation: 29 sum(s) duplicated, 29 CARRY4 split(s), 0 bit(s) skipped (unrelocatable)
Info: Packing LUTs..
Info:     Created 17595 SLICE_LUTX cells from:
Info:           6612x LUT1
Info:           1766x LUT2
Info:           1942x LUT3
Info:           1586x LUT4
Info:           3832x LUT5
Info:           1857x LUT6
Info: Packing DRAM..
Info:    Transformed 0 tied-low DRAM address inputs to be tied-high
Info: Packing BRAM..
Info: Packing DSPs..
Info: Packing flipflops..
Info:     Created 8345 SLICE_FFX cells from:
Info:           4679x FDCE
Info:             43x FDPE
Info:           3595x FDRE
Info:             28x FDSE
Info:     local-const FF control: disconnected 1441 SR(=GND) + 3015 CE(=VCC) pins from global nets
Info:     Created 1 SELMUX2_1 cells from:
Info:              1x MUXF7
Info: Constrained 4455 LUTFF pairs.

Info: Annotating ports with timing budgets for target frequency 12.00 MHz
Info: Checksum: 0x943a3fcc

Info: Device utilisation:
Info: 	          SLICE_LUTX: 18827/269200     6%
Info: 	           SLICE_FFX:  8345/269200     3%
Info: 	              CARRY4:   874/33650     2%
Info: 	          PSEUDO_GND:     1/69165     0%
Info: 	          PSEUDO_VCC:     1/69165     0%
Info: 	               HARD0:     0/ 3960     0%
Info: 	            RAMB18E1:     0/  730     0%
Info: 	            FIFO18E1:     0/  365     0%
Info: 	        RAMBFIFO36E1:     0/  365     0%
Info: 	            RAMB36E1:     6/  365     1%
Info: 	             DSP48E1:     0/  740     0%
Info: 	                 PAD:    58/ 1062     5%
Info: 	       IOB33M_OUTBUF:     3/  240     1%
Info: 	       IOB33S_OUTBUF:     3/  240     1%
Info: 	        IOB33_OUTBUF:    48/  500     9%
Info: 	     IOB33M_INBUF_EN:     3/  240     1%
Info: 	     IOB33S_INBUF_EN:     0/  240     0%
Info: 	      IOB33_INBUF_EN:    18/  500     3%
Info: 	IOB33M_TERM_OVERRIDE:     0/  240     0%
Info: 	IOB33S_TERM_OVERRIDE:     0/  240     0%
Info: 	 IOB33_TERM_OVERRIDE:     0/  500     0%
Info: 	       PULL_OR_KEEP1:     0/  980     0%
Info: 	            IDELAYE2:    18/  500     3%
Info: 	        OLOGICE3_TFF:     0/  500     0%
Info: 	      OLOGICE3_OUTFF:     0/  500     0%
Info: 	       OLOGICE3_MISR:     0/  500     0%
Info: 	           OSERDESE2:    45/  500     9%
Info: 	        ILOGICE3_IFF:     0/  500     0%
Info: 	ILOGICE3_ZHOLD_DELAY:     0/  500     0%
Info: 	           ISERDESE2:    18/  500     3%
Info: 	                BUFR:     0/   40     0%
Info: 	               BUFIO:     0/   40     0%
Info: 	          IDELAYCTRL:     1/   10    10%
Info: 	            BUFGCTRL:     4/   32    12%
Info: 	            PCIE_2_1:     0/    1     0%
Info: 	               BSCAN:     0/    4     0%
Info: 	                BUFG:     0/   32     0%
Info: 	              BUFHCE:     0/  120     0%
Info: 	            DCIRESET:     0/    1     0%
Info: 	            DNA_PORT:     0/    1     0%
Info: 	           EFUSE_USR:     0/    1     0%
Info: 	           FRAME_ECC:     0/    1     0%
Info: 	       GTPE2_CHANNEL:     0/   16     0%
Info: 	        GTPE2_COMMON:     0/    4     0%
Info: 	         IBUFDS_GTE2:     0/    8     0%
Info: 	                ICAP:     0/    2     0%
Info: 	            INVERTER:     3/  240     1%
Info: 	          MMCME2_ADV:     0/   10     0%
Info: 	        OLOGICE2_TFF:     0/  500     0%
Info: 	      OLOGICE2_OUTFF:     0/  500     0%
Info: 	           PLLE2_ADV:     1/   10    10%
Info: 	           SELMUX2_1:     1/102950     0%
Info: 	             STARTUP:     0/    1     0%
Info: 	          USR_ACCESS:     0/    1     0%
Info: 	              BUFFER:     0/   82     0%
Info: 	        ILOGICE2_IFF:     0/  500     0%
Info: 	       OLOGICE2_MISR:     0/  500     0%

Info: HeAP congestion knobs: beta=0.400 spread_scale=2,1 alpha=0.080
Info: Placed 223 cells based on constraints.
Info: Creating initial analytic placement for 13946 cells, random placement wirelen = 5895643.
Info:     at initial placer iter 0, wirelen = 57434
Info:     at initial placer iter 1, wirelen = 52455
Info:     at initial placer iter 2, wirelen = 50912
Info:     at initial placer iter 3, wirelen = 51334
Info: Running main analytical placer.
Info:     at iteration #1, type ALL: wirelen solved = 50357, spread = 722285, legal = 743897; time = 0.57s
Info:     at iteration #2, type ALL: wirelen solved = 114774, spread = 538962, legal = 560606; time = 0.63s
Info:     at iteration #3, type ALL: wirelen solved = 142740, spread = 369110, legal = 394202; time = 0.62s
Info:     at iteration #4, type ALL: wirelen solved = 153979, spread = 391609, legal = 416506; time = 0.59s
Info:     at iteration #5, type ALL: wirelen solved = 170315, spread = 387203, legal = 400456; time = 0.51s
Info:     at iteration #6, type ALL: wirelen solved = 193908, spread = 339661, legal = 354538; time = 0.52s
Info:     at iteration #7, type ALL: wirelen solved = 202593, spread = 384056, legal = 404475; time = 0.49s
Info:     at iteration #8, type ALL: wirelen solved = 223897, spread = 380180, legal = 398961; time = 0.49s
Info:     at iteration #9, type ALL: wirelen solved = 230561, spread = 357922, legal = 375739; time = 0.48s
Info:     at iteration #10, type ALL: wirelen solved = 230530, spread = 410582, legal = 426982; time = 0.48s
Info:     at iteration #11, type ALL: wirelen solved = 254776, spread = 391181, legal = 404210; time = 0.49s
Info: HeAP Placer Time: 9.45s
Info:   of which solving equations: 4.48s
Info:   of which spreading cells: 0.80s
Info:   of which strict legalisation: 1.79s

Info: Running simulated annealing placer for refinement.
Info:   at iteration #1: temp = 0.000000, timing cost = 476, wirelen = 354538
Info:   at iteration #5: temp = 0.000000, timing cost = 547, wirelen = 327173
Info:   at iteration #10: temp = 0.000000, timing cost = 526, wirelen = 324655
Info:   at iteration #15: temp = 0.000000, timing cost = 520, wirelen = 324274
Info:   at iteration #18: temp = 0.000000, timing cost = 521, wirelen = 324192 
Info: SA placement time 14.68s

Info: Max frequency for clock 'clk_ctrl': 55.66 MHz (FAIL at 60.00 MHz)

Info: Slack histogram:
Info:  legend: * represents 64 endpoint(s)
Info:          + represents [1,64) endpoint(s)
Info: [ -1298,   -415) |+
Info: [  -415,    468) | 
Info: [   468,   1351) | 
Info: [  1351,   2234) |+
Info: [  2234,   3117) |****+
Info: [  3117,   4000) |********+
Info: [  4000,   4883) |******+
Info: [  4883,   5766) |********** 
Info: [  5766,   6649) |************+
Info: [  6649,   7532) |***************+
Info: [  7532,   8415) |***********+
Info: [  8415,   9298) |****************+
Info: [  9298,  10181) |******************+
Info: [ 10181,  11064) |******************************************+
Info: [ 11064,  11947) |************************************************************ 
Info: [ 11947,  12830) |****************************************+
Info: [ 12830,  13713) |********************+
Info: [ 13713,  14596) |***************+
Info: [ 14596,  15479) |*******************+
Info: [ 15479,  16362) |***********+
Info: Checksum: 0xc65835dd
Info: Running post-placement legalisation...
Info: post-place repair: relocated 5083 stranded cluster(s)/cell(s) to valid bels
Info: Routing global clocks...
Info:     routing clock 'clk_ddr'
Info:     routing clock 'clk_ctrl'
Info:     routing clock 'clk200_in'
Info:     routing clock 'ctrl_raw'
Info:     routing clock 'ddr90_raw'
Info:     routing clock 'clk_ddr_90'
Info:     routing clock 'ddr_raw'
Info:     routing clock 'ref_raw'
Info:     routing clock 'clk_ref'
Info: Running router2...
Info: Setting up routing resources...
Info: Adopted 9768 pre-routed arc(s)
Info: Running main router loop...
Info:     iter=1 wires=425033 overused=13714 overuse=14073 archfail=NA
Info:     iter=2 wires=434525 overused=96 overuse=96 archfail=NA
Info:     iter=3 wires=434662 overused=0 overuse=0 archfail=0
Info: 1000 slowest nets by runtime:
        $techmap$techmap216540$auto$ff.cc:337:slice$145602.$auto$abc9_ops.cc:418:prep_bypass$216436.PRE   4722 1249.0ms
                                                                              ddr3.reset   2173 936.1ms
                                                                      matvec.act_addr[3]    924 758.0ms
                                                                     matvec.aw_stored[1]   1543 677.1ms
                                                                      matvec.act_addr[2]    924 659.2ms
                                                                      matvec.act_addr[6]    924 649.4ms
                                                                      matvec.act_addr[1]    924 589.4ms
                                                                      matvec.act_addr[4]    924 588.3ms
                                   $abc$592153$memory\matvec.fq_hi$wren[7][0][0]$y$99748    128 520.9ms
                                                                      matvec.act_addr[5]    924 515.7ms
                                                                     matvec.aw_stored[5]   1543 509.9ms
                                    $techmap603875$abc$592153$lut$aiger592152$53904.A[3]    128 508.3ms
                     $techmap610593$abc$592153$lut$flatten\master.$0\buf_valid[0:0].A[1]    173 481.9ms
                                                                     matvec.aw_stored[4]   1543 473.8ms
                                                                     matvec.aw_stored[3]   1543 462.2ms
                            $techmap602411$auto$abc9_ops.cc:1552:reintegrate$593537.A[0]    134 437.1ms
                                                                     matvec.aw_stored[2]   1543 431.3ms
                                                                     matvec.aw_stored[0]   1544 430.5ms
                            $techmap604338$auto$abc9_ops.cc:1552:reintegrate$592848.A[0]    154 430.4ms
                                    $techmap603875$abc$592153$lut$aiger592152$53904.A[4]    128 401.2ms
                            $techmap603884$auto$abc9_ops.cc:1552:reintegrate$593046.A[2]    225 393.1ms
                            $techmap599586$auto$abc9_ops.cc:1552:reintegrate$594449.A[2]    180 377.1ms
                                                                               app_rst_n     61 375.3ms
                                   $abc$592153$memory\matvec.fq_hi$wren[4][0][0]$y$99728    128 370.8ms
                                            $techmap219428$auto$ff.cc:337:slice$118021.D    150 367.4ms
                                    $techmap603879$abc$592153$lut$aiger592152$53908.A[1]    133 350.6ms
                                   $abc$592153$memory\matvec.fq_hi$wren[2][0][0]$y$99712    128 344.8ms
                                    $techmap603879$abc$592153$lut$aiger592152$53908.A[2]    128 343.2ms
                                   $auto$memory_libmap.cc:1641:generate_demux$91729.Y[6]    176 328.2ms
                            $techmap600742$auto$abc9_ops.cc:1552:reintegrate$593972.A[0]    160 323.4ms
                                        ddr3.ddr3_controller_inst.data_start_index[0][1]    168 320.3ms
                                                 ddr3.ddr3_controller_inst.stage2_update    174 312.9ms
                            $techmap601563$auto$abc9_ops.cc:1552:reintegrate$593740.A[4]    192 307.3ms
                                   $abc$592153$memory\matvec.fq_hi$wren[0][0][0]$y$99694    128 305.5ms
                            $techmap603884$auto$abc9_ops.cc:1552:reintegrate$593046.A[3]    128 301.8ms
                                   $auto$memory_libmap.cc:1641:generate_demux$91729.Y[2]    176 296.6ms
                                   $auto$memory_libmap.cc:1641:generate_demux$91729.Y[0]    176 294.0ms
                                    $techmap602762$abc$592153$lut$aiger592152$46076.A[1]    261 292.0ms
                                    $techmap603881$abc$592153$lut$aiger592152$53913.A[3]    128 286.3ms
                                                 ddr3.ddr3_controller_inst.index_wb_data    129 282.8ms
                            $techmap600854$auto$abc9_ops.cc:1552:reintegrate$593959.A[0]    335 277.8ms
                                    $techmap602762$abc$592153$lut$aiger592152$46076.A[0]    261 275.5ms
                            $techmap601553$auto$abc9_ops.cc:1552:reintegrate$593743.A[1]    191 275.1ms
                                   $abc$592153$memory\matvec.fq_hi$wren[5][0][0]$y$99734    128 274.7ms
                                   $abc$592153$memory\matvec.fq_hi$wren[3][0][0]$y$99718    128 268.7ms
                            $techmap604338$auto$abc9_ops.cc:1552:reintegrate$592848.A[2]     59 267.3ms
                                    $techmap600827$abc$592153$lut$aiger592152$26503.A[2]    334 265.2ms
                            $techmap600742$auto$abc9_ops.cc:1552:reintegrate$593972.A[4]    144 263.1ms
                                   $auto$memory_libmap.cc:1641:generate_demux$91729.Y[3]    176 262.3ms
                                   $auto$memory_libmap.cc:1641:generate_demux$91729.Y[5]    176 261.3ms
                                   $abc$592153$memory\matvec.fq_hi$wren[6][0][0]$y$99742    128 258.4ms
                                                                          calib_complete    163 256.9ms
                                   $auto$memory_libmap.cc:1641:generate_demux$91729.Y[1]    176 250.8ms
                                        ddr3.ddr3_controller_inst.data_start_index[0][5]    106 241.1ms
        $techmap611041$abc$592153$lut$auto$opt_dff.cc:251:make_patterns_logic$81317.A[3]     61 239.3ms
                            $techmap600980$auto$abc9_ops.cc:1552:reintegrate$593937.A[5]    145 239.3ms
                            $techmap600654$auto$abc9_ops.cc:1552:reintegrate$593980.A[0]    148 236.8ms
                                   $auto$memory_libmap.cc:1641:generate_demux$91729.Y[4]    176 231.1ms
                                        ddr3.ddr3_controller_inst.data_start_index[0][0]    108 230.1ms
                            $techmap603600$auto$abc9_ops.cc:1552:reintegrate$593134.A[0]     52 218.2ms
                                   $abc$592153$memory\matvec.fq_hi$wren[1][0][0]$y$99702    128 217.2ms
                            $techmap603799$auto$abc9_ops.cc:1552:reintegrate$593080.A[1]     55 215.7ms
                            $techmap600468$auto$abc9_ops.cc:1552:reintegrate$593985.A[3]    153 210.7ms
                               $abc$592153$auto$opt_dff.cc:251:make_patterns_logic$80890    102 205.3ms
                                        ddr3.ddr3_controller_inst.data_start_index[1][6]     98 204.8ms
        $flatten\ddr3.\ddr3_controller_inst.$shiftx$build/uberddr3/rtl/ddr3_controller.v:2248$27179.Y     64 204.4ms
                                        ddr3.ddr3_controller_inst.data_start_index[1][4]    211 202.4ms
                                        ddr3.ddr3_controller_inst.data_start_index[1][5]    103 200.6ms
                                        $techmap600312$abc$592153$lut\matvec.pop_go.A[2]    138 199.5ms
                                                    ddr3.ddr3_controller_inst.late_dq[0]    206 199.3ms
                                        ddr3.ddr3_controller_inst.data_start_index[0][4]    207 198.4ms
                               $abc$592153$auto$opt_dff.cc:251:make_patterns_logic$83353    126 193.9ms
                                                ddr3.ddr3_controller_inst.stage1_bank[0]     44 192.0ms
                                                                           matvec.pop_go     67 191.4ms
                                        ddr3.ddr3_controller_inst.data_start_index[1][1]    166 188.1ms
                                                    ddr3.ddr3_controller_inst.late_dq[1]    201 188.0ms
                                        ddr3.ddr3_controller_inst.data_start_index[1][3]    169 183.3ms
                            $techmap601043$auto$abc9_ops.cc:1552:reintegrate$593930.A[3]     90 182.9ms
                                        ddr3.ddr3_controller_inst.data_start_index[0][3]    171 182.4ms
                            $techmap603515$auto$abc9_ops.cc:1552:reintegrate$593182.A[0]     41 179.9ms
                                                ddr3.ddr3_controller_inst.stage1_bank[2]     45 178.9ms
                            $techmap601045$auto$abc9_ops.cc:1552:reintegrate$593929.A[3]     77 171.9ms
                            $techmap602770$auto$abc9_ops.cc:1552:reintegrate$593426.A[0]     64 169.8ms
                                    $techmap603280$abc$592153$lut$aiger592152$49685.A[0]    111 168.0ms
                            $techmap604686$auto$abc9_ops.cc:1552:reintegrate$592698.A[1]     74 167.8ms
                                        ddr3.ddr3_controller_inst.data_start_index[0][6]    104 162.7ms
        $techmap601372$abc$592153$lut$auto$opt_dff.cc:251:make_patterns_logic$80904.A[1]    130 161.6ms
                                        ddr3.ddr3_controller_inst.data_start_index[0][2]    148 160.1ms
                            $techmap600854$auto$abc9_ops.cc:1552:reintegrate$593959.A[2]     63 157.3ms
                            $techmap602770$auto$abc9_ops.cc:1552:reintegrate$593426.A[5]     69 152.3ms
                                    $techmap600826$abc$592153$lut$aiger592152$26505.A[2]     63 150.6ms
                            $techmap600810$auto$abc9_ops.cc:1552:reintegrate$593965.A[3]    126 149.7ms
                            $techmap601484$auto$abc9_ops.cc:1552:reintegrate$593747.A[1]     43 148.9ms
                            $techmap602303$auto$abc9_ops.cc:1552:reintegrate$593568.A[2]    115 147.1ms
                                    $techmap603278$abc$592153$lut$aiger592152$37150.A[1]     65 146.4ms
                                                          ddr3.ddr3_controller_inst.lane    138 145.7ms
                                    $techmap600768$abc$592153$lut$aiger592152$25200.A[2]     77 143.6ms
                            $techmap600313$auto$abc9_ops.cc:1552:reintegrate$594088.A[1]     90 143.4ms
                                    $techmap600779$abc$592153$lut$aiger592152$25172.A[3]     72 140.7ms
                            $techmap604133$auto$abc9_ops.cc:1552:reintegrate$592932.A[1]    106 139.3ms
                                        ddr3.ddr3_controller_inst.data_start_index[1][2]    146 136.8ms
                                    $techmap603275$abc$592153$lut$aiger592152$37171.A[0]     68 136.7ms
                               $abc$592153$auto$opt_dff.cc:251:make_patterns_logic$81827    153 136.5ms
                            $techmap600674$auto$abc9_ops.cc:1552:reintegrate$593979.A[3]    186 133.7ms
                                    $techmap603296$abc$592153$lut$aiger592152$49677.A[0]    107 131.8ms
                            $techmap601178$auto$abc9_ops.cc:1552:reintegrate$593889.A[4]     49 127.6ms
                            $techmap601560$auto$abc9_ops.cc:1552:reintegrate$593741.A[1]     41 126.8ms
                            $techmap603315$auto$abc9_ops.cc:1552:reintegrate$593253.A[0]     71 126.3ms
                                              ddr3.ddr3_controller_inst.write_pattern[0]     67 125.9ms
                            $techmap600478$auto$abc9_ops.cc:1552:reintegrate$593984.A[1]    104 125.4ms
                                            $techmap221233$auto$ff.cc:337:slice$100432.D     85 124.3ms
                                              ddr3.ddr3_controller_inst.stage2_bank_d[2]     48 123.1ms
                                    $techmap600781$abc$592153$lut$aiger592152$25176.A[3]    103 122.9ms
                            $techmap600654$auto$abc9_ops.cc:1552:reintegrate$593980.A[1]    129 122.8ms
                                            $techmap217900$auto$ff.cc:337:slice$120646.D     99 122.0ms
                                    $techmap610540$abc$592153$lut$aiger592152$29494.A[1]     54 120.8ms
                                    $techmap600783$abc$592153$lut$aiger592152$25191.A[4]     83 118.3ms
                            $techmap600532$auto$abc9_ops.cc:1552:reintegrate$593983.A[0]     63 117.0ms
                                        ddr3.ddr3_controller_inst.data_start_index[1][0]    108 115.6ms
        $flatten\ddr3.\ddr3_controller_inst.$shiftx$build/uberddr3/rtl/ddr3_controller.v:2225$27183.Y     64 112.5ms
                                                                         master.read_ack    157 112.0ms
                            $techmap600721$auto$abc9_ops.cc:1552:reintegrate$593974.A[1]     67 111.0ms
                            $techmap600548$auto$abc9_ops.cc:1552:reintegrate$593981.A[2]     74 109.4ms
                                            $techmap220412$auto$ff.cc:337:slice$115307.D     95 105.4ms
                            $techmap601977$auto$abc9_ops.cc:1552:reintegrate$593680.A[1]     46 104.9ms
                               $abc$592153$auto$opt_dff.cc:251:make_patterns_logic$80993    144 104.0ms
                                    $techmap600779$abc$592153$lut$aiger592152$25172.A[4]     72 101.5ms
                                              ddr3.ddr3_controller_inst.stage2_bank_d[0]     49 100.8ms
                            $techmap600478$auto$abc9_ops.cc:1552:reintegrate$593984.A[3]     74 96.7ms
                            $techmap601944$auto$abc9_ops.cc:1552:reintegrate$593691.A[5]     55 93.2ms
                            $techmap601496$auto$abc9_ops.cc:1552:reintegrate$593746.A[1]     59 92.2ms
        $flatten\ddr3.\ddr3_controller_inst.$shiftx$build/uberddr3/rtl/ddr3_controller.v:2248$27187.Y     64 91.6ms
                                                                              rd_addr[3]     63 91.1ms
                            $techmap600810$auto$abc9_ops.cc:1552:reintegrate$593965.A[5]     51 91.1ms
                            $techmap600920$auto$abc9_ops.cc:1552:reintegrate$593953.A[2]     47 88.0ms
                            $techmap602303$auto$abc9_ops.cc:1552:reintegrate$593568.A[3]     49 87.2ms
                            $techmap601392$auto$abc9_ops.cc:1552:reintegrate$593752.A[1]     63 85.4ms
                                            ddr3.ddr3_controller_inst.dqs_start_index[0]     48 84.3ms
                                                             ddr3.ddr3_phy_inst.sync_rst     64 82.8ms
                            $techmap599709$auto$abc9_ops.cc:1552:reintegrate$594335.A[1]     64 82.6ms
                               $abc$592153$auto$opt_dff.cc:251:make_patterns_logic$80811    184 82.5ms
                  $techmap607346$abc$592153$lut$flatten\matvec.$procmux$58648_Y[31].A[1]     64 79.1ms
                               $abc$592153$auto$opt_dff.cc:251:make_patterns_logic$83325    129 76.0ms
        $techmap610669$abc$592153$lut$auto$opt_dff.cc:251:make_patterns_logic$82844.A[3]     42 75.9ms
                                    $techmap600782$abc$592153$lut$aiger592152$25183.A[2]     65 73.8ms
                            $techmap600858$auto$abc9_ops.cc:1552:reintegrate$593958.A[0]    111 72.6ms
                            $techmap602142$auto$abc9_ops.cc:1552:reintegrate$593620.A[0]     41 70.7ms
        $techmap610755$abc$592153$lut$auto$opt_dff.cc:251:make_patterns_logic$80993.A[3]     72 69.6ms
                                                                                 mv_s_go     78 68.7ms
                                            $techmap216851$auto$ff.cc:337:slice$138730.D     78 67.7ms
                            $techmap600532$auto$abc9_ops.cc:1552:reintegrate$593983.A[4]     69 67.3ms
                                    $techmap601453$abc$592153$lut$aiger592152$33064.A[0]     63 66.0ms
                            $techmap601373$auto$abc9_ops.cc:1552:reintegrate$593762.A[1]     65 65.0ms
                                                                           committed_any      1 64.4ms
        $flatten\ddr3.\ddr3_controller_inst.$shiftx$build/uberddr3/rtl/ddr3_controller.v:2225$27175.Y     64 62.4ms
                                    $techmap611026$abc$592153$lut$aiger592152$24483.A[4]     67 61.8ms
                            $techmap601387$auto$abc9_ops.cc:1552:reintegrate$593754.A[1]     19 61.6ms
                            $techmap600786$auto$abc9_ops.cc:1552:reintegrate$593968.A[0]     41 57.4ms
                                        ddr3.ddr3_controller_inst.instruction_address[4]     27 56.2ms
                                    $techmap607342$abc$592153$lut$aiger592152$42530.A[1]     42 55.4ms
                                                                                 any_nak      1 55.0ms
                                    $techmap603148$abc$592153$lut$aiger592152$48740.A[1]      2 53.5ms
               $techmap607423$abc$592153$lut$flatten\transmitter.$0\count[31:0][31].A[2]     67 52.0ms
                                                                            wb_rdata[97]     19 51.2ms
                                                                            wb_rdata[14]     23 50.6ms
        $techmap610634$abc$592153$lut$auto$opt_dff.cc:251:make_patterns_logic$80666.A[5]     34 50.1ms
                                                                            wb_rdata[64]     20 48.3ms
                                                                            wb_rdata[17]     23 46.9ms
                               $techmap604549$abc$592153$lut\matvec.result_read[20].A[1]     44 46.8ms
                            $techmap602074$auto$abc9_ops.cc:1552:reintegrate$593641.A[2]      7 45.0ms
                               $abc$592153$auto$opt_dff.cc:251:make_patterns_logic$81049     40 44.8ms
                               $techmap604549$abc$592153$lut\matvec.result_read[20].A[0]     44 44.3ms
                                            $techmap219495$auto$ff.cc:337:slice$117861.D     43 44.2ms
                                                                            wb_rdata[15]     23 43.8ms
                                                                            wb_rdata[10]     23 43.8ms
                            $techmap604134$auto$abc9_ops.cc:1552:reintegrate$592931.A[0]      4 42.5ms
                                                                           wb_rdata[102]     20 42.4ms
                                                                            wb_rdata[26]     22 41.0ms
                            $techmap603800$auto$abc9_ops.cc:1552:reintegrate$593079.A[2]      5 40.2ms
                                                                            wb_rdata[27]     22 39.5ms
                               $abc$592153$auto$opt_dff.cc:251:make_patterns_logic$81077     39 39.4ms
                                                                            wb_rdata[31]     22 38.8ms
                                                                            wb_rdata[35]     21 38.7ms
                            $techmap600674$auto$abc9_ops.cc:1552:reintegrate$593979.A[0]     41 38.4ms
                                            $techmap216918$auto$ff.cc:337:slice$127296.D     78 37.9ms
                                                                            wb_rdata[55]     20 37.4ms
                                                                            wb_rdata[57]     20 37.1ms
                               $abc$592153$auto$opt_dff.cc:234:make_patterns_logic$99869      7 37.1ms
                            $techmap603533$auto$abc9_ops.cc:1552:reintegrate$593171.A[2]      5 36.7ms
                                                                            wb_rdata[41]     20 36.3ms
                                            $techmap216542$auto$ff.cc:337:slice$145599.D     42 36.1ms
                                                                           wb_rdata[115]     19 36.0ms
                                                                          master.m_hi[7]      2 36.0ms
                                    $techmap604418$abc$592153$lut$aiger592152$59647.A[3]      3 35.9ms
                               $abc$592153$auto$opt_dff.cc:251:make_patterns_logic$80785     44 35.7ms
                                                                           wb_rdata[106]     19 35.7ms
                                            $techmap221058$auto$ff.cc:337:slice$100763.D     49 35.5ms
                                                                            wb_rdata[12]     23 35.2ms
                                                                  matvec.result_index[6]     11 35.1ms
                                                                  matvec.result_index[2]     11 35.1ms
                  $techmap608170$abc$592153$lut$flatten\matvec.$procmux$58002_Y[19].A[3]      1 35.0ms
                               $abc$592153$auto$opt_dff.cc:251:make_patterns_logic$80980     39 34.5ms
                               $abc$592153$auto$opt_dff.cc:251:make_patterns_logic$81853     32 34.1ms
                                             $abc$592153$auto$rtlil.cc:3472:Mux$91699[3]      2 34.1ms
                                                                           wb_rdata[126]     20 33.9ms
                            $techmap603969$auto$abc9_ops.cc:1552:reintegrate$593005.A[3]      5 33.8ms
                            $techmap600810$auto$abc9_ops.cc:1552:reintegrate$593965.A[1]     36 33.7ms
                                                                             wb_rdata[7]     23 33.6ms
        $abc$592153$flatten\matvec.$8\dot_one$func$build/t27/specs/rtl/fpga_ddr3_matvec.v:2029$9812.dot_one_body.prod[31:0]$11017[10]     16 33.4ms
                                                                            wb_rdata[38]     20 33.3ms
        $abc$592153$flatten\matvec.$8\dot_one$func$build/t27/specs/rtl/fpga_ddr3_matvec.v:2034$9817.dot_one_body.prod[31:0]$11097[10]     16 33.3ms
                                                                           wb_rdata[118]     19 33.2ms
                                                                            wb_rdata[39]     21 32.6ms
                                                                 matvec.result_index[25]      3 32.4ms
        $abc$592153$flatten\arbiter.$logic_and$build/t27/specs/rtl/fpga_wb_arbiter.v:271$9680_Y     32 32.3ms
                                                                            wb_rdata[46]     20 32.1ms
                                                                           wb_rdata[122]     20 32.0ms
                            $techmap601484$auto$abc9_ops.cc:1552:reintegrate$593747.A[0]     33 31.5ms
                                                          ddr3.idelay_data_cntvaluein[2]     20 31.5ms
                            $techmap605977$auto$abc9_ops.cc:1552:reintegrate$592268.A[3]     29 31.5ms
                                    $techmap609522$abc$592153$lut$aiger592152$45721.A[3]      1 30.9ms
                                                                            wb_rdata[82]     19 30.8ms
                            $techmap599746$auto$abc9_ops.cc:1552:reintegrate$594298.A[0]      5 30.6ms
        $abc$592153$flatten\matvec.$8\dot_one$func$build/t27/specs/rtl/fpga_ddr3_matvec.v:2028$9811.dot_one_body.prod[31:0]$11001[10]     16 30.5ms
                                                                            wb_rdata[50]     20 30.2ms
                                                                            wb_rdata[19]     23 30.0ms
                                                                            wb_rdata[29]     24 29.8ms
                                                                            receiver.rx2     40 29.6ms
                                                                            wb_rdata[62]     20 29.5ms
                               $abc$592153$auto$opt_dff.cc:251:make_patterns_logic$80677     32 29.4ms
                                    $techmap600834$abc$592153$lut$aiger592152$26463.A[5]     26 29.3ms
                                                                           wb_rdata[101]     19 29.3ms
                            $techmap603607$auto$abc9_ops.cc:1552:reintegrate$593129.A[0]     10 29.0ms
                                       ddr3.ddr3_controller_inst.delay_counter_is_zero_d     30 28.7ms
                            $techmap600810$auto$abc9_ops.cc:1552:reintegrate$593965.A[0]     10 28.6ms
                                                                               debug1[0]     36 28.5ms
                                                                            wb_rdata[95]     19 28.5ms
                                                                             wb_rdata[6]     23 28.4ms
                                                                            wb_rdata[20]     24 28.1ms
                                                                            wb_rdata[32]     21 28.1ms
                                    $techmap603293$abc$592153$lut$aiger592152$37121.A[1]     10 28.0ms
                                                                           wb_rdata[120]     19 28.0ms
                                    $techmap605453$abc$592153$lut$aiger592152$47823.A[2]      2 28.0ms
                                                                            wb_rdata[23]     23 27.9ms
                                                                             wb_rdata[4]     23 27.9ms
                                                                            wb_rdata[93]     19 27.9ms
                            $techmap604231$auto$abc9_ops.cc:1552:reintegrate$592892.A[1]     18 27.8ms
        $abc$592153$flatten\matvec.$8\dot_one$func$build/t27/specs/rtl/fpga_ddr3_matvec.v:2033$9816.dot_one_body.prod[31:0]$11081[10]     16 27.7ms
                                                                            wb_rdata[56]     20 27.6ms
                               $abc$592153$auto$opt_dff.cc:251:make_patterns_logic$83369     28 27.3ms
                                     ddr3.ddr3_controller_inst.stage2_data_unaligned[45]      5 27.3ms
                                    $techmap600657$abc$592153$lut$aiger592152$24424.A[0]     35 27.2ms
                                                                           wb_rdata[123]     19 27.2ms
                                                                            wb_rdata[90]     19 27.1ms
                                                                           wb_rdata[124]     19 27.1ms
                                                                           wb_rdata[112]     19 27.1ms
                                           $abc$592153$auto$rtlil.cc:3574:NotGate$199492     15 27.0ms
                                                                            wb_rdata[59]     20 27.0ms
                                                                            wb_rdata[18]     24 27.0ms
                                                                            wb_rdata[30]     22 27.0ms
                            $techmap601563$auto$abc9_ops.cc:1552:reintegrate$593740.A[2]     38 26.9ms
                                                                             wb_rdata[3]     24 26.9ms
                                                                            wb_rdata[11]     23 26.8ms
                                                                           wb_rdata[103]     19 26.7ms
                            $techmap600342$auto$abc9_ops.cc:1552:reintegrate$594065.A[2]     25 26.7ms
                            $techmap602782$auto$abc9_ops.cc:1552:reintegrate$593422.A[2]     20 26.6ms
        $abc$592153$flatten\matvec.$8\dot_one$func$build/t27/specs/rtl/fpga_ddr3_matvec.v:2027$9810.dot_one_body.prod[31:0]$10985[10]     16 26.6ms
                                                                           wb_rdata[100]     19 26.6ms
                  $techmap607691$abc$592153$lut$flatten\receiver.$0\count[31:0][26].A[3]      2 26.5ms
                                         ddr3.ddr3_controller_inst.stage1_next_bank_d[1]     35 26.5ms
                                                                            wb_rdata[88]     19 26.4ms
                            $techmap601339$auto$abc9_ops.cc:1552:reintegrate$593776.A[2]      9 26.3ms
                            $techmap600844$auto$abc9_ops.cc:1552:reintegrate$593962.A[0]     18 26.3ms
                                                                            wb_rdata[37]     20 26.2ms
                                                                            wb_rdata[66]     20 26.2ms
                                                                             wb_rdata[8]     23 26.2ms
                            $techmap600810$auto$abc9_ops.cc:1552:reintegrate$593965.A[2]     33 26.1ms
                                                                            wb_rdata[89]     19 26.1ms
                                                                             wb_rdata[1]     23 26.1ms
                            $techmap600784$auto$abc9_ops.cc:1552:reintegrate$593969.A[4]     40 26.0ms
                                                                            wb_rdata[43]     20 25.9ms
                            $techmap605239$auto$abc9_ops.cc:1552:reintegrate$592511.A[0]     30 25.8ms
                                            ddr3.ddr3_controller_inst.dqs_start_index[1]     40 25.7ms
                            $techmap602322$auto$abc9_ops.cc:1552:reintegrate$593556.A[0]     10 25.7ms
        $abc$592153$flatten\matvec.$8\dot_one$func$build/t27/specs/rtl/fpga_ddr3_matvec.v:2032$9815.dot_one_body.prod[31:0]$11065[10]     16 25.5ms
                                                                            wb_rdata[24]     23 25.5ms
                                                                            wb_rdata[83]     19 25.5ms
                                                                            wb_rdata[71]     19 25.5ms
                                                                            wb_rdata[53]     20 25.4ms
                               $abc$592153$auto$opt_dff.cc:251:make_patterns_logic$99469      1 25.4ms
                                                                            wb_rdata[99]     19 25.4ms
                                                                            wb_rdata[91]     19 25.3ms
                                                                            wb_rdata[61]     20 25.3ms
                                    $techmap603294$abc$592153$lut$aiger592152$49665.A[3]     19 25.3ms
        $techmap610375$abc$592153$lut$auto$opt_dff.cc:251:make_patterns_logic$83353.A[0]     20 25.2ms
                                                                           wb_rdata[113]     19 24.8ms
                                                                           wb_rdata[104]     19 24.8ms
                                                                            wb_rdata[28]     22 24.8ms
                                                                           wb_rdata[125]     19 24.8ms
                                                                            wb_rdata[94]     19 24.8ms
                                                                            wb_rdata[51]     20 24.8ms
                            $techmap601178$auto$abc9_ops.cc:1552:reintegrate$593889.A[5]     17 24.8ms
                                            $techmap218032$auto$ff.cc:337:slice$120409.D      1 24.7ms
                                                                            wb_rdata[68]     19 24.7ms
                                                                            wb_rdata[16]     23 24.7ms
                                                                  matvec.result_index[3]     11 24.6ms
                            $techmap605176$auto$abc9_ops.cc:1552:reintegrate$592524.A[0]      3 24.5ms
                               $abc$592153$auto$opt_dff.cc:251:make_patterns_logic$82494     32 24.3ms
                            $techmap600932$auto$abc9_ops.cc:1552:reintegrate$593949.A[2]     38 24.3ms
                                                                            wb_rdata[36]     20 24.1ms
                                                                            wb_rdata[74]     19 24.1ms
                                                                           wb_rdata[110]     19 23.9ms
                                                                            wb_rdata[13]     23 23.9ms
                                                                            wb_rdata[34]     20 23.4ms
               $techmap608168$abc$592153$lut$flatten\loader.$0\prob_count[31:0][19].A[1]      4 23.4ms
                                                                          transmitter.tx      1 23.4ms
                                                                            wb_rdata[47]     20 23.3ms
                                                                            wb_rdata[72]     19 23.3ms
                                                                            wb_rdata[22]     23 23.3ms
                               $abc$592153$auto$opt_dff.cc:251:make_patterns_logic$82158     32 23.3ms
                                                                             wb_rdata[9]     23 23.2ms
                                                                            wb_rdata[77]     20 23.2ms
                            $techmap602222$auto$abc9_ops.cc:1552:reintegrate$593597.A[3]      7 23.2ms
                                               $auto$xilinx_dffopt.cc:347:execute$611140      1 23.2ms
                                                                 matvec.result_index[11]     11 23.0ms
                                                                            wb_rdata[44]     21 23.0ms
                                                                            wb_rdata[52]     20 22.9ms
                            $techmap604922$auto$abc9_ops.cc:1552:reintegrate$592609.A[0]     14 22.8ms
                                                                             wb_rdata[0]     24 22.8ms
                                            $auto$alumacc.cc:512:replace_alu$89712.Y[26]      1 22.7ms
                                                                            wb_rdata[81]     19 22.6ms
                                                                            wb_rdata[98]     19 22.5ms
        $abc$592153$flatten\matvec.$8\dot_one$func$build/t27/specs/rtl/fpga_ddr3_matvec.v:2031$9814.dot_one_body.prod[31:0]$11049[10]     16 22.5ms
                                                                            wb_rdata[85]     19 22.5ms
        $techmap611041$abc$592153$lut$auto$opt_dff.cc:251:make_patterns_logic$81317.A[1]     30 22.5ms
                                                                            wb_rdata[92]     19 22.4ms
                                    $techmap604886$abc$592153$lut$aiger592152$64215.A[5]      1 22.3ms
                               $abc$592153$auto$opt_dff.cc:234:make_patterns_logic$99859      7 22.3ms
        $abc$592153$flatten\loader.$logic_and$build/t27/specs/rtl/fpga_ddr3_loader.v:1622$929_Y     33 22.3ms
                                    $techmap610681$abc$592153$lut$aiger592152$27767.A[1]      9 22.2ms
                                    $techmap603710$abc$592153$lut$aiger592152$52805.A[3]      1 22.2ms
                                                                             wb_rdata[2]     25 22.0ms
                            $techmap604064$auto$abc9_ops.cc:1552:reintegrate$592962.A[3]      5 22.0ms
                                                                           wb_rdata[108]     19 22.0ms
                                                                            wb_rdata[60]     20 22.0ms
                                       ddr3.ddr3_controller_inst.bank_active_row_d[1][8]      4 22.0ms
                                                                 matvec.result_index[14]      3 22.0ms
                                        ddr3.ddr3_controller_inst.instruction_address[2]     22 22.0ms
                                    $techmap601426$abc$592153$lut$aiger592152$32836.A[2]     32 22.0ms
                            $techmap602308$auto$abc9_ops.cc:1552:reintegrate$593565.A[2]      1 21.9ms
                                                                  matvec.result_index[0]      4 21.9ms
                                                                            wb_rdata[78]     20 21.9ms
                            $techmap603330$auto$abc9_ops.cc:1552:reintegrate$593245.A[2]     20 21.9ms
                                                                            wb_rdata[67]     19 21.8ms
                                                                         master.m_lo[38]      2 21.8ms
                                                                  matvec.result_index[4]     11 21.8ms
                                            $techmap216545$auto$ff.cc:337:slice$145227.D     39 21.8ms
                               $abc$592153$auto$opt_dff.cc:251:make_patterns_logic$81317      3 21.7ms
                                                                            wb_rdata[87]     19 21.7ms
                                    $techmap602849$abc$592153$lut$aiger592152$45911.A[1]      2 21.6ms
                                         ddr3.ddr3_controller_inst.stage1_next_bank_d[0]     40 21.6ms
                                                                        matvec.hq_hi[49]      4 21.6ms
                                                                           wb_rdata[105]     19 21.5ms
                                    $techmap600526$abc$592153$lut$aiger592152$23357.A[4]      1 21.5ms
                                                                             wb_rdata[5]     23 21.4ms
                                                                           wb_rdata[114]     19 21.4ms
                                                                            wb_rdata[75]     19 21.3ms
                                                                            wb_rdata[45]     21 21.2ms
                                                                           wb_rdata[127]     19 21.2ms
                               $abc$592153$auto$opt_dff.cc:251:make_patterns_logic$82076     19 21.1ms
                                                                  matvec.result_index[7]     11 21.1ms
                                                                 matvec.result_index[31]      3 21.1ms
                                                                            wb_rdata[70]     19 21.1ms
                                                                            wb_rdata[21]     24 21.0ms
                                                                            wb_rdata[49]     20 21.0ms
                   $techmap609151$abc$592153$lut$flatten\matvec.$procmux$58089_Y[7].A[0]      2 21.0ms
                                                                            wb_rdata[73]     19 21.0ms
                                                                            wb_rdata[48]     20 20.9ms
                            $techmap605378$auto$abc9_ops.cc:1552:reintegrate$592484.A[1]     26 20.9ms
                                                                  matvec.result_index[9]     11 20.9ms
                                                                            wb_rdata[58]     21 20.8ms
                                                                            wb_rdata[76]     19 20.8ms
                                    $techmap604399$abc$592153$lut$aiger592152$59337.A[1]      3 20.7ms
                                          ddr3.ddr3_controller_inst.start_index_check[5]     37 20.6ms
                                                                            wb_rdata[42]     20 20.6ms
        $techmap610247$abc$592153$lut\ddr3.ddr3_controller_inst.stage1_next_row_d[9].A[4]      1 20.5ms
        $techmap610669$abc$592153$lut$auto$opt_dff.cc:251:make_patterns_logic$82844.A[2]     40 20.4ms
                                              ddr3.ddr3_controller_inst.stage2_bank_d[1]     39 20.4ms
                                                                        master.outst[24]      5 20.4ms
        $abc$592153$flatten\loader.$logic_and$build/t27/specs/rtl/fpga_ddr3_loader.v:1618$920_Y     32 20.3ms
                                                                            wb_rdata[65]     19 20.3ms
                                           $abc$592153$auto$rtlil.cc:3574:NotGate$199364     18 20.3ms
                            $techmap602280$auto$abc9_ops.cc:1552:reintegrate$593576.A[0]     20 20.2ms
                                    $techmap610631$abc$592153$lut$aiger592152$25568.A[2]      3 20.1ms
                                    $techmap600529$abc$592153$lut$aiger592152$23430.A[3]     34 20.1ms
                            $techmap601079$auto$abc9_ops.cc:1552:reintegrate$593918.A[3]     30 20.0ms
                                                                            wb_rdata[25]     22 20.0ms
                                    $techmap603305$abc$592153$lut$aiger592152$49636.A[1]     10 20.0ms
                                                                           wb_rdata[117]     20 20.0ms
                            $techmap603225$auto$abc9_ops.cc:1552:reintegrate$593276.A[0]     17 20.0ms
                                            ddr3.ddr3_controller_inst.stage1_next_row[7]     11 19.9ms
                            $techmap601186$auto$abc9_ops.cc:1552:reintegrate$593887.A[4]     18 19.9ms
                            $techmap605879$auto$abc9_ops.cc:1552:reintegrate$592313.A[1]     24 19.8ms
                                            ddr3.ddr3_controller_inst.stage1_next_row[3]     11 19.7ms
                            $techmap599555$auto$abc9_ops.cc:1552:reintegrate$594480.A[1]     62 19.5ms
                            $techmap599837$auto$abc9_ops.cc:1552:reintegrate$594210.A[0]      3 19.4ms
                                                                           wb_rdata[107]     19 19.3ms
                                      ddr3.ddr3_controller_inst.write_by_byte_counter[0]     29 19.2ms
                                    $techmap600531$abc$592153$lut$aiger592152$23350.A[0]     34 19.2ms
                                    $techmap600824$abc$592153$lut$aiger592152$26514.A[0]     30 19.2ms
                            $techmap600786$auto$abc9_ops.cc:1552:reintegrate$593968.A[1]     36 19.2ms
                                                                            wb_rdata[69]     19 19.1ms
                                                                           wb_rdata[116]     19 19.1ms
                                    $techmap606702$abc$592153$lut$aiger592152$71446.A[2]      1 19.1ms
                                                                            wb_rdata[84]     19 19.0ms
                                                                            wb_rdata[80]     19 18.9ms
                                                                           wb_rdata[111]     19 18.9ms
                            $techmap600691$auto$abc9_ops.cc:1552:reintegrate$593976.A[1]     32 18.7ms
                                      ddr3.ddr3_controller_inst.write_by_byte_counter[2]     30 18.6ms
                            $techmap605224$auto$abc9_ops.cc:1552:reintegrate$592513.A[0]     30 18.5ms
                                                                                clk_ctrl   9682 18.4ms
                                                                   loader.stage_word[28]      2 18.4ms
                            $techmap601496$auto$abc9_ops.cc:1552:reintegrate$593746.A[2]      7 18.3ms
                                                                            wb_rdata[96]     19 18.3ms
                                                                           wb_rdata[109]     19 18.3ms
                            $techmap602160$auto$abc9_ops.cc:1552:reintegrate$593619.A[0]     32 18.2ms
                                                                            wb_rdata[79]     20 18.1ms
                                                 ddr3.ddr3_controller_inst.stage2_do_act     26 18.1ms
                            $techmap600954$auto$abc9_ops.cc:1552:reintegrate$593946.A[2]     40 18.1ms
                            $techmap601126$auto$abc9_ops.cc:1552:reintegrate$593903.A[3]     22 18.0ms
                                                                        matvec.hq_lo[17]      4 18.0ms
                            $techmap600742$auto$abc9_ops.cc:1552:reintegrate$593972.A[3]     20 18.0ms
                            $techmap602529$auto$abc9_ops.cc:1552:reintegrate$593498.A[1]     29 18.0ms
                                    $techmap601526$abc$592153$lut$aiger592152$33255.A[2]     32 17.9ms
                            $techmap605710$auto$abc9_ops.cc:1552:reintegrate$592389.A[2]      2 17.9ms
                            $techmap603120$auto$abc9_ops.cc:1552:reintegrate$593305.A[2]     16 17.9ms
                                                                               debug1[2]     25 17.7ms
                                                                       loader.h_addr[24]     12 17.7ms
                            $techmap599678$auto$abc9_ops.cc:1552:reintegrate$594366.A[1]     62 17.6ms
                  $techmap607344$abc$592153$lut$flatten\receiver.$0\count[31:0][31].A[0]     32 17.6ms
                            $techmap603859$auto$abc9_ops.cc:1552:reintegrate$593050.A[0]     10 17.6ms
                                                                         loader.h_len[0]     13 17.6ms
                            $techmap605721$auto$abc9_ops.cc:1552:reintegrate$592384.A[1]     28 17.6ms
                                          ddr3.ddr3_controller_inst.start_index_check[4]     38 17.6ms
                            $techmap600691$auto$abc9_ops.cc:1552:reintegrate$593976.A[0]     26 17.6ms
                               $abc$592153$auto$opt_dff.cc:234:make_patterns_logic$83066     15 17.5ms
                               $abc$592153$auto$opt_dff.cc:251:make_patterns_logic$83548     32 17.5ms
                               $abc$592153$auto$opt_dff.cc:251:make_patterns_logic$81918     32 17.5ms
                                        ddr3.ddr3_controller_inst.instruction_address[3]     29 17.4ms
                                                                           wb_rdata[121]     19 17.4ms
                                    $techmap610519$abc$592153$lut$aiger592152$29627.A[3]      4 17.3ms
                            $techmap605258$auto$abc9_ops.cc:1552:reintegrate$592506.A[1]     26 17.3ms
        $techmap610315$abc$592153$lut$auto$opt_dff.cc:251:make_patterns_logic$83265.A[3]     25 17.3ms
                                    $techmap610005$abc$592153$lut$aiger592152$38103.A[3]     24 17.3ms
                            $techmap599677$auto$abc9_ops.cc:1552:reintegrate$594367.A[1]      5 17.3ms
                            $techmap601567$auto$abc9_ops.cc:1552:reintegrate$593739.A[4]     26 17.2ms
                            $techmap601588$auto$abc9_ops.cc:1552:reintegrate$593727.A[0]     24 17.2ms
                                    $techmap600488$abc$592153$lut$aiger592152$23516.A[1]     25 17.2ms
                                                                            wb_rdata[86]     19 17.1ms
                                                                            wb_rdata[63]     20 17.0ms
                            $techmap604290$auto$abc9_ops.cc:1552:reintegrate$592868.A[0]      2 16.9ms
                               $abc$592153$auto$opt_dff.cc:251:make_patterns_logic$80885     16 16.9ms
                            $techmap602296$auto$abc9_ops.cc:1552:reintegrate$593572.A[2]     16 16.9ms
                            $techmap605892$auto$abc9_ops.cc:1552:reintegrate$592310.A[1]     23 16.9ms
                               $techmap608234$abc$592153$lut\matvec.result_read[19].A[0]     32 16.8ms
              $techmap86154$flatten\resetgen.$lt$build/t27/specs/rtl/fpga_reset.v:84$4.Y     33 16.8ms
                            $techmap602923$auto$abc9_ops.cc:1552:reintegrate$593368.A[1]     16 16.8ms
                                                                               debug1[3]     21 16.7ms
                  $techmap607464$abc$592153$lut$flatten\matvec.$procmux$57972_Y[30].A[2]     31 16.7ms
                            $techmap599823$auto$abc9_ops.cc:1552:reintegrate$594224.A[1]      5 16.7ms
                            $techmap602166$auto$abc9_ops.cc:1552:reintegrate$593617.A[3]     32 16.6ms
                                                                        loader.h_addr[6]     12 16.6ms
                                                                              line_b[21]      1 16.6ms
                            $techmap601077$auto$abc9_ops.cc:1552:reintegrate$593919.A[2]      7 16.6ms
               $techmap608637$abc$592153$lut$flatten\transmitter.$0\count[31:0][13].A[1]      2 16.5ms
                                                           $abc$592153$aiger592152$38426      1 16.4ms
                            $techmap602005$auto$abc9_ops.cc:1552:reintegrate$593662.A[1]     39 16.4ms
                            $techmap604403$auto$abc9_ops.cc:1552:reintegrate$592817.A[3]      5 16.4ms
                                                          ddr3.idelay_data_cntvaluein[1]     20 16.2ms
                                                                           wb_rdata[119]     19 16.2ms
                                                          ddr3.idelay_data_cntvaluein[3]     20 16.1ms
                            $techmap604411$auto$abc9_ops.cc:1552:reintegrate$592809.A[3]      4 16.1ms
                                                                            wb_rdata[40]     20 16.0ms
                            $techmap601161$auto$abc9_ops.cc:1552:reintegrate$593894.A[2]     18 16.0ms
                            $techmap599900$auto$abc9_ops.cc:1552:reintegrate$594185.A[0]      2 15.9ms
        $techmap86125$flatten\master.$gt$build/t27/specs/rtl/fpga_loader_wb.v:510$9444.Y     32 15.9ms
                                               ddr3.ddr3_controller_inst.stage2_row_d[0]      2 15.9ms
                                                  $techmap599531\loader.fifo.0.0.ENBWREN      3 15.9ms
                                            ddr3.ddr3_controller_inst.dqs_start_index[2]     24 15.9ms
                                    $techmap605178$abc$592153$lut$aiger592152$50399.A[1]      2 15.8ms
        $techmap610375$abc$592153$lut$auto$opt_dff.cc:251:make_patterns_logic$83353.A[1]     20 15.8ms
                                                ddr3.ddr3_controller_inst.stage1_bank[1]     29 15.8ms
                                                                  matvec.result_index[5]     11 15.8ms
                                      ddr3.ddr3_controller_inst.write_by_byte_counter[3]     24 15.7ms
                               $abc$592153$auto$opt_dff.cc:251:make_patterns_logic$81283     32 15.7ms
                            $techmap601208$auto$abc9_ops.cc:1552:reintegrate$593869.A[4]     18 15.7ms
                                                                       loader.h_addr[25]     12 15.6ms
                                                                         master.m_lo[57]      2 15.6ms
                                                                        master.outst[27]      5 15.6ms
                                    $techmap604711$abc$592153$lut$aiger592152$62490.A[2]      1 15.5ms
                            $techmap601182$auto$abc9_ops.cc:1552:reintegrate$593888.A[4]     18 15.5ms
                                    $techmap603301$abc$592153$lut$aiger592152$49643.A[2]      2 15.4ms
                            $techmap602454$auto$abc9_ops.cc:1552:reintegrate$593520.A[2]     27 15.4ms
                                    $techmap600914$abc$592153$lut$aiger592152$27690.A[4]     33 15.4ms
                                                                        matvec.hq_lo[58]      5 15.3ms
                               $abc$592153$auto$opt_dff.cc:251:make_patterns_logic$82813     25 15.2ms
                                    $techmap600843$abc$592153$lut$aiger592152$26455.A[1]     22 15.2ms
                                                                               heartbeat      2 15.1ms
                                                                 matvec.result_index[10]     11 15.1ms
                            $techmap601126$auto$abc9_ops.cc:1552:reintegrate$593903.A[2]     18 15.1ms
                                     ddr3.ddr3_controller_inst.stage2_data_unaligned[25]      7 15.1ms
                                    $techmap600799$abc$592153$lut$aiger592152$25657.A[5]      7 15.1ms
                               $abc$592153$auto$opt_dff.cc:251:make_patterns_logic$81360     32 15.0ms
                                    $techmap600979$abc$592153$lut$aiger592152$28288.A[1]     28 15.0ms
        $techmap601338$abc$592153$lut$auto$opt_dff.cc:251:make_patterns_logic$83314.A[1]      8 15.0ms
                                                                         loader.h_len[4]     14 14.9ms
                                    $techmap604781$abc$592153$lut$aiger592152$63178.A[0]      2 14.9ms
                                    $techmap609736$abc$592153$lut$aiger592152$42518.A[0]      3 14.9ms
                                            $techmap220177$auto$ff.cc:337:slice$116465.D     34 14.8ms
                            $techmap602665$auto$abc9_ops.cc:1552:reintegrate$593449.A[0]     10 14.8ms
                            $techmap600460$auto$abc9_ops.cc:1552:reintegrate$593988.A[3]     16 14.7ms
                                        ddr3.ddr3_controller_inst.instruction_address[1]     23 14.7ms
                                    $techmap601791$abc$592153$lut$aiger592152$37470.A[0]     35 14.7ms
                               $abc$592153$auto$opt_dff.cc:251:make_patterns_logic$81994     32 14.7ms
                               $abc$592153$auto$opt_dff.cc:251:make_patterns_logic$82743     32 14.7ms
                            $techmap601174$auto$abc9_ops.cc:1552:reintegrate$593890.A[3]     17 14.6ms
                                                                 matvec.result_index[15]      3 14.6ms
                                                                            wb_rdata[33]     20 14.5ms
                                                                              line_a[22]      1 14.5ms
        $techmap610577$abc$592153$lut$auto$opt_dff.cc:251:make_patterns_logic$82381.A[3]     32 14.5ms
                                    $techmap603283$abc$592153$lut$aiger592152$40442.A[1]     17 14.5ms
                               $abc$592153$auto$opt_dff.cc:251:make_patterns_logic$82336      7 14.5ms
                                    $techmap602185$abc$592153$lut$aiger592152$41348.A[5]     14 14.4ms
                            $techmap601394$auto$abc9_ops.cc:1552:reintegrate$593751.A[1]     32 14.4ms
                               $abc$592153$auto$opt_dff.cc:251:make_patterns_logic$81905     32 14.4ms
                $techmap609914$abc$592153$lut$flatten\transmitter.$0\shift[31:0][1].A[1]      1 14.3ms
                            $techmap601957$auto$abc9_ops.cc:1552:reintegrate$593684.A[3]     32 14.3ms
               $techmap607384$abc$592153$lut$flatten\loader.$0\prob_count[31:0][31].A[4]     32 14.2ms
                            $techmap601208$auto$abc9_ops.cc:1552:reintegrate$593869.A[3]     17 14.2ms
                            $techmap599658$auto$abc9_ops.cc:1552:reintegrate$594377.A[0]      4 14.2ms
                  $techmap607344$abc$592153$lut$flatten\receiver.$0\count[31:0][31].A[4]     30 14.2ms
                                    $techmap607532$abc$592153$lut$aiger592152$65523.A[4]      2 14.2ms
                            $techmap599741$auto$abc9_ops.cc:1552:reintegrate$594303.A[0]      6 14.1ms
                  $techmap607974$abc$592153$lut$flatten\matvec.$procmux$58171_Y[22].A[0]      2 14.0ms
                            $techmap605726$auto$abc9_ops.cc:1552:reintegrate$592383.A[1]     29 14.0ms
                                                                            wb_rdata[54]     20 14.0ms
                            $techmap601172$auto$abc9_ops.cc:1552:reintegrate$593891.A[4]     16 14.0ms
               $techmap608451$abc$592153$lut$flatten\loader.$0\prob_count[31:0][16].A[2]      1 13.8ms
                                    $techmap601697$abc$592153$lut$aiger592152$28684.A[4]      2 13.8ms
        $abc$592153$flatten\matvec.$8\dot_one$func$build/t27/specs/rtl/fpga_ddr3_matvec.v:2030$9813.dot_one_body.prod[31:0]$11033[10]     16 13.8ms
                                    $techmap600544$abc$592153$lut$aiger592152$23592.A[0]     34 13.7ms
                                                                        loader.h_len[12]     17 13.7ms
                            $techmap603591$auto$abc9_ops.cc:1552:reintegrate$593141.A[0]     10 13.6ms
                                    $techmap602097$abc$592153$lut$aiger592152$40642.A[4]     16 13.6ms
                             ddr3.ddr3_controller_inst.delay_before_read_counter_d[2][0]      2 13.6ms
                                                                        loader.h_addr[9]     15 13.6ms
                                                              $PACKER_GND_NET$legal$8969      1 13.6ms
                                                                  matvec.result_index[8]     11 13.5ms
                            $techmap601186$auto$abc9_ops.cc:1552:reintegrate$593887.A[3]     17 13.5ms
                            $techmap599554$auto$abc9_ops.cc:1552:reintegrate$594481.A[0]     38 13.5ms
                            $techmap602846$auto$abc9_ops.cc:1552:reintegrate$593396.A[2]      7 13.5ms
                               $abc$592153$auto$opt_dff.cc:251:make_patterns_logic$80686      8 13.5ms
                                                                         master.m_lo[53]      2 13.4ms
                                    $techmap603275$abc$592153$lut$aiger592152$37171.A[1]     12 13.4ms
                                    $techmap600337$abc$592153$lut$aiger592152$27924.A[5]     18 13.3ms
                                                                         loader.h_len[9]     15 13.3ms
                                                                         loader.h_len[6]     13 13.3ms
                                                                        loader.h_len[11]     14 13.2ms
                            $techmap602319$auto$abc9_ops.cc:1552:reintegrate$593559.A[2]     20 13.2ms
                            $techmap602975$auto$abc9_ops.cc:1552:reintegrate$593343.A[0]     10 13.2ms
                               $abc$592153$auto$opt_dff.cc:251:make_patterns_logic$81168     32 13.1ms
                                    $techmap600802$abc$592153$lut$aiger592152$25722.A[0]     34 13.0ms
                                    $techmap600902$abc$592153$lut$aiger592152$25747.A[1]      5 13.0ms
                             ddr3.ddr3_controller_inst.delay_before_read_counter_q[7][0]      3 13.0ms
                                    $techmap601120$abc$592153$lut$aiger592152$29173.A[1]     18 13.0ms
                                    $techmap601466$abc$592153$lut$aiger592152$33079.A[0]     23 13.0ms
                                    $techmap611038$abc$592153$lut$aiger592152$24296.A[5]      1 12.9ms
                    $techmap609949$abc$592153$lut$flatten\matvec.$0\mstate[31:0][1].A[3]     34 12.9ms
                                 $techmap601986$abc$592153$lut\loader.line_value[2].A[1]     32 12.9ms
                                                                               debug1[4]     27 12.9ms
                                            $auto$alumacc.cc:512:replace_alu$89626.Y[22]      1 12.8ms
                            $techmap605152$auto$abc9_ops.cc:1552:reintegrate$592541.A[1]     17 12.7ms
                            $techmap602969$auto$abc9_ops.cc:1552:reintegrate$593348.A[2]      5 12.7ms
               $techmap607331$abc$592153$lut$flatten\matvec.$0\stray_acks[31:0][31].A[4]     32 12.7ms
                                                                        loader.h_addr[4]     13 12.7ms
                                                                               debug1[1]     20 12.6ms
                            $techmap602175$auto$abc9_ops.cc:1552:reintegrate$593612.A[2]     34 12.6ms
                                                                         master.outst[4]      6 12.5ms
                            $techmap604214$auto$abc9_ops.cc:1552:reintegrate$592893.A[3]      5 12.5ms
                                               $techmap599532\matvec.results.0.3.ENBWREN     11 12.5ms
                            $techmap602580$auto$abc9_ops.cc:1552:reintegrate$593484.A[3]     29 12.4ms
                            $techmap599815$auto$abc9_ops.cc:1552:reintegrate$594232.A[0]      3 12.4ms
                                    $techmap601829$abc$592153$lut$aiger592152$37969.A[5]      1 12.4ms
                            $techmap600478$auto$abc9_ops.cc:1552:reintegrate$593984.A[2]     39 12.4ms
                                    ddr3.ddr3_controller_inst.stage2_data_unaligned[107]      6 12.4ms
                                    ddr3.ddr3_controller_inst.read_lane_data_shifted[28]      1 12.3ms
                                                                        loader.h_addr[8]     15 12.3ms
                                                                     master.out_next[10]      1 12.3ms
        $abc$592153$flatten\ddr3.\ddr3_controller_inst.$2$lookahead\calib_data$27204[127:0]$27531[89]      2 12.2ms
                                                                        loader.h_len[14]     14 12.2ms
                            $techmap603137$auto$abc9_ops.cc:1552:reintegrate$593300.A[2]     20 12.2ms
                  $techmap607353$abc$592153$lut$flatten\loader.$procmux$73481_Y[31].A[2]     32 12.1ms
                                                              $PACKER_GND_NET$legal$1757      1 12.1ms
                            $techmap603256$auto$abc9_ops.cc:1552:reintegrate$593265.A[0]     10 12.1ms
                                                                         loader.h_len[8]     16 12.1ms
                                    $techmap602092$abc$592153$lut$aiger592152$40647.A[4]     16 12.0ms
                                                                       loader.h_addr[20]     12 12.0ms
                            $techmap599644$auto$abc9_ops.cc:1552:reintegrate$594391.A[1]     12 12.0ms
                                    $techmap601679$abc$592153$lut$aiger592152$29277.A[0]      2 12.0ms
                                    $techmap602264$abc$592153$lut$aiger592152$42037.A[3]      2 11.9ms
                                    $techmap609681$abc$592153$lut$aiger592152$43548.A[1]      1 11.9ms
                                                                       resetgen.hold[19]      2 11.8ms
                                    $techmap604427$abc$592153$lut$aiger592152$59586.A[3]      2 11.8ms
                            $techmap604615$auto$abc9_ops.cc:1552:reintegrate$592724.A[3]      1 11.8ms
                            $techmap603041$auto$abc9_ops.cc:1552:reintegrate$593336.A[5]      1 11.7ms
                                    $techmap603947$abc$592153$lut$aiger592152$54627.A[1]      2 11.7ms
                            $techmap601094$auto$abc9_ops.cc:1552:reintegrate$593914.A[3]      4 11.6ms
                                      ddr3.ddr3_controller_inst.write_by_byte_counter[1]     22 11.6ms
                            $techmap601771$auto$abc9_ops.cc:1552:reintegrate$593701.A[2]     22 11.6ms
                                                                         loader.h_len[5]     14 11.6ms
                  $techmap607122$abc$592153$lut$flatten\matvec.$procmux$58032_Y[39].A[2]     40 11.6ms
                                    $techmap610902$abc$592153$lut$aiger592152$25895.A[4]      1 11.6ms
                                      ddr3.ddr3_controller_inst.bank_active_row_d[2][12]      4 11.6ms
                                             $auto$alumacc.cc:512:replace_alu$89760.Y[0]      2 11.5ms
                            $techmap599646$auto$abc9_ops.cc:1552:reintegrate$594389.A[1]     12 11.5ms
                            $techmap602367$auto$abc9_ops.cc:1552:reintegrate$593547.A[4]      2 11.5ms
                            $techmap602101$auto$abc9_ops.cc:1552:reintegrate$593639.A[1]     16 11.5ms
                                                                        loader.h_addr[0]     13 11.5ms
        $techmap610661$abc$592153$lut$auto$opt_dff.cc:251:make_patterns_logic$82076.A[2]     24 11.4ms
                            $techmap602202$auto$abc9_ops.cc:1552:reintegrate$593601.A[1]     35 11.4ms
                                    $techmap601455$abc$592153$lut$aiger592152$33074.A[4]     31 11.4ms
                                   $techmap606434$abc$592153$lut$not$aiger592152$16073.A      3 11.4ms
                                                                               mv_s_a[8]      1 11.4ms
                                                                        loader.h_len[13]     16 11.4ms
                                    $techmap602673$abc$592153$lut$aiger592152$45235.A[2]     26 11.3ms
                                    $techmap607371$abc$592153$lut$aiger592152$25525.A[0]      3 11.3ms
                                                                       loader.h_addr[26]     12 11.3ms
        $abc$592153$flatten\ddr3.\ddr3_phy_inst.$logic_not$build/uberddr3/rtl/ddr3_phy.v:1126$26157_Y      4 11.3ms
                                                                             line_tag[2]      2 11.3ms
                                             $auto$alumacc.cc:512:replace_alu$89760.Y[8]      4 11.2ms
                                    $techmap610188$abc$592153$lut$aiger592152$37085.A[4]      3 11.2ms
                                            $auto$alumacc.cc:512:replace_alu$89620.Y[29]      2 11.2ms
                                        ddr3.ddr3_controller_inst.instruction_address[0]     21 11.2ms
                                    $techmap602092$abc$592153$lut$aiger592152$40647.A[3]     16 11.1ms
                            $techmap604786$auto$abc9_ops.cc:1552:reintegrate$592662.A[2]      1 11.1ms
                            $techmap606019$auto$abc9_ops.cc:1552:reintegrate$592238.A[3]     14 11.1ms
                               $abc$592153$auto$opt_dff.cc:234:make_patterns_logic$99872      7 11.1ms
                            $techmap603352$auto$abc9_ops.cc:1552:reintegrate$593238.A[2]     16 11.1ms
                                    $techmap600688$abc$592153$lut$aiger592152$24704.A[1]      4 11.1ms
                               $abc$592153$auto$opt_dff.cc:251:make_patterns_logic$82381     32 11.0ms
                                    $techmap605426$abc$592153$lut$aiger592152$67602.A[3]      3 11.0ms
                            $techmap604450$auto$abc9_ops.cc:1552:reintegrate$592793.A[2]      6 11.0ms
                                    $techmap603025$abc$592153$lut$aiger592152$47975.A[1]      1 11.0ms
                            $techmap600342$auto$abc9_ops.cc:1552:reintegrate$594065.A[5]      7 11.0ms
                  $techmap607380$abc$592153$lut$flatten\matvec.$procmux$58879_Y[31].A[1]     32 11.0ms
                            $techmap605713$auto$abc9_ops.cc:1552:reintegrate$592388.A[2]      2 11.0ms
                                                ddr3.ddr3_controller_inst.stage1_pending     13 10.9ms
                                    $techmap600339$abc$592153$lut$aiger592152$27928.A[0]      7 10.9ms
                                                                       loader.h_addr[17]     11 10.9ms
                                    $techmap601525$abc$592153$lut$aiger592152$33252.A[1]     17 10.9ms
                                    $techmap602135$abc$592153$lut$aiger592152$40962.A[0]      9 10.8ms
                            $techmap599658$auto$abc9_ops.cc:1552:reintegrate$594377.A[1]      5 10.8ms
                            $techmap604317$auto$abc9_ops.cc:1552:reintegrate$592852.A[4]      1 10.8ms
                            $techmap602796$auto$abc9_ops.cc:1552:reintegrate$593414.A[0]     10 10.8ms
                                            $auto$alumacc.cc:512:replace_alu$89668.Y[23]      1 10.8ms
                     $techmap610527$abc$592153$lut$flatten\transmitter.$0\busy[0:0].A[1]     36 10.8ms
                            $techmap599649$auto$abc9_ops.cc:1552:reintegrate$594386.A[1]     13 10.8ms
                            $techmap601167$auto$abc9_ops.cc:1552:reintegrate$593892.A[3]     17 10.8ms
                            $techmap604444$auto$abc9_ops.cc:1552:reintegrate$592795.A[2]     14 10.8ms
                            $techmap601604$auto$abc9_ops.cc:1552:reintegrate$593722.A[0]     21 10.7ms
                            $techmap603267$auto$abc9_ops.cc:1552:reintegrate$593258.A[2]     10 10.7ms
                                    $techmap608841$abc$592153$lut$aiger592152$53778.A[5]      1 10.7ms
                            $techmap601574$auto$abc9_ops.cc:1552:reintegrate$593733.A[2]     29 10.6ms
                                    $techmap602092$abc$592153$lut$aiger592152$40647.A[5]     16 10.6ms
                                            $auto$alumacc.cc:512:replace_alu$89677.Y[22]      1 10.6ms
                            $techmap600377$auto$abc9_ops.cc:1552:reintegrate$594057.A[1]      4 10.6ms
        $techmap611012$abc$592153$lut$auto$opt_dff.cc:251:make_patterns_logic$81168.A[3]     33 10.6ms
                                    $techmap602798$abc$592153$lut$aiger592152$46448.A[4]      3 10.6ms
                                                                        loader.h_addr[7]     12 10.5ms
                            $techmap601178$auto$abc9_ops.cc:1552:reintegrate$593889.A[3]     15 10.5ms
                                    $techmap602499$abc$592153$lut$aiger592152$43908.A[0]      3 10.5ms
                                     ddr3.ddr3_controller_inst.stage2_data_unaligned[17]      7 10.5ms
                                                                              line_b[25]      1 10.5ms
                                                                       loader.h_addr[23]     12 10.5ms
                            $techmap600788$auto$abc9_ops.cc:1552:reintegrate$593967.A[0]     27 10.5ms
                                               $auto$xilinx_dffopt.cc:347:execute$611254      1 10.5ms
                                                                       loader.h_addr[12]     13 10.5ms
                                                                       loader.h_addr[29]     10 10.4ms
                                             $auto$alumacc.cc:512:replace_alu$89620.Y[1]      2 10.4ms
                            $techmap600951$auto$abc9_ops.cc:1552:reintegrate$593947.A[3]      8 10.4ms
                                    $techmap600641$abc$592153$lut$aiger592152$23865.A[0]      1 10.4ms
                            $techmap604436$auto$abc9_ops.cc:1552:reintegrate$592803.A[1]     18 10.4ms
                                                                        matvec.hq_hi[26]      4 10.4ms
                                    $techmap607142$abc$592153$lut$aiger592152$68043.A[0]      3 10.3ms
                            $techmap601047$auto$abc9_ops.cc:1552:reintegrate$593928.A[3]     19 10.3ms
                                                                         master.m_hi[57]      2 10.3ms
                            $techmap603624$auto$abc9_ops.cc:1552:reintegrate$593120.A[2]     20 10.3ms
                            $techmap601308$auto$abc9_ops.cc:1552:reintegrate$593779.A[1]      9 10.3ms
                ddr3.ddr3_controller_inst.stage2_do_update_delay_before_read_after_act_d      2 10.3ms
                                                          ddr3.idelay_data_cntvaluein[4]     20 10.2ms
                                                                    arbiter.out_next[11]      1 10.2ms
                                                                             wr_addr[19]      5 10.2ms
                            $techmap601776$auto$abc9_ops.cc:1552:reintegrate$593699.A[1]     28 10.2ms
                                                          ddr3.idelay_data_cntvaluein[0]     17 10.2ms
                            $techmap602057$auto$abc9_ops.cc:1552:reintegrate$593649.A[2]     16 10.2ms
                                    $techmap604884$abc$592153$lut$aiger592152$64202.A[0]      1 10.1ms
                                                                       loader.resp_a[10]      3 10.1ms
                                         ddr3.ddr3_controller_inst.stage1_next_bank_d[2]     18 10.1ms
                               $abc$592153$auto$opt_dff.cc:251:make_patterns_logic$81242     32 10.1ms
                            $techmap599601$auto$abc9_ops.cc:1552:reintegrate$594434.A[1]      5 10.1ms
                            $techmap600889$auto$abc9_ops.cc:1552:reintegrate$593956.A[2]      9 10.0ms
                                                                         loader.h_crc[9]      6 10.0ms
                                                 ddr3.ddr3_controller_inst.dqs_store[15]      4 10.0ms
                                                                        loader.h_addr[5]     12 10.0ms
                                    ddr3.ddr3_controller_inst.stage2_data_unaligned[119]     10 10.0ms
                                                                         ddr3.bitslip[0]     18 10.0ms
                                    $techmap604742$abc$592153$lut$aiger592152$62946.A[0]      3 10.0ms
                                          $auto$abc9_ops.cc:1552:reintegrate$594175.A[5]      6 10.0ms
                                                                       loader.h_addr[10]     13 10.0ms
                            $techmap601496$auto$abc9_ops.cc:1552:reintegrate$593746.A[3]     24 10.0ms
                                    $techmap602080$abc$592153$lut$aiger592152$32622.A[1]      2 9.9ms
                            $techmap600844$auto$abc9_ops.cc:1552:reintegrate$593962.A[1]     19 9.9ms
                            $techmap600951$auto$abc9_ops.cc:1552:reintegrate$593947.A[5]      5 9.9ms
                                    $techmap610519$abc$592153$lut$aiger592152$29627.A[4]      4 9.9ms
                                                                         loader.h_len[2]     13 9.9ms
                    $techmap607375$abc$592153$lut$flatten\loader.$0\quiet[31:0][31].A[0]      1 9.9ms
                                 ddr3.ddr3_controller_inst.check_test_address_counter[7]     10 9.9ms
                $techmap608410$abc$592153$lut$flatten\receiver.$procmux$77146_Y[16].A[1]      1 9.8ms
                  $techmap607397$abc$592153$lut$flatten\matvec.$0\req_gap[31:0][31].A[1]     31 9.8ms
                                 ddr3.ddr3_controller_inst.check_test_address_counter[2]     13 9.8ms
                            $techmap603506$auto$abc9_ops.cc:1552:reintegrate$593188.A[0]     10 9.8ms
                                    $techmap600985$abc$592153$lut$aiger592152$28455.A[0]     12 9.8ms
                                                                            ddr3.cmd[73]      9 9.8ms
                                            $techmap218465$auto$ff.cc:337:slice$119550.D      1 9.8ms
                               $abc$592153$auto$opt_dff.cc:234:make_patterns_logic$81426     32 9.8ms
                                      ddr3.ddr3_controller_inst.stage2_data_unaligned[4]      8 9.7ms
                                    $techmap602097$abc$592153$lut$aiger592152$40642.A[5]     16 9.7ms
                            $techmap601182$auto$abc9_ops.cc:1552:reintegrate$593888.A[3]     17 9.7ms
                            $techmap601569$auto$abc9_ops.cc:1552:reintegrate$593738.A[2]     18 9.7ms
                               $abc$592153$auto$opt_dff.cc:251:make_patterns_logic$80603     32 9.6ms
                            $techmap601172$auto$abc9_ops.cc:1552:reintegrate$593891.A[3]     16 9.6ms
                                                                         loader.h_len[3]     13 9.6ms
                            $techmap601948$auto$abc9_ops.cc:1552:reintegrate$593689.A[3]      9 9.6ms
                                    $techmap605071$abc$592153$lut$aiger592152$65850.A[2]      1 9.6ms
                                    $techmap603110$abc$592153$lut$aiger592152$48541.A[2]      1 9.6ms
                            $techmap601560$auto$abc9_ops.cc:1552:reintegrate$593741.A[0]     10 9.6ms
                                    $techmap602099$abc$592153$lut$aiger592152$40651.A[2]     16 9.6ms
                                    $techmap600873$abc$592153$lut$aiger592152$27239.A[3]     32 9.6ms
                                               $auto$xilinx_dffopt.cc:347:execute$611074      1 9.6ms
                               $abc$592153$auto$opt_dff.cc:251:make_patterns_logic$82722     16 9.6ms
                            $techmap599645$auto$abc9_ops.cc:1552:reintegrate$594390.A[1]     10 9.6ms
                                    $techmap603109$abc$592153$lut$aiger592152$48532.A[4]      6 9.5ms
                            $techmap605875$auto$abc9_ops.cc:1552:reintegrate$592314.A[2]      9 9.5ms
                                      ddr3.ddr3_controller_inst.bank_active_row_d[3][14]      4 9.5ms
                                                                       loader.h_addr[11]     13 9.5ms
                            $techmap602163$auto$abc9_ops.cc:1552:reintegrate$593618.A[0]     15 9.5ms
                                    $techmap599675$abc$592153$lut$aiger592152$24572.A[1]      2 9.5ms
                                                                       loader.h_addr[31]     12 9.4ms
                               $abc$592153$auto$opt_dff.cc:251:make_patterns_logic$82875     31 9.4ms
                               $abc$592153$auto$opt_dff.cc:251:make_patterns_logic$82762      9 9.4ms
                            $techmap602580$auto$abc9_ops.cc:1552:reintegrate$593484.A[4]     30 9.4ms
                            $techmap600858$auto$abc9_ops.cc:1552:reintegrate$593958.A[2]     33 9.4ms
                                            $auto$alumacc.cc:512:replace_alu$89620.Y[26]      2 9.4ms
                                                                   loader.stage_word[16]      2 9.4ms
                                                                        loader.h_len[10]     16 9.3ms
                            $techmap600381$auto$abc9_ops.cc:1552:reintegrate$594054.A[5]      2 9.3ms
                                            $techmap218210$auto$ff.cc:337:slice$120099.D      1 9.3ms
                      $abc$592153$flatten\ddr3.\ddr3_controller_inst.$procmux$44584_Y[3]      1 9.3ms
                            $techmap601165$auto$abc9_ops.cc:1552:reintegrate$593893.A[3]     17 9.3ms
                            $techmap605820$auto$abc9_ops.cc:1552:reintegrate$592339.A[4]      3 9.3ms
                                     ddr3.ddr3_controller_inst.stage2_data_unaligned[35]      6 9.2ms
                                    $techmap600871$abc$592153$lut$aiger592152$27234.A[2]     22 9.2ms
                                            ddr3.ddr3_controller_inst.dqs_start_index[3]     16 9.2ms
                                            ddr3.ddr3_controller_inst.o_wb_data_q[0][55]      1 9.2ms
                            $techmap599828$auto$abc9_ops.cc:1552:reintegrate$594219.A[1]      5 9.2ms
                                                                   ddr3.iserdes_data[52]      2 9.2ms
                                                                       loader.h_addr[22]     12 9.2ms
                                    $techmap602079$abc$592153$lut$aiger592152$32618.A[0]      2 9.1ms
                            $techmap599664$auto$abc9_ops.cc:1552:reintegrate$594371.A[0]      4 9.1ms
                                                                       loader.h_addr[18]     11 9.1ms
                                    $techmap602621$abc$592153$lut$aiger592152$44905.A[1]      3 9.1ms
        $techmap611044$abc$592153$lut$auto$opt_dff.cc:251:make_patterns_logic$81187.A[0]     32 9.1ms
                                    $techmap602068$abc$592153$lut$aiger592152$40614.A[1]     10 9.1ms
                  $techmap607378$abc$592153$lut$flatten\matvec.$procmux$58421_Y[31].A[1]     32 9.0ms
                            $techmap602313$auto$abc9_ops.cc:1552:reintegrate$593563.A[2]     14 9.0ms
        $techmap608576$abc$592153$lut$flatten\ddr3.\ddr3_controller_inst.$procmux$32771_Y[14].A[0]      1 9.0ms
                                    $techmap600360$abc$592153$lut$aiger592152$27081.A[1]      5 9.0ms
                               $abc$592153$auto$opt_dff.cc:234:make_patterns_logic$99847     10 9.0ms
                                                           $abc$592153$aiger592152$35488      8 9.0ms
                                    $techmap600688$abc$592153$lut$aiger592152$24704.A[3]      3 9.0ms
                            $techmap600892$auto$abc9_ops.cc:1552:reintegrate$593955.A[2]      7 9.0ms
                            $techmap603502$auto$abc9_ops.cc:1552:reintegrate$593191.A[2]      5 9.0ms
        $techmap610609$abc$592153$lut$auto$opt_dff.cc:251:make_patterns_logic$99469.A[1]     31 9.0ms
                            $techmap602721$auto$abc9_ops.cc:1552:reintegrate$593439.A[1]     12 9.0ms
                                                                        matvec.hq_hi[43]      3 8.9ms
                                                                        loader.h_len[15]     14 8.9ms
                                    $techmap605019$abc$592153$lut$aiger592152$65344.A[2]      2 8.9ms
                                                                   loader.stage_word[30]      2 8.9ms
                                    $techmap609877$abc$592153$lut$aiger592152$41094.A[3]      2 8.9ms
                                                                         loader.h_len[7]     14 8.9ms
                                            $techmap220194$auto$ff.cc:337:slice$116448.D      1 8.9ms
                                           ddr3.ddr3_controller_inst.added_read_pipe_max     13 8.8ms
                $techmap607356$abc$592153$lut$flatten\loader.$0\port_wait[31:0][31].A[1]     32 8.8ms
                                                                       loader.h_addr[30]     12 8.8ms
                                      ddr3.ddr3_controller_inst.stage2_data_unaligned[2]      6 8.8ms
                            $techmap599642$auto$abc9_ops.cc:1552:reintegrate$594393.A[1]     10 8.8ms
                                    $techmap600873$abc$592153$lut$aiger592152$27239.A[4]     16 8.8ms
               $techmap608077$abc$592153$lut$flatten\loader.$0\prob_count[31:0][21].A[1]      3 8.8ms
                            $techmap602722$auto$abc9_ops.cc:1552:reintegrate$593438.A[1]     16 8.8ms
                            $techmap604054$auto$abc9_ops.cc:1552:reintegrate$592967.A[0]      1 8.8ms
                            $techmap601956$auto$abc9_ops.cc:1552:reintegrate$593685.A[3]      9 8.7ms
                                                                        loader.h_addr[2]     13 8.7ms
                                                                       loader.h_addr[27]     12 8.7ms
                            $techmap601165$auto$abc9_ops.cc:1552:reintegrate$593893.A[4]     17 8.7ms
                                    $techmap600488$abc$592153$lut$aiger592152$23516.A[0]     17 8.7ms
                                                                       loader.h_addr[14]     11 8.7ms
                                                                       loader.h_addr[13]     13 8.7ms
                                    $techmap604144$abc$592153$lut$aiger592152$50056.A[1]      2 8.6ms
                                                                     ddr3.dq_tri_control     18 8.6ms
                            $techmap599660$auto$abc9_ops.cc:1552:reintegrate$594375.A[1]      5 8.6ms
                            $techmap600363$auto$abc9_ops.cc:1552:reintegrate$594062.A[1]      2 8.6ms
                                    $techmap601356$abc$592153$lut$aiger592152$32424.A[3]     11 8.6ms
                                                                        matvec.hq_hi[55]      3 8.6ms
                                                                        matvec.hq_hi[28]      4 8.5ms
                                                                        matvec.hq_lo[62]      4 8.5ms
                                            $techmap216747$auto$ff.cc:337:slice$138868.D      1 8.5ms
                                                                       loader.resp_a[14]      3 8.5ms
                               $abc$592153$auto$opt_dff.cc:251:make_patterns_logic$82956     32 8.5ms
                            $techmap600784$auto$abc9_ops.cc:1552:reintegrate$593969.A[3]     13 8.5ms
                            $techmap599665$auto$abc9_ops.cc:1552:reintegrate$594370.A[0]      4 8.5ms
                               $abc$592153$auto$opt_dff.cc:251:make_patterns_logic$81377     32 8.5ms
                            $techmap602444$auto$abc9_ops.cc:1552:reintegrate$593525.A[3]      8 8.5ms
                                     ddr3.ddr3_controller_inst.stage2_data_unaligned[94]      5 8.4ms
                                         $auto$memory_libmap.cc:1950:emit_port$92077[30]      1 8.4ms
                                                                 matvec.result_index[19]      3 8.4ms
                                                                        master.outst[25]      5 8.4ms
                                    $techmap601357$abc$592153$lut$aiger592152$32426.A[0]      2 8.4ms
                                     ddr3.ddr3_controller_inst.stage2_data_unaligned[12]      8 8.4ms
                                                                             rd_addr[28]      4 8.4ms
                                     ddr3.ddr3_controller_inst.stage2_data_unaligned[64]      8 8.3ms
                                                                        loader.h_addr[3]     13 8.3ms
                                    $techmap604018$abc$592153$lut$aiger592152$55473.A[2]      3 8.2ms
                                                                       loader.h_addr[21]     12 8.2ms
                                            $auto$alumacc.cc:512:replace_alu$89760.Y[20]      4 8.2ms
                                    $techmap601290$abc$592153$lut$aiger592152$31200.A[4]     12 8.2ms
                                     ddr3.ddr3_controller_inst.stage2_data_unaligned[48]      8 8.2ms
                                    $techmap601317$abc$592153$lut$aiger592152$32344.A[1]     19 8.2ms
                                    $techmap603224$abc$592153$lut$aiger592152$49297.A[3]      1 8.2ms
                                          ddr3.ddr3_controller_inst.stage2_do_wr_or_rd_d      1 8.1ms
                            $techmap603515$auto$abc9_ops.cc:1552:reintegrate$593182.A[3]      5 8.1ms
                                    ddr3.ddr3_controller_inst.stage2_data_unaligned[105]      7 8.1ms
                      $abc$592153$flatten\ddr3.\ddr3_controller_inst.$procmux$44970_Y[3]      1 8.1ms
                            $techmap600274$auto$abc9_ops.cc:1552:reintegrate$594097.A[0]      5 8.1ms
                                                                   loader.stage_word[14]      2 8.1ms
                                                                             wr_addr[22]      5 8.1ms
                                                                        loader.h_crc[23]      7 8.1ms
                                    $techmap602682$abc$592153$lut$aiger592152$45459.A[3]     17 8.1ms
                                     ddr3.ddr3_controller_inst.stage2_data_unaligned[31]      6 8.0ms
                            $techmap599659$auto$abc9_ops.cc:1552:reintegrate$594376.A[1]      5 8.0ms
                                                                        master.outst[19]      5 8.0ms
                                            $techmap219461$auto$ff.cc:337:slice$117957.D     15 8.0ms
                   $techmap607926$abc$592153$lut$flatten\matvec.$0\act_rd[63:0][23].A[2]      1 8.0ms
                                    $techmap600768$abc$592153$lut$aiger592152$25200.A[1]     13 8.0ms
                            $techmap604686$auto$abc9_ops.cc:1552:reintegrate$592698.A[3]     15 8.0ms
                                    $techmap604842$abc$592153$lut$aiger592152$63775.A[0]      1 8.0ms
                                                                         ddr3.bitslip[1]     18 7.9ms
                                                           $abc$592153$aiger592152$35482      8 7.9ms
                            $techmap599799$auto$abc9_ops.cc:1552:reintegrate$594248.A[0]      9 7.9ms
                                         ddr3.ddr3_controller_inst.delay_counter_is_zero     20 7.9ms
                            $techmap605505$auto$abc9_ops.cc:1552:reintegrate$592457.A[2]      7 7.9ms
                            $techmap599814$auto$abc9_ops.cc:1552:reintegrate$594233.A[1]      6 7.9ms
                            $techmap600980$auto$abc9_ops.cc:1552:reintegrate$593937.A[3]     16 7.9ms
                                 ddr3.ddr3_controller_inst.check_test_address_counter[1]     10 7.9ms
                                            $techmap219112$auto$ff.cc:337:slice$118484.D      9 7.9ms
                            $techmap601134$auto$abc9_ops.cc:1552:reintegrate$593902.A[3]     17 7.9ms
                                     ddr3.ddr3_controller_inst.stage2_data_unaligned[87]      6 7.8ms
                            $techmap601574$auto$abc9_ops.cc:1552:reintegrate$593733.A[1]     27 7.8ms
                                      ddr3.ddr3_controller_inst.stage2_data_unaligned[7]      7 7.8ms
                                    $techmap604696$abc$592153$lut$aiger592152$62542.A[0]      3 7.8ms
                                    $techmap610413$abc$592153$lut$aiger592152$32441.A[5]      2 7.8ms
                                            $auto$alumacc.cc:512:replace_alu$89620.Y[16]      2 7.8ms
                            $techmap599647$auto$abc9_ops.cc:1552:reintegrate$594388.A[1]     12 7.8ms
                  $techmap607480$abc$592153$lut$flatten\matvec.$procmux$58803_Y[30].A[3]      1 7.8ms
                                    $techmap605017$abc$592153$lut$aiger592152$65362.A[3]      1 7.8ms
                                                                         loader.h_len[1]     13 7.7ms
                                    $techmap602097$abc$592153$lut$aiger592152$40642.A[3]     16 7.7ms
                            $techmap599641$auto$abc9_ops.cc:1552:reintegrate$594394.A[1]     13 7.7ms
                               $abc$592153$auto$opt_dff.cc:251:make_patterns_logic$81892     32 7.7ms
                            $techmap602974$auto$abc9_ops.cc:1552:reintegrate$593344.A[2]     20 7.7ms
                            $techmap601979$auto$abc9_ops.cc:1552:reintegrate$593678.A[3]      9 7.6ms
                                    ddr3.ddr3_controller_inst.stage2_data_unaligned[112]      7 7.6ms
                                                                              rd_addr[5]      4 7.6ms
                               $abc$592153$auto$opt_dff.cc:251:make_patterns_logic$81944     32 7.6ms
                $techmap607281$abc$592153$lut$flatten\matvec.$0\total_bad[63:0][33].A[0]      1 7.6ms
                                                ddr3.ddr3_controller_inst.stage2_bank[0]     13 7.6ms
                            $techmap605028$auto$abc9_ops.cc:1552:reintegrate$592579.A[0]      8 7.6ms
                            $techmap602592$auto$abc9_ops.cc:1552:reintegrate$593478.A[2]     20 7.6ms
                                                            $abc$592153$aiger592152$9988      3 7.5ms
                $techmap609466$abc$592153$lut$flatten\transmitter.$0\count[31:0][4].A[1]      2 7.5ms
                                                                        loader.h_addr[1]     11 7.5ms
                               $abc$592153$auto$opt_dff.cc:251:make_patterns_logic$80585      7 7.5ms
                                                                         matvec.sub_q[7]      9 7.5ms
                            $techmap601060$auto$abc9_ops.cc:1552:reintegrate$593923.A[1]     14 7.5ms
                                    $techmap602644$abc$592153$lut$aiger592152$44937.A[2]      2 7.5ms
                                    ddr3.ddr3_controller_inst.calib_data_randomized[103]     11 7.5ms
                            $techmap600742$auto$abc9_ops.cc:1552:reintegrate$593972.A[1]     16 7.5ms
                                                                   loader.stage_word[10]      2 7.5ms
                                                                       loader.h_addr[28]     12 7.5ms
                                 ddr3.ddr3_controller_inst.check_test_address_counter[6]     13 7.4ms
                                      ddr3.ddr3_controller_inst.stage2_data_unaligned[5]      7 7.4ms
                            $techmap601202$auto$abc9_ops.cc:1552:reintegrate$593872.A[3]      9 7.4ms
                                   $techmap606616$abc$592153$lut$not$aiger592152$11867.A      4 7.4ms
                                    ddr3.ddr3_controller_inst.stage2_data_unaligned[126]     11 7.4ms
                $techmap607488$abc$592153$lut$flatten\receiver.$procmux$77146_Y[29].A[1]      1 7.4ms
                                                                         matvec.hq_hi[3]      5 7.4ms
                            $techmap599830$auto$abc9_ops.cc:1552:reintegrate$594217.A[0]      3 7.4ms
                            $techmap600920$auto$abc9_ops.cc:1552:reintegrate$593953.A[3]      4 7.4ms
                                                                               line_a[8]      1 7.4ms
                            $techmap604046$auto$abc9_ops.cc:1552:reintegrate$592970.A[0]     13 7.3ms
                                    $techmap605427$abc$592153$lut$aiger592152$67611.A[0]      3 7.3ms
                                                                               line_b[8]      1 7.3ms
                            $techmap602519$auto$abc9_ops.cc:1552:reintegrate$593501.A[2]     16 7.3ms
                                                                        master.outst[13]      5 7.3ms
                            $techmap605743$auto$abc9_ops.cc:1552:reintegrate$592376.A[1]      6 7.3ms
                                                ddr3.ddr3_controller_inst.stage2_pending     11 7.3ms
                                                                             wr_addr[26]      5 7.3ms
                                    $techmap602155$abc$592153$lut$aiger592152$40976.A[4]      2 7.3ms
                                                                       loader.h_addr[19]     11 7.3ms
                            $techmap600971$auto$abc9_ops.cc:1552:reintegrate$593942.A[4]     34 7.3ms
                                            $auto$alumacc.cc:512:replace_alu$89620.Y[23]      2 7.3ms
                            $techmap604596$auto$abc9_ops.cc:1552:reintegrate$592729.A[4]      1 7.3ms
                            $techmap601320$auto$abc9_ops.cc:1552:reintegrate$593777.A[4]     29 7.3ms
                                                                              rd_addr[8]      3 7.3ms
                                            $auto$alumacc.cc:512:replace_alu$89620.Y[30]      2 7.3ms
                                                                               line_b[9]      1 7.3ms
                                                                      master.out_next[8]      1 7.2ms
                                    $techmap609598$abc$592153$lut$aiger592152$44300.A[2]      1 7.2ms
                                                                       loader.h_addr[16]     10 7.2ms
                            $techmap599798$auto$abc9_ops.cc:1552:reintegrate$594249.A[0]      9 7.2ms
                            $techmap599598$auto$abc9_ops.cc:1552:reintegrate$594437.A[1]      5 7.2ms
                                    $techmap603497$abc$592153$lut$aiger592152$50856.A[0]      9 7.2ms
                                                                       loader.h_addr[15]     11 7.2ms
                                                                             wr_addr[15]      4 7.2ms
                                             $abc$592153$auto$rtlil.cc:3472:Mux$91699[6]      2 7.1ms
                                                           $abc$592153$aiger592152$39129      1 7.1ms
                            $techmap602109$auto$abc9_ops.cc:1552:reintegrate$593635.A[2]     20 7.1ms
                                    $techmap607174$abc$592153$lut$aiger592152$67855.A[3]      1 7.1ms
                                    ddr3.ddr3_controller_inst.calib_data_randomized[123]     10 7.1ms
                                    ddr3.ddr3_controller_inst.stage2_data_unaligned[114]      7 7.1ms
                            $techmap605003$auto$abc9_ops.cc:1552:reintegrate$592584.A[0]      3 7.1ms
                            $techmap601950$auto$abc9_ops.cc:1552:reintegrate$593688.A[3]      9 7.1ms
                $techmap608590$abc$592153$lut$flatten\receiver.$procmux$77146_Y[14].A[1]      1 7.1ms
                                 ddr3.ddr3_controller_inst.check_test_address_counter[5]     15 7.1ms
                                                                         loader.h_seq[5]      4 7.1ms
                                    $techmap608074$abc$592153$lut$aiger592152$60626.A[3]      1 7.1ms
                                    ddr3.ddr3_controller_inst.stage2_data_unaligned[127]      9 7.1ms
                                    $techmap607479$abc$592153$lut$aiger592152$65894.A[4]      4 7.0ms
                                    $techmap600963$abc$592153$lut$aiger592152$28166.A[0]      3 7.0ms
                                    $techmap607002$abc$592153$lut$aiger592152$69177.A[3]      1 7.0ms
                            $techmap603812$auto$abc9_ops.cc:1552:reintegrate$593071.A[0]     10 7.0ms
                                                                             wr_addr[20]      4 6.9ms
                            $techmap603511$auto$abc9_ops.cc:1552:reintegrate$593184.A[0]     10 6.9ms
                                            $auto$alumacc.cc:512:replace_alu$89754.Y[24]      1 6.9ms
                                                                            ddr3.cmd[96]     13 6.9ms
                            $techmap599751$auto$abc9_ops.cc:1552:reintegrate$594296.A[1]     32 6.9ms
                                            $auto$alumacc.cc:512:replace_alu$89620.Y[24]      2 6.9ms
                                     ddr3.ddr3_controller_inst.stage2_data_unaligned[65]      7 6.9ms
                                $techmap603090$abc$592153$lut\loader.line_value[23].A[2]      4 6.9ms
                                                                     arbiter.out_next[0]      2 6.9ms
                                    $techmap601336$abc$592153$lut$aiger592152$32356.A[1]     17 6.9ms
                     $abc$592153$flatten\ddr3.\ddr3_controller_inst.$procmux$44970_Y[44]      1 6.8ms
                                                 ddr3.ddr3_controller_inst.dqs_store[36]      5 6.8ms
                                    $techmap604666$abc$592153$lut$aiger592152$62232.A[3]      3 6.8ms
                                                                             wr_addr[23]      4 6.8ms
                                                                         master.m_lo[23]      2 6.8ms
                                    $techmap610622$abc$592153$lut$aiger592152$28157.A[1]     23 6.8ms
                            $techmap604152$auto$abc9_ops.cc:1552:reintegrate$592922.A[2]      2 6.8ms
                            $techmap599827$auto$abc9_ops.cc:1552:reintegrate$594220.A[1]      5 6.8ms
                                    $techmap604884$abc$592153$lut$aiger592152$64202.A[1]      3 6.8ms
                                                                        arbiter.handover     32 6.8ms
                                                                 matvec.result_index[26]      3 6.8ms
                            $techmap599594$auto$abc9_ops.cc:1552:reintegrate$594441.A[1]      5 6.8ms
                                                                             wr_addr[21]      6 6.8ms
                               $abc$592153$auto$opt_dff.cc:251:make_patterns_logic$82921      8 6.8ms
                                                                         loader.h_seq[0]      5 6.8ms
                            $techmap600974$auto$abc9_ops.cc:1552:reintegrate$593940.A[1]      8 6.8ms
                                   $techmap606467$abc$592153$lut$not$aiger592152$15766.A      4 6.7ms
                               $abc$592153$auto$opt_dff.cc:234:make_patterns_logic$99850     10 6.7ms
                                                                        matvec.hq_lo[20]      3 6.7ms
                                                                        matvec.hq_hi[63]      4 6.7ms
                   $techmap606875$abc$592153$lut$flatten\matvec.$0\act_rd[63:0][52].A[2]      1 6.7ms
                                    ddr3.ddr3_controller_inst.stage2_data_unaligned[103]      7 6.7ms
                                                                         loader.lcn0[11]      7 6.7ms
                                                          $abc$592153$aiger592152$62437b      2 6.7ms
                            $techmap599652$auto$abc9_ops.cc:1552:reintegrate$594383.A[1]     10 6.7ms
                                    $techmap608881$abc$592153$lut$aiger592152$53463.A[5]      1 6.7ms
                                                           $abc$592153$aiger592152$35491      8 6.7ms
                            $techmap600954$auto$abc9_ops.cc:1552:reintegrate$593946.A[4]      4 6.6ms
                                                                         matvec.hq_hi[7]      3 6.6ms
                                    ddr3.ddr3_controller_inst.calib_data_randomized[105]     11 6.6ms
Info: Router2 time 54.95s
Info: Routing $PACKER_VCC_NET connections...
Info:     $PACKER_VCC_NET: 3983/3983 sinks bridged (0 holdouts; max BFS 816)
Info: Routing $PACKER_GND_NET connections...
Info:     $PACKER_GND_NET HOLDOUT: $auto$alumacc.cc:512:replace_alu$89446.genblk1.slice[0].genblk1.carry4$split$11927.DI3 (bel SLICE_X148Y160/CARRY4, wire SITEWIRE/SLICE_X148Y160/DCY0_OUT)
Info:     $PACKER_GND_NET HOLDOUT: $auto$alumacc.cc:512:replace_alu$89446.genblk1.slice[0].genblk1.carry4.DI2 (bel SLICE_X148Y159/CARRY4, wire SITEWIRE/SLICE_X148Y159/CCY0_OUT)
Info:     $PACKER_GND_NET HOLDOUT: $auto$alumacc.cc:512:replace_alu$89476.genblk1.slice[0].genblk1.carry4$split$11963.DI0 (bel SLICE_X116Y135/CARRY4, wire SITEWIRE/SLICE_X116Y135/ACY0_OUT)
Info:     $PACKER_GND_NET HOLDOUT: $auto$alumacc.cc:512:replace_alu$89488.genblk1.slice[0].genblk1.carry4.DI1 (bel SLICE_X116Y130/CARRY4, wire SITEWIRE/SLICE_X116Y130/BCY0_OUT)
Info:     $PACKER_GND_NET HOLDOUT: $auto$alumacc.cc:512:replace_alu$89569.genblk1.slice[0].genblk1.carry4.DI1 (bel SLICE_X134Y134/CARRY4, wire SITEWIRE/SLICE_X134Y134/BCY0_OUT)
Info:     $PACKER_GND_NET HOLDOUT: $auto$alumacc.cc:512:replace_alu$89650.genblk1.slice[0].genblk1.carry4.DI2 (bel SLICE_X114Y170/CARRY4, wire SITEWIRE/SLICE_X114Y170/CCY0_OUT)
Info:     $PACKER_GND_NET HOLDOUT: $auto$alumacc.cc:512:replace_alu$89650.genblk1.slice[0].genblk1.carry4.DI3 (bel SLICE_X114Y170/CARRY4, wire SITEWIRE/SLICE_X114Y170/DCY0_OUT)
Info:     $PACKER_GND_NET HOLDOUT: $auto$alumacc.cc:512:replace_alu$89656.genblk1.slice[0].genblk1.carry4.DI1 (bel SLICE_X116Y165/CARRY4, wire SITEWIRE/SLICE_X116Y165/BCY0_OUT)
Info:     $PACKER_GND_NET HOLDOUT: $auto$alumacc.cc:512:replace_alu$89715.genblk1.slice[0].genblk1.carry4.DI2 (bel SLICE_X114Y151/CARRY4, wire SITEWIRE/SLICE_X114Y151/CCY0_OUT)
Info:     $PACKER_GND_NET: 3568/3577 sinks bridged (9 holdouts; max BFS 5745)
Info:     $auto$alumacc.cc:512:replace_alu$89446.genblk1.slice[0].genblk1.carry4$split$11927.DI3 (bel SLICE_X148Y160/CARRY4): CARRY4 DI with S=1 never selected, left unrouted
Info:     $auto$alumacc.cc:512:replace_alu$89446.genblk1.slice[0].genblk1.carry4.DI2 (bel SLICE_X148Y159/CARRY4): CARRY4 DI with S=1 never selected, left unrouted
Info:     $auto$alumacc.cc:512:replace_alu$89476.genblk1.slice[0].genblk1.carry4$split$11963.DI0 (bel SLICE_X116Y135/CARRY4): CARRY4 DI with S=1 never selected, left unrouted
Info:     $auto$alumacc.cc:512:replace_alu$89488.genblk1.slice[0].genblk1.carry4.DI1 (bel SLICE_X116Y130/CARRY4): CARRY4 DI with S=1 never selected, left unrouted
Info:     $auto$alumacc.cc:512:replace_alu$89569.genblk1.slice[0].genblk1.carry4.DI1 (bel SLICE_X134Y134/CARRY4): CARRY4 DI with S=1 never selected, left unrouted
Info:     $auto$alumacc.cc:512:replace_alu$89650.genblk1.slice[0].genblk1.carry4.DI2 (bel SLICE_X114Y170/CARRY4): CARRY4 DI with S=1 never selected, left unrouted
Info:     $auto$alumacc.cc:512:replace_alu$89650.genblk1.slice[0].genblk1.carry4.DI3 (bel SLICE_X114Y170/CARRY4): CARRY4 DI with S=1 never selected, left unrouted
Info:     $auto$alumacc.cc:512:replace_alu$89656.genblk1.slice[0].genblk1.carry4.DI1 (bel SLICE_X116Y165/CARRY4): CARRY4 DI with S=1 never selected, left unrouted
Info:     $auto$alumacc.cc:512:replace_alu$89715.genblk1.slice[0].genblk1.carry4.DI2 (bel SLICE_X114Y151/CARRY4): CARRY4 DI with S=1 never selected, left unrouted
Info: Constant holdouts: 0 local constant LUT(s) added, 0 re-route pass(es), 9 don't-care CARRY4 DI pin(s) left unrouted
Info: Running post-routing legalisation...
Info:     BUFHCE pass-through CE: 9 tied to VCC, 0 already driven, 0 could not be reached

Info: Critical path report for clock 'clk_ctrl' (posedge -> posedge):
Info: curr total
Info:  0.1  0.1  Source $auto$ff.cc:337:slice$113081.Q
Info:  3.5  3.5    Net ddr3.ddr3_controller_inst.index_wb_data budget 0.000000 ns (207,99) -> (211,17)
Info:                Sink $abc$592153$lut\ddr3.ddr3_controller_inst.o_wb_data[18].A1
Info:  0.1  3.7  Source $abc$592153$lut\ddr3.ddr3_controller_inst.o_wb_data[18].O6
Info:  2.0  5.7    Net wb_rdata[18] budget 0.000000 ns (211,17) -> (210,55)
Info:                Sink $abc$592153$lut$aiger592152$23741.A5
Info:  0.1  5.8  Source $abc$592153$lut$aiger592152$23741.O6
Info:  0.3  6.1    Net $techmap600638$abc$592153$lut$aiger592152$23753.A[5] budget 0.000000 ns (210,55) -> (210,55)
Info:                Sink $abc$592153$lut$aiger592152$23753.A6
Info:  0.1  6.2  Source $abc$592153$lut$aiger592152$23753.O6
Info:  0.5  6.8    Net $techmap600640$abc$592153$lut$aiger592152$23769.A[4] budget 0.000000 ns (210,55) -> (210,56)
Info:                Sink $abc$592153$lut$aiger592152$23769.A3
Info:  0.1  6.9  Source $abc$592153$lut$aiger592152$23769.O6
Info:  0.7  7.6    Net $techmap600641$abc$592153$lut$aiger592152$23865.A[4] budget 0.000000 ns (210,56) -> (210,59)
Info:                Sink $abc$592153$lut$aiger592152$23865.A4
Info:  0.1  7.7  Source $abc$592153$lut$aiger592152$23865.O6
Info:  1.3  9.1    Net $techmap600651$abc$592153$lut$aiger592152$23994.A[3] budget 0.000000 ns (210,59) -> (207,72)
Info:                Sink $abc$592153$lut$aiger592152$23994.A3
Info:  0.1  9.2  Source $abc$592153$lut$aiger592152$23994.O6
Info:  1.7 10.8    Net $techmap600652$abc$592153$lut$aiger592152$24418.A[0] budget 0.000000 ns (207,72) -> (190,67)
Info:                Sink $abc$592153$lut$aiger592152$23995.A4
Info:  0.1 11.0  Source $abc$592153$lut$aiger592152$23995.O6
Info:  0.9 11.9    Net $techmap610755$abc$592153$lut$auto$opt_dff.cc:251:make_patterns_logic$80993.A[3] budget 0.000000 ns (190,67) -> (188,63)
Info:                Sink $abc$592153$lut$auto$opt_dff.cc:251:make_patterns_logic$80993.A2
Info:  0.1 12.0  Source $abc$592153$lut$auto$opt_dff.cc:251:make_patterns_logic$80993.O6
Info:  4.4 16.4    Net $abc$592153$auto$opt_dff.cc:251:make_patterns_logic$80993 budget 0.565000 ns (188,63) -> (188,63)
Info:                Sink $auto$ff.cc:337:slice$120529.CE
Info:  0.1 16.5  Setup $auto$ff.cc:337:slice$120529.CE
Info: 1.2 ns logic, 15.3 ns routing

Info: Max frequency for clock 'clk_ctrl': 60.49 MHz (PASS at 60.00 MHz)

Info: Slack histogram:
Info:  legend: * represents 52 endpoint(s)
Info:          + represents [1,52) endpoint(s)
Info: [   135,    945) |+
Info: [   945,   1755) |*+
Info: [  1755,   2565) |**+
Info: [  2565,   3375) |******+
Info: [  3375,   4185) |*******+
Info: [  4185,   4995) |*******+
Info: [  4995,   5805) |********+
Info: [  5805,   6615) |**************+
Info: [  6615,   7425) |**************+
Info: [  7425,   8235) |******************+
Info: [  8235,   9045) |*****************+
Info: [  9045,   9855) |******************************+
Info: [  9855,  10665) |**********************************************+
Info: [ 10665,  11475) |************************************************************ 
Info: [ 11475,  12285) |**************************************+
Info: [ 12285,  13095) |*****************************+
Info: [ 13095,  13905) |*****************************+
Info: [ 13905,  14715) |**************************+
Info: [ 14715,  15525) |************+
Info: [ 15525,  16335) |**************+

