Info: Propagating clock constraints...
Info:     derived 200.0 MHz for net 'clk200_in' (through IBUFDS 'clk200_ibufds')
Info:     PLLE2_ADV 'pll': input 200.0 MHz, VCO 1200.0 MHz
Info:     derived 60.0 MHz for net 'ctrl_raw' (through PLLE2_ADV 'pll')
Info:     derived 240.0 MHz for net 'ddr_raw' (through PLLE2_ADV 'pll')
Info:     derived 200.0 MHz for net 'ref_raw' (through PLLE2_ADV 'pll')
Info:     derived 240.0 MHz for net 'ddr90_raw' (through PLLE2_ADV 'pll')
Info:     derived 1200.5 MHz for net 'pll_fb' (through PLLE2_ADV 'pll')
Info:     PLLE2_ADV 'pll': input 200.0 MHz, VCO 1200.0 MHz
Info: Packing constants..
Info: Inserting IO buffers..
Info:     IO port 'clk200_n' driven by IBUFDS 'clk200_ibufds'
Info:     IO port 'clk200_p' driven by IBUFDS 'clk200_ibufds'
Info:     IO port 'ddr3_cas_n' driven by OBUF '$iopadmap$tms_ddr3_loader_ax7203.ddr3_cas_n'
Info:     IO port 'ddr3_ck_n' driven by OBUFDS 'ddr3.ddr3_phy_inst.genblk4.genblk1.OBUFDS_inst'
Info:     IO port 'ddr3_ck_p' driven by OBUFDS 'ddr3.ddr3_phy_inst.genblk4.genblk1.OBUFDS_inst'
Info:     IO port 'ddr3_cke' driven by OBUF '$iopadmap$tms_ddr3_loader_ax7203.ddr3_cke'
Info:     IO port 'ddr3_cs_n' driven by OBUF '$iopadmap$tms_ddr3_loader_ax7203.ddr3_cs_n'
Info:     IO port 'ddr3_odt' driven by OBUF '$iopadmap$tms_ddr3_loader_ax7203.ddr3_odt'
Info:     IO port 'ddr3_ras_n' driven by OBUF '$iopadmap$tms_ddr3_loader_ax7203.ddr3_ras_n'
Info:     IO port 'ddr3_reset_n' driven by OBUF '$iopadmap$tms_ddr3_loader_ax7203.ddr3_reset_n'
Info:     IO port 'ddr3_we_n' driven by OBUF '$iopadmap$tms_ddr3_loader_ax7203.ddr3_we_n'
Info:     IO port 'rst_n' driven by IBUF '$iopadmap$tms_ddr3_loader_ax7203.rst_n'
Info:     IO port 'uart_rx' driven by IBUF '$iopadmap$tms_ddr3_loader_ax7203.uart_rx'
Info:     IO port 'uart_tx' driven by OBUF '$iopadmap$tms_ddr3_loader_ax7203.uart_tx'
Info:     IO port 'ddr3_addr[0]' driven by OBUF '$iopadmap$tms_ddr3_loader_ax7203.ddr3_addr'
Info:     IO port 'ddr3_addr[1]' driven by OBUF '$iopadmap$tms_ddr3_loader_ax7203.ddr3_addr_1'
Info:     IO port 'ddr3_addr[10]' driven by OBUF '$iopadmap$tms_ddr3_loader_ax7203.ddr3_addr_10'
Info:     IO port 'ddr3_addr[11]' driven by OBUF '$iopadmap$tms_ddr3_loader_ax7203.ddr3_addr_11'
Info:     IO port 'ddr3_addr[12]' driven by OBUF '$iopadmap$tms_ddr3_loader_ax7203.ddr3_addr_12'
Info:     IO port 'ddr3_addr[13]' driven by OBUF '$iopadmap$tms_ddr3_loader_ax7203.ddr3_addr_13'
Info:     IO port 'ddr3_addr[14]' driven by OBUF '$iopadmap$tms_ddr3_loader_ax7203.ddr3_addr_14'
Info:     IO port 'ddr3_addr[2]' driven by OBUF '$iopadmap$tms_ddr3_loader_ax7203.ddr3_addr_2'
Info:     IO port 'ddr3_addr[3]' driven by OBUF '$iopadmap$tms_ddr3_loader_ax7203.ddr3_addr_3'
Info:     IO port 'ddr3_addr[4]' driven by OBUF '$iopadmap$tms_ddr3_loader_ax7203.ddr3_addr_4'
Info:     IO port 'ddr3_addr[5]' driven by OBUF '$iopadmap$tms_ddr3_loader_ax7203.ddr3_addr_5'
Info:     IO port 'ddr3_addr[6]' driven by OBUF '$iopadmap$tms_ddr3_loader_ax7203.ddr3_addr_6'
Info:     IO port 'ddr3_addr[7]' driven by OBUF '$iopadmap$tms_ddr3_loader_ax7203.ddr3_addr_7'
Info:     IO port 'ddr3_addr[8]' driven by OBUF '$iopadmap$tms_ddr3_loader_ax7203.ddr3_addr_8'
Info:     IO port 'ddr3_addr[9]' driven by OBUF '$iopadmap$tms_ddr3_loader_ax7203.ddr3_addr_9'
Info:     IO port 'ddr3_ba[0]' driven by OBUF '$iopadmap$tms_ddr3_loader_ax7203.ddr3_ba'
Info:     IO port 'ddr3_ba[1]' driven by OBUF '$iopadmap$tms_ddr3_loader_ax7203.ddr3_ba_1'
Info:     IO port 'ddr3_ba[2]' driven by OBUF '$iopadmap$tms_ddr3_loader_ax7203.ddr3_ba_2'
Info:     IO port 'led[0]' driven by OBUF '$iopadmap$tms_ddr3_loader_ax7203.led'
Info:     IO port 'led[1]' driven by OBUF '$iopadmap$tms_ddr3_loader_ax7203.led_1'
Info:     IO port 'led[2]' driven by OBUF '$iopadmap$tms_ddr3_loader_ax7203.led_2'
Info:     IO port 'led[3]' driven by OBUF '$iopadmap$tms_ddr3_loader_ax7203.led_3'
Info:     IO port 'ddr3_dq[0]' driven by IOBUF 'ddr3.ddr3_phy_inst.genblk5[0].genblk1.IOBUF_data'
Info:     IO port 'ddr3_dq[10]' driven by IOBUF 'ddr3.ddr3_phy_inst.genblk5[10].genblk1.IOBUF_data'
Info:     IO port 'ddr3_dq[11]' driven by IOBUF 'ddr3.ddr3_phy_inst.genblk5[11].genblk1.IOBUF_data'
Info:     IO port 'ddr3_dq[12]' driven by IOBUF 'ddr3.ddr3_phy_inst.genblk5[12].genblk1.IOBUF_data'
Info:     IO port 'ddr3_dq[13]' driven by IOBUF 'ddr3.ddr3_phy_inst.genblk5[13].genblk1.IOBUF_data'
Info:     IO port 'ddr3_dq[14]' driven by IOBUF 'ddr3.ddr3_phy_inst.genblk5[14].genblk1.IOBUF_data'
Info:     IO port 'ddr3_dq[15]' driven by IOBUF 'ddr3.ddr3_phy_inst.genblk5[15].genblk1.IOBUF_data'
Info:     IO port 'ddr3_dq[1]' driven by IOBUF 'ddr3.ddr3_phy_inst.genblk5[1].genblk1.IOBUF_data'
Info:     IO port 'ddr3_dq[2]' driven by IOBUF 'ddr3.ddr3_phy_inst.genblk5[2].genblk1.IOBUF_data'
Info:     IO port 'ddr3_dq[3]' driven by IOBUF 'ddr3.ddr3_phy_inst.genblk5[3].genblk1.IOBUF_data'
Info:     IO port 'ddr3_dq[4]' driven by IOBUF 'ddr3.ddr3_phy_inst.genblk5[4].genblk1.IOBUF_data'
Info:     IO port 'ddr3_dq[5]' driven by IOBUF 'ddr3.ddr3_phy_inst.genblk5[5].genblk1.IOBUF_data'
Info:     IO port 'ddr3_dq[6]' driven by IOBUF 'ddr3.ddr3_phy_inst.genblk5[6].genblk1.IOBUF_data'
Info:     IO port 'ddr3_dq[7]' driven by IOBUF 'ddr3.ddr3_phy_inst.genblk5[7].genblk1.IOBUF_data'
Info:     IO port 'ddr3_dq[8]' driven by IOBUF 'ddr3.ddr3_phy_inst.genblk5[8].genblk1.IOBUF_data'
Info:     IO port 'ddr3_dq[9]' driven by IOBUF 'ddr3.ddr3_phy_inst.genblk5[9].genblk1.IOBUF_data'
Info:     IO port 'ddr3_dm[0]' driven by OBUF 'ddr3.ddr3_phy_inst.genblk6[0].genblk1.OBUF_dm'
Info:     IO port 'ddr3_dm[1]' driven by OBUF 'ddr3.ddr3_phy_inst.genblk6[1].genblk1.OBUF_dm'
Info:     IO port 'ddr3_dqs_p[0]' driven by IOBUFDS 'ddr3.ddr3_phy_inst.genblk7[0].genblk1.IOBUFDS_dqs'
Info:     IO port 'ddr3_dqs_n[0]' driven by IOBUFDS 'ddr3.ddr3_phy_inst.genblk7[0].genblk1.IOBUFDS_dqs'
Info:     IO port 'ddr3_dqs_p[1]' driven by IOBUFDS 'ddr3.ddr3_phy_inst.genblk7[1].genblk1.IOBUFDS_dqs'
Info:     IO port 'ddr3_dqs_n[1]' driven by IOBUFDS 'ddr3.ddr3_phy_inst.genblk7[1].genblk1.IOBUFDS_dqs'
Info:     Constraining 'clk200_n' to site 'IOB_X1Y123'
Info:     Tile 'RIOB33_X105Y123'
Info:     Constraining 'clk200_p' to site 'IOB_X1Y124'
Info:     Tile 'RIOB33_X105Y123'
Info:     Constraining 'ddr3_cas_n' to site 'IOB_X1Y125'
Info:     Tile 'RIOB33_X105Y125'
Info:     Constraining 'ddr3_ck_n' to site 'IOB_X1Y143'
Info:     Tile 'RIOB33_X105Y143'
Info:     Constraining 'ddr3_ck_p' to site 'IOB_X1Y144'
Info:     Tile 'RIOB33_X105Y143'
Info:     Constraining 'ddr3_cke' to site 'IOB_X1Y122'
Info:     Tile 'RIOB33_X105Y121'
Info:     Constraining 'ddr3_cs_n' to site 'IOB_X1Y134'
Info:     Tile 'RIOB33_X105Y133'
Info:     Constraining 'ddr3_odt' to site 'IOB_X1Y121'
Info:     Tile 'RIOB33_X105Y121'
Info:     Constraining 'ddr3_ras_n' to site 'IOB_X1Y126'
Info:     Tile 'RIOB33_X105Y125'
Info:     Constraining 'ddr3_reset_n' to site 'IOB_X1Y120'
Info:     Tile 'RIOB33_X105Y119'
Info:     Constraining 'ddr3_we_n' to site 'IOB_X1Y136'
Info:     Tile 'RIOB33_X105Y135'
Info:     Constraining 'rst_n' to site 'IOB_X1Y115'
Info:     Tile 'RIOB33_X105Y115'
Info:     Constraining 'uart_rx' to site 'IOB_X0Y149'
Info:     Tile 'LIOB33_SING_X0Y149'
Info:     Constraining 'uart_tx' to site 'IOB_X0Y100'
Info:     Tile 'LIOB33_SING_X0Y100'
Info:     Constraining 'ddr3_addr[0]' to site 'IOB_X1Y127'
Info:     Tile 'RIOB33_X105Y127'
Info:     Constraining 'ddr3_addr[1]' to site 'IOB_X1Y133'
Info:     Tile 'RIOB33_X105Y133'
Info:     Constraining 'ddr3_addr[10]' to site 'IOB_X1Y139'
Info:     Tile 'RIOB33_X105Y139'
Info:     Constraining 'ddr3_addr[11]' to site 'IOB_X1Y142'
Info:     Tile 'RIOB33_X105Y141'
Info:     Constraining 'ddr3_addr[12]' to site 'IOB_X1Y141'
Info:     Tile 'RIOB33_X105Y141'
Info:     Constraining 'ddr3_addr[13]' to site 'IOB_X1Y147'
Info:     Tile 'RIOB33_X105Y147'
Info:     Constraining 'ddr3_addr[14]' to site 'IOB_X1Y137'
Info:     Tile 'RIOB33_X105Y137'
Info:     Constraining 'ddr3_addr[2]' to site 'IOB_X1Y130'
Info:     Tile 'RIOB33_X105Y129'
Info:     Constraining 'ddr3_addr[3]' to site 'IOB_X1Y129'
Info:     Tile 'RIOB33_X105Y129'
Info:     Constraining 'ddr3_addr[4]' to site 'IOB_X1Y135'
Info:     Tile 'RIOB33_X105Y135'
Info:     Constraining 'ddr3_addr[5]' to site 'IOB_X1Y138'
Info:     Tile 'RIOB33_X105Y137'
Info:     Constraining 'ddr3_addr[6]' to site 'IOB_X1Y140'
Info:     Tile 'RIOB33_X105Y139'
Info:     Constraining 'ddr3_addr[7]' to site 'IOB_X1Y148'
Info:     Tile 'RIOB33_X105Y147'
Info:     Constraining 'ddr3_addr[8]' to site 'IOB_X1Y145'
Info:     Tile 'RIOB33_X105Y145'
Info:     Constraining 'ddr3_addr[9]' to site 'IOB_X1Y146'
Info:     Tile 'RIOB33_X105Y145'
Info:     Constraining 'ddr3_ba[0]' to site 'IOB_X1Y131'
Info:     Tile 'RIOB33_X105Y131'
Info:     Constraining 'ddr3_ba[1]' to site 'IOB_X1Y132'
Info:     Tile 'RIOB33_X105Y131'
Info:     Constraining 'ddr3_ba[2]' to site 'IOB_X1Y128'
Info:     Tile 'RIOB33_X105Y127'
Info:     Constraining 'led[0]' to site 'IOB_X0Y233'
Info:     Tile 'LIOB33_X0Y233'
Info:     Constraining 'led[1]' to site 'IOB_X0Y234'
Info:     Tile 'LIOB33_X0Y233'
Info:     Constraining 'led[2]' to site 'IOB_X0Y238'
Info:     Tile 'LIOB33_X0Y237'
Info:     Constraining 'led[3]' to site 'IOB_X0Y237'
Info:     Tile 'LIOB33_X0Y237'
Info:     Constraining 'ddr3_dq[0]' to site 'IOB_X1Y196'
Info:     Tile 'RIOB33_X105Y195'
Info:     Constraining 'ddr3_dq[10]' to site 'IOB_X1Y184'
Info:     Tile 'RIOB33_X105Y183'
Info:     Constraining 'ddr3_dq[11]' to site 'IOB_X1Y179'
Info:     Tile 'RIOB33_X105Y179'
Info:     Constraining 'ddr3_dq[12]' to site 'IOB_X1Y185'
Info:     Tile 'RIOB33_X105Y185'
Info:     Constraining 'ddr3_dq[13]' to site 'IOB_X1Y180'
Info:     Tile 'RIOB33_X105Y179'
Info:     Constraining 'ddr3_dq[14]' to site 'IOB_X1Y186'
Info:     Tile 'RIOB33_X105Y185'
Info:     Constraining 'ddr3_dq[15]' to site 'IOB_X1Y176'
Info:     Tile 'RIOB33_X105Y175'
Info:     Constraining 'ddr3_dq[1]' to site 'IOB_X1Y190'
Info:     Tile 'RIOB33_X105Y189'
Info:     Constraining 'ddr3_dq[2]' to site 'IOB_X1Y197'
Info:     Tile 'RIOB33_X105Y197'
Info:     Constraining 'ddr3_dq[3]' to site 'IOB_X1Y188'
Info:     Tile 'RIOB33_X105Y187'
Info:     Constraining 'ddr3_dq[4]' to site 'IOB_X1Y195'
Info:     Tile 'RIOB33_X105Y195'
Info:     Constraining 'ddr3_dq[5]' to site 'IOB_X1Y189'
Info:     Tile 'RIOB33_X105Y189'
Info:     Constraining 'ddr3_dq[6]' to site 'IOB_X1Y198'
Info:     Tile 'RIOB33_X105Y197'
Info:     Constraining 'ddr3_dq[7]' to site 'IOB_X1Y192'
Info:     Tile 'RIOB33_X105Y191'
Info:     Constraining 'ddr3_dq[8]' to site 'IOB_X1Y178'
Info:     Tile 'RIOB33_X105Y177'
Info:     Constraining 'ddr3_dq[9]' to site 'IOB_X1Y177'
Info:     Tile 'RIOB33_X105Y177'
Info:     Constraining 'ddr3_dm[0]' to site 'IOB_X1Y191'
Info:     Tile 'RIOB33_X105Y191'
Info:     Constraining 'ddr3_dm[1]' to site 'IOB_X1Y183'
Info:     Tile 'RIOB33_X105Y183'
Info:     Constraining 'ddr3_dqs_p[0]' to site 'IOB_X1Y194'
Info:     Tile 'RIOB33_X105Y193'
Info:     Constraining 'ddr3_dqs_n[0]' to site 'IOB_X1Y193'
Info:     Tile 'RIOB33_X105Y193'
Info:     Constraining 'ddr3_dqs_p[1]' to site 'IOB_X1Y182'
Info:     Tile 'RIOB33_X105Y181'
Info:     Constraining 'ddr3_dqs_n[1]' to site 'IOB_X1Y181'
Info:     Tile 'RIOB33_X105Y181'
Info: Generating output buffer for '$iopadmap$tms_ddr3_loader_ax7203.ddr3_cas_n'
Info: Generating output buffer for '$iopadmap$tms_ddr3_loader_ax7203.ddr3_cke'
Info: Generating output buffer for '$iopadmap$tms_ddr3_loader_ax7203.ddr3_cs_n'
Info: Generating output buffer for '$iopadmap$tms_ddr3_loader_ax7203.ddr3_odt'
Info: Generating output buffer for '$iopadmap$tms_ddr3_loader_ax7203.ddr3_ras_n'
Info: Generating output buffer for '$iopadmap$tms_ddr3_loader_ax7203.ddr3_reset_n'
Info: Generating output buffer for '$iopadmap$tms_ddr3_loader_ax7203.ddr3_we_n'
Info: Generating input buffer for '$iopadmap$tms_ddr3_loader_ax7203.rst_n'
Info: Generating input buffer for '$iopadmap$tms_ddr3_loader_ax7203.uart_rx'
Info: Generating output buffer for '$iopadmap$tms_ddr3_loader_ax7203.uart_tx'
Info: Generating output buffer for '$iopadmap$tms_ddr3_loader_ax7203.ddr3_addr'
Info: Generating output buffer for '$iopadmap$tms_ddr3_loader_ax7203.ddr3_addr_1'
Info: Generating output buffer for '$iopadmap$tms_ddr3_loader_ax7203.ddr3_addr_10'
Info: Generating output buffer for '$iopadmap$tms_ddr3_loader_ax7203.ddr3_addr_11'
Info: Generating output buffer for '$iopadmap$tms_ddr3_loader_ax7203.ddr3_addr_12'
Info: Generating output buffer for '$iopadmap$tms_ddr3_loader_ax7203.ddr3_addr_13'
Info: Generating output buffer for '$iopadmap$tms_ddr3_loader_ax7203.ddr3_addr_14'
Info: Generating output buffer for '$iopadmap$tms_ddr3_loader_ax7203.ddr3_addr_2'
Info: Generating output buffer for '$iopadmap$tms_ddr3_loader_ax7203.ddr3_addr_3'
Info: Generating output buffer for '$iopadmap$tms_ddr3_loader_ax7203.ddr3_addr_4'
Info: Generating output buffer for '$iopadmap$tms_ddr3_loader_ax7203.ddr3_addr_5'
Info: Generating output buffer for '$iopadmap$tms_ddr3_loader_ax7203.ddr3_addr_6'
Info: Generating output buffer for '$iopadmap$tms_ddr3_loader_ax7203.ddr3_addr_7'
Info: Generating output buffer for '$iopadmap$tms_ddr3_loader_ax7203.ddr3_addr_8'
Info: Generating output buffer for '$iopadmap$tms_ddr3_loader_ax7203.ddr3_addr_9'
Info: Generating output buffer for '$iopadmap$tms_ddr3_loader_ax7203.ddr3_ba'
Info: Generating output buffer for '$iopadmap$tms_ddr3_loader_ax7203.ddr3_ba_1'
Info: Generating output buffer for '$iopadmap$tms_ddr3_loader_ax7203.ddr3_ba_2'
Info: Generating output buffer for '$iopadmap$tms_ddr3_loader_ax7203.led'
Info: Generating output buffer for '$iopadmap$tms_ddr3_loader_ax7203.led_1'
Info: Generating output buffer for '$iopadmap$tms_ddr3_loader_ax7203.led_2'
Info: Generating output buffer for '$iopadmap$tms_ddr3_loader_ax7203.led_3'
Info: Generating input buffer for 'ddr3.ddr3_phy_inst.genblk5[0].genblk1.IOBUF_data'
Info: Generating output buffer for 'ddr3.ddr3_phy_inst.genblk5[0].genblk1.IOBUF_data'
Info: Generating input buffer for 'ddr3.ddr3_phy_inst.genblk5[10].genblk1.IOBUF_data'
Info: Generating output buffer for 'ddr3.ddr3_phy_inst.genblk5[10].genblk1.IOBUF_data'
Info: Generating input buffer for 'ddr3.ddr3_phy_inst.genblk5[11].genblk1.IOBUF_data'
Info: Generating output buffer for 'ddr3.ddr3_phy_inst.genblk5[11].genblk1.IOBUF_data'
Info: Generating input buffer for 'ddr3.ddr3_phy_inst.genblk5[12].genblk1.IOBUF_data'
Info: Generating output buffer for 'ddr3.ddr3_phy_inst.genblk5[12].genblk1.IOBUF_data'
Info: Generating input buffer for 'ddr3.ddr3_phy_inst.genblk5[13].genblk1.IOBUF_data'
Info: Generating output buffer for 'ddr3.ddr3_phy_inst.genblk5[13].genblk1.IOBUF_data'
Info: Generating input buffer for 'ddr3.ddr3_phy_inst.genblk5[14].genblk1.IOBUF_data'
Info: Generating output buffer for 'ddr3.ddr3_phy_inst.genblk5[14].genblk1.IOBUF_data'
Info: Generating input buffer for 'ddr3.ddr3_phy_inst.genblk5[15].genblk1.IOBUF_data'
Info: Generating output buffer for 'ddr3.ddr3_phy_inst.genblk5[15].genblk1.IOBUF_data'
Info: Generating input buffer for 'ddr3.ddr3_phy_inst.genblk5[1].genblk1.IOBUF_data'
Info: Generating output buffer for 'ddr3.ddr3_phy_inst.genblk5[1].genblk1.IOBUF_data'
Info: Generating input buffer for 'ddr3.ddr3_phy_inst.genblk5[2].genblk1.IOBUF_data'
Info: Generating output buffer for 'ddr3.ddr3_phy_inst.genblk5[2].genblk1.IOBUF_data'
Info: Generating input buffer for 'ddr3.ddr3_phy_inst.genblk5[3].genblk1.IOBUF_data'
Info: Generating output buffer for 'ddr3.ddr3_phy_inst.genblk5[3].genblk1.IOBUF_data'
Info: Generating input buffer for 'ddr3.ddr3_phy_inst.genblk5[4].genblk1.IOBUF_data'
Info: Generating output buffer for 'ddr3.ddr3_phy_inst.genblk5[4].genblk1.IOBUF_data'
Info: Generating input buffer for 'ddr3.ddr3_phy_inst.genblk5[5].genblk1.IOBUF_data'
Info: Generating output buffer for 'ddr3.ddr3_phy_inst.genblk5[5].genblk1.IOBUF_data'
Info: Generating input buffer for 'ddr3.ddr3_phy_inst.genblk5[6].genblk1.IOBUF_data'
Info: Generating output buffer for 'ddr3.ddr3_phy_inst.genblk5[6].genblk1.IOBUF_data'
Info: Generating input buffer for 'ddr3.ddr3_phy_inst.genblk5[7].genblk1.IOBUF_data'
Info: Generating output buffer for 'ddr3.ddr3_phy_inst.genblk5[7].genblk1.IOBUF_data'
Info: Generating input buffer for 'ddr3.ddr3_phy_inst.genblk5[8].genblk1.IOBUF_data'
Info: Generating output buffer for 'ddr3.ddr3_phy_inst.genblk5[8].genblk1.IOBUF_data'
Info: Generating input buffer for 'ddr3.ddr3_phy_inst.genblk5[9].genblk1.IOBUF_data'
Info: Generating output buffer for 'ddr3.ddr3_phy_inst.genblk5[9].genblk1.IOBUF_data'
Info: Generating output buffer for 'ddr3.ddr3_phy_inst.genblk6[0].genblk1.OBUF_dm'
Info: Generating output buffer for 'ddr3.ddr3_phy_inst.genblk6[1].genblk1.OBUF_dm'
Info:     Created 3 INVERTER cells from:
Info:              3x INV
Info:     Created 58 PAD cells from:
Info:             58x PAD
Info: Preparing clocking...
Info: Packing constants..
Info: Packing cfg...
Info: Packing PLLs...
Info:     Constrained PLLE2_ADV_PLLE2_ADV 'pll' to bel 'PLLE2_ADV_X1Y2/PLLE2_ADV' based on dedicated routing
Info:     PLL/MMCM: disconnected 28 const DRP/control pins (Vivado leaves them unrouted)
Info: Packing Gigabit Transceivers..
Info: Packing global buffers...
Info:     Constrained BUFGCTRL 'clk_ctrl_bufg' to bel 'BUFGCTRL_X0Y0/BUFGCTRL' based on dedicated routing
Info:     Constrained BUFGCTRL 'clk_ddr_90_bufg' to bel 'BUFGCTRL_X0Y1/BUFGCTRL' based on dedicated routing
Info:     Constrained BUFGCTRL 'clk_ddr_bufg' to bel 'BUFGCTRL_X0Y2/BUFGCTRL' based on dedicated routing
Info:     Constrained BUFGCTRL 'clk_ref_bufg' to bel 'BUFGCTRL_X0Y3/BUFGCTRL' based on dedicated routing
Info: Packing MUX[789]s..
Info: Packing carries (legacy split + repack)..
Info:    Grouped 5728 MUXCYs and 5728 XORCYs into 269 chains.
Info:    Blasted 0 non-chain MUXCYs and 12 non-chain XORCYs to soft logic
Info: Packing LUTs..
Info:     Created 29168 SLICE_LUTX cells from:
Info:          10390x LUT1
Info:           3681x LUT2
Info:           3389x LUT3
Info:           3332x LUT4
Info:           5726x LUT5
Info:           2650x LUT6
Info: Packing DRAM..
Info:    Transformed 0 tied-low DRAM address inputs to be tied-high
Info: Packing BRAM..
Info: Packing DSPs..
Info: Packing flipflops..
Info:     Created 10217 SLICE_FFX cells from:
Info:           7934x FDCE
Info:             13x FDPE
Info:           2242x FDRE
Info:             28x FDSE
Info:     local-const FF control: disconnected 89 SR(=GND) + 4726 CE(=VCC) pins from global nets
Info:     Created 28 SELMUX2_1 cells from:
Info:             19x MUXF7
Info:              9x MUXF8
Info: Constrained 6589 LUTFF pairs.

Info: Annotating ports with timing budgets for target frequency 60.00 MHz
Info: Checksum: 0x669f301a

Info: Device utilisation:
Info: 	          SLICE_LUTX: 29168/269200    10%
Info: 	           SLICE_FFX: 10217/269200     3%
Info: 	              CARRY4:  1465/33650     4%
Info: 	          PSEUDO_GND:     1/69165     0%
Info: 	          PSEUDO_VCC:     1/69165     0%
Info: 	               HARD0:     0/ 3960     0%
Info: 	            RAMB18E1:     0/  730     0%
Info: 	            FIFO18E1:     0/  365     0%
Info: 	        RAMBFIFO36E1:     0/  365     0%
Info: 	            RAMB36E1:    26/  365     7%
Info: 	             DSP48E1:     0/  740     0%
Info: 	                 PAD:    58/ 1062     5%
Info: 	       IOB33M_OUTBUF:     3/  240     1%
Info: 	       IOB33S_OUTBUF:     3/  240     1%
Info: 	        IOB33_OUTBUF:    48/  500     9%
Info: 	     IOB33M_INBUF_EN:     3/  240     1%
Info: 	     IOB33S_INBUF_EN:     0/  240     0%
Info: 	      IOB33_INBUF_EN:    18/  500     3%
Info: 	IOB33M_TERM_OVERRIDE:     0/  240     0%
Info: 	IOB33S_TERM_OVERRIDE:     0/  240     0%
Info: 	 IOB33_TERM_OVERRIDE:     0/  500     0%
Info: 	       PULL_OR_KEEP1:     0/  980     0%
Info: 	            IDELAYE2:    18/  500     3%
Info: 	        OLOGICE3_TFF:     0/  500     0%
Info: 	      OLOGICE3_OUTFF:     0/  500     0%
Info: 	       OLOGICE3_MISR:     0/  500     0%
Info: 	           OSERDESE2:    45/  500     9%
Info: 	        ILOGICE3_IFF:     0/  500     0%
Info: 	ILOGICE3_ZHOLD_DELAY:     0/  500     0%
Info: 	           ISERDESE2:    18/  500     3%
Info: 	                BUFR:     0/   40     0%
Info: 	               BUFIO:     0/   40     0%
Info: 	          IDELAYCTRL:     1/   10    10%
Info: 	            BUFGCTRL:     4/   32    12%
Info: 	            PCIE_2_1:     0/    1     0%
Info: 	               BSCAN:     0/    4     0%
Info: 	                BUFG:     0/   32     0%
Info: 	              BUFHCE:     0/  120     0%
Info: 	            DCIRESET:     0/    1     0%
Info: 	            DNA_PORT:     0/    1     0%
Info: 	           EFUSE_USR:     0/    1     0%
Info: 	           FRAME_ECC:     0/    1     0%
Info: 	       GTPE2_CHANNEL:     0/   16     0%
Info: 	        GTPE2_COMMON:     0/    4     0%
Info: 	         IBUFDS_GTE2:     0/    8     0%
Info: 	                ICAP:     0/    2     0%
Info: 	            INVERTER:     3/  240     1%
Info: 	          MMCME2_ADV:     0/   10     0%
Info: 	        OLOGICE2_TFF:     0/  500     0%
Info: 	      OLOGICE2_OUTFF:     0/  500     0%
Info: 	           PLLE2_ADV:     1/   10    10%
Info: 	           SELMUX2_1:    28/102950     0%
Info: 	             STARTUP:     0/    1     0%
Info: 	          USR_ACCESS:     0/    1     0%
Info: 	              BUFFER:     0/   82     0%
Info: 	        ILOGICE2_IFF:     0/  500     0%
Info: 	       OLOGICE2_MISR:     0/  500     0%

Info: HeAP congestion knobs: beta=0.400 spread_scale=2,1 alpha=0.080
Info: Placed 223 cells based on constraints.
Info: Creating initial analytic placement for 21573 cells, random placement wirelen = 9236595.
Info:     at initial placer iter 0, wirelen = 113688
Info:     at initial placer iter 1, wirelen = 110730
Info:     at initial placer iter 2, wirelen = 109588
Info:     at initial placer iter 3, wirelen = 109334
Info: Running main analytical placer.
Info:     at iteration #1, type ALL: wirelen solved = 109353, spread = 1747703, legal = 1749019; time = 0.62s
Info:     at iteration #2, type ALL: wirelen solved = 216228, spread = 1021495, legal = 1032944; time = 0.66s
Info:     at iteration #3, type ALL: wirelen solved = 267480, spread = 903156, legal = 917211; time = 0.62s
Info:     at iteration #4, type ALL: wirelen solved = 309818, spread = 859250, legal = 857342; time = 0.59s
Info:     at iteration #5, type ALL: wirelen solved = 341733, spread = 821106, legal = 834757; time = 0.57s
Info:     at iteration #6, type ALL: wirelen solved = 359059, spread = 810705, legal = 815782; time = 0.57s
Info:     at iteration #7, type ALL: wirelen solved = 385374, spread = 773462, legal = 785982; time = 0.53s
Info:     at iteration #8, type ALL: wirelen solved = 397179, spread = 879474, legal = 890790; time = 0.53s
Info:     at iteration #9, type ALL: wirelen solved = 423512, spread = 759609, legal = 770658; time = 0.54s
Info:     at iteration #10, type ALL: wirelen solved = 431403, spread = 820310, legal = 825703; time = 0.55s
Info:     at iteration #11, type ALL: wirelen solved = 457145, spread = 863085, legal = 874897; time = 0.53s
Info:     at iteration #12, type ALL: wirelen solved = 466457, spread = 798514, legal = 797147; time = 0.52s
Info:     at iteration #13, type ALL: wirelen solved = 479518, spread = 776921, legal = 774068; time = 0.52s
Info:     at iteration #14, type ALL: wirelen solved = 488250, spread = 810060, legal = 819912; time = 0.52s
Info: HeAP Placer Time: 12.38s
Info:   of which solving equations: 6.86s
Info:   of which spreading cells: 1.29s
Info:   of which strict legalisation: 1.23s

Info: Running simulated annealing placer for refinement.
Info:   at iteration #1: temp = 0.000000, timing cost = 963, wirelen = 770658
Info:   at iteration #5: temp = 0.000000, timing cost = 662, wirelen = 723728
Info:   at iteration #10: temp = 0.000000, timing cost = 635, wirelen = 718885
Info:   at iteration #15: temp = 0.000000, timing cost = 627, wirelen = 718153
Info:   at iteration #20: temp = 0.000000, timing cost = 626, wirelen = 717950
Info:   at iteration #22: temp = 0.000000, timing cost = 626, wirelen = 717927 
Info: SA placement time 17.46s

Info: Max frequency for clock 'clk_ctrl': 46.83 MHz (FAIL at 60.00 MHz)

Info: Slack histogram:
Info:  legend: * represents 87 endpoint(s)
Info:          + represents [1,87) endpoint(s)
Info: [ -4689,  -3637) |+
Info: [ -3637,  -2585) |+
Info: [ -2585,  -1533) |+
Info: [ -1533,   -481) |+
Info: [  -481,    571) |+
Info: [   571,   1623) |*+
Info: [  1623,   2675) |**+
Info: [  2675,   3727) |**+
Info: [  3727,   4779) |***+
Info: [  4779,   5831) |********+
Info: [  5831,   6883) |***********+
Info: [  6883,   7935) |*************+
Info: [  7935,   8987) |*****************+
Info: [  8987,  10039) |***************************+
Info: [ 10039,  11091) |************************************************************ 
Info: [ 11091,  12143) |***********************************************+
Info: [ 12143,  13195) |***********************+
Info: [ 13195,  14247) |*****************************+
Info: [ 14247,  15299) |****************************+
Info: [ 15299,  16351) |***********+
Info: Checksum: 0xcb51e2f5
Info: Running post-placement legalisation...
Info: post-place repair: relocated 8682 stranded cluster(s)/cell(s) to valid bels
Info: Routing global clocks...
Info:     routing clock 'clk_ddr'
Info:     routing clock 'clk_ctrl'
Info:     routing clock 'clk200_in'
Info:     routing clock 'ctrl_raw'
Info:     routing clock 'ddr90_raw'
Info:     routing clock 'clk_ddr_90'
Info:     routing clock 'ddr_raw'
Info:     routing clock 'ref_raw'
Info:     routing clock 'clk_ref'
Info: Running router2...
Info: Setting up routing resources...
Info: Adopted 10488 pre-routed arc(s)
Info: Running main router loop...
Info:     iter=1 wires=624224 overused=24839 overuse=25821 archfail=NA
Info:     iter=2 wires=644186 overused=221 overuse=221 archfail=NA
Info:     iter=3 wires=644526 overused=0 overuse=0 archfail=0
Info: 1000 slowest nets by runtime:
        $techmap$techmap283643$auto$ff.cc:337:slice$197423.$auto$abc9_ops.cc:411:prep_bypass$283565.PRE   7947 1446.8ms
                                                                              ddr3.reset   2173 533.5ms
                                   $techmap1001575$abc$983799$lut$aiger983798$48426.A[2]    316 409.8ms
                                                                           ffn.state[67]    229 365.9ms
                                   $techmap1001575$abc$983799$lut$aiger983798$48426.A[1]    315 286.3ms
                 $techmap1001084$auto$abc_ops_reintegrate.cc:611:reintegrate$985503.A[4]    192 282.0ms
                                                 ddr3.ddr3_controller_inst.index_wb_data    129 266.7ms
                 $techmap1000016$auto$abc_ops_reintegrate.cc:611:reintegrate$985937.A[0]    208 264.8ms
                 $techmap1000068$auto$abc_ops_reintegrate.cc:611:reintegrate$985922.A[0]    162 237.9ms
                                   $techmap1000395$abc$983799$lut$aiger983798$43673.A[0]    119 232.9ms
                 $techmap1001707$auto$abc_ops_reintegrate.cc:611:reintegrate$985409.A[4]    145 231.7ms
                 $techmap1003684$auto$abc_ops_reintegrate.cc:611:reintegrate$984883.A[0]    228 216.8ms
                                                                          ffn.state[135]    232 214.4ms
                 $techmap1000029$auto$abc_ops_reintegrate.cc:611:reintegrate$985933.A[2]    183 211.5ms
                 $techmap1001692$auto$abc_ops_reintegrate.cc:611:reintegrate$985411.A[0]    227 210.4ms
                 $techmap1000004$auto$abc_ops_reintegrate.cc:611:reintegrate$985939.A[0]    144 208.5ms
                 $techmap1000029$auto$abc_ops_reintegrate.cc:611:reintegrate$985933.A[3]    191 208.2ms
                 $techmap1002241$auto$abc_ops_reintegrate.cc:611:reintegrate$985347.A[3]    172 207.1ms
                                   $techmap1000402$abc$983799$lut$aiger983798$43698.A[1]    198 203.4ms
                                  $techmap1000078$abc$983799$lut$aiger983798$106269.A[1]    124 202.8ms
                 $techmap1005236$auto$abc_ops_reintegrate.cc:611:reintegrate$984300.A[5]    169 200.8ms
                 $techmap1002678$auto$abc_ops_reintegrate.cc:611:reintegrate$985240.A[0]    156 195.2ms
                                   $techmap1000368$abc$983799$lut$aiger983798$43588.A[0]     49 194.5ms
                 $techmap1002710$auto$abc_ops_reintegrate.cc:611:reintegrate$985228.A[0]    150 179.0ms
                 $techmap1001479$auto$abc_ops_reintegrate.cc:611:reintegrate$985450.A[1]    148 176.4ms
                                        ddr3.ddr3_controller_inst.data_start_index[0][6]    141 167.2ms
                                                                          ffn.state[120]    151 166.3ms
                                   $techmap1000396$abc$983799$lut$aiger983798$43677.A[3]     71 166.1ms
                                   $techmap1001574$abc$983799$lut$aiger983798$35156.A[1]     65 166.0ms
                                        ddr3.ddr3_controller_inst.data_start_index[0][4]    209 163.8ms
                 $techmap1002185$auto$abc_ops_reintegrate.cc:611:reintegrate$985354.A[4]     55 161.9ms
                                                                           ffn.state[64]     94 161.4ms
                                   $techmap1000417$abc$983799$lut$aiger983798$43747.A[1]     81 159.6ms
                                        ddr3.ddr3_controller_inst.data_start_index[0][2]    148 155.0ms
                                  $techmap1000011$abc$983799$lut$aiger983798$105925.A[3]    256 152.8ms
                                                 ddr3.ddr3_controller_inst.stage2_update    158 146.5ms
                                $abc$983799$auto$simple.cc:210:make_patterns_logic$91368    134 146.4ms
                                   $techmap1000405$abc$983799$lut$aiger983798$43706.A[2]     90 144.5ms
                                        ddr3.ddr3_controller_inst.data_start_index[0][5]    151 143.6ms
                                   $techmap1001970$abc$983799$lut$aiger983798$52136.A[4]    290 143.0ms
                                                          ddr3.ddr3_controller_inst.lane    132 139.8ms
                                   $techmap1001672$abc$983799$lut$aiger983798$49203.A[1]     54 139.1ms
                                   $techmap1001744$abc$983799$lut$aiger983798$50628.A[0]    100 138.5ms
                 $techmap1001745$auto$abc_ops_reintegrate.cc:611:reintegrate$985403.A[2]    181 137.6ms
                 $techmap1001559$auto$abc_ops_reintegrate.cc:611:reintegrate$985439.A[5]    113 136.9ms
                 $techmap1002241$auto$abc_ops_reintegrate.cc:611:reintegrate$985347.A[4]    119 136.6ms
                 $techmap1000016$auto$abc_ops_reintegrate.cc:611:reintegrate$985937.A[3]    154 134.4ms
                 $techmap1004208$auto$abc_ops_reintegrate.cc:611:reintegrate$984690.A[2]     45 133.9ms
                                                    ddr3.ddr3_controller_inst.late_dq[0]    193 133.5ms
                                  $techmap1000013$abc$983799$lut$aiger983798$105915.A[2]    151 133.2ms
                 $techmap1000068$auto$abc_ops_reintegrate.cc:611:reintegrate$985922.A[1]    136 132.5ms
                                   $techmap1008484$abc$983799$lut$aiger983798$99905.A[3]     59 131.6ms
                                   $techmap1000398$abc$983799$lut$aiger983798$43684.A[2]     90 129.9ms
                                   $techmap1002017$abc$983799$lut$aiger983798$53003.A[0]     98 128.6ms
                 $techmap1002257$auto$abc_ops_reintegrate.cc:611:reintegrate$985345.A[2]    127 128.1ms
                                   $techmap1000374$abc$983799$lut$aiger983798$43611.A[5]    157 126.1ms
                                   $techmap1000383$abc$983799$lut$aiger983798$43627.A[3]     48 125.0ms
                                        ddr3.ddr3_controller_inst.data_start_index[0][1]    169 123.0ms
                                  $techmap1000257$abc$983799$lut$aiger983798$107422.A[2]    104 118.0ms
                                   $techmap1000397$abc$983799$lut$aiger983798$43680.A[0]    104 117.8ms
                                   $techmap1000407$abc$983799$lut$aiger983798$43714.A[2]     44 117.0ms
                                        ddr3.ddr3_controller_inst.data_start_index[1][2]    146 114.5ms
                                   $techmap1000421$abc$983799$lut$aiger983798$43759.A[4]    157 113.2ms
                                   $techmap1001680$abc$983799$lut$aiger983798$49227.A[0]     69 112.3ms
                                              ddr3.ddr3_controller_inst.stage2_bank_d[0]     51 112.1ms
                                                                          calib_complete     20 111.7ms
                                  $techmap1000014$abc$983799$lut$aiger983798$105922.A[4]    129 111.4ms
                                        $techmap1013106$abc$983799$lut$aiger$o38968.A[1]    157 111.2ms
                                  $techmap1000012$abc$983799$lut$aiger983798$105913.A[1]    130 111.0ms
                                   $techmap1000391$abc$983799$lut$aiger983798$43659.A[1]     64 110.4ms
                                   $techmap1008482$abc$983799$lut$aiger983798$99900.A[2]     64 108.1ms
                 $techmap1002310$auto$abc_ops_reintegrate.cc:611:reintegrate$985337.A[2]     49 107.1ms
                 $techmap1002294$auto$abc_ops_reintegrate.cc:611:reintegrate$985340.A[3]     58 106.6ms
                 $techmap1000508$auto$abc_ops_reintegrate.cc:611:reintegrate$985740.A[1]     85 106.4ms
                                   $techmap1000372$abc$983799$lut$aiger983798$43602.A[2]     67 106.3ms
                 $techmap1003772$auto$abc_ops_reintegrate.cc:611:reintegrate$984854.A[2]     66 105.0ms
                                   $techmap1001753$abc$983799$lut$aiger983798$50758.A[1]    135 104.8ms
                                                    ddr3.ddr3_controller_inst.late_dq[1]    200 104.7ms
                                   $techmap1002025$abc$983799$lut$aiger983798$53031.A[0]     97 104.3ms
                                        ddr3.ddr3_controller_inst.data_start_index[0][0]    107 103.8ms
                 $techmap1001116$auto$abc_ops_reintegrate.cc:611:reintegrate$985494.A[2]     82 103.0ms
                                        $techmap1008297$abc$983799$lut$aiger$o45602.A[2]    105 102.0ms
                 $techmap1006156$auto$abc_ops_reintegrate.cc:611:reintegrate$983985.A[1]     73 101.1ms
                                   $techmap1001680$abc$983799$lut$aiger983798$49227.A[1]     67 100.8ms
                 $techmap1000074$auto$abc_ops_reintegrate.cc:611:reintegrate$985921.A[0]     75 99.9ms
                 $techmap1000080$auto$abc_ops_reintegrate.cc:611:reintegrate$985917.A[4]     92 99.6ms
                                        ddr3.ddr3_controller_inst.data_start_index[1][0]    108 98.6ms
        $flatten\ddr3.\ddr3_controller_inst.$shiftx$build/uberddr3/rtl/ddr3_controller.v:2225$28144.Y     64 98.3ms
                 $techmap1000236$auto$abc_ops_reintegrate.cc:611:reintegrate$985865.A[3]    113 97.7ms
                                                                           ffn.state[79]     72 96.5ms
                                   $techmap1000414$abc$983799$lut$aiger983798$43736.A[1]    100 96.2ms
                                   $techmap1004257$abc$983799$lut$aiger983798$75115.A[2]     53 96.1ms
                 $techmap1000074$auto$abc_ops_reintegrate.cc:611:reintegrate$985921.A[1]    137 96.0ms
                                   $techmap1001695$abc$983799$lut$aiger983798$49288.A[1]    126 95.7ms
                                   $techmap1002250$abc$983799$lut$aiger983798$50441.A[0]    100 95.6ms
                                        ddr3.ddr3_controller_inst.data_start_index[1][4]    211 95.5ms
                                   $techmap1000382$abc$983799$lut$aiger983798$43622.A[1]     41 95.5ms
                 $techmap1003216$auto$abc_ops_reintegrate.cc:611:reintegrate$985059.A[1]     87 95.0ms
                 $techmap1003116$auto$abc_ops_reintegrate.cc:611:reintegrate$985090.A[0]     52 94.8ms
                                   $techmap1002194$abc$983799$lut$aiger983798$54490.A[0]     66 94.5ms
                                                                         master.read_ack    162 94.3ms
                                   $techmap1001751$abc$983799$lut$aiger983798$50672.A[2]     65 93.7ms
                                   $techmap1000421$abc$983799$lut$aiger983798$43759.A[1]    163 91.8ms
                                   $techmap1000407$abc$983799$lut$aiger983798$43714.A[1]     77 88.4ms
                 $techmap1002639$auto$abc_ops_reintegrate.cc:611:reintegrate$985258.A[1]    108 88.3ms
                 $techmap1001122$auto$abc_ops_reintegrate.cc:611:reintegrate$985489.A[3]     90 87.2ms
                 $techmap1000364$auto$abc_ops_reintegrate.cc:611:reintegrate$985745.A[1]    105 86.8ms
                                                                           ffn.state[98]     68 86.3ms
                 $techmap1003181$auto$abc_ops_reintegrate.cc:611:reintegrate$985071.A[2]    108 85.9ms
                          $techmap97329$flatten\ffn.$ge$rtl/t27/gf16_attn.v:1379$12139.Y     55 85.7ms
                                              ddr3.ddr3_controller_inst.stage2_bank_d[1]     45 84.3ms
                                         $techmap996328$abc$983799$lut$aiger$o11643.A[0]     65 84.1ms
                                   $techmap1000386$abc$983799$lut$aiger983798$43639.A[3]     94 83.8ms
                                   $techmap1002332$abc$983799$lut$aiger983798$55971.A[0]    108 83.8ms
                 $techmap1000074$auto$abc_ops_reintegrate.cc:611:reintegrate$985921.A[2]     63 83.4ms
                                   $techmap1001742$abc$983799$lut$aiger983798$50621.A[1]     61 83.3ms
                                   $techmap1000396$abc$983799$lut$aiger983798$43677.A[2]     68 83.0ms
                 $techmap1000065$auto$abc_ops_reintegrate.cc:611:reintegrate$985923.A[1]     65 82.7ms
                                        ddr3.ddr3_controller_inst.data_start_index[1][5]    104 82.3ms
                                        ddr3.ddr3_controller_inst.data_start_index[1][3]    167 82.3ms
                                $abc$983799$auto$simple.cc:210:make_patterns_logic$92193    153 81.1ms
                                            $techmap285110$auto$ff.cc:337:slice$187131.D    105 80.9ms
                 $techmap1003806$auto$abc_ops_reintegrate.cc:611:reintegrate$984845.A[0]     49 80.7ms
                                        ddr3.ddr3_controller_inst.data_start_index[1][1]    166 78.5ms
                                        ddr3.ddr3_controller_inst.data_start_index[1][6]    100 78.5ms
                 $techmap1001478$auto$abc_ops_reintegrate.cc:611:reintegrate$985451.A[1]     50 77.7ms
                                  $techmap1000014$abc$983799$lut$aiger983798$105922.A[0]     66 76.9ms
                 $techmap1003325$auto$abc_ops_reintegrate.cc:611:reintegrate$985009.A[1]     60 76.8ms
                                   $techmap1002304$abc$983799$lut$aiger983798$55721.A[5]     41 76.5ms
                 $techmap1002344$auto$abc_ops_reintegrate.cc:611:reintegrate$985325.A[0]     71 76.1ms
                                  $techmap1000070$abc$983799$lut$aiger983798$106199.A[0]     83 75.6ms
                                   $techmap1000372$abc$983799$lut$aiger983798$43602.A[3]     53 74.3ms
                                   $techmap1000431$abc$983799$lut$aiger983798$43786.A[1]     68 73.6ms
                 $techmap1001565$auto$abc_ops_reintegrate.cc:611:reintegrate$985438.A[0]     41 72.6ms
                                   $techmap1002188$abc$983799$lut$aiger983798$54469.A[3]     64 72.4ms
                 $techmap1001749$auto$abc_ops_reintegrate.cc:611:reintegrate$985402.A[0]    136 72.0ms
                                $abc$983799$auto$simple.cc:210:make_patterns_logic$91344    129 71.5ms
                                   $techmap1000373$abc$983799$lut$aiger983798$43606.A[3]     48 71.0ms
                 $techmap1000404$auto$abc_ops_reintegrate.cc:611:reintegrate$985726.A[1]     74 70.7ms
                                   $techmap1000422$abc$983799$lut$aiger983798$43762.A[0]    130 70.6ms
                 $techmap1001739$auto$abc_ops_reintegrate.cc:611:reintegrate$985404.A[1]     66 70.4ms
                                  $techmap1000069$abc$983799$lut$aiger983798$106196.A[2]     60 70.2ms
                                                  $abc$983799$lut$aiger983798$48794.A[2]     60 69.6ms
                                   $techmap1001693$abc$983799$lut$aiger983798$49275.A[0]     64 69.1ms
                 $techmap1002748$auto$abc_ops_reintegrate.cc:611:reintegrate$985216.A[4]    107 68.6ms
                 $techmap1001765$auto$abc_ops_reintegrate.cc:611:reintegrate$985400.A[0]     46 68.6ms
                 $techmap1002241$auto$abc_ops_reintegrate.cc:611:reintegrate$985347.A[2]     53 68.1ms
                                                                          ffn.state[161]     90 68.1ms
                                        ddr3.ddr3_controller_inst.data_start_index[0][3]    177 67.5ms
        $flatten\ddr3.\ddr3_controller_inst.$shiftx$build/uberddr3/rtl/ddr3_controller.v:2248$28140.Y     64 67.4ms
                                  $techmap1000061$abc$983799$lut$aiger983798$106132.A[0]     68 67.3ms
                                  $techmap1000011$abc$983799$lut$aiger983798$105925.A[1]    130 67.3ms
                 $techmap1002257$auto$abc_ops_reintegrate.cc:611:reintegrate$985345.A[1]     66 66.7ms
                                   $techmap1002330$abc$983799$lut$aiger983798$55961.A[0]    111 66.2ms
                                   $techmap1000395$abc$983799$lut$aiger983798$43673.A[2]     77 65.9ms
                                   $techmap1001742$abc$983799$lut$aiger983798$50621.A[0]     62 65.1ms
                                                                              rd_addr[3]     50 65.1ms
        $flatten\ddr3.\ddr3_controller_inst.$shiftx$build/uberddr3/rtl/ddr3_controller.v:2248$28148.Y     64 64.7ms
                                   $techmap1000378$abc$983799$lut$aiger983798$34648.A[0]     67 64.1ms
                                  $techmap1000012$abc$983799$lut$aiger983798$105913.A[2]     59 63.5ms
                                                                               app_rst_n     50 62.6ms
                                   $techmap1007601$abc$983799$lut$aiger983798$34756.A[2]     41 62.6ms
                 $techmap1003216$auto$abc_ops_reintegrate.cc:611:reintegrate$985059.A[2]     73 62.4ms
                                  $techmap1000066$abc$983799$lut$aiger983798$106186.A[0]     64 61.4ms
                 $techmap1002070$auto$abc_ops_reintegrate.cc:611:reintegrate$985393.A[0]    111 61.4ms
                                   $techmap1002013$abc$983799$lut$aiger983798$52989.A[2]     99 61.1ms
                 $techmap1000277$auto$abc_ops_reintegrate.cc:611:reintegrate$985849.A[3]     47 61.0ms
                                   $techmap1001693$abc$983799$lut$aiger983798$49275.A[1]     64 60.4ms
                                $abc$983799$auto$simple.cc:193:make_patterns_logic$90893     64 60.1ms
                                            $techmap285144$auto$ff.cc:337:slice$150829.D     78 59.2ms
                                                                           ffn.state[44]    194 58.7ms
                                   $techmap1000427$abc$983799$lut$aiger983798$43776.A[0]     67 58.4ms
                 $techmap1001626$auto$abc_ops_reintegrate.cc:611:reintegrate$985418.A[1]     46 58.4ms
                                  $techmap1000071$abc$983799$lut$aiger983798$106205.A[1]     70 58.4ms
                                $abc$983799$auto$simple.cc:193:make_patterns_logic$90764     79 56.7ms
                                                                          ffn.state[165]     50 56.1ms
                                $abc$983799$auto$simple.cc:193:make_patterns_logic$90875     64 55.7ms
                                  $techmap1000069$abc$983799$lut$aiger983798$106196.A[3]     60 55.6ms
                                  $techmap1000064$abc$983799$lut$aiger983798$106180.A[2]     65 55.2ms
                 $techmap1000366$auto$abc_ops_reintegrate.cc:611:reintegrate$985509.A[1]     47 55.0ms
                  $techmap995949$auto$abc_ops_reintegrate.cc:611:reintegrate$987590.A[1]     64 54.3ms
                 $techmap1000081$auto$abc_ops_reintegrate.cc:611:reintegrate$985916.A[1]     66 54.3ms
                 $techmap1000364$auto$abc_ops_reintegrate.cc:611:reintegrate$985745.A[0]     72 53.7ms
                                                                              rd_addr[0]     50 53.5ms
                                                  $abc$983799$lut$aiger983798$48794.A[0]     60 53.3ms
                                                                           ffn.state[10]    130 53.0ms
                                   $techmap1000386$abc$983799$lut$aiger983798$43639.A[0]     46 52.0ms
                                   $techmap1000365$abc$983799$lut$aiger983798$34016.A[1]     44 51.5ms
                                   $techmap1009089$abc$983799$lut$aiger983798$57577.A[2]     52 50.8ms
                                    $techmap996105$abc$983799$lut$aiger983798$45948.A[1]     66 50.3ms
                                                             ddr3.ddr3_phy_inst.sync_rst     64 49.3ms
                                        $techmap1008344$abc$983799$lut$aiger$o54290.A[1]     66 49.2ms
                                                                                 mv_s_go     78 49.1ms
                 $techmap1001681$auto$abc_ops_reintegrate.cc:611:reintegrate$985412.A[2]     18 48.8ms
                                   $techmap1000423$abc$983799$lut$aiger983798$43766.A[1]     47 48.6ms
                 $techmap1002168$auto$abc_ops_reintegrate.cc:611:reintegrate$985356.A[2]     67 48.2ms
                                                                          ffn.state[181]     66 47.9ms
                                    $techmap996102$abc$983799$lut$aiger983798$43831.A[0]     64 47.7ms
                                   $techmap1002331$abc$983799$lut$aiger983798$55968.A[2]     46 47.6ms
                 $techmap1001765$auto$abc_ops_reintegrate.cc:611:reintegrate$985400.A[1]     41 47.5ms
                                    $techmap996105$abc$983799$lut$aiger983798$45948.A[0]     65 47.2ms
        $flatten\ddr3.\ddr3_controller_inst.$shiftx$build/uberddr3/rtl/ddr3_controller.v:2225$28136.Y     64 46.9ms
                                $abc$983799$auto$simple.cc:193:make_patterns_logic$90671     64 46.6ms
                 $techmap1000062$auto$abc_ops_reintegrate.cc:611:reintegrate$985925.A[2]     97 46.3ms
                                        $techmap1008362$abc$983799$lut$aiger$o49104.A[2]    128 46.3ms
                                   $techmap1002329$abc$983799$lut$aiger983798$55956.A[0]     41 45.7ms
                 $techmap1001474$auto$abc_ops_reintegrate.cc:611:reintegrate$985452.A[1]     90 45.2ms
                 $techmap1001671$auto$abc_ops_reintegrate.cc:611:reintegrate$985413.A[1]     43 45.0ms
                                   $techmap1002188$abc$983799$lut$aiger983798$54469.A[2]     64 45.0ms
                                   $techmap1002190$abc$983799$lut$aiger983798$54476.A[0]     71 44.9ms
                                  $techmap1000071$abc$983799$lut$aiger983798$106205.A[0]     72 44.8ms
                 $techmap1000065$auto$abc_ops_reintegrate.cc:611:reintegrate$985923.A[0]     70 44.7ms
                 $techmap1002081$auto$abc_ops_reintegrate.cc:611:reintegrate$985391.A[2]     66 44.5ms
                 $techmap1001816$auto$abc_ops_reintegrate.cc:611:reintegrate$985397.A[4]     64 44.3ms
                                   $techmap1001667$abc$983799$lut$aiger983798$48579.A[1]     44 43.8ms
                                   $techmap1000942$abc$983799$lut$aiger983798$42252.A[0]     59 43.7ms
                                        $techmap1008498$abc$983799$lut$aiger$o48421.A[2]     64 42.8ms
                                                                 $abc$983799$aiger$o1270     16 42.7ms
                                            $techmap283645$auto$ff.cc:337:slice$197417.D     41 42.7ms
                 $techmap1000545$auto$abc_ops_reintegrate.cc:611:reintegrate$985730.A[1]     42 42.3ms
                                                                 $abc$983799$aiger$o1261     16 42.1ms
                                        $techmap1011983$abc$983799$lut$aiger$o43266.A[0]     71 41.9ms
                                    $techmap996102$abc$983799$lut$aiger983798$43831.A[1]     64 39.8ms
                 $techmap1000062$auto$abc_ops_reintegrate.cc:611:reintegrate$985925.A[0]     67 38.3ms
                                   $techmap1000393$abc$983799$lut$aiger983798$43666.A[0]     66 38.2ms
                                                  $abc$983799$lut$aiger983798$58668.A[5]     49 38.0ms
                                        $techmap1007576$abc$983799$lut$aiger$o33333.A[1]     66 37.4ms
                                                                 $abc$983799$aiger$o1741     16 36.6ms
                                                                 $abc$983799$aiger$o1015     16 36.5ms
                                   $techmap1002012$abc$983799$lut$aiger983798$52983.A[3]     64 36.2ms
                                                                 $abc$983799$aiger$o1263     16 35.1ms
                                                                     ffn.mul_product[23]     15 34.9ms
                                        $techmap1008559$abc$983799$lut$aiger$o54090.A[0]     65 34.6ms
                                                                          ffn.state[192]     35 34.1ms
                                         $techmap996107$abc$983799$lut$aiger$o24353.A[0]     65 34.0ms
                                                                 $abc$983799$aiger$o1268     16 33.8ms
                                  $techmap1000064$abc$983799$lut$aiger983798$106180.A[3]     64 33.3ms
                 $techmap1000481$auto$abc_ops_reintegrate.cc:611:reintegrate$985748.A[0]     41 33.0ms
                 $techmap1003628$auto$abc_ops_reintegrate.cc:611:reintegrate$984901.A[2]     18 32.8ms
                 $techmap1000076$auto$abc_ops_reintegrate.cc:611:reintegrate$985919.A[0]     66 32.6ms
                 $techmap1003319$auto$abc_ops_reintegrate.cc:611:reintegrate$985012.A[2]     18 32.3ms
                                                                 $abc$983799$aiger$o1282     16 32.2ms
                                   $techmap1002201$abc$983799$lut$aiger983798$54518.A[0]     67 32.2ms
                                   $techmap1000371$abc$983799$lut$aiger983798$43599.A[1]     40 32.1ms
                 $techmap1004319$auto$abc_ops_reintegrate.cc:611:reintegrate$984650.A[2]     18 32.0ms
                                            ddr3.ddr3_controller_inst.dqs_start_index[0]     43 31.9ms
                                                                 $abc$983799$aiger$o1111     16 31.5ms
                 $techmap1000077$auto$abc_ops_reintegrate.cc:611:reintegrate$985918.A[0]     67 31.2ms
                 $techmap1005354$auto$abc_ops_reintegrate.cc:611:reintegrate$984253.A[2]     18 30.9ms
                                                                           committed_any      1 30.7ms
                                  $techmap1000061$abc$983799$lut$aiger983798$106132.A[1]     69 30.4ms
                                        $techmap1008399$abc$983799$lut$aiger$o46218.A[1]     42 29.9ms
                                $abc$983799$auto$simple.cc:193:make_patterns_logic$91004     64 29.7ms
                                                                 $abc$983799$aiger$o1022     16 29.6ms
                                                                 $abc$983799$aiger$o1739     16 29.5ms
                                        $techmap1008451$abc$983799$lut$aiger$o46221.A[2]     64 29.3ms
                 $techmap1000527$auto$abc_ops_reintegrate.cc:611:reintegrate$985732.A[5]     46 29.1ms
                                                                 $abc$983799$aiger$o1024     16 29.0ms
                                                                 $abc$983799$aiger$o3266      8 29.0ms
                                                                 $abc$983799$aiger$o3276      8 28.7ms
                                $abc$983799$auto$simple.cc:210:make_patterns_logic$90643     32 27.2ms
                 $techmap1002310$auto$abc_ops_reintegrate.cc:611:reintegrate$985337.A[1]     38 27.2ms
                                                                 $abc$983799$aiger$o1900     16 27.0ms
                                   $techmap1002012$abc$983799$lut$aiger983798$52983.A[2]     69 26.8ms
                                                                     ffn.mul_product[36]     22 26.7ms
                                                                          ffn.state[210]     34 26.4ms
                                                                 $abc$983799$aiger$o1020     16 26.1ms
                                                                 $abc$983799$aiger$o1895     16 25.9ms
                                $abc$983799$auto$simple.cc:193:make_patterns_logic$90674     62 25.6ms
                                $abc$983799$auto$simple.cc:210:make_patterns_logic$90649     32 25.4ms
                                   $techmap1000426$abc$983799$lut$aiger983798$43772.A[3]     39 25.1ms
                                                                 $abc$983799$aiger$o1118     16 25.1ms
                                   $techmap1001673$abc$983799$lut$aiger983798$49207.A[0]     35 24.0ms
                                                                     ffn.mul_product[54]     20 23.9ms
                                   $techmap1000387$abc$983799$lut$aiger983798$43644.A[1]     37 23.9ms
                                                                 $abc$983799$aiger$o1897     16 23.8ms
                                $abc$983799$auto$simple.cc:193:make_patterns_logic$90993     32 23.7ms
                                $abc$983799$auto$simple.cc:210:make_patterns_logic$92686     32 23.5ms
                 $techmap1004100$auto$abc_ops_reintegrate.cc:611:reintegrate$984730.A[3]     17 23.1ms
                                   $techmap1000410$abc$983799$lut$aiger983798$43721.A[3]     38 23.1ms
                                                                 $abc$983799$aiger$o2650      8 23.1ms
                                   $techmap1003055$abc$983799$lut$aiger983798$62819.A[2]     33 23.0ms
                                   $techmap1000400$abc$983799$lut$aiger983798$43691.A[0]     36 23.0ms
                                   $techmap1002704$abc$983799$lut$aiger983798$59117.A[2]     43 23.0ms
                 $techmap1005541$auto$abc_ops_reintegrate.cc:611:reintegrate$984186.A[2]     18 22.9ms
                 $techmap1002081$auto$abc_ops_reintegrate.cc:611:reintegrate$985391.A[3]     34 22.8ms
                                                                 $abc$983799$aiger$o1904     16 22.8ms
                 $techmap1000077$auto$abc_ops_reintegrate.cc:611:reintegrate$985918.A[2]     65 22.8ms
                                        $techmap1011951$abc$983799$lut$aiger$o43208.A[0]     33 22.7ms
                                                ddr3.ddr3_controller_inst.stage1_bank[0]     38 22.7ms
                                                                                 any_nak      1 22.7ms
                                                                 $abc$983799$aiger$o1017     16 22.6ms
                                   $techmap1001697$abc$983799$lut$aiger983798$49297.A[2]     31 22.5ms
                                                                 $abc$983799$aiger$o1306      8 22.3ms
                                                                 $abc$983799$aiger$o1284     16 22.1ms
                                                                 $abc$983799$aiger$o1286     16 22.0ms
                                   $techmap1001744$abc$983799$lut$aiger983798$50628.A[2]     34 22.0ms
                                $abc$983799$auto$simple.cc:210:make_patterns_logic$91080     32 21.7ms
                                                                     ffn.mul_product[47]     23 21.7ms
                 $techmap1000249$auto$abc_ops_reintegrate.cc:611:reintegrate$985861.A[1]     28 21.7ms
                                           $auto$alumacc.cc:548:replace_alu$106374.Y[33]     31 21.6ms
                 $techmap1002554$auto$abc_ops_reintegrate.cc:611:reintegrate$985276.A[0]     31 21.6ms
                                                                 $abc$983799$aiger$o1902     16 21.6ms
                                         ddr3.ddr3_controller_inst.stage1_next_bank_d[1]     36 21.4ms
                                   $techmap1009089$abc$983799$lut$aiger983798$57577.A[1]     52 21.2ms
                                   $techmap1001656$abc$983799$lut$aiger983798$48988.A[3]     33 21.2ms
                 $techmap1000229$auto$abc_ops_reintegrate.cc:611:reintegrate$985869.A[1]     40 21.1ms
                 $techmap1004836$auto$abc_ops_reintegrate.cc:611:reintegrate$984451.A[3]     17 21.0ms
                 $techmap1002081$auto$abc_ops_reintegrate.cc:611:reintegrate$985391.A[0]     33 21.0ms
                                                                              rd_addr[1]     26 20.9ms
                                                                     ffn.mul_product[33]     22 20.9ms
                                   $techmap1000427$abc$983799$lut$aiger983798$43776.A[2]     22 20.9ms
                                                                     ffn.mul_product[38]     20 20.8ms
                 $techmap1005465$auto$abc_ops_reintegrate.cc:611:reintegrate$984213.A[1]     38 20.8ms
                                                                 $abc$983799$aiger$o1116     16 20.7ms
                                        $techmap1008269$abc$983799$lut$aiger$o47657.A[1]     64 20.4ms
                                                                 $abc$983799$aiger$o1264     16 20.3ms
                                $abc$983799$auto$simple.cc:210:make_patterns_logic$93058     32 20.1ms
                                   $techmap1000390$abc$983799$lut$aiger983798$43654.A[0]     37 20.0ms
                                                                          transmitter.tx      1 19.9ms
                 $techmap1002081$auto$abc_ops_reintegrate.cc:611:reintegrate$985391.A[1]     34 19.8ms
                 $techmap1000376$auto$abc_ops_reintegrate.cc:611:reintegrate$985739.A[0]     39 19.7ms
                 $techmap1001734$auto$abc_ops_reintegrate.cc:611:reintegrate$985406.A[2]     40 19.7ms
                                                                     ffn.mul_product[41]     22 19.7ms
                 $techmap1001559$auto$abc_ops_reintegrate.cc:611:reintegrate$985439.A[3]     36 19.7ms
                                   $techmap1006064$abc$983799$lut$aiger983798$95432.A[2]     17 19.6ms
                                                                 $abc$983799$aiger$o2656      8 19.5ms
                                                                 $abc$983799$aiger$o2782      8 19.4ms
                                $abc$983799$auto$simple.cc:210:make_patterns_logic$92941     32 19.4ms
                                                                 $abc$983799$aiger$o1267     16 19.4ms
                                                                     ffn.mul_product[46]     22 19.3ms
                                                                 $abc$983799$aiger$o1278     16 19.2ms
                                                                 $abc$983799$aiger$o1277     16 19.2ms
                                                                     ffn.mul_product[18]     15 19.2ms
                                                                          ffn.state[116]     35 19.1ms
                 $techmap1000010$auto$abc_ops_reintegrate.cc:611:reintegrate$985938.A[1]     31 19.1ms
                                                                 $abc$983799$aiger$o1903     16 18.9ms
                                                                 $abc$983799$aiger$o1115     16 18.9ms
                                                                 $abc$983799$aiger$o1748     16 18.8ms
                                                                 $abc$983799$aiger$o1743     16 18.7ms
                 $techmap1006434$auto$abc_ops_reintegrate.cc:611:reintegrate$983872.A[3]      9 18.7ms
                                        $techmap1014360$abc$983799$lut$aiger$o39285.A[2]     40 18.6ms
                 $techmap1001734$auto$abc_ops_reintegrate.cc:611:reintegrate$985406.A[0]     40 18.6ms
                                                                 $abc$983799$aiger$o1023     16 18.5ms
                                                                 $abc$983799$aiger$o1109     16 18.5ms
                                   $techmap1001585$abc$983799$lut$aiger983798$48509.A[1]     27 18.4ms
                                                                     ffn.mul_product[44]     21 18.3ms
                 $techmap1000569$auto$abc_ops_reintegrate.cc:611:reintegrate$985725.A[3]     17 18.0ms
                                                                 $abc$983799$aiger$o2668      8 18.0ms
                 $techmap1003906$auto$abc_ops_reintegrate.cc:611:reintegrate$984810.A[2]     18 18.0ms
                                                                     ffn.mul_product[63]     23 17.9ms
                                        $techmap1008462$abc$983799$lut$aiger$o52475.A[2]     38 17.9ms
                                $abc$983799$auto$simple.cc:210:make_patterns_logic$92816     32 17.8ms
                                                                  $abc$983799$aiger$o608      8 17.7ms
                                                                 $abc$983799$aiger$o1114     16 17.7ms
                                  $techmap1000073$abc$983799$lut$aiger983798$106211.A[1]     34 17.6ms
                                                                 $abc$983799$aiger$o2784      8 17.4ms
                                       ddr3.ddr3_controller_inst.delay_counter_is_zero_d     30 17.3ms
                 $techmap1000872$auto$abc_ops_reintegrate.cc:611:reintegrate$985565.A[1]     18 17.3ms
                                                                 $abc$983799$aiger$o1110     16 17.3ms
                                                                  $abc$983799$aiger$o598      8 17.2ms
                                                                 $abc$983799$aiger$o1262     16 17.2ms
                                              ddr3.ddr3_controller_inst.stage2_bank_d[2]     35 17.2ms
                                  $techmap1000078$abc$983799$lut$aiger983798$106269.A[3]     33 17.1ms
                 $techmap1000604$auto$abc_ops_reintegrate.cc:611:reintegrate$985718.A[4]     17 17.1ms
                 $techmap1002919$auto$abc_ops_reintegrate.cc:611:reintegrate$985150.A[2]     18 17.1ms
                                                                            ffn.read0[0]     14 17.1ms
                 $techmap1002294$auto$abc_ops_reintegrate.cc:611:reintegrate$985340.A[2]     32 17.0ms
                                        $techmap1008752$abc$983799$lut$aiger$o29318.A[3]      6 17.0ms
                 $techmap1002159$auto$abc_ops_reintegrate.cc:611:reintegrate$985360.A[1]     29 17.0ms
                                $abc$983799$auto$simple.cc:193:make_patterns_logic$90658     64 17.0ms
                                $abc$983799$auto$simple.cc:210:make_patterns_logic$92876     32 16.9ms
                                   $techmap1008486$abc$983799$lut$aiger983798$99898.A[2]     32 16.9ms
                 $techmap1002545$auto$abc_ops_reintegrate.cc:611:reintegrate$985279.A[2]     18 16.8ms
                                $abc$983799$auto$simple.cc:193:make_patterns_logic$90998     32 16.8ms
                                   $techmap1000415$abc$983799$lut$aiger983798$43740.A[1]     34 16.8ms
                                                                 $abc$983799$aiger$o1898     16 16.8ms
                                                                 $abc$983799$aiger$o1744     16 16.7ms
                                   $techmap1002357$abc$983799$lut$aiger983798$56098.A[2]     35 16.6ms
                                $abc$983799$auto$simple.cc:193:make_patterns_logic$91009     64 16.4ms
                                                                     ffn.mul_product[35]     20 16.4ms
                                                                 $abc$983799$aiger$o1901     16 16.3ms
                                                                           ffn.read0[11]     14 16.3ms
                                   $techmap1001760$abc$983799$lut$aiger983798$50777.A[1]     35 16.3ms
                                   $techmap1001679$abc$983799$lut$aiger983798$49224.A[2]     26 16.1ms
                                                                     ffn.mul_product[57]     21 16.1ms
                                                                 $abc$983799$aiger$o1747     16 16.0ms
                                                                     ffn.mul_product[34]     21 16.0ms
                                        $techmap1008785$abc$983799$lut$aiger$o52449.A[0]     32 15.9ms
                 $techmap1002183$auto$abc_ops_reintegrate.cc:611:reintegrate$985355.A[4]     32 15.9ms
                 $techmap1002185$auto$abc_ops_reintegrate.cc:611:reintegrate$985354.A[2]     33 15.9ms
                                      ddr3.ddr3_controller_inst.write_by_byte_counter[2]     31 15.8ms
                                                                     ffn.mul_product[15]     14 15.8ms
                                                                 $abc$983799$aiger$o1304      8 15.7ms
                 $techmap1000582$auto$abc_ops_reintegrate.cc:611:reintegrate$985723.A[3]     17 15.5ms
                                                                           ffn.read0[17]     14 15.5ms
                 $techmap1001603$auto$abc_ops_reintegrate.cc:611:reintegrate$985430.A[3]     34 15.5ms
                                                                 $abc$983799$aiger$o1279     16 15.5ms
                                                                     ffn.mul_product[58]     21 15.4ms
                 $techmap1000604$auto$abc_ops_reintegrate.cc:611:reintegrate$985718.A[3]     17 15.4ms
                 $techmap1000481$auto$abc_ops_reintegrate.cc:611:reintegrate$985748.A[1]     36 15.4ms
                                   $techmap1000385$abc$983799$lut$aiger983798$43635.A[2]     37 15.4ms
                  $techmap997039$auto$abc_ops_reintegrate.cc:611:reintegrate$986798.A[1]      6 15.4ms
                                                                     ffn.mul_product[32]     23 15.3ms
                 $techmap1005064$auto$abc_ops_reintegrate.cc:611:reintegrate$984357.A[1]     30 15.2ms
                                                                 $abc$983799$aiger$o1117     16 15.1ms
                                  $techmap1000079$abc$983799$lut$aiger983798$106272.A[3]     33 15.0ms
                                                                 $abc$983799$aiger$o1746     16 14.9ms
                 $techmap1006570$auto$abc_ops_reintegrate.cc:611:reintegrate$983810.A[3]      8 14.9ms
                                           $abc$983799$auto$rtlil.cc:3488:NotGate$266780     21 14.8ms
                                   $techmap1001970$abc$983799$lut$aiger983798$52136.A[3]     31 14.8ms
                                   $techmap1003055$abc$983799$lut$aiger983798$62819.A[3]     33 14.8ms
                 $techmap1006541$auto$abc_ops_reintegrate.cc:611:reintegrate$983826.A[3]      9 14.8ms
                                                                 $abc$983799$aiger$o2902      8 14.8ms
                                   $techmap1005900$abc$983799$lut$aiger983798$93906.A[3]     28 14.7ms
                                $abc$983799$auto$simple.cc:210:make_patterns_logic$92902     32 14.6ms
                                                                     ffn.mul_product[19]     15 14.6ms
                                                                 $abc$983799$aiger$o1281     16 14.6ms
                                $abc$983799$auto$simple.cc:210:make_patterns_logic$91951     31 14.6ms
                                   $techmap1001697$abc$983799$lut$aiger983798$49297.A[4]     26 14.5ms
                                                                     ffn.mul_product[43]     23 14.4ms
                                         $techmap1007906$abc$983799$lut$aiger$o2912.A[1]     18 14.4ms
                                                                     ffn.mul_product[48]     21 14.4ms
                                                                               debug1[0]     40 14.4ms
                                         ddr3.ddr3_controller_inst.stage1_next_bank_d[0]     39 14.4ms
                                        $techmap1007576$abc$983799$lut$aiger$o33333.A[0]     35 14.3ms
                                   $techmap1000426$abc$983799$lut$aiger983798$43772.A[2]     38 14.3ms
                 $techmap1005789$auto$abc_ops_reintegrate.cc:611:reintegrate$984104.A[2]     18 14.3ms
                                                                          ffn.state[158]     39 14.3ms
                                                ddr3.ddr3_controller_inst.stage1_bank[2]     27 14.2ms
                                                                           ffn.read0[16]     14 14.2ms
                                $abc$983799$auto$simple.cc:210:make_patterns_logic$90646     32 14.2ms
                                        $techmap1008848$abc$983799$lut$aiger$o53792.A[4]     13 14.2ms
                                                                 $abc$983799$aiger$o3668      8 14.2ms
                                   $techmap1003954$abc$983799$lut$aiger983798$72081.A[2]     18 14.1ms
                 $techmap1000010$auto$abc_ops_reintegrate.cc:611:reintegrate$985938.A[0]     27 14.1ms
                                                                            ffn.read0[9]     14 14.1ms
                                                                     ffn.mul_product[40]     21 14.1ms
                 $techmap1003089$auto$abc_ops_reintegrate.cc:611:reintegrate$985102.A[2]     18 14.1ms
                                         $techmap1007950$abc$983799$lut$aiger$o1186.A[1]     18 14.0ms
                  $techmap997282$auto$abc_ops_reintegrate.cc:611:reintegrate$986608.A[1]      9 14.0ms
                                                                     ffn.mul_product[55]     22 14.0ms
                                                                           ffn.read0[14]     14 14.0ms
                                   $techmap1000369$abc$983799$lut$aiger983798$43592.A[2]     37 13.9ms
                                                ddr3.ddr3_controller_inst.stage1_bank[1]     35 13.9ms
                                                                               debug1[4]     28 13.8ms
                                                                     ffn.mul_product[31]     15 13.8ms
                                                                      ffn.mul_product[2]     14 13.7ms
                                $abc$983799$auto$simple.cc:210:make_patterns_logic$92073     32 13.7ms
                                   $techmap1001702$abc$983799$lut$aiger983798$49318.A[2]     23 13.6ms
                                   $techmap1001585$abc$983799$lut$aiger983798$48509.A[0]     29 13.6ms
                                                                     ffn.mul_product[27]     15 13.6ms
                                                                     ffn.mul_product[37]     20 13.5ms
                                                                           ffn.read0[30]     15 13.5ms
                                                                                clk_ctrl  10402 13.5ms
                 $techmap1005532$auto$abc_ops_reintegrate.cc:611:reintegrate$984190.A[3]      7 13.5ms
                                                                               heartbeat      2 13.5ms
                                                                     ffn.mul_product[24]     15 13.5ms
                 $techmap1005889$auto$abc_ops_reintegrate.cc:611:reintegrate$984069.A[3]      7 13.5ms
                                                                           ffn.read0[28]     14 13.5ms
                                                                     ffn.mul_product[25]     15 13.4ms
                                                                 $abc$983799$aiger$o1266     16 13.4ms
                                                                     ffn.mul_product[49]     20 13.4ms
                 $techmap1002070$auto$abc_ops_reintegrate.cc:611:reintegrate$985393.A[1]     77 13.4ms
                                                                           ffn.state[23]     35 13.3ms
                                                 ddr3.ddr3_controller_inst.stage2_do_act     29 13.3ms
                                   $techmap1000422$abc$983799$lut$aiger983798$43762.A[1]     40 13.3ms
                                                                     ffn.mul_product[62]     22 13.3ms
                 $techmap1001590$auto$abc_ops_reintegrate.cc:611:reintegrate$985435.A[0]     18 13.2ms
                                  $techmap1000079$abc$983799$lut$aiger983798$106272.A[0]     38 13.2ms
                  $techmap998927$auto$abc_ops_reintegrate.cc:611:reintegrate$986147.A[3]      8 13.2ms
                                $abc$983799$auto$simple.cc:210:make_patterns_logic$92967     32 13.2ms
                                                                           ffn.read0[18]     15 13.2ms
                 $techmap1004205$auto$abc_ops_reintegrate.cc:611:reintegrate$984692.A[2]     18 13.2ms
                                                                               debug1[3]     23 13.2ms
                                                                     ffn.mul_product[50]     20 13.1ms
                                                  $abc$983799$lut$aiger983798$48794.A[6]     30 13.1ms
                                                                     ffn.mul_product[56]     21 13.1ms
                                   $techmap1002253$abc$983799$lut$aiger983798$55415.A[1]     33 13.1ms
                 $techmap1000592$auto$abc_ops_reintegrate.cc:611:reintegrate$985721.A[3]     16 13.1ms
                 $techmap1000596$auto$abc_ops_reintegrate.cc:611:reintegrate$985720.A[4]     17 13.0ms
                                                                           ffn.read0[24]     14 13.0ms
                                        $techmap1007691$abc$983799$lut$aiger$o23751.A[3]     17 12.9ms
                                   $techmap1002254$abc$983799$lut$aiger983798$55422.A[3]     31 12.9ms
                  $techmap998536$auto$abc_ops_reintegrate.cc:611:reintegrate$986196.A[3]      8 12.8ms
                                    $techmap996234$abc$983799$lut$aiger983798$49964.A[2]      1 12.8ms
                 $techmap1001734$auto$abc_ops_reintegrate.cc:611:reintegrate$985406.A[3]     21 12.8ms
                                   $techmap1002165$abc$983799$lut$aiger983798$54405.A[5]     32 12.8ms
                 $techmap1000596$auto$abc_ops_reintegrate.cc:611:reintegrate$985720.A[3]     17 12.8ms
                 $techmap1002156$auto$abc_ops_reintegrate.cc:611:reintegrate$985361.A[2]     34 12.7ms
                                                                     ffn.mul_product[16]     15 12.7ms
                                                                     ffn.mul_product[45]     23 12.7ms
                 $techmap1006218$auto$abc_ops_reintegrate.cc:611:reintegrate$983956.A[3]     18 12.7ms
                 $techmap1005172$auto$abc_ops_reintegrate.cc:611:reintegrate$984317.A[3]     17 12.7ms
                                $abc$983799$auto$simple.cc:210:make_patterns_logic$92471     31 12.7ms
                                   $techmap1000411$abc$983799$lut$aiger983798$43726.A[0]     26 12.7ms
                                                                 $abc$983799$aiger$o1113     16 12.6ms
                                   $techmap1001678$abc$983799$lut$aiger983798$49220.A[4]     22 12.6ms
                 $techmap1001733$auto$abc_ops_reintegrate.cc:611:reintegrate$985407.A[1]     33 12.6ms
                                   $techmap1000413$abc$983799$lut$aiger983798$43733.A[1]     37 12.6ms
                 $techmap1005889$auto$abc_ops_reintegrate.cc:611:reintegrate$984069.A[2]     17 12.5ms
                                                                     ffn.mul_product[51]     22 12.5ms
                                $abc$983799$auto$simple.cc:210:make_patterns_logic$92915     32 12.5ms
                                                                 $abc$983799$aiger$o1896     16 12.4ms
                 $techmap1002974$auto$abc_ops_reintegrate.cc:611:reintegrate$985130.A[2]     32 12.4ms
                  $techmap998152$auto$abc_ops_reintegrate.cc:611:reintegrate$986215.A[3]      9 12.4ms
                  $techmap996677$auto$abc_ops_reintegrate.cc:611:reintegrate$987122.A[0]     18 12.3ms
                                                                     ffn.mul_product[42]     21 12.3ms
                                   $techmap1008266$abc$983799$lut$aiger983798$94215.A[4]     28 12.3ms
                                                                 $abc$983799$aiger$o1285     16 12.3ms
                                                                 $abc$983799$aiger$o2912      8 12.3ms
                                                                      ffn.mul_product[8]     14 12.2ms
                                                          ddr3.idelay_data_cntvaluein[0]     21 12.2ms
                                                                            ffn.read0[5]     15 12.2ms
                                                                     ffn.mul_product[10]     14 12.2ms
                                   $techmap1008555$abc$983799$lut$aiger983798$97348.A[3]     33 12.1ms
                                                                 $abc$983799$aiger$o1308      8 12.1ms
                 $techmap1003325$auto$abc_ops_reintegrate.cc:611:reintegrate$985009.A[2]     34 12.1ms
                                                                     ffn.mul_product[61]     21 12.1ms
                                                                     ffn.mul_product[59]     21 12.1ms
                                           $abc$983799$auto$rtlil.cc:3488:NotGate$266906     18 12.0ms
                                   $techmap1000405$abc$983799$lut$aiger983798$43706.A[1]     24 11.9ms
                                   $techmap1004802$abc$983799$lut$aiger983798$81467.A[1]     22 11.9ms
                 $techmap1000952$auto$abc_ops_reintegrate.cc:611:reintegrate$985540.A[2]     17 11.9ms
                                              ddr3.ddr3_controller_inst.write_pattern[0]     40 11.9ms
                                                                     ffn.mul_product[60]     21 11.9ms
                                                                 $abc$983799$aiger$o1156      8 11.8ms
                                $abc$983799$auto$simple.cc:210:make_patterns_logic$92980     32 11.8ms
                                                                     ffn.mul_product[39]     22 11.8ms
                                                                     ffn.mul_product[30]     15 11.8ms
                                   $techmap1001766$abc$983799$lut$aiger983798$50894.A[4]     26 11.8ms
                  $techmap999021$auto$abc_ops_reintegrate.cc:611:reintegrate$986137.A[1]     23 11.8ms
                                                                           ffn.read0[12]     14 11.8ms
                                                  ddr3.ddr3_controller_inst.stage2_do_wr     26 11.7ms
                                $abc$983799$auto$simple.cc:210:make_patterns_logic$90890     32 11.7ms
                                   $techmap1001998$abc$983799$lut$aiger983798$52662.A[2]     21 11.7ms
                 $techmap1006459$auto$abc_ops_reintegrate.cc:611:reintegrate$983862.A[3]      8 11.7ms
                                                                            receiver.rx2     39 11.6ms
                                                                          ffn.state[131]     35 11.6ms
                                                                 $abc$983799$aiger$o1269     16 11.6ms
                 $techmap1000028$auto$abc_ops_reintegrate.cc:611:reintegrate$985934.A[1]     31 11.6ms
                                $abc$983799$auto$simple.cc:210:make_patterns_logic$92604     19 11.6ms
                                   $techmap1002255$abc$983799$lut$aiger983798$55431.A[4]     32 11.6ms
                                                                 $abc$983799$aiger$o3296      8 11.5ms
                                   $techmap1000562$abc$983799$lut$aiger983798$36290.A[1]     34 11.5ms
                                                                 $abc$983799$aiger$o2662      8 11.5ms
                                                                     ffn.mul_product[29]     15 11.5ms
                 $techmap1002287$auto$abc_ops_reintegrate.cc:611:reintegrate$985342.A[1]     36 11.5ms
                                        $techmap1007699$abc$983799$lut$aiger$o23741.A[3]     17 11.5ms
                 $techmap1000569$auto$abc_ops_reintegrate.cc:611:reintegrate$985725.A[4]     18 11.4ms
                                                                     ffn.mul_product[14]     14 11.4ms
                                        $techmap1008476$abc$983799$lut$aiger$o50143.A[0]     32 11.4ms
        $abc$983799$flatten\loader.$logic_and$build/t27/specs/rtl/fpga_ddr3_loader.v:1626$934_Y     32 11.4ms
                                                                 $abc$983799$aiger$o3286      8 11.4ms
                 $techmap1002678$auto$abc_ops_reintegrate.cc:611:reintegrate$985240.A[3]     35 11.3ms
                 $techmap1006291$auto$abc_ops_reintegrate.cc:611:reintegrate$983936.A[3]      9 11.3ms
        $abc$983799$flatten\loader.$logic_and$build/t27/specs/rtl/fpga_ddr3_loader.v:1622$929_Y     33 11.3ms
                                                                        arbiter.handover     32 11.3ms
                 $techmap1000028$auto$abc_ops_reintegrate.cc:611:reintegrate$985934.A[0]     29 11.3ms
                                                                               debug1[2]     24 11.3ms
                                        $techmap1011671$abc$983799$lut$aiger$o42802.A[2]     33 11.3ms
                 $techmap1000903$auto$abc_ops_reintegrate.cc:611:reintegrate$985545.A[4]     33 11.3ms
                                                ddr3.ddr3_controller_inst.stage2_pending     26 11.3ms
                                                                            ffn.state[5]     35 11.3ms
                                   $techmap1000394$abc$983799$lut$aiger983798$43670.A[2]     36 11.2ms
                                   $techmap1002362$abc$983799$lut$aiger983798$56122.A[0]     22 11.2ms
                                $abc$983799$auto$simple.cc:193:make_patterns_logic$90976     32 11.2ms
                                   $techmap1003720$abc$983799$lut$aiger983798$69598.A[1]      9 11.2ms
                                   $techmap1001975$abc$983799$lut$aiger983798$52158.A[1]     17 11.2ms
                                                                 $abc$983799$aiger$o1166      8 11.2ms
                 $techmap1003506$auto$abc_ops_reintegrate.cc:611:reintegrate$984949.A[3]     22 11.2ms
                 $techmap1002150$auto$abc_ops_reintegrate.cc:611:reintegrate$985366.A[2]     19 11.2ms
                                                                 $abc$983799$aiger$o1742     16 11.2ms
                                   $techmap1001695$abc$983799$lut$aiger983798$49288.A[0]     32 11.1ms
                 $techmap1000130$auto$abc_ops_reintegrate.cc:611:reintegrate$985902.A[2]     26 11.1ms
                 $techmap1001549$auto$abc_ops_reintegrate.cc:611:reintegrate$985441.A[2]     33 11.0ms
                                                                           ffn.read0[23]     14 11.0ms
                                            ddr3.ddr3_controller_inst.dqs_start_index[1]     36 11.0ms
                                                                     ffn.mul_product[53]     19 11.0ms
                                                                            ffn.read0[6]     15 11.0ms
                                   $techmap1001998$abc$983799$lut$aiger983798$52662.A[1]     22 11.0ms
                                   $techmap1002149$abc$983799$lut$aiger983798$54089.A[2]     32 11.0ms
                                                                     ffn.mul_product[13]     14 11.0ms
                                  $techmap1000078$abc$983799$lut$aiger983798$106269.A[4]     37 11.0ms
                                   $techmap1008458$abc$983799$lut$aiger983798$99921.A[2]     15 11.0ms
                                        $techmap1007646$abc$983799$lut$aiger$o33457.A[2]     24 11.0ms
                 $techmap1006500$auto$abc_ops_reintegrate.cc:611:reintegrate$983845.A[3]      9 11.0ms
                 $techmap1000559$auto$abc_ops_reintegrate.cc:611:reintegrate$985727.A[4]     22 11.0ms
                 $techmap1006054$auto$abc_ops_reintegrate.cc:611:reintegrate$984014.A[2]      4 10.9ms
                 $techmap1002159$auto$abc_ops_reintegrate.cc:611:reintegrate$985360.A[2]     27 10.9ms
                                                                            ffn.root[30]      7 10.9ms
                                                                           ffn.read0[15]     14 10.9ms
                  $techmap999940$auto$abc_ops_reintegrate.cc:611:reintegrate$985957.A[1]     26 10.9ms
                 $techmap1002117$auto$abc_ops_reintegrate.cc:611:reintegrate$985378.A[0]     35 10.9ms
                                          ddr3.ddr3_controller_inst.start_index_check[4]     35 10.8ms
                                   $techmap1003805$abc$983799$lut$aiger983798$70399.A[4]     33 10.8ms
                                                                            wb_rdata[34]      6 10.8ms
                                                                      ffn.mul_product[4]     14 10.8ms
                                        $techmap1008515$abc$983799$lut$aiger$o46663.A[1]     32 10.8ms
                                        ddr3.ddr3_controller_inst.instruction_address[3]     27 10.8ms
                 $techmap1002163$auto$abc_ops_reintegrate.cc:611:reintegrate$985358.A[1]     33 10.7ms
                                                                            ffn.read0[3]     14 10.7ms
                                   $techmap1001991$abc$983799$lut$aiger983798$52291.A[1]     23 10.7ms
                 $techmap1004265$auto$abc_ops_reintegrate.cc:611:reintegrate$984671.A[2]     28 10.7ms
                 $techmap1002135$auto$abc_ops_reintegrate.cc:611:reintegrate$985369.A[2]     25 10.7ms
                 $techmap1005070$auto$abc_ops_reintegrate.cc:611:reintegrate$984355.A[2]     17 10.7ms
        $abc$983799$flatten\loader.$logic_and$build/t27/specs/rtl/fpga_ddr3_loader.v:1618$920_Y     32 10.6ms
                 $techmap1002156$auto$abc_ops_reintegrate.cc:611:reintegrate$985361.A[1]     35 10.6ms
                                                                     ffn.mul_product[20]     15 10.6ms
                                                                      ffn.mul_product[5]     14 10.6ms
                                                                 $abc$983799$aiger$o1283     16 10.6ms
                 $techmap1004211$auto$abc_ops_reintegrate.cc:611:reintegrate$984689.A[4]     29 10.6ms
                                                                          ffn.state[144]     35 10.6ms
                 $techmap1002156$auto$abc_ops_reintegrate.cc:611:reintegrate$985361.A[0]     34 10.6ms
                 $techmap1000004$auto$abc_ops_reintegrate.cc:611:reintegrate$985939.A[3]     18 10.5ms
                                                                               debug1[1]     29 10.5ms
                                                                 $abc$983799$aiger$o2730      8 10.5ms
                 $techmap1002150$auto$abc_ops_reintegrate.cc:611:reintegrate$985366.A[0]     35 10.5ms
                                   $techmap1005903$abc$983799$lut$aiger983798$93915.A[2]     26 10.5ms
                                                          ddr3.idelay_data_cntvaluein[4]     20 10.5ms
                                        $techmap1007691$abc$983799$lut$aiger$o23751.A[4]     17 10.5ms
                                   $techmap1000411$abc$983799$lut$aiger983798$43726.A[2]     35 10.5ms
                                   $techmap1001650$abc$983799$lut$aiger983798$35145.A[1]     36 10.4ms
                                                                          ffn.state[171]     35 10.4ms
                                                                           ffn.read0[22]     14 10.4ms
                                                                 $abc$983799$aiger$o3362      8 10.4ms
                 $techmap1000767$auto$abc_ops_reintegrate.cc:611:reintegrate$985616.A[0]     36 10.4ms
                                   $techmap1002881$abc$983799$lut$aiger983798$61308.A[3]     26 10.3ms
                 $techmap1004444$auto$abc_ops_reintegrate.cc:611:reintegrate$984607.A[2]     17 10.3ms
                 $techmap1002228$auto$abc_ops_reintegrate.cc:611:reintegrate$985351.A[0]     31 10.3ms
                                                                           ffn.read0[20]     14 10.3ms
                                                                     ffn.mul_product[26]     15 10.3ms
                                   $techmap1001699$abc$983799$lut$aiger983798$49308.A[3]     21 10.2ms
                                   $techmap1003113$abc$983799$lut$aiger983798$61386.A[2]     33 10.2ms
                                                                     ffn.mul_product[52]     19 10.2ms
                                  $techmap1000079$abc$983799$lut$aiger983798$106272.A[2]     31 10.2ms
                                   $techmap1008550$abc$983799$lut$aiger983798$99848.A[5]     31 10.2ms
                                   $techmap1003804$abc$983799$lut$aiger983798$44580.A[1]     17 10.2ms
                                                                            ffn.read0[8]     15 10.2ms
                                                          ddr3.idelay_data_cntvaluein[2]     20 10.1ms
                                                  $auto$maccmap.cc:240:synth$128519.Y[3]     19 10.1ms
                                $abc$983799$auto$simple.cc:210:make_patterns_logic$91212     32 10.1ms
                                        $techmap1002083$abc$983799$lut$aiger$o51031.A[1]     32 10.1ms
                                    $techmap996234$abc$983799$lut$aiger983798$49964.A[5]      1 10.1ms
                 $techmap1000582$auto$abc_ops_reintegrate.cc:611:reintegrate$985723.A[4]     18 10.1ms
                                                                 $abc$983799$aiger$o1740     16 10.1ms
                                                  $abc$983799$lut$aiger983798$48794.A[1]     38 10.1ms
                  $techmap995774$auto$abc_ops_reintegrate.cc:611:reintegrate$987765.A[1]     62 10.0ms
                                                                        loader.h_addr[9]     15 10.0ms
                                                                        loader.h_addr[3]     13 10.0ms
                                        $auto$memory_libmap.cc:1951:emit_port$109496[12]      1 10.0ms
                                   $techmap1001766$abc$983799$lut$aiger983798$50894.A[5]     25 10.0ms
                                $abc$983799$auto$simple.cc:210:make_patterns_logic$90652     32 10.0ms
                                                                     ffn.mul_product[22]     15 10.0ms
                                                                 $abc$983799$aiger$o1280     16 10.0ms
                 $techmap1000974$auto$abc_ops_reintegrate.cc:611:reintegrate$985529.A[1]     28 9.9ms
                 $techmap1002150$auto$abc_ops_reintegrate.cc:611:reintegrate$985366.A[1]     35 9.9ms
                 $techmap1000836$auto$abc_ops_reintegrate.cc:611:reintegrate$985586.A[0]     21 9.9ms
                                   $techmap1014469$abc$983799$lut$aiger983798$49036.A[2]     33 9.9ms
                                                                           ffn.read0[27]     15 9.9ms
                 $techmap1000077$auto$abc_ops_reintegrate.cc:611:reintegrate$985918.A[3]     32 9.9ms
                                   $techmap1006539$abc$983799$lut$aiger983798$99436.A[2]      6 9.9ms
                                                                 $abc$983799$aiger$o1745     16 9.9ms
                                                                 $abc$983799$aiger$o2998      8 9.8ms
                                   $techmap1008792$abc$983799$lut$aiger983798$79969.A[2]     25 9.8ms
                                                                            ffn.read0[1]     15 9.8ms
                 $techmap1005275$auto$abc_ops_reintegrate.cc:611:reintegrate$984282.A[2]     17 9.8ms
                                   $techmap1000402$abc$983799$lut$aiger983798$43698.A[0]     34 9.8ms
                  $techmap997662$auto$abc_ops_reintegrate.cc:611:reintegrate$986344.A[2]     15 9.8ms
                 $techmap1000576$auto$abc_ops_reintegrate.cc:611:reintegrate$985724.A[3]     16 9.8ms
                                                                      ffn.mul_product[9]     14 9.7ms
        $abc$983799$flatten\master.$logic_and$build/t27/specs/rtl/fpga_loader_wb.v:517$9442_Y     32 9.7ms
                 $techmap1006252$auto$abc_ops_reintegrate.cc:611:reintegrate$983945.A[1]     25 9.7ms
                                  $techmap1000154$abc$983799$lut$aiger983798$106775.A[1]     16 9.7ms
                 $techmap1001549$auto$abc_ops_reintegrate.cc:611:reintegrate$985441.A[1]     33 9.7ms
                                   $techmap1008492$abc$983799$lut$aiger983798$53226.A[1]     30 9.7ms
                  $techmap997284$auto$abc_ops_reintegrate.cc:611:reintegrate$986607.A[1]      9 9.7ms
                                                                 $abc$983799$aiger$o1310      8 9.6ms
                 $techmap1000588$auto$abc_ops_reintegrate.cc:611:reintegrate$985722.A[3]     17 9.6ms
                 $techmap1000592$auto$abc_ops_reintegrate.cc:611:reintegrate$985721.A[4]     16 9.6ms
                                                                      ffn.mul_product[7]     14 9.5ms
                                        ddr3.ddr3_controller_inst.instruction_address[2]     21 9.5ms
                                                                 $abc$983799$aiger$o1265     16 9.5ms
                                                                        loader.h_addr[8]     14 9.5ms
        $techmap97304$flatten\loader.$gt$build/t27/specs/rtl/fpga_ddr3_loader.v:1643$966.Y     11 9.5ms
                                      ddr3.ddr3_controller_inst.write_by_byte_counter[0]     34 9.4ms
                                                                            ffn.read0[7]     15 9.4ms
                                   $techmap1001992$abc$983799$lut$aiger983798$52298.A[2]     18 9.4ms
                                                                 $abc$983799$aiger$o1368      8 9.4ms
                 $techmap1000016$auto$abc_ops_reintegrate.cc:611:reintegrate$985937.A[2]     32 9.4ms
                 $techmap1002183$auto$abc_ops_reintegrate.cc:611:reintegrate$985355.A[3]     33 9.3ms
                                         ddr3.ddr3_controller_inst.stage1_next_bank_d[2]     19 9.3ms
                 $techmap1001671$auto$abc_ops_reintegrate.cc:611:reintegrate$985413.A[0]     33 9.3ms
                                                                     ffn.mul_product[21]     15 9.3ms
                                   $techmap1002416$abc$983799$lut$aiger983798$55794.A[2]     17 9.3ms
                                        $techmap1001602$abc$983799$lut$aiger$o40791.A[1]     23 9.3ms
                                   $techmap1008413$abc$983799$lut$aiger983798$41614.A[0]     32 9.3ms
                                   $techmap1005677$abc$983799$lut$aiger983798$91635.A[1]      8 9.2ms
                                   $techmap1008792$abc$983799$lut$aiger983798$79969.A[3]     25 9.2ms
              $techmap97368$flatten\resetgen.$lt$build/t27/specs/rtl/fpga_reset.v:94$8.Y     33 9.2ms
                                                                           ffn.read0[31]     14 9.2ms
                                   $techmap1002253$abc$983799$lut$aiger983798$55415.A[2]     32 9.2ms
                                   $techmap1008886$abc$983799$lut$aiger983798$74250.A[2]      1 9.2ms
                                   $techmap1000413$abc$983799$lut$aiger983798$43733.A[3]     23 9.2ms
                                   $techmap1008495$abc$983799$lut$aiger983798$53258.A[1]     34 9.2ms
                                  $techmap1012064$abc$983799$lut$aiger983798$104039.A[4]      3 9.1ms
                 $techmap1000588$auto$abc_ops_reintegrate.cc:611:reintegrate$985722.A[4]     18 9.1ms
                                           ddr3.ddr3_controller_inst.stage1_next_row[10]     10 9.1ms
                                                                         loader.h_len[9]     16 9.1ms
                  $techmap999203$auto$abc_ops_reintegrate.cc:611:reintegrate$986115.A[3]     18 9.1ms
                                   $techmap1012352$abc$983799$lut$aiger983798$46163.A[3]     33 9.1ms
                                        $techmap1008734$abc$983799$lut$aiger$o29325.A[2]      6 9.1ms
                                   $techmap1000415$abc$983799$lut$aiger983798$43740.A[3]     37 9.1ms
                                           $auto$alumacc.cc:548:replace_alu$105954.Y[29]      1 9.1ms
                  $techmap997081$auto$abc_ops_reintegrate.cc:611:reintegrate$986756.A[1]      5 9.1ms
                 $techmap1005945$auto$abc_ops_reintegrate.cc:611:reintegrate$984052.A[3]     16 9.1ms
                 $techmap1000576$auto$abc_ops_reintegrate.cc:611:reintegrate$985724.A[4]     17 9.1ms
                                                                 $abc$983799$aiger$o3271      8 9.0ms
                 $techmap1001590$auto$abc_ops_reintegrate.cc:611:reintegrate$985435.A[1]     32 9.0ms
                                   $techmap1005602$abc$983799$lut$aiger983798$90897.A[2]      9 9.0ms
                                   $techmap1002286$abc$983799$lut$aiger983798$53338.A[0]     18 9.0ms
                                                                 $abc$983799$aiger$o2932      8 9.0ms
                                   $techmap1003718$abc$983799$lut$aiger983798$69584.A[1]      7 9.0ms
                                   $techmap1000426$abc$983799$lut$aiger983798$43772.A[1]     11 8.9ms
                 $techmap1002762$auto$abc_ops_reintegrate.cc:611:reintegrate$985211.A[0]     36 8.9ms
                                $abc$983799$auto$simple.cc:210:make_patterns_logic$91385     28 8.9ms
                                                                         loader.h_len[6]     14 8.9ms
                 $techmap1000229$auto$abc_ops_reintegrate.cc:611:reintegrate$985869.A[2]     18 8.9ms
                                   $techmap1000407$abc$983799$lut$aiger983798$43714.A[4]     36 8.9ms
                 $techmap1000798$auto$abc_ops_reintegrate.cc:611:reintegrate$985607.A[1]     16 8.9ms
                                        $techmap1008531$abc$983799$lut$aiger$o36658.A[4]     30 8.9ms
                                                ddr3.ddr3_controller_inst.stage2_bank[2]     23 8.9ms
                                $abc$983799$auto$simple.cc:210:make_patterns_logic$92954     32 8.9ms
                                           $auto$alumacc.cc:548:replace_alu$106452.Y[19]      1 8.9ms
                                                                 $abc$983799$aiger$o1176      8 8.9ms
                 $techmap1003506$auto$abc_ops_reintegrate.cc:611:reintegrate$984949.A[1]     16 8.8ms
                                        $techmap1008593$abc$983799$lut$aiger$o47677.A[4]     32 8.8ms
                                                                           ffn.read0[26]     14 8.8ms
                                   $techmap1002635$abc$983799$lut$aiger983798$58216.A[1]     14 8.8ms
                                           $auto$alumacc.cc:548:replace_alu$106425.Y[26]      1 8.7ms
                                                                     ffn.mul_product[28]     15 8.7ms
                                  $techmap1000223$abc$983799$lut$aiger983798$107257.A[1]     14 8.7ms
                                $abc$983799$auto$simple.cc:210:make_patterns_logic$90959     32 8.7ms
                                        $techmap1008369$abc$983799$lut$aiger$o45605.A[1]     32 8.7ms
                                                                       loader.h_addr[26]     12 8.7ms
                                        $techmap1007715$abc$983799$lut$aiger$o23721.A[3]     20 8.7ms
                 $techmap1004444$auto$abc_ops_reintegrate.cc:611:reintegrate$984607.A[3]      7 8.7ms
                                   $techmap1002306$abc$983799$lut$aiger983798$55726.A[1]     17 8.7ms
                 $techmap1001739$auto$abc_ops_reintegrate.cc:611:reintegrate$985404.A[0]     37 8.7ms
                                                                       loader.h_addr[31]     12 8.7ms
                                   $techmap1000410$abc$983799$lut$aiger983798$43721.A[1]     29 8.6ms
                 $techmap1000600$auto$abc_ops_reintegrate.cc:611:reintegrate$985719.A[4]     17 8.6ms
                  $techmap997035$auto$abc_ops_reintegrate.cc:611:reintegrate$986802.A[1]      6 8.6ms
                                                                       loader.h_addr[17]     10 8.6ms
                                   $techmap1001986$abc$983799$lut$aiger983798$52266.A[1]     23 8.6ms
                                   $techmap1002256$abc$983799$lut$aiger983798$55436.A[3]     31 8.5ms
                                   $techmap1005761$abc$983799$lut$aiger983798$92464.A[2]      8 8.5ms
                                                                         loader.h_len[4]     14 8.5ms
                 $techmap1002762$auto$abc_ops_reintegrate.cc:611:reintegrate$985211.A[1]     36 8.5ms
                 $techmap1000808$auto$abc_ops_reintegrate.cc:611:reintegrate$985599.A[1]     17 8.5ms
                                   $techmap1002079$abc$983799$lut$aiger983798$53213.A[1]     39 8.5ms
                                                                 $abc$983799$aiger$o1019     16 8.5ms
                                $abc$983799$auto$simple.cc:210:make_patterns_logic$91997     32 8.5ms
                                        $techmap1014548$abc$983799$lut$aiger$o45522.A[0]      9 8.5ms
                 $techmap1000846$auto$abc_ops_reintegrate.cc:611:reintegrate$985581.A[2]     30 8.5ms
                 $techmap1001707$auto$abc_ops_reintegrate.cc:611:reintegrate$985409.A[2]     21 8.5ms
                 $techmap1004282$auto$abc_ops_reintegrate.cc:611:reintegrate$984659.A[3]     18 8.5ms
                                   $techmap1008556$abc$983799$lut$aiger983798$99854.A[5]     31 8.4ms
                                                  $abc$983799$lut$aiger983798$58668.A[6]     14 8.4ms
                  $techmap997652$auto$abc_ops_reintegrate.cc:611:reintegrate$986346.A[2]     16 8.4ms
                                        ddr3.ddr3_controller_inst.instruction_address[4]     25 8.4ms
                                                                        loader.h_len[11]     15 8.4ms
                  $techmap997256$auto$abc_ops_reintegrate.cc:611:reintegrate$986621.A[1]     10 8.4ms
                                        $techmap1008576$abc$983799$lut$aiger$o51415.A[1]     32 8.4ms
                                   $techmap1008550$abc$983799$lut$aiger983798$99848.A[4]     31 8.4ms
                                        $techmap1008762$abc$983799$lut$aiger$o29308.A[2]      9 8.4ms
                                                                            ffn.read0[4]     14 8.4ms
                                     ddr3.ddr3_controller_inst.stage2_data_unaligned[76]      6 8.4ms
                                        $techmap1001746$abc$983799$lut$aiger$o40422.A[1]     38 8.4ms
                                        $techmap1007500$abc$983799$lut$aiger$o36744.A[4]     30 8.4ms
                                        $techmap1012362$abc$983799$lut$aiger$o38689.A[2]     32 8.4ms
                 $techmap1003513$auto$abc_ops_reintegrate.cc:611:reintegrate$984945.A[2]     18 8.4ms
                                $abc$983799$auto$simple.cc:210:make_patterns_logic$91145     32 8.4ms
                                                                       loader.h_addr[15]     11 8.4ms
                                                                            ffn.root[57]      7 8.3ms
                 $techmap1001749$auto$abc_ops_reintegrate.cc:611:reintegrate$985402.A[2]     33 8.3ms
                 $techmap1006169$auto$abc_ops_reintegrate.cc:611:reintegrate$983977.A[2]     18 8.3ms
                 $techmap1000767$auto$abc_ops_reintegrate.cc:611:reintegrate$985616.A[3]     35 8.3ms
                 $techmap1000963$auto$abc_ops_reintegrate.cc:611:reintegrate$985534.A[2]     23 8.3ms
                  $techmap997719$auto$abc_ops_reintegrate.cc:611:reintegrate$986312.A[0]     20 8.3ms
                                   $techmap1003953$abc$983799$lut$aiger983798$72076.A[1]      7 8.3ms
                                                                             ffn.root[7]      7 8.3ms
                 $techmap1002287$auto$abc_ops_reintegrate.cc:611:reintegrate$985342.A[3]     33 8.3ms
                 $techmap1002163$auto$abc_ops_reintegrate.cc:611:reintegrate$985358.A[0]     33 8.3ms
                                                                        loader.h_addr[0]     12 8.3ms
                                $abc$983799$auto$simple.cc:193:make_patterns_logic$90899     32 8.3ms
                 $techmap1004630$auto$abc_ops_reintegrate.cc:611:reintegrate$984534.A[3]     17 8.3ms
                                                                             ffn.root[0]     11 8.2ms
                 $techmap1003002$auto$abc_ops_reintegrate.cc:611:reintegrate$985123.A[0]     21 8.2ms
                                                                 $abc$983799$aiger$o2937      8 8.2ms
                                   $techmap1003714$abc$983799$lut$aiger983798$69561.A[1]      9 8.2ms
                                                                 $abc$983799$aiger$o2786      8 8.2ms
                 $techmap1006327$auto$abc_ops_reintegrate.cc:611:reintegrate$983914.A[3]      8 8.2ms
                 $techmap1002492$auto$abc_ops_reintegrate.cc:611:reintegrate$985288.A[0]     28 8.2ms
                                                                         loader.h_len[2]     13 8.2ms
                  $techmap997204$auto$abc_ops_reintegrate.cc:611:reintegrate$986668.A[1]     13 8.2ms
                                        $techmap1011595$abc$983799$lut$aiger$o42309.A[1]     35 8.2ms
                 $techmap1000229$auto$abc_ops_reintegrate.cc:611:reintegrate$985869.A[4]     29 8.2ms
                                                                           ffn.read0[10]     14 8.1ms
                                        $techmap1009282$abc$983799$lut$aiger$o49762.A[1]     23 8.1ms
                 $techmap1000891$auto$abc_ops_reintegrate.cc:611:reintegrate$985549.A[1]     23 8.1ms
                 $techmap1000083$auto$abc_ops_reintegrate.cc:611:reintegrate$985914.A[2]     16 8.1ms
                 $techmap1000019$auto$abc_ops_reintegrate.cc:611:reintegrate$985936.A[4]     20 8.1ms
                                                                 $abc$983799$aiger$o2922      8 8.1ms
                                                  $auto$maccmap.cc:240:synth$128519.Y[5]     20 8.1ms
                                   $techmap1005192$abc$983799$lut$aiger983798$86484.A[2]      8 8.0ms
                 $techmap1002671$auto$abc_ops_reintegrate.cc:611:reintegrate$985244.A[2]     18 8.0ms
                 $techmap1005516$auto$abc_ops_reintegrate.cc:611:reintegrate$984198.A[3]     17 8.0ms
                                                                 $abc$983799$aiger$o1899     16 8.0ms
                                        $techmap1008734$abc$983799$lut$aiger$o29325.A[0]      6 8.0ms
                                                                     ffn.mul_product[12]     14 8.0ms
                                           $auto$alumacc.cc:548:replace_alu$106449.Y[19]      1 8.0ms
                                   $techmap1000428$abc$983799$lut$aiger983798$43780.A[2]     15 8.0ms
                                   $techmap1004700$abc$983799$lut$aiger983798$80291.A[1]      7 8.0ms
                 $techmap1000600$auto$abc_ops_reintegrate.cc:611:reintegrate$985719.A[3]     17 7.9ms
                                   $techmap1002271$abc$983799$lut$aiger983798$55488.A[4]     31 7.9ms
                                        $techmap1007707$abc$983799$lut$aiger$o23731.A[4]     20 7.9ms
                                $abc$983799$auto$simple.cc:193:make_patterns_logic$91095     25 7.9ms
                                                                 $abc$983799$aiger$o1021     16 7.9ms
                                    ddr3.ddr3_controller_inst.stage2_data_unaligned[116]      7 7.9ms
                                        ddr3.ddr3_controller_inst.instruction_address[1]     22 7.9ms
                                                                 $abc$983799$aiger$o1186      8 7.9ms
                                $abc$983799$auto$simple.cc:210:make_patterns_logic$92928     32 7.9ms
                                                                           ffn.read0[21]     15 7.9ms
                                   $techmap1006014$abc$983799$lut$aiger983798$95080.A[3]      9 7.9ms
                                           $auto$alumacc.cc:548:replace_alu$106455.Y[27]      1 7.8ms
                                                                           ffn.read0[29]     14 7.8ms
                 $techmap1000805$auto$abc_ops_reintegrate.cc:611:reintegrate$985602.A[1]     18 7.8ms
                                                                            wb_rdata[44]      5 7.8ms
                 $techmap1003375$auto$abc_ops_reintegrate.cc:611:reintegrate$984993.A[2]     17 7.8ms
                                        $techmap1008815$abc$983799$lut$aiger$o47907.A[2]     32 7.8ms
                 $techmap1000559$auto$abc_ops_reintegrate.cc:611:reintegrate$985727.A[3]     19 7.8ms
                 $techmap1000767$auto$abc_ops_reintegrate.cc:611:reintegrate$985616.A[2]     33 7.8ms
                                   $techmap1002328$abc$983799$lut$aiger983798$55955.A[1]     11 7.8ms
                 $techmap1005805$auto$abc_ops_reintegrate.cc:611:reintegrate$984100.A[2]     14 7.8ms
                 $techmap1001607$auto$abc_ops_reintegrate.cc:611:reintegrate$985428.A[2]     20 7.8ms
                                   $techmap1002018$abc$983799$lut$aiger983798$53007.A[1]      3 7.8ms
                 $techmap1000872$auto$abc_ops_reintegrate.cc:611:reintegrate$985565.A[2]     32 7.8ms
                                                                        loader.h_len[13]     17 7.8ms
                 $techmap1000802$auto$abc_ops_reintegrate.cc:611:reintegrate$985603.A[1]     15 7.8ms
                  $techmap997262$auto$abc_ops_reintegrate.cc:611:reintegrate$986618.A[1]      9 7.8ms
                                                                       loader.h_addr[10]     12 7.7ms
                                                                        loader.h_addr[4]     13 7.7ms
                                                  $auto$maccmap.cc:240:synth$128519.Y[4]     19 7.7ms
                                     ddr3.ddr3_controller_inst.stage2_data_unaligned[56]      8 7.7ms
                 $techmap1004902$auto$abc_ops_reintegrate.cc:611:reintegrate$984426.A[2]     18 7.7ms
                 $techmap1000807$auto$abc_ops_reintegrate.cc:611:reintegrate$985600.A[1]     18 7.7ms
                  $techmap998806$auto$abc_ops_reintegrate.cc:611:reintegrate$986167.A[3]      9 7.7ms
                 $techmap1000292$auto$abc_ops_reintegrate.cc:611:reintegrate$985841.A[0]      8 7.6ms
                 $techmap1004479$auto$abc_ops_reintegrate.cc:611:reintegrate$984593.A[3]     31 7.6ms
                 $techmap1004707$auto$abc_ops_reintegrate.cc:611:reintegrate$984508.A[3]     18 7.6ms
                 $techmap1000806$auto$abc_ops_reintegrate.cc:611:reintegrate$985601.A[1]     18 7.6ms
                                        $techmap1009282$abc$983799$lut$aiger$o49762.A[0]     23 7.6ms
                                        $techmap1012335$abc$983799$lut$aiger$o38578.A[2]     35 7.6ms
                                                                      ffn.mul_product[3]     14 7.6ms
                                   $techmap1008458$abc$983799$lut$aiger983798$99921.A[4]     12 7.6ms
                                                                 $abc$983799$aiger$o2846      8 7.6ms
                                                                     ffn.mul_product[17]     15 7.6ms
                 $techmap1001749$auto$abc_ops_reintegrate.cc:611:reintegrate$985402.A[1]     40 7.6ms
                  $techmap997151$auto$abc_ops_reintegrate.cc:611:reintegrate$986696.A[0]     11 7.6ms
                                                                            ffn.root[51]      7 7.6ms
                  $techmap997042$auto$abc_ops_reintegrate.cc:611:reintegrate$986795.A[1]      6 7.5ms
                                   $techmap1008465$abc$983799$lut$aiger983798$75422.A[1]      9 7.5ms
                                   $techmap1002362$abc$983799$lut$aiger983798$56122.A[1]     20 7.5ms
                                   $techmap1001981$abc$983799$lut$aiger983798$52188.A[3]     16 7.5ms
                                        $techmap1007587$abc$983799$lut$aiger$o33366.A[5]     33 7.5ms
                 $techmap1000164$auto$abc_ops_reintegrate.cc:611:reintegrate$985893.A[2]     16 7.5ms
                                                                      ffn.mul_product[6]     14 7.5ms
                 $techmap1003375$auto$abc_ops_reintegrate.cc:611:reintegrate$984993.A[3]     19 7.5ms
                                   $techmap1006481$abc$983799$lut$aiger983798$98977.A[1]     15 7.5ms
                 $techmap1005119$auto$abc_ops_reintegrate.cc:611:reintegrate$984345.A[1]      9 7.5ms
                                         $techmap1007902$abc$983799$lut$aiger$o2902.A[3]     34 7.5ms
                 $techmap1000767$auto$abc_ops_reintegrate.cc:611:reintegrate$985616.A[1]     18 7.4ms
                                   $techmap1002181$abc$983799$lut$aiger983798$54426.A[0]     35 7.4ms
                                                                 $abc$983799$aiger$o1018     16 7.4ms
                                                                 $abc$983799$aiger$o1252      8 7.4ms
                  $techmap997204$auto$abc_ops_reintegrate.cc:611:reintegrate$986668.A[3]     18 7.4ms
                                                  $auto$maccmap.cc:240:synth$128519.Y[1]     23 7.4ms
                  $techmap997036$auto$abc_ops_reintegrate.cc:611:reintegrate$986801.A[1]      6 7.4ms
                                        $techmap1008462$abc$983799$lut$aiger$o52475.A[3]     13 7.4ms
                                                                        loader.h_len[12]     17 7.4ms
                 $techmap1000846$auto$abc_ops_reintegrate.cc:611:reintegrate$985581.A[1]     27 7.4ms
                                $abc$983799$auto$simple.cc:210:make_patterns_logic$90833     32 7.4ms
                                                                            ffn.read0[2]     14 7.3ms
                                $abc$983799$auto$simple.cc:210:make_patterns_logic$92014      8 7.3ms
                                   $techmap1002614$abc$983799$lut$aiger983798$58024.A[3]      1 7.3ms
                 $techmap1006214$auto$abc_ops_reintegrate.cc:611:reintegrate$983958.A[2]      9 7.3ms
                  $techmap997620$auto$abc_ops_reintegrate.cc:611:reintegrate$986352.A[1]     23 7.3ms
                                            ddr3.ddr3_controller_inst.stage1_next_row[2]     11 7.3ms
                 $techmap1002117$auto$abc_ops_reintegrate.cc:611:reintegrate$985378.A[2]     36 7.3ms
                 $techmap1004100$auto$abc_ops_reintegrate.cc:611:reintegrate$984730.A[1]      8 7.3ms
                 $techmap1002413$auto$abc_ops_reintegrate.cc:611:reintegrate$985296.A[0]     30 7.3ms
                                        $techmap1007672$abc$983799$lut$aiger$o28563.A[3]      9 7.3ms
                                                ddr3.ddr3_controller_inst.stage2_bank[0]     16 7.3ms
                                   $techmap1006535$abc$983799$lut$aiger983798$99416.A[1]     17 7.3ms
                                                          ddr3.idelay_data_cntvaluein[1]     20 7.3ms
                                   $techmap1000425$abc$983799$lut$aiger983798$43767.A[0]     19 7.3ms
                                                                           ffn.read0[13]     14 7.3ms
                 $techmap1000545$auto$abc_ops_reintegrate.cc:611:reintegrate$985730.A[0]     25 7.2ms
                                   $techmap1009541$abc$983799$lut$aiger983798$73411.A[1]     21 7.2ms
                  $techmap995842$auto$abc_ops_reintegrate.cc:611:reintegrate$987697.A[1]      9 7.2ms
                                                                 $abc$983799$aiger$o1140      8 7.2ms
                 $techmap1000715$auto$abc_ops_reintegrate.cc:611:reintegrate$985622.A[1]      7 7.2ms
                 $techmap1000846$auto$abc_ops_reintegrate.cc:611:reintegrate$985581.A[3]      9 7.2ms
                 $techmap1001478$auto$abc_ops_reintegrate.cc:611:reintegrate$985451.A[0]     26 7.2ms
                                                                           ffn.read0[19]     14 7.2ms
                                                                      ffn.mul_product[1]     14 7.2ms
                                   $techmap1006432$abc$983799$lut$aiger983798$98539.A[2]      6 7.1ms
                                                                 $abc$983799$aiger$o3658      8 7.1ms
                 $techmap1006559$auto$abc_ops_reintegrate.cc:611:reintegrate$983816.A[3]     18 7.1ms
                 $techmap1000527$auto$abc_ops_reintegrate.cc:611:reintegrate$985732.A[2]     17 7.1ms
                  $techmap999181$auto$abc_ops_reintegrate.cc:611:reintegrate$986117.A[3]      9 7.1ms
                                   $techmap1012631$abc$983799$lut$aiger983798$73802.A[1]      7 7.1ms
                                                                 $abc$983799$aiger$o1923      8 7.1ms
                                          ddr3.ddr3_controller_inst.start_index_check[5]     34 7.1ms
                                   $techmap1006325$abc$983799$lut$aiger983798$97674.A[2]      6 7.1ms
                                                                       loader.h_addr[19]     11 7.1ms
                                   $techmap1001976$abc$983799$lut$aiger983798$52161.A[1]     15 7.0ms
                                   $techmap1008461$abc$983799$lut$aiger983798$96693.A[0]     15 7.0ms
                                $abc$983799$auto$simple.cc:193:make_patterns_logic$90730     32 7.0ms
                                                                        master.outst[21]      8 7.0ms
                                   $techmap1000381$abc$983799$lut$aiger983798$43619.A[4]     23 7.0ms
                                                                        loader.h_addr[2]     13 7.0ms
                                                                             ffn.gr2[23]      9 7.0ms
                                                  $abc$983799$lut$aiger983798$48794.A[4]     20 7.0ms
                 $techmap1002275$auto$abc_ops_reintegrate.cc:611:reintegrate$985343.A[1]     30 7.0ms
                                   $techmap1008131$abc$983799$lut$aiger983798$40546.A[1]     15 7.0ms
                                   $techmap1002564$abc$983799$lut$aiger983798$57722.A[3]     33 7.0ms
                                   $techmap1002271$abc$983799$lut$aiger983798$55488.A[3]     28 7.0ms
                                                                         loader.h_len[7]     14 7.0ms
                 $techmap1001598$auto$abc_ops_reintegrate.cc:611:reintegrate$985431.A[3]     18 6.9ms
                                                                 $abc$983799$aiger$o2770      8 6.9ms
                                        $techmap1008412$abc$983799$lut$aiger$o51432.A[1]     32 6.9ms
                                   $techmap1001700$abc$983799$lut$aiger983798$49313.A[1]     14 6.9ms
                                   $techmap1000923$abc$983799$lut$aiger983798$42213.A[3]     12 6.9ms
                                   $techmap1000426$abc$983799$lut$aiger983798$43772.A[0]     17 6.9ms
                                         $techmap1007902$abc$983799$lut$aiger$o2902.A[4]     32 6.9ms
                                        $techmap1007672$abc$983799$lut$aiger$o28563.A[4]      9 6.9ms
                                                                 $abc$983799$aiger$o3250      8 6.9ms
                                        $techmap1008467$abc$983799$lut$aiger$o46225.A[2]     31 6.9ms
                                   $techmap1005825$abc$983799$lut$aiger983798$92985.A[1]      7 6.9ms
                                   $techmap1002564$abc$983799$lut$aiger983798$57722.A[4]     16 6.9ms
                                                                 $abc$983799$aiger$o1112     16 6.9ms
                                        ddr3.ddr3_controller_inst.instruction_address[0]     19 6.8ms
                                   $techmap1001551$abc$983799$lut$aiger983798$45541.A[0]      9 6.8ms
                                        $techmap1008279$abc$983799$lut$aiger$o47075.A[2]     28 6.8ms
                                         $techmap996104$abc$983799$lut$aiger$o44027.A[0]     32 6.8ms
                                        $techmap1007688$abc$983799$lut$aiger$o23764.A[0]      2 6.8ms
                                                  $auto$maccmap.cc:240:synth$128519.Y[2]     19 6.8ms
                                   $techmap1001980$abc$983799$lut$aiger983798$52180.A[2]     20 6.8ms
                                   $techmap1006152$abc$983799$lut$aiger983798$96140.A[3]      3 6.8ms
                 $techmap1000035$auto$abc_ops_reintegrate.cc:611:reintegrate$985930.A[2]     16 6.8ms
                                                                   loader.stage_word[28]      2 6.8ms
                                   $techmap1008546$abc$983799$lut$aiger983798$97355.A[1]     33 6.8ms
                                     ddr3.ddr3_controller_inst.stage2_data_unaligned[19]      6 6.8ms
                                   $techmap1003264$abc$983799$lut$aiger983798$65153.A[2]      1 6.8ms
                                                                            ffn.root[27]      7 6.8ms
                                                                              ffn.gr2[0]     10 6.7ms
                                   $techmap1001757$abc$983799$lut$aiger983798$50768.A[3]     12 6.7ms
                 $techmap1005153$auto$abc_ops_reintegrate.cc:611:reintegrate$984326.A[2]     10 6.7ms
                                                                         ddr3.bitslip[1]     18 6.7ms
                                        $techmap1007700$abc$983799$lut$aiger$o23742.A[4]     17 6.7ms
                                    $techmap997651$abc$983799$lut$aiger983798$52534.A[2]     15 6.7ms
                 $techmap1000081$auto$abc_ops_reintegrate.cc:611:reintegrate$985916.A[2]     32 6.7ms
                                   $techmap1000392$abc$983799$lut$aiger983798$43663.A[0]     11 6.7ms
                                                                            ffn.root[40]      7 6.7ms
                                                                            ffn.root[21]      7 6.7ms
                                   $techmap1003853$abc$983799$lut$aiger983798$70781.A[1]     19 6.7ms
                 $techmap1000952$auto$abc_ops_reintegrate.cc:611:reintegrate$985540.A[4]     26 6.7ms
                                   $techmap1001978$abc$983799$lut$aiger983798$52167.A[1]     15 6.7ms
                                                  $abc$983799$lut$aiger983798$48794.A[5]      6 6.7ms
                 $techmap1002275$auto$abc_ops_reintegrate.cc:611:reintegrate$985343.A[3]     27 6.7ms
                                                                         loader.h_len[8]     16 6.7ms
                                   $techmap1008474$abc$983799$lut$aiger983798$86680.A[0]     32 6.7ms
                                  $techmap1010173$abc$983799$lut$aiger983798$106104.A[2]      3 6.7ms
                                                                $abc$983799$aiger$i12518      3 6.7ms
                                           $auto$alumacc.cc:548:replace_alu$106452.Y[29]      1 6.6ms
                 $techmap1000019$auto$abc_ops_reintegrate.cc:611:reintegrate$985936.A[1]     15 6.6ms
                                   $techmap1008497$abc$983799$lut$aiger983798$76293.A[5]     29 6.6ms
                                   $techmap1000373$abc$983799$lut$aiger983798$43606.A[2]     17 6.6ms
                 $techmap1002408$auto$abc_ops_reintegrate.cc:611:reintegrate$985297.A[1]     16 6.6ms
                                                          ddr3.idelay_data_cntvaluein[3]     20 6.6ms
                  $techmap997642$auto$abc_ops_reintegrate.cc:611:reintegrate$986348.A[2]     18 6.6ms
                                                                 $abc$983799$aiger$o1016     16 6.6ms
                                     ddr3.ddr3_controller_inst.stage2_data_unaligned[70]      5 6.6ms
                                           ddr3.ddr3_controller_inst.stage1_next_bank[2]     20 6.6ms
                                   $techmap1002365$abc$983799$lut$aiger983798$56135.A[1]     20 6.6ms
                                        $techmap1008595$abc$983799$lut$aiger$o50679.A[4]     33 6.6ms
                                      ddr3.ddr3_controller_inst.write_by_byte_counter[3]     27 6.6ms
                                   $techmap1004460$abc$983799$lut$aiger983798$77430.A[2]      9 6.6ms
Info: Router2 time 40.75s
Info: Routing $PACKER_VCC_NET connections...
Info:     $PACKER_VCC_NET HOLDOUT: $auto$alumacc.cc:548:replace_alu$105766.genblk1.slice[0].genblk1.carry4$split$muxcy0$PACKED_CARRY4$.CYINIT (bel SLICE_X148Y117/CARRY4, wire SITEWIRE/SLICE_X148Y117/PRECYINIT_OUT)
Info:     $PACKER_VCC_NET HOLDOUT: $auto$alumacc.cc:548:replace_alu$105814.genblk1.slice[0].genblk1.carry4$split$muxcy0$PACKED_CARRY4$.CYINIT (bel SLICE_X94Y150/CARRY4, wire SITEWIRE/SLICE_X94Y150/PRECYINIT_OUT)
Info:     $PACKER_VCC_NET HOLDOUT: $auto$alumacc.cc:548:replace_alu$106353.genblk1.slice[0].genblk1.carry4$split$muxcy0$PACKED_CARRY4$.CYINIT (bel SLICE_X116Y184/CARRY4, wire SITEWIRE/SLICE_X116Y184/PRECYINIT_OUT)
Info:     $PACKER_VCC_NET HOLDOUT: $auto$alumacc.cc:548:replace_alu$106494.genblk1.slice[0].genblk1.carry4$split$muxcy0$PACKED_CARRY4$.CYINIT (bel SLICE_X110Y115/CARRY4, wire SITEWIRE/SLICE_X110Y115/PRECYINIT_OUT)
Info:     $PACKER_VCC_NET HOLDOUT: $flatten\ffn.$ge$rtl/t27/gf16_attn.v:1462$12290.genblk1.slice[0].genblk1.carry4$split$muxcy0$PACKED_CARRY4$.CYINIT (bel SLICE_X72Y169/CARRY4, wire SITEWIRE/SLICE_X72Y169/PRECYINIT_OUT)
Info:     $PACKER_VCC_NET HOLDOUT: $flatten\loader.$ge$build/t27/specs/rtl/fpga_ddr3_loader.v:1990$1755.genblk1.slice[0].genblk1.carry4$split$muxcy0$PACKED_CARRY4$.CYINIT (bel SLICE_X88Y118/CARRY4, wire SITEWIRE/SLICE_X88Y118/PRECYINIT_OUT)
Info:     $PACKER_VCC_NET HOLDOUT: $flatten\loader.$ge$build/t27/specs/rtl/fpga_ddr3_loader.v:1991$1756.genblk1.slice[0].genblk1.carry4$split$muxcy0$PACKED_CARRY4$.CYINIT (bel SLICE_X106Y126/CARRY4, wire SITEWIRE/SLICE_X106Y126/PRECYINIT_OUT)
Info:     $PACKER_VCC_NET HOLDOUT: $flatten\loader.$ge$build/t27/specs/rtl/fpga_ddr3_loader.v:1992$1757.genblk1.slice[0].genblk1.carry4$split$muxcy0$PACKED_CARRY4$.CYINIT (bel SLICE_X96Y104/CARRY4, wire SITEWIRE/SLICE_X96Y104/PRECYINIT_OUT)
Info:     $PACKER_VCC_NET: 6698/6706 sinks bridged (8 holdouts; max BFS 4454)
Info: Routing $PACKER_GND_NET connections...
Info:     $PACKER_GND_NET HOLDOUT: $auto$alumacc.cc:548:replace_alu$105616.genblk1.slice[0].genblk1.carry4$split$muxcy0$PACKED_CARRY4$.CYINIT (bel SLICE_X160Y176/CARRY4, wire SITEWIRE/SLICE_X160Y176/PRECYINIT_OUT)
Info:     $PACKER_GND_NET HOLDOUT: $auto$alumacc.cc:548:replace_alu$105658.genblk1.slice[0].genblk1.carry4$split$muxcy0$PACKED_CARRY4$.CYINIT (bel SLICE_X150Y151/CARRY4, wire SITEWIRE/SLICE_X150Y151/PRECYINIT_OUT)
Info:     $PACKER_GND_NET HOLDOUT: $auto$alumacc.cc:548:replace_alu$105664.genblk1.slice[0].genblk1.carry4$split$muxcy0$PACKED_CARRY4$.CYINIT (bel SLICE_X156Y115/CARRY4, wire SITEWIRE/SLICE_X156Y115/PRECYINIT_OUT)
Info:     $PACKER_GND_NET HOLDOUT: $auto$alumacc.cc:548:replace_alu$105879.genblk1.slice[0].genblk1.carry4$split$muxcy0$PACKED_CARRY4$.CYINIT (bel SLICE_X2Y244/CARRY4, wire SITEWIRE/SLICE_X2Y244/PRECYINIT_OUT)
Info:     $PACKER_GND_NET HOLDOUT: $auto$alumacc.cc:548:replace_alu$105912.genblk1.slice[0].genblk1.carry4$split$muxcy0$PACKED_CARRY4$.CYINIT (bel SLICE_X130Y155/CARRY4, wire SITEWIRE/SLICE_X130Y155/PRECYINIT_OUT)
Info:     $PACKER_GND_NET HOLDOUT: $auto$alumacc.cc:548:replace_alu$105942.genblk1.slice[0].genblk1.carry4$split$muxcy0$PACKED_CARRY4$.CYINIT (bel SLICE_X124Y200/CARRY4, wire SITEWIRE/SLICE_X124Y200/PRECYINIT_OUT)
Info:     $PACKER_GND_NET HOLDOUT: $auto$alumacc.cc:548:replace_alu$106002.genblk1.slice[0].genblk1.carry4$split$muxcy0$PACKED_CARRY4$.CYINIT (bel SLICE_X66Y125/CARRY4, wire SITEWIRE/SLICE_X66Y125/PRECYINIT_OUT)
Info:     $PACKER_GND_NET HOLDOUT: $auto$alumacc.cc:548:replace_alu$106380.genblk1.slice[0].genblk1.carry4$split$muxcy0$PACKED_CARRY4$.CYINIT (bel SLICE_X76Y125/CARRY4, wire SITEWIRE/SLICE_X76Y125/PRECYINIT_OUT)
Info:     $PACKER_GND_NET HOLDOUT: $auto$maccmap.cc:240:synth$128557.genblk1.slice[0].genblk1.carry4$split$muxcy0$PACKED_CARRY4$.CYINIT (bel SLICE_X128Y143/CARRY4, wire SITEWIRE/SLICE_X128Y143/PRECYINIT_OUT)
Info:     $PACKER_GND_NET HOLDOUT: $auto$maccmap.cc:240:synth$128582.genblk1.slice[0].genblk1.carry4$split$muxcy0$PACKED_CARRY4$.CYINIT (bel SLICE_X128Y140/CARRY4, wire SITEWIRE/SLICE_X128Y140/PRECYINIT_OUT)
Info:     $PACKER_GND_NET HOLDOUT: $flatten\ffn.$gt$rtl/t27/gf16_attn.v:1007$15105.genblk1.slice[0].genblk1.carry4$split$muxcy0$PACKED_CARRY4$.CYINIT (bel SLICE_X126Y168/CARRY4, wire SITEWIRE/SLICE_X126Y168/PRECYINIT_OUT)
Info:     $PACKER_GND_NET HOLDOUT: $flatten\ffn.$gt$rtl/t27/gf16_attn.v:2188$15643.genblk1.slice[0].genblk1.carry4$split$muxcy0$PACKED_CARRY4$.CYINIT (bel SLICE_X114Y167/CARRY4, wire SITEWIRE/SLICE_X114Y167/PRECYINIT_OUT)
Info:     $PACKER_GND_NET HOLDOUT: $flatten\loader.$lt$build/t27/specs/rtl/fpga_ddr3_loader.v:1124$1671.genblk1.slice[0].genblk1.carry4$split$muxcy0$PACKED_CARRY4$.CYINIT (bel SLICE_X106Y114/CARRY4, wire SITEWIRE/SLICE_X106Y114/PRECYINIT_OUT)
Info:     $PACKER_GND_NET: 5796/5809 sinks bridged (13 holdouts; max BFS 10639)
Info: Constant fill left 21 sink(s) unreached; driving them from local constant LUTs (pass 1)
Info:     $auto$alumacc.cc:548:replace_alu$105879.genblk1.slice[0].genblk1.carry4$split$muxcy0$PACKED_CARRY4$.CYINIT <- $PACKER_GND_NET$holdout$0 (bel SLICE_X3Y244/A6LUT)
Info:     $auto$alumacc.cc:548:replace_alu$105942.genblk1.slice[0].genblk1.carry4$split$muxcy0$PACKED_CARRY4$.CYINIT <- $PACKER_GND_NET$holdout$1 (bel SLICE_X125Y200/D6LUT)
Info:     $auto$alumacc.cc:548:replace_alu$105616.genblk1.slice[0].genblk1.carry4$split$muxcy0$PACKED_CARRY4$.CYINIT <- $PACKER_GND_NET$holdout$2 (bel SLICE_X158Y177/C6LUT)
Info:     $flatten\ffn.$gt$rtl/t27/gf16_attn.v:1007$15105.genblk1.slice[0].genblk1.carry4$split$muxcy0$PACKED_CARRY4$.CYINIT <- $PACKER_GND_NET$holdout$3 (bel SLICE_X127Y169/C6LUT)
Info:     $flatten\ffn.$gt$rtl/t27/gf16_attn.v:2188$15643.genblk1.slice[0].genblk1.carry4$split$muxcy0$PACKED_CARRY4$.CYINIT <- $PACKER_GND_NET$holdout$4 (bel SLICE_X115Y168/D6LUT)
Info:     $auto$alumacc.cc:548:replace_alu$105912.genblk1.slice[0].genblk1.carry4$split$muxcy0$PACKED_CARRY4$.CYINIT <- $PACKER_GND_NET$holdout$5 (bel SLICE_X133Y156/C6LUT)
Info:     $auto$alumacc.cc:548:replace_alu$105658.genblk1.slice[0].genblk1.carry4$split$muxcy0$PACKED_CARRY4$.CYINIT <- $PACKER_GND_NET$holdout$6 (bel SLICE_X150Y150/A6LUT)
Info:     $auto$maccmap.cc:240:synth$128557.genblk1.slice[0].genblk1.carry4$split$muxcy0$PACKED_CARRY4$.CYINIT <- $PACKER_GND_NET$holdout$7 (bel SLICE_X129Y143/A6LUT)
Info:     $auto$maccmap.cc:240:synth$128582.genblk1.slice[0].genblk1.carry4$split$muxcy0$PACKED_CARRY4$.CYINIT <- $PACKER_GND_NET$holdout$8 (bel SLICE_X129Y139/C6LUT)
Info:     $auto$alumacc.cc:548:replace_alu$106002.genblk1.slice[0].genblk1.carry4$split$muxcy0$PACKED_CARRY4$.CYINIT <- $PACKER_GND_NET$holdout$9 (bel SLICE_X67Y125/A6LUT)
Info:     $auto$alumacc.cc:548:replace_alu$106380.genblk1.slice[0].genblk1.carry4$split$muxcy0$PACKED_CARRY4$.CYINIT <- $PACKER_GND_NET$holdout$10 (bel SLICE_X74Y126/A6LUT)
Info:     $auto$alumacc.cc:548:replace_alu$105664.genblk1.slice[0].genblk1.carry4$split$muxcy0$PACKED_CARRY4$.CYINIT <- $PACKER_GND_NET$holdout$11 (bel SLICE_X157Y115/C6LUT)
Info:     $flatten\loader.$lt$build/t27/specs/rtl/fpga_ddr3_loader.v:1124$1671.genblk1.slice[0].genblk1.carry4$split$muxcy0$PACKED_CARRY4$.CYINIT <- $PACKER_GND_NET$holdout$12 (bel SLICE_X107Y114/B6LUT)
Info:     $auto$alumacc.cc:548:replace_alu$106353.genblk1.slice[0].genblk1.carry4$split$muxcy0$PACKED_CARRY4$.CYINIT <- $PACKER_VCC_NET$holdout$13 (bel SLICE_X117Y185/B6LUT)
Info:     $flatten\ffn.$ge$rtl/t27/gf16_attn.v:1462$12290.genblk1.slice[0].genblk1.carry4$split$muxcy0$PACKED_CARRY4$.CYINIT <- $PACKER_VCC_NET$holdout$14 (bel SLICE_X73Y168/C6LUT)
Info:     $auto$alumacc.cc:548:replace_alu$105814.genblk1.slice[0].genblk1.carry4$split$muxcy0$PACKED_CARRY4$.CYINIT <- $PACKER_VCC_NET$holdout$15 (bel SLICE_X97Y151/B6LUT)
Info:     $flatten\loader.$ge$build/t27/specs/rtl/fpga_ddr3_loader.v:1991$1756.genblk1.slice[0].genblk1.carry4$split$muxcy0$PACKED_CARRY4$.CYINIT <- $PACKER_VCC_NET$holdout$16 (bel SLICE_X107Y125/C6LUT)
Info:     $flatten\loader.$ge$build/t27/specs/rtl/fpga_ddr3_loader.v:1990$1755.genblk1.slice[0].genblk1.carry4$split$muxcy0$PACKED_CARRY4$.CYINIT <- $PACKER_VCC_NET$holdout$17 (bel SLICE_X89Y118/B6LUT)
Info:     $auto$alumacc.cc:548:replace_alu$105766.genblk1.slice[0].genblk1.carry4$split$muxcy0$PACKED_CARRY4$.CYINIT <- $PACKER_VCC_NET$holdout$18 (bel SLICE_X149Y117/B6LUT)
Info:     $auto$alumacc.cc:548:replace_alu$106494.genblk1.slice[0].genblk1.carry4$split$muxcy0$PACKED_CARRY4$.CYINIT <- $PACKER_VCC_NET$holdout$19 (bel SLICE_X110Y116/C6LUT)
Info:     $flatten\loader.$ge$build/t27/specs/rtl/fpga_ddr3_loader.v:1992$1757.genblk1.slice[0].genblk1.carry4$split$muxcy0$PACKED_CARRY4$.CYINIT <- $PACKER_VCC_NET$holdout$20 (bel SLICE_X94Y105/B6LUT)
Info: Running router2...
Info: Setting up routing resources...
Info: Adopted 134038 pre-routed arc(s)
Info: Running main router loop...
Info:     iter=1 wires=650602 overused=25 overuse=25 archfail=NA
Info:     iter=2 wires=650617 overused=1 overuse=1 archfail=NA
Info:     iter=3 wires=650616 overused=0 overuse=0 archfail=0
Info: 1000 slowest nets by runtime:
        $techmap$techmap283643$auto$ff.cc:337:slice$197423.$auto$abc9_ops.cc:411:prep_bypass$283565.PRE   7947 15.8ms
                                                                                clk_ctrl  10402 14.9ms
                                                               $PACKER_GND_NET$holdout$2      1 4.1ms
                                                                              ddr3.reset   2173 3.8ms
                                                              $PACKER_VCC_NET$holdout$20      1 3.2ms
                                                              $PACKER_VCC_NET$holdout$19      1 3.1ms
                                                              $PACKER_VCC_NET$holdout$17      1 2.7ms
                                                              $PACKER_VCC_NET$holdout$15      1 2.6ms
                                $abc$983799$auto$simple.cc:210:make_patterns_logic$92928     32 2.4ms
                                                               $PACKER_GND_NET$holdout$3      1 2.2ms
                                $abc$983799$auto$simple.cc:210:make_patterns_logic$92073     32 2.0ms
                                                              $PACKER_VCC_NET$holdout$14      1 1.8ms
                                                              $PACKER_VCC_NET$holdout$16      1 1.6ms
                                                               $PACKER_GND_NET$holdout$5      1 1.6ms
                                            $auto$alumacc.cc:548:replace_alu$106380.Y[1]      2 1.5ms
                                   $techmap1005605$abc$983799$lut$aiger983798$90874.A[0]      2 1.5ms
                                $abc$983799$auto$simple.cc:210:make_patterns_logic$90925      1 1.4ms
                                            $abc$983799$auto$wreduce.cc:513:run$96575[4]      2 1.4ms
                                   $techmap1008682$abc$983799$lut$aiger983798$68357.A[1]      8 1.3ms
                                            $auto$alumacc.cc:548:replace_alu$105879.Y[1]      1 1.3ms
                                   $techmap1004898$abc$983799$lut$aiger983798$82699.A[5]      1 1.3ms
                                                              $PACKER_VCC_NET$holdout$13      1 1.3ms
                 $techmap1000800$auto$abc_ops_reintegrate.cc:611:reintegrate$985605.A[0]      9 1.2ms
                                   $techmap1001575$abc$983799$lut$aiger983798$48426.A[2]    316 1.1ms
                                                              $PACKER_VCC_NET$holdout$18      1 1.1ms
                                   $techmap1005643$abc$983799$lut$aiger983798$91265.A[4]      1 1.0ms
                                   $techmap1008829$abc$983799$lut$aiger983798$74920.A[3]      1 1.0ms
                                        $techmap1008593$abc$983799$lut$aiger$o47677.A[4]     32 1.0ms
                                                               $PACKER_GND_NET$holdout$4      1 0.9ms
                                   $techmap1000042$abc$983799$lut$aiger983798$61905.A[2]      2 0.9ms
                                        $techmap1001785$abc$983799$lut$aiger$o24773.A[4]      2 0.8ms
                                        $techmap1011713$abc$983799$lut$aiger$o32684.A[1]      2 0.8ms
                                        $techmap1011185$abc$983799$lut$aiger$o32667.A[4]      2 0.7ms
                 $techmap1000337$auto$abc_ops_reintegrate.cc:611:reintegrate$985807.A[1]      2 0.7ms
                               $abc$983799$auto$simple.cc:193:make_patterns_logic$117404      7 0.7ms
                                   $techmap1004899$abc$983799$lut$aiger983798$82690.A[5]      1 0.6ms
                                        $techmap1008172$abc$983799$lut$aiger$o31192.A[0]      4 0.6ms
                                   $techmap1003266$abc$983799$lut$aiger983798$65167.A[1]      9 0.6ms
                                   $techmap1001575$abc$983799$lut$aiger983798$48426.A[1]    315 0.6ms
                                                              $PACKER_GND_NET$holdout$10      1 0.5ms
                                   $techmap1001970$abc$983799$lut$aiger983798$52136.A[4]    290 0.5ms
                                                                          ffn.state[135]    232 0.5ms
                 $techmap1003684$auto$abc_ops_reintegrate.cc:611:reintegrate$984883.A[0]    228 0.5ms
                                                              $PACKER_GND_NET$holdout$11      1 0.5ms
                 $techmap1000068$auto$abc_ops_reintegrate.cc:611:reintegrate$985922.A[0]    162 0.5ms
                 $techmap1001692$auto$abc_ops_reintegrate.cc:611:reintegrate$985411.A[0]    227 0.5ms
                 $techmap1000029$auto$abc_ops_reintegrate.cc:611:reintegrate$985933.A[2]    183 0.5ms
                 $techmap1001084$auto$abc_ops_reintegrate.cc:611:reintegrate$985503.A[4]    192 0.5ms
                 $techmap1000029$auto$abc_ops_reintegrate.cc:611:reintegrate$985933.A[3]    191 0.5ms
                                                               $PACKER_GND_NET$holdout$9      1 0.4ms
                                  $techmap1000011$abc$983799$lut$aiger983798$105925.A[3]    256 0.4ms
                                                                           ffn.state[67]    229 0.4ms
                 $techmap1000016$auto$abc_ops_reintegrate.cc:611:reintegrate$985937.A[0]    208 0.4ms
                                        ddr3.ddr3_controller_inst.data_start_index[0][6]    141 0.4ms
                 $techmap1000016$auto$abc_ops_reintegrate.cc:611:reintegrate$985937.A[3]    154 0.4ms
                                $abc$983799$auto$simple.cc:210:make_patterns_logic$92193    153 0.4ms
                                   $techmap1000402$abc$983799$lut$aiger983798$43698.A[1]    198 0.4ms
                                                                           ffn.state[44]    194 0.4ms
                                                    ddr3.ddr3_controller_inst.late_dq[0]    193 0.3ms
                 $techmap1001479$auto$abc_ops_reintegrate.cc:611:reintegrate$985450.A[1]    148 0.3ms
                 $techmap1005236$auto$abc_ops_reintegrate.cc:611:reintegrate$984300.A[5]    169 0.3ms
                 $techmap1001707$auto$abc_ops_reintegrate.cc:611:reintegrate$985409.A[4]    145 0.3ms
                                                 ddr3.ddr3_controller_inst.stage2_update    158 0.3ms
                 $techmap1002710$auto$abc_ops_reintegrate.cc:611:reintegrate$985228.A[0]    150 0.3ms
                                                              $PACKER_GND_NET$holdout$12      1 0.3ms
                                $abc$983799$auto$simple.cc:210:make_patterns_logic$91368    134 0.3ms
                                                                         master.read_ack    162 0.3ms
                                        $techmap1008199$abc$983799$lut$aiger$o31167.A[0]      2 0.3ms
                                        ddr3.ddr3_controller_inst.data_start_index[0][4]    209 0.3ms
                 $techmap1002241$auto$abc_ops_reintegrate.cc:611:reintegrate$985347.A[3]    172 0.3ms
                                        ddr3.ddr3_controller_inst.data_start_index[0][5]    151 0.3ms
                                                               $PACKER_GND_NET$holdout$6      1 0.3ms
                                        $techmap1013106$abc$983799$lut$aiger$o38968.A[1]    157 0.3ms
                 $techmap1001745$auto$abc_ops_reintegrate.cc:611:reintegrate$985403.A[2]    181 0.3ms
                                                          ddr3.ddr3_controller_inst.lane    132 0.3ms
                                   $techmap1000374$abc$983799$lut$aiger983798$43611.A[5]    157 0.3ms
                                   $techmap1000421$abc$983799$lut$aiger983798$43759.A[4]    157 0.3ms
                                  $techmap1000014$abc$983799$lut$aiger983798$105922.A[4]    129 0.3ms
                                                 ddr3.ddr3_controller_inst.index_wb_data    129 0.3ms
                                                               $PACKER_GND_NET$holdout$8      1 0.3ms
                                                    ddr3.ddr3_controller_inst.late_dq[1]    200 0.3ms
                                        ddr3.ddr3_controller_inst.data_start_index[0][1]    169 0.3ms
                                        ddr3.ddr3_controller_inst.data_start_index[1][4]    211 0.3ms
                                                                           ffn.state[10]    130 0.3ms
                                  $techmap1000011$abc$983799$lut$aiger983798$105925.A[1]    130 0.3ms
                                        ddr3.ddr3_controller_inst.data_start_index[1][1]    166 0.3ms
                                        ddr3.ddr3_controller_inst.data_start_index[1][6]    100 0.3ms
                                  $techmap1000078$abc$983799$lut$aiger983798$106269.A[1]    124 0.3ms
                                                                          ffn.state[120]    151 0.3ms
                                                               $PACKER_GND_NET$holdout$1      1 0.3ms
                 $techmap1000004$auto$abc_ops_reintegrate.cc:611:reintegrate$985939.A[0]    144 0.3ms
                                   $techmap1000421$abc$983799$lut$aiger983798$43759.A[1]    163 0.3ms
                                        ddr3.ddr3_controller_inst.data_start_index[0][3]    177 0.3ms
                                  $techmap1000013$abc$983799$lut$aiger983798$105915.A[2]    151 0.3ms
                                        ddr3.ddr3_controller_inst.data_start_index[0][2]    148 0.3ms
                                   $techmap1000422$abc$983799$lut$aiger983798$43762.A[0]    130 0.3ms
                                $abc$983799$auto$simple.cc:210:make_patterns_logic$91344    129 0.3ms
                 $techmap1000068$auto$abc_ops_reintegrate.cc:611:reintegrate$985922.A[1]    136 0.3ms
                                   $techmap1000395$abc$983799$lut$aiger983798$43673.A[0]    119 0.2ms
                                        ddr3.ddr3_controller_inst.data_start_index[0][0]    107 0.2ms
                                        ddr3.ddr3_controller_inst.data_start_index[1][3]    167 0.2ms
                                   $techmap1001753$abc$983799$lut$aiger983798$50758.A[1]    135 0.2ms
                                   $techmap1000398$abc$983799$lut$aiger983798$43684.A[2]     90 0.2ms
                 $techmap1002678$auto$abc_ops_reintegrate.cc:611:reintegrate$985240.A[0]    156 0.2ms
                 $techmap1000236$auto$abc_ops_reintegrate.cc:611:reintegrate$985865.A[3]    113 0.2ms
                 $techmap1001559$auto$abc_ops_reintegrate.cc:611:reintegrate$985439.A[5]    113 0.2ms
                                            $techmap285110$auto$ff.cc:337:slice$187131.D    105 0.2ms
                                        ddr3.ddr3_controller_inst.data_start_index[1][0]    108 0.2ms
                 $techmap1002241$auto$abc_ops_reintegrate.cc:611:reintegrate$985347.A[4]    119 0.2ms
                                        $techmap1008362$abc$983799$lut$aiger$o49104.A[2]    128 0.2ms
                                                                           ffn.state[64]     94 0.2ms
                 $techmap1002639$auto$abc_ops_reintegrate.cc:611:reintegrate$985258.A[1]    108 0.2ms
                                   $techmap1001693$abc$983799$lut$aiger983798$49275.A[0]     64 0.2ms
                                  $techmap1000012$abc$983799$lut$aiger983798$105913.A[1]    130 0.2ms
                                   $techmap1002330$abc$983799$lut$aiger983798$55961.A[0]    111 0.2ms
                                                                                 mv_s_go     78 0.2ms
                 $techmap1002070$auto$abc_ops_reintegrate.cc:611:reintegrate$985393.A[0]    111 0.2ms
                                   $techmap1001744$abc$983799$lut$aiger983798$50628.A[0]    100 0.2ms
                 $techmap1000508$auto$abc_ops_reintegrate.cc:611:reintegrate$985740.A[1]     85 0.2ms
                                        ddr3.ddr3_controller_inst.data_start_index[1][2]    146 0.2ms
                 $techmap1000074$auto$abc_ops_reintegrate.cc:611:reintegrate$985921.A[1]    137 0.2ms
                 $techmap1001749$auto$abc_ops_reintegrate.cc:611:reintegrate$985402.A[0]    136 0.2ms
                                   $techmap1000417$abc$983799$lut$aiger983798$43747.A[1]     81 0.2ms
                 $techmap1000364$auto$abc_ops_reintegrate.cc:611:reintegrate$985745.A[1]    105 0.2ms
                                   $techmap1000397$abc$983799$lut$aiger983798$43680.A[0]    104 0.2ms
                                   $techmap1001695$abc$983799$lut$aiger983798$49288.A[1]    126 0.2ms
                 $techmap1002257$auto$abc_ops_reintegrate.cc:611:reintegrate$985345.A[2]    127 0.2ms
                                            $techmap285144$auto$ff.cc:337:slice$150829.D     78 0.2ms
                                   $techmap1000386$abc$983799$lut$aiger983798$43639.A[3]     94 0.2ms
                                  $techmap1000257$abc$983799$lut$aiger983798$107422.A[2]    104 0.2ms
                 $techmap1000364$auto$abc_ops_reintegrate.cc:611:reintegrate$985745.A[0]     72 0.2ms
                                   $techmap1008484$abc$983799$lut$aiger983798$99905.A[3]     59 0.2ms
                                                                          ffn.state[161]     90 0.2ms
                 $techmap1003216$auto$abc_ops_reintegrate.cc:611:reintegrate$985059.A[1]     87 0.2ms
                                   $techmap1002017$abc$983799$lut$aiger983798$53003.A[0]     98 0.2ms
                 $techmap1000080$auto$abc_ops_reintegrate.cc:611:reintegrate$985917.A[4]     92 0.2ms
                 $techmap1002344$auto$abc_ops_reintegrate.cc:611:reintegrate$985325.A[0]     71 0.2ms
                 $techmap1002748$auto$abc_ops_reintegrate.cc:611:reintegrate$985216.A[4]    107 0.2ms
                                   $techmap1002332$abc$983799$lut$aiger983798$55971.A[0]    108 0.2ms
                                   $techmap1000396$abc$983799$lut$aiger983798$43677.A[3]     71 0.2ms
                                        $techmap1008498$abc$983799$lut$aiger$o48421.A[2]     64 0.2ms
                                                               $PACKER_GND_NET$holdout$0      1 0.2ms
                                        $techmap1008297$abc$983799$lut$aiger$o45602.A[2]    105 0.2ms
                                   $techmap1001680$abc$983799$lut$aiger983798$49227.A[0]     69 0.2ms
                 $techmap1001739$auto$abc_ops_reintegrate.cc:611:reintegrate$985404.A[1]     66 0.1ms
                                  $techmap1000066$abc$983799$lut$aiger983798$106186.A[0]     64 0.1ms
                 $techmap1001116$auto$abc_ops_reintegrate.cc:611:reintegrate$985494.A[2]     82 0.1ms
                                   $techmap1000405$abc$983799$lut$aiger983798$43706.A[2]     90 0.1ms
                                        ddr3.ddr3_controller_inst.data_start_index[1][5]    104 0.1ms
                 $techmap1003181$auto$abc_ops_reintegrate.cc:611:reintegrate$985071.A[2]    108 0.1ms
                                   $techmap1001742$abc$983799$lut$aiger983798$50621.A[0]     62 0.1ms
                                   $techmap1002250$abc$983799$lut$aiger983798$50441.A[0]    100 0.1ms
                 $techmap1000366$auto$abc_ops_reintegrate.cc:611:reintegrate$985509.A[1]     47 0.1ms
                 $techmap1000062$auto$abc_ops_reintegrate.cc:611:reintegrate$985925.A[2]     97 0.1ms
                                                               $PACKER_GND_NET$holdout$7      1 0.1ms
                                   $techmap1002025$abc$983799$lut$aiger983798$53031.A[0]     97 0.1ms
                 $techmap1000404$auto$abc_ops_reintegrate.cc:611:reintegrate$985726.A[1]     74 0.1ms
                                                                           ffn.state[79]     72 0.1ms
                                   $techmap1008482$abc$983799$lut$aiger983798$99900.A[2]     64 0.1ms
                                   $techmap1001672$abc$983799$lut$aiger983798$49203.A[1]     54 0.1ms
                                   $techmap1002013$abc$983799$lut$aiger983798$52989.A[2]     99 0.1ms
                                   $techmap1001693$abc$983799$lut$aiger983798$49275.A[1]     64 0.1ms
                 $techmap1002159$auto$abc_ops_reintegrate.cc:611:reintegrate$985360.A[2]     27 0.1ms
                                $abc$983799$auto$simple.cc:193:make_patterns_logic$90875     64 0.1ms
                 $techmap1003772$auto$abc_ops_reintegrate.cc:611:reintegrate$984854.A[2]     66 0.1ms
                                   $techmap1001574$abc$983799$lut$aiger983798$35156.A[1]     65 0.1ms
                                   $techmap1000414$abc$983799$lut$aiger983798$43736.A[1]    100 0.1ms
                 $techmap1000074$auto$abc_ops_reintegrate.cc:611:reintegrate$985921.A[2]     63 0.1ms
                 $techmap1006156$auto$abc_ops_reintegrate.cc:611:reintegrate$983985.A[1]     73 0.1ms
                                   $techmap1000372$abc$983799$lut$aiger983798$43602.A[2]     67 0.1ms
                 $techmap1000074$auto$abc_ops_reintegrate.cc:611:reintegrate$985921.A[0]     75 0.1ms
                                   $techmap1000378$abc$983799$lut$aiger983798$34648.A[0]     67 0.1ms
                 $techmap1001474$auto$abc_ops_reintegrate.cc:611:reintegrate$985452.A[1]     90 0.1ms
                                   $techmap1001751$abc$983799$lut$aiger983798$50672.A[2]     65 0.1ms
                 $techmap1002081$auto$abc_ops_reintegrate.cc:611:reintegrate$985391.A[2]     66 0.1ms
                                        $techmap1008344$abc$983799$lut$aiger$o54290.A[1]     66 0.1ms
        $flatten\ddr3.\ddr3_controller_inst.$shiftx$build/uberddr3/rtl/ddr3_controller.v:2225$28136.Y     64 0.1ms
                 $techmap1002257$auto$abc_ops_reintegrate.cc:611:reintegrate$985345.A[1]     66 0.1ms
                 $techmap1002294$auto$abc_ops_reintegrate.cc:611:reintegrate$985340.A[3]     58 0.1ms
                                        $techmap1008559$abc$983799$lut$aiger$o54090.A[0]     65 0.1ms
                                $abc$983799$auto$simple.cc:193:make_patterns_logic$90671     64 0.1ms
                                                                               app_rst_n     50 0.1ms
                                   $techmap1000368$abc$983799$lut$aiger983798$43588.A[0]     49 0.1ms
                 $techmap1000062$auto$abc_ops_reintegrate.cc:611:reintegrate$985925.A[0]     67 0.1ms
                 $techmap1003325$auto$abc_ops_reintegrate.cc:611:reintegrate$985009.A[1]     60 0.1ms
                                        $techmap1011983$abc$983799$lut$aiger$o43266.A[0]     71 0.1ms
                                   $techmap1000407$abc$983799$lut$aiger983798$43714.A[1]     77 0.1ms
                                $abc$983799$auto$simple.cc:193:make_patterns_logic$90764     79 0.1ms
                                   $techmap1002194$abc$983799$lut$aiger983798$54490.A[0]     66 0.1ms
                                   $techmap1002190$abc$983799$lut$aiger983798$54476.A[0]     71 0.1ms
                                   $techmap1002188$abc$983799$lut$aiger983798$54469.A[3]     64 0.1ms
                 $techmap1000076$auto$abc_ops_reintegrate.cc:611:reintegrate$985919.A[0]     66 0.1ms
                 $techmap1002310$auto$abc_ops_reintegrate.cc:611:reintegrate$985337.A[2]     49 0.1ms
                                    $techmap996102$abc$983799$lut$aiger983798$43831.A[0]     64 0.1ms
                                         $techmap996328$abc$983799$lut$aiger$o11643.A[0]     65 0.1ms
                                   $techmap1000391$abc$983799$lut$aiger983798$43659.A[1]     64 0.1ms
                                  $techmap1000012$abc$983799$lut$aiger983798$105913.A[2]     59 0.1ms
                                  $techmap1000014$abc$983799$lut$aiger983798$105922.A[0]     66 0.1ms
        $flatten\ddr3.\ddr3_controller_inst.$shiftx$build/uberddr3/rtl/ddr3_controller.v:2248$28148.Y     64 0.1ms
                                                             ddr3.ddr3_phy_inst.sync_rst     64 0.1ms
                                   $techmap1001680$abc$983799$lut$aiger983798$49227.A[1]     67 0.1ms
                 $techmap1003216$auto$abc_ops_reintegrate.cc:611:reintegrate$985059.A[2]     73 0.1ms
                                $abc$983799$auto$simple.cc:193:make_patterns_logic$90893     64 0.1ms
                                                  $abc$983799$lut$aiger983798$48794.A[2]     60 0.1ms
                                   $techmap1000372$abc$983799$lut$aiger983798$43602.A[3]     53 0.1ms
                                   $techmap1000395$abc$983799$lut$aiger983798$43673.A[2]     77 0.1ms
                 $techmap1000065$auto$abc_ops_reintegrate.cc:611:reintegrate$985923.A[0]     70 0.1ms
                                   $techmap1000431$abc$983799$lut$aiger983798$43786.A[1]     68 0.1ms
                                          ddr3.ddr3_controller_inst.start_index_check[4]     35 0.1ms
                                                                           ffn.state[98]     68 0.1ms
                                                                          ffn.state[181]     66 0.1ms
                 $techmap1002150$auto$abc_ops_reintegrate.cc:611:reintegrate$985366.A[0]     35 0.1ms
                 $techmap1002241$auto$abc_ops_reintegrate.cc:611:reintegrate$985347.A[2]     53 0.1ms
                 $techmap1001122$auto$abc_ops_reintegrate.cc:611:reintegrate$985489.A[3]     90 0.1ms
                                   $techmap1002012$abc$983799$lut$aiger983798$52983.A[3]     64 0.1ms
                                   $techmap1001742$abc$983799$lut$aiger983798$50621.A[1]     61 0.1ms
                 $techmap1000077$auto$abc_ops_reintegrate.cc:611:reintegrate$985918.A[0]     67 0.1ms
                 $techmap1001671$auto$abc_ops_reintegrate.cc:611:reintegrate$985413.A[1]     43 0.1ms
                                   $techmap1007601$abc$983799$lut$aiger983798$34756.A[2]     41 0.1ms
                 $techmap1001565$auto$abc_ops_reintegrate.cc:611:reintegrate$985438.A[0]     41 0.1ms
                                                                              rd_addr[3]     50 0.1ms
                                  $techmap1000064$abc$983799$lut$aiger983798$106180.A[2]     65 0.1ms
                                  $techmap1000071$abc$983799$lut$aiger983798$106205.A[0]     72 0.1ms
                 $techmap1003116$auto$abc_ops_reintegrate.cc:611:reintegrate$985090.A[0]     52 0.1ms
                          $techmap97329$flatten\ffn.$ge$rtl/t27/gf16_attn.v:1379$12139.Y     55 0.1ms
                                                  $abc$983799$lut$aiger983798$48794.A[0]     60 0.1ms
                                  $techmap1000061$abc$983799$lut$aiger983798$106132.A[1]     69 0.1ms
                                                                          ffn.state[165]     50 0.1ms
                 $techmap1002168$auto$abc_ops_reintegrate.cc:611:reintegrate$985356.A[2]     67 0.1ms
                 $techmap1001816$auto$abc_ops_reintegrate.cc:611:reintegrate$985397.A[4]     64 0.1ms
                                              ddr3.ddr3_controller_inst.stage2_bank_d[0]     51 0.1ms
                                  $techmap1000071$abc$983799$lut$aiger983798$106205.A[1]     70 0.1ms
                                   $techmap1000382$abc$983799$lut$aiger983798$43622.A[1]     41 0.1ms
                 $techmap1003806$auto$abc_ops_reintegrate.cc:611:reintegrate$984845.A[0]     49 0.1ms
                 $techmap1000376$auto$abc_ops_reintegrate.cc:611:reintegrate$985739.A[0]     39 0.1ms
                                   $techmap1000562$abc$983799$lut$aiger983798$36290.A[1]     34 0.1ms
                                    $techmap996105$abc$983799$lut$aiger983798$45948.A[0]     65 0.1ms
                                         $techmap996107$abc$983799$lut$aiger$o24353.A[0]     65 0.1ms
                 $techmap1000065$auto$abc_ops_reintegrate.cc:611:reintegrate$985923.A[1]     65 0.1ms
                                   $techmap1002331$abc$983799$lut$aiger983798$55968.A[2]     46 0.1ms
                 $techmap1002185$auto$abc_ops_reintegrate.cc:611:reintegrate$985354.A[4]     55 0.1ms
                                        $techmap1008462$abc$983799$lut$aiger$o52475.A[2]     38 0.1ms
                                   $techmap1000393$abc$983799$lut$aiger983798$43666.A[0]     66 0.1ms
                 $techmap1002310$auto$abc_ops_reintegrate.cc:611:reintegrate$985337.A[1]     38 0.1ms
                                                                            ffn.state[5]     35 0.1ms
                                   $techmap1001667$abc$983799$lut$aiger983798$48579.A[1]     44 0.1ms
                 $techmap1001478$auto$abc_ops_reintegrate.cc:611:reintegrate$985451.A[1]     50 0.1ms
                                        $techmap1007707$abc$983799$lut$aiger$o23731.A[4]     20 0.1ms
                                   $techmap1000942$abc$983799$lut$aiger983798$42252.A[0]     59 0.1ms
                                   $techmap1002188$abc$983799$lut$aiger983798$54469.A[2]     64 0.1ms
                                   $techmap1000407$abc$983799$lut$aiger983798$43714.A[2]     44 0.1ms
                                  $techmap1000069$abc$983799$lut$aiger983798$106196.A[3]     60 0.1ms
        $flatten\ddr3.\ddr3_controller_inst.$shiftx$build/uberddr3/rtl/ddr3_controller.v:2248$28140.Y     64 0.1ms
                                   $techmap1000371$abc$983799$lut$aiger983798$43599.A[1]     40 0.1ms
                                   $techmap1002304$abc$983799$lut$aiger983798$55721.A[5]     41 0.1ms
                                                                          ffn.state[192]     35 0.1ms
                                                                            receiver.rx2     39 0.1ms
        $flatten\ddr3.\ddr3_controller_inst.$shiftx$build/uberddr3/rtl/ddr3_controller.v:2225$28144.Y     64 0.1ms
                                $abc$983799$auto$simple.cc:193:make_patterns_logic$90993     32 0.1ms
                                  $techmap1000061$abc$983799$lut$aiger983798$106132.A[0]     68 0.1ms
                                $abc$983799$auto$simple.cc:210:make_patterns_logic$92686     32 0.1ms
                                            ddr3.ddr3_controller_inst.dqs_start_index[0]     43 0.1ms
                                $abc$983799$auto$simple.cc:193:make_patterns_logic$90674     62 0.1ms
                                   $techmap1002201$abc$983799$lut$aiger983798$54518.A[0]     67 0.1ms
                                   $techmap1000400$abc$983799$lut$aiger983798$43691.A[0]     36 0.1ms
                                                ddr3.ddr3_controller_inst.stage2_pending     26 0.1ms
                 $techmap1000952$auto$abc_ops_reintegrate.cc:611:reintegrate$985540.A[4]     26 0.1ms
                 $techmap1001734$auto$abc_ops_reintegrate.cc:611:reintegrate$985406.A[0]     40 0.1ms
                 $techmap1004208$auto$abc_ops_reintegrate.cc:611:reintegrate$984690.A[2]     45 0.1ms
                                   $techmap1000427$abc$983799$lut$aiger983798$43776.A[0]     67 0.1ms
                                    $techmap996105$abc$983799$lut$aiger983798$45948.A[1]     66 0.1ms
                 $techmap1000277$auto$abc_ops_reintegrate.cc:611:reintegrate$985849.A[3]     47 0.1ms
                                                                               debug1[0]     40 0.1ms
                                   $techmap1008556$abc$983799$lut$aiger983798$99854.A[5]     31 0.1ms
                                   $techmap1002704$abc$983799$lut$aiger983798$59117.A[2]     43 0.1ms
                  $techmap995949$auto$abc_ops_reintegrate.cc:611:reintegrate$987590.A[1]     64 0.1ms
                                                ddr3.ddr3_controller_inst.stage1_bank[0]     38 0.1ms
                                        $techmap1007646$abc$983799$lut$aiger$o33457.A[2]     24 0.1ms
                                $abc$983799$auto$simple.cc:193:make_patterns_logic$91004     64 0.1ms
                                  $techmap1000079$abc$983799$lut$aiger983798$106272.A[0]     38 0.1ms
                                  $techmap1000070$abc$983799$lut$aiger983798$106199.A[0]     83 0.1ms
                                                                 $abc$983799$aiger$o1742     16 0.1ms
                                   $techmap1002012$abc$983799$lut$aiger983798$52983.A[2]     69 0.1ms
                                   $techmap1000383$abc$983799$lut$aiger983798$43627.A[3]     48 0.1ms
                                                ddr3.ddr3_controller_inst.stage1_bank[2]     27 0.1ms
                                                                          ffn.state[116]     35 0.1ms
                 $techmap1001734$auto$abc_ops_reintegrate.cc:611:reintegrate$985406.A[2]     40 0.1ms
                                                                          ffn.state[158]     39 0.1ms
                                   $techmap1004257$abc$983799$lut$aiger983798$75115.A[2]     53 0.1ms
                 $techmap1000229$auto$abc_ops_reintegrate.cc:611:reintegrate$985869.A[1]     40 0.1ms
                                $abc$983799$auto$simple.cc:210:make_patterns_logic$90652     32 0.1ms
                                   $techmap1000396$abc$983799$lut$aiger983798$43677.A[2]     68 0.1ms
                 $techmap1002156$auto$abc_ops_reintegrate.cc:611:reintegrate$985361.A[2]     34 0.1ms
                 $techmap1001765$auto$abc_ops_reintegrate.cc:611:reintegrate$985400.A[0]     46 0.1ms
                 $techmap1001765$auto$abc_ops_reintegrate.cc:611:reintegrate$985400.A[1]     41 0.1ms
                                              ddr3.ddr3_controller_inst.stage2_bank_d[1]     45 0.1ms
                                $abc$983799$auto$simple.cc:210:make_patterns_logic$90649     32 0.1ms
                                            $techmap283645$auto$ff.cc:337:slice$197417.D     41 0.1ms
                                $abc$983799$auto$simple.cc:193:make_patterns_logic$90998     32 0.1ms
                                         ddr3.ddr3_controller_inst.stage1_next_bank_d[1]     36 0.1ms
                                $abc$983799$auto$simple.cc:210:make_patterns_logic$91212     32 0.1ms
                                        $techmap1007576$abc$983799$lut$aiger$o33333.A[1]     66 0.1ms
                                $abc$983799$auto$simple.cc:193:make_patterns_logic$90658     64 0.1ms
                                    $techmap996102$abc$983799$lut$aiger983798$43831.A[1]     64 0.1ms
                 $techmap1002554$auto$abc_ops_reintegrate.cc:611:reintegrate$985276.A[0]     31 0.1ms
                                                                          ffn.state[210]     34 0.1ms
                                   $techmap1000385$abc$983799$lut$aiger983798$43635.A[2]     37 0.1ms
                 $techmap1002070$auto$abc_ops_reintegrate.cc:611:reintegrate$985393.A[1]     77 0.1ms
                 $techmap1001739$auto$abc_ops_reintegrate.cc:611:reintegrate$985404.A[0]     37 0.1ms
                                  $techmap1000078$abc$983799$lut$aiger983798$106269.A[4]     37 0.1ms
                                  $techmap1000064$abc$983799$lut$aiger983798$106180.A[3]     64 0.1ms
                                  $techmap1000069$abc$983799$lut$aiger983798$106196.A[2]     60 0.1ms
                                   $techmap1000422$abc$983799$lut$aiger983798$43762.A[1]     40 0.1ms
                                        $techmap1001602$abc$983799$lut$aiger$o40791.A[1]     23 0.1ms
                                                                          calib_complete     20 0.1ms
                 $techmap1000600$auto$abc_ops_reintegrate.cc:611:reintegrate$985719.A[4]     17 0.1ms
                                   $techmap1000369$abc$983799$lut$aiger983798$43592.A[2]     37 0.1ms
                 $techmap1001749$auto$abc_ops_reintegrate.cc:611:reintegrate$985402.A[1]     40 0.1ms
                                $abc$983799$auto$simple.cc:210:make_patterns_logic$92876     32 0.1ms
                                        $techmap1007500$abc$983799$lut$aiger$o36744.A[4]     30 0.1ms
                                                  $abc$983799$lut$aiger983798$58668.A[5]     49 0.1ms
                                   $techmap1000410$abc$983799$lut$aiger983798$43721.A[1]     29 0.1ms
                                $abc$983799$auto$simple.cc:210:make_patterns_logic$91148     32 0.1ms
                                        $techmap1008531$abc$983799$lut$aiger$o36658.A[4]     30 0.1ms
                                                ddr3.ddr3_controller_inst.stage1_bank[1]     35 0.1ms
                                        $techmap1008815$abc$983799$lut$aiger$o47907.A[2]     32 0.1ms
                 $techmap1003325$auto$abc_ops_reintegrate.cc:611:reintegrate$985009.A[2]     34 0.1ms
                 $techmap1000077$auto$abc_ops_reintegrate.cc:611:reintegrate$985918.A[2]     65 0.1ms
                                        $techmap1008269$abc$983799$lut$aiger$o47657.A[1]     64 0.1ms
                 $techmap1000481$auto$abc_ops_reintegrate.cc:611:reintegrate$985748.A[1]     36 0.1ms
                                   $techmap1003055$abc$983799$lut$aiger983798$62819.A[2]     33 0.1ms
                                   $techmap1001697$abc$983799$lut$aiger983798$49297.A[2]     31 0.1ms
                                        $techmap1008451$abc$983799$lut$aiger$o46221.A[2]     64 0.1ms
                                   $techmap1002079$abc$983799$lut$aiger983798$53213.A[1]     39 0.1ms
                                $abc$983799$auto$simple.cc:210:make_patterns_logic$92816     32 0.1ms
                 $techmap1000081$auto$abc_ops_reintegrate.cc:611:reintegrate$985916.A[1]     66 0.1ms
                 $techmap1000903$auto$abc_ops_reintegrate.cc:611:reintegrate$985545.A[4]     33 0.1ms
                                        $techmap1007587$abc$983799$lut$aiger$o33366.A[5]     33 0.1ms
                                   $techmap1000373$abc$983799$lut$aiger983798$43606.A[3]     48 0.1ms
                                        $techmap1008576$abc$983799$lut$aiger$o51415.A[1]     32 0.1ms
                 $techmap1000545$auto$abc_ops_reintegrate.cc:611:reintegrate$985730.A[1]     42 0.1ms
                                $abc$983799$auto$simple.cc:193:make_patterns_logic$91009     64 0.1ms
                 $techmap1000010$auto$abc_ops_reintegrate.cc:611:reintegrate$985938.A[0]     27 0.1ms
                                   $techmap1005900$abc$983799$lut$aiger983798$93906.A[3]     28 0.1ms
                                                                              rd_addr[0]     50 0.1ms
                                   $techmap1000387$abc$983799$lut$aiger983798$43644.A[1]     37 0.1ms
                                                                          ffn.state[171]     35 0.1ms
                                        $techmap1011951$abc$983799$lut$aiger$o43208.A[0]     33 0.1ms
                                $abc$983799$auto$simple.cc:210:make_patterns_logic$92915     32 0.1ms
                                   $techmap1001656$abc$983799$lut$aiger983798$48988.A[3]     33 0.1ms
                                        $techmap1008399$abc$983799$lut$aiger$o46218.A[1]     42 0.1ms
                                   $techmap1008486$abc$983799$lut$aiger983798$99898.A[2]     32 0.1ms
                                              ddr3.ddr3_controller_inst.write_pattern[0]     40 0.1ms
                 $techmap1000481$auto$abc_ops_reintegrate.cc:611:reintegrate$985748.A[0]     41 0.1ms
                 $techmap1002150$auto$abc_ops_reintegrate.cc:611:reintegrate$985366.A[1]     35 0.1ms
                                                  $auto$maccmap.cc:240:synth$128519.Y[1]     23 0.1ms
                                                  $auto$maccmap.cc:240:synth$128519.Y[5]     20 0.1ms
                                   $techmap1004629$abc$983799$lut$aiger983798$79573.A[2]      4 0.1ms
                 $techmap1002081$auto$abc_ops_reintegrate.cc:611:reintegrate$985391.A[3]     34 0.1ms
                                $abc$983799$auto$simple.cc:210:make_patterns_logic$90643     32 0.1ms
                                  $techmap1000078$abc$983799$lut$aiger983798$106269.A[3]     33 0.1ms
                                $abc$983799$auto$simple.cc:210:make_patterns_logic$90833     32 0.1ms
                                                                 $abc$983799$aiger$o1282     16 0.1ms
                                   $techmap1001744$abc$983799$lut$aiger983798$50628.A[2]     34 0.1ms
                                   $techmap1000426$abc$983799$lut$aiger983798$43772.A[3]     39 0.1ms
                                   $techmap1000410$abc$983799$lut$aiger983798$43721.A[3]     38 0.1ms
                                   $techmap1000423$abc$983799$lut$aiger983798$43766.A[1]     47 0.1ms
                                $abc$983799$auto$simple.cc:210:make_patterns_logic$91080     32 0.1ms
                 $techmap1001671$auto$abc_ops_reintegrate.cc:611:reintegrate$985413.A[0]     33 0.1ms
              $techmap97368$flatten\resetgen.$lt$build/t27/specs/rtl/fpga_reset.v:94$8.Y     33 0.1ms
                                        $techmap1007576$abc$983799$lut$aiger$o33333.A[0]     35 0.1ms
                                                  $abc$983799$lut$aiger983798$48794.A[1]     38 0.1ms
                                  $techmap1000079$abc$983799$lut$aiger983798$106272.A[3]     33 0.1ms
                                $abc$983799$auto$simple.cc:210:make_patterns_logic$90959     32 0.1ms
                                   $techmap1000415$abc$983799$lut$aiger983798$43740.A[1]     34 0.1ms
                                   $techmap1000411$abc$983799$lut$aiger983798$43726.A[2]     35 0.1ms
                                                                          ffn.state[144]     35 0.1ms
                                   $techmap1000413$abc$983799$lut$aiger983798$43733.A[1]     37 0.1ms
                                $abc$983799$auto$simple.cc:210:make_patterns_logic$92941     32 0.1ms
                 $techmap1002678$auto$abc_ops_reintegrate.cc:611:reintegrate$985240.A[3]     35 0.1ms
                                   $techmap1002329$abc$983799$lut$aiger983798$55956.A[0]     41 0.1ms
                 $techmap1002974$auto$abc_ops_reintegrate.cc:611:reintegrate$985130.A[2]     32 0.1ms
                                $abc$983799$auto$simple.cc:210:make_patterns_logic$91997     32 0.1ms
                 $techmap1001733$auto$abc_ops_reintegrate.cc:611:reintegrate$985407.A[1]     33 0.1ms
                 $techmap1001603$auto$abc_ops_reintegrate.cc:611:reintegrate$985430.A[3]     34 0.1ms
                                                                 $abc$983799$aiger$o1016     16 0.1ms
                                                                                 clk_ddr     62 0.1ms
                                   $techmap1002149$abc$983799$lut$aiger983798$54089.A[2]     32 0.1ms
                                   $techmap1001673$abc$983799$lut$aiger983798$49207.A[0]     35 0.1ms
                                   $techmap1009089$abc$983799$lut$aiger983798$57577.A[2]     52 0.1ms
                                   $techmap1002357$abc$983799$lut$aiger983798$56098.A[2]     35 0.1ms
                                        $techmap1002083$abc$983799$lut$aiger$o51031.A[1]     32 0.1ms
                                           $auto$alumacc.cc:548:replace_alu$106374.Y[33]     31 0.1ms
                                        $techmap1008279$abc$983799$lut$aiger$o47075.A[2]     28 0.1ms
                 $techmap1000767$auto$abc_ops_reintegrate.cc:611:reintegrate$985616.A[0]     36 0.1ms
                                          ddr3.ddr3_controller_inst.start_index_check[5]     34 0.1ms
                                                                        arbiter.handover     32 0.1ms
                                $abc$983799$auto$simple.cc:210:make_patterns_logic$91385     28 0.1ms
                 $techmap1002228$auto$abc_ops_reintegrate.cc:611:reintegrate$985351.A[0]     31 0.1ms
                                   $techmap1002329$abc$983799$lut$aiger983798$55956.A[1]     18 0.1ms
                 $techmap1002156$auto$abc_ops_reintegrate.cc:611:reintegrate$985361.A[1]     35 0.1ms
                                   $techmap1000411$abc$983799$lut$aiger983798$43726.A[0]     26 0.1ms
                                   $techmap1000426$abc$983799$lut$aiger983798$43772.A[2]     38 0.1ms
                 $techmap1001626$auto$abc_ops_reintegrate.cc:611:reintegrate$985418.A[1]     46 0.1ms
                                        $techmap1008595$abc$983799$lut$aiger$o50679.A[4]     33 0.1ms
                                   $techmap1000561$abc$983799$lut$aiger983798$36275.A[1]     28 0.1ms
                 $techmap1002159$auto$abc_ops_reintegrate.cc:611:reintegrate$985360.A[1]     29 0.1ms
                                   $techmap1003113$abc$983799$lut$aiger983798$61386.A[2]     33 0.1ms
                                  $techmap1000073$abc$983799$lut$aiger983798$106211.A[1]     34 0.1ms
                 $techmap1000974$auto$abc_ops_reintegrate.cc:611:reintegrate$985529.A[1]     28 0.1ms
                                $abc$983799$auto$simple.cc:210:make_patterns_logic$90646     32 0.1ms
                                                                     ffn.mul_product[32]     23 0.1ms
                 $techmap1000527$auto$abc_ops_reintegrate.cc:611:reintegrate$985732.A[5]     46 0.1ms
                                $abc$983799$auto$simple.cc:210:make_patterns_logic$92967     32 0.1ms
                                $abc$983799$auto$simple.cc:210:make_patterns_logic$92604     19 0.1ms
                                           $abc$983799$auto$rtlil.cc:3488:NotGate$266780     21 0.1ms
                                                 ddr3.ddr3_controller_inst.stage2_do_act     29 0.1ms
                                                                          ffn.state[131]     35 0.1ms
                                                                           ffn.state[23]     35 0.1ms
                 $techmap1001549$auto$abc_ops_reintegrate.cc:611:reintegrate$985441.A[2]     33 0.1ms
                 $techmap1000081$auto$abc_ops_reintegrate.cc:611:reintegrate$985916.A[2]     32 0.1ms
                                   $techmap1001766$abc$983799$lut$aiger983798$50894.A[4]     26 0.1ms
                 $techmap1002156$auto$abc_ops_reintegrate.cc:611:reintegrate$985361.A[0]     34 0.1ms
                                       ddr3.ddr3_controller_inst.delay_counter_is_zero_d     30 0.1ms
                 $techmap1000249$auto$abc_ops_reintegrate.cc:611:reintegrate$985861.A[1]     28 0.1ms
                 $techmap1002117$auto$abc_ops_reintegrate.cc:611:reintegrate$985378.A[0]     35 0.1ms
                                $abc$983799$auto$simple.cc:210:make_patterns_logic$91145     32 0.1ms
                                $abc$983799$auto$simple.cc:210:make_patterns_logic$92902     32 0.1ms
                                   $techmap1002255$abc$983799$lut$aiger983798$55431.A[4]     32 0.1ms
                                   $techmap1008546$abc$983799$lut$aiger983798$97355.A[1]     33 0.1ms
                                                                     ffn.mul_product[57]     21 0.1ms
                                   $techmap1000405$abc$983799$lut$aiger983798$43706.A[1]     24 0.1ms
                                   $techmap1008492$abc$983799$lut$aiger983798$53226.A[1]     30 0.1ms
                                                          ddr3.idelay_data_cntvaluein[1]     20 0.1ms
                                   $techmap1000407$abc$983799$lut$aiger983798$43714.A[4]     36 0.1ms
                                   $techmap1000402$abc$983799$lut$aiger983798$43698.A[0]     34 0.1ms
        $abc$983799$flatten\loader.$logic_and$build/t27/specs/rtl/fpga_ddr3_loader.v:1618$920_Y     32 0.1ms
                                              ddr3.ddr3_controller_inst.stage2_bank_d[2]     35 0.1ms
                                   $techmap1002253$abc$983799$lut$aiger983798$55415.A[2]     32 0.1ms
                                   $techmap1008458$abc$983799$lut$aiger983798$99921.A[2]     15 0.1ms
                                   $techmap1000386$abc$983799$lut$aiger983798$43639.A[0]     46 0.1ms
                 $techmap1000229$auto$abc_ops_reintegrate.cc:611:reintegrate$985869.A[4]     29 0.1ms
                 $techmap1001681$auto$abc_ops_reintegrate.cc:611:reintegrate$985412.A[2]     18 0.1ms
                                                                     ffn.mul_product[40]     21 0.1ms
                                   $techmap1001585$abc$983799$lut$aiger983798$48509.A[0]     29 0.1ms
                                                                               debug1[3]     23 0.1ms
        $abc$983799$flatten\master.$logic_and$build/t27/specs/rtl/fpga_loader_wb.v:517$9442_Y     32 0.1ms
                                                                               debug1[1]     29 0.1ms
                                                                 $abc$983799$aiger$o1114     16 0.1ms
                                   $techmap1002286$abc$983799$lut$aiger983798$53338.A[0]     18 0.1ms
                 $techmap1002081$auto$abc_ops_reintegrate.cc:611:reintegrate$985391.A[0]     33 0.1ms
                 $techmap1003375$auto$abc_ops_reintegrate.cc:611:reintegrate$984993.A[3]     19 0.1ms
                                      ddr3.ddr3_controller_inst.write_by_byte_counter[0]     34 0.1ms
                 $techmap1003506$auto$abc_ops_reintegrate.cc:611:reintegrate$984949.A[3]     22 0.1ms
                                                ddr3.ddr3_controller_inst.stage2_bank[2]     23 0.1ms
                                        $techmap1008515$abc$983799$lut$aiger$o46663.A[1]     32 0.1ms
                 $techmap1002163$auto$abc_ops_reintegrate.cc:611:reintegrate$985358.A[0]     33 0.1ms
                                $abc$983799$auto$simple.cc:210:make_patterns_logic$92471     31 0.1ms
                                                                 $abc$983799$aiger$o1266     16 0.1ms
                                   $techmap1001699$abc$983799$lut$aiger983798$49308.A[3]     21 0.1ms
                                   $techmap1008550$abc$983799$lut$aiger983798$99848.A[5]     31 0.1ms
                 $techmap1001559$auto$abc_ops_reintegrate.cc:611:reintegrate$985439.A[3]     36 0.1ms
        $abc$983799$flatten\loader.$logic_and$build/t27/specs/rtl/fpga_ddr3_loader.v:1626$934_Y     32 0.1ms
                                        $techmap1008476$abc$983799$lut$aiger$o50143.A[0]     32 0.1ms
                                   $techmap1001990$abc$983799$lut$aiger983798$52285.A[2]     20 0.1ms
                                   $techmap1001650$abc$983799$lut$aiger983798$35145.A[1]     36 0.1ms
                 $techmap1000010$auto$abc_ops_reintegrate.cc:611:reintegrate$985938.A[1]     31 0.1ms
                                      ddr3.ddr3_controller_inst.write_by_byte_counter[2]     31 0.1ms
                 $techmap1005064$auto$abc_ops_reintegrate.cc:611:reintegrate$984357.A[1]     30 0.1ms
                                                                     ffn.mul_product[33]     22 0.1ms
                 $techmap1001478$auto$abc_ops_reintegrate.cc:611:reintegrate$985451.A[0]     26 0.1ms
                                        $techmap1011595$abc$983799$lut$aiger$o42309.A[1]     35 0.1ms
                                $abc$983799$auto$simple.cc:210:make_patterns_logic$92954     32 0.1ms
        $abc$983799$flatten\loader.$logic_and$build/t27/specs/rtl/fpga_ddr3_loader.v:1622$929_Y     33 0.1ms
                                                                 $abc$983799$aiger$o1745     16 0.1ms
                                                                 $abc$983799$aiger$o1262     16 0.1ms
                                                                 $abc$983799$aiger$o1901     16 0.1ms
                 $techmap1005465$auto$abc_ops_reintegrate.cc:611:reintegrate$984213.A[1]     38 0.1ms
                                   $techmap1005453$abc$983799$lut$aiger983798$89183.A[1]     22 0.1ms
                                                                     ffn.mul_product[41]     22 0.1ms
                                                                               debug1[4]     28 0.1ms
                                $abc$983799$auto$simple.cc:210:make_patterns_logic$90890     32 0.1ms
                                        $techmap1014360$abc$983799$lut$aiger$o39285.A[2]     40 0.1ms
                 $techmap1000588$auto$abc_ops_reintegrate.cc:611:reintegrate$985722.A[4]     18 0.1ms
                                   $techmap1001998$abc$983799$lut$aiger983798$52662.A[2]     21 0.1ms
                                                                 $abc$983799$aiger$o1015     16 0.1ms
        $techmap97339$flatten\master.$gt$build/t27/specs/rtl/fpga_loader_wb.v:520$9444.Y     32 0.1ms
                                $abc$983799$auto$simple.cc:193:make_patterns_logic$90668     32 0.1ms
                                $abc$983799$auto$simple.cc:193:make_patterns_logic$90976     32 0.1ms
                                   $techmap1005903$abc$983799$lut$aiger983798$93915.A[2]     26 0.1ms
                                   $techmap1001695$abc$983799$lut$aiger983798$49288.A[0]     32 0.1ms
                                   $techmap1003805$abc$983799$lut$aiger983798$70399.A[4]     33 0.1ms
                                            ddr3.ddr3_controller_inst.dqs_start_index[1]     36 0.1ms
                                   $techmap1000425$abc$983799$lut$aiger983798$43767.A[0]     19 0.1ms
                  $techmap999940$auto$abc_ops_reintegrate.cc:611:reintegrate$985957.A[1]     26 0.1ms
                                                                     ffn.mul_product[56]     21 0.1ms
                                   $techmap1000365$abc$983799$lut$aiger983798$34016.A[1]     44 0.1ms
                                        $techmap1008369$abc$983799$lut$aiger$o45605.A[1]     32 0.1ms
                                   $techmap1000390$abc$983799$lut$aiger983798$43654.A[0]     37 0.1ms
                                        $techmap1001746$abc$983799$lut$aiger$o40422.A[1]     38 0.1ms
                                         ddr3.ddr3_controller_inst.stage1_next_bank_d[2]     19 0.1ms
                 $techmap1002545$auto$abc_ops_reintegrate.cc:611:reintegrate$985279.A[2]     18 0.1ms
                  $techmap996677$auto$abc_ops_reintegrate.cc:611:reintegrate$987122.A[0]     18 0.1ms
                                   $techmap1003055$abc$983799$lut$aiger983798$62819.A[3]     33 0.1ms
                 $techmap1000559$auto$abc_ops_reintegrate.cc:611:reintegrate$985727.A[3]     19 0.1ms
                                   $techmap1001970$abc$983799$lut$aiger983798$52136.A[3]     31 0.1ms
                 $techmap1002183$auto$abc_ops_reintegrate.cc:611:reintegrate$985355.A[4]     32 0.1ms
                 $techmap1001549$auto$abc_ops_reintegrate.cc:611:reintegrate$985441.A[1]     33 0.1ms
                                $abc$983799$auto$simple.cc:210:make_patterns_logic$93058     32 0.1ms
                 $techmap1002185$auto$abc_ops_reintegrate.cc:611:reintegrate$985354.A[2]     33 0.0ms
                 $techmap1001590$auto$abc_ops_reintegrate.cc:611:reintegrate$985435.A[1]     32 0.0ms
                 $techmap1000576$auto$abc_ops_reintegrate.cc:611:reintegrate$985724.A[4]     17 0.0ms
                                   $techmap1001585$abc$983799$lut$aiger983798$48509.A[1]     27 0.0ms
                 $techmap1000130$auto$abc_ops_reintegrate.cc:611:reintegrate$985902.A[2]     26 0.0ms
                  $techmap999021$auto$abc_ops_reintegrate.cc:611:reintegrate$986137.A[1]     23 0.0ms
                                                                     ffn.mul_product[38]     20 0.0ms
                                                                     ffn.mul_product[36]     22 0.0ms
                 $techmap1002117$auto$abc_ops_reintegrate.cc:611:reintegrate$985378.A[2]     36 0.0ms
                                   $techmap1000415$abc$983799$lut$aiger983798$43740.A[3]     37 0.0ms
                 $techmap1000604$auto$abc_ops_reintegrate.cc:611:reintegrate$985718.A[4]     17 0.0ms
                 $techmap1000569$auto$abc_ops_reintegrate.cc:611:reintegrate$985725.A[3]     17 0.0ms
                                                  ddr3.ddr3_controller_inst.stage2_do_wr     26 0.0ms
                                        ddr3.ddr3_controller_inst.instruction_address[0]     19 0.0ms
                                         ddr3.ddr3_controller_inst.stage1_next_bank_d[0]     39 0.0ms
                 $techmap1000559$auto$abc_ops_reintegrate.cc:611:reintegrate$985727.A[4]     22 0.0ms
                                        $techmap1010132$abc$983799$lut$aiger$o36885.A[1]     31 0.0ms
                                                                 $abc$983799$aiger$o1021     16 0.0ms
                                   $techmap1008792$abc$983799$lut$aiger983798$79969.A[2]     25 0.0ms
                 $techmap1000016$auto$abc_ops_reintegrate.cc:611:reintegrate$985937.A[2]     32 0.0ms
                 $techmap1000028$auto$abc_ops_reintegrate.cc:611:reintegrate$985934.A[1]     31 0.0ms
                                                                     ffn.mul_product[58]     21 0.0ms
                 $techmap1004282$auto$abc_ops_reintegrate.cc:611:reintegrate$984659.A[3]     18 0.0ms
                                $abc$983799$auto$simple.cc:210:make_patterns_logic$91951     31 0.0ms
                                        $techmap1011671$abc$983799$lut$aiger$o42802.A[2]     33 0.0ms
                                   $techmap1001555$abc$983799$lut$aiger983798$47469.A[0]     34 0.0ms
                                   $techmap1003954$abc$983799$lut$aiger983798$72081.A[2]     18 0.0ms
                                   $techmap1001998$abc$983799$lut$aiger983798$52662.A[1]     22 0.0ms
                                                                           ffn.read0[18]     15 0.0ms
                                                                 $abc$983799$aiger$o1744     16 0.0ms
                                                                 $abc$983799$aiger$o1904     16 0.0ms
                                   $techmap1009460$abc$983799$lut$aiger983798$73404.A[2]     21 0.0ms
                                   $techmap1001702$abc$983799$lut$aiger983798$49318.A[2]     23 0.0ms
                                                                              rd_addr[1]     26 0.0ms
                                   $techmap1008474$abc$983799$lut$aiger983798$86680.A[0]     32 0.0ms
                                   $techmap1004802$abc$983799$lut$aiger983798$81467.A[1]     22 0.0ms
                 $techmap1000019$auto$abc_ops_reintegrate.cc:611:reintegrate$985936.A[4]     20 0.0ms
                                                                     ffn.mul_product[48]     21 0.0ms
                                                                     ffn.mul_product[47]     23 0.0ms
                                                                     ffn.mul_product[43]     23 0.0ms
                                                                     ffn.mul_product[39]     22 0.0ms
                                                                     ffn.mul_product[34]     21 0.0ms
                 $techmap1002135$auto$abc_ops_reintegrate.cc:611:reintegrate$985369.A[2]     25 0.0ms
                                   $techmap1002181$abc$983799$lut$aiger983798$54426.A[0]     35 0.0ms
                                $abc$983799$auto$simple.cc:210:make_patterns_logic$92980     32 0.0ms
                                        $techmap1007699$abc$983799$lut$aiger$o23741.A[3]     17 0.0ms
                                                                 $abc$983799$aiger$o1270     16 0.0ms
                                                                 $abc$983799$aiger$o1898     16 0.0ms
                 $techmap1004265$auto$abc_ops_reintegrate.cc:611:reintegrate$984671.A[2]     28 0.0ms
                                   $techmap1001697$abc$983799$lut$aiger983798$49297.A[4]     26 0.0ms
                                        $techmap1008785$abc$983799$lut$aiger$o52449.A[0]     32 0.0ms
                                                                           ffn.state[83]     34 0.0ms
                                   $techmap1000427$abc$983799$lut$aiger983798$43776.A[2]     22 0.0ms
        $abc$983799$flatten\arbiter.$logic_and$build/t27/specs/rtl/fpga_wb_arbiter.v:279$9692_Y     32 0.0ms
                 $techmap1000569$auto$abc_ops_reintegrate.cc:611:reintegrate$985725.A[4]     18 0.0ms
                 $techmap1000872$auto$abc_ops_reintegrate.cc:611:reintegrate$985565.A[2]     32 0.0ms
                                                                 $abc$983799$aiger$o1286     16 0.0ms
                  $techmap995774$auto$abc_ops_reintegrate.cc:611:reintegrate$987765.A[1]     62 0.0ms
                                                                 $abc$983799$aiger$o1110     16 0.0ms
                                   $techmap1002362$abc$983799$lut$aiger983798$56122.A[0]     22 0.0ms
                                   $techmap1009089$abc$983799$lut$aiger983798$57577.A[1]     52 0.0ms
                 $techmap1000805$auto$abc_ops_reintegrate.cc:611:reintegrate$985602.A[3]     13 0.0ms
                                                                     ffn.mul_product[54]     20 0.0ms
                                                                     ffn.mul_product[51]     22 0.0ms
                                                                     ffn.mul_product[44]     21 0.0ms
                 $techmap1000582$auto$abc_ops_reintegrate.cc:611:reintegrate$985723.A[4]     18 0.0ms
                                   $techmap1000427$abc$983799$lut$aiger983798$43776.A[1]     19 0.0ms
                 $techmap1000807$auto$abc_ops_reintegrate.cc:611:reintegrate$985600.A[1]     18 0.0ms
                 $techmap1000805$auto$abc_ops_reintegrate.cc:611:reintegrate$985602.A[1]     18 0.0ms
                                   ddr3.ddr3_controller_inst.stage2_data_unaligned_d[16]      1 0.0ms
                 $techmap1000164$auto$abc_ops_reintegrate.cc:611:reintegrate$985893.A[2]     16 0.0ms
                 $techmap1000028$auto$abc_ops_reintegrate.cc:611:reintegrate$985934.A[0]     29 0.0ms
                                   $techmap1002149$abc$983799$lut$aiger983798$54089.A[1]     27 0.0ms
                                   $techmap1008287$abc$983799$lut$aiger983798$53316.A[2]      3 0.0ms
                                   $techmap1001757$abc$983799$lut$aiger983798$50768.A[3]     12 0.0ms
                                   $techmap1002253$abc$983799$lut$aiger983798$55415.A[1]     33 0.0ms
                                   $techmap1001678$abc$983799$lut$aiger983798$49220.A[4]     22 0.0ms
                                   $techmap1000413$abc$983799$lut$aiger983798$43733.A[3]     23 0.0ms
                 $techmap1000592$auto$abc_ops_reintegrate.cc:611:reintegrate$985721.A[4]     16 0.0ms
                                                                     ffn.mul_product[62]     22 0.0ms
                                                                     ffn.mul_product[42]     21 0.0ms
                 $techmap1000846$auto$abc_ops_reintegrate.cc:611:reintegrate$985581.A[1]     27 0.0ms
                                   $techmap1000394$abc$983799$lut$aiger983798$43670.A[2]     36 0.0ms
                 $techmap1002287$auto$abc_ops_reintegrate.cc:611:reintegrate$985342.A[1]     36 0.0ms
                                        $techmap1008467$abc$983799$lut$aiger$o46225.A[2]     31 0.0ms
                                                                           ffn.read0[30]     15 0.0ms
                  $techmap997703$auto$abc_ops_reintegrate.cc:611:reintegrate$986315.A[1]     20 0.0ms
                                                                 $abc$983799$aiger$o1741     16 0.0ms
                                                                 $abc$983799$aiger$o1263     16 0.0ms
                 $techmap1005516$auto$abc_ops_reintegrate.cc:611:reintegrate$984198.A[3]     17 0.0ms
                                                                 $abc$983799$aiger$o1022     16 0.0ms
                                                                 $abc$983799$aiger$o1111     16 0.0ms
                                $abc$983799$auto$simple.cc:193:make_patterns_logic$91095     25 0.0ms
                 $techmap1000077$auto$abc_ops_reintegrate.cc:611:reintegrate$985918.A[3]     32 0.0ms
                                   $techmap1001679$abc$983799$lut$aiger983798$49224.A[2]     26 0.0ms
                 $techmap1006252$auto$abc_ops_reintegrate.cc:611:reintegrate$983945.A[1]     25 0.0ms
                                   $techmap1008461$abc$983799$lut$aiger983798$96693.A[0]     15 0.0ms
                                                                     ffn.mul_product[61]     21 0.0ms
                                                                     ffn.mul_product[52]     19 0.0ms
                 $techmap1000846$auto$abc_ops_reintegrate.cc:611:reintegrate$985581.A[2]     30 0.0ms
                 $techmap1004211$auto$abc_ops_reintegrate.cc:611:reintegrate$984689.A[4]     29 0.0ms
                 $techmap1001559$auto$abc_ops_reintegrate.cc:611:reintegrate$985439.A[2]     33 0.0ms
                 $techmap1000604$auto$abc_ops_reintegrate.cc:611:reintegrate$985718.A[3]     17 0.0ms
                 $techmap1001235$auto$abc_ops_reintegrate.cc:611:reintegrate$985477.A[2]     21 0.0ms
                 $techmap1000600$auto$abc_ops_reintegrate.cc:611:reintegrate$985719.A[3]     17 0.0ms
                 $techmap1000806$auto$abc_ops_reintegrate.cc:611:reintegrate$985601.A[1]     18 0.0ms
                                                                 $abc$983799$aiger$o1019     16 0.0ms
                                   $techmap1008497$abc$983799$lut$aiger983798$76293.A[5]     29 0.0ms
                                   $techmap1001766$abc$983799$lut$aiger983798$50894.A[5]     25 0.0ms
                 $techmap1000592$auto$abc_ops_reintegrate.cc:611:reintegrate$985721.A[3]     16 0.0ms
                 $techmap1003375$auto$abc_ops_reintegrate.cc:611:reintegrate$984993.A[2]     17 0.0ms
                                   $techmap1000381$abc$983799$lut$aiger983798$43619.A[4]     23 0.0ms
                                   $techmap1002416$abc$983799$lut$aiger983798$55794.A[2]     17 0.0ms
                                   $techmap1003853$abc$983799$lut$aiger983798$70781.A[1]     19 0.0ms
                                                                     ffn.mul_product[16]     15 0.0ms
                                                                     ffn.mul_product[46]     22 0.0ms
                                        $techmap1013759$abc$983799$lut$aiger$o46962.A[1]      2 0.0ms
                                                                               debug1[2]     24 0.0ms
                 $techmap1000767$auto$abc_ops_reintegrate.cc:611:reintegrate$985616.A[3]     35 0.0ms
                                   $techmap1014469$abc$983799$lut$aiger983798$49036.A[2]     33 0.0ms
                 $techmap1002294$auto$abc_ops_reintegrate.cc:611:reintegrate$985340.A[2]     32 0.0ms
                                        ddr3.ddr3_controller_inst.instruction_address[4]     25 0.0ms
                 $techmap1000596$auto$abc_ops_reintegrate.cc:611:reintegrate$985720.A[4]     17 0.0ms
                                                                           ffn.read0[28]     14 0.0ms
                                   $techmap1002881$abc$983799$lut$aiger983798$61308.A[3]     26 0.0ms
                 $techmap1004319$auto$abc_ops_reintegrate.cc:611:reintegrate$984650.A[2]     18 0.0ms
                                                                           ffn.read0[14]     14 0.0ms
                                                                            ffn.read0[5]     15 0.0ms
                                        $techmap1002581$abc$983799$lut$aiger$o25691.A[0]      4 0.0ms
                 $techmap1000824$auto$abc_ops_reintegrate.cc:611:reintegrate$985590.A[0]     14 0.0ms
                                                                 $abc$983799$aiger$o1281     16 0.0ms
                                                                 $abc$983799$aiger$o1116     16 0.0ms
                 $techmap1000083$auto$abc_ops_reintegrate.cc:611:reintegrate$985914.A[2]     16 0.0ms
                                   $techmap1009541$abc$983799$lut$aiger983798$73411.A[1]     21 0.0ms
                 $techmap1002081$auto$abc_ops_reintegrate.cc:611:reintegrate$985391.A[1]     34 0.0ms
                 $techmap1001707$auto$abc_ops_reintegrate.cc:611:reintegrate$985409.A[2]     21 0.0ms
                                                                     ffn.mul_product[63]     23 0.0ms
                                   $techmap1008497$abc$983799$lut$aiger983798$76293.A[4]     29 0.0ms
                                                                     ffn.mul_product[59]     21 0.0ms
                                      ddr3.ddr3_controller_inst.write_by_byte_counter[3]     27 0.0ms
                                                                      ffn.mul_product[2]     14 0.0ms
                                   $techmap1008495$abc$983799$lut$aiger983798$53258.A[1]     34 0.0ms
                 $techmap1000805$auto$abc_ops_reintegrate.cc:611:reintegrate$985602.A[0]     15 0.0ms
                                        $techmap1008420$abc$983799$lut$aiger$o48508.A[1]     33 0.0ms
                 $techmap1002413$auto$abc_ops_reintegrate.cc:611:reintegrate$985296.A[0]     30 0.0ms
                 $techmap1000891$auto$abc_ops_reintegrate.cc:611:reintegrate$985549.A[1]     23 0.0ms
                 $techmap1000527$auto$abc_ops_reintegrate.cc:611:reintegrate$985732.A[2]     17 0.0ms
                 $techmap1000596$auto$abc_ops_reintegrate.cc:611:reintegrate$985720.A[3]     17 0.0ms
                                                                         master.outst[9]      8 0.0ms
                 $techmap1005789$auto$abc_ops_reintegrate.cc:611:reintegrate$984104.A[2]     18 0.0ms
                                        $techmap1007691$abc$983799$lut$aiger$o23751.A[4]     17 0.0ms
                                                                 $abc$983799$aiger$o1284     16 0.0ms
                                                                 $abc$983799$aiger$o1283     16 0.0ms
                                         $techmap1007902$abc$983799$lut$aiger$o2902.A[4]     32 0.0ms
                                                                 $abc$983799$aiger$o1117     16 0.0ms
                                   $techmap1002254$abc$983799$lut$aiger983798$55422.A[3]     31 0.0ms
                 $techmap1002401$auto$abc_ops_reintegrate.cc:611:reintegrate$985299.A[1]     34 0.0ms
                                   $techmap1008413$abc$983799$lut$aiger983798$41614.A[0]     32 0.0ms
                 $techmap1000952$auto$abc_ops_reintegrate.cc:611:reintegrate$985540.A[2]     17 0.0ms
                                  $techmap1000079$abc$983799$lut$aiger983798$106272.A[2]     31 0.0ms
                 $techmap1006194$auto$abc_ops_reintegrate.cc:611:reintegrate$983967.A[2]     27 0.0ms
                 $techmap1000767$auto$abc_ops_reintegrate.cc:611:reintegrate$985616.A[2]     33 0.0ms
                                                                     ffn.mul_product[37]     20 0.0ms
                 $techmap1002183$auto$abc_ops_reintegrate.cc:611:reintegrate$985355.A[3]     33 0.0ms
                 $techmap1002287$auto$abc_ops_reintegrate.cc:611:reintegrate$985342.A[3]     33 0.0ms
                                        ddr3.ddr3_controller_inst.instruction_address[1]     22 0.0ms
                  $techmap997642$auto$abc_ops_reintegrate.cc:611:reintegrate$986348.A[2]     18 0.0ms
                                                                           ffn.read0[12]     14 0.0ms
                                                                            ffn.read0[0]     14 0.0ms
                                        $techmap1007719$abc$983799$lut$aiger$o23725.A[1]     19 0.0ms
                                   $techmap1001987$abc$983799$lut$aiger983798$52269.A[1]     19 0.0ms
                  $techmap997620$auto$abc_ops_reintegrate.cc:611:reintegrate$986352.A[1]     23 0.0ms
                                                                         ddr3.bitslip[0]     18 0.0ms
                                                                 $abc$983799$aiger$o1897     16 0.0ms
                                $abc$983799$auto$simple.cc:193:make_patterns_logic$90730     32 0.0ms
                 $techmap1000004$auto$abc_ops_reintegrate.cc:611:reintegrate$985939.A[2]     16 0.0ms
                                   $techmap1002306$abc$983799$lut$aiger983798$55726.A[1]     17 0.0ms
                                   $techmap1002256$abc$983799$lut$aiger983798$55436.A[3]     31 0.0ms
                                  $techmap1000223$abc$983799$lut$aiger983798$107257.A[1]     14 0.0ms
                                                                     ffn.mul_product[60]     21 0.0ms
                                                                     ffn.mul_product[35]     20 0.0ms
                 $techmap1002408$auto$abc_ops_reintegrate.cc:611:reintegrate$985297.A[1]     16 0.0ms
                 $techmap1002163$auto$abc_ops_reintegrate.cc:611:reintegrate$985358.A[1]     33 0.0ms
                                                    ddr3.ddr3_controller_inst.write_dq_d     20 0.0ms
                 $techmap1000582$auto$abc_ops_reintegrate.cc:611:reintegrate$985723.A[3]     17 0.0ms
                 $techmap1004100$auto$abc_ops_reintegrate.cc:611:reintegrate$984730.A[3]     17 0.0ms
                                        $techmap1009816$abc$983799$lut$aiger$o18992.A[1]      4 0.0ms
                                   $techmap1001662$abc$983799$lut$aiger983798$49002.A[2]      5 0.0ms
                                                                 $abc$983799$aiger$o1278     16 0.0ms
                                                                 $abc$983799$aiger$o1267     16 0.0ms
                 $techmap1000836$auto$abc_ops_reintegrate.cc:611:reintegrate$985586.A[2]     19 0.0ms
                                   $techmap1008555$abc$983799$lut$aiger983798$97348.A[3]     33 0.0ms
                 $techmap1001734$auto$abc_ops_reintegrate.cc:611:reintegrate$985406.A[3]     21 0.0ms
                                                                     ffn.mul_product[55]     22 0.0ms
                                                                     ffn.mul_product[20]     15 0.0ms
                                                                     ffn.mul_product[18]     15 0.0ms
                                                                     ffn.mul_product[50]     20 0.0ms
                                   $techmap1003804$abc$983799$lut$aiger983798$44580.A[1]     17 0.0ms
                                                                     ffn.mul_product[45]     23 0.0ms
                                                                     ffn.mul_product[13]     14 0.0ms
                                                  $abc$983799$lut$aiger983798$48794.A[6]     30 0.0ms
                 $techmap1003506$auto$abc_ops_reintegrate.cc:611:reintegrate$984949.A[1]     16 0.0ms
                 $techmap1001749$auto$abc_ops_reintegrate.cc:611:reintegrate$985402.A[2]     33 0.0ms
                                        ddr3.ddr3_controller_inst.instruction_address[3]     27 0.0ms
                                            ddr3.ddr3_controller_inst.dqs_start_index[2]     26 0.0ms
                                        $techmap1008412$abc$983799$lut$aiger$o51432.A[1]     32 0.0ms
                                                                           ffn.read0[31]     14 0.0ms
                 $techmap1001607$auto$abc_ops_reintegrate.cc:611:reintegrate$985428.A[2]     20 0.0ms
                 $techmap1005889$auto$abc_ops_reintegrate.cc:611:reintegrate$984069.A[2]     17 0.0ms
                                                                            ffn.read0[1]     15 0.0ms
                  $techmap997657$auto$abc_ops_reintegrate.cc:611:reintegrate$986345.A[1]     17 0.0ms
                                                                 $abc$983799$aiger$o1743     16 0.0ms
                                                                 $abc$983799$aiger$o1261     16 0.0ms
                 $techmap1004902$auto$abc_ops_reintegrate.cc:611:reintegrate$984426.A[2]     18 0.0ms
                 $techmap1005070$auto$abc_ops_reintegrate.cc:611:reintegrate$984355.A[2]     17 0.0ms
                                                                           ffn.read0[22]     14 0.0ms
                                                                           ffn.read0[25]     14 0.0ms
                                                                 $abc$983799$aiger$o1024     16 0.0ms
                                   $techmap1008792$abc$983799$lut$aiger983798$79969.A[3]     25 0.0ms
                                   $techmap1002013$abc$983799$lut$aiger983798$52989.A[5]     19 0.0ms
                                                                     ffn.mul_product[24]     15 0.0ms
                                                                     ffn.mul_product[53]     19 0.0ms
                                                                     ffn.mul_product[49]     20 0.0ms
                                   $techmap1000373$abc$983799$lut$aiger983798$43606.A[2]     17 0.0ms
                 $techmap1001235$auto$abc_ops_reintegrate.cc:611:reintegrate$985477.A[0]     20 0.0ms
                                                                      ffn.mul_product[0]     14 0.0ms
                 $techmap1000545$auto$abc_ops_reintegrate.cc:611:reintegrate$985730.A[0]     25 0.0ms
                 $techmap1003319$auto$abc_ops_reintegrate.cc:611:reintegrate$985012.A[2]     18 0.0ms
                                  $techmap1000154$abc$983799$lut$aiger983798$106775.A[1]     16 0.0ms
                                   $techmap1001975$abc$983799$lut$aiger983798$52158.A[1]     17 0.0ms
                                        $techmap1007707$abc$983799$lut$aiger$o23731.A[3]     20 0.0ms
                                   $techmap1001980$abc$983799$lut$aiger983798$52180.A[2]     20 0.0ms
                                   $techmap1001991$abc$983799$lut$aiger983798$52291.A[1]     23 0.0ms
                 $techmap1000798$auto$abc_ops_reintegrate.cc:611:reintegrate$985607.A[1]     16 0.0ms
                 $techmap1000808$auto$abc_ops_reintegrate.cc:611:reintegrate$985599.A[1]     17 0.0ms
                                                                 $abc$983799$aiger$o1017     16 0.0ms
                 $techmap1001598$auto$abc_ops_reintegrate.cc:611:reintegrate$985431.A[2]     16 0.0ms
                 $techmap1002492$auto$abc_ops_reintegrate.cc:611:reintegrate$985288.A[0]     28 0.0ms
                                     ddr3.ddr3_controller_inst.stage2_data_unaligned[31]      6 0.0ms
                                   $techmap1001744$abc$983799$lut$aiger983798$50628.A[1]     20 0.0ms
                                        $techmap1008848$abc$983799$lut$aiger$o53792.A[4]     13 0.0ms
                                      ddr3.ddr3_controller_inst.write_by_byte_counter[1]     25 0.0ms
                                   $techmap1008266$abc$983799$lut$aiger983798$94215.A[4]     28 0.0ms
                                                                      ffn.mul_product[8]     14 0.0ms
                                   $techmap1002271$abc$983799$lut$aiger983798$55488.A[4]     31 0.0ms
                                   $techmap1001743$abc$983799$lut$aiger983798$50625.A[0]     14 0.0ms
                                                          ddr3.idelay_data_cntvaluein[2]     20 0.0ms
                                                          ddr3.idelay_data_cntvaluein[0]     21 0.0ms
                                                                        master.outst[18]      8 0.0ms
                                   $techmap1006064$abc$983799$lut$aiger983798$95432.A[2]     17 0.0ms
                 $techmap1004205$auto$abc_ops_reintegrate.cc:611:reintegrate$984692.A[2]     18 0.0ms
                                                                           ffn.read0[16]     14 0.0ms
                                                                 $abc$983799$aiger$o1269     16 0.0ms
                                                                 $abc$983799$aiger$o1023     16 0.0ms
                                                                 $abc$983799$aiger$o1118     16 0.0ms
                 $techmap1001284$auto$abc_ops_reintegrate.cc:611:reintegrate$985454.A[1]     19 0.0ms
                                   $techmap1002362$abc$983799$lut$aiger983798$56122.A[1]     20 0.0ms
                                   $techmap1002564$abc$983799$lut$aiger983798$57722.A[3]     33 0.0ms
                                                 ddr3.ddr3_controller_inst.stage2_do_pre      6 0.0ms
                                                                     ffn.mul_product[31]     15 0.0ms
                                                                     ffn.mul_product[23]     15 0.0ms
                                            $auto$alumacc.cc:548:replace_alu$105643.Y[1]     13 0.0ms
                                   $techmap1003505$abc$983799$lut$aiger983798$67581.A[2]     19 0.0ms
                                        $techmap1009282$abc$983799$lut$aiger$o49762.A[1]     23 0.0ms
                                                                   loader.stage_rdata[9]      1 0.0ms
                 $techmap1000538$auto$abc_ops_reintegrate.cc:611:reintegrate$985731.A[0]     14 0.0ms
                 $techmap1000588$auto$abc_ops_reintegrate.cc:611:reintegrate$985722.A[3]     17 0.0ms
                 $techmap1003145$auto$abc_ops_reintegrate.cc:611:reintegrate$985080.A[1]     19 0.0ms
                                                                            ffn.read0[9]     14 0.0ms
                                                                           ffn.read0[10]     14 0.0ms
                 $techmap1004630$auto$abc_ops_reintegrate.cc:611:reintegrate$984534.A[3]     17 0.0ms
                  $techmap997703$auto$abc_ops_reintegrate.cc:611:reintegrate$986315.A[2]      7 0.0ms
                                                                            ffn.read0[4]     14 0.0ms
                                   $techmap1001979$abc$983799$lut$aiger983798$52173.A[1]     16 0.0ms
                  $techmap997662$auto$abc_ops_reintegrate.cc:611:reintegrate$986344.A[3]     17 0.0ms
                                   $techmap1001989$abc$983799$lut$aiger983798$52278.A[1]     20 0.0ms
                                        $techmap1007714$abc$983799$lut$aiger$o23720.A[3]     21 0.0ms
                                        $techmap1007713$abc$983799$lut$aiger$o23719.A[4]     20 0.0ms
                                                                     ddr3.dq_tri_control     18 0.0ms
                 $techmap1002319$auto$abc_ops_reintegrate.cc:611:reintegrate$985332.A[1]     16 0.0ms
                 $techmap1000035$auto$abc_ops_reintegrate.cc:611:reintegrate$985930.A[2]     16 0.0ms
                                           $abc$983799$auto$rtlil.cc:3488:NotGate$266906     18 0.0ms
                                   $techmap1011767$abc$983799$lut$aiger983798$53514.A[2]     26 0.0ms
                 $techmap1000576$auto$abc_ops_reintegrate.cc:611:reintegrate$985724.A[3]     16 0.0ms
                 $techmap1001590$auto$abc_ops_reintegrate.cc:611:reintegrate$985435.A[0]     18 0.0ms
                                  $techmap1000012$abc$983799$lut$aiger983798$105913.A[4]     14 0.0ms
                                   $techmap1001760$abc$983799$lut$aiger983798$50777.A[1]     35 0.0ms
                                                                     ffn.mul_product[29]     15 0.0ms
                                                                     ffn.mul_product[21]     15 0.0ms
                                                                     ffn.mul_product[19]     15 0.0ms
                                           ddr3.ddr3_controller_inst.stage1_next_row[10]     10 0.0ms
                 $techmap1000229$auto$abc_ops_reintegrate.cc:611:reintegrate$985869.A[2]     18 0.0ms
                                                ddr3.ddr3_controller_inst.stage2_bank[1]     16 0.0ms
                                                                            ddr3.cmd[73]     18 0.0ms
                                                                        loader.h_len[13]     17 0.0ms
                 $techmap1002150$auto$abc_ops_reintegrate.cc:611:reintegrate$985366.A[2]     19 0.0ms
                                   $techmap1001981$abc$983799$lut$aiger983798$52188.A[3]     16 0.0ms
                                        $techmap1007691$abc$983799$lut$aiger$o23751.A[3]     17 0.0ms
                                        $techmap1007716$abc$983799$lut$aiger$o23722.A[4]     20 0.0ms
                                        $techmap1007715$abc$983799$lut$aiger$o23721.A[3]     20 0.0ms
                  $techmap997703$auto$abc_ops_reintegrate.cc:611:reintegrate$986315.A[0]     21 0.0ms
                 $techmap1004169$auto$abc_ops_reintegrate.cc:611:reintegrate$984704.A[1]      8 0.0ms
                                                                 $abc$983799$aiger$o1280     16 0.0ms
                                                  $auto$maccmap.cc:240:synth$128519.Y[6]     19 0.0ms
                 $techmap1005275$auto$abc_ops_reintegrate.cc:611:reintegrate$984282.A[2]     17 0.0ms
                 $techmap1005354$auto$abc_ops_reintegrate.cc:611:reintegrate$984253.A[2]     18 0.0ms
                                                                              clk_ddr_90     18 0.0ms
        $techmap97304$flatten\loader.$gt$build/t27/specs/rtl/fpga_ddr3_loader.v:1643$966.Y     11 0.0ms
                                                                 $abc$983799$aiger$o1903     16 0.0ms
                                   $techmap1001700$abc$983799$lut$aiger983798$49313.A[1]     14 0.0ms
                 $techmap1003002$auto$abc_ops_reintegrate.cc:611:reintegrate$985123.A[0]     21 0.0ms
                                        $techmap1012362$abc$983799$lut$aiger$o38689.A[2]     32 0.0ms
                                   $techmap1001946$abc$983799$lut$aiger983798$45420.A[1]      3 0.0ms
                 $techmap1003910$auto$abc_ops_reintegrate.cc:611:reintegrate$984806.A[1]      7 0.0ms
                                   $techmap1002798$abc$983799$lut$aiger983798$60242.A[2]     16 0.0ms
                                                                     ffn.mul_product[22]     15 0.0ms
                                  $techmap1008845$abc$983799$lut$aiger983798$107516.A[3]     15 0.0ms
                                                ddr3.ddr3_controller_inst.stage1_row[12]      3 0.0ms
                 $techmap1002080$auto$abc_ops_reintegrate.cc:611:reintegrate$985392.A[1]     34 0.0ms
                                   $techmap1002267$abc$983799$lut$aiger983798$53279.A[1]     15 0.0ms
                                                                      ffn.mul_product[7]     14 0.0ms
                                                          ddr3.idelay_data_cntvaluein[4]     20 0.0ms
                                   $techmap1008131$abc$983799$lut$aiger983798$40546.A[1]     15 0.0ms
                                   $techmap1000413$abc$983799$lut$aiger983798$43733.A[2]     13 0.0ms
                                $abc$983799$auto$simple.cc:210:make_patterns_logic$91564     32 0.0ms
                 $techmap1002762$auto$abc_ops_reintegrate.cc:611:reintegrate$985211.A[0]     36 0.0ms
                                                                           ffn.read0[27]     15 0.0ms
                                                                           ffn.read0[17]     14 0.0ms
                 $techmap1004836$auto$abc_ops_reintegrate.cc:611:reintegrate$984451.A[3]     17 0.0ms
                                                                           ffn.read0[11]     14 0.0ms
                                                                         master.outst[0]      7 0.0ms
                                                                        loader.h_addr[0]     12 0.0ms
                                                                            ffn.read0[8]     15 0.0ms
                 $techmap1002919$auto$abc_ops_reintegrate.cc:611:reintegrate$985150.A[2]     18 0.0ms
                                        $techmap1007706$abc$983799$lut$aiger$o23730.A[3]     20 0.0ms
                  $techmap997637$auto$abc_ops_reintegrate.cc:611:reintegrate$986349.A[1]     20 0.0ms
                                   $techmap1001986$abc$983799$lut$aiger983798$52266.A[1]     23 0.0ms
                                                                 $abc$983799$aiger$o1747     16 0.0ms
                                                                 $abc$983799$aiger$o1739     16 0.0ms
                                                  $auto$maccmap.cc:240:synth$128519.Y[3]     19 0.0ms
                  $techmap997110$auto$abc_ops_reintegrate.cc:611:reintegrate$986727.A[1]     18 0.0ms
                                                                 $abc$983799$aiger$o1264     16 0.0ms
                                                                 $abc$983799$aiger$o1265     16 0.0ms
                                                                 $abc$983799$aiger$o1109     16 0.0ms
                                                                 $abc$983799$aiger$o1112     16 0.0ms
                                $abc$983799$auto$simple.cc:210:make_patterns_logic$91550      6 0.0ms
                 $techmap1000266$auto$abc_ops_reintegrate.cc:611:reintegrate$985856.A[2]     16 0.0ms
                                   $techmap1009378$abc$983799$lut$aiger983798$73393.A[3]     22 0.0ms
                                   $techmap1002634$abc$983799$lut$aiger983798$58211.A[3]     10 0.0ms
                                   $techmap1000428$abc$983799$lut$aiger983798$43780.A[2]     15 0.0ms
                                                                     ffn.mul_product[26]     15 0.0ms
                 $techmap1000019$auto$abc_ops_reintegrate.cc:611:reintegrate$985936.A[1]     15 0.0ms
                                                                     ffn.mul_product[17]     15 0.0ms
                                                                     ffn.mul_product[15]     14 0.0ms
                                            ddr3.ddr3_controller_inst.stage1_next_row[9]     11 0.0ms
                                                                      ffn.mul_product[3]     14 0.0ms
                                                                      ffn.mul_product[1]     14 0.0ms
                 $techmap1000963$auto$abc_ops_reintegrate.cc:611:reintegrate$985534.A[2]     23 0.0ms
                                        $techmap1011774$abc$983799$lut$aiger$o42934.A[1]      8 0.0ms
                                        $techmap1012335$abc$983799$lut$aiger$o38578.A[2]     35 0.0ms
                 $techmap1000483$auto$abc_ops_reintegrate.cc:611:reintegrate$985747.A[1]     15 0.0ms
                 $techmap1006169$auto$abc_ops_reintegrate.cc:611:reintegrate$983977.A[2]     18 0.0ms
                 $techmap1005945$auto$abc_ops_reintegrate.cc:611:reintegrate$984052.A[3]     16 0.0ms
                 $techmap1004444$auto$abc_ops_reintegrate.cc:611:reintegrate$984607.A[2]     17 0.0ms
                                                                           ffn.read0[15]     14 0.0ms
                 $techmap1003089$auto$abc_ops_reintegrate.cc:611:reintegrate$985102.A[2]     18 0.0ms
                                   $techmap1001978$abc$983799$lut$aiger983798$52167.A[1]     15 0.0ms
                                        $techmap1007690$abc$983799$lut$aiger$o23750.A[3]     17 0.0ms
                                        $techmap1007700$abc$983799$lut$aiger$o23742.A[4]     17 0.0ms
                                   $techmap1006535$abc$983799$lut$aiger983798$99416.A[1]     17 0.0ms
                                   $techmap1001976$abc$983799$lut$aiger983798$52161.A[1]     15 0.0ms
                                   $techmap1000426$abc$983799$lut$aiger983798$43772.A[1]     11 0.0ms
                                                                           ffn.read0[26]     14 0.0ms
                                                                           ffn.read0[23]     14 0.0ms
                                                                 $abc$983799$aiger$o1900     16 0.0ms
                 $techmap1000195$auto$abc_ops_reintegrate.cc:611:reintegrate$985879.A[2]     16 0.0ms
                                   $techmap1003050$abc$983799$lut$aiger983798$62796.A[3]     14 0.0ms
                                   $techmap1002165$abc$983799$lut$aiger983798$54405.A[5]     32 0.0ms
                                                                     ffn.mul_product[11]     14 0.0ms
                                                                     ffn.mul_product[10]     14 0.0ms
                                        $techmap1008794$abc$983799$lut$aiger$o49094.A[2]     25 0.0ms
                                   $techmap1003199$abc$983799$lut$aiger983798$64312.A[2]     13 0.0ms
                                   $techmap1002101$abc$983799$lut$aiger983798$53432.A[4]     13 0.0ms
                                                                         master.outst[1]      7 0.0ms
                                                                         loader.h_len[0]     14 0.0ms
                 $techmap1003906$auto$abc_ops_reintegrate.cc:611:reintegrate$984810.A[2]     18 0.0ms
                 $techmap1002671$auto$abc_ops_reintegrate.cc:611:reintegrate$985244.A[2]     18 0.0ms
                 $techmap1003628$auto$abc_ops_reintegrate.cc:611:reintegrate$984901.A[2]     18 0.0ms
                                        $techmap1007689$abc$983799$lut$aiger$o23749.A[4]     17 0.0ms
                                        $techmap1007699$abc$983799$lut$aiger$o23741.A[4]     17 0.0ms
                  $techmap997733$auto$abc_ops_reintegrate.cc:611:reintegrate$986311.A[0]     20 0.0ms
                                   $techmap1006282$abc$983799$lut$aiger983798$97225.A[1]     16 0.0ms
                  $techmap997719$auto$abc_ops_reintegrate.cc:611:reintegrate$986312.A[0]     20 0.0ms
                                   $techmap1001990$abc$983799$lut$aiger983798$52285.A[3]     21 0.0ms
                                                                       loader.h_addr[15]     11 0.0ms
                  $techmap997211$auto$abc_ops_reintegrate.cc:611:reintegrate$986663.A[2]     11 0.0ms
                  $techmap997204$auto$abc_ops_reintegrate.cc:611:reintegrate$986668.A[3]     18 0.0ms
                 $techmap1000797$auto$abc_ops_reintegrate.cc:611:reintegrate$985608.A[0]     17 0.0ms
                                                                           ffn.read0[20]     14 0.0ms
                                                                           ffn.read0[24]     14 0.0ms
                                         $techmap1007902$abc$983799$lut$aiger$o2902.A[3]     34 0.0ms
                                                                 $abc$983799$aiger$o1896     16 0.0ms
                 $techmap1006218$auto$abc_ops_reintegrate.cc:611:reintegrate$983956.A[3]     18 0.0ms
                                   $techmap1001910$abc$983799$lut$aiger983798$52051.A[0]      4 0.0ms
                                        $techmap1012228$abc$983799$lut$aiger$o37835.A[3]     25 0.0ms
                 $techmap1004149$auto$abc_ops_reintegrate.cc:611:reintegrate$984717.A[1]      8 0.0ms
                                                  $auto$maccmap.cc:240:synth$128519.Y[2]     19 0.0ms
                                   $techmap1002784$abc$983799$lut$aiger983798$59305.A[2]     17 0.0ms
                                   $techmap1008550$abc$983799$lut$aiger983798$99848.A[4]     31 0.0ms
                                                                     ffn.mul_product[14]     14 0.0ms
                                                                     ffn.mul_product[12]     14 0.0ms
                 $techmap1000836$auto$abc_ops_reintegrate.cc:611:reintegrate$985586.A[0]     21 0.0ms
                  $techmap996632$auto$abc_ops_reintegrate.cc:611:reintegrate$987165.A[0]     16 0.0ms
                                           ddr3.ddr3_controller_inst.stage1_next_bank[2]     20 0.0ms
                                                                           ffn.read0[29]     14 0.0ms
                                                                 $abc$983799$aiger$o3252      8 0.0ms
                 $techmap1000872$auto$abc_ops_reintegrate.cc:611:reintegrate$985565.A[1]     18 0.0ms
                 $techmap1003513$auto$abc_ops_reintegrate.cc:611:reintegrate$984945.A[2]     18 0.0ms
                                                                            ffn.read0[7]     15 0.0ms
                 $techmap1000767$auto$abc_ops_reintegrate.cc:611:reintegrate$985616.A[1]     18 0.0ms
                                   $techmap999434$abc$983799$lut$aiger983798$103136.A[1]     15 0.0ms
                                   $techmap1001980$abc$983799$lut$aiger983798$52180.A[3]     20 0.0ms
                  $techmap997625$auto$abc_ops_reintegrate.cc:611:reintegrate$986351.A[1]     22 0.0ms
                                   $techmap1001992$abc$983799$lut$aiger983798$52298.A[2]     18 0.0ms
                                                                        loader.h_addr[8]     14 0.0ms
                                                                        loader.h_addr[4]     13 0.0ms
                                                                 $abc$983799$aiger$o1899     16 0.0ms
                  $techmap996635$auto$abc_ops_reintegrate.cc:611:reintegrate$987163.A[0]     16 0.0ms
                 $techmap1000802$auto$abc_ops_reintegrate.cc:611:reintegrate$985603.A[1]     15 0.0ms
                 $techmap1005172$auto$abc_ops_reintegrate.cc:611:reintegrate$984317.A[3]     17 0.0ms
                  $techmap997308$auto$abc_ops_reintegrate.cc:611:reintegrate$986590.A[2]     14 0.0ms
                                                                 $abc$983799$aiger$o1020     16 0.0ms
                                                                 $abc$983799$aiger$o1113     16 0.0ms
                                                                 $abc$983799$aiger$o1115     16 0.0ms
                 $techmap1000004$auto$abc_ops_reintegrate.cc:611:reintegrate$985939.A[3]     18 0.0ms
                                   $techmap1002365$abc$983799$lut$aiger983798$56135.A[1]     20 0.0ms
                 $techmap1001745$auto$abc_ops_reintegrate.cc:611:reintegrate$985403.A[5]     13 0.0ms
                 $techmap1002310$auto$abc_ops_reintegrate.cc:611:reintegrate$985337.A[0]      4 0.0ms
                 $techmap1000805$auto$abc_ops_reintegrate.cc:611:reintegrate$985602.A[2]     14 0.0ms
                                                                     ffn.mul_product[28]     15 0.0ms
                                                                     ffn.mul_product[25]     15 0.0ms
                                        $techmap1010697$abc$983799$lut$aiger$o51232.A[3]     12 0.0ms
                 $techmap1002721$auto$abc_ops_reintegrate.cc:611:reintegrate$985221.A[0]     14 0.0ms
                 $techmap1004479$auto$abc_ops_reintegrate.cc:611:reintegrate$984593.A[3]     31 0.0ms
                                   $techmap1000400$abc$983799$lut$aiger983798$43691.A[1]     12 0.0ms
                                   $techmap1000565$abc$983799$lut$aiger983798$36295.A[3]     11 0.0ms
                                        $techmap1007500$abc$983799$lut$aiger$o36744.A[2]     12 0.0ms
                                            ddr3.ddr3_controller_inst.stage1_next_row[0]     11 0.0ms
                                                                         master.outst[8]      7 0.0ms
                                   $techmap1005602$abc$983799$lut$aiger983798$90897.A[2]      9 0.0ms
                                                                           ffn.read0[13]     14 0.0ms
                                         $techmap1007906$abc$983799$lut$aiger$o2912.A[1]     18 0.0ms
                                           $auto$alumacc.cc:548:replace_alu$105999.Y[17]      4 0.0ms
                                                                            ffn.read0[3]     14 0.0ms
                                                                            ffn.read0[6]     15 0.0ms
                  $techmap997667$auto$abc_ops_reintegrate.cc:611:reintegrate$986343.A[1]     16 0.0ms
                  $techmap997713$auto$abc_ops_reintegrate.cc:611:reintegrate$986313.A[0]     20 0.0ms
                  $techmap997092$auto$abc_ops_reintegrate.cc:611:reintegrate$986745.A[1]     14 0.0ms
                                                                 $abc$983799$aiger$o1279     16 0.0ms
                 $techmap1000799$auto$abc_ops_reintegrate.cc:611:reintegrate$985606.A[1]     16 0.0ms
                 $techmap1000797$auto$abc_ops_reintegrate.cc:611:reintegrate$985608.A[4]     15 0.0ms
                                                                         ddr3.bitslip[1]     18 0.0ms
                                                                 $abc$983799$aiger$o1268     16 0.0ms
                                   $techmap1009378$abc$983799$lut$aiger983798$73393.A[2]     22 0.0ms
                 $techmap1006559$auto$abc_ops_reintegrate.cc:611:reintegrate$983816.A[3]     18 0.0ms
                 $techmap1002620$auto$abc_ops_reintegrate.cc:611:reintegrate$985264.A[0]     20 0.0ms
                                                                             ffn.root[0]     11 0.0ms
                 $techmap1005153$auto$abc_ops_reintegrate.cc:611:reintegrate$984326.A[2]     10 0.0ms
                 $techmap1001598$auto$abc_ops_reintegrate.cc:611:reintegrate$985431.A[3]     18 0.0ms
                 $techmap1000303$auto$abc_ops_reintegrate.cc:611:reintegrate$985835.A[3]     14 0.0ms
                                   $techmap1008458$abc$983799$lut$aiger983798$99921.A[4]     12 0.0ms
                                        $techmap1008462$abc$983799$lut$aiger$o52475.A[3]     13 0.0ms
                                                                     ffn.mul_product[30]     15 0.0ms
                                   $techmap1005765$abc$983799$lut$aiger983798$92426.A[1]      9 0.0ms
                                                                     ffn.mul_product[27]     15 0.0ms
                                   $techmap1002101$abc$983799$lut$aiger983798$53432.A[3]      9 0.0ms
                 $techmap1002275$auto$abc_ops_reintegrate.cc:611:reintegrate$985343.A[1]     30 0.0ms
                                                                      ffn.mul_product[9]     14 0.0ms
                                                                      ffn.mul_product[6]     14 0.0ms
                                                                      ffn.mul_product[5]     14 0.0ms
                 $techmap1003348$auto$abc_ops_reintegrate.cc:611:reintegrate$985006.A[1]     11 0.0ms
                                   $techmap1008020$abc$983799$lut$aiger983798$39879.A[1]      9 0.0ms
                 $techmap1002275$auto$abc_ops_reintegrate.cc:611:reintegrate$985343.A[3]     27 0.0ms
                                   $techmap1000923$abc$983799$lut$aiger983798$42213.A[3]     12 0.0ms
                                        $techmap1007602$abc$983799$lut$aiger$o33436.A[4]     13 0.0ms
                                   $techmap1005192$abc$983799$lut$aiger983798$86484.A[2]      8 0.0ms
                                                                         loader.h_len[6]     14 0.0ms
                 $techmap1002558$auto$abc_ops_reintegrate.cc:611:reintegrate$985274.A[1]     16 0.0ms
                  $techmap997260$auto$abc_ops_reintegrate.cc:611:reintegrate$986619.A[1]      9 0.0ms
                                        $techmap1007686$abc$983799$lut$aiger$o23760.A[4]     13 0.0ms
                                        $techmap1007722$abc$983799$lut$aiger$o23711.A[0]     18 0.0ms
Info: Router2 time 3.14s
Info: Routing $PACKER_VCC_NET connections...
Info:     $PACKER_VCC_NET: 6698/6698 sinks bridged (0 holdouts; max BFS 4454)
Info: Routing $PACKER_GND_NET connections...
Info:     $PACKER_GND_NET: 5796/5796 sinks bridged (0 holdouts; max BFS 6457)
Info: Constant holdouts: 21 local constant LUT(s) added, 1 re-route pass(es), 0 don't-care CARRY4 DI pin(s) left unrouted
Info: Running post-routing legalisation...
Info:     BUFHCE pass-through CE: 10 tied to VCC, 0 already driven, 0 could not be reached

Info: Critical path report for clock 'clk_ctrl' (posedge -> posedge):
Info: curr total
Info:  0.1  0.1  Source $auto$ff.cc:337:slice$188098.Q
Info:  2.9  3.0    Net ffn.read0[22] budget 0.000000 ns (207,65) -> (177,101)
Info:                Sink $abc$983799$lut$aiger983798$45396.A2
Info:  0.1  3.1  Source $abc$983799$lut$aiger983798$45396.O6
Info:  0.9  4.0    Net $techmap1001944$abc$983799$lut$aiger983798$45405.A[3] budget 0.000000 ns (177,101) -> (177,101)
Info:                Sink $abc$983799$lut$aiger983798$45405.A4
Info:  0.1  4.1  Source $abc$983799$lut$aiger983798$45405.O6
Info:  0.8  4.9    Net $techmap1001950$abc$983799$lut$aiger983798$45439.A[2] budget 0.000000 ns (177,101) -> (177,105)
Info:                Sink $abc$983799$lut$aiger983798$45439.A2
Info:  0.1  5.0  Source $abc$983799$lut$aiger983798$45439.O6
Info:  2.2  7.2    Net $techmap1001968$abc$983799$lut$aiger983798$45503.A[1] budget 0.000000 ns (177,105) -> (193,126)
Info:                Sink $abc$983799$lut$aiger983798$45503.A4
Info:  0.1  7.3  Source $abc$983799$lut$aiger983798$45503.O6
Info:  2.0  9.3    Net $techmap1001969$abc$983799$lut$aiger$o39504.A[1] budget 0.000000 ns (193,126) -> (188,93)
Info:                Sink $abc$983799$lut$aiger$o39504.A5
Info:  0.1  9.5  Source $abc$983799$lut$aiger$o39504.O6
Info:  3.2 12.6    Net $techmap1001970$abc$983799$lut$aiger983798$52136.A[4] budget 0.000000 ns (188,93) -> (188,143)
Info:                Sink $abc$983799$lut$aiger983798$91945.A5
Info:  0.1 12.8  Source $abc$983799$lut$aiger983798$91945.O6
Info:  0.7 13.5    Net $techmap1012402$abc$983799$lut$aiger983798$91949.A[4] budget 0.000000 ns (188,143) -> (188,146)
Info:                Sink $abc$983799$lut$aiger983798$91949.A2
Info:  0.1 13.6  Source $abc$983799$lut$aiger983798$91949.O6
Info:  0.3 13.9    Net $techmap1012403$abc$983799$lut$aiger983798$91954.A[5] budget 0.000000 ns (188,146) -> (188,146)
Info:                Sink $abc$983799$lut$aiger983798$91954.A6
Info:  0.1 14.0  Source $abc$983799$lut$aiger983798$91954.O6
Info:  0.7 14.8    Net $techmap1012404$abc$983799$lut$aiger$o51071.A[4] budget 0.000000 ns (188,146) -> (188,143)
Info:                Sink $abc$983799$lut$aiger$o51071.A2
Info:  0.1 14.9  Source $abc$983799$lut$aiger$o51071.O6
Info:  0.0 14.9    Net $techmap285082$auto$ff.cc:337:slice$187162.D budget 0.167000 ns (188,143) -> (188,143)
Info:                Sink $auto$ff.cc:337:slice$187162.D
Info:  0.1 15.0  Setup $auto$ff.cc:337:slice$187162.D
Info: 1.3 ns logic, 13.7 ns routing

Info: Max frequency for clock 'clk_ctrl': 66.66 MHz (PASS at 60.00 MHz)

Info: Slack histogram:
Info:  legend: * represents 55 endpoint(s)
Info:          + represents [1,55) endpoint(s)
Info: [  1665,   2398) |+
Info: [  2398,   3131) |+
Info: [  3131,   3864) |*****+
Info: [  3864,   4597) |************+
Info: [  4597,   5330) |******************+
Info: [  5330,   6063) |*************+
Info: [  6063,   6796) |****************+
Info: [  6796,   7529) |*******************+
Info: [  7529,   8262) |*****************+
Info: [  8262,   8995) |**********************************+
Info: [  8995,   9728) |****************************************************+
Info: [  9728,  10461) |************************************************************ 
Info: [ 10461,  11194) |********************************+
Info: [ 11194,  11927) |**********************+
Info: [ 11927,  12660) |****************************+
Info: [ 12660,  13393) |**************************************+
Info: [ 13393,  14126) |*******************************+
Info: [ 14126,  14859) |**********************+
Info: [ 14859,  15592) |******************+
Info: [ 15592,  16325) |*************+

