Info: Propagating clock constraints...
Info:     derived 200.0 MHz for net 'clk200_in' (through IBUFDS 'clk200_ibufds')
Info:     PLLE2_ADV 'pll': input 200.0 MHz, VCO 1000.0 MHz
Info:     derived 83.3 MHz for net 'ctrl_raw' (through PLLE2_ADV 'pll')
Info:     derived 333.3 MHz for net 'ddr_raw' (through PLLE2_ADV 'pll')
Info:     derived 200.0 MHz for net 'ref_raw' (through PLLE2_ADV 'pll')
Info:     derived 333.3 MHz for net 'ddr90_raw' (through PLLE2_ADV 'pll')
Info:     derived 1000.0 MHz for net 'pll_fb' (through PLLE2_ADV 'pll')
Info:     PLLE2_ADV 'pll': input 200.0 MHz, VCO 1000.0 MHz
Info: Packing constants..
Info: Inserting IO buffers..
Info:     IO port 'clk200_n' driven by IBUFDS 'clk200_ibufds'
Info:     IO port 'clk200_p' driven by IBUFDS 'clk200_ibufds'
Info:     IO port 'ddr3_cas_n' driven by OBUF '$iopadmap$tms_ddr3_ax7203.ddr3_cas_n'
Info:     IO port 'ddr3_ck_n' driven by OBUFDS 'ddr3.ddr3_phy_inst.genblk4.genblk1.OBUFDS_inst'
Info:     IO port 'ddr3_ck_p' driven by OBUFDS 'ddr3.ddr3_phy_inst.genblk4.genblk1.OBUFDS_inst'
Info:     IO port 'ddr3_cke' driven by OBUF '$iopadmap$tms_ddr3_ax7203.ddr3_cke'
Info:     IO port 'ddr3_cs_n' driven by OBUF '$iopadmap$tms_ddr3_ax7203.ddr3_cs_n'
Info:     IO port 'ddr3_odt' driven by OBUF '$iopadmap$tms_ddr3_ax7203.ddr3_odt'
Info:     IO port 'ddr3_ras_n' driven by OBUF '$iopadmap$tms_ddr3_ax7203.ddr3_ras_n'
Info:     IO port 'ddr3_reset_n' driven by OBUF '$iopadmap$tms_ddr3_ax7203.ddr3_reset_n'
Info:     IO port 'ddr3_we_n' driven by OBUF '$iopadmap$tms_ddr3_ax7203.ddr3_we_n'
Info:     IO port 'rst_n' driven by IBUF '$iopadmap$tms_ddr3_ax7203.rst_n'
Info:     IO port 'uart_tx' driven by OBUF '$iopadmap$tms_ddr3_ax7203.uart_tx'
Info:     IO port 'ddr3_addr[0]' driven by OBUF '$iopadmap$tms_ddr3_ax7203.ddr3_addr'
Info:     IO port 'ddr3_addr[1]' driven by OBUF '$iopadmap$tms_ddr3_ax7203.ddr3_addr_1'
Info:     IO port 'ddr3_addr[10]' driven by OBUF '$iopadmap$tms_ddr3_ax7203.ddr3_addr_10'
Info:     IO port 'ddr3_addr[11]' driven by OBUF '$iopadmap$tms_ddr3_ax7203.ddr3_addr_11'
Info:     IO port 'ddr3_addr[12]' driven by OBUF '$iopadmap$tms_ddr3_ax7203.ddr3_addr_12'
Info:     IO port 'ddr3_addr[13]' driven by OBUF '$iopadmap$tms_ddr3_ax7203.ddr3_addr_13'
Info:     IO port 'ddr3_addr[14]' driven by OBUF '$iopadmap$tms_ddr3_ax7203.ddr3_addr_14'
Info:     IO port 'ddr3_addr[2]' driven by OBUF '$iopadmap$tms_ddr3_ax7203.ddr3_addr_2'
Info:     IO port 'ddr3_addr[3]' driven by OBUF '$iopadmap$tms_ddr3_ax7203.ddr3_addr_3'
Info:     IO port 'ddr3_addr[4]' driven by OBUF '$iopadmap$tms_ddr3_ax7203.ddr3_addr_4'
Info:     IO port 'ddr3_addr[5]' driven by OBUF '$iopadmap$tms_ddr3_ax7203.ddr3_addr_5'
Info:     IO port 'ddr3_addr[6]' driven by OBUF '$iopadmap$tms_ddr3_ax7203.ddr3_addr_6'
Info:     IO port 'ddr3_addr[7]' driven by OBUF '$iopadmap$tms_ddr3_ax7203.ddr3_addr_7'
Info:     IO port 'ddr3_addr[8]' driven by OBUF '$iopadmap$tms_ddr3_ax7203.ddr3_addr_8'
Info:     IO port 'ddr3_addr[9]' driven by OBUF '$iopadmap$tms_ddr3_ax7203.ddr3_addr_9'
Info:     IO port 'ddr3_ba[0]' driven by OBUF '$iopadmap$tms_ddr3_ax7203.ddr3_ba'
Info:     IO port 'ddr3_ba[1]' driven by OBUF '$iopadmap$tms_ddr3_ax7203.ddr3_ba_1'
Info:     IO port 'ddr3_ba[2]' driven by OBUF '$iopadmap$tms_ddr3_ax7203.ddr3_ba_2'
Info:     IO port 'led[0]' driven by OBUF '$iopadmap$tms_ddr3_ax7203.led'
Info:     IO port 'led[1]' driven by OBUF '$iopadmap$tms_ddr3_ax7203.led_1'
Info:     IO port 'led[2]' driven by OBUF '$iopadmap$tms_ddr3_ax7203.led_2'
Info:     IO port 'led[3]' driven by OBUF '$iopadmap$tms_ddr3_ax7203.led_3'
Info:     IO port 'ddr3_dq[0]' driven by IOBUF 'ddr3.ddr3_phy_inst.genblk5[0].genblk1.IOBUF_data'
Info:     IO port 'ddr3_dq[10]' driven by IOBUF 'ddr3.ddr3_phy_inst.genblk5[10].genblk1.IOBUF_data'
Info:     IO port 'ddr3_dq[11]' driven by IOBUF 'ddr3.ddr3_phy_inst.genblk5[11].genblk1.IOBUF_data'
Info:     IO port 'ddr3_dq[12]' driven by IOBUF 'ddr3.ddr3_phy_inst.genblk5[12].genblk1.IOBUF_data'
Info:     IO port 'ddr3_dq[13]' driven by IOBUF 'ddr3.ddr3_phy_inst.genblk5[13].genblk1.IOBUF_data'
Info:     IO port 'ddr3_dq[14]' driven by IOBUF 'ddr3.ddr3_phy_inst.genblk5[14].genblk1.IOBUF_data'
Info:     IO port 'ddr3_dq[15]' driven by IOBUF 'ddr3.ddr3_phy_inst.genblk5[15].genblk1.IOBUF_data'
Info:     IO port 'ddr3_dq[16]' driven by IOBUF 'ddr3.ddr3_phy_inst.genblk5[16].genblk1.IOBUF_data'
Info:     IO port 'ddr3_dq[17]' driven by IOBUF 'ddr3.ddr3_phy_inst.genblk5[17].genblk1.IOBUF_data'
Info:     IO port 'ddr3_dq[18]' driven by IOBUF 'ddr3.ddr3_phy_inst.genblk5[18].genblk1.IOBUF_data'
Info:     IO port 'ddr3_dq[19]' driven by IOBUF 'ddr3.ddr3_phy_inst.genblk5[19].genblk1.IOBUF_data'
Info:     IO port 'ddr3_dq[1]' driven by IOBUF 'ddr3.ddr3_phy_inst.genblk5[1].genblk1.IOBUF_data'
Info:     IO port 'ddr3_dq[20]' driven by IOBUF 'ddr3.ddr3_phy_inst.genblk5[20].genblk1.IOBUF_data'
Info:     IO port 'ddr3_dq[21]' driven by IOBUF 'ddr3.ddr3_phy_inst.genblk5[21].genblk1.IOBUF_data'
Info:     IO port 'ddr3_dq[22]' driven by IOBUF 'ddr3.ddr3_phy_inst.genblk5[22].genblk1.IOBUF_data'
Info:     IO port 'ddr3_dq[23]' driven by IOBUF 'ddr3.ddr3_phy_inst.genblk5[23].genblk1.IOBUF_data'
Info:     IO port 'ddr3_dq[24]' driven by IOBUF 'ddr3.ddr3_phy_inst.genblk5[24].genblk1.IOBUF_data'
Info:     IO port 'ddr3_dq[25]' driven by IOBUF 'ddr3.ddr3_phy_inst.genblk5[25].genblk1.IOBUF_data'
Info:     IO port 'ddr3_dq[26]' driven by IOBUF 'ddr3.ddr3_phy_inst.genblk5[26].genblk1.IOBUF_data'
Info:     IO port 'ddr3_dq[27]' driven by IOBUF 'ddr3.ddr3_phy_inst.genblk5[27].genblk1.IOBUF_data'
Info:     IO port 'ddr3_dq[28]' driven by IOBUF 'ddr3.ddr3_phy_inst.genblk5[28].genblk1.IOBUF_data'
Info:     IO port 'ddr3_dq[29]' driven by IOBUF 'ddr3.ddr3_phy_inst.genblk5[29].genblk1.IOBUF_data'
Info:     IO port 'ddr3_dq[2]' driven by IOBUF 'ddr3.ddr3_phy_inst.genblk5[2].genblk1.IOBUF_data'
Info:     IO port 'ddr3_dq[30]' driven by IOBUF 'ddr3.ddr3_phy_inst.genblk5[30].genblk1.IOBUF_data'
Info:     IO port 'ddr3_dq[31]' driven by IOBUF 'ddr3.ddr3_phy_inst.genblk5[31].genblk1.IOBUF_data'
Info:     IO port 'ddr3_dq[3]' driven by IOBUF 'ddr3.ddr3_phy_inst.genblk5[3].genblk1.IOBUF_data'
Info:     IO port 'ddr3_dq[4]' driven by IOBUF 'ddr3.ddr3_phy_inst.genblk5[4].genblk1.IOBUF_data'
Info:     IO port 'ddr3_dq[5]' driven by IOBUF 'ddr3.ddr3_phy_inst.genblk5[5].genblk1.IOBUF_data'
Info:     IO port 'ddr3_dq[6]' driven by IOBUF 'ddr3.ddr3_phy_inst.genblk5[6].genblk1.IOBUF_data'
Info:     IO port 'ddr3_dq[7]' driven by IOBUF 'ddr3.ddr3_phy_inst.genblk5[7].genblk1.IOBUF_data'
Info:     IO port 'ddr3_dq[8]' driven by IOBUF 'ddr3.ddr3_phy_inst.genblk5[8].genblk1.IOBUF_data'
Info:     IO port 'ddr3_dq[9]' driven by IOBUF 'ddr3.ddr3_phy_inst.genblk5[9].genblk1.IOBUF_data'
Info:     IO port 'ddr3_dm[0]' driven by OBUF 'ddr3.ddr3_phy_inst.genblk6[0].genblk1.OBUF_dm'
Info:     IO port 'ddr3_dm[1]' driven by OBUF 'ddr3.ddr3_phy_inst.genblk6[1].genblk1.OBUF_dm'
Info:     IO port 'ddr3_dm[2]' driven by OBUF 'ddr3.ddr3_phy_inst.genblk6[2].genblk1.OBUF_dm'
Info:     IO port 'ddr3_dm[3]' driven by OBUF 'ddr3.ddr3_phy_inst.genblk6[3].genblk1.OBUF_dm'
Info:     IO port 'ddr3_dqs_p[0]' driven by IOBUFDS 'ddr3.ddr3_phy_inst.genblk7[0].genblk1.IOBUFDS_dqs'
Info:     IO port 'ddr3_dqs_n[0]' driven by IOBUFDS 'ddr3.ddr3_phy_inst.genblk7[0].genblk1.IOBUFDS_dqs'
Info:     IO port 'ddr3_dqs_p[1]' driven by IOBUFDS 'ddr3.ddr3_phy_inst.genblk7[1].genblk1.IOBUFDS_dqs'
Info:     IO port 'ddr3_dqs_n[1]' driven by IOBUFDS 'ddr3.ddr3_phy_inst.genblk7[1].genblk1.IOBUFDS_dqs'
Info:     IO port 'ddr3_dqs_p[2]' driven by IOBUFDS 'ddr3.ddr3_phy_inst.genblk7[2].genblk1.IOBUFDS_dqs'
Info:     IO port 'ddr3_dqs_n[2]' driven by IOBUFDS 'ddr3.ddr3_phy_inst.genblk7[2].genblk1.IOBUFDS_dqs'
Info:     IO port 'ddr3_dqs_p[3]' driven by IOBUFDS 'ddr3.ddr3_phy_inst.genblk7[3].genblk1.IOBUFDS_dqs'
Info:     IO port 'ddr3_dqs_n[3]' driven by IOBUFDS 'ddr3.ddr3_phy_inst.genblk7[3].genblk1.IOBUFDS_dqs'
Info:     Constraining 'clk200_n' to site 'IOB_X1Y123'
Info:     Tile 'RIOB33_X105Y123'
Info:     Constraining 'clk200_p' to site 'IOB_X1Y124'
Info:     Tile 'RIOB33_X105Y123'
Info:     Constraining 'ddr3_cas_n' to site 'IOB_X1Y125'
Info:     Tile 'RIOB33_X105Y125'
Info:     Constraining 'ddr3_ck_n' to site 'IOB_X1Y143'
Info:     Tile 'RIOB33_X105Y143'
Info:     Constraining 'ddr3_ck_p' to site 'IOB_X1Y144'
Info:     Tile 'RIOB33_X105Y143'
Info:     Constraining 'ddr3_cke' to site 'IOB_X1Y122'
Info:     Tile 'RIOB33_X105Y121'
Info:     Constraining 'ddr3_cs_n' to site 'IOB_X1Y134'
Info:     Tile 'RIOB33_X105Y133'
Info:     Constraining 'ddr3_odt' to site 'IOB_X1Y121'
Info:     Tile 'RIOB33_X105Y121'
Info:     Constraining 'ddr3_ras_n' to site 'IOB_X1Y126'
Info:     Tile 'RIOB33_X105Y125'
Info:     Constraining 'ddr3_reset_n' to site 'IOB_X1Y120'
Info:     Tile 'RIOB33_X105Y119'
Info:     Constraining 'ddr3_we_n' to site 'IOB_X1Y136'
Info:     Tile 'RIOB33_X105Y135'
Info:     Constraining 'rst_n' to site 'IOB_X1Y115'
Info:     Tile 'RIOB33_X105Y115'
Info:     Constraining 'uart_tx' to site 'IOB_X0Y100'
Info:     Tile 'LIOB33_SING_X0Y100'
Info:     Constraining 'ddr3_addr[0]' to site 'IOB_X1Y127'
Info:     Tile 'RIOB33_X105Y127'
Info:     Constraining 'ddr3_addr[1]' to site 'IOB_X1Y133'
Info:     Tile 'RIOB33_X105Y133'
Info:     Constraining 'ddr3_addr[10]' to site 'IOB_X1Y139'
Info:     Tile 'RIOB33_X105Y139'
Info:     Constraining 'ddr3_addr[11]' to site 'IOB_X1Y142'
Info:     Tile 'RIOB33_X105Y141'
Info:     Constraining 'ddr3_addr[12]' to site 'IOB_X1Y141'
Info:     Tile 'RIOB33_X105Y141'
Info:     Constraining 'ddr3_addr[13]' to site 'IOB_X1Y147'
Info:     Tile 'RIOB33_X105Y147'
Info:     Constraining 'ddr3_addr[14]' to site 'IOB_X1Y137'
Info:     Tile 'RIOB33_X105Y137'
Info:     Constraining 'ddr3_addr[2]' to site 'IOB_X1Y130'
Info:     Tile 'RIOB33_X105Y129'
Info:     Constraining 'ddr3_addr[3]' to site 'IOB_X1Y129'
Info:     Tile 'RIOB33_X105Y129'
Info:     Constraining 'ddr3_addr[4]' to site 'IOB_X1Y135'
Info:     Tile 'RIOB33_X105Y135'
Info:     Constraining 'ddr3_addr[5]' to site 'IOB_X1Y138'
Info:     Tile 'RIOB33_X105Y137'
Info:     Constraining 'ddr3_addr[6]' to site 'IOB_X1Y140'
Info:     Tile 'RIOB33_X105Y139'
Info:     Constraining 'ddr3_addr[7]' to site 'IOB_X1Y148'
Info:     Tile 'RIOB33_X105Y147'
Info:     Constraining 'ddr3_addr[8]' to site 'IOB_X1Y145'
Info:     Tile 'RIOB33_X105Y145'
Info:     Constraining 'ddr3_addr[9]' to site 'IOB_X1Y146'
Info:     Tile 'RIOB33_X105Y145'
Info:     Constraining 'ddr3_ba[0]' to site 'IOB_X1Y131'
Info:     Tile 'RIOB33_X105Y131'
Info:     Constraining 'ddr3_ba[1]' to site 'IOB_X1Y132'
Info:     Tile 'RIOB33_X105Y131'
Info:     Constraining 'ddr3_ba[2]' to site 'IOB_X1Y128'
Info:     Tile 'RIOB33_X105Y127'
Info:     Constraining 'led[0]' to site 'IOB_X0Y233'
Info:     Tile 'LIOB33_X0Y233'
Info:     Constraining 'led[1]' to site 'IOB_X0Y234'
Info:     Tile 'LIOB33_X0Y233'
Info:     Constraining 'led[2]' to site 'IOB_X0Y238'
Info:     Tile 'LIOB33_X0Y237'
Info:     Constraining 'led[3]' to site 'IOB_X0Y237'
Info:     Tile 'LIOB33_X0Y237'
Info:     Constraining 'ddr3_dq[0]' to site 'IOB_X1Y196'
Info:     Tile 'RIOB33_X105Y195'
Info:     Constraining 'ddr3_dq[10]' to site 'IOB_X1Y184'
Info:     Tile 'RIOB33_X105Y183'
Info:     Constraining 'ddr3_dq[11]' to site 'IOB_X1Y179'
Info:     Tile 'RIOB33_X105Y179'
Info:     Constraining 'ddr3_dq[12]' to site 'IOB_X1Y185'
Info:     Tile 'RIOB33_X105Y185'
Info:     Constraining 'ddr3_dq[13]' to site 'IOB_X1Y180'
Info:     Tile 'RIOB33_X105Y179'
Info:     Constraining 'ddr3_dq[14]' to site 'IOB_X1Y186'
Info:     Tile 'RIOB33_X105Y185'
Info:     Constraining 'ddr3_dq[15]' to site 'IOB_X1Y176'
Info:     Tile 'RIOB33_X105Y175'
Info:     Constraining 'ddr3_dq[16]' to site 'IOB_X1Y163'
Info:     Tile 'RIOB33_X105Y163'
Info:     Constraining 'ddr3_dq[17]' to site 'IOB_X1Y168'
Info:     Tile 'RIOB33_X105Y167'
Info:     Constraining 'ddr3_dq[18]' to site 'IOB_X1Y172'
Info:     Tile 'RIOB33_X105Y171'
Info:     Constraining 'ddr3_dq[19]' to site 'IOB_X1Y165'
Info:     Tile 'RIOB33_X105Y165'
Info:     Constraining 'ddr3_dq[1]' to site 'IOB_X1Y190'
Info:     Tile 'RIOB33_X105Y189'
Info:     Constraining 'ddr3_dq[20]' to site 'IOB_X1Y171'
Info:     Tile 'RIOB33_X105Y171'
Info:     Constraining 'ddr3_dq[21]' to site 'IOB_X1Y166'
Info:     Tile 'RIOB33_X105Y165'
Info:     Constraining 'ddr3_dq[22]' to site 'IOB_X1Y173'
Info:     Tile 'RIOB33_X105Y173'
Info:     Constraining 'ddr3_dq[23]' to site 'IOB_X1Y164'
Info:     Tile 'RIOB33_X105Y163'
Info:     Constraining 'ddr3_dq[24]' to site 'IOB_X1Y159'
Info:     Tile 'RIOB33_X105Y159'
Info:     Constraining 'ddr3_dq[25]' to site 'IOB_X1Y162'
Info:     Tile 'RIOB33_X105Y161'
Info:     Constraining 'ddr3_dq[26]' to site 'IOB_X1Y160'
Info:     Tile 'RIOB33_X105Y159'
Info:     Constraining 'ddr3_dq[27]' to site 'IOB_X1Y155'
Info:     Tile 'RIOB33_X105Y155'
Info:     Constraining 'ddr3_dq[28]' to site 'IOB_X1Y154'
Info:     Tile 'RIOB33_X105Y153'
Info:     Constraining 'ddr3_dq[29]' to site 'IOB_X1Y151'
Info:     Tile 'RIOB33_X105Y151'
Info:     Constraining 'ddr3_dq[2]' to site 'IOB_X1Y197'
Info:     Tile 'RIOB33_X105Y197'
Info:     Constraining 'ddr3_dq[30]' to site 'IOB_X1Y152'
Info:     Tile 'RIOB33_X105Y151'
Info:     Constraining 'ddr3_dq[31]' to site 'IOB_X1Y156'
Info:     Tile 'RIOB33_X105Y155'
Info:     Constraining 'ddr3_dq[3]' to site 'IOB_X1Y188'
Info:     Tile 'RIOB33_X105Y187'
Info:     Constraining 'ddr3_dq[4]' to site 'IOB_X1Y195'
Info:     Tile 'RIOB33_X105Y195'
Info:     Constraining 'ddr3_dq[5]' to site 'IOB_X1Y189'
Info:     Tile 'RIOB33_X105Y189'
Info:     Constraining 'ddr3_dq[6]' to site 'IOB_X1Y198'
Info:     Tile 'RIOB33_X105Y197'
Info:     Constraining 'ddr3_dq[7]' to site 'IOB_X1Y192'
Info:     Tile 'RIOB33_X105Y191'
Info:     Constraining 'ddr3_dq[8]' to site 'IOB_X1Y178'
Info:     Tile 'RIOB33_X105Y177'
Info:     Constraining 'ddr3_dq[9]' to site 'IOB_X1Y177'
Info:     Tile 'RIOB33_X105Y177'
Info:     Constraining 'ddr3_dm[0]' to site 'IOB_X1Y191'
Info:     Tile 'RIOB33_X105Y191'
Info:     Constraining 'ddr3_dm[1]' to site 'IOB_X1Y183'
Info:     Tile 'RIOB33_X105Y183'
Info:     Constraining 'ddr3_dm[2]' to site 'IOB_X1Y167'
Info:     Tile 'RIOB33_X105Y167'
Info:     Constraining 'ddr3_dm[3]' to site 'IOB_X1Y153'
Info:     Tile 'RIOB33_X105Y153'
Info:     Constraining 'ddr3_dqs_p[0]' to site 'IOB_X1Y194'
Info:     Tile 'RIOB33_X105Y193'
Info:     Constraining 'ddr3_dqs_n[0]' to site 'IOB_X1Y193'
Info:     Tile 'RIOB33_X105Y193'
Info:     Constraining 'ddr3_dqs_p[1]' to site 'IOB_X1Y182'
Info:     Tile 'RIOB33_X105Y181'
Info:     Constraining 'ddr3_dqs_n[1]' to site 'IOB_X1Y181'
Info:     Tile 'RIOB33_X105Y181'
Info:     Constraining 'ddr3_dqs_p[2]' to site 'IOB_X1Y170'
Info:     Tile 'RIOB33_X105Y169'
Info:     Constraining 'ddr3_dqs_n[2]' to site 'IOB_X1Y169'
Info:     Tile 'RIOB33_X105Y169'
Info:     Constraining 'ddr3_dqs_p[3]' to site 'IOB_X1Y158'
Info:     Tile 'RIOB33_X105Y157'
Info:     Constraining 'ddr3_dqs_n[3]' to site 'IOB_X1Y157'
Info:     Tile 'RIOB33_X105Y157'
Info: Generating output buffer for '$iopadmap$tms_ddr3_ax7203.ddr3_cas_n'
Info: Generating output buffer for '$iopadmap$tms_ddr3_ax7203.ddr3_cke'
Info: Generating output buffer for '$iopadmap$tms_ddr3_ax7203.ddr3_cs_n'
Info: Generating output buffer for '$iopadmap$tms_ddr3_ax7203.ddr3_odt'
Info: Generating output buffer for '$iopadmap$tms_ddr3_ax7203.ddr3_ras_n'
Info: Generating output buffer for '$iopadmap$tms_ddr3_ax7203.ddr3_reset_n'
Info: Generating output buffer for '$iopadmap$tms_ddr3_ax7203.ddr3_we_n'
Info: Generating input buffer for '$iopadmap$tms_ddr3_ax7203.rst_n'
Info: Generating output buffer for '$iopadmap$tms_ddr3_ax7203.uart_tx'
Info: Generating output buffer for '$iopadmap$tms_ddr3_ax7203.ddr3_addr'
Info: Generating output buffer for '$iopadmap$tms_ddr3_ax7203.ddr3_addr_1'
Info: Generating output buffer for '$iopadmap$tms_ddr3_ax7203.ddr3_addr_10'
Info: Generating output buffer for '$iopadmap$tms_ddr3_ax7203.ddr3_addr_11'
Info: Generating output buffer for '$iopadmap$tms_ddr3_ax7203.ddr3_addr_12'
Info: Generating output buffer for '$iopadmap$tms_ddr3_ax7203.ddr3_addr_13'
Info: Generating output buffer for '$iopadmap$tms_ddr3_ax7203.ddr3_addr_14'
Info: Generating output buffer for '$iopadmap$tms_ddr3_ax7203.ddr3_addr_2'
Info: Generating output buffer for '$iopadmap$tms_ddr3_ax7203.ddr3_addr_3'
Info: Generating output buffer for '$iopadmap$tms_ddr3_ax7203.ddr3_addr_4'
Info: Generating output buffer for '$iopadmap$tms_ddr3_ax7203.ddr3_addr_5'
Info: Generating output buffer for '$iopadmap$tms_ddr3_ax7203.ddr3_addr_6'
Info: Generating output buffer for '$iopadmap$tms_ddr3_ax7203.ddr3_addr_7'
Info: Generating output buffer for '$iopadmap$tms_ddr3_ax7203.ddr3_addr_8'
Info: Generating output buffer for '$iopadmap$tms_ddr3_ax7203.ddr3_addr_9'
Info: Generating output buffer for '$iopadmap$tms_ddr3_ax7203.ddr3_ba'
Info: Generating output buffer for '$iopadmap$tms_ddr3_ax7203.ddr3_ba_1'
Info: Generating output buffer for '$iopadmap$tms_ddr3_ax7203.ddr3_ba_2'
Info: Generating output buffer for '$iopadmap$tms_ddr3_ax7203.led'
Info: Generating output buffer for '$iopadmap$tms_ddr3_ax7203.led_1'
Info: Generating output buffer for '$iopadmap$tms_ddr3_ax7203.led_2'
Info: Generating output buffer for '$iopadmap$tms_ddr3_ax7203.led_3'
Info: Generating input buffer for 'ddr3.ddr3_phy_inst.genblk5[0].genblk1.IOBUF_data'
Info: Generating output buffer for 'ddr3.ddr3_phy_inst.genblk5[0].genblk1.IOBUF_data'
Info: Generating input buffer for 'ddr3.ddr3_phy_inst.genblk5[10].genblk1.IOBUF_data'
Info: Generating output buffer for 'ddr3.ddr3_phy_inst.genblk5[10].genblk1.IOBUF_data'
Info: Generating input buffer for 'ddr3.ddr3_phy_inst.genblk5[11].genblk1.IOBUF_data'
Info: Generating output buffer for 'ddr3.ddr3_phy_inst.genblk5[11].genblk1.IOBUF_data'
Info: Generating input buffer for 'ddr3.ddr3_phy_inst.genblk5[12].genblk1.IOBUF_data'
Info: Generating output buffer for 'ddr3.ddr3_phy_inst.genblk5[12].genblk1.IOBUF_data'
Info: Generating input buffer for 'ddr3.ddr3_phy_inst.genblk5[13].genblk1.IOBUF_data'
Info: Generating output buffer for 'ddr3.ddr3_phy_inst.genblk5[13].genblk1.IOBUF_data'
Info: Generating input buffer for 'ddr3.ddr3_phy_inst.genblk5[14].genblk1.IOBUF_data'
Info: Generating output buffer for 'ddr3.ddr3_phy_inst.genblk5[14].genblk1.IOBUF_data'
Info: Generating input buffer for 'ddr3.ddr3_phy_inst.genblk5[15].genblk1.IOBUF_data'
Info: Generating output buffer for 'ddr3.ddr3_phy_inst.genblk5[15].genblk1.IOBUF_data'
Info: Generating input buffer for 'ddr3.ddr3_phy_inst.genblk5[16].genblk1.IOBUF_data'
Info: Generating output buffer for 'ddr3.ddr3_phy_inst.genblk5[16].genblk1.IOBUF_data'
Info: Generating input buffer for 'ddr3.ddr3_phy_inst.genblk5[17].genblk1.IOBUF_data'
Info: Generating output buffer for 'ddr3.ddr3_phy_inst.genblk5[17].genblk1.IOBUF_data'
Info: Generating input buffer for 'ddr3.ddr3_phy_inst.genblk5[18].genblk1.IOBUF_data'
Info: Generating output buffer for 'ddr3.ddr3_phy_inst.genblk5[18].genblk1.IOBUF_data'
Info: Generating input buffer for 'ddr3.ddr3_phy_inst.genblk5[19].genblk1.IOBUF_data'
Info: Generating output buffer for 'ddr3.ddr3_phy_inst.genblk5[19].genblk1.IOBUF_data'
Info: Generating input buffer for 'ddr3.ddr3_phy_inst.genblk5[1].genblk1.IOBUF_data'
Info: Generating output buffer for 'ddr3.ddr3_phy_inst.genblk5[1].genblk1.IOBUF_data'
Info: Generating input buffer for 'ddr3.ddr3_phy_inst.genblk5[20].genblk1.IOBUF_data'
Info: Generating output buffer for 'ddr3.ddr3_phy_inst.genblk5[20].genblk1.IOBUF_data'
Info: Generating input buffer for 'ddr3.ddr3_phy_inst.genblk5[21].genblk1.IOBUF_data'
Info: Generating output buffer for 'ddr3.ddr3_phy_inst.genblk5[21].genblk1.IOBUF_data'
Info: Generating input buffer for 'ddr3.ddr3_phy_inst.genblk5[22].genblk1.IOBUF_data'
Info: Generating output buffer for 'ddr3.ddr3_phy_inst.genblk5[22].genblk1.IOBUF_data'
Info: Generating input buffer for 'ddr3.ddr3_phy_inst.genblk5[23].genblk1.IOBUF_data'
Info: Generating output buffer for 'ddr3.ddr3_phy_inst.genblk5[23].genblk1.IOBUF_data'
Info: Generating input buffer for 'ddr3.ddr3_phy_inst.genblk5[24].genblk1.IOBUF_data'
Info: Generating output buffer for 'ddr3.ddr3_phy_inst.genblk5[24].genblk1.IOBUF_data'
Info: Generating input buffer for 'ddr3.ddr3_phy_inst.genblk5[25].genblk1.IOBUF_data'
Info: Generating output buffer for 'ddr3.ddr3_phy_inst.genblk5[25].genblk1.IOBUF_data'
Info: Generating input buffer for 'ddr3.ddr3_phy_inst.genblk5[26].genblk1.IOBUF_data'
Info: Generating output buffer for 'ddr3.ddr3_phy_inst.genblk5[26].genblk1.IOBUF_data'
Info: Generating input buffer for 'ddr3.ddr3_phy_inst.genblk5[27].genblk1.IOBUF_data'
Info: Generating output buffer for 'ddr3.ddr3_phy_inst.genblk5[27].genblk1.IOBUF_data'
Info: Generating input buffer for 'ddr3.ddr3_phy_inst.genblk5[28].genblk1.IOBUF_data'
Info: Generating output buffer for 'ddr3.ddr3_phy_inst.genblk5[28].genblk1.IOBUF_data'
Info: Generating input buffer for 'ddr3.ddr3_phy_inst.genblk5[29].genblk1.IOBUF_data'
Info: Generating output buffer for 'ddr3.ddr3_phy_inst.genblk5[29].genblk1.IOBUF_data'
Info: Generating input buffer for 'ddr3.ddr3_phy_inst.genblk5[2].genblk1.IOBUF_data'
Info: Generating output buffer for 'ddr3.ddr3_phy_inst.genblk5[2].genblk1.IOBUF_data'
Info: Generating input buffer for 'ddr3.ddr3_phy_inst.genblk5[30].genblk1.IOBUF_data'
Info: Generating output buffer for 'ddr3.ddr3_phy_inst.genblk5[30].genblk1.IOBUF_data'
Info: Generating input buffer for 'ddr3.ddr3_phy_inst.genblk5[31].genblk1.IOBUF_data'
Info: Generating output buffer for 'ddr3.ddr3_phy_inst.genblk5[31].genblk1.IOBUF_data'
Info: Generating input buffer for 'ddr3.ddr3_phy_inst.genblk5[3].genblk1.IOBUF_data'
Info: Generating output buffer for 'ddr3.ddr3_phy_inst.genblk5[3].genblk1.IOBUF_data'
Info: Generating input buffer for 'ddr3.ddr3_phy_inst.genblk5[4].genblk1.IOBUF_data'
Info: Generating output buffer for 'ddr3.ddr3_phy_inst.genblk5[4].genblk1.IOBUF_data'
Info: Generating input buffer for 'ddr3.ddr3_phy_inst.genblk5[5].genblk1.IOBUF_data'
Info: Generating output buffer for 'ddr3.ddr3_phy_inst.genblk5[5].genblk1.IOBUF_data'
Info: Generating input buffer for 'ddr3.ddr3_phy_inst.genblk5[6].genblk1.IOBUF_data'
Info: Generating output buffer for 'ddr3.ddr3_phy_inst.genblk5[6].genblk1.IOBUF_data'
Info: Generating input buffer for 'ddr3.ddr3_phy_inst.genblk5[7].genblk1.IOBUF_data'
Info: Generating output buffer for 'ddr3.ddr3_phy_inst.genblk5[7].genblk1.IOBUF_data'
Info: Generating input buffer for 'ddr3.ddr3_phy_inst.genblk5[8].genblk1.IOBUF_data'
Info: Generating output buffer for 'ddr3.ddr3_phy_inst.genblk5[8].genblk1.IOBUF_data'
Info: Generating input buffer for 'ddr3.ddr3_phy_inst.genblk5[9].genblk1.IOBUF_data'
Info: Generating output buffer for 'ddr3.ddr3_phy_inst.genblk5[9].genblk1.IOBUF_data'
Info: Generating output buffer for 'ddr3.ddr3_phy_inst.genblk6[0].genblk1.OBUF_dm'
Info: Generating output buffer for 'ddr3.ddr3_phy_inst.genblk6[1].genblk1.OBUF_dm'
Info: Generating output buffer for 'ddr3.ddr3_phy_inst.genblk6[2].genblk1.OBUF_dm'
Info: Generating output buffer for 'ddr3.ddr3_phy_inst.genblk6[3].genblk1.OBUF_dm'
Info:     Created 5 INVERTER cells from:
Info:              5x INV
Info:     Created 79 PAD cells from:
Info:             79x PAD
Info: Preparing clocking...
Info: Packing constants..
Info: Packing cfg...
Info: Packing PLLs...
Info:     Constrained PLLE2_ADV_PLLE2_ADV 'pll' to bel 'PLLE2_ADV_X1Y2/PLLE2_ADV' based on dedicated routing
Info:     PLL/MMCM: disconnected 28 const DRP/control pins (Vivado leaves them unrouted)
Info: Packing Gigabit Transceivers..
Info: Packing global buffers...
Info:     Constrained BUFGCTRL 'clk_ctrl_bufg' to bel 'BUFGCTRL_X0Y0/BUFGCTRL' based on dedicated routing
Info:     Constrained BUFGCTRL 'clk_ddr_90_bufg' to bel 'BUFGCTRL_X0Y1/BUFGCTRL' based on dedicated routing
Info:     Constrained BUFGCTRL 'clk_ddr_bufg' to bel 'BUFGCTRL_X0Y2/BUFGCTRL' based on dedicated routing
Info:     Constrained BUFGCTRL 'clk_ref_bufg' to bel 'BUFGCTRL_X0Y3/BUFGCTRL' based on dedicated routing
Info: Packing MUX[789]s..
Info: Packing carries (atomic CARRY4)..
Info:    Packed 325 CARRY4 cells into 79 chains (atomic).
Info: router2 PRECYINIT fix: 325 CARRY4 cells, 404 constant carry pins disconnected
Info:    Carry-O relocation: 16 sum(s) duplicated, 16 CARRY4 split(s), 0 bit(s) skipped (unrelocatable)
Info: Packing LUTs..
Info:     Created 12605 SLICE_LUTX cells from:
Info:           2602x LUT1
Info:           1593x LUT2
Info:           2502x LUT3
Info:           1448x LUT4
Info:           3177x LUT5
Info:           1283x LUT6
Info: Packing DRAM..
Info:    Transformed 0 tied-low DRAM address inputs to be tied-high
Info: Packing BRAM..
Info: Packing DSPs..
Info: Packing flipflops..
Info:     Created 5850 SLICE_FFX cells from:
Info:           2101x FDCE
Info:             16x FDPE
Info:           3698x FDRE
Info:             35x FDSE
Info:     local-const FF control: disconnected 120 SR(=GND) + 3455 CE(=VCC) pins from global nets
Info: Constrained 3851 LUTFF pairs.

Info: Annotating ports with timing budgets for target frequency 12.00 MHz
Info: Checksum: 0xee41620e

Info: Device utilisation:
Info: 	          SLICE_LUTX: 12605/269200     4%
Info: 	           SLICE_FFX:  5850/269200     2%
Info: 	              CARRY4:   341/33650     1%
Info: 	          PSEUDO_GND:     1/69165     0%
Info: 	          PSEUDO_VCC:     1/69165     0%
Info: 	               HARD0:     0/ 3960     0%
Info: 	            RAMB18E1:     0/  730     0%
Info: 	            FIFO18E1:     0/  365     0%
Info: 	        RAMBFIFO36E1:     0/  365     0%
Info: 	            RAMB36E1:     0/  365     0%
Info: 	             DSP48E1:     0/  740     0%
Info: 	                 PAD:    79/ 1062     7%
Info: 	       IOB33M_OUTBUF:     5/  240     2%
Info: 	       IOB33S_OUTBUF:     5/  240     2%
Info: 	        IOB33_OUTBUF:    66/  500    13%
Info: 	     IOB33M_INBUF_EN:     5/  240     2%
Info: 	     IOB33S_INBUF_EN:     0/  240     0%
Info: 	      IOB33_INBUF_EN:    33/  500     6%
Info: 	IOB33M_TERM_OVERRIDE:     0/  240     0%
Info: 	IOB33S_TERM_OVERRIDE:     0/  240     0%
Info: 	 IOB33_TERM_OVERRIDE:     0/  500     0%
Info: 	       PULL_OR_KEEP1:     0/  980     0%
Info: 	            IDELAYE2:    36/  500     7%
Info: 	        OLOGICE3_TFF:     0/  500     0%
Info: 	      OLOGICE3_OUTFF:     0/  500     0%
Info: 	       OLOGICE3_MISR:     0/  500     0%
Info: 	           OSERDESE2:    65/  500    13%
Info: 	        ILOGICE3_IFF:     0/  500     0%
Info: 	ILOGICE3_ZHOLD_DELAY:     0/  500     0%
Info: 	           ISERDESE2:    36/  500     7%
Info: 	                BUFR:     0/   40     0%
Info: 	               BUFIO:     0/   40     0%
Info: 	          IDELAYCTRL:     1/   10    10%
Info: 	            BUFGCTRL:     4/   32    12%
Info: 	            PCIE_2_1:     0/    1     0%
Info: 	               BSCAN:     0/    4     0%
Info: 	                BUFG:     0/   32     0%
Info: 	              BUFHCE:     0/  120     0%
Info: 	            DCIRESET:     0/    1     0%
Info: 	            DNA_PORT:     0/    1     0%
Info: 	           EFUSE_USR:     0/    1     0%
Info: 	           FRAME_ECC:     0/    1     0%
Info: 	       GTPE2_CHANNEL:     0/   16     0%
Info: 	        GTPE2_COMMON:     0/    4     0%
Info: 	         IBUFDS_GTE2:     0/    8     0%
Info: 	                ICAP:     0/    2     0%
Info: 	            INVERTER:     5/  240     2%
Info: 	          MMCME2_ADV:     0/   10     0%
Info: 	        OLOGICE2_TFF:     0/  500     0%
Info: 	      OLOGICE2_OUTFF:     0/  500     0%
Info: 	           PLLE2_ADV:     1/   10    10%
Info: 	           SELMUX2_1:     0/102950     0%
Info: 	             STARTUP:     0/    1     0%
Info: 	          USR_ACCESS:     0/    1     0%
Info: 	              BUFFER:     0/   82     0%
Info: 	        ILOGICE2_IFF:     0/  500     0%
Info: 	       OLOGICE2_MISR:     0/  500     0%

Info: HeAP congestion knobs: beta=0.400 spread_scale=2,1 alpha=0.080
Info: Placed 341 cells based on constraints.
Info: Creating initial analytic placement for 11819 cells, random placement wirelen = 4712317.
Info:     at initial placer iter 0, wirelen = 50617
Info:     at initial placer iter 1, wirelen = 45518
Info:     at initial placer iter 2, wirelen = 43503
Info:     at initial placer iter 3, wirelen = 42920
Info: Running main analytical placer.
Info:     at iteration #1, type ALL: wirelen solved = 43113, spread = 523540, legal = 529014; time = 0.26s
Info:     at iteration #2, type ALL: wirelen solved = 96042, spread = 383969, legal = 390471; time = 0.31s
Info:     at iteration #3, type ALL: wirelen solved = 125412, spread = 314275, legal = 321186; time = 0.26s
Info:     at iteration #4, type ALL: wirelen solved = 140727, spread = 333512, legal = 339519; time = 0.26s
Info:     at iteration #5, type ALL: wirelen solved = 151998, spread = 314802, legal = 325574; time = 0.26s
Info:     at iteration #6, type ALL: wirelen solved = 156006, spread = 299426, legal = 306821; time = 0.26s
Info:     at iteration #7, type ALL: wirelen solved = 159314, spread = 258403, legal = 268108; time = 0.27s
Info:     at iteration #8, type ALL: wirelen solved = 164940, spread = 264478, legal = 273278; time = 0.27s
Info:     at iteration #9, type ALL: wirelen solved = 169843, spread = 281268, legal = 293463; time = 0.25s
Info:     at iteration #10, type ALL: wirelen solved = 173512, spread = 282002, legal = 286003; time = 0.23s
Info:     at iteration #11, type ALL: wirelen solved = 181018, spread = 290444, legal = 302924; time = 0.23s
Info:     at iteration #12, type ALL: wirelen solved = 192594, spread = 248525, legal = 253093; time = 0.22s
Info:     at iteration #13, type ALL: wirelen solved = 195604, spread = 268969, legal = 271162; time = 0.23s
Info:     at iteration #14, type ALL: wirelen solved = 216097, spread = 265807, legal = 274817; time = 0.22s
Info:     at iteration #15, type ALL: wirelen solved = 223134, spread = 268775, legal = 272544; time = 0.23s
Info: HeAP Placer Time: 5.34s
Info:   of which solving equations: 2.54s
Info:   of which spreading cells: 0.58s
Info:   of which strict legalisation: 1.17s

Info: Running simulated annealing placer for refinement.
Info:   at iteration #1: temp = 0.000000, timing cost = 638, wirelen = 253093
Info:   at iteration #5: temp = 0.000000, timing cost = 314, wirelen = 241851
Info:   at iteration #10: temp = 0.000000, timing cost = 301, wirelen = 241152
Info:   at iteration #10: temp = 0.000000, timing cost = 301, wirelen = 241179 
Info: SA placement time 3.10s

Info: Max frequency for clock 'clk_ctrl': 67.53 MHz (FAIL at 83.33 MHz)

Info: Slack histogram:
Info:  legend: * represents 35 endpoint(s)
Info:          + represents [1,35) endpoint(s)
Info: [ -2808,  -2083) |+
Info: [ -2083,  -1358) |+
Info: [ -1358,   -633) |+
Info: [  -633,     92) |+
Info: [    92,    817) |+
Info: [   817,   1542) |+
Info: [  1542,   2267) |**+
Info: [  2267,   2992) |*******+
Info: [  2992,   3717) |**************+
Info: [  3717,   4442) |**************************+
Info: [  4442,   5167) |***************************+
Info: [  5167,   5892) |**********************+
Info: [  5892,   6617) |***************+
Info: [  6617,   7342) |****************+
Info: [  7342,   8067) |************************************+
Info: [  8067,   8792) |********************************************+
Info: [  8792,   9517) |************************************************************ 
Info: [  9517,  10242) |********************************************************+
Info: [ 10242,  10967) |**************************+
Info: [ 10967,  11692) |*********************+
Info: Checksum: 0xc017717c
Info: Running post-placement legalisation...
Info: post-place repair: relocated 5027 stranded cluster(s)/cell(s) to valid bels
Info: Routing global clocks...
Info:     routing clock 'clk_ddr'
Info:     routing clock 'clk_ctrl'
Info:     routing clock 'clk200_in'
Info:     routing clock 'ctrl_raw'
Info:     routing clock 'ddr90_raw'
Info:     routing clock 'clk_ddr_90'
Info:     routing clock 'ddr_raw'
Info:     routing clock 'ref_raw'
Info:     routing clock 'clk_ref'
Info: Running router2...
Info: Setting up routing resources...
Info: Adopted 6127 pre-routed arc(s)
Info: Running main router loop...
Info:     iter=1 wires=296980 overused=10339 overuse=10591 archfail=NA
Info:     iter=2 wires=304089 overused=34 overuse=34 archfail=NA
Info:     iter=3 wires=304127 overused=0 overuse=0 archfail=0
Info: 1000 slowest nets by runtime:
                                                                              ddr3.reset   3614 517.0ms
        $techmap$techmap133394$auto$ff.cc:337:slice$66286.$auto$abc9_ops.cc:411:prep_bypass$133319.CLR   1924 241.5ms
                                         $techmap438052$abc$431868$lut$aiger$o10837.A[3]    335 237.6ms
                                                 ddr3.ddr3_controller_inst.index_wb_data    257 237.3ms
                                         $techmap438052$abc$431868$lut$aiger$o10837.A[2]    336 227.6ms
                                    $techmap436955$abc$431868$lut$aiger431867$11783.A[0]    293 195.1ms
                                             $techmap135366$auto$ff.cc:337:slice$46378.D    433 194.7ms
                                $abc$431868$auto$simple.cc:210:make_patterns_logic$41333    282 181.7ms
                                        ddr3.ddr3_controller_inst.data_start_index[3][5]    111 176.8ms
                                                 ddr3.ddr3_controller_inst.stage2_update    286 176.0ms
                                $abc$431868$auto$simple.cc:210:make_patterns_logic$41317    257 169.7ms
                                                       ddr3.ddr3_controller_inst.lane[0]    126 146.4ms
                  $techmap438934$auto$abc_ops_reintegrate.cc:611:reintegrate$433082.A[4]     69 146.1ms
                  $techmap437317$auto$abc_ops_reintegrate.cc:611:reintegrate$433431.A[3]     47 139.5ms
                                        ddr3.ddr3_controller_inst.data_start_index[3][4]    209 132.5ms
                                                       ddr3.ddr3_controller_inst.lane[1]    123 126.3ms
                                                             ddr3.ddr3_phy_inst.sync_rst    102 125.7ms
                                                    ddr3.ddr3_controller_inst.late_dq[1]    198 120.4ms
                                        ddr3.ddr3_controller_inst.data_start_index[3][1]    169 117.3ms
                                         $techmap443218$abc$431868$lut$aiger$o10883.A[2]    209 117.2ms
                                        ddr3.ddr3_controller_inst.data_start_index[3][6]    106 114.9ms
                                        ddr3.ddr3_controller_inst.data_start_index[3][0]    108 112.9ms
                                                                                     rst    193 112.3ms
                  $techmap437170$auto$abc_ops_reintegrate.cc:611:reintegrate$433471.A[0]    274 111.8ms
                                                                              pll_locked      2 111.1ms
                  $techmap437827$auto$abc_ops_reintegrate.cc:611:reintegrate$433410.A[1]     45 109.9ms
                                        ddr3.ddr3_controller_inst.data_start_index[1][3]    170 108.8ms
                                        ddr3.ddr3_controller_inst.data_start_index[2][6]    106 102.6ms
        $flatten\ddr3.\ddr3_controller_inst.$shiftx$build/uberddr3/rtl/ddr3_controller.v:2248$13235.Y     64 100.3ms
                                        ddr3.ddr3_controller_inst.data_start_index[3][3]    169 98.5ms
                  $techmap437085$auto$abc_ops_reintegrate.cc:611:reintegrate$433491.A[1]     80 95.9ms
                                        ddr3.ddr3_controller_inst.data_start_index[0][3]    168 94.3ms
                  $techmap438141$auto$abc_ops_reintegrate.cc:611:reintegrate$433274.A[1]    103 94.0ms
                                                    ddr3.ddr3_controller_inst.late_dq[0]    202 92.9ms
                                        ddr3.ddr3_controller_inst.data_start_index[1][1]    168 92.3ms
                                        ddr3.ddr3_controller_inst.data_start_index[0][1]    166 90.0ms
                                        ddr3.ddr3_controller_inst.data_start_index[0][4]    208 89.9ms
                  $techmap439798$auto$abc_ops_reintegrate.cc:611:reintegrate$432840.A[4]     55 89.5ms
                                    $techmap438132$abc$431868$lut$aiger431867$20253.A[3]     95 87.6ms
                  $techmap437237$auto$abc_ops_reintegrate.cc:611:reintegrate$433451.A[2]     57 85.9ms
                  $techmap437809$auto$abc_ops_reintegrate.cc:611:reintegrate$433417.A[1]     58 85.8ms
                                        ddr3.ddr3_controller_inst.data_start_index[2][5]    108 85.1ms
                  $techmap436908$auto$abc_ops_reintegrate.cc:611:reintegrate$433515.A[3]     84 84.9ms
                  $techmap436898$auto$abc_ops_reintegrate.cc:611:reintegrate$433517.A[3]     86 84.1ms
                                                    ddr3.ddr3_controller_inst.late_dq[2]    203 83.1ms
                  $techmap439174$auto$abc_ops_reintegrate.cc:611:reintegrate$433000.A[2]     75 83.0ms
                  $techmap438254$auto$abc_ops_reintegrate.cc:611:reintegrate$433259.A[0]    110 82.8ms
                  $techmap437126$auto$abc_ops_reintegrate.cc:611:reintegrate$433482.A[4]     64 82.5ms
                                         $techmap443218$abc$431868$lut$aiger$o10883.A[3]     72 81.9ms
                                                    ddr3.ddr3_controller_inst.late_dq[3]    198 81.4ms
                                        ddr3.ddr3_controller_inst.data_start_index[2][3]    168 81.3ms
                                    $techmap438130$abc$431868$lut$aiger431867$20246.A[4]     87 80.2ms
                  $techmap436958$auto$abc_ops_reintegrate.cc:611:reintegrate$433506.A[0]    141 77.6ms
         $techmap442764$auto$abc_ops_reintegrate.cc:611:reintegrate$431916.A[0]$sum$4645     68 75.0ms
                                        ddr3.ddr3_controller_inst.data_start_index[2][0]    108 74.7ms
                                        ddr3.ddr3_controller_inst.data_start_index[1][4]    209 74.1ms
                                        ddr3.ddr3_controller_inst.data_start_index[2][4]    211 72.4ms
                                      ddr3.ddr3_controller_inst.write_by_byte_counter[3]     42 71.2ms
                  $techmap436892$auto$abc_ops_reintegrate.cc:611:reintegrate$433519.A[3]     76 70.4ms
                                        ddr3.ddr3_controller_inst.data_start_index[0][2]    146 70.0ms
                                        ddr3.ddr3_controller_inst.data_start_index[1][5]    109 69.7ms
                                        ddr3.ddr3_controller_inst.data_start_index[3][2]    148 68.8ms
                                                ddr3.ddr3_controller_inst.stage2_pending     41 68.5ms
                  $techmap439988$auto$abc_ops_reintegrate.cc:611:reintegrate$432787.A[0]     55 68.2ms
                                        ddr3.ddr3_controller_inst.data_start_index[1][0]    108 67.5ms
        $flatten\ddr3.\ddr3_controller_inst.$shiftx$build/uberddr3/rtl/ddr3_controller.v:2225$13231.Y     64 67.1ms
        $flatten\ddr3.\ddr3_controller_inst.$shiftx$build/uberddr3/rtl/ddr3_controller.v:2248$13243.Y     64 67.0ms
                  $techmap438147$auto$abc_ops_reintegrate.cc:611:reintegrate$433269.A[1]     66 66.7ms
                                    $techmap443217$abc$431868$lut$aiger431867$20909.A[1]    106 65.2ms
                                        ddr3.ddr3_controller_inst.data_start_index[2][2]    148 65.0ms
                  $techmap437126$auto$abc_ops_reintegrate.cc:611:reintegrate$433482.A[1]     41 63.1ms
                  $techmap438942$auto$abc_ops_reintegrate.cc:611:reintegrate$433080.A[2]     53 63.0ms
                                                                                    s_go     64 62.2ms
                                        ddr3.ddr3_controller_inst.data_start_index[0][6]    100 61.4ms
                  $techmap438141$auto$abc_ops_reintegrate.cc:611:reintegrate$433274.A[2]     79 61.0ms
                                        ddr3.ddr3_controller_inst.data_start_index[1][2]    148 60.5ms
                                                                            recalibrated      1 58.1ms
                  $techmap436958$auto$abc_ops_reintegrate.cc:611:reintegrate$433506.A[1]     97 57.3ms
                                        ddr3.ddr3_controller_inst.data_start_index[0][5]    103 56.8ms
                                        ddr3.ddr3_controller_inst.data_start_index[0][0]    108 56.7ms
                                        ddr3.ddr3_controller_inst.data_start_index[2][1]    168 56.3ms
                                $abc$431868$auto$simple.cc:210:make_patterns_logic$41024     64 55.7ms
        $flatten\ddr3.\ddr3_controller_inst.$shiftx$build/uberddr3/rtl/ddr3_controller.v:2225$13239.Y     64 55.0ms
                                             $techmap134006$auto$ff.cc:337:slice$64411.D     50 54.7ms
                  $techmap441190$auto$abc_ops_reintegrate.cc:611:reintegrate$432388.A[2]     45 53.5ms
                  $techmap441223$auto$abc_ops_reintegrate.cc:611:reintegrate$432383.A[1]     56 53.4ms
                                        ddr3.ddr3_controller_inst.data_start_index[1][6]    105 53.0ms
                  $techmap436903$auto$abc_ops_reintegrate.cc:611:reintegrate$433516.A[3]     71 51.2ms
                  $techmap438269$auto$abc_ops_reintegrate.cc:611:reintegrate$433251.A[0]     62 50.7ms
                  $techmap438269$auto$abc_ops_reintegrate.cc:611:reintegrate$433251.A[1]     68 49.6ms
                                    $techmap438482$abc$431868$lut$aiger431867$26993.A[0]    113 49.5ms
                                                ddr3.ddr3_controller_inst.stage1_bank[0]     42 48.5ms
                  $techmap437015$auto$abc_ops_reintegrate.cc:611:reintegrate$433504.A[0]     64 47.9ms
        $flatten\ddr3.\ddr3_controller_inst.$shiftx$build/uberddr3/rtl/ddr3_controller.v:2248$13251.Y     64 47.1ms
                  $techmap437126$auto$abc_ops_reintegrate.cc:611:reintegrate$433482.A[2]     77 46.0ms
                                    $techmap439972$abc$431868$lut$aiger431867$40628.A[2]     43 45.6ms
                                             $techmap135368$auto$ff.cc:337:slice$46376.D     66 44.3ms
                                             $techmap133470$auto$ff.cc:337:slice$64706.D     33 44.0ms
                                $abc$431868$auto$simple.cc:210:make_patterns_logic$40512     41 42.1ms
                                                                                 tx_busy     77 41.8ms
        $flatten\ddr3.\ddr3_controller_inst.$shiftx$build/uberddr3/rtl/ddr3_controller.v:2225$13247.Y     64 41.4ms
                                    $techmap438485$abc$431868$lut$aiger431867$27003.A[0]    111 40.0ms
                                         $techmap443462$abc$431868$lut$aiger$o14063.A[0]     64 39.6ms
                  $techmap439768$auto$abc_ops_reintegrate.cc:611:reintegrate$432850.A[0]    104 39.2ms
                                              ddr3.ddr3_controller_inst.stage2_bank_d[0]     45 38.8ms
                                    $techmap438465$abc$431868$lut$aiger431867$16544.A[0]     54 38.8ms
                  $techmap436949$auto$abc_ops_reintegrate.cc:611:reintegrate$433507.A[0]     75 38.1ms
                                    $techmap437806$abc$431868$lut$aiger431867$16499.A[0]     42 37.1ms
                                            ddr3.ddr3_controller_inst.dqs_start_index[0]     50 36.5ms
                  $techmap438510$auto$abc_ops_reintegrate.cc:611:reintegrate$433196.A[0]     71 35.4ms
                                $abc$431868$auto$simple.cc:210:make_patterns_logic$40522     64 33.3ms
                                          $techmap445833$abc$431868$lut$aiger$o8982.A[2]     72 32.0ms
                                    $techmap438462$abc$431868$lut$aiger431867$16542.A[1]     54 31.5ms
                                              ddr3.ddr3_controller_inst.write_pattern[0]     57 31.4ms
        $flatten\ddr3.\ddr3_controller_inst.$shiftx$build/uberddr3/rtl/ddr3_controller.v:2225$13255.Y     64 31.0ms
                                         $techmap443462$abc$431868$lut$aiger$o14063.A[1]     64 29.6ms
        $flatten\ddr3.\ddr3_controller_inst.$shiftx$build/uberddr3/rtl/ddr3_controller.v:2248$13259.Y     64 27.3ms
                                                                          calib_complete     32 26.8ms
                                    $techmap438467$abc$431868$lut$aiger431867$26984.A[0]     53 25.0ms
                  $techmap436949$auto$abc_ops_reintegrate.cc:611:reintegrate$433507.A[2]     69 24.7ms
                  $techmap438337$auto$abc_ops_reintegrate.cc:611:reintegrate$433216.A[5]     41 24.3ms
                  $techmap438141$auto$abc_ops_reintegrate.cc:611:reintegrate$433274.A[0]     36 23.0ms
                  $techmap437317$auto$abc_ops_reintegrate.cc:611:reintegrate$433431.A[1]     39 22.9ms
                                $abc$431868$auto$simple.cc:210:make_patterns_logic$41598     40 21.1ms
                                                          ddr3.idelay_data_cntvaluein[3]     36 21.0ms
                                           $abc$431868$auto$rtlil.cc:3488:NotGate$123834     18 20.8ms
                  $techmap438144$auto$abc_ops_reintegrate.cc:611:reintegrate$433271.A[1]     36 20.6ms
                                                          ddr3.idelay_data_cntvaluein[4]     36 19.9ms
                                          ddr3.ddr3_controller_inst.start_index_check[4]     38 18.0ms
                                       ddr3.ddr3_controller_inst.delay_counter_is_zero_d     30 17.9ms
                                                          ddr3.idelay_data_cntvaluein[1]     36 17.5ms
                                    $techmap436804$abc$431868$lut$aiger431867$20081.A[4]     23 17.0ms
                                              ddr3.ddr3_controller_inst.stage2_bank_d[1]     35 16.5ms
                                        ddr3.ddr3_controller_inst.instruction_address[4]     25 15.8ms
                                    $techmap438130$abc$431868$lut$aiger431867$20246.A[3]     40 15.8ms
                                      ddr3.ddr3_controller_inst.write_by_byte_counter[4]     37 15.8ms
                                        ddr3.ddr3_controller_inst.instruction_address[3]     26 15.3ms
                  $techmap437154$auto$abc_ops_reintegrate.cc:611:reintegrate$433475.A[2]     32 14.6ms
                                         ddr3.ddr3_controller_inst.stage1_next_bank_d[0]     37 14.5ms
                  $techmap436876$auto$abc_ops_reintegrate.cc:611:reintegrate$433523.A[3]     33 14.5ms
                                $abc$431868$auto$simple.cc:210:make_patterns_logic$41588     28 14.5ms
                  $techmap438274$auto$abc_ops_reintegrate.cc:611:reintegrate$433248.A[1]     35 14.4ms
                                                                              line_a[28]      1 14.0ms
                  $techmap441410$auto$abc_ops_reintegrate.cc:611:reintegrate$432341.A[1]     28 13.9ms
                  $techmap441346$auto$abc_ops_reintegrate.cc:611:reintegrate$432351.A[1]     29 13.8ms
                                    $techmap439972$abc$431868$lut$aiger431867$40628.A[4]     33 13.8ms
                  $techmap441346$auto$abc_ops_reintegrate.cc:611:reintegrate$432351.A[0]     30 13.7ms
                                    $techmap438940$abc$431868$lut$aiger431867$33220.A[1]     34 13.4ms
                                                                                 uart.tx      1 13.4ms
                                                ddr3.ddr3_controller_inst.stage1_bank[2]     39 13.0ms
                                    ddr3.ddr3_controller_inst.stage2_data_unaligned[120]      8 12.9ms
                  $techmap439174$auto$abc_ops_reintegrate.cc:611:reintegrate$433000.A[3]     34 12.8ms
                                    $techmap437730$abc$431868$lut$aiger431867$15383.A[2]     32 12.6ms
                                              ddr3.ddr3_controller_inst.stage2_bank_d[2]     38 12.3ms
                  $techmap442339$auto$abc_ops_reintegrate.cc:611:reintegrate$432119.A[1]     29 12.2ms
                  $techmap441391$auto$abc_ops_reintegrate.cc:611:reintegrate$432345.A[0]     30 12.2ms
                  $techmap441424$auto$abc_ops_reintegrate.cc:611:reintegrate$432339.A[0]     30 11.9ms
                  $techmap437239$auto$abc_ops_reintegrate.cc:611:reintegrate$433450.A[3]     20 11.9ms
                                         ddr3.ddr3_controller_inst.stage1_next_bank_d[1]     39 11.9ms
                                      ddr3.ddr3_controller_inst.write_by_byte_counter[2]     37 11.7ms
                  $techmap442333$auto$abc_ops_reintegrate.cc:611:reintegrate$432120.A[1]     29 11.7ms
                                                                               debug1[0]     35 11.7ms
                                          $techmap436752$abc$431868$lut$aiger$o5674.A[0]     35 11.7ms
                                                          ddr3.idelay_data_cntvaluein[2]     36 11.7ms
                  $techmap441638$auto$abc_ops_reintegrate.cc:611:reintegrate$432309.A[1]     27 11.6ms
                                                ddr3.ddr3_controller_inst.stage1_bank[1]     40 11.2ms
                                $abc$431868$auto$simple.cc:210:make_patterns_logic$40595     40 11.2ms
                                    $techmap437734$abc$431868$lut$aiger431867$15390.A[1]     25 11.2ms
                                            ddr3.ddr3_controller_inst.dqs_start_index[2]     25 11.2ms
                  $techmap442534$auto$abc_ops_reintegrate.cc:611:reintegrate$432029.A[1]     26 11.2ms
                                    $techmap441339$abc$431868$lut$aiger431867$50811.A[1]     24 11.0ms
                                    $techmap437082$abc$431868$lut$aiger431867$12244.A[1]     37 10.9ms
                  $techmap442283$auto$abc_ops_reintegrate.cc:611:reintegrate$432139.A[1]     27 10.9ms
                                             $techmap133468$auto$ff.cc:337:slice$66022.D     40 10.5ms
                                           $abc$431868$auto$rtlil.cc:3488:NotGate$123806     18 10.5ms
                                                                               debug1[3]     27 10.5ms
                                                                               debug1[4]     32 10.4ms
                                    $techmap436800$abc$431868$lut$aiger431867$22745.A[0]     35 10.2ms
                                    $techmap439923$abc$431868$lut$aiger431867$40523.A[2]     33 10.1ms
                  $techmap437307$auto$abc_ops_reintegrate.cc:611:reintegrate$433435.A[5]     18 10.1ms
                                          ddr3.ddr3_controller_inst.start_index_check[5]     37 10.0ms
                                    ddr3.ddr3_controller_inst.calib_data_randomized[103]     14 10.0ms
                                        ddr3.ddr3_controller_inst.instruction_address[1]     22 9.9ms
                                                          ddr3.idelay_data_cntvaluein[0]     33 9.8ms
                                    ddr3.ddr3_controller_inst.stage2_data_unaligned[160]      8 9.8ms
                                    $techmap443216$abc$431868$lut$aiger431867$20887.A[0]     33 9.7ms
                                    $techmap439978$abc$431868$lut$aiger431867$40882.A[4]     33 9.6ms
                                $abc$431868$auto$simple.cc:210:make_patterns_logic$41245     25 9.6ms
                                         $techmap443573$abc$431868$lut$aiger$o14054.A[0]     32 9.5ms
                  $techmap441391$auto$abc_ops_reintegrate.cc:611:reintegrate$432345.A[1]     24 9.5ms
                  $techmap437289$auto$abc_ops_reintegrate.cc:611:reintegrate$433438.A[2]     15 9.5ms
                  $techmap440324$auto$abc_ops_reintegrate.cc:611:reintegrate$432669.A[1]     27 9.5ms
                                 ddr3.ddr3_controller_inst.check_test_address_counter[5]     20 9.4ms
                  $techmap437275$auto$abc_ops_reintegrate.cc:611:reintegrate$433443.A[4]     20 9.3ms
                  $techmap437831$auto$abc_ops_reintegrate.cc:611:reintegrate$433408.A[4]     18 9.2ms
                  $techmap442816$auto$abc_ops_reintegrate.cc:611:reintegrate$431894.A[0]     19 9.0ms
                                                                     ddr3.dq_tri_control     36 9.0ms
                  $techmap442288$auto$abc_ops_reintegrate.cc:611:reintegrate$432138.A[1]     31 9.0ms
                                    $techmap436804$abc$431868$lut$aiger431867$20081.A[5]     21 9.0ms
                  $techmap437843$auto$abc_ops_reintegrate.cc:611:reintegrate$433401.A[3]     15 9.0ms
                  $techmap441410$auto$abc_ops_reintegrate.cc:611:reintegrate$432341.A[0]     29 8.9ms
                                         $techmap443568$abc$431868$lut$aiger$o12244.A[1]     37 8.9ms
                  $techmap436809$auto$abc_ops_reintegrate.cc:611:reintegrate$433551.A[0]      7 8.7ms
                                           $abc$431868$auto$rtlil.cc:3488:NotGate$123792     17 8.6ms
                  $techmap436864$auto$abc_ops_reintegrate.cc:611:reintegrate$433525.A[3]     31 8.5ms
                  $techmap437843$auto$abc_ops_reintegrate.cc:611:reintegrate$433401.A[5]     17 8.5ms
        $abc$431868$flatten\ddr3.\ddr3_phy_inst.$logic_not$build/uberddr3/rtl/ddr3_phy.v:1126$12003_Y      6 8.4ms
                  $techmap436870$auto$abc_ops_reintegrate.cc:611:reintegrate$433524.A[3]     23 8.4ms
                                         $techmap443101$abc$431868$lut$aiger$o10490.A[4]     30 8.4ms
                  $techmap437246$auto$abc_ops_reintegrate.cc:611:reintegrate$433448.A[4]     19 8.2ms
                  $techmap436809$auto$abc_ops_reintegrate.cc:611:reintegrate$433551.A[5]     11 8.1ms
                  $techmap437767$auto$abc_ops_reintegrate.cc:611:reintegrate$433425.A[5]     33 8.1ms
                                            ddr3.ddr3_controller_inst.dqs_start_index[1]     37 7.9ms
                  $techmap440720$auto$abc_ops_reintegrate.cc:611:reintegrate$432530.A[0]     18 7.9ms
                                                                            wb_rdata[29]      3 7.9ms
                                    $techmap437253$abc$431868$lut$aiger431867$13509.A[1]     16 7.9ms
                  $techmap437154$auto$abc_ops_reintegrate.cc:611:reintegrate$433475.A[1]     32 7.8ms
                  $techmap437154$auto$abc_ops_reintegrate.cc:611:reintegrate$433475.A[0]     33 7.8ms
                  $techmap442773$auto$abc_ops_reintegrate.cc:611:reintegrate$431912.A[4]     25 7.7ms
                  $techmap437295$auto$abc_ops_reintegrate.cc:611:reintegrate$433437.A[4]     18 7.7ms
                  $techmap437239$auto$abc_ops_reintegrate.cc:611:reintegrate$433450.A[4]     22 7.6ms
                  $techmap436858$auto$abc_ops_reintegrate.cc:611:reintegrate$433526.A[3]     23 7.6ms
                                                                               debug1[2]     31 7.6ms
                  $techmap440566$auto$abc_ops_reintegrate.cc:611:reintegrate$432584.A[1]     17 7.5ms
                  $techmap438283$auto$abc_ops_reintegrate.cc:611:reintegrate$433245.A[2]     19 7.5ms
                  $techmap440028$auto$abc_ops_reintegrate.cc:611:reintegrate$432765.A[2]     20 7.5ms
                                        ddr3.ddr3_controller_inst.instruction_address[2]     23 7.5ms
                                        ddr3.ddr3_controller_inst.instruction_address[0]     23 7.5ms
                                   $techmap443148$abc$431868$lut$not$aiger431867$29546.A     14 7.4ms
                                                                               debug1[1]     23 7.4ms
                                           $abc$431868$auto$rtlil.cc:3488:NotGate$123820     16 7.3ms
                                                 ddr3.ddr3_controller_inst.stage2_do_act     23 7.3ms
                                                                                clk_ctrl   5987 7.2ms
                                                                               heartbeat      2 7.2ms
                                    $techmap441383$abc$431868$lut$aiger431867$50896.A[1]     24 7.1ms
                  $techmap438254$auto$abc_ops_reintegrate.cc:611:reintegrate$433259.A[2]     33 7.0ms
                                    $techmap437229$abc$431868$lut$aiger431867$12921.A[1]     19 7.0ms
                  $techmap437829$auto$abc_ops_reintegrate.cc:611:reintegrate$433409.A[4]     18 7.0ms
                  $techmap442716$auto$abc_ops_reintegrate.cc:611:reintegrate$431940.A[0]      9 7.0ms
                                 ddr3.ddr3_controller_inst.check_test_address_counter[6]     15 7.0ms
                                      ddr3.ddr3_controller_inst.write_by_byte_counter[1]     17 7.0ms
                  $techmap440917$auto$abc_ops_reintegrate.cc:611:reintegrate$432459.A[0]      8 7.0ms
                                                                 pattern.test.cycles[36]      2 6.9ms
                  $techmap437829$auto$abc_ops_reintegrate.cc:611:reintegrate$433409.A[3]     15 6.9ms
                  $techmap440209$auto$abc_ops_reintegrate.cc:611:reintegrate$432709.A[2]      8 6.8ms
                  $techmap437246$auto$abc_ops_reintegrate.cc:611:reintegrate$433448.A[3]     15 6.7ms
                                $abc$431868$auto$simple.cc:193:make_patterns_logic$45873     10 6.6ms
                                      ddr3.ddr3_controller_inst.write_by_byte_counter[0]     19 6.6ms
                                    $techmap437788$abc$431868$lut$aiger431867$15665.A[4]     13 6.5ms
                  $techmap441268$auto$abc_ops_reintegrate.cc:611:reintegrate$432374.A[1]     15 6.5ms
                                    $techmap436805$abc$431868$lut$aiger431867$20082.A[0]     10 6.5ms
                                         $techmap438339$abc$431868$lut$aiger$o10673.A[2]     32 6.5ms
                  $techmap437106$auto$abc_ops_reintegrate.cc:611:reintegrate$433487.A[3]     33 6.5ms
                  $techmap437835$auto$abc_ops_reintegrate.cc:611:reintegrate$433405.A[3]     15 6.5ms
                  $techmap442754$auto$abc_ops_reintegrate.cc:611:reintegrate$431920.A[2]     11 6.4ms
                  $techmap438934$auto$abc_ops_reintegrate.cc:611:reintegrate$433082.A[2]     18 6.4ms
                  $techmap437237$auto$abc_ops_reintegrate.cc:611:reintegrate$433451.A[3]     17 6.4ms
                  $techmap437831$auto$abc_ops_reintegrate.cc:611:reintegrate$433408.A[3]     16 6.3ms
                                     ddr3.ddr3_controller_inst.stage2_data_unaligned[34]      5 6.3ms
                                            ddr3.ddr3_controller_inst.read_lane_data[33]      3 6.3ms
                  $techmap439397$auto$abc_ops_reintegrate.cc:611:reintegrate$432943.A[1]     12 6.3ms
                  $techmap438278$auto$abc_ops_reintegrate.cc:611:reintegrate$433247.A[4]     26 6.3ms
                                    $techmap438484$abc$431868$lut$aiger431867$16583.A[1]      9 6.2ms
                                 ddr3.ddr3_controller_inst.check_test_address_counter[0]     23 6.1ms
                                            $auto$alumacc.cc:548:replace_alu$43745.Y[11]      3 6.1ms
                                                    ddr3.ddr3_controller_inst.write_dq_d     15 6.1ms
                                 ddr3.ddr3_controller_inst.check_test_address_counter[4]     20 6.1ms
                                    $techmap437121$abc$431868$lut$aiger431867$12376.A[2]      3 6.1ms
                                           ddr3.ddr3_controller_inst.stage1_next_bank[2]     15 6.0ms
                  $techmap442641$auto$abc_ops_reintegrate.cc:611:reintegrate$431980.A[0]      9 6.0ms
                  $techmap438550$auto$abc_ops_reintegrate.cc:611:reintegrate$433179.A[0]     11 6.0ms
                                 ddr3.ddr3_controller_inst.check_test_address_counter[1]     18 6.0ms
                  $techmap437837$auto$abc_ops_reintegrate.cc:611:reintegrate$433404.A[3]     15 5.8ms
                  $techmap439171$auto$abc_ops_reintegrate.cc:611:reintegrate$433002.A[3]      9 5.8ms
                                    $techmap438282$abc$431868$lut$aiger431867$22549.A[3]     17 5.8ms
                  $techmap437322$auto$abc_ops_reintegrate.cc:611:reintegrate$433430.A[1]      9 5.8ms
                  $techmap441137$auto$abc_ops_reintegrate.cc:611:reintegrate$432400.A[0]      9 5.7ms
                  $techmap437106$auto$abc_ops_reintegrate.cc:611:reintegrate$433487.A[0]     36 5.7ms
                                    ddr3.ddr3_controller_inst.calib_data_randomized[118]     15 5.7ms
                                          $techmap443204$abc$431868$lut$aiger$o8106.A[1]     32 5.7ms
                  $techmap442194$auto$abc_ops_reintegrate.cc:611:reintegrate$432170.A[0]      9 5.7ms
                                         $techmap443616$abc$431868$lut$aiger$o13240.A[1]     29 5.7ms
                  $techmap436029$auto$abc_ops_reintegrate.cc:611:reintegrate$433698.A[1]      7 5.6ms
                                         $techmap444474$abc$431868$lut$aiger$o13830.A[2]      1 5.6ms
                                    $techmap437253$abc$431868$lut$aiger431867$13509.A[0]     16 5.6ms
                  $techmap441008$auto$abc_ops_reintegrate.cc:611:reintegrate$432427.A[1]      8 5.6ms
                  $techmap440850$auto$abc_ops_reintegrate.cc:611:reintegrate$432482.A[1]      7 5.6ms
                                    $techmap441372$abc$431868$lut$aiger431867$50867.A[3]      6 5.5ms
                  $techmap440307$auto$abc_ops_reintegrate.cc:611:reintegrate$432676.A[0]     12 5.5ms
                  $techmap440724$auto$abc_ops_reintegrate.cc:611:reintegrate$432527.A[0]      8 5.5ms
                                 ddr3.ddr3_controller_inst.check_test_address_counter[3]     18 5.4ms
              $techmap42246$flatten\resetgen.$lt$build/t27/specs/rtl/fpga_reset.v:84$4.Y     33 5.4ms
                  $techmap439985$auto$abc_ops_reintegrate.cc:611:reintegrate$432788.A[2]      8 5.4ms
                  $techmap438658$auto$abc_ops_reintegrate.cc:611:reintegrate$433149.A[2]     17 5.4ms
                  $techmap440127$auto$abc_ops_reintegrate.cc:611:reintegrate$432729.A[0]      9 5.3ms
                  $techmap437317$auto$abc_ops_reintegrate.cc:611:reintegrate$433431.A[2]     12 5.3ms
                  $techmap436332$auto$abc_ops_reintegrate.cc:611:reintegrate$433581.A[0]      8 5.3ms
                  $techmap442616$auto$abc_ops_reintegrate.cc:611:reintegrate$431992.A[0]      9 5.3ms
                                         ddr3.ddr3_controller_inst.stage1_next_bank_d[2]     19 5.3ms
                                                 ddr3.ddr3_controller_inst.stage2_row[9]     11 5.2ms
                                                ddr3.ddr3_controller_inst.stage2_bank[0]     13 5.2ms
                                    ddr3.ddr3_controller_inst.stage2_data_unaligned[104]      8 5.2ms
                                $abc$431868$auto$simple.cc:210:make_patterns_logic$40691     32 5.2ms
                  $techmap440510$auto$abc_ops_reintegrate.cc:611:reintegrate$432598.A[1]      7 5.1ms
                                    $techmap438469$abc$431868$lut$aiger431867$16611.A[1]     13 5.1ms
                                 ddr3.ddr3_controller_inst.check_test_address_counter[2]     17 5.1ms
                                                                  pattern.test.einfo[13]      1 5.1ms
                                            $auto$alumacc.cc:548:replace_alu$43745.Y[15]      3 5.1ms
                  $techmap437094$auto$abc_ops_reintegrate.cc:611:reintegrate$433489.A[0]     32 5.1ms
                  $techmap440653$auto$abc_ops_reintegrate.cc:611:reintegrate$432553.A[3]      7 5.1ms
                                                                    pattern.test.acks[1]      4 5.1ms
                                    $techmap443291$abc$431868$lut$aiger431867$20308.A[0]      5 5.0ms
                                                                                  s_a[7]      2 5.0ms
                                            ddr3.ddr3_controller_inst.stage1_next_row[2]     11 4.9ms
                                 ddr3.ddr3_controller_inst.check_test_address_counter[7]     15 4.9ms
                  $techmap442695$auto$abc_ops_reintegrate.cc:611:reintegrate$431953.A[0]      9 4.9ms
                                    ddr3.ddr3_controller_inst.stage2_data_unaligned[176]      8 4.8ms
                                            ddr3.ddr3_controller_inst.read_lane_data[42]      3 4.8ms
                  $techmap436019$auto$abc_ops_reintegrate.cc:611:reintegrate$433708.A[1]      7 4.8ms
                                    $techmap439627$abc$431868$lut$aiger431867$38604.A[3]     10 4.8ms
                  $techmap439599$auto$abc_ops_reintegrate.cc:611:reintegrate$432893.A[0]      6 4.8ms
                  $techmap439798$auto$abc_ops_reintegrate.cc:611:reintegrate$432840.A[2]     13 4.8ms
                  $techmap438278$auto$abc_ops_reintegrate.cc:611:reintegrate$433247.A[1]      9 4.8ms
                     $abc$431868$flatten\ddr3.\ddr3_controller_inst.$procmux$19342_Y[26]      3 4.8ms
                  $techmap440850$auto$abc_ops_reintegrate.cc:611:reintegrate$432482.A[0]      8 4.8ms
                                                                  ddr3.idelay_data_ld[0]     10 4.7ms
                  $techmap441305$auto$abc_ops_reintegrate.cc:611:reintegrate$432362.A[2]      7 4.7ms
                  $techmap438137$auto$abc_ops_reintegrate.cc:611:reintegrate$433277.A[2]     11 4.7ms
                  $techmap440209$auto$abc_ops_reintegrate.cc:611:reintegrate$432709.A[0]      8 4.7ms
                                    $techmap437236$abc$431868$lut$aiger431867$12922.A[1]     11 4.6ms
                                    ddr3.ddr3_controller_inst.stage2_data_unaligned[233]      7 4.6ms
                                         $techmap444712$abc$431868$lut$aiger$o10054.A[3]     28 4.6ms
                                                                         ddr3.bitslip[2]     18 4.6ms
                                                                           wb_rdata[213]      4 4.6ms
                                         $techmap444891$abc$431868$lut$aiger$o13011.A[2]      1 4.6ms
                                                                    pattern.test.acks[4]      5 4.6ms
                                    $techmap439338$abc$431868$lut$aiger431867$37066.A[4]     11 4.6ms
                                                                            wb_rdata[57]      3 4.6ms
                                    ddr3.ddr3_controller_inst.stage2_data_unaligned[244]      7 4.6ms
                  $techmap440008$auto$abc_ops_reintegrate.cc:611:reintegrate$432776.A[0]      9 4.5ms
                                    $techmap440733$abc$431868$lut$aiger431867$47158.A[3]     11 4.5ms
                  $techmap441146$auto$abc_ops_reintegrate.cc:611:reintegrate$432397.A[2]      8 4.5ms
                                    ddr3.ddr3_controller_inst.stage2_data_unaligned[143]      6 4.5ms
                                                                   pattern.test.acks[11]      5 4.5ms
                                             $abc$431868$auto$rtlil.cc:3386:Mux$44840[3]      4 4.5ms
                                   $techmap443160$abc$431868$lut$not$aiger431867$33177.A     10 4.5ms
                                                                  pattern.test.emask[17]      1 4.5ms
                                                                              line_b[10]      1 4.4ms
                                                                    pattern.test.acks[6]      5 4.4ms
                  $techmap442835$auto$abc_ops_reintegrate.cc:611:reintegrate$431883.A[0]     11 4.4ms
                                                                  ddr3.iserdes_data[121]      2 4.4ms
                  $techmap440917$auto$abc_ops_reintegrate.cc:611:reintegrate$432459.A[3]      7 4.4ms
                                    $techmap438477$abc$431868$lut$aiger431867$16551.A[1]     17 4.4ms
                                                                  ddr3.iserdes_data[189]      2 4.3ms
                  $techmap440653$auto$abc_ops_reintegrate.cc:611:reintegrate$432553.A[2]      8 4.3ms
                  $techmap440510$auto$abc_ops_reintegrate.cc:611:reintegrate$432598.A[3]      7 4.3ms
                                    ddr3.ddr3_controller_inst.stage2_data_unaligned[196]      7 4.3ms
                                                ddr3.ddr3_controller_inst.stage2_bank[2]     19 4.3ms
                                    $techmap436451$abc$431868$lut$aiger431867$22038.A[1]      7 4.3ms
                  $techmap439376$auto$abc_ops_reintegrate.cc:611:reintegrate$432953.A[0]      8 4.3ms
                  $techmap441190$auto$abc_ops_reintegrate.cc:611:reintegrate$432388.A[1]     15 4.3ms
                                    $techmap436098$abc$431868$lut$aiger431867$21193.A[0]      3 4.3ms
                                                                  ddr3.iserdes_data[205]      2 4.3ms
                                                                   pattern.test.acks[13]      5 4.3ms
                                                           ddr3.idelay_dqs_cntvaluein[3]      7 4.3ms
                                    $techmap438084$abc$431868$lut$aiger431867$19872.A[1]     15 4.2ms
                                                           ddr3.idelay_dqs_cntvaluein[4]      7 4.2ms
                                    ddr3.ddr3_controller_inst.stage2_data_unaligned[172]      6 4.2ms
                                            $auto$alumacc.cc:548:replace_alu$43745.Y[12]      3 4.2ms
                                                                           wb_rdata[150]      3 4.2ms
                                                                  ddr3.iserdes_data[181]      2 4.2ms
                                    $techmap438717$abc$431868$lut$aiger431867$29631.A[0]      8 4.2ms
                  $techmap436036$auto$abc_ops_reintegrate.cc:611:reintegrate$433691.A[1]      7 4.2ms
                                                                   pattern.test.acks[24]      5 4.1ms
                  $techmap438063$auto$abc_ops_reintegrate.cc:611:reintegrate$433291.A[1]      9 4.1ms
                  $techmap442591$auto$abc_ops_reintegrate.cc:611:reintegrate$432004.A[0]      9 4.1ms
                  $techmap437704$auto$abc_ops_reintegrate.cc:611:reintegrate$433428.A[1]      9 4.1ms
                  $techmap442003$auto$abc_ops_reintegrate.cc:611:reintegrate$432225.A[0]      9 4.1ms
                                    $techmap438465$abc$431868$lut$aiger431867$16544.A[1]     13 4.1ms
                                         ddr3.ddr3_controller_inst.write_pattern_matches      8 4.1ms
                                            ddr3.ddr3_controller_inst.dqs_start_index[3]     14 4.1ms
                  $techmap441008$auto$abc_ops_reintegrate.cc:611:reintegrate$432427.A[3]      8 4.1ms
                  $techmap440653$auto$abc_ops_reintegrate.cc:611:reintegrate$432553.A[1]      7 4.1ms
                  $techmap440525$auto$abc_ops_reintegrate.cc:611:reintegrate$432591.A[0]      6 4.0ms
                                    $techmap442196$abc$431868$lut$aiger431867$52634.A[3]      3 4.0ms
                  $techmap441156$auto$abc_ops_reintegrate.cc:611:reintegrate$432392.A[0]      8 4.0ms
                                            ddr3.ddr3_controller_inst.stage2_do_wr_or_rd      9 4.0ms
                                                ddr3.ddr3_controller_inst.stage2_bank[1]     14 4.0ms
                                                                  ddr3.iserdes_data[123]      2 4.0ms
                                                                  pattern.test.emask[21]      1 4.0ms
                                                                         ddr3.bitslip[1]     18 4.0ms
                  $techmap440812$auto$abc_ops_reintegrate.cc:611:reintegrate$432494.A[2]      7 4.0ms
                  $techmap437265$auto$abc_ops_reintegrate.cc:611:reintegrate$433446.A[2]      8 4.0ms
                  $techmap438934$auto$abc_ops_reintegrate.cc:611:reintegrate$433082.A[3]     11 4.0ms
                  $techmap440724$auto$abc_ops_reintegrate.cc:611:reintegrate$432527.A[1]      7 4.0ms
                                         $techmap443318$abc$431868$lut$aiger$o14085.A[2]      4 4.0ms
                  $techmap439526$auto$abc_ops_reintegrate.cc:611:reintegrate$432908.A[4]      4 4.0ms
         $techmap442783$auto$abc_ops_reintegrate.cc:611:reintegrate$431905.A[1]$sum$4657     14 3.9ms
                                                                  pattern.test.emask[16]      1 3.9ms
                                    $techmap436453$abc$431868$lut$aiger431867$22092.A[1]      8 3.9ms
                                    ddr3.ddr3_controller_inst.calib_data_randomized[114]      7 3.9ms
                                    $techmap439350$abc$431868$lut$aiger431867$37018.A[2]      8 3.9ms
                                           ddr3.ddr3_controller_inst.stage1_next_bank[1]     11 3.9ms
                  $techmap440392$auto$abc_ops_reintegrate.cc:611:reintegrate$432643.A[5]      1 3.9ms
                                                           ddr3.idelay_dqs_cntvaluein[1]      7 3.9ms
                  $techmap438115$auto$abc_ops_reintegrate.cc:611:reintegrate$433280.A[2]      8 3.9ms
                                                                  ddr3.iserdes_data[204]      2 3.9ms
                  $techmap440028$auto$abc_ops_reintegrate.cc:611:reintegrate$432765.A[1]      7 3.9ms
                  $techmap441146$auto$abc_ops_reintegrate.cc:611:reintegrate$432397.A[3]      7 3.9ms
                  $techmap442816$auto$abc_ops_reintegrate.cc:611:reintegrate$431894.A[2]     13 3.9ms
                                     ddr3.ddr3_controller_inst.stage2_data_unaligned[10]      6 3.9ms
                  $techmap436823$auto$abc_ops_reintegrate.cc:611:reintegrate$433548.A[0]      9 3.9ms
                                      ddr3.ddr3_controller_inst.stage2_data_unaligned[1]      8 3.9ms
                  $techmap436034$auto$abc_ops_reintegrate.cc:611:reintegrate$433693.A[1]      7 3.8ms
                                    $techmap437826$abc$431868$lut$aiger431867$13726.A[1]     13 3.8ms
                                    $techmap436440$abc$431868$lut$aiger431867$21939.A[0]      8 3.8ms
                  $techmap437265$auto$abc_ops_reintegrate.cc:611:reintegrate$433446.A[4]     14 3.8ms
                  $techmap441956$auto$abc_ops_reintegrate.cc:611:reintegrate$432239.A[0]      9 3.8ms
                                     ddr3.ddr3_controller_inst.stage2_data_unaligned[74]      5 3.8ms
                  $techmap439985$auto$abc_ops_reintegrate.cc:611:reintegrate$432788.A[0]      8 3.8ms
                                    $techmap436959$abc$431868$lut$aiger431867$11790.A[0]      6 3.8ms
                                    $techmap436442$abc$431868$lut$aiger431867$21969.A[1]      7 3.8ms
                  $techmap438559$auto$abc_ops_reintegrate.cc:611:reintegrate$433175.A[1]     11 3.8ms
                                                                           wb_rdata[119]      4 3.8ms
                                     ddr3.ddr3_controller_inst.stage2_data_unaligned[62]      5 3.8ms
                  $techmap442212$auto$abc_ops_reintegrate.cc:611:reintegrate$432162.A[0]      9 3.8ms
                  $techmap442669$auto$abc_ops_reintegrate.cc:611:reintegrate$431966.A[0]      9 3.8ms
                                            $auto$alumacc.cc:548:replace_alu$43745.Y[38]      3 3.8ms
                                    ddr3.ddr3_controller_inst.stage2_data_unaligned[238]     12 3.8ms
                                                                           wb_rdata[131]      3 3.8ms
                                    $techmap439761$abc$431868$lut$aiger431867$39493.A[4]      9 3.8ms
                                    ddr3.ddr3_controller_inst.stage2_data_unaligned[105]      7 3.8ms
                                         $techmap444666$abc$431868$lut$aiger$o12487.A[2]      4 3.8ms
                                    ddr3.ddr3_controller_inst.calib_data_randomized[105]     10 3.8ms
                                    ddr3.ddr3_controller_inst.stage2_data_unaligned[208]      8 3.8ms
                  $techmap440205$auto$abc_ops_reintegrate.cc:611:reintegrate$432711.A[0]      8 3.7ms
                  $techmap440028$auto$abc_ops_reintegrate.cc:611:reintegrate$432765.A[0]     11 3.7ms
                  $techmap440320$auto$abc_ops_reintegrate.cc:611:reintegrate$432670.A[1]      7 3.7ms
                  $techmap440724$auto$abc_ops_reintegrate.cc:611:reintegrate$432527.A[2]      8 3.7ms
                                                   ddr3.ddr3_controller_inst.initial_dqs     13 3.7ms
                                    ddr3.ddr3_controller_inst.stage2_data_unaligned[236]      7 3.7ms
                                    ddr3.ddr3_controller_inst.stage2_data_unaligned[250]      7 3.7ms
                  $techmap436030$auto$abc_ops_reintegrate.cc:611:reintegrate$433697.A[1]      7 3.7ms
                                                                  ddr3.iserdes_data[237]      2 3.7ms
                                    ddr3.ddr3_controller_inst.stage2_data_unaligned[253]      8 3.7ms
                                                                  ddr3.iserdes_data[115]      2 3.7ms
                  $techmap436037$auto$abc_ops_reintegrate.cc:611:reintegrate$433690.A[1]      7 3.7ms
                  $techmap440900$auto$abc_ops_reintegrate.cc:611:reintegrate$432466.A[2]     15 3.7ms
                  $techmap440510$auto$abc_ops_reintegrate.cc:611:reintegrate$432598.A[2]      8 3.7ms
                  $techmap440890$auto$abc_ops_reintegrate.cc:611:reintegrate$432467.A[0]      9 3.7ms
        $abc$431868$memory\ddr3.ddr3_controller_inst.idelay_data_cntvaluein$wren[3][1][0]$y$45720     10 3.7ms
                  $techmap442764$auto$abc_ops_reintegrate.cc:611:reintegrate$431916.A[1]      7 3.7ms
                                         $techmap443636$abc$431868$lut$aiger$o12626.A[2]      4 3.7ms
                  $techmap441305$auto$abc_ops_reintegrate.cc:611:reintegrate$432362.A[3]      7 3.7ms
                                                                            wb_rdata[11]      4 3.6ms
                  $techmap440388$auto$abc_ops_reintegrate.cc:611:reintegrate$432644.A[0]      9 3.6ms
                                     ddr3.ddr3_controller_inst.stage2_data_unaligned[32]      8 3.6ms
                                         $techmap443355$abc$431868$lut$aiger$o12257.A[2]      4 3.6ms
                  $techmap439170$auto$abc_ops_reintegrate.cc:611:reintegrate$433003.A[0]      8 3.6ms
                  $techmap440704$auto$abc_ops_reintegrate.cc:611:reintegrate$432533.A[0]      9 3.6ms
                                            $auto$alumacc.cc:548:replace_alu$43745.Y[20]      3 3.6ms
                                    $techmap438470$abc$431868$lut$aiger431867$26985.A[1]     13 3.6ms
                                                                   report_reset.button_n      9 3.6ms
                                         $techmap443405$abc$431868$lut$aiger$o16129.A[3]     11 3.6ms
                                    $techmap436971$abc$431868$lut$aiger431867$11826.A[1]      4 3.6ms
                  $techmap438125$auto$abc_ops_reintegrate.cc:611:reintegrate$433279.A[1]     14 3.6ms
                                                                   pattern.test.einfo[7]      1 3.6ms
                                                                         ddr3.bitslip[3]     18 3.6ms
                                           ddr3.ddr3_controller_inst.added_read_pipe_max     19 3.6ms
                                     ddr3.ddr3_controller_inst.stage2_data_unaligned[96]      8 3.6ms
                                    $techmap438501$abc$431868$lut$aiger431867$27034.A[1]     11 3.6ms
                  $techmap440525$auto$abc_ops_reintegrate.cc:611:reintegrate$432591.A[2]      6 3.6ms
                                                                              line_b[24]      1 3.6ms
                                             $auto$alumacc.cc:548:replace_alu$43745.Y[7]      3 3.6ms
                                      ddr3.ddr3_controller_inst.calib_data_randomized[0]      8 3.6ms
                  $techmap439464$auto$abc_ops_reintegrate.cc:611:reintegrate$432919.A[0]      9 3.6ms
                  $techmap439551$auto$abc_ops_reintegrate.cc:611:reintegrate$432903.A[3]      3 3.6ms
                                            ddr3.ddr3_controller_inst.stage1_next_row[9]     11 3.5ms
                                    ddr3.ddr3_controller_inst.stage2_data_unaligned[198]      6 3.5ms
                                                                           wb_rdata[122]      4 3.5ms
                  $techmap436025$auto$abc_ops_reintegrate.cc:611:reintegrate$433702.A[1]      7 3.5ms
                  $techmap441284$auto$abc_ops_reintegrate.cc:611:reintegrate$432369.A[0]      9 3.5ms
                                                 ddr3.ddr3_controller_inst.dqs_store[12]      4 3.5ms
                  $techmap440383$auto$abc_ops_reintegrate.cc:611:reintegrate$432648.A[0]      8 3.5ms
                  $techmap442242$auto$abc_ops_reintegrate.cc:611:reintegrate$432150.A[0]      9 3.5ms
                                    ddr3.ddr3_controller_inst.stage2_data_unaligned[193]      7 3.5ms
                                                                  ddr3.iserdes_data[247]      2 3.5ms
                                    $techmap438482$abc$431868$lut$aiger431867$26993.A[1]      8 3.5ms
                  $techmap437767$auto$abc_ops_reintegrate.cc:611:reintegrate$433425.A[0]     10 3.5ms
                                                                   pattern.test.acks[17]      5 3.5ms
                                                                  ddr3.iserdes_data[161]      2 3.5ms
                                      ddr3.ddr3_controller_inst.stage2_data_unaligned[8]      6 3.5ms
                                $abc$431868$auto$simple.cc:193:make_patterns_logic$45851      7 3.5ms
                  $techmap440467$auto$abc_ops_reintegrate.cc:611:reintegrate$432617.A[0]      8 3.5ms
                                                                   ddr3.iserdes_data[65]      2 3.5ms
                                         $techmap443536$abc$431868$lut$aiger$o11519.A[1]      4 3.5ms
                                    ddr3.ddr3_controller_inst.stage2_data_unaligned[170]      5 3.5ms
                                    $techmap438504$abc$431868$lut$aiger431867$16576.A[0]      9 3.5ms
                           $techmap438275$abc$431868$lut$aiger431867$22501.A[4]$sum$4597     11 3.4ms
                                    $techmap436983$abc$431868$lut$aiger431867$11862.A[1]      5 3.4ms
                  $techmap437882$auto$abc_ops_reintegrate.cc:611:reintegrate$433371.A[2]      8 3.4ms
                                    ddr3.ddr3_controller_inst.calib_data_randomized[123]      9 3.4ms
                                                                   ddr3.iserdes_data[99]      2 3.4ms
                                    $techmap436449$abc$431868$lut$aiger431867$22022.A[3]      8 3.4ms
                  $techmap439836$auto$abc_ops_reintegrate.cc:611:reintegrate$432827.A[0]      8 3.4ms
                  $techmap440393$auto$abc_ops_reintegrate.cc:611:reintegrate$432642.A[3]     11 3.4ms
                  $techmap440769$auto$abc_ops_reintegrate.cc:611:reintegrate$432510.A[0]      7 3.4ms
                  $techmap442800$auto$abc_ops_reintegrate.cc:611:reintegrate$431900.A[1]     13 3.4ms
                                    $techmap436867$abc$431868$lut$aiger431867$11409.A[0]      8 3.4ms
                                                                  ddr3.iserdes_data[235]      2 3.4ms
                  $techmap440812$auto$abc_ops_reintegrate.cc:611:reintegrate$432494.A[0]      7 3.4ms
                                         $techmap445368$abc$431868$lut$aiger$o12376.A[4]      4 3.4ms
                                                 ddr3.ddr3_controller_inst.dqs_store[20]      5 3.4ms
                                                                   ddr3.iserdes_data[84]      2 3.4ms
                  $techmap438788$auto$abc_ops_reintegrate.cc:611:reintegrate$433108.A[0]      8 3.4ms
                                    ddr3.ddr3_controller_inst.stage2_data_unaligned[251]      6 3.4ms
                  $techmap437275$auto$abc_ops_reintegrate.cc:611:reintegrate$433443.A[3]      8 3.4ms
                                   ddr3.ddr3_controller_inst.stage2_data_unaligned_d[46]      1 3.4ms
                                     ddr3.ddr3_controller_inst.stage2_data_unaligned[12]      8 3.4ms
                                                  ddr3.ddr3_controller_inst.stage2_do_wr     15 3.4ms
                                             $abc$431868$auto$rtlil.cc:3386:Mux$44848[3]      4 3.4ms
                                                                  ddr3.idelay_data_ld[2]     10 3.4ms
                                         $techmap443722$abc$431868$lut$aiger$o11862.A[3]      7 3.4ms
                                    $techmap436456$abc$431868$lut$aiger431867$22121.A[1]      6 3.4ms
                  $techmap442384$auto$abc_ops_reintegrate.cc:611:reintegrate$432097.A[0]      9 3.4ms
                                    $techmap438491$abc$431868$lut$aiger431867$27012.A[3]     10 3.4ms
                                                 ddr3.ddr3_controller_inst.stage2_row[4]     11 3.4ms
                  $techmap438328$auto$abc_ops_reintegrate.cc:611:reintegrate$433222.A[0]      9 3.3ms
                                    $techmap438482$abc$431868$lut$aiger431867$26993.A[4]     13 3.3ms
                                    $techmap438480$abc$431868$lut$aiger431867$16555.A[1]     13 3.3ms
                                            $auto$alumacc.cc:548:replace_alu$43745.Y[14]      3 3.3ms
                                     ddr3.ddr3_controller_inst.stage2_data_unaligned[41]      7 3.3ms
                                                                  ddr3.iserdes_data[225]      2 3.3ms
                                    ddr3.ddr3_controller_inst.stage2_data_unaligned[235]      6 3.3ms
                                                                            wb_rdata[59]      4 3.3ms
                  $techmap440647$auto$abc_ops_reintegrate.cc:611:reintegrate$432557.A[0]      8 3.3ms
                                                                  pattern.test.emask[24]      1 3.3ms
                  $techmap438997$auto$abc_ops_reintegrate.cc:611:reintegrate$433045.A[1]      7 3.3ms
                                         $techmap443101$abc$431868$lut$aiger$o10490.A[3]      8 3.3ms
                  $techmap441146$auto$abc_ops_reintegrate.cc:611:reintegrate$432397.A[1]      7 3.3ms
                                    $techmap436439$abc$431868$lut$aiger431867$21908.A[2]      7 3.3ms
                                                                           wb_rdata[152]      4 3.3ms
                                    $techmap436464$abc$431868$lut$aiger431867$22261.A[1]      8 3.3ms
                                    $techmap436445$abc$431868$lut$aiger431867$21988.A[0]      7 3.3ms
                  $techmap436600$auto$abc_ops_reintegrate.cc:611:reintegrate$433563.A[0]      9 3.3ms
                                           ddr3.ddr3_controller_inst.read_data_store[93]      1 3.3ms
                                            $auto$alumacc.cc:548:replace_alu$43745.Y[22]      3 3.3ms
                                    $techmap439976$abc$431868$lut$aiger431867$15984.A[1]     11 3.3ms
                                    ddr3.ddr3_controller_inst.stage2_data_unaligned[145]      7 3.3ms
                                                                    pattern.test.acks[3]      5 3.3ms
                  $techmap442795$auto$abc_ops_reintegrate.cc:611:reintegrate$431901.A[0]     11 3.3ms
                  $techmap441059$auto$abc_ops_reintegrate.cc:611:reintegrate$432419.A[0]      8 3.3ms
                                            ddr3.ddr3_controller_inst.stage1_next_row[0]     11 3.2ms
                  $techmap436823$auto$abc_ops_reintegrate.cc:611:reintegrate$433548.A[4]      7 3.2ms
                  $techmap436104$auto$abc_ops_reintegrate.cc:611:reintegrate$433652.A[1]      8 3.2ms
                                    ddr3.ddr3_controller_inst.stage2_data_unaligned[128]      8 3.2ms
                  $techmap438246$auto$abc_ops_reintegrate.cc:611:reintegrate$433264.A[2]      9 3.2ms
                                             $auto$alumacc.cc:548:replace_alu$43745.Y[8]      3 3.2ms
                                     ddr3.ddr3_controller_inst.stage2_data_unaligned[15]      7 3.2ms
                                    ddr3.ddr3_controller_inst.stage2_data_unaligned[229]      8 3.2ms
                                    $techmap439701$abc$431868$lut$aiger431867$39090.A[2]      4 3.2ms
                  $techmap442438$auto$abc_ops_reintegrate.cc:611:reintegrate$432072.A[0]      9 3.2ms
                                    $techmap436437$abc$431868$lut$aiger431867$21866.A[0]      5 3.2ms
                  $techmap440782$auto$abc_ops_reintegrate.cc:611:reintegrate$432506.A[0]      8 3.2ms
                                            $auto$alumacc.cc:548:replace_alu$43745.Y[28]      3 3.2ms
                                             $abc$431868$auto$rtlil.cc:3386:Mux$44840[6]      4 3.2ms
                  $techmap441755$auto$abc_ops_reintegrate.cc:611:reintegrate$432287.A[2]      2 3.2ms
                  $techmap440956$auto$abc_ops_reintegrate.cc:611:reintegrate$432446.A[0]      8 3.2ms
                                                                  ddr3.iserdes_data[119]      2 3.2ms
                  $techmap440651$auto$abc_ops_reintegrate.cc:611:reintegrate$432554.A[0]      6 3.2ms
                  $techmap438997$auto$abc_ops_reintegrate.cc:611:reintegrate$433045.A[3]      7 3.2ms
                                            ddr3.ddr3_controller_inst.stage1_next_row[7]     11 3.2ms
                                                                  ddr3.iserdes_data[240]      2 3.2ms
                                    ddr3.ddr3_controller_inst.stage2_data_unaligned[205]      6 3.2ms
                  $techmap436028$auto$abc_ops_reintegrate.cc:611:reintegrate$433699.A[1]      7 3.2ms
                  $techmap440917$auto$abc_ops_reintegrate.cc:611:reintegrate$432459.A[1]      7 3.2ms
                                    ddr3.ddr3_controller_inst.stage2_data_unaligned[202]      5 3.2ms
                                    ddr3.ddr3_controller_inst.stage2_data_unaligned[225]      7 3.2ms
                                    $techmap439307$abc$431868$lut$aiger431867$36798.A[1]      4 3.2ms
                  $techmap441910$auto$abc_ops_reintegrate.cc:611:reintegrate$432251.A[0]      9 3.2ms
                                 ddr3.ddr3_controller_inst.read_test_address_counter[10]      5 3.2ms
                                    ddr3.ddr3_controller_inst.calib_data_randomized[101]     12 3.2ms
                  $techmap440651$auto$abc_ops_reintegrate.cc:611:reintegrate$432554.A[3]      5 3.2ms
                                    $techmap436453$abc$431868$lut$aiger431867$22092.A[3]      8 3.2ms
                                            ddr3.ddr3_controller_inst.read_lane_data[51]      3 3.2ms
                                            ddr3.ddr3_controller_inst.stage1_next_row[6]     11 3.2ms
                                                 ddr3.ddr3_controller_inst.stage2_row[5]     11 3.1ms
                                                                  pattern.test.emask[13]      1 3.1ms
                                     ddr3.ddr3_controller_inst.stage2_data_unaligned[72]      8 3.1ms
                                     ddr3.ddr3_controller_inst.stage2_data_unaligned[44]      6 3.1ms
                                                                   pattern.test.acks[12]      5 3.1ms
                                                                     ddr3.iserdes_dqs[3]      1 3.1ms
                                    $techmap436440$abc$431868$lut$aiger431867$21939.A[1]      8 3.1ms
                                    $techmap438820$abc$431868$lut$aiger431867$32457.A[2]      3 3.1ms
                                    $techmap436586$abc$431868$lut$aiger431867$23049.A[0]      7 3.1ms
                  $techmap441305$auto$abc_ops_reintegrate.cc:611:reintegrate$432362.A[0]      7 3.1ms
                                    $techmap444665$abc$431868$lut$aiger431867$43474.A[2]      3 3.1ms
                  $techmap442090$auto$abc_ops_reintegrate.cc:611:reintegrate$432200.A[0]      9 3.1ms
                  $techmap439599$auto$abc_ops_reintegrate.cc:611:reintegrate$432893.A[1]      5 3.1ms
                  $techmap438744$auto$abc_ops_reintegrate.cc:611:reintegrate$433122.A[1]      4 3.1ms
                                                                              line_b[19]      1 3.1ms
                                    $techmap436449$abc$431868$lut$aiger431867$22022.A[1]      8 3.1ms
                                       ddr3.ddr3_controller_inst.stage2_dm_unaligned[15]      4 3.1ms
                                          ddr3.ddr3_controller_inst.read_data_store[157]      1 3.1ms
                                     ddr3.ddr3_controller_inst.stage2_data_unaligned[89]      7 3.1ms
                                                  ddr3.ddr3_controller_inst.prep_done[1]     10 3.1ms
                                                                  pattern.test.einfo[11]      1 3.1ms
                                                                    pattern.test.acks[7]      5 3.1ms
                  $techmap437170$auto$abc_ops_reintegrate.cc:611:reintegrate$433471.A[1]     15 3.1ms
                                    $techmap443274$abc$431868$lut$aiger431867$20449.A[3]      5 3.1ms
                                    $techmap436439$abc$431868$lut$aiger431867$21908.A[0]      7 3.1ms
                                ddr3.ddr3_controller_inst.write_test_address_counter[10]      4 3.1ms
                                    ddr3.ddr3_controller_inst.stage2_data_unaligned[216]      8 3.1ms
                                    $techmap436455$abc$431868$lut$aiger431867$22120.A[0]      8 3.1ms
                                      ddr3.ddr3_controller_inst.stage2_data_unaligned[5]      7 3.1ms
                  $techmap441557$auto$abc_ops_reintegrate.cc:611:reintegrate$432322.A[0]      9 3.1ms
                  $techmap440467$auto$abc_ops_reintegrate.cc:611:reintegrate$432617.A[3]      7 3.1ms
                                    $techmap436452$abc$431868$lut$aiger431867$22077.A[3]      8 3.1ms
                                    $techmap436439$abc$431868$lut$aiger431867$21908.A[3]      7 3.1ms
                                     ddr3.ddr3_controller_inst.stage2_data_unaligned[64]      8 3.1ms
                                                                   ddr3.iserdes_data[74]      2 3.1ms
                  $techmap438451$auto$abc_ops_reintegrate.cc:611:reintegrate$433198.A[0]      8 3.1ms
                                    $techmap443220$abc$431868$lut$aiger431867$29409.A[3]      4 3.1ms
                                                ddr3.ddr3_controller_inst.stage1_data[2]      2 3.0ms
                                         ddr3.ddr3_controller_inst.delay_counter_is_zero     21 3.0ms
                  $techmap440437$auto$abc_ops_reintegrate.cc:611:reintegrate$432628.A[0]      9 3.0ms
                  $techmap440953$auto$abc_ops_reintegrate.cc:611:reintegrate$432448.A[3]      8 3.0ms
                  $techmap436048$auto$abc_ops_reintegrate.cc:611:reintegrate$433679.A[0]      2 3.0ms
                                    ddr3.ddr3_controller_inst.stage2_data_unaligned[254]     12 3.0ms
                  $techmap440213$auto$abc_ops_reintegrate.cc:611:reintegrate$432706.A[0]      9 3.0ms
                                                                         ddr3.bitslip[0]     18 3.0ms
                  $techmap439376$auto$abc_ops_reintegrate.cc:611:reintegrate$432953.A[3]      7 3.0ms
                                    $techmap438478$abc$431868$lut$aiger431867$26988.A[1]     12 3.0ms
                  $techmap440007$auto$abc_ops_reintegrate.cc:611:reintegrate$432777.A[0]      8 3.0ms
                  $techmap440953$auto$abc_ops_reintegrate.cc:611:reintegrate$432448.A[2]      6 3.0ms
                  $techmap439798$auto$abc_ops_reintegrate.cc:611:reintegrate$432840.A[3]     11 3.0ms
                  $techmap440651$auto$abc_ops_reintegrate.cc:611:reintegrate$432554.A[2]      6 3.0ms
                                    $techmap436584$abc$431868$lut$aiger431867$22995.A[3]      7 3.0ms
                                    $techmap436459$abc$431868$lut$aiger431867$22142.A[0]      6 3.0ms
                  $techmap438559$auto$abc_ops_reintegrate.cc:611:reintegrate$433175.A[2]      7 3.0ms
                                                                  ddr3.iserdes_data[134]      2 3.0ms
                                    $techmap437319$abc$431868$lut$aiger431867$13796.A[0]      5 3.0ms
                                            $auto$alumacc.cc:548:replace_alu$43745.Y[25]      3 3.0ms
                  $techmap441328$auto$abc_ops_reintegrate.cc:611:reintegrate$432355.A[5]      1 3.0ms
                                                                   pattern.test.acks[10]      5 3.0ms
                  $techmap441008$auto$abc_ops_reintegrate.cc:611:reintegrate$432427.A[0]      6 3.0ms
                                    $techmap442974$abc$431868$lut$not$aiger431867$7306.A      4 3.0ms
                  $techmap440757$auto$abc_ops_reintegrate.cc:611:reintegrate$432516.A[0]      9 3.0ms
                                    $techmap442977$abc$431868$lut$not$aiger431867$7221.A      5 3.0ms
                  $techmap440595$auto$abc_ops_reintegrate.cc:611:reintegrate$432573.A[0]      9 3.0ms
                  $techmap436000$auto$abc_ops_reintegrate.cc:611:reintegrate$433727.A[1]      3 3.0ms
                  $techmap439876$auto$abc_ops_reintegrate.cc:611:reintegrate$432807.A[0]      9 3.0ms
                                                                               line_a[5]      1 3.0ms
        $abc$431868$flatten\ddr3.\ddr3_phy_inst.$logic_and$build/uberddr3/rtl/ddr3_phy.v:1133$12016_Y      8 3.0ms
                                    ddr3.ddr3_controller_inst.stage2_data_unaligned[201]      7 3.0ms
                                    $techmap439337$abc$431868$lut$aiger431867$34123.A[1]      5 3.0ms
                                                                 pattern.test.cycles[27]      2 3.0ms
                                            $auto$alumacc.cc:548:replace_alu$43745.Y[37]      3 3.0ms
                  $techmap438670$auto$abc_ops_reintegrate.cc:611:reintegrate$433145.A[0]      9 3.0ms
                  $techmap436332$auto$abc_ops_reintegrate.cc:611:reintegrate$433581.A[1]      8 3.0ms
                                    $techmap436980$abc$431868$lut$aiger431867$11853.A[0]      2 3.0ms
                  $techmap440320$auto$abc_ops_reintegrate.cc:611:reintegrate$432670.A[0]      8 3.0ms
                  $techmap440320$auto$abc_ops_reintegrate.cc:611:reintegrate$432670.A[2]      8 3.0ms
                                    $techmap443056$abc$431868$lut$not$aiger431867$8265.A      3 3.0ms
                  $techmap436021$auto$abc_ops_reintegrate.cc:611:reintegrate$433706.A[1]      7 2.9ms
                                    ddr3.ddr3_controller_inst.stage2_data_unaligned[123]      6 2.9ms
                                    ddr3.ddr3_controller_inst.stage2_data_unaligned[207]      7 2.9ms
                  $techmap438312$auto$abc_ops_reintegrate.cc:611:reintegrate$433236.A[2]     10 2.9ms
                  $techmap440653$auto$abc_ops_reintegrate.cc:611:reintegrate$432553.A[0]      8 2.9ms
                                    $techmap436965$abc$431868$lut$aiger431867$11808.A[0]      7 2.9ms
                                    $techmap439189$abc$431868$lut$aiger431867$35544.A[3]      7 2.9ms
                                    $techmap436982$abc$431868$lut$aiger431867$11859.A[0]      6 2.9ms
                                           ddr3.ddr3_controller_inst.stage1_next_bank[0]     10 2.9ms
                  $techmap441008$auto$abc_ops_reintegrate.cc:611:reintegrate$432427.A[2]      6 2.9ms
                  $techmap436050$auto$abc_ops_reintegrate.cc:611:reintegrate$433677.A[1]      5 2.9ms
                  $techmap440824$auto$abc_ops_reintegrate.cc:611:reintegrate$432492.A[2]      4 2.9ms
                                    $techmap437179$abc$431868$lut$aiger431867$12656.A[4]      2 2.9ms
                                         $techmap444474$abc$431868$lut$aiger$o13830.A[5]      4 2.9ms
                  $techmap436104$auto$abc_ops_reintegrate.cc:611:reintegrate$433652.A[0]      8 2.9ms
                                                                   pattern.test.acks[31]      5 2.9ms
                                                 ddr3.ddr3_controller_inst.stage2_row[2]     11 2.9ms
                  $techmap442474$auto$abc_ops_reintegrate.cc:611:reintegrate$432057.A[0]      9 2.9ms
                  $techmap442324$auto$abc_ops_reintegrate.cc:611:reintegrate$432123.A[0]      9 2.9ms
                                    $techmap443232$abc$431868$lut$aiger431867$29451.A[4]      3 2.9ms
                  $techmap440687$auto$abc_ops_reintegrate.cc:611:reintegrate$432539.A[0]      6 2.9ms
                                    ddr3.ddr3_controller_inst.stage2_data_unaligned[246]     12 2.9ms
                  $techmap440482$auto$abc_ops_reintegrate.cc:611:reintegrate$432609.A[0]      9 2.9ms
                                    $techmap436376$abc$431868$lut$aiger431867$26231.A[5]      2 2.9ms
                                                                   ddr3.iserdes_data[45]      2 2.9ms
                                                                   pattern.test.einfo[6]      1 2.9ms
                  $techmap439528$auto$abc_ops_reintegrate.cc:611:reintegrate$432907.A[2]     10 2.9ms
                                       ddr3.ddr3_controller_inst.stage2_dm_unaligned[16]      3 2.9ms
                  $techmap436035$auto$abc_ops_reintegrate.cc:611:reintegrate$433692.A[1]      7 2.9ms
                                    $techmap436439$abc$431868$lut$aiger431867$21908.A[1]      7 2.9ms
                  $techmap436046$auto$abc_ops_reintegrate.cc:611:reintegrate$433681.A[1]      5 2.9ms
                                    $techmap437766$abc$431868$lut$aiger431867$15518.A[3]      3 2.9ms
                                            ddr3.ddr3_controller_inst.stage1_next_row[4]     11 2.9ms
                  $techmap440197$auto$abc_ops_reintegrate.cc:611:reintegrate$432714.A[1]      5 2.9ms
                  $techmap440769$auto$abc_ops_reintegrate.cc:611:reintegrate$432510.A[2]      7 2.9ms
                                    $techmap438471$abc$431868$lut$aiger431867$26986.A[0]      8 2.8ms
                  $techmap441223$auto$abc_ops_reintegrate.cc:611:reintegrate$432383.A[3]      3 2.8ms
                                                                  ddr3.iserdes_data[206]      2 2.8ms
                  $techmap437265$auto$abc_ops_reintegrate.cc:611:reintegrate$433446.A[3]     10 2.8ms
                                            ddr3.ddr3_controller_inst.stage1_next_row[3]     11 2.8ms
                                                                           wb_rdata[229]      4 2.8ms
                                             $abc$431868$auto$rtlil.cc:3386:Mux$44824[5]      4 2.8ms
                  $techmap440406$auto$abc_ops_reintegrate.cc:611:reintegrate$432637.A[1]      6 2.8ms
                  $techmap439570$auto$abc_ops_reintegrate.cc:611:reintegrate$432900.A[0]      8 2.8ms
                  $techmap436031$auto$abc_ops_reintegrate.cc:611:reintegrate$433696.A[1]      7 2.8ms
                                                                  ddr3.iserdes_data[238]      2 2.8ms
                  $techmap440209$auto$abc_ops_reintegrate.cc:611:reintegrate$432709.A[3]      7 2.8ms
                                     ddr3.ddr3_controller_inst.stage2_data_unaligned[73]      7 2.8ms
                                    ddr3.ddr3_controller_inst.stage2_data_unaligned[162]      5 2.8ms
                                     ddr3.ddr3_controller_inst.stage2_data_unaligned[22]      6 2.8ms
                                                                  ddr3.iserdes_data[168]      2 2.8ms
                  $techmap442354$auto$abc_ops_reintegrate.cc:611:reintegrate$432111.A[0]      9 2.8ms
                  $techmap440978$auto$abc_ops_reintegrate.cc:611:reintegrate$432437.A[0]      9 2.8ms
                                    $techmap436329$abc$431868$lut$aiger431867$21787.A[2]      3 2.8ms
                  $techmap440931$auto$abc_ops_reintegrate.cc:611:reintegrate$432453.A[0]      9 2.8ms
                                    $techmap437311$abc$431868$lut$aiger431867$13427.A[1]      7 2.8ms
                                                                           wb_rdata[216]      4 2.8ms
                                            $auto$alumacc.cc:548:replace_alu$43745.Y[29]      3 2.8ms
                                         $techmap438339$abc$431868$lut$aiger$o10673.A[3]      8 2.8ms
                                    $techmap436459$abc$431868$lut$aiger431867$22142.A[1]      6 2.8ms
                  $techmap438327$auto$abc_ops_reintegrate.cc:611:reintegrate$433223.A[2]      4 2.8ms
                  $techmap438112$auto$abc_ops_reintegrate.cc:611:reintegrate$433282.A[4]      5 2.8ms
                                    $techmap436587$abc$431868$lut$aiger431867$23064.A[3]      7 2.8ms
                  $techmap441721$auto$abc_ops_reintegrate.cc:611:reintegrate$432293.A[0]      9 2.8ms
                                    $techmap437116$abc$431868$lut$aiger431867$12358.A[1]      3 2.8ms
                                                  ddr3.ddr3_controller_inst.dqs_store[9]      3 2.8ms
                                    $techmap441499$abc$431868$lut$aiger431867$51092.A[0]      3 2.8ms
                                                                  pattern.test.einfo[20]      1 2.8ms
                  $techmap437872$auto$abc_ops_reintegrate.cc:611:reintegrate$433377.A[1]      3 2.8ms
                                         $techmap443462$abc$431868$lut$aiger$o14063.A[2]      1 2.8ms
                                     ddr3.ddr3_controller_inst.stage2_data_unaligned[63]      6 2.8ms
                                    ddr3.ddr3_controller_inst.stage2_data_unaligned[129]      7 2.8ms
                  $techmap436033$auto$abc_ops_reintegrate.cc:611:reintegrate$433694.A[1]      7 2.7ms
                                    ddr3.ddr3_controller_inst.stage2_data_unaligned[239]     10 2.7ms
                      $abc$431868$flatten\ddr3.\ddr3_controller_inst.$procmux$19342_Y[2]      2 2.7ms
                                            ddr3.ddr3_controller_inst.read_lane_data[39]      4 2.7ms
                  $techmap438271$auto$abc_ops_reintegrate.cc:611:reintegrate$433250.A[1]      7 2.7ms
                                    $techmap436448$abc$431868$lut$aiger431867$21995.A[1]      6 2.7ms
                                                                  ddr3.iserdes_data[162]      2 2.7ms
                  $techmap440801$auto$abc_ops_reintegrate.cc:611:reintegrate$432499.A[0]      8 2.7ms
                  $techmap442555$auto$abc_ops_reintegrate.cc:611:reintegrate$432019.A[0]      9 2.7ms
                                    $techmap437795$abc$431868$lut$aiger431867$16416.A[0]      6 2.7ms
                                                                   pattern.test.acks[21]      5 2.7ms
        $abc$431868$flatten\ddr3.\ddr3_phy_inst.$logic_and$build/uberddr3/rtl/ddr3_phy.v:1131$12011_Y      4 2.7ms
                                    ddr3.ddr3_controller_inst.stage2_data_unaligned[190]      5 2.7ms
                                    $techmap436452$abc$431868$lut$aiger431867$22077.A[5]      8 2.7ms
                  $techmap436017$auto$abc_ops_reintegrate.cc:611:reintegrate$433710.A[1]      7 2.7ms
                                                                  ddr3.iserdes_data[252]      2 2.7ms
                                          $techmap443163$abc$431868$lut$aiger$o7693.A[1]      5 2.7ms
                                            ddr3.ddr3_controller_inst.stage1_next_row[5]     11 2.7ms
                  $techmap441989$auto$abc_ops_reintegrate.cc:611:reintegrate$432230.A[3]      2 2.7ms
                  $techmap442571$auto$abc_ops_reintegrate.cc:611:reintegrate$432012.A[3]      3 2.7ms
                                         ddr3.ddr3_controller_inst.o_wb_ack_read_q[0][0]      5 2.7ms
                                                                  ddr3.iserdes_data[178]      2 2.7ms
                  $techmap442495$auto$abc_ops_reintegrate.cc:611:reintegrate$432047.A[0]      9 2.7ms
                                           ddr3.ddr3_controller_inst.stage1_next_row[14]     10 2.7ms
                  $techmap440007$auto$abc_ops_reintegrate.cc:611:reintegrate$432777.A[3]      7 2.7ms
                                    $techmap436960$abc$431868$lut$aiger431867$11793.A[1]      4 2.7ms
                                                                  ddr3.iserdes_data[137]      2 2.7ms
                                                                   ddr3.iserdes_data[39]      2 2.7ms
                                    $techmap436369$abc$431868$lut$aiger431867$26139.A[2]      3 2.7ms
                                                                  ddr3.iserdes_data[149]      2 2.7ms
                                                                              line_b[36]      1 2.7ms
                                                                            wb_rdata[89]      3 2.7ms
                  $techmap438785$auto$abc_ops_reintegrate.cc:611:reintegrate$433110.A[2]      8 2.7ms
                                                                   ddr3.iserdes_data[43]      2 2.7ms
                                    $techmap443500$abc$431868$lut$aiger431867$42707.A[0]      3 2.7ms
                                                                            wb_rdata[30]      3 2.6ms
                                                ddr3.ddr3_controller_inst.stage2_row[13]     10 2.6ms
                                    $techmap443558$abc$431868$lut$aiger431867$39188.A[1]      5 2.6ms
                  $techmap441351$auto$abc_ops_reintegrate.cc:611:reintegrate$432350.A[2]      2 2.6ms
                  $techmap438451$auto$abc_ops_reintegrate.cc:611:reintegrate$433198.A[2]      8 2.6ms
                  $techmap438271$auto$abc_ops_reintegrate.cc:611:reintegrate$433250.A[0]      8 2.6ms
                                         $techmap444840$abc$431868$lut$aiger$o10103.A[3]     10 2.6ms
                                    ddr3.ddr3_controller_inst.stage2_data_unaligned[103]      6 2.6ms
                  $techmap440007$auto$abc_ops_reintegrate.cc:611:reintegrate$432777.A[2]      8 2.6ms
                                   $techmap443157$abc$431868$lut$not$aiger431867$50077.A      4 2.6ms
                                    $techmap436979$abc$431868$lut$aiger431867$11850.A[0]      3 2.6ms
                                                                   ddr3.iserdes_data[66]      2 2.6ms
                  $techmap436833$auto$abc_ops_reintegrate.cc:611:reintegrate$433542.A[1]      4 2.6ms
                                           ddr3.ddr3_controller_inst.stage1_next_row[13]     10 2.6ms
                                             $abc$431868$auto$rtlil.cc:3386:Mux$44848[4]      4 2.6ms
                  $techmap442300$auto$abc_ops_reintegrate.cc:611:reintegrate$432134.A[0]      9 2.6ms
                  $techmap439394$auto$abc_ops_reintegrate.cc:611:reintegrate$432944.A[0]      9 2.6ms
                                                                           wb_rdata[250]      3 2.6ms
                                    $techmap443752$abc$431868$lut$aiger431867$24423.A[2]      3 2.6ms
                                      ddr3.ddr3_controller_inst.bank_active_row_d[6][14]      4 2.6ms
                  $techmap441013$auto$abc_ops_reintegrate.cc:611:reintegrate$432423.A[0]      9 2.6ms
                                     ddr3.ddr3_controller_inst.stage2_data_unaligned[28]      8 2.6ms
                                    $techmap439046$abc$431868$lut$aiger431867$34754.A[0]      2 2.6ms
                  $techmap441059$auto$abc_ops_reintegrate.cc:611:reintegrate$432419.A[2]      8 2.6ms
                                    $techmap437121$abc$431868$lut$aiger431867$12376.A[3]      3 2.6ms
                  $techmap441084$auto$abc_ops_reintegrate.cc:611:reintegrate$432411.A[5]      1 2.6ms
                                    $techmap443232$abc$431868$lut$aiger431867$29451.A[2]      5 2.6ms
                                    $techmap436586$abc$431868$lut$aiger431867$23049.A[1]      7 2.6ms
                  $techmap436067$auto$abc_ops_reintegrate.cc:611:reintegrate$433660.A[1]      5 2.6ms
                  $techmap439012$auto$abc_ops_reintegrate.cc:611:reintegrate$433038.A[4]      4 2.6ms
                                             $abc$431868$auto$rtlil.cc:3386:Mux$44840[4]      4 2.6ms
                                         $techmap444474$abc$431868$lut$aiger$o13830.A[4]      4 2.6ms
                                    $techmap439549$abc$431868$lut$aiger431867$13803.A[4]      2 2.6ms
                                                                           wb_rdata[246]      4 2.6ms
                                               ddr3.ddr3_controller_inst.stage1_data[65]      2 2.6ms
                  $techmap438997$auto$abc_ops_reintegrate.cc:611:reintegrate$433045.A[2]      8 2.6ms
                                    $techmap443220$abc$431868$lut$aiger431867$29409.A[0]      5 2.6ms
                                                                  pattern.test.daddr[23]      1 2.6ms
                  $techmap436024$auto$abc_ops_reintegrate.cc:611:reintegrate$433703.A[1]      7 2.6ms
                                    ddr3.ddr3_controller_inst.stage2_data_unaligned[189]      5 2.6ms
                                $abc$431868$auto$simple.cc:210:make_patterns_logic$41483      1 2.6ms
                                                                   pattern.test.emask[6]      1 2.6ms
                                            ddr3.ddr3_controller_inst.stage1_next_row[1]     11 2.6ms
                                    ddr3.ddr3_controller_inst.stage2_data_unaligned[140]      6 2.6ms
                                ddr3.ddr3_controller_inst.write_test_address_counter[14]      4 2.6ms
                                    $techmap443286$abc$431868$lut$aiger431867$35268.A[2]      3 2.6ms
                                $abc$431868$auto$simple.cc:210:make_patterns_logic$41292      2 2.6ms
                                                                    pattern.test.acks[8]      5 2.5ms
                                    $techmap438243$abc$431868$lut$aiger431867$15584.A[0]     10 2.5ms
                                                                  pattern.test.emask[14]      1 2.5ms
                  $techmap439367$auto$abc_ops_reintegrate.cc:611:reintegrate$432956.A[0]      9 2.5ms
                  $techmap438125$auto$abc_ops_reintegrate.cc:611:reintegrate$433279.A[2]     10 2.5ms
                                     ddr3.ddr3_controller_inst.stage2_data_unaligned[19]      6 2.5ms
                                    $techmap443242$abc$431868$lut$aiger431867$44310.A[2]      5 2.5ms
                                     ddr3.ddr3_controller_inst.stage2_data_unaligned[84]      6 2.5ms
                                     ddr3.ddr3_controller_inst.stage2_data_unaligned[29]      6 2.5ms
                                     ddr3.ddr3_controller_inst.stage2_data_unaligned[80]      8 2.5ms
                  $techmap441767$auto$abc_ops_reintegrate.cc:611:reintegrate$432281.A[0]      9 2.5ms
                                    $techmap443220$abc$431868$lut$aiger431867$29409.A[1]      5 2.5ms
                  $techmap437881$auto$abc_ops_reintegrate.cc:611:reintegrate$433372.A[0]      7 2.5ms
                                    $techmap436452$abc$431868$lut$aiger431867$22077.A[0]      8 2.5ms
                                                 ddr3.ddr3_controller_inst.stage2_row[7]     11 2.5ms
                                                 ddr3.ddr3_controller_inst.stage2_row[3]     11 2.5ms
                                    $techmap436574$abc$431868$lut$aiger431867$22913.A[3]      5 2.5ms
                  $techmap440284$auto$abc_ops_reintegrate.cc:611:reintegrate$432685.A[0]      9 2.5ms
                                                                            wb_rdata[21]      4 2.5ms
                                    $techmap437119$abc$431868$lut$aiger431867$12369.A[0]      6 2.5ms
                  $techmap438337$auto$abc_ops_reintegrate.cc:611:reintegrate$433216.A[1]      9 2.5ms
                                    $techmap436464$abc$431868$lut$aiger431867$22261.A[0]      8 2.5ms
                                    $auto$alumacc.cc:548:replace_alu$43548.Y[1]$sum$4621     10 2.5ms
                  $techmap441859$auto$abc_ops_reintegrate.cc:611:reintegrate$432263.A[0]      9 2.5ms
                                                                   ddr3.iserdes_data[10]      2 2.5ms
                                                                             line_tag[4]      1 2.5ms
                                                                           wb_rdata[123]      3 2.5ms
                                $abc$431868$auto$simple.cc:193:make_patterns_logic$41727     16 2.5ms
                                    $techmap437252$abc$431868$lut$aiger431867$13508.A[0]      7 2.5ms
                                                                  ddr3.iserdes_data[113]      2 2.5ms
                                                                   ddr3.iserdes_data[16]      2 2.5ms
                                                                         ddr3.toggle_dqs      4 2.5ms
                                    $techmap436643$abc$431868$lut$aiger431867$24149.A[3]      3 2.5ms
                                                                  ddr3.iserdes_data[171]      2 2.5ms
                  $techmap438114$auto$abc_ops_reintegrate.cc:611:reintegrate$433281.A[1]     14 2.5ms
                                    $techmap438508$abc$431868$lut$aiger431867$27052.A[3]     13 2.5ms
                                    $techmap438475$abc$431868$lut$aiger431867$26987.A[1]      7 2.5ms
                  $techmap439771$auto$abc_ops_reintegrate.cc:611:reintegrate$432848.A[0]      9 2.5ms
                                    $techmap439045$abc$431868$lut$aiger431867$34751.A[2]      3 2.5ms
                                    $techmap438965$abc$431868$lut$aiger431867$33502.A[1]      3 2.5ms
                                    $techmap436890$abc$431868$lut$aiger431867$11505.A[0]      8 2.5ms
                  $techmap438997$auto$abc_ops_reintegrate.cc:611:reintegrate$433045.A[0]      8 2.5ms
                  $techmap440525$auto$abc_ops_reintegrate.cc:611:reintegrate$432591.A[1]      5 2.5ms
                                    $techmap443278$abc$431868$lut$aiger431867$20569.A[1]      3 2.5ms
                  $techmap437767$auto$abc_ops_reintegrate.cc:611:reintegrate$433425.A[1]     10 2.5ms
                  $techmap442571$auto$abc_ops_reintegrate.cc:611:reintegrate$432012.A[1]      4 2.5ms
                  $techmap436018$auto$abc_ops_reintegrate.cc:611:reintegrate$433709.A[1]      7 2.5ms
                                                                    pattern.test.acks[9]      5 2.5ms
                                     ddr3.ddr3_controller_inst.stage2_data_unaligned[98]      5 2.5ms
                  $techmap436270$auto$abc_ops_reintegrate.cc:611:reintegrate$433603.A[3]      3 2.5ms
                                                                  ddr3.idelay_data_ld[3]     10 2.5ms
                                            $auto$alumacc.cc:548:replace_alu$43745.Y[23]      3 2.5ms
                  $techmap440467$auto$abc_ops_reintegrate.cc:611:reintegrate$432617.A[1]      7 2.5ms
                  $techmap442044$auto$abc_ops_reintegrate.cc:611:reintegrate$432212.A[0]      9 2.5ms
                                    ddr3.ddr3_controller_inst.stage2_data_unaligned[108]      6 2.5ms
                                    $techmap436449$abc$431868$lut$aiger431867$22022.A[0]      8 2.5ms
                  $techmap436047$auto$abc_ops_reintegrate.cc:611:reintegrate$433680.A[1]      5 2.5ms
                                                                           wb_rdata[159]      3 2.4ms
                                    $techmap436968$abc$431868$lut$aiger431867$11817.A[1]      5 2.4ms
                                    $techmap436586$abc$431868$lut$aiger431867$23049.A[4]      7 2.4ms
                                                                  ddr3.iserdes_data[125]      2 2.4ms
                  $techmap440481$auto$abc_ops_reintegrate.cc:611:reintegrate$432610.A[0]      7 2.4ms
                  $techmap440078$auto$abc_ops_reintegrate.cc:611:reintegrate$432746.A[2]      8 2.4ms
                                         $techmap444716$abc$431868$lut$aiger$o14741.A[2]      1 2.4ms
                                    $techmap438473$abc$431868$lut$aiger431867$16547.A[1]      9 2.4ms
                  $techmap439376$auto$abc_ops_reintegrate.cc:611:reintegrate$432953.A[1]      7 2.4ms
                  $techmap440850$auto$abc_ops_reintegrate.cc:611:reintegrate$432482.A[3]      7 2.4ms
                                    ddr3.ddr3_controller_inst.stage2_data_unaligned[226]      7 2.4ms
                                                                           wb_rdata[186]      3 2.4ms
                                    $techmap437122$abc$431868$lut$aiger431867$12387.A[2]      7 2.4ms
                                    $techmap438118$abc$431868$lut$aiger431867$20162.A[0]      4 2.4ms
                                    ddr3.ddr3_controller_inst.stage2_data_unaligned[247]     10 2.4ms
                                    ddr3.ddr3_controller_inst.stage2_data_unaligned[212]      7 2.4ms
                                                                   ddr3.iserdes_data[44]      2 2.4ms
                  $techmap440510$auto$abc_ops_reintegrate.cc:611:reintegrate$432598.A[0]      8 2.4ms
                                             $auto$alumacc.cc:548:replace_alu$43745.Y[2]      3 2.4ms
                  $techmap436058$auto$abc_ops_reintegrate.cc:611:reintegrate$433669.A[0]      2 2.4ms
                                    $techmap441101$abc$431868$lut$aiger431867$43301.A[1]      2 2.4ms
                                    $techmap438508$abc$431868$lut$aiger431867$27052.A[1]      6 2.4ms
                                    $techmap436708$abc$431868$lut$aiger431867$22311.A[4]      1 2.4ms
                  $techmap436870$auto$abc_ops_reintegrate.cc:611:reintegrate$433524.A[4]      8 2.4ms
                                     ddr3.ddr3_controller_inst.stage2_data_unaligned[17]      8 2.4ms
                                    $techmap436587$abc$431868$lut$aiger431867$23064.A[1]      7 2.4ms
                  $techmap440406$auto$abc_ops_reintegrate.cc:611:reintegrate$432637.A[0]      6 2.4ms
                                        ddr3.ddr3_controller_inst.write_pattern_lane[44]      1 2.4ms
                                                                  ddr3.iserdes_data[150]      2 2.4ms
                                                                  ddr3.iserdes_data[246]      2 2.4ms
                  $techmap436026$auto$abc_ops_reintegrate.cc:611:reintegrate$433701.A[0]      3 2.4ms
                  $techmap441010$auto$abc_ops_reintegrate.cc:611:reintegrate$432426.A[0]      8 2.4ms
                  $techmap442129$auto$abc_ops_reintegrate.cc:611:reintegrate$432188.A[0]      9 2.4ms
                                 ddr3.ddr3_controller_inst.write_test_address_counter[9]      4 2.4ms
                                ddr3.ddr3_controller_inst.write_test_address_counter[15]      4 2.4ms
                                        ddr3.ddr3_controller_inst.stage2_dm_unaligned[1]      5 2.4ms
                                                 ddr3.ddr3_controller_inst.stage2_row[6]     11 2.4ms
                                $abc$431868$auto$simple.cc:193:make_patterns_logic$45848      7 2.4ms
                  $techmap436835$auto$abc_ops_reintegrate.cc:611:reintegrate$433540.A[1]      4 2.4ms
                  $techmap436032$auto$abc_ops_reintegrate.cc:611:reintegrate$433695.A[1]      7 2.4ms
                  $techmap442854$auto$abc_ops_reintegrate.cc:611:reintegrate$431873.A[1]      7 2.4ms
                                                                           wb_rdata[224]      4 2.4ms
                                                                           wb_rdata[188]      3 2.4ms
                  $techmap442580$auto$abc_ops_reintegrate.cc:611:reintegrate$432009.A[2]      2 2.4ms
                  $techmap441242$auto$abc_ops_reintegrate.cc:611:reintegrate$432377.A[1]      7 2.4ms
                                                                   ddr3.iserdes_data[88]      2 2.4ms
                                                                  ddr3.iserdes_data[132]      2 2.4ms
                                    ddr3.ddr3_controller_inst.stage2_data_unaligned[139]      6 2.4ms
                                    $techmap442989$abc$431868$lut$not$aiger431867$7831.A      4 2.4ms
                                            $auto$alumacc.cc:548:replace_alu$43745.Y[33]      3 2.4ms
                                    $techmap436437$abc$431868$lut$aiger431867$21866.A[1]      5 2.4ms
                                  ddr3.ddr3_controller_inst.read_test_address_counter[2]      5 2.4ms
                                    $techmap436592$abc$431868$lut$aiger431867$23111.A[0]      3 2.4ms
                                         $techmap445350$abc$431868$lut$aiger$o12030.A[4]      4 2.4ms
                  $techmap440365$auto$abc_ops_reintegrate.cc:611:reintegrate$432659.A[2]      4 2.4ms
                  $techmap437307$auto$abc_ops_reintegrate.cc:611:reintegrate$433435.A[2]      7 2.4ms
                  $techmap440917$auto$abc_ops_reintegrate.cc:611:reintegrate$432459.A[2]      8 2.4ms
                                     ddr3.ddr3_controller_inst.stage2_data_unaligned[25]     10 2.4ms
                  $techmap440529$auto$abc_ops_reintegrate.cc:611:reintegrate$432588.A[0]      9 2.4ms
                                    $techmap441215$abc$431868$lut$aiger431867$50373.A[2]      3 2.4ms
                  $techmap439026$auto$abc_ops_reintegrate.cc:611:reintegrate$433033.A[0]      9 2.4ms
        $abc$431868$flatten\ddr3.\ddr3_controller_inst.$2$lookahead\calib_data$13276[255:0]$13631[145]      4 2.4ms
                                                                  ddr3.iserdes_data[219]      2 2.4ms
                                    $techmap443226$abc$431868$lut$aiger431867$32930.A[0]      3 2.4ms
                                    $techmap436095$abc$431868$lut$aiger431867$21146.A[2]      8 2.4ms
                                    $techmap436985$abc$431868$lut$aiger431867$11868.A[0]      8 2.3ms
                  $techmap442415$auto$abc_ops_reintegrate.cc:611:reintegrate$432083.A[0]      9 2.3ms
                                    $techmap442653$abc$431868$lut$aiger431867$54273.A[2]      2 2.3ms
                  $techmap440640$auto$abc_ops_reintegrate.cc:611:reintegrate$432560.A[2]      4 2.3ms
                                    $techmap442105$abc$431868$lut$aiger431867$42102.A[2]      2 2.3ms
                                                 ddr3.ddr3_controller_inst.dqs_store[34]      4 2.3ms
                                    $techmap436690$abc$431868$lut$aiger431867$30199.A[1]      3 2.3ms
                  $techmap438142$auto$abc_ops_reintegrate.cc:611:reintegrate$433273.A[0]      9 2.3ms
                                            ddr3.ddr3_controller_inst.stage1_next_row[8]     11 2.3ms
                  $techmap437807$auto$abc_ops_reintegrate.cc:611:reintegrate$433418.A[1]     12 2.3ms
                  $techmap440197$auto$abc_ops_reintegrate.cc:611:reintegrate$432714.A[0]      8 2.3ms
                                                                  pattern.test.daddr[24]      1 2.3ms
                                $abc$431868$auto$simple.cc:193:make_patterns_logic$45860     10 2.3ms
                  $techmap442854$auto$abc_ops_reintegrate.cc:611:reintegrate$431873.A[2]      4 2.3ms
                  $techmap440802$auto$abc_ops_reintegrate.cc:611:reintegrate$432498.A[0]      9 2.3ms
                                                                             wb_rdata[5]      4 2.3ms
                                    $techmap436458$abc$431868$lut$aiger431867$22139.A[2]      4 2.3ms
                  $techmap440007$auto$abc_ops_reintegrate.cc:611:reintegrate$432777.A[1]      7 2.3ms
                                    $techmap438661$abc$431868$lut$aiger431867$29090.A[1]      4 2.3ms
                                      ddr3.ddr3_controller_inst.bank_active_row_d[6][11]      4 2.3ms
                                    $techmap442798$abc$431868$lut$aiger431867$52558.A[0]      3 2.3ms
                                                                            wb_rdata[56]      3 2.3ms
                  $techmap440724$auto$abc_ops_reintegrate.cc:611:reintegrate$432527.A[3]      7 2.3ms
                  $techmap440729$auto$abc_ops_reintegrate.cc:611:reintegrate$432526.A[2]      4 2.3ms
                                $abc$431868$auto$simple.cc:193:make_patterns_logic$45867     10 2.3ms
                                     $abc$431868$auto$simple.cc:234:combine_resets$40299      2 2.3ms
                                    $techmap443259$abc$431868$lut$aiger431867$24486.A[0]      3 2.3ms
                                    $techmap441312$abc$431868$lut$aiger431867$50498.A[1]      3 2.3ms
                                      ddr3.ddr3_controller_inst.stage2_data_unaligned[4]      8 2.3ms
                  $techmap441305$auto$abc_ops_reintegrate.cc:611:reintegrate$432362.A[1]      7 2.3ms
                  $techmap440078$auto$abc_ops_reintegrate.cc:611:reintegrate$432746.A[0]      8 2.3ms
                                           ddr3.ddr3_controller_inst.stage1_next_row[10]     10 2.3ms
                  $techmap441426$auto$abc_ops_reintegrate.cc:611:reintegrate$432337.A[0]      9 2.3ms
                                                                               line_a[0]      1 2.3ms
                                            $auto$alumacc.cc:548:replace_alu$43745.Y[31]      3 2.3ms
                                    $techmap439887$abc$431868$lut$aiger431867$40184.A[0]      2 2.3ms
                  $techmap440406$auto$abc_ops_reintegrate.cc:611:reintegrate$432637.A[3]      6 2.3ms
                                    ddr3.ddr3_controller_inst.stage2_data_unaligned[230]     11 2.3ms
                                ddr3.ddr3_controller_inst.write_test_address_counter[22]      4 2.3ms
                                    $techmap436643$abc$431868$lut$aiger431867$24149.A[1]      3 2.3ms
                  ddr3.ddr3_controller_inst.stage2_do_update_delay_before_read_after_act      8 2.3ms
                                    ddr3.ddr3_controller_inst.stage2_data_unaligned[248]      7 2.3ms
                                                                                  s_b[8]      2 2.3ms
                  $techmap438278$auto$abc_ops_reintegrate.cc:611:reintegrate$433247.A[2]     10 2.3ms
                                    ddr3.ddr3_controller_inst.stage2_data_unaligned[255]      9 2.3ms
                                    $techmap436452$abc$431868$lut$aiger431867$22077.A[2]      8 2.3ms
                                    ddr3.ddr3_controller_inst.stage2_data_unaligned[241]      7 2.3ms
                  $techmap436002$auto$abc_ops_reintegrate.cc:611:reintegrate$433725.A[1]      3 2.3ms
                  $techmap441317$auto$abc_ops_reintegrate.cc:611:reintegrate$432357.A[0]      8 2.3ms
                                      ddr3.ddr3_controller_inst.bank_active_row_d[2][11]      4 2.3ms
                                    $techmap443285$abc$431868$lut$aiger431867$35256.A[1]      4 2.3ms
                                                                   pattern.test.acks[28]      5 2.3ms
                  $techmap438274$auto$abc_ops_reintegrate.cc:611:reintegrate$433248.A[0]      8 2.3ms
                                    $techmap436855$abc$431868$lut$aiger431867$11389.A[0]      9 2.3ms
                                    $techmap438714$abc$431868$lut$aiger431867$29628.A[1]      8 2.3ms
                                    $techmap436643$abc$431868$lut$aiger431867$24149.A[0]      3 2.3ms
                                                                           wb_rdata[125]      4 2.3ms
                                                                  pattern.test.cycles[6]      2 2.2ms
                                    $techmap436586$abc$431868$lut$aiger431867$23049.A[3]      7 2.2ms
                                                                   ddr3.iserdes_data[23]      2 2.2ms
Info: Router2 time 14.93s
Info: Routing $PACKER_VCC_NET connections...
Info:     $PACKER_VCC_NET: 1884/1884 sinks bridged (0 holdouts; max BFS 32)
Info: Routing $PACKER_GND_NET connections...
Info:     $PACKER_GND_NET: 1487/1487 sinks bridged (0 holdouts; max BFS 5147)
Info: Running post-routing legalisation...
Info:     BUFHCE pass-through CE: 8 tied to VCC, 0 already driven, 0 could not be reached

Info: Critical path report for clock 'clk_ctrl' (posedge -> posedge):
Info: curr total
Info:  0.1  0.1  Source $auto$ff.cc:337:slice$58080.Q
Info:  1.0  1.1    Net ddr3.ddr3_controller_inst.stage1_next_bank[0] budget 0.000000 ns (206,125) -> (198,123)
Info:                Sink $abc$431868$lut$aiger431867$12908.A4
Info:  0.1  1.2  Source $abc$431868$lut$aiger431867$12908.O6
Info:  0.5  1.7    Net $techmap437231$abc$431868$lut$aiger431867$12915.A[5] budget 0.000000 ns (198,123) -> (198,123)
Info:                Sink $abc$431868$lut$aiger431867$12915.A6
Info:  0.1  1.8  Source $abc$431868$lut$aiger431867$12915.O6
Info:  0.7  2.6    Net $techmap437232$abc$431868$lut$aiger431867$12916.A[1] budget 0.000000 ns (198,123) -> (198,126)
Info:                Sink $abc$431868$lut$aiger431867$12916.A1
Info:  0.1  2.7  Source $abc$431868$lut$aiger431867$12916.O6
Info:  0.6  3.3    Net $techmap437235$abc$431868$lut$aiger431867$12919.A[1] budget 0.000000 ns (198,126) -> (197,125)
Info:                Sink $abc$431868$lut$aiger431867$12919.A3
Info:  0.1  3.4  Source $abc$431868$lut$aiger431867$12919.O6
Info:  1.5  4.9    Net $techmap437236$abc$431868$lut$aiger431867$12922.A[1] budget 0.000000 ns (197,125) -> (206,133)
Info:                Sink $abc$431868$lut$aiger431867$12922.A3
Info:  0.1  5.0  Source $abc$431868$lut$aiger431867$12922.O6
Info:  0.6  5.6    Net $techmap437237$auto$abc_ops_reintegrate.cc:611:reintegrate$433451.A[3] budget 0.000000 ns (206,133) -> (203,133)
Info:                Sink $abc$431868$lut$aiger431867$13505.A1
Info:  0.1  5.7  Source $abc$431868$lut$aiger431867$13505.O6
Info:  1.5  7.2    Net $techmap437253$abc$431868$lut$aiger431867$13509.A[1] budget 0.000000 ns (203,133) -> (197,118)
Info:                Sink $abc$431868$lut$aiger431867$13509.A3
Info:  0.1  7.3  Source $abc$431868$lut$aiger431867$13509.O6
Info:  0.2  7.5    Net $techmap437255$abc$431868$lut$aiger431867$13515.A[4] budget 0.000000 ns (197,118) -> (197,118)
Info:                Sink $abc$431868$lut$aiger431867$13515.A2
Info:  0.1  7.6  Source $abc$431868$lut$aiger431867$13515.O6
Info:  1.0  8.6    Net $techmap437262$auto$abc_ops_reintegrate.cc:611:reintegrate$433447.A[1] budget 0.000000 ns (197,118) -> (194,123)
Info:                Sink $auto$abc_ops_reintegrate.cc:611:reintegrate$433447.A1
Info:  0.1  8.8  Source $auto$abc_ops_reintegrate.cc:611:reintegrate$433447.O6
Info:  0.7  9.5    Net ddr3.ddr3_controller_inst.delay_before_precharge_counter_d[6][0] budget 0.000000 ns (194,123) -> (197,119)
Info:                Sink $abc$431868$lut$aiger431867$19027.A6
Info:  0.1  9.6  Source $abc$431868$lut$aiger431867$19027.O6
Info:  0.6 10.2    Net $techmap444762$abc$431868$lut$aiger431867$19080.A[5] budget 0.000000 ns (197,119) -> (197,122)
Info:                Sink $abc$431868$lut$aiger431867$19080.A6
Info:  0.1 10.3  Source $abc$431868$lut$aiger431867$19080.O6
Info:  1.3 11.6    Net $techmap444857$abc$431868$lut$aiger$o8445.A[3] budget 0.000000 ns (197,122) -> (203,128)
Info:                Sink $abc$431868$lut$aiger$o8445.A1
Info:  0.1 11.7  Source $abc$431868$lut$aiger$o8445.O6
Info:  0.0 11.7    Net ddr3.ddr3_controller_inst.stage1_do_pre_d budget 0.014000 ns (203,128) -> (203,128)
Info:                Sink $auto$ff.cc:337:slice$57444.D
Info:  0.1 11.8  Setup $auto$ff.cc:337:slice$57444.D
Info: 1.7 ns logic, 10.1 ns routing

Info: Max frequency for clock 'clk_ctrl': 84.47 MHz (PASS at 83.33 MHz)

Info: Slack histogram:
Info:  legend: * represents 26 endpoint(s)
Info:          + represents [1,26) endpoint(s)
Info: [   162,    737) |+
Info: [   737,   1312) |+
Info: [  1312,   1887) |*+
Info: [  1887,   2462) |****+
Info: [  2462,   3037) |********+
Info: [  3037,   3612) |****************+
Info: [  3612,   4187) |**********************+
Info: [  4187,   4762) |*************************+
Info: [  4762,   5337) |**************************+
Info: [  5337,   5912) |*******************+
Info: [  5912,   6487) |*********************+
Info: [  6487,   7062) |******************************+
Info: [  7062,   7637) |*************************************+
Info: [  7637,   8212) |********************************************************+
Info: [  8212,   8787) |************************************************************ 
Info: [  8787,   9362) |****************************************************+
Info: [  9362,   9937) |***************************************************+
Info: [  9937,  10512) |**************************+
Info: [ 10512,  11087) |************************+
Info: [ 11087,  11662) |*********************+

