Info: Propagating clock constraints...
Info:     derived 200.0 MHz for net 'clk200_in' (through IBUFDS 'clk200_ibufds')
Info:     PLLE2_ADV 'pll': input 200.0 MHz, VCO 1000.0 MHz
Info:     derived 83.3 MHz for net 'ctrl_raw' (through PLLE2_ADV 'pll')
Info:     derived 333.3 MHz for net 'ddr_raw' (through PLLE2_ADV 'pll')
Info:     derived 200.0 MHz for net 'ref_raw' (through PLLE2_ADV 'pll')
Info:     derived 333.3 MHz for net 'ddr90_raw' (through PLLE2_ADV 'pll')
Info:     derived 1000.0 MHz for net 'pll_fb' (through PLLE2_ADV 'pll')
Info:     PLLE2_ADV 'pll': input 200.0 MHz, VCO 1000.0 MHz
Info: Packing constants..
Info: Inserting IO buffers..
Info:     IO port 'clk200_n' driven by IBUFDS 'clk200_ibufds'
Info:     IO port 'clk200_p' driven by IBUFDS 'clk200_ibufds'
Info:     IO port 'ddr3_cas_n' driven by OBUF '$iopadmap$tms_ddr3_ax7203.ddr3_cas_n'
Info:     IO port 'ddr3_ck_n' driven by OBUFDS 'ddr3.ddr3_phy_inst.genblk4.genblk1.OBUFDS_inst'
Info:     IO port 'ddr3_ck_p' driven by OBUFDS 'ddr3.ddr3_phy_inst.genblk4.genblk1.OBUFDS_inst'
Info:     IO port 'ddr3_cke' driven by OBUF '$iopadmap$tms_ddr3_ax7203.ddr3_cke'
Info:     IO port 'ddr3_cs_n' driven by OBUF '$iopadmap$tms_ddr3_ax7203.ddr3_cs_n'
Info:     IO port 'ddr3_odt' driven by OBUF '$iopadmap$tms_ddr3_ax7203.ddr3_odt'
Info:     IO port 'ddr3_ras_n' driven by OBUF '$iopadmap$tms_ddr3_ax7203.ddr3_ras_n'
Info:     IO port 'ddr3_reset_n' driven by OBUF '$iopadmap$tms_ddr3_ax7203.ddr3_reset_n'
Info:     IO port 'ddr3_we_n' driven by OBUF '$iopadmap$tms_ddr3_ax7203.ddr3_we_n'
Info:     IO port 'rst_n' driven by IBUF '$iopadmap$tms_ddr3_ax7203.rst_n'
Info:     IO port 'uart_tx' driven by OBUF '$iopadmap$tms_ddr3_ax7203.uart_tx'
Info:     IO port 'ddr3_addr[0]' driven by OBUF '$iopadmap$tms_ddr3_ax7203.ddr3_addr'
Info:     IO port 'ddr3_addr[1]' driven by OBUF '$iopadmap$tms_ddr3_ax7203.ddr3_addr_1'
Info:     IO port 'ddr3_addr[10]' driven by OBUF '$iopadmap$tms_ddr3_ax7203.ddr3_addr_10'
Info:     IO port 'ddr3_addr[11]' driven by OBUF '$iopadmap$tms_ddr3_ax7203.ddr3_addr_11'
Info:     IO port 'ddr3_addr[12]' driven by OBUF '$iopadmap$tms_ddr3_ax7203.ddr3_addr_12'
Info:     IO port 'ddr3_addr[13]' driven by OBUF '$iopadmap$tms_ddr3_ax7203.ddr3_addr_13'
Info:     IO port 'ddr3_addr[14]' driven by OBUF '$iopadmap$tms_ddr3_ax7203.ddr3_addr_14'
Info:     IO port 'ddr3_addr[2]' driven by OBUF '$iopadmap$tms_ddr3_ax7203.ddr3_addr_2'
Info:     IO port 'ddr3_addr[3]' driven by OBUF '$iopadmap$tms_ddr3_ax7203.ddr3_addr_3'
Info:     IO port 'ddr3_addr[4]' driven by OBUF '$iopadmap$tms_ddr3_ax7203.ddr3_addr_4'
Info:     IO port 'ddr3_addr[5]' driven by OBUF '$iopadmap$tms_ddr3_ax7203.ddr3_addr_5'
Info:     IO port 'ddr3_addr[6]' driven by OBUF '$iopadmap$tms_ddr3_ax7203.ddr3_addr_6'
Info:     IO port 'ddr3_addr[7]' driven by OBUF '$iopadmap$tms_ddr3_ax7203.ddr3_addr_7'
Info:     IO port 'ddr3_addr[8]' driven by OBUF '$iopadmap$tms_ddr3_ax7203.ddr3_addr_8'
Info:     IO port 'ddr3_addr[9]' driven by OBUF '$iopadmap$tms_ddr3_ax7203.ddr3_addr_9'
Info:     IO port 'ddr3_ba[0]' driven by OBUF '$iopadmap$tms_ddr3_ax7203.ddr3_ba'
Info:     IO port 'ddr3_ba[1]' driven by OBUF '$iopadmap$tms_ddr3_ax7203.ddr3_ba_1'
Info:     IO port 'ddr3_ba[2]' driven by OBUF '$iopadmap$tms_ddr3_ax7203.ddr3_ba_2'
Info:     IO port 'led[0]' driven by OBUF '$iopadmap$tms_ddr3_ax7203.led'
Info:     IO port 'led[1]' driven by OBUF '$iopadmap$tms_ddr3_ax7203.led_1'
Info:     IO port 'led[2]' driven by OBUF '$iopadmap$tms_ddr3_ax7203.led_2'
Info:     IO port 'led[3]' driven by OBUF '$iopadmap$tms_ddr3_ax7203.led_3'
Info:     IO port 'ddr3_dq[0]' driven by IOBUF 'ddr3.ddr3_phy_inst.genblk5[0].genblk1.IOBUF_data'
Info:     IO port 'ddr3_dq[10]' driven by IOBUF 'ddr3.ddr3_phy_inst.genblk5[10].genblk1.IOBUF_data'
Info:     IO port 'ddr3_dq[11]' driven by IOBUF 'ddr3.ddr3_phy_inst.genblk5[11].genblk1.IOBUF_data'
Info:     IO port 'ddr3_dq[12]' driven by IOBUF 'ddr3.ddr3_phy_inst.genblk5[12].genblk1.IOBUF_data'
Info:     IO port 'ddr3_dq[13]' driven by IOBUF 'ddr3.ddr3_phy_inst.genblk5[13].genblk1.IOBUF_data'
Info:     IO port 'ddr3_dq[14]' driven by IOBUF 'ddr3.ddr3_phy_inst.genblk5[14].genblk1.IOBUF_data'
Info:     IO port 'ddr3_dq[15]' driven by IOBUF 'ddr3.ddr3_phy_inst.genblk5[15].genblk1.IOBUF_data'
Info:     IO port 'ddr3_dq[16]' driven by IOBUF 'ddr3.ddr3_phy_inst.genblk5[16].genblk1.IOBUF_data'
Info:     IO port 'ddr3_dq[17]' driven by IOBUF 'ddr3.ddr3_phy_inst.genblk5[17].genblk1.IOBUF_data'
Info:     IO port 'ddr3_dq[18]' driven by IOBUF 'ddr3.ddr3_phy_inst.genblk5[18].genblk1.IOBUF_data'
Info:     IO port 'ddr3_dq[19]' driven by IOBUF 'ddr3.ddr3_phy_inst.genblk5[19].genblk1.IOBUF_data'
Info:     IO port 'ddr3_dq[1]' driven by IOBUF 'ddr3.ddr3_phy_inst.genblk5[1].genblk1.IOBUF_data'
Info:     IO port 'ddr3_dq[20]' driven by IOBUF 'ddr3.ddr3_phy_inst.genblk5[20].genblk1.IOBUF_data'
Info:     IO port 'ddr3_dq[21]' driven by IOBUF 'ddr3.ddr3_phy_inst.genblk5[21].genblk1.IOBUF_data'
Info:     IO port 'ddr3_dq[22]' driven by IOBUF 'ddr3.ddr3_phy_inst.genblk5[22].genblk1.IOBUF_data'
Info:     IO port 'ddr3_dq[23]' driven by IOBUF 'ddr3.ddr3_phy_inst.genblk5[23].genblk1.IOBUF_data'
Info:     IO port 'ddr3_dq[24]' driven by IOBUF 'ddr3.ddr3_phy_inst.genblk5[24].genblk1.IOBUF_data'
Info:     IO port 'ddr3_dq[25]' driven by IOBUF 'ddr3.ddr3_phy_inst.genblk5[25].genblk1.IOBUF_data'
Info:     IO port 'ddr3_dq[26]' driven by IOBUF 'ddr3.ddr3_phy_inst.genblk5[26].genblk1.IOBUF_data'
Info:     IO port 'ddr3_dq[27]' driven by IOBUF 'ddr3.ddr3_phy_inst.genblk5[27].genblk1.IOBUF_data'
Info:     IO port 'ddr3_dq[28]' driven by IOBUF 'ddr3.ddr3_phy_inst.genblk5[28].genblk1.IOBUF_data'
Info:     IO port 'ddr3_dq[29]' driven by IOBUF 'ddr3.ddr3_phy_inst.genblk5[29].genblk1.IOBUF_data'
Info:     IO port 'ddr3_dq[2]' driven by IOBUF 'ddr3.ddr3_phy_inst.genblk5[2].genblk1.IOBUF_data'
Info:     IO port 'ddr3_dq[30]' driven by IOBUF 'ddr3.ddr3_phy_inst.genblk5[30].genblk1.IOBUF_data'
Info:     IO port 'ddr3_dq[31]' driven by IOBUF 'ddr3.ddr3_phy_inst.genblk5[31].genblk1.IOBUF_data'
Info:     IO port 'ddr3_dq[3]' driven by IOBUF 'ddr3.ddr3_phy_inst.genblk5[3].genblk1.IOBUF_data'
Info:     IO port 'ddr3_dq[4]' driven by IOBUF 'ddr3.ddr3_phy_inst.genblk5[4].genblk1.IOBUF_data'
Info:     IO port 'ddr3_dq[5]' driven by IOBUF 'ddr3.ddr3_phy_inst.genblk5[5].genblk1.IOBUF_data'
Info:     IO port 'ddr3_dq[6]' driven by IOBUF 'ddr3.ddr3_phy_inst.genblk5[6].genblk1.IOBUF_data'
Info:     IO port 'ddr3_dq[7]' driven by IOBUF 'ddr3.ddr3_phy_inst.genblk5[7].genblk1.IOBUF_data'
Info:     IO port 'ddr3_dq[8]' driven by IOBUF 'ddr3.ddr3_phy_inst.genblk5[8].genblk1.IOBUF_data'
Info:     IO port 'ddr3_dq[9]' driven by IOBUF 'ddr3.ddr3_phy_inst.genblk5[9].genblk1.IOBUF_data'
Info:     IO port 'ddr3_dm[0]' driven by OBUF 'ddr3.ddr3_phy_inst.genblk6[0].genblk1.OBUF_dm'
Info:     IO port 'ddr3_dm[1]' driven by OBUF 'ddr3.ddr3_phy_inst.genblk6[1].genblk1.OBUF_dm'
Info:     IO port 'ddr3_dm[2]' driven by OBUF 'ddr3.ddr3_phy_inst.genblk6[2].genblk1.OBUF_dm'
Info:     IO port 'ddr3_dm[3]' driven by OBUF 'ddr3.ddr3_phy_inst.genblk6[3].genblk1.OBUF_dm'
Info:     IO port 'ddr3_dqs_p[0]' driven by IOBUFDS 'ddr3.ddr3_phy_inst.genblk7[0].genblk1.IOBUFDS_dqs'
Info:     IO port 'ddr3_dqs_n[0]' driven by IOBUFDS 'ddr3.ddr3_phy_inst.genblk7[0].genblk1.IOBUFDS_dqs'
Info:     IO port 'ddr3_dqs_p[1]' driven by IOBUFDS 'ddr3.ddr3_phy_inst.genblk7[1].genblk1.IOBUFDS_dqs'
Info:     IO port 'ddr3_dqs_n[1]' driven by IOBUFDS 'ddr3.ddr3_phy_inst.genblk7[1].genblk1.IOBUFDS_dqs'
Info:     IO port 'ddr3_dqs_p[2]' driven by IOBUFDS 'ddr3.ddr3_phy_inst.genblk7[2].genblk1.IOBUFDS_dqs'
Info:     IO port 'ddr3_dqs_n[2]' driven by IOBUFDS 'ddr3.ddr3_phy_inst.genblk7[2].genblk1.IOBUFDS_dqs'
Info:     IO port 'ddr3_dqs_p[3]' driven by IOBUFDS 'ddr3.ddr3_phy_inst.genblk7[3].genblk1.IOBUFDS_dqs'
Info:     IO port 'ddr3_dqs_n[3]' driven by IOBUFDS 'ddr3.ddr3_phy_inst.genblk7[3].genblk1.IOBUFDS_dqs'
Info:     Constraining 'clk200_n' to site 'IOB_X1Y123'
Info:     Tile 'RIOB33_X105Y123'
Info:     Constraining 'clk200_p' to site 'IOB_X1Y124'
Info:     Tile 'RIOB33_X105Y123'
Info:     Constraining 'ddr3_cas_n' to site 'IOB_X1Y125'
Info:     Tile 'RIOB33_X105Y125'
Info:     Constraining 'ddr3_ck_n' to site 'IOB_X1Y143'
Info:     Tile 'RIOB33_X105Y143'
Info:     Constraining 'ddr3_ck_p' to site 'IOB_X1Y144'
Info:     Tile 'RIOB33_X105Y143'
Info:     Constraining 'ddr3_cke' to site 'IOB_X1Y122'
Info:     Tile 'RIOB33_X105Y121'
Info:     Constraining 'ddr3_cs_n' to site 'IOB_X1Y134'
Info:     Tile 'RIOB33_X105Y133'
Info:     Constraining 'ddr3_odt' to site 'IOB_X1Y121'
Info:     Tile 'RIOB33_X105Y121'
Info:     Constraining 'ddr3_ras_n' to site 'IOB_X1Y126'
Info:     Tile 'RIOB33_X105Y125'
Info:     Constraining 'ddr3_reset_n' to site 'IOB_X1Y120'
Info:     Tile 'RIOB33_X105Y119'
Info:     Constraining 'ddr3_we_n' to site 'IOB_X1Y136'
Info:     Tile 'RIOB33_X105Y135'
Info:     Constraining 'rst_n' to site 'IOB_X1Y115'
Info:     Tile 'RIOB33_X105Y115'
Info:     Constraining 'uart_tx' to site 'IOB_X0Y100'
Info:     Tile 'LIOB33_SING_X0Y100'
Info:     Constraining 'ddr3_addr[0]' to site 'IOB_X1Y127'
Info:     Tile 'RIOB33_X105Y127'
Info:     Constraining 'ddr3_addr[1]' to site 'IOB_X1Y133'
Info:     Tile 'RIOB33_X105Y133'
Info:     Constraining 'ddr3_addr[10]' to site 'IOB_X1Y139'
Info:     Tile 'RIOB33_X105Y139'
Info:     Constraining 'ddr3_addr[11]' to site 'IOB_X1Y142'
Info:     Tile 'RIOB33_X105Y141'
Info:     Constraining 'ddr3_addr[12]' to site 'IOB_X1Y141'
Info:     Tile 'RIOB33_X105Y141'
Info:     Constraining 'ddr3_addr[13]' to site 'IOB_X1Y147'
Info:     Tile 'RIOB33_X105Y147'
Info:     Constraining 'ddr3_addr[14]' to site 'IOB_X1Y137'
Info:     Tile 'RIOB33_X105Y137'
Info:     Constraining 'ddr3_addr[2]' to site 'IOB_X1Y130'
Info:     Tile 'RIOB33_X105Y129'
Info:     Constraining 'ddr3_addr[3]' to site 'IOB_X1Y129'
Info:     Tile 'RIOB33_X105Y129'
Info:     Constraining 'ddr3_addr[4]' to site 'IOB_X1Y135'
Info:     Tile 'RIOB33_X105Y135'
Info:     Constraining 'ddr3_addr[5]' to site 'IOB_X1Y138'
Info:     Tile 'RIOB33_X105Y137'
Info:     Constraining 'ddr3_addr[6]' to site 'IOB_X1Y140'
Info:     Tile 'RIOB33_X105Y139'
Info:     Constraining 'ddr3_addr[7]' to site 'IOB_X1Y148'
Info:     Tile 'RIOB33_X105Y147'
Info:     Constraining 'ddr3_addr[8]' to site 'IOB_X1Y145'
Info:     Tile 'RIOB33_X105Y145'
Info:     Constraining 'ddr3_addr[9]' to site 'IOB_X1Y146'
Info:     Tile 'RIOB33_X105Y145'
Info:     Constraining 'ddr3_ba[0]' to site 'IOB_X1Y131'
Info:     Tile 'RIOB33_X105Y131'
Info:     Constraining 'ddr3_ba[1]' to site 'IOB_X1Y132'
Info:     Tile 'RIOB33_X105Y131'
Info:     Constraining 'ddr3_ba[2]' to site 'IOB_X1Y128'
Info:     Tile 'RIOB33_X105Y127'
Info:     Constraining 'led[0]' to site 'IOB_X0Y233'
Info:     Tile 'LIOB33_X0Y233'
Info:     Constraining 'led[1]' to site 'IOB_X0Y234'
Info:     Tile 'LIOB33_X0Y233'
Info:     Constraining 'led[2]' to site 'IOB_X0Y238'
Info:     Tile 'LIOB33_X0Y237'
Info:     Constraining 'led[3]' to site 'IOB_X0Y237'
Info:     Tile 'LIOB33_X0Y237'
Info:     Constraining 'ddr3_dq[0]' to site 'IOB_X1Y196'
Info:     Tile 'RIOB33_X105Y195'
Info:     Constraining 'ddr3_dq[10]' to site 'IOB_X1Y184'
Info:     Tile 'RIOB33_X105Y183'
Info:     Constraining 'ddr3_dq[11]' to site 'IOB_X1Y179'
Info:     Tile 'RIOB33_X105Y179'
Info:     Constraining 'ddr3_dq[12]' to site 'IOB_X1Y185'
Info:     Tile 'RIOB33_X105Y185'
Info:     Constraining 'ddr3_dq[13]' to site 'IOB_X1Y180'
Info:     Tile 'RIOB33_X105Y179'
Info:     Constraining 'ddr3_dq[14]' to site 'IOB_X1Y186'
Info:     Tile 'RIOB33_X105Y185'
Info:     Constraining 'ddr3_dq[15]' to site 'IOB_X1Y176'
Info:     Tile 'RIOB33_X105Y175'
Info:     Constraining 'ddr3_dq[16]' to site 'IOB_X1Y163'
Info:     Tile 'RIOB33_X105Y163'
Info:     Constraining 'ddr3_dq[17]' to site 'IOB_X1Y168'
Info:     Tile 'RIOB33_X105Y167'
Info:     Constraining 'ddr3_dq[18]' to site 'IOB_X1Y172'
Info:     Tile 'RIOB33_X105Y171'
Info:     Constraining 'ddr3_dq[19]' to site 'IOB_X1Y165'
Info:     Tile 'RIOB33_X105Y165'
Info:     Constraining 'ddr3_dq[1]' to site 'IOB_X1Y190'
Info:     Tile 'RIOB33_X105Y189'
Info:     Constraining 'ddr3_dq[20]' to site 'IOB_X1Y171'
Info:     Tile 'RIOB33_X105Y171'
Info:     Constraining 'ddr3_dq[21]' to site 'IOB_X1Y166'
Info:     Tile 'RIOB33_X105Y165'
Info:     Constraining 'ddr3_dq[22]' to site 'IOB_X1Y173'
Info:     Tile 'RIOB33_X105Y173'
Info:     Constraining 'ddr3_dq[23]' to site 'IOB_X1Y164'
Info:     Tile 'RIOB33_X105Y163'
Info:     Constraining 'ddr3_dq[24]' to site 'IOB_X1Y159'
Info:     Tile 'RIOB33_X105Y159'
Info:     Constraining 'ddr3_dq[25]' to site 'IOB_X1Y162'
Info:     Tile 'RIOB33_X105Y161'
Info:     Constraining 'ddr3_dq[26]' to site 'IOB_X1Y160'
Info:     Tile 'RIOB33_X105Y159'
Info:     Constraining 'ddr3_dq[27]' to site 'IOB_X1Y155'
Info:     Tile 'RIOB33_X105Y155'
Info:     Constraining 'ddr3_dq[28]' to site 'IOB_X1Y154'
Info:     Tile 'RIOB33_X105Y153'
Info:     Constraining 'ddr3_dq[29]' to site 'IOB_X1Y151'
Info:     Tile 'RIOB33_X105Y151'
Info:     Constraining 'ddr3_dq[2]' to site 'IOB_X1Y197'
Info:     Tile 'RIOB33_X105Y197'
Info:     Constraining 'ddr3_dq[30]' to site 'IOB_X1Y152'
Info:     Tile 'RIOB33_X105Y151'
Info:     Constraining 'ddr3_dq[31]' to site 'IOB_X1Y156'
Info:     Tile 'RIOB33_X105Y155'
Info:     Constraining 'ddr3_dq[3]' to site 'IOB_X1Y188'
Info:     Tile 'RIOB33_X105Y187'
Info:     Constraining 'ddr3_dq[4]' to site 'IOB_X1Y195'
Info:     Tile 'RIOB33_X105Y195'
Info:     Constraining 'ddr3_dq[5]' to site 'IOB_X1Y189'
Info:     Tile 'RIOB33_X105Y189'
Info:     Constraining 'ddr3_dq[6]' to site 'IOB_X1Y198'
Info:     Tile 'RIOB33_X105Y197'
Info:     Constraining 'ddr3_dq[7]' to site 'IOB_X1Y192'
Info:     Tile 'RIOB33_X105Y191'
Info:     Constraining 'ddr3_dq[8]' to site 'IOB_X1Y178'
Info:     Tile 'RIOB33_X105Y177'
Info:     Constraining 'ddr3_dq[9]' to site 'IOB_X1Y177'
Info:     Tile 'RIOB33_X105Y177'
Info:     Constraining 'ddr3_dm[0]' to site 'IOB_X1Y191'
Info:     Tile 'RIOB33_X105Y191'
Info:     Constraining 'ddr3_dm[1]' to site 'IOB_X1Y183'
Info:     Tile 'RIOB33_X105Y183'
Info:     Constraining 'ddr3_dm[2]' to site 'IOB_X1Y167'
Info:     Tile 'RIOB33_X105Y167'
Info:     Constraining 'ddr3_dm[3]' to site 'IOB_X1Y153'
Info:     Tile 'RIOB33_X105Y153'
Info:     Constraining 'ddr3_dqs_p[0]' to site 'IOB_X1Y194'
Info:     Tile 'RIOB33_X105Y193'
Info:     Constraining 'ddr3_dqs_n[0]' to site 'IOB_X1Y193'
Info:     Tile 'RIOB33_X105Y193'
Info:     Constraining 'ddr3_dqs_p[1]' to site 'IOB_X1Y182'
Info:     Tile 'RIOB33_X105Y181'
Info:     Constraining 'ddr3_dqs_n[1]' to site 'IOB_X1Y181'
Info:     Tile 'RIOB33_X105Y181'
Info:     Constraining 'ddr3_dqs_p[2]' to site 'IOB_X1Y170'
Info:     Tile 'RIOB33_X105Y169'
Info:     Constraining 'ddr3_dqs_n[2]' to site 'IOB_X1Y169'
Info:     Tile 'RIOB33_X105Y169'
Info:     Constraining 'ddr3_dqs_p[3]' to site 'IOB_X1Y158'
Info:     Tile 'RIOB33_X105Y157'
Info:     Constraining 'ddr3_dqs_n[3]' to site 'IOB_X1Y157'
Info:     Tile 'RIOB33_X105Y157'
Info: Generating output buffer for '$iopadmap$tms_ddr3_ax7203.ddr3_cas_n'
Info: Generating output buffer for '$iopadmap$tms_ddr3_ax7203.ddr3_cke'
Info: Generating output buffer for '$iopadmap$tms_ddr3_ax7203.ddr3_cs_n'
Info: Generating output buffer for '$iopadmap$tms_ddr3_ax7203.ddr3_odt'
Info: Generating output buffer for '$iopadmap$tms_ddr3_ax7203.ddr3_ras_n'
Info: Generating output buffer for '$iopadmap$tms_ddr3_ax7203.ddr3_reset_n'
Info: Generating output buffer for '$iopadmap$tms_ddr3_ax7203.ddr3_we_n'
Info: Generating input buffer for '$iopadmap$tms_ddr3_ax7203.rst_n'
Info: Generating output buffer for '$iopadmap$tms_ddr3_ax7203.uart_tx'
Info: Generating output buffer for '$iopadmap$tms_ddr3_ax7203.ddr3_addr'
Info: Generating output buffer for '$iopadmap$tms_ddr3_ax7203.ddr3_addr_1'
Info: Generating output buffer for '$iopadmap$tms_ddr3_ax7203.ddr3_addr_10'
Info: Generating output buffer for '$iopadmap$tms_ddr3_ax7203.ddr3_addr_11'
Info: Generating output buffer for '$iopadmap$tms_ddr3_ax7203.ddr3_addr_12'
Info: Generating output buffer for '$iopadmap$tms_ddr3_ax7203.ddr3_addr_13'
Info: Generating output buffer for '$iopadmap$tms_ddr3_ax7203.ddr3_addr_14'
Info: Generating output buffer for '$iopadmap$tms_ddr3_ax7203.ddr3_addr_2'
Info: Generating output buffer for '$iopadmap$tms_ddr3_ax7203.ddr3_addr_3'
Info: Generating output buffer for '$iopadmap$tms_ddr3_ax7203.ddr3_addr_4'
Info: Generating output buffer for '$iopadmap$tms_ddr3_ax7203.ddr3_addr_5'
Info: Generating output buffer for '$iopadmap$tms_ddr3_ax7203.ddr3_addr_6'
Info: Generating output buffer for '$iopadmap$tms_ddr3_ax7203.ddr3_addr_7'
Info: Generating output buffer for '$iopadmap$tms_ddr3_ax7203.ddr3_addr_8'
Info: Generating output buffer for '$iopadmap$tms_ddr3_ax7203.ddr3_addr_9'
Info: Generating output buffer for '$iopadmap$tms_ddr3_ax7203.ddr3_ba'
Info: Generating output buffer for '$iopadmap$tms_ddr3_ax7203.ddr3_ba_1'
Info: Generating output buffer for '$iopadmap$tms_ddr3_ax7203.ddr3_ba_2'
Info: Generating output buffer for '$iopadmap$tms_ddr3_ax7203.led'
Info: Generating output buffer for '$iopadmap$tms_ddr3_ax7203.led_1'
Info: Generating output buffer for '$iopadmap$tms_ddr3_ax7203.led_2'
Info: Generating output buffer for '$iopadmap$tms_ddr3_ax7203.led_3'
Info: Generating input buffer for 'ddr3.ddr3_phy_inst.genblk5[0].genblk1.IOBUF_data'
Info: Generating output buffer for 'ddr3.ddr3_phy_inst.genblk5[0].genblk1.IOBUF_data'
Info: Generating input buffer for 'ddr3.ddr3_phy_inst.genblk5[10].genblk1.IOBUF_data'
Info: Generating output buffer for 'ddr3.ddr3_phy_inst.genblk5[10].genblk1.IOBUF_data'
Info: Generating input buffer for 'ddr3.ddr3_phy_inst.genblk5[11].genblk1.IOBUF_data'
Info: Generating output buffer for 'ddr3.ddr3_phy_inst.genblk5[11].genblk1.IOBUF_data'
Info: Generating input buffer for 'ddr3.ddr3_phy_inst.genblk5[12].genblk1.IOBUF_data'
Info: Generating output buffer for 'ddr3.ddr3_phy_inst.genblk5[12].genblk1.IOBUF_data'
Info: Generating input buffer for 'ddr3.ddr3_phy_inst.genblk5[13].genblk1.IOBUF_data'
Info: Generating output buffer for 'ddr3.ddr3_phy_inst.genblk5[13].genblk1.IOBUF_data'
Info: Generating input buffer for 'ddr3.ddr3_phy_inst.genblk5[14].genblk1.IOBUF_data'
Info: Generating output buffer for 'ddr3.ddr3_phy_inst.genblk5[14].genblk1.IOBUF_data'
Info: Generating input buffer for 'ddr3.ddr3_phy_inst.genblk5[15].genblk1.IOBUF_data'
Info: Generating output buffer for 'ddr3.ddr3_phy_inst.genblk5[15].genblk1.IOBUF_data'
Info: Generating input buffer for 'ddr3.ddr3_phy_inst.genblk5[16].genblk1.IOBUF_data'
Info: Generating output buffer for 'ddr3.ddr3_phy_inst.genblk5[16].genblk1.IOBUF_data'
Info: Generating input buffer for 'ddr3.ddr3_phy_inst.genblk5[17].genblk1.IOBUF_data'
Info: Generating output buffer for 'ddr3.ddr3_phy_inst.genblk5[17].genblk1.IOBUF_data'
Info: Generating input buffer for 'ddr3.ddr3_phy_inst.genblk5[18].genblk1.IOBUF_data'
Info: Generating output buffer for 'ddr3.ddr3_phy_inst.genblk5[18].genblk1.IOBUF_data'
Info: Generating input buffer for 'ddr3.ddr3_phy_inst.genblk5[19].genblk1.IOBUF_data'
Info: Generating output buffer for 'ddr3.ddr3_phy_inst.genblk5[19].genblk1.IOBUF_data'
Info: Generating input buffer for 'ddr3.ddr3_phy_inst.genblk5[1].genblk1.IOBUF_data'
Info: Generating output buffer for 'ddr3.ddr3_phy_inst.genblk5[1].genblk1.IOBUF_data'
Info: Generating input buffer for 'ddr3.ddr3_phy_inst.genblk5[20].genblk1.IOBUF_data'
Info: Generating output buffer for 'ddr3.ddr3_phy_inst.genblk5[20].genblk1.IOBUF_data'
Info: Generating input buffer for 'ddr3.ddr3_phy_inst.genblk5[21].genblk1.IOBUF_data'
Info: Generating output buffer for 'ddr3.ddr3_phy_inst.genblk5[21].genblk1.IOBUF_data'
Info: Generating input buffer for 'ddr3.ddr3_phy_inst.genblk5[22].genblk1.IOBUF_data'
Info: Generating output buffer for 'ddr3.ddr3_phy_inst.genblk5[22].genblk1.IOBUF_data'
Info: Generating input buffer for 'ddr3.ddr3_phy_inst.genblk5[23].genblk1.IOBUF_data'
Info: Generating output buffer for 'ddr3.ddr3_phy_inst.genblk5[23].genblk1.IOBUF_data'
Info: Generating input buffer for 'ddr3.ddr3_phy_inst.genblk5[24].genblk1.IOBUF_data'
Info: Generating output buffer for 'ddr3.ddr3_phy_inst.genblk5[24].genblk1.IOBUF_data'
Info: Generating input buffer for 'ddr3.ddr3_phy_inst.genblk5[25].genblk1.IOBUF_data'
Info: Generating output buffer for 'ddr3.ddr3_phy_inst.genblk5[25].genblk1.IOBUF_data'
Info: Generating input buffer for 'ddr3.ddr3_phy_inst.genblk5[26].genblk1.IOBUF_data'
Info: Generating output buffer for 'ddr3.ddr3_phy_inst.genblk5[26].genblk1.IOBUF_data'
Info: Generating input buffer for 'ddr3.ddr3_phy_inst.genblk5[27].genblk1.IOBUF_data'
Info: Generating output buffer for 'ddr3.ddr3_phy_inst.genblk5[27].genblk1.IOBUF_data'
Info: Generating input buffer for 'ddr3.ddr3_phy_inst.genblk5[28].genblk1.IOBUF_data'
Info: Generating output buffer for 'ddr3.ddr3_phy_inst.genblk5[28].genblk1.IOBUF_data'
Info: Generating input buffer for 'ddr3.ddr3_phy_inst.genblk5[29].genblk1.IOBUF_data'
Info: Generating output buffer for 'ddr3.ddr3_phy_inst.genblk5[29].genblk1.IOBUF_data'
Info: Generating input buffer for 'ddr3.ddr3_phy_inst.genblk5[2].genblk1.IOBUF_data'
Info: Generating output buffer for 'ddr3.ddr3_phy_inst.genblk5[2].genblk1.IOBUF_data'
Info: Generating input buffer for 'ddr3.ddr3_phy_inst.genblk5[30].genblk1.IOBUF_data'
Info: Generating output buffer for 'ddr3.ddr3_phy_inst.genblk5[30].genblk1.IOBUF_data'
Info: Generating input buffer for 'ddr3.ddr3_phy_inst.genblk5[31].genblk1.IOBUF_data'
Info: Generating output buffer for 'ddr3.ddr3_phy_inst.genblk5[31].genblk1.IOBUF_data'
Info: Generating input buffer for 'ddr3.ddr3_phy_inst.genblk5[3].genblk1.IOBUF_data'
Info: Generating output buffer for 'ddr3.ddr3_phy_inst.genblk5[3].genblk1.IOBUF_data'
Info: Generating input buffer for 'ddr3.ddr3_phy_inst.genblk5[4].genblk1.IOBUF_data'
Info: Generating output buffer for 'ddr3.ddr3_phy_inst.genblk5[4].genblk1.IOBUF_data'
Info: Generating input buffer for 'ddr3.ddr3_phy_inst.genblk5[5].genblk1.IOBUF_data'
Info: Generating output buffer for 'ddr3.ddr3_phy_inst.genblk5[5].genblk1.IOBUF_data'
Info: Generating input buffer for 'ddr3.ddr3_phy_inst.genblk5[6].genblk1.IOBUF_data'
Info: Generating output buffer for 'ddr3.ddr3_phy_inst.genblk5[6].genblk1.IOBUF_data'
Info: Generating input buffer for 'ddr3.ddr3_phy_inst.genblk5[7].genblk1.IOBUF_data'
Info: Generating output buffer for 'ddr3.ddr3_phy_inst.genblk5[7].genblk1.IOBUF_data'
Info: Generating input buffer for 'ddr3.ddr3_phy_inst.genblk5[8].genblk1.IOBUF_data'
Info: Generating output buffer for 'ddr3.ddr3_phy_inst.genblk5[8].genblk1.IOBUF_data'
Info: Generating input buffer for 'ddr3.ddr3_phy_inst.genblk5[9].genblk1.IOBUF_data'
Info: Generating output buffer for 'ddr3.ddr3_phy_inst.genblk5[9].genblk1.IOBUF_data'
Info: Generating output buffer for 'ddr3.ddr3_phy_inst.genblk6[0].genblk1.OBUF_dm'
Info: Generating output buffer for 'ddr3.ddr3_phy_inst.genblk6[1].genblk1.OBUF_dm'
Info: Generating output buffer for 'ddr3.ddr3_phy_inst.genblk6[2].genblk1.OBUF_dm'
Info: Generating output buffer for 'ddr3.ddr3_phy_inst.genblk6[3].genblk1.OBUF_dm'
Info:     Created 5 INVERTER cells from:
Info:              5x INV
Info:     Created 79 PAD cells from:
Info:             79x PAD
Info: Preparing clocking...
Info: Packing constants..
Info: Packing cfg...
Info: Packing PLLs...
Info:     Constrained PLLE2_ADV_PLLE2_ADV 'pll' to bel 'PLLE2_ADV_X1Y2/PLLE2_ADV' based on dedicated routing
Info:     PLL/MMCM: disconnected 28 const DRP/control pins (Vivado leaves them unrouted)
Info: Packing Gigabit Transceivers..
Info: Packing global buffers...
Info:     Constrained BUFGCTRL 'clk_ctrl_bufg' to bel 'BUFGCTRL_X0Y0/BUFGCTRL' based on dedicated routing
Info:     Constrained BUFGCTRL 'clk_ddr_90_bufg' to bel 'BUFGCTRL_X0Y1/BUFGCTRL' based on dedicated routing
Info:     Constrained BUFGCTRL 'clk_ddr_bufg' to bel 'BUFGCTRL_X0Y2/BUFGCTRL' based on dedicated routing
Info:     Constrained BUFGCTRL 'clk_ref_bufg' to bel 'BUFGCTRL_X0Y3/BUFGCTRL' based on dedicated routing
Info: Packing MUX[789]s..
Info: Packing carries (atomic CARRY4)..
Info:    Packed 156 CARRY4 cells into 56 chains (atomic).
Info: router2 PRECYINIT fix: 156 CARRY4 cells, 212 constant carry pins disconnected
Info:    Carry-O relocation: 9 sum(s) duplicated, 9 CARRY4 split(s), 0 bit(s) skipped (unrelocatable)
Info: Packing LUTs..
Info:     Created 8165 SLICE_LUTX cells from:
Info:           1338x LUT1
Info:            734x LUT2
Info:           2177x LUT3
Info:            876x LUT4
Info:           2327x LUT5
Info:            713x LUT6
Info: Packing DRAM..
Info:    Transformed 0 tied-low DRAM address inputs to be tied-high
Info: Packing BRAM..
Info: Packing DSPs..
Info: Packing flipflops..
Info:     Created 4094 SLICE_FFX cells from:
Info:            348x FDCE
Info:             15x FDPE
Info:           3696x FDRE
Info:             35x FDSE
Info:     local-const FF control: disconnected 109 SR(=GND) + 1978 CE(=VCC) pins from global nets
Info: Constrained 2371 LUTFF pairs.

Info: Annotating ports with timing budgets for target frequency 12.00 MHz
Info: Checksum: 0x51a801e8

Info: Device utilisation:
Info: 	          SLICE_LUTX:  8165/269200     3%
Info: 	           SLICE_FFX:  4094/269200     1%
Info: 	              CARRY4:   165/33650     0%
Info: 	          PSEUDO_GND:     1/69165     0%
Info: 	          PSEUDO_VCC:     1/69165     0%
Info: 	               HARD0:     0/ 3960     0%
Info: 	            RAMB18E1:     0/  730     0%
Info: 	            FIFO18E1:     0/  365     0%
Info: 	        RAMBFIFO36E1:     0/  365     0%
Info: 	            RAMB36E1:     0/  365     0%
Info: 	             DSP48E1:     0/  740     0%
Info: 	                 PAD:    79/ 1062     7%
Info: 	       IOB33M_OUTBUF:     5/  240     2%
Info: 	       IOB33S_OUTBUF:     5/  240     2%
Info: 	        IOB33_OUTBUF:    66/  500    13%
Info: 	     IOB33M_INBUF_EN:     5/  240     2%
Info: 	     IOB33S_INBUF_EN:     0/  240     0%
Info: 	      IOB33_INBUF_EN:    33/  500     6%
Info: 	IOB33M_TERM_OVERRIDE:     0/  240     0%
Info: 	IOB33S_TERM_OVERRIDE:     0/  240     0%
Info: 	 IOB33_TERM_OVERRIDE:     0/  500     0%
Info: 	       PULL_OR_KEEP1:     0/  980     0%
Info: 	            IDELAYE2:    36/  500     7%
Info: 	        OLOGICE3_TFF:     0/  500     0%
Info: 	      OLOGICE3_OUTFF:     0/  500     0%
Info: 	       OLOGICE3_MISR:     0/  500     0%
Info: 	           OSERDESE2:    65/  500    13%
Info: 	        ILOGICE3_IFF:     0/  500     0%
Info: 	ILOGICE3_ZHOLD_DELAY:     0/  500     0%
Info: 	           ISERDESE2:    36/  500     7%
Info: 	                BUFR:     0/   40     0%
Info: 	               BUFIO:     0/   40     0%
Info: 	          IDELAYCTRL:     1/   10    10%
Info: 	            BUFGCTRL:     4/   32    12%
Info: 	            PCIE_2_1:     0/    1     0%
Info: 	               BSCAN:     0/    4     0%
Info: 	                BUFG:     0/   32     0%
Info: 	              BUFHCE:     0/  120     0%
Info: 	            DCIRESET:     0/    1     0%
Info: 	            DNA_PORT:     0/    1     0%
Info: 	           EFUSE_USR:     0/    1     0%
Info: 	           FRAME_ECC:     0/    1     0%
Info: 	       GTPE2_CHANNEL:     0/   16     0%
Info: 	        GTPE2_COMMON:     0/    4     0%
Info: 	         IBUFDS_GTE2:     0/    8     0%
Info: 	                ICAP:     0/    2     0%
Info: 	            INVERTER:     5/  240     2%
Info: 	          MMCME2_ADV:     0/   10     0%
Info: 	        OLOGICE2_TFF:     0/  500     0%
Info: 	      OLOGICE2_OUTFF:     0/  500     0%
Info: 	           PLLE2_ADV:     1/   10    10%
Info: 	           SELMUX2_1:     0/102950     0%
Info: 	             STARTUP:     0/    1     0%
Info: 	          USR_ACCESS:     0/    1     0%
Info: 	              BUFFER:     0/   82     0%
Info: 	        ILOGICE2_IFF:     0/  500     0%
Info: 	       OLOGICE2_MISR:     0/  500     0%

Info: HeAP congestion knobs: beta=0.400 spread_scale=2,1 alpha=0.080
Info: Placed 341 cells based on constraints.
Info: Creating initial analytic placement for 8550 cells, random placement wirelen = 3329857.
Info:     at initial placer iter 0, wirelen = 36287
Info:     at initial placer iter 1, wirelen = 32473
Info:     at initial placer iter 2, wirelen = 30993
Info:     at initial placer iter 3, wirelen = 30912
Info: Running main analytical placer.
Info:     at iteration #1, type ALL: wirelen solved = 30548, spread = 270046, legal = 278608; time = 0.23s
Info:     at iteration #2, type ALL: wirelen solved = 51819, spread = 217014, legal = 226872; time = 0.27s
Info:     at iteration #3, type ALL: wirelen solved = 71570, spread = 201912, legal = 206871; time = 0.21s
Info:     at iteration #4, type ALL: wirelen solved = 86174, spread = 183805, legal = 190683; time = 0.18s
Info:     at iteration #5, type ALL: wirelen solved = 94703, spread = 171380, legal = 178365; time = 0.18s
Info:     at iteration #6, type ALL: wirelen solved = 102846, spread = 168645, legal = 176155; time = 0.19s
Info:     at iteration #7, type ALL: wirelen solved = 109663, spread = 165498, legal = 172120; time = 0.16s
Info:     at iteration #8, type ALL: wirelen solved = 115748, spread = 165157, legal = 171300; time = 0.16s
Info:     at iteration #9, type ALL: wirelen solved = 122887, spread = 171615, legal = 176566; time = 0.16s
Info:     at iteration #10, type ALL: wirelen solved = 129230, spread = 170080, legal = 175437; time = 0.16s
Info:     at iteration #11, type ALL: wirelen solved = 133566, spread = 171614, legal = 176521; time = 0.16s
Info:     at iteration #12, type ALL: wirelen solved = 139534, spread = 173111, legal = 177980; time = 0.15s
Info:     at iteration #13, type ALL: wirelen solved = 144397, spread = 179347, legal = 183299; time = 0.15s
Info: HeAP Placer Time: 3.37s
Info:   of which solving equations: 1.60s
Info:   of which spreading cells: 0.37s
Info:   of which strict legalisation: 0.76s

Info: Running simulated annealing placer for refinement.
Info:   at iteration #1: temp = 0.000000, timing cost = 732, wirelen = 171300
Info:   at iteration #5: temp = 0.000000, timing cost = 393, wirelen = 161592
Info:   at iteration #10: temp = 0.000000, timing cost = 360, wirelen = 161029
Info:   at iteration #10: temp = 0.000000, timing cost = 359, wirelen = 161059 
Info: SA placement time 2.23s

Info: Max frequency for clock 'clk_ctrl': 73.08 MHz (FAIL at 83.33 MHz)

Info: Slack histogram:
Info:  legend: * represents 28 endpoint(s)
Info:          + represents [1,28) endpoint(s)
Info: [ -1684,  -1015) |+
Info: [ -1015,   -346) | 
Info: [  -346,    323) |+
Info: [   323,    992) |+
Info: [   992,   1661) |+
Info: [  1661,   2330) |**+
Info: [  2330,   2999) |***+
Info: [  2999,   3668) |*********+
Info: [  3668,   4337) |**********************+
Info: [  4337,   5006) |*************************+
Info: [  5006,   5675) |*********************+
Info: [  5675,   6344) |*******************+
Info: [  6344,   7013) |****************+
Info: [  7013,   7682) |******************+
Info: [  7682,   8351) |****************+
Info: [  8351,   9020) |************************************+
Info: [  9020,   9689) |************************************************************ 
Info: [  9689,  10358) |**************************************+
Info: [ 10358,  11027) |**********************+
Info: [ 11027,  11696) |*****************************+
Info: Checksum: 0xd2525beb
Info: Running post-placement legalisation...
Info: post-place repair: relocated 3433 stranded cluster(s)/cell(s) to valid bels
Info: Routing global clocks...
Info:     routing clock 'clk_ddr'
Info:     routing clock 'clk_ctrl'
Info:     routing clock 'clk200_in'
Info:     routing clock 'ctrl_raw'
Info:     routing clock 'ddr90_raw'
Info:     routing clock 'clk_ddr_90'
Info:     routing clock 'ddr_raw'
Info:     routing clock 'ref_raw'
Info:     routing clock 'clk_ref'
Info: Running router2...
Info: Setting up routing resources...
Info: Adopted 4371 pre-routed arc(s)
Info: Running main router loop...
Info:     iter=1 wires=212451 overused=6075 overuse=6200 archfail=NA
Info:     iter=2 wires=216518 overused=12 overuse=12 archfail=NA
Info:     iter=3 wires=216532 overused=0 overuse=0 archfail=0
Info: 1000 slowest nets by runtime:
                                                                              ddr3.reset   3344 593.5ms
                                                 ddr3.ddr3_controller_inst.index_wb_data    257 218.0ms
                  $techmap309331$auto$abc_ops_reintegrate.cc:611:reintegrate$305920.A[4]     52 199.4ms
                                $abc$305129$auto$simple.cc:210:make_patterns_logic$33381    288 182.7ms
                                     $techmap307085$abc$305129$lut$aiger305128$6902.A[1]    319 167.5ms
                                                       ddr3.ddr3_controller_inst.lane[1]    122 158.5ms
        $flatten\ddr3.\ddr3_controller_inst.$shiftx$build/uberddr3/rtl/ddr3_controller.v:2225$10221.Y     64 154.9ms
                                $abc$305129$auto$simple.cc:210:make_patterns_logic$33369    257 150.2ms
                                                 ddr3.ddr3_controller_inst.stage2_update    282 144.7ms
                                                    ddr3.ddr3_controller_inst.late_dq[3]    199 144.4ms
                                                       ddr3.ddr3_controller_inst.lane[0]    126 143.4ms
                                        ddr3.ddr3_controller_inst.data_start_index[3][1]    168 138.4ms
                                        ddr3.ddr3_controller_inst.data_start_index[0][2]    146 136.0ms
                                     $abc$305129$auto$simple.cc:234:combine_resets$33024    284 127.5ms
                                                                                     rst    370 123.8ms
                                        ddr3.ddr3_controller_inst.data_start_index[0][4]    211 121.3ms
                                        ddr3.ddr3_controller_inst.data_start_index[0][6]    102 119.0ms
                                        ddr3.ddr3_controller_inst.data_start_index[0][3]    167 111.4ms
                                        ddr3.ddr3_controller_inst.data_start_index[2][4]    208 110.7ms
                                        ddr3.ddr3_controller_inst.data_start_index[2][3]    170 109.5ms
                                        ddr3.ddr3_controller_inst.data_start_index[0][5]    107 106.8ms
                                     $techmap307071$abc$305129$lut$aiger305128$6508.A[1]     50 105.9ms
         $techmap310513$auto$abc_ops_reintegrate.cc:611:reintegrate$305633.A[0]$sum$2265     66 102.5ms
                  $techmap308528$auto$abc_ops_reintegrate.cc:611:reintegrate$306152.A[0]     43 100.8ms
                                                    ddr3.ddr3_controller_inst.late_dq[1]    198 100.8ms
                                                    ddr3.ddr3_controller_inst.late_dq[2]    196 100.2ms
                                     $techmap307071$abc$305129$lut$aiger305128$6508.A[2]     44 98.6ms
                                        ddr3.ddr3_controller_inst.data_start_index[3][3]    169 97.6ms
                                        ddr3.ddr3_controller_inst.data_start_index[0][0]    108 97.0ms
                  $techmap307068$auto$abc_ops_reintegrate.cc:611:reintegrate$306496.A[1]     67 95.5ms
                                        ddr3.ddr3_controller_inst.data_start_index[1][6]    108 95.2ms
                                              ddr3.ddr3_controller_inst.stage2_bank_d[0]     58 94.9ms
                                                    ddr3.ddr3_controller_inst.late_dq[0]    205 93.8ms
                                                ddr3.ddr3_controller_inst.stage2_pending     51 92.3ms
                  $techmap307977$auto$abc_ops_reintegrate.cc:611:reintegrate$306305.A[3]     69 91.0ms
                                        ddr3.ddr3_controller_inst.data_start_index[1][5]    114 90.7ms
                                        ddr3.ddr3_controller_inst.data_start_index[3][6]    110 89.6ms
                  $techmap307959$auto$abc_ops_reintegrate.cc:611:reintegrate$306308.A[3]     79 88.4ms
                                                ddr3.ddr3_controller_inst.stage1_bank[1]     56 86.0ms
                                        ddr3.ddr3_controller_inst.data_start_index[3][2]    147 85.7ms
                                      ddr3.ddr3_controller_inst.write_by_byte_counter[3]     43 85.4ms
                                        ddr3.ddr3_controller_inst.data_start_index[3][5]    113 84.8ms
                                        ddr3.ddr3_controller_inst.data_start_index[3][4]    210 83.8ms
                                        ddr3.ddr3_controller_inst.data_start_index[2][1]    167 83.1ms
                                        ddr3.ddr3_controller_inst.data_start_index[1][4]    209 82.9ms
                                        ddr3.ddr3_controller_inst.data_start_index[1][3]    167 82.5ms
                                        ddr3.ddr3_controller_inst.data_start_index[0][1]    166 81.0ms
                  $techmap309397$auto$abc_ops_reintegrate.cc:611:reintegrate$305888.A[0]     46 80.3ms
                  $techmap309501$auto$abc_ops_reintegrate.cc:611:reintegrate$305856.A[1]    107 79.4ms
        $flatten\ddr3.\ddr3_controller_inst.$shiftx$build/uberddr3/rtl/ddr3_controller.v:2248$10225.Y     64 78.0ms
                                        ddr3.ddr3_controller_inst.data_start_index[2][6]    108 77.7ms
                                        ddr3.ddr3_controller_inst.data_start_index[2][5]    113 77.5ms
                                              ddr3.ddr3_controller_inst.stage2_bank_d[1]     54 75.4ms
                  $techmap308069$auto$abc_ops_reintegrate.cc:611:reintegrate$306297.A[0]     72 75.0ms
                                        ddr3.ddr3_controller_inst.data_start_index[1][0]    108 72.7ms
                                        ddr3.ddr3_controller_inst.data_start_index[1][1]    167 72.5ms
        $flatten\ddr3.\ddr3_controller_inst.$shiftx$build/uberddr3/rtl/ddr3_controller.v:2225$10229.Y     64 71.5ms
                                         ddr3.ddr3_controller_inst.stage1_next_bank_d[1]     42 71.5ms
        $flatten\ddr3.\ddr3_controller_inst.$shiftx$build/uberddr3/rtl/ddr3_controller.v:2248$10241.Y     64 68.6ms
                                        ddr3.ddr3_controller_inst.data_start_index[3][0]    108 67.9ms
                  $techmap307983$auto$abc_ops_reintegrate.cc:611:reintegrate$306304.A[3]     83 67.0ms
                                                ddr3.ddr3_controller_inst.stage1_bank[0]     56 65.6ms
                                                             ddr3.ddr3_phy_inst.sync_rst    102 64.7ms
                                        ddr3.ddr3_controller_inst.data_start_index[1][2]    147 64.3ms
        $flatten\ddr3.\ddr3_controller_inst.$shiftx$build/uberddr3/rtl/ddr3_controller.v:2248$10233.Y     64 64.1ms
                  $techmap309390$auto$abc_ops_reintegrate.cc:611:reintegrate$305889.A[0]     49 62.9ms
                  $techmap307968$auto$abc_ops_reintegrate.cc:611:reintegrate$306307.A[3]     73 62.2ms
                                        ddr3.ddr3_controller_inst.data_start_index[2][2]    148 61.8ms
                                        ddr3.ddr3_controller_inst.data_start_index[2][0]    108 58.3ms
                  $techmap309411$auto$abc_ops_reintegrate.cc:611:reintegrate$305884.A[0]     56 57.1ms
                                              ddr3.ddr3_controller_inst.write_pattern[0]     59 56.8ms
                  $techmap310398$auto$abc_ops_reintegrate.cc:611:reintegrate$305647.A[1]     52 55.3ms
        $flatten\ddr3.\ddr3_controller_inst.$shiftx$build/uberddr3/rtl/ddr3_controller.v:2225$10237.Y     64 55.1ms
                                          $techmap312484$abc$305129$lut$aiger$o4178.A[1]     68 55.1ms
                                                                              pll_locked      2 53.9ms
                                    $techmap308028$abc$305129$lut$aiger305128$16250.A[0]     56 51.8ms
                                    $techmap308023$abc$305129$lut$aiger305128$16248.A[0]     51 49.3ms
                                    $techmap308046$abc$305129$lut$aiger305128$16298.A[0]    110 48.0ms
                                    $techmap308036$abc$305129$lut$aiger305128$16294.A[1]    116 47.5ms
                                                                          calib_complete     26 47.1ms
                  $techmap312033$auto$abc_ops_reintegrate.cc:611:reintegrate$305166.A[0]     94 44.7ms
                  $techmap312171$auto$abc_ops_reintegrate.cc:611:reintegrate$305135.A[1]     68 42.7ms
                                    $techmap308022$abc$305129$lut$aiger305128$10193.A[1]     48 38.7ms
                                          $techmap312031$abc$305129$lut$aiger$o3136.A[1]     45 37.7ms
                                                                                 tx_busy     77 37.6ms
        $flatten\ddr3.\ddr3_controller_inst.$shiftx$build/uberddr3/rtl/ddr3_controller.v:2248$10249.Y     64 36.0ms
        $flatten\ddr3.\ddr3_controller_inst.$shiftx$build/uberddr3/rtl/ddr3_controller.v:2225$10245.Y     64 34.4ms
                                                                            recalibrated      1 33.8ms
                  $techmap308619$auto$abc_ops_reintegrate.cc:611:reintegrate$306130.A[1]     62 31.8ms
                                                ddr3.ddr3_controller_inst.stage1_bank[2]     35 26.7ms
                  $techmap308528$auto$abc_ops_reintegrate.cc:611:reintegrate$306152.A[4]     40 22.7ms
                                              ddr3.ddr3_controller_inst.stage2_bank_d[2]     27 21.2ms
                                                          ddr3.idelay_data_cntvaluein[3]     36 20.7ms
                                            ddr3.ddr3_controller_inst.dqs_start_index[0]     50 20.5ms
                                          ddr3.ddr3_controller_inst.start_index_check[4]     35 18.7ms
                                                          ddr3.idelay_data_cntvaluein[4]     36 17.7ms
                  $techmap311614$auto$abc_ops_reintegrate.cc:611:reintegrate$305416.A[1]     26 17.5ms
                                    $techmap309395$abc$305129$lut$aiger305128$25207.A[4]     33 17.3ms
                                            $abc$305129$auto$rtlil.cc:3488:NotGate$95319     18 17.3ms
                  $techmap310923$auto$abc_ops_reintegrate.cc:611:reintegrate$305587.A[0]     15 17.1ms
                                                                               heartbeat      2 17.0ms
                                            $abc$305129$auto$rtlil.cc:3488:NotGate$95333     19 17.0ms
                                    $techmap307044$abc$305129$lut$aiger305128$10288.A[0]     34 15.5ms
                  $techmap310736$auto$abc_ops_reintegrate.cc:611:reintegrate$305615.A[1]     28 15.3ms
                                            $abc$305129$auto$rtlil.cc:3488:NotGate$95361     17 15.2ms
                  $techmap311853$auto$abc_ops_reintegrate.cc:611:reintegrate$305313.A[4]     26 15.0ms
                  $techmap310577$auto$abc_ops_reintegrate.cc:611:reintegrate$305629.A[0]     28 15.0ms
                  $techmap308701$auto$abc_ops_reintegrate.cc:611:reintegrate$306114.A[3]     30 14.9ms
                                                          ddr3.idelay_data_cntvaluein[2]     36 14.8ms
                  $techmap310577$auto$abc_ops_reintegrate.cc:611:reintegrate$305629.A[1]     26 14.8ms
                                                          ddr3.idelay_data_cntvaluein[1]     36 14.6ms
                                             $techmap100629$auto$ff.cc:337:slice$47097.D     39 14.4ms
                                     $techmap307085$abc$305129$lut$aiger305128$6902.A[0]     36 14.3ms
                  $techmap311375$auto$abc_ops_reintegrate.cc:611:reintegrate$305492.A[1]     28 14.1ms
                  $techmap312162$auto$abc_ops_reintegrate.cc:611:reintegrate$305138.A[1]     36 14.0ms
                                      ddr3.ddr3_controller_inst.write_by_byte_counter[2]     40 14.0ms
                                    $techmap312379$abc$305129$lut$aiger305128$12156.A[4]     30 14.0ms
                                                                                 uart.tx      1 14.0ms
                                      ddr3.ddr3_controller_inst.write_by_byte_counter[4]     36 13.9ms
                                         ddr3.ddr3_controller_inst.stage1_next_bank_d[0]     38 13.7ms
                  $techmap309558$auto$abc_ops_reintegrate.cc:611:reintegrate$305840.A[1]     27 13.6ms
                                         ddr3.ddr3_controller_inst.stage1_next_bank_d[2]     29 13.2ms
                  $techmap311863$auto$abc_ops_reintegrate.cc:611:reintegrate$305308.A[2]     32 13.1ms
                                                                               debug1[0]     40 13.1ms
                  $techmap308090$auto$abc_ops_reintegrate.cc:611:reintegrate$306290.A[3]     35 13.1ms
                  $techmap307516$auto$abc_ops_reintegrate.cc:611:reintegrate$306481.A[3]     17 13.1ms
                                                                     ddr3.dq_tri_control     36 13.0ms
                  $techmap307531$auto$abc_ops_reintegrate.cc:611:reintegrate$306474.A[3]     18 12.8ms
                  $techmap310504$auto$abc_ops_reintegrate.cc:611:reintegrate$305634.A[0]     30 12.7ms
                                $abc$305129$auto$simple.cc:210:make_patterns_logic$33543     40 12.6ms
                                        ddr3.ddr3_controller_inst.instruction_address[2]     23 12.5ms
                                       ddr3.ddr3_controller_inst.delay_counter_is_zero_d     25 12.1ms
                                                 ddr3.ddr3_controller_inst.stage2_do_act     22 11.8ms
                  $techmap307497$auto$abc_ops_reintegrate.cc:611:reintegrate$306485.A[4]     20 11.7ms
                  $techmap311369$auto$abc_ops_reintegrate.cc:611:reintegrate$305494.A[1]     29 11.6ms
                                    $techmap309409$abc$305129$lut$aiger305128$25238.A[4]     32 11.5ms
                  $techmap307886$auto$abc_ops_reintegrate.cc:611:reintegrate$306322.A[2]     31 11.4ms
                                        ddr3.ddr3_controller_inst.instruction_address[1]     23 11.4ms
                                                          ddr3.idelay_data_cntvaluein[0]     33 11.3ms
                  $techmap310610$auto$abc_ops_reintegrate.cc:611:reintegrate$305626.A[0]     28 11.3ms
                  $techmap307082$auto$abc_ops_reintegrate.cc:611:reintegrate$306491.A[3]     28 11.2ms
                                            $abc$305129$auto$rtlil.cc:3488:NotGate$95347     20 11.0ms
                                $abc$305129$auto$simple.cc:210:make_patterns_logic$33262     28 10.8ms
                  $techmap310550$auto$abc_ops_reintegrate.cc:611:reintegrate$305630.A[1]     28 10.8ms
                                                                               debug1[3]     26 10.8ms
                                          $techmap312745$abc$305129$lut$aiger$o2393.A[0]     26 10.7ms
                  $techmap311364$auto$abc_ops_reintegrate.cc:611:reintegrate$305496.A[1]     28 10.5ms
        $abc$305129$flatten\ddr3.\ddr3_phy_inst.$logic_not$build/uberddr3/rtl/ddr3_phy.v:1126$8993_Y      6 10.5ms
                  $techmap309331$auto$abc_ops_reintegrate.cc:611:reintegrate$305920.A[2]     18 10.5ms
                                                                               debug1[4]     36 10.4ms
                  $techmap309716$auto$abc_ops_reintegrate.cc:611:reintegrate$305813.A[1]     27 10.4ms
                                    $techmap307487$abc$305129$lut$aiger305128$12163.A[1]     32 10.4ms
                                    $techmap312444$abc$305129$lut$aiger305128$21096.A[1]     31 10.4ms
                  $techmap311369$auto$abc_ops_reintegrate.cc:611:reintegrate$305494.A[2]     26 10.3ms
                  $techmap311595$auto$abc_ops_reintegrate.cc:611:reintegrate$305422.A[0]     25 10.2ms
                  $techmap310550$auto$abc_ops_reintegrate.cc:611:reintegrate$305630.A[0]     29 10.1ms
                                           ddr3.ddr3_controller_inst.stage1_next_bank[2]     19 10.1ms
                                     $techmap307493$abc$305129$lut$aiger305128$8858.A[1]     21 10.0ms
                  $techmap308096$auto$abc_ops_reintegrate.cc:611:reintegrate$306287.A[3]     18 9.9ms
                  $techmap307497$auto$abc_ops_reintegrate.cc:611:reintegrate$306485.A[3]     18 9.9ms
                                            ddr3.ddr3_controller_inst.dqs_start_index[1]     39 9.6ms
                  $techmap307542$auto$abc_ops_reintegrate.cc:611:reintegrate$306469.A[3]     18 9.4ms
                                                                               debug1[2]     28 9.4ms
                                          ddr3.ddr3_controller_inst.start_index_check[5]     34 9.3ms
                                    $techmap310734$abc$305129$lut$aiger305128$30027.A[1]     21 9.3ms
                                 ddr3.ddr3_controller_inst.check_test_address_counter[7]     14 9.3ms
                  $techmap307502$auto$abc_ops_reintegrate.cc:611:reintegrate$306484.A[3]     17 9.1ms
                                                  ddr3.ddr3_controller_inst.stage2_do_rd     21 9.1ms
                  $techmap307542$auto$abc_ops_reintegrate.cc:611:reintegrate$306469.A[4]     21 9.0ms
                  $techmap311805$auto$abc_ops_reintegrate.cc:611:reintegrate$305345.A[0]     18 9.0ms
                  $techmap307524$auto$abc_ops_reintegrate.cc:611:reintegrate$306478.A[3]     18 9.0ms
                                     $techmap312741$abc$305129$lut$aiger305128$6946.A[4]     29 8.9ms
                  $techmap307536$auto$abc_ops_reintegrate.cc:611:reintegrate$306472.A[3]     16 8.9ms
                  $techmap310610$auto$abc_ops_reintegrate.cc:611:reintegrate$305626.A[1]     28 8.9ms
                                                  ddr3.ddr3_controller_inst.prep_done[1]     17 8.8ms
                                               ddr3.ddr3_controller_inst.calib_data[200]      1 8.7ms
                  $techmap308528$auto$abc_ops_reintegrate.cc:611:reintegrate$306152.A[2]     19 8.6ms
                  $techmap307880$auto$abc_ops_reintegrate.cc:611:reintegrate$306323.A[2]     23 8.5ms
                  $techmap308762$auto$abc_ops_reintegrate.cc:611:reintegrate$306100.A[2]     18 8.5ms
                  $techmap307678$auto$abc_ops_reintegrate.cc:611:reintegrate$306371.A[0]     25 8.4ms
                                        ddr3.ddr3_controller_inst.instruction_address[0]     25 8.3ms
                                        ddr3.ddr3_controller_inst.instruction_address[4]     25 8.2ms
                  $techmap311715$auto$abc_ops_reintegrate.cc:611:reintegrate$305385.A[2]     28 8.2ms
                                      ddr3.ddr3_controller_inst.write_by_byte_counter[1]     20 8.2ms
                                    $techmap309388$abc$305129$lut$aiger305128$25194.A[4]     33 8.1ms
                  $techmap312033$auto$abc_ops_reintegrate.cc:611:reintegrate$305166.A[2]     33 8.1ms
                  $techmap310370$auto$abc_ops_reintegrate.cc:611:reintegrate$305651.A[1]     17 8.1ms
                                        ddr3.ddr3_controller_inst.instruction_address[3]     27 8.0ms
                  $techmap307087$auto$abc_ops_reintegrate.cc:611:reintegrate$306490.A[3]     18 8.0ms
                                    $techmap306961$abc$305129$lut$aiger305128$15213.A[2]     24 8.0ms
                  $techmap307076$auto$abc_ops_reintegrate.cc:611:reintegrate$306494.A[4]     32 8.0ms
                  $techmap307502$auto$abc_ops_reintegrate.cc:611:reintegrate$306484.A[4]     20 7.9ms
                                 ddr3.ddr3_controller_inst.check_test_address_counter[0]     19 7.9ms
                                                ddr3.ddr3_controller_inst.stage2_row[13]     10 7.9ms
                                          $techmap307643$abc$305129$lut$aiger$o3865.A[3]     20 7.9ms
                  $techmap312003$auto$abc_ops_reintegrate.cc:611:reintegrate$305189.A[2]     24 7.9ms
                  $techmap306982$auto$abc_ops_reintegrate.cc:611:reintegrate$306523.A[0]     21 7.8ms
                                 ddr3.ddr3_controller_inst.check_test_address_counter[5]     19 7.7ms
                                                                         ddr3.bitslip[1]     18 7.7ms
                                                                               debug1[1]     29 7.6ms
                                                                  ddr3.iserdes_data[194]      2 7.6ms
                  $techmap307511$auto$abc_ops_reintegrate.cc:611:reintegrate$306482.A[4]     19 7.5ms
                                                                   ddr3.iserdes_data[74]      2 7.5ms
                  $techmap307516$auto$abc_ops_reintegrate.cc:611:reintegrate$306481.A[4]     20 7.5ms
                                $abc$305129$auto$simple.cc:193:make_patterns_logic$33548     16 7.5ms
                  $techmap307524$auto$abc_ops_reintegrate.cc:611:reintegrate$306478.A[4]     19 7.4ms
                                                  ddr3.ddr3_controller_inst.stage2_do_wr     22 7.2ms
                                          $techmap312031$abc$305129$lut$aiger$o3136.A[0]     37 7.1ms
                                                   ddr3.ddr3_controller_inst.initial_dqs     13 7.1ms
                                    $techmap308061$abc$305129$lut$aiger305128$16238.A[1]     14 7.0ms
                  $techmap311014$auto$abc_ops_reintegrate.cc:611:reintegrate$305572.A[2]     23 7.0ms
                                 ddr3.ddr3_controller_inst.check_test_address_counter[1]     17 7.0ms
                                                    ddr3.ddr3_controller_inst.write_dq_d     21 6.9ms
                                          ddr3.ddr3_controller_inst.read_data_store[147]      1 6.9ms
                                 ddr3.ddr3_controller_inst.check_test_address_counter[2]     15 6.8ms
                                    ddr3.ddr3_controller_inst.stage2_data_unaligned[152]      8 6.8ms
                  $techmap308088$auto$abc_ops_reintegrate.cc:611:reintegrate$306291.A[0]     18 6.8ms
                                             $abc$305129$auto$rtlil.cc:3386:Mux$35949[3]      4 6.8ms
                  $techmap307511$auto$abc_ops_reintegrate.cc:611:reintegrate$306482.A[3]     17 6.7ms
                                                                         ddr3.bitslip[3]     18 6.7ms
                  $techmap312001$auto$abc_ops_reintegrate.cc:611:reintegrate$305190.A[0]     34 6.7ms
                                    ddr3.ddr3_controller_inst.stage2_data_unaligned[108]      6 6.6ms
                                            ddr3.ddr3_controller_inst.dqs_start_index[2]     25 6.6ms
                  $techmap309979$auto$abc_ops_reintegrate.cc:611:reintegrate$305725.A[0]     20 6.5ms
                                     $abc$305129$auto$simple.cc:234:combine_resets$33096      8 6.5ms
                                    ddr3.ddr3_controller_inst.stage2_data_unaligned[220]      7 6.5ms
                                    $techmap307496$abc$305129$lut$aiger305128$12162.A[2]     26 6.5ms
                                     $techmap307066$abc$305129$lut$aiger305128$6882.A[0]     19 6.4ms
                  $techmap307536$auto$abc_ops_reintegrate.cc:611:reintegrate$306472.A[4]     18 6.4ms
                                            ddr3.ddr3_controller_inst.stage1_next_row[2]     11 6.4ms
                                      ddr3.ddr3_controller_inst.write_by_byte_counter[0]     21 6.3ms
                  $techmap309449$auto$abc_ops_reintegrate.cc:611:reintegrate$305872.A[2]     19 6.3ms
                                                                                clk_ctrl   4231 6.2ms
                                    $techmap308059$abc$305129$lut$aiger305128$16256.A[1]     15 6.1ms
                                                 ddr3.ddr3_controller_inst.stage2_row[4]     11 6.0ms
                                                 ddr3.ddr3_controller_inst.dqs_store[11]      5 6.0ms
                                    $techmap308043$abc$305129$lut$aiger305128$16289.A[3]     11 6.0ms
                                    $auto$alumacc.cc:548:replace_alu$35208.Y[1]$sum$2229     16 6.0ms
                                    ddr3.ddr3_controller_inst.calib_data_randomized[101]     13 5.9ms
                                                ddr3.ddr3_controller_inst.stage2_bank[2]     21 5.9ms
                                $abc$305129$auto$simple.cc:193:make_patterns_logic$36816     10 5.9ms
                                      ddr3.ddr3_controller_inst.stage2_data_unaligned[9]      8 5.8ms
                                            ddr3.ddr3_controller_inst.stage1_next_row[9]     12 5.8ms
                                                 ddr3.ddr3_controller_inst.stage2_row[2]     11 5.8ms
                                    $techmap307535$abc$305129$lut$aiger305128$12247.A[1]     11 5.7ms
                                          $techmap307920$abc$305129$lut$aiger$o3079.A[1]     32 5.7ms
                                    ddr3.ddr3_controller_inst.stage2_data_unaligned[160]      8 5.7ms
                                    $techmap308043$abc$305129$lut$aiger305128$16289.A[2]     11 5.7ms
                                                                         ddr3.bitslip[0]     18 5.7ms
                                                ddr3.ddr3_controller_inst.stage2_row[12]     10 5.7ms
                  $techmap308088$auto$abc_ops_reintegrate.cc:611:reintegrate$306291.A[1]     11 5.7ms
                                 ddr3.ddr3_controller_inst.check_test_address_counter[6]     16 5.7ms
                                 ddr3.ddr3_controller_inst.check_test_address_counter[4]     15 5.6ms
                                     $techmap309387$abc$305129$lut$aiger305128$9824.A[1]     14 5.6ms
                                              ddr3.ddr3_controller_inst.stage1_data[128]      1 5.6ms
                                    ddr3.ddr3_controller_inst.stage2_data_unaligned[124]      6 5.5ms
                                           ddr3.ddr3_controller_inst.stage1_next_row[10]     10 5.4ms
                                                                   ddr3.iserdes_data[94]      2 5.4ms
                                    ddr3.ddr3_controller_inst.stage2_data_unaligned[224]      7 5.4ms
                                                ddr3.ddr3_controller_inst.stage2_bank[0]     15 5.4ms
                  $techmap307531$auto$abc_ops_reintegrate.cc:611:reintegrate$306474.A[4]     18 5.3ms
                                                                   ddr3.iserdes_data[43]      2 5.3ms
                                                                  ddr3.iserdes_data[114]      2 5.3ms
                                    ddr3.ddr3_controller_inst.stage2_data_unaligned[237]      8 5.3ms
                                                                         ddr3.bitslip[2]     18 5.3ms
                  $techmap306982$auto$abc_ops_reintegrate.cc:611:reintegrate$306523.A[1]      7 5.2ms
                                $abc$305129$auto$simple.cc:210:make_patterns_logic$33616      6 5.2ms
                                           ddr3.ddr3_controller_inst.stage1_next_bank[0]     14 5.2ms
                                           ddr3.ddr3_controller_inst.stage1_next_bank[1]     14 5.2ms
                                                           ddr3.idelay_dqs_cntvaluein[4]      7 5.2ms
                                                                   ddr3.iserdes_data[11]      2 5.1ms
                  $techmap307087$auto$abc_ops_reintegrate.cc:611:reintegrate$306490.A[2]     18 5.1ms
                                            ddr3.ddr3_controller_inst.dqs_start_index[3]     16 5.1ms
                                                 ddr3.ddr3_controller_inst.stage2_row[7]     11 5.1ms
                                    ddr3.ddr3_controller_inst.calib_data_randomized[105]      9 5.1ms
                                                ddr3.ddr3_controller_inst.stage2_bank[1]     15 5.1ms
                  $techmap311858$auto$abc_ops_reintegrate.cc:611:reintegrate$305311.A[2]     17 5.0ms
                                         ddr3.ddr3_controller_inst.delay_counter_is_zero     21 5.0ms
                  $techmap311869$auto$abc_ops_reintegrate.cc:611:reintegrate$305304.A[2]      9 5.0ms
                                                 ddr3.ddr3_controller_inst.stage2_row[9]     11 4.9ms
                                     $techmap307030$abc$305129$lut$aiger305128$7124.A[2]      8 4.9ms
                                     ddr3.ddr3_controller_inst.stage2_data_unaligned[32]      8 4.9ms
                                    $techmap308045$abc$305129$lut$aiger305128$10212.A[1]      8 4.9ms
                                            ddr3.ddr3_controller_inst.stage1_next_row[3]     11 4.9ms
                                      ddr3.ddr3_controller_inst.calib_data_randomized[0]      7 4.9ms
                                                                    ddr3.iserdes_data[0]      2 4.9ms
                                           ddr3.ddr3_controller_inst.stage1_next_row[11]     10 4.9ms
                                          $techmap312745$abc$305129$lut$aiger$o2393.A[2]     25 4.9ms
                                     $techmap307042$abc$305129$lut$aiger305128$8811.A[0]      7 4.9ms
                  $techmap312058$auto$abc_ops_reintegrate.cc:611:reintegrate$305150.A[2]      4 4.9ms
                                    ddr3.ddr3_controller_inst.calib_data_randomized[123]      9 4.8ms
                                    $techmap307500$abc$305129$lut$aiger305128$12173.A[0]      8 4.8ms
                                     $techmap312474$abc$305129$lut$aiger305128$6417.A[4]     26 4.8ms
                                                                    ddr3.iserdes_data[1]      2 4.8ms
                                    ddr3.ddr3_controller_inst.stage2_data_unaligned[112]      8 4.8ms
                                    $techmap307962$abc$305129$lut$aiger305128$16058.A[2]     12 4.8ms
                  $techmap309951$auto$abc_ops_reintegrate.cc:611:reintegrate$305733.A[2]      4 4.8ms
                                                                  ddr3.iserdes_data[108]      2 4.7ms
                                                 ddr3.ddr3_controller_inst.dqs_store[33]      5 4.7ms
                                    $techmap310319$abc$305129$lut$aiger305128$29641.A[2]      3 4.7ms
                                                           ddr3.idelay_dqs_cntvaluein[2]      7 4.7ms
                                    $techmap308031$abc$305129$lut$aiger305128$10198.A[1]     11 4.7ms
                                $abc$305129$auto$simple.cc:193:make_patterns_logic$36806      7 4.7ms
        $abc$305129$memory\ddr3.ddr3_controller_inst.idelay_data_cntvaluein$wren[3][1][0]$y$36678     10 4.7ms
                                    $techmap306961$abc$305129$lut$aiger305128$15213.A[4]     13 4.7ms
                  $techmap311805$auto$abc_ops_reintegrate.cc:611:reintegrate$305345.A[1]     11 4.7ms
                                $abc$305129$auto$simple.cc:193:make_patterns_logic$36798      7 4.6ms
        $abc$305129$memory\ddr3.ddr3_controller_inst.dq_target_index$wren[3][1][0]$y$36613      7 4.6ms
                                                                  ddr3.iserdes_data[242]      2 4.6ms
                           $techmap310512$abc$305129$lut$aiger305128$29892.A[0]$sum$2277     15 4.6ms
                  $techmap310262$auto$abc_ops_reintegrate.cc:611:reintegrate$305669.A[1]     13 4.6ms
                  $techmap310423$auto$abc_ops_reintegrate.cc:611:reintegrate$305646.A[1]     12 4.6ms
                  $techmap308528$auto$abc_ops_reintegrate.cc:611:reintegrate$306152.A[3]     11 4.6ms
                  $techmap307941$auto$abc_ops_reintegrate.cc:611:reintegrate$306314.A[2]     10 4.6ms
                                                                  ddr3.iserdes_data[138]      2 4.6ms
                  $techmap307880$auto$abc_ops_reintegrate.cc:611:reintegrate$306323.A[3]      8 4.6ms
                                                 ddr3.ddr3_controller_inst.dqs_store[35]      3 4.5ms
                                  ddr3.ddr3_controller_inst.stage2_data_unaligned_d[176]      1 4.5ms
                                    ddr3.ddr3_controller_inst.stage2_data_unaligned[250]      7 4.5ms
                                    ddr3.ddr3_controller_inst.stage2_data_unaligned[113]      7 4.5ms
                  $techmap311789$auto$abc_ops_reintegrate.cc:611:reintegrate$305351.A[0]      7 4.4ms
                                    ddr3.ddr3_controller_inst.stage2_data_unaligned[169]      7 4.4ms
                                             $abc$305129$auto$rtlil.cc:3386:Mux$35949[2]      4 4.4ms
                                            ddr3.ddr3_controller_inst.stage1_next_row[8]     11 4.4ms
                  $techmap312159$auto$abc_ops_reintegrate.cc:611:reintegrate$305141.A[0]     14 4.3ms
                                            ddr3.ddr3_controller_inst.stage1_next_row[1]     13 4.3ms
                                                 ddr3.ddr3_controller_inst.stage2_row[8]     11 4.3ms
        $abc$305129$memory\ddr3.ddr3_controller_inst.data_start_index$wren[3][1][0]$y$36516      7 4.3ms
                  $techmap309150$auto$abc_ops_reintegrate.cc:611:reintegrate$305965.A[2]     11 4.3ms
                  $techmap311746$auto$abc_ops_reintegrate.cc:611:reintegrate$305372.A[2]      4 4.3ms
                                    $techmap308035$abc$305129$lut$aiger305128$10219.A[0]      8 4.3ms
                                    $techmap308370$abc$305129$lut$aiger305128$18198.A[0]     12 4.3ms
                                     $techmap312472$abc$305129$lut$aiger305128$6407.A[1]     29 4.3ms
                                           ddr3.ddr3_controller_inst.added_read_pipe_max     18 4.2ms
                  $techmap307941$auto$abc_ops_reintegrate.cc:611:reintegrate$306314.A[1]     14 4.2ms
                                           ddr3.ddr3_controller_inst.stage1_next_row[13]     11 4.2ms
                                $abc$305129$auto$simple.cc:210:make_patterns_logic$33291      6 4.2ms
                                     ddr3.ddr3_controller_inst.stage2_data_unaligned[79]      6 4.2ms
                                       ddr3.ddr3_controller_inst.bank_active_row_d[2][1]      4 4.2ms
                                     $techmap307935$abc$305129$lut$aiger305128$7649.A[3]     11 4.2ms
                  $techmap309785$auto$abc_ops_reintegrate.cc:611:reintegrate$305788.A[3]     12 4.2ms
                                            ddr3.ddr3_controller_inst.read_lane_data[59]      4 4.2ms
                                                 ddr3.ddr3_controller_inst.stage2_row[5]     11 4.1ms
                     $abc$305129$flatten\ddr3.\ddr3_controller_inst.$procmux$16332_Y[26]      3 4.1ms
                  $techmap309539$auto$abc_ops_reintegrate.cc:611:reintegrate$305845.A[5]      3 4.1ms
                                                                     ddr3.o_wb_data[123]      3 4.1ms
                                    ddr3.ddr3_controller_inst.stage2_data_unaligned[119]      6 4.1ms
                                      ddr3.ddr3_controller_inst.stage2_data_unaligned[3]      6 4.1ms
                  $techmap310434$auto$abc_ops_reintegrate.cc:611:reintegrate$305644.A[2]     14 4.1ms
                  $techmap312049$auto$abc_ops_reintegrate.cc:611:reintegrate$305153.A[2]     11 4.1ms
                                    ddr3.ddr3_controller_inst.stage2_data_unaligned[184]      8 4.1ms
                                    $techmap308395$abc$305129$lut$aiger305128$18469.A[2]      8 4.1ms
                                    ddr3.ddr3_controller_inst.stage2_data_unaligned[209]      7 4.1ms
                                                 ddr3.ddr3_controller_inst.stage2_row[0]     11 4.1ms
                                 ddr3.ddr3_controller_inst.check_test_address_counter[3]     18 4.1ms
                                  ddr3.ddr3_controller_inst.read_test_address_counter[3]      5 4.1ms
                                  ddr3.ddr3_controller_inst.stage2_data_unaligned_d[177]      1 4.0ms
                                    ddr3.ddr3_controller_inst.stage2_data_unaligned[145]      7 4.0ms
                                                                  ddr3.iserdes_data[119]      2 4.0ms
                           $techmap307081$abc$305129$lut$aiger305128$10439.A[4]$sum$2205     11 4.0ms
                                $abc$305129$auto$simple.cc:210:make_patterns_logic$36367      4 4.0ms
                                    $techmap307487$abc$305129$lut$aiger305128$12163.A[0]      7 4.0ms
                  $techmap311504$auto$abc_ops_reintegrate.cc:611:reintegrate$305454.A[4]      3 4.0ms
                                            ddr3.ddr3_controller_inst.stage1_next_row[0]     11 4.0ms
                                    $techmap312279$abc$305129$lut$not$aiger305128$5410.A      4 4.0ms
                                             $abc$305129$auto$rtlil.cc:3386:Mux$35917[0]      4 4.0ms
                                                                  ddr3.iserdes_data[237]      2 4.0ms
                                    ddr3.ddr3_controller_inst.stage2_data_unaligned[247]      9 4.0ms
                                             $abc$305129$auto$rtlil.cc:3386:Mux$35917[1]      4 3.9ms
                  $techmap306982$auto$abc_ops_reintegrate.cc:611:reintegrate$306523.A[4]      7 3.9ms
                  $techmap307076$auto$abc_ops_reintegrate.cc:611:reintegrate$306494.A[0]     11 3.9ms
                  $techmap309331$auto$abc_ops_reintegrate.cc:611:reintegrate$305920.A[3]     11 3.9ms
                                               ddr3.ddr3_controller_inst.stage1_data[66]      1 3.9ms
                                                                   ddr3.iserdes_data[65]      2 3.9ms
                                              ddr3.ddr3_controller_inst.stage1_data[134]      1 3.8ms
                                    $techmap308028$abc$305129$lut$aiger305128$16250.A[2]     16 3.8ms
                                    $techmap308034$abc$305129$lut$aiger305128$10218.A[1]     14 3.8ms
                  $techmap310513$auto$abc_ops_reintegrate.cc:611:reintegrate$305633.A[2]      8 3.8ms
                                            ddr3.ddr3_controller_inst.stage2_do_wr_or_rd      8 3.8ms
                                    ddr3.ddr3_controller_inst.stage2_data_unaligned[177]      7 3.8ms
                                          $techmap312507$abc$305129$lut$aiger$o3921.A[1]     29 3.8ms
                                $abc$305129$auto$simple.cc:193:make_patterns_logic$36819     10 3.8ms
                                    ddr3.ddr3_controller_inst.stage2_data_unaligned[122]      5 3.8ms
                                    $techmap307509$abc$305129$lut$aiger305128$12187.A[0]      8 3.8ms
                                     ddr3.ddr3_controller_inst.stage2_data_unaligned[36]      6 3.8ms
                             ddr3.ddr3_controller_inst.delay_before_read_counter_d[2][2]      3 3.8ms
                                           ddr3.ddr3_controller_inst.stage1_next_row[12]     10 3.8ms
                                     ddr3.ddr3_controller_inst.stage2_data_unaligned[35]      6 3.8ms
                                                                  ddr3.iserdes_data[187]      2 3.8ms
                  $techmap311393$auto$abc_ops_reintegrate.cc:611:reintegrate$305488.A[2]     10 3.8ms
                                                                  ddr3.iserdes_data[126]      2 3.8ms
                                    ddr3.ddr3_controller_inst.stage2_data_unaligned[203]      6 3.7ms
                                    $techmap309134$abc$305129$lut$aiger305128$23757.A[1]      3 3.7ms
                                                 ddr3.ddr3_controller_inst.stage2_do_pre     11 3.7ms
                                                 ddr3.ddr3_controller_inst.stage2_row[3]     11 3.7ms
                                  ddr3.ddr3_controller_inst.read_test_address_counter[2]      5 3.7ms
                                                           ddr3.idelay_dqs_cntvaluein[0]      4 3.7ms
                                                                  ddr3.iserdes_data[110]      2 3.7ms
                  $techmap307082$auto$abc_ops_reintegrate.cc:611:reintegrate$306491.A[2]     10 3.7ms
                                    ddr3.ddr3_controller_inst.stage2_data_unaligned[215]      7 3.7ms
                                    $techmap308369$abc$305129$lut$aiger305128$18196.A[2]      9 3.7ms
                                            ddr3.ddr3_controller_inst.read_lane_data[46]      4 3.6ms
                                     ddr3.ddr3_controller_inst.stage2_data_unaligned[23]      7 3.6ms
                                                                  ddr3.iserdes_data[155]      2 3.6ms
                  $techmap307068$auto$abc_ops_reintegrate.cc:611:reintegrate$306496.A[0]     12 3.6ms
                                          $techmap307505$abc$305129$lut$aiger$o3031.A[0]      8 3.6ms
                                             $abc$305129$auto$rtlil.cc:3386:Mux$35933[5]      4 3.6ms
                                    ddr3.ddr3_controller_inst.stage2_data_unaligned[246]     12 3.6ms
                                  ddr3.ddr3_controller_inst.read_test_address_counter[7]      5 3.6ms
                                 ddr3.ddr3_controller_inst.read_test_address_counter[15]      5 3.6ms
                                    ddr3.ddr3_controller_inst.stage2_data_unaligned[216]      8 3.6ms
                                     ddr3.ddr3_controller_inst.stage2_data_unaligned[28]      8 3.6ms
                                $abc$305129$auto$simple.cc:193:make_patterns_logic$36823     10 3.6ms
                                             $abc$305129$auto$rtlil.cc:3386:Mux$35949[4]      4 3.6ms
                                             $abc$305129$auto$rtlil.cc:3386:Mux$35917[3]      4 3.6ms
                                    ddr3.ddr3_controller_inst.stage2_data_unaligned[252]      7 3.6ms
                                      ddr3.ddr3_controller_inst.stage2_data_unaligned[2]      6 3.6ms
                                     ddr3.ddr3_controller_inst.stage2_data_unaligned[19]      6 3.6ms
                  $techmap308109$auto$abc_ops_reintegrate.cc:611:reintegrate$306283.A[1]     12 3.6ms
                                                                     ddr3.o_wb_data[185]      3 3.6ms
                                    ddr3.ddr3_controller_inst.stage2_data_unaligned[204]      7 3.5ms
                                     ddr3.ddr3_controller_inst.stage2_data_unaligned[77]      5 3.5ms
                  $techmap306966$auto$abc_ops_reintegrate.cc:611:reintegrate$306526.A[0]     10 3.5ms
                                $abc$305129$auto$simple.cc:210:make_patterns_logic$33302      5 3.5ms
                                     ddr3.ddr3_controller_inst.stage2_data_unaligned[56]      8 3.5ms
                                    ddr3.ddr3_controller_inst.stage2_data_unaligned[238]     12 3.5ms
                  $techmap307045$auto$abc_ops_reintegrate.cc:611:reintegrate$306505.A[1]     11 3.5ms
                                    $techmap309824$abc$305129$lut$aiger305128$27590.A[2]      8 3.5ms
                                                                   ddr3.iserdes_data[92]      2 3.5ms
                                                                   ddr3.iserdes_data[40]      2 3.5ms
                                             $abc$305129$auto$rtlil.cc:3386:Mux$35941[3]      4 3.5ms
                                                ddr3.ddr3_controller_inst.calib_addr[14]      2 3.5ms
                                    $techmap310506$abc$305129$lut$aiger305128$29888.A[1]      7 3.5ms
                                     ddr3.ddr3_controller_inst.stage2_data_unaligned[88]      8 3.5ms
                                            ddr3.ddr3_controller_inst.read_lane_data[41]      3 3.5ms
                                                                  ddr3.iserdes_data[136]      2 3.5ms
                  $techmap306966$auto$abc_ops_reintegrate.cc:611:reintegrate$306526.A[5]     11 3.5ms
                                    ddr3.ddr3_controller_inst.stage2_data_unaligned[164]      6 3.5ms
                                    ddr3.ddr3_controller_inst.stage2_data_unaligned[248]      7 3.4ms
                                    $techmap308043$abc$305129$lut$aiger305128$16289.A[1]      9 3.4ms
                                    $techmap309955$abc$305129$lut$aiger305128$28357.A[3]     10 3.4ms
                                     ddr3.ddr3_controller_inst.stage2_data_unaligned[17]      8 3.4ms
                                             $abc$305129$auto$rtlil.cc:3386:Mux$35933[4]      4 3.4ms
                                    ddr3.ddr3_controller_inst.stage2_data_unaligned[221]      6 3.4ms
                  $techmap309716$auto$abc_ops_reintegrate.cc:611:reintegrate$305813.A[0]      9 3.4ms
                                             $abc$305129$auto$rtlil.cc:3386:Mux$35917[5]      4 3.4ms
                                $abc$305129$auto$simple.cc:193:make_patterns_logic$36812      7 3.4ms
                  $techmap309906$auto$abc_ops_reintegrate.cc:611:reintegrate$305747.A[0]      7 3.4ms
                                                 ddr3.ddr3_controller_inst.stage2_row[1]     11 3.4ms
                                $abc$305129$auto$simple.cc:193:make_patterns_logic$36795      7 3.4ms
                  $techmap311622$auto$abc_ops_reintegrate.cc:611:reintegrate$305413.A[0]      7 3.4ms
                                    ddr3.ddr3_controller_inst.stage2_data_unaligned[144]      8 3.4ms
                                     ddr3.ddr3_controller_inst.stage2_data_unaligned[60]      6 3.3ms
                  $techmap310302$auto$abc_ops_reintegrate.cc:611:reintegrate$305658.A[2]     12 3.3ms
                  $techmap307865$auto$abc_ops_reintegrate.cc:611:reintegrate$306328.A[2]     11 3.3ms
                                                                   ddr3.iserdes_data[33]      2 3.3ms
                                                                  ddr3.idelay_data_ld[0]     10 3.3ms
                  $techmap311798$auto$abc_ops_reintegrate.cc:611:reintegrate$305347.A[3]      8 3.3ms
                  $techmap311853$auto$abc_ops_reintegrate.cc:611:reintegrate$305313.A[1]      5 3.3ms
                                    $techmap308049$abc$305129$lut$aiger305128$16245.A[1]     10 3.3ms
                                                 ddr3.ddr3_controller_inst.dqs_store[34]      4 3.3ms
                  $techmap306987$auto$abc_ops_reintegrate.cc:611:reintegrate$306522.A[1]      9 3.3ms
                                      ddr3.ddr3_controller_inst.stage2_data_unaligned[1]      8 3.3ms
                                    $techmap309705$abc$305129$lut$aiger305128$26804.A[2]      9 3.3ms
                                            ddr3.ddr3_controller_inst.stage1_next_row[7]     13 3.3ms
                                    ddr3.ddr3_controller_inst.stage2_data_unaligned[100]      6 3.3ms
                                      ddr3.ddr3_controller_inst.stage2_data_unaligned[4]      8 3.3ms
                  $techmap310273$auto$abc_ops_reintegrate.cc:611:reintegrate$305668.A[2]      8 3.3ms
                                                ddr3.ddr3_controller_inst.stage2_row[14]     10 3.3ms
                                    $techmap308036$abc$305129$lut$aiger305128$16294.A[4]      6 3.3ms
                                                ddr3.ddr3_controller_inst.stage2_row[11]     10 3.3ms
                                    $techmap307677$abc$305129$lut$aiger305128$13560.A[0]      9 3.3ms
                                    $techmap311270$abc$305129$lut$aiger305128$26629.A[0]      5 3.3ms
        $abc$305129$flatten\ddr3.\ddr3_phy_inst.$logic_and$build/uberddr3/rtl/ddr3_phy.v:1133$9006_Y      8 3.3ms
                                    ddr3.ddr3_controller_inst.stage2_data_unaligned[187]      6 3.2ms
                                                 ddr3.ddr3_controller_inst.stage2_row[6]     11 3.2ms
                                                                  ddr3.iserdes_data[226]      2 3.2ms
                                            ddr3.ddr3_controller_inst.read_lane_data[37]      4 3.2ms
                                              ddr3.ddr3_controller_inst.stage1_data[162]      1 3.2ms
                                    ddr3.ddr3_controller_inst.stage2_data_unaligned[176]      8 3.2ms
                                                                  ddr3.iserdes_data[188]      2 3.2ms
                                      ddr3.ddr3_controller_inst.stage2_dm_unaligned_d[1]      2 3.2ms
                                            ddr3.ddr3_controller_inst.stage1_next_row[4]     11 3.2ms
                                    ddr3.ddr3_controller_inst.stage2_data_unaligned[233]      7 3.2ms
                                                ddr3.ddr3_controller_inst.calib_addr[24]      2 3.2ms
                                    $techmap307861$abc$305129$lut$aiger305128$14401.A[4]      8 3.2ms
                                    ddr3.ddr3_controller_inst.calib_data_randomized[108]      8 3.2ms
                                    $techmap308036$abc$305129$lut$aiger305128$16294.A[2]      8 3.2ms
                                             $abc$305129$auto$rtlil.cc:3386:Mux$35941[2]      4 3.2ms
                                            ddr3.ddr3_controller_inst.read_lane_data[23]      3 3.1ms
                                    ddr3.ddr3_controller_inst.stage2_data_unaligned[200]      8 3.1ms
                                    $techmap308388$abc$305129$lut$aiger305128$18498.A[3]      8 3.1ms
                  $techmap307481$auto$abc_ops_reintegrate.cc:611:reintegrate$306487.A[0]      5 3.1ms
                                    ddr3.ddr3_controller_inst.stage2_data_unaligned[120]      8 3.1ms
                                    ddr3.ddr3_controller_inst.calib_data_randomized[118]      8 3.1ms
                                      ddr3.ddr3_controller_inst.stage2_data_unaligned[5]      7 3.1ms
                                    ddr3.ddr3_controller_inst.stage2_data_unaligned[255]      9 3.1ms
                  $techmap308126$auto$abc_ops_reintegrate.cc:611:reintegrate$306269.A[1]     10 3.1ms
                                     ddr3.ddr3_controller_inst.stage2_data_unaligned[15]      7 3.1ms
                                    $techmap308039$abc$305129$lut$aiger305128$16284.A[0]      8 3.1ms
                                    ddr3.ddr3_controller_inst.stage2_data_unaligned[104]      8 3.1ms
                                                                   ddr3.iserdes_data[57]      2 3.1ms
                                              ddr3.ddr3_controller_inst.stage1_data[146]      1 3.1ms
              $techmap33990$flatten\resetgen.$lt$build/t27/specs/rtl/fpga_reset.v:94$8.Y     33 3.1ms
                  $techmap310056$auto$abc_ops_reintegrate.cc:611:reintegrate$305705.A[2]      4 3.1ms
                                      ddr3.ddr3_controller_inst.stage2_data_unaligned[0]      6 3.1ms
                                  ddr3.ddr3_controller_inst.read_test_address_counter[9]      5 3.0ms
                                     ddr3.ddr3_controller_inst.stage2_data_unaligned[12]      8 3.0ms
                                                                  ddr3.iserdes_data[230]      2 3.0ms
                                    ddr3.ddr3_controller_inst.stage2_data_unaligned[123]      6 3.0ms
                                    ddr3.ddr3_controller_inst.calib_data_randomized[114]      8 3.0ms
                                    $techmap311012$abc$305129$lut$aiger305128$30380.A[1]      5 3.0ms
                                    ddr3.ddr3_controller_inst.stage2_data_unaligned[106]      5 3.0ms
                                                ddr3.ddr3_controller_inst.calib_data[97]      1 3.0ms
                                                                  ddr3.iserdes_data[253]      2 3.0ms
                                             $abc$305129$auto$rtlil.cc:3386:Mux$35917[6]      4 3.0ms
                                    ddr3.ddr3_controller_inst.stage2_data_unaligned[245]      8 3.0ms
                                    ddr3.ddr3_controller_inst.stage2_data_unaligned[192]      8 3.0ms
                                    ddr3.ddr3_controller_inst.stage2_data_unaligned[136]      8 3.0ms
                                     $techmap307877$abc$305129$lut$aiger305128$6540.A[0]      8 3.0ms
                                    ddr3.ddr3_controller_inst.stage2_data_unaligned[223]      7 3.0ms
                      $abc$305129$flatten\ddr3.\ddr3_controller_inst.$procmux$16301_Y[1]      4 3.0ms
                                    ddr3.ddr3_controller_inst.stage2_data_unaligned[168]      8 3.0ms
                  $techmap307859$auto$abc_ops_reintegrate.cc:611:reintegrate$306330.A[4]      8 3.0ms
                                                                  ddr3.iserdes_data[225]      2 3.0ms
                                           ddr3.ddr3_controller_inst.stage1_next_row[14]     10 3.0ms
                  $techmap309449$auto$abc_ops_reintegrate.cc:611:reintegrate$305872.A[0]      7 3.0ms
                                  ddr3.ddr3_controller_inst.stage2_data_unaligned_d[166]      1 3.0ms
                                    $techmap308052$abc$305129$lut$aiger305128$16273.A[1]      9 3.0ms
                                     ddr3.ddr3_controller_inst.stage2_data_unaligned[74]      5 3.0ms
                                            ddr3.ddr3_controller_inst.read_lane_data[28]      3 3.0ms
                                    $techmap308594$abc$305129$lut$aiger305128$20435.A[2]      9 3.0ms
                                    $techmap308036$abc$305129$lut$aiger305128$16294.A[3]     10 2.9ms
                                                           ddr3.idelay_dqs_cntvaluein[1]      7 2.9ms
                                                                  ddr3.iserdes_data[149]      2 2.9ms
                                     ddr3.ddr3_controller_inst.stage2_data_unaligned[67]      6 2.9ms
                                                 ddr3.ddr3_controller_inst.dqs_store[17]      3 2.9ms
                                          $techmap312601$abc$305129$lut$aiger$o4607.A[1]     11 2.9ms
                                    $techmap308783$abc$305129$lut$aiger305128$21244.A[1]      2 2.9ms
                                    $techmap312275$abc$305129$lut$not$aiger305128$5398.A      4 2.9ms
                                                 ddr3.ddr3_controller_inst.dqs_store[14]      4 2.9ms
                                    $techmap309090$abc$305129$lut$aiger305128$23610.A[3]      3 2.9ms
                                     ddr3.ddr3_controller_inst.stage2_data_unaligned[13]      7 2.9ms
                  $techmap311014$auto$abc_ops_reintegrate.cc:611:reintegrate$305572.A[3]      7 2.9ms
                                      ddr3.ddr3_controller_inst.bank_active_row_d[0][12]      4 2.9ms
                                    ddr3.ddr3_controller_inst.stage2_data_unaligned[115]      6 2.9ms
                                     ddr3.ddr3_controller_inst.stage2_data_unaligned[68]      6 2.9ms
                                   ddr3.ddr3_controller_inst.stage2_data_unaligned_d[48]      1 2.9ms
                                                                  ddr3.iserdes_data[116]      2 2.9ms
                                                 ddr3.ddr3_controller_inst.dqs_store[36]      4 2.9ms
                                         ddr3.ddr3_controller_inst.write_pattern_matches      9 2.9ms
                                       ddr3.ddr3_controller_inst.bank_active_row_d[0][9]      4 2.9ms
                                       ddr3.ddr3_controller_inst.bank_active_row_d[4][4]      4 2.8ms
                                ddr3.ddr3_controller_inst.write_test_address_counter[11]      5 2.8ms
                                                                   ddr3.iserdes_data[77]      2 2.8ms
                                    ddr3.ddr3_controller_inst.stage2_data_unaligned[183]      6 2.8ms
                                     ddr3.ddr3_controller_inst.stage2_data_unaligned[25]     10 2.8ms
                                                                  ddr3.iserdes_data[159]      2 2.8ms
                                     ddr3.ddr3_controller_inst.stage2_data_unaligned[27]      8 2.8ms
                                    $techmap308747$abc$305129$lut$aiger305128$21049.A[2]      4 2.8ms
                                     ddr3.ddr3_controller_inst.stage2_data_unaligned[14]      6 2.8ms
                                     ddr3.ddr3_controller_inst.stage2_data_unaligned[91]      6 2.8ms
                  $techmap311271$auto$abc_ops_reintegrate.cc:611:reintegrate$305522.A[2]      9 2.8ms
                                    ddr3.ddr3_controller_inst.stage2_data_unaligned[230]     11 2.8ms
                                                                  ddr3.iserdes_data[101]      2 2.8ms
                                            ddr3.ddr3_controller_inst.stage1_next_row[5]     11 2.8ms
                                                                   ddr3.iserdes_data[76]      2 2.8ms
                                          $techmap313408$abc$305129$lut$aiger$o5024.A[4]      5 2.8ms
                                    ddr3.ddr3_controller_inst.stage2_data_unaligned[239]      9 2.8ms
                                                                   ddr3.iserdes_data[20]      2 2.8ms
                                    ddr3.ddr3_controller_inst.stage2_data_unaligned[254]     11 2.8ms
                                            ddr3.ddr3_controller_inst.dqs_start_index[4]      8 2.8ms
                  $techmap308109$auto$abc_ops_reintegrate.cc:611:reintegrate$306283.A[2]      7 2.7ms
                                                                  ddr3.iserdes_data[180]      2 2.7ms
                                                                   ddr3.iserdes_data[50]      2 2.7ms
                                    ddr3.ddr3_controller_inst.stage2_data_unaligned[137]      7 2.7ms
                                                                   ddr3.iserdes_data[78]      2 2.7ms
                                     $techmap307048$abc$305129$lut$aiger305128$8662.A[1]     12 2.7ms
                                                                   ddr3.iserdes_data[68]      2 2.7ms
                  $techmap309972$auto$abc_ops_reintegrate.cc:611:reintegrate$305727.A[2]      4 2.7ms
                                ddr3.ddr3_controller_inst.write_test_address_counter[24]      7 2.7ms
                                    $techmap312309$abc$305129$lut$not$aiger305128$5993.A      4 2.7ms
                                                                  ddr3.iserdes_data[181]      2 2.7ms
                                    $techmap309955$abc$305129$lut$aiger305128$28357.A[2]      8 2.7ms
                                          $techmap312770$abc$305129$lut$aiger$o4262.A[1]      1 2.7ms
                                                 ddr3.ddr3_controller_inst.dqs_store[15]      5 2.7ms
                                    $techmap312864$abc$305129$lut$aiger305128$15040.A[3]      1 2.7ms
                                                                   ddr3.iserdes_data[32]      2 2.7ms
                                     $techmap307940$abc$305129$lut$aiger305128$8152.A[2]      7 2.7ms
                                                                  ddr3.iserdes_data[214]      2 2.7ms
                                  ddr3.ddr3_controller_inst.read_test_address_counter[0]      4 2.7ms
                  $techmap306990$auto$abc_ops_reintegrate.cc:611:reintegrate$306521.A[4]      3 2.7ms
                                    $techmap308759$abc$305129$lut$aiger305128$21192.A[2]      4 2.7ms
                                     ddr3.ddr3_controller_inst.stage2_data_unaligned[38]      5 2.7ms
                                    ddr3.ddr3_controller_inst.stage2_data_unaligned[156]      6 2.7ms
                                  ddr3.ddr3_controller_inst.stage2_data_unaligned_d[128]      1 2.7ms
                                                                  ddr3.iserdes_data[217]      2 2.7ms
                                                 ddr3.ddr3_controller_inst.dqs_store[28]      5 2.7ms
                                            ddr3.ddr3_controller_inst.read_lane_data[27]      3 2.6ms
                                    $techmap307514$abc$305129$lut$aiger305128$12197.A[0]      9 2.6ms
                                                 ddr3.ddr3_controller_inst.calib_data[0]      1 2.6ms
                                     ddr3.ddr3_controller_inst.stage2_data_unaligned[80]      8 2.6ms
                                     ddr3.ddr3_controller_inst.stage2_data_unaligned[10]      6 2.6ms
                                                 ddr3.ddr3_controller_inst.calib_addr[3]      2 2.6ms
                                 ddr3.ddr3_controller_inst.read_test_address_counter[21]      5 2.6ms
                                     $techmap307894$abc$305129$lut$aiger305128$8048.A[1]      4 2.6ms
                                                ddr3.ddr3_controller_inst.stage1_row[13]      3 2.6ms
                                     ddr3.ddr3_controller_inst.stage2_data_unaligned[20]      8 2.6ms
                                                                            ddr3.cmd[19]      4 2.6ms
                  $techmap308741$auto$abc_ops_reintegrate.cc:611:reintegrate$306106.A[2]      4 2.6ms
                  $techmap309691$auto$abc_ops_reintegrate.cc:611:reintegrate$305819.A[2]      4 2.6ms
        $abc$305129$flatten\ddr3.\ddr3_controller_inst.$2$lookahead\calib_data$10266[255:0]$10621[145]      4 2.6ms
                                    $techmap308273$abc$305129$lut$aiger305128$17517.A[4]      2 2.6ms
                                            ddr3.ddr3_controller_inst.stage1_next_row[6]     11 2.6ms
                                    ddr3.ddr3_controller_inst.stage2_data_unaligned[222]      6 2.6ms
                  $techmap311700$auto$abc_ops_reintegrate.cc:611:reintegrate$305391.A[1]      7 2.6ms
                                    $techmap308460$abc$305129$lut$aiger305128$19624.A[2]      6 2.6ms
                                     ddr3.ddr3_controller_inst.stage2_data_unaligned[78]      5 2.6ms
                                                ddr3.ddr3_controller_inst.calib_data[35]      1 2.6ms
                                     ddr3.ddr3_controller_inst.stage2_data_unaligned[76]      6 2.6ms
                                            ddr3.ddr3_controller_inst.read_lane_data[47]      4 2.6ms
                                 ddr3.ddr3_controller_inst.read_test_address_counter[20]      5 2.6ms
                  $techmap308437$auto$abc_ops_reintegrate.cc:611:reintegrate$306179.A[4]      4 2.6ms
                                                                  ddr3.iserdes_data[113]      2 2.6ms
                                                                  ddr3.iserdes_data[148]      2 2.6ms
                                                                   ddr3.iserdes_data[67]      2 2.6ms
                                               ddr3.ddr3_controller_inst.stage2_row_d[8]      2 2.5ms
                                     $techmap307490$abc$305129$lut$aiger305128$8854.A[1]      2 2.5ms
                  $techmap309370$auto$abc_ops_reintegrate.cc:611:reintegrate$305895.A[1]      5 2.5ms
                  $techmap307886$auto$abc_ops_reintegrate.cc:611:reintegrate$306322.A[3]      8 2.5ms
                                       ddr3.ddr3_controller_inst.stage2_dm_unaligned[10]      4 2.5ms
                  $techmap309834$auto$abc_ops_reintegrate.cc:611:reintegrate$305772.A[0]      4 2.5ms
                  $techmap307082$auto$abc_ops_reintegrate.cc:611:reintegrate$306491.A[1]      5 2.5ms
                                    ddr3.ddr3_controller_inst.stage2_data_unaligned[236]      7 2.5ms
                                                           ddr3.idelay_dqs_cntvaluein[3]      7 2.5ms
                                                                  ddr3.iserdes_data[157]      2 2.5ms
                                     ddr3.ddr3_controller_inst.stage2_data_unaligned[72]      8 2.5ms
                                     ddr3.ddr3_controller_inst.stage2_data_unaligned[71]      6 2.5ms
        $abc$305129$flatten\ddr3.\ddr3_phy_inst.$logic_and$build/uberddr3/rtl/ddr3_phy.v:1131$9001_Y      4 2.5ms
                                                                  ddr3.iserdes_data[216]      2 2.5ms
                                     ddr3.ddr3_controller_inst.stage2_data_unaligned[64]      8 2.5ms
                                     ddr3.ddr3_controller_inst.stage2_data_unaligned[30]      6 2.5ms
                                    $techmap308142$abc$305129$lut$aiger305128$17118.A[3]      3 2.5ms
                                     ddr3.ddr3_controller_inst.stage2_data_unaligned[73]      7 2.5ms
                                                ddr3.ddr3_controller_inst.calib_addr[15]      2 2.5ms
                                                 ddr3.ddr3_controller_inst.dqs_store[25]      5 2.5ms
                                    $techmap308028$abc$305129$lut$aiger305128$16250.A[1]      6 2.5ms
                                     ddr3.ddr3_controller_inst.stage2_data_unaligned[75]      6 2.5ms
                                                ddr3.ddr3_controller_inst.calib_addr[22]      2 2.5ms
                  $techmap311148$auto$abc_ops_reintegrate.cc:611:reintegrate$305551.A[1]      9 2.5ms
                                          ddr3.ddr3_controller_inst.write_ack_index_q[2]     11 2.5ms
                                                 ddr3.ddr3_controller_inst.dqs_store[20]      5 2.5ms
                                     $techmap312157$abc$305129$lut$aiger305128$8657.A[0]     10 2.5ms
                                               ddr3.ddr3_controller_inst.calib_data[251]      1 2.5ms
                                    $techmap308043$abc$305129$lut$aiger305128$16289.A[4]      9 2.5ms
                                    $techmap308934$abc$305129$lut$aiger305128$22353.A[2]      2 2.5ms
                  $techmap309131$auto$abc_ops_reintegrate.cc:611:reintegrate$305971.A[3]      3 2.5ms
                                    ddr3.ddr3_controller_inst.stage2_data_unaligned[208]      8 2.5ms
                                    $techmap307827$abc$305129$lut$aiger305128$13594.A[3]      2 2.5ms
                                                                   ddr3.iserdes_data[36]      2 2.5ms
                  $techmap310084$auto$abc_ops_reintegrate.cc:611:reintegrate$305697.A[2]      4 2.4ms
                  ddr3.ddr3_controller_inst.stage2_do_update_delay_before_read_after_act      8 2.4ms
                                                ddr3.ddr3_controller_inst.calib_data[57]      1 2.4ms
                                      ddr3.ddr3_controller_inst.stage2_data_unaligned[6]      6 2.4ms
                                    $techmap308388$abc$305129$lut$aiger305128$18498.A[4]      7 2.4ms
                  $techmap308693$auto$abc_ops_reintegrate.cc:611:reintegrate$306117.A[3]      9 2.4ms
                                    $techmap310340$abc$305129$lut$aiger305128$29501.A[2]      5 2.4ms
                                   $techmap312435$abc$305129$lut$not$aiger305128$20260.A      7 2.4ms
                                    $techmap309254$abc$305129$lut$aiger305128$24262.A[1]      4 2.4ms
                                    $techmap307675$abc$305129$lut$aiger305128$13564.A[1]      9 2.4ms
                  $techmap307891$auto$abc_ops_reintegrate.cc:611:reintegrate$306319.A[2]     10 2.4ms
                                              ddr3.ddr3_controller_inst.stage1_data[154]      1 2.4ms
                                     $techmap310191$abc$305129$lut$aiger305128$9884.A[4]      2 2.4ms
                                    ddr3.ddr3_controller_inst.stage2_data_unaligned[213]      6 2.4ms
                                                 ddr3.ddr3_controller_inst.dqs_store[32]      5 2.4ms
                                    ddr3.ddr3_controller_inst.calib_data_randomized[103]     10 2.4ms
                                    ddr3.ddr3_controller_inst.stage2_data_unaligned[217]      7 2.4ms
                                                ddr3.ddr3_controller_inst.stage1_pending      6 2.4ms
                                               ddr3.ddr3_controller_inst.calib_data[240]      1 2.4ms
                                     $techmap312145$abc$305129$lut$aiger305128$8523.A[5]      2 2.4ms
                                                                  ddr3.iserdes_data[107]      2 2.4ms
                                   ddr3.ddr3_controller_inst.stage2_data_unaligned_d[82]      1 2.4ms
                                                ddr3.ddr3_controller_inst.stage2_row[10]     10 2.4ms
                                                 ddr3.ddr3_controller_inst.stage1_row[5]      3 2.4ms
                  $techmap309862$auto$abc_ops_reintegrate.cc:611:reintegrate$305764.A[2]      4 2.4ms
                                    $techmap312454$abc$305129$lut$aiger305128$18017.A[4]      3 2.4ms
                  $techmap311456$auto$abc_ops_reintegrate.cc:611:reintegrate$305470.A[4]      3 2.4ms
                                     ddr3.ddr3_controller_inst.stage2_data_unaligned[66]      5 2.4ms
                  $techmap307471$auto$abc_ops_reintegrate.cc:611:reintegrate$306488.A[1]      9 2.4ms
                                       ddr3.ddr3_controller_inst.stage2_dm_unaligned[26]      3 2.4ms
                                              ddr3.ddr3_controller_inst.stage1_data[232]      1 2.3ms
                                               ddr3.ddr3_controller_inst.calib_data[186]      1 2.3ms
                                              ddr3.ddr3_controller_inst.stage1_data[140]      1 2.3ms
                                    $techmap308052$abc$305129$lut$aiger305128$16273.A[4]     12 2.3ms
                                                                  ddr3.idelay_data_ld[1]     10 2.3ms
                                    ddr3.ddr3_controller_inst.stage2_data_unaligned[140]      6 2.3ms
                  $techmap311694$auto$abc_ops_reintegrate.cc:611:reintegrate$305393.A[1]      3 2.3ms
                                                                    ddr3.iserdes_data[7]      2 2.3ms
                                          $techmap312487$abc$305129$lut$aiger$o2343.A[4]      4 2.3ms
                                                       ddr3.iserdes_bitslip_reference[2]      3 2.3ms
                                  ddr3.ddr3_controller_inst.stage2_data_unaligned_d[181]      1 2.3ms
                                     ddr3.ddr3_controller_inst.stage2_data_unaligned[16]      6 2.3ms
                                    ddr3.ddr3_controller_inst.stage2_data_unaligned[212]      7 2.3ms
                                     $techmap307736$abc$305129$lut$aiger305128$9240.A[5]      7 2.3ms
                  $techmap311513$auto$abc_ops_reintegrate.cc:611:reintegrate$305451.A[4]      3 2.3ms
                                                 ddr3.ddr3_controller_inst.dqs_store[26]      4 2.3ms
                                    $techmap307540$abc$305129$lut$aiger305128$12207.A[0]      9 2.3ms
                                     ddr3.ddr3_controller_inst.stage2_data_unaligned[49]      7 2.3ms
                                    ddr3.ddr3_controller_inst.stage2_data_unaligned[228]      7 2.3ms
                                   ddr3.ddr3_controller_inst.shift_reg_read_pipe_q[1][0]      6 2.3ms
                                ddr3.ddr3_controller_inst.write_test_address_counter[13]      5 2.3ms
                                    ddr3.ddr3_controller_inst.stage2_data_unaligned[201]      7 2.3ms
                  $techmap308624$auto$abc_ops_reintegrate.cc:611:reintegrate$306128.A[2]      4 2.3ms
                                    $techmap307673$abc$305129$lut$aiger305128$13651.A[2]      3 2.3ms
                                          $techmap309849$abc$305129$lut$aiger$o4388.A[1]      8 2.3ms
                                     ddr3.ddr3_controller_inst.stage2_data_unaligned[51]      6 2.3ms
                                                                  ddr3.iserdes_data[182]      2 2.3ms
                                             $abc$305129$auto$rtlil.cc:3386:Mux$35933[0]      4 2.3ms
                                                                  ddr3.iserdes_data[112]      2 2.3ms
                                    ddr3.ddr3_controller_inst.stage2_data_unaligned[118]      5 2.3ms
                                 ddr3.ddr3_controller_inst.read_test_address_counter[24]      6 2.3ms
                                                                  ddr3.iserdes_data[156]      2 2.3ms
                                     ddr3.ddr3_controller_inst.stage2_data_unaligned[48]      8 2.3ms
                                            ddr3.ddr3_controller_inst.read_lane_data[19]      3 2.3ms
                                              ddr3.ddr3_controller_inst.stage1_data[194]      1 2.3ms
                                                                  ddr3.idelay_data_ld[3]     10 2.3ms
                  $techmap309539$auto$abc_ops_reintegrate.cc:611:reintegrate$305845.A[4]      4 2.3ms
                                     $techmap309439$abc$305129$lut$aiger305128$7882.A[4]      2 2.3ms
                                                                     ddr3.o_wb_data[206]      3 2.3ms
                                    $techmap307820$abc$305129$lut$aiger305128$13624.A[2]      3 2.3ms
                                    ddr3.ddr3_controller_inst.stage2_data_unaligned[143]      6 2.3ms
                  $techmap309549$auto$abc_ops_reintegrate.cc:611:reintegrate$305843.A[2]      4 2.3ms
                                    $techmap311178$abc$305129$lut$aiger305128$30603.A[5]      2 2.3ms
                                    $techmap310031$abc$305129$lut$aiger305128$28659.A[2]      2 2.3ms
                                    $techmap309250$abc$305129$lut$aiger305128$24250.A[2]      4 2.2ms
                                            ddr3.ddr3_controller_inst.read_lane_data[53]      4 2.2ms
                                     ddr3.ddr3_controller_inst.stage2_data_unaligned[65]      7 2.2ms
                                                                      ddr3.o_wb_data[95]      2 2.2ms
                                                                  ddr3.iserdes_data[120]      2 2.2ms
                                                                   ddr3.iserdes_data[60]      2 2.2ms
                                 ddr3.ddr3_controller_inst.read_test_address_counter[14]      5 2.2ms
                                    $techmap308316$abc$305129$lut$aiger305128$17756.A[3]      3 2.2ms
                  $techmap307076$auto$abc_ops_reintegrate.cc:611:reintegrate$306494.A[3]      3 2.2ms
                                    ddr3.ddr3_controller_inst.stage2_data_unaligned[114]      5 2.2ms
                                       ddr3.ddr3_controller_inst.bank_active_row_d[4][2]      4 2.2ms
                                    ddr3.ddr3_controller_inst.stage2_data_unaligned[151]      6 2.2ms
                                            ddr3.ddr3_controller_inst.read_lane_data[39]      3 2.2ms
                                    $techmap312277$abc$305129$lut$not$aiger305128$5412.A      4 2.2ms
                                                 ddr3.ddr3_controller_inst.dqs_store[37]      5 2.2ms
                                    ddr3.ddr3_controller_inst.stage2_data_unaligned[214]      6 2.2ms
                                    ddr3.ddr3_controller_inst.stage2_data_unaligned[225]      7 2.2ms
                                                                            ddr3.cmd[52]      1 2.2ms
                                                                  ddr3.iserdes_data[228]      2 2.2ms
                                             $abc$305129$auto$rtlil.cc:3386:Mux$35941[1]      4 2.2ms
                                    $techmap312830$abc$305129$lut$aiger305128$15098.A[2]      3 2.2ms
                                                                   ddr3.iserdes_data[21]      2 2.2ms
                  $techmap306987$auto$abc_ops_reintegrate.cc:611:reintegrate$306522.A[3]      3 2.2ms
                                     ddr3.ddr3_controller_inst.stage2_data_unaligned[24]      6 2.2ms
                                  ddr3.ddr3_controller_inst.read_test_address_counter[1]      4 2.2ms
                                     ddr3.ddr3_controller_inst.stage2_data_unaligned[84]      6 2.2ms
                  $techmap309544$auto$abc_ops_reintegrate.cc:611:reintegrate$305844.A[2]      4 2.2ms
                                    ddr3.ddr3_controller_inst.stage2_data_unaligned[102]      5 2.2ms
                                                      ddr3.iserdes_bitslip_reference[19]      3 2.2ms
                                                                             line_tag[0]      2 2.2ms
                                ddr3.ddr3_controller_inst.write_test_address_counter[10]      5 2.2ms
                                                                  ddr3.iserdes_data[233]      2 2.2ms
                                    $techmap308798$abc$305129$lut$aiger305128$21402.A[1]      3 2.2ms
                                                                   ddr3.iserdes_data[82]      2 2.2ms
                                     ddr3.ddr3_controller_inst.stage2_data_unaligned[57]      7 2.2ms
                                $abc$305129$auto$simple.cc:193:make_patterns_logic$36792      7 2.1ms
                                ddr3.ddr3_controller_inst.write_test_address_counter[21]      5 2.1ms
                  $techmap312003$auto$abc_ops_reintegrate.cc:611:reintegrate$305189.A[0]      5 2.1ms
                                    $techmap312280$abc$305129$lut$not$aiger305128$5409.A      4 2.1ms
                                         ddr3.ddr3_controller_inst.unaligned_data[3][35]      2 2.1ms
                                                ddr3.ddr3_controller_inst.calib_addr[19]      2 2.1ms
                                    ddr3.ddr3_controller_inst.stage2_data_unaligned[142]      5 2.1ms
                  $techmap307076$auto$abc_ops_reintegrate.cc:611:reintegrate$306494.A[1]      9 2.1ms
                                    $techmap309272$abc$305129$lut$aiger305128$24331.A[2]      4 2.1ms
                                       ddr3.ddr3_controller_inst.bank_active_row_d[0][8]      4 2.1ms
                                                 ddr3.ddr3_controller_inst.write_dq_q[0]      2 2.1ms
                  $techmap309939$auto$abc_ops_reintegrate.cc:611:reintegrate$305737.A[2]      3 2.1ms
                                                ddr3.ddr3_controller_inst.calib_addr[18]      2 2.1ms
                                     ddr3.ddr3_controller_inst.stage2_data_unaligned[98]      5 2.1ms
                                               ddr3.ddr3_controller_inst.calib_data[137]      1 2.1ms
                                    $techmap307910$abc$305129$lut$aiger305128$15280.A[0]      3 2.1ms
                                    ddr3.ddr3_controller_inst.stage2_data_unaligned[126]      5 2.1ms
                  $techmap309535$auto$abc_ops_reintegrate.cc:611:reintegrate$305846.A[4]      4 2.1ms
                                    $techmap309663$abc$305129$lut$aiger305128$10078.A[4]      2 2.1ms
                                          ddr3.ddr3_controller_inst.unaligned_data[3][2]      2 2.1ms
                                    $techmap310315$abc$305129$lut$aiger305128$29555.A[2]      5 2.1ms
                                        ddr3.ddr3_controller_inst.write_pattern_lane[29]      1 2.1ms
                  $techmap307059$auto$abc_ops_reintegrate.cc:611:reintegrate$306502.A[2]      5 2.1ms
                                     ddr3.ddr3_controller_inst.stage2_data_unaligned[81]      7 2.1ms
                                    ddr3.ddr3_controller_inst.stage2_data_unaligned[189]      5 2.1ms
                                                                  ddr3.iserdes_data[223]      2 2.1ms
                                    $techmap310791$abc$305129$lut$aiger305128$30100.A[2]      4 2.1ms
                                     ddr3.ddr3_controller_inst.stage2_data_unaligned[41]      7 2.1ms
                                    $techmap309609$abc$305129$lut$aiger305128$26311.A[1]      3 2.1ms
                                  ddr3.ddr3_controller_inst.stage2_data_unaligned_d[122]      1 2.1ms
                                                                  ddr3.idelay_data_ld[2]     10 2.1ms
                                         ddr3.ddr3_controller_inst.unaligned_data[2][11]      2 2.1ms
                                    $techmap307529$abc$305129$lut$aiger305128$12269.A[0]      8 2.1ms
                                    ddr3.ddr3_controller_inst.stage2_data_unaligned[134]      5 2.1ms
                                     ddr3.ddr3_controller_inst.stage2_data_unaligned[82]      5 2.1ms
                                    $techmap311040$abc$305129$lut$aiger305128$30416.A[3]      3 2.1ms
                                    ddr3.ddr3_controller_inst.stage2_data_unaligned[188]      6 2.1ms
                                                                     ddr3.o_wb_data[186]      3 2.1ms
                                    ddr3.ddr3_controller_inst.stage2_data_unaligned[185]      7 2.1ms
                                     ddr3.ddr3_controller_inst.stage2_data_unaligned[69]      5 2.1ms
                                          $techmap308486$abc$305129$lut$aiger$o3578.A[0]      4 2.1ms
                                                     ddr3.ddr3_controller_inst.stage1_we      5 2.1ms
                                             $abc$305129$auto$rtlil.cc:3386:Mux$35933[6]      4 2.1ms
                                    $techmap311116$abc$305129$lut$aiger305128$30508.A[5]      2 2.1ms
                                    ddr3.ddr3_controller_inst.stage2_data_unaligned[240]      7 2.1ms
                                    ddr3.ddr3_controller_inst.stage2_data_unaligned[232]      7 2.1ms
                                    ddr3.ddr3_controller_inst.stage2_data_unaligned[181]      5 2.1ms
                                              ddr3.ddr3_controller_inst.bank_status_d[4]      4 2.1ms
                                    ddr3.ddr3_controller_inst.stage2_data_unaligned[116]      6 2.1ms
                                    $techmap312902$abc$305129$lut$aiger305128$14947.A[2]      1 2.1ms
                                    ddr3.ddr3_controller_inst.stage2_data_unaligned[197]      6 2.1ms
                                          $techmap313917$abc$305129$lut$aiger$o6497.A[0]      3 2.1ms
                                               ddr3.ddr3_controller_inst.calib_data[135]      1 2.1ms
                                                                    ddr3.iserdes_data[4]      2 2.1ms
                  $techmap311703$auto$abc_ops_reintegrate.cc:611:reintegrate$305390.A[2]      2 2.1ms
                                    $techmap308078$abc$305129$lut$aiger305128$16321.A[4]      3 2.1ms
                                    $techmap311359$abc$305129$lut$aiger305128$27512.A[1]      2 2.1ms
                                                                  ddr3.iserdes_data[229]      2 2.1ms
                                     $techmap307883$abc$305129$lut$aiger305128$6530.A[0]     10 2.1ms
                                              ddr3.ddr3_controller_inst.stage1_data[198]      1 2.1ms
                                                                  ddr3.iserdes_data[234]      2 2.1ms
                                            ddr3.ddr3_controller_inst.dqs_start_index[5]      6 2.1ms
                                                                  ddr3.iserdes_data[130]      2 2.1ms
                                    $techmap310613$abc$305129$lut$aiger305128$10202.A[3]      5 2.1ms
                  $techmap307050$auto$abc_ops_reintegrate.cc:611:reintegrate$306503.A[1]      2 2.1ms
                                               ddr3.ddr3_controller_inst.calib_data[128]      1 2.1ms
                                     ddr3.ddr3_controller_inst.stage2_data_unaligned[96]      8 2.1ms
                                $abc$305129$auto$simple.cc:210:make_patterns_logic$33242      2 2.1ms
                                            ddr3.ddr3_controller_inst.read_lane_data[48]      3 2.1ms
                                               ddr3.ddr3_controller_inst.calib_data[138]      1 2.0ms
                  $techmap308926$auto$abc_ops_reintegrate.cc:611:reintegrate$306047.A[4]      3 2.0ms
                                                                  ddr3.iserdes_data[105]      2 2.0ms
                                                 ddr3.ddr3_controller_inst.dqs_store[30]      3 2.0ms
                  $techmap306996$auto$abc_ops_reintegrate.cc:611:reintegrate$306515.A[0]      3 2.0ms
                                                                  ddr3.iserdes_data[205]      2 2.0ms
                  $techmap311391$auto$abc_ops_reintegrate.cc:611:reintegrate$305489.A[3]      3 2.0ms
                                    ddr3.ddr3_controller_inst.stage2_data_unaligned[149]      5 2.0ms
                                    ddr3.ddr3_controller_inst.stage2_data_unaligned[162]      5 2.0ms
                                    ddr3.ddr3_controller_inst.stage2_data_unaligned[205]      6 2.0ms
                                    ddr3.ddr3_controller_inst.stage2_data_unaligned[175]      6 2.0ms
                                    $techmap307857$abc$305129$lut$aiger305128$14374.A[2]      4 2.0ms
                                                ddr3.ddr3_controller_inst.calib_data[70]      1 2.0ms
                                                                  ddr3.iserdes_data[231]      2 2.0ms
                                    $techmap309296$abc$305129$lut$aiger305128$24479.A[1]      2 2.0ms
                                            ddr3.ddr3_controller_inst.read_lane_data[21]      3 2.0ms
                                             $abc$305129$auto$rtlil.cc:3386:Mux$35941[0]      4 2.0ms
                                               ddr3.ddr3_controller_inst.calib_data[100]      1 2.0ms
                                     ddr3.ddr3_controller_inst.stage2_data_unaligned[70]      5 2.0ms
                                                                  ddr3.iserdes_data[222]      2 2.0ms
                                    $techmap309654$abc$305129$lut$aiger305128$26582.A[2]      2 2.0ms
                                    ddr3.ddr3_controller_inst.stage2_data_unaligned[127]      6 2.0ms
                                    ddr3.ddr3_controller_inst.stage2_data_unaligned[107]      6 2.0ms
                  $techmap306992$auto$abc_ops_reintegrate.cc:611:reintegrate$306519.A[1]      2 2.0ms
                                  ddr3.ddr3_controller_inst.stage2_data_unaligned_d[111]      1 2.0ms
                                    ddr3.ddr3_controller_inst.stage2_data_unaligned[196]      7 2.0ms
                  $techmap309956$auto$abc_ops_reintegrate.cc:611:reintegrate$305731.A[0]      4 2.0ms
                                $abc$305129$auto$simple.cc:210:make_patterns_logic$33477      5 2.0ms
                                            ddr3.ddr3_controller_inst.read_lane_data[22]      3 2.0ms
                                     $techmap307042$abc$305129$lut$aiger305128$8811.A[1]      5 2.0ms
                                     ddr3.ddr3_controller_inst.stage2_data_unaligned[47]      6 2.0ms
                                    ddr3.ddr3_controller_inst.stage2_data_unaligned[231]      9 2.0ms
                                    $techmap310292$abc$305129$lut$aiger305128$29523.A[2]      3 2.0ms
                                                                  ddr3.iserdes_data[244]      2 2.0ms
                                    ddr3.ddr3_controller_inst.stage2_data_unaligned[103]      6 2.0ms
                                ddr3.ddr3_controller_inst.write_test_address_counter[22]      5 2.0ms
                                    $techmap307218$abc$305129$lut$aiger305128$11538.A[2]      1 2.0ms
                  $techmap310279$auto$abc_ops_reintegrate.cc:611:reintegrate$305666.A[2]      3 2.0ms
                                    $techmap310011$abc$305129$lut$aiger305128$24932.A[1]      2 2.0ms
                                    $techmap310244$abc$305129$lut$aiger305128$26542.A[1]      2 2.0ms
                                     ddr3.ddr3_controller_inst.stage2_data_unaligned[95]      6 2.0ms
                                                                   ddr3.iserdes_data[22]      2 2.0ms
                                                                   ddr3.iserdes_data[16]      2 2.0ms
                                    ddr3.ddr3_controller_inst.stage2_data_unaligned[235]      6 2.0ms
                                    $techmap307496$abc$305129$lut$aiger305128$12162.A[1]      4 2.0ms
                                    $techmap310401$abc$305129$lut$aiger305128$29592.A[2]      5 2.0ms
                                     ddr3.ddr3_controller_inst.stage2_data_unaligned[87]      6 2.0ms
                                    ddr3.ddr3_controller_inst.stage2_data_unaligned[153]      7 2.0ms
                                    $techmap309665$abc$305129$lut$aiger305128$26585.A[1]      2 2.0ms
                                    $techmap308900$abc$305129$lut$aiger305128$22134.A[1]      3 2.0ms
                  $techmap308741$auto$abc_ops_reintegrate.cc:611:reintegrate$306106.A[3]      7 2.0ms
                  $techmap310074$auto$abc_ops_reintegrate.cc:611:reintegrate$305700.A[2]      9 2.0ms
                                                                  ddr3.iserdes_data[122]      2 2.0ms
                  $techmap309121$auto$abc_ops_reintegrate.cc:611:reintegrate$305974.A[2]      4 2.0ms
                                    $techmap308320$abc$305129$lut$aiger305128$17759.A[2]      2 2.0ms
                                                                              line_b[36]      2 2.0ms
                                   ddr3.ddr3_controller_inst.stage2_data_unaligned_d[97]      1 2.0ms
                  $techmap309510$auto$abc_ops_reintegrate.cc:611:reintegrate$305852.A[0]      4 2.0ms
                                    ddr3.ddr3_controller_inst.stage2_data_unaligned[167]      6 2.0ms
                  $techmap308478$auto$abc_ops_reintegrate.cc:611:reintegrate$306165.A[3]      6 2.0ms
                                    $techmap308035$abc$305129$lut$aiger305128$10219.A[1]      8 2.0ms
                                    $techmap307817$abc$305129$lut$aiger305128$13620.A[0]      7 2.0ms
                                              ddr3.ddr3_controller_inst.stage1_data[161]      1 2.0ms
                                                                  ddr3.iserdes_data[236]      2 2.0ms
                                    ddr3.ddr3_controller_inst.stage2_data_unaligned[166]      5 2.0ms
                                                                     ddr3.o_wb_data[207]      3 2.0ms
                                                 ddr3.ddr3_controller_inst.dqs_store[39]      3 1.9ms
                                    ddr3.ddr3_controller_inst.stage2_data_unaligned[226]      7 1.9ms
                                    ddr3.ddr3_controller_inst.stage2_data_unaligned[128]      8 1.9ms
                                      ddr3.ddr3_controller_inst.bank_active_row_d[1][12]      4 1.9ms
                                 ddr3.ddr3_controller_inst.read_test_address_counter[11]      5 1.9ms
                                                 ddr3.ddr3_controller_inst.dqs_store[10]      4 1.9ms
                  $techmap310769$auto$abc_ops_reintegrate.cc:611:reintegrate$305611.A[1]      2 1.9ms
                                    ddr3.ddr3_controller_inst.stage2_data_unaligned[191]      6 1.9ms
                                  ddr3.ddr3_controller_inst.stage2_data_unaligned_d[192]      1 1.9ms
                                                ddr3.ddr3_controller_inst.stage1_data[8]      1 1.9ms
                                    ddr3.ddr3_controller_inst.stage2_data_unaligned[155]      6 1.9ms
                                                                   ddr3.iserdes_data[34]      2 1.9ms
                                    $techmap311172$abc$305129$lut$aiger305128$30596.A[3]      3 1.9ms
                  $techmap306994$auto$abc_ops_reintegrate.cc:611:reintegrate$306517.A[5]      2 1.9ms
                                            ddr3.ddr3_controller_inst.stage2_data[0][40]      2 1.9ms
                                          $techmap313071$abc$305129$lut$aiger$o4799.A[1]      1 1.9ms
                                    $techmap310502$abc$305129$lut$aiger305128$29884.A[3]      2 1.9ms
                                                                    ddr3.iserdes_data[6]      2 1.9ms
                                          ddr3.ddr3_controller_inst.read_data_store[125]      1 1.9ms
                                     ddr3.ddr3_controller_inst.stage2_data_unaligned[11]      6 1.9ms
                                ddr3.ddr3_controller_inst.write_test_address_counter[16]      5 1.9ms
                                    $techmap308065$abc$305129$lut$aiger305128$16234.A[4]      4 1.9ms
                                    $techmap307470$abc$305129$lut$aiger305128$11431.A[4]      1 1.9ms
                                    $techmap312625$abc$305129$lut$aiger305128$13839.A[2]      1 1.9ms
                                                                  ddr3.iserdes_data[118]      2 1.9ms
                                     ddr3.ddr3_controller_inst.stage2_data_unaligned[46]      5 1.9ms
                                    $techmap312830$abc$305129$lut$aiger305128$15098.A[3]      3 1.9ms
                  $techmap311604$auto$abc_ops_reintegrate.cc:611:reintegrate$305418.A[4]      3 1.9ms
                  $techmap312159$auto$abc_ops_reintegrate.cc:611:reintegrate$305141.A[1]      3 1.9ms
                                              ddr3.ddr3_controller_inst.bank_status_d[0]      4 1.9ms
                                          $techmap313870$abc$305129$lut$aiger$o6894.A[1]      6 1.9ms
                                    $techmap309993$abc$305129$lut$aiger305128$28589.A[2]      3 1.9ms
                                    $techmap311815$abc$305129$lut$aiger305128$27187.A[1]      4 1.9ms
                                    $techmap312554$abc$305129$lut$aiger305128$13956.A[5]      1 1.9ms
                                    ddr3.ddr3_controller_inst.stage2_data_unaligned[171]      6 1.9ms
                                          $techmap313609$abc$305129$lut$aiger$o4499.A[1]      1 1.9ms
                                    $techmap308805$abc$305129$lut$aiger305128$21430.A[1]      3 1.9ms
                                    ddr3.ddr3_controller_inst.stage2_data_unaligned[111]      6 1.9ms
                                          ddr3.ddr3_controller_inst.unaligned_data[3][6]      2 1.9ms
                                    $techmap309770$abc$305129$lut$aiger305128$27090.A[2]      2 1.9ms
                                                                  ddr3.iserdes_data[154]      2 1.9ms
                                   ddr3.ddr3_controller_inst.stage2_data_unaligned_d[66]      1 1.9ms
                                     ddr3.ddr3_controller_inst.stage2_data_unaligned[26]      6 1.9ms
                                                                      ddr3.o_wb_data[60]      3 1.9ms
                                    $techmap312307$abc$305129$lut$not$aiger305128$5995.A      4 1.9ms
                  $techmap309934$auto$abc_ops_reintegrate.cc:611:reintegrate$305740.A[2]      4 1.9ms
                                    $techmap311363$abc$305129$lut$aiger305128$30983.A[3]      3 1.9ms
                                     ddr3.ddr3_controller_inst.stage2_data_unaligned[40]      8 1.9ms
                                            ddr3.ddr3_controller_inst.read_lane_data[45]      4 1.9ms
                                  ddr3.ddr3_controller_inst.stage2_data_unaligned_d[197]      1 1.9ms
                                    ddr3.ddr3_controller_inst.dqs_bitslip_arrangement[0]      1 1.9ms
                                         ddr3.ddr3_controller_inst.unaligned_data[2][43]      2 1.9ms
                  $techmap310792$auto$abc_ops_reintegrate.cc:611:reintegrate$305607.A[2]      6 1.9ms
                                               ddr3.ddr3_phy_inst.shift_bitslip_index[2]      9 1.9ms
                                    $techmap312300$abc$305129$lut$not$aiger305128$5970.A      4 1.9ms
                                    $techmap307044$abc$305129$lut$aiger305128$10288.A[1]      5 1.9ms
                                    $techmap308896$abc$305129$lut$aiger305128$22124.A[2]      3 1.9ms
                                       ddr3.ddr3_controller_inst.bank_active_row_d[0][5]      4 1.9ms
                                                                      ddr3.o_wb_data[75]      3 1.9ms
                                                                   ddr3.iserdes_data[99]      2 1.9ms
                                                                  ddr3.iserdes_data[246]      2 1.9ms
                                ddr3.ddr3_controller_inst.write_test_address_counter[20]      5 1.9ms
                                    ddr3.ddr3_controller_inst.stage2_data_unaligned[242]      7 1.9ms
                                             $abc$305129$auto$rtlil.cc:3386:Mux$35917[2]      4 1.9ms
                                       ddr3.ddr3_controller_inst.stage2_dm_unaligned[28]      3 1.9ms
                                                                   ddr3.iserdes_data[35]      2 1.9ms
                     $abc$305129$flatten\ddr3.\ddr3_controller_inst.$procmux$16332_Y[10]      2 1.9ms
                                                                  ddr3.iserdes_data[128]      2 1.9ms
                                             ddr3.ddr3_controller_inst.delay_counter[11]      3 1.9ms
                                              ddr3.ddr3_controller_inst.delay_counter[1]      4 1.9ms
                                    ddr3.ddr3_controller_inst.stage2_data_unaligned[105]      7 1.9ms
                                    $techmap308531$abc$305129$lut$aiger305128$20175.A[4]      2 1.9ms
                                    ddr3.ddr3_controller_inst.stage2_data_unaligned[148]      6 1.9ms
                                    $techmap310208$abc$305129$lut$aiger305128$20832.A[2]      2 1.8ms
                  $techmap311580$auto$abc_ops_reintegrate.cc:611:reintegrate$305428.A[4]      3 1.8ms
                      $abc$305129$flatten\ddr3.\ddr3_controller_inst.$procmux$16332_Y[2]      2 1.8ms
                                      ddr3.ddr3_controller_inst.bank_active_row_d[6][11]      4 1.8ms
                             ddr3.ddr3_controller_inst.delay_before_read_counter_d[4][2]      3 1.8ms
                                                                   ddr3.iserdes_data[41]      2 1.8ms
                                                                  ddr3.iserdes_data[199]      2 1.8ms
                                    ddr3.ddr3_controller_inst.stage2_data_unaligned[135]      6 1.8ms
                                             ddr3.ddr3_controller_inst.read_lane_data[5]      2 1.8ms
                                     $techmap307898$abc$305129$lut$aiger305128$8061.A[3]      4 1.8ms
                                                                  ddr3.iserdes_data[151]      2 1.8ms
                                                 ddr3.ddr3_controller_inst.dqs_store[21]      5 1.8ms
                                    $techmap309372$abc$305129$lut$aiger305128$25063.A[1]      3 1.8ms
                                                                      ddr3.o_wb_data[70]      3 1.8ms
                  $techmap309052$auto$abc_ops_reintegrate.cc:611:reintegrate$305999.A[4]      3 1.8ms
                                    $techmap309635$abc$305129$lut$aiger305128$26522.A[1]      3 1.8ms
                                    $techmap309090$abc$305129$lut$aiger305128$23610.A[2]      4 1.8ms
                                     ddr3.ddr3_controller_inst.stage2_data_unaligned[59]      6 1.8ms
                                    $techmap310646$abc$305129$lut$aiger305128$29971.A[5]      2 1.8ms
        $abc$305129$flatten\ddr3.\ddr3_controller_inst.$2$lookahead\calib_data$10266[255:0]$10621[110]      3 1.8ms
                                    $techmap310183$abc$305129$lut$aiger305128$29329.A[2]      3 1.8ms
                                    $techmap308594$abc$305129$lut$aiger305128$20435.A[3]      4 1.8ms
                                 ddr3.ddr3_controller_inst.read_test_address_counter[13]      5 1.8ms
Info: Router2 time 14.40s
Info: Routing $PACKER_VCC_NET connections...
Info:     $PACKER_VCC_NET: 1135/1135 sinks bridged (0 holdouts; max BFS 33)
Info: Routing $PACKER_GND_NET connections...
Info:     $PACKER_GND_NET HOLDOUT: $auto$alumacc.cc:548:replace_alu$35208.genblk1.slice[0].genblk1.carry4.DI1 (bel SLICE_X126Y167/CARRY4, wire SITEWIRE/SLICE_X126Y167/BCY0_OUT)
Info:     $PACKER_GND_NET HOLDOUT: $auto$alumacc.cc:548:replace_alu$35208.genblk1.slice[0].genblk1.carry4.DI2 (bel SLICE_X126Y167/CARRY4, wire SITEWIRE/SLICE_X126Y167/CCY0_OUT)
Info:     $PACKER_GND_NET HOLDOUT: $auto$alumacc.cc:548:replace_alu$35208.genblk1.slice[0].genblk1.carry4.DI3 (bel SLICE_X126Y167/CARRY4, wire SITEWIRE/SLICE_X126Y167/DCY0_OUT)
Info:     $PACKER_GND_NET HOLDOUT: $auto$alumacc.cc:548:replace_alu$35208.genblk1.slice[0].genblk1.carry4$split$2219.DI0 (bel SLICE_X126Y168/CARRY4, wire SITEWIRE/SLICE_X126Y168/ACY0_OUT)
Info:     $PACKER_GND_NET HOLDOUT: $auto$alumacc.cc:548:replace_alu$35235.genblk1.slice[1].genblk1.carry4.DI1 (bel SLICE_X126Y183/CARRY4, wire SITEWIRE/SLICE_X126Y183/BCY0_OUT)
Info:     $PACKER_GND_NET: 903/908 sinks bridged (5 holdouts; max BFS 8332)
Info:     $auto$alumacc.cc:548:replace_alu$35208.genblk1.slice[0].genblk1.carry4.DI1 (bel SLICE_X126Y167/CARRY4): CARRY4 DI with S=1 never selected, left unrouted
Info:     $auto$alumacc.cc:548:replace_alu$35208.genblk1.slice[0].genblk1.carry4.DI2 (bel SLICE_X126Y167/CARRY4): CARRY4 DI with S=1 never selected, left unrouted
Info:     $auto$alumacc.cc:548:replace_alu$35208.genblk1.slice[0].genblk1.carry4.DI3 (bel SLICE_X126Y167/CARRY4): CARRY4 DI with S=1 never selected, left unrouted
Info:     $auto$alumacc.cc:548:replace_alu$35208.genblk1.slice[0].genblk1.carry4$split$2219.DI0 (bel SLICE_X126Y168/CARRY4): CARRY4 DI with S=1 never selected, left unrouted
Info:     $auto$alumacc.cc:548:replace_alu$35235.genblk1.slice[1].genblk1.carry4.DI1 (bel SLICE_X126Y183/CARRY4): CARRY4 DI with S=1 never selected, left unrouted
Info: Constant holdouts: 0 local constant LUT(s) added, 0 re-route pass(es), 5 don't-care CARRY4 DI pin(s) left unrouted
Info: Running post-routing legalisation...
Info:     BUFHCE pass-through CE: 8 tied to VCC, 0 already driven, 0 could not be reached

Info: Critical path report for clock 'clk_ctrl' (posedge -> posedge):
Info: curr total
Info:  0.1  0.1  Source $auto$ff.cc:337:slice$43078.Q
Info:  1.5  1.6    Net ddr3.ddr3_controller_inst.lane[0] budget 0.000000 ns (198,95) -> (206,83)
Info:                Sink $abc$305129$lut$aiger305128$7008.A3
Info:  0.1  1.8  Source $abc$305129$lut$aiger305128$7008.O6
Info:  2.4  4.1    Net $techmap312003$auto$abc_ops_reintegrate.cc:611:reintegrate$305189.A[2] budget 0.000000 ns (206,83) -> (190,55)
Info:                Sink $abc$305129$lut$aiger305128$10187.A4
Info:  0.1  4.2  Source $abc$305129$lut$aiger305128$10187.O6
Info:  0.2  4.4    Net $techmap308023$abc$305129$lut$aiger305128$16248.A[0] budget 0.000000 ns (190,55) -> (190,55)
Info:                Sink $abc$305129$lut$aiger305128$10188.A5
Info:  0.1  4.5  Source $abc$305129$lut$aiger305128$10188.O6
Info:  1.1  5.7    Net $techmap310302$auto$abc_ops_reintegrate.cc:611:reintegrate$305658.A[2] budget 0.000000 ns (190,55) -> (188,63)
Info:                Sink $abc$305129$lut$aiger305128$10265.A4
Info:  0.1  5.8  Source $abc$305129$lut$aiger305128$10265.O6
Info:  0.6  6.4    Net $techmap308028$abc$305129$lut$aiger305128$16250.A[2] budget 0.000000 ns (188,63) -> (184,63)
Info:                Sink $abc$305129$lut$aiger305128$16246.A1
Info:  0.1  6.5  Source $abc$305129$lut$aiger305128$16246.O6
Info:  0.6  7.2    Net $techmap308039$abc$305129$lut$aiger305128$16284.A[1] budget 0.000000 ns (184,63) -> (188,58)
Info:                Sink $abc$305129$lut$aiger305128$16284.A2
Info:  0.1  7.3  Source $abc$305129$lut$aiger305128$16284.O6
Info:  0.8  8.1    Net $techmap308043$abc$305129$lut$aiger305128$16289.A[4] budget 0.000000 ns (188,58) -> (188,54)
Info:                Sink $abc$305129$lut$aiger305128$21261.A3
Info:  0.1  8.2  Source $abc$305129$lut$aiger305128$21261.O6
Info:  0.8  9.0    Net $techmap310264$abc$305129$lut$aiger305128$26440.A[4] budget 0.000000 ns (188,54) -> (190,51)
Info:                Sink $abc$305129$lut$aiger305128$21265.A2
Info:  0.1  9.2  Source $abc$305129$lut$aiger305128$21265.O6
Info:  0.7  9.9    Net $techmap313112$abc$305129$lut$aiger305128$28232.A[2] budget 0.000000 ns (190,51) -> (190,48)
Info:                Sink $abc$305129$lut$aiger305128$21279.A5
Info:  0.1 10.0  Source $abc$305129$lut$aiger305128$21279.O6
Info:  0.2 10.2    Net $techmap313382$abc$305129$lut$aiger305128$21301.A[4] budget 0.000000 ns (190,48) -> (190,48)
Info:                Sink $abc$305129$lut$aiger305128$21301.A2
Info:  0.1 10.3  Source $abc$305129$lut$aiger305128$21301.O6
Info:  1.0 11.3    Net $techmap313526$abc$305129$lut$aiger$o3713.A[4] budget 0.000000 ns (190,48) -> (193,53)
Info:                Sink $abc$305129$lut$aiger$o3713.A2
Info:  0.1 11.4  Source $abc$305129$lut$aiger$o3713.O6
Info:  0.0 11.5    Net $flatten\ddr3.\ddr3_controller_inst.$shiftx$build/uberddr3/rtl/ddr3_controller.v:3388$10984.Y[4] budget 0.000000 ns (193,53) -> (193,53)
Info:                Sink $auto$ff.cc:337:slice$42809.D
Info:  0.1 11.6  Setup $auto$ff.cc:337:slice$42809.D
Info: 1.6 ns logic, 10.0 ns routing

Info: Max frequency for clock 'clk_ctrl': 86.51 MHz (PASS at 83.33 MHz)

Info: Slack histogram:
Info:  legend: * represents 21 endpoint(s)
Info:          + represents [1,21) endpoint(s)
Info: [   440,   1001) |+
Info: [  1001,   1562) |+
Info: [  1562,   2123) |+
Info: [  2123,   2684) |**+
Info: [  2684,   3245) |*****+
Info: [  3245,   3806) |***********+
Info: [  3806,   4367) |**********************+
Info: [  4367,   4928) |***************************+
Info: [  4928,   5489) |*********************+
Info: [  5489,   6050) |**********************+
Info: [  6050,   6611) |***********************+
Info: [  6611,   7172) |*********************+
Info: [  7172,   7733) |**************************************+
Info: [  7733,   8294) |*******************************************+
Info: [  8294,   8855) |************************************************************ 
Info: [  8855,   9416) |***************************************************+
Info: [  9416,   9977) |*******************************+
Info: [  9977,  10538) |********************+
Info: [ 10538,  11099) |*************************+
Info: [ 11099,  11660) |**************************+
Info: Report written to build/fpga/ddr3-x32/try_heap_seed1.json.
