Info: Packing constants..
Info: Inserting IO buffers..
Info:     IO port 'clk200_n' driven by IBUFDS 'clk_ibufds'
Info:     IO port 'clk200_p' driven by IBUFDS 'clk_ibufds'
Info:     IO port 'rst_n' driven by IBUF '$iopadmap$tms_bram_bench_ax7203.rst_n'
Info:     IO port 'uart_rx' driven by IBUF '$iopadmap$tms_bram_bench_ax7203.uart_rx'
Info:     IO port 'uart_tx' driven by OBUF '$iopadmap$tms_bram_bench_ax7203.uart_tx'
Info:     IO port 'led[0]' driven by OBUF '$iopadmap$tms_bram_bench_ax7203.led'
Info:     IO port 'led[1]' driven by OBUF '$iopadmap$tms_bram_bench_ax7203.led_1'
Info:     IO port 'led[2]' driven by OBUF '$iopadmap$tms_bram_bench_ax7203.led_2'
Info:     IO port 'led[3]' driven by OBUF '$iopadmap$tms_bram_bench_ax7203.led_3'
Info:     Constraining 'clk200_n' to site 'IOB_X1Y123'
Info:     Tile 'RIOB33_X105Y123'
Info:     Constraining 'clk200_p' to site 'IOB_X1Y124'
Info:     Tile 'RIOB33_X105Y123'
Info:     Constraining 'rst_n' to site 'IOB_X1Y115'
Info:     Tile 'RIOB33_X105Y115'
Info:     Constraining 'uart_rx' to site 'IOB_X0Y149'
Info:     Tile 'LIOB33_SING_X0Y149'
Info:     Constraining 'uart_tx' to site 'IOB_X0Y100'
Info:     Tile 'LIOB33_SING_X0Y100'
Info:     Constraining 'led[0]' to site 'IOB_X0Y233'
Info:     Tile 'LIOB33_X0Y233'
Info:     Constraining 'led[1]' to site 'IOB_X0Y234'
Info:     Tile 'LIOB33_X0Y233'
Info:     Constraining 'led[2]' to site 'IOB_X0Y238'
Info:     Tile 'LIOB33_X0Y237'
Info:     Constraining 'led[3]' to site 'IOB_X0Y237'
Info:     Tile 'LIOB33_X0Y237'
Info: Generating input buffer for '$iopadmap$tms_bram_bench_ax7203.rst_n'
Info: Generating input buffer for '$iopadmap$tms_bram_bench_ax7203.uart_rx'
Info: Generating output buffer for '$iopadmap$tms_bram_bench_ax7203.uart_tx'
Info: Generating output buffer for '$iopadmap$tms_bram_bench_ax7203.led'
Info: Generating output buffer for '$iopadmap$tms_bram_bench_ax7203.led_1'
Info: Generating output buffer for '$iopadmap$tms_bram_bench_ax7203.led_2'
Info: Generating output buffer for '$iopadmap$tms_bram_bench_ax7203.led_3'
Info:     Created 9 PAD cells from:
Info:              9x PAD
Info: Preparing clocking...
Info: Packing constants..
Info: Packing cfg...
Info: Packing PLLs...
Info: Packing Gigabit Transceivers..
Info: Packing global buffers...
Info:     Constrained BUFGCTRL 'clk200_bufg' to bel 'BUFGCTRL_X0Y0/BUFGCTRL' based on dedicated routing
Info: Packing MUX[789]s..
Info: Packing carries..
Info:    Grouped 0 MUXCYs and 0 XORCYs into 0 chains.
Info:    Blasted 0 non-chain MUXCYs and 0 non-chain XORCYs to soft logic
Info: Packing LUTs..
Info:     Created 3319 SLICE_LUTX cells from:
Info:              2x LUT1
Info:            837x LUT2
Info:            237x LUT3
Info:            423x LUT4
Info:            833x LUT5
Info:            987x LUT6
Info: Packing DRAM..
Info:    Transformed 0 tied-low DRAM address inputs to be tied-high
Info: Packing BRAM..
Info: Packing DSPs..
Info: Packing flipflops..
Info:     Created 1038 SLICE_FFX cells from:
Info:            959x FDCE
Info:             12x FDPE
Info:             67x FDRE
Info: Constrained 914 LUTFF pairs.

Info: Annotating ports with timing budgets for target frequency 200.00 MHz
Info: Checksum: 0xc3d43968

Info: Device utilisation:
Info: 	          SLICE_LUTX:  3319/269200     1%
Info: 	           SLICE_FFX:  1038/269200     0%
Info: 	              CARRY4:     0/33650     0%
Info: 	          PSEUDO_GND:     1/69165     0%
Info: 	          PSEUDO_VCC:     1/69165     0%
Info: 	               HARD0:     0/ 3960     0%
Info: 	            RAMB18E1:     0/  730     0%
Info: 	            FIFO18E1:     0/  365     0%
Info: 	        RAMBFIFO36E1:     0/  365     0%
Info: 	            RAMB36E1:    55/  365    15%
Info: 	             DSP48E1:     0/  740     0%
Info: 	                 PAD:     9/ 1062     0%
Info: 	       IOB33M_OUTBUF:     0/  240     0%
Info: 	       IOB33S_OUTBUF:     0/  240     0%
Info: 	        IOB33_OUTBUF:     5/  500     1%
Info: 	     IOB33M_INBUF_EN:     1/  240     0%
Info: 	     IOB33S_INBUF_EN:     0/  240     0%
Info: 	      IOB33_INBUF_EN:     2/  500     0%
Info: 	IOB33M_TERM_OVERRIDE:     0/  240     0%
Info: 	IOB33S_TERM_OVERRIDE:     0/  240     0%
Info: 	 IOB33_TERM_OVERRIDE:     0/  500     0%
Info: 	       PULL_OR_KEEP1:     0/  980     0%
Info: 	            IDELAYE2:     0/  500     0%
Info: 	        OLOGICE3_TFF:     0/  500     0%
Info: 	      OLOGICE3_OUTFF:     0/  500     0%
Info: 	       OLOGICE3_MISR:     0/  500     0%
Info: 	           OSERDESE2:     0/  500     0%
Info: 	        ILOGICE3_IFF:     0/  500     0%
Info: 	ILOGICE3_ZHOLD_DELAY:     0/  500     0%
Info: 	           ISERDESE2:     0/  500     0%
Info: 	                BUFR:     0/   40     0%
Info: 	               BUFIO:     0/   40     0%
Info: 	          IDELAYCTRL:     0/   10     0%
Info: 	            BUFGCTRL:     2/   32     6%
Info: 	            PCIE_2_1:     0/    1     0%
Info: 	               BSCAN:     0/    4     0%
Info: 	                BUFG:     0/   32     0%
Info: 	              BUFHCE:     0/  120     0%
Info: 	            DCIRESET:     0/    1     0%
Info: 	            DNA_PORT:     0/    1     0%
Info: 	           EFUSE_USR:     0/    1     0%
Info: 	           FRAME_ECC:     0/    1     0%
Info: 	       GTPE2_CHANNEL:     0/   16     0%
Info: 	        GTPE2_COMMON:     0/    4     0%
Info: 	         IBUFDS_GTE2:     0/    8     0%
Info: 	                ICAP:     0/    2     0%
Info: 	            INVERTER:     0/  240     0%
Info: 	          MMCME2_ADV:     0/   10     0%
Info: 	        OLOGICE2_TFF:     0/  500     0%
Info: 	      OLOGICE2_OUTFF:     0/  500     0%
Info: 	           PLLE2_ADV:     0/   10     0%
Info: 	           SELMUX2_1:     0/102950     0%
Info: 	             STARTUP:     0/    1     0%
Info: 	          USR_ACCESS:     0/    1     0%
Info: 	              BUFFER:     0/   82     0%
Info: 	        ILOGICE2_IFF:     0/  500     0%
Info: 	       OLOGICE2_MISR:     0/  500     0%

Info: Placed 18 cells based on constraints.
Info: Creating initial analytic placement for 3499 cells, random placement wirelen = 1692197.
Info:     at initial placer iter 0, wirelen = 1676
Info:     at initial placer iter 1, wirelen = 1487
Info:     at initial placer iter 2, wirelen = 1399
Info:     at initial placer iter 3, wirelen = 1293
Info: Running main analytical placer.
Info:     at iteration #1, type ALL: wirelen solved = 1227, spread = 465887, legal = 470980; time = 0.06s
Info:     at iteration #2, type ALL: wirelen solved = 5059, spread = 401587, legal = 410357; time = 0.07s
Info:     at iteration #3, type ALL: wirelen solved = 8345, spread = 403522, legal = 413335; time = 0.07s
Info:     at iteration #4, type ALL: wirelen solved = 11940, spread = 395760, legal = 412277; time = 0.06s
Info:     at iteration #5, type ALL: wirelen solved = 15453, spread = 423528, legal = 437995; time = 0.06s
Info:     at iteration #6, type ALL: wirelen solved = 19525, spread = 439787, legal = 449332; time = 0.06s
Info:     at iteration #7, type ALL: wirelen solved = 21576, spread = 438423, legal = 447379; time = 0.06s
Info: HeAP Placer Time: 0.84s
Info:   of which solving equations: 0.45s
Info:   of which spreading cells: 0.08s
Info:   of which strict legalisation: 0.05s

Info: Running simulated annealing placer for refinement.
Info:   at iteration #1: temp = 0.000000, timing cost = 1387, wirelen = 410357
Info:   at iteration #5: temp = 0.000000, timing cost = 1169, wirelen = 403219
Info:   at iteration #10: temp = 0.000000, timing cost = 1214, wirelen = 402566
Info:   at iteration #13: temp = 0.000000, timing cost = 1193, wirelen = 402477 
Info: SA placement time 0.97s

Info: Max frequency for clock    'clk': 37.50 MHz (FAIL at 200.00 MHz)
Info: Max frequency for clock 'clk200': 956.02 MHz (PASS at 200.00 MHz)

Info: Slack histogram:
Info:  legend: * represents 9 endpoint(s)
Info:          + represents [1,9) endpoint(s)
Info: [-21665, -20347) |*+
Info: [-20347, -19029) |*+
Info: [-19029, -17711) |***+
Info: [-17711, -16393) |**+
Info: [-16393, -15075) |+
Info: [-15075, -13757) |+
Info: [-13757, -12439) |*+
Info: [-12439, -11121) |*+
Info: [-11121,  -9803) |*****+
Info: [ -9803,  -8485) |*******+
Info: [ -8485,  -7167) |******+
Info: [ -7167,  -5849) |***********************************************+
Info: [ -5849,  -4531) |************************************************************ 
Info: [ -4531,  -3213) |********+
Info: [ -3213,  -1895) |********************+
Info: [ -1895,   -577) |****************+
Info: [  -577,    741) |**********************+
Info: [   741,   2059) |********************+
Info: [  2059,   3377) |****************+
Info: [  3377,   4695) |************+
Info: Checksum: 0x7c110be9
Info: Running post-placement legalisation...
Info: Routing global clocks...
Info:     routing clock 'clk'
Info:     routing clock 'clk200'
Info: Running router2...
Info: Setting up routing resources...
Info: Running main router loop...
Info:     iter=1 wires=158646 overused=7711 overuse=8994 archfail=NA
Info:     iter=2 wires=168786 overused=472 overuse=472 archfail=NA
Info:     iter=3 wires=169668 overused=10 overuse=10 archfail=NA
Info:     iter=4 wires=169689 overused=0 overuse=0 archfail=0
Info: 1000 slowest nets by runtime:
                                    $techmap390183$abc$387581$lut$aiger387580$15875.A[3]      1 2033.9ms
                                    $techmap390210$abc$387581$lut$aiger387580$15706.A[3]      1 1978.8ms
                                    $techmap390403$abc$387581$lut$aiger387580$12853.A[3]      1 1971.4ms
                                    $techmap390183$abc$387581$lut$aiger387580$15875.A[4]      1 1958.8ms
                                    $techmap390427$abc$387581$lut$aiger387580$13010.A[4]      1 1914.9ms
                                    $techmap390403$abc$387581$lut$aiger387580$12853.A[2]      1 1875.9ms
                                    $techmap390351$abc$387581$lut$aiger387580$14075.A[2]      1 1875.2ms
                                    $techmap390210$abc$387581$lut$aiger387580$15706.A[4]      1 1855.4ms
                                    $techmap390184$abc$387581$lut$aiger387580$15880.A[2]      1 1851.8ms
                                    $techmap390402$abc$387581$lut$aiger387580$12848.A[3]      1 1827.5ms
                                    $techmap390184$abc$387581$lut$aiger387580$15880.A[3]      1 1794.7ms
                                    $techmap390378$abc$387581$lut$aiger387580$14252.A[3]      1 1790.3ms
                                    $techmap390318$abc$387581$lut$aiger387580$13356.A[2]      1 1774.5ms
                                    $techmap390378$abc$387581$lut$aiger387580$14252.A[4]      1 1737.3ms
                                    $techmap390210$abc$387581$lut$aiger387580$15706.A[2]      1 1725.7ms
                                    $techmap390234$abc$387581$lut$aiger387580$14715.A[4]      1 1695.5ms
                                    $techmap390291$abc$387581$lut$aiger387580$13182.A[5]      1 1676.7ms
                                    $techmap390351$abc$387581$lut$aiger387580$14075.A[3]      1 1660.2ms
                                    $techmap390234$abc$387581$lut$aiger387580$14715.A[5]      1 1651.8ms
                                    $techmap390350$abc$387581$lut$aiger387580$14070.A[3]      1 1643.4ms
                                    $techmap390428$abc$387581$lut$aiger387580$13015.A[2]      1 1634.4ms
                                    $techmap390350$abc$387581$lut$aiger387580$14070.A[4]      1 1559.1ms
                                    $techmap390291$abc$387581$lut$aiger387580$13182.A[3]      1 1539.5ms
                                    $techmap390379$abc$387581$lut$aiger387580$14257.A[3]      1 1422.3ms
                                    $techmap390318$abc$387581$lut$aiger387580$13356.A[3]      1 1290.4ms
                                    $techmap390210$abc$387581$lut$aiger387580$15706.A[5]      1 1266.0ms
                                    $techmap390428$abc$387581$lut$aiger387580$13015.A[3]      1 1173.6ms
                                    $techmap390317$abc$387581$lut$aiger387580$13351.A[4]      1 1105.8ms
                                    $techmap390379$abc$387581$lut$aiger387580$14257.A[2]      1 1102.7ms
                                    $techmap390317$abc$387581$lut$aiger387580$13351.A[3]      1 1088.6ms
                                    $techmap390234$abc$387581$lut$aiger387580$14715.A[2]      1 1080.1ms
                                    $techmap390427$abc$387581$lut$aiger387580$13010.A[3]      1 1056.1ms
                                    $techmap390234$abc$387581$lut$aiger387580$14715.A[3]      1 1046.5ms
                                    $techmap390402$abc$387581$lut$aiger387580$12848.A[4]      1 1005.6ms
                                    $techmap390291$abc$387581$lut$aiger387580$13182.A[2]      1 969.2ms
                                    $techmap390291$abc$387581$lut$aiger387580$13182.A[4]      1 903.5ms
                                    $techmap390374$abc$387581$lut$aiger387580$14232.A[4]      1 745.9ms
                                    $techmap390355$abc$387581$lut$aiger387580$14103.A[3]      1 645.0ms
                                                                         $PACKER_GND_NET   4248 643.9ms
                                    $techmap390244$abc$387581$lut$aiger387580$14785.A[4]      1 637.8ms
                                    $techmap390244$abc$387581$lut$aiger387580$14785.A[3]      1 617.0ms
                                    $techmap390294$abc$387581$lut$aiger387580$13204.A[2]      1 600.8ms
                                    $techmap390399$abc$387581$lut$aiger387580$12833.A[2]      1 582.9ms
                                                                                     rst    975 563.1ms
                                    $techmap390359$abc$387581$lut$aiger387580$14134.A[2]      1 540.1ms
                                    $techmap390187$abc$387581$lut$aiger387580$15860.A[2]      1 538.8ms
                                    $techmap390213$abc$387581$lut$aiger387580$15728.A[4]      1 530.3ms
                                    $techmap390406$abc$387581$lut$aiger387580$12873.A[3]      1 512.4ms
                                    $techmap390355$abc$387581$lut$aiger387580$14103.A[4]      1 503.3ms
                                    $techmap390187$abc$387581$lut$aiger387580$15860.A[3]      1 501.2ms
                                         $techmap388802\slot0_b2.eng.mem_b3.0.12.ENBWREN    116 499.1ms
                                    $techmap388954$abc$387581$lut$aiger387580$10582.A[0]    112 499.0ms
                                    $techmap390398$abc$387581$lut$aiger387580$12828.A[3]      1 494.3ms
                                    $techmap390220$abc$387581$lut$aiger387580$15776.A[2]      1 481.3ms
                                    $techmap390294$abc$387581$lut$aiger387580$13204.A[5]      1 469.4ms
                                    $techmap390375$abc$387581$lut$aiger387580$14237.A[3]      1 466.3ms
                                    $techmap390392$abc$387581$lut$aiger387580$12788.A[3]      1 465.0ms
                                    $techmap390393$abc$387581$lut$aiger387580$12797.A[3]      1 456.3ms
                                                                 slot0_b2.eng.r_addr[11]    100 453.1ms
                                    $techmap390283$abc$387581$lut$aiger387580$13116.A[4]      1 446.0ms
                                    $techmap390237$abc$387581$lut$aiger387580$14737.A[2]      1 436.8ms
                                    $techmap390249$abc$387581$lut$aiger387580$14820.A[2]      1 434.5ms
                                    $techmap390313$abc$387581$lut$aiger387580$13331.A[3]      1 433.0ms
                                    $techmap390125$abc$387581$lut$aiger387580$11438.A[3]      1 423.3ms
                                    $techmap390294$abc$387581$lut$aiger387580$13204.A[3]      1 418.0ms
                                    $techmap390181$abc$387581$lut$aiger387580$15905.A[2]      1 398.5ms
                                    $techmap388971$abc$387581$lut$aiger387580$17076.A[1]    115 397.3ms
                                    $techmap390249$abc$387581$lut$aiger387580$14820.A[3]      1 395.4ms
                                    $techmap390298$abc$387581$lut$aiger387580$13230.A[5]      1 393.3ms
                                    $techmap390213$abc$387581$lut$aiger387580$15728.A[3]      1 392.7ms
                                    $techmap390423$abc$387581$lut$aiger387580$12990.A[3]      1 378.4ms
                                    $techmap390147$abc$387581$lut$aiger387580$11578.A[3]      1 372.9ms
                                    $techmap388963$abc$387581$lut$aiger387580$17052.A[1]    114 369.1ms
                                    $techmap388963$abc$387581$lut$aiger387580$17052.A[0]    115 368.0ms
                                    $techmap388955$abc$387581$lut$aiger387580$10586.A[3]    112 366.5ms
                                    $techmap390220$abc$387581$lut$aiger387580$15776.A[3]      1 358.2ms
                                    $techmap390180$abc$387581$lut$aiger387580$15900.A[4]      1 357.8ms
                                    $techmap388965$abc$387581$lut$aiger387580$17054.A[0]    112 353.5ms
                                                                 $abc$387581$aiger$o1022     55 350.5ms
                                    $techmap390399$abc$387581$lut$aiger387580$12833.A[3]      1 346.3ms
                                    $techmap390213$abc$387581$lut$aiger387580$15728.A[2]      1 344.6ms
                                    $techmap390244$abc$387581$lut$aiger387580$14785.A[2]      1 342.1ms
                                    $techmap390237$abc$387581$lut$aiger387580$14737.A[5]      1 342.0ms
                                    $techmap388959$abc$387581$lut$aiger387580$10595.A[0]    115 341.9ms
                                    $techmap390407$abc$387581$lut$aiger387580$12878.A[3]      1 340.9ms
                                    $techmap390298$abc$387581$lut$aiger387580$13230.A[4]      1 340.6ms
                                    $techmap390431$abc$387581$lut$aiger387580$13035.A[3]      1 339.7ms
                                    $techmap388964$abc$387581$lut$aiger387580$17053.A[0]    112 335.9ms
                                    $techmap388955$abc$387581$lut$aiger387580$10586.A[2]    113 334.0ms
                                             $techmap230212$auto$ff.cc:337:slice$93569.D    409 327.6ms
                                    $techmap390407$abc$387581$lut$aiger387580$12878.A[2]      1 326.5ms
                                    $techmap390181$abc$387581$lut$aiger387580$15905.A[3]      1 326.3ms
                                    $techmap390073$abc$387581$lut$aiger387580$14307.A[5]      1 324.1ms
                                    $techmap390392$abc$387581$lut$aiger387580$12788.A[4]      1 323.0ms
                                    $techmap390322$abc$387581$lut$aiger387580$13381.A[2]      1 320.9ms
                                    $techmap388963$abc$387581$lut$aiger387580$17052.A[3]    112 318.7ms
                                    $techmap388971$abc$387581$lut$aiger387580$17076.A[0]    116 317.6ms
                                    $techmap390406$abc$387581$lut$aiger387580$12873.A[4]      1 317.3ms
                                    $techmap390294$abc$387581$lut$aiger387580$13204.A[4]      1 317.0ms
                                    $techmap390186$abc$387581$lut$aiger387580$15855.A[3]      1 305.1ms
                                    $techmap390358$abc$387581$lut$aiger387580$14125.A[4]      1 303.7ms
                                    $techmap390355$abc$387581$lut$aiger387580$14103.A[2]      1 300.8ms
                                    $techmap390220$abc$387581$lut$aiger387580$15776.A[4]      1 297.7ms
                                    $techmap390162$abc$387581$lut$aiger387580$11674.A[2]      1 297.2ms
                                    $techmap390147$abc$387581$lut$aiger387580$11578.A[4]      1 295.5ms
                                    $techmap389988$abc$387581$lut$aiger387580$15155.A[2]      1 290.7ms
                                    $techmap390249$abc$387581$lut$aiger387580$14820.A[5]      1 290.6ms
                                    $techmap390195$abc$387581$lut$aiger387580$15824.A[2]      1 290.4ms
                                    $techmap390372$abc$387581$lut$aiger387580$14223.A[4]      1 288.3ms
                                    $techmap389972$abc$387581$lut$aiger387580$15046.A[5]      1 288.2ms
                                    $techmap390125$abc$387581$lut$aiger387580$11438.A[2]      1 285.7ms
                                    $techmap390424$abc$387581$lut$aiger387580$12995.A[2]      1 285.1ms
                                    $techmap390418$abc$387581$lut$aiger387580$12959.A[3]      1 282.9ms
                                    $techmap390282$abc$387581$lut$aiger387580$13107.A[2]      1 282.6ms
                                    $techmap390374$abc$387581$lut$aiger387580$14232.A[3]      1 281.5ms
                                    $techmap390194$abc$387581$lut$aiger387580$15815.A[2]      1 281.1ms
                                    $techmap390417$abc$387581$lut$aiger387580$12950.A[3]      1 280.9ms
                                    $techmap390359$abc$387581$lut$aiger387580$14134.A[3]      1 280.4ms
                                    $techmap390348$abc$387581$lut$aiger387580$14060.A[3]      1 280.0ms
                                    $techmap388957$abc$387581$lut$aiger387580$10588.A[0]    112 279.5ms
                                    $techmap389964$abc$387581$lut$aiger387580$14980.A[3]      1 279.1ms
                                                                 $abc$387581$aiger$o1010     55 274.5ms
                                    $techmap390322$abc$387581$lut$aiger387580$13381.A[3]      1 274.5ms
                                    $techmap390195$abc$387581$lut$aiger387580$15824.A[5]      1 273.0ms
                                                                 $abc$387581$aiger$o1364     55 272.4ms
                                                                 slot0_b2.eng.r_addr[10]    101 271.7ms
                                    $techmap390417$abc$387581$lut$aiger387580$12950.A[4]      1 269.0ms
                                    $techmap390186$abc$387581$lut$aiger387580$15855.A[4]      1 263.0ms
                                    $techmap390355$abc$387581$lut$aiger387580$14103.A[5]      1 262.2ms
                                    $techmap390432$abc$387581$lut$aiger387580$13040.A[3]      1 260.4ms
                                    $techmap388958$abc$387581$lut$aiger387580$10591.A[2]    103 258.8ms
                                                                 $abc$387581$aiger$o1009     55 258.3ms
                                    $techmap388956$abc$387581$lut$aiger387580$10587.A[0]    112 257.4ms
                                    $techmap390283$abc$387581$lut$aiger387580$13116.A[5]      1 257.0ms
                                    $techmap390431$abc$387581$lut$aiger387580$13035.A[4]      1 255.2ms
                                                                 $abc$387581$aiger$o1486     55 254.6ms
                                    $techmap388955$abc$387581$lut$aiger387580$10586.A[0]    115 252.9ms
                                    $techmap390308$abc$387581$lut$aiger387580$13300.A[2]      1 251.7ms
                                    $techmap390147$abc$387581$lut$aiger387580$11578.A[2]      1 249.0ms
                                                                 $abc$387581$aiger$o1251     55 248.3ms
                                    $techmap388958$abc$387581$lut$aiger387580$10591.A[3]    103 248.1ms
                                    $techmap390313$abc$387581$lut$aiger387580$13331.A[4]      1 245.7ms
                                    $techmap388955$abc$387581$lut$aiger387580$10586.A[1]    114 244.3ms
                                    $techmap390358$abc$387581$lut$aiger387580$14125.A[2]      1 242.0ms
                                    $techmap390321$abc$387581$lut$aiger387580$13376.A[4]      1 241.0ms
                                    $techmap390359$abc$387581$lut$aiger387580$14134.A[4]      1 237.8ms
                                    $techmap390213$abc$387581$lut$aiger387580$15728.A[5]      1 237.4ms
                                    $techmap390372$abc$387581$lut$aiger387580$14223.A[5]      1 237.3ms
                                                                 $abc$387581$aiger$o1080     55 237.0ms
                                    $techmap389988$abc$387581$lut$aiger387580$15155.A[5]      1 236.8ms
                                    $techmap390220$abc$387581$lut$aiger387580$15776.A[5]      1 236.8ms
                                    $techmap390432$abc$387581$lut$aiger387580$13040.A[2]      1 236.6ms
                                    $techmap390298$abc$387581$lut$aiger387580$13230.A[2]      1 235.9ms
                                    $techmap390418$abc$387581$lut$aiger387580$12959.A[4]      1 235.3ms
                                                                  $abc$387581$aiger$o148     55 234.3ms
                                                                 $abc$387581$aiger$o1544     55 233.9ms
                                    $techmap390283$abc$387581$lut$aiger387580$13116.A[3]      1 231.9ms
                                    $techmap390237$abc$387581$lut$aiger387580$14737.A[3]      1 231.5ms
                                    $techmap390249$abc$387581$lut$aiger387580$14820.A[4]      1 231.4ms
                                    $techmap390011$abc$387581$lut$aiger387580$12432.A[4]      1 231.3ms
                                    $techmap388963$abc$387581$lut$aiger387580$17052.A[2]    113 230.3ms
                                                                 $abc$387581$aiger$o1004     55 230.0ms
                                    $techmap390358$abc$387581$lut$aiger387580$14125.A[5]      1 228.4ms
                                    $techmap389964$abc$387581$lut$aiger387580$14980.A[4]      1 227.8ms
                                    $techmap390237$abc$387581$lut$aiger387580$14737.A[4]      1 227.7ms
                                    $techmap389494$abc$387581$lut$aiger387580$13596.A[1]    554 227.6ms
                                    $techmap390185$abc$387581$lut$aiger387580$15889.A[4]      1 225.6ms
                                                                 $abc$387581$aiger$o1016     55 225.2ms
                                    $techmap390347$abc$387581$lut$aiger387580$14055.A[4]      1 223.8ms
                                    $techmap390282$abc$387581$lut$aiger387580$13107.A[3]      1 222.5ms
                                    $techmap390194$abc$387581$lut$aiger387580$15815.A[4]      1 220.2ms
                                                                  $abc$387581$aiger$o136     55 214.0ms
                                    $techmap390372$abc$387581$lut$aiger387580$14223.A[2]      1 213.0ms
                                    $techmap390398$abc$387581$lut$aiger387580$12828.A[4]      1 212.9ms
                                    $techmap390194$abc$387581$lut$aiger387580$15815.A[5]      1 212.0ms
                                    $techmap390326$abc$387581$lut$aiger387580$13409.A[2]      1 209.9ms
                                                                 $abc$387581$aiger$o1252     55 208.1ms
                                    $techmap390180$abc$387581$lut$aiger387580$15900.A[3]      1 205.0ms
                                    $techmap390268$abc$387581$lut$aiger387580$14943.A[4]      1 202.0ms
                                    $techmap390423$abc$387581$lut$aiger387580$12990.A[4]      1 201.3ms
                                    $techmap390372$abc$387581$lut$aiger387580$14223.A[3]      1 200.5ms
                                    $techmap390195$abc$387581$lut$aiger387580$15824.A[3]      1 197.1ms
                                    $techmap390418$abc$387581$lut$aiger387580$12959.A[5]      1 196.6ms
                                    $techmap390392$abc$387581$lut$aiger387580$12788.A[5]      1 195.1ms
                                    $techmap390348$abc$387581$lut$aiger387580$14060.A[2]      1 191.5ms
                                                                 $abc$387581$aiger$o1312     55 190.3ms
                                    $techmap390103$abc$387581$lut$aiger387580$14522.A[3]      1 189.9ms
                                    $techmap389988$abc$387581$lut$aiger387580$15155.A[4]      1 189.4ms
                                    $techmap390283$abc$387581$lut$aiger387580$13116.A[2]      1 187.4ms
                                    $techmap390333$abc$387581$lut$aiger387580$13972.A[5]      1 187.4ms
                                                                 $abc$387581$aiger$o1015     55 186.0ms
                                                                 $abc$387581$aiger$o1485     55 185.0ms
                                    $techmap390392$abc$387581$lut$aiger387580$12788.A[2]      1 184.9ms
                                    $techmap390333$abc$387581$lut$aiger387580$13972.A[2]      1 180.7ms
                                    $techmap390436$abc$387581$lut$aiger387580$13068.A[4]      1 176.9ms
                                    $techmap390039$abc$387581$lut$aiger387580$12616.A[3]      1 176.7ms
                                    $techmap390125$abc$387581$lut$aiger387580$11438.A[5]      1 176.7ms
                                                                 $abc$387581$aiger$o1249     55 176.4ms
                                    $techmap390202$abc$387581$lut$aiger387580$15640.A[3]      1 173.9ms
                                    $techmap390225$abc$387581$lut$aiger387580$14640.A[3]      1 166.1ms
                                    $techmap390307$abc$387581$lut$aiger387580$13291.A[5]      1 165.0ms
                                    $techmap390314$abc$387581$lut$aiger387580$13336.A[3]      1 161.6ms
                                    $techmap390411$abc$387581$lut$aiger387580$12906.A[3]      1 161.5ms
                                    $techmap389964$abc$387581$lut$aiger387580$14980.A[5]      1 159.4ms
                                    $techmap390000$abc$387581$lut$aiger387580$15229.A[3]      1 158.8ms
                                    $techmap390359$abc$387581$lut$aiger387580$14134.A[5]      1 158.5ms
                                    $techmap390244$abc$387581$lut$aiger387580$14785.A[5]      1 158.2ms
                                    $techmap389988$abc$387581$lut$aiger387580$15155.A[3]      1 157.2ms
                                    $techmap390393$abc$387581$lut$aiger387580$12797.A[5]      1 156.3ms
                                                                 $abc$387581$aiger$o1250     55 155.8ms
                                    $techmap390417$abc$387581$lut$aiger387580$12950.A[5]      1 155.5ms
                                                                 $abc$387581$aiger$o1248     55 154.8ms
                                    $techmap389974$abc$387581$lut$aiger387580$15059.A[3]      1 153.8ms
                                    $techmap390073$abc$387581$lut$aiger387580$14307.A[4]      1 152.4ms
                                    $techmap390333$abc$387581$lut$aiger387580$13972.A[4]      1 150.2ms
                                                                 $abc$387581$aiger$o1428     55 150.1ms
                                    $techmap390011$abc$387581$lut$aiger387580$12432.A[5]      1 149.4ms
                                    $techmap390195$abc$387581$lut$aiger387580$15824.A[4]      1 149.2ms
                                                                 $abc$387581$aiger$o1365     55 145.4ms
                                    $techmap390352$abc$387581$lut$aiger387580$14080.A[3]      1 144.8ms
                                                                 $abc$387581$aiger$o1370     55 144.1ms
                                                                  $abc$387581$aiger$o142     55 143.4ms
                                    $techmap390226$abc$387581$lut$aiger387580$14649.A[4]      1 142.7ms
                                                                 $abc$387581$aiger$o1487     55 142.5ms
                                    $techmap390347$abc$387581$lut$aiger387580$14055.A[3]      1 142.3ms
                                                                 $abc$387581$aiger$o1366     55 141.6ms
                                    $techmap390424$abc$387581$lut$aiger387580$12995.A[3]      1 141.0ms
                                                                 $abc$387581$aiger$o1255     55 138.4ms
                                    $techmap390226$abc$387581$lut$aiger387580$14649.A[2]      1 138.3ms
                                    $techmap390417$abc$387581$lut$aiger387580$12950.A[2]      1 138.1ms
                  $techmap388870$auto$abc_ops_reintegrate.cc:611:reintegrate$387829.A[0]     97 137.4ms
                                    $techmap390297$abc$387581$lut$aiger387580$13221.A[3]      1 136.6ms
                                    $techmap390282$abc$387581$lut$aiger387580$13107.A[4]      1 136.1ms
                                    $techmap390039$abc$387581$lut$aiger387580$12616.A[2]      1 134.9ms
                                    $techmap390370$abc$387581$lut$aiger387580$14209.A[4]      1 134.8ms
                                    $techmap389972$abc$387581$lut$aiger387580$15046.A[2]      1 134.3ms
                                    $techmap390376$abc$387581$lut$aiger387580$14242.A[4]      1 133.7ms
                                                                 $abc$387581$aiger$o1368     55 133.5ms
                                                                         $PACKER_VCC_NET   1593 131.4ms
                                    $techmap388899$abc$387581$lut$aiger387580$10791.A[3]     44 131.0ms
                                    $techmap390314$abc$387581$lut$aiger387580$13336.A[2]      1 130.9ms
                                    $techmap390298$abc$387581$lut$aiger387580$13230.A[3]      1 130.7ms
                                    $techmap390225$abc$387581$lut$aiger387580$14640.A[5]      1 129.4ms
                                    $techmap390307$abc$387581$lut$aiger387580$13291.A[4]      1 129.2ms
                                    $techmap390268$abc$387581$lut$aiger387580$14943.A[5]      1 127.0ms
                  $techmap388947$auto$abc_ops_reintegrate.cc:611:reintegrate$387822.A[2]    119 124.9ms
                                                                 $abc$387581$aiger$o1021     55 124.6ms
                                    $techmap389494$abc$387581$lut$aiger387580$13596.A[0]    537 124.6ms
                                    $techmap390321$abc$387581$lut$aiger387580$13376.A[3]      1 124.3ms
                                                                 $abc$387581$aiger$o1253     55 124.2ms
                                    $techmap390189$abc$387581$lut$aiger387580$15870.A[3]      1 121.9ms
                                                                 $abc$387581$aiger$o1371     55 121.7ms
                                                                 $abc$387581$aiger$o1369     55 121.7ms
                                                                 $abc$387581$aiger$o1254     55 121.6ms
                                    $techmap390011$abc$387581$lut$aiger387580$12432.A[3]      1 121.3ms
                                    $techmap389497$abc$387581$lut$aiger387580$13618.A[4]      1 121.0ms
                                                                  $abc$387581$aiger$o137     55 118.7ms
                                    $techmap390393$abc$387581$lut$aiger387580$12797.A[4]      1 118.6ms
                                    $techmap390202$abc$387581$lut$aiger387580$15640.A[2]      1 116.1ms
                                    $techmap389496$abc$387581$lut$aiger387580$13609.A[0]    160 115.9ms
                                    $techmap390103$abc$387581$lut$aiger387580$14522.A[4]      1 115.6ms
                                    $techmap390056$abc$387581$lut$aiger387580$12716.A[3]      1 115.2ms
                                    $techmap389496$abc$387581$lut$aiger387580$13609.A[1]    341 114.0ms
                                                                  $abc$387581$aiger$o143     55 113.9ms
                                                                 $abc$387581$aiger$o1023     55 113.0ms
                                    $techmap390075$abc$387581$lut$aiger387580$14325.A[3]      1 113.0ms
                                    $techmap390345$abc$387581$lut$aiger387580$14045.A[4]      1 112.4ms
                                    $techmap390307$abc$387581$lut$aiger387580$13291.A[2]      1 111.4ms
                                    $techmap390177$abc$387581$lut$aiger387580$15910.A[4]      1 109.5ms
                                    $techmap390380$abc$387581$lut$aiger387580$14266.A[3]      1 108.5ms
                                    $techmap390393$abc$387581$lut$aiger387580$12797.A[2]      1 107.9ms
                                    $techmap390429$abc$387581$lut$aiger387580$13024.A[4]      1 104.8ms
                                    $techmap389689$abc$387581$lut$aiger387580$11253.A[3]      1 104.4ms
                                    $techmap389981$abc$387581$lut$aiger387580$15107.A[4]      1 104.2ms
                                    $techmap390367$abc$387581$lut$aiger387580$14191.A[5]      1 103.5ms
                                    $techmap390243$abc$387581$lut$aiger387580$14776.A[5]      1 103.4ms
                  $techmap388947$auto$abc_ops_reintegrate.cc:611:reintegrate$387822.A[0]    120 102.6ms
                                    $techmap389547$abc$387581$lut$aiger387580$12078.A[3]      1 102.2ms
                                    $techmap389593$abc$387581$lut$aiger387580$12356.A[3]      1 101.6ms
                  $techmap388947$auto$abc_ops_reintegrate.cc:611:reintegrate$387822.A[1]    121 100.6ms
                                                                 $abc$387581$aiger$o1584      8 99.0ms
                                            $techmap229601$auto$ff.cc:337:slice$122506.D     71 98.8ms
                                    $techmap390185$abc$387581$lut$aiger387580$15889.A[3]      1 98.0ms
                                    $techmap390375$abc$387581$lut$aiger387580$14237.A[2]      1 97.9ms
                                    $techmap390133$abc$387581$lut$aiger387580$11488.A[3]      1 97.7ms
                                    $techmap390137$abc$387581$lut$aiger387580$11512.A[5]      1 97.1ms
                                    $techmap389996$abc$387581$lut$aiger387580$15205.A[3]      1 97.0ms
                                    $techmap390404$abc$387581$lut$aiger387580$12862.A[3]      1 96.6ms
                                    $techmap390411$abc$387581$lut$aiger387580$12906.A[4]      1 96.4ms
                                    $techmap390112$abc$387581$lut$aiger387580$14572.A[3]      1 93.7ms
                                    $techmap389616$abc$387581$lut$aiger387580$10951.A[4]      1 93.7ms
                                    $techmap390429$abc$387581$lut$aiger387580$13024.A[3]      1 93.6ms
                                                                 $abc$387581$aiger$o1367     55 93.0ms
                                    $techmap390290$abc$387581$lut$aiger387580$13173.A[2]      1 92.8ms
                  $techmap388870$auto$abc_ops_reintegrate.cc:611:reintegrate$387829.A[1]     97 92.2ms
                                    $techmap389852$abc$387581$lut$aiger387580$16171.A[3]      1 91.9ms
                                    $techmap390434$abc$387581$lut$aiger387580$13050.A[2]      1 91.8ms
                                    $techmap390319$abc$387581$lut$aiger387580$13365.A[3]      1 91.1ms
                                                                 $abc$387581$aiger$o1587      8 90.4ms
                                    $techmap390390$abc$387581$lut$aiger387580$12775.A[4]      1 90.1ms
                                    $techmap390354$abc$387581$lut$aiger387580$14094.A[3]      1 89.4ms
                                    $techmap390108$abc$387581$lut$aiger387580$14547.A[2]      1 89.1ms
                                    $techmap390107$abc$387581$lut$aiger387580$14542.A[3]      1 89.0ms
                                    $techmap389699$abc$387581$lut$aiger387580$11330.A[4]      1 88.9ms
                                    $techmap390236$abc$387581$lut$aiger387580$14728.A[4]      1 88.2ms
                                    $techmap390265$abc$387581$lut$aiger387580$14920.A[4]      1 87.3ms
                                    $techmap390301$abc$387581$lut$aiger387580$13252.A[3]      1 87.3ms
                                    $techmap390023$abc$387581$lut$aiger387580$12509.A[3]      1 87.2ms
                                    $techmap390297$abc$387581$lut$aiger387580$13221.A[2]      1 86.9ms
                                    $techmap390285$abc$387581$lut$aiger387580$13134.A[2]      1 86.1ms
                                    $techmap389690$abc$387581$lut$aiger387580$11262.A[5]      1 85.2ms
                                    $techmap390106$abc$387581$lut$aiger387580$14537.A[3]      1 85.1ms
                                    $techmap390290$abc$387581$lut$aiger387580$13173.A[4]      1 84.2ms
                                    $techmap390058$abc$387581$lut$aiger387580$12734.A[2]      1 84.1ms
                                    $techmap389533$abc$387581$lut$aiger387580$13500.A[4]      1 84.1ms
                                         $techmap390909$abc$387581$lut$aiger$o13813.A[1]    136 83.6ms
                                    $techmap390426$abc$387581$lut$aiger387580$13005.A[3]      1 83.0ms
                                    $techmap390301$abc$387581$lut$aiger387580$13252.A[5]      1 82.9ms
                                    $techmap390411$abc$387581$lut$aiger387580$12906.A[2]      1 82.4ms
                                                                 $abc$387581$aiger$o1586      8 82.1ms
                                    $techmap389524$abc$387581$lut$aiger387580$13441.A[4]      1 82.0ms
                                    $techmap389998$abc$387581$lut$aiger387580$15215.A[3]      1 81.7ms
                                    $techmap390194$abc$387581$lut$aiger387580$15815.A[3]      1 81.3ms
                                    $techmap389691$abc$387581$lut$aiger387580$11271.A[3]      1 81.0ms
                                    $techmap390435$abc$387581$lut$aiger387580$13059.A[2]      1 80.8ms
                                    $techmap389582$abc$387581$lut$aiger387580$12300.A[5]      1 80.1ms
                                    $techmap390048$abc$387581$lut$aiger387580$12671.A[3]      1 80.0ms
                                    $techmap389972$abc$387581$lut$aiger387580$15046.A[4]      1 79.2ms
                                    $techmap390226$abc$387581$lut$aiger387580$14649.A[5]      1 79.2ms
                                    $techmap390263$abc$387581$lut$aiger387580$14910.A[4]      1 78.8ms
                  $techmap388872$auto$abc_ops_reintegrate.cc:611:reintegrate$387827.A[0]     88 78.7ms
                                    $techmap390048$abc$387581$lut$aiger387580$12671.A[2]      1 78.6ms
                                    $techmap389699$abc$387581$lut$aiger387580$11330.A[3]      1 78.6ms
                                    $techmap390297$abc$387581$lut$aiger387580$13221.A[4]      1 78.2ms
                  $techmap388988$auto$abc_ops_reintegrate.cc:611:reintegrate$387817.A[0]    119 78.1ms
                                    $techmap390202$abc$387581$lut$aiger387580$15640.A[5]      1 78.0ms
                                    $techmap390147$abc$387581$lut$aiger387580$11578.A[5]      1 77.6ms
                                    $techmap389775$abc$387581$lut$aiger387580$16745.A[3]      1 77.3ms
                                    $techmap390073$abc$387581$lut$aiger387580$14307.A[3]      1 77.0ms
                                    $techmap390453$abc$387581$lut$aiger387580$18588.A[0]     48 76.7ms
                                    $techmap389526$abc$387581$lut$aiger387580$13454.A[4]      1 76.5ms
                                    $techmap390226$abc$387581$lut$aiger387580$14649.A[3]      1 76.1ms
                                    $techmap389690$abc$387581$lut$aiger387580$11262.A[4]      1 76.0ms
                                    $techmap390022$abc$387581$lut$aiger387580$12504.A[3]      1 76.0ms
                                    $techmap390217$abc$387581$lut$aiger387580$15754.A[5]      1 74.5ms
                                    $techmap390073$abc$387581$lut$aiger387580$14307.A[2]      1 74.2ms
                                             $techmap230487$auto$ff.cc:337:slice$85216.D     52 73.9ms
                                    $techmap390307$abc$387581$lut$aiger387580$13291.A[3]      1 73.8ms
                                    $techmap390219$abc$387581$lut$aiger387580$15767.A[4]      1 73.8ms
                                    $techmap390233$abc$387581$lut$aiger387580$14706.A[4]      1 73.6ms
                                    $techmap389997$abc$387581$lut$aiger387580$15210.A[3]      1 73.4ms
                                    $techmap390091$abc$387581$lut$aiger387580$14443.A[2]      1 73.3ms
                                    $techmap389675$abc$387581$lut$aiger387580$11169.A[3]      1 73.1ms
                                    $techmap390326$abc$387581$lut$aiger387580$13409.A[5]      1 73.1ms
                                    $techmap390050$abc$387581$lut$aiger387580$12681.A[2]      1 72.6ms
                                    $techmap390326$abc$387581$lut$aiger387580$13409.A[4]      1 71.6ms
                                    $techmap390408$abc$387581$lut$aiger387580$12883.A[4]      1 70.9ms
                                    $techmap389996$abc$387581$lut$aiger387580$15205.A[4]      1 70.8ms
                                    $techmap390022$abc$387581$lut$aiger387580$12504.A[4]      1 70.5ms
                                    $techmap389978$abc$387581$lut$aiger387580$15085.A[4]      1 69.9ms
                                    $techmap390047$abc$387581$lut$aiger387580$12666.A[3]      1 69.7ms
                                    $techmap389518$abc$387581$lut$aiger387580$13731.A[2]      1 69.3ms
                                    $techmap390157$abc$387581$lut$aiger387580$11645.A[3]      1 68.9ms
                                    $techmap390204$abc$387581$lut$aiger387580$15658.A[2]      1 68.5ms
                                    $techmap389641$abc$387581$lut$aiger387580$13846.A[4]      1 68.5ms
                                    $techmap390408$abc$387581$lut$aiger387580$12883.A[3]      1 68.2ms
                                    $techmap390252$abc$387581$lut$aiger387580$14847.A[3]      1 67.9ms
                                    $techmap390197$abc$387581$lut$aiger387580$15837.A[2]      1 67.8ms
                                    $techmap389494$abc$387581$lut$aiger387580$13596.A[3]      1 67.0ms
                                    $techmap390342$abc$387581$lut$aiger387580$14030.A[3]      1 66.8ms
                                    $techmap390209$abc$387581$lut$aiger387580$15697.A[3]      1 66.6ms
                                    $techmap390105$abc$387581$lut$aiger387580$14532.A[4]      1 66.6ms
                                    $techmap390024$abc$387581$lut$aiger387580$12514.A[4]      1 66.5ms
                                    $techmap389989$abc$387581$lut$aiger387580$15164.A[3]      1 66.5ms
                                    $techmap390414$abc$387581$lut$aiger387580$12928.A[3]      1 66.2ms
                                    $techmap390178$abc$387581$lut$aiger387580$15915.A[3]      1 66.1ms
                                    $techmap390243$abc$387581$lut$aiger387580$14776.A[4]      1 66.1ms
                                    $techmap390177$abc$387581$lut$aiger387580$15910.A[3]      1 65.9ms
                                    $techmap390308$abc$387581$lut$aiger387580$13300.A[3]      1 65.5ms
                                    $techmap390434$abc$387581$lut$aiger387580$13050.A[3]      1 65.5ms
                                    $techmap390209$abc$387581$lut$aiger387580$15697.A[4]      1 65.4ms
                                    $techmap390453$abc$387581$lut$aiger387580$18588.A[1]     69 65.4ms
                                    $techmap390332$abc$387581$lut$aiger387580$13963.A[3]      1 65.3ms
                                    $techmap389577$abc$387581$lut$aiger387580$12270.A[3]      1 65.0ms
                                    $techmap390201$abc$387581$lut$aiger387580$15631.A[4]      1 65.0ms
                                    $techmap390072$abc$387581$lut$aiger387580$14298.A[5]      1 65.0ms
                                    $techmap390267$abc$387581$lut$aiger387580$14934.A[2]      1 64.5ms
                                    $techmap389534$abc$387581$lut$aiger387580$13509.A[2]      1 64.4ms
                                    $techmap390368$abc$387581$lut$aiger387580$14200.A[2]      1 64.3ms
                                    $techmap390389$abc$387581$lut$aiger387580$12766.A[5]      1 64.3ms
                                                                              run_active     50 64.3ms
                                    $techmap390323$abc$387581$lut$aiger387580$13386.A[4]      1 64.1ms
                                    $techmap389918$abc$387581$lut$aiger387580$15330.A[4]      1 64.1ms
                                    $techmap390165$abc$387581$lut$aiger387580$11690.A[3]      1 63.8ms
                                    $techmap390179$abc$387581$lut$aiger387580$15933.A[3]      1 63.2ms
                                    $techmap390126$abc$387581$lut$aiger387580$11447.A[5]      1 63.1ms
                                    $techmap390159$abc$387581$lut$aiger387580$11655.A[3]      1 63.0ms
                                    $techmap390240$abc$387581$lut$aiger387580$14754.A[3]      1 62.7ms
                                    $techmap389998$abc$387581$lut$aiger387580$15215.A[4]      1 62.3ms
                                    $techmap390326$abc$387581$lut$aiger387580$13409.A[3]      1 61.6ms
                                    $techmap390191$abc$387581$lut$aiger387580$15793.A[2]      1 61.6ms
                                    $techmap390346$abc$387581$lut$aiger387580$14050.A[2]      1 61.6ms
                                    $techmap390346$abc$387581$lut$aiger387580$14050.A[3]      1 61.3ms
                                    $techmap390081$abc$387581$lut$aiger387580$14373.A[5]      1 61.3ms
                                    $techmap389796$abc$387581$lut$aiger387580$16913.A[3]      1 61.1ms
                                    $techmap390217$abc$387581$lut$aiger387580$15754.A[4]      1 61.1ms
                                    $techmap390107$abc$387581$lut$aiger387580$14542.A[4]      1 60.8ms
                                    $techmap390301$abc$387581$lut$aiger387580$13252.A[2]      1 60.7ms
                                    $techmap390081$abc$387581$lut$aiger387580$14373.A[4]      1 60.6ms
                                    $techmap390410$abc$387581$lut$aiger387580$12897.A[5]      1 60.4ms
                                    $techmap390032$abc$387581$lut$aiger387580$12563.A[4]      1 60.4ms
                                    $techmap389501$abc$387581$lut$aiger387580$13641.A[0]     74 60.3ms
                                    $techmap390192$abc$387581$lut$aiger387580$15802.A[5]      1 60.0ms
                                    $techmap390095$abc$387581$lut$aiger387580$14469.A[2]      1 59.7ms
                                    $techmap390219$abc$387581$lut$aiger387580$15767.A[2]      1 59.5ms
                                    $techmap390113$abc$387581$lut$aiger387580$14577.A[4]      1 59.3ms
                                    $techmap389494$abc$387581$lut$aiger387580$13596.A[4]      1 59.1ms
                                    $techmap390136$abc$387581$lut$aiger387580$11503.A[3]      1 59.0ms
                                    $techmap389981$abc$387581$lut$aiger387580$15107.A[5]      1 58.8ms
                                    $techmap390202$abc$387581$lut$aiger387580$15640.A[4]      1 58.8ms
                                    $techmap389584$abc$387581$lut$aiger387580$12311.A[3]      1 58.7ms
                                    $techmap390188$abc$387581$lut$aiger387580$15865.A[3]      1 58.6ms
                                    $techmap390436$abc$387581$lut$aiger387580$13068.A[3]      1 58.5ms
                                    $techmap389840$abc$387581$lut$aiger387580$16237.A[5]      1 58.3ms
                                    $techmap389743$abc$387581$lut$aiger387580$16382.A[3]      1 58.1ms
                                    $techmap390080$abc$387581$lut$aiger387580$14364.A[4]      1 57.8ms
                                    $techmap390050$abc$387581$lut$aiger387580$12681.A[3]      1 57.6ms
                                    $techmap390075$abc$387581$lut$aiger387580$14325.A[2]      1 57.3ms
                                    $techmap390293$abc$387581$lut$aiger387580$13195.A[5]      1 57.3ms
                                    $techmap389999$abc$387581$lut$aiger387580$15220.A[2]      1 57.2ms
                                    $techmap390332$abc$387581$lut$aiger387580$13963.A[4]      1 56.8ms
                                    $techmap390243$abc$387581$lut$aiger387580$14776.A[3]      1 56.7ms
                                    $techmap390025$abc$387581$lut$aiger387580$12519.A[3]      1 56.2ms
                                    $techmap390106$abc$387581$lut$aiger387580$14537.A[2]      1 55.6ms
                                    $techmap390248$abc$387581$lut$aiger387580$14811.A[2]      1 55.6ms
                                    $techmap390265$abc$387581$lut$aiger387580$14920.A[3]      1 55.5ms
                                    $techmap390257$abc$387581$lut$aiger387580$14869.A[2]      1 55.5ms
                                    $techmap390433$abc$387581$lut$aiger387580$13045.A[4]      1 55.4ms
                                    $techmap389527$abc$387581$lut$aiger387580$13463.A[5]      1 55.3ms
                                    $techmap390178$abc$387581$lut$aiger387580$15915.A[2]      1 55.2ms
                                    $techmap390108$abc$387581$lut$aiger387580$14547.A[3]      1 55.1ms
                                    $techmap390122$abc$387581$lut$aiger387580$11416.A[4]      1 55.0ms
                                    $techmap390266$abc$387581$lut$aiger387580$14925.A[2]      1 54.9ms
                                    $techmap389564$abc$387581$lut$aiger387580$12184.A[3]      1 54.9ms
                                    $techmap390037$abc$387581$lut$aiger387580$12603.A[2]      1 54.9ms
                                    $techmap390285$abc$387581$lut$aiger387580$13134.A[5]      1 54.7ms
                                    $techmap389575$abc$387581$lut$aiger387580$12257.A[2]      1 54.4ms
                                    $techmap389524$abc$387581$lut$aiger387580$13441.A[2]      1 54.3ms
                                    $techmap390134$abc$387581$lut$aiger387580$11493.A[3]      1 54.3ms
                                    $techmap389503$abc$387581$lut$aiger387580$13654.A[4]     42 54.3ms
                                    $techmap390154$abc$387581$lut$aiger387580$11629.A[4]      1 53.7ms
                                    $techmap390319$abc$387581$lut$aiger387580$13365.A[5]      1 53.5ms
                                    $techmap389832$abc$387581$lut$aiger387580$16016.A[4]      1 53.4ms
                                    $techmap389918$abc$387581$lut$aiger387580$15330.A[2]      1 53.4ms
                                    $techmap390353$abc$387581$lut$aiger387580$14085.A[2]      1 53.1ms
                                    $techmap389557$abc$387581$lut$aiger387580$12149.A[4]      1 53.1ms
                                    $techmap389500$abc$387581$lut$aiger387580$13640.A[1]     75 53.0ms
                                    $techmap389974$abc$387581$lut$aiger387580$15059.A[5]      1 53.0ms
                                    $techmap389981$abc$387581$lut$aiger387580$15107.A[3]      1 53.0ms
                                    $techmap390217$abc$387581$lut$aiger387580$15754.A[2]      1 52.6ms
                                    $techmap390334$abc$387581$lut$aiger387580$13981.A[3]      1 52.6ms
                                    $techmap390233$abc$387581$lut$aiger387580$14706.A[3]      1 52.5ms
                                    $techmap389689$abc$387581$lut$aiger387580$11253.A[2]      1 52.4ms
                                    $techmap390023$abc$387581$lut$aiger387580$12509.A[2]      1 52.2ms
                                    $techmap390219$abc$387581$lut$aiger387580$15767.A[3]      1 52.2ms
                                    $techmap390212$abc$387581$lut$aiger387580$15719.A[5]      1 52.1ms
                                    $techmap390410$abc$387581$lut$aiger387580$12897.A[2]      1 51.8ms
                                    $techmap390122$abc$387581$lut$aiger387580$11416.A[5]      1 51.8ms
                                    $techmap389681$abc$387581$lut$aiger387580$11203.A[5]      1 51.5ms
                                    $techmap390185$abc$387581$lut$aiger387580$15889.A[2]      1 51.5ms
                                    $techmap389999$abc$387581$lut$aiger387580$15220.A[3]      1 51.0ms
                                    $techmap390352$abc$387581$lut$aiger387580$14080.A[4]      1 50.9ms
                                    $techmap390137$abc$387581$lut$aiger387580$11512.A[2]      1 50.3ms
                                    $techmap389852$abc$387581$lut$aiger387580$16171.A[4]      1 50.1ms
                                    $techmap390285$abc$387581$lut$aiger387580$13134.A[4]      1 49.9ms
                                    $techmap389971$abc$387581$lut$aiger387580$15037.A[2]      1 49.8ms
                                    $techmap390243$abc$387581$lut$aiger387580$14776.A[2]      1 49.6ms
                                    $techmap389611$abc$387581$lut$aiger387580$10909.A[2]      1 49.3ms
                                    $techmap390323$abc$387581$lut$aiger387580$13386.A[3]      1 49.3ms
                                    $techmap390241$abc$387581$lut$aiger387580$14763.A[3]      1 49.3ms
                                    $techmap389994$abc$387581$lut$aiger387580$15195.A[3]      1 49.2ms
                                    $techmap390128$abc$387581$lut$aiger387580$11460.A[3]      1 49.1ms
                                    $techmap390426$abc$387581$lut$aiger387580$13005.A[2]      1 49.1ms
                                    $techmap390429$abc$387581$lut$aiger387580$13024.A[5]      1 48.9ms
                                    $techmap389989$abc$387581$lut$aiger387580$15164.A[5]      1 48.8ms
                                    $techmap389637$abc$387581$lut$aiger387580$13829.A[3]      1 48.6ms
                                    $techmap390030$abc$387581$lut$aiger387580$12549.A[4]      1 48.4ms
                                    $techmap389590$abc$387581$lut$aiger387580$12341.A[4]      1 48.3ms
                                    $techmap390225$abc$387581$lut$aiger387580$14640.A[2]      1 48.2ms
                                    $techmap390025$abc$387581$lut$aiger387580$12519.A[2]      1 48.1ms
                                    $techmap390201$abc$387581$lut$aiger387580$15631.A[2]      1 47.8ms
                                    $techmap390168$abc$387581$lut$aiger387580$11709.A[4]      1 47.6ms
                                    $techmap390109$abc$387581$lut$aiger387580$14556.A[2]      1 47.4ms
                                    $techmap390219$abc$387581$lut$aiger387580$15767.A[5]      1 47.1ms
                                    $techmap390267$abc$387581$lut$aiger387580$14934.A[3]      1 46.7ms
                                    $techmap390026$abc$387581$lut$aiger387580$12528.A[2]      1 46.7ms
                                    $techmap389765$abc$387581$lut$aiger387580$15964.A[3]      1 46.7ms
                                    $techmap390049$abc$387581$lut$aiger387580$12676.A[3]      1 46.6ms
                                    $techmap390300$abc$387581$lut$aiger387580$13243.A[3]      1 46.5ms
                                    $techmap389527$abc$387581$lut$aiger387580$13463.A[2]      1 46.4ms
                                    $techmap390162$abc$387581$lut$aiger387580$11674.A[3]      1 46.3ms
                                    $techmap390191$abc$387581$lut$aiger387580$15793.A[3]      1 46.3ms
                                    $techmap390304$abc$387581$lut$aiger387580$13269.A[3]      1 46.2ms
                                    $techmap390000$abc$387581$lut$aiger387580$15229.A[5]      1 46.2ms
                                    $techmap390233$abc$387581$lut$aiger387580$14706.A[2]      1 46.1ms
                                    $techmap390315$abc$387581$lut$aiger387580$13341.A[3]      1 46.0ms
                                    $techmap390319$abc$387581$lut$aiger387580$13365.A[2]      1 45.9ms
                                    $techmap390113$abc$387581$lut$aiger387580$14577.A[3]      1 45.9ms
                                    $techmap390166$abc$387581$lut$aiger387580$11695.A[4]      1 45.9ms
                                    $techmap389746$abc$387581$lut$aiger387580$16364.A[2]      1 45.7ms
                                    $techmap390370$abc$387581$lut$aiger387580$14209.A[3]      1 45.6ms
                                    $techmap390400$abc$387581$lut$aiger387580$12838.A[3]      1 45.5ms
                                    $techmap390109$abc$387581$lut$aiger387580$14556.A[5]      1 45.3ms
                                    $techmap389986$abc$387581$lut$aiger387580$15142.A[4]      1 44.9ms
                                    $techmap390051$abc$387581$lut$aiger387580$12690.A[2]      1 44.8ms
                                    $techmap389662$abc$387581$lut$aiger387580$11088.A[3]      1 44.4ms
                                    $techmap389494$abc$387581$lut$aiger387580$13596.A[5]      1 44.4ms
                                         $techmap390664$abc$387581$lut$aiger$o11588.A[2]     41 44.2ms
                  $techmap388990$auto$abc_ops_reintegrate.cc:611:reintegrate$387816.A[1]     57 44.1ms
                                    $techmap389972$abc$387581$lut$aiger387580$15046.A[3]      1 44.0ms
                                    $techmap390404$abc$387581$lut$aiger387580$12862.A[5]      1 43.9ms
                                             $techmap230427$auto$ff.cc:337:slice$85276.D    116 43.7ms
                                    $techmap390305$abc$387581$lut$aiger387580$13278.A[2]      1 43.4ms
                                    $techmap389585$abc$387581$lut$aiger387580$12316.A[2]      1 43.3ms
                                    $techmap390167$abc$387581$lut$aiger387580$11700.A[2]      1 43.2ms
                                    $techmap390087$abc$387581$lut$aiger387580$14412.A[3]      1 43.2ms
                                    $techmap390137$abc$387581$lut$aiger387580$11512.A[4]      1 43.1ms
                                    $techmap390241$abc$387581$lut$aiger387580$14763.A[2]      1 43.1ms
                                    $techmap390132$abc$387581$lut$aiger387580$11483.A[3]      1 43.1ms
                                    $techmap389956$abc$387581$lut$aiger387580$15596.A[5]      1 43.1ms
                                    $techmap390078$abc$387581$lut$aiger387580$14349.A[2]      1 42.9ms
                                    $techmap390410$abc$387581$lut$aiger387580$12897.A[3]      1 42.7ms
                                    $techmap389829$abc$387581$lut$aiger387580$15982.A[3]      1 42.7ms
                                    $techmap390371$abc$387581$lut$aiger387580$14214.A[2]      1 42.6ms
                                    $techmap390267$abc$387581$lut$aiger387580$14934.A[5]      1 42.1ms
                                    $techmap390228$abc$387581$lut$aiger387580$14667.A[5]      1 42.1ms
                                    $techmap390209$abc$387581$lut$aiger387580$15697.A[2]      1 42.0ms
                                    $techmap389574$abc$387581$lut$aiger387580$12248.A[2]      1 42.0ms
                                    $techmap390389$abc$387581$lut$aiger387580$12766.A[2]      1 42.0ms
                                    $techmap390354$abc$387581$lut$aiger387580$14094.A[2]      1 41.8ms
                                    $techmap390316$abc$387581$lut$aiger387580$13346.A[3]      1 41.7ms
                                    $techmap390072$abc$387581$lut$aiger387580$14298.A[3]      1 41.6ms
                                    $techmap389564$abc$387581$lut$aiger387580$12184.A[2]      1 41.4ms
                                    $techmap390252$abc$387581$lut$aiger387580$14847.A[5]      1 41.2ms
                                    $techmap389534$abc$387581$lut$aiger387580$13509.A[4]      1 41.1ms
                                    $techmap389665$abc$387581$lut$aiger387580$11110.A[3]      1 41.1ms
                                    $techmap389577$abc$387581$lut$aiger387580$12270.A[2]      1 41.0ms
                                    $techmap390377$abc$387581$lut$aiger387580$14247.A[3]      1 40.8ms
                                    $techmap390433$abc$387581$lut$aiger387580$13045.A[3]      1 40.8ms
                                    $techmap390024$abc$387581$lut$aiger387580$12514.A[3]      1 40.8ms
                                    $techmap390316$abc$387581$lut$aiger387580$13346.A[2]      1 40.6ms
                                    $techmap390297$abc$387581$lut$aiger387580$13221.A[5]      1 40.5ms
                                    $techmap390358$abc$387581$lut$aiger387580$14125.A[3]      1 40.3ms
                                    $techmap390026$abc$387581$lut$aiger387580$12528.A[5]      1 40.3ms
                                    $techmap390324$abc$387581$lut$aiger387580$13391.A[2]      1 40.3ms
                                    $techmap389536$abc$387581$lut$aiger387580$13527.A[2]      1 40.2ms
                                    $techmap390311$abc$387581$lut$aiger387580$13320.A[3]      1 40.0ms
                                    $techmap390436$abc$387581$lut$aiger387580$13068.A[2]      1 39.7ms
                                    $techmap390390$abc$387581$lut$aiger387580$12775.A[3]      1 39.5ms
                                    $techmap390075$abc$387581$lut$aiger387580$14325.A[5]      1 39.5ms
                                    $techmap390012$abc$387581$lut$aiger387580$12441.A[3]      1 39.5ms
                                    $techmap389742$abc$387581$lut$aiger387580$16400.A[4]      1 39.3ms
                                    $techmap389636$abc$387581$lut$aiger387580$13824.A[3]      1 39.1ms
                                    $techmap389500$abc$387581$lut$aiger387580$13640.A[3]      1 39.0ms
                                    $techmap390203$abc$387581$lut$aiger387580$15649.A[5]      1 39.0ms
                                    $techmap390204$abc$387581$lut$aiger387580$15658.A[5]      1 38.9ms
                                    $techmap390361$abc$387581$lut$aiger387580$14147.A[3]      1 38.9ms
                                    $techmap389964$abc$387581$lut$aiger387580$14980.A[2]      1 38.7ms
                                    $techmap390125$abc$387581$lut$aiger387580$11438.A[4]      1 38.5ms
                                    $techmap390341$abc$387581$lut$aiger387580$14025.A[3]      1 38.5ms
                                    $techmap390142$abc$387581$lut$aiger387580$11538.A[2]      1 38.4ms
                                    $techmap389559$abc$387581$lut$aiger387580$12159.A[4]      1 38.4ms
                                    $techmap389985$abc$387581$lut$aiger387580$15133.A[2]      1 38.3ms
                                    $techmap389772$abc$387581$lut$aiger387580$16727.A[5]      1 37.9ms
                                    $techmap390162$abc$387581$lut$aiger387580$11674.A[5]      1 37.9ms
                                    $techmap389562$abc$387581$lut$aiger387580$12174.A[3]      1 37.9ms
                                    $techmap389575$abc$387581$lut$aiger387580$12257.A[5]      1 37.8ms
                                    $techmap390285$abc$387581$lut$aiger387580$13134.A[3]      1 37.7ms
                                    $techmap390225$abc$387581$lut$aiger387580$14640.A[4]      1 37.6ms
                                    $techmap389575$abc$387581$lut$aiger387580$12257.A[4]      1 37.5ms
                                             $techmap230486$auto$ff.cc:337:slice$85217.D     67 37.4ms
                                    $techmap390368$abc$387581$lut$aiger387580$14200.A[4]      1 37.2ms
                                    $techmap390000$abc$387581$lut$aiger387580$15229.A[4]      1 37.1ms
                                    $techmap390189$abc$387581$lut$aiger387580$15870.A[2]      1 37.0ms
                                    $techmap390396$abc$387581$lut$aiger387580$12817.A[4]      1 36.9ms
                                    $techmap390305$abc$387581$lut$aiger387580$13278.A[3]      1 36.9ms
                                    $techmap390335$abc$387581$lut$aiger387580$13990.A[5]      1 36.8ms
                                    $techmap390204$abc$387581$lut$aiger387580$15658.A[3]      1 36.3ms
                                    $techmap390077$abc$387581$lut$aiger387580$14343.A[4]      1 36.2ms
                                    $techmap390081$abc$387581$lut$aiger387580$14373.A[2]      1 36.0ms
                                    $techmap390435$abc$387581$lut$aiger387580$13059.A[4]      1 36.0ms
                                    $techmap389965$abc$387581$lut$aiger387580$14989.A[2]      1 35.9ms
                                    $techmap389847$abc$387581$lut$aiger387580$16153.A[3]      1 35.9ms
                                    $techmap390287$abc$387581$lut$aiger387580$13152.A[3]      1 35.8ms
                                    $techmap390095$abc$387581$lut$aiger387580$14469.A[4]      1 35.7ms
                                    $techmap390161$abc$387581$lut$aiger387580$11665.A[2]      1 35.6ms
                                    $techmap390290$abc$387581$lut$aiger387580$13173.A[5]      1 35.5ms
                                    $techmap390185$abc$387581$lut$aiger387580$15889.A[5]      1 35.1ms
                                    $techmap390263$abc$387581$lut$aiger387580$14910.A[3]      1 35.0ms
                                    $techmap390429$abc$387581$lut$aiger387580$13024.A[2]      1 35.0ms
                                    $techmap389534$abc$387581$lut$aiger387580$13509.A[3]      1 34.9ms
                                    $techmap389614$abc$387581$lut$aiger387580$10936.A[3]      1 34.9ms
                                    $techmap389966$abc$387581$lut$aiger387580$14998.A[4]      1 34.6ms
                                    $techmap390361$abc$387581$lut$aiger387580$14147.A[2]      1 34.3ms
                                    $techmap390051$abc$387581$lut$aiger387580$12690.A[3]      1 34.3ms
                                    $techmap390015$abc$387581$lut$aiger387580$12463.A[4]      1 34.3ms
                                    $techmap389526$abc$387581$lut$aiger387580$13454.A[2]      1 34.3ms
                                    $techmap390380$abc$387581$lut$aiger387580$14266.A[4]      1 34.2ms
                                    $techmap390166$abc$387581$lut$aiger387580$11695.A[3]      1 34.1ms
                                    $techmap389743$abc$387581$lut$aiger387580$16382.A[5]      1 33.8ms
                                    $techmap390179$abc$387581$lut$aiger387580$15933.A[2]      1 33.7ms
                                    $techmap390207$abc$387581$lut$aiger387580$15682.A[4]      1 33.7ms
                                    $techmap390143$abc$387581$lut$aiger387580$11547.A[3]      1 33.6ms
                                                                                 tx_busy     75 33.4ms
                                    $techmap389981$abc$387581$lut$aiger387580$15107.A[2]      1 33.0ms
                                    $techmap390192$abc$387581$lut$aiger387580$15802.A[4]      1 33.0ms
                                    $techmap390032$abc$387581$lut$aiger387580$12563.A[2]      1 32.9ms
                                    $techmap390122$abc$387581$lut$aiger387580$11416.A[2]      1 32.8ms
                                    $techmap389591$abc$387581$lut$aiger387580$12346.A[3]      1 32.7ms
                                    $techmap390315$abc$387581$lut$aiger387580$13341.A[4]      1 32.6ms
                                    $techmap390300$abc$387581$lut$aiger387580$13243.A[2]      1 32.5ms
                                    $techmap390371$abc$387581$lut$aiger387580$14214.A[3]      1 32.3ms
                                    $techmap390020$abc$387581$lut$aiger387580$12494.A[4]      1 32.3ms
                                    $techmap389858$abc$387581$lut$aiger387580$11746.A[3]      1 32.2ms
                                    $techmap390414$abc$387581$lut$aiger387580$12928.A[2]      1 32.2ms
                                    $techmap390257$abc$387581$lut$aiger387580$14869.A[3]      1 32.1ms
                                    $techmap390179$abc$387581$lut$aiger387580$15933.A[5]      1 32.0ms
                                    $techmap390074$abc$387581$lut$aiger387580$14316.A[5]      1 32.0ms
                                    $techmap389536$abc$387581$lut$aiger387580$13527.A[3]      1 32.0ms
                                    $techmap390325$abc$387581$lut$aiger387580$13400.A[2]      1 31.9ms
                                    $techmap390039$abc$387581$lut$aiger387580$12616.A[4]      1 31.9ms
                                    $techmap390105$abc$387581$lut$aiger387580$14532.A[3]      1 31.9ms
                                    $techmap390049$abc$387581$lut$aiger387580$12676.A[4]      1 31.9ms
                                    $techmap389665$abc$387581$lut$aiger387580$11110.A[2]      1 31.5ms
                                    $techmap390109$abc$387581$lut$aiger387580$14556.A[4]      1 31.5ms
                                    $techmap389974$abc$387581$lut$aiger387580$15059.A[4]      1 31.4ms
                                    $techmap390361$abc$387581$lut$aiger387580$14147.A[5]      1 31.3ms
                                    $techmap389630$abc$387581$lut$aiger387580$13788.A[5]      1 31.3ms
                                    $techmap390367$abc$387581$lut$aiger387580$14191.A[3]      1 31.3ms
                                    $techmap389942$abc$387581$lut$aiger387580$15516.A[4]      1 31.1ms
                                    $techmap390151$abc$387581$lut$aiger387580$11609.A[3]      1 31.1ms
                                    $techmap390436$abc$387581$lut$aiger387580$13068.A[5]      1 31.0ms
                                    $techmap390300$abc$387581$lut$aiger387580$13243.A[4]      1 30.9ms
                                    $techmap390282$abc$387581$lut$aiger387580$13107.A[5]      1 30.9ms
                                    $techmap390030$abc$387581$lut$aiger387580$12549.A[3]      1 30.8ms
                                    $techmap389756$abc$387581$lut$aiger387580$16466.A[3]      1 30.7ms
                                                                 $abc$387581$aiger$o1585      8 30.7ms
                                    $techmap389585$abc$387581$lut$aiger387580$12316.A[3]      1 30.6ms
                                    $techmap390100$abc$387581$lut$aiger387580$14504.A[2]      1 30.6ms
                                    $techmap389502$abc$387581$lut$aiger387580$13648.A[5]      1 30.2ms
                                    $techmap390333$abc$387581$lut$aiger387580$13972.A[3]      1 30.2ms
                                    $techmap389542$abc$387581$lut$aiger387580$13576.A[5]      1 30.2ms
                                    $techmap390343$abc$387581$lut$aiger387580$14035.A[4]      1 30.0ms
                                    $techmap390104$abc$387581$lut$aiger387580$14527.A[2]      1 29.9ms
                                    $techmap390188$abc$387581$lut$aiger387580$15865.A[4]      1 29.9ms
                                    $techmap390055$abc$387581$lut$aiger387580$12711.A[3]      1 29.9ms
                                    $techmap390176$abc$387581$lut$aiger387580$15924.A[4]      1 29.8ms
                                    $techmap390240$abc$387581$lut$aiger387580$14754.A[2]      1 29.8ms
                                    $techmap390334$abc$387581$lut$aiger387580$13981.A[4]      1 29.8ms
                                    $techmap389864$abc$387581$lut$aiger387580$11787.A[3]      1 29.5ms
                                    $techmap389731$abc$387581$lut$aiger387580$16567.A[4]      1 29.5ms
                                    $techmap390216$abc$387581$lut$aiger387580$15745.A[2]      1 29.5ms
                                    $techmap390081$abc$387581$lut$aiger387580$14373.A[3]      1 29.4ms
                                          $techmap390536$abc$387581$lut$aiger$o9372.A[1]     56 29.3ms
                                    $techmap390088$abc$387581$lut$aiger387580$14421.A[3]      1 29.3ms
                                    $techmap390308$abc$387581$lut$aiger387580$13300.A[5]      1 29.2ms
                                    $techmap390376$abc$387581$lut$aiger387580$14242.A[3]      1 29.1ms
                                    $techmap390144$abc$387581$lut$aiger387580$11556.A[5]      1 29.0ms
                                    $techmap390114$abc$387581$lut$aiger387580$14582.A[2]      1 28.7ms
                                    $techmap390284$abc$387581$lut$aiger387580$13125.A[2]      1 28.6ms
                                    $techmap389668$abc$387581$lut$aiger387580$11132.A[3]      1 28.6ms
                                    $techmap389994$abc$387581$lut$aiger387580$15195.A[4]      1 28.6ms
                                    $techmap389652$abc$387581$lut$aiger387580$13902.A[4]      1 28.4ms
                                    $techmap389529$abc$387581$lut$aiger387580$13472.A[4]      1 28.3ms
                                    $techmap390414$abc$387581$lut$aiger387580$12928.A[4]      1 28.3ms
                                    $techmap390308$abc$387581$lut$aiger387580$13300.A[4]      1 28.1ms
                                    $techmap389558$abc$387581$lut$aiger387580$12154.A[3]      1 27.9ms
                                    $techmap390361$abc$387581$lut$aiger387580$14147.A[4]      1 27.9ms
                                    $techmap390150$abc$387581$lut$aiger387580$11600.A[5]      1 27.9ms
                                    $techmap389666$abc$387581$lut$aiger387580$11119.A[3]      1 27.8ms
                                    $techmap389641$abc$387581$lut$aiger387580$13846.A[3]      1 27.8ms
                                    $techmap390324$abc$387581$lut$aiger387580$13391.A[3]      1 27.7ms
                                    $techmap390150$abc$387581$lut$aiger387580$11600.A[4]      1 27.7ms
                                    $techmap390377$abc$387581$lut$aiger387580$14247.A[2]      1 27.6ms
                                    $techmap390415$abc$387581$lut$aiger387580$12937.A[2]      1 27.6ms
                                    $techmap389568$abc$387581$lut$aiger387580$12204.A[4]      1 27.6ms
                                    $techmap388892$abc$387581$lut$aiger387580$10776.A[2]     39 27.6ms
                                    $techmap390230$abc$387581$lut$aiger387580$14685.A[2]      1 27.5ms
                                    $techmap389657$abc$387581$lut$aiger387580$13938.A[4]      1 27.3ms
                                    $techmap390368$abc$387581$lut$aiger387580$14200.A[3]      1 27.3ms
                                    $techmap390284$abc$387581$lut$aiger387580$13125.A[5]      1 27.3ms
                                    $techmap390260$abc$387581$lut$aiger387580$14888.A[4]      1 27.3ms
                                    $techmap389918$abc$387581$lut$aiger387580$15330.A[5]      1 27.3ms
                                    $techmap389975$abc$387581$lut$aiger387580$15068.A[2]      1 27.2ms
                                    $techmap390228$abc$387581$lut$aiger387580$14667.A[4]      1 27.2ms
                                    $techmap390054$abc$387581$lut$aiger387580$12706.A[2]      1 27.2ms
                                    $techmap389590$abc$387581$lut$aiger387580$12341.A[3]      1 27.2ms
                                    $techmap390114$abc$387581$lut$aiger387580$14582.A[3]      1 27.1ms
                                    $techmap390151$abc$387581$lut$aiger387580$11609.A[5]      1 27.1ms
                                    $techmap390133$abc$387581$lut$aiger387580$11488.A[4]      1 26.9ms
                                    $techmap389841$abc$387581$lut$aiger387580$16246.A[4]      1 26.9ms
                                    $techmap389618$abc$387581$lut$aiger387580$10957.A[2]      1 26.8ms
                                    $techmap389553$abc$387581$lut$aiger387580$12127.A[3]      1 26.7ms
                                    $techmap390304$abc$387581$lut$aiger387580$13269.A[2]      1 26.6ms
                                    $techmap389578$abc$387581$lut$aiger387580$12279.A[3]      1 26.6ms
                                    $techmap390414$abc$387581$lut$aiger387580$12928.A[5]      1 26.5ms
                                    $techmap389727$abc$387581$lut$aiger387580$16585.A[3]      1 26.5ms
                                    $techmap390368$abc$387581$lut$aiger387580$14200.A[5]      1 26.3ms
                                    $techmap390335$abc$387581$lut$aiger387580$13990.A[2]      1 26.3ms
                                    $techmap389613$abc$387581$lut$aiger387580$10927.A[4]      1 26.3ms
                                    $techmap390409$abc$387581$lut$aiger387580$12888.A[3]      1 26.2ms
                                    $techmap390267$abc$387581$lut$aiger387580$14934.A[4]      1 26.1ms
                                    $techmap389831$abc$387581$lut$aiger387580$16009.A[5]      1 26.0ms
                                    $techmap389553$abc$387581$lut$aiger387580$12127.A[4]      1 25.9ms
                                    $techmap390325$abc$387581$lut$aiger387580$13400.A[4]      1 25.6ms
                                    $techmap389686$abc$387581$lut$aiger387580$11235.A[5]      1 25.6ms
                                    $techmap389716$abc$387581$lut$aiger387580$16634.A[2]      1 25.5ms
                                    $techmap390109$abc$387581$lut$aiger387580$14556.A[3]      1 25.4ms
                                    $techmap389861$abc$387581$lut$aiger387580$11765.A[2]      1 25.2ms
                                    $techmap390006$abc$387581$lut$aiger387580$15272.A[4]      1 25.1ms
                                    $techmap389681$abc$387581$lut$aiger387580$11203.A[2]      1 25.1ms
                  $techmap389068$auto$abc_ops_reintegrate.cc:611:reintegrate$387805.A[1]     67 25.0ms
                                    $techmap390344$abc$387581$lut$aiger387580$14040.A[2]      1 24.9ms
                                    $techmap390415$abc$387581$lut$aiger387580$12937.A[4]      1 24.9ms
                                    $techmap390293$abc$387581$lut$aiger387580$13195.A[4]      1 24.9ms
                                    $techmap390343$abc$387581$lut$aiger387580$14035.A[3]      1 24.9ms
                                    $techmap388899$abc$387581$lut$aiger387580$10791.A[2]     35 24.8ms
                                    $techmap390212$abc$387581$lut$aiger387580$15719.A[4]      1 24.8ms
                                    $techmap390240$abc$387581$lut$aiger387580$14754.A[4]      1 24.5ms
                                    $techmap390043$abc$387581$lut$aiger387580$12645.A[5]      1 24.4ms
                                    $techmap389847$abc$387581$lut$aiger387580$16153.A[5]      1 24.4ms
                                    $techmap390116$abc$387581$lut$aiger387580$14600.A[2]      1 24.4ms
                                    $techmap389733$abc$387581$lut$aiger387580$16549.A[2]      1 24.4ms
                                    $techmap390042$abc$387581$lut$aiger387580$12638.A[5]      1 24.3ms
                                    $techmap389699$abc$387581$lut$aiger387580$11330.A[2]      1 24.1ms
                                    $techmap390337$abc$387581$lut$aiger387580$14008.A[4]      1 23.9ms
                                    $techmap390217$abc$387581$lut$aiger387580$15754.A[3]      1 23.9ms
                                         $techmap391299$abc$387581$lut$aiger$o15023.A[3]     54 23.8ms
                                    $techmap389796$abc$387581$lut$aiger387580$16913.A[2]      1 23.7ms
                                    $techmap388953$abc$387581$lut$aiger387580$10440.A[1]     19 23.7ms
                                    $techmap390040$abc$387581$lut$aiger387580$12625.A[4]      1 23.6ms
                                    $techmap390015$abc$387581$lut$aiger387580$12463.A[3]      1 23.6ms
                                    $techmap390258$abc$387581$lut$aiger387580$14874.A[3]      1 23.5ms
                                    $techmap390158$abc$387581$lut$aiger387580$11650.A[4]      1 23.5ms
                                    $techmap390353$abc$387581$lut$aiger387580$14085.A[3]      1 23.5ms
                                    $techmap389553$abc$387581$lut$aiger387580$12127.A[2]      1 23.5ms
                                    $techmap389557$abc$387581$lut$aiger387580$12149.A[3]      1 23.1ms
                                    $techmap390332$abc$387581$lut$aiger387580$13963.A[5]      1 23.1ms
                                    $techmap390176$abc$387581$lut$aiger387580$15924.A[3]      1 23.0ms
                                    $techmap389727$abc$387581$lut$aiger387580$16585.A[2]      1 23.0ms
                                    $techmap390418$abc$387581$lut$aiger387580$12959.A[2]      1 22.9ms
                                    $techmap389732$abc$387581$lut$aiger387580$16540.A[3]      1 22.8ms
                                    $techmap389773$abc$387581$lut$aiger387580$16709.A[4]      1 22.7ms
                                    $techmap390362$abc$387581$lut$aiger387580$14156.A[3]      1 22.6ms
                                    $techmap390236$abc$387581$lut$aiger387580$14728.A[2]      1 22.6ms
                                    $techmap390080$abc$387581$lut$aiger387580$14364.A[2]      1 22.5ms
                                    $techmap390098$abc$387581$lut$aiger387580$14491.A[4]      1 22.3ms
                                    $techmap389692$abc$387581$lut$aiger387580$11280.A[5]      1 22.2ms
                                    $techmap390227$abc$387581$lut$aiger387580$14658.A[3]      1 22.2ms
                                    $techmap390012$abc$387581$lut$aiger387580$12441.A[2]      1 22.2ms
                                    $techmap390290$abc$387581$lut$aiger387580$13173.A[3]      1 22.2ms
                                    $techmap390332$abc$387581$lut$aiger387580$13963.A[2]      1 22.2ms
                                    $techmap390074$abc$387581$lut$aiger387580$14316.A[4]      1 22.1ms
                                    $techmap390144$abc$387581$lut$aiger387580$11556.A[2]      1 21.9ms
                                    $techmap390216$abc$387581$lut$aiger387580$15745.A[5]      1 21.9ms
                                    $techmap390083$abc$387581$lut$aiger387580$14386.A[5]      1 21.8ms
                                    $techmap390169$abc$387581$lut$aiger387580$11718.A[3]      1 21.8ms
                                    $techmap389562$abc$387581$lut$aiger387580$12174.A[2]      1 21.7ms
                                    $techmap389916$abc$387581$lut$aiger387580$15312.A[3]      1 21.6ms
                                    $techmap389985$abc$387581$lut$aiger387580$15133.A[3]      1 21.6ms
                                    $techmap389765$abc$387581$lut$aiger387580$15964.A[2]      1 21.6ms
                                    $techmap390047$abc$387581$lut$aiger387580$12666.A[4]      1 21.6ms
                                    $techmap389606$abc$387581$lut$aiger387580$10864.A[4]      1 21.6ms
                                    $techmap390389$abc$387581$lut$aiger387580$12766.A[3]      1 21.6ms
                                    $techmap390236$abc$387581$lut$aiger387580$14728.A[5]      1 21.6ms
                                    $techmap390209$abc$387581$lut$aiger387580$15697.A[5]      1 21.5ms
                                    $techmap389968$abc$387581$lut$aiger387580$15016.A[4]      1 21.5ms
                                    $techmap389965$abc$387581$lut$aiger387580$14989.A[4]      1 21.5ms
                                    $techmap390135$abc$387581$lut$aiger387580$11498.A[4]      1 21.4ms
                                    $techmap389772$abc$387581$lut$aiger387580$16727.A[4]      1 21.4ms
                                    $techmap390100$abc$387581$lut$aiger387580$14504.A[4]      1 21.4ms
                                    $techmap390134$abc$387581$lut$aiger387580$11493.A[2]      1 21.3ms
                                    $techmap389495$abc$387581$lut$aiger387580$13605.A[4]      1 21.3ms
                                    $techmap390228$abc$387581$lut$aiger387580$14667.A[3]      1 21.2ms
                                    $techmap390227$abc$387581$lut$aiger387580$14658.A[5]      1 21.2ms
                                    $techmap390230$abc$387581$lut$aiger387580$14685.A[3]      1 21.2ms
                                    $techmap390401$abc$387581$lut$aiger387580$12843.A[2]      1 21.1ms
                                    $techmap390167$abc$387581$lut$aiger387580$11700.A[3]      1 21.1ms
                                    $techmap389892$abc$387581$lut$aiger387580$11949.A[3]      1 21.1ms
                                    $techmap389732$abc$387581$lut$aiger387580$16540.A[5]      1 20.9ms
                                                                                 uart.tx      1 20.9ms
                                    $techmap389665$abc$387581$lut$aiger387580$11110.A[5]      1 20.8ms
                                    $techmap390389$abc$387581$lut$aiger387580$12766.A[4]      1 20.8ms
                                    $techmap389505$abc$387581$lut$aiger387580$13664.A[2]      1 20.8ms
                                    $techmap389597$abc$387581$lut$aiger387580$12382.A[5]      1 20.8ms
                                    $techmap389920$abc$387581$lut$aiger387580$15348.A[3]      1 20.7ms
                                    $techmap389773$abc$387581$lut$aiger387580$16709.A[3]      1 20.7ms
                                    $techmap389702$abc$387581$lut$aiger387580$11343.A[2]      1 20.6ms
                                    $techmap390036$abc$387581$lut$aiger387580$12594.A[3]      1 20.6ms
                                    $techmap390425$abc$387581$lut$aiger387580$13000.A[4]      1 20.5ms
                                    $techmap390078$abc$387581$lut$aiger387580$14349.A[3]      1 20.5ms
                                    $techmap390158$abc$387581$lut$aiger387580$11650.A[3]      1 20.4ms
                                    $techmap390156$abc$387581$lut$aiger387580$11640.A[3]      1 20.4ms
                                    $techmap390259$abc$387581$lut$aiger387580$14879.A[2]      1 20.4ms
                                    $techmap389792$abc$387581$lut$aiger387580$16871.A[2]      1 20.4ms
                                    $techmap390293$abc$387581$lut$aiger387580$13195.A[3]      1 20.3ms
                                    $techmap389829$abc$387581$lut$aiger387580$15982.A[5]      1 20.2ms
                                    $techmap390421$abc$387581$lut$aiger387580$12979.A[5]      1 20.2ms
                                    $techmap390362$abc$387581$lut$aiger387580$14156.A[2]      1 20.1ms
                                    $techmap390300$abc$387581$lut$aiger387580$13243.A[5]      1 20.1ms
                                    $techmap390097$abc$387581$lut$aiger387580$14482.A[5]      1 19.9ms
                                    $techmap389742$abc$387581$lut$aiger387580$16400.A[3]      1 19.8ms
                  $techmap389091$auto$abc_ops_reintegrate.cc:611:reintegrate$387791.A[4]     27 19.7ms
                                    $techmap390335$abc$387581$lut$aiger387580$13990.A[3]      1 19.6ms
                                    $techmap389971$abc$387581$lut$aiger387580$15037.A[4]      1 19.6ms
                                    $techmap390090$abc$387581$lut$aiger387580$14434.A[3]      1 19.6ms
                                    $techmap389533$abc$387581$lut$aiger387580$13500.A[3]      1 19.5ms
                                    $techmap389678$abc$387581$lut$aiger387580$11184.A[4]      1 19.4ms
                                    $techmap390198$abc$387581$lut$aiger387580$15844.A[5]      1 19.4ms
                                    $techmap390057$abc$387581$lut$aiger387580$12725.A[3]      1 19.4ms
                                    $techmap390156$abc$387581$lut$aiger387580$11640.A[4]      1 19.3ms
                                    $techmap390334$abc$387581$lut$aiger387580$13981.A[2]      1 19.3ms
                                    $techmap389691$abc$387581$lut$aiger387580$11271.A[5]      1 19.2ms
                                    $techmap389678$abc$387581$lut$aiger387580$11184.A[3]      1 19.2ms
                                    $techmap389685$abc$387581$lut$aiger387580$11226.A[2]      1 19.2ms
                                    $techmap390037$abc$387581$lut$aiger387580$12603.A[5]      1 19.1ms
                                    $techmap390247$abc$387581$lut$aiger387580$14802.A[5]      1 19.0ms
                                    $techmap390362$abc$387581$lut$aiger387580$14156.A[5]      1 19.0ms
                                    $techmap389569$abc$387581$lut$aiger387580$12209.A[3]      1 18.9ms
                                    $techmap390159$abc$387581$lut$aiger387580$11655.A[2]      1 18.8ms
                                    $techmap390212$abc$387581$lut$aiger387580$15719.A[2]      1 18.8ms
                                    $techmap389730$abc$387581$lut$aiger387580$16558.A[5]      1 18.8ms
                                    $techmap390095$abc$387581$lut$aiger387580$14469.A[5]      1 18.6ms
                                    $techmap390404$abc$387581$lut$aiger387580$12862.A[4]      1 18.6ms
                                    $techmap390401$abc$387581$lut$aiger387580$12843.A[3]      1 18.6ms
                                    $techmap389963$abc$387581$lut$aiger387580$14971.A[5]      1 18.5ms
                                    $techmap389978$abc$387581$lut$aiger387580$15085.A[5]      1 18.5ms
                                    $techmap389612$abc$387581$lut$aiger387580$10918.A[5]      1 18.5ms
                                                                 $abc$387581$aiger$o1701      8 18.4ms
                                    $techmap390191$abc$387581$lut$aiger387580$15793.A[5]      1 18.4ms
                                    $techmap389769$abc$387581$lut$aiger387580$16751.A[3]      1 18.3ms
                                    $techmap389548$abc$387581$lut$aiger387580$12085.A[3]      1 18.3ms
                                    $techmap390095$abc$387581$lut$aiger387580$14469.A[3]      1 18.2ms
                                    $techmap390354$abc$387581$lut$aiger387580$14094.A[4]      1 18.2ms
                                    $techmap390367$abc$387581$lut$aiger387580$14191.A[4]      1 18.1ms
                                    $techmap389611$abc$387581$lut$aiger387580$10909.A[4]      1 18.1ms
                                    $techmap389624$abc$387581$lut$aiger387580$10993.A[2]      1 18.1ms
                                    $techmap389595$abc$387581$lut$aiger387580$12370.A[2]      1 18.1ms
                                    $techmap388953$abc$387581$lut$aiger387580$10440.A[0]     20 18.0ms
                                    $techmap390128$abc$387581$lut$aiger387580$11460.A[4]      1 17.9ms
                                    $techmap389916$abc$387581$lut$aiger387580$15312.A[2]      1 17.9ms
                                    $techmap390017$abc$387581$lut$aiger387580$12476.A[3]      1 17.9ms
                                $abc$387581$auto$simple.cc:210:make_patterns_logic$52065     32 17.9ms
                                    $techmap390325$abc$387581$lut$aiger387580$13400.A[3]      1 17.8ms
                                    $techmap389889$abc$387581$lut$aiger387580$11927.A[5]      1 17.8ms
                                    $techmap389935$abc$387581$lut$aiger387580$15465.A[3]      1 17.8ms
                                    $techmap390241$abc$387581$lut$aiger387580$14763.A[4]      1 17.7ms
                                    $techmap389689$abc$387581$lut$aiger387580$11253.A[5]      1 17.7ms
                                    $techmap390284$abc$387581$lut$aiger387580$13125.A[4]      1 17.6ms
                                    $techmap390197$abc$387581$lut$aiger387580$15837.A[3]      1 17.6ms
                                    $techmap390021$abc$387581$lut$aiger387580$12499.A[2]      1 17.6ms
                                    $techmap390354$abc$387581$lut$aiger387580$14094.A[5]      1 17.5ms
                                    $techmap389916$abc$387581$lut$aiger387580$15312.A[4]      1 17.5ms
                                    $techmap390169$abc$387581$lut$aiger387580$11718.A[4]      1 17.5ms
                                    $techmap389642$abc$387581$lut$aiger387580$13851.A[2]      1 17.5ms
                                    $techmap389649$abc$387581$lut$aiger387580$13887.A[5]      1 17.4ms
                                    $techmap389652$abc$387581$lut$aiger387580$13902.A[3]      1 17.4ms
                                    $techmap389531$abc$387581$lut$aiger387580$13484.A[3]      1 17.3ms
                                    $techmap390098$abc$387581$lut$aiger387580$14491.A[5]      1 17.2ms
                                    $techmap390176$abc$387581$lut$aiger387580$15924.A[2]      1 17.1ms
                                    $techmap389938$abc$387581$lut$aiger387580$15487.A[2]      1 17.1ms
                                    $techmap390176$abc$387581$lut$aiger387580$15924.A[5]      1 17.1ms
                                    $techmap390216$abc$387581$lut$aiger387580$15745.A[4]      1 17.0ms
                                    $techmap389612$abc$387581$lut$aiger387580$10918.A[4]      1 17.0ms
                                    $techmap389686$abc$387581$lut$aiger387580$11235.A[2]      1 16.9ms
                                    $techmap389773$abc$387581$lut$aiger387580$16709.A[5]      1 16.9ms
                                    $techmap390216$abc$387581$lut$aiger387580$15745.A[3]      1 16.9ms
                                    $techmap389746$abc$387581$lut$aiger387580$16364.A[3]      1 16.9ms
                                    $techmap390248$abc$387581$lut$aiger387580$14811.A[4]      1 16.8ms
                                    $techmap390135$abc$387581$lut$aiger387580$11498.A[3]      1 16.7ms
                                    $techmap390192$abc$387581$lut$aiger387580$15802.A[2]      1 16.7ms
                                    $techmap389852$abc$387581$lut$aiger387580$16171.A[5]      1 16.6ms
                                    $techmap388889$abc$387581$lut$aiger387580$10769.A[0]     38 16.6ms
                                    $techmap390305$abc$387581$lut$aiger387580$13278.A[4]      1 16.5ms
                                    $techmap390435$abc$387581$lut$aiger387580$13059.A[3]      1 16.4ms
                                    $techmap389642$abc$387581$lut$aiger387580$13851.A[3]      1 16.3ms
                                    $techmap390227$abc$387581$lut$aiger387580$14658.A[4]      1 16.2ms
                                    $techmap390056$abc$387581$lut$aiger387580$12716.A[2]      1 16.2ms
                                    $techmap389521$abc$387581$lut$aiger387580$15954.A[2]     36 16.1ms
                  $techmap389091$auto$abc_ops_reintegrate.cc:611:reintegrate$387791.A[3]     37 16.1ms
                                    $techmap390334$abc$387581$lut$aiger387580$13981.A[5]      1 16.1ms
                                    $techmap390362$abc$387581$lut$aiger387580$14156.A[4]      1 15.9ms
                                    $techmap390101$abc$387581$lut$aiger387580$14511.A[4]      1 15.9ms
                                                                 $abc$387581$aiger$o4485      8 15.9ms
                                    $techmap389503$abc$387581$lut$aiger387580$13654.A[5]     33 15.9ms
                                    $techmap390015$abc$387581$lut$aiger387580$12463.A[2]      1 15.9ms
                                    $techmap390142$abc$387581$lut$aiger387580$11538.A[3]      1 15.8ms
                                    $techmap390400$abc$387581$lut$aiger387580$12838.A[4]      1 15.7ms
                                    $techmap389594$abc$387581$lut$aiger387580$12361.A[3]      1 15.6ms
                                    $techmap390017$abc$387581$lut$aiger387580$12476.A[4]      1 15.6ms
                                    $techmap390100$abc$387581$lut$aiger387580$14504.A[3]      1 15.6ms
                                    $techmap390415$abc$387581$lut$aiger387580$12937.A[5]      1 15.5ms
                                    $techmap389746$abc$387581$lut$aiger387580$16364.A[4]      1 15.4ms
                                    $techmap390364$abc$387581$lut$aiger387580$14169.A[4]      1 15.3ms
                                    $techmap390192$abc$387581$lut$aiger387580$15802.A[3]      1 15.3ms
                                    $techmap390123$abc$387581$lut$aiger387580$11425.A[3]      1 15.3ms
                                    $techmap390151$abc$387581$lut$aiger387580$11609.A[4]      1 15.3ms
                                    $techmap390344$abc$387581$lut$aiger387580$14040.A[3]      1 15.2ms
                                    $techmap389892$abc$387581$lut$aiger387580$11949.A[5]      1 15.1ms
                                    $techmap390380$abc$387581$lut$aiger387580$14266.A[2]      1 15.0ms
                                    $techmap389773$abc$387581$lut$aiger387580$16709.A[2]      1 15.0ms
                                    $techmap389506$abc$387581$lut$aiger387580$13669.A[4]      1 15.0ms
                                    $techmap389966$abc$387581$lut$aiger387580$14998.A[3]      1 15.0ms
                                    $techmap390039$abc$387581$lut$aiger387580$12616.A[5]      1 14.9ms
                                    $techmap390247$abc$387581$lut$aiger387580$14802.A[3]      1 14.7ms
                                    $techmap390287$abc$387581$lut$aiger387580$13152.A[4]      1 14.7ms
                                    $techmap389580$abc$387581$lut$aiger387580$12292.A[2]      1 14.7ms
                                    $techmap389829$abc$387581$lut$aiger387580$15982.A[2]      1 14.7ms
                                    $techmap389536$abc$387581$lut$aiger387580$13527.A[5]      1 14.6ms
                                    $techmap389692$abc$387581$lut$aiger387580$11280.A[2]      1 14.5ms
                                    $techmap389554$abc$387581$lut$aiger387580$12136.A[4]      1 14.5ms
                                    $techmap389504$abc$387581$lut$aiger387580$13659.A[3]      1 14.4ms
                                    $techmap389647$abc$387581$lut$aiger387580$13877.A[5]      1 14.4ms
                                    $techmap390248$abc$387581$lut$aiger387580$14811.A[5]      1 14.4ms
                                    $techmap389979$abc$387581$lut$aiger387580$15094.A[2]      1 14.3ms
                                    $techmap390367$abc$387581$lut$aiger387580$14191.A[2]      1 14.3ms
                                    $techmap390005$abc$387581$lut$aiger387580$15263.A[5]      1 14.2ms
                                    $techmap389844$abc$387581$lut$aiger387580$16259.A[4]      1 14.1ms
                                    $techmap390148$abc$387581$lut$aiger387580$11587.A[4]      1 14.1ms
                                    $techmap390241$abc$387581$lut$aiger387580$14763.A[5]      1 14.0ms
                                    $techmap389792$abc$387581$lut$aiger387580$16871.A[3]      1 14.0ms
                                    $techmap389518$abc$387581$lut$aiger387580$13731.A[4]      1 14.0ms
                                    $techmap389524$abc$387581$lut$aiger387580$13441.A[5]      1 14.0ms
                                                                  slot0_b2.eng.r_addr[1]     17 13.9ms
                                    $techmap389732$abc$387581$lut$aiger387580$16540.A[4]      1 13.9ms
                                    $techmap390204$abc$387581$lut$aiger387580$15658.A[4]      1 13.8ms
                                    $techmap390179$abc$387581$lut$aiger387580$15933.A[4]      1 13.8ms
                                    $techmap390264$abc$387581$lut$aiger387580$14915.A[3]      1 13.7ms
                                    $techmap389595$abc$387581$lut$aiger387580$12370.A[3]      1 13.7ms
                                    $techmap388892$abc$387581$lut$aiger387580$10776.A[3]     28 13.6ms
                                                                 $abc$387581$aiger$o4486      8 13.5ms
                                    $techmap389712$abc$387581$lut$aiger387580$11397.A[2]      1 13.5ms
                                    $techmap390032$abc$387581$lut$aiger387580$12563.A[5]      1 13.5ms
                                    $techmap390132$abc$387581$lut$aiger387580$11483.A[2]      1 13.5ms
                                    $techmap389535$abc$387581$lut$aiger387580$13518.A[2]      1 13.5ms
                                    $techmap390435$abc$387581$lut$aiger387580$13059.A[5]      1 13.4ms
                                    $techmap389849$abc$387581$lut$aiger387580$16135.A[5]      1 13.4ms
                                    $techmap388889$abc$387581$lut$aiger387580$10769.A[1]     31 13.2ms
                                    $techmap390410$abc$387581$lut$aiger387580$12897.A[4]      1 13.2ms
                                    $techmap389831$abc$387581$lut$aiger387580$16009.A[2]      1 13.2ms
                                    $techmap390100$abc$387581$lut$aiger387580$14504.A[5]      1 13.1ms
                                    $techmap389864$abc$387581$lut$aiger387580$11787.A[2]      1 13.1ms
                                    $techmap390160$abc$387581$lut$aiger387580$11660.A[4]      1 13.1ms
                                    $techmap390253$abc$387581$lut$aiger387580$14851.A[3]      1 13.1ms
                                    $techmap389829$abc$387581$lut$aiger387580$15982.A[4]      1 13.1ms
                                    $techmap389551$abc$387581$lut$aiger387580$12114.A[3]      1 13.0ms
                                    $techmap389578$abc$387581$lut$aiger387580$12279.A[5]      1 13.0ms
                                    $techmap390337$abc$387581$lut$aiger387580$14008.A[5]      1 13.0ms
                                    $techmap390148$abc$387581$lut$aiger387580$11587.A[2]      1 13.0ms
                                    $techmap389524$abc$387581$lut$aiger387580$13441.A[3]      1 13.0ms
                                    $techmap389638$abc$387581$lut$aiger387580$13834.A[3]      1 13.0ms
                                    $techmap389886$abc$387581$lut$aiger387580$11908.A[4]      1 12.9ms
                                    $techmap390140$abc$387581$lut$aiger387580$11528.A[3]      1 12.9ms
                                    $techmap390083$abc$387581$lut$aiger387580$14386.A[2]      1 12.9ms
                                    $techmap390046$abc$387581$lut$aiger387580$12661.A[2]      1 12.8ms
                                    $techmap390083$abc$387581$lut$aiger387580$14386.A[3]      1 12.8ms
                                    $techmap389497$abc$387581$lut$aiger387580$13618.A[2]      1 12.8ms
                                    $techmap389794$abc$387581$lut$aiger387580$16889.A[3]      1 12.7ms
                                    $techmap389670$abc$387581$lut$aiger387580$11140.A[5]      1 12.7ms
                                    $techmap389986$abc$387581$lut$aiger387580$15142.A[3]      1 12.7ms
                                                                 $abc$387581$aiger$o4487      8 12.6ms
                                    $techmap389666$abc$387581$lut$aiger387580$11119.A[5]      1 12.6ms
                                    $techmap390131$abc$387581$lut$aiger387580$11478.A[3]      1 12.5ms
                                    $techmap390212$abc$387581$lut$aiger387580$15719.A[3]      1 12.5ms
                                             $techmap229823$auto$ff.cc:337:slice$94165.D     34 12.5ms
                  $techmap388990$auto$abc_ops_reintegrate.cc:611:reintegrate$387816.A[0]     25 12.4ms
                                    $techmap390165$abc$387581$lut$aiger387580$11690.A[2]      1 12.4ms
                                                                  slot0_b2.eng.r_addr[0]     18 12.3ms
                                    $techmap390304$abc$387581$lut$aiger387580$13269.A[5]      1 12.3ms
                                    $techmap390395$abc$387581$lut$aiger387580$12810.A[3]      1 12.3ms
                                    $techmap390080$abc$387581$lut$aiger387580$14364.A[3]      1 12.3ms
                                    $techmap389647$abc$387581$lut$aiger387580$13877.A[4]      1 12.2ms
                                    $techmap389607$abc$387581$lut$aiger387580$10869.A[2]      1 12.1ms
                                    $techmap389577$abc$387581$lut$aiger387580$12270.A[4]      1 12.1ms
                                    $techmap389892$abc$387581$lut$aiger387580$11949.A[4]      1 12.0ms
                                    $techmap390116$abc$387581$lut$aiger387580$14600.A[3]      1 12.0ms
                                    $techmap389840$abc$387581$lut$aiger387580$16237.A[4]      1 12.0ms
                                    $techmap389608$abc$387581$lut$aiger387580$10878.A[4]      1 12.0ms
                                                                 $abc$387581$aiger$o4484      8 11.9ms
                                    $techmap389969$abc$387581$lut$aiger387580$15022.A[4]      1 11.9ms
                                    $techmap390236$abc$387581$lut$aiger387580$14728.A[3]      1 11.9ms
                                    $techmap390098$abc$387581$lut$aiger387580$14491.A[3]      1 11.9ms
                                    $techmap390014$abc$387581$lut$aiger387580$12454.A[5]      1 11.7ms
                                    $techmap389864$abc$387581$lut$aiger387580$11787.A[4]      1 11.7ms
                  $techmap389207$auto$abc_ops_reintegrate.cc:611:reintegrate$387725.A[4]     21 11.5ms
                                    $techmap390057$abc$387581$lut$aiger387580$12725.A[2]      1 11.5ms
                                    $techmap389668$abc$387581$lut$aiger387580$11132.A[4]      1 11.5ms
                                    $techmap390160$abc$387581$lut$aiger387580$11660.A[3]      1 11.5ms
                                                                 $abc$387581$aiger$o2628      8 11.4ms
                                    $techmap389657$abc$387581$lut$aiger387580$13938.A[3]      1 11.4ms
Info: Router2 time 147.55s
Info: Running router1 to check that route is legal...

Info: Routing..
Info: Setting up routing queue.
Info: Routing 0 arcs.
Info:            |   (re-)routed arcs  |   delta    | remaining|       time spent     |
Info:    IterCnt |  w/ripup   wo/ripup |  w/r  wo/r |      arcs| batch(sec) total(sec)|
Info:          0 |        0          0 |    0     0 |         0|       0.13       0.13|
Info: Routing complete.
Info: Router1 time 0.13s
Info: Checksum: 0x45357eb8

Info: Critical path report for clock 'clk' (posedge -> posedge):
Info: curr total
Info:  0.1  0.1  Source $auto$ff.cc:337:slice$90084.Q
Info:  1.6  1.7    Net $techmap389494$abc$387581$lut$aiger387580$13596.A[1] budget -0.119000 ns (43,25) -> (37,38)
Info:                Sink $abc$387581$lut$aiger387580$13824.A3
Info:  0.2  1.9  Source $abc$387581$lut$aiger387580$13824.O5
Info:  0.4  2.3    Net $techmap389637$abc$387581$lut$aiger387580$13829.A[4] budget -1.439000 ns (37,38) -> (37,38)
Info:                Sink $abc$387581$lut$aiger387580$13829.A3
Info:  0.2  2.5  Source $abc$387581$lut$aiger387580$13829.O5
Info:  0.3  2.7    Net $techmap389640$abc$387581$lut$aiger387580$13841.A[2] budget -1.439000 ns (37,38) -> (37,38)
Info:                Sink $abc$387581$lut$aiger387580$13841.A2
Info:  0.2  2.9  Source $abc$387581$lut$aiger387580$13841.O5
Info:  0.6  3.5    Net $techmap389646$abc$387581$lut$aiger387580$13868.A[5] budget -1.004000 ns (37,38) -> (34,38)
Info:                Sink $abc$387581$lut$aiger387580$13868.A6
Info:  0.1  3.6  Source $abc$387581$lut$aiger387580$13868.O6
Info:  1.2  4.8    Net $techmap389659$abc$387581$lut$aiger387580$13946.A[3] budget -0.509000 ns (34,38) -> (34,29)
Info:                Sink $abc$387581$lut$aiger387580$13946.A2
Info:  0.2  4.9  Source $abc$387581$lut$aiger387580$13946.O5
Info:  0.9  5.9    Net $techmap389660$abc$387581$lut$aiger387580$13947.A[1] budget -0.375000 ns (34,29) -> (34,20)
Info:                Sink $abc$387581$lut$aiger387580$17157.A2
Info:  0.1  6.0  Source $abc$387581$lut$aiger387580$17157.O6
Info:  0.3  6.3    Net $techmap390801$abc$387581$lut$aiger387580$17158.A[0] budget -1.305000 ns (34,20) -> (34,20)
Info:                Sink $abc$387581$lut$aiger387580$17159.A2
Info:  0.1  6.4  Source $abc$387581$lut$aiger387580$17159.O6
Info:  0.7  7.1    Net $techmap390804$abc$387581$lut$aiger387580$17165.A[1] budget -1.309000 ns (34,20) -> (34,20)
Info:                Sink $abc$387581$lut$aiger387580$17165.A4
Info:  0.2  7.3  Source $abc$387581$lut$aiger387580$17165.O5
Info:  0.4  7.7    Net $techmap390806$abc$387581$lut$aiger387580$17169.A[1] budget -0.560000 ns (34,20) -> (34,18)
Info:                Sink $abc$387581$lut$aiger387580$17169.A1
Info:  0.2  7.8  Source $abc$387581$lut$aiger387580$17169.O5
Info:  0.6  8.5    Net $techmap390807$abc$387581$lut$aiger387580$17173.A[1] budget -0.146000 ns (34,18) -> (33,13)
Info:                Sink $abc$387581$lut$aiger387580$17173.A1
Info:  0.2  8.6  Source $abc$387581$lut$aiger387580$17173.O5
Info:  0.4  9.1    Net $techmap390809$abc$387581$lut$aiger387580$17177.A[1] budget -0.377000 ns (33,13) -> (33,11)
Info:                Sink $abc$387581$lut$aiger387580$17177.A1
Info:  0.2  9.2  Source $abc$387581$lut$aiger387580$17177.O5
Info:  0.4  9.7    Net $techmap390811$abc$387581$lut$aiger387580$17181.A[1] budget -0.269000 ns (33,11) -> (30,12)
Info:                Sink $abc$387581$lut$aiger387580$17181.A3
Info:  0.1  9.8  Source $abc$387581$lut$aiger387580$17181.O6
Info:  0.8 10.6    Net $techmap390813$abc$387581$lut$aiger387580$17185.A[1] budget 0.000000 ns (30,12) -> (24,19)
Info:                Sink $abc$387581$lut$aiger387580$17185.A1
Info:  0.1 10.7  Source $abc$387581$lut$aiger387580$17185.O6
Info:  0.6 11.3    Net $techmap390815$abc$387581$lut$aiger387580$17189.A[1] budget -0.157000 ns (24,19) -> (23,21)
Info:                Sink $abc$387581$lut$aiger387580$17189.A1
Info:  0.1 11.4  Source $abc$387581$lut$aiger387580$17189.O6
Info:  0.6 12.0    Net $techmap390817$abc$387581$lut$aiger387580$17193.A[1] budget -0.783000 ns (23,21) -> (23,21)
Info:                Sink $abc$387581$lut$aiger387580$17193.A3
Info:  0.2 12.1  Source $abc$387581$lut$aiger387580$17193.O5
Info:  0.4 12.6    Net $techmap390819$abc$387581$lut$aiger387580$17197.A[1] budget -0.022000 ns (23,21) -> (17,21)
Info:                Sink $abc$387581$lut$aiger387580$17197.A1
Info:  0.1 12.7  Source $abc$387581$lut$aiger387580$17197.O6
Info:  0.3 13.0    Net $techmap390821$abc$387581$lut$aiger387580$17201.A[1] budget -0.705000 ns (17,21) -> (17,21)
Info:                Sink $abc$387581$lut$aiger387580$17201.A3
Info:  0.2 13.1  Source $abc$387581$lut$aiger387580$17201.O5
Info:  0.6 13.7    Net $techmap390823$abc$387581$lut$aiger387580$18313.A[1] budget -0.131000 ns (17,21) -> (17,20)
Info:                Sink $abc$387581$lut$aiger387580$17205.A1
Info:  0.1 13.8  Source $abc$387581$lut$aiger387580$17205.O6
Info:  0.4 14.3    Net $techmap390842$abc$387581$lut$aiger387580$18317.A[1] budget -0.131000 ns (17,20) -> (17,19)
Info:                Sink $abc$387581$lut$aiger387580$17209.A1
Info:  0.2 14.4  Source $abc$387581$lut$aiger387580$17209.O5
Info:  0.3 14.7    Net $techmap390846$abc$387581$lut$aiger387580$18321.A[1] budget -0.642000 ns (17,19) -> (17,19)
Info:                Sink $abc$387581$lut$aiger387580$17213.A3
Info:  0.1 14.8  Source $abc$387581$lut$aiger387580$17213.O6
Info:  0.7 15.5    Net $techmap390850$abc$387581$lut$aiger387580$18325.A[1] budget 0.000000 ns (17,19) -> (24,17)
Info:                Sink $abc$387581$lut$aiger387580$17217.A1
Info:  0.1 15.7  Source $abc$387581$lut$aiger387580$17217.O6
Info:  0.7 16.4    Net $techmap390854$abc$387581$lut$aiger387580$18329.A[1] budget -0.076000 ns (24,17) -> (24,16)
Info:                Sink $abc$387581$lut$aiger387580$18329.A1
Info:  0.1 16.5  Source $abc$387581$lut$aiger387580$18329.O5
Info:  0.5 17.0    Net $techmap390855$abc$387581$lut$aiger387580$18332.A[0] budget -0.595000 ns (24,16) -> (24,16)
Info:                Sink $abc$387581$lut$aiger387580$18332.A4
Info:  0.1 17.1  Source $abc$387581$lut$aiger387580$18332.O6
Info:  0.6 17.7    Net $techmap390859$abc$387581$lut$aiger387580$19288.A[1] budget 0.000000 ns (24,16) -> (24,14)
Info:                Sink $abc$387581$lut$aiger387580$19288.A1
Info:  0.2 17.9  Source $abc$387581$lut$aiger387580$19288.O5
Info:  0.3 18.2    Net $techmap390974$abc$387581$lut$aiger387580$20354.A[1] budget -0.592000 ns (24,14) -> (24,14)
Info:                Sink $abc$387581$lut$aiger387580$20354.A3
Info:  0.1 18.3  Source $abc$387581$lut$aiger387580$20354.O6
Info:  0.8 19.2    Net $techmap390979$abc$387581$lut$aiger387580$20387.A[2] budget 0.000000 ns (24,14) -> (30,11)
Info:                Sink $abc$387581$lut$aiger387580$20387.A2
Info:  0.1 19.3  Source $abc$387581$lut$aiger387580$20387.O6
Info:  0.3 19.6    Net $techmap390980$abc$387581$lut$aiger387580$20388.A[1] budget -0.552000 ns (30,11) -> (30,11)
Info:                Sink $abc$387581$lut$aiger387580$20388.A5
Info:  0.1 19.7  Source $abc$387581$lut$aiger387580$20388.O5
Info:  0.6 20.3    Net $techmap390990$abc$387581$lut$aiger$o14865.A[3] budget 0.000000 ns (30,11) -> (24,11)
Info:                Sink $abc$387581$lut$aiger387580$22002.A3
Info:  0.1 20.4  Source $abc$387581$lut$aiger387580$22002.O5
Info:  0.4 20.8    Net $techmap391209$abc$387581$lut$aiger387580$22095.A[2] budget -0.402000 ns (24,11) -> (24,11)
Info:                Sink $abc$387581$lut$aiger387580$22095.A3
Info:  0.1 21.0  Source $abc$387581$lut$aiger387580$22095.O6
Info:  0.5 21.5    Net $techmap391210$abc$387581$lut$aiger387580$22702.A[1] budget -0.551000 ns (24,11) -> (24,11)
Info:                Sink $abc$387581$lut$aiger387580$22702.A5
Info:  0.1 21.6  Source $abc$387581$lut$aiger387580$22702.O5
Info:  0.6 22.2    Net $techmap391211$abc$387581$lut$aiger$o14957.A[2] budget 0.000000 ns (24,11) -> (17,12)
Info:                Sink $abc$387581$lut$aiger387580$24347.A6
Info:  0.1 22.3  Source $abc$387581$lut$aiger387580$24347.O6
Info:  0.6 23.0    Net $techmap391413$abc$387581$lut$aiger$o15155.A[2] budget -0.391000 ns (17,12) -> (17,12)
Info:                Sink $abc$387581$lut$aiger387580$25062.A6
Info:  0.1 23.1  Source $abc$387581$lut$aiger387580$25062.O6
Info:  0.7 23.7    Net $techmap391576$abc$387581$lut$aiger$o15303.A[3] budget -0.391000 ns (17,12) -> (17,12)
Info:                Sink $abc$387581$lut$aiger387580$25814.A6
Info:  0.1 23.9  Source $abc$387581$lut$aiger387580$25814.O6
Info:  0.8 24.6    Net $techmap391721$abc$387581$lut$aiger$o15418.A[2] budget 0.000000 ns (17,12) -> (14,17)
Info:                Sink $abc$387581$lut$aiger387580$26534.A6
Info:  0.1 24.8  Source $abc$387581$lut$aiger387580$26534.O6
Info:  0.8 25.5    Net $techmap391946$abc$387581$lut$aiger$o15545.A[2] budget 0.000000 ns (14,17) -> (14,27)
Info:                Sink $auto$xilinx_dffopt.cc:341:execute$392265.A6
Info:  0.1 25.7  Source $auto$xilinx_dffopt.cc:341:execute$392265.O6
Info:  0.0 25.7    Net $auto$xilinx_dffopt.cc:347:execute$392266 budget -0.541000 ns (14,27) -> (14,27)
Info:                Sink $auto$ff.cc:337:slice$94566.D
Info:  0.1 25.8  Setup $auto$ff.cc:337:slice$94566.D
Info: 4.9 ns logic, 20.9 ns routing

Info: Critical path report for clock 'clk200' (posedge -> posedge):
Info: curr total
Info:  0.1  0.1  Source $auto$ff.cc:337:slice$94571.Q
Info:  0.4  0.5    Net tickgen.count[1] budget 1.975000 ns (124,88) -> (124,88)
Info:                Sink $auto$abc_ops_reintegrate.cc:611:reintegrate$387798.A3
Info:  0.1  0.7  Source $auto$abc_ops_reintegrate.cc:611:reintegrate$387798.O5
Info:  0.0  0.7    Net $auto$alumacc.cc:548:replace_alu$63999.Y[1] budget 1.975000 ns (124,88) -> (124,88)
Info:                Sink $auto$ff.cc:337:slice$94571.D
Info:  0.1  0.8  Setup $auto$ff.cc:337:slice$94571.D
Info: 0.3 ns logic, 0.5 ns routing

Warning: Max frequency for clock    'clk': 38.77 MHz (FAIL at 200.00 MHz)
Info: Max frequency for clock 'clk200': 1223.99 MHz (PASS at 200.00 MHz)

Info: Slack histogram:
Info:  legend: * represents 11 endpoint(s)
Info:          + represents [1,11) endpoint(s)
Info: [-20790, -19531) |***+
Info: [-19531, -18272) |**+
Info: [-18272, -17013) |**+
Info: [-17013, -15754) |*+
Info: [-15754, -14495) |***+
Info: [-14495, -13236) |*+
Info: [-13236, -11977) |**+
Info: [-11977, -10718) |*****+
Info: [-10718,  -9459) |*****+
Info: [ -9459,  -8200) |***+
Info: [ -8200,  -6941) |************************+
Info: [ -6941,  -5682) |************************************************************ 
Info: [ -5682,  -4423) |*******+
Info: [ -4423,  -3164) |*****+
Info: [ -3164,  -1905) |*********+
Info: [ -1905,   -646) |************************+
Info: [  -646,    613) |***********+
Info: [   613,   1872) |******************+
Info: [  1872,   3131) |*************+
Info: [  3131,   4390) |*****************+
Info: Running post-routing legalisation...

1 warning, 0 errors
