Info: Propagating clock constraints...
Info:     derived 200.0 MHz for net 'clk200_in' (through IBUFDS 'clk200_ibufds')
Info:     PLLE2_ADV 'pll': input 200.0 MHz, VCO 1200.0 MHz
Info:     derived 60.0 MHz for net 'ctrl_raw' (through PLLE2_ADV 'pll')
Info:     derived 240.0 MHz for net 'ddr_raw' (through PLLE2_ADV 'pll')
Info:     derived 200.0 MHz for net 'ref_raw' (through PLLE2_ADV 'pll')
Info:     derived 240.0 MHz for net 'ddr90_raw' (through PLLE2_ADV 'pll')
Info:     derived 1200.5 MHz for net 'pll_fb' (through PLLE2_ADV 'pll')
Info:     PLLE2_ADV 'pll': input 200.0 MHz, VCO 1200.0 MHz
Info: Packing constants..
Info: Inserting IO buffers..
Info:     IO port 'clk200_n' driven by IBUFDS 'clk200_ibufds'
Info:     IO port 'clk200_p' driven by IBUFDS 'clk200_ibufds'
Info:     IO port 'ddr3_cas_n' driven by OBUF '$iopadmap$tms_ddr3_loader_ax7203.ddr3_cas_n'
Info:     IO port 'ddr3_ck_n' driven by OBUFDS 'ddr3.ddr3_phy_inst.genblk4.genblk1.OBUFDS_inst'
Info:     IO port 'ddr3_ck_p' driven by OBUFDS 'ddr3.ddr3_phy_inst.genblk4.genblk1.OBUFDS_inst'
Info:     IO port 'ddr3_cke' driven by OBUF '$iopadmap$tms_ddr3_loader_ax7203.ddr3_cke'
Info:     IO port 'ddr3_cs_n' driven by OBUF '$iopadmap$tms_ddr3_loader_ax7203.ddr3_cs_n'
Info:     IO port 'ddr3_odt' driven by OBUF '$iopadmap$tms_ddr3_loader_ax7203.ddr3_odt'
Info:     IO port 'ddr3_ras_n' driven by OBUF '$iopadmap$tms_ddr3_loader_ax7203.ddr3_ras_n'
Info:     IO port 'ddr3_reset_n' driven by OBUF '$iopadmap$tms_ddr3_loader_ax7203.ddr3_reset_n'
Info:     IO port 'ddr3_we_n' driven by OBUF '$iopadmap$tms_ddr3_loader_ax7203.ddr3_we_n'
Info:     IO port 'rst_n' driven by IBUF '$iopadmap$tms_ddr3_loader_ax7203.rst_n'
Info:     IO port 'uart_rx' driven by IBUF '$iopadmap$tms_ddr3_loader_ax7203.uart_rx'
Info:     IO port 'uart_tx' driven by OBUF '$iopadmap$tms_ddr3_loader_ax7203.uart_tx'
Info:     IO port 'ddr3_addr[0]' driven by OBUF '$iopadmap$tms_ddr3_loader_ax7203.ddr3_addr'
Info:     IO port 'ddr3_addr[1]' driven by OBUF '$iopadmap$tms_ddr3_loader_ax7203.ddr3_addr_1'
Info:     IO port 'ddr3_addr[10]' driven by OBUF '$iopadmap$tms_ddr3_loader_ax7203.ddr3_addr_10'
Info:     IO port 'ddr3_addr[11]' driven by OBUF '$iopadmap$tms_ddr3_loader_ax7203.ddr3_addr_11'
Info:     IO port 'ddr3_addr[12]' driven by OBUF '$iopadmap$tms_ddr3_loader_ax7203.ddr3_addr_12'
Info:     IO port 'ddr3_addr[13]' driven by OBUF '$iopadmap$tms_ddr3_loader_ax7203.ddr3_addr_13'
Info:     IO port 'ddr3_addr[14]' driven by OBUF '$iopadmap$tms_ddr3_loader_ax7203.ddr3_addr_14'
Info:     IO port 'ddr3_addr[2]' driven by OBUF '$iopadmap$tms_ddr3_loader_ax7203.ddr3_addr_2'
Info:     IO port 'ddr3_addr[3]' driven by OBUF '$iopadmap$tms_ddr3_loader_ax7203.ddr3_addr_3'
Info:     IO port 'ddr3_addr[4]' driven by OBUF '$iopadmap$tms_ddr3_loader_ax7203.ddr3_addr_4'
Info:     IO port 'ddr3_addr[5]' driven by OBUF '$iopadmap$tms_ddr3_loader_ax7203.ddr3_addr_5'
Info:     IO port 'ddr3_addr[6]' driven by OBUF '$iopadmap$tms_ddr3_loader_ax7203.ddr3_addr_6'
Info:     IO port 'ddr3_addr[7]' driven by OBUF '$iopadmap$tms_ddr3_loader_ax7203.ddr3_addr_7'
Info:     IO port 'ddr3_addr[8]' driven by OBUF '$iopadmap$tms_ddr3_loader_ax7203.ddr3_addr_8'
Info:     IO port 'ddr3_addr[9]' driven by OBUF '$iopadmap$tms_ddr3_loader_ax7203.ddr3_addr_9'
Info:     IO port 'ddr3_ba[0]' driven by OBUF '$iopadmap$tms_ddr3_loader_ax7203.ddr3_ba'
Info:     IO port 'ddr3_ba[1]' driven by OBUF '$iopadmap$tms_ddr3_loader_ax7203.ddr3_ba_1'
Info:     IO port 'ddr3_ba[2]' driven by OBUF '$iopadmap$tms_ddr3_loader_ax7203.ddr3_ba_2'
Info:     IO port 'led[0]' driven by OBUF '$iopadmap$tms_ddr3_loader_ax7203.led'
Info:     IO port 'led[1]' driven by OBUF '$iopadmap$tms_ddr3_loader_ax7203.led_1'
Info:     IO port 'led[2]' driven by OBUF '$iopadmap$tms_ddr3_loader_ax7203.led_2'
Info:     IO port 'led[3]' driven by OBUF '$iopadmap$tms_ddr3_loader_ax7203.led_3'
Info:     IO port 'ddr3_dq[0]' driven by IOBUF 'ddr3.ddr3_phy_inst.genblk5[0].genblk1.IOBUF_data'
Info:     IO port 'ddr3_dq[10]' driven by IOBUF 'ddr3.ddr3_phy_inst.genblk5[10].genblk1.IOBUF_data'
Info:     IO port 'ddr3_dq[11]' driven by IOBUF 'ddr3.ddr3_phy_inst.genblk5[11].genblk1.IOBUF_data'
Info:     IO port 'ddr3_dq[12]' driven by IOBUF 'ddr3.ddr3_phy_inst.genblk5[12].genblk1.IOBUF_data'
Info:     IO port 'ddr3_dq[13]' driven by IOBUF 'ddr3.ddr3_phy_inst.genblk5[13].genblk1.IOBUF_data'
Info:     IO port 'ddr3_dq[14]' driven by IOBUF 'ddr3.ddr3_phy_inst.genblk5[14].genblk1.IOBUF_data'
Info:     IO port 'ddr3_dq[15]' driven by IOBUF 'ddr3.ddr3_phy_inst.genblk5[15].genblk1.IOBUF_data'
Info:     IO port 'ddr3_dq[1]' driven by IOBUF 'ddr3.ddr3_phy_inst.genblk5[1].genblk1.IOBUF_data'
Info:     IO port 'ddr3_dq[2]' driven by IOBUF 'ddr3.ddr3_phy_inst.genblk5[2].genblk1.IOBUF_data'
Info:     IO port 'ddr3_dq[3]' driven by IOBUF 'ddr3.ddr3_phy_inst.genblk5[3].genblk1.IOBUF_data'
Info:     IO port 'ddr3_dq[4]' driven by IOBUF 'ddr3.ddr3_phy_inst.genblk5[4].genblk1.IOBUF_data'
Info:     IO port 'ddr3_dq[5]' driven by IOBUF 'ddr3.ddr3_phy_inst.genblk5[5].genblk1.IOBUF_data'
Info:     IO port 'ddr3_dq[6]' driven by IOBUF 'ddr3.ddr3_phy_inst.genblk5[6].genblk1.IOBUF_data'
Info:     IO port 'ddr3_dq[7]' driven by IOBUF 'ddr3.ddr3_phy_inst.genblk5[7].genblk1.IOBUF_data'
Info:     IO port 'ddr3_dq[8]' driven by IOBUF 'ddr3.ddr3_phy_inst.genblk5[8].genblk1.IOBUF_data'
Info:     IO port 'ddr3_dq[9]' driven by IOBUF 'ddr3.ddr3_phy_inst.genblk5[9].genblk1.IOBUF_data'
Info:     IO port 'ddr3_dm[0]' driven by OBUF 'ddr3.ddr3_phy_inst.genblk6[0].genblk1.OBUF_dm'
Info:     IO port 'ddr3_dm[1]' driven by OBUF 'ddr3.ddr3_phy_inst.genblk6[1].genblk1.OBUF_dm'
Info:     IO port 'ddr3_dqs_p[0]' driven by IOBUFDS 'ddr3.ddr3_phy_inst.genblk7[0].genblk1.IOBUFDS_dqs'
Info:     IO port 'ddr3_dqs_n[0]' driven by IOBUFDS 'ddr3.ddr3_phy_inst.genblk7[0].genblk1.IOBUFDS_dqs'
Info:     IO port 'ddr3_dqs_p[1]' driven by IOBUFDS 'ddr3.ddr3_phy_inst.genblk7[1].genblk1.IOBUFDS_dqs'
Info:     IO port 'ddr3_dqs_n[1]' driven by IOBUFDS 'ddr3.ddr3_phy_inst.genblk7[1].genblk1.IOBUFDS_dqs'
Info:     Constraining 'clk200_n' to site 'IOB_X1Y123'
Info:     Tile 'RIOB33_X105Y123'
Info:     Constraining 'clk200_p' to site 'IOB_X1Y124'
Info:     Tile 'RIOB33_X105Y123'
Info:     Constraining 'ddr3_cas_n' to site 'IOB_X1Y125'
Info:     Tile 'RIOB33_X105Y125'
Info:     Constraining 'ddr3_ck_n' to site 'IOB_X1Y143'
Info:     Tile 'RIOB33_X105Y143'
Info:     Constraining 'ddr3_ck_p' to site 'IOB_X1Y144'
Info:     Tile 'RIOB33_X105Y143'
Info:     Constraining 'ddr3_cke' to site 'IOB_X1Y122'
Info:     Tile 'RIOB33_X105Y121'
Info:     Constraining 'ddr3_cs_n' to site 'IOB_X1Y134'
Info:     Tile 'RIOB33_X105Y133'
Info:     Constraining 'ddr3_odt' to site 'IOB_X1Y121'
Info:     Tile 'RIOB33_X105Y121'
Info:     Constraining 'ddr3_ras_n' to site 'IOB_X1Y126'
Info:     Tile 'RIOB33_X105Y125'
Info:     Constraining 'ddr3_reset_n' to site 'IOB_X1Y120'
Info:     Tile 'RIOB33_X105Y119'
Info:     Constraining 'ddr3_we_n' to site 'IOB_X1Y136'
Info:     Tile 'RIOB33_X105Y135'
Info:     Constraining 'rst_n' to site 'IOB_X1Y115'
Info:     Tile 'RIOB33_X105Y115'
Info:     Constraining 'uart_rx' to site 'IOB_X0Y149'
Info:     Tile 'LIOB33_SING_X0Y149'
Info:     Constraining 'uart_tx' to site 'IOB_X0Y100'
Info:     Tile 'LIOB33_SING_X0Y100'
Info:     Constraining 'ddr3_addr[0]' to site 'IOB_X1Y127'
Info:     Tile 'RIOB33_X105Y127'
Info:     Constraining 'ddr3_addr[1]' to site 'IOB_X1Y133'
Info:     Tile 'RIOB33_X105Y133'
Info:     Constraining 'ddr3_addr[10]' to site 'IOB_X1Y139'
Info:     Tile 'RIOB33_X105Y139'
Info:     Constraining 'ddr3_addr[11]' to site 'IOB_X1Y142'
Info:     Tile 'RIOB33_X105Y141'
Info:     Constraining 'ddr3_addr[12]' to site 'IOB_X1Y141'
Info:     Tile 'RIOB33_X105Y141'
Info:     Constraining 'ddr3_addr[13]' to site 'IOB_X1Y147'
Info:     Tile 'RIOB33_X105Y147'
Info:     Constraining 'ddr3_addr[14]' to site 'IOB_X1Y137'
Info:     Tile 'RIOB33_X105Y137'
Info:     Constraining 'ddr3_addr[2]' to site 'IOB_X1Y130'
Info:     Tile 'RIOB33_X105Y129'
Info:     Constraining 'ddr3_addr[3]' to site 'IOB_X1Y129'
Info:     Tile 'RIOB33_X105Y129'
Info:     Constraining 'ddr3_addr[4]' to site 'IOB_X1Y135'
Info:     Tile 'RIOB33_X105Y135'
Info:     Constraining 'ddr3_addr[5]' to site 'IOB_X1Y138'
Info:     Tile 'RIOB33_X105Y137'
Info:     Constraining 'ddr3_addr[6]' to site 'IOB_X1Y140'
Info:     Tile 'RIOB33_X105Y139'
Info:     Constraining 'ddr3_addr[7]' to site 'IOB_X1Y148'
Info:     Tile 'RIOB33_X105Y147'
Info:     Constraining 'ddr3_addr[8]' to site 'IOB_X1Y145'
Info:     Tile 'RIOB33_X105Y145'
Info:     Constraining 'ddr3_addr[9]' to site 'IOB_X1Y146'
Info:     Tile 'RIOB33_X105Y145'
Info:     Constraining 'ddr3_ba[0]' to site 'IOB_X1Y131'
Info:     Tile 'RIOB33_X105Y131'
Info:     Constraining 'ddr3_ba[1]' to site 'IOB_X1Y132'
Info:     Tile 'RIOB33_X105Y131'
Info:     Constraining 'ddr3_ba[2]' to site 'IOB_X1Y128'
Info:     Tile 'RIOB33_X105Y127'
Info:     Constraining 'led[0]' to site 'IOB_X0Y233'
Info:     Tile 'LIOB33_X0Y233'
Info:     Constraining 'led[1]' to site 'IOB_X0Y234'
Info:     Tile 'LIOB33_X0Y233'
Info:     Constraining 'led[2]' to site 'IOB_X0Y238'
Info:     Tile 'LIOB33_X0Y237'
Info:     Constraining 'led[3]' to site 'IOB_X0Y237'
Info:     Tile 'LIOB33_X0Y237'
Info:     Constraining 'ddr3_dq[0]' to site 'IOB_X1Y196'
Info:     Tile 'RIOB33_X105Y195'
Info:     Constraining 'ddr3_dq[10]' to site 'IOB_X1Y184'
Info:     Tile 'RIOB33_X105Y183'
Info:     Constraining 'ddr3_dq[11]' to site 'IOB_X1Y179'
Info:     Tile 'RIOB33_X105Y179'
Info:     Constraining 'ddr3_dq[12]' to site 'IOB_X1Y185'
Info:     Tile 'RIOB33_X105Y185'
Info:     Constraining 'ddr3_dq[13]' to site 'IOB_X1Y180'
Info:     Tile 'RIOB33_X105Y179'
Info:     Constraining 'ddr3_dq[14]' to site 'IOB_X1Y186'
Info:     Tile 'RIOB33_X105Y185'
Info:     Constraining 'ddr3_dq[15]' to site 'IOB_X1Y176'
Info:     Tile 'RIOB33_X105Y175'
Info:     Constraining 'ddr3_dq[1]' to site 'IOB_X1Y190'
Info:     Tile 'RIOB33_X105Y189'
Info:     Constraining 'ddr3_dq[2]' to site 'IOB_X1Y197'
Info:     Tile 'RIOB33_X105Y197'
Info:     Constraining 'ddr3_dq[3]' to site 'IOB_X1Y188'
Info:     Tile 'RIOB33_X105Y187'
Info:     Constraining 'ddr3_dq[4]' to site 'IOB_X1Y195'
Info:     Tile 'RIOB33_X105Y195'
Info:     Constraining 'ddr3_dq[5]' to site 'IOB_X1Y189'
Info:     Tile 'RIOB33_X105Y189'
Info:     Constraining 'ddr3_dq[6]' to site 'IOB_X1Y198'
Info:     Tile 'RIOB33_X105Y197'
Info:     Constraining 'ddr3_dq[7]' to site 'IOB_X1Y192'
Info:     Tile 'RIOB33_X105Y191'
Info:     Constraining 'ddr3_dq[8]' to site 'IOB_X1Y178'
Info:     Tile 'RIOB33_X105Y177'
Info:     Constraining 'ddr3_dq[9]' to site 'IOB_X1Y177'
Info:     Tile 'RIOB33_X105Y177'
Info:     Constraining 'ddr3_dm[0]' to site 'IOB_X1Y191'
Info:     Tile 'RIOB33_X105Y191'
Info:     Constraining 'ddr3_dm[1]' to site 'IOB_X1Y183'
Info:     Tile 'RIOB33_X105Y183'
Info:     Constraining 'ddr3_dqs_p[0]' to site 'IOB_X1Y194'
Info:     Tile 'RIOB33_X105Y193'
Info:     Constraining 'ddr3_dqs_n[0]' to site 'IOB_X1Y193'
Info:     Tile 'RIOB33_X105Y193'
Info:     Constraining 'ddr3_dqs_p[1]' to site 'IOB_X1Y182'
Info:     Tile 'RIOB33_X105Y181'
Info:     Constraining 'ddr3_dqs_n[1]' to site 'IOB_X1Y181'
Info:     Tile 'RIOB33_X105Y181'
Info: Generating output buffer for '$iopadmap$tms_ddr3_loader_ax7203.ddr3_cas_n'
Info: Generating output buffer for '$iopadmap$tms_ddr3_loader_ax7203.ddr3_cke'
Info: Generating output buffer for '$iopadmap$tms_ddr3_loader_ax7203.ddr3_cs_n'
Info: Generating output buffer for '$iopadmap$tms_ddr3_loader_ax7203.ddr3_odt'
Info: Generating output buffer for '$iopadmap$tms_ddr3_loader_ax7203.ddr3_ras_n'
Info: Generating output buffer for '$iopadmap$tms_ddr3_loader_ax7203.ddr3_reset_n'
Info: Generating output buffer for '$iopadmap$tms_ddr3_loader_ax7203.ddr3_we_n'
Info: Generating input buffer for '$iopadmap$tms_ddr3_loader_ax7203.rst_n'
Info: Generating input buffer for '$iopadmap$tms_ddr3_loader_ax7203.uart_rx'
Info: Generating output buffer for '$iopadmap$tms_ddr3_loader_ax7203.uart_tx'
Info: Generating output buffer for '$iopadmap$tms_ddr3_loader_ax7203.ddr3_addr'
Info: Generating output buffer for '$iopadmap$tms_ddr3_loader_ax7203.ddr3_addr_1'
Info: Generating output buffer for '$iopadmap$tms_ddr3_loader_ax7203.ddr3_addr_10'
Info: Generating output buffer for '$iopadmap$tms_ddr3_loader_ax7203.ddr3_addr_11'
Info: Generating output buffer for '$iopadmap$tms_ddr3_loader_ax7203.ddr3_addr_12'
Info: Generating output buffer for '$iopadmap$tms_ddr3_loader_ax7203.ddr3_addr_13'
Info: Generating output buffer for '$iopadmap$tms_ddr3_loader_ax7203.ddr3_addr_14'
Info: Generating output buffer for '$iopadmap$tms_ddr3_loader_ax7203.ddr3_addr_2'
Info: Generating output buffer for '$iopadmap$tms_ddr3_loader_ax7203.ddr3_addr_3'
Info: Generating output buffer for '$iopadmap$tms_ddr3_loader_ax7203.ddr3_addr_4'
Info: Generating output buffer for '$iopadmap$tms_ddr3_loader_ax7203.ddr3_addr_5'
Info: Generating output buffer for '$iopadmap$tms_ddr3_loader_ax7203.ddr3_addr_6'
Info: Generating output buffer for '$iopadmap$tms_ddr3_loader_ax7203.ddr3_addr_7'
Info: Generating output buffer for '$iopadmap$tms_ddr3_loader_ax7203.ddr3_addr_8'
Info: Generating output buffer for '$iopadmap$tms_ddr3_loader_ax7203.ddr3_addr_9'
Info: Generating output buffer for '$iopadmap$tms_ddr3_loader_ax7203.ddr3_ba'
Info: Generating output buffer for '$iopadmap$tms_ddr3_loader_ax7203.ddr3_ba_1'
Info: Generating output buffer for '$iopadmap$tms_ddr3_loader_ax7203.ddr3_ba_2'
Info: Generating output buffer for '$iopadmap$tms_ddr3_loader_ax7203.led'
Info: Generating output buffer for '$iopadmap$tms_ddr3_loader_ax7203.led_1'
Info: Generating output buffer for '$iopadmap$tms_ddr3_loader_ax7203.led_2'
Info: Generating output buffer for '$iopadmap$tms_ddr3_loader_ax7203.led_3'
Info: Generating input buffer for 'ddr3.ddr3_phy_inst.genblk5[0].genblk1.IOBUF_data'
Info: Generating output buffer for 'ddr3.ddr3_phy_inst.genblk5[0].genblk1.IOBUF_data'
Info: Generating input buffer for 'ddr3.ddr3_phy_inst.genblk5[10].genblk1.IOBUF_data'
Info: Generating output buffer for 'ddr3.ddr3_phy_inst.genblk5[10].genblk1.IOBUF_data'
Info: Generating input buffer for 'ddr3.ddr3_phy_inst.genblk5[11].genblk1.IOBUF_data'
Info: Generating output buffer for 'ddr3.ddr3_phy_inst.genblk5[11].genblk1.IOBUF_data'
Info: Generating input buffer for 'ddr3.ddr3_phy_inst.genblk5[12].genblk1.IOBUF_data'
Info: Generating output buffer for 'ddr3.ddr3_phy_inst.genblk5[12].genblk1.IOBUF_data'
Info: Generating input buffer for 'ddr3.ddr3_phy_inst.genblk5[13].genblk1.IOBUF_data'
Info: Generating output buffer for 'ddr3.ddr3_phy_inst.genblk5[13].genblk1.IOBUF_data'
Info: Generating input buffer for 'ddr3.ddr3_phy_inst.genblk5[14].genblk1.IOBUF_data'
Info: Generating output buffer for 'ddr3.ddr3_phy_inst.genblk5[14].genblk1.IOBUF_data'
Info: Generating input buffer for 'ddr3.ddr3_phy_inst.genblk5[15].genblk1.IOBUF_data'
Info: Generating output buffer for 'ddr3.ddr3_phy_inst.genblk5[15].genblk1.IOBUF_data'
Info: Generating input buffer for 'ddr3.ddr3_phy_inst.genblk5[1].genblk1.IOBUF_data'
Info: Generating output buffer for 'ddr3.ddr3_phy_inst.genblk5[1].genblk1.IOBUF_data'
Info: Generating input buffer for 'ddr3.ddr3_phy_inst.genblk5[2].genblk1.IOBUF_data'
Info: Generating output buffer for 'ddr3.ddr3_phy_inst.genblk5[2].genblk1.IOBUF_data'
Info: Generating input buffer for 'ddr3.ddr3_phy_inst.genblk5[3].genblk1.IOBUF_data'
Info: Generating output buffer for 'ddr3.ddr3_phy_inst.genblk5[3].genblk1.IOBUF_data'
Info: Generating input buffer for 'ddr3.ddr3_phy_inst.genblk5[4].genblk1.IOBUF_data'
Info: Generating output buffer for 'ddr3.ddr3_phy_inst.genblk5[4].genblk1.IOBUF_data'
Info: Generating input buffer for 'ddr3.ddr3_phy_inst.genblk5[5].genblk1.IOBUF_data'
Info: Generating output buffer for 'ddr3.ddr3_phy_inst.genblk5[5].genblk1.IOBUF_data'
Info: Generating input buffer for 'ddr3.ddr3_phy_inst.genblk5[6].genblk1.IOBUF_data'
Info: Generating output buffer for 'ddr3.ddr3_phy_inst.genblk5[6].genblk1.IOBUF_data'
Info: Generating input buffer for 'ddr3.ddr3_phy_inst.genblk5[7].genblk1.IOBUF_data'
Info: Generating output buffer for 'ddr3.ddr3_phy_inst.genblk5[7].genblk1.IOBUF_data'
Info: Generating input buffer for 'ddr3.ddr3_phy_inst.genblk5[8].genblk1.IOBUF_data'
Info: Generating output buffer for 'ddr3.ddr3_phy_inst.genblk5[8].genblk1.IOBUF_data'
Info: Generating input buffer for 'ddr3.ddr3_phy_inst.genblk5[9].genblk1.IOBUF_data'
Info: Generating output buffer for 'ddr3.ddr3_phy_inst.genblk5[9].genblk1.IOBUF_data'
Info: Generating output buffer for 'ddr3.ddr3_phy_inst.genblk6[0].genblk1.OBUF_dm'
Info: Generating output buffer for 'ddr3.ddr3_phy_inst.genblk6[1].genblk1.OBUF_dm'
Info:     Created 3 INVERTER cells from:
Info:              3x INV
Info:     Created 58 PAD cells from:
Info:             58x PAD
Info: Preparing clocking...
Info: Packing constants..
Info: Packing cfg...
Info: Packing PLLs...
Info:     Constrained PLLE2_ADV_PLLE2_ADV 'pll' to bel 'PLLE2_ADV_X1Y2/PLLE2_ADV' based on dedicated routing
Info:     PLL/MMCM: disconnected 28 const DRP/control pins (Vivado leaves them unrouted)
Info: Packing Gigabit Transceivers..
Info: Packing global buffers...
Info:     Constrained BUFGCTRL 'clk_ctrl_bufg' to bel 'BUFGCTRL_X0Y0/BUFGCTRL' based on dedicated routing
Info:     Constrained BUFGCTRL 'clk_ddr_90_bufg' to bel 'BUFGCTRL_X0Y1/BUFGCTRL' based on dedicated routing
Info:     Constrained BUFGCTRL 'clk_ddr_bufg' to bel 'BUFGCTRL_X0Y2/BUFGCTRL' based on dedicated routing
Info:     Constrained BUFGCTRL 'clk_ref_bufg' to bel 'BUFGCTRL_X0Y3/BUFGCTRL' based on dedicated routing
Info: Packing MUX[789]s..
Info: Packing carries (atomic CARRY4)..
Info:    Packed 846 CARRY4 cells into 181 chains (atomic).
Info: router2 PRECYINIT fix: 846 CARRY4 cells, 1027 constant carry pins disconnected
Info:    Carry-O relocation: 24 sum(s) duplicated, 24 CARRY4 split(s), 0 bit(s) skipped (unrelocatable)
Info: Packing LUTs..
Info:     Created 18657 SLICE_LUTX cells from:
Info:           6584x LUT1
Info:           1989x LUT2
Info:           2124x LUT3
Info:           1589x LUT4
Info:           3977x LUT5
Info:           2394x LUT6
Info: Packing DRAM..
Info:    Transformed 0 tied-low DRAM address inputs to be tied-high
Info: Packing BRAM..
Info: Packing DSPs..
Info: Packing flipflops..
Info:     Created 8377 SLICE_FFX cells from:
Info:           4711x FDCE
Info:             43x FDPE
Info:           3595x FDRE
Info:             28x FDSE
Info:     local-const FF control: disconnected 1442 SR(=GND) + 2973 CE(=VCC) pins from global nets
Info:     Created 44 SELMUX2_1 cells from:
Info:             43x MUXF7
Info:              1x MUXF8
Info: Constrained 4513 LUTFF pairs.

Info: Annotating ports with timing budgets for target frequency 12.00 MHz
Info: Checksum: 0x953b7e2b

Info: Device utilisation:
Info: 	          SLICE_LUTX: 19889/269200     7%
Info: 	           SLICE_FFX:  8377/269200     3%
Info: 	              CARRY4:   870/33650     2%
Info: 	          PSEUDO_GND:     1/69165     0%
Info: 	          PSEUDO_VCC:     1/69165     0%
Info: 	               HARD0:     0/ 3960     0%
Info: 	            RAMB18E1:     0/  730     0%
Info: 	            FIFO18E1:     0/  365     0%
Info: 	        RAMBFIFO36E1:     0/  365     0%
Info: 	            RAMB36E1:     6/  365     1%
Info: 	             DSP48E1:     0/  740     0%
Info: 	                 PAD:    58/ 1062     5%
Info: 	       IOB33M_OUTBUF:     3/  240     1%
Info: 	       IOB33S_OUTBUF:     3/  240     1%
Info: 	        IOB33_OUTBUF:    48/  500     9%
Info: 	     IOB33M_INBUF_EN:     3/  240     1%
Info: 	     IOB33S_INBUF_EN:     0/  240     0%
Info: 	      IOB33_INBUF_EN:    18/  500     3%
Info: 	IOB33M_TERM_OVERRIDE:     0/  240     0%
Info: 	IOB33S_TERM_OVERRIDE:     0/  240     0%
Info: 	 IOB33_TERM_OVERRIDE:     0/  500     0%
Info: 	       PULL_OR_KEEP1:     0/  980     0%
Info: 	            IDELAYE2:    18/  500     3%
Info: 	        OLOGICE3_TFF:     0/  500     0%
Info: 	      OLOGICE3_OUTFF:     0/  500     0%
Info: 	       OLOGICE3_MISR:     0/  500     0%
Info: 	           OSERDESE2:    45/  500     9%
Info: 	        ILOGICE3_IFF:     0/  500     0%
Info: 	ILOGICE3_ZHOLD_DELAY:     0/  500     0%
Info: 	           ISERDESE2:    18/  500     3%
Info: 	                BUFR:     0/   40     0%
Info: 	               BUFIO:     0/   40     0%
Info: 	          IDELAYCTRL:     1/   10    10%
Info: 	            BUFGCTRL:     4/   32    12%
Info: 	            PCIE_2_1:     0/    1     0%
Info: 	               BSCAN:     0/    4     0%
Info: 	                BUFG:     0/   32     0%
Info: 	              BUFHCE:     0/  120     0%
Info: 	            DCIRESET:     0/    1     0%
Info: 	            DNA_PORT:     0/    1     0%
Info: 	           EFUSE_USR:     0/    1     0%
Info: 	           FRAME_ECC:     0/    1     0%
Info: 	       GTPE2_CHANNEL:     0/   16     0%
Info: 	        GTPE2_COMMON:     0/    4     0%
Info: 	         IBUFDS_GTE2:     0/    8     0%
Info: 	                ICAP:     0/    2     0%
Info: 	            INVERTER:     3/  240     1%
Info: 	          MMCME2_ADV:     0/   10     0%
Info: 	        OLOGICE2_TFF:     0/  500     0%
Info: 	      OLOGICE2_OUTFF:     0/  500     0%
Info: 	           PLLE2_ADV:     1/   10    10%
Info: 	           SELMUX2_1:    44/102950     0%
Info: 	             STARTUP:     0/    1     0%
Info: 	          USR_ACCESS:     0/    1     0%
Info: 	              BUFFER:     0/   82     0%
Info: 	        ILOGICE2_IFF:     0/  500     0%
Info: 	       OLOGICE2_MISR:     0/  500     0%

Info: HeAP congestion knobs: beta=0.400 spread_scale=2,1 alpha=0.080
Info: Placed 223 cells based on constraints.
Info: Creating initial analytic placement for 14986 cells, random placement wirelen = 6243477.
Info:     at initial placer iter 0, wirelen = 56610
Info:     at initial placer iter 1, wirelen = 52969
Info:     at initial placer iter 2, wirelen = 52009
Info:     at initial placer iter 3, wirelen = 51666
Info: Running main analytical placer.
Info:     at iteration #1, type ALL: wirelen solved = 50807, spread = 846766, legal = 862005; time = 0.58s
Info:     at iteration #2, type ALL: wirelen solved = 123784, spread = 463715, legal = 490488; time = 0.63s
Info:     at iteration #3, type ALL: wirelen solved = 148132, spread = 406494, legal = 420861; time = 0.56s
Info:     at iteration #4, type ALL: wirelen solved = 167475, spread = 396019, legal = 406444; time = 0.54s
Info:     at iteration #5, type ALL: wirelen solved = 189072, spread = 345779, legal = 355540; time = 0.53s
Info:     at iteration #6, type ALL: wirelen solved = 195309, spread = 444415, legal = 461466; time = 0.48s
Info:     at iteration #7, type ALL: wirelen solved = 219279, spread = 406619, legal = 415237; time = 0.47s
Info:     at iteration #8, type ALL: wirelen solved = 237403, spread = 444629, legal = 451428; time = 0.44s
Info:     at iteration #9, type ALL: wirelen solved = 248248, spread = 416892, legal = 427918; time = 0.47s
Info:     at iteration #10, type ALL: wirelen solved = 256467, spread = 424369, legal = 429326; time = 0.45s
Info: HeAP Placer Time: 8.45s
Info:   of which solving equations: 4.49s
Info:   of which spreading cells: 0.74s
Info:   of which strict legalisation: 1.29s

Info: Running simulated annealing placer for refinement.
Info:   at iteration #1: temp = 0.000000, timing cost = 1425, wirelen = 355540
Info:   at iteration #5: temp = 0.000000, timing cost = 822, wirelen = 323801
Info:   at iteration #10: temp = 0.000000, timing cost = 691, wirelen = 319556
Info:   at iteration #15: temp = 0.000000, timing cost = 666, wirelen = 318914
Info:   at iteration #20: temp = 0.000000, timing cost = 675, wirelen = 318661
Info:   at iteration #22: temp = 0.000000, timing cost = 673, wirelen = 318606 
Info: SA placement time 16.03s

Info: Max frequency for clock 'clk_ctrl': 56.48 MHz (FAIL at 60.00 MHz)

Info: Slack histogram:
Info:  legend: * represents 63 endpoint(s)
Info:          + represents [1,63) endpoint(s)
Info: [ -1037,   -167) |+
Info: [  -167,    703) |+
Info: [   703,   1573) |***+
Info: [  1573,   2443) |*+
Info: [  2443,   3313) |***+
Info: [  3313,   4183) |**+
Info: [  4183,   5053) |****+
Info: [  5053,   5923) |****+
Info: [  5923,   6793) |***********+
Info: [  6793,   7663) |****************+
Info: [  7663,   8533) |******************+
Info: [  8533,   9403) |*************************+
Info: [  9403,  10273) |***********************+
Info: [ 10273,  11143) |**************************************+
Info: [ 11143,  12013) |************************************************************ 
Info: [ 12013,  12883) |***************************************+
Info: [ 12883,  13753) |**********************+
Info: [ 13753,  14623) |****************+
Info: [ 14623,  15493) |********************+
Info: [ 15493,  16363) |**********+
Info: Checksum: 0x8575dce1
Info: Running post-placement legalisation...
Info: post-place repair: relocated 5226 stranded cluster(s)/cell(s) to valid bels
Info: Routing global clocks...
Info:     routing clock 'clk_ddr'
Info:     routing clock 'clk_ctrl'
Info:     routing clock 'clk200_in'
Info:     routing clock 'ctrl_raw'
Info:     routing clock 'ddr90_raw'
Info:     routing clock 'clk_ddr_90'
Info:     routing clock 'ddr_raw'
Info:     routing clock 'ref_raw'
Info:     routing clock 'clk_ref'
Info: Running router2...
Info: Setting up routing resources...
Info: Adopted 9800 pre-routed arc(s)
Info: Running main router loop...
Info:     iter=1 wires=445832 overused=14774 overuse=15097 archfail=NA
Info:     iter=2 wires=456142 overused=65 overuse=65 archfail=NA
Info:     iter=3 wires=456213 overused=1 overuse=1 archfail=NA
Info:     iter=4 wires=456212 overused=0 overuse=0 archfail=0
Info: 1000 slowest nets by runtime:
        $techmap$techmap224507$auto$ff.cc:337:slice$155243.$auto$abc9_ops.cc:411:prep_bypass$224407.PRE   4754 895.5ms
                                                                              ddr3.reset   2173 658.9ms
                                                                      matvec.act_addr[6]    924 504.4ms
                                                                      matvec.act_addr[2]    924 500.8ms
                                                                      matvec.act_addr[3]    924 454.2ms
                                                                      matvec.act_addr[5]    924 453.3ms
                                                                     matvec.aw_stored[5]   1543 432.4ms
                                                                      matvec.act_addr[4]    924 404.9ms
                                                                      matvec.act_addr[1]    924 401.5ms
                                                                     matvec.aw_stored[4]   1543 375.8ms
                                                                     matvec.aw_stored[1]   1543 353.1ms
                                                                     matvec.aw_stored[3]   1543 347.6ms
                                                                     matvec.aw_stored[2]   1543 337.5ms
                                    $techmap674024$abc$664252$lut$aiger664251$37112.A[3]    128 334.2ms
                                                                     matvec.aw_stored[0]   1544 322.5ms
                                  $abc$664252$memory\matvec.fq_hi$wren[1][0][0]$y$103641    128 308.7ms
                                  $abc$664252$memory\matvec.fq_hi$wren[3][0][0]$y$103657    128 299.2ms
                                   $auto$memory_libmap.cc:1642:generate_demux$95214.Y[2]    176 291.9ms
                  $techmap671816$auto$abc_ops_reintegrate.cc:611:reintegrate$666714.A[0]    183 289.0ms
                                         $techmap673777$abc$664252$lut$aiger$o28724.A[2]    192 280.0ms
                  $techmap674028$auto$abc_ops_reintegrate.cc:611:reintegrate$665959.A[3]    136 279.3ms
                                    $techmap673429$abc$664252$lut$aiger664251$34036.A[0]    310 275.6ms
                                    $techmap679980$abc$664252$lut$aiger664251$64098.A[2]    283 275.0ms
                                                 ddr3.ddr3_controller_inst.index_wb_data    129 273.7ms
                                    $techmap674021$abc$664252$lut$aiger664251$37103.A[4]    128 266.5ms
                                   $auto$memory_libmap.cc:1642:generate_demux$95214.Y[6]    176 263.5ms
                                   $auto$memory_libmap.cc:1642:generate_demux$95214.Y[0]    176 263.0ms
                  $techmap673716$auto$abc_ops_reintegrate.cc:611:reintegrate$665996.A[4]    144 261.5ms
                                    $techmap674024$abc$664252$lut$aiger664251$37112.A[2]    128 261.2ms
                                  $abc$664252$memory\matvec.fq_hi$wren[7][0][0]$y$103687    128 258.9ms
                                  $abc$664252$memory\matvec.fq_hi$wren[2][0][0]$y$103651    128 258.5ms
                                    $techmap679985$abc$664252$lut$aiger664251$64107.A[1]    200 257.4ms
                  $techmap674028$auto$abc_ops_reintegrate.cc:611:reintegrate$665959.A[4]    133 255.9ms
                  $techmap674028$auto$abc_ops_reintegrate.cc:611:reintegrate$665959.A[2]    133 254.1ms
                                    $techmap674027$abc$664252$lut$aiger664251$37118.A[2]    128 253.9ms
                                   $auto$memory_libmap.cc:1642:generate_demux$95214.Y[5]    176 252.5ms
                                         $techmap680876$abc$664252$lut$aiger$o33531.A[0]    214 242.9ms
                                  $abc$664252$memory\matvec.fq_hi$wren[4][0][0]$y$103667    128 242.3ms
                                    $techmap674027$abc$664252$lut$aiger664251$37118.A[1]    128 238.7ms
                                    $techmap674021$abc$664252$lut$aiger664251$37103.A[3]    128 233.0ms
                  $techmap673506$auto$abc_ops_reintegrate.cc:611:reintegrate$666024.A[0]    311 231.5ms
                  $techmap672927$auto$abc_ops_reintegrate.cc:611:reintegrate$666206.A[1]    214 213.4ms
                                  $abc$664252$memory\matvec.fq_hi$wren[5][0][0]$y$103673    128 206.0ms
                                  $abc$664252$memory\matvec.fq_hi$wren[6][0][0]$y$103681    128 199.3ms
                  $techmap673324$auto$abc_ops_reintegrate.cc:611:reintegrate$666060.A[3]    191 195.6ms
                                            $techmap225479$auto$ff.cc:337:slice$124321.D    147 195.5ms
                               $abc$664252$auto$opt_dff.cc:336:make_patterns_logic$82947    128 193.0ms
                                    $techmap673681$abc$664252$lut$aiger664251$34729.A[0]    151 192.3ms
                                    $techmap679985$abc$664252$lut$aiger664251$64107.A[5]    121 192.1ms
                                    $techmap673379$abc$664252$lut$aiger664251$33572.A[0]     78 191.2ms
                  $techmap673496$auto$abc_ops_reintegrate.cc:611:reintegrate$666026.A[0]    180 188.6ms
                                   $auto$memory_libmap.cc:1642:generate_demux$95214.Y[4]    176 184.1ms
                                                          ddr3.ddr3_controller_inst.lane    132 183.7ms
                                   $auto$memory_libmap.cc:1642:generate_demux$95214.Y[1]    176 182.4ms
                                         $techmap682278$abc$664252$lut$aiger$o31118.A[1]    157 178.8ms
                                                 ddr3.ddr3_controller_inst.stage2_update    155 174.7ms
                                        ddr3.ddr3_controller_inst.data_start_index[0][2]    148 174.6ms
                               $abc$664252$auto$opt_dff.cc:336:make_patterns_logic$82227    142 172.2ms
                                  $abc$664252$memory\matvec.fq_hi$wren[0][0][0]$y$103633    128 170.0ms
                                        ddr3.ddr3_controller_inst.data_start_index[1][5]    114 167.1ms
                  $techmap675856$auto$abc_ops_reintegrate.cc:611:reintegrate$665447.A[0]    154 165.9ms
                                   $auto$memory_libmap.cc:1642:generate_demux$95214.Y[3]    176 163.9ms
                                        ddr3.ddr3_controller_inst.data_start_index[1][4]    207 152.8ms
                  $techmap675856$auto$abc_ops_reintegrate.cc:611:reintegrate$665447.A[2]     71 150.5ms
                  $techmap674155$auto$abc_ops_reintegrate.cc:611:reintegrate$665934.A[0]     49 149.2ms
                                                    ddr3.ddr3_controller_inst.late_dq[0]    192 149.1ms
                  $techmap673825$auto$abc_ops_reintegrate.cc:611:reintegrate$665974.A[0]    104 144.9ms
                  $techmap673718$auto$abc_ops_reintegrate.cc:611:reintegrate$665995.A[0]    144 142.0ms
                                        ddr3.ddr3_controller_inst.data_start_index[0][3]    179 141.8ms
                                            $techmap229199$auto$ff.cc:337:slice$104406.D     80 138.8ms
                                    $techmap673431$abc$664252$lut$aiger664251$34037.A[1]     61 134.2ms
                                        ddr3.ddr3_controller_inst.data_start_index[0][5]    148 132.7ms
                                            $techmap224883$auto$ff.cc:337:slice$148320.D     79 131.6ms
                                         $techmap679989$abc$664252$lut$aiger$o37646.A[0]     64 130.9ms
                                                                          calib_complete     50 130.2ms
                                                    ddr3.ddr3_controller_inst.late_dq[1]    196 127.2ms
                                    $techmap680679$abc$664252$lut$aiger664251$38036.A[0]    116 124.7ms
                                        ddr3.ddr3_controller_inst.data_start_index[0][6]    138 124.7ms
        $flatten\ddr3.\ddr3_controller_inst.$shiftx$build/uberddr3/rtl/ddr3_controller.v:2248$27306.Y     64 124.6ms
                  $techmap674640$auto$abc_ops_reintegrate.cc:611:reintegrate$665787.A[2]    116 120.6ms
                                        ddr3.ddr3_controller_inst.data_start_index[0][4]    202 120.5ms
                  $techmap675647$auto$abc_ops_reintegrate.cc:611:reintegrate$665520.A[2]    186 119.5ms
                                        ddr3.ddr3_controller_inst.data_start_index[0][1]    169 117.5ms
                  $techmap674333$auto$abc_ops_reintegrate.cc:611:reintegrate$665881.A[3]    154 117.2ms
                               $abc$664252$auto$opt_dff.cc:336:make_patterns_logic$81453    184 115.2ms
                  $techmap672737$auto$abc_ops_reintegrate.cc:611:reintegrate$666231.A[2]     43 113.4ms
                                        ddr3.ddr3_controller_inst.data_start_index[0][0]    106 113.1ms
                  $techmap673504$auto$abc_ops_reintegrate.cc:611:reintegrate$666025.A[0]    128 111.4ms
                                    $techmap673382$abc$664252$lut$aiger664251$33580.A[2]     72 111.1ms
                  $techmap673406$auto$abc_ops_reintegrate.cc:611:reintegrate$666046.A[2]     83 107.5ms
        $flatten\ddr3.\ddr3_controller_inst.$shiftx$build/uberddr3/rtl/ddr3_controller.v:2225$27310.Y     64 105.6ms
                  $techmap673179$auto$abc_ops_reintegrate.cc:611:reintegrate$666175.A[1]     83 104.5ms
                                    $techmap673379$abc$664252$lut$aiger664251$33572.A[1]     76 103.0ms
                                    $techmap681991$abc$664252$lut$aiger664251$34861.A[0]     73 102.6ms
                  $techmap674098$auto$abc_ops_reintegrate.cc:611:reintegrate$665944.A[0]    111 100.1ms
                  $techmap673457$auto$abc_ops_reintegrate.cc:611:reintegrate$666037.A[1]     72 99.5ms
                                                                           committed_any      1 96.1ms
                  $techmap673825$auto$abc_ops_reintegrate.cc:611:reintegrate$665974.A[1]     70 95.5ms
                                         $techmap680089$abc$664252$lut$aiger$o38373.A[1]     64 95.3ms
                                                                         matvec.hq_lo[7]     43 95.2ms
                  $techmap672927$auto$abc_ops_reintegrate.cc:611:reintegrate$666206.A[2]    129 94.8ms
                                         $techmap680876$abc$664252$lut$aiger$o33531.A[1]     98 94.3ms
                                        ddr3.ddr3_controller_inst.data_start_index[1][6]    107 93.6ms
                                        ddr3.ddr3_controller_inst.data_start_index[1][1]    166 91.5ms
                  $techmap674037$auto$abc_ops_reintegrate.cc:611:reintegrate$665957.A[5]     84 91.3ms
                                        ddr3.ddr3_controller_inst.data_start_index[1][3]    169 90.4ms
                  $techmap675995$auto$abc_ops_reintegrate.cc:611:reintegrate$665399.A[0]     51 90.0ms
                                            $techmap227594$auto$ff.cc:337:slice$116534.D     51 89.8ms
                  $techmap674056$auto$abc_ops_reintegrate.cc:611:reintegrate$665954.A[1]     46 88.4ms
                                         $techmap680338$abc$664252$lut$aiger$o32271.A[0]     45 87.7ms
                                                             ddr3.ddr3_phy_inst.sync_rst     64 87.7ms
                                        ddr3.ddr3_controller_inst.data_start_index[1][2]    147 85.9ms
                  $techmap677347$auto$abc_ops_reintegrate.cc:611:reintegrate$664868.A[0]     50 85.7ms
                                                                         master.read_ack    163 83.8ms
                                            $techmap227198$auto$ff.cc:337:slice$118053.D     89 83.2ms
        $flatten\ddr3.\ddr3_controller_inst.$shiftx$build/uberddr3/rtl/ddr3_controller.v:2248$27314.Y     64 82.8ms
                                            ddr3.ddr3_controller_inst.dqs_start_index[0]     41 82.6ms
                                    $techmap673799$abc$664252$lut$aiger664251$35704.A[0]    109 81.6ms
                                    $techmap674122$abc$664252$lut$aiger664251$38183.A[2]     41 81.5ms
                  $techmap673705$auto$abc_ops_reintegrate.cc:611:reintegrate$666001.A[4]     51 80.3ms
                                                                         matvec.hq_lo[5]     42 80.1ms
                                        ddr3.ddr3_controller_inst.data_start_index[1][0]    108 79.5ms
                                    $techmap673793$abc$664252$lut$aiger664251$35685.A[0]     43 79.0ms
                                    $techmap673391$abc$664252$lut$aiger664251$33602.A[3]     45 78.0ms
                                                                        matvec.hq_hi[30]     43 77.6ms
                                              ddr3.ddr3_controller_inst.write_pattern[0]     42 75.6ms
                                    $techmap674124$abc$664252$lut$aiger664251$38186.A[2]     44 75.6ms
        $flatten\ddr3.\ddr3_controller_inst.$shiftx$build/uberddr3/rtl/ddr3_controller.v:2225$27302.Y     64 75.5ms
                  $techmap674204$auto$abc_ops_reintegrate.cc:611:reintegrate$665910.A[0]     71 75.1ms
                                              ddr3.ddr3_controller_inst.stage2_bank_d[0]     57 74.6ms
                                    $techmap672923$abc$664252$lut$aiger664251$28167.A[1]     44 74.4ms
                                    $techmap673797$abc$664252$lut$aiger664251$35693.A[0]    116 74.3ms
                  $techmap672746$auto$abc_ops_reintegrate.cc:611:reintegrate$666225.A[0]     41 73.7ms
                                         ddr3.ddr3_controller_inst.stage1_next_bank_d[0]     44 73.5ms
                  $techmap674353$auto$abc_ops_reintegrate.cc:611:reintegrate$665879.A[1]     48 73.2ms
                  $techmap673705$auto$abc_ops_reintegrate.cc:611:reintegrate$666001.A[5]     45 72.5ms
                               $abc$664252$auto$opt_dff.cc:336:make_patterns_logic$83270    153 71.0ms
                                    $techmap674145$abc$664252$lut$aiger664251$38757.A[0]     41 69.6ms
                  $techmap673012$auto$abc_ops_reintegrate.cc:611:reintegrate$666192.A[4]     57 68.9ms
                                    $techmap673405$abc$664252$lut$aiger664251$33646.A[4]     42 67.3ms
                                         $techmap680121$abc$664252$lut$aiger$o37644.A[2]     67 65.1ms
                  $techmap673506$auto$abc_ops_reintegrate.cc:611:reintegrate$666024.A[2]     59 62.9ms
                                         $techmap680380$abc$664252$lut$aiger$o32323.A[1]     75 62.8ms
                                    $techmap673788$abc$664252$lut$aiger664251$35680.A[0]     43 62.5ms
                  $techmap673427$auto$abc_ops_reintegrate.cc:611:reintegrate$666043.A[5]     45 62.4ms
                  $techmap674085$auto$abc_ops_reintegrate.cc:611:reintegrate$665950.A[2]     59 60.6ms
                  $techmap674629$auto$abc_ops_reintegrate.cc:611:reintegrate$665793.A[4]     69 60.5ms
                                                                        matvec.hq_hi[31]     44 57.0ms
                  $techmap671816$auto$abc_ops_reintegrate.cc:611:reintegrate$666714.A[1]     42 56.9ms
                                                                        matvec.hq_lo[37]     41 55.1ms
                                              ddr3.ddr3_controller_inst.stage2_bank_d[1]     46 55.0ms
                                                                        matvec.hq_hi[37]     43 54.6ms
                                                                        matvec.hq_lo[61]     43 54.0ms
                  $techmap674059$auto$abc_ops_reintegrate.cc:611:reintegrate$665952.A[1]     43 52.6ms
                                                                        matvec.hq_lo[62]     43 52.1ms
                                                                                 mv_s_go     78 51.6ms
                                                                        matvec.hq_lo[22]     42 51.6ms
                                                                        matvec.hq_hi[14]     44 49.2ms
                  $techmap674346$auto$abc_ops_reintegrate.cc:611:reintegrate$665880.A[2]     42 47.8ms
                                         $techmap682025$abc$664252$lut$aiger$o30217.A[2]     72 47.4ms
                  $techmap677094$auto$abc_ops_reintegrate.cc:611:reintegrate$664951.A[0]     44 46.5ms
                  $techmap677094$auto$abc_ops_reintegrate.cc:611:reintegrate$664951.A[1]     44 45.8ms
                                                                        matvec.hq_lo[63]     43 45.6ms
                                                                            wb_rdata[21]     24 45.0ms
                                                                        matvec.hq_hi[22]     41 43.4ms
                                                                        matvec.hq_hi[23]     43 43.3ms
                  $techmap672815$auto$abc_ops_reintegrate.cc:611:reintegrate$666207.A[0]     41 42.4ms
                  $techmap674353$auto$abc_ops_reintegrate.cc:611:reintegrate$665879.A[2]     40 41.9ms
                                                                            wb_rdata[24]     23 41.8ms
                                                                        matvec.hq_lo[45]     41 41.7ms
                                                                        matvec.hq_hi[29]     45 41.6ms
                                                                            wb_rdata[41]     20 40.1ms
                                                                            wb_rdata[10]     23 39.6ms
                               $abc$664252$auto$opt_dff.cc:336:make_patterns_logic$82190    129 39.2ms
                                    $techmap674268$abc$664252$lut$aiger664251$40076.A[2]     39 39.2ms
                                            $techmap228244$auto$ff.cc:337:slice$115389.D     42 38.0ms
                                            $techmap224509$auto$ff.cc:337:slice$155238.D     41 37.8ms
                                                                        matvec.hq_hi[13]     43 37.0ms
                                                                                 any_nak      1 36.6ms
                                                                        matvec.hq_hi[15]     44 36.4ms
                                            $techmap229073$auto$ff.cc:337:slice$104680.D     44 35.8ms
                                                                            wb_rdata[91]     19 34.1ms
                                                                            wb_rdata[55]     21 34.0ms
                                                                        matvec.hq_hi[21]     42 33.9ms
                                            $techmap224885$auto$ff.cc:337:slice$130248.D     78 33.5ms
                                                                           wb_rdata[105]     19 33.4ms
                                    $techmap674122$abc$664252$lut$aiger664251$38183.A[4]     33 33.1ms
                                                                            wb_rdata[20]     23 32.6ms
                  $techmap675919$auto$abc_ops_reintegrate.cc:611:reintegrate$665422.A[0]     33 32.6ms
                                                                             wb_rdata[8]     23 32.5ms
                  $techmap674037$auto$abc_ops_reintegrate.cc:611:reintegrate$665957.A[1]     36 32.4ms
                                                                            wb_rdata[96]     20 32.0ms
        $abc$664252$flatten\matvec.$8\dot_one$func$build/t27/specs/rtl/fpga_ddr3_matvec.v:2047$9828.dot_one_body.prod[31:0]$11137[10]     16 31.5ms
                                                                           wb_rdata[111]     19 31.2ms
                                                                        matvec.hq_hi[38]     41 31.1ms
                                                                        matvec.hq_lo[31]     35 30.3ms
                                         ddr3.ddr3_controller_inst.stage1_next_bank_d[1]     40 30.0ms
                                                                        matvec.hq_hi[39]     43 29.9ms
                                                                            wb_rdata[94]     19 29.8ms
                                                                            wb_rdata[73]     19 29.1ms
                                                                         matvec.hq_lo[6]     44 29.1ms
                                                                            wb_rdata[72]     19 28.7ms
                                            $techmap224512$auto$ff.cc:337:slice$154849.D     39 28.6ms
                               $abc$664252$auto$opt_dff.cc:336:make_patterns_logic$83670     42 28.5ms
                                                                           wb_rdata[126]     19 28.4ms
                                                                            wb_rdata[56]     21 28.3ms
                                                                           wb_rdata[124]     20 28.2ms
                                                                            wb_rdata[36]     21 28.1ms
                                                                            wb_rdata[75]     19 27.6ms
                  $techmap672746$auto$abc_ops_reintegrate.cc:611:reintegrate$666225.A[1]     36 27.2ms
                                         $techmap679866$abc$664252$lut$aiger$o27500.A[1]     31 26.7ms
                                    $techmap673438$abc$664252$lut$aiger664251$34075.A[1]     33 26.3ms
                                                                            wb_rdata[61]     21 26.0ms
                                                                            wb_rdata[15]     23 26.0ms
                                                                            wb_rdata[12]     23 26.0ms
                                                                            wb_rdata[45]     20 25.9ms
                                                                            wb_rdata[27]     22 25.7ms
                                                                            wb_rdata[89]     19 25.7ms
                  $techmap673057$auto$abc_ops_reintegrate.cc:611:reintegrate$666186.A[1]     40 25.7ms
                                                                        matvec.hq_hi[57]     26 25.7ms
                                                                            wb_rdata[28]     22 25.6ms
                                                                             wb_rdata[6]     24 25.5ms
                                                                  matvec.result_index[4]     12 25.5ms
                                                                            wb_rdata[57]     21 25.3ms
                  $techmap673087$auto$abc_ops_reintegrate.cc:611:reintegrate$666183.A[2]     32 25.2ms
                                                                            wb_rdata[53]     20 25.1ms
                                              ddr3.ddr3_controller_inst.stage2_bank_d[2]     39 24.9ms
                                                                            wb_rdata[32]     20 24.8ms
                  $techmap671969$auto$abc_ops_reintegrate.cc:611:reintegrate$666571.A[1]     64 24.8ms
                                                                              rd_addr[3]     33 24.7ms
                                                                             wb_rdata[9]     24 24.7ms
                                      ddr3.ddr3_controller_inst.write_by_byte_counter[0]     28 24.7ms
                                                                            wb_rdata[11]     23 24.6ms
                                                                           wb_rdata[110]     19 24.6ms
                                                                            wb_rdata[48]     20 24.4ms
                                                                           wb_rdata[122]     20 24.2ms
                                                                             wb_rdata[7]     23 24.2ms
                                                                            wb_rdata[59]     21 24.1ms
                                                                            wb_rdata[40]     20 24.0ms
                                                                            wb_rdata[30]     22 24.0ms
                                                                        matvec.hq_hi[62]     37 23.8ms
                                                                 matvec.result_index[11]     12 23.8ms
                                                                           wb_rdata[114]     19 23.7ms
                                                                            wb_rdata[67]     19 23.7ms
                                         $techmap684296$abc$664252$lut$aiger$o32063.A[4]     32 23.6ms
                                                                            wb_rdata[35]     20 23.3ms
                               $abc$664252$auto$opt_dff.cc:336:make_patterns_logic$82022     39 23.2ms
                                                                           wb_rdata[101]     19 23.2ms
                                                                           wb_rdata[112]     20 23.0ms
                                                                            wb_rdata[29]     23 22.9ms
                                                                            wb_rdata[26]     22 22.9ms
                                                                           wb_rdata[103]     19 22.8ms
                                                                            wb_rdata[43]     20 22.8ms
                                                                            wb_rdata[69]     19 22.8ms
                                                                           wb_rdata[123]     19 22.8ms
                                                                            wb_rdata[77]     19 22.6ms
                                                                            wb_rdata[19]     23 22.5ms
                                         $techmap680038$abc$664252$lut$aiger$o35772.A[2]     40 22.5ms
        $abc$664252$flatten\matvec.$8\dot_one$func$build/t27/specs/rtl/fpga_ddr3_matvec.v:2046$9827.dot_one_body.prod[31:0]$11121[10]     16 22.3ms
                                                                            wb_rdata[34]     21 22.1ms
                               $abc$664252$auto$opt_dff.cc:336:make_patterns_logic$82569     40 22.0ms
                                                                              rd_addr[0]     33 21.8ms
                                                                           wb_rdata[116]     19 21.8ms
                                                                           wb_rdata[104]     20 21.7ms
                                                                             wb_rdata[4]     23 21.6ms
                                                                            wb_rdata[44]     20 21.5ms
                                                                  matvec.result_index[6]     12 21.4ms
                               $abc$664252$auto$opt_dff.cc:336:make_patterns_logic$82759     32 21.4ms
                                                                            wb_rdata[64]     19 21.3ms
                               $abc$664252$auto$opt_dff.cc:336:make_patterns_logic$83762     32 21.2ms
                                                                            wb_rdata[98]     19 21.2ms
                                                                             wb_rdata[5]     23 21.1ms
                                                                           wb_rdata[117]     19 21.1ms
                                                                            wb_rdata[50]     20 21.1ms
                                                                            wb_rdata[42]     20 21.1ms
                                          ddr3.ddr3_controller_inst.start_index_check[5]     34 21.1ms
                                                                            wb_rdata[86]     19 21.0ms
                                                                        matvec.hq_lo[24]     24 21.0ms
                  $techmap678120$auto$abc_ops_reintegrate.cc:611:reintegrate$664664.A[1]     29 20.8ms
                                                                           wb_rdata[121]     20 20.7ms
                                                                            wb_rdata[18]     23 20.7ms
                                         $techmap681574$abc$664252$lut$aiger$o29507.A[2]     36 20.7ms
                                                                            wb_rdata[68]     19 20.7ms
                  $techmap676998$auto$abc_ops_reintegrate.cc:611:reintegrate$664985.A[4]      1 20.5ms
                                                                           wb_rdata[120]     19 20.4ms
                                                                            wb_rdata[76]     19 20.4ms
                                           $abc$664252$auto$rtlil.cc:3504:NotGate$208425     20 20.3ms
                                                                            wb_rdata[92]     19 20.3ms
                               $abc$664252$auto$opt_dff.cc:336:make_patterns_logic$82243     28 20.2ms
                                                                            wb_rdata[22]     23 20.1ms
        $abc$664252$flatten\matvec.$8\dot_one$func$build/t27/specs/rtl/fpga_ddr3_matvec.v:2042$9823.dot_one_body.prod[31:0]$11057[10]     16 20.0ms
                                    $techmap673405$abc$664252$lut$aiger664251$33646.A[3]     20 20.0ms
                                                                            wb_rdata[65]     19 19.9ms
        $abc$664252$flatten\loader.$logic_and$build/t27/specs/rtl/fpga_ddr3_loader.v:1622$929_Y     33 19.9ms
                                                                           wb_rdata[100]     20 19.9ms
                                                                  matvec.result_index[9]     12 19.8ms
                                                                           wb_rdata[113]     19 19.8ms
                                                                        matvec.hq_lo[53]     39 19.8ms
                                                                            wb_rdata[37]     21 19.8ms
                  $techmap678074$auto$abc_ops_reintegrate.cc:611:reintegrate$664671.A[1]     28 19.7ms
                                                                        matvec.hq_lo[23]     39 19.7ms
                                                                            wb_rdata[13]     24 19.7ms
                                                                        matvec.hq_lo[55]     39 19.7ms
                                                                           wb_rdata[102]     20 19.6ms
                                                                         matvec.hq_hi[0]     31 19.6ms
                                                ddr3.ddr3_controller_inst.stage1_bank[0]     40 19.6ms
                                                                   loader.stage_word[16]      2 19.5ms
                  $techmap676714$auto$abc_ops_reintegrate.cc:611:reintegrate$665104.A[0]     36 19.5ms
                                                                           wb_rdata[119]     19 19.5ms
                                                                            wb_rdata[83]     20 19.5ms
                  $techmap676164$auto$abc_ops_reintegrate.cc:611:reintegrate$665324.A[0]     10 19.4ms
                                                                        matvec.hq_hi[47]     38 19.3ms
                                                ddr3.ddr3_controller_inst.stage1_bank[2]     35 19.2ms
                               $abc$664252$auto$opt_dff.cc:336:make_patterns_logic$83537     32 19.1ms
                                                                            wb_rdata[52]     20 19.1ms
                                                                            wb_rdata[62]     20 19.1ms
                                                                            wb_rdata[82]     19 19.1ms
                  $techmap673181$auto$abc_ops_reintegrate.cc:611:reintegrate$666174.A[3]     16 19.1ms
                                                                            wb_rdata[71]     19 19.0ms
                                                                           wb_rdata[125]     20 18.9ms
                                                                           wb_rdata[127]     19 18.9ms
                                                                            wb_rdata[78]     20 18.8ms
        $abc$664252$flatten\matvec.$8\dot_one$func$build/t27/specs/rtl/fpga_ddr3_matvec.v:2044$9825.dot_one_body.prod[31:0]$11089[10]     16 18.8ms
                  $techmap673167$auto$abc_ops_reintegrate.cc:611:reintegrate$666178.A[1]     38 18.7ms
                                          ddr3.ddr3_controller_inst.start_index_check[4]     35 18.7ms
                                                                            wb_rdata[70]     19 18.7ms
        $abc$664252$flatten\matvec.$8\dot_one$func$build/t27/specs/rtl/fpga_ddr3_matvec.v:2049$9830.dot_one_body.prod[31:0]$11169[10]     16 18.6ms
                                                                            wb_rdata[47]     19 18.6ms
                                                                            wb_rdata[90]     19 18.5ms
                                    $techmap673391$abc$664252$lut$aiger664251$33602.A[2]     29 18.4ms
                                                                            wb_rdata[79]     19 18.4ms
                                                                        loader.h_addr[2]     14 18.4ms
                                           $abc$664252$auto$rtlil.cc:3504:NotGate$208299     23 18.3ms
                                                                             wb_rdata[3]     23 18.3ms
                  $techmap675615$auto$abc_ops_reintegrate.cc:611:reintegrate$665529.A[1]     30 18.3ms
                                                                        matvec.hq_hi[45]     39 18.3ms
                                                                           wb_rdata[118]     19 18.2ms
                                                                            wb_rdata[99]     20 18.1ms
                                                                            wb_rdata[23]     23 18.1ms
                                                                            wb_rdata[84]     20 18.1ms
                                                                            wb_rdata[81]     19 18.1ms
                                                                            wb_rdata[85]     19 18.0ms
                                    $techmap675994$abc$664252$lut$aiger664251$54587.A[4]     33 18.0ms
                                                                            wb_rdata[17]     23 18.0ms
                                                                            wb_rdata[14]     24 18.0ms
                                                                            wb_rdata[38]     21 18.0ms
                  $techmap677916$auto$abc_ops_reintegrate.cc:611:reintegrate$664713.A[2]     31 18.0ms
                                                                  matvec.result_index[3]     12 17.9ms
                                                                        matvec.hq_hi[25]     31 17.9ms
                                                                             wb_rdata[0]     24 17.9ms
                                                                        matvec.hq_hi[17]     27 17.8ms
                                                                            wb_rdata[60]     20 17.8ms
                                                                            wb_rdata[80]     19 17.8ms
                  $techmap674094$auto$abc_ops_reintegrate.cc:611:reintegrate$665945.A[2]     39 17.7ms
                  $techmap674283$auto$abc_ops_reintegrate.cc:611:reintegrate$665900.A[0]     32 17.6ms
                                                                           wb_rdata[108]     20 17.6ms
                                                                            wb_rdata[16]     23 17.6ms
                                    $techmap673432$abc$664252$lut$aiger664251$34040.A[1]     28 17.6ms
                                                                           wb_rdata[106]     19 17.5ms
                                                                           wb_rdata[107]     19 17.5ms
                                                                            wb_rdata[51]     20 17.5ms
                                                                             wb_rdata[2]     23 17.4ms
                                                                            wb_rdata[88]     20 17.4ms
                                                                            wb_rdata[54]     20 17.3ms
                                    $techmap673401$abc$664252$lut$aiger664251$33633.A[1]     38 17.3ms
                                                                            wb_rdata[93]     19 17.3ms
                                                                        matvec.hq_hi[27]     24 17.3ms
                                                                        matvec.hq_lo[33]     34 17.3ms
                                                                               debug1[0]     34 17.2ms
                               $abc$664252$auto$opt_dff.cc:336:make_patterns_logic$83978     32 17.2ms
                                            ddr3.ddr3_controller_inst.dqs_start_index[1]     32 17.1ms
                                                ddr3.ddr3_controller_inst.stage2_pending     28 17.1ms
                                                                            wb_rdata[66]     19 17.1ms
                                                                        matvec.hq_lo[54]     39 17.0ms
                  $techmap678915$auto$abc_ops_reintegrate.cc:611:reintegrate$664447.A[2]     27 17.0ms
                                                                            wb_rdata[49]     19 16.9ms
                  $techmap677044$auto$abc_ops_reintegrate.cc:611:reintegrate$664970.A[1]      9 16.9ms
                                                                        matvec.hq_lo[25]     31 16.9ms
                  $techmap675530$auto$abc_ops_reintegrate.cc:611:reintegrate$665554.A[2]      5 16.8ms
                                                                               app_rst_n     35 16.8ms
                                                                         matvec.hq_hi[6]     38 16.7ms
                                                                           wb_rdata[115]     19 16.7ms
                                                                            wb_rdata[63]     20 16.6ms
                  $techmap672702$auto$abc_ops_reintegrate.cc:611:reintegrate$666237.A[2]     29 16.6ms
                                                                            wb_rdata[97]     19 16.6ms
                                                                  matvec.result_index[2]     12 16.6ms
                                                                            wb_rdata[31]     22 16.5ms
                                    $techmap673391$abc$664252$lut$aiger664251$33602.A[4]     36 16.5ms
                                                                        matvec.hq_lo[43]     26 16.4ms
                                                                        matvec.hq_lo[17]     40 16.4ms
                                                                            wb_rdata[46]     20 16.3ms
                                                                        matvec.hq_hi[24]     37 16.3ms
                                         $techmap673411$abc$664252$lut$aiger$o29545.A[1]     37 16.3ms
        $abc$664252$flatten\matvec.$8\dot_one$func$build/t27/specs/rtl/fpga_ddr3_matvec.v:2048$9829.dot_one_body.prod[31:0]$11153[10]     16 16.3ms
                  $techmap678890$auto$abc_ops_reintegrate.cc:611:reintegrate$664458.A[1]     31 16.3ms
                                    $techmap674141$abc$664252$lut$aiger664251$38745.A[0]     35 16.3ms
                  $techmap679048$auto$abc_ops_reintegrate.cc:611:reintegrate$664396.A[0]     29 16.2ms
        $abc$664252$flatten\matvec.$8\dot_one$func$build/t27/specs/rtl/fpga_ddr3_matvec.v:2043$9824.dot_one_body.prod[31:0]$11073[10]     16 16.2ms
                                                                            wb_rdata[74]     19 16.1ms
        $abc$664252$flatten\arbiter.$logic_and$build/t27/specs/rtl/fpga_wb_arbiter.v:279$9680_Y     32 16.1ms
                                                                  matvec.result_index[7]     12 16.1ms
                                                                         matvec.hq_hi[8]     30 16.0ms
                                                                            wb_rdata[95]     19 16.0ms
                                                                        matvec.hq_hi[59]     22 15.9ms
                  $techmap673063$auto$abc_ops_reintegrate.cc:611:reintegrate$666185.A[2]     29 15.8ms
                                                                        matvec.hq_hi[61]     37 15.8ms
                                                                             wb_rdata[1]     24 15.8ms
                                                                            wb_rdata[39]     21 15.8ms
                                                                            wb_rdata[58]     20 15.6ms
                                                                         matvec.hq_lo[0]     28 15.6ms
                                                                        matvec.hq_lo[39]     39 15.5ms
                                      ddr3.ddr3_controller_inst.write_by_byte_counter[1]     21 15.4ms
                                                                        matvec.hq_lo[41]     34 15.4ms
                                                                          transmitter.tx      1 15.4ms
                                         $techmap680398$abc$664252$lut$aiger$o32329.A[1]     35 15.3ms
                                                                               debug1[1]     26 15.3ms
                               $abc$664252$auto$opt_dff.cc:336:make_patterns_logic$84030     32 15.2ms
                                                                        matvec.hq_lo[49]     31 15.2ms
                                                                        matvec.hq_hi[26]     25 15.2ms
                                                                        matvec.hq_lo[21]     39 15.1ms
                  $techmap672581$auto$abc_ops_reintegrate.cc:611:reintegrate$666313.A[2]     23 15.1ms
                                                                                clk_ctrl   9714 15.0ms
                  $techmap672748$auto$abc_ops_reintegrate.cc:611:reintegrate$666224.A[2]     29 15.0ms
                                                                        matvec.hq_lo[58]     28 15.0ms
                                                                        matvec.hq_lo[38]     40 15.0ms
                                       ddr3.ddr3_controller_inst.delay_counter_is_zero_d     30 15.0ms
                  $techmap673181$auto$abc_ops_reintegrate.cc:611:reintegrate$666174.A[4]     19 14.9ms
                  $techmap676278$auto$abc_ops_reintegrate.cc:611:reintegrate$665268.A[0]     10 14.9ms
                  $techmap673318$auto$abc_ops_reintegrate.cc:611:reintegrate$666065.A[4]     19 14.9ms
                  $techmap676404$auto$abc_ops_reintegrate.cc:611:reintegrate$665236.A[3]      5 14.8ms
                                                                        matvec.hq_hi[41]     33 14.8ms
                                                                        matvec.hq_lo[29]     35 14.7ms
                  $techmap679055$auto$abc_ops_reintegrate.cc:611:reintegrate$664393.A[2]     27 14.7ms
                                                                           matvec.pop_go     38 14.7ms
                  $techmap673449$auto$abc_ops_reintegrate.cc:611:reintegrate$666041.A[0]     17 14.6ms
                  $techmap673257$auto$abc_ops_reintegrate.cc:611:reintegrate$666099.A[3]     16 14.6ms
                  $techmap674333$auto$abc_ops_reintegrate.cc:611:reintegrate$665881.A[4]     32 14.6ms
                                                                    loader.stage_word[5]      2 14.5ms
                                                                        matvec.hq_lo[35]     22 14.5ms
                  $techmap674986$auto$abc_ops_reintegrate.cc:611:reintegrate$665698.A[1]     21 14.5ms
                               $abc$664252$auto$opt_dff.cc:336:make_patterns_logic$83414     31 14.5ms
                  $techmap674552$auto$abc_ops_reintegrate.cc:611:reintegrate$665818.A[0]     10 14.5ms
                                                                         loader.h_len[9]     15 14.4ms
                                                                            wb_rdata[33]     20 14.4ms
                                                                        matvec.hq_hi[19]     23 14.4ms
                  $techmap673987$auto$abc_ops_reintegrate.cc:611:reintegrate$665962.A[2]     19 14.4ms
                                                                        matvec.hq_lo[16]     32 14.3ms
                  $techmap672976$auto$abc_ops_reintegrate.cc:611:reintegrate$666196.A[3]     31 14.3ms
                                                                        matvec.hq_hi[16]     32 14.1ms
                  $techmap675198$auto$abc_ops_reintegrate.cc:611:reintegrate$665647.A[0]     10 14.1ms
                                                                        matvec.hq_hi[49]     34 14.1ms
                  $techmap672927$auto$abc_ops_reintegrate.cc:611:reintegrate$666206.A[3]     32 14.1ms
                  $techmap673283$auto$abc_ops_reintegrate.cc:611:reintegrate$666080.A[2]     19 14.0ms
                                                                            wb_rdata[87]     19 14.0ms
                                                                           wb_rdata[109]     19 14.0ms
                                                                        matvec.hq_lo[34]     28 13.9ms
                                                                        matvec.hq_lo[42]     28 13.9ms
                                         $techmap673102$abc$664252$lut$aiger$o34126.A[2]     17 13.9ms
                                                                       loader.h_addr[31]     11 13.9ms
                  $techmap675653$auto$abc_ops_reintegrate.cc:611:reintegrate$665517.A[0]     10 13.9ms
                  $techmap676980$auto$abc_ops_reintegrate.cc:611:reintegrate$664996.A[4]      5 13.8ms
                  $techmap674091$auto$abc_ops_reintegrate.cc:611:reintegrate$665947.A[0]     34 13.8ms
                                    $techmap674614$abc$664252$lut$aiger664251$43292.A[0]     18 13.8ms
                  $techmap673449$auto$abc_ops_reintegrate.cc:611:reintegrate$666041.A[1]     19 13.8ms
                                                                        matvec.hq_hi[63]     35 13.8ms
                                                                         matvec.hq_hi[9]     35 13.7ms
                                    $techmap682593$abc$664252$lut$aiger664251$49898.A[3]      1 13.7ms
        $abc$664252$flatten\matvec.$8\dot_one$func$build/t27/specs/rtl/fpga_ddr3_matvec.v:2045$9826.dot_one_body.prod[31:0]$11105[10]     16 13.7ms
                                    $techmap680424$abc$664252$lut$aiger664251$38224.A[1]     31 13.7ms
                                         $techmap679919$abc$664252$lut$aiger$o27652.A[1]     36 13.7ms
                                                                 matvec.result_index[10]     12 13.7ms
                                                                        matvec.hq_hi[53]     38 13.6ms
                                                                            receiver.rx2     39 13.6ms
                  $techmap676756$auto$abc_ops_reintegrate.cc:611:reintegrate$665078.A[4]      5 13.6ms
                  $techmap674236$auto$abc_ops_reintegrate.cc:611:reintegrate$665906.A[3]     33 13.5ms
                               $abc$664252$auto$opt_dff.cc:336:make_patterns_logic$82708     40 13.5ms
                               $abc$664252$auto$opt_dff.cc:336:make_patterns_logic$84456     32 13.5ms
                  $techmap678074$auto$abc_ops_reintegrate.cc:611:reintegrate$664671.A[0]     30 13.5ms
                                                                            wb_rdata[25]     22 13.5ms
                  $techmap673167$auto$abc_ops_reintegrate.cc:611:reintegrate$666178.A[2]     32 13.5ms
                                                                        matvec.hq_hi[54]     38 13.4ms
                                    $techmap678119$abc$664252$lut$aiger664251$74359.A[1]     26 13.3ms
                  $techmap673718$auto$abc_ops_reintegrate.cc:611:reintegrate$665995.A[2]     16 13.3ms
        $techmap89626$flatten\master.$gt$build/t27/specs/rtl/fpga_loader_wb.v:510$9444.Y     32 13.3ms
                                               $techmap671797\matvec.results.0.3.ENBWREN     11 13.3ms
                  $techmap672737$auto$abc_ops_reintegrate.cc:611:reintegrate$666231.A[3]     19 13.3ms
                                                                        matvec.hq_lo[40]     34 13.2ms
                                                                         matvec.hq_lo[2]     26 13.2ms
                                         $techmap673135$abc$664252$lut$aiger$o33998.A[2]     17 13.2ms
                                                                        loader.h_addr[3]     13 13.2ms
                                        ddr3.ddr3_controller_inst.instruction_address[3]     28 13.1ms
                                                          ddr3.idelay_data_cntvaluein[4]     20 12.9ms
                                                                        matvec.hq_lo[13]     38 12.9ms
                                                                         matvec.hq_lo[3]     22 12.8ms
                               $abc$664252$auto$opt_dff.cc:336:make_patterns_logic$83073     31 12.6ms
                  $techmap673714$auto$abc_ops_reintegrate.cc:611:reintegrate$665997.A[4]     34 12.6ms
                                                                         matvec.hq_hi[7]     38 12.6ms
                  $techmap673063$auto$abc_ops_reintegrate.cc:611:reintegrate$666185.A[3]     17 12.5ms
                                    $techmap674234$abc$664252$lut$aiger664251$38146.A[2]     39 12.5ms
                                         $techmap680398$abc$664252$lut$aiger$o32329.A[0]     34 12.4ms
                                                                        matvec.hq_lo[14]     36 12.4ms
                                                                        matvec.hq_lo[20]     15 12.4ms
                  $techmap674236$auto$abc_ops_reintegrate.cc:611:reintegrate$665906.A[4]     32 12.4ms
                                    $techmap673405$abc$664252$lut$aiger664251$33646.A[2]     29 12.4ms
                                        ddr3.ddr3_controller_inst.instruction_address[4]     24 12.3ms
                                                                         matvec.hq_hi[2]     29 12.2ms
                               $abc$664252$auto$opt_dff.cc:336:make_patterns_logic$82127     32 12.2ms
                               $abc$664252$auto$opt_dff.cc:336:make_patterns_logic$84069     32 12.2ms
                  $techmap673319$auto$abc_ops_reintegrate.cc:611:reintegrate$666064.A[5]     18 12.1ms
                                    $techmap673138$abc$664252$lut$aiger664251$29610.A[2]     16 12.1ms
                                    $techmap680701$abc$664252$lut$aiger664251$35303.A[1]     29 12.1ms
                                         $techmap681831$abc$664252$lut$aiger$o29833.A[1]     26 12.0ms
                                    $techmap673360$abc$664252$lut$aiger664251$33634.A[1]     38 12.0ms
                                                ddr3.ddr3_controller_inst.stage2_bank[1]     15 11.9ms
                                                                               heartbeat      2 11.9ms
                                         $techmap673150$abc$664252$lut$aiger$o34005.A[2]     17 11.9ms
                                         ddr3.ddr3_controller_inst.stage1_next_bank_d[2]     18 11.9ms
                                    $techmap674234$abc$664252$lut$aiger664251$38146.A[0]     35 11.9ms
                                    $techmap680375$abc$664252$lut$aiger664251$37914.A[1]     35 11.9ms
                                                                               debug1[2]     28 11.9ms
                                         $techmap673110$abc$664252$lut$aiger$o33983.A[2]     17 11.9ms
                                        ddr3.ddr3_controller_inst.instruction_address[2]     24 11.8ms
                                                                    loader.stage_word[3]      2 11.8ms
                                                                        matvec.hq_lo[51]     21 11.8ms
                  $techmap673169$auto$abc_ops_reintegrate.cc:611:reintegrate$666177.A[1]     28 11.8ms
                                                                         loader.h_len[8]     17 11.7ms
                                      ddr3.ddr3_controller_inst.write_by_byte_counter[2]     28 11.6ms
                  $techmap674163$auto$abc_ops_reintegrate.cc:611:reintegrate$665929.A[2]     34 11.5ms
                               $abc$664252$auto$opt_dff.cc:336:make_patterns_logic$81464     32 11.5ms
                                    $techmap673795$abc$664252$lut$aiger664251$35687.A[1]     15 11.5ms
                  $techmap672739$auto$abc_ops_reintegrate.cc:611:reintegrate$666230.A[3]     20 11.4ms
                  $techmap676125$auto$abc_ops_reintegrate.cc:611:reintegrate$665334.A[2]     17 11.4ms
                                                                        matvec.hq_hi[35]     24 11.4ms
                                                                        matvec.hq_hi[46]     40 11.3ms
                                         $techmap679977$abc$664252$lut$aiger$o35826.A[1]     32 11.3ms
                  $techmap678680$auto$abc_ops_reintegrate.cc:611:reintegrate$664537.A[0]     15 11.3ms
                                    $techmap674033$abc$664252$lut$aiger664251$23907.A[0]     34 11.2ms
                                                                        matvec.hq_hi[32]     29 11.2ms
                               $abc$664252$auto$opt_dff.cc:336:make_patterns_logic$84503     32 11.2ms
                                                                        matvec.hq_lo[18]     23 11.2ms
                                                                   loader.stage_word[12]      2 11.2ms
                                                                        matvec.hq_hi[48]     29 11.2ms
                                                                        matvec.hq_hi[58]     24 11.2ms
                                                                  matvec.result_index[8]     12 11.1ms
                  $techmap675875$auto$abc_ops_reintegrate.cc:611:reintegrate$665441.A[0]     10 11.1ms
                  $techmap674037$auto$abc_ops_reintegrate.cc:611:reintegrate$665957.A[3]     33 11.1ms
                  $techmap671938$auto$abc_ops_reintegrate.cc:611:reintegrate$666602.A[1]     62 11.1ms
                                                                       loader.h_addr[28]     12 11.0ms
                                                                               debug1[3]     19 11.0ms
                  $techmap674620$auto$abc_ops_reintegrate.cc:611:reintegrate$665798.A[0]     21 10.9ms
                                         $techmap681686$abc$664252$lut$aiger$o29596.A[0]     33 10.9ms
                  $techmap675757$auto$abc_ops_reintegrate.cc:611:reintegrate$665474.A[2]     16 10.9ms
                                                                         matvec.hq_lo[1]     32 10.9ms
                                    $techmap674617$abc$664252$lut$aiger664251$43305.A[1]     18 10.9ms
                  $techmap673705$auto$abc_ops_reintegrate.cc:611:reintegrate$666001.A[3]     27 10.9ms
        $abc$664252$flatten\ddr3.\ddr3_phy_inst.$logic_not$build/uberddr3/rtl/ddr3_phy.v:1126$26284_Y      4 10.9ms
                  $techmap672743$auto$abc_ops_reintegrate.cc:611:reintegrate$666227.A[1]     19 10.9ms
                  $techmap675041$auto$abc_ops_reintegrate.cc:611:reintegrate$665685.A[2]     16 10.8ms
                                                                         loader.h_len[2]     16 10.8ms
                                                ddr3.ddr3_controller_inst.stage1_bank[1]     33 10.8ms
                                                                   loader.stage_word[28]      2 10.8ms
                                                                        matvec.hq_hi[34]     28 10.8ms
                                                    ddr3.ddr3_controller_inst.write_dq_d     20 10.8ms
                  $techmap672978$auto$abc_ops_reintegrate.cc:611:reintegrate$666195.A[1]     36 10.7ms
                                                                $abc$664252$aiger$i10728      3 10.7ms
                                         $techmap681831$abc$664252$lut$aiger$o29833.A[0]     34 10.7ms
                               $abc$664252$auto$opt_dff.cc:336:make_patterns_logic$83200     32 10.7ms
                                    $techmap672573$abc$664252$lut$aiger664251$35396.A[0]     18 10.6ms
                  $techmap673741$auto$abc_ops_reintegrate.cc:611:reintegrate$665986.A[1]     32 10.6ms
                                                                       loader.h_addr[13]     15 10.6ms
                               $abc$664252$auto$opt_dff.cc:336:make_patterns_logic$84017     32 10.6ms
                  $techmap673718$auto$abc_ops_reintegrate.cc:611:reintegrate$665995.A[3]     18 10.5ms
                               $abc$664252$auto$opt_dff.cc:336:make_patterns_logic$82427     32 10.5ms
                                         $techmap679921$abc$664252$lut$aiger$o27659.A[3]     32 10.4ms
                                    $techmap674000$abc$664252$lut$aiger664251$37054.A[4]     33 10.4ms
                                                                        matvec.hq_lo[15]     36 10.4ms
                                                                        loader.h_len[12]     16 10.4ms
                                         $techmap674099$abc$664252$lut$aiger$o38593.A[1]     32 10.4ms
                  $techmap673257$auto$abc_ops_reintegrate.cc:611:reintegrate$666099.A[4]     19 10.4ms
                  $techmap671817$auto$abc_ops_reintegrate.cc:611:reintegrate$666713.A[1]     62 10.4ms
                  $techmap674085$auto$abc_ops_reintegrate.cc:611:reintegrate$665950.A[3]     24 10.2ms
                                                          ddr3.idelay_data_cntvaluein[1]     20 10.2ms
                                                                         ddr3.bitslip[1]     18 10.2ms
                                                                        loader.h_addr[8]     16 10.2ms
                  $techmap672111$auto$abc_ops_reintegrate.cc:611:reintegrate$666494.A[3]     35 10.2ms
                  $techmap674761$auto$abc_ops_reintegrate.cc:611:reintegrate$665760.A[1]     21 10.2ms
                                                                        matvec.hq_hi[56]     32 10.2ms
                                    $techmap674143$abc$664252$lut$aiger664251$38755.A[5]     31 10.1ms
                                    $techmap673997$abc$664252$lut$aiger664251$37037.A[1]     18 10.1ms
                                    $techmap674060$abc$664252$lut$aiger664251$37338.A[1]     34 10.1ms
                                            $auto$alumacc.cc:548:replace_alu$93121.Y[24]      2 10.1ms
                                    $techmap673788$abc$664252$lut$aiger664251$35680.A[1]     15 10.1ms
                              $abc$664252$auto$opt_dff.cc:319:make_patterns_logic$103810      7 10.0ms
                                                                        matvec.hq_lo[48]     25 10.0ms
                                                                         loader.h_len[7]     15 10.0ms
                  $techmap673156$auto$abc_ops_reintegrate.cc:611:reintegrate$666179.A[3]     16 10.0ms
                                                                        matvec.hq_lo[50]     27 10.0ms
                                                                         loader.h_len[4]     14 10.0ms
                  $techmap674204$auto$abc_ops_reintegrate.cc:611:reintegrate$665910.A[3]     34 10.0ms
                                                                  matvec.result_index[5]     12 9.9ms
                                                                        matvec.hq_lo[57]     34 9.9ms
                  $techmap675672$auto$abc_ops_reintegrate.cc:611:reintegrate$665508.A[2]     16 9.8ms
                  $techmap673320$auto$abc_ops_reintegrate.cc:611:reintegrate$666063.A[5]     18 9.8ms
                                    $techmap673790$abc$664252$lut$aiger664251$35682.A[0]     18 9.8ms
                                                                        matvec.hq_lo[19]     22 9.8ms
                                                                        matvec.hq_lo[47]     40 9.8ms
                                                                        loader.h_addr[7]     14 9.8ms
                  $techmap676021$auto$abc_ops_reintegrate.cc:611:reintegrate$665386.A[0]     10 9.7ms
                                                                         matvec.hq_lo[8]     27 9.7ms
                                                                        matvec.hq_hi[10]     26 9.7ms
                  $techmap674663$auto$abc_ops_reintegrate.cc:611:reintegrate$665776.A[2]     16 9.7ms
                                                                        loader.h_addr[5]     14 9.6ms
                                                                        matvec.hq_lo[26]     25 9.6ms
                                                                   ddr3.iserdes_data[97]      2 9.5ms
                                                                        matvec.hq_lo[30]     35 9.5ms
                                                                         ddr3.bitslip[0]     18 9.5ms
                                                                       loader.h_addr[27]     12 9.5ms
                                                                       loader.h_addr[15]     13 9.4ms
                                                          ddr3.idelay_data_cntvaluein[3]     20 9.4ms
                                                          ddr3.idelay_data_cntvaluein[0]     21 9.4ms
                                    $techmap672107$abc$664252$lut$aiger664251$34825.A[1]     35 9.3ms
                                         $techmap680421$abc$664252$lut$aiger$o36973.A[1]     29 9.3ms
                                                                       loader.h_addr[19]     12 9.3ms
                                         $techmap682033$abc$664252$lut$aiger$o30248.A[3]     25 9.3ms
                                                                        matvec.hq_lo[27]     22 9.3ms
                  $techmap675357$auto$abc_ops_reintegrate.cc:611:reintegrate$665606.A[2]     16 9.3ms
                  $techmap678776$auto$abc_ops_reintegrate.cc:611:reintegrate$664500.A[3]     18 9.3ms
                  $techmap675859$auto$abc_ops_reintegrate.cc:611:reintegrate$665445.A[2]      5 9.3ms
                                    $techmap673676$abc$664252$lut$aiger664251$23765.A[1]     23 9.3ms
                  $techmap676734$auto$abc_ops_reintegrate.cc:611:reintegrate$665089.A[1]     23 9.3ms
                                           ddr3.ddr3_controller_inst.stage1_next_bank[2]     16 9.3ms
                  $techmap673156$auto$abc_ops_reintegrate.cc:611:reintegrate$666179.A[4]     18 9.3ms
                  $techmap673316$auto$abc_ops_reintegrate.cc:611:reintegrate$666066.A[4]     18 9.2ms
                  $techmap674834$auto$abc_ops_reintegrate.cc:611:reintegrate$665741.A[0]     10 9.2ms
                               $abc$664252$auto$opt_dff.cc:336:make_patterns_logic$81850      7 9.2ms
                                         $techmap679866$abc$664252$lut$aiger$o27500.A[0]     32 9.2ms
                                                                        matvec.hq_hi[51]     24 9.2ms
                                                                        matvec.hq_lo[56]     29 9.2ms
                                                                 $abc$664252$aiger$i9954      2 9.2ms
                  $techmap671906$auto$abc_ops_reintegrate.cc:611:reintegrate$666624.A[1]     13 9.2ms
                                                                        matvec.hq_lo[60]     17 9.2ms
                                                                       loader.h_addr[10]     16 9.2ms
                                                                        matvec.hq_hi[55]     38 9.1ms
                                                                               debug1[4]     17 9.1ms
                               $abc$664252$auto$opt_dff.cc:336:make_patterns_logic$81663     32 9.1ms
                  $techmap677889$auto$abc_ops_reintegrate.cc:611:reintegrate$664716.A[2]     13 9.1ms
                                         $techmap679789$abc$664252$lut$aiger$o31636.A[4]     31 9.1ms
                                    $techmap675003$abc$664252$lut$aiger664251$46438.A[3]     11 9.0ms
                                         $techmap682273$abc$664252$lut$aiger$o31049.A[3]     33 9.0ms
                  $techmap676521$auto$abc_ops_reintegrate.cc:611:reintegrate$665181.A[0]     13 8.9ms
                                                                        loader.h_addr[9]     16 8.9ms
                                                                       loader.h_addr[30]     13 8.9ms
                  $techmap673671$auto$abc_ops_reintegrate.cc:611:reintegrate$666007.A[1]     20 8.9ms
                                                                        matvec.hq_hi[40]     30 8.9ms
                                      ddr3.ddr3_controller_inst.write_by_byte_counter[3]     21 8.9ms
                                                                        loader.h_addr[4]     14 8.9ms
                               $abc$664252$auto$opt_dff.cc:336:make_patterns_logic$84043     32 8.9ms
                  $techmap676589$auto$abc_ops_reintegrate.cc:611:reintegrate$665148.A[4]      5 8.9ms
                               $abc$664252$auto$opt_dff.cc:336:make_patterns_logic$82924     32 8.9ms
                  $techmap671901$auto$abc_ops_reintegrate.cc:611:reintegrate$666629.A[1]     14 8.9ms
                                                ddr3.ddr3_controller_inst.stage2_bank[2]     19 8.8ms
                  $techmap672748$auto$abc_ops_reintegrate.cc:611:reintegrate$666224.A[1]     27 8.8ms
                  $techmap673358$auto$abc_ops_reintegrate.cc:611:reintegrate$666048.A[2]     22 8.8ms
                                         $techmap680340$abc$664252$lut$aiger$o35864.A[2]     31 8.8ms
                                                                       loader.h_addr[23]     12 8.8ms
                               $abc$664252$auto$opt_dff.cc:319:make_patterns_logic$84468     32 8.8ms
                                                                       loader.h_addr[21]     12 8.7ms
                                                                         matvec.hq_hi[1]     35 8.7ms
                                                                       loader.h_addr[22]     13 8.7ms
                                                                        loader.h_addr[0]     14 8.7ms
                                    $techmap684056$abc$664252$lut$aiger664251$54140.A[4]      1 8.7ms
                                                ddr3.ddr3_controller_inst.stage2_bank[0]     15 8.7ms
                                            $techmap228277$auto$ff.cc:337:slice$115321.D     15 8.7ms
                                            $techmap227203$auto$ff.cc:337:slice$118033.D      4 8.7ms
                               $abc$664252$auto$opt_dff.cc:336:make_patterns_logic$83915     32 8.7ms
                  $techmap674425$auto$abc_ops_reintegrate.cc:611:reintegrate$665849.A[1]     16 8.6ms
                                                                       loader.h_addr[12]     15 8.6ms
                                                                       loader.h_addr[20]     12 8.6ms
                                                                         loader.h_len[5]     15 8.6ms
                                                                        matvec.hq_lo[32]     32 8.6ms
                  $techmap674098$auto$abc_ops_reintegrate.cc:611:reintegrate$665944.A[2]     33 8.6ms
                                                                        matvec.hq_hi[44]     15 8.5ms
                                                                  ddr3.iserdes_data[118]      2 8.5ms
                                    $techmap674345$abc$664252$lut$aiger664251$40570.A[0]      9 8.5ms
                                                          ddr3.idelay_data_cntvaluein[2]     20 8.5ms
                                                                         loader.h_len[6]     14 8.5ms
                                            ddr3.ddr3_controller_inst.dqs_start_index[2]     20 8.5ms
                                        ddr3.ddr3_controller_inst.instruction_address[0]     19 8.4ms
                                    $techmap673801$abc$664252$lut$aiger664251$35706.A[1]     21 8.4ms
                                                                       loader.h_addr[18]     11 8.4ms
                                                                        loader.h_len[13]     16 8.4ms
                                        ddr3.ddr3_controller_inst.instruction_address[1]     21 8.3ms
                                         $techmap681831$abc$664252$lut$aiger$o29833.A[3]     34 8.3ms
                  $techmap673671$auto$abc_ops_reintegrate.cc:611:reintegrate$666007.A[0]     21 8.3ms
                  $techmap679132$auto$abc_ops_reintegrate.cc:611:reintegrate$664361.A[2]     17 8.3ms
                                                                       loader.h_addr[26]     11 8.3ms
                                     ddr3.ddr3_controller_inst.stage2_data_unaligned[65]      7 8.3ms
                                                                   loader.stage_word[14]      2 8.3ms
                  $techmap672739$auto$abc_ops_reintegrate.cc:611:reintegrate$666230.A[4]     20 8.2ms
                  $techmap673702$auto$abc_ops_reintegrate.cc:611:reintegrate$666002.A[1]     20 8.2ms
                                             $auto$alumacc.cc:548:replace_alu$93121.Y[6]      2 8.2ms
                                                                         matvec.hq_lo[9]     33 8.2ms
                                         $techmap680603$abc$664252$lut$aiger$o37241.A[1]     32 8.1ms
                                    $techmap673401$abc$664252$lut$aiger664251$33633.A[0]     13 8.1ms
                                                                         loader.h_len[3]     14 8.1ms
                                                                        matvec.hq_hi[28]     16 8.1ms
                                                                        loader.h_len[11]     15 8.1ms
                  $techmap673772$auto$abc_ops_reintegrate.cc:611:reintegrate$665978.A[4]      8 8.0ms
                  $techmap674172$auto$abc_ops_reintegrate.cc:611:reintegrate$665921.A[2]     16 8.0ms
                  $techmap674113$auto$abc_ops_reintegrate.cc:611:reintegrate$665938.A[2]     33 7.9ms
                                                                        loader.h_addr[1]     12 7.9ms
                                    $techmap677404$abc$664252$lut$aiger664251$68512.A[4]      1 7.9ms
                  $techmap672970$auto$abc_ops_reintegrate.cc:611:reintegrate$666199.A[2]      6 7.9ms
                                                                        matvec.hq_hi[50]     27 7.9ms
                  $techmap673714$auto$abc_ops_reintegrate.cc:611:reintegrate$665997.A[1]     14 7.9ms
                                                                        matvec.hq_lo[44]     17 7.9ms
                  $techmap671921$auto$abc_ops_reintegrate.cc:611:reintegrate$666609.A[1]      5 7.9ms
                                                                $abc$664252$aiger$i10720      3 7.8ms
                                                                        matvec.hq_lo[52]     19 7.8ms
                  $techmap672552$auto$abc_ops_reintegrate.cc:611:reintegrate$666333.A[2]     18 7.8ms
                  $techmap676202$auto$abc_ops_reintegrate.cc:611:reintegrate$665298.A[2]      5 7.8ms
                                                                        matvec.hq_hi[42]     25 7.8ms
                  $techmap675017$auto$abc_ops_reintegrate.cc:611:reintegrate$665694.A[2]     31 7.8ms
                                                                        matvec.hq_hi[33]     34 7.8ms
                                                                        matvec.hq_lo[11]     19 7.8ms
                  $techmap674406$auto$abc_ops_reintegrate.cc:611:reintegrate$665857.A[2]     30 7.8ms
                               $abc$664252$auto$opt_dff.cc:319:make_patterns_logic$84434     32 7.7ms
                                                                       loader.h_addr[25]     12 7.7ms
                               $abc$664252$auto$opt_dff.cc:336:make_patterns_logic$83170      8 7.7ms
                                    $techmap677607$abc$664252$lut$aiger664251$70678.A[5]      1 7.7ms
                                    $techmap680702$abc$664252$lut$aiger664251$38057.A[4]     26 7.7ms
                               $abc$664252$auto$opt_dff.cc:336:make_patterns_logic$81803     32 7.7ms
                  $techmap673336$auto$abc_ops_reintegrate.cc:611:reintegrate$666053.A[1]      9 7.6ms
                                    $techmap673048$abc$664252$lut$aiger664251$30518.A[0]      9 7.6ms
                                         $techmap680337$abc$664252$lut$aiger$o33085.A[0]     23 7.6ms
                                                                       loader.h_addr[17]     12 7.6ms
                                 ddr3.ddr3_controller_inst.check_test_address_counter[5]     12 7.6ms
                  $techmap673427$auto$abc_ops_reintegrate.cc:611:reintegrate$666043.A[1]     17 7.6ms
                                                                        matvec.hq_hi[18]     27 7.6ms
                  $techmap672758$auto$abc_ops_reintegrate.cc:611:reintegrate$666219.A[3]      9 7.5ms
                                         $techmap680698$abc$664252$lut$aiger$o34070.A[1]     32 7.5ms
                                                                        loader.h_addr[6]     14 7.4ms
                                                                        matvec.hq_lo[46]     39 7.4ms
                                                                       loader.h_addr[29]     10 7.4ms
                  $techmap671816$auto$abc_ops_reintegrate.cc:611:reintegrate$666714.A[2]      9 7.4ms
                  $techmap671907$auto$abc_ops_reintegrate.cc:611:reintegrate$666623.A[1]     13 7.4ms
                                                 ddr3.ddr3_controller_inst.stage2_do_act     13 7.4ms
                                                                        matvec.hq_hi[43]     25 7.4ms
                               $abc$664252$auto$opt_dff.cc:336:make_patterns_logic$83024     31 7.4ms
                                                                        loader.h_len[15]     15 7.4ms
                               $abc$664252$auto$opt_dff.cc:336:make_patterns_logic$82845     16 7.4ms
                  $techmap676724$auto$abc_ops_reintegrate.cc:611:reintegrate$665095.A[3]     18 7.4ms
                                                ddr3.ddr3_controller_inst.stage2_row[13]     10 7.4ms
                                                                  matvec.result_index[0]      4 7.4ms
                                         $techmap680425$abc$664252$lut$aiger$o35393.A[1]     32 7.4ms
                  $techmap671858$auto$abc_ops_reintegrate.cc:611:reintegrate$666672.A[1]      5 7.4ms
                  $techmap675547$auto$abc_ops_reintegrate.cc:611:reintegrate$665546.A[0]     10 7.4ms
                                                                         matvec.hq_lo[4]     16 7.4ms
                                    $techmap676373$abc$664252$lut$aiger664251$58026.A[4]     11 7.3ms
                                                                  ddr3.iserdes_data[102]      2 7.3ms
                  $techmap678776$auto$abc_ops_reintegrate.cc:611:reintegrate$664500.A[4]      8 7.3ms
                                                                        loader.h_len[14]     15 7.3ms
                               $abc$664252$auto$opt_dff.cc:336:make_patterns_logic$82993      8 7.3ms
                                    $techmap676393$abc$664252$lut$aiger664251$58103.A[4]      1 7.3ms
                                                                             wr_addr[19]      5 7.2ms
                                           ddr3.ddr3_controller_inst.stage1_next_row[13]     10 7.2ms
                  $techmap676743$auto$abc_ops_reintegrate.cc:611:reintegrate$665084.A[1]     12 7.2ms
                                                                        matvec.hq_lo[10]     29 7.2ms
                  $techmap671913$auto$abc_ops_reintegrate.cc:611:reintegrate$666617.A[1]     11 7.1ms
                                                                         master.outst[0]      4 7.1ms
                  $techmap674798$auto$abc_ops_reintegrate.cc:611:reintegrate$665753.A[1]     10 7.1ms
                                                                         loader.h_len[0]     14 7.1ms
                                    $techmap673418$abc$664252$lut$aiger664251$25590.A[2]     17 7.1ms
                                                                $abc$664252$aiger$i10724      3 7.1ms
                                    $techmap674126$abc$664252$lut$aiger664251$38189.A[2]     18 7.1ms
                               $abc$664252$auto$opt_dff.cc:336:make_patterns_logic$82976      8 7.0ms
                  $techmap673720$auto$abc_ops_reintegrate.cc:611:reintegrate$665994.A[1]     12 7.0ms
                  $techmap677347$auto$abc_ops_reintegrate.cc:611:reintegrate$664868.A[3]     17 7.0ms
                                            $auto$alumacc.cc:548:replace_alu$93121.Y[31]      2 7.0ms
                  $techmap677331$auto$abc_ops_reintegrate.cc:611:reintegrate$664871.A[3]     18 7.0ms
                  $techmap679176$auto$abc_ops_reintegrate.cc:611:reintegrate$664335.A[4]     14 7.0ms
                  $techmap671863$auto$abc_ops_reintegrate.cc:611:reintegrate$666667.A[1]      5 7.0ms
                  $techmap678964$auto$abc_ops_reintegrate.cc:611:reintegrate$664425.A[3]     18 6.9ms
                               $abc$664252$auto$opt_dff.cc:336:make_patterns_logic$81905     32 6.9ms
                                                                   loader.stage_word[30]      2 6.9ms
                                                                        matvec.hq_hi[11]     25 6.9ms
                                                                              rd_addr[8]      4 6.9ms
                                                                       loader.h_addr[11]     16 6.9ms
                                            $auto$alumacc.cc:548:replace_alu$93121.Y[13]      2 6.9ms
                                                                         loader.h_seq[2]      5 6.8ms
                               $abc$664252$auto$opt_dff.cc:336:make_patterns_logic$81590     32 6.8ms
                                                                        loader.h_len[10]     15 6.8ms
                                    $techmap674063$abc$664252$lut$aiger664251$37350.A[0]     18 6.8ms
                  $techmap671924$auto$abc_ops_reintegrate.cc:611:reintegrate$666606.A[1]      5 6.8ms
                               $abc$664252$auto$opt_dff.cc:336:make_patterns_logic$81535     40 6.8ms
                                                                  $abc$664252$aiger$o108      4 6.8ms
        $abc$664252$flatten\master.$logic_and$build/t27/specs/rtl/fpga_loader_wb.v:507$9442_Y     32 6.8ms
                  $techmap673089$auto$abc_ops_reintegrate.cc:611:reintegrate$666181.A[1]      3 6.8ms
                                                                   ddr3.iserdes_data[64]      2 6.8ms
                  $techmap674298$auto$abc_ops_reintegrate.cc:611:reintegrate$665894.A[2]      7 6.8ms
                               $abc$664252$auto$opt_dff.cc:336:make_patterns_logic$83109      9 6.8ms
                  $techmap674165$auto$abc_ops_reintegrate.cc:611:reintegrate$665927.A[2]     17 6.7ms
                                                                 $abc$664252$aiger$o1010      8 6.7ms
                                                                         matvec.hq_hi[5]     40 6.7ms
                                                                     ddr3.dq_tri_control     18 6.7ms
                                     ddr3.ddr3_controller_inst.stage2_data_unaligned[64]      8 6.7ms
                                             $auto$alumacc.cc:548:replace_alu$93121.Y[7]      2 6.7ms
                  $techmap678077$auto$abc_ops_reintegrate.cc:611:reintegrate$664669.A[3]     18 6.7ms
                                            $techmap227204$auto$ff.cc:337:slice$118032.D      4 6.7ms
                                    ddr3.ddr3_controller_inst.stage2_data_unaligned[111]      7 6.7ms
                                                                   ddr3.iserdes_data[38]      2 6.7ms
                                                                        arbiter.handover     32 6.6ms
                                                                             rd_addr[18]      4 6.6ms
        $abc$664252$flatten\loader.$logic_and$build/t27/specs/rtl/fpga_ddr3_loader.v:1618$920_Y     32 6.6ms
                  $techmap673714$auto$abc_ops_reintegrate.cc:611:reintegrate$665997.A[3]     10 6.6ms
                  $techmap671861$auto$abc_ops_reintegrate.cc:611:reintegrate$666669.A[1]      5 6.6ms
                                                                         matvec.hq_hi[3]     23 6.6ms
                              $abc$664252$auto$opt_dff.cc:319:make_patterns_logic$103807      7 6.6ms
                  $techmap676277$auto$abc_ops_reintegrate.cc:611:reintegrate$665269.A[1]      7 6.6ms
                                    ddr3.ddr3_controller_inst.calib_data_randomized[105]     11 6.5ms
                                                                             rd_addr[24]      3 6.5ms
                                                                        matvec.hq_lo[12]     15 6.5ms
                              $abc$664252$auto$opt_dff.cc:319:make_patterns_logic$103779     10 6.5ms
                                                                       loader.h_addr[16]     11 6.5ms
                                            $techmap227206$auto$ff.cc:337:slice$118030.D      4 6.5ms
                                                                         matvec.hq_hi[4]     16 6.4ms
                  $techmap671856$auto$abc_ops_reintegrate.cc:611:reintegrate$666674.A[1]      5 6.4ms
                                    $techmap674060$abc$664252$lut$aiger664251$37338.A[0]     30 6.4ms
                  $techmap673409$auto$abc_ops_reintegrate.cc:611:reintegrate$666045.A[4]      8 6.4ms
                  $techmap675997$auto$abc_ops_reintegrate.cc:611:reintegrate$665398.A[3]     18 6.4ms
                  $techmap674390$auto$abc_ops_reintegrate.cc:611:reintegrate$665863.A[2]     19 6.4ms
                                    $techmap672709$abc$664252$lut$aiger664251$23341.A[1]     12 6.4ms
                                            ddr3.ddr3_controller_inst.stage1_next_row[8]     11 6.4ms
                                    $techmap673797$abc$664252$lut$aiger664251$35693.A[2]     12 6.4ms
                                                  ddr3.ddr3_controller_inst.prep_done[1]     16 6.3ms
                                      ddr3.ddr3_controller_inst.calib_data_randomized[0]     10 6.3ms
                                                                       loader.h_addr[24]     12 6.3ms
                                            $techmap227529$auto$ff.cc:337:slice$116567.D     22 6.3ms
                                    $techmap674003$abc$664252$lut$aiger664251$37068.A[4]     16 6.3ms
                                            $auto$alumacc.cc:548:replace_alu$93121.Y[14]      2 6.3ms
                                                                        matvec.hq_hi[20]     13 6.3ms
                                                  $techmap671796\loader.fifo.0.0.ENBWREN      3 6.3ms
                  $techmap673702$auto$abc_ops_reintegrate.cc:611:reintegrate$666002.A[0]     10 6.2ms
                                                                        loader.h_crc[28]      4 6.2ms
                  $techmap672111$auto$abc_ops_reintegrate.cc:611:reintegrate$666494.A[2]     35 6.2ms
                                                                             rd_addr[26]      4 6.2ms
                  $techmap672748$auto$abc_ops_reintegrate.cc:611:reintegrate$666224.A[3]      9 6.2ms
                  $techmap674388$auto$abc_ops_reintegrate.cc:611:reintegrate$665864.A[1]     10 6.2ms
                                      ddr3.ddr3_controller_inst.stage2_data_unaligned[9]      8 6.2ms
                                                                       loader.resp_a[16]      2 6.2ms
                  $techmap674110$auto$abc_ops_reintegrate.cc:611:reintegrate$665940.A[1]      9 6.2ms
                                           ddr3.ddr3_controller_inst.added_read_pipe_max     13 6.2ms
                                    $techmap677091$abc$664252$lut$aiger664251$65136.A[2]     32 6.2ms
                                                                    loader.stage_word[7]      2 6.2ms
                  $techmap676038$auto$abc_ops_reintegrate.cc:611:reintegrate$665376.A[0]      8 6.1ms
                                                                             rd_addr[25]      4 6.1ms
                                           ddr3.ddr3_controller_inst.stage1_next_row[11]     10 6.1ms
                  $techmap672754$auto$abc_ops_reintegrate.cc:611:reintegrate$666221.A[3]      9 6.1ms
                                                                        matvec.hq_lo[36]     15 6.1ms
                                    $techmap673807$abc$664252$lut$aiger664251$35715.A[1]      9 6.1ms
                                    $techmap673804$abc$664252$lut$aiger664251$35709.A[1]     10 6.1ms
                  $techmap673012$auto$abc_ops_reintegrate.cc:611:reintegrate$666192.A[1]     10 6.0ms
                                            $auto$alumacc.cc:548:replace_alu$93121.Y[29]      2 6.0ms
                                                                         loader.h_crc[9]      5 6.0ms
                                    $techmap673812$abc$664252$lut$aiger664251$35733.A[1]     10 6.0ms
                                                                        loader.h_crc[13]      5 6.0ms
                  $techmap673321$auto$abc_ops_reintegrate.cc:611:reintegrate$666062.A[2]      7 6.0ms
                                                                   loader.stage_word[10]      2 6.0ms
                                    $techmap672818$abc$664252$lut$aiger664251$27782.A[0]      9 6.0ms
                                                                       loader.resp_a[13]      2 6.0ms
                                                                         loader.h_len[1]     14 5.9ms
                                    $techmap673821$abc$664252$lut$aiger664251$35757.A[3]      8 5.9ms
                  $techmap673716$auto$abc_ops_reintegrate.cc:611:reintegrate$665996.A[2]     15 5.9ms
                                                                      master.rd_word[11]      1 5.9ms
                                    $techmap676366$abc$664252$lut$aiger664251$58035.A[5]     16 5.9ms
                                     ddr3.ddr3_controller_inst.stage2_data_unaligned[32]      8 5.9ms
                  $techmap671919$auto$abc_ops_reintegrate.cc:611:reintegrate$666611.A[0]      4 5.9ms
                               $abc$664252$auto$opt_dff.cc:336:make_patterns_logic$84004     32 5.9ms
                  $techmap672125$auto$abc_ops_reintegrate.cc:611:reintegrate$666480.A[0]     10 5.9ms
                                            ddr3.ddr3_controller_inst.stage1_next_row[0]     11 5.9ms
                               $abc$664252$auto$opt_dff.cc:336:make_patterns_logic$84160     32 5.9ms
                  $techmap672142$auto$abc_ops_reintegrate.cc:611:reintegrate$666463.A[0]      9 5.9ms
                                         $techmap683447$abc$664252$lut$aiger$o33884.A[0]      1 5.9ms
                              $abc$664252$auto$opt_dff.cc:319:make_patterns_logic$103826      7 5.9ms
                                                                        matvec.hq_hi[60]     14 5.8ms
                                                                        matvec.hq_hi[52]     17 5.8ms
                                      ddr3.ddr3_controller_inst.stage2_data_unaligned[4]      8 5.8ms
                  $techmap678394$auto$abc_ops_reintegrate.cc:611:reintegrate$664612.A[2]      8 5.8ms
                                                                 $abc$664252$aiger$o1008      8 5.8ms
                  $techmap672702$auto$abc_ops_reintegrate.cc:611:reintegrate$666237.A[3]     12 5.8ms
                  $techmap676242$auto$abc_ops_reintegrate.cc:611:reintegrate$665281.A[0]     10 5.8ms
                                    $techmap674214$abc$664252$lut$aiger664251$39906.A[2]      9 5.8ms
                                    $techmap674788$abc$664252$lut$aiger664251$45106.A[5]      3 5.8ms
                                    $techmap676958$abc$664252$lut$aiger664251$63499.A[3]      1 5.8ms
                                         $techmap672926$abc$664252$lut$aiger$o29994.A[1]     13 5.7ms
                  $techmap675896$auto$abc_ops_reintegrate.cc:611:reintegrate$665429.A[3]     18 5.7ms
                                                                        matvec.hq_hi[12]     17 5.7ms
                                                                        matvec.hq_lo[59]     22 5.7ms
                               $abc$664252$auto$opt_dff.cc:336:make_patterns_logic$84082     32 5.7ms
                                                                 $abc$664252$aiger$o1188      8 5.7ms
                                         $techmap680911$abc$664252$lut$aiger$o33579.A[3]     30 5.7ms
                  $techmap678964$auto$abc_ops_reintegrate.cc:611:reintegrate$664425.A[4]      8 5.7ms
                                                 ddr3.ddr3_controller_inst.stage2_row[0]     11 5.7ms
                                         $techmap679869$abc$664252$lut$aiger$o27507.A[1]     24 5.7ms
                                    $techmap673821$abc$664252$lut$aiger664251$35757.A[4]      9 5.6ms
                               $abc$664252$auto$opt_dff.cc:336:make_patterns_logic$82049     32 5.6ms
                                                                           matvec.pr6[8]      3 5.6ms
                  $techmap675437$auto$abc_ops_reintegrate.cc:611:reintegrate$665583.A[1]     11 5.6ms
                                    $techmap680194$abc$664252$lut$aiger664251$29568.A[1]     15 5.6ms
                                    ddr3.ddr3_controller_inst.calib_data_randomized[103]      9 5.6ms
                  $techmap672157$auto$abc_ops_reintegrate.cc:611:reintegrate$666448.A[0]      9 5.6ms
                  $techmap671900$auto$abc_ops_reintegrate.cc:611:reintegrate$666630.A[1]     12 5.6ms
                                         $techmap680746$abc$664252$lut$aiger$o36070.A[1]      7 5.5ms
                              $abc$664252$auto$opt_dff.cc:319:make_patterns_logic$103782     10 5.5ms
              $techmap89655$flatten\resetgen.$lt$build/t27/specs/rtl/fpga_reset.v:94$8.Y     33 5.5ms
                  $techmap672776$auto$abc_ops_reintegrate.cc:611:reintegrate$666208.A[1]      6 5.5ms
                  $techmap672969$auto$abc_ops_reintegrate.cc:611:reintegrate$666200.A[1]     10 5.5ms
                               $abc$664252$auto$opt_dff.cc:336:make_patterns_logic$81767      3 5.5ms
                                    ddr3.ddr3_controller_inst.stage2_data_unaligned[113]      7 5.5ms
                                     ddr3.ddr3_controller_inst.stage2_data_unaligned[33]      7 5.5ms
                               $abc$664252$auto$opt_dff.cc:336:make_patterns_logic$84056     32 5.5ms
                                                                         loader.h_crc[5]      5 5.5ms
                                     ddr3.ddr3_controller_inst.stage2_data_unaligned[52]      6 5.4ms
                                    ddr3.ddr3_controller_inst.calib_data_randomized[101]     11 5.4ms
                  $techmap671921$auto$abc_ops_reintegrate.cc:611:reintegrate$666609.A[0]      4 5.4ms
                                       ddr3.ddr3_controller_inst.bank_active_row_d[5][9]      4 5.4ms
                                                                    loader.resp_bits[12]      1 5.4ms
                  $techmap671920$auto$abc_ops_reintegrate.cc:611:reintegrate$666610.A[1]      5 5.4ms
                                    $techmap674214$abc$664252$lut$aiger664251$39906.A[4]     13 5.4ms
                                    ddr3.ddr3_controller_inst.stage2_data_unaligned[120]      7 5.4ms
                                                                              mv_s_b[33]      1 5.4ms
                                           $abc$664252$auto$rtlil.cc:3504:NotGate$214543      2 5.3ms
                                            ddr3.ddr3_controller_inst.stage1_next_row[6]     11 5.3ms
                                                 ddr3.ddr3_controller_inst.stage2_row[6]     11 5.3ms
                                    $techmap678375$abc$664252$lut$aiger664251$76472.A[1]      2 5.3ms
                                                                              rd_addr[2]      9 5.3ms
                                    $techmap673312$abc$664252$lut$aiger664251$33158.A[1]      9 5.2ms
                                         ddr3.ddr3_controller_inst.delay_counter_is_zero     20 5.2ms
                                         $techmap681874$abc$664252$lut$aiger$o29916.A[1]      2 5.2ms
                              $abc$664252$auto$opt_dff.cc:319:make_patterns_logic$103823      7 5.2ms
                  $techmap676044$auto$abc_ops_reintegrate.cc:611:reintegrate$665371.A[0]      6 5.2ms
                  $techmap671903$auto$abc_ops_reintegrate.cc:611:reintegrate$666627.A[1]     14 5.2ms
                                    ddr3.ddr3_controller_inst.calib_data_randomized[123]     10 5.2ms
                                            $techmap229045$auto$ff.cc:337:slice$104718.D     10 5.2ms
                  $techmap676983$auto$abc_ops_reintegrate.cc:611:reintegrate$664993.A[4]      5 5.2ms
                                           ddr3.ddr3_controller_inst.stage1_next_row[14]     10 5.2ms
                                    $techmap675992$abc$664252$lut$aiger664251$33821.A[1]     11 5.2ms
                                    $techmap673685$abc$664252$lut$aiger664251$34740.A[2]     33 5.2ms
                                     ddr3.ddr3_controller_inst.stage2_data_unaligned[50]      5 5.2ms
                                            ddr3.ddr3_controller_inst.stage1_next_row[7]     11 5.1ms
                                                                   ddr3.iserdes_data[22]      2 5.1ms
                                    $techmap674133$abc$664252$lut$aiger664251$37673.A[2]      3 5.1ms
                                                                       loader.h_addr[14]     12 5.1ms
                                    $techmap673793$abc$664252$lut$aiger664251$35685.A[1]      9 5.1ms
                                                                             rd_addr[15]      4 5.1ms
                                    $techmap676358$abc$664252$lut$aiger664251$47330.A[2]     16 5.1ms
                                                                   ddr3.iserdes_data[11]      2 5.1ms
                                    $techmap673807$abc$664252$lut$aiger664251$35715.A[2]      8 5.1ms
                                     ddr3.ddr3_controller_inst.stage2_data_unaligned[49]      7 5.1ms
                  $techmap672167$auto$abc_ops_reintegrate.cc:611:reintegrate$666438.A[0]      9 5.1ms
                  $techmap675919$auto$abc_ops_reintegrate.cc:611:reintegrate$665422.A[2]      9 5.1ms
                                                                         matvec.sub_q[7]      9 5.1ms
                                                                         matvec.sub_q[6]      9 5.1ms
                                                                              rd_addr[1]      9 5.1ms
                                    $techmap676807$abc$664252$lut$aiger664251$62117.A[3]      2 5.1ms
                  $techmap672768$auto$abc_ops_reintegrate.cc:611:reintegrate$666212.A[2]      9 5.1ms
                               $abc$664252$auto$opt_dff.cc:336:make_patterns_logic$84487     32 5.1ms
                  $techmap678783$auto$abc_ops_reintegrate.cc:611:reintegrate$664497.A[3]     11 5.0ms
                                    $techmap676369$abc$664252$lut$aiger664251$58030.A[1]      9 5.0ms
                                                ddr3.ddr3_controller_inst.stage2_row[14]     10 5.0ms
                                                                 $abc$664252$aiger$i9950      2 5.0ms
                  $techmap678204$auto$abc_ops_reintegrate.cc:611:reintegrate$664651.A[1]      3 5.0ms
                                     ddr3.ddr3_controller_inst.stage2_data_unaligned[84]      6 5.0ms
                  $techmap674677$auto$abc_ops_reintegrate.cc:611:reintegrate$665769.A[2]      7 5.0ms
                  $techmap673318$auto$abc_ops_reintegrate.cc:611:reintegrate$666065.A[1]      8 5.0ms
                                                                   loader.stage_word[25]      2 5.0ms
                  $techmap677140$auto$abc_ops_reintegrate.cc:611:reintegrate$664937.A[1]     11 5.0ms
                  $techmap675756$auto$abc_ops_reintegrate.cc:611:reintegrate$665475.A[1]      7 5.0ms
                  $techmap671911$auto$abc_ops_reintegrate.cc:611:reintegrate$666619.A[1]     13 5.0ms
                                                                 $abc$664252$aiger$o1009      8 5.0ms
                                    $techmap679997$abc$664252$lut$aiger664251$56094.A[2]      9 4.9ms
                                                                $abc$664252$aiger$i10716      3 4.9ms
                                            $techmap225265$auto$ff.cc:337:slice$129394.D     10 4.9ms
                                 ddr3.ddr3_controller_inst.check_test_address_counter[2]     10 4.9ms
                               $abc$664252$auto$opt_dff.cc:336:make_patterns_logic$84516     32 4.9ms
                                            ddr3.ddr3_controller_inst.stage1_next_row[1]     11 4.9ms
                                    $techmap673802$abc$664252$lut$aiger664251$35707.A[1]     13 4.9ms
                                                                        matvec.c_wir[30]      2 4.9ms
                  $techmap671904$auto$abc_ops_reintegrate.cc:611:reintegrate$666626.A[1]     13 4.9ms
                  $techmap672134$auto$abc_ops_reintegrate.cc:611:reintegrate$666471.A[0]      8 4.9ms
                                    $techmap674013$abc$664252$lut$aiger664251$37084.A[2]      5 4.9ms
                                                                             rd_addr[13]      4 4.9ms
                                    ddr3.ddr3_controller_inst.stage2_data_unaligned[104]      8 4.9ms
                  $techmap671924$auto$abc_ops_reintegrate.cc:611:reintegrate$666606.A[0]      4 4.9ms
                                                                       loader.resp_a[27]      2 4.8ms
                                                                    ddr3.iserdes_data[7]      2 4.8ms
                                                                        matvec.hq_hi[36]     15 4.8ms
                                                                       loader.clocks[14]      2 4.8ms
                                                                         loader.lcn0[11]      6 4.8ms
                                                                             wr_addr[29]      3 4.8ms
Info: Router2 time 42.47s
Info: Routing $PACKER_VCC_NET connections...
Info:     $PACKER_VCC_NET: 3967/3967 sinks bridged (0 holdouts; max BFS 739)
Info: Routing $PACKER_GND_NET connections...
Info:     $PACKER_GND_NET HOLDOUT: $auto$alumacc.cc:548:replace_alu$92887.genblk1.slice[0].genblk1.carry4.DI1 (bel SLICE_X134Y141/CARRY4, wire SITEWIRE/SLICE_X134Y141/BCY0_OUT)
Info:     $PACKER_GND_NET HOLDOUT: $auto$alumacc.cc:548:replace_alu$92887.genblk1.slice[0].genblk1.carry4.DI2 (bel SLICE_X134Y141/CARRY4, wire SITEWIRE/SLICE_X134Y141/CCY0_OUT)
Info:     $PACKER_GND_NET HOLDOUT: $auto$alumacc.cc:548:replace_alu$92887.genblk1.slice[0].genblk1.carry4.DI3 (bel SLICE_X134Y141/CARRY4, wire SITEWIRE/SLICE_X134Y141/DCY0_OUT)
Info:     $PACKER_GND_NET HOLDOUT: $auto$alumacc.cc:548:replace_alu$92947.genblk1.slice[0].genblk1.carry4$split$11925.DI0 (bel SLICE_X146Y146/CARRY4, wire SITEWIRE/SLICE_X146Y146/ACY0_OUT)
Info:     $PACKER_GND_NET HOLDOUT: $auto$alumacc.cc:548:replace_alu$93055.genblk1.slice[0].genblk1.carry4$split$12021.DI0 (bel SLICE_X118Y141/CARRY4, wire SITEWIRE/SLICE_X118Y141/ACY0_OUT)
Info:     $PACKER_GND_NET HOLDOUT: $auto$alumacc.cc:548:replace_alu$93351.genblk1.slice[0].genblk1.carry4.DI1 (bel SLICE_X134Y181/CARRY4, wire SITEWIRE/SLICE_X134Y181/BCY0_OUT)
Info:     $PACKER_GND_NET HOLDOUT: $auto$alumacc.cc:548:replace_alu$93351.genblk1.slice[0].genblk1.carry4.DI3 (bel SLICE_X134Y181/CARRY4, wire SITEWIRE/SLICE_X134Y181/DCY0_OUT)
Info:     $PACKER_GND_NET HOLDOUT: matvec.acts_hi.0.109/DPR0.DI1 (bel SLICE_X120Y201/A6LUT, wire SITEWIRE/SLICE_X120Y201/ADI1MUX_OUT)
Info:     $PACKER_GND_NET: 3541/3549 sinks bridged (8 holdouts; max BFS 50000)
Info:     $auto$alumacc.cc:548:replace_alu$92887.genblk1.slice[0].genblk1.carry4.DI1 (bel SLICE_X134Y141/CARRY4): CARRY4 DI with S=1 never selected, left unrouted
Info:     $auto$alumacc.cc:548:replace_alu$92887.genblk1.slice[0].genblk1.carry4.DI2 (bel SLICE_X134Y141/CARRY4): CARRY4 DI with S=1 never selected, left unrouted
Info:     $auto$alumacc.cc:548:replace_alu$92887.genblk1.slice[0].genblk1.carry4.DI3 (bel SLICE_X134Y141/CARRY4): CARRY4 DI with S=1 never selected, left unrouted
Info:     $auto$alumacc.cc:548:replace_alu$92947.genblk1.slice[0].genblk1.carry4$split$11925.DI0 (bel SLICE_X146Y146/CARRY4): CARRY4 DI with S=1 never selected, left unrouted
Info:     $auto$alumacc.cc:548:replace_alu$93055.genblk1.slice[0].genblk1.carry4$split$12021.DI0 (bel SLICE_X118Y141/CARRY4): CARRY4 DI with S=1 never selected, left unrouted
Info:     $auto$alumacc.cc:548:replace_alu$93351.genblk1.slice[0].genblk1.carry4.DI1 (bel SLICE_X134Y181/CARRY4): CARRY4 DI with S=1 never selected, left unrouted
Info:     $auto$alumacc.cc:548:replace_alu$93351.genblk1.slice[0].genblk1.carry4.DI3 (bel SLICE_X134Y181/CARRY4): CARRY4 DI with S=1 never selected, left unrouted
Info: Constant fill left 1 sink(s) unreached; driving them from local constant LUTs (pass 1)
Info:     matvec.acts_hi.0.109/DPR0.DI1 <- $PACKER_GND_NET$holdout$0 (bel SLICE_X121Y201/D6LUT)
Info: Running router2...
Info: Setting up routing resources...
Info: Adopted 110849 pre-routed arc(s)
Info: Running main router loop...
Info:     iter=1 wires=459820 overused=1 overuse=1 archfail=NA
Info:     iter=2 wires=459821 overused=0 overuse=0 archfail=0
Info: 1000 slowest nets by runtime:
                                                                                clk_ctrl   9714 16.0ms
        $techmap$techmap224507$auto$ff.cc:337:slice$155243.$auto$abc9_ops.cc:411:prep_bypass$224407.PRE   4754 9.4ms
                                   $auto$memory_libmap.cc:1642:generate_demux$95214.Y[4]    176 6.7ms
                                                                              ddr3.reset   2173 4.4ms
                                                               $PACKER_GND_NET$holdout$0      1 3.9ms
                                                                      matvec.act_addr[4]    924 2.1ms
                                                                      matvec.act_addr[6]    924 1.7ms
                                                                     matvec.aw_stored[2]   1543 1.7ms
                                                                      matvec.act_addr[3]    924 1.7ms
                                                                      matvec.act_addr[2]    924 1.7ms
                                                                      matvec.act_addr[5]    924 1.5ms
                                                                     matvec.aw_stored[5]   1543 1.4ms
                                                                      matvec.act_addr[1]    924 1.3ms
                                                                     matvec.aw_stored[1]   1543 1.3ms
                                                                     matvec.aw_stored[4]   1543 1.3ms
                                                                     matvec.aw_stored[0]   1544 1.3ms
                                                                     matvec.aw_stored[3]   1543 1.2ms
                  $techmap673506$auto$abc_ops_reintegrate.cc:611:reintegrate$666024.A[0]    311 0.7ms
                  $techmap672927$auto$abc_ops_reintegrate.cc:611:reintegrate$666206.A[1]    214 0.6ms
                                    $techmap679980$abc$664252$lut$aiger664251$64098.A[2]    283 0.6ms
                                    $techmap673429$abc$664252$lut$aiger664251$34036.A[0]    310 0.6ms
                  $techmap671816$auto$abc_ops_reintegrate.cc:611:reintegrate$666714.A[0]    183 0.5ms
                                         $techmap680876$abc$664252$lut$aiger$o33531.A[0]    214 0.5ms
                  $techmap673324$auto$abc_ops_reintegrate.cc:611:reintegrate$666060.A[3]    191 0.5ms
                                        ddr3.ddr3_controller_inst.data_start_index[0][4]    202 0.5ms
                                    $techmap679985$abc$664252$lut$aiger664251$64107.A[1]    200 0.5ms
                                    $techmap673681$abc$664252$lut$aiger664251$34729.A[0]    151 0.5ms
                                  $abc$664252$memory\matvec.fq_hi$wren[4][0][0]$y$103667    128 0.5ms
                                  $abc$664252$memory\matvec.fq_hi$wren[3][0][0]$y$103657    128 0.5ms
                                        ddr3.ddr3_controller_inst.data_start_index[0][5]    148 0.5ms
                                        ddr3.ddr3_controller_inst.data_start_index[0][3]    179 0.4ms
                                            $techmap225479$auto$ff.cc:337:slice$124321.D    147 0.4ms
                  $techmap673716$auto$abc_ops_reintegrate.cc:611:reintegrate$665996.A[4]    144 0.4ms
                                  $abc$664252$memory\matvec.fq_hi$wren[6][0][0]$y$103681    128 0.4ms
                                                 ddr3.ddr3_controller_inst.stage2_update    155 0.4ms
                  $techmap673496$auto$abc_ops_reintegrate.cc:611:reintegrate$666026.A[0]    180 0.4ms
                                         $techmap673777$abc$664252$lut$aiger$o28724.A[2]    192 0.4ms
                  $techmap673718$auto$abc_ops_reintegrate.cc:611:reintegrate$665995.A[0]    144 0.4ms
                                                 ddr3.ddr3_controller_inst.index_wb_data    129 0.4ms
                                                          ddr3.ddr3_controller_inst.lane    132 0.4ms
                                        ddr3.ddr3_controller_inst.data_start_index[0][1]    169 0.4ms
                               $abc$664252$auto$opt_dff.cc:336:make_patterns_logic$81453    184 0.4ms
                                  $abc$664252$memory\matvec.fq_hi$wren[2][0][0]$y$103651    128 0.4ms
                  $techmap675647$auto$abc_ops_reintegrate.cc:611:reintegrate$665520.A[2]    186 0.4ms
                  $techmap674028$auto$abc_ops_reintegrate.cc:611:reintegrate$665959.A[3]    136 0.4ms
                               $abc$664252$auto$opt_dff.cc:336:make_patterns_logic$82947    128 0.3ms
                                  $abc$664252$memory\matvec.fq_hi$wren[5][0][0]$y$103673    128 0.3ms
                                  $abc$664252$memory\matvec.fq_hi$wren[0][0][0]$y$103633    128 0.3ms
                                        ddr3.ddr3_controller_inst.data_start_index[0][6]    138 0.3ms
                                        ddr3.ddr3_controller_inst.data_start_index[1][4]    207 0.3ms
                                         $techmap682278$abc$664252$lut$aiger$o31118.A[1]    157 0.3ms
                                  $abc$664252$memory\matvec.fq_hi$wren[1][0][0]$y$103641    128 0.3ms
                                    $techmap674021$abc$664252$lut$aiger664251$37103.A[4]    128 0.3ms
                                        ddr3.ddr3_controller_inst.data_start_index[1][5]    114 0.3ms
                                        ddr3.ddr3_controller_inst.data_start_index[1][2]    147 0.3ms
                                    $techmap674027$abc$664252$lut$aiger664251$37118.A[1]    128 0.3ms
                               $abc$664252$auto$opt_dff.cc:336:make_patterns_logic$82227    142 0.3ms
                                  $abc$664252$memory\matvec.fq_hi$wren[7][0][0]$y$103687    128 0.3ms
                                                    ddr3.ddr3_controller_inst.late_dq[1]    196 0.3ms
                                                    ddr3.ddr3_controller_inst.late_dq[0]    192 0.3ms
                                        ddr3.ddr3_controller_inst.data_start_index[0][0]    106 0.3ms
                  $techmap674640$auto$abc_ops_reintegrate.cc:611:reintegrate$665787.A[2]    116 0.3ms
                  $techmap675856$auto$abc_ops_reintegrate.cc:611:reintegrate$665447.A[0]    154 0.3ms
                                    $techmap679985$abc$664252$lut$aiger664251$64107.A[5]    121 0.3ms
                                    $techmap674024$abc$664252$lut$aiger664251$37112.A[2]    128 0.3ms
                                   $auto$memory_libmap.cc:1642:generate_demux$95214.Y[0]    176 0.3ms
                                                                         master.read_ack    163 0.3ms
                  $techmap674333$auto$abc_ops_reintegrate.cc:611:reintegrate$665881.A[3]    154 0.3ms
                                    $techmap674027$abc$664252$lut$aiger664251$37118.A[2]    128 0.3ms
                  $techmap672927$auto$abc_ops_reintegrate.cc:611:reintegrate$666206.A[2]    129 0.3ms
                  $techmap673504$auto$abc_ops_reintegrate.cc:611:reintegrate$666025.A[0]    128 0.3ms
                                        ddr3.ddr3_controller_inst.data_start_index[1][1]    166 0.3ms
                               $abc$664252$auto$opt_dff.cc:336:make_patterns_logic$83270    153 0.3ms
                                   $auto$memory_libmap.cc:1642:generate_demux$95214.Y[2]    176 0.3ms
                                        ddr3.ddr3_controller_inst.data_start_index[1][3]    169 0.3ms
                                    $techmap674024$abc$664252$lut$aiger664251$37112.A[3]    128 0.3ms
                                        ddr3.ddr3_controller_inst.data_start_index[0][2]    148 0.3ms
                                            $techmap224883$auto$ff.cc:337:slice$148320.D     79 0.2ms
                                   $auto$memory_libmap.cc:1642:generate_demux$95214.Y[1]    176 0.2ms
                                   $auto$memory_libmap.cc:1642:generate_demux$95214.Y[5]    176 0.2ms
                                            $techmap227198$auto$ff.cc:337:slice$118053.D     89 0.2ms
                                   $auto$memory_libmap.cc:1642:generate_demux$95214.Y[6]    176 0.2ms
                                   $auto$memory_libmap.cc:1642:generate_demux$95214.Y[3]    176 0.2ms
                                    $techmap680679$abc$664252$lut$aiger664251$38036.A[0]    116 0.2ms
                                        ddr3.ddr3_controller_inst.data_start_index[1][6]    107 0.2ms
                                    $techmap674021$abc$664252$lut$aiger664251$37103.A[3]    128 0.2ms
                  $techmap674028$auto$abc_ops_reintegrate.cc:611:reintegrate$665959.A[2]    133 0.2ms
                  $techmap674028$auto$abc_ops_reintegrate.cc:611:reintegrate$665959.A[4]    133 0.2ms
                                         $techmap680876$abc$664252$lut$aiger$o33531.A[1]     98 0.2ms
                                                                          calib_complete     50 0.2ms
                                    $techmap673379$abc$664252$lut$aiger664251$33572.A[0]     78 0.2ms
                                    $techmap673382$abc$664252$lut$aiger664251$33580.A[2]     72 0.2ms
                                    $techmap673797$abc$664252$lut$aiger664251$35693.A[0]    116 0.2ms
                  $techmap673825$auto$abc_ops_reintegrate.cc:611:reintegrate$665974.A[0]    104 0.2ms
                                            $techmap229199$auto$ff.cc:337:slice$104406.D     80 0.2ms
                               $abc$664252$auto$opt_dff.cc:336:make_patterns_logic$82190    129 0.2ms
                                         $techmap680121$abc$664252$lut$aiger$o37644.A[2]     67 0.2ms
                                    $techmap673799$abc$664252$lut$aiger664251$35704.A[0]    109 0.2ms
        $flatten\ddr3.\ddr3_controller_inst.$shiftx$build/uberddr3/rtl/ddr3_controller.v:2225$27310.Y     64 0.2ms
                  $techmap673457$auto$abc_ops_reintegrate.cc:611:reintegrate$666037.A[1]     72 0.2ms
        $flatten\ddr3.\ddr3_controller_inst.$shiftx$build/uberddr3/rtl/ddr3_controller.v:2248$27306.Y     64 0.2ms
                  $techmap674629$auto$abc_ops_reintegrate.cc:611:reintegrate$665793.A[4]     69 0.2ms
                                         $techmap680380$abc$664252$lut$aiger$o32323.A[1]     75 0.2ms
                  $techmap673705$auto$abc_ops_reintegrate.cc:611:reintegrate$666001.A[4]     51 0.2ms
                                                             ddr3.ddr3_phy_inst.sync_rst     64 0.2ms
                  $techmap674098$auto$abc_ops_reintegrate.cc:611:reintegrate$665944.A[0]    111 0.2ms
                  $techmap673179$auto$abc_ops_reintegrate.cc:611:reintegrate$666175.A[1]     83 0.2ms
                  $techmap674037$auto$abc_ops_reintegrate.cc:611:reintegrate$665957.A[5]     84 0.2ms
                                        ddr3.ddr3_controller_inst.data_start_index[1][0]    108 0.2ms
        $flatten\ddr3.\ddr3_controller_inst.$shiftx$build/uberddr3/rtl/ddr3_controller.v:2225$27302.Y     64 0.2ms
                                                                            wb_rdata[79]     19 0.2ms
                                         $techmap679989$abc$664252$lut$aiger$o37646.A[0]     64 0.1ms
                  $techmap674155$auto$abc_ops_reintegrate.cc:611:reintegrate$665934.A[0]     49 0.1ms
                                    $techmap674268$abc$664252$lut$aiger664251$40076.A[2]     39 0.1ms
                  $techmap673012$auto$abc_ops_reintegrate.cc:611:reintegrate$666192.A[4]     57 0.1ms
                  $techmap673825$auto$abc_ops_reintegrate.cc:611:reintegrate$665974.A[1]     70 0.1ms
                  $techmap673506$auto$abc_ops_reintegrate.cc:611:reintegrate$666024.A[2]     59 0.1ms
                                         $techmap682025$abc$664252$lut$aiger$o30217.A[2]     72 0.1ms
                                    $techmap673431$abc$664252$lut$aiger664251$34037.A[1]     61 0.1ms
                  $techmap673406$auto$abc_ops_reintegrate.cc:611:reintegrate$666046.A[2]     83 0.1ms
                                            $techmap224885$auto$ff.cc:337:slice$130248.D     78 0.1ms
                  $techmap674204$auto$abc_ops_reintegrate.cc:611:reintegrate$665910.A[0]     71 0.1ms
                  $techmap674085$auto$abc_ops_reintegrate.cc:611:reintegrate$665950.A[2]     59 0.1ms
        $flatten\ddr3.\ddr3_controller_inst.$shiftx$build/uberddr3/rtl/ddr3_controller.v:2248$27314.Y     64 0.1ms
                                                                            receiver.rx2     39 0.1ms
                  $techmap677347$auto$abc_ops_reintegrate.cc:611:reintegrate$664868.A[0]     50 0.1ms
                  $techmap674059$auto$abc_ops_reintegrate.cc:611:reintegrate$665952.A[1]     43 0.1ms
                  $techmap675856$auto$abc_ops_reintegrate.cc:611:reintegrate$665447.A[2]     71 0.1ms
                  $techmap672737$auto$abc_ops_reintegrate.cc:611:reintegrate$666231.A[2]     43 0.1ms
                  $techmap672746$auto$abc_ops_reintegrate.cc:611:reintegrate$666225.A[1]     36 0.1ms
                                    $techmap673379$abc$664252$lut$aiger664251$33572.A[1]     76 0.1ms
                  $techmap673087$auto$abc_ops_reintegrate.cc:611:reintegrate$666183.A[2]     32 0.1ms
                                            $techmap227594$auto$ff.cc:337:slice$116534.D     51 0.1ms
                                                                               app_rst_n     35 0.1ms
                                         ddr3.ddr3_controller_inst.stage1_next_bank_d[1]     40 0.1ms
                                         $techmap680089$abc$664252$lut$aiger$o38373.A[1]     64 0.1ms
                                            ddr3.ddr3_controller_inst.dqs_start_index[0]     41 0.1ms
                  $techmap674353$auto$abc_ops_reintegrate.cc:611:reintegrate$665879.A[1]     48 0.1ms
                  $techmap672746$auto$abc_ops_reintegrate.cc:611:reintegrate$666225.A[0]     41 0.1ms
                                    $techmap674124$abc$664252$lut$aiger664251$38186.A[2]     44 0.1ms
                                    $techmap673401$abc$664252$lut$aiger664251$33633.A[1]     38 0.1ms
                                                                                 mv_s_go     78 0.1ms
                  $techmap674353$auto$abc_ops_reintegrate.cc:611:reintegrate$665879.A[2]     40 0.1ms
                                                ddr3.ddr3_controller_inst.stage2_pending     28 0.1ms
                                                                        matvec.hq_hi[63]     35 0.1ms
                                                                            wb_rdata[18]     23 0.1ms
                                                                               debug1[0]     34 0.1ms
                                         $techmap679866$abc$664252$lut$aiger$o27500.A[1]     31 0.1ms
        $abc$664252$flatten\loader.$logic_and$build/t27/specs/rtl/fpga_ddr3_loader.v:1622$929_Y     33 0.1ms
                  $techmap673705$auto$abc_ops_reintegrate.cc:611:reintegrate$666001.A[5]     45 0.1ms
                               $abc$664252$auto$opt_dff.cc:336:make_patterns_logic$82708     40 0.1ms
                                            ddr3.ddr3_controller_inst.dqs_start_index[1]     32 0.1ms
                  $techmap673057$auto$abc_ops_reintegrate.cc:611:reintegrate$666186.A[1]     40 0.1ms
                               $abc$664252$auto$opt_dff.cc:336:make_patterns_logic$82569     40 0.1ms
                  $techmap674094$auto$abc_ops_reintegrate.cc:611:reintegrate$665945.A[2]     39 0.1ms
                  $techmap673427$auto$abc_ops_reintegrate.cc:611:reintegrate$666043.A[5]     45 0.1ms
                                                                        matvec.hq_hi[30]     43 0.1ms
                                                                        matvec.hq_hi[22]     41 0.1ms
                  $techmap671969$auto$abc_ops_reintegrate.cc:611:reintegrate$666571.A[1]     64 0.1ms
                                                                        matvec.hq_lo[61]     43 0.1ms
                                                                        matvec.hq_hi[25]     31 0.1ms
                                                                        matvec.hq_lo[45]     41 0.1ms
                  $techmap672978$auto$abc_ops_reintegrate.cc:611:reintegrate$666195.A[1]     36 0.1ms
                                                                        matvec.hq_hi[31]     44 0.1ms
                                                                            wb_rdata[22]     23 0.1ms
                                    $techmap681991$abc$664252$lut$aiger664251$34861.A[0]     73 0.1ms
                                                                        matvec.hq_lo[21]     39 0.1ms
                                              ddr3.ddr3_controller_inst.stage2_bank_d[2]     39 0.1ms
                  $techmap675615$auto$abc_ops_reintegrate.cc:611:reintegrate$665529.A[1]     30 0.1ms
                                                                         matvec.hq_lo[7]     43 0.1ms
                                                                             wb_rdata[4]     23 0.1ms
                  $techmap674346$auto$abc_ops_reintegrate.cc:611:reintegrate$665880.A[2]     42 0.1ms
                                                                            wb_rdata[83]     20 0.1ms
                                                                             wb_rdata[7]     23 0.1ms
                                    $techmap674145$abc$664252$lut$aiger664251$38757.A[0]     41 0.1ms
                                                                        matvec.hq_hi[62]     37 0.1ms
                                                                            wb_rdata[86]     19 0.1ms
                                         $techmap680338$abc$664252$lut$aiger$o32271.A[0]     45 0.1ms
                                                                           wb_rdata[114]     19 0.1ms
                  $techmap672702$auto$abc_ops_reintegrate.cc:611:reintegrate$666237.A[2]     29 0.1ms
                  $techmap672927$auto$abc_ops_reintegrate.cc:611:reintegrate$666206.A[3]     32 0.1ms
                                                                            wb_rdata[96]     20 0.1ms
                                                                            wb_rdata[32]     20 0.1ms
                                                                        matvec.hq_lo[54]     39 0.1ms
                                         ddr3.ddr3_controller_inst.stage1_next_bank_d[0]     44 0.1ms
                                                                            wb_rdata[19]     23 0.1ms
                                                                             wb_rdata[6]     24 0.1ms
                                    $techmap674122$abc$664252$lut$aiger664251$38183.A[2]     41 0.1ms
                                                                                 clk_ddr     62 0.1ms
                                                                            wb_rdata[33]     20 0.1ms
                                    $techmap674141$abc$664252$lut$aiger664251$38745.A[0]     35 0.1ms
                                                                           wb_rdata[127]     19 0.1ms
                                                                            wb_rdata[76]     19 0.1ms
                                                                            wb_rdata[38]     21 0.1ms
                                                                            wb_rdata[34]     21 0.1ms
                                                                        matvec.hq_lo[37]     41 0.1ms
                                         $techmap680911$abc$664252$lut$aiger$o33579.A[3]     30 0.1ms
                                                                              rd_addr[0]     33 0.1ms
                                                                            wb_rdata[10]     23 0.1ms
                                                                        matvec.hq_hi[37]     43 0.1ms
                  $techmap673169$auto$abc_ops_reintegrate.cc:611:reintegrate$666177.A[1]     28 0.1ms
                                    $techmap672107$abc$664252$lut$aiger664251$34825.A[1]     35 0.1ms
                                                                            wb_rdata[17]     23 0.1ms
                               $abc$664252$auto$opt_dff.cc:336:make_patterns_logic$83200     32 0.1ms
                                         $techmap679919$abc$664252$lut$aiger$o27652.A[1]     36 0.1ms
                                                                        matvec.hq_hi[49]     34 0.1ms
                                                                            wb_rdata[55]     21 0.1ms
                                                                        matvec.hq_lo[63]     43 0.1ms
                                                                         matvec.hq_lo[5]     42 0.1ms
                                                                             wb_rdata[5]     23 0.1ms
                  $techmap672815$auto$abc_ops_reintegrate.cc:611:reintegrate$666207.A[0]     41 0.1ms
                                                                           matvec.pop_go     38 0.1ms
                                                                           wb_rdata[103]     19 0.1ms
                                                                            wb_rdata[94]     19 0.1ms
                                                                            wb_rdata[91]     19 0.1ms
                                                                            wb_rdata[90]     19 0.1ms
                                                                            wb_rdata[37]     21 0.1ms
                                                                            wb_rdata[35]     20 0.1ms
                  $techmap672976$auto$abc_ops_reintegrate.cc:611:reintegrate$666196.A[3]     31 0.1ms
                                                                         matvec.hq_hi[0]     31 0.1ms
                                                                            wb_rdata[88]     20 0.1ms
                                                                            wb_rdata[75]     19 0.1ms
                                                                        matvec.hq_hi[29]     45 0.1ms
                                    $techmap680424$abc$664252$lut$aiger664251$38224.A[1]     31 0.1ms
                  $techmap674333$auto$abc_ops_reintegrate.cc:611:reintegrate$665881.A[4]     32 0.1ms
                                                                           wb_rdata[115]     19 0.1ms
                                                                           wb_rdata[111]     19 0.1ms
                                                                            wb_rdata[80]     19 0.1ms
                                                                            wb_rdata[67]     19 0.1ms
                                                                            wb_rdata[56]     21 0.1ms
                                                                        matvec.hq_lo[35]     22 0.1ms
                                                                        matvec.hq_hi[23]     43 0.1ms
                  $techmap677094$auto$abc_ops_reintegrate.cc:611:reintegrate$664951.A[1]     44 0.1ms
                               $abc$664252$auto$opt_dff.cc:336:make_patterns_logic$82759     32 0.1ms
                                                                        matvec.hq_lo[56]     29 0.1ms
                                                                           wb_rdata[105]     19 0.1ms
                                                                           wb_rdata[102]     20 0.1ms
                                                                            wb_rdata[70]     19 0.1ms
                                                                            wb_rdata[57]     21 0.1ms
                                                                            wb_rdata[44]     20 0.1ms
                                                                            wb_rdata[16]     23 0.1ms
                                                                           wb_rdata[120]     19 0.1ms
                                                                            wb_rdata[92]     19 0.1ms
                                                                            wb_rdata[48]     20 0.1ms
                                                                            wb_rdata[46]     20 0.1ms
                                                                            wb_rdata[40]     20 0.1ms
                                                                            wb_rdata[20]     23 0.1ms
                                                                            wb_rdata[97]     19 0.1ms
                                                                            wb_rdata[73]     19 0.1ms
                                                                            wb_rdata[71]     19 0.1ms
                                                                            wb_rdata[69]     19 0.1ms
                                                                            wb_rdata[21]     24 0.1ms
                                                                             wb_rdata[8]     23 0.1ms
                  $techmap675919$auto$abc_ops_reintegrate.cc:611:reintegrate$665422.A[0]     33 0.1ms
                                              ddr3.ddr3_controller_inst.stage2_bank_d[1]     46 0.1ms
                  $techmap674663$auto$abc_ops_reintegrate.cc:611:reintegrate$665776.A[2]     16 0.1ms
                  $techmap676714$auto$abc_ops_reintegrate.cc:611:reintegrate$665104.A[0]     36 0.1ms
                                         $techmap680038$abc$664252$lut$aiger$o35772.A[2]     40 0.1ms
                                                                            wb_rdata[53]     20 0.1ms
                                                                            wb_rdata[36]     21 0.1ms
                                                                            wb_rdata[27]     22 0.1ms
                                          ddr3.ddr3_controller_inst.start_index_check[5]     34 0.1ms
                                         $techmap684296$abc$664252$lut$aiger$o32063.A[4]     32 0.1ms
                  $techmap671816$auto$abc_ops_reintegrate.cc:611:reintegrate$666714.A[1]     42 0.1ms
                                                                               debug1[1]     26 0.1ms
                                            $techmap229073$auto$ff.cc:337:slice$104680.D     44 0.1ms
                                           $abc$664252$auto$rtlil.cc:3504:NotGate$208299     23 0.1ms
                                                                           wb_rdata[110]     19 0.1ms
                                                                           wb_rdata[104]     20 0.1ms
                                                                            wb_rdata[93]     19 0.1ms
                                                                            wb_rdata[50]     20 0.1ms
                                                                            wb_rdata[47]     19 0.1ms
                                                                            wb_rdata[45]     20 0.1ms
                                                                            wb_rdata[30]     22 0.1ms
                                                                        matvec.hq_hi[45]     39 0.1ms
                                                                        matvec.hq_hi[15]     44 0.1ms
                                    $techmap672923$abc$664252$lut$aiger664251$28167.A[1]     44 0.1ms
                                    $techmap673391$abc$664252$lut$aiger664251$33602.A[3]     45 0.1ms
                                    $techmap673793$abc$664252$lut$aiger664251$35685.A[0]     43 0.1ms
                                                                         matvec.hq_lo[9]     33 0.1ms
                                                                        matvec.hq_hi[33]     34 0.1ms
                                                                           wb_rdata[122]     20 0.1ms
                                                                           wb_rdata[117]     19 0.1ms
                                                                           wb_rdata[112]     20 0.1ms
                                                                            wb_rdata[84]     20 0.1ms
                                                                            wb_rdata[74]     19 0.1ms
                                                                        matvec.hq_hi[21]     42 0.1ms
                                                                            wb_rdata[12]     23 0.1ms
                  $techmap674056$auto$abc_ops_reintegrate.cc:611:reintegrate$665954.A[1]     46 0.1ms
                                         $techmap680092$abc$664252$lut$aiger$o38372.A[1]     32 0.1ms
                  $techmap673705$auto$abc_ops_reintegrate.cc:611:reintegrate$666001.A[3]     27 0.1ms
                                                                           wb_rdata[113]     19 0.1ms
                                                                            wb_rdata[81]     19 0.1ms
                                                                            wb_rdata[77]     19 0.1ms
                                                                            wb_rdata[64]     19 0.1ms
                                                                            wb_rdata[63]     20 0.1ms
                                                                            wb_rdata[41]     20 0.1ms
                                                                        matvec.hq_lo[47]     40 0.1ms
                                                                        matvec.hq_lo[43]     26 0.1ms
                                                                             wb_rdata[1]     24 0.1ms
                  $techmap675995$auto$abc_ops_reintegrate.cc:611:reintegrate$665399.A[0]     51 0.1ms
                                         $techmap680398$abc$664252$lut$aiger$o32329.A[1]     35 0.1ms
                  $techmap678120$auto$abc_ops_reintegrate.cc:611:reintegrate$664664.A[1]     29 0.1ms
                                                                           wb_rdata[126]     19 0.1ms
                                                                            wb_rdata[72]     19 0.1ms
                                                                        matvec.hq_lo[24]     24 0.1ms
                                                                        matvec.hq_lo[17]     40 0.1ms
                                                                             wb_rdata[9]     24 0.1ms
                  $techmap677916$auto$abc_ops_reintegrate.cc:611:reintegrate$664713.A[2]     31 0.1ms
                  $techmap673167$auto$abc_ops_reintegrate.cc:611:reintegrate$666178.A[2]     32 0.1ms
                               $abc$664252$auto$opt_dff.cc:336:make_patterns_logic$82022     39 0.1ms
                                       ddr3.ddr3_controller_inst.delay_counter_is_zero_d     30 0.1ms
                                                                        matvec.hq_hi[56]     32 0.1ms
                                                                           wb_rdata[118]     19 0.1ms
                                                                            wb_rdata[95]     19 0.1ms
                                                                            wb_rdata[78]     20 0.1ms
                                                                            wb_rdata[60]     20 0.1ms
                                                                        matvec.hq_lo[29]     35 0.1ms
                                                                            wb_rdata[31]     22 0.1ms
                                                                            wb_rdata[28]     22 0.1ms
                                         $techmap681686$abc$664252$lut$aiger$o29596.A[0]     33 0.1ms
                                                                           wb_rdata[101]     19 0.1ms
                                                                            wb_rdata[87]     19 0.1ms
                                              ddr3.ddr3_controller_inst.write_pattern[0]     42 0.1ms
                                                                            wb_rdata[59]     21 0.1ms
                                                                            wb_rdata[54]     20 0.1ms
                                      ddr3.ddr3_controller_inst.write_by_byte_counter[0]     28 0.1ms
                                                                            wb_rdata[39]     21 0.1ms
                                                                            wb_rdata[25]     22 0.1ms
                                              ddr3.ddr3_controller_inst.stage2_bank_d[0]     57 0.1ms
                                                                           wb_rdata[125]     20 0.1ms
                                                                            wb_rdata[62]     20 0.1ms
                                                                            wb_rdata[58]     20 0.1ms
                                                                             wb_rdata[2]     23 0.1ms
                                                ddr3.ddr3_controller_inst.stage1_bank[1]     33 0.1ms
                  $techmap673671$auto$abc_ops_reintegrate.cc:611:reintegrate$666007.A[1]     20 0.1ms
                                    $techmap680701$abc$664252$lut$aiger664251$35303.A[1]     29 0.1ms
                                         $techmap680340$abc$664252$lut$aiger$o35864.A[2]     31 0.1ms
                                                                           wb_rdata[121]     20 0.1ms
                                                                            wb_rdata[99]     20 0.1ms
                                                                            wb_rdata[52]     20 0.1ms
                                                                            wb_rdata[49]     19 0.1ms
                                                                            wb_rdata[43]     20 0.1ms
                                                                        matvec.hq_hi[38]     41 0.1ms
                                                                         matvec.hq_hi[7]     38 0.1ms
                                    $techmap674143$abc$664252$lut$aiger664251$38755.A[5]     31 0.1ms
                  $techmap674059$auto$abc_ops_reintegrate.cc:611:reintegrate$665952.A[0]     33 0.1ms
        $abc$664252$flatten\loader.$logic_and$build/t27/specs/rtl/fpga_ddr3_loader.v:1626$934_Y     32 0.1ms
                                                                       loader.h_addr[25]     12 0.1ms
                  $techmap674091$auto$abc_ops_reintegrate.cc:611:reintegrate$665947.A[0]     34 0.1ms
                                    $techmap673391$abc$664252$lut$aiger664251$33602.A[2]     29 0.1ms
                                                                            wb_rdata[98]     19 0.1ms
                                                                            wb_rdata[65]     19 0.1ms
                                                                         matvec.hq_hi[8]     30 0.1ms
                                                                        matvec.hq_hi[39]     43 0.1ms
                                                ddr3.ddr3_controller_inst.stage1_bank[0]     40 0.1ms
                               $abc$664252$auto$opt_dff.cc:336:make_patterns_logic$83670     42 0.1ms
                                         $techmap681574$abc$664252$lut$aiger$o29507.A[2]     36 0.1ms
                                         $techmap679866$abc$664252$lut$aiger$o27500.A[0]     32 0.1ms
                                                                        matvec.hq_lo[10]     29 0.1ms
                                                                         matvec.hq_hi[9]     35 0.1ms
                                                                            wb_rdata[42]     20 0.1ms
                                                                            wb_rdata[23]     23 0.1ms
                                                                            wb_rdata[14]     24 0.1ms
                                                                           wb_rdata[107]     19 0.1ms
                                                                            wb_rdata[68]     19 0.1ms
                                                                        matvec.hq_hi[61]     37 0.1ms
                                                                        matvec.hq_hi[59]     22 0.1ms
                                                                        matvec.hq_lo[40]     34 0.1ms
                                                                             wb_rdata[0]     24 0.1ms
                               $abc$664252$auto$opt_dff.cc:336:make_patterns_logic$82243     28 0.1ms
                                         $techmap674099$abc$664252$lut$aiger$o38593.A[1]     32 0.1ms
                                                                         loader.h_len[4]     14 0.1ms
                                    $techmap674122$abc$664252$lut$aiger664251$38183.A[4]     33 0.1ms
                  $techmap673063$auto$abc_ops_reintegrate.cc:611:reintegrate$666185.A[2]     29 0.1ms
                                                                        matvec.hq_hi[42]     25 0.1ms
                                                                           wb_rdata[119]     19 0.1ms
                                                                            wb_rdata[85]     19 0.1ms
                                                                            wb_rdata[66]     19 0.1ms
                                                                            wb_rdata[61]     21 0.1ms
                                                                        matvec.hq_lo[62]     43 0.1ms
                                                                        matvec.hq_hi[27]     24 0.1ms
                                                                            wb_rdata[15]     23 0.1ms
                                         $techmap680698$abc$664252$lut$aiger$o34070.A[1]     32 0.1ms
                                         $techmap680425$abc$664252$lut$aiger$o35393.A[1]     32 0.1ms
                                    $techmap673788$abc$664252$lut$aiger664251$35680.A[0]     43 0.1ms
                                                                           wb_rdata[109]     19 0.1ms
                                                                           wb_rdata[100]     20 0.1ms
                                                                            wb_rdata[51]     20 0.1ms
                                                                        matvec.hq_lo[22]     42 0.1ms
                                                                            wb_rdata[24]     23 0.1ms
                                                                        matvec.hq_lo[53]     39 0.1ms
                                                                            wb_rdata[11]     23 0.1ms
                                                                        matvec.hq_hi[40]     30 0.1ms
                                                                        matvec.hq_lo[14]     36 0.1ms
                                                ddr3.ddr3_controller_inst.stage1_bank[2]     35 0.1ms
                               $abc$664252$auto$opt_dff.cc:336:make_patterns_logic$83024     31 0.1ms
                  $techmap674037$auto$abc_ops_reintegrate.cc:611:reintegrate$665957.A[1]     36 0.1ms
                               $abc$664252$auto$opt_dff.cc:336:make_patterns_logic$83978     32 0.1ms
                                                                        matvec.hq_hi[10]     26 0.1ms
                                                                            wb_rdata[82]     19 0.1ms
                                                                        matvec.hq_lo[23]     39 0.1ms
                                                                            wb_rdata[26]     22 0.1ms
                                                                        matvec.hq_lo[39]     39 0.1ms
                                                                             wb_rdata[3]     23 0.1ms
        $abc$664252$flatten\loader.$logic_and$build/t27/specs/rtl/fpga_ddr3_loader.v:1618$920_Y     32 0.1ms
                  $techmap678915$auto$abc_ops_reintegrate.cc:611:reintegrate$664447.A[2]     27 0.1ms
                                    $techmap673432$abc$664252$lut$aiger664251$34040.A[1]     28 0.1ms
                                    $techmap673405$abc$664252$lut$aiger664251$33646.A[4]     42 0.1ms
                                                                        matvec.hq_lo[31]     35 0.1ms
                                                                            wb_rdata[13]     24 0.1ms
                  $techmap673167$auto$abc_ops_reintegrate.cc:611:reintegrate$666178.A[1]     38 0.1ms
                                                                         matvec.hq_hi[6]     38 0.1ms
                                                                         matvec.hq_lo[6]     44 0.1ms
                                            $techmap228244$auto$ff.cc:337:slice$115389.D     42 0.1ms
                                            $techmap224512$auto$ff.cc:337:slice$154849.D     39 0.1ms
                  $techmap672581$auto$abc_ops_reintegrate.cc:611:reintegrate$666313.A[2]     23 0.1ms
                                                                        matvec.hq_lo[42]     28 0.1ms
                                                                        matvec.hq_lo[57]     34 0.1ms
                                                                        matvec.hq_hi[41]     33 0.1ms
                                                                           wb_rdata[124]     20 0.1ms
                                                                            wb_rdata[89]     19 0.1ms
                                                                            wb_rdata[29]     23 0.1ms
                                                                        matvec.hq_hi[19]     23 0.1ms
                  $techmap674986$auto$abc_ops_reintegrate.cc:611:reintegrate$665698.A[1]     21 0.1ms
                                                          ddr3.idelay_data_cntvaluein[0]     21 0.1ms
                  $techmap678890$auto$abc_ops_reintegrate.cc:611:reintegrate$664458.A[1]     31 0.1ms
                  $techmap674163$auto$abc_ops_reintegrate.cc:611:reintegrate$665929.A[2]     34 0.1ms
                                    $techmap673418$abc$664252$lut$aiger664251$25590.A[2]     17 0.1ms
                                                                           wb_rdata[116]     19 0.1ms
                                                                           wb_rdata[108]     20 0.1ms
                                                                        matvec.hq_hi[16]     32 0.1ms
                                                                        matvec.hq_hi[46]     40 0.1ms
                                                                         matvec.hq_hi[5]     40 0.1ms
                                                                        matvec.hq_lo[58]     28 0.1ms
                                        ddr3.ddr3_controller_inst.instruction_address[1]     21 0.1ms
                               $abc$664252$auto$opt_dff.cc:336:make_patterns_logic$83073     31 0.1ms
                                         $techmap681831$abc$664252$lut$aiger$o29833.A[3]     34 0.1ms
                               $abc$664252$auto$opt_dff.cc:336:make_patterns_logic$83537     32 0.1ms
                               $abc$664252$auto$opt_dff.cc:336:make_patterns_logic$84030     32 0.1ms
                  $techmap671817$auto$abc_ops_reintegrate.cc:611:reintegrate$666713.A[1]     62 0.1ms
                  $techmap672111$auto$abc_ops_reintegrate.cc:611:reintegrate$666494.A[2]     35 0.1ms
                                                                        matvec.hq_hi[17]     27 0.1ms
                                                                        matvec.hq_hi[54]     38 0.1ms
                                      ddr3.ddr3_controller_inst.write_by_byte_counter[2]     28 0.1ms
                  $techmap676734$auto$abc_ops_reintegrate.cc:611:reintegrate$665089.A[1]     23 0.1ms
                                                                        matvec.hq_hi[13]     43 0.1ms
                               $abc$664252$auto$opt_dff.cc:336:make_patterns_logic$83762     32 0.1ms
                  $techmap673358$auto$abc_ops_reintegrate.cc:611:reintegrate$666048.A[2]     22 0.1ms
                  $techmap673257$auto$abc_ops_reintegrate.cc:611:reintegrate$666099.A[4]     19 0.1ms
                                                                           wb_rdata[123]     19 0.1ms
                                          ddr3.ddr3_controller_inst.start_index_check[4]     35 0.1ms
                                                    ddr3.ddr3_controller_inst.write_dq_d     20 0.1ms
                               $abc$664252$auto$opt_dff.cc:336:make_patterns_logic$82845     16 0.1ms
                               $abc$664252$auto$opt_dff.cc:336:make_patterns_logic$83915     32 0.1ms
                                         $techmap679921$abc$664252$lut$aiger$o27659.A[3]     32 0.1ms
                                                                  matvec.result_index[2]     12 0.1ms
                                                                        matvec.hq_lo[25]     31 0.1ms
                                                                        matvec.hq_hi[24]     37 0.1ms
                                                                           wb_rdata[106]     19 0.1ms
                                                                        matvec.hq_lo[49]     31 0.1ms
                                                                        matvec.hq_lo[55]     39 0.1ms
                                                                        matvec.hq_hi[47]     38 0.1ms
                               $abc$664252$auto$opt_dff.cc:336:make_patterns_logic$82924     32 0.1ms
                               $abc$664252$auto$opt_dff.cc:336:make_patterns_logic$83414     31 0.1ms
                  $techmap674761$auto$abc_ops_reintegrate.cc:611:reintegrate$665760.A[1]     21 0.1ms
                               $abc$664252$auto$opt_dff.cc:336:make_patterns_logic$84082     32 0.1ms
                                    $techmap674234$abc$664252$lut$aiger664251$38146.A[2]     39 0.1ms
                                                                         ddr3.bitslip[1]     18 0.1ms
                                                                         matvec.hq_lo[0]     28 0.1ms
                                                                         matvec.hq_hi[2]     29 0.1ms
                  $techmap673181$auto$abc_ops_reintegrate.cc:611:reintegrate$666174.A[4]     19 0.1ms
                                         $techmap673411$abc$664252$lut$aiger$o29545.A[1]     37 0.1ms
                               $abc$664252$auto$opt_dff.cc:336:make_patterns_logic$84043     32 0.1ms
                                         $techmap679789$abc$664252$lut$aiger$o31636.A[4]     31 0.1ms
                                            ddr3.ddr3_controller_inst.dqs_start_index[2]     20 0.1ms
                                            $techmap224509$auto$ff.cc:337:slice$155238.D     41 0.1ms
                  $techmap672743$auto$abc_ops_reintegrate.cc:611:reintegrate$666227.A[1]     19 0.1ms
                                    $techmap677091$abc$664252$lut$aiger664251$65136.A[2]     32 0.1ms
                                                                        matvec.hq_lo[30]     35 0.1ms
                  $techmap672739$auto$abc_ops_reintegrate.cc:611:reintegrate$666230.A[3]     20 0.1ms
                                                                        matvec.hq_lo[38]     40 0.1ms
                                         $techmap680603$abc$664252$lut$aiger$o37241.A[1]     32 0.1ms
                               $abc$664252$auto$opt_dff.cc:336:make_patterns_logic$84516     32 0.1ms
                               $abc$664252$auto$opt_dff.cc:336:make_patterns_logic$84069     32 0.1ms
                               $abc$664252$auto$opt_dff.cc:336:make_patterns_logic$84160     32 0.1ms
                  $techmap673987$auto$abc_ops_reintegrate.cc:611:reintegrate$665962.A[2]     19 0.1ms
                                    $techmap673438$abc$664252$lut$aiger664251$34075.A[1]     33 0.1ms
                  $techmap674204$auto$abc_ops_reintegrate.cc:611:reintegrate$665910.A[3]     34 0.1ms
        $abc$664252$flatten\arbiter.$logic_and$build/t27/specs/rtl/fpga_wb_arbiter.v:279$9680_Y     32 0.1ms
                               $abc$664252$auto$opt_dff.cc:336:make_patterns_logic$84503     32 0.1ms
                               $abc$664252$auto$opt_dff.cc:336:make_patterns_logic$84056     32 0.1ms
                  $techmap674113$auto$abc_ops_reintegrate.cc:611:reintegrate$665938.A[2]     33 0.1ms
                  $techmap672748$auto$abc_ops_reintegrate.cc:611:reintegrate$666224.A[2]     29 0.1ms
        $techmap89626$flatten\master.$gt$build/t27/specs/rtl/fpga_loader_wb.v:510$9444.Y     32 0.1ms
                  $techmap676724$auto$abc_ops_reintegrate.cc:611:reintegrate$665095.A[3]     18 0.1ms
                                    $techmap673405$abc$664252$lut$aiger664251$33646.A[2]     29 0.1ms
                                                                        matvec.hq_hi[55]     38 0.1ms
                               $abc$664252$auto$opt_dff.cc:336:make_patterns_logic$84017     32 0.1ms
                  $techmap673318$auto$abc_ops_reintegrate.cc:611:reintegrate$666065.A[4]     19 0.1ms
                                    $techmap673360$abc$664252$lut$aiger664251$33634.A[1]     38 0.1ms
                                                                         ddr3.bitslip[0]     18 0.1ms
                                           $abc$664252$auto$rtlil.cc:3504:NotGate$208425     20 0.1ms
                                                                        matvec.hq_lo[33]     34 0.1ms
                                                                         matvec.hq_lo[8]     27 0.1ms
                                                                        matvec.hq_hi[53]     38 0.1ms
                                                                        matvec.hq_lo[13]     38 0.1ms
                                                          ddr3.idelay_data_cntvaluein[4]     20 0.1ms
                                                                               debug1[2]     28 0.1ms
                  $techmap673283$auto$abc_ops_reintegrate.cc:611:reintegrate$666080.A[2]     19 0.1ms
                                         $techmap679977$abc$664252$lut$aiger$o35826.A[1]     32 0.1ms
                                         $techmap673110$abc$664252$lut$aiger$o33983.A[2]     17 0.1ms
                                    $techmap673685$abc$664252$lut$aiger664251$34740.A[2]     33 0.1ms
                                                                              rd_addr[3]     33 0.0ms
                                                                        matvec.hq_hi[26]     25 0.0ms
                                                                        matvec.hq_hi[58]     24 0.0ms
                                                                        matvec.hq_hi[51]     24 0.0ms
                                                                        matvec.hq_lo[51]     21 0.0ms
                                                                        matvec.hq_lo[46]     39 0.0ms
                                                                        matvec.hq_hi[14]     44 0.0ms
                                                                         matvec.hq_lo[3]     22 0.0ms
                                         $techmap680421$abc$664252$lut$aiger$o36973.A[1]     29 0.0ms
        $abc$664252$flatten\matvec.$8\dot_one$func$build/t27/specs/rtl/fpga_ddr3_matvec.v:2047$9828.dot_one_body.prod[31:0]$11137[10]     16 0.0ms
                                    $techmap680702$abc$664252$lut$aiger664251$38057.A[4]     26 0.0ms
                  $techmap674620$auto$abc_ops_reintegrate.cc:611:reintegrate$665798.A[0]     21 0.0ms
                               $abc$664252$auto$opt_dff.cc:336:make_patterns_logic$81535     40 0.0ms
                                    $techmap674614$abc$664252$lut$aiger664251$43292.A[0]     18 0.0ms
                                         $techmap680398$abc$664252$lut$aiger$o32329.A[0]     34 0.0ms
                  $techmap673718$auto$abc_ops_reintegrate.cc:611:reintegrate$665995.A[3]     18 0.0ms
                                                                        matvec.hq_lo[16]     32 0.0ms
                                                                        matvec.hq_lo[26]     25 0.0ms
                                                                        matvec.hq_hi[18]     27 0.0ms
                  $techmap672737$auto$abc_ops_reintegrate.cc:611:reintegrate$666231.A[3]     19 0.0ms
                                                                         matvec.hq_lo[1]     32 0.0ms
                                                                               debug1[3]     19 0.0ms
                               $abc$664252$auto$opt_dff.cc:336:make_patterns_logic$84456     32 0.0ms
                                                                        arbiter.handover     32 0.0ms
                                         $techmap679869$abc$664252$lut$aiger$o27507.A[1]     24 0.0ms
                                                                         loader.h_len[8]     17 0.0ms
                                                                        loader.h_len[10]     15 0.0ms
        $abc$664252$flatten\matvec.$8\dot_one$func$build/t27/specs/rtl/fpga_ddr3_matvec.v:2043$9824.dot_one_body.prod[31:0]$11073[10]     16 0.0ms
                  $techmap674172$auto$abc_ops_reintegrate.cc:611:reintegrate$665921.A[2]     16 0.0ms
                  $techmap675041$auto$abc_ops_reintegrate.cc:611:reintegrate$665685.A[2]     16 0.0ms
                  $techmap678074$auto$abc_ops_reintegrate.cc:611:reintegrate$664671.A[0]     30 0.0ms
                  $techmap678549$auto$abc_ops_reintegrate.cc:611:reintegrate$664574.A[3]     18 0.0ms
                                    $techmap680375$abc$664252$lut$aiger664251$37914.A[1]     35 0.0ms
                  $techmap674283$auto$abc_ops_reintegrate.cc:611:reintegrate$665900.A[0]     32 0.0ms
                                                                        matvec.hq_lo[34]     28 0.0ms
                                                                        matvec.hq_hi[34]     28 0.0ms
                                                                        matvec.hq_hi[32]     29 0.0ms
                                                                        matvec.hq_lo[19]     22 0.0ms
                                                                        matvec.hq_lo[52]     19 0.0ms
                  $techmap672739$auto$abc_ops_reintegrate.cc:611:reintegrate$666230.A[4]     20 0.0ms
                                         $techmap673102$abc$664252$lut$aiger$o34126.A[2]     17 0.0ms
                  $techmap673702$auto$abc_ops_reintegrate.cc:611:reintegrate$666002.A[1]     20 0.0ms
                                                                        loader.h_len[14]     15 0.0ms
                  $techmap675357$auto$abc_ops_reintegrate.cc:611:reintegrate$665606.A[2]     16 0.0ms
                                    $techmap673790$abc$664252$lut$aiger664251$35682.A[0]     18 0.0ms
                                                                  ddr3.idelay_data_ld[0]     10 0.0ms
                                                                        matvec.hq_hi[48]     29 0.0ms
                                                                        matvec.hq_lo[27]     22 0.0ms
                                                                        matvec.hq_lo[48]     25 0.0ms
                                                                        matvec.hq_lo[11]     19 0.0ms
                               $abc$664252$auto$opt_dff.cc:336:make_patterns_logic$81803     32 0.0ms
                                        ddr3.ddr3_controller_inst.instruction_address[4]     24 0.0ms
                                         $techmap672926$abc$664252$lut$aiger$o29994.A[1]     13 0.0ms
                                         $techmap681831$abc$664252$lut$aiger$o29833.A[0]     34 0.0ms
                               $abc$664252$auto$opt_dff.cc:336:make_patterns_logic$82427     32 0.0ms
                  $techmap673671$auto$abc_ops_reintegrate.cc:611:reintegrate$666007.A[0]     21 0.0ms
        $abc$664252$flatten\matvec.$8\dot_one$func$build/t27/specs/rtl/fpga_ddr3_matvec.v:2046$9827.dot_one_body.prod[31:0]$11121[10]     16 0.0ms
                  $techmap678776$auto$abc_ops_reintegrate.cc:611:reintegrate$664500.A[3]     18 0.0ms
                               $abc$664252$auto$opt_dff.cc:319:make_patterns_logic$84434     32 0.0ms
                               $abc$664252$auto$opt_dff.cc:336:make_patterns_logic$81905     32 0.0ms
                  $techmap675017$auto$abc_ops_reintegrate.cc:611:reintegrate$665694.A[2]     31 0.0ms
                               $abc$664252$auto$opt_dff.cc:336:make_patterns_logic$84487     32 0.0ms
                                                                         loader.h_len[3]     14 0.0ms
                  $techmap675757$auto$abc_ops_reintegrate.cc:611:reintegrate$665474.A[2]     16 0.0ms
                  $techmap678074$auto$abc_ops_reintegrate.cc:611:reintegrate$664671.A[1]     28 0.0ms
                  $techmap674085$auto$abc_ops_reintegrate.cc:611:reintegrate$665950.A[3]     24 0.0ms
                  $techmap672111$auto$abc_ops_reintegrate.cc:611:reintegrate$666494.A[3]     35 0.0ms
                                    $techmap675994$abc$664252$lut$aiger664251$54587.A[4]     33 0.0ms
                                                                        matvec.hq_lo[41]     34 0.0ms
                                                                        matvec.hq_hi[28]     16 0.0ms
                               $abc$664252$auto$opt_dff.cc:336:make_patterns_logic$82049     32 0.0ms
                  $techmap673714$auto$abc_ops_reintegrate.cc:611:reintegrate$665997.A[4]     34 0.0ms
        $abc$664252$flatten\master.$logic_and$build/t27/specs/rtl/fpga_loader_wb.v:507$9442_Y     32 0.0ms
                                         $techmap681831$abc$664252$lut$aiger$o29833.A[1]     26 0.0ms
                  $techmap674037$auto$abc_ops_reintegrate.cc:611:reintegrate$665957.A[3]     33 0.0ms
                                                                         loader.h_len[2]     16 0.0ms
                                                                        loader.h_addr[0]     14 0.0ms
                                                                       loader.h_addr[27]     12 0.0ms
                                                                       loader.h_addr[21]     12 0.0ms
                                    $techmap678119$abc$664252$lut$aiger664251$74359.A[1]     26 0.0ms
                  $techmap679048$auto$abc_ops_reintegrate.cc:611:reintegrate$664396.A[0]     29 0.0ms
                  $techmap678964$auto$abc_ops_reintegrate.cc:611:reintegrate$664425.A[3]     18 0.0ms
                                    $techmap674060$abc$664252$lut$aiger664251$37338.A[1]     34 0.0ms
                                                                        matvec.hq_lo[50]     27 0.0ms
                                                                        matvec.hq_hi[36]     15 0.0ms
                                                                        matvec.hq_hi[35]     24 0.0ms
                                                                         loader.h_len[9]     15 0.0ms
                                                                        loader.h_len[11]     15 0.0ms
                  $techmap674425$auto$abc_ops_reintegrate.cc:611:reintegrate$665849.A[1]     16 0.0ms
                  $techmap675672$auto$abc_ops_reintegrate.cc:611:reintegrate$665508.A[2]     16 0.0ms
                                    $techmap673788$abc$664252$lut$aiger664251$35680.A[1]     15 0.0ms
                  $techmap678680$auto$abc_ops_reintegrate.cc:611:reintegrate$664537.A[0]     15 0.0ms
                                                                        matvec.hq_lo[32]     32 0.0ms
                                                ddr3.ddr3_controller_inst.stage2_bank[1]     15 0.0ms
                                        ddr3.ddr3_controller_inst.instruction_address[2]     24 0.0ms
                                                                        loader.h_len[12]     16 0.0ms
                                                                         loader.h_len[5]     15 0.0ms
                  $techmap671938$auto$abc_ops_reintegrate.cc:611:reintegrate$666602.A[1]     62 0.0ms
                                    $techmap672573$abc$664252$lut$aiger664251$35396.A[0]     18 0.0ms
                                                                  matvec.result_index[4]     12 0.0ms
                                                                        matvec.hq_lo[18]     23 0.0ms
                                                                        matvec.hq_lo[60]     17 0.0ms
                                                                        matvec.hq_hi[11]     25 0.0ms
                               $abc$664252$auto$opt_dff.cc:336:make_patterns_logic$81663     32 0.0ms
                                    $techmap673676$abc$664252$lut$aiger664251$23765.A[1]     23 0.0ms
              $techmap89655$flatten\resetgen.$lt$build/t27/specs/rtl/fpga_reset.v:94$8.Y     33 0.0ms
                                                                     ddr3.dq_tri_control     18 0.0ms
                  $techmap674834$auto$abc_ops_reintegrate.cc:611:reintegrate$665741.A[0]     10 0.0ms
                  $techmap675997$auto$abc_ops_reintegrate.cc:611:reintegrate$665398.A[3]     18 0.0ms
                                                                         matvec.hq_lo[2]     26 0.0ms
                                                                        matvec.hq_hi[60]     14 0.0ms
                                                                        matvec.hq_hi[50]     27 0.0ms
                  $techmap677094$auto$abc_ops_reintegrate.cc:611:reintegrate$664951.A[0]     44 0.0ms
                                                                        matvec.hq_lo[15]     36 0.0ms
                               $abc$664252$auto$opt_dff.cc:336:make_patterns_logic$81464     32 0.0ms
                               $abc$664252$auto$opt_dff.cc:336:make_patterns_logic$84004     32 0.0ms
                                        ddr3.ddr3_controller_inst.instruction_address[0]     19 0.0ms
                                                                        loader.h_addr[3]     13 0.0ms
                  $techmap671904$auto$abc_ops_reintegrate.cc:611:reintegrate$666626.A[1]     13 0.0ms
                                    $techmap673405$abc$664252$lut$aiger664251$33646.A[3]     20 0.0ms
                  $techmap673156$auto$abc_ops_reintegrate.cc:611:reintegrate$666179.A[3]     16 0.0ms
                                                                         matvec.hq_hi[1]     35 0.0ms
                                      ddr3.ddr3_controller_inst.write_by_byte_counter[1]     21 0.0ms
                                                                         matvec.hq_hi[3]     23 0.0ms
                                         $techmap680337$abc$664252$lut$aiger$o33085.A[0]     23 0.0ms
                  $techmap673316$auto$abc_ops_reintegrate.cc:611:reintegrate$666066.A[4]     18 0.0ms
                                         $techmap673135$abc$664252$lut$aiger$o33998.A[2]     17 0.0ms
                                               $techmap671797\matvec.results.0.3.ENBWREN     11 0.0ms
                  $techmap678077$auto$abc_ops_reintegrate.cc:611:reintegrate$664669.A[3]     18 0.0ms
                  $techmap674393$auto$abc_ops_reintegrate.cc:611:reintegrate$665862.A[2]      9 0.0ms
                                    $techmap674000$abc$664252$lut$aiger664251$37054.A[4]     33 0.0ms
                                    $techmap673391$abc$664252$lut$aiger664251$33602.A[4]     36 0.0ms
                  $techmap674098$auto$abc_ops_reintegrate.cc:611:reintegrate$665944.A[2]     33 0.0ms
                                                                         loader.h_len[7]     15 0.0ms
                                    $techmap673401$abc$664252$lut$aiger664251$33633.A[0]     13 0.0ms
                                                                       loader.h_addr[30]     13 0.0ms
                                                                        loader.h_addr[8]     16 0.0ms
                                                                              clk_ddr_90     18 0.0ms
                                    $techmap674617$abc$664252$lut$aiger664251$43305.A[1]     18 0.0ms
                                    $techmap676363$abc$664252$lut$aiger664251$37210.A[1]     20 0.0ms
                  $techmap673716$auto$abc_ops_reintegrate.cc:611:reintegrate$665996.A[2]     15 0.0ms
                                                                        matvec.hq_hi[57]     26 0.0ms
                                    $techmap679997$abc$664252$lut$aiger664251$56094.A[2]      9 0.0ms
                  $techmap676521$auto$abc_ops_reintegrate.cc:611:reintegrate$665181.A[0]     13 0.0ms
                               $abc$664252$auto$opt_dff.cc:319:make_patterns_logic$84468     32 0.0ms
                  $techmap674406$auto$abc_ops_reintegrate.cc:611:reintegrate$665857.A[2]     30 0.0ms
                                                                        loader.h_len[13]     16 0.0ms
                  $techmap673718$auto$abc_ops_reintegrate.cc:611:reintegrate$665995.A[2]     16 0.0ms
                  $techmap679055$auto$abc_ops_reintegrate.cc:611:reintegrate$664393.A[2]     27 0.0ms
                  $techmap673741$auto$abc_ops_reintegrate.cc:611:reintegrate$665986.A[1]     32 0.0ms
                                         $techmap682033$abc$664252$lut$aiger$o30248.A[3]     25 0.0ms
                                                                  matvec.result_index[7]     12 0.0ms
                  $techmap674390$auto$abc_ops_reintegrate.cc:611:reintegrate$665863.A[2]     19 0.0ms
                  $techmap673063$auto$abc_ops_reintegrate.cc:611:reintegrate$666185.A[3]     17 0.0ms
                                    $techmap673138$abc$664252$lut$aiger664251$29610.A[2]     16 0.0ms
                                                                        matvec.hq_lo[36]     15 0.0ms
                                                                        matvec.hq_lo[59]     22 0.0ms
                                                ddr3.ddr3_controller_inst.stage2_bank[2]     19 0.0ms
                                    $techmap672728$abc$664252$lut$aiger664251$23786.A[1]      7 0.0ms
                               $abc$664252$auto$opt_dff.cc:336:make_patterns_logic$82127     32 0.0ms
                                        ddr3.ddr3_controller_inst.instruction_address[3]     28 0.0ms
                                                                       loader.h_addr[31]     11 0.0ms
                                                                       loader.h_addr[28]     12 0.0ms
                                                                        loader.h_addr[7]     14 0.0ms
                  $techmap679176$auto$abc_ops_reintegrate.cc:611:reintegrate$664335.A[4]     14 0.0ms
                  $techmap673181$auto$abc_ops_reintegrate.cc:611:reintegrate$666174.A[3]     16 0.0ms
                                                 ddr3.ddr3_controller_inst.stage2_do_act     13 0.0ms
                                                                        matvec.hq_lo[44]     17 0.0ms
                  $techmap674644$auto$abc_ops_reintegrate.cc:611:reintegrate$665785.A[1]      6 0.0ms
                               $abc$664252$auto$opt_dff.cc:336:make_patterns_logic$81590     32 0.0ms
                  $techmap674236$auto$abc_ops_reintegrate.cc:611:reintegrate$665906.A[3]     33 0.0ms
                                    $techmap674234$abc$664252$lut$aiger664251$38146.A[0]     35 0.0ms
                                                                         loader.h_len[0]     14 0.0ms
                                                                        loader.h_addr[2]     14 0.0ms
                                                                           committed_any      1 0.0ms
        $abc$664252$flatten\matvec.$8\dot_one$func$build/t27/specs/rtl/fpga_ddr3_matvec.v:2049$9830.dot_one_body.prod[31:0]$11169[10]     16 0.0ms
        $abc$664252$flatten\matvec.$8\dot_one$func$build/t27/specs/rtl/fpga_ddr3_matvec.v:2042$9823.dot_one_body.prod[31:0]$11057[10]     16 0.0ms
                  $techmap677331$auto$abc_ops_reintegrate.cc:611:reintegrate$664871.A[3]     18 0.0ms
                                    $techmap673085$abc$664252$lut$aiger664251$30738.A[0]      8 0.0ms
                  $techmap677347$auto$abc_ops_reintegrate.cc:611:reintegrate$664868.A[3]     17 0.0ms
                                                                        matvec.hq_lo[28]     14 0.0ms
                                    $techmap673801$abc$664252$lut$aiger664251$35706.A[1]     21 0.0ms
                                      ddr3.ddr3_controller_inst.write_by_byte_counter[3]     21 0.0ms
                                         $techmap682273$abc$664252$lut$aiger$o31049.A[3]     33 0.0ms
                                    $techmap674033$abc$664252$lut$aiger664251$23907.A[0]     34 0.0ms
                  $techmap674165$auto$abc_ops_reintegrate.cc:611:reintegrate$665927.A[2]     17 0.0ms
                  $techmap678785$auto$abc_ops_reintegrate.cc:611:reintegrate$664496.A[4]      8 0.0ms
                  $techmap676125$auto$abc_ops_reintegrate.cc:611:reintegrate$665334.A[2]     17 0.0ms
                                    $techmap676375$abc$664252$lut$aiger664251$58022.A[4]     16 0.0ms
                                    $techmap676366$abc$664252$lut$aiger664251$58035.A[5]     16 0.0ms
                                                                        matvec.hq_lo[12]     15 0.0ms
                                                                         matvec.hq_lo[4]     16 0.0ms
                                         ddr3.ddr3_controller_inst.stage1_next_bank_d[2]     18 0.0ms
                                                                               debug1[4]     17 0.0ms
                                    $techmap674345$abc$664252$lut$aiger664251$40570.A[0]      9 0.0ms
                                    $techmap673095$abc$664252$lut$aiger664251$29622.A[1]      9 0.0ms
                                    $techmap671814$abc$664252$lut$aiger664251$37968.A[0]      7 0.0ms
                                            $techmap227529$auto$ff.cc:337:slice$116567.D     22 0.0ms
                  $techmap673257$auto$abc_ops_reintegrate.cc:611:reintegrate$666099.A[3]     16 0.0ms
                  $techmap673319$auto$abc_ops_reintegrate.cc:611:reintegrate$666064.A[5]     18 0.0ms
                                                                        loader.h_len[15]     15 0.0ms
                                                                       loader.h_addr[23]     12 0.0ms
                                                                       loader.h_addr[22]     13 0.0ms
                                                                       loader.h_addr[16]     11 0.0ms
                                                                       loader.h_addr[11]     16 0.0ms
                                                                        loader.h_addr[1]     12 0.0ms
        $abc$664252$flatten\matvec.$8\dot_one$func$build/t27/specs/rtl/fpga_ddr3_matvec.v:2044$9825.dot_one_body.prod[31:0]$11089[10]     16 0.0ms
                                    $techmap674214$abc$664252$lut$aiger664251$39906.A[4]     13 0.0ms
                                    $techmap676371$abc$664252$lut$aiger664251$37225.A[0]      9 0.0ms
                                    $techmap676358$abc$664252$lut$aiger664251$47330.A[2]     16 0.0ms
                  $techmap675896$auto$abc_ops_reintegrate.cc:611:reintegrate$665429.A[3]     18 0.0ms
                                                                        matvec.hq_hi[52]     17 0.0ms
                                                                        matvec.hq_lo[20]     15 0.0ms
                                            ddr3.ddr3_controller_inst.stage1_next_row[8]     11 0.0ms
                                                          ddr3.idelay_data_cntvaluein[2]     20 0.0ms
                                                ddr3.ddr3_controller_inst.stage2_bank[0]     15 0.0ms
                  $techmap671816$auto$abc_ops_reintegrate.cc:611:reintegrate$666714.A[2]      9 0.0ms
                  $techmap673156$auto$abc_ops_reintegrate.cc:611:reintegrate$666179.A[4]     18 0.0ms
                                         $techmap673150$abc$664252$lut$aiger$o34005.A[2]     17 0.0ms
                  $techmap673714$auto$abc_ops_reintegrate.cc:611:reintegrate$665997.A[3]     10 0.0ms
                                                                       loader.h_addr[29]     10 0.0ms
                                                                       loader.h_addr[10]     16 0.0ms
                                                                        loader.h_addr[9]     16 0.0ms
                  $techmap678964$auto$abc_ops_reintegrate.cc:611:reintegrate$664425.A[4]      8 0.0ms
                                    ddr3.ddr3_controller_inst.calib_data_randomized[105]     11 0.0ms
                  $techmap677044$auto$abc_ops_reintegrate.cc:611:reintegrate$664970.A[1]      9 0.0ms
                  $techmap679132$auto$abc_ops_reintegrate.cc:611:reintegrate$664361.A[2]     17 0.0ms
                                                                        matvec.hq_hi[12]     17 0.0ms
                                                                        matvec.hq_hi[43]     25 0.0ms
                                                                        matvec.hq_hi[44]     15 0.0ms
                  $techmap673409$auto$abc_ops_reintegrate.cc:611:reintegrate$666045.A[3]      7 0.0ms
                  $techmap673012$auto$abc_ops_reintegrate.cc:611:reintegrate$666192.A[1]     10 0.0ms
                  $techmap672552$auto$abc_ops_reintegrate.cc:611:reintegrate$666333.A[2]     18 0.0ms
                                                                       loader.h_addr[19]     12 0.0ms
        $abc$664252$flatten\matvec.$8\dot_one$func$build/t27/specs/rtl/fpga_ddr3_matvec.v:2048$9829.dot_one_body.prod[31:0]$11153[10]     16 0.0ms
                  $techmap678776$auto$abc_ops_reintegrate.cc:611:reintegrate$664500.A[4]      8 0.0ms
                                    $techmap674063$abc$664252$lut$aiger664251$37350.A[0]     18 0.0ms
                                      ddr3.ddr3_controller_inst.calib_data_randomized[0]     10 0.0ms
                                                                  ddr3.idelay_data_ld[1]     10 0.0ms
                                                          ddr3.idelay_data_cntvaluein[1]     20 0.0ms
                  $techmap674236$auto$abc_ops_reintegrate.cc:611:reintegrate$665906.A[4]     32 0.0ms
                  $techmap673696$auto$abc_ops_reintegrate.cc:611:reintegrate$666005.A[1]      8 0.0ms
                  $techmap673320$auto$abc_ops_reintegrate.cc:611:reintegrate$666063.A[5]     18 0.0ms
                  $techmap673720$auto$abc_ops_reintegrate.cc:611:reintegrate$665994.A[1]     12 0.0ms
                                                                       loader.h_addr[20]     12 0.0ms
                                                                       loader.h_addr[18]     11 0.0ms
                                                                       loader.h_addr[17]     12 0.0ms
                  $techmap672748$auto$abc_ops_reintegrate.cc:611:reintegrate$666224.A[1]     27 0.0ms
                  $techmap673449$auto$abc_ops_reintegrate.cc:611:reintegrate$666041.A[1]     19 0.0ms
                                    ddr3.ddr3_controller_inst.stage2_data_unaligned[125]      8 0.0ms
                  $techmap677889$auto$abc_ops_reintegrate.cc:611:reintegrate$664716.A[2]     13 0.0ms
                                                                        matvec.hq_hi[20]     13 0.0ms
                  $techmap672702$auto$abc_ops_reintegrate.cc:611:reintegrate$666237.A[3]     12 0.0ms
                  $techmap674798$auto$abc_ops_reintegrate.cc:611:reintegrate$665753.A[1]     10 0.0ms
                                    $techmap680601$abc$664252$lut$aiger664251$27297.A[2]     13 0.0ms
                                            $techmap229045$auto$ff.cc:337:slice$104718.D     10 0.0ms
                  $techmap676987$auto$abc_ops_reintegrate.cc:611:reintegrate$664990.A[0]     11 0.0ms
                                                                         loader.h_len[6]     14 0.0ms
                                                                         loader.h_len[1]     14 0.0ms
                                                                       loader.h_addr[15]     13 0.0ms
                                                                        loader.h_addr[4]     14 0.0ms
                  $techmap673336$auto$abc_ops_reintegrate.cc:611:reintegrate$666053.A[1]      9 0.0ms
                  $techmap676726$auto$abc_ops_reintegrate.cc:611:reintegrate$665094.A[4]      8 0.0ms
                  $techmap676724$auto$abc_ops_reintegrate.cc:611:reintegrate$665095.A[4]      8 0.0ms
                                                                  matvec.result_index[5]     12 0.0ms
                                    ddr3.ddr3_controller_inst.stage2_data_unaligned[118]     11 0.0ms
                  $techmap672754$auto$abc_ops_reintegrate.cc:611:reintegrate$666221.A[3]      9 0.0ms
                                    $techmap674047$abc$664252$lut$aiger664251$37296.A[0]      3 0.0ms
                                           ddr3.ddr3_controller_inst.stage1_next_bank[2]     16 0.0ms
                               $abc$664252$auto$opt_dff.cc:336:make_patterns_logic$82976      8 0.0ms
                                                  ddr3.ddr3_controller_inst.prep_done[1]     16 0.0ms
                  $techmap673702$auto$abc_ops_reintegrate.cc:611:reintegrate$666002.A[0]     10 0.0ms
                  $techmap673427$auto$abc_ops_reintegrate.cc:611:reintegrate$666043.A[1]     17 0.0ms
                  $techmap671900$auto$abc_ops_reintegrate.cc:611:reintegrate$666630.A[1]     12 0.0ms
                                                                       loader.h_addr[13]     15 0.0ms
                  $techmap671906$auto$abc_ops_reintegrate.cc:611:reintegrate$666624.A[1]     13 0.0ms
                  $techmap678549$auto$abc_ops_reintegrate.cc:611:reintegrate$664574.A[4]      8 0.0ms
                                    $techmap673795$abc$664252$lut$aiger664251$35687.A[1]     15 0.0ms
                                                                  matvec.result_index[3]     12 0.0ms
                                     ddr3.ddr3_controller_inst.stage2_data_unaligned[65]      7 0.0ms
                                     ddr3.ddr3_controller_inst.stage2_data_unaligned[66]      5 0.0ms
                                    ddr3.ddr3_controller_inst.calib_data_randomized[123]     10 0.0ms
                  $techmap672748$auto$abc_ops_reintegrate.cc:611:reintegrate$666224.A[3]      9 0.0ms
                                            ddr3.ddr3_controller_inst.stage1_next_row[9]     11 0.0ms
                                            ddr3.ddr3_controller_inst.stage1_next_row[6]     11 0.0ms
                                                                         matvec.hq_hi[4]     16 0.0ms
                                    $techmap673352$abc$664252$lut$aiger664251$33467.A[0]      7 0.0ms
                                    $techmap672813$abc$664252$lut$aiger664251$27518.A[1]      7 0.0ms
                  $techmap673363$auto$abc_ops_reintegrate.cc:611:reintegrate$666047.A[0]      9 0.0ms
                                                                       loader.h_addr[12]     15 0.0ms
                  $techmap672110$auto$abc_ops_reintegrate.cc:611:reintegrate$666495.A[0]     11 0.0ms
                  $techmap674531$auto$abc_ops_reintegrate.cc:611:reintegrate$665826.A[2]      6 0.0ms
                  $techmap678984$auto$abc_ops_reintegrate.cc:611:reintegrate$664420.A[4]      8 0.0ms
                  $techmap678100$auto$abc_ops_reintegrate.cc:611:reintegrate$664666.A[4]      8 0.0ms
                  $techmap675997$auto$abc_ops_reintegrate.cc:611:reintegrate$665398.A[4]      8 0.0ms
                                                                              rd_addr[1]      9 0.0ms
                                    $techmap673997$abc$664252$lut$aiger664251$37037.A[1]     18 0.0ms
                                    $techmap673807$abc$664252$lut$aiger664251$35715.A[2]      8 0.0ms
                                    $techmap673797$abc$664252$lut$aiger664251$35693.A[4]     11 0.0ms
                                     ddr3.ddr3_controller_inst.stage2_data_unaligned[84]      6 0.0ms
                                    ddr3.ddr3_controller_inst.calib_data_randomized[101]     11 0.0ms
                                           ddr3.ddr3_controller_inst.stage1_next_row[13]     10 0.0ms
                                            ddr3.ddr3_controller_inst.stage1_next_row[7]     11 0.0ms
                                                                       loader.h_addr[24]     12 0.0ms
                              $abc$664252$auto$opt_dff.cc:319:make_patterns_logic$103823      7 0.0ms
                  $techmap675547$auto$abc_ops_reintegrate.cc:611:reintegrate$665546.A[0]     10 0.0ms
                                    $techmap674060$abc$664252$lut$aiger664251$37338.A[0]     30 0.0ms
                  $techmap675020$auto$abc_ops_reintegrate.cc:611:reintegrate$665692.A[0]      8 0.0ms
                                                          ddr3.idelay_data_cntvaluein[3]     20 0.0ms
                                                 ddr3.ddr3_controller_inst.stage2_row[1]     11 0.0ms
                                         $techmap672819$abc$664252$lut$aiger$o33736.A[1]     11 0.0ms
                  $techmap673298$auto$abc_ops_reintegrate.cc:611:reintegrate$666075.A[2]     11 0.0ms
                                            ddr3.ddr3_controller_inst.stage1_next_row[0]     11 0.0ms
                                    $techmap680194$abc$664252$lut$aiger664251$29568.A[1]     15 0.0ms
                                                                       loader.h_addr[26]     11 0.0ms
                                                                        loader.h_addr[5]     14 0.0ms
        $techmap674166$auto$abc_ops_reintegrate.cc:611:reintegrate$665926.A[1]$sum$12175      5 0.0ms
                              $abc$664252$auto$opt_dff.cc:319:make_patterns_logic$103826      7 0.0ms
                                                                        matvec.sub_q[11]      9 0.0ms
                  $techmap678077$auto$abc_ops_reintegrate.cc:611:reintegrate$664669.A[4]      8 0.0ms
                  $techmap673724$auto$abc_ops_reintegrate.cc:611:reintegrate$665992.A[4]      8 0.0ms
                                    ddr3.ddr3_controller_inst.stage2_data_unaligned[126]     11 0.0ms
                                                                 matvec.result_index[11]     12 0.0ms
                                                                  matvec.result_index[8]     12 0.0ms
                                    ddr3.ddr3_controller_inst.calib_data_randomized[118]     10 0.0ms
                  $techmap673020$auto$abc_ops_reintegrate.cc:611:reintegrate$666190.A[1]      6 0.0ms
                                     ddr3.ddr3_controller_inst.stage2_data_unaligned[32]      8 0.0ms
                                     ddr3.ddr3_controller_inst.stage2_data_unaligned[52]      6 0.0ms
                                    ddr3.ddr3_controller_inst.stage2_data_unaligned[117]      8 0.0ms
                                           ddr3.ddr3_controller_inst.stage1_next_row[14]     10 0.0ms
                                                ddr3.ddr3_controller_inst.stage2_row[13]     10 0.0ms
                                    $techmap676353$abc$664252$lut$aiger664251$47325.A[1]      5 0.0ms
                                    $techmap674049$abc$664252$lut$aiger664251$37302.A[0]      3 0.0ms
                                    $techmap674126$abc$664252$lut$aiger664251$38189.A[2]     18 0.0ms
                  $techmap671853$auto$abc_ops_reintegrate.cc:611:reintegrate$666677.A[0]     11 0.0ms
                                         $techmap682018$abc$664252$lut$aiger$o30166.A[1]      2 0.0ms
                                    $techmap673048$abc$664252$lut$aiger664251$30518.A[0]      9 0.0ms
                  $techmap672125$auto$abc_ops_reintegrate.cc:611:reintegrate$666480.A[0]     10 0.0ms
                                                                        master.outst[30]      5 0.0ms
                                                                                 any_nak      1 0.0ms
        $abc$664252$flatten\matvec.$8\dot_one$func$build/t27/specs/rtl/fpga_ddr3_matvec.v:2045$9826.dot_one_body.prod[31:0]$11105[10]     16 0.0ms
                                    $techmap676373$abc$664252$lut$aiger664251$58026.A[4]     11 0.0ms
                                    $techmap676358$abc$664252$lut$aiger664251$47330.A[0]      6 0.0ms
                                    $techmap673797$abc$664252$lut$aiger664251$35693.A[2]     12 0.0ms
                                     ddr3.ddr3_controller_inst.stage2_data_unaligned[33]      7 0.0ms
                                                ddr3.ddr3_controller_inst.stage2_row[11]     10 0.0ms
                                            ddr3.ddr3_controller_inst.dqs_start_index[5]      6 0.0ms
                                            ddr3.ddr3_controller_inst.stage1_next_row[5]     11 0.0ms
                                                 ddr3.ddr3_controller_inst.stage2_row[4]     11 0.0ms
                                    $techmap673734$abc$664252$lut$aiger664251$35216.A[4]     10 0.0ms
                  $techmap673409$auto$abc_ops_reintegrate.cc:611:reintegrate$666045.A[4]      8 0.0ms
                                            ddr3.ddr3_controller_inst.dqs_start_index[3]     11 0.0ms
                                                 ddr3.ddr3_controller_inst.stage2_row[2]     11 0.0ms
                  $techmap676277$auto$abc_ops_reintegrate.cc:611:reintegrate$665269.A[1]      7 0.0ms
                                    $techmap672709$abc$664252$lut$aiger664251$23341.A[1]     12 0.0ms
                                         $techmap680747$abc$664252$lut$aiger$o28764.A[1]      9 0.0ms
                                         ddr3.ddr3_controller_inst.delay_counter_is_zero     20 0.0ms
                                         $techmap672963$abc$664252$lut$aiger$o30103.A[2]     12 0.0ms
                                    $techmap673668$abc$664252$lut$aiger664251$30485.A[0]     11 0.0ms
                                            $techmap228277$auto$ff.cc:337:slice$115321.D     15 0.0ms
                  $techmap672166$auto$abc_ops_reintegrate.cc:611:reintegrate$666439.A[0]      9 0.0ms
                  $techmap672142$auto$abc_ops_reintegrate.cc:611:reintegrate$666463.A[0]      9 0.0ms
                                                                        loader.h_addr[6]     14 0.0ms
                  $techmap671901$auto$abc_ops_reintegrate.cc:611:reintegrate$666629.A[1]     14 0.0ms
                               $abc$664252$auto$opt_dff.cc:319:make_patterns_logic$81697     15 0.0ms
                  $techmap675875$auto$abc_ops_reintegrate.cc:611:reintegrate$665441.A[0]     10 0.0ms
                  $techmap678568$auto$abc_ops_reintegrate.cc:611:reintegrate$664569.A[4]      8 0.0ms
                  $techmap673449$auto$abc_ops_reintegrate.cc:611:reintegrate$666041.A[0]     17 0.0ms
                                    ddr3.ddr3_controller_inst.stage2_data_unaligned[111]      7 0.0ms
                                                                  matvec.result_index[6]     12 0.0ms
                                    ddr3.ddr3_controller_inst.calib_data_randomized[103]      9 0.0ms
                                              ddr3.ddr3_controller_inst.o_wb_stall_int_q      6 0.0ms
                                                                             wr_addr[21]      5 0.0ms
                  $techmap677870$auto$abc_ops_reintegrate.cc:611:reintegrate$664719.A[0]      9 0.0ms
                  $techmap676044$auto$abc_ops_reintegrate.cc:611:reintegrate$665371.A[0]      6 0.0ms
                                                ddr3.ddr3_controller_inst.stage2_row[12]     10 0.0ms
                  $techmap678394$auto$abc_ops_reintegrate.cc:611:reintegrate$664612.A[2]      8 0.0ms
                  $techmap676038$auto$abc_ops_reintegrate.cc:611:reintegrate$665376.A[0]      8 0.0ms
                  $techmap674388$auto$abc_ops_reintegrate.cc:611:reintegrate$665864.A[1]     10 0.0ms
                               $abc$664252$auto$opt_dff.cc:336:make_patterns_logic$81635      3 0.0ms
                                    $techmap672818$abc$664252$lut$aiger664251$27782.A[0]      9 0.0ms
                                                 ddr3.ddr3_controller_inst.stage2_row[0]     11 0.0ms
                                           ddr3.ddr3_controller_inst.added_read_pipe_max     13 0.0ms
                                         $techmap680477$abc$664252$lut$aiger$o28324.A[1]     12 0.0ms
                  $techmap673427$auto$abc_ops_reintegrate.cc:611:reintegrate$666043.A[3]      9 0.0ms
                  $techmap672149$auto$abc_ops_reintegrate.cc:611:reintegrate$666456.A[0]      9 0.0ms
                  $techmap672143$auto$abc_ops_reintegrate.cc:611:reintegrate$666462.A[0]      9 0.0ms
                                    $techmap673734$abc$664252$lut$aiger664251$35216.A[3]      7 0.0ms
                                                                        master.outst[14]      4 0.0ms
                                                                         master.outst[4]      6 0.0ms
                  $techmap672552$auto$abc_ops_reintegrate.cc:611:reintegrate$666333.A[3]      7 0.0ms
                                                                       loader.h_addr[14]     12 0.0ms
                                   $auto$alumacc.cc:548:replace_alu$92947.Y[1]$sum$11935     14 0.0ms
                  $techmap671854$auto$abc_ops_reintegrate.cc:611:reintegrate$666676.A[1]      5 0.0ms
                                                                          transmitter.tx      1 0.0ms
                  $techmap676404$auto$abc_ops_reintegrate.cc:611:reintegrate$665236.A[3]      5 0.0ms
                  $techmap676983$auto$abc_ops_reintegrate.cc:611:reintegrate$664993.A[4]      5 0.0ms
                  $techmap677356$auto$abc_ops_reintegrate.cc:611:reintegrate$664864.A[4]      8 0.0ms
                  $techmap677331$auto$abc_ops_reintegrate.cc:611:reintegrate$664871.A[4]      8 0.0ms
                                    $techmap681063$abc$664252$lut$aiger664251$57031.A[4]     11 0.0ms
                                    $techmap676377$abc$664252$lut$aiger664251$58029.A[1]      7 0.0ms
                                    $techmap674005$abc$664252$lut$aiger664251$37076.A[3]      8 0.0ms
                                     ddr3.ddr3_controller_inst.stage2_data_unaligned[91]      6 0.0ms
                                      ddr3.ddr3_controller_inst.stage2_data_unaligned[9]      8 0.0ms
                                                                 matvec.result_index[10]     12 0.0ms
                                    $techmap673084$abc$664252$lut$aiger664251$30737.A[0]      4 0.0ms
                                     ddr3.ddr3_controller_inst.stage2_data_unaligned[39]      6 0.0ms
                                     ddr3.ddr3_controller_inst.stage2_data_unaligned[34]      5 0.0ms
                                                                             rd_addr[18]      4 0.0ms
                                    $techmap672747$abc$664252$lut$aiger664251$23440.A[0]     12 0.0ms
                  $techmap675868$auto$abc_ops_reintegrate.cc:611:reintegrate$665444.A[1]     11 0.0ms
                  $techmap674986$auto$abc_ops_reintegrate.cc:611:reintegrate$665698.A[0]      8 0.0ms
                  $techmap675919$auto$abc_ops_reintegrate.cc:611:reintegrate$665422.A[2]      9 0.0ms
                                                ddr3.ddr3_controller_inst.stage2_row[10]     10 0.0ms
                  $techmap672760$auto$abc_ops_reintegrate.cc:611:reintegrate$666218.A[3]      9 0.0ms
                                            ddr3.ddr3_controller_inst.dqs_start_index[4]      7 0.0ms
                  $techmap673358$auto$abc_ops_reintegrate.cc:611:reintegrate$666048.A[4]      7 0.0ms
                  $techmap673714$auto$abc_ops_reintegrate.cc:611:reintegrate$665997.A[1]     14 0.0ms
                  $techmap673358$auto$abc_ops_reintegrate.cc:611:reintegrate$666048.A[3]     11 0.0ms
                               $abc$664252$auto$opt_dff.cc:336:make_patterns_logic$83170      8 0.0ms
                               $abc$664252$auto$opt_dff.cc:336:make_patterns_logic$81850      7 0.0ms
                                    $techmap680480$abc$664252$lut$aiger664251$27274.A[1]     12 0.0ms
                               $abc$664252$auto$opt_dff.cc:336:make_patterns_logic$82993      8 0.0ms
                  $techmap672969$auto$abc_ops_reintegrate.cc:611:reintegrate$666200.A[1]     10 0.0ms
                                    $techmap673177$abc$664252$lut$aiger664251$29393.A[1]      7 0.0ms
                  $techmap672157$auto$abc_ops_reintegrate.cc:611:reintegrate$666448.A[0]      9 0.0ms
                  $techmap672117$auto$abc_ops_reintegrate.cc:611:reintegrate$666488.A[0]      9 0.0ms
                                                                        master.outst[21]      5 0.0ms
                  $techmap671910$auto$abc_ops_reintegrate.cc:611:reintegrate$666620.A[1]     14 0.0ms
                              $abc$664252$auto$opt_dff.cc:319:make_patterns_logic$103779     10 0.0ms
                  $techmap674298$auto$abc_ops_reintegrate.cc:611:reintegrate$665894.A[2]      7 0.0ms
                  $techmap674552$auto$abc_ops_reintegrate.cc:611:reintegrate$665818.A[0]     10 0.0ms
                  $techmap675653$auto$abc_ops_reintegrate.cc:611:reintegrate$665517.A[0]     10 0.0ms
                                                                         matvec.sub_q[6]      9 0.0ms
                                    $techmap677233$abc$664252$lut$aiger664251$66185.A[4]      9 0.0ms
                                    $techmap675361$abc$664252$lut$aiger664251$49326.A[3]     11 0.0ms
                                    $techmap679992$abc$664252$lut$aiger664251$37200.A[1]     11 0.0ms
                                    $techmap674003$abc$664252$lut$aiger664251$37068.A[4]     16 0.0ms
                                 ddr3.ddr3_controller_inst.check_test_address_counter[5]     12 0.0ms
                                     ddr3.ddr3_controller_inst.stage2_data_unaligned[25]      7 0.0ms
                                    $techmap673172$abc$664252$lut$aiger664251$31245.A[0]     10 0.0ms
                                      ddr3.ddr3_controller_inst.stage2_data_unaligned[4]      8 0.0ms
                                      ddr3.ddr3_controller_inst.stage2_data_unaligned[5]      6 0.0ms
                                     ddr3.ddr3_controller_inst.stage2_data_unaligned[96]      8 0.0ms
                                     ddr3.ddr3_controller_inst.stage2_data_unaligned[86]      5 0.0ms
                                     ddr3.ddr3_controller_inst.stage2_data_unaligned[80]      8 0.0ms
                                     ddr3.ddr3_controller_inst.stage2_data_unaligned[70]      5 0.0ms
                                                  ddr3.ddr3_controller_inst.stage2_do_wr      6 0.0ms
                  $techmap677140$auto$abc_ops_reintegrate.cc:611:reintegrate$664937.A[1]     11 0.0ms
                                    $techmap673802$abc$664252$lut$aiger664251$35707.A[1]     13 0.0ms
                                                                  matvec.result_read[20]     12 0.0ms
                  $techmap672752$auto$abc_ops_reintegrate.cc:611:reintegrate$666222.A[3]      9 0.0ms
                                                 ddr3.ddr3_controller_inst.stage2_row[7]     11 0.0ms
                                                 ddr3.ddr3_controller_inst.stage2_row[6]     11 0.0ms
                                                 ddr3.ddr3_controller_inst.stage2_row[3]     11 0.0ms
                  $techmap673057$auto$abc_ops_reintegrate.cc:611:reintegrate$666186.A[0]     10 0.0ms
                  $techmap672815$auto$abc_ops_reintegrate.cc:611:reintegrate$666207.A[1]      9 0.0ms
                  $techmap671816$auto$abc_ops_reintegrate.cc:611:reintegrate$666714.A[3]      6 0.0ms
                                    $techmap674140$abc$664252$lut$aiger664251$38234.A[3]      6 0.0ms
                               $abc$664252$auto$opt_dff.cc:336:make_patterns_logic$83109      9 0.0ms
                  $techmap673051$auto$abc_ops_reintegrate.cc:611:reintegrate$666188.A[1]     10 0.0ms
                  $techmap673313$auto$abc_ops_reintegrate.cc:611:reintegrate$666068.A[2]      8 0.0ms
                  $techmap673318$auto$abc_ops_reintegrate.cc:611:reintegrate$666065.A[1]      8 0.0ms
                  $techmap672159$auto$abc_ops_reintegrate.cc:611:reintegrate$666446.A[0]      9 0.0ms
                  $techmap671916$auto$abc_ops_reintegrate.cc:611:reintegrate$666614.A[1]     12 0.0ms
                  $techmap671907$auto$abc_ops_reintegrate.cc:611:reintegrate$666623.A[1]     13 0.0ms
                                                                 $abc$664252$aiger$o1011      8 0.0ms
                                                                 $abc$664252$aiger$o1010      8 0.0ms
                  $techmap672970$auto$abc_ops_reintegrate.cc:611:reintegrate$666199.A[2]      6 0.0ms
                                                   ddr3.ddr3_controller_inst.initial_dqs     14 0.0ms
                                                                        matvec.sub_q[15]      9 0.0ms
                  $techmap676021$auto$abc_ops_reintegrate.cc:611:reintegrate$665386.A[0]     10 0.0ms
                                    $techmap678082$abc$664252$lut$aiger664251$73960.A[4]      8 0.0ms
                                    $techmap675508$abc$664252$lut$aiger664251$50677.A[0]      3 0.0ms
                                    $techmap675368$abc$664252$lut$aiger664251$49357.A[2]     10 0.0ms
                                    $techmap674043$abc$664252$lut$aiger664251$37280.A[0]      3 0.0ms
                                    $techmap673804$abc$664252$lut$aiger664251$35709.A[1]     10 0.0ms
                  $techmap673718$auto$abc_ops_reintegrate.cc:611:reintegrate$665995.A[4]      8 0.0ms
                                    ddr3.ddr3_controller_inst.stage2_data_unaligned[110]      6 0.0ms
                                    ddr3.ddr3_controller_inst.stage2_data_unaligned[105]      7 0.0ms
                                     ddr3.ddr3_controller_inst.stage2_data_unaligned[27]      6 0.0ms
                  $techmap673363$auto$abc_ops_reintegrate.cc:611:reintegrate$666047.A[3]      4 0.0ms
                                    $techmap673084$abc$664252$lut$aiger664251$30737.A[1]      4 0.0ms
                                                                             wr_addr[29]      3 0.0ms
                                     ddr3.ddr3_controller_inst.stage2_data_unaligned[20]      6 0.0ms
                                     ddr3.ddr3_controller_inst.stage2_data_unaligned[54]      5 0.0ms
                                     ddr3.ddr3_controller_inst.stage2_data_unaligned[49]      7 0.0ms
Info: Router2 time 3.35s
Info: Routing $PACKER_VCC_NET connections...
Info:     $PACKER_VCC_NET: 3967/3967 sinks bridged (0 holdouts; max BFS 739)
Info: Routing $PACKER_GND_NET connections...
Info:     $PACKER_GND_NET: 3541/3541 sinks bridged (0 holdouts; max BFS 44316)
Info: Constant holdouts: 1 local constant LUT(s) added, 1 re-route pass(es), 7 don't-care CARRY4 DI pin(s) left unrouted
Info: Running post-routing legalisation...
Info:     BUFHCE pass-through CE: 9 tied to VCC, 0 already driven, 0 could not be reached

Info: Critical path report for clock 'clk_ctrl' (posedge -> posedge):
Info: curr total
Info:  0.1  0.1  Source $auto$ff.cc:337:slice$122601.Q
Info:  4.2  4.3    Net ddr3.ddr3_controller_inst.index_wb_data budget 0.000000 ns (207,103) -> (234,22)
Info:                Sink $abc$664252$lut$aiger$o39516.A1
Info:  0.1  4.4  Source $abc$664252$lut$aiger$o39516.O6
Info:  3.5  7.9    Net wb_rdata[38] budget 0.000000 ns (234,22) -> (203,79)
Info:                Sink $abc$664252$lut$aiger664251$27925.A2
Info:  0.1  8.1  Source $abc$664252$lut$aiger664251$27925.O6
Info:  0.3  8.4    Net $techmap672872$abc$664252$lut$aiger664251$27941.A[4] budget 0.000000 ns (203,79) -> (203,79)
Info:                Sink $abc$664252$lut$aiger664251$27941.A5
Info:  0.1  8.5  Source $abc$664252$lut$aiger664251$27941.O6
Info:  0.6  9.1    Net $techmap672885$abc$664252$lut$aiger664251$27982.A[3] budget 0.000000 ns (203,79) -> (201,80)
Info:                Sink $abc$664252$lut$aiger664251$27982.A1
Info:  0.1  9.2  Source $abc$664252$lut$aiger664251$27982.O6
Info:  0.5  9.7    Net $techmap672922$abc$664252$lut$aiger664251$28166.A[5] budget 0.000000 ns (201,80) -> (201,80)
Info:                Sink $abc$664252$lut$aiger664251$28166.A6
Info:  0.1  9.9  Source $abc$664252$lut$aiger664251$28166.O6
Info:  0.8 10.7    Net $techmap674204$auto$abc_ops_reintegrate.cc:611:reintegrate$665910.A[2] budget 0.000000 ns (201,80) -> (184,75)
Info:                Sink $abc$664252$lut$aiger664251$28167.A1
Info:  0.1 10.8  Source $abc$664252$lut$aiger664251$28167.O6
Info:  0.6 11.4    Net $techmap672924$abc$664252$lut$aiger$o33021.A[0] budget 0.000000 ns (184,75) -> (180,75)
Info:                Sink $abc$664252$lut$aiger664251$34807.A3
Info:  0.1 11.6  Source $abc$664252$lut$aiger664251$34807.O6
Info:  2.4 13.9    Net $techmap680876$abc$664252$lut$aiger$o33531.A[0] budget 0.000000 ns (180,75) -> (185,119)
Info:                Sink $abc$664252$lut$aiger$o33531.A4
Info:  0.1 14.0  Source $abc$664252$lut$aiger$o33531.O6
Info:  1.3 15.4    Net $techmap680911$abc$664252$lut$aiger$o33579.A[3] budget 0.000000 ns (185,119) -> (184,92)
Info:                Sink $abc$664252$lut$aiger$o33579.A4
Info:  0.1 15.5  Source $abc$664252$lut$aiger$o33579.O6
Info:  0.7 16.2    Net $abc$664252$auto$opt_dff.cc:336:make_patterns_logic$81635 budget 0.541000 ns (184,92) -> (184,94)
Info:                Sink $auto$ff.cc:337:slice$124064.CE
Info:  0.1 16.3  Setup $auto$ff.cc:337:slice$124064.CE
Info: 1.3 ns logic, 15.0 ns routing

Info: Max frequency for clock 'clk_ctrl': 61.45 MHz (PASS at 60.00 MHz)

Info: Slack histogram:
Info:  legend: * represents 50 endpoint(s)
Info:          + represents [1,50) endpoint(s)
Info: [   393,   1190) |+
Info: [  1190,   1987) |*+
Info: [  1987,   2784) |****+
Info: [  2784,   3581) |***+
Info: [  3581,   4378) |*******+
Info: [  4378,   5175) |***+
Info: [  5175,   5972) |******+
Info: [  5972,   6769) |*************+
Info: [  6769,   7566) |*****************+
Info: [  7566,   8363) |******************+
Info: [  8363,   9160) |**********************+
Info: [  9160,   9957) |****************************+
Info: [  9957,  10754) |*****************************************+
Info: [ 10754,  11551) |************************************************************ 
Info: [ 11551,  12348) |**********************************************+
Info: [ 12348,  13145) |**************************************+
Info: [ 13145,  13942) |************************************+
Info: [ 13942,  14739) |************************+
Info: [ 14739,  15536) |***************+
Info: [ 15536,  16333) |*************+

