Info: Propagating clock constraints...
Info:     derived 200.0 MHz for net 'clk200_in' (through IBUFDS 'clk200_ibufds')
Info:     PLLE2_ADV 'pll': input 200.0 MHz, VCO 1000.0 MHz
Info:     derived 83.3 MHz for net 'ctrl_raw' (through PLLE2_ADV 'pll')
Info:     derived 333.3 MHz for net 'ddr_raw' (through PLLE2_ADV 'pll')
Info:     derived 200.0 MHz for net 'ref_raw' (through PLLE2_ADV 'pll')
Info:     derived 333.3 MHz for net 'ddr90_raw' (through PLLE2_ADV 'pll')
Info:     derived 1000.0 MHz for net 'pll_fb' (through PLLE2_ADV 'pll')
Info:     PLLE2_ADV 'pll': input 200.0 MHz, VCO 1000.0 MHz
Info: Packing constants..
Info: Inserting IO buffers..
Info:     IO port 'clk200_n' driven by IBUFDS 'clk200_ibufds'
Info:     IO port 'clk200_p' driven by IBUFDS 'clk200_ibufds'
Info:     IO port 'ddr3_cas_n' driven by OBUF '$iopadmap$tms_ddr3_ax7203.ddr3_cas_n'
Info:     IO port 'ddr3_ck_n' driven by OBUFDS 'ddr3.ddr3_phy_inst.genblk4.genblk1.OBUFDS_inst'
Info:     IO port 'ddr3_ck_p' driven by OBUFDS 'ddr3.ddr3_phy_inst.genblk4.genblk1.OBUFDS_inst'
Info:     IO port 'ddr3_cke' driven by OBUF '$iopadmap$tms_ddr3_ax7203.ddr3_cke'
Info:     IO port 'ddr3_cs_n' driven by OBUF '$iopadmap$tms_ddr3_ax7203.ddr3_cs_n'
Info:     IO port 'ddr3_odt' driven by OBUF '$iopadmap$tms_ddr3_ax7203.ddr3_odt'
Info:     IO port 'ddr3_ras_n' driven by OBUF '$iopadmap$tms_ddr3_ax7203.ddr3_ras_n'
Info:     IO port 'ddr3_reset_n' driven by OBUF '$iopadmap$tms_ddr3_ax7203.ddr3_reset_n'
Info:     IO port 'ddr3_we_n' driven by OBUF '$iopadmap$tms_ddr3_ax7203.ddr3_we_n'
Info:     IO port 'rst_n' driven by IBUF '$iopadmap$tms_ddr3_ax7203.rst_n'
Info:     IO port 'uart_tx' driven by OBUF '$iopadmap$tms_ddr3_ax7203.uart_tx'
Info:     IO port 'ddr3_addr[0]' driven by OBUF '$iopadmap$tms_ddr3_ax7203.ddr3_addr'
Info:     IO port 'ddr3_addr[1]' driven by OBUF '$iopadmap$tms_ddr3_ax7203.ddr3_addr_1'
Info:     IO port 'ddr3_addr[10]' driven by OBUF '$iopadmap$tms_ddr3_ax7203.ddr3_addr_10'
Info:     IO port 'ddr3_addr[11]' driven by OBUF '$iopadmap$tms_ddr3_ax7203.ddr3_addr_11'
Info:     IO port 'ddr3_addr[12]' driven by OBUF '$iopadmap$tms_ddr3_ax7203.ddr3_addr_12'
Info:     IO port 'ddr3_addr[13]' driven by OBUF '$iopadmap$tms_ddr3_ax7203.ddr3_addr_13'
Info:     IO port 'ddr3_addr[14]' driven by OBUF '$iopadmap$tms_ddr3_ax7203.ddr3_addr_14'
Info:     IO port 'ddr3_addr[2]' driven by OBUF '$iopadmap$tms_ddr3_ax7203.ddr3_addr_2'
Info:     IO port 'ddr3_addr[3]' driven by OBUF '$iopadmap$tms_ddr3_ax7203.ddr3_addr_3'
Info:     IO port 'ddr3_addr[4]' driven by OBUF '$iopadmap$tms_ddr3_ax7203.ddr3_addr_4'
Info:     IO port 'ddr3_addr[5]' driven by OBUF '$iopadmap$tms_ddr3_ax7203.ddr3_addr_5'
Info:     IO port 'ddr3_addr[6]' driven by OBUF '$iopadmap$tms_ddr3_ax7203.ddr3_addr_6'
Info:     IO port 'ddr3_addr[7]' driven by OBUF '$iopadmap$tms_ddr3_ax7203.ddr3_addr_7'
Info:     IO port 'ddr3_addr[8]' driven by OBUF '$iopadmap$tms_ddr3_ax7203.ddr3_addr_8'
Info:     IO port 'ddr3_addr[9]' driven by OBUF '$iopadmap$tms_ddr3_ax7203.ddr3_addr_9'
Info:     IO port 'ddr3_ba[0]' driven by OBUF '$iopadmap$tms_ddr3_ax7203.ddr3_ba'
Info:     IO port 'ddr3_ba[1]' driven by OBUF '$iopadmap$tms_ddr3_ax7203.ddr3_ba_1'
Info:     IO port 'ddr3_ba[2]' driven by OBUF '$iopadmap$tms_ddr3_ax7203.ddr3_ba_2'
Info:     IO port 'led[0]' driven by OBUF '$iopadmap$tms_ddr3_ax7203.led'
Info:     IO port 'led[1]' driven by OBUF '$iopadmap$tms_ddr3_ax7203.led_1'
Info:     IO port 'led[2]' driven by OBUF '$iopadmap$tms_ddr3_ax7203.led_2'
Info:     IO port 'led[3]' driven by OBUF '$iopadmap$tms_ddr3_ax7203.led_3'
Info:     IO port 'ddr3_dq[0]' driven by IOBUF 'ddr3.ddr3_phy_inst.genblk5[0].genblk1.IOBUF_data'
Info:     IO port 'ddr3_dq[10]' driven by IOBUF 'ddr3.ddr3_phy_inst.genblk5[10].genblk1.IOBUF_data'
Info:     IO port 'ddr3_dq[11]' driven by IOBUF 'ddr3.ddr3_phy_inst.genblk5[11].genblk1.IOBUF_data'
Info:     IO port 'ddr3_dq[12]' driven by IOBUF 'ddr3.ddr3_phy_inst.genblk5[12].genblk1.IOBUF_data'
Info:     IO port 'ddr3_dq[13]' driven by IOBUF 'ddr3.ddr3_phy_inst.genblk5[13].genblk1.IOBUF_data'
Info:     IO port 'ddr3_dq[14]' driven by IOBUF 'ddr3.ddr3_phy_inst.genblk5[14].genblk1.IOBUF_data'
Info:     IO port 'ddr3_dq[15]' driven by IOBUF 'ddr3.ddr3_phy_inst.genblk5[15].genblk1.IOBUF_data'
Info:     IO port 'ddr3_dq[16]' driven by IOBUF 'ddr3.ddr3_phy_inst.genblk5[16].genblk1.IOBUF_data'
Info:     IO port 'ddr3_dq[17]' driven by IOBUF 'ddr3.ddr3_phy_inst.genblk5[17].genblk1.IOBUF_data'
Info:     IO port 'ddr3_dq[18]' driven by IOBUF 'ddr3.ddr3_phy_inst.genblk5[18].genblk1.IOBUF_data'
Info:     IO port 'ddr3_dq[19]' driven by IOBUF 'ddr3.ddr3_phy_inst.genblk5[19].genblk1.IOBUF_data'
Info:     IO port 'ddr3_dq[1]' driven by IOBUF 'ddr3.ddr3_phy_inst.genblk5[1].genblk1.IOBUF_data'
Info:     IO port 'ddr3_dq[20]' driven by IOBUF 'ddr3.ddr3_phy_inst.genblk5[20].genblk1.IOBUF_data'
Info:     IO port 'ddr3_dq[21]' driven by IOBUF 'ddr3.ddr3_phy_inst.genblk5[21].genblk1.IOBUF_data'
Info:     IO port 'ddr3_dq[22]' driven by IOBUF 'ddr3.ddr3_phy_inst.genblk5[22].genblk1.IOBUF_data'
Info:     IO port 'ddr3_dq[23]' driven by IOBUF 'ddr3.ddr3_phy_inst.genblk5[23].genblk1.IOBUF_data'
Info:     IO port 'ddr3_dq[24]' driven by IOBUF 'ddr3.ddr3_phy_inst.genblk5[24].genblk1.IOBUF_data'
Info:     IO port 'ddr3_dq[25]' driven by IOBUF 'ddr3.ddr3_phy_inst.genblk5[25].genblk1.IOBUF_data'
Info:     IO port 'ddr3_dq[26]' driven by IOBUF 'ddr3.ddr3_phy_inst.genblk5[26].genblk1.IOBUF_data'
Info:     IO port 'ddr3_dq[27]' driven by IOBUF 'ddr3.ddr3_phy_inst.genblk5[27].genblk1.IOBUF_data'
Info:     IO port 'ddr3_dq[28]' driven by IOBUF 'ddr3.ddr3_phy_inst.genblk5[28].genblk1.IOBUF_data'
Info:     IO port 'ddr3_dq[29]' driven by IOBUF 'ddr3.ddr3_phy_inst.genblk5[29].genblk1.IOBUF_data'
Info:     IO port 'ddr3_dq[2]' driven by IOBUF 'ddr3.ddr3_phy_inst.genblk5[2].genblk1.IOBUF_data'
Info:     IO port 'ddr3_dq[30]' driven by IOBUF 'ddr3.ddr3_phy_inst.genblk5[30].genblk1.IOBUF_data'
Info:     IO port 'ddr3_dq[31]' driven by IOBUF 'ddr3.ddr3_phy_inst.genblk5[31].genblk1.IOBUF_data'
Info:     IO port 'ddr3_dq[3]' driven by IOBUF 'ddr3.ddr3_phy_inst.genblk5[3].genblk1.IOBUF_data'
Info:     IO port 'ddr3_dq[4]' driven by IOBUF 'ddr3.ddr3_phy_inst.genblk5[4].genblk1.IOBUF_data'
Info:     IO port 'ddr3_dq[5]' driven by IOBUF 'ddr3.ddr3_phy_inst.genblk5[5].genblk1.IOBUF_data'
Info:     IO port 'ddr3_dq[6]' driven by IOBUF 'ddr3.ddr3_phy_inst.genblk5[6].genblk1.IOBUF_data'
Info:     IO port 'ddr3_dq[7]' driven by IOBUF 'ddr3.ddr3_phy_inst.genblk5[7].genblk1.IOBUF_data'
Info:     IO port 'ddr3_dq[8]' driven by IOBUF 'ddr3.ddr3_phy_inst.genblk5[8].genblk1.IOBUF_data'
Info:     IO port 'ddr3_dq[9]' driven by IOBUF 'ddr3.ddr3_phy_inst.genblk5[9].genblk1.IOBUF_data'
Info:     IO port 'ddr3_dm[0]' driven by OBUF 'ddr3.ddr3_phy_inst.genblk6[0].genblk1.OBUF_dm'
Info:     IO port 'ddr3_dm[1]' driven by OBUF 'ddr3.ddr3_phy_inst.genblk6[1].genblk1.OBUF_dm'
Info:     IO port 'ddr3_dm[2]' driven by OBUF 'ddr3.ddr3_phy_inst.genblk6[2].genblk1.OBUF_dm'
Info:     IO port 'ddr3_dm[3]' driven by OBUF 'ddr3.ddr3_phy_inst.genblk6[3].genblk1.OBUF_dm'
Info:     IO port 'ddr3_dqs_p[0]' driven by IOBUFDS 'ddr3.ddr3_phy_inst.genblk7[0].genblk1.IOBUFDS_dqs'
Info:     IO port 'ddr3_dqs_n[0]' driven by IOBUFDS 'ddr3.ddr3_phy_inst.genblk7[0].genblk1.IOBUFDS_dqs'
Info:     IO port 'ddr3_dqs_p[1]' driven by IOBUFDS 'ddr3.ddr3_phy_inst.genblk7[1].genblk1.IOBUFDS_dqs'
Info:     IO port 'ddr3_dqs_n[1]' driven by IOBUFDS 'ddr3.ddr3_phy_inst.genblk7[1].genblk1.IOBUFDS_dqs'
Info:     IO port 'ddr3_dqs_p[2]' driven by IOBUFDS 'ddr3.ddr3_phy_inst.genblk7[2].genblk1.IOBUFDS_dqs'
Info:     IO port 'ddr3_dqs_n[2]' driven by IOBUFDS 'ddr3.ddr3_phy_inst.genblk7[2].genblk1.IOBUFDS_dqs'
Info:     IO port 'ddr3_dqs_p[3]' driven by IOBUFDS 'ddr3.ddr3_phy_inst.genblk7[3].genblk1.IOBUFDS_dqs'
Info:     IO port 'ddr3_dqs_n[3]' driven by IOBUFDS 'ddr3.ddr3_phy_inst.genblk7[3].genblk1.IOBUFDS_dqs'
Info:     Constraining 'clk200_n' to site 'IOB_X1Y123'
Info:     Tile 'RIOB33_X105Y123'
Info:     Constraining 'clk200_p' to site 'IOB_X1Y124'
Info:     Tile 'RIOB33_X105Y123'
Info:     Constraining 'ddr3_cas_n' to site 'IOB_X1Y125'
Info:     Tile 'RIOB33_X105Y125'
Info:     Constraining 'ddr3_ck_n' to site 'IOB_X1Y143'
Info:     Tile 'RIOB33_X105Y143'
Info:     Constraining 'ddr3_ck_p' to site 'IOB_X1Y144'
Info:     Tile 'RIOB33_X105Y143'
Info:     Constraining 'ddr3_cke' to site 'IOB_X1Y122'
Info:     Tile 'RIOB33_X105Y121'
Info:     Constraining 'ddr3_cs_n' to site 'IOB_X1Y134'
Info:     Tile 'RIOB33_X105Y133'
Info:     Constraining 'ddr3_odt' to site 'IOB_X1Y121'
Info:     Tile 'RIOB33_X105Y121'
Info:     Constraining 'ddr3_ras_n' to site 'IOB_X1Y126'
Info:     Tile 'RIOB33_X105Y125'
Info:     Constraining 'ddr3_reset_n' to site 'IOB_X1Y120'
Info:     Tile 'RIOB33_X105Y119'
Info:     Constraining 'ddr3_we_n' to site 'IOB_X1Y136'
Info:     Tile 'RIOB33_X105Y135'
Info:     Constraining 'rst_n' to site 'IOB_X1Y115'
Info:     Tile 'RIOB33_X105Y115'
Info:     Constraining 'uart_tx' to site 'IOB_X0Y100'
Info:     Tile 'LIOB33_SING_X0Y100'
Info:     Constraining 'ddr3_addr[0]' to site 'IOB_X1Y127'
Info:     Tile 'RIOB33_X105Y127'
Info:     Constraining 'ddr3_addr[1]' to site 'IOB_X1Y133'
Info:     Tile 'RIOB33_X105Y133'
Info:     Constraining 'ddr3_addr[10]' to site 'IOB_X1Y139'
Info:     Tile 'RIOB33_X105Y139'
Info:     Constraining 'ddr3_addr[11]' to site 'IOB_X1Y142'
Info:     Tile 'RIOB33_X105Y141'
Info:     Constraining 'ddr3_addr[12]' to site 'IOB_X1Y141'
Info:     Tile 'RIOB33_X105Y141'
Info:     Constraining 'ddr3_addr[13]' to site 'IOB_X1Y147'
Info:     Tile 'RIOB33_X105Y147'
Info:     Constraining 'ddr3_addr[14]' to site 'IOB_X1Y137'
Info:     Tile 'RIOB33_X105Y137'
Info:     Constraining 'ddr3_addr[2]' to site 'IOB_X1Y130'
Info:     Tile 'RIOB33_X105Y129'
Info:     Constraining 'ddr3_addr[3]' to site 'IOB_X1Y129'
Info:     Tile 'RIOB33_X105Y129'
Info:     Constraining 'ddr3_addr[4]' to site 'IOB_X1Y135'
Info:     Tile 'RIOB33_X105Y135'
Info:     Constraining 'ddr3_addr[5]' to site 'IOB_X1Y138'
Info:     Tile 'RIOB33_X105Y137'
Info:     Constraining 'ddr3_addr[6]' to site 'IOB_X1Y140'
Info:     Tile 'RIOB33_X105Y139'
Info:     Constraining 'ddr3_addr[7]' to site 'IOB_X1Y148'
Info:     Tile 'RIOB33_X105Y147'
Info:     Constraining 'ddr3_addr[8]' to site 'IOB_X1Y145'
Info:     Tile 'RIOB33_X105Y145'
Info:     Constraining 'ddr3_addr[9]' to site 'IOB_X1Y146'
Info:     Tile 'RIOB33_X105Y145'
Info:     Constraining 'ddr3_ba[0]' to site 'IOB_X1Y131'
Info:     Tile 'RIOB33_X105Y131'
Info:     Constraining 'ddr3_ba[1]' to site 'IOB_X1Y132'
Info:     Tile 'RIOB33_X105Y131'
Info:     Constraining 'ddr3_ba[2]' to site 'IOB_X1Y128'
Info:     Tile 'RIOB33_X105Y127'
Info:     Constraining 'led[0]' to site 'IOB_X0Y233'
Info:     Tile 'LIOB33_X0Y233'
Info:     Constraining 'led[1]' to site 'IOB_X0Y234'
Info:     Tile 'LIOB33_X0Y233'
Info:     Constraining 'led[2]' to site 'IOB_X0Y238'
Info:     Tile 'LIOB33_X0Y237'
Info:     Constraining 'led[3]' to site 'IOB_X0Y237'
Info:     Tile 'LIOB33_X0Y237'
Info:     Constraining 'ddr3_dq[0]' to site 'IOB_X1Y196'
Info:     Tile 'RIOB33_X105Y195'
Info:     Constraining 'ddr3_dq[10]' to site 'IOB_X1Y184'
Info:     Tile 'RIOB33_X105Y183'
Info:     Constraining 'ddr3_dq[11]' to site 'IOB_X1Y179'
Info:     Tile 'RIOB33_X105Y179'
Info:     Constraining 'ddr3_dq[12]' to site 'IOB_X1Y185'
Info:     Tile 'RIOB33_X105Y185'
Info:     Constraining 'ddr3_dq[13]' to site 'IOB_X1Y180'
Info:     Tile 'RIOB33_X105Y179'
Info:     Constraining 'ddr3_dq[14]' to site 'IOB_X1Y186'
Info:     Tile 'RIOB33_X105Y185'
Info:     Constraining 'ddr3_dq[15]' to site 'IOB_X1Y176'
Info:     Tile 'RIOB33_X105Y175'
Info:     Constraining 'ddr3_dq[16]' to site 'IOB_X1Y163'
Info:     Tile 'RIOB33_X105Y163'
Info:     Constraining 'ddr3_dq[17]' to site 'IOB_X1Y168'
Info:     Tile 'RIOB33_X105Y167'
Info:     Constraining 'ddr3_dq[18]' to site 'IOB_X1Y172'
Info:     Tile 'RIOB33_X105Y171'
Info:     Constraining 'ddr3_dq[19]' to site 'IOB_X1Y165'
Info:     Tile 'RIOB33_X105Y165'
Info:     Constraining 'ddr3_dq[1]' to site 'IOB_X1Y190'
Info:     Tile 'RIOB33_X105Y189'
Info:     Constraining 'ddr3_dq[20]' to site 'IOB_X1Y171'
Info:     Tile 'RIOB33_X105Y171'
Info:     Constraining 'ddr3_dq[21]' to site 'IOB_X1Y166'
Info:     Tile 'RIOB33_X105Y165'
Info:     Constraining 'ddr3_dq[22]' to site 'IOB_X1Y173'
Info:     Tile 'RIOB33_X105Y173'
Info:     Constraining 'ddr3_dq[23]' to site 'IOB_X1Y164'
Info:     Tile 'RIOB33_X105Y163'
Info:     Constraining 'ddr3_dq[24]' to site 'IOB_X1Y159'
Info:     Tile 'RIOB33_X105Y159'
Info:     Constraining 'ddr3_dq[25]' to site 'IOB_X1Y162'
Info:     Tile 'RIOB33_X105Y161'
Info:     Constraining 'ddr3_dq[26]' to site 'IOB_X1Y160'
Info:     Tile 'RIOB33_X105Y159'
Info:     Constraining 'ddr3_dq[27]' to site 'IOB_X1Y155'
Info:     Tile 'RIOB33_X105Y155'
Info:     Constraining 'ddr3_dq[28]' to site 'IOB_X1Y154'
Info:     Tile 'RIOB33_X105Y153'
Info:     Constraining 'ddr3_dq[29]' to site 'IOB_X1Y151'
Info:     Tile 'RIOB33_X105Y151'
Info:     Constraining 'ddr3_dq[2]' to site 'IOB_X1Y197'
Info:     Tile 'RIOB33_X105Y197'
Info:     Constraining 'ddr3_dq[30]' to site 'IOB_X1Y152'
Info:     Tile 'RIOB33_X105Y151'
Info:     Constraining 'ddr3_dq[31]' to site 'IOB_X1Y156'
Info:     Tile 'RIOB33_X105Y155'
Info:     Constraining 'ddr3_dq[3]' to site 'IOB_X1Y188'
Info:     Tile 'RIOB33_X105Y187'
Info:     Constraining 'ddr3_dq[4]' to site 'IOB_X1Y195'
Info:     Tile 'RIOB33_X105Y195'
Info:     Constraining 'ddr3_dq[5]' to site 'IOB_X1Y189'
Info:     Tile 'RIOB33_X105Y189'
Info:     Constraining 'ddr3_dq[6]' to site 'IOB_X1Y198'
Info:     Tile 'RIOB33_X105Y197'
Info:     Constraining 'ddr3_dq[7]' to site 'IOB_X1Y192'
Info:     Tile 'RIOB33_X105Y191'
Info:     Constraining 'ddr3_dq[8]' to site 'IOB_X1Y178'
Info:     Tile 'RIOB33_X105Y177'
Info:     Constraining 'ddr3_dq[9]' to site 'IOB_X1Y177'
Info:     Tile 'RIOB33_X105Y177'
Info:     Constraining 'ddr3_dm[0]' to site 'IOB_X1Y191'
Info:     Tile 'RIOB33_X105Y191'
Info:     Constraining 'ddr3_dm[1]' to site 'IOB_X1Y183'
Info:     Tile 'RIOB33_X105Y183'
Info:     Constraining 'ddr3_dm[2]' to site 'IOB_X1Y167'
Info:     Tile 'RIOB33_X105Y167'
Info:     Constraining 'ddr3_dm[3]' to site 'IOB_X1Y153'
Info:     Tile 'RIOB33_X105Y153'
Info:     Constraining 'ddr3_dqs_p[0]' to site 'IOB_X1Y194'
Info:     Tile 'RIOB33_X105Y193'
Info:     Constraining 'ddr3_dqs_n[0]' to site 'IOB_X1Y193'
Info:     Tile 'RIOB33_X105Y193'
Info:     Constraining 'ddr3_dqs_p[1]' to site 'IOB_X1Y182'
Info:     Tile 'RIOB33_X105Y181'
Info:     Constraining 'ddr3_dqs_n[1]' to site 'IOB_X1Y181'
Info:     Tile 'RIOB33_X105Y181'
Info:     Constraining 'ddr3_dqs_p[2]' to site 'IOB_X1Y170'
Info:     Tile 'RIOB33_X105Y169'
Info:     Constraining 'ddr3_dqs_n[2]' to site 'IOB_X1Y169'
Info:     Tile 'RIOB33_X105Y169'
Info:     Constraining 'ddr3_dqs_p[3]' to site 'IOB_X1Y158'
Info:     Tile 'RIOB33_X105Y157'
Info:     Constraining 'ddr3_dqs_n[3]' to site 'IOB_X1Y157'
Info:     Tile 'RIOB33_X105Y157'
Info: Generating output buffer for '$iopadmap$tms_ddr3_ax7203.ddr3_cas_n'
Info: Generating output buffer for '$iopadmap$tms_ddr3_ax7203.ddr3_cke'
Info: Generating output buffer for '$iopadmap$tms_ddr3_ax7203.ddr3_cs_n'
Info: Generating output buffer for '$iopadmap$tms_ddr3_ax7203.ddr3_odt'
Info: Generating output buffer for '$iopadmap$tms_ddr3_ax7203.ddr3_ras_n'
Info: Generating output buffer for '$iopadmap$tms_ddr3_ax7203.ddr3_reset_n'
Info: Generating output buffer for '$iopadmap$tms_ddr3_ax7203.ddr3_we_n'
Info: Generating input buffer for '$iopadmap$tms_ddr3_ax7203.rst_n'
Info: Generating output buffer for '$iopadmap$tms_ddr3_ax7203.uart_tx'
Info: Generating output buffer for '$iopadmap$tms_ddr3_ax7203.ddr3_addr'
Info: Generating output buffer for '$iopadmap$tms_ddr3_ax7203.ddr3_addr_1'
Info: Generating output buffer for '$iopadmap$tms_ddr3_ax7203.ddr3_addr_10'
Info: Generating output buffer for '$iopadmap$tms_ddr3_ax7203.ddr3_addr_11'
Info: Generating output buffer for '$iopadmap$tms_ddr3_ax7203.ddr3_addr_12'
Info: Generating output buffer for '$iopadmap$tms_ddr3_ax7203.ddr3_addr_13'
Info: Generating output buffer for '$iopadmap$tms_ddr3_ax7203.ddr3_addr_14'
Info: Generating output buffer for '$iopadmap$tms_ddr3_ax7203.ddr3_addr_2'
Info: Generating output buffer for '$iopadmap$tms_ddr3_ax7203.ddr3_addr_3'
Info: Generating output buffer for '$iopadmap$tms_ddr3_ax7203.ddr3_addr_4'
Info: Generating output buffer for '$iopadmap$tms_ddr3_ax7203.ddr3_addr_5'
Info: Generating output buffer for '$iopadmap$tms_ddr3_ax7203.ddr3_addr_6'
Info: Generating output buffer for '$iopadmap$tms_ddr3_ax7203.ddr3_addr_7'
Info: Generating output buffer for '$iopadmap$tms_ddr3_ax7203.ddr3_addr_8'
Info: Generating output buffer for '$iopadmap$tms_ddr3_ax7203.ddr3_addr_9'
Info: Generating output buffer for '$iopadmap$tms_ddr3_ax7203.ddr3_ba'
Info: Generating output buffer for '$iopadmap$tms_ddr3_ax7203.ddr3_ba_1'
Info: Generating output buffer for '$iopadmap$tms_ddr3_ax7203.ddr3_ba_2'
Info: Generating output buffer for '$iopadmap$tms_ddr3_ax7203.led'
Info: Generating output buffer for '$iopadmap$tms_ddr3_ax7203.led_1'
Info: Generating output buffer for '$iopadmap$tms_ddr3_ax7203.led_2'
Info: Generating output buffer for '$iopadmap$tms_ddr3_ax7203.led_3'
Info: Generating input buffer for 'ddr3.ddr3_phy_inst.genblk5[0].genblk1.IOBUF_data'
Info: Generating output buffer for 'ddr3.ddr3_phy_inst.genblk5[0].genblk1.IOBUF_data'
Info: Generating input buffer for 'ddr3.ddr3_phy_inst.genblk5[10].genblk1.IOBUF_data'
Info: Generating output buffer for 'ddr3.ddr3_phy_inst.genblk5[10].genblk1.IOBUF_data'
Info: Generating input buffer for 'ddr3.ddr3_phy_inst.genblk5[11].genblk1.IOBUF_data'
Info: Generating output buffer for 'ddr3.ddr3_phy_inst.genblk5[11].genblk1.IOBUF_data'
Info: Generating input buffer for 'ddr3.ddr3_phy_inst.genblk5[12].genblk1.IOBUF_data'
Info: Generating output buffer for 'ddr3.ddr3_phy_inst.genblk5[12].genblk1.IOBUF_data'
Info: Generating input buffer for 'ddr3.ddr3_phy_inst.genblk5[13].genblk1.IOBUF_data'
Info: Generating output buffer for 'ddr3.ddr3_phy_inst.genblk5[13].genblk1.IOBUF_data'
Info: Generating input buffer for 'ddr3.ddr3_phy_inst.genblk5[14].genblk1.IOBUF_data'
Info: Generating output buffer for 'ddr3.ddr3_phy_inst.genblk5[14].genblk1.IOBUF_data'
Info: Generating input buffer for 'ddr3.ddr3_phy_inst.genblk5[15].genblk1.IOBUF_data'
Info: Generating output buffer for 'ddr3.ddr3_phy_inst.genblk5[15].genblk1.IOBUF_data'
Info: Generating input buffer for 'ddr3.ddr3_phy_inst.genblk5[16].genblk1.IOBUF_data'
Info: Generating output buffer for 'ddr3.ddr3_phy_inst.genblk5[16].genblk1.IOBUF_data'
Info: Generating input buffer for 'ddr3.ddr3_phy_inst.genblk5[17].genblk1.IOBUF_data'
Info: Generating output buffer for 'ddr3.ddr3_phy_inst.genblk5[17].genblk1.IOBUF_data'
Info: Generating input buffer for 'ddr3.ddr3_phy_inst.genblk5[18].genblk1.IOBUF_data'
Info: Generating output buffer for 'ddr3.ddr3_phy_inst.genblk5[18].genblk1.IOBUF_data'
Info: Generating input buffer for 'ddr3.ddr3_phy_inst.genblk5[19].genblk1.IOBUF_data'
Info: Generating output buffer for 'ddr3.ddr3_phy_inst.genblk5[19].genblk1.IOBUF_data'
Info: Generating input buffer for 'ddr3.ddr3_phy_inst.genblk5[1].genblk1.IOBUF_data'
Info: Generating output buffer for 'ddr3.ddr3_phy_inst.genblk5[1].genblk1.IOBUF_data'
Info: Generating input buffer for 'ddr3.ddr3_phy_inst.genblk5[20].genblk1.IOBUF_data'
Info: Generating output buffer for 'ddr3.ddr3_phy_inst.genblk5[20].genblk1.IOBUF_data'
Info: Generating input buffer for 'ddr3.ddr3_phy_inst.genblk5[21].genblk1.IOBUF_data'
Info: Generating output buffer for 'ddr3.ddr3_phy_inst.genblk5[21].genblk1.IOBUF_data'
Info: Generating input buffer for 'ddr3.ddr3_phy_inst.genblk5[22].genblk1.IOBUF_data'
Info: Generating output buffer for 'ddr3.ddr3_phy_inst.genblk5[22].genblk1.IOBUF_data'
Info: Generating input buffer for 'ddr3.ddr3_phy_inst.genblk5[23].genblk1.IOBUF_data'
Info: Generating output buffer for 'ddr3.ddr3_phy_inst.genblk5[23].genblk1.IOBUF_data'
Info: Generating input buffer for 'ddr3.ddr3_phy_inst.genblk5[24].genblk1.IOBUF_data'
Info: Generating output buffer for 'ddr3.ddr3_phy_inst.genblk5[24].genblk1.IOBUF_data'
Info: Generating input buffer for 'ddr3.ddr3_phy_inst.genblk5[25].genblk1.IOBUF_data'
Info: Generating output buffer for 'ddr3.ddr3_phy_inst.genblk5[25].genblk1.IOBUF_data'
Info: Generating input buffer for 'ddr3.ddr3_phy_inst.genblk5[26].genblk1.IOBUF_data'
Info: Generating output buffer for 'ddr3.ddr3_phy_inst.genblk5[26].genblk1.IOBUF_data'
Info: Generating input buffer for 'ddr3.ddr3_phy_inst.genblk5[27].genblk1.IOBUF_data'
Info: Generating output buffer for 'ddr3.ddr3_phy_inst.genblk5[27].genblk1.IOBUF_data'
Info: Generating input buffer for 'ddr3.ddr3_phy_inst.genblk5[28].genblk1.IOBUF_data'
Info: Generating output buffer for 'ddr3.ddr3_phy_inst.genblk5[28].genblk1.IOBUF_data'
Info: Generating input buffer for 'ddr3.ddr3_phy_inst.genblk5[29].genblk1.IOBUF_data'
Info: Generating output buffer for 'ddr3.ddr3_phy_inst.genblk5[29].genblk1.IOBUF_data'
Info: Generating input buffer for 'ddr3.ddr3_phy_inst.genblk5[2].genblk1.IOBUF_data'
Info: Generating output buffer for 'ddr3.ddr3_phy_inst.genblk5[2].genblk1.IOBUF_data'
Info: Generating input buffer for 'ddr3.ddr3_phy_inst.genblk5[30].genblk1.IOBUF_data'
Info: Generating output buffer for 'ddr3.ddr3_phy_inst.genblk5[30].genblk1.IOBUF_data'
Info: Generating input buffer for 'ddr3.ddr3_phy_inst.genblk5[31].genblk1.IOBUF_data'
Info: Generating output buffer for 'ddr3.ddr3_phy_inst.genblk5[31].genblk1.IOBUF_data'
Info: Generating input buffer for 'ddr3.ddr3_phy_inst.genblk5[3].genblk1.IOBUF_data'
Info: Generating output buffer for 'ddr3.ddr3_phy_inst.genblk5[3].genblk1.IOBUF_data'
Info: Generating input buffer for 'ddr3.ddr3_phy_inst.genblk5[4].genblk1.IOBUF_data'
Info: Generating output buffer for 'ddr3.ddr3_phy_inst.genblk5[4].genblk1.IOBUF_data'
Info: Generating input buffer for 'ddr3.ddr3_phy_inst.genblk5[5].genblk1.IOBUF_data'
Info: Generating output buffer for 'ddr3.ddr3_phy_inst.genblk5[5].genblk1.IOBUF_data'
Info: Generating input buffer for 'ddr3.ddr3_phy_inst.genblk5[6].genblk1.IOBUF_data'
Info: Generating output buffer for 'ddr3.ddr3_phy_inst.genblk5[6].genblk1.IOBUF_data'
Info: Generating input buffer for 'ddr3.ddr3_phy_inst.genblk5[7].genblk1.IOBUF_data'
Info: Generating output buffer for 'ddr3.ddr3_phy_inst.genblk5[7].genblk1.IOBUF_data'
Info: Generating input buffer for 'ddr3.ddr3_phy_inst.genblk5[8].genblk1.IOBUF_data'
Info: Generating output buffer for 'ddr3.ddr3_phy_inst.genblk5[8].genblk1.IOBUF_data'
Info: Generating input buffer for 'ddr3.ddr3_phy_inst.genblk5[9].genblk1.IOBUF_data'
Info: Generating output buffer for 'ddr3.ddr3_phy_inst.genblk5[9].genblk1.IOBUF_data'
Info: Generating output buffer for 'ddr3.ddr3_phy_inst.genblk6[0].genblk1.OBUF_dm'
Info: Generating output buffer for 'ddr3.ddr3_phy_inst.genblk6[1].genblk1.OBUF_dm'
Info: Generating output buffer for 'ddr3.ddr3_phy_inst.genblk6[2].genblk1.OBUF_dm'
Info: Generating output buffer for 'ddr3.ddr3_phy_inst.genblk6[3].genblk1.OBUF_dm'
Info:     Created 5 INVERTER cells from:
Info:              5x INV
Info:     Created 79 PAD cells from:
Info:             79x PAD
Info: Preparing clocking...
Info: Packing constants..
Info: Packing cfg...
Info: Packing PLLs...
Info:     Constrained PLLE2_ADV_PLLE2_ADV 'pll' to bel 'PLLE2_ADV_X1Y2/PLLE2_ADV' based on dedicated routing
Info:     PLL/MMCM: disconnected 28 const DRP/control pins (Vivado leaves them unrouted)
Info: Packing Gigabit Transceivers..
Info: Packing global buffers...
Info:     Constrained BUFGCTRL 'clk_ctrl_bufg' to bel 'BUFGCTRL_X0Y0/BUFGCTRL' based on dedicated routing
Info:     Constrained BUFGCTRL 'clk_ddr_90_bufg' to bel 'BUFGCTRL_X0Y1/BUFGCTRL' based on dedicated routing
Info:     Constrained BUFGCTRL 'clk_ddr_bufg' to bel 'BUFGCTRL_X0Y2/BUFGCTRL' based on dedicated routing
Info:     Constrained BUFGCTRL 'clk_ref_bufg' to bel 'BUFGCTRL_X0Y3/BUFGCTRL' based on dedicated routing
Info: Packing MUX[789]s..
Info: Packing carries (atomic CARRY4)..
Info:    Packed 325 CARRY4 cells into 79 chains (atomic).
Info: router2 PRECYINIT fix: 325 CARRY4 cells, 404 constant carry pins disconnected
Info:    Carry-O relocation: 16 sum(s) duplicated, 16 CARRY4 split(s), 0 bit(s) skipped (unrelocatable)
Info: Packing LUTs..
Info:     Created 12605 SLICE_LUTX cells from:
Info:           2602x LUT1
Info:           1593x LUT2
Info:           2502x LUT3
Info:           1448x LUT4
Info:           3177x LUT5
Info:           1283x LUT6
Info: Packing DRAM..
Info:    Transformed 0 tied-low DRAM address inputs to be tied-high
Info: Packing BRAM..
Info: Packing DSPs..
Info: Packing flipflops..
Info:     Created 5850 SLICE_FFX cells from:
Info:           2101x FDCE
Info:             16x FDPE
Info:           3698x FDRE
Info:             35x FDSE
Info:     local-const FF control: disconnected 120 SR(=GND) + 3455 CE(=VCC) pins from global nets
Info: Constrained 3851 LUTFF pairs.

Info: Annotating ports with timing budgets for target frequency 12.00 MHz
Info: Checksum: 0xee41620e

Info: Device utilisation:
Info: 	          SLICE_LUTX: 12605/269200     4%
Info: 	           SLICE_FFX:  5850/269200     2%
Info: 	              CARRY4:   341/33650     1%
Info: 	          PSEUDO_GND:     1/69165     0%
Info: 	          PSEUDO_VCC:     1/69165     0%
Info: 	               HARD0:     0/ 3960     0%
Info: 	            RAMB18E1:     0/  730     0%
Info: 	            FIFO18E1:     0/  365     0%
Info: 	        RAMBFIFO36E1:     0/  365     0%
Info: 	            RAMB36E1:     0/  365     0%
Info: 	             DSP48E1:     0/  740     0%
Info: 	                 PAD:    79/ 1062     7%
Info: 	       IOB33M_OUTBUF:     5/  240     2%
Info: 	       IOB33S_OUTBUF:     5/  240     2%
Info: 	        IOB33_OUTBUF:    66/  500    13%
Info: 	     IOB33M_INBUF_EN:     5/  240     2%
Info: 	     IOB33S_INBUF_EN:     0/  240     0%
Info: 	      IOB33_INBUF_EN:    33/  500     6%
Info: 	IOB33M_TERM_OVERRIDE:     0/  240     0%
Info: 	IOB33S_TERM_OVERRIDE:     0/  240     0%
Info: 	 IOB33_TERM_OVERRIDE:     0/  500     0%
Info: 	       PULL_OR_KEEP1:     0/  980     0%
Info: 	            IDELAYE2:    36/  500     7%
Info: 	        OLOGICE3_TFF:     0/  500     0%
Info: 	      OLOGICE3_OUTFF:     0/  500     0%
Info: 	       OLOGICE3_MISR:     0/  500     0%
Info: 	           OSERDESE2:    65/  500    13%
Info: 	        ILOGICE3_IFF:     0/  500     0%
Info: 	ILOGICE3_ZHOLD_DELAY:     0/  500     0%
Info: 	           ISERDESE2:    36/  500     7%
Info: 	                BUFR:     0/   40     0%
Info: 	               BUFIO:     0/   40     0%
Info: 	          IDELAYCTRL:     1/   10    10%
Info: 	            BUFGCTRL:     4/   32    12%
Info: 	            PCIE_2_1:     0/    1     0%
Info: 	               BSCAN:     0/    4     0%
Info: 	                BUFG:     0/   32     0%
Info: 	              BUFHCE:     0/  120     0%
Info: 	            DCIRESET:     0/    1     0%
Info: 	            DNA_PORT:     0/    1     0%
Info: 	           EFUSE_USR:     0/    1     0%
Info: 	           FRAME_ECC:     0/    1     0%
Info: 	       GTPE2_CHANNEL:     0/   16     0%
Info: 	        GTPE2_COMMON:     0/    4     0%
Info: 	         IBUFDS_GTE2:     0/    8     0%
Info: 	                ICAP:     0/    2     0%
Info: 	            INVERTER:     5/  240     2%
Info: 	          MMCME2_ADV:     0/   10     0%
Info: 	        OLOGICE2_TFF:     0/  500     0%
Info: 	      OLOGICE2_OUTFF:     0/  500     0%
Info: 	           PLLE2_ADV:     1/   10    10%
Info: 	           SELMUX2_1:     0/102950     0%
Info: 	             STARTUP:     0/    1     0%
Info: 	          USR_ACCESS:     0/    1     0%
Info: 	              BUFFER:     0/   82     0%
Info: 	        ILOGICE2_IFF:     0/  500     0%
Info: 	       OLOGICE2_MISR:     0/  500     0%

Info: HeAP congestion knobs: beta=0.400 spread_scale=2,1 alpha=0.080
Info: Placed 341 cells based on constraints.
Info: Creating initial analytic placement for 11819 cells, random placement wirelen = 4696324.
Info:     at initial placer iter 0, wirelen = 50506
Info:     at initial placer iter 1, wirelen = 45319
Info:     at initial placer iter 2, wirelen = 43633
Info:     at initial placer iter 3, wirelen = 43068
Info: Running main analytical placer.
Info:     at iteration #1, type ALL: wirelen solved = 43005, spread = 502348, legal = 507385; time = 0.71s
Info:     at iteration #2, type ALL: wirelen solved = 96457, spread = 365781, legal = 373371; time = 1.40s
Info:     at iteration #3, type ALL: wirelen solved = 125676, spread = 317298, legal = 329012; time = 1.55s
Info:     at iteration #4, type ALL: wirelen solved = 140032, spread = 281610, legal = 294206; time = 0.54s
Info:     at iteration #5, type ALL: wirelen solved = 149037, spread = 276679, legal = 284401; time = 0.63s
Info:     at iteration #6, type ALL: wirelen solved = 155959, spread = 260194, legal = 269056; time = 0.45s
Info:     at iteration #7, type ALL: wirelen solved = 161431, spread = 269810, legal = 281591; time = 0.53s
Info:     at iteration #8, type ALL: wirelen solved = 174775, spread = 246319, legal = 255238; time = 0.41s
Info:     at iteration #9, type ALL: wirelen solved = 183584, spread = 256950, legal = 262752; time = 0.62s
Info:     at iteration #10, type ALL: wirelen solved = 196025, spread = 265326, legal = 272866; time = 0.26s
Info:     at iteration #11, type ALL: wirelen solved = 207683, spread = 277179, legal = 286006; time = 0.24s
Info:     at iteration #12, type ALL: wirelen solved = 224197, spread = 302841, legal = 307665; time = 0.23s
Info:     at iteration #13, type ALL: wirelen solved = 242976, spread = 298679, legal = 304698; time = 0.21s
Info: HeAP Placer Time: 10.36s
Info:   of which solving equations: 4.89s
Info:   of which spreading cells: 1.06s
Info:   of which strict legalisation: 2.08s

Info: Running simulated annealing placer for refinement.
Info:   at iteration #1: temp = 0.000000, timing cost = 466, wirelen = 255238
Info:   at iteration #5: temp = 0.000000, timing cost = 269, wirelen = 243282
Info:   at iteration #10: temp = 0.000000, timing cost = 252, wirelen = 242487
Info:   at iteration #15: temp = 0.000000, timing cost = 250, wirelen = 242338
Info:   at iteration #16: temp = 0.000000, timing cost = 250, wirelen = 242316 
Info: SA placement time 5.50s

Info: Max frequency for clock 'clk_ctrl': 65.95 MHz (FAIL at 83.33 MHz)

Info: Slack histogram:
Info:  legend: * represents 36 endpoint(s)
Info:          + represents [1,36) endpoint(s)
Info: [ -3164,  -2421) |+
Info: [ -2421,  -1678) |+
Info: [ -1678,   -935) |+
Info: [  -935,   -192) |+
Info: [  -192,    551) |+
Info: [   551,   1294) |+
Info: [  1294,   2037) |**+
Info: [  2037,   2780) |******+
Info: [  2780,   3523) |***********+
Info: [  3523,   4266) |************************+
Info: [  4266,   5009) |**********************+
Info: [  5009,   5752) |**********************+
Info: [  5752,   6495) |****************+
Info: [  6495,   7238) |*****************+
Info: [  7238,   7981) |*****************************+
Info: [  7981,   8724) |*******************************************+
Info: [  8724,   9467) |************************************************************ 
Info: [  9467,  10210) |**************************************************+
Info: [ 10210,  10953) |*******************************+
Info: [ 10953,  11696) |********************+
Info: Checksum: 0x8d4f7a50
Info: Running post-placement legalisation...
Info: post-place repair: relocated 4979 stranded cluster(s)/cell(s) to valid bels
Info: Routing global clocks...
Info:     routing clock 'clk_ddr'
Info:     routing clock 'clk_ctrl'
Info:     routing clock 'clk200_in'
Info:     routing clock 'ctrl_raw'
Info:     routing clock 'ddr90_raw'
Info:     routing clock 'clk_ddr_90'
Info:     routing clock 'ddr_raw'
Info:     routing clock 'ref_raw'
Info:     routing clock 'clk_ref'
Info: Running router2...
Info: Setting up routing resources...
Info: Adopted 6127 pre-routed arc(s)
Info: Running main router loop...
Info:     iter=1 wires=295365 overused=10278 overuse=10537 archfail=NA
Info:     iter=2 wires=302361 overused=36 overuse=36 archfail=NA
Info:     iter=3 wires=302390 overused=0 overuse=0 archfail=0
Info: 1000 slowest nets by runtime:
                                                                              ddr3.reset   3614 591.6ms
        $techmap$techmap133394$auto$ff.cc:337:slice$66286.$auto$abc9_ops.cc:411:prep_bypass$133319.CLR   1924 285.2ms
                                         $techmap438052$abc$431868$lut$aiger$o10837.A[3]    335 251.8ms
                                                       ddr3.ddr3_controller_inst.lane[1]    123 225.6ms
                                         $techmap438052$abc$431868$lut$aiger$o10837.A[2]    336 212.9ms
                                             $techmap135366$auto$ff.cc:337:slice$46378.D    433 196.7ms
                                $abc$431868$auto$simple.cc:210:make_patterns_logic$41333    282 188.8ms
                                                       ddr3.ddr3_controller_inst.lane[0]    126 176.3ms
                  $techmap439798$auto$abc_ops_reintegrate.cc:611:reintegrate$432840.A[4]     55 171.5ms
                                $abc$431868$auto$simple.cc:210:make_patterns_logic$41317    257 161.6ms
                                    $techmap438132$abc$431868$lut$aiger431867$20253.A[3]     95 151.4ms
                  $techmap437317$auto$abc_ops_reintegrate.cc:611:reintegrate$433431.A[3]     47 148.5ms
                                        ddr3.ddr3_controller_inst.data_start_index[1][4]    209 148.2ms
                                                                            recalibrated      1 146.9ms
                                                 ddr3.ddr3_controller_inst.stage2_update    286 144.2ms
                                                    ddr3.ddr3_controller_inst.late_dq[0]    202 141.1ms
                                         $techmap443218$abc$431868$lut$aiger$o10883.A[2]    209 139.4ms
                                                 ddr3.ddr3_controller_inst.index_wb_data    257 138.1ms
                                    $techmap438130$abc$431868$lut$aiger431867$20246.A[4]     87 137.2ms
                  $techmap439174$auto$abc_ops_reintegrate.cc:611:reintegrate$433000.A[2]     75 126.2ms
                  $techmap437170$auto$abc_ops_reintegrate.cc:611:reintegrate$433471.A[0]    274 124.3ms
                  $techmap438934$auto$abc_ops_reintegrate.cc:611:reintegrate$433082.A[4]     69 122.1ms
                  $techmap438141$auto$abc_ops_reintegrate.cc:611:reintegrate$433274.A[2]     79 121.5ms
                  $techmap437827$auto$abc_ops_reintegrate.cc:611:reintegrate$433410.A[1]     45 121.0ms
                  $techmap437085$auto$abc_ops_reintegrate.cc:611:reintegrate$433491.A[1]     80 120.0ms
                                        ddr3.ddr3_controller_inst.data_start_index[1][6]    105 118.6ms
                  $techmap437809$auto$abc_ops_reintegrate.cc:611:reintegrate$433417.A[1]     58 116.3ms
                                                    ddr3.ddr3_controller_inst.late_dq[1]    198 116.0ms
                                    $techmap436955$abc$431868$lut$aiger431867$11783.A[0]    293 113.2ms
                                                                                    s_go     64 111.4ms
                  $techmap436892$auto$abc_ops_reintegrate.cc:611:reintegrate$433519.A[3]     76 109.0ms
                                                                              pll_locked      2 107.4ms
                  $techmap438269$auto$abc_ops_reintegrate.cc:611:reintegrate$433251.A[1]     68 106.8ms
                                                    ddr3.ddr3_controller_inst.late_dq[3]    198 105.8ms
                                      ddr3.ddr3_controller_inst.write_by_byte_counter[3]     42 104.7ms
                                        ddr3.ddr3_controller_inst.data_start_index[2][6]    106 102.8ms
                  $techmap436908$auto$abc_ops_reintegrate.cc:611:reintegrate$433515.A[3]     84 97.4ms
                                         $techmap443218$abc$431868$lut$aiger$o10883.A[3]     72 95.4ms
                  $techmap438141$auto$abc_ops_reintegrate.cc:611:reintegrate$433274.A[1]    103 93.6ms
                                        ddr3.ddr3_controller_inst.data_start_index[2][5]    108 93.6ms
                  $techmap436898$auto$abc_ops_reintegrate.cc:611:reintegrate$433517.A[3]     86 92.3ms
                  $techmap438942$auto$abc_ops_reintegrate.cc:611:reintegrate$433080.A[2]     53 83.5ms
                                         $techmap443462$abc$431868$lut$aiger$o14063.A[0]     64 80.4ms
                                                    ddr3.ddr3_controller_inst.late_dq[2]    203 80.0ms
                  $techmap439768$auto$abc_ops_reintegrate.cc:611:reintegrate$432850.A[0]    104 79.9ms
                                                                                     rst    193 79.8ms
                  $techmap438254$auto$abc_ops_reintegrate.cc:611:reintegrate$433259.A[0]    110 79.2ms
                                        ddr3.ddr3_controller_inst.data_start_index[3][2]    148 78.7ms
                  $techmap437126$auto$abc_ops_reintegrate.cc:611:reintegrate$433482.A[4]     64 78.0ms
                                                ddr3.ddr3_controller_inst.stage2_pending     41 77.9ms
                  $techmap436958$auto$abc_ops_reintegrate.cc:611:reintegrate$433506.A[0]    141 77.7ms
                                        ddr3.ddr3_controller_inst.data_start_index[0][5]    103 76.5ms
                  $techmap436958$auto$abc_ops_reintegrate.cc:611:reintegrate$433506.A[1]     97 75.9ms
                  $techmap439988$auto$abc_ops_reintegrate.cc:611:reintegrate$432787.A[0]     55 73.5ms
         $techmap442764$auto$abc_ops_reintegrate.cc:611:reintegrate$431916.A[0]$sum$4645     68 72.8ms
                                        ddr3.ddr3_controller_inst.data_start_index[2][4]    211 72.7ms
                                                                          calib_complete     32 71.3ms
                                    $techmap439972$abc$431868$lut$aiger431867$40628.A[2]     43 70.9ms
                                        ddr3.ddr3_controller_inst.data_start_index[3][4]    209 70.5ms
                  $techmap437126$auto$abc_ops_reintegrate.cc:611:reintegrate$433482.A[1]     41 70.0ms
                                        ddr3.ddr3_controller_inst.data_start_index[2][3]    168 69.5ms
                                        ddr3.ddr3_controller_inst.data_start_index[0][6]    100 68.7ms
                                        ddr3.ddr3_controller_inst.data_start_index[1][0]    108 68.4ms
                  $techmap441190$auto$abc_ops_reintegrate.cc:611:reintegrate$432388.A[2]     45 67.4ms
                                        ddr3.ddr3_controller_inst.data_start_index[3][1]    169 67.3ms
                  $techmap438337$auto$abc_ops_reintegrate.cc:611:reintegrate$433216.A[5]     41 66.7ms
                                                             ddr3.ddr3_phy_inst.sync_rst    102 66.6ms
                                        ddr3.ddr3_controller_inst.data_start_index[3][3]    169 66.3ms
                                        ddr3.ddr3_controller_inst.data_start_index[2][2]    148 66.2ms
                                        ddr3.ddr3_controller_inst.data_start_index[0][4]    208 66.1ms
                  $techmap437237$auto$abc_ops_reintegrate.cc:611:reintegrate$433451.A[2]     57 66.0ms
                                             $techmap134006$auto$ff.cc:337:slice$64411.D     50 64.8ms
                  $techmap438269$auto$abc_ops_reintegrate.cc:611:reintegrate$433251.A[0]     62 64.6ms
                                        ddr3.ddr3_controller_inst.data_start_index[1][5]    109 64.5ms
        $flatten\ddr3.\ddr3_controller_inst.$shiftx$build/uberddr3/rtl/ddr3_controller.v:2225$13255.Y     64 63.8ms
                                              ddr3.ddr3_controller_inst.stage2_bank_d[0]     45 62.8ms
        $flatten\ddr3.\ddr3_controller_inst.$shiftx$build/uberddr3/rtl/ddr3_controller.v:2248$13243.Y     64 62.7ms
                  $techmap438147$auto$abc_ops_reintegrate.cc:611:reintegrate$433269.A[1]     66 62.4ms
                                        ddr3.ddr3_controller_inst.data_start_index[0][3]    168 61.2ms
                  $techmap437126$auto$abc_ops_reintegrate.cc:611:reintegrate$433482.A[2]     77 61.1ms
                                        ddr3.ddr3_controller_inst.data_start_index[0][2]    146 60.7ms
                                        ddr3.ddr3_controller_inst.data_start_index[3][6]    106 58.2ms
                                        ddr3.ddr3_controller_inst.data_start_index[3][0]    108 56.8ms
        $flatten\ddr3.\ddr3_controller_inst.$shiftx$build/uberddr3/rtl/ddr3_controller.v:2248$13259.Y     64 56.4ms
                  $techmap436903$auto$abc_ops_reintegrate.cc:611:reintegrate$433516.A[3]     71 56.1ms
                                        ddr3.ddr3_controller_inst.data_start_index[1][3]    170 56.0ms
                                    $techmap443217$abc$431868$lut$aiger431867$20909.A[1]    106 55.4ms
                                          $techmap445833$abc$431868$lut$aiger$o8982.A[2]     72 53.9ms
                  $techmap437015$auto$abc_ops_reintegrate.cc:611:reintegrate$433504.A[0]     64 53.6ms
                                        ddr3.ddr3_controller_inst.data_start_index[0][1]    166 53.6ms
        $flatten\ddr3.\ddr3_controller_inst.$shiftx$build/uberddr3/rtl/ddr3_controller.v:2225$13247.Y     64 53.0ms
                                        ddr3.ddr3_controller_inst.data_start_index[2][1]    168 52.9ms
                                        ddr3.ddr3_controller_inst.data_start_index[0][0]    108 52.3ms
                                        ddr3.ddr3_controller_inst.data_start_index[3][5]    111 50.8ms
                                        ddr3.ddr3_controller_inst.data_start_index[2][0]    108 48.5ms
                                    $techmap438485$abc$431868$lut$aiger431867$27003.A[0]    111 48.0ms
                                $abc$431868$auto$simple.cc:210:make_patterns_logic$40522     64 46.8ms
                                    $techmap438482$abc$431868$lut$aiger431867$26993.A[0]    113 45.9ms
        $flatten\ddr3.\ddr3_controller_inst.$shiftx$build/uberddr3/rtl/ddr3_controller.v:2225$13239.Y     64 45.7ms
                                                                                 tx_busy     77 45.3ms
                                              ddr3.ddr3_controller_inst.write_pattern[0]     57 43.7ms
                  $techmap436949$auto$abc_ops_reintegrate.cc:611:reintegrate$433507.A[2]     69 42.9ms
                  $techmap441223$auto$abc_ops_reintegrate.cc:611:reintegrate$432383.A[1]     56 41.6ms
        $flatten\ddr3.\ddr3_controller_inst.$shiftx$build/uberddr3/rtl/ddr3_controller.v:2248$13235.Y     64 41.4ms
        $flatten\ddr3.\ddr3_controller_inst.$shiftx$build/uberddr3/rtl/ddr3_controller.v:2248$13251.Y     64 41.4ms
                  $techmap438510$auto$abc_ops_reintegrate.cc:611:reintegrate$433196.A[0]     71 41.2ms
                                        ddr3.ddr3_controller_inst.data_start_index[1][1]    168 40.0ms
                                $abc$431868$auto$simple.cc:210:make_patterns_logic$40512     41 38.0ms
                                         $techmap443462$abc$431868$lut$aiger$o14063.A[1]     64 37.7ms
                  $techmap435974$auto$abc_ops_reintegrate.cc:611:reintegrate$433753.A[0]      2 37.4ms
                                        ddr3.ddr3_controller_inst.data_start_index[1][2]    148 37.1ms
                                             $techmap135368$auto$ff.cc:337:slice$46376.D     66 36.6ms
                  $techmap438785$auto$abc_ops_reintegrate.cc:611:reintegrate$433110.A[2]      8 36.3ms
                                    $techmap441666$abc$431868$lut$aiger431867$51418.A[3]      3 36.3ms
                                $abc$431868$auto$simple.cc:210:make_patterns_logic$41024     64 36.3ms
                                    $techmap441629$abc$431868$lut$aiger431867$33470.A[2]      2 35.0ms
                                    $techmap437806$abc$431868$lut$aiger431867$16499.A[0]     42 33.9ms
                                                ddr3.ddr3_controller_inst.stage1_bank[0]     42 33.8ms
                                    $techmap438467$abc$431868$lut$aiger431867$26984.A[0]     53 33.4ms
                                            ddr3.ddr3_controller_inst.dqs_start_index[0]     50 30.3ms
                  $techmap437317$auto$abc_ops_reintegrate.cc:611:reintegrate$433431.A[1]     39 30.1ms
                                    $techmap438465$abc$431868$lut$aiger431867$16544.A[0]     54 29.0ms
                  $techmap436949$auto$abc_ops_reintegrate.cc:611:reintegrate$433507.A[0]     75 27.6ms
                  $techmap439174$auto$abc_ops_reintegrate.cc:611:reintegrate$433000.A[3]     34 26.1ms
        $flatten\ddr3.\ddr3_controller_inst.$shiftx$build/uberddr3/rtl/ddr3_controller.v:2225$13231.Y     64 25.9ms
                  $techmap441638$auto$abc_ops_reintegrate.cc:611:reintegrate$432309.A[1]     27 25.2ms
                                             $techmap133468$auto$ff.cc:337:slice$66022.D     40 24.6ms
                                    $techmap436804$abc$431868$lut$aiger431867$20081.A[5]     21 23.3ms
                  $techmap441346$auto$abc_ops_reintegrate.cc:611:reintegrate$432351.A[0]     30 22.7ms
                                $abc$431868$auto$simple.cc:210:make_patterns_logic$40691     32 22.7ms
                                    $techmap438462$abc$431868$lut$aiger431867$16542.A[1]     54 22.3ms
                                      ddr3.ddr3_controller_inst.write_by_byte_counter[2]     37 22.2ms
                  $techmap438144$auto$abc_ops_reintegrate.cc:611:reintegrate$433271.A[1]     36 21.9ms
                                             $techmap133470$auto$ff.cc:337:slice$64706.D     33 21.5ms
                                $abc$431868$auto$simple.cc:210:make_patterns_logic$40595     40 21.2ms
                                    $techmap438130$abc$431868$lut$aiger431867$20246.A[3]     40 20.7ms
                  $techmap440566$auto$abc_ops_reintegrate.cc:611:reintegrate$432584.A[1]     17 20.6ms
                                    $techmap436804$abc$431868$lut$aiger431867$20081.A[4]     23 20.0ms
                                          $techmap436752$abc$431868$lut$aiger$o5674.A[0]     35 17.3ms
                                        ddr3.ddr3_controller_inst.instruction_address[4]     25 16.7ms
                  $techmap441391$auto$abc_ops_reintegrate.cc:611:reintegrate$432345.A[1]     24 16.5ms
                                       ddr3.ddr3_controller_inst.delay_counter_is_zero_d     30 16.5ms
                                      ddr3.ddr3_controller_inst.write_by_byte_counter[4]     37 16.5ms
                  $techmap442773$auto$abc_ops_reintegrate.cc:611:reintegrate$431912.A[4]     25 16.4ms
                                         $techmap444712$abc$431868$lut$aiger$o10054.A[3]     28 16.0ms
                                    $techmap437734$abc$431868$lut$aiger431867$15390.A[1]     25 15.9ms
                                                          ddr3.idelay_data_cntvaluein[4]     36 15.8ms
                                $abc$431868$auto$simple.cc:210:make_patterns_logic$41245     25 15.7ms
                                    $techmap437730$abc$431868$lut$aiger431867$15383.A[2]     32 15.7ms
                  $techmap442283$auto$abc_ops_reintegrate.cc:611:reintegrate$432139.A[1]     27 15.6ms
                                           $abc$431868$auto$rtlil.cc:3488:NotGate$123806     18 15.4ms
                  $techmap437767$auto$abc_ops_reintegrate.cc:611:reintegrate$433425.A[5]     33 15.3ms
                  $techmap442339$auto$abc_ops_reintegrate.cc:611:reintegrate$432119.A[1]     29 15.1ms
                  $techmap436876$auto$abc_ops_reintegrate.cc:611:reintegrate$433523.A[3]     33 15.1ms
                                    $techmap437082$abc$431868$lut$aiger431867$12244.A[1]     37 15.0ms
                  $techmap438141$auto$abc_ops_reintegrate.cc:611:reintegrate$433274.A[0]     36 14.7ms
                                                                               heartbeat      2 14.3ms
                                              ddr3.ddr3_controller_inst.stage2_bank_d[2]     38 14.3ms
                                    $techmap438940$abc$431868$lut$aiger431867$33220.A[1]     34 13.8ms
                                           $abc$431868$auto$rtlil.cc:3488:NotGate$123834     18 13.8ms
                                        ddr3.ddr3_controller_inst.instruction_address[0]     23 13.2ms
                                                ddr3.ddr3_controller_inst.stage1_bank[2]     39 13.2ms
                  $techmap440028$auto$abc_ops_reintegrate.cc:611:reintegrate$432765.A[2]     20 13.1ms
                                   $techmap443148$abc$431868$lut$not$aiger431867$29546.A     14 13.1ms
                  $techmap442333$auto$abc_ops_reintegrate.cc:611:reintegrate$432120.A[1]     29 13.1ms
                                                ddr3.ddr3_controller_inst.stage1_bank[1]     40 12.9ms
                  $techmap442620$auto$abc_ops_reintegrate.cc:611:reintegrate$431990.A[2]      2 12.9ms
                                         ddr3.ddr3_controller_inst.stage1_next_bank_d[1]     39 12.7ms
                                                                               debug1[2]     31 12.7ms
                                                          ddr3.idelay_data_cntvaluein[1]     36 12.5ms
                  $techmap442616$auto$abc_ops_reintegrate.cc:611:reintegrate$431992.A[0]      9 12.5ms
                                              ddr3.ddr3_controller_inst.stage2_bank_d[1]     35 12.4ms
                  $techmap436858$auto$abc_ops_reintegrate.cc:611:reintegrate$433526.A[3]     23 12.3ms
                                                                     ddr3.dq_tri_control     36 12.3ms
                                                                               debug1[0]     35 12.3ms
                                         ddr3.ddr3_controller_inst.stage1_next_bank_d[0]     37 12.2ms
                                    $techmap439923$abc$431868$lut$aiger431867$40523.A[2]     33 12.2ms
                                $abc$431868$auto$simple.cc:210:make_patterns_logic$41598     40 12.1ms
                                    $techmap438102$abc$431868$lut$aiger431867$20049.A[2]      4 12.0ms
                                         $techmap443616$abc$431868$lut$aiger$o13240.A[1]     29 11.9ms
                                    $techmap438448$abc$431868$lut$aiger431867$26939.A[1]      3 11.9ms
                  $techmap440720$auto$abc_ops_reintegrate.cc:611:reintegrate$432530.A[0]     18 11.8ms
                  $techmap441346$auto$abc_ops_reintegrate.cc:611:reintegrate$432351.A[1]     29 11.8ms
                                         $techmap443101$abc$431868$lut$aiger$o10490.A[4]     30 11.8ms
                  $techmap437831$auto$abc_ops_reintegrate.cc:611:reintegrate$433408.A[4]     18 11.6ms
                                                          ddr3.idelay_data_cntvaluein[3]     36 11.5ms
                                    $techmap436455$abc$431868$lut$aiger431867$22120.A[0]      8 11.4ms
                  $techmap438274$auto$abc_ops_reintegrate.cc:611:reintegrate$433248.A[1]     35 11.4ms
                  $techmap441410$auto$abc_ops_reintegrate.cc:611:reintegrate$432341.A[0]     29 11.2ms
                                    $techmap441339$abc$431868$lut$aiger431867$50811.A[1]     24 11.2ms
                                    $techmap436805$abc$431868$lut$aiger431867$20082.A[0]     10 11.2ms
                  $techmap437275$auto$abc_ops_reintegrate.cc:611:reintegrate$433443.A[4]     20 11.1ms
                                         $techmap443568$abc$431868$lut$aiger$o12244.A[1]     37 11.0ms
                                    $techmap443216$abc$431868$lut$aiger431867$20887.A[0]     33 11.0ms
                  $techmap441391$auto$abc_ops_reintegrate.cc:611:reintegrate$432345.A[0]     30 10.9ms
                                            $auto$alumacc.cc:548:replace_alu$43745.Y[38]      3 10.9ms
                  $techmap441410$auto$abc_ops_reintegrate.cc:611:reintegrate$432341.A[1]     28 10.7ms
                                 ddr3.ddr3_controller_inst.check_test_address_counter[5]     20 10.7ms
                  $techmap439397$auto$abc_ops_reintegrate.cc:611:reintegrate$432943.A[1]     12 10.6ms
                  $techmap437246$auto$abc_ops_reintegrate.cc:611:reintegrate$433448.A[4]     19 10.5ms
                                    $techmap436800$abc$431868$lut$aiger431867$22745.A[0]     35 10.5ms
                                                                   ddr3.iserdes_data[72]      2 10.5ms
                  $techmap441424$auto$abc_ops_reintegrate.cc:611:reintegrate$432339.A[0]     30 10.5ms
                  $techmap442288$auto$abc_ops_reintegrate.cc:611:reintegrate$432138.A[1]     31 10.4ms
        $abc$431868$flatten\ddr3.\ddr3_phy_inst.$logic_not$build/uberddr3/rtl/ddr3_phy.v:1126$12003_Y      6 10.3ms
                  $techmap438278$auto$abc_ops_reintegrate.cc:611:reintegrate$433247.A[4]     26 10.3ms
                                                                  ddr3.iserdes_data[139]      2 10.2ms
                                    $techmap439972$abc$431868$lut$aiger431867$40628.A[4]     33 10.2ms
                                         $techmap443573$abc$431868$lut$aiger$o14054.A[0]     32 10.2ms
                                            ddr3.ddr3_controller_inst.dqs_start_index[2]     25 10.1ms
                                        ddr3.ddr3_controller_inst.instruction_address[2]     23 10.0ms
                                            ddr3.ddr3_controller_inst.dqs_start_index[1]     37 9.9ms
                  $techmap439170$auto$abc_ops_reintegrate.cc:611:reintegrate$433003.A[0]      8 9.8ms
                  $techmap437843$auto$abc_ops_reintegrate.cc:611:reintegrate$433401.A[5]     17 9.8ms
                                           $abc$431868$auto$rtlil.cc:3488:NotGate$123792     17 9.8ms
                                                                               debug1[3]     27 9.6ms
                  $techmap438283$auto$abc_ops_reintegrate.cc:611:reintegrate$433245.A[2]     19 9.6ms
                  $techmap437317$auto$abc_ops_reintegrate.cc:611:reintegrate$433431.A[2]     12 9.5ms
                                                ddr3.ddr3_controller_inst.stage2_bank[2]     19 9.5ms
                  $techmap442534$auto$abc_ops_reintegrate.cc:611:reintegrate$432029.A[1]     26 9.4ms
                                                                       resetgen.hold[15]      2 9.4ms
                                                                               debug1[4]     32 9.4ms
                                          ddr3.ddr3_controller_inst.start_index_check[4]     38 9.4ms
                  $techmap438785$auto$abc_ops_reintegrate.cc:611:reintegrate$433110.A[0]      8 9.4ms
                     $abc$431868$flatten\ddr3.\ddr3_controller_inst.$procmux$31863_Y[57]      1 9.3ms
                  $techmap440393$auto$abc_ops_reintegrate.cc:611:reintegrate$432642.A[3]     11 9.3ms
                                           $abc$431868$auto$rtlil.cc:3488:NotGate$123820     16 9.2ms
                                                                   pattern.test.acks[12]      5 9.2ms
                                          ddr3.ddr3_controller_inst.start_index_check[5]     37 9.1ms
                                                                                 uart.tx      1 9.0ms
                  $techmap437239$auto$abc_ops_reintegrate.cc:611:reintegrate$433450.A[3]     20 9.0ms
                                    ddr3.ddr3_controller_inst.stage2_data_unaligned[254]     12 8.9ms
                                        ddr3.ddr3_controller_inst.instruction_address[1]     22 8.9ms
                  $techmap438086$auto$abc_ops_reintegrate.cc:611:reintegrate$433283.A[2]      9 8.9ms
                                                          ddr3.idelay_data_cntvaluein[2]     36 8.9ms
                                                          ddr3.idelay_data_cntvaluein[0]     33 8.8ms
                                    $techmap439978$abc$431868$lut$aiger431867$40882.A[4]     33 8.8ms
                  $techmap437295$auto$abc_ops_reintegrate.cc:611:reintegrate$433437.A[4]     18 8.8ms
                  $techmap440986$auto$abc_ops_reintegrate.cc:611:reintegrate$432433.A[2]      3 8.7ms
                  $techmap438254$auto$abc_ops_reintegrate.cc:611:reintegrate$433259.A[2]     33 8.6ms
                                    ddr3.ddr3_controller_inst.stage2_data_unaligned[230]     11 8.5ms
                  $techmap439778$auto$abc_ops_reintegrate.cc:611:reintegrate$432846.A[4]      3 8.5ms
                  $techmap438063$auto$abc_ops_reintegrate.cc:611:reintegrate$433291.A[1]      9 8.5ms
                                                                   ddr3.iserdes_data[80]      2 8.5ms
                  $techmap437307$auto$abc_ops_reintegrate.cc:611:reintegrate$433435.A[5]     18 8.4ms
                  $techmap437094$auto$abc_ops_reintegrate.cc:611:reintegrate$433489.A[0]     32 8.3ms
                                    $techmap437253$abc$431868$lut$aiger431867$13509.A[1]     16 8.2ms
                  $techmap439170$auto$abc_ops_reintegrate.cc:611:reintegrate$433003.A[2]      8 8.2ms
                                      ddr3.ddr3_controller_inst.write_by_byte_counter[1]     17 8.1ms
                  $techmap437835$auto$abc_ops_reintegrate.cc:611:reintegrate$433405.A[3]     15 8.1ms
                  $techmap440324$auto$abc_ops_reintegrate.cc:611:reintegrate$432669.A[1]     27 8.0ms
                  $techmap441190$auto$abc_ops_reintegrate.cc:611:reintegrate$432388.A[1]     15 8.0ms
                  $techmap436870$auto$abc_ops_reintegrate.cc:611:reintegrate$433524.A[3]     23 8.0ms
                                $abc$431868$auto$simple.cc:193:make_patterns_logic$45879      7 8.0ms
                  $techmap438426$auto$abc_ops_reintegrate.cc:611:reintegrate$433201.A[3]      4 8.0ms
                  $techmap437239$auto$abc_ops_reintegrate.cc:611:reintegrate$433450.A[4]     22 7.9ms
                  $techmap437106$auto$abc_ops_reintegrate.cc:611:reintegrate$433487.A[0]     36 7.9ms
                  $techmap440517$auto$abc_ops_reintegrate.cc:611:reintegrate$432595.A[2]      4 7.8ms
                                    $techmap436455$abc$431868$lut$aiger431867$22120.A[1]      8 7.8ms
                                        ddr3.ddr3_controller_inst.instruction_address[3]     26 7.7ms
                                         $techmap446018$abc$431868$lut$aiger$o13383.A[2]      1 7.7ms
                                            ddr3.ddr3_controller_inst.stage1_next_row[6]     11 7.6ms
                                    $techmap442655$abc$431868$lut$aiger431867$54270.A[2]      2 7.6ms
                  $techmap442816$auto$abc_ops_reintegrate.cc:611:reintegrate$431894.A[0]     19 7.6ms
                                  ddr3.ddr3_controller_inst.read_test_address_counter[5]      5 7.6ms
                                               $auto$xilinx_dffopt.cc:347:execute$446853      1 7.5ms
                                      ddr3.ddr3_controller_inst.write_by_byte_counter[0]     19 7.4ms
                                    $techmap441383$abc$431868$lut$aiger431867$50896.A[1]     24 7.4ms
                  $techmap438328$auto$abc_ops_reintegrate.cc:611:reintegrate$433222.A[0]      9 7.4ms
                  $techmap440007$auto$abc_ops_reintegrate.cc:611:reintegrate$432777.A[2]      8 7.4ms
                                                 ddr3.ddr3_controller_inst.stage2_do_act     23 7.3ms
                                                                                clk_ctrl   5987 7.3ms
                  $techmap438658$auto$abc_ops_reintegrate.cc:611:reintegrate$433149.A[2]     17 7.3ms
                                     ddr3.ddr3_controller_inst.stage2_data_unaligned[34]      5 7.2ms
                                 ddr3.ddr3_controller_inst.check_test_address_counter[0]     23 7.2ms
                                    ddr3.ddr3_controller_inst.stage2_data_unaligned[128]      8 7.2ms
                  $techmap442795$auto$abc_ops_reintegrate.cc:611:reintegrate$431901.A[0]     11 7.2ms
                                     ddr3.ddr3_controller_inst.stage2_data_unaligned[64]      8 7.2ms
                  $techmap436023$auto$abc_ops_reintegrate.cc:611:reintegrate$433704.A[1]      7 7.1ms
                                    ddr3.ddr3_controller_inst.stage2_data_unaligned[120]      8 7.1ms
                  $techmap436809$auto$abc_ops_reintegrate.cc:611:reintegrate$433551.A[5]     11 7.1ms
                                                                         ddr3.bitslip[3]     18 7.1ms
                                         ddr3.ddr3_controller_inst.delay_counter_is_zero     21 7.0ms
                                                                    pattern.test.acks[8]      5 7.0ms
                                                                   ddr3.iserdes_data[96]      2 6.9ms
                                         $techmap438339$abc$431868$lut$aiger$o10673.A[2]     32 6.9ms
                                    ddr3.ddr3_controller_inst.stage2_data_unaligned[192]      8 6.9ms
                                $abc$431868$auto$simple.cc:193:make_patterns_logic$45882      7 6.9ms
                  $techmap437843$auto$abc_ops_reintegrate.cc:611:reintegrate$433401.A[3]     15 6.8ms
                  $techmap437106$auto$abc_ops_reintegrate.cc:611:reintegrate$433487.A[3]     33 6.8ms
                  $techmap436015$auto$abc_ops_reintegrate.cc:611:reintegrate$433712.A[1]      7 6.8ms
                  $techmap437829$auto$abc_ops_reintegrate.cc:611:reintegrate$433409.A[4]     18 6.8ms
                                    $techmap441515$abc$431868$lut$aiger431867$23336.A[4]      2 6.8ms
                                $abc$431868$auto$simple.cc:210:make_patterns_logic$41588     28 6.7ms
                  $techmap439001$auto$abc_ops_reintegrate.cc:611:reintegrate$433042.A[0]      8 6.7ms
                                $abc$431868$auto$simple.cc:193:make_patterns_logic$41727     16 6.7ms
                  $techmap440367$auto$abc_ops_reintegrate.cc:611:reintegrate$432658.A[2]      6 6.7ms
                                                    ddr3.ddr3_controller_inst.write_dq_d     15 6.6ms
                  $techmap436039$auto$abc_ops_reintegrate.cc:611:reintegrate$433688.A[1]      6 6.6ms
                  $techmap437837$auto$abc_ops_reintegrate.cc:611:reintegrate$433404.A[3]     15 6.5ms
                                     ddr3.ddr3_controller_inst.stage2_data_unaligned[46]      5 6.5ms
                                    ddr3.ddr3_controller_inst.stage2_data_unaligned[207]      7 6.5ms
                  $techmap437829$auto$abc_ops_reintegrate.cc:611:reintegrate$433409.A[3]     15 6.4ms
                  $techmap438934$auto$abc_ops_reintegrate.cc:611:reintegrate$433082.A[3]     11 6.4ms
                  $techmap442800$auto$abc_ops_reintegrate.cc:611:reintegrate$431900.A[1]     13 6.4ms
                                                                   ddr3.iserdes_data[10]      2 6.4ms
                  $techmap438271$auto$abc_ops_reintegrate.cc:611:reintegrate$433250.A[3]      7 6.4ms
                                    $techmap439594$abc$431868$lut$aiger431867$38361.A[2]      3 6.4ms
                  $techmap439146$auto$abc_ops_reintegrate.cc:611:reintegrate$433010.A[0]      9 6.4ms
                                                 ddr3.ddr3_controller_inst.stage1_col[9]      2 6.4ms
                                    $techmap436453$abc$431868$lut$aiger431867$22092.A[3]      8 6.3ms
                  $techmap437289$auto$abc_ops_reintegrate.cc:611:reintegrate$433438.A[2]     15 6.3ms
                                                                    pattern.test.acks[3]      5 6.2ms
              $techmap42246$flatten\resetgen.$lt$build/t27/specs/rtl/fpga_reset.v:84$4.Y     33 6.1ms
                                                                 pattern.test.cycles[27]      2 6.1ms
                  $techmap442835$auto$abc_ops_reintegrate.cc:611:reintegrate$431883.A[0]     11 6.1ms
                                    ddr3.ddr3_controller_inst.calib_data_randomized[101]     12 6.0ms
                                    $techmap439458$abc$431868$lut$aiger431867$37691.A[2]      4 6.0ms
                                    $techmap436464$abc$431868$lut$aiger431867$22261.A[0]      8 6.0ms
                  $techmap437767$auto$abc_ops_reintegrate.cc:611:reintegrate$433425.A[0]     10 6.0ms
                                 ddr3.ddr3_controller_inst.check_test_address_counter[1]     18 6.0ms
                                    $techmap436453$abc$431868$lut$aiger431867$22092.A[2]      8 5.9ms
                  $techmap441268$auto$abc_ops_reintegrate.cc:611:reintegrate$432374.A[1]     15 5.9ms
                                    $techmap439253$abc$431868$lut$aiger431867$36428.A[1]      2 5.9ms
                                    ddr3.ddr3_controller_inst.stage2_data_unaligned[137]      7 5.9ms
                  $techmap438125$auto$abc_ops_reintegrate.cc:611:reintegrate$433279.A[2]     10 5.8ms
                  $techmap437831$auto$abc_ops_reintegrate.cc:611:reintegrate$433408.A[3]     16 5.8ms
                                                                                  s_a[7]      2 5.8ms
                  $techmap436809$auto$abc_ops_reintegrate.cc:611:reintegrate$433551.A[0]      7 5.7ms
                                                                         ddr3.bitslip[0]     18 5.7ms
                                         ddr3.ddr3_controller_inst.stage1_next_bank_d[2]     19 5.7ms
                                    $techmap438714$abc$431868$lut$aiger431867$29628.A[1]      8 5.7ms
                  $techmap436033$auto$abc_ops_reintegrate.cc:611:reintegrate$433694.A[1]      7 5.7ms
                  $techmap438934$auto$abc_ops_reintegrate.cc:611:reintegrate$433082.A[2]     18 5.7ms
                                    $techmap438285$abc$431868$lut$aiger431867$22596.A[1]      4 5.7ms
                  $techmap442212$auto$abc_ops_reintegrate.cc:611:reintegrate$432162.A[0]      9 5.7ms
                                                                   ddr3.iserdes_data[81]      2 5.7ms
                                 ddr3.ddr3_controller_inst.check_test_address_counter[3]     18 5.7ms
                                                                  $abc$431868$aiger$o884      1 5.7ms
                  $techmap438115$auto$abc_ops_reintegrate.cc:611:reintegrate$433280.A[2]      8 5.7ms
                  $techmap437237$auto$abc_ops_reintegrate.cc:611:reintegrate$433451.A[3]     17 5.6ms
                                          ddr3.ddr3_controller_inst.read_data_store[194]      1 5.6ms
                                      ddr3.ddr3_controller_inst.stage2_data_unaligned[6]      6 5.6ms
                  $techmap438246$auto$abc_ops_reintegrate.cc:611:reintegrate$433264.A[2]      9 5.6ms
                  $techmap436027$auto$abc_ops_reintegrate.cc:611:reintegrate$433700.A[1]      7 5.6ms
                  $techmap436035$auto$abc_ops_reintegrate.cc:611:reintegrate$433692.A[1]      7 5.5ms
                  $techmap437275$auto$abc_ops_reintegrate.cc:611:reintegrate$433443.A[3]      8 5.5ms
                                    $techmap440733$abc$431868$lut$aiger431867$47158.A[3]     11 5.5ms
                  $techmap440406$auto$abc_ops_reintegrate.cc:611:reintegrate$432637.A[0]      6 5.5ms
                                                                               debug1[1]     23 5.5ms
                                ddr3.ddr3_controller_inst.write_test_address_counter[17]      4 5.5ms
                  $techmap438246$auto$abc_ops_reintegrate.cc:611:reintegrate$433264.A[1]     13 5.4ms
                                    $techmap441665$abc$431868$lut$aiger431867$33915.A[1]      2 5.4ms
                                                                    pattern.test.acks[4]      5 5.4ms
                                     ddr3.ddr3_controller_inst.stage2_data_unaligned[27]      8 5.4ms
                  $techmap436864$auto$abc_ops_reintegrate.cc:611:reintegrate$433525.A[3]     31 5.3ms
                                      ddr3.ddr3_controller_inst.stage2_data_unaligned[7]      7 5.3ms
                                    ddr3.ddr3_controller_inst.stage2_data_unaligned[232]      7 5.3ms
                                                                    ddr3.iserdes_data[1]      2 5.3ms
                                                                  ddr3.iserdes_data[196]      2 5.3ms
                  $techmap442754$auto$abc_ops_reintegrate.cc:611:reintegrate$431920.A[2]     11 5.3ms
                                                                  ddr3.iserdes_data[160]      2 5.2ms
        $abc$431868$memory\ddr3.ddr3_controller_inst.dq_target_index$wren[3][1][0]$y$45655      7 5.2ms
                  $techmap439464$auto$abc_ops_reintegrate.cc:611:reintegrate$432919.A[0]      9 5.2ms
                                      ddr3.ddr3_controller_inst.stage2_data_unaligned[0]      6 5.2ms
                                                                         ddr3.bitslip[2]     18 5.2ms
                                    ddr3.ddr3_controller_inst.calib_data_randomized[103]     14 5.2ms
                  $techmap437822$auto$abc_ops_reintegrate.cc:611:reintegrate$433412.A[1]      3 5.2ms
                                 ddr3.ddr3_controller_inst.check_test_address_counter[4]     20 5.2ms
                  $techmap439394$auto$abc_ops_reintegrate.cc:611:reintegrate$432944.A[0]      9 5.2ms
                                    $techmap436584$abc$431868$lut$aiger431867$22995.A[0]      7 5.1ms
                                    $techmap437253$abc$431868$lut$aiger431867$13509.A[0]     16 5.1ms
                                                                   pattern.test.acks[16]      5 5.1ms
                                    ddr3.ddr3_controller_inst.stage2_data_unaligned[250]      7 5.1ms
                                    ddr3.ddr3_controller_inst.calib_data_randomized[118]     15 5.1ms
                                         $techmap444829$abc$431868$lut$aiger$o14698.A[4]      3 5.1ms
                                     ddr3.ddr3_controller_inst.stage2_data_unaligned[78]      5 5.1ms
                                                                   ddr3.iserdes_data[36]      2 5.1ms
                  $techmap439771$auto$abc_ops_reintegrate.cc:611:reintegrate$432848.A[0]      9 5.1ms
                                                                   pattern.test.acks[24]      5 5.1ms
                  $techmap437246$auto$abc_ops_reintegrate.cc:611:reintegrate$433448.A[3]     15 5.1ms
                  $techmap438271$auto$abc_ops_reintegrate.cc:611:reintegrate$433250.A[2]      8 5.1ms
                                    $techmap443626$abc$431868$lut$aiger431867$44441.A[0]      2 5.1ms
                  $techmap436512$auto$abc_ops_reintegrate.cc:611:reintegrate$433571.A[3]      2 5.1ms
                                    ddr3.ddr3_controller_inst.calib_data_randomized[123]      9 5.1ms
                                    ddr3.ddr3_controller_inst.stage2_data_unaligned[229]      8 5.0ms
                                    $techmap443254$abc$431868$lut$aiger431867$20284.A[0]      4 5.0ms
                                    $techmap436453$abc$431868$lut$aiger431867$22092.A[1]      8 5.0ms
                  $techmap441061$auto$abc_ops_reintegrate.cc:611:reintegrate$432418.A[0]      8 5.0ms
                                    $techmap436584$abc$431868$lut$aiger431867$22995.A[2]      7 5.0ms
                  $techmap436646$auto$abc_ops_reintegrate.cc:611:reintegrate$433562.A[2]      2 5.0ms
                  $techmap436032$auto$abc_ops_reintegrate.cc:611:reintegrate$433695.A[1]      7 5.0ms
                                                                   ddr3.iserdes_data[84]      2 5.0ms
                  $techmap440284$auto$abc_ops_reintegrate.cc:611:reintegrate$432685.A[0]      9 4.9ms
                  $techmap436024$auto$abc_ops_reintegrate.cc:611:reintegrate$433703.A[1]      7 4.9ms
                  $techmap437154$auto$abc_ops_reintegrate.cc:611:reintegrate$433475.A[2]     32 4.9ms
                                                                 pattern.test.cycles[37]      2 4.9ms
                  $techmap437154$auto$abc_ops_reintegrate.cc:611:reintegrate$433475.A[0]     33 4.9ms
                                         $techmap444840$abc$431868$lut$aiger$o10103.A[3]     10 4.9ms
                                                                         ddr3.bitslip[1]     18 4.9ms
                                    $techmap438482$abc$431868$lut$aiger431867$26993.A[4]     13 4.9ms
                                                                  ddr3.iserdes_data[143]      2 4.8ms
                  $techmap436037$auto$abc_ops_reintegrate.cc:611:reintegrate$433690.A[1]      7 4.8ms
                  $techmap438278$auto$abc_ops_reintegrate.cc:611:reintegrate$433247.A[2]     10 4.8ms
                                                 ddr3.ddr3_controller_inst.dqs_store[16]      5 4.8ms
                  $techmap439812$auto$abc_ops_reintegrate.cc:611:reintegrate$432834.A[0]      6 4.8ms
                                    $techmap436985$abc$431868$lut$aiger431867$11868.A[0]      8 4.8ms
                                                                  ddr3.iserdes_data[146]      2 4.8ms
                                 ddr3.ddr3_controller_inst.check_test_address_counter[2]     17 4.8ms
                                    $techmap441266$abc$431868$lut$aiger431867$49988.A[2]      5 4.7ms
                  $techmap440028$auto$abc_ops_reintegrate.cc:611:reintegrate$432765.A[1]      7 4.7ms
                                    $techmap438457$abc$431868$lut$aiger431867$26978.A[2]      2 4.7ms
                           $techmap438275$abc$431868$lut$aiger431867$22501.A[4]$sum$4597     11 4.7ms
                                                  ddr3.ddr3_controller_inst.stage2_do_wr     15 4.7ms
                                     ddr3.ddr3_controller_inst.stage2_data_unaligned[11]      6 4.7ms
                                           ddr3.ddr3_controller_inst.added_read_pipe_max     19 4.7ms
                                    ddr3.ddr3_controller_inst.stage2_data_unaligned[217]      7 4.7ms
                                     ddr3.ddr3_controller_inst.stage2_data_unaligned[75]      6 4.7ms
                                     ddr3.ddr3_controller_inst.stage2_data_unaligned[88]      8 4.7ms
                  $techmap442854$auto$abc_ops_reintegrate.cc:611:reintegrate$431873.A[1]      7 4.7ms
                                             $abc$431868$auto$rtlil.cc:3386:Mux$44848[4]      4 4.7ms
                                                                  ddr3.iserdes_data[136]      2 4.7ms
                                    $techmap437311$abc$431868$lut$aiger431867$13427.A[1]      7 4.7ms
                                     ddr3.ddr3_controller_inst.stage2_data_unaligned[67]      6 4.7ms
                  $techmap437170$auto$abc_ops_reintegrate.cc:611:reintegrate$433471.A[1]     15 4.6ms
                                    $techmap436584$abc$431868$lut$aiger431867$22995.A[3]      7 4.6ms
                  $techmap442716$auto$abc_ops_reintegrate.cc:611:reintegrate$431940.A[0]      9 4.6ms
                                    $techmap438084$abc$431868$lut$aiger431867$19872.A[1]     15 4.6ms
                                                                   pattern.test.acks[25]      5 4.6ms
                                    ddr3.ddr3_controller_inst.stage2_data_unaligned[253]      8 4.6ms
                                          $techmap443204$abc$431868$lut$aiger$o8106.A[1]     32 4.6ms
                                                                  ddr3.iserdes_data[151]      2 4.6ms
                                    $techmap438456$abc$431868$lut$aiger431867$26975.A[2]      3 4.6ms
                                 ddr3.ddr3_controller_inst.check_test_address_counter[6]     15 4.6ms
                  $techmap436022$auto$abc_ops_reintegrate.cc:611:reintegrate$433705.A[1]      7 4.5ms
                                    ddr3.ddr3_controller_inst.stage2_data_unaligned[152]      8 4.5ms
                                                 ddr3.ddr3_controller_inst.dqs_store[13]      3 4.5ms
                                    $techmap436449$abc$431868$lut$aiger431867$22022.A[0]      8 4.5ms
                                                                   ddr3.iserdes_data[33]      2 4.5ms
                  $techmap436012$auto$abc_ops_reintegrate.cc:611:reintegrate$433715.A[1]      7 4.5ms
                  $techmap438997$auto$abc_ops_reintegrate.cc:611:reintegrate$433045.A[1]      7 4.5ms
                                                                   pattern.test.acks[21]      5 4.5ms
                                                                  ddr3.iserdes_data[226]      2 4.5ms
                                    $techmap436584$abc$431868$lut$aiger431867$22995.A[1]      7 4.5ms
                                    $techmap443250$abc$431868$lut$aiger431867$29355.A[1]      5 4.5ms
                                     ddr3.ddr3_controller_inst.stage2_data_unaligned[85]      5 4.5ms
                  $techmap437154$auto$abc_ops_reintegrate.cc:611:reintegrate$433475.A[1]     32 4.4ms
                  $techmap440647$auto$abc_ops_reintegrate.cc:611:reintegrate$432557.A[0]      8 4.4ms
                                    ddr3.ddr3_controller_inst.stage2_data_unaligned[138]      5 4.4ms
                                     ddr3.ddr3_controller_inst.stage2_data_unaligned[91]      6 4.4ms
                                    $techmap441372$abc$431868$lut$aiger431867$50867.A[3]      6 4.4ms
                                                                  ddr3.iserdes_data[172]      2 4.4ms
                  $techmap438137$auto$abc_ops_reintegrate.cc:611:reintegrate$433277.A[2]     11 4.4ms
                  $techmap437265$auto$abc_ops_reintegrate.cc:611:reintegrate$433446.A[4]     14 4.4ms
                                    $techmap436324$abc$431868$lut$aiger431867$21680.A[2]      4 4.4ms
                                                                  ddr3.idelay_data_ld[2]     10 4.4ms
                  $techmap440127$auto$abc_ops_reintegrate.cc:611:reintegrate$432729.A[0]      9 4.4ms
                  $techmap440307$auto$abc_ops_reintegrate.cc:611:reintegrate$432676.A[0]     12 4.4ms
                  $techmap440383$auto$abc_ops_reintegrate.cc:611:reintegrate$432648.A[0]      8 4.4ms
                  $techmap436016$auto$abc_ops_reintegrate.cc:611:reintegrate$433711.A[1]      7 4.4ms
                                    $techmap437229$abc$431868$lut$aiger431867$12921.A[1]     19 4.4ms
                                     ddr3.ddr3_controller_inst.stage2_data_unaligned[26]      6 4.4ms
                                    $techmap438477$abc$431868$lut$aiger431867$16551.A[1]     17 4.4ms
                                $abc$431868$auto$simple.cc:210:make_patterns_logic$41439      5 4.3ms
                                    ddr3.ddr3_controller_inst.stage2_data_unaligned[103]      6 4.3ms
                  $techmap436832$auto$abc_ops_reintegrate.cc:611:reintegrate$433543.A[1]      4 4.3ms
                  $techmap436011$auto$abc_ops_reintegrate.cc:611:reintegrate$433716.A[1]      7 4.3ms
                  $techmap436021$auto$abc_ops_reintegrate.cc:611:reintegrate$433706.A[1]      7 4.3ms
                                                                   pattern.test.acks[13]      5 4.3ms
                  $techmap442656$auto$abc_ops_reintegrate.cc:611:reintegrate$431974.A[4]      2 4.3ms
                  $techmap438451$auto$abc_ops_reintegrate.cc:611:reintegrate$433198.A[1]      7 4.3ms
                                                ddr3.ddr3_controller_inst.stage2_bank[0]     13 4.3ms
                  $techmap436224$auto$abc_ops_reintegrate.cc:611:reintegrate$433634.A[2]      3 4.3ms
                                                                  ddr3.iserdes_data[175]      2 4.3ms
                                    $techmap438465$abc$431868$lut$aiger431867$16544.A[1]     13 4.3ms
                                  ddr3.ddr3_controller_inst.read_test_address_counter[2]      5 4.3ms
                                    $techmap436598$abc$431868$lut$aiger431867$23233.A[1]      7 4.3ms
                                                 ddr3.ddr3_controller_inst.stage2_row[6]     11 4.3ms
                                    $techmap437316$abc$431868$lut$aiger431867$13785.A[1]      6 4.2ms
                                               ddr3.ddr3_phy_inst.shift_bitslip_index[2]      9 4.2ms
                                                                  pattern.test.emask[27]      1 4.2ms
                                $abc$431868$auto$simple.cc:193:make_patterns_logic$45848      7 4.2ms
                                    ddr3.ddr3_controller_inst.stage2_data_unaligned[219]      6 4.2ms
                                  ddr3.ddr3_controller_inst.stage2_data_unaligned_d[248]      1 4.2ms
                                    ddr3.ddr3_controller_inst.calib_data_randomized[114]      7 4.2ms
                  $techmap441137$auto$abc_ops_reintegrate.cc:611:reintegrate$432400.A[0]      9 4.2ms
                  $techmap439376$auto$abc_ops_reintegrate.cc:611:reintegrate$432953.A[0]      8 4.2ms
                                     ddr3.ddr3_controller_inst.stage2_data_unaligned[89]      7 4.2ms
                  $techmap442591$auto$abc_ops_reintegrate.cc:611:reintegrate$432004.A[0]      9 4.2ms
                  $techmap440007$auto$abc_ops_reintegrate.cc:611:reintegrate$432777.A[1]      7 4.2ms
                                    $auto$alumacc.cc:548:replace_alu$43548.Y[1]$sum$4621     10 4.2ms
                  $techmap440209$auto$abc_ops_reintegrate.cc:611:reintegrate$432709.A[3]      7 4.2ms
                  $techmap436034$auto$abc_ops_reintegrate.cc:611:reintegrate$433693.A[1]      7 4.2ms
                                                                   ddr3.iserdes_data[97]      2 4.2ms
                                     ddr3.ddr3_controller_inst.stage2_data_unaligned[79]      6 4.2ms
                                      ddr3.ddr3_controller_inst.calib_data_randomized[0]      8 4.2ms
                                    ddr3.ddr3_controller_inst.stage2_data_unaligned[248]      7 4.2ms
                  $techmap441767$auto$abc_ops_reintegrate.cc:611:reintegrate$432281.A[0]      9 4.2ms
                  $techmap440931$auto$abc_ops_reintegrate.cc:611:reintegrate$432453.A[0]      9 4.1ms
                  $techmap442816$auto$abc_ops_reintegrate.cc:611:reintegrate$431894.A[2]     13 4.1ms
                  $techmap442090$auto$abc_ops_reintegrate.cc:611:reintegrate$432200.A[0]      9 4.1ms
                  $techmap440651$auto$abc_ops_reintegrate.cc:611:reintegrate$432554.A[2]      6 4.1ms
                  $techmap436831$auto$abc_ops_reintegrate.cc:611:reintegrate$433544.A[1]      4 4.1ms
                                    $techmap437236$abc$431868$lut$aiger431867$12922.A[1]     11 4.1ms
                  $techmap437767$auto$abc_ops_reintegrate.cc:611:reintegrate$433425.A[1]     10 4.1ms
                  $techmap436014$auto$abc_ops_reintegrate.cc:611:reintegrate$433713.A[1]      7 4.1ms
                                                 ddr3.ddr3_controller_inst.dqs_store[21]      5 4.1ms
                                                                  ddr3.idelay_data_ld[0]     10 4.1ms
                  $techmap437807$auto$abc_ops_reintegrate.cc:611:reintegrate$433418.A[1]     12 4.1ms
                  $techmap438915$auto$abc_ops_reintegrate.cc:611:reintegrate$433087.A[0]      9 4.0ms
                                    $techmap438595$abc$431868$lut$aiger431867$28098.A[1]      4 4.0ms
                  $techmap440078$auto$abc_ops_reintegrate.cc:611:reintegrate$432746.A[0]      8 4.0ms
                  $techmap438274$auto$abc_ops_reintegrate.cc:611:reintegrate$433248.A[0]      8 4.0ms
                  $techmap441721$auto$abc_ops_reintegrate.cc:611:reintegrate$432293.A[0]      9 4.0ms
                  $techmap440078$auto$abc_ops_reintegrate.cc:611:reintegrate$432746.A[2]      8 4.0ms
                  $techmap439376$auto$abc_ops_reintegrate.cc:611:reintegrate$432953.A[2]      8 4.0ms
                  $techmap439599$auto$abc_ops_reintegrate.cc:611:reintegrate$432893.A[2]      6 4.0ms
                  $techmap438125$auto$abc_ops_reintegrate.cc:611:reintegrate$433279.A[1]     14 4.0ms
                  $techmap441284$auto$abc_ops_reintegrate.cc:611:reintegrate$432369.A[0]      9 4.0ms
                                              ddr3.ddr3_controller_inst.stage1_data[127]      2 4.0ms
                                         $techmap444474$abc$431868$lut$aiger$o13830.A[3]      1 4.0ms
                                                                  pattern.test.cycles[1]      2 4.0ms
                                    $techmap436456$abc$431868$lut$aiger431867$22121.A[0]      6 4.0ms
                                          $techmap439550$abc$431868$lut$aiger$o8337.A[1]      2 4.0ms
                  $techmap440529$auto$abc_ops_reintegrate.cc:611:reintegrate$432588.A[0]      9 4.0ms
                                                                  ddr3.iserdes_data[251]      2 4.0ms
                                    $techmap437826$abc$431868$lut$aiger431867$13726.A[1]     13 4.0ms
                  $techmap442354$auto$abc_ops_reintegrate.cc:611:reintegrate$432111.A[0]      9 4.0ms
                                    $techmap436440$abc$431868$lut$aiger431867$21939.A[3]      6 3.9ms
                                                                   report_reset.button_n      9 3.9ms
                                                                    pattern.test.acks[5]      5 3.9ms
                                            ddr3.ddr3_controller_inst.stage1_next_row[9]     11 3.9ms
                                          ddr3.ddr3_controller_inst.read_data_store[175]      1 3.9ms
                  $techmap442003$auto$abc_ops_reintegrate.cc:611:reintegrate$432225.A[0]      9 3.9ms
                                    $techmap441238$abc$431868$lut$aiger431867$50409.A[2]      3 3.9ms
                                                                   pattern.test.acks[19]      5 3.9ms
                                            ddr3.ddr3_controller_inst.dqs_start_index[3]     14 3.9ms
                                    $techmap437795$abc$431868$lut$aiger431867$16416.A[0]      6 3.9ms
                                                                  ddr3.iserdes_data[144]      2 3.9ms
                                                 ddr3.ddr3_controller_inst.stage2_row[3]     11 3.9ms
                                           ddr3.ddr3_controller_inst.stage1_next_bank[0]     10 3.9ms
                  $techmap436030$auto$abc_ops_reintegrate.cc:611:reintegrate$433697.A[1]      7 3.9ms
                                    $techmap445911$abc$431868$lut$aiger431867$20825.A[3]      1 3.9ms
                  $techmap442324$auto$abc_ops_reintegrate.cc:611:reintegrate$432123.A[0]      9 3.9ms
                                $abc$431868$auto$simple.cc:193:make_patterns_logic$45860     10 3.9ms
                  $techmap439171$auto$abc_ops_reintegrate.cc:611:reintegrate$433002.A[3]      9 3.9ms
                  $techmap440320$auto$abc_ops_reintegrate.cc:611:reintegrate$432670.A[3]      7 3.9ms
                                 ddr3.ddr3_controller_inst.check_test_address_counter[7]     15 3.9ms
                                             $abc$431868$auto$rtlil.cc:3386:Mux$44848[0]      4 3.9ms
                                           $abc$431868$auto$rtlil.cc:3488:NotGate$127060      1 3.9ms
                                                           ddr3.idelay_dqs_cntvaluein[4]      7 3.9ms
                  $techmap442600$auto$abc_ops_reintegrate.cc:611:reintegrate$432001.A[2]      2 3.9ms
                                                                           wb_rdata[232]      3 3.9ms
                  $techmap440028$auto$abc_ops_reintegrate.cc:611:reintegrate$432765.A[0]     11 3.9ms
                  $techmap440209$auto$abc_ops_reintegrate.cc:611:reintegrate$432709.A[1]      7 3.8ms
                                            $auto$alumacc.cc:548:replace_alu$43745.Y[23]      3 3.8ms
                                            $auto$alumacc.cc:548:replace_alu$43745.Y[35]      3 3.8ms
                  $techmap436007$auto$abc_ops_reintegrate.cc:611:reintegrate$433720.A[1]      3 3.8ms
                  $techmap439798$auto$abc_ops_reintegrate.cc:611:reintegrate$432840.A[2]     13 3.8ms
                  $techmap436025$auto$abc_ops_reintegrate.cc:611:reintegrate$433702.A[1]      7 3.8ms
                  $techmap438778$auto$abc_ops_reintegrate.cc:611:reintegrate$433112.A[4]      3 3.8ms
                                            ddr3.ddr3_controller_inst.read_lane_data[28]      3 3.8ms
                                    $techmap436437$abc$431868$lut$aiger431867$21866.A[0]      5 3.8ms
                                    $techmap438282$abc$431868$lut$aiger431867$22549.A[3]     17 3.8ms
                                    $techmap443237$abc$431868$lut$aiger431867$33044.A[0]      4 3.8ms
                                    $techmap443291$abc$431868$lut$aiger431867$20308.A[0]      5 3.8ms
                  $techmap442129$auto$abc_ops_reintegrate.cc:611:reintegrate$432188.A[0]      9 3.8ms
                                    $techmap436324$abc$431868$lut$aiger431867$21680.A[3]      4 3.8ms
                  $techmap438451$auto$abc_ops_reintegrate.cc:611:reintegrate$433198.A[2]      8 3.8ms
                                   $techmap443160$abc$431868$lut$not$aiger431867$33177.A     10 3.8ms
                                    $techmap443260$abc$431868$lut$aiger431867$32951.A[1]      4 3.8ms
                                    $techmap440322$abc$431868$lut$aiger431867$40488.A[1]      6 3.8ms
                                                                            wb_rdata[28]      3 3.8ms
                  $techmap440035$auto$abc_ops_reintegrate.cc:611:reintegrate$432763.A[2]      4 3.8ms
                                    ddr3.ddr3_controller_inst.stage2_data_unaligned[220]      7 3.8ms
                                    ddr3.ddr3_controller_inst.stage2_data_unaligned[190]      5 3.8ms
                                            $auto$alumacc.cc:548:replace_alu$43745.Y[36]      3 3.8ms
                                                                   pattern.test.acks[15]      5 3.8ms
                  $techmap436017$auto$abc_ops_reintegrate.cc:611:reintegrate$433710.A[1]      7 3.7ms
                                            ddr3.ddr3_controller_inst.stage1_next_row[5]     11 3.7ms
                                                                    pattern.test.acks[0]      4 3.7ms
                  $techmap439812$auto$abc_ops_reintegrate.cc:611:reintegrate$432834.A[2]      6 3.7ms
                  $techmap439836$auto$abc_ops_reintegrate.cc:611:reintegrate$432827.A[0]      8 3.7ms
                  $techmap436029$auto$abc_ops_reintegrate.cc:611:reintegrate$433698.A[1]      7 3.7ms
                  $techmap438550$auto$abc_ops_reintegrate.cc:611:reintegrate$433179.A[0]     11 3.7ms
                                $abc$431868$auto$simple.cc:193:make_patterns_logic$45876      7 3.7ms
                                    $techmap436452$abc$431868$lut$aiger431867$22077.A[4]      8 3.7ms
                  $techmap440724$auto$abc_ops_reintegrate.cc:611:reintegrate$432527.A[3]      7 3.7ms
                                    ddr3.ddr3_controller_inst.stage2_data_unaligned[236]      7 3.7ms
                                         $techmap443101$abc$431868$lut$aiger$o10490.A[3]      8 3.7ms
                  $techmap440802$auto$abc_ops_reintegrate.cc:611:reintegrate$432498.A[0]      9 3.7ms
                                    $techmap441732$abc$431868$lut$aiger431867$35475.A[1]      2 3.7ms
                  $techmap440769$auto$abc_ops_reintegrate.cc:611:reintegrate$432510.A[0]      7 3.7ms
                  $techmap442242$auto$abc_ops_reintegrate.cc:611:reintegrate$432150.A[0]      9 3.7ms
                                 ddr3.ddr3_controller_inst.read_test_address_counter[10]      5 3.7ms
                                    ddr3.ddr3_controller_inst.stage2_data_unaligned[205]      6 3.7ms
                                                                   pattern.test.acks[14]      5 3.7ms
                  $techmap438246$auto$abc_ops_reintegrate.cc:611:reintegrate$433264.A[3]      5 3.7ms
                  $techmap442773$auto$abc_ops_reintegrate.cc:611:reintegrate$431912.A[3]      5 3.7ms
                                    ddr3.ddr3_controller_inst.stage2_data_unaligned[238]     12 3.7ms
                                     ddr3.ddr3_controller_inst.stage2_data_unaligned[84]      6 3.7ms
                                    $techmap437712$abc$431868$lut$aiger431867$15315.A[4]      2 3.7ms
                                           ddr3.ddr3_controller_inst.stage1_next_row[10]     10 3.7ms
                  $techmap437265$auto$abc_ops_reintegrate.cc:611:reintegrate$433446.A[2]      8 3.7ms
                                                 ddr3.ddr3_controller_inst.stage2_row[2]     11 3.7ms
                                            $auto$alumacc.cc:548:replace_alu$43745.Y[37]      3 3.6ms
                  $techmap441013$auto$abc_ops_reintegrate.cc:611:reintegrate$432423.A[0]      9 3.6ms
                  $techmap436600$auto$abc_ops_reintegrate.cc:611:reintegrate$433563.A[3]      3 3.6ms
                  $techmap438451$auto$abc_ops_reintegrate.cc:611:reintegrate$433198.A[0]      8 3.6ms
                  $techmap441426$auto$abc_ops_reintegrate.cc:611:reintegrate$432337.A[0]      9 3.6ms
                                                                  ddr3.iserdes_data[149]      2 3.6ms
                  $techmap440070$auto$abc_ops_reintegrate.cc:611:reintegrate$432751.A[0]      8 3.6ms
                  $techmap439599$auto$abc_ops_reintegrate.cc:611:reintegrate$432893.A[1]      5 3.6ms
                                         $techmap445739$abc$431868$lut$aiger$o11048.A[3]      1 3.6ms
                                    ddr3.ddr3_controller_inst.stage2_data_unaligned[222]      6 3.6ms
                                    $techmap439183$abc$431868$lut$aiger431867$35585.A[3]      7 3.6ms
                                    $techmap436460$abc$431868$lut$aiger431867$22169.A[3]      7 3.6ms
                  $techmap438278$auto$abc_ops_reintegrate.cc:611:reintegrate$433247.A[1]      9 3.6ms
                                                                                  s_a[9]      2 3.6ms
                  $techmap438012$auto$abc_ops_reintegrate.cc:611:reintegrate$433302.A[1]      3 3.6ms
                                    ddr3.ddr3_controller_inst.stage2_data_unaligned[104]      8 3.6ms
                                         ddr3.ddr3_controller_inst.o_wb_ack_read_q[0][0]      5 3.6ms
                                                                   ddr3.iserdes_data[45]      2 3.5ms
                                    $techmap438102$abc$431868$lut$aiger431867$20049.A[1]      4 3.5ms
                                                                   ddr3.iserdes_data[18]      2 3.5ms
                                    $techmap443254$abc$431868$lut$aiger431867$20284.A[1]      3 3.5ms
                                    $techmap436095$abc$431868$lut$aiger431867$21146.A[2]      8 3.5ms
                                         $techmap445172$abc$431868$lut$aiger$o14576.A[5]      4 3.5ms
                  $techmap442414$auto$abc_ops_reintegrate.cc:611:reintegrate$432084.A[4]      3 3.5ms
                                    $techmap436855$abc$431868$lut$aiger431867$11389.A[0]      9 3.5ms
                                         $techmap445671$abc$431868$lut$aiger$o12769.A[4]      4 3.5ms
                                    $techmap440136$abc$431868$lut$aiger431867$33614.A[4]      2 3.5ms
                  $techmap439985$auto$abc_ops_reintegrate.cc:611:reintegrate$432788.A[2]      8 3.5ms
                                                      ddr3.ddr3_controller_inst.calib_we      3 3.5ms
                                    ddr3.ddr3_controller_inst.stage2_data_unaligned[177]      7 3.5ms
                  $techmap436031$auto$abc_ops_reintegrate.cc:611:reintegrate$433696.A[1]      7 3.5ms
                                                ddr3.ddr3_controller_inst.stage2_bank[1]     14 3.5ms
                  $techmap440704$auto$abc_ops_reintegrate.cc:611:reintegrate$432533.A[0]      9 3.5ms
                                                                   ddr3.iserdes_data[71]      2 3.5ms
                  $techmap436833$auto$abc_ops_reintegrate.cc:611:reintegrate$433542.A[5]      4 3.4ms
                                    ddr3.ddr3_controller_inst.stage2_data_unaligned[143]      6 3.4ms
                                             $abc$431868$auto$rtlil.cc:3386:Mux$44840[2]      4 3.4ms
                                $abc$431868$auto$simple.cc:193:make_patterns_logic$45873     10 3.4ms
                                         $techmap445546$abc$431868$lut$aiger$o14435.A[2]      1 3.4ms
                  $techmap436600$auto$abc_ops_reintegrate.cc:611:reintegrate$433563.A[1]      9 3.4ms
                  $techmap439985$auto$abc_ops_reintegrate.cc:611:reintegrate$432788.A[1]      7 3.4ms
                                $abc$431868$auto$simple.cc:193:make_patterns_logic$45867     10 3.4ms
                                         $techmap445795$abc$431868$lut$aiger$o14307.A[2]      1 3.4ms
                  $techmap440387$auto$abc_ops_reintegrate.cc:611:reintegrate$432645.A[0]      8 3.4ms
                                   ddr3.ddr3_controller_inst.stage2_data_unaligned_d[77]      1 3.4ms
                                    $techmap438491$abc$431868$lut$aiger431867$27012.A[3]     10 3.4ms
                                                ddr3.ddr3_controller_inst.instruction[9]      2 3.4ms
                                    $techmap436679$abc$431868$lut$aiger431867$30079.A[4]      2 3.4ms
                                    ddr3.ddr3_controller_inst.stage2_data_unaligned[122]      5 3.4ms
                                         ddr3.ddr3_controller_inst.write_pattern_matches      8 3.4ms
                                    $techmap436594$abc$431868$lut$aiger431867$23141.A[4]      2 3.4ms
                                    ddr3.ddr3_controller_inst.stage2_data_unaligned[218]      5 3.4ms
                                    $techmap436464$abc$431868$lut$aiger431867$22261.A[1]      8 3.4ms
                  $techmap436858$auto$abc_ops_reintegrate.cc:611:reintegrate$433526.A[4]      8 3.4ms
                                    $techmap438505$abc$431868$lut$aiger431867$27042.A[2]      6 3.4ms
                                    ddr3.ddr3_controller_inst.stage2_data_unaligned[105]      7 3.4ms
                  $techmap436035$auto$abc_ops_reintegrate.cc:611:reintegrate$433692.A[0]      3 3.4ms
                                                   ddr3.ddr3_controller_inst.initial_dqs     13 3.4ms
                                           ddr3.ddr3_controller_inst.read_data_store[48]      1 3.4ms
                                         $techmap444716$abc$431868$lut$aiger$o14741.A[3]      3 3.4ms
                  $techmap442438$auto$abc_ops_reintegrate.cc:611:reintegrate$432072.A[0]      9 3.4ms
                                                                  ddr3.iserdes_data[193]      2 3.4ms
                                               ddr3.ddr3_controller_inst.stage1_data[63]      2 3.4ms
                                    $techmap437788$abc$431868$lut$aiger431867$15665.A[4]     13 3.4ms
                                    $techmap443267$abc$431868$lut$aiger431867$20380.A[0]      3 3.3ms
                  $techmap436028$auto$abc_ops_reintegrate.cc:611:reintegrate$433699.A[1]      7 3.3ms
                  $techmap442384$auto$abc_ops_reintegrate.cc:611:reintegrate$432097.A[0]      9 3.3ms
                                         ddr3.ddr3_controller_inst.lane_write_dq_late[2]      3 3.3ms
                  $techmap441305$auto$abc_ops_reintegrate.cc:611:reintegrate$432362.A[3]      7 3.3ms
                  $techmap439170$auto$abc_ops_reintegrate.cc:611:reintegrate$433003.A[3]      7 3.3ms
                                    $techmap442973$abc$431868$lut$not$aiger431867$7307.A      4 3.3ms
                                                                  ddr3.iserdes_data[215]      2 3.3ms
                  $techmap438246$auto$abc_ops_reintegrate.cc:611:reintegrate$433264.A[0]      5 3.3ms
                  $techmap436216$auto$abc_ops_reintegrate.cc:611:reintegrate$433639.A[1]      3 3.3ms
                  $techmap436043$auto$abc_ops_reintegrate.cc:611:reintegrate$433684.A[1]      6 3.3ms
                                    $techmap438480$abc$431868$lut$aiger431867$16555.A[1]     13 3.3ms
                  $techmap442669$auto$abc_ops_reintegrate.cc:611:reintegrate$431966.A[0]      9 3.3ms
                                    ddr3.ddr3_controller_inst.stage2_data_unaligned[202]      5 3.3ms
                                    $techmap436451$abc$431868$lut$aiger431867$22038.A[2]      4 3.3ms
                                    $techmap440339$abc$431868$lut$aiger431867$43894.A[1]      3 3.3ms
                                                 ddr3.ddr3_controller_inst.stage2_row[1]     11 3.3ms
                                    $techmap438961$abc$431868$lut$aiger431867$33315.A[3]      2 3.3ms
                                                                  ddr3.iserdes_data[240]      2 3.3ms
                  $techmap436104$auto$abc_ops_reintegrate.cc:611:reintegrate$433652.A[1]      8 3.3ms
                  $techmap438271$auto$abc_ops_reintegrate.cc:611:reintegrate$433250.A[0]      8 3.3ms
                  $techmap440573$auto$abc_ops_reintegrate.cc:611:reintegrate$432582.A[2]      4 3.3ms
                  $techmap440978$auto$abc_ops_reintegrate.cc:611:reintegrate$432437.A[0]      9 3.3ms
                                                                               line_a[7]      2 3.3ms
                                    $techmap439549$abc$431868$lut$aiger431867$13803.A[4]      2 3.3ms
                  $techmap436013$auto$abc_ops_reintegrate.cc:611:reintegrate$433714.A[1]      7 3.3ms
                                    $techmap436197$abc$431868$lut$aiger431867$30776.A[4]      2 3.3ms
                                    ddr3.ddr3_controller_inst.stage2_data_unaligned[228]      7 3.3ms
                  $techmap439876$auto$abc_ops_reintegrate.cc:611:reintegrate$432807.A[0]      9 3.3ms
                                    $techmap443257$abc$431868$lut$aiger431867$20371.A[2]      3 3.3ms
                  $techmap438559$auto$abc_ops_reintegrate.cc:611:reintegrate$433175.A[2]      7 3.3ms
                  $techmap440854$auto$abc_ops_reintegrate.cc:611:reintegrate$432479.A[0]      9 3.3ms
                                                                   pattern.test.acks[17]      5 3.3ms
                                    $techmap436960$abc$431868$lut$aiger431867$11793.A[1]      4 3.3ms
                                ddr3.ddr3_controller_inst.write_test_address_counter[24]      5 3.3ms
                                                                  pattern.test.daddr[12]      1 3.3ms
                                         $techmap445682$abc$431868$lut$aiger$o14364.A[2]      1 3.3ms
                                                                  ddr3.iserdes_data[171]      2 3.3ms
                                    $techmap440519$abc$431868$lut$aiger431867$45698.A[0]      2 3.2ms
                                    $techmap436593$abc$431868$lut$aiger431867$23114.A[1]      5 3.2ms
                                    $techmap436487$abc$431868$lut$aiger431867$24841.A[0]      3 3.2ms
                                            ddr3.ddr3_controller_inst.stage1_next_row[0]     11 3.2ms
                                                                   ddr3.iserdes_data[83]      2 3.2ms
                  $techmap440008$auto$abc_ops_reintegrate.cc:611:reintegrate$432776.A[0]      9 3.2ms
                  $techmap440664$auto$abc_ops_reintegrate.cc:611:reintegrate$432548.A[0]      9 3.2ms
                  $techmap437307$auto$abc_ops_reintegrate.cc:611:reintegrate$433435.A[2]      7 3.2ms
                                            ddr3.ddr3_controller_inst.stage1_next_row[7]     11 3.2ms
                                    $techmap443232$abc$431868$lut$aiger431867$29451.A[1]      4 3.2ms
                                    $techmap436587$abc$431868$lut$aiger431867$23064.A[1]      7 3.2ms
         $techmap442783$auto$abc_ops_reintegrate.cc:611:reintegrate$431905.A[1]$sum$4657     14 3.2ms
                                    $techmap438508$abc$431868$lut$aiger431867$27052.A[3]     13 3.2ms
                                                                           wb_rdata[121]      4 3.2ms
                  $techmap439798$auto$abc_ops_reintegrate.cc:611:reintegrate$432840.A[3]     11 3.2ms
                                                                 pattern.test.cycles[39]      2 3.2ms
                                                                           wb_rdata[161]      3 3.2ms
                 ddr3.ddr3_controller_inst.stage2_do_update_delay_before_write_after_act      8 3.2ms
                  $techmap442715$auto$abc_ops_reintegrate.cc:611:reintegrate$431941.A[0]      2 3.2ms
                                    $techmap436867$abc$431868$lut$aiger431867$11409.A[0]      8 3.2ms
                  $techmap436201$auto$abc_ops_reintegrate.cc:611:reintegrate$433646.A[5]      2 3.2ms
                  $techmap438114$auto$abc_ops_reintegrate.cc:611:reintegrate$433281.A[1]     14 3.2ms
                                    ddr3.ddr3_controller_inst.calib_data_randomized[108]      7 3.2ms
                                           ddr3.ddr3_controller_inst.stage1_next_bank[2]     15 3.2ms
                                    $techmap436583$abc$431868$lut$aiger431867$22968.A[0]      5 3.2ms
                                    ddr3.ddr3_controller_inst.stage2_data_unaligned[227]      6 3.2ms
                                                                  ddr3.iserdes_data[174]      2 3.2ms
                                    $techmap438469$abc$431868$lut$aiger431867$16611.A[1]     13 3.2ms
                                    $techmap441400$abc$431868$lut$aiger431867$15783.A[1]      3 3.2ms
                                              ddr3.ddr3_controller_inst.stage1_data[220]      2 3.2ms
                                                                 pattern.test.cycles[15]      2 3.2ms
                                                                  ddr3.iserdes_data[205]      2 3.2ms
                                    ddr3.ddr3_controller_inst.stage2_data_unaligned[223]      7 3.2ms
                                    $techmap438457$abc$431868$lut$aiger431867$26978.A[1]      3 3.2ms
                                    $techmap436582$abc$431868$lut$aiger431867$22438.A[1]      5 3.2ms
                                         $techmap443462$abc$431868$lut$aiger$o14063.A[2]      1 3.2ms
                  $techmap440007$auto$abc_ops_reintegrate.cc:611:reintegrate$432777.A[0]      8 3.2ms
                  $techmap436104$auto$abc_ops_reintegrate.cc:611:reintegrate$433652.A[3]      3 3.2ms
                                     ddr3.ddr3_controller_inst.stage2_data_unaligned[77]      5 3.2ms
                                    ddr3.ddr3_controller_inst.stage2_data_unaligned[186]      5 3.2ms
                                    $techmap439916$abc$431868$lut$aiger431867$40483.A[1]      4 3.2ms
                                    $techmap440675$abc$431868$lut$aiger431867$46764.A[0]      2 3.2ms
                                    $techmap436448$abc$431868$lut$aiger431867$21995.A[1]      6 3.2ms
                                    $techmap438843$abc$431868$lut$aiger431867$32645.A[2]      4 3.2ms
                                    ddr3.ddr3_controller_inst.calib_data_randomized[105]     10 3.2ms
                                     ddr3.ddr3_controller_inst.stage2_data_unaligned[39]      6 3.2ms
                                                                  ddr3.iserdes_data[188]      2 3.2ms
                                    $techmap439307$abc$431868$lut$aiger431867$36798.A[2]      3 3.1ms
                                   ddr3.ddr3_controller_inst.stage2_data_unaligned_d[85]      1 3.1ms
                  $techmap436008$auto$abc_ops_reintegrate.cc:611:reintegrate$433719.A[1]      7 3.1ms
                  $techmap442495$auto$abc_ops_reintegrate.cc:611:reintegrate$432047.A[0]      9 3.1ms
                                   ddr3.ddr3_controller_inst.stage2_data_unaligned_d[62]      1 3.1ms
                                    $techmap443299$abc$431868$lut$aiger431867$20293.A[1]      2 3.1ms
                                    ddr3.ddr3_controller_inst.stage2_data_unaligned[234]      7 3.1ms
                                                                            wb_rdata[79]      4 3.1ms
                  $techmap440603$auto$abc_ops_reintegrate.cc:611:reintegrate$432571.A[2]      4 3.1ms
                                           ddr3.ddr3_controller_inst.stage1_next_row[11]     11 3.1ms
                  $techmap441198$auto$abc_ops_reintegrate.cc:611:reintegrate$432385.A[0]      8 3.1ms
                  $techmap442555$auto$abc_ops_reintegrate.cc:611:reintegrate$432019.A[0]      9 3.1ms
                                    ddr3.ddr3_controller_inst.stage2_data_unaligned[121]      7 3.1ms
                  $techmap440693$auto$abc_ops_reintegrate.cc:611:reintegrate$432537.A[2]      4 3.1ms
                                    $techmap443258$abc$431868$lut$aiger431867$20374.A[1]      2 3.1ms
                  $techmap440283$auto$abc_ops_reintegrate.cc:611:reintegrate$432686.A[0]      6 3.1ms
                                         $techmap443318$abc$431868$lut$aiger$o14085.A[2]      4 3.1ms
                  $techmap436052$auto$abc_ops_reintegrate.cc:611:reintegrate$433675.A[1]      5 3.1ms
                  $techmap440890$auto$abc_ops_reintegrate.cc:611:reintegrate$432467.A[0]      9 3.1ms
                                    $techmap439888$abc$431868$lut$aiger431867$40190.A[1]      2 3.1ms
                                         $techmap445459$abc$431868$lut$aiger$o14467.A[4]      3 3.1ms
                  $techmap436009$auto$abc_ops_reintegrate.cc:611:reintegrate$433718.A[1]      7 3.1ms
                                    $techmap436968$abc$431868$lut$aiger431867$11817.A[0]      5 3.1ms
                                                      ddr3.iserdes_bitslip_reference[29]      3 3.1ms
                                                                   pattern.test.acks[27]      5 3.1ms
                                    $techmap438422$abc$431868$lut$aiger431867$25683.A[1]      4 3.1ms
                                    $techmap441249$abc$431868$lut$aiger431867$50441.A[2]      2 3.1ms
                  $techmap440064$auto$abc_ops_reintegrate.cc:611:reintegrate$432753.A[0]      9 3.1ms
                                                 ddr3.ddr3_controller_inst.stage2_row[5]     11 3.1ms
                                     ddr3.ddr3_controller_inst.stage2_data_unaligned[99]      6 3.1ms
                                             $abc$431868$auto$rtlil.cc:3386:Mux$44840[1]      4 3.1ms
                                                  ddr3.ddr3_controller_inst.prep_done[1]     10 3.1ms
                  $techmap436059$auto$abc_ops_reintegrate.cc:611:reintegrate$433668.A[1]      5 3.1ms
                                               ddr3.ddr3_controller_inst.instruction[13]      3 3.1ms
                  $techmap439599$auto$abc_ops_reintegrate.cc:611:reintegrate$432893.A[0]      6 3.1ms
                                                                           wb_rdata[200]      4 3.1ms
                  $techmap438334$auto$abc_ops_reintegrate.cc:611:reintegrate$433217.A[0]      8 3.1ms
                                    $techmap436968$abc$431868$lut$aiger431867$11817.A[1]      5 3.1ms
                                           ddr3.ddr3_controller_inst.stage1_next_row[12]     10 3.1ms
                                    $techmap436446$abc$431868$lut$aiger431867$21989.A[1]      5 3.1ms
                  $techmap440953$auto$abc_ops_reintegrate.cc:611:reintegrate$432448.A[3]      8 3.1ms
                                                 ddr3.ddr3_controller_inst.stage2_row[0]     11 3.0ms
                                    $techmap436585$abc$431868$lut$aiger431867$23010.A[1]      6 3.0ms
                                    $techmap436442$abc$431868$lut$aiger431867$21969.A[1]      7 3.0ms
                  $techmap440406$auto$abc_ops_reintegrate.cc:611:reintegrate$432637.A[1]      6 3.0ms
                                         $techmap444343$abc$431868$lut$aiger$o14888.A[2]      3 3.0ms
                  $techmap439170$auto$abc_ops_reintegrate.cc:611:reintegrate$433003.A[1]      7 3.0ms
                                            ddr3.ddr3_controller_inst.read_lane_data[40]      3 3.0ms
                  $techmap442044$auto$abc_ops_reintegrate.cc:611:reintegrate$432212.A[0]      9 3.0ms
                                                                  ddr3.iserdes_data[137]      2 3.0ms
                                                 ddr3.ddr3_controller_inst.stage1_col[6]      2 3.0ms
                                                ddr3.ddr3_controller_inst.stage2_row[11]     10 3.0ms
                  $techmap438312$auto$abc_ops_reintegrate.cc:611:reintegrate$433236.A[2]     10 3.0ms
                                            $auto$alumacc.cc:548:replace_alu$43745.Y[39]      3 3.0ms
                                            ddr3.ddr3_controller_inst.stage1_next_row[3]     11 3.0ms
                                    $techmap441552$abc$431868$lut$aiger431867$27588.A[1]      3 3.0ms
                                    $techmap438484$abc$431868$lut$aiger431867$16583.A[1]      9 3.0ms
                                    $techmap443234$abc$431868$lut$aiger431867$20554.A[1]      3 3.0ms
                  $techmap440213$auto$abc_ops_reintegrate.cc:611:reintegrate$432706.A[0]      9 3.0ms
                                                 ddr3.ddr3_controller_inst.stage2_row[9]     11 3.0ms
                                             $auto$alumacc.cc:548:replace_alu$43745.Y[0]      3 3.0ms
                  $techmap440801$auto$abc_ops_reintegrate.cc:611:reintegrate$432499.A[0]      8 3.0ms
                                                                  ddr3.iserdes_data[241]      2 3.0ms
                                $abc$431868$auto$simple.cc:210:make_patterns_logic$45408      4 3.0ms
                                  ddr3.ddr3_controller_inst.read_test_address_counter[7]      5 3.0ms
                  ddr3.ddr3_controller_inst.stage2_do_update_delay_before_read_after_act      8 3.0ms
                                    $techmap436448$abc$431868$lut$aiger431867$21995.A[0]      6 3.0ms
                  $techmap441242$auto$abc_ops_reintegrate.cc:611:reintegrate$432377.A[0]      7 3.0ms
                  $techmap440757$auto$abc_ops_reintegrate.cc:611:reintegrate$432516.A[0]      9 3.0ms
                                         $techmap443405$abc$431868$lut$aiger$o16129.A[3]     11 3.0ms
                                    ddr3.ddr3_controller_inst.stage2_data_unaligned[184]      8 3.0ms
                                    $techmap436460$abc$431868$lut$aiger431867$22169.A[4]      2 3.0ms
                                          ddr3.ddr3_controller_inst.unaligned_data[3][8]      2 3.0ms
                                    $techmap436460$abc$431868$lut$aiger431867$22169.A[0]      8 3.0ms
                                    $techmap438501$abc$431868$lut$aiger431867$27034.A[1]     11 3.0ms
                                                                   pattern.test.pc_d0[1]      2 3.0ms
                             ddr3.ddr3_controller_inst.delay_before_read_counter_q[4][2]      5 3.0ms
                                    $techmap438717$abc$431868$lut$aiger431867$29631.A[0]      8 3.0ms
                  $techmap436038$auto$abc_ops_reintegrate.cc:611:reintegrate$433689.A[1]      7 3.0ms
                                    $techmap437117$abc$431868$lut$aiger431867$12363.A[0]      3 3.0ms
                                    $techmap438478$abc$431868$lut$aiger431867$26988.A[1]     12 3.0ms
                                    $techmap436959$abc$431868$lut$aiger431867$11790.A[1]      5 3.0ms
                                    $techmap440475$abc$431868$lut$aiger431867$45352.A[0]      2 3.0ms
                                    $techmap443220$abc$431868$lut$aiger431867$29409.A[3]      4 3.0ms
                                ddr3.ddr3_controller_inst.write_test_address_counter[19]      4 3.0ms
                                    ddr3.ddr3_controller_inst.stage2_data_unaligned[187]      6 3.0ms
                                                                   ddr3.iserdes_data[49]      2 2.9ms
                                    $techmap438508$abc$431868$lut$aiger431867$27052.A[1]      6 2.9ms
                                    $techmap440162$abc$431868$lut$aiger431867$33547.A[1]      2 2.9ms
                  $techmap440853$auto$abc_ops_reintegrate.cc:611:reintegrate$432480.A[0]      6 2.9ms
                                     ddr3.ddr3_controller_inst.stage2_data_unaligned[23]      7 2.9ms
                  $techmap440900$auto$abc_ops_reintegrate.cc:611:reintegrate$432466.A[2]     15 2.9ms
                                                                   ddr3.iserdes_data[24]      2 2.9ms
                                    $techmap436594$abc$431868$lut$aiger431867$23141.A[3]      7 2.9ms
                                                           ddr3.idelay_dqs_cntvaluein[3]      7 2.9ms
                  $techmap440595$auto$abc_ops_reintegrate.cc:611:reintegrate$432573.A[0]      9 2.9ms
                  $techmap439748$auto$abc_ops_reintegrate.cc:611:reintegrate$432853.A[4]      3 2.9ms
                  $techmap440467$auto$abc_ops_reintegrate.cc:611:reintegrate$432617.A[2]      8 2.9ms
                                                                  ddr3.iserdes_data[131]      2 2.9ms
                  $techmap436020$auto$abc_ops_reintegrate.cc:611:reintegrate$433707.A[1]      7 2.9ms
                                                                              line_a[11]      2 2.9ms
                  $techmap436513$auto$abc_ops_reintegrate.cc:611:reintegrate$433570.A[4]      2 2.9ms
                                    $techmap439350$abc$431868$lut$aiger431867$37018.A[2]      8 2.9ms
                  $techmap442695$auto$abc_ops_reintegrate.cc:611:reintegrate$431953.A[0]      9 2.9ms
                  $techmap440917$auto$abc_ops_reintegrate.cc:611:reintegrate$432459.A[0]      8 2.9ms
                                    $techmap443224$abc$431868$lut$aiger431867$29499.A[0]      5 2.9ms
                                         $techmap443833$abc$431868$lut$aiger$o15562.A[0]      3 2.9ms
                                                                               line_b[1]      2 2.9ms
                  $techmap440850$auto$abc_ops_reintegrate.cc:611:reintegrate$432482.A[2]      8 2.9ms
                  $techmap440525$auto$abc_ops_reintegrate.cc:611:reintegrate$432591.A[2]      6 2.9ms
                                         $techmap443521$abc$431868$lut$aiger$o16000.A[1]      3 2.9ms
                  $techmap438997$auto$abc_ops_reintegrate.cc:611:reintegrate$433045.A[0]      8 2.9ms
                                    $techmap438243$abc$431868$lut$aiger431867$15584.A[0]     10 2.9ms
                                                                   pattern.test.acks[11]      5 2.9ms
                                 ddr3.ddr3_controller_inst.read_test_address_counter[22]      5 2.9ms
                                                                  pattern.test.einfo[15]      1 2.9ms
                                                                   ddr3.iserdes_data[94]      2 2.9ms
                  $techmap436879$auto$abc_ops_reintegrate.cc:611:reintegrate$433522.A[4]      4 2.9ms
                                  ddr3.ddr3_controller_inst.read_test_address_counter[4]      5 2.9ms
                                                                  ddr3.iserdes_data[106]      2 2.9ms
                                                                      pattern.test.g0[3]      2 2.9ms
                                    $techmap436438$abc$431868$lut$aiger431867$21893.A[3]      7 2.9ms
                                    $techmap437024$abc$431868$lut$aiger431867$12004.A[4]      3 2.9ms
                                         $techmap444835$abc$431868$lut$aiger$o13031.A[2]      4 2.9ms
                                    $techmap436077$abc$431868$lut$aiger431867$21315.A[2]      4 2.9ms
                                                                              line_b[14]      1 2.9ms
                                         $techmap445312$abc$431868$lut$aiger$o14533.A[3]      4 2.9ms
                                                                 $abc$431868$aiger$o1075      2 2.9ms
                                            ddr3.ddr3_controller_inst.read_lane_data[52]      3 2.9ms
                                         $techmap443722$abc$431868$lut$aiger$o11862.A[3]      7 2.9ms
                                            $auto$alumacc.cc:548:replace_alu$43745.Y[13]      3 2.9ms
                                         $techmap445274$abc$431868$lut$aiger$o14544.A[2]      1 2.9ms
                                                                              line_b[39]      2 2.9ms
                                    $techmap444741$abc$431868$lut$aiger431867$49426.A[1]      2 2.9ms
                  $techmap437322$auto$abc_ops_reintegrate.cc:611:reintegrate$433430.A[1]      9 2.9ms
                  $techmap442415$auto$abc_ops_reintegrate.cc:611:reintegrate$432083.A[0]      9 2.8ms
                                            ddr3.ddr3_controller_inst.stage1_next_row[1]     11 2.8ms
                                                                   ddr3.iserdes_data[90]      2 2.8ms
                  $techmap441956$auto$abc_ops_reintegrate.cc:611:reintegrate$432239.A[0]      9 2.8ms
                                         $techmap446018$abc$431868$lut$aiger$o13383.A[3]      1 2.8ms
                  $techmap441146$auto$abc_ops_reintegrate.cc:611:reintegrate$432397.A[3]      7 2.8ms
                  $techmap438451$auto$abc_ops_reintegrate.cc:611:reintegrate$433198.A[3]      7 2.8ms
                                    $techmap443220$abc$431868$lut$aiger431867$29409.A[1]      5 2.8ms
                  $techmap440687$auto$abc_ops_reintegrate.cc:611:reintegrate$432539.A[0]      6 2.8ms
                                    $techmap443329$abc$431868$lut$aiger431867$39182.A[1]      3 2.8ms
                                    $techmap445874$abc$431868$lut$aiger431867$20767.A[2]      1 2.8ms
                                     ddr3.ddr3_controller_inst.stage2_data_unaligned[35]      6 2.8ms
                                         $techmap443911$abc$431868$lut$aiger$o13986.A[4]      4 2.8ms
                                                                  pattern.test.eaddr[15]      1 2.8ms
                                    $techmap442724$abc$431868$lut$aiger431867$54565.A[1]      2 2.8ms
                  $techmap440209$auto$abc_ops_reintegrate.cc:611:reintegrate$432709.A[2]      8 2.8ms
                  $techmap440482$auto$abc_ops_reintegrate.cc:611:reintegrate$432609.A[0]      9 2.8ms
                                               ddr3.ddr3_controller_inst.stage1_data[31]      2 2.8ms
                                    $techmap436586$abc$431868$lut$aiger431867$23049.A[3]      7 2.8ms
                                    $techmap436317$abc$431868$lut$aiger431867$21579.A[2]      4 2.8ms
                                    $techmap442671$abc$431868$lut$aiger431867$54349.A[2]      2 2.8ms
                                    $techmap443554$abc$431868$lut$aiger431867$39185.A[1]      3 2.8ms
                  $techmap439607$auto$abc_ops_reintegrate.cc:611:reintegrate$432891.A[4]      2 2.8ms
                                 ddr3.ddr3_controller_inst.write_test_address_counter[8]      4 2.8ms
                  $techmap437158$auto$abc_ops_reintegrate.cc:611:reintegrate$433473.A[2]      3 2.8ms
                                                                  ddr3.iserdes_data[158]      2 2.8ms
                                                                   pattern.test.acks[22]      5 2.8ms
                                                                   pattern.test.einfo[1]      1 2.8ms
                  $techmap440956$auto$abc_ops_reintegrate.cc:611:reintegrate$432446.A[0]      8 2.8ms
                                                                    pattern.test.acks[9]      5 2.8ms
                                    $techmap436672$abc$431868$lut$aiger431867$30007.A[1]      2 2.8ms
                  $techmap441023$auto$abc_ops_reintegrate.cc:611:reintegrate$432422.A[2]     11 2.8ms
                                                                               line_b[7]      1 2.8ms
                                      ddr3.ddr3_controller_inst.stage2_data_unaligned[2]      6 2.8ms
                                    $techmap441464$abc$431868$lut$aiger431867$51057.A[3]      3 2.8ms
                                         $techmap445483$abc$431868$lut$aiger$o14456.A[2]      3 2.8ms
                  $techmap440320$auto$abc_ops_reintegrate.cc:611:reintegrate$432670.A[2]      8 2.8ms
                                    $techmap443272$abc$431868$lut$aiger431867$20404.A[0]      4 2.8ms
                                  ddr3.ddr3_controller_inst.stage2_data_unaligned_d[124]      1 2.8ms
                                         ddr3.ddr3_controller_inst.lane_write_dq_late[3]      3 2.8ms
                  $techmap441242$auto$abc_ops_reintegrate.cc:611:reintegrate$432377.A[1]      7 2.8ms
                                    ddr3.ddr3_controller_inst.stage2_data_unaligned[139]      6 2.8ms
                                    $techmap442277$abc$431868$lut$aiger431867$52858.A[2]      2 2.8ms
                                               ddr3.ddr3_controller_inst.stage1_data[28]      2 2.8ms
                                               ddr3.ddr3_controller_inst.stage1_data[56]      2 2.8ms
                                             $techmap135281$auto$ff.cc:337:slice$50359.D      2 2.8ms
                                    $techmap437144$abc$431868$lut$aiger431867$12474.A[2]      2 2.8ms
                                                                            wb_rdata[53]      3 2.8ms
                  $techmap441242$auto$abc_ops_reintegrate.cc:611:reintegrate$432377.A[3]      7 2.8ms
                  $techmap436846$auto$abc_ops_reintegrate.cc:611:reintegrate$433529.A[4]      3 2.8ms
                  $techmap442356$auto$abc_ops_reintegrate.cc:611:reintegrate$432109.A[0]      2 2.7ms
                                                                   ddr3.iserdes_data[42]      2 2.7ms
                                         $techmap444418$abc$431868$lut$aiger$o13083.A[2]      4 2.7ms
                  $techmap440467$auto$abc_ops_reintegrate.cc:611:reintegrate$432617.A[0]      8 2.7ms
                                    ddr3.ddr3_controller_inst.stage2_data_unaligned[247]     10 2.7ms
                  $techmap440653$auto$abc_ops_reintegrate.cc:611:reintegrate$432553.A[2]      8 2.7ms
                                                 ddr3.ddr3_controller_inst.dqs_store[10]      4 2.7ms
                                    $techmap436582$abc$431868$lut$aiger431867$22438.A[0]      5 2.7ms
                                                                 pattern.test.cycles[14]      2 2.7ms
                                    $techmap438100$abc$431868$lut$aiger431867$20042.A[2]      4 2.7ms
                                         ddr3.ddr3_controller_inst.unaligned_data[3][28]      2 2.7ms
                                                                           wb_rdata[201]      3 2.7ms
        $abc$431868$memory\ddr3.ddr3_controller_inst.idelay_data_cntvaluein$wren[3][1][0]$y$45720     10 2.7ms
                  $techmap440653$auto$abc_ops_reintegrate.cc:611:reintegrate$432553.A[3]      7 2.7ms
                  $techmap441191$auto$abc_ops_reintegrate.cc:611:reintegrate$432387.A[0]      9 2.7ms
                                    $techmap436497$abc$431868$lut$aiger431867$24984.A[0]      2 2.7ms
                                     ddr3.ddr3_controller_inst.stage2_data_unaligned[32]      8 2.7ms
                                    $techmap443274$abc$431868$lut$aiger431867$20449.A[3]      5 2.7ms
                                               ddr3.ddr3_controller_inst.stage1_data[27]      2 2.7ms
                  $techmap442641$auto$abc_ops_reintegrate.cc:611:reintegrate$431980.A[0]      9 2.7ms
                                                                  ddr3.iserdes_data[242]      2 2.7ms
                                                                           ddr3.o_aux[0]      3 2.7ms
                                                                   pattern.test.acks[31]      5 2.7ms
                  $techmap437704$auto$abc_ops_reintegrate.cc:611:reintegrate$433428.A[1]      9 2.7ms
                  $techmap441755$auto$abc_ops_reintegrate.cc:611:reintegrate$432287.A[2]      2 2.7ms
                                         $techmap443757$abc$431868$lut$aiger$o14020.A[0]      2 2.7ms
                                            ddr3.ddr3_controller_inst.stage1_next_row[2]     11 2.7ms
                                                                  ddr3.iserdes_data[167]      2 2.7ms
                                                 ddr3.ddr3_controller_inst.dqs_store[19]      4 2.7ms
                  $techmap437882$auto$abc_ops_reintegrate.cc:611:reintegrate$433371.A[2]      8 2.7ms
                  $techmap442454$auto$abc_ops_reintegrate.cc:611:reintegrate$432066.A[4]      3 2.7ms
                                         $techmap444904$abc$431868$lut$aiger$o14670.A[4]      3 2.7ms
                                          $techmap445816$abc$431868$lut$aiger$o8835.A[0]      4 2.7ms
                                            $auto$alumacc.cc:548:replace_alu$43745.Y[28]      3 2.7ms
                                             $abc$431868$auto$rtlil.cc:3386:Mux$44824[2]      4 2.7ms
                                    $techmap439338$abc$431868$lut$aiger431867$37066.A[4]     11 2.7ms
                  $techmap436227$auto$abc_ops_reintegrate.cc:611:reintegrate$433632.A[5]      2 2.7ms
                  $techmap436057$auto$abc_ops_reintegrate.cc:611:reintegrate$433670.A[1]      5 2.7ms
                                    $techmap440249$abc$431868$lut$aiger431867$42935.A[1]      4 2.7ms
                                                                  ddr3.iserdes_data[243]      2 2.7ms
                  $techmap442474$auto$abc_ops_reintegrate.cc:611:reintegrate$432057.A[0]      9 2.7ms
                                  ddr3.ddr3_controller_inst.stage2_data_unaligned_d[177]      1 2.7ms
                                    ddr3.ddr3_controller_inst.stage2_data_unaligned[239]     10 2.7ms
                                                                            wb_rdata[13]      3 2.7ms
                  $techmap440640$auto$abc_ops_reintegrate.cc:611:reintegrate$432560.A[2]      4 2.7ms
                                  ddr3.ddr3_controller_inst.read_test_address_counter[0]      4 2.7ms
                                    ddr3.ddr3_controller_inst.stage2_data_unaligned[176]      8 2.7ms
                                   ddr3.ddr3_controller_inst.stage2_data_unaligned_d[17]      1 2.7ms
                                    $techmap438285$abc$431868$lut$aiger431867$22596.A[0]      3 2.7ms
                                    $techmap440823$abc$431868$lut$aiger431867$47748.A[2]      3 2.7ms
                  $techmap438586$auto$abc_ops_reintegrate.cc:611:reintegrate$433161.A[2]      4 2.7ms
                                                                  ddr3.iserdes_data[161]      2 2.7ms
                                            ddr3.ddr3_controller_inst.read_lane_data[63]      4 2.6ms
                                                ddr3.ddr3_controller_inst.instruction[6]      2 2.6ms
                                                                           wb_rdata[248]      3 2.6ms
                                            $auto$alumacc.cc:548:replace_alu$43745.Y[34]      3 2.6ms
                                    $techmap436551$abc$431868$lut$aiger431867$31937.A[3]      2 2.6ms
                                                 ddr3.ddr3_controller_inst.dqs_store[27]      3 2.6ms
                  $techmap438115$auto$abc_ops_reintegrate.cc:611:reintegrate$433280.A[1]      7 2.6ms
                  $techmap436040$auto$abc_ops_reintegrate.cc:611:reintegrate$433687.A[0]      6 2.6ms
                                    $techmap439627$abc$431868$lut$aiger431867$38604.A[3]     10 2.6ms
Info: Router2 time 17.53s
Info: Routing $PACKER_VCC_NET connections...
Info:     $PACKER_VCC_NET: 1884/1884 sinks bridged (0 holdouts; max BFS 33)
Info: Routing $PACKER_GND_NET connections...
Info:     $PACKER_GND_NET HOLDOUT: $auto$alumacc.cc:548:replace_alu$43575.genblk1.slice[1].genblk1.carry4$split$4635.DI0 (bel SLICE_X140Y195/CARRY4, wire SITEWIRE/SLICE_X140Y195/ACY0_OUT)
Info:     $PACKER_GND_NET: 1486/1487 sinks bridged (1 holdouts; max BFS 4631)
Info:     $auto$alumacc.cc:548:replace_alu$43575.genblk1.slice[1].genblk1.carry4$split$4635.DI0 (bel SLICE_X140Y195/CARRY4): CARRY4 DI with S=1 never selected, left unrouted
Info: Constant holdouts: 0 local constant LUT(s) added, 0 re-route pass(es), 1 don't-care CARRY4 DI pin(s) left unrouted
Info: Running post-routing legalisation...
Info:     BUFHCE pass-through CE: 8 tied to VCC, 0 already driven, 0 could not be reached

Info: Critical path report for clock 'clk_ctrl' (posedge -> posedge):
Info: curr total
Info:  0.1  0.1  Source $auto$ff.cc:337:slice$53487.Q
Info:  0.9  1.0    Net debug1[1] budget 0.000000 ns (214,114) -> (211,118)
Info:                Sink $abc$431868$lut$not$aiger431867$2439.A2
Info:  0.1  1.2  Source $abc$431868$lut$not$aiger431867$2439.O6
Info:  0.5  1.7    Net $abc$431868$aiger$o16 budget 0.000000 ns (211,118) -> (211,117)
Info:                Sink $abc$431868$aiger$o16$LUT$6.A3
Info:  0.1  1.8  Source $abc$431868$aiger$o16$LUT$6.O6
Info:  0.0  1.8    Net $abc$431868$aiger$o16$legal$5 budget 0.155000 ns (211,117) -> (211,117)
Info:                Sink $auto$alumacc.cc:548:replace_alu$43503.genblk1.slice[0].genblk1.carry4$split$4587.S1
Info:  0.5  2.3  Source $auto$alumacc.cc:548:replace_alu$43503.genblk1.slice[0].genblk1.carry4$split$4587.CO1
Info:  1.1  3.4    Net $techmap437311$abc$431868$lut$aiger431867$13427.A[1] budget 0.000000 ns (211,117) -> (211,128)
Info:                Sink $abc$431868$lut$aiger431867$13427.A3
Info:  0.1  3.6  Source $abc$431868$lut$aiger431867$13427.O6
Info:  0.3  3.9    Net $techmap438086$auto$abc_ops_reintegrate.cc:611:reintegrate$433283.A[2] budget 0.000000 ns (211,128) -> (211,128)
Info:                Sink $abc$431868$lut$aiger431867$13780.A3
Info:  0.1  4.0  Source $abc$431868$lut$aiger431867$13780.O6
Info:  1.6  5.6    Net $techmap437316$abc$431868$lut$aiger431867$13785.A[1] budget 0.000000 ns (211,128) -> (214,107)
Info:                Sink $abc$431868$lut$aiger431867$13785.A1
Info:  0.1  5.7  Source $abc$431868$lut$aiger431867$13785.O6
Info:  1.8  7.5    Net $techmap437317$auto$abc_ops_reintegrate.cc:611:reintegrate$433431.A[3] budget 0.000000 ns (214,107) -> (214,85)
Info:                Sink $abc$431868$lut$aiger431867$16539.A2
Info:  0.1  7.6  Source $abc$431868$lut$aiger431867$16539.O6
Info:  0.6  8.2    Net $techmap437809$auto$abc_ops_reintegrate.cc:611:reintegrate$433417.A[1] budget 0.000000 ns (214,85) -> (220,86)
Info:                Sink $abc$431868$lut$aiger431867$41329.A2
Info:  0.1  8.3  Source $abc$431868$lut$aiger431867$41329.O6
Info:  1.6  9.9    Net $techmap440028$auto$abc_ops_reintegrate.cc:611:reintegrate$432765.A[2] budget 0.000000 ns (220,86) -> (214,68)
Info:                Sink $abc$431868$lut$aiger431867$55202.A4
Info:  0.1 10.0  Source $abc$431868$lut$aiger431867$55202.O6
Info:  1.3 11.4    Net $techmap443539$abc$431868$lut$aiger$o15961.A[0] budget 0.000000 ns (214,68) -> (214,85)
Info:                Sink $abc$431868$lut$aiger$o15961.A2
Info:  0.1 11.5  Source $abc$431868$lut$aiger$o15961.O6
Info:  0.0 11.5    Net $abc$431868$flatten\ddr3.\ddr3_controller_inst.$2$lookahead\calib_data$13276[255:0]$13631[216] budget 0.037000 ns (214,85) -> (214,85)
Info:                Sink $auto$ff.cc:337:slice$53103.D
Info:  0.1 11.6  Setup $auto$ff.cc:337:slice$53103.D
Info: 1.8 ns logic, 9.8 ns routing

Info: Max frequency for clock 'clk_ctrl': 86.16 MHz (PASS at 83.33 MHz)

Info: Slack histogram:
Info:  legend: * represents 21 endpoint(s)
Info:          + represents [1,21) endpoint(s)
Info: [   394,    957) |+
Info: [   957,   1520) |*+
Info: [  1520,   2083) |****+
Info: [  2083,   2646) |*********+
Info: [  2646,   3209) |****************+
Info: [  3209,   3772) |****************+
Info: [  3772,   4335) |**************************+
Info: [  4335,   4898) |******************************+
Info: [  4898,   5461) |*****************************+
Info: [  5461,   6024) |*******************************+
Info: [  6024,   6587) |******************************************+
Info: [  6587,   7150) |***************************************************+
Info: [  7150,   7713) |*****************************************************+
Info: [  7713,   8276) |************************************************************ 
Info: [  8276,   8839) |***********************************************************+
Info: [  8839,   9402) |***********************************************************+
Info: [  9402,   9965) |*****************************************+
Info: [  9965,  10528) |********************************+
Info: [ 10528,  11091) |*********************************+
Info: [ 11091,  11654) |******************+

