Info: Propagating clock constraints...
Info:     derived 200.0 MHz for net 'clk200_in' (through IBUFDS 'clk200_ibufds')
Info:     PLLE2_ADV 'pll': input 200.0 MHz, VCO 1000.0 MHz
Info:     derived 83.3 MHz for net 'ctrl_raw' (through PLLE2_ADV 'pll')
Info:     derived 333.3 MHz for net 'ddr_raw' (through PLLE2_ADV 'pll')
Info:     derived 200.0 MHz for net 'ref_raw' (through PLLE2_ADV 'pll')
Info:     derived 333.3 MHz for net 'ddr90_raw' (through PLLE2_ADV 'pll')
Info:     derived 1000.0 MHz for net 'pll_fb' (through PLLE2_ADV 'pll')
Info:     PLLE2_ADV 'pll': input 200.0 MHz, VCO 1000.0 MHz
Info: Packing constants..
Info: Inserting IO buffers..
Info:     IO port 'clk200_n' driven by IBUFDS 'clk200_ibufds'
Info:     IO port 'clk200_p' driven by IBUFDS 'clk200_ibufds'
Info:     IO port 'ddr3_cas_n' driven by OBUF '$iopadmap$tms_ddr3_ax7203.ddr3_cas_n'
Info:     IO port 'ddr3_ck_n' driven by OBUFDS 'ddr3.ddr3_phy_inst.genblk4.genblk1.OBUFDS_inst'
Info:     IO port 'ddr3_ck_p' driven by OBUFDS 'ddr3.ddr3_phy_inst.genblk4.genblk1.OBUFDS_inst'
Info:     IO port 'ddr3_cke' driven by OBUF '$iopadmap$tms_ddr3_ax7203.ddr3_cke'
Info:     IO port 'ddr3_cs_n' driven by OBUF '$iopadmap$tms_ddr3_ax7203.ddr3_cs_n'
Info:     IO port 'ddr3_odt' driven by OBUF '$iopadmap$tms_ddr3_ax7203.ddr3_odt'
Info:     IO port 'ddr3_ras_n' driven by OBUF '$iopadmap$tms_ddr3_ax7203.ddr3_ras_n'
Info:     IO port 'ddr3_reset_n' driven by OBUF '$iopadmap$tms_ddr3_ax7203.ddr3_reset_n'
Info:     IO port 'ddr3_we_n' driven by OBUF '$iopadmap$tms_ddr3_ax7203.ddr3_we_n'
Info:     IO port 'rst_n' driven by IBUF '$iopadmap$tms_ddr3_ax7203.rst_n'
Info:     IO port 'uart_tx' driven by OBUF '$iopadmap$tms_ddr3_ax7203.uart_tx'
Info:     IO port 'ddr3_addr[0]' driven by OBUF '$iopadmap$tms_ddr3_ax7203.ddr3_addr'
Info:     IO port 'ddr3_addr[1]' driven by OBUF '$iopadmap$tms_ddr3_ax7203.ddr3_addr_1'
Info:     IO port 'ddr3_addr[10]' driven by OBUF '$iopadmap$tms_ddr3_ax7203.ddr3_addr_10'
Info:     IO port 'ddr3_addr[11]' driven by OBUF '$iopadmap$tms_ddr3_ax7203.ddr3_addr_11'
Info:     IO port 'ddr3_addr[12]' driven by OBUF '$iopadmap$tms_ddr3_ax7203.ddr3_addr_12'
Info:     IO port 'ddr3_addr[13]' driven by OBUF '$iopadmap$tms_ddr3_ax7203.ddr3_addr_13'
Info:     IO port 'ddr3_addr[14]' driven by OBUF '$iopadmap$tms_ddr3_ax7203.ddr3_addr_14'
Info:     IO port 'ddr3_addr[2]' driven by OBUF '$iopadmap$tms_ddr3_ax7203.ddr3_addr_2'
Info:     IO port 'ddr3_addr[3]' driven by OBUF '$iopadmap$tms_ddr3_ax7203.ddr3_addr_3'
Info:     IO port 'ddr3_addr[4]' driven by OBUF '$iopadmap$tms_ddr3_ax7203.ddr3_addr_4'
Info:     IO port 'ddr3_addr[5]' driven by OBUF '$iopadmap$tms_ddr3_ax7203.ddr3_addr_5'
Info:     IO port 'ddr3_addr[6]' driven by OBUF '$iopadmap$tms_ddr3_ax7203.ddr3_addr_6'
Info:     IO port 'ddr3_addr[7]' driven by OBUF '$iopadmap$tms_ddr3_ax7203.ddr3_addr_7'
Info:     IO port 'ddr3_addr[8]' driven by OBUF '$iopadmap$tms_ddr3_ax7203.ddr3_addr_8'
Info:     IO port 'ddr3_addr[9]' driven by OBUF '$iopadmap$tms_ddr3_ax7203.ddr3_addr_9'
Info:     IO port 'ddr3_ba[0]' driven by OBUF '$iopadmap$tms_ddr3_ax7203.ddr3_ba'
Info:     IO port 'ddr3_ba[1]' driven by OBUF '$iopadmap$tms_ddr3_ax7203.ddr3_ba_1'
Info:     IO port 'ddr3_ba[2]' driven by OBUF '$iopadmap$tms_ddr3_ax7203.ddr3_ba_2'
Info:     IO port 'led[0]' driven by OBUF '$iopadmap$tms_ddr3_ax7203.led'
Info:     IO port 'led[1]' driven by OBUF '$iopadmap$tms_ddr3_ax7203.led_1'
Info:     IO port 'led[2]' driven by OBUF '$iopadmap$tms_ddr3_ax7203.led_2'
Info:     IO port 'led[3]' driven by OBUF '$iopadmap$tms_ddr3_ax7203.led_3'
Info:     IO port 'ddr3_dq[0]' driven by IOBUF 'ddr3.ddr3_phy_inst.genblk5[0].genblk1.IOBUF_data'
Info:     IO port 'ddr3_dq[10]' driven by IOBUF 'ddr3.ddr3_phy_inst.genblk5[10].genblk1.IOBUF_data'
Info:     IO port 'ddr3_dq[11]' driven by IOBUF 'ddr3.ddr3_phy_inst.genblk5[11].genblk1.IOBUF_data'
Info:     IO port 'ddr3_dq[12]' driven by IOBUF 'ddr3.ddr3_phy_inst.genblk5[12].genblk1.IOBUF_data'
Info:     IO port 'ddr3_dq[13]' driven by IOBUF 'ddr3.ddr3_phy_inst.genblk5[13].genblk1.IOBUF_data'
Info:     IO port 'ddr3_dq[14]' driven by IOBUF 'ddr3.ddr3_phy_inst.genblk5[14].genblk1.IOBUF_data'
Info:     IO port 'ddr3_dq[15]' driven by IOBUF 'ddr3.ddr3_phy_inst.genblk5[15].genblk1.IOBUF_data'
Info:     IO port 'ddr3_dq[1]' driven by IOBUF 'ddr3.ddr3_phy_inst.genblk5[1].genblk1.IOBUF_data'
Info:     IO port 'ddr3_dq[2]' driven by IOBUF 'ddr3.ddr3_phy_inst.genblk5[2].genblk1.IOBUF_data'
Info:     IO port 'ddr3_dq[3]' driven by IOBUF 'ddr3.ddr3_phy_inst.genblk5[3].genblk1.IOBUF_data'
Info:     IO port 'ddr3_dq[4]' driven by IOBUF 'ddr3.ddr3_phy_inst.genblk5[4].genblk1.IOBUF_data'
Info:     IO port 'ddr3_dq[5]' driven by IOBUF 'ddr3.ddr3_phy_inst.genblk5[5].genblk1.IOBUF_data'
Info:     IO port 'ddr3_dq[6]' driven by IOBUF 'ddr3.ddr3_phy_inst.genblk5[6].genblk1.IOBUF_data'
Info:     IO port 'ddr3_dq[7]' driven by IOBUF 'ddr3.ddr3_phy_inst.genblk5[7].genblk1.IOBUF_data'
Info:     IO port 'ddr3_dq[8]' driven by IOBUF 'ddr3.ddr3_phy_inst.genblk5[8].genblk1.IOBUF_data'
Info:     IO port 'ddr3_dq[9]' driven by IOBUF 'ddr3.ddr3_phy_inst.genblk5[9].genblk1.IOBUF_data'
Info:     IO port 'ddr3_dm[0]' driven by OBUF 'ddr3.ddr3_phy_inst.genblk6[0].genblk1.OBUF_dm'
Info:     IO port 'ddr3_dm[1]' driven by OBUF 'ddr3.ddr3_phy_inst.genblk6[1].genblk1.OBUF_dm'
Info:     IO port 'ddr3_dqs_p[0]' driven by IOBUFDS 'ddr3.ddr3_phy_inst.genblk7[0].genblk1.IOBUFDS_dqs'
Info:     IO port 'ddr3_dqs_n[0]' driven by IOBUFDS 'ddr3.ddr3_phy_inst.genblk7[0].genblk1.IOBUFDS_dqs'
Info:     IO port 'ddr3_dqs_p[1]' driven by IOBUFDS 'ddr3.ddr3_phy_inst.genblk7[1].genblk1.IOBUFDS_dqs'
Info:     IO port 'ddr3_dqs_n[1]' driven by IOBUFDS 'ddr3.ddr3_phy_inst.genblk7[1].genblk1.IOBUFDS_dqs'
Info:     Constraining 'clk200_n' to site 'IOB_X1Y123'
Info:     Tile 'RIOB33_X105Y123'
Info:     Constraining 'clk200_p' to site 'IOB_X1Y124'
Info:     Tile 'RIOB33_X105Y123'
Info:     Constraining 'ddr3_cas_n' to site 'IOB_X1Y125'
Info:     Tile 'RIOB33_X105Y125'
Info:     Constraining 'ddr3_ck_n' to site 'IOB_X1Y143'
Info:     Tile 'RIOB33_X105Y143'
Info:     Constraining 'ddr3_ck_p' to site 'IOB_X1Y144'
Info:     Tile 'RIOB33_X105Y143'
Info:     Constraining 'ddr3_cke' to site 'IOB_X1Y122'
Info:     Tile 'RIOB33_X105Y121'
Info:     Constraining 'ddr3_cs_n' to site 'IOB_X1Y134'
Info:     Tile 'RIOB33_X105Y133'
Info:     Constraining 'ddr3_odt' to site 'IOB_X1Y121'
Info:     Tile 'RIOB33_X105Y121'
Info:     Constraining 'ddr3_ras_n' to site 'IOB_X1Y126'
Info:     Tile 'RIOB33_X105Y125'
Info:     Constraining 'ddr3_reset_n' to site 'IOB_X1Y120'
Info:     Tile 'RIOB33_X105Y119'
Info:     Constraining 'ddr3_we_n' to site 'IOB_X1Y136'
Info:     Tile 'RIOB33_X105Y135'
Info:     Constraining 'rst_n' to site 'IOB_X1Y115'
Info:     Tile 'RIOB33_X105Y115'
Info:     Constraining 'uart_tx' to site 'IOB_X0Y100'
Info:     Tile 'LIOB33_SING_X0Y100'
Info:     Constraining 'ddr3_addr[0]' to site 'IOB_X1Y127'
Info:     Tile 'RIOB33_X105Y127'
Info:     Constraining 'ddr3_addr[1]' to site 'IOB_X1Y133'
Info:     Tile 'RIOB33_X105Y133'
Info:     Constraining 'ddr3_addr[10]' to site 'IOB_X1Y139'
Info:     Tile 'RIOB33_X105Y139'
Info:     Constraining 'ddr3_addr[11]' to site 'IOB_X1Y142'
Info:     Tile 'RIOB33_X105Y141'
Info:     Constraining 'ddr3_addr[12]' to site 'IOB_X1Y141'
Info:     Tile 'RIOB33_X105Y141'
Info:     Constraining 'ddr3_addr[13]' to site 'IOB_X1Y147'
Info:     Tile 'RIOB33_X105Y147'
Info:     Constraining 'ddr3_addr[14]' to site 'IOB_X1Y137'
Info:     Tile 'RIOB33_X105Y137'
Info:     Constraining 'ddr3_addr[2]' to site 'IOB_X1Y130'
Info:     Tile 'RIOB33_X105Y129'
Info:     Constraining 'ddr3_addr[3]' to site 'IOB_X1Y129'
Info:     Tile 'RIOB33_X105Y129'
Info:     Constraining 'ddr3_addr[4]' to site 'IOB_X1Y135'
Info:     Tile 'RIOB33_X105Y135'
Info:     Constraining 'ddr3_addr[5]' to site 'IOB_X1Y138'
Info:     Tile 'RIOB33_X105Y137'
Info:     Constraining 'ddr3_addr[6]' to site 'IOB_X1Y140'
Info:     Tile 'RIOB33_X105Y139'
Info:     Constraining 'ddr3_addr[7]' to site 'IOB_X1Y148'
Info:     Tile 'RIOB33_X105Y147'
Info:     Constraining 'ddr3_addr[8]' to site 'IOB_X1Y145'
Info:     Tile 'RIOB33_X105Y145'
Info:     Constraining 'ddr3_addr[9]' to site 'IOB_X1Y146'
Info:     Tile 'RIOB33_X105Y145'
Info:     Constraining 'ddr3_ba[0]' to site 'IOB_X1Y131'
Info:     Tile 'RIOB33_X105Y131'
Info:     Constraining 'ddr3_ba[1]' to site 'IOB_X1Y132'
Info:     Tile 'RIOB33_X105Y131'
Info:     Constraining 'ddr3_ba[2]' to site 'IOB_X1Y128'
Info:     Tile 'RIOB33_X105Y127'
Info:     Constraining 'led[0]' to site 'IOB_X0Y233'
Info:     Tile 'LIOB33_X0Y233'
Info:     Constraining 'led[1]' to site 'IOB_X0Y234'
Info:     Tile 'LIOB33_X0Y233'
Info:     Constraining 'led[2]' to site 'IOB_X0Y238'
Info:     Tile 'LIOB33_X0Y237'
Info:     Constraining 'led[3]' to site 'IOB_X0Y237'
Info:     Tile 'LIOB33_X0Y237'
Info:     Constraining 'ddr3_dq[0]' to site 'IOB_X1Y196'
Info:     Tile 'RIOB33_X105Y195'
Info:     Constraining 'ddr3_dq[10]' to site 'IOB_X1Y184'
Info:     Tile 'RIOB33_X105Y183'
Info:     Constraining 'ddr3_dq[11]' to site 'IOB_X1Y179'
Info:     Tile 'RIOB33_X105Y179'
Info:     Constraining 'ddr3_dq[12]' to site 'IOB_X1Y185'
Info:     Tile 'RIOB33_X105Y185'
Info:     Constraining 'ddr3_dq[13]' to site 'IOB_X1Y180'
Info:     Tile 'RIOB33_X105Y179'
Info:     Constraining 'ddr3_dq[14]' to site 'IOB_X1Y186'
Info:     Tile 'RIOB33_X105Y185'
Info:     Constraining 'ddr3_dq[15]' to site 'IOB_X1Y176'
Info:     Tile 'RIOB33_X105Y175'
Info:     Constraining 'ddr3_dq[1]' to site 'IOB_X1Y190'
Info:     Tile 'RIOB33_X105Y189'
Info:     Constraining 'ddr3_dq[2]' to site 'IOB_X1Y197'
Info:     Tile 'RIOB33_X105Y197'
Info:     Constraining 'ddr3_dq[3]' to site 'IOB_X1Y188'
Info:     Tile 'RIOB33_X105Y187'
Info:     Constraining 'ddr3_dq[4]' to site 'IOB_X1Y195'
Info:     Tile 'RIOB33_X105Y195'
Info:     Constraining 'ddr3_dq[5]' to site 'IOB_X1Y189'
Info:     Tile 'RIOB33_X105Y189'
Info:     Constraining 'ddr3_dq[6]' to site 'IOB_X1Y198'
Info:     Tile 'RIOB33_X105Y197'
Info:     Constraining 'ddr3_dq[7]' to site 'IOB_X1Y192'
Info:     Tile 'RIOB33_X105Y191'
Info:     Constraining 'ddr3_dq[8]' to site 'IOB_X1Y178'
Info:     Tile 'RIOB33_X105Y177'
Info:     Constraining 'ddr3_dq[9]' to site 'IOB_X1Y177'
Info:     Tile 'RIOB33_X105Y177'
Info:     Constraining 'ddr3_dm[0]' to site 'IOB_X1Y191'
Info:     Tile 'RIOB33_X105Y191'
Info:     Constraining 'ddr3_dm[1]' to site 'IOB_X1Y183'
Info:     Tile 'RIOB33_X105Y183'
Info:     Constraining 'ddr3_dqs_p[0]' to site 'IOB_X1Y194'
Info:     Tile 'RIOB33_X105Y193'
Info:     Constraining 'ddr3_dqs_n[0]' to site 'IOB_X1Y193'
Info:     Tile 'RIOB33_X105Y193'
Info:     Constraining 'ddr3_dqs_p[1]' to site 'IOB_X1Y182'
Info:     Tile 'RIOB33_X105Y181'
Info:     Constraining 'ddr3_dqs_n[1]' to site 'IOB_X1Y181'
Info:     Tile 'RIOB33_X105Y181'
Info: Generating output buffer for '$iopadmap$tms_ddr3_ax7203.ddr3_cas_n'
Info: Generating output buffer for '$iopadmap$tms_ddr3_ax7203.ddr3_cke'
Info: Generating output buffer for '$iopadmap$tms_ddr3_ax7203.ddr3_cs_n'
Info: Generating output buffer for '$iopadmap$tms_ddr3_ax7203.ddr3_odt'
Info: Generating output buffer for '$iopadmap$tms_ddr3_ax7203.ddr3_ras_n'
Info: Generating output buffer for '$iopadmap$tms_ddr3_ax7203.ddr3_reset_n'
Info: Generating output buffer for '$iopadmap$tms_ddr3_ax7203.ddr3_we_n'
Info: Generating input buffer for '$iopadmap$tms_ddr3_ax7203.rst_n'
Info: Generating output buffer for '$iopadmap$tms_ddr3_ax7203.uart_tx'
Info: Generating output buffer for '$iopadmap$tms_ddr3_ax7203.ddr3_addr'
Info: Generating output buffer for '$iopadmap$tms_ddr3_ax7203.ddr3_addr_1'
Info: Generating output buffer for '$iopadmap$tms_ddr3_ax7203.ddr3_addr_10'
Info: Generating output buffer for '$iopadmap$tms_ddr3_ax7203.ddr3_addr_11'
Info: Generating output buffer for '$iopadmap$tms_ddr3_ax7203.ddr3_addr_12'
Info: Generating output buffer for '$iopadmap$tms_ddr3_ax7203.ddr3_addr_13'
Info: Generating output buffer for '$iopadmap$tms_ddr3_ax7203.ddr3_addr_14'
Info: Generating output buffer for '$iopadmap$tms_ddr3_ax7203.ddr3_addr_2'
Info: Generating output buffer for '$iopadmap$tms_ddr3_ax7203.ddr3_addr_3'
Info: Generating output buffer for '$iopadmap$tms_ddr3_ax7203.ddr3_addr_4'
Info: Generating output buffer for '$iopadmap$tms_ddr3_ax7203.ddr3_addr_5'
Info: Generating output buffer for '$iopadmap$tms_ddr3_ax7203.ddr3_addr_6'
Info: Generating output buffer for '$iopadmap$tms_ddr3_ax7203.ddr3_addr_7'
Info: Generating output buffer for '$iopadmap$tms_ddr3_ax7203.ddr3_addr_8'
Info: Generating output buffer for '$iopadmap$tms_ddr3_ax7203.ddr3_addr_9'
Info: Generating output buffer for '$iopadmap$tms_ddr3_ax7203.ddr3_ba'
Info: Generating output buffer for '$iopadmap$tms_ddr3_ax7203.ddr3_ba_1'
Info: Generating output buffer for '$iopadmap$tms_ddr3_ax7203.ddr3_ba_2'
Info: Generating output buffer for '$iopadmap$tms_ddr3_ax7203.led'
Info: Generating output buffer for '$iopadmap$tms_ddr3_ax7203.led_1'
Info: Generating output buffer for '$iopadmap$tms_ddr3_ax7203.led_2'
Info: Generating output buffer for '$iopadmap$tms_ddr3_ax7203.led_3'
Info: Generating input buffer for 'ddr3.ddr3_phy_inst.genblk5[0].genblk1.IOBUF_data'
Info: Generating output buffer for 'ddr3.ddr3_phy_inst.genblk5[0].genblk1.IOBUF_data'
Info: Generating input buffer for 'ddr3.ddr3_phy_inst.genblk5[10].genblk1.IOBUF_data'
Info: Generating output buffer for 'ddr3.ddr3_phy_inst.genblk5[10].genblk1.IOBUF_data'
Info: Generating input buffer for 'ddr3.ddr3_phy_inst.genblk5[11].genblk1.IOBUF_data'
Info: Generating output buffer for 'ddr3.ddr3_phy_inst.genblk5[11].genblk1.IOBUF_data'
Info: Generating input buffer for 'ddr3.ddr3_phy_inst.genblk5[12].genblk1.IOBUF_data'
Info: Generating output buffer for 'ddr3.ddr3_phy_inst.genblk5[12].genblk1.IOBUF_data'
Info: Generating input buffer for 'ddr3.ddr3_phy_inst.genblk5[13].genblk1.IOBUF_data'
Info: Generating output buffer for 'ddr3.ddr3_phy_inst.genblk5[13].genblk1.IOBUF_data'
Info: Generating input buffer for 'ddr3.ddr3_phy_inst.genblk5[14].genblk1.IOBUF_data'
Info: Generating output buffer for 'ddr3.ddr3_phy_inst.genblk5[14].genblk1.IOBUF_data'
Info: Generating input buffer for 'ddr3.ddr3_phy_inst.genblk5[15].genblk1.IOBUF_data'
Info: Generating output buffer for 'ddr3.ddr3_phy_inst.genblk5[15].genblk1.IOBUF_data'
Info: Generating input buffer for 'ddr3.ddr3_phy_inst.genblk5[1].genblk1.IOBUF_data'
Info: Generating output buffer for 'ddr3.ddr3_phy_inst.genblk5[1].genblk1.IOBUF_data'
Info: Generating input buffer for 'ddr3.ddr3_phy_inst.genblk5[2].genblk1.IOBUF_data'
Info: Generating output buffer for 'ddr3.ddr3_phy_inst.genblk5[2].genblk1.IOBUF_data'
Info: Generating input buffer for 'ddr3.ddr3_phy_inst.genblk5[3].genblk1.IOBUF_data'
Info: Generating output buffer for 'ddr3.ddr3_phy_inst.genblk5[3].genblk1.IOBUF_data'
Info: Generating input buffer for 'ddr3.ddr3_phy_inst.genblk5[4].genblk1.IOBUF_data'
Info: Generating output buffer for 'ddr3.ddr3_phy_inst.genblk5[4].genblk1.IOBUF_data'
Info: Generating input buffer for 'ddr3.ddr3_phy_inst.genblk5[5].genblk1.IOBUF_data'
Info: Generating output buffer for 'ddr3.ddr3_phy_inst.genblk5[5].genblk1.IOBUF_data'
Info: Generating input buffer for 'ddr3.ddr3_phy_inst.genblk5[6].genblk1.IOBUF_data'
Info: Generating output buffer for 'ddr3.ddr3_phy_inst.genblk5[6].genblk1.IOBUF_data'
Info: Generating input buffer for 'ddr3.ddr3_phy_inst.genblk5[7].genblk1.IOBUF_data'
Info: Generating output buffer for 'ddr3.ddr3_phy_inst.genblk5[7].genblk1.IOBUF_data'
Info: Generating input buffer for 'ddr3.ddr3_phy_inst.genblk5[8].genblk1.IOBUF_data'
Info: Generating output buffer for 'ddr3.ddr3_phy_inst.genblk5[8].genblk1.IOBUF_data'
Info: Generating input buffer for 'ddr3.ddr3_phy_inst.genblk5[9].genblk1.IOBUF_data'
Info: Generating output buffer for 'ddr3.ddr3_phy_inst.genblk5[9].genblk1.IOBUF_data'
Info: Generating output buffer for 'ddr3.ddr3_phy_inst.genblk6[0].genblk1.OBUF_dm'
Info: Generating output buffer for 'ddr3.ddr3_phy_inst.genblk6[1].genblk1.OBUF_dm'
Info:     Created 3 INVERTER cells from:
Info:              3x INV
Info:     Created 57 PAD cells from:
Info:             57x PAD
Info: Preparing clocking...
Info: Packing constants..
Info: Packing cfg...
Info: Packing PLLs...
Info:     Constrained PLLE2_ADV_PLLE2_ADV 'pll' to bel 'PLLE2_ADV_X1Y2/PLLE2_ADV' based on dedicated routing
Info:     PLL/MMCM: disconnected 28 const DRP/control pins (Vivado leaves them unrouted)
Info: Packing Gigabit Transceivers..
Info: Packing global buffers...
Info:     Constrained BUFGCTRL 'clk_ctrl_bufg' to bel 'BUFGCTRL_X0Y0/BUFGCTRL' based on dedicated routing
Info:     Constrained BUFGCTRL 'clk_ddr_90_bufg' to bel 'BUFGCTRL_X0Y1/BUFGCTRL' based on dedicated routing
Info:     Constrained BUFGCTRL 'clk_ddr_bufg' to bel 'BUFGCTRL_X0Y2/BUFGCTRL' based on dedicated routing
Info:     Constrained BUFGCTRL 'clk_ref_bufg' to bel 'BUFGCTRL_X0Y3/BUFGCTRL' based on dedicated routing
Info: Packing MUX[789]s..
Info: Packing carries (atomic CARRY4)..
Info:    Packed 153 CARRY4 cells into 55 chains (atomic).
Info: router2 PRECYINIT fix: 153 CARRY4 cells, 208 constant carry pins disconnected
Info:    Carry-O relocation: 20 sum(s) duplicated, 20 CARRY4 split(s), 0 bit(s) skipped (unrelocatable)
Info: Packing LUTs..
Info:     Created 5792 SLICE_LUTX cells from:
Info:           1348x LUT1
Info:            493x LUT2
Info:           1309x LUT3
Info:            677x LUT4
Info:           1529x LUT5
Info:            436x LUT6
Info: Packing DRAM..
Info:    Transformed 0 tied-low DRAM address inputs to be tied-high
Info: Packing BRAM..
Info: Packing DSPs..
Info: Packing flipflops..
Info:     Created 2622 SLICE_FFX cells from:
Info:            348x FDCE
Info:             15x FDPE
Info:           2234x FDRE
Info:             25x FDSE
Info:     local-const FF control: disconnected 78 SR(=GND) + 1406 CE(=VCC) pins from global nets
Info: Constrained 1623 LUTFF pairs.

Info: Annotating ports with timing budgets for target frequency 12.00 MHz
Info: Checksum: 0x67daa103

Info: Device utilisation:
Info: 	          SLICE_LUTX:  5792/269200     2%
Info: 	           SLICE_FFX:  2622/269200     0%
Info: 	              CARRY4:   173/33650     0%
Info: 	          PSEUDO_GND:     1/69165     0%
Info: 	          PSEUDO_VCC:     1/69165     0%
Info: 	               HARD0:     0/ 3960     0%
Info: 	            RAMB18E1:     0/  730     0%
Info: 	            FIFO18E1:     0/  365     0%
Info: 	        RAMBFIFO36E1:     0/  365     0%
Info: 	            RAMB36E1:     0/  365     0%
Info: 	             DSP48E1:     0/  740     0%
Info: 	                 PAD:    57/ 1062     5%
Info: 	       IOB33M_OUTBUF:     3/  240     1%
Info: 	       IOB33S_OUTBUF:     3/  240     1%
Info: 	        IOB33_OUTBUF:    48/  500     9%
Info: 	     IOB33M_INBUF_EN:     3/  240     1%
Info: 	     IOB33S_INBUF_EN:     0/  240     0%
Info: 	      IOB33_INBUF_EN:    17/  500     3%
Info: 	IOB33M_TERM_OVERRIDE:     0/  240     0%
Info: 	IOB33S_TERM_OVERRIDE:     0/  240     0%
Info: 	 IOB33_TERM_OVERRIDE:     0/  500     0%
Info: 	       PULL_OR_KEEP1:     0/  980     0%
Info: 	            IDELAYE2:    18/  500     3%
Info: 	        OLOGICE3_TFF:     0/  500     0%
Info: 	      OLOGICE3_OUTFF:     0/  500     0%
Info: 	       OLOGICE3_MISR:     0/  500     0%
Info: 	           OSERDESE2:    45/  500     9%
Info: 	        ILOGICE3_IFF:     0/  500     0%
Info: 	ILOGICE3_ZHOLD_DELAY:     0/  500     0%
Info: 	           ISERDESE2:    18/  500     3%
Info: 	                BUFR:     0/   40     0%
Info: 	               BUFIO:     0/   40     0%
Info: 	          IDELAYCTRL:     1/   10    10%
Info: 	            BUFGCTRL:     4/   32    12%
Info: 	            PCIE_2_1:     0/    1     0%
Info: 	               BSCAN:     0/    4     0%
Info: 	                BUFG:     0/   32     0%
Info: 	              BUFHCE:     0/  120     0%
Info: 	            DCIRESET:     0/    1     0%
Info: 	            DNA_PORT:     0/    1     0%
Info: 	           EFUSE_USR:     0/    1     0%
Info: 	           FRAME_ECC:     0/    1     0%
Info: 	       GTPE2_CHANNEL:     0/   16     0%
Info: 	        GTPE2_COMMON:     0/    4     0%
Info: 	         IBUFDS_GTE2:     0/    8     0%
Info: 	                ICAP:     0/    2     0%
Info: 	            INVERTER:     3/  240     1%
Info: 	          MMCME2_ADV:     0/   10     0%
Info: 	        OLOGICE2_TFF:     0/  500     0%
Info: 	      OLOGICE2_OUTFF:     0/  500     0%
Info: 	           PLLE2_ADV:     1/   10    10%
Info: 	           SELMUX2_1:     0/102950     0%
Info: 	             STARTUP:     0/    1     0%
Info: 	          USR_ACCESS:     0/    1     0%
Info: 	              BUFFER:     0/   82     0%
Info: 	        ILOGICE2_IFF:     0/  500     0%
Info: 	       OLOGICE2_MISR:     0/  500     0%

Info: HeAP congestion knobs: beta=0.400 spread_scale=2,1 alpha=0.080
Info: Placed 221 cells based on constraints.
Info: Creating initial analytic placement for 5434 cells, random placement wirelen = 2168775.
Info:     at initial placer iter 0, wirelen = 21500
Info:     at initial placer iter 1, wirelen = 19353
Info:     at initial placer iter 2, wirelen = 18942
Info:     at initial placer iter 3, wirelen = 18562
Info: Running main analytical placer.
Info:     at iteration #1, type ALL: wirelen solved = 18540, spread = 196007, legal = 197941; time = 0.12s
Info:     at iteration #2, type ALL: wirelen solved = 32548, spread = 137086, legal = 141211; time = 0.12s
Info:     at iteration #3, type ALL: wirelen solved = 41013, spread = 131022, legal = 134622; time = 0.12s
Info:     at iteration #4, type ALL: wirelen solved = 50787, spread = 123043, legal = 125228; time = 0.13s
Info:     at iteration #5, type ALL: wirelen solved = 56328, spread = 117446, legal = 119451; time = 0.10s
Info:     at iteration #6, type ALL: wirelen solved = 62357, spread = 112771, legal = 115137; time = 0.10s
Info:     at iteration #7, type ALL: wirelen solved = 68414, spread = 114120, legal = 115731; time = 0.10s
Info:     at iteration #8, type ALL: wirelen solved = 74751, spread = 110958, legal = 112198; time = 0.09s
Info:     at iteration #9, type ALL: wirelen solved = 79306, spread = 110155, legal = 112500; time = 0.09s
Info:     at iteration #10, type ALL: wirelen solved = 79730, spread = 118365, legal = 120209; time = 0.09s
Info:     at iteration #11, type ALL: wirelen solved = 89409, spread = 110161, legal = 112562; time = 0.10s
Info:     at iteration #12, type ALL: wirelen solved = 87245, spread = 117630, legal = 120698; time = 0.11s
Info:     at iteration #13, type ALL: wirelen solved = 93979, spread = 124873, legal = 126831; time = 0.11s
Info: HeAP Placer Time: 2.26s
Info:   of which solving equations: 1.20s
Info:   of which spreading cells: 0.23s
Info:   of which strict legalisation: 0.26s

Info: Running simulated annealing placer for refinement.
Info:   at iteration #1: temp = 0.000000, timing cost = 457, wirelen = 112198
Info:   at iteration #5: temp = 0.000000, timing cost = 641, wirelen = 103726
Info:   at iteration #10: temp = 0.000000, timing cost = 636, wirelen = 103100
Info:   at iteration #12: temp = 0.000000, timing cost = 632, wirelen = 103084 
Info: SA placement time 1.97s

Info: Max frequency for clock 'clk_ctrl': 86.54 MHz (PASS at 83.33 MHz)

Info: Slack histogram:
Info:  legend: * represents 13 endpoint(s)
Info:          + represents [1,13) endpoint(s)
Info: [   445,   1007) |+
Info: [  1007,   1569) |+
Info: [  1569,   2131) |+
Info: [  2131,   2693) |*+
Info: [  2693,   3255) |****+
Info: [  3255,   3817) |***************+
Info: [  3817,   4379) |***********************+
Info: [  4379,   4941) |***************************+
Info: [  4941,   5503) |***************************+
Info: [  5503,   6065) |********************+
Info: [  6065,   6627) |***********************+
Info: [  6627,   7189) |********************************+
Info: [  7189,   7751) |*****************+
Info: [  7751,   8313) |***********************+
Info: [  8313,   8875) |******************************+
Info: [  8875,   9437) |********************************************************+
Info: [  9437,   9999) |************************************************************ 
Info: [  9999,  10561) |*****************************************+
Info: [ 10561,  11123) |**********************************+
Info: [ 11123,  11685) |**********************+
Info: Checksum: 0x27d10f44
Info: Running post-placement legalisation...
Info: post-place repair: relocated 2218 stranded cluster(s)/cell(s) to valid bels
Info: Routing global clocks...
Info:     routing clock 'clk_ddr'
Info:     routing clock 'clk_ctrl'
Info:     routing clock 'clk200_in'
Info:     routing clock 'ctrl_raw'
Info:     routing clock 'ddr90_raw'
Info:     routing clock 'clk_ddr_90'
Info:     routing clock 'ddr_raw'
Info:     routing clock 'ref_raw'
Info:     routing clock 'clk_ref'
Info: Running router2...
Info: Setting up routing resources...
Info: Adopted 2789 pre-routed arc(s)
Info: Running main router loop...
Info:     iter=1 wires=139774 overused=3672 overuse=3735 archfail=NA
Info:     iter=2 wires=142060 overused=7 overuse=7 archfail=NA
Info:     iter=3 wires=142061 overused=0 overuse=0 archfail=0
Info: 1000 slowest nets by runtime:
                                                                              ddr3.reset   2020 677.3ms
                                        ddr3.ddr3_controller_inst.data_start_index[0][2]    147 224.5ms
                                                                              pll_locked      2 201.2ms
                                                                                     rst    368 183.0ms
                                        ddr3.ddr3_controller_inst.data_start_index[1][4]    212 177.5ms
                  $techmap225179$auto$abc_ops_reintegrate.cc:611:reintegrate$224453.A[0]    175 176.9ms
                                     $abc$223652$auto$simple.cc:234:combine_resets$31713    156 170.0ms
                                                          ddr3.ddr3_controller_inst.lane    132 165.1ms
                                        ddr3.ddr3_controller_inst.data_start_index[1][3]    169 161.8ms
                                                 ddr3.ddr3_controller_inst.index_wb_data    129 154.9ms
                                        ddr3.ddr3_controller_inst.data_start_index[1][2]    147 150.9ms
                                        ddr3.ddr3_controller_inst.data_start_index[0][4]    208 150.1ms
                                                    ddr3.ddr3_controller_inst.late_dq[1]    206 143.9ms
                                                    ddr3.ddr3_controller_inst.late_dq[0]    203 138.9ms
                                        ddr3.ddr3_controller_inst.data_start_index[0][3]    170 138.3ms
                                $abc$223652$auto$simple.cc:210:make_patterns_logic$32123    144 132.8ms
                                        ddr3.ddr3_controller_inst.data_start_index[1][5]    128 126.8ms
                                         ddr3.ddr3_controller_inst.stage1_next_bank_d[1]     53 124.2ms
                  $techmap225317$auto$abc_ops_reintegrate.cc:611:reintegrate$224428.A[3]     83 124.0ms
                                        ddr3.ddr3_controller_inst.data_start_index[0][0]    108 118.8ms
                                        ddr3.ddr3_controller_inst.data_start_index[0][5]    101 118.4ms
                                        ddr3.ddr3_controller_inst.data_start_index[0][6]     97 116.8ms
                                $abc$223652$auto$simple.cc:210:make_patterns_logic$31908    129 116.6ms
                  $techmap226075$auto$abc_ops_reintegrate.cc:611:reintegrate$224223.A[0]     42 112.6ms
                                        ddr3.ddr3_controller_inst.data_start_index[1][1]    169 108.8ms
                                                 ddr3.ddr3_controller_inst.stage2_update    157 103.5ms
                                        ddr3.ddr3_controller_inst.data_start_index[1][6]    123 101.6ms
                  $techmap225310$auto$abc_ops_reintegrate.cc:611:reintegrate$224430.A[3]     82 100.9ms
                                        ddr3.ddr3_controller_inst.data_start_index[1][0]    108 100.4ms
                                        ddr3.ddr3_controller_inst.data_start_index[0][1]    168 95.4ms
                  $techmap226096$auto$abc_ops_reintegrate.cc:611:reintegrate$224215.A[0]     57 95.1ms
        $flatten\ddr3.\ddr3_controller_inst.$shiftx$build/uberddr3/rtl/ddr3_controller.v:2225$9885.Y     64 91.7ms
        $flatten\ddr3.\ddr3_controller_inst.$shiftx$build/uberddr3/rtl/ddr3_controller.v:2248$9889.Y     64 91.7ms
                                                                                 tx_busy     77 90.3ms
        $flatten\ddr3.\ddr3_controller_inst.$shiftx$build/uberddr3/rtl/ddr3_controller.v:2248$9897.Y     64 88.3ms
                                    $techmap225641$abc$223652$lut$aiger223651$14375.A[0]    109 88.1ms
                                                                            recalibrated      1 87.5ms
                  $techmap227485$auto$abc_ops_reintegrate.cc:611:reintegrate$223854.A[0]     94 79.9ms
                                    $techmap225632$abc$223652$lut$aiger223651$14365.A[0]    120 78.4ms
        $flatten\ddr3.\ddr3_controller_inst.$shiftx$build/uberddr3/rtl/ddr3_controller.v:2225$9893.Y     64 77.6ms
                                                                          calib_complete     14 74.3ms
                                          $techmap228322$abc$223652$lut$aiger$o3970.A[1]     68 72.3ms
                                                             ddr3.ddr3_phy_inst.sync_rst     64 70.4ms
                  $techmap227512$auto$abc_ops_reintegrate.cc:611:reintegrate$223832.A[1]     68 69.8ms
                                              ddr3.ddr3_controller_inst.write_pattern[0]     45 68.8ms
                  $techmap225658$auto$abc_ops_reintegrate.cc:611:reintegrate$224346.A[1]     70 67.5ms
                                              ddr3.ddr3_controller_inst.stage2_bank_d[0]     72 63.6ms
                                     $techmap225616$abc$223652$lut$aiger223651$8482.A[1]     44 63.3ms
                  $techmap226578$auto$abc_ops_reintegrate.cc:611:reintegrate$224097.A[0]     53 61.8ms
                                         ddr3.ddr3_controller_inst.stage1_next_bank_d[0]     49 61.2ms
                  $techmap225658$auto$abc_ops_reintegrate.cc:611:reintegrate$224346.A[0]    105 59.0ms
                                            ddr3.ddr3_controller_inst.dqs_start_index[1]     41 56.6ms
                                                ddr3.ddr3_controller_inst.stage1_bank[1]     48 56.4ms
                                              ddr3.ddr3_controller_inst.stage2_bank_d[1]     70 55.5ms
                  $techmap225606$auto$abc_ops_reintegrate.cc:611:reintegrate$224348.A[1]     62 55.5ms
                                            ddr3.ddr3_controller_inst.dqs_start_index[0]     45 52.6ms
                                          $techmap227483$abc$223652$lut$aiger$o2677.A[1]     45 52.2ms
                                          $techmap225416$abc$223652$lut$aiger$o2419.A[0]     57 52.0ms
                                                ddr3.ddr3_controller_inst.stage1_bank[0]     46 51.5ms
                                     $techmap225623$abc$223652$lut$aiger223651$8452.A[0]     45 45.2ms
                                                ddr3.ddr3_controller_inst.stage2_pending     27 40.2ms
                                                                                 uart.tx      1 34.8ms
                  $techmap226811$auto$abc_ops_reintegrate.cc:611:reintegrate$224061.A[0]     31 33.2ms
                  $techmap227176$auto$abc_ops_reintegrate.cc:611:reintegrate$223992.A[1]     30 31.7ms
                                          $techmap228635$abc$223652$lut$aiger$o2401.A[2]     53 30.5ms
                  $techmap227396$auto$abc_ops_reintegrate.cc:611:reintegrate$223917.A[4]     34 20.7ms
                                            $abc$223652$auto$rtlil.cc:3488:NotGate$78802     18 18.3ms
                                             $techmap224604$auto$ff.cc:337:slice$43091.D     39 17.3ms
                                                                               debug1[0]     38 16.7ms
                  $techmap225274$auto$abc_ops_reintegrate.cc:611:reintegrate$224437.A[4]     39 16.5ms
                                                          ddr3.idelay_data_cntvaluein[1]     20 16.4ms
                                            $abc$223652$auto$rtlil.cc:3488:NotGate$78676     17 16.3ms
                                              ddr3.ddr3_controller_inst.stage2_bank_d[2]     36 16.2ms
                                          ddr3.ddr3_controller_inst.unaligned_data[1][7]      2 15.5ms
                                                 ddr3.ddr3_controller_inst.stage2_row[7]     11 15.4ms
                  $techmap227229$auto$abc_ops_reintegrate.cc:611:reintegrate$223976.A[0]     26 15.0ms
                  $techmap225228$auto$abc_ops_reintegrate.cc:611:reintegrate$224442.A[1]     35 15.0ms
                                                                     ddr3.dq_tri_control     18 14.8ms
                                    $techmap226094$abc$223652$lut$aiger223651$17155.A[4]     32 14.3ms
                                        ddr3.ddr3_controller_inst.instruction_address[4]     25 14.2ms
                  $techmap226767$auto$abc_ops_reintegrate.cc:611:reintegrate$224064.A[1]     31 14.2ms
                  $techmap226479$auto$abc_ops_reintegrate.cc:611:reintegrate$224122.A[0]     37 13.8ms
                  $techmap227481$auto$abc_ops_reintegrate.cc:611:reintegrate$223855.A[0]     34 13.6ms
                  $techmap226715$auto$abc_ops_reintegrate.cc:611:reintegrate$224071.A[1]     18 13.6ms
                                    $techmap226073$abc$223652$lut$aiger223651$16940.A[4]     33 13.4ms
                                    ddr3.ddr3_controller_inst.stage2_data_unaligned[108]      7 13.2ms
                                                ddr3.ddr3_controller_inst.stage1_bank[2]     23 13.1ms
                                          $techmap224967$abc$223652$lut$aiger$o2483.A[2]     36 13.0ms
                  $techmap226767$auto$abc_ops_reintegrate.cc:611:reintegrate$224064.A[0]     27 12.7ms
                                                 ddr3.ddr3_controller_inst.stage2_row[1]     11 12.7ms
                                         ddr3.ddr3_controller_inst.stage1_next_bank_d[2]     18 12.6ms
                                            ddr3.ddr3_controller_inst.stage1_next_row[7]     11 12.6ms
                                $abc$223652$auto$simple.cc:210:make_patterns_logic$31936     28 12.5ms
                                     $techmap224990$abc$223652$lut$aiger223651$8687.A[3]     37 12.2ms
                                                          ddr3.idelay_data_cntvaluein[4]     20 12.0ms
        $abc$223652$flatten\ddr3.\ddr3_phy_inst.$logic_not$build/uberddr3/rtl/ddr3_phy.v:1126$8867_Y      4 11.8ms
                                $abc$223652$auto$simple.cc:210:make_patterns_logic$32163     32 11.7ms
                  $techmap227510$auto$abc_ops_reintegrate.cc:611:reintegrate$223833.A[2]     31 11.6ms
                  $techmap227510$auto$abc_ops_reintegrate.cc:611:reintegrate$223833.A[1]     37 11.5ms
                                       ddr3.ddr3_controller_inst.delay_counter_is_zero_d     30 11.5ms
                                        ddr3.ddr3_controller_inst.instruction_address[2]     23 11.2ms
                                          ddr3.ddr3_controller_inst.start_index_check[5]     37 11.0ms
                  $techmap225098$auto$abc_ops_reintegrate.cc:611:reintegrate$223851.A[1]     29 10.9ms
                  $techmap227485$auto$abc_ops_reintegrate.cc:611:reintegrate$223854.A[2]     33 10.8ms
                                    $techmap224901$abc$223652$lut$aiger223651$10033.A[4]     23 10.7ms
                  $techmap225293$auto$abc_ops_reintegrate.cc:611:reintegrate$224432.A[4]     25 10.7ms
                  $techmap225130$auto$abc_ops_reintegrate.cc:611:reintegrate$223764.A[0]     17 10.6ms
                                                          ddr3.idelay_data_cntvaluein[3]     20 10.6ms
                                      ddr3.ddr3_controller_inst.write_by_byte_counter[0]     29 10.4ms
                                        ddr3.ddr3_controller_inst.instruction_address[0]     25 10.3ms
                                                                               debug1[4]     28 10.2ms
                  $techmap225107$auto$abc_ops_reintegrate.cc:611:reintegrate$223762.A[0]     17 10.1ms
                  $techmap225206$auto$abc_ops_reintegrate.cc:611:reintegrate$224450.A[1]     20 10.0ms
                                     $techmap224995$abc$223652$lut$aiger223651$8658.A[1]     19 10.0ms
                  $techmap226034$auto$abc_ops_reintegrate.cc:611:reintegrate$224234.A[2]     26 10.0ms
                                     $techmap225200$abc$223652$lut$aiger223651$5979.A[2]     22 10.0ms
                                            ddr3.ddr3_controller_inst.read_lane_data[35]      3 9.9ms
                                      ddr3.ddr3_controller_inst.write_by_byte_counter[1]     22 9.7ms
                                     $techmap225626$abc$223652$lut$aiger223651$8524.A[1]     21 9.6ms
                                $abc$223652$auto$simple.cc:193:make_patterns_logic$32350     16 9.6ms
                                    $techmap226843$abc$223652$lut$aiger223651$20200.A[1]     24 9.5ms
                                     $techmap224969$abc$223652$lut$aiger223651$4933.A[0]     20 9.5ms
                                        ddr3.ddr3_controller_inst.instruction_address[3]     27 9.4ms
                                $abc$223652$auto$simple.cc:193:make_patterns_logic$35218     10 9.4ms
                                          $techmap228185$abc$223652$lut$aiger$o2852.A[4]     29 9.3ms
                  $techmap226479$auto$abc_ops_reintegrate.cc:611:reintegrate$224122.A[1]     18 9.2ms
                                          $techmap229163$abc$223652$lut$aiger$o2517.A[3]     25 9.1ms
                                    ddr3.ddr3_controller_inst.stage2_data_unaligned[118]     12 9.1ms
                                      ddr3.ddr3_controller_inst.write_by_byte_counter[2]     29 9.0ms
                                                                               debug1[1]     28 8.9ms
                                          ddr3.ddr3_controller_inst.start_index_check[4]     38 8.8ms
                  $techmap224920$auto$abc_ops_reintegrate.cc:611:reintegrate$224507.A[0]     21 8.7ms
                                                          ddr3.idelay_data_cntvaluein[0]     21 8.5ms
                                          $techmap225019$abc$223652$lut$aiger$o3467.A[2]     19 8.4ms
                                                                         ddr3.bitslip[1]     18 8.3ms
                                                                               debug1[2]     27 8.3ms
                                     $techmap225115$abc$223652$lut$aiger223651$8760.A[3]     16 8.3ms
                                                 ddr3.ddr3_controller_inst.stage2_row[9]     11 8.3ms
                                     $abc$223652$auto$simple.cc:234:combine_resets$31761      8 8.2ms
                  $techmap227510$auto$abc_ops_reintegrate.cc:611:reintegrate$223833.A[4]     29 8.1ms
                                           ddr3.ddr3_controller_inst.stage1_next_row[13]     10 7.9ms
                                            ddr3.ddr3_controller_inst.stage1_next_row[3]     11 7.8ms
                  $techmap226122$auto$abc_ops_reintegrate.cc:611:reintegrate$224205.A[2]     19 7.8ms
                  $techmap227633$auto$abc_ops_reintegrate.cc:611:reintegrate$223814.A[3]     21 7.8ms
                                                                         ddr3.bitslip[0]     18 7.7ms
                                         ddr3.ddr3_controller_inst.delay_counter_is_zero     21 7.7ms
                                    ddr3.ddr3_controller_inst.stage2_data_unaligned[104]      8 7.7ms
                  $techmap225096$auto$abc_ops_reintegrate.cc:611:reintegrate$223759.A[1]     18 7.6ms
                                 ddr3.ddr3_controller_inst.check_test_address_counter[4]     13 7.5ms
                                     ddr3.ddr3_controller_inst.stage2_data_unaligned[89]      7 7.5ms
                                    $techmap225624$abc$223652$lut$aiger223651$14361.A[0]      9 7.5ms
                  $techmap225111$auto$abc_ops_reintegrate.cc:611:reintegrate$223761.A[0]     18 7.5ms
                                                                  ddr3.iserdes_data[101]      2 7.5ms
                                                                               heartbeat      2 7.4ms
                                     $techmap225127$abc$223652$lut$aiger223651$8777.A[3]     16 7.4ms
                                          $techmap228216$abc$223652$lut$aiger$o4237.A[1]     27 7.3ms
                                     $techmap225094$abc$223652$lut$aiger223651$8822.A[1]     18 7.3ms
                                    $techmap226766$abc$223652$lut$aiger223651$20162.A[1]     14 7.3ms
                                $abc$223652$auto$simple.cc:210:make_patterns_logic$31991      8 7.3ms
                                     ddr3.ddr3_controller_inst.stage2_data_unaligned[79]      6 7.3ms
                                                                            ddr3.cmd[73]     18 7.2ms
                  $techmap226356$auto$abc_ops_reintegrate.cc:611:reintegrate$224161.A[2]     20 7.2ms
                  $techmap225136$auto$abc_ops_reintegrate.cc:611:reintegrate$223763.A[0]     18 7.2ms
                                           ddr3.ddr3_controller_inst.stage1_next_row[11]     10 7.1ms
                                                ddr3.ddr3_controller_inst.stage2_row[13]     10 7.0ms
                  $techmap225222$auto$abc_ops_reintegrate.cc:611:reintegrate$224443.A[1]     21 7.0ms
                                      ddr3.ddr3_controller_inst.write_by_byte_counter[3]     24 7.0ms
                                                ddr3.ddr3_controller_inst.stage2_bank[1]     15 7.0ms
                                        ddr3.ddr3_controller_inst.instruction_address[1]     23 6.9ms
                                            ddr3.ddr3_controller_inst.stage1_next_row[6]     11 6.9ms
                                     $techmap225134$abc$223652$lut$aiger223651$8784.A[1]     18 6.9ms
                  $techmap225284$auto$abc_ops_reintegrate.cc:611:reintegrate$224434.A[2]      6 6.9ms
                                     $techmap225123$abc$223652$lut$aiger223651$8771.A[2]     16 6.8ms
                                     ddr3.ddr3_controller_inst.stage2_data_unaligned[96]      8 6.8ms
                  $techmap227421$auto$abc_ops_reintegrate.cc:611:reintegrate$223903.A[3]     14 6.8ms
                  $techmap225048$auto$abc_ops_reintegrate.cc:611:reintegrate$224472.A[3]     14 6.7ms
                                            ddr3.ddr3_controller_inst.dqs_start_index[2]     23 6.7ms
                                                                   ddr3.iserdes_data[36]      2 6.7ms
              $techmap32683$flatten\resetgen.$lt$build/t27/specs/rtl/fpga_reset.v:94$8.Y     33 6.6ms
                                     $techmap225105$abc$223652$lut$aiger223651$8801.A[3]     16 6.6ms
                  $techmap225089$auto$abc_ops_reintegrate.cc:611:reintegrate$223760.A[0]     19 6.6ms
                                                ddr3.ddr3_controller_inst.stage2_row[11]     10 6.5ms
                                            ddr3.ddr3_controller_inst.stage1_next_row[0]     11 6.5ms
                                     ddr3.ddr3_controller_inst.stage2_data_unaligned[73]      7 6.5ms
                                                 ddr3.ddr3_controller_inst.stage2_row[6]     11 6.5ms
                                                ddr3.ddr3_controller_inst.stage2_bank[0]     16 6.5ms
                  $techmap227131$auto$abc_ops_reintegrate.cc:611:reintegrate$224006.A[0]     15 6.4ms
                                                          ddr3.idelay_data_cntvaluein[2]     20 6.3ms
                                                                               debug1[3]     27 6.3ms
                  $techmap227314$auto$abc_ops_reintegrate.cc:611:reintegrate$223945.A[2]      9 6.3ms
                                          $techmap225417$abc$223652$lut$aiger$o3044.A[2]     32 6.3ms
                  $techmap225118$auto$abc_ops_reintegrate.cc:611:reintegrate$223766.A[0]     17 6.3ms
                                            ddr3.ddr3_controller_inst.stage1_next_row[4]     11 6.2ms
                  $techmap227510$auto$abc_ops_reintegrate.cc:611:reintegrate$223833.A[3]     31 6.2ms
                                                  ddr3.ddr3_controller_inst.prep_done[1]     17 6.2ms
                                     $techmap225110$abc$223652$lut$aiger223651$8809.A[3]     16 6.2ms
                                     ddr3.ddr3_controller_inst.stage2_data_unaligned[20]      6 6.0ms
                                    $techmap226447$abc$223652$lut$aiger223651$12743.A[5]     11 6.0ms
                                                 ddr3.ddr3_controller_inst.dqs_store[25]      4 6.0ms
                                    ddr3.ddr3_controller_inst.stage2_data_unaligned[126]     12 6.0ms
                                 ddr3.ddr3_controller_inst.check_test_address_counter[2]     10 5.8ms
                                $abc$223652$auto$simple.cc:210:make_patterns_logic$32104      5 5.8ms
                                                                                clk_ctrl   2703 5.8ms
                                    ddr3.ddr3_controller_inst.stage2_data_unaligned[120]      7 5.8ms
                                                 ddr3.ddr3_controller_inst.stage2_row[0]     11 5.8ms
                                            ddr3.ddr3_controller_inst.stage1_next_row[8]     11 5.8ms
                                                 ddr3.ddr3_controller_inst.stage2_row[8]     11 5.7ms
                                     $techmap225031$abc$223652$lut$aiger223651$8702.A[4]      7 5.7ms
                                            ddr3.ddr3_controller_inst.stage1_next_row[1]     11 5.7ms
                                 ddr3.ddr3_controller_inst.check_test_address_counter[6]     11 5.7ms
                  $techmap225305$auto$abc_ops_reintegrate.cc:611:reintegrate$224431.A[1]     20 5.6ms
                                    ddr3.ddr3_controller_inst.stage2_data_unaligned[112]      7 5.6ms
                                    $techmap226766$abc$223652$lut$aiger223651$20162.A[0]     15 5.6ms
                                            ddr3.ddr3_controller_inst.stage1_next_row[5]     11 5.6ms
                                     $techmap227632$abc$223652$lut$aiger223651$6659.A[0]     11 5.6ms
                  $techmap227647$auto$abc_ops_reintegrate.cc:611:reintegrate$223806.A[2]      5 5.6ms
                                    ddr3.ddr3_controller_inst.stage2_data_unaligned[125]      8 5.5ms
                                    ddr3.ddr3_controller_inst.stage2_data_unaligned[121]      7 5.5ms
                                 ddr3.ddr3_controller_inst.check_test_address_counter[7]     11 5.5ms
                                     $techmap224990$abc$223652$lut$aiger223651$8687.A[1]     19 5.5ms
                  $techmap225293$auto$abc_ops_reintegrate.cc:611:reintegrate$224432.A[2]     19 5.5ms
                                                    ddr3.ddr3_controller_inst.write_dq_d     15 5.5ms
                                     ddr3.ddr3_controller_inst.stage2_data_unaligned[71]      6 5.4ms
                                            ddr3.ddr3_controller_inst.stage1_next_row[2]     11 5.4ms
                                                ddr3.ddr3_controller_inst.stage2_bank[2]     19 5.4ms
                                     $techmap225254$abc$223652$lut$aiger223651$6083.A[4]      5 5.3ms
                                    ddr3.ddr3_controller_inst.stage2_data_unaligned[111]      7 5.3ms
                  $techmap225124$auto$abc_ops_reintegrate.cc:611:reintegrate$223765.A[0]     17 5.3ms
                                    ddr3.ddr3_controller_inst.stage2_data_unaligned[113]      7 5.2ms
                                    ddr3.ddr3_controller_inst.calib_data_randomized[103]     14 5.2ms
                  $techmap226687$auto$abc_ops_reintegrate.cc:611:reintegrate$224073.A[2]     15 5.1ms
                                    ddr3.ddr3_controller_inst.stage2_data_unaligned[110]      6 5.1ms
                                    $techmap225649$abc$223652$lut$aiger223651$14401.A[2]     10 5.1ms
                  $techmap227510$auto$abc_ops_reintegrate.cc:611:reintegrate$223833.A[5]     29 5.1ms
                  $techmap226347$auto$abc_ops_reintegrate.cc:611:reintegrate$224164.A[0]     13 5.0ms
                                     $techmap225639$abc$223652$lut$aiger223651$8459.A[1]     13 5.0ms
                  $techmap226578$auto$abc_ops_reintegrate.cc:611:reintegrate$224097.A[3]     17 4.9ms
                                     $techmap225044$abc$223652$lut$aiger223651$4624.A[3]     14 4.9ms
                                     ddr3.ddr3_controller_inst.stage2_data_unaligned[53]      5 4.9ms
                  $techmap225523$auto$abc_ops_reintegrate.cc:611:reintegrate$224372.A[3]     13 4.9ms
                                        ddr3.ddr3_controller_inst.stage2_dm_unaligned[1]      5 4.8ms
                                     ddr3.ddr3_controller_inst.stage2_data_unaligned[55]      6 4.8ms
                                     ddr3.ddr3_controller_inst.stage2_data_unaligned[24]      8 4.8ms
                                     $techmap225623$abc$223652$lut$aiger223651$8452.A[1]     16 4.8ms
                                    ddr3.ddr3_controller_inst.stage2_data_unaligned[105]      7 4.8ms
                                     $techmap225272$abc$223652$lut$aiger223651$4659.A[0]     16 4.7ms
                           $techmap225311$abc$223652$lut$aiger223651$12014.A[4]$sum$2153     11 4.7ms
                                            ddr3.ddr3_controller_inst.stage1_next_row[9]     11 4.7ms
                                     ddr3.ddr3_controller_inst.stage2_data_unaligned[59]      6 4.7ms
                                                 ddr3.ddr3_controller_inst.stage2_row[5]     11 4.7ms
                  $techmap226388$auto$abc_ops_reintegrate.cc:611:reintegrate$224149.A[2]      4 4.7ms
                                    ddr3.ddr3_controller_inst.stage2_data_unaligned[123]      6 4.6ms
                                    $techmap225941$abc$223652$lut$aiger223651$10912.A[0]      7 4.6ms
                                                 ddr3.ddr3_controller_inst.stage2_row[4]     11 4.5ms
                                    $techmap225632$abc$223652$lut$aiger223651$14365.A[2]      9 4.5ms
                                                                      ddr3.o_wb_data[71]      3 4.5ms
                                           ddr3.ddr3_controller_inst.stage1_next_row[14]     10 4.5ms
                  $techmap225156$auto$abc_ops_reintegrate.cc:611:reintegrate$223798.A[3]      8 4.5ms
                  $techmap225942$auto$abc_ops_reintegrate.cc:611:reintegrate$224263.A[2]     10 4.5ms
                                     $techmap225025$abc$223652$lut$aiger223651$8730.A[4]      7 4.4ms
                                $abc$223652$auto$simple.cc:210:make_patterns_logic$32246      6 4.4ms
                                      ddr3.ddr3_controller_inst.stage2_data_unaligned[1]      8 4.4ms
                                            ddr3.ddr3_controller_inst.dqs_start_index[3]     18 4.4ms
                                     ddr3.ddr3_controller_inst.stage2_data_unaligned[54]      5 4.4ms
                                     ddr3.ddr3_controller_inst.stage2_data_unaligned[30]      5 4.4ms
                                    $techmap225649$abc$223652$lut$aiger223651$14401.A[3]     11 4.3ms
                                     $techmap224986$abc$223652$lut$aiger223651$5161.A[1]      6 4.3ms
                                 ddr3.ddr3_controller_inst.check_test_address_counter[5]     12 4.3ms
                  $techmap224925$auto$abc_ops_reintegrate.cc:611:reintegrate$224506.A[0]      6 4.3ms
                                     $techmap225197$abc$223652$lut$aiger223651$5321.A[0]     12 4.3ms
                                                 ddr3.ddr3_controller_inst.dqs_store[36]      6 4.3ms
                                            ddr3.ddr3_controller_inst.read_lane_data[50]      4 4.3ms
                                 ddr3.ddr3_controller_inst.check_test_address_counter[3]     11 4.2ms
                  $techmap227011$auto$abc_ops_reintegrate.cc:611:reintegrate$224031.A[2]      7 4.2ms
                                         ddr3.ddr3_controller_inst.o_wb_ack_read_q[0][0]      4 4.2ms
                                     ddr3.ddr3_controller_inst.stage2_data_unaligned[95]      6 4.2ms
                                                                   ddr3.iserdes_data[72]      2 4.2ms
                                    $techmap225627$abc$223652$lut$aiger223651$14362.A[0]      7 4.2ms
                  $techmap226394$auto$abc_ops_reintegrate.cc:611:reintegrate$224148.A[2]      4 4.2ms
                  $techmap224971$auto$abc_ops_reintegrate.cc:611:reintegrate$224491.A[3]     18 4.2ms
                                                ddr3.ddr3_controller_inst.stage2_row[14]     10 4.2ms
                                   $techmap228213$abc$223652$lut$not$aiger223651$13867.A      6 4.2ms
                                         ddr3.ddr3_controller_inst.write_pattern_matches      8 4.1ms
                                    $auto$alumacc.cc:548:replace_alu$33901.Y[1]$sum$2189     13 4.1ms
                                 ddr3.ddr3_controller_inst.check_test_address_counter[1]      9 4.1ms
                                    ddr3.ddr3_controller_inst.calib_data_randomized[118]     10 4.1ms
                                    ddr3.ddr3_controller_inst.stage2_data_unaligned[119]     10 4.1ms
                                     ddr3.ddr3_controller_inst.stage2_data_unaligned[99]      6 4.1ms
                                    $techmap225865$abc$223652$lut$aiger223651$15776.A[2]      4 4.0ms
                                                           ddr3.idelay_dqs_cntvaluein[4]      5 4.0ms
                  $techmap226562$auto$abc_ops_reintegrate.cc:611:reintegrate$224101.A[2]      5 4.0ms
                  $techmap226640$auto$abc_ops_reintegrate.cc:611:reintegrate$224079.A[0]      9 4.0ms
                                    ddr3.ddr3_controller_inst.calib_data_randomized[101]     11 4.0ms
                                    ddr3.ddr3_controller_inst.stage2_data_unaligned[101]      6 4.0ms
                  $techmap225267$auto$abc_ops_reintegrate.cc:611:reintegrate$224440.A[1]     10 4.0ms
                                     ddr3.ddr3_controller_inst.stage2_data_unaligned[23]      6 3.9ms
                                     $techmap225648$abc$223652$lut$aiger223651$8454.A[0]     16 3.9ms
                                     $techmap226397$abc$223652$lut$aiger223651$8479.A[1]     12 3.9ms
                                      ddr3.ddr3_controller_inst.stage2_data_unaligned[0]      6 3.9ms
                  $techmap226877$auto$abc_ops_reintegrate.cc:611:reintegrate$224052.A[2]     13 3.9ms
                                    $techmap225511$abc$223652$lut$aiger223651$13588.A[1]      3 3.9ms
                                                   ddr3.ddr3_controller_inst.initial_dqs     14 3.8ms
                                      ddr3.ddr3_controller_inst.stage2_data_unaligned[9]     10 3.8ms
                                                ddr3.ddr3_controller_inst.calib_data[29]      1 3.8ms
                                    $techmap226445$abc$223652$lut$aiger223651$12757.A[4]      9 3.8ms
                                     $techmap225302$abc$223652$lut$aiger223651$6800.A[3]      2 3.8ms
                                                                   ddr3.iserdes_data[82]      2 3.8ms
                  $techmap226546$auto$abc_ops_reintegrate.cc:611:reintegrate$224104.A[2]      3 3.8ms
                                     ddr3.ddr3_controller_inst.stage2_data_unaligned[35]      6 3.8ms
                                     ddr3.ddr3_controller_inst.stage2_data_unaligned[12]      8 3.8ms
                                              ddr3.ddr3_controller_inst.o_wb_stall_int_q      6 3.7ms
                                 ddr3.ddr3_controller_inst.check_test_address_counter[0]     12 3.7ms
                                     ddr3.ddr3_controller_inst.stage2_data_unaligned[63]      6 3.7ms
                                                                   ddr3.iserdes_data[78]      2 3.7ms
                                     $techmap225183$abc$223652$lut$aiger223651$5634.A[3]     10 3.6ms
                                     ddr3.ddr3_controller_inst.stage2_data_unaligned[44]      6 3.6ms
                                     ddr3.ddr3_controller_inst.stage2_data_unaligned[78]      5 3.6ms
                                    ddr3.ddr3_controller_inst.stage2_data_unaligned[127]      9 3.6ms
                                            ddr3.ddr3_controller_inst.dqs_start_index[4]      8 3.6ms
                                                 ddr3.ddr3_controller_inst.dqs_store[26]      3 3.6ms
                                    $techmap225912$abc$223652$lut$aiger223651$15952.A[2]      3 3.6ms
                                     ddr3.ddr3_controller_inst.stage2_data_unaligned[43]      6 3.6ms
                                                 ddr3.ddr3_controller_inst.dqs_store[15]      5 3.6ms
                                $abc$223652$auto$simple.cc:210:make_patterns_logic$32006      6 3.5ms
                                     $techmap225651$abc$223652$lut$aiger223651$8505.A[1]     11 3.5ms
                  $techmap224906$auto$abc_ops_reintegrate.cc:611:reintegrate$224510.A[5]     11 3.5ms
                                     ddr3.ddr3_controller_inst.stage2_data_unaligned[56]      8 3.5ms
                                     ddr3.ddr3_controller_inst.stage2_data_unaligned[25]      7 3.5ms
                                     ddr3.ddr3_controller_inst.stage2_data_unaligned[72]      8 3.5ms
                                                ddr3.ddr3_controller_inst.calib_addr[13]      2 3.5ms
                                                 ddr3.ddr3_controller_inst.dqs_store[37]      6 3.5ms
                                    ddr3.ddr3_controller_inst.calib_data_randomized[123]      9 3.5ms
                                     ddr3.ddr3_controller_inst.stage2_data_unaligned[64]      8 3.5ms
                                                                  ddr3.idelay_data_ld[0]     10 3.5ms
                                                 ddr3.ddr3_controller_inst.calib_addr[3]      2 3.4ms
                  $techmap225069$auto$abc_ops_reintegrate.cc:611:reintegrate$224464.A[2]      7 3.4ms
                                                 ddr3.ddr3_controller_inst.stage2_row[2]     11 3.4ms
                  $techmap225081$auto$abc_ops_reintegrate.cc:611:reintegrate$224458.A[1]      3 3.4ms
                                     ddr3.ddr3_controller_inst.stage2_data_unaligned[49]      7 3.4ms
                                        ddr3.ddr3_controller_inst.write_pattern_lane[63]      2 3.4ms
                                                                   ddr3.iserdes_data[27]      2 3.4ms
                  $techmap226619$auto$abc_ops_reintegrate.cc:611:reintegrate$224084.A[1]     10 3.4ms
                  $techmap224971$auto$abc_ops_reintegrate.cc:611:reintegrate$224491.A[2]     18 3.4ms
                                    ddr3.ddr3_controller_inst.stage2_data_unaligned[107]      6 3.4ms
                  $techmap225825$auto$abc_ops_reintegrate.cc:611:reintegrate$224303.A[2]      4 3.4ms
                                    ddr3.ddr3_controller_inst.stage2_data_unaligned[116]      7 3.4ms
                                     ddr3.ddr3_controller_inst.stage2_data_unaligned[41]      7 3.4ms
                                           ddr3.ddr3_controller_inst.stage1_next_row[10]     10 3.4ms
                  $techmap226341$auto$abc_ops_reintegrate.cc:611:reintegrate$224166.A[2]      4 3.4ms
                                     $techmap225615$abc$223652$lut$aiger223651$8456.A[0]      7 3.4ms
                                     $techmap226398$abc$223652$lut$aiger223651$8516.A[4]     12 3.3ms
                                                 ddr3.ddr3_controller_inst.dqs_store[27]      3 3.3ms
                  $techmap225523$auto$abc_ops_reintegrate.cc:611:reintegrate$224372.A[0]      9 3.3ms
                                     ddr3.ddr3_controller_inst.stage2_data_unaligned[80]      8 3.3ms
                  $techmap226877$auto$abc_ops_reintegrate.cc:611:reintegrate$224052.A[5]      6 3.3ms
                  $techmap224920$auto$abc_ops_reintegrate.cc:611:reintegrate$224507.A[4]      7 3.3ms
                                                 ddr3.ddr3_controller_inst.dqs_store[16]      5 3.3ms
                                                                  ddr3.iserdes_data[115]      2 3.3ms
                                    ddr3.ddr3_controller_inst.calib_data_randomized[105]      9 3.3ms
                                     ddr3.ddr3_controller_inst.stage2_data_unaligned[18]      5 3.3ms
                                                                    ddr3.iserdes_data[7]      2 3.2ms
                                     ddr3.ddr3_controller_inst.stage2_data_unaligned[86]      5 3.2ms
                                     ddr3.ddr3_controller_inst.stage2_data_unaligned[39]      6 3.2ms
                                     ddr3.ddr3_controller_inst.stage2_data_unaligned[16]      8 3.2ms
                                   ddr3.ddr3_controller_inst.stage2_data_unaligned_d[16]      1 3.2ms
                                     ddr3.ddr3_controller_inst.stage2_data_unaligned[51]      6 3.2ms
                                      ddr3.ddr3_controller_inst.stage2_data_unaligned[4]      8 3.2ms
                                     ddr3.ddr3_controller_inst.stage2_data_unaligned[68]      6 3.2ms
                                     ddr3.ddr3_controller_inst.stage2_data_unaligned[77]      5 3.2ms
                                $abc$223652$auto$simple.cc:193:make_patterns_logic$35212      7 3.2ms
                                    ddr3.ddr3_controller_inst.stage2_data_unaligned[122]      7 3.2ms
                                     ddr3.ddr3_controller_inst.stage2_data_unaligned[83]      6 3.1ms
                  $techmap227257$auto$abc_ops_reintegrate.cc:611:reintegrate$223967.A[4]      3 3.1ms
                                           ddr3.ddr3_controller_inst.added_read_pipe_max     13 3.1ms
                                     ddr3.ddr3_controller_inst.stage2_data_unaligned[57]      7 3.1ms
                                    $techmap228083$abc$223652$lut$not$aiger223651$3631.A      4 3.1ms
                                    $techmap226300$abc$223652$lut$aiger223651$18071.A[1]      3 3.1ms
                                    ddr3.ddr3_controller_inst.calib_data_randomized[114]      8 3.1ms
                        ddr3.ddr3_controller_inst.delay_before_precharge_counter_d[0][0]      3 3.1ms
                  $techmap227403$auto$abc_ops_reintegrate.cc:611:reintegrate$223913.A[2]      2 3.1ms
                                    $techmap225748$abc$223652$lut$aiger223651$14871.A[2]      4 3.1ms
                                                ddr3.ddr3_controller_inst.stage2_row[12]     10 3.1ms
                                                     ddr3.ddr3_controller_inst.stage1_we      6 3.1ms
                  $techmap225973$auto$abc_ops_reintegrate.cc:611:reintegrate$224252.A[4]      4 3.1ms
                                     ddr3.ddr3_controller_inst.stage2_data_unaligned[66]      5 3.0ms
                                     ddr3.ddr3_controller_inst.stage2_data_unaligned[87]      6 3.0ms
                                     ddr3.ddr3_controller_inst.stage2_data_unaligned[33]      7 3.0ms
                  $techmap225083$auto$abc_ops_reintegrate.cc:611:reintegrate$224457.A[3]     12 3.0ms
                                     ddr3.ddr3_controller_inst.stage2_data_unaligned[37]      5 3.0ms
                                                                   ddr3.iserdes_data[59]      2 3.0ms
                                    $techmap225644$abc$223652$lut$aiger223651$14397.A[3]      3 3.0ms
                                                                   ddr3.iserdes_data[22]      2 3.0ms
                                                                   ddr3.iserdes_data[81]      2 3.0ms
                                     ddr3.ddr3_controller_inst.stage2_data_unaligned[36]      6 3.0ms
                                        ddr3.ddr3_controller_inst.stage2_dm_unaligned[3]      3 3.0ms
                                     ddr3.ddr3_controller_inst.stage2_data_unaligned[74]      5 3.0ms
                                              ddr3.ddr3_controller_inst.bank_status_d[0]      4 3.0ms
                                     $techmap225613$abc$223652$lut$aiger223651$8473.A[1]      8 2.9ms
                                                                  ddr3.iserdes_data[109]      2 2.9ms
                                                                  ddr3.iserdes_data[125]      2 2.9ms
                                    $techmap225637$abc$223652$lut$aiger223651$12493.A[1]     11 2.9ms
                                    $techmap227320$abc$223652$lut$aiger223651$21117.A[4]      2 2.9ms
                                     $techmap225233$abc$223652$lut$aiger223651$4654.A[1]      4 2.9ms
                                     $abc$223652$auto$simple.cc:234:combine_resets$32256      1 2.9ms
                  $techmap225488$auto$abc_ops_reintegrate.cc:611:reintegrate$224386.A[0]      3 2.9ms
                                                                  ddr3.iserdes_data[120]      2 2.9ms
                                    $techmap225556$abc$223652$lut$aiger223651$13680.A[4]      2 2.9ms
                                                                  ddr3.iserdes_data[122]      2 2.9ms
                                      ddr3.ddr3_controller_inst.calib_data_randomized[0]      7 2.9ms
                                     ddr3.ddr3_controller_inst.stage2_data_unaligned[84]      6 2.9ms
                  $techmap224906$auto$abc_ops_reintegrate.cc:611:reintegrate$224510.A[1]      7 2.9ms
                  $techmap225523$auto$abc_ops_reintegrate.cc:611:reintegrate$224372.A[2]      6 2.9ms
                                              ddr3.ddr3_controller_inst.bank_status_d[4]      4 2.9ms
                                  ddr3.ddr3_controller_inst.read_test_address_counter[2]      5 2.9ms
                                                  ddr3.ddr3_controller_inst.dqs_store[3]      3 2.9ms
                                   ddr3.ddr3_controller_inst.stage2_data_unaligned_d[61]      1 2.8ms
                                    $techmap227067$abc$223652$lut$aiger223651$20502.A[5]      2 2.8ms
                  $techmap225384$auto$abc_ops_reintegrate.cc:611:reintegrate$224413.A[0]      8 2.8ms
                                                 ddr3.ddr3_controller_inst.dqs_store[33]      6 2.8ms
                                     $techmap227066$abc$223652$lut$aiger223651$5456.A[4]      3 2.8ms
                                    $techmap228077$abc$223652$lut$not$aiger223651$3605.A      4 2.8ms
                                     ddr3.ddr3_controller_inst.stage2_data_unaligned[34]      5 2.8ms
                                                 ddr3.ddr3_controller_inst.dqs_store[14]      4 2.8ms
                  $techmap225971$auto$abc_ops_reintegrate.cc:611:reintegrate$224253.A[4]      4 2.8ms
                                                                   ddr3.iserdes_data[15]      2 2.8ms
                                             ddr3.ddr3_controller_inst.read_lane_data[1]      3 2.8ms
                                    $techmap225630$abc$223652$lut$aiger223651$12420.A[1]     10 2.8ms
                                                                  ddr3.idelay_data_ld[1]     10 2.8ms
                  $techmap226296$auto$abc_ops_reintegrate.cc:611:reintegrate$224172.A[2]      4 2.8ms
                                            ddr3.ddr3_controller_inst.read_lane_data[26]      3 2.8ms
                                    $techmap226208$abc$223652$lut$aiger223651$14109.A[1]      2 2.8ms
                                     ddr3.ddr3_controller_inst.stage2_data_unaligned[65]      7 2.8ms
                                     ddr3.ddr3_controller_inst.stage2_data_unaligned[61]      5 2.8ms
                                                                  ddr3.iserdes_data[126]      2 2.8ms
                                                                   ddr3.iserdes_data[47]      2 2.8ms
                                    $techmap224902$abc$223652$lut$aiger223651$10034.A[0]      8 2.8ms
                  $techmap227633$auto$abc_ops_reintegrate.cc:611:reintegrate$223814.A[4]      3 2.8ms
                                            ddr3.ddr3_controller_inst.read_lane_data[33]      3 2.8ms
                                      ddr3.ddr3_controller_inst.stage2_data_unaligned[3]      6 2.8ms
                                                                              line_b[19]      2 2.7ms
                  $techmap226225$auto$abc_ops_reintegrate.cc:611:reintegrate$224185.A[2]      3 2.7ms
                                     $techmap225092$abc$223652$lut$aiger223651$6941.A[0]      8 2.7ms
                                  ddr3.ddr3_controller_inst.stage2_data_unaligned_d[107]      1 2.7ms
                                                           ddr3.idelay_dqs_cntvaluein[3]      5 2.7ms
                                    $techmap226713$abc$223652$lut$aiger223651$19935.A[2]      5 2.7ms
                                    $techmap226003$abc$223652$lut$aiger223651$16490.A[3]      8 2.7ms
                                                                   ddr3.iserdes_data[24]      2 2.7ms
                                          $techmap229118$abc$223652$lut$aiger$o5112.A[2]      3 2.7ms
                                     ddr3.ddr3_controller_inst.stage2_data_unaligned[62]      5 2.7ms
                  $techmap225154$auto$abc_ops_reintegrate.cc:611:reintegrate$223799.A[4]     14 2.7ms
                                             $abc$223652$auto$rtlil.cc:3386:Mux$34575[6]      2 2.7ms
                                                                    ddr3.iserdes_data[5]      2 2.7ms
                                                ddr3.ddr3_controller_inst.stage2_row[10]     10 2.7ms
                                                 ddr3.ddr3_controller_inst.stage2_do_act     12 2.7ms
                  $techmap225154$auto$abc_ops_reintegrate.cc:611:reintegrate$223799.A[3]      8 2.7ms
                                    $techmap226371$abc$223652$lut$aiger223651$18509.A[1]      3 2.7ms
                                                                   ddr3.iserdes_data[37]      2 2.7ms
                                     ddr3.ddr3_controller_inst.stage2_data_unaligned[88]      8 2.7ms
                                          ddr3.ddr3_controller_inst.write_ack_index_q[0]     12 2.7ms
                                     $techmap226392$abc$223652$lut$aiger223651$7243.A[2]      2 2.7ms
                  $techmap225384$auto$abc_ops_reintegrate.cc:611:reintegrate$224413.A[1]      4 2.6ms
                                     $techmap225198$abc$223652$lut$aiger223651$5323.A[2]      4 2.6ms
                                   ddr3.ddr3_controller_inst.stage2_data_unaligned_d[12]      1 2.6ms
                  $techmap225440$auto$abc_ops_reintegrate.cc:611:reintegrate$224408.A[4]      2 2.6ms
                                            ddr3.ddr3_controller_inst.read_lane_data[43]      4 2.6ms
                  $techmap227633$auto$abc_ops_reintegrate.cc:611:reintegrate$223814.A[2]      3 2.6ms
                  $techmap225739$auto$abc_ops_reintegrate.cc:611:reintegrate$224323.A[0]      4 2.6ms
                                     $techmap225246$abc$223652$lut$aiger223651$6065.A[1]      2 2.6ms
                                          ddr3.ddr3_controller_inst.stage1_next_row_d[0]      2 2.6ms
                                     ddr3.ddr3_controller_inst.stage2_data_unaligned[91]      6 2.6ms
                                                                   ddr3.iserdes_data[26]      2 2.6ms
                  $techmap227379$auto$abc_ops_reintegrate.cc:611:reintegrate$223924.A[2]      3 2.6ms
                                   ddr3.ddr3_controller_inst.shift_reg_read_pipe_q[0][2]      2 2.6ms
                                 ddr3.ddr3_controller_inst.read_test_address_counter[15]      5 2.6ms
                                     ddr3.ddr3_controller_inst.stage2_data_unaligned[14]      6 2.6ms
                                                 ddr3.ddr3_controller_inst.dqs_store[29]      4 2.6ms
                                    $techmap225640$abc$223652$lut$aiger223651$14372.A[2]      8 2.6ms
                                                                   ddr3.iserdes_data[40]      2 2.6ms
                                  ddr3.ddr3_controller_inst.read_test_address_counter[8]      5 2.6ms
                  $techmap225000$auto$abc_ops_reintegrate.cc:611:reintegrate$223768.A[0]      4 2.6ms
                                                     ddr3.ddr3_controller_inst.stage2_we      3 2.6ms
                                                                              line_b[12]      2 2.6ms
                  $techmap225279$auto$abc_ops_reintegrate.cc:611:reintegrate$224435.A[4]      4 2.6ms
                  $techmap225146$auto$abc_ops_reintegrate.cc:611:reintegrate$223849.A[2]      3 2.6ms
                        ddr3.ddr3_controller_inst.delay_before_precharge_counter_q[2][2]      5 2.6ms
                                     $techmap225044$abc$223652$lut$aiger223651$4624.A[4]     11 2.6ms
                                                  ddr3.ddr3_controller_inst.dqs_store[9]      5 2.6ms
                                                 ddr3.ddr3_controller_inst.dqs_store[38]      6 2.6ms
                                                                   ddr3.iserdes_data[55]      2 2.6ms
                                $abc$223652$auto$simple.cc:193:make_patterns_logic$35225      7 2.6ms
                                                                              clk_ddr_90     18 2.6ms
                                              ddr3.ddr3_controller_inst.bank_status_d[1]      4 2.5ms
                                                                   ddr3.iserdes_data[49]      2 2.5ms
                                     ddr3.ddr3_controller_inst.stage2_data_unaligned[48]      8 2.5ms
                                            ddr3.ddr3_controller_inst.read_lane_data[45]      4 2.5ms
                                                 ddr3.ddr3_controller_inst.dqs_store[10]      6 2.5ms
                                     $techmap224948$abc$223652$lut$aiger223651$5066.A[1]      4 2.5ms
                                    $techmap225640$abc$223652$lut$aiger223651$14372.A[1]     11 2.5ms
                                     $techmap227592$abc$223652$lut$aiger223651$6477.A[3]      2 2.5ms
                  $techmap227255$auto$abc_ops_reintegrate.cc:611:reintegrate$223968.A[3]      3 2.5ms
                                     $abc$223652$auto$simple.cc:234:combine_resets$31688      1 2.5ms
                                     ddr3.ddr3_controller_inst.stage2_data_unaligned[81]      7 2.5ms
                                       ddr3.ddr3_controller_inst.bank_active_row_d[5][0]      4 2.5ms
                                    $techmap226004$abc$223652$lut$aiger223651$16531.A[4]      2 2.5ms
                                                ddr3.ddr3_controller_inst.calib_addr[17]      2 2.5ms
                                    $techmap227206$abc$223652$lut$aiger223651$20801.A[5]      2 2.5ms
                                                                  ddr3.iserdes_data[108]      2 2.5ms
                                    $techmap225379$abc$223652$lut$aiger223651$12555.A[4]      2 2.5ms
                                     $techmap225263$abc$223652$lut$aiger223651$6756.A[0]      8 2.5ms
                                              ddr3.ddr3_controller_inst.bank_status_d[7]      4 2.5ms
                                          ddr3.ddr3_controller_inst.write_ack_index_q[1]     13 2.5ms
                  $techmap224925$auto$abc_ops_reintegrate.cc:611:reintegrate$224506.A[1]     10 2.5ms
                                    ddr3.ddr3_controller_inst.stage2_data_unaligned[114]      7 2.5ms
                                $abc$223652$auto$simple.cc:193:make_patterns_logic$35198     10 2.5ms
                                    ddr3.ddr3_controller_inst.calib_data_randomized[108]      8 2.5ms
                                     ddr3.ddr3_controller_inst.stage2_data_unaligned[32]      8 2.5ms
                                                ddr3.ddr3_controller_inst.calib_data[78]      1 2.5ms
                                    $techmap226549$abc$223652$lut$aiger223651$19433.A[2]      2 2.5ms
                                    $techmap227220$abc$223652$lut$aiger223651$20843.A[4]      2 2.5ms
              ddr3.ddr3_controller_inst.stage2_do_update_delay_before_precharge_after_rd      6 2.5ms
                                    $techmap225653$abc$223652$lut$aiger223651$14405.A[2]      9 2.5ms
                                                                  ddr3.iserdes_data[112]      2 2.4ms
                                                           ddr3.idelay_dqs_cntvaluein[0]      6 2.4ms
                                     $techmap225028$abc$223652$lut$aiger223651$8714.A[4]      7 2.4ms
                                     ddr3.ddr3_controller_inst.stage2_data_unaligned[45]      5 2.4ms
                                     $techmap227561$abc$223652$lut$aiger223651$6318.A[4]      2 2.4ms
                                    $techmap225912$abc$223652$lut$aiger223651$15952.A[1]      2 2.4ms
                                          $techmap225062$abc$223652$lut$aiger$o2828.A[0]      6 2.4ms
                                  ddr3.ddr3_controller_inst.read_test_address_counter[6]      5 2.4ms
                  $techmap224920$auto$abc_ops_reintegrate.cc:611:reintegrate$224507.A[1]      7 2.4ms
                                    ddr3.ddr3_controller_inst.stage2_data_unaligned[117]      8 2.4ms
                                     ddr3.ddr3_controller_inst.stage2_data_unaligned[75]      6 2.4ms
                                    $techmap225632$abc$223652$lut$aiger223651$14365.A[3]      6 2.4ms
                                              ddr3.ddr3_controller_inst.delay_counter[0]      4 2.4ms
                                     $techmap226247$abc$223652$lut$aiger223651$7406.A[4]      2 2.4ms
                                                                  ddr3.iserdes_data[119]      2 2.4ms
                                    $techmap225627$abc$223652$lut$aiger223651$14362.A[1]      8 2.4ms
                  $techmap225312$auto$abc_ops_reintegrate.cc:611:reintegrate$224429.A[1]     10 2.4ms
                                                                   ddr3.iserdes_data[18]      2 2.4ms
                                           ddr3.ddr3_controller_inst.stage1_next_bank[2]     13 2.4ms
                                     $techmap225015$abc$223652$lut$aiger223651$8662.A[2]      6 2.4ms
                                                                   ddr3.iserdes_data[48]      2 2.4ms
                                        ddr3.ddr3_controller_inst.write_pattern_lane[21]      2 2.4ms
                                    $techmap228101$abc$223652$lut$not$aiger223651$3677.A      4 2.4ms
                  $techmap225075$auto$abc_ops_reintegrate.cc:611:reintegrate$224461.A[3]      3 2.4ms
                                    ddr3.ddr3_controller_inst.stage2_data_unaligned[100]      7 2.4ms
                                    $techmap226415$abc$223652$lut$aiger223651$18742.A[2]      8 2.4ms
                  $techmap225305$auto$abc_ops_reintegrate.cc:611:reintegrate$224431.A[2]      7 2.4ms
                  $techmap224925$auto$abc_ops_reintegrate.cc:611:reintegrate$224506.A[4]      3 2.4ms
                                     ddr3.ddr3_controller_inst.stage2_data_unaligned[13]      6 2.3ms
                                               ddr3.ddr3_phy_inst.shift_bitslip_index[1]      9 2.3ms
                                     $techmap225182$abc$223652$lut$aiger223651$5587.A[0]      6 2.3ms
                  $techmap225827$auto$abc_ops_reintegrate.cc:611:reintegrate$224302.A[4]      2 2.3ms
                                     $techmap226800$abc$223652$lut$aiger223651$7346.A[1]      2 2.3ms
                                    $techmap226008$abc$223652$lut$aiger223651$16477.A[3]      3 2.3ms
                                    ddr3.ddr3_controller_inst.stage2_data_unaligned[115]      6 2.3ms
                  $techmap227425$auto$abc_ops_reintegrate.cc:611:reintegrate$223901.A[3]      6 2.3ms
                                       ddr3.ddr3_controller_inst.bank_active_row_d[3][8]      4 2.3ms
                                                ddr3.ddr3_controller_inst.calib_data[68]      1 2.3ms
                  $techmap226066$auto$abc_ops_reintegrate.cc:611:reintegrate$224225.A[3]      4 2.3ms
                                    $techmap225719$abc$223652$lut$aiger223651$14758.A[3]      3 2.3ms
                                                ddr3.ddr3_controller_inst.calib_data[34]      1 2.3ms
                  $techmap225148$auto$abc_ops_reintegrate.cc:611:reintegrate$223804.A[3]      3 2.3ms
                                    $techmap226554$abc$223652$lut$aiger223651$19461.A[2]      3 2.3ms
                                 ddr3.ddr3_controller_inst.read_test_address_counter[10]      5 2.3ms
                                                ddr3.ddr3_controller_inst.calib_addr[21]      2 2.3ms
                                           ddr3.ddr3_controller_inst.stage1_next_row[12]     10 2.3ms
                                          $techmap229355$abc$223652$lut$aiger$o4214.A[4]      1 2.3ms
                                                                            ddr3.cmd[67]      1 2.3ms
                                     ddr3.ddr3_controller_inst.stage2_data_unaligned[10]      6 2.3ms
                                     $techmap225197$abc$223652$lut$aiger223651$5321.A[1]      8 2.3ms
                                    $techmap226553$abc$223652$lut$aiger223651$17039.A[1]      2 2.3ms
                                    $techmap228075$abc$223652$lut$not$aiger223651$3607.A      4 2.3ms
                                            ddr3.ddr3_controller_inst.read_lane_data[24]      3 2.3ms
                  $techmap226996$auto$abc_ops_reintegrate.cc:611:reintegrate$224035.A[3]      3 2.3ms
                                                                    ddr3.iserdes_data[6]      2 2.3ms
                                    $techmap225889$abc$223652$lut$aiger223651$15878.A[1]      3 2.2ms
                                     $techmap225022$abc$223652$lut$aiger223651$8742.A[4]      7 2.2ms
                                    $techmap226152$abc$223652$lut$aiger223651$13033.A[4]      2 2.2ms
                                                 ddr3.ddr3_controller_inst.dqs_store[19]      5 2.2ms
                                     ddr3.ddr3_controller_inst.stage2_data_unaligned[67]      6 2.2ms
                                     $techmap225264$abc$223652$lut$aiger223651$6757.A[0]      5 2.2ms
                                                       ddr3.iserdes_bitslip_reference[1]      3 2.2ms
                  $techmap227435$auto$abc_ops_reintegrate.cc:611:reintegrate$223893.A[1]      4 2.2ms
                                                                   ddr3.iserdes_data[84]      2 2.2ms
                                                                   ddr3.iserdes_data[38]      2 2.2ms
                  $techmap226014$auto$abc_ops_reintegrate.cc:611:reintegrate$224242.A[4]      3 2.2ms
                  $techmap226479$auto$abc_ops_reintegrate.cc:611:reintegrate$224122.A[4]      7 2.2ms
                  $techmap226288$auto$abc_ops_reintegrate.cc:611:reintegrate$224176.A[3]      2 2.2ms
                                    $techmap225808$abc$223652$lut$aiger223651$15370.A[1]      3 2.2ms
                                     ddr3.ddr3_controller_inst.stage2_data_unaligned[97]      7 2.2ms
                                            ddr3.ddr3_controller_inst.read_lane_data[41]      3 2.2ms
                                                 ddr3.ddr3_controller_inst.dqs_store[24]      5 2.2ms
                                     ddr3.ddr3_controller_inst.stage2_dm_unaligned_d[15]      2 2.2ms
                  $techmap226470$auto$abc_ops_reintegrate.cc:611:reintegrate$224125.A[1]      3 2.2ms
                                    $techmap228082$abc$223652$lut$not$aiger223651$3632.A      4 2.2ms
                  $techmap227874$auto$abc_ops_reintegrate.cc:611:reintegrate$223772.A[1]      8 2.2ms
                  $techmap227867$auto$abc_ops_reintegrate.cc:611:reintegrate$223778.A[1]      9 2.2ms
                                                                               line_a[7]      2 2.2ms
                                     ddr3.ddr3_controller_inst.stage2_data_unaligned[52]      6 2.2ms
                  $techmap225523$auto$abc_ops_reintegrate.cc:611:reintegrate$224372.A[1]      6 2.2ms
                                                                   ddr3.iserdes_data[96]      2 2.2ms
                                     ddr3.ddr3_controller_inst.stage2_data_unaligned[92]      6 2.2ms
                                     $techmap226403$abc$223652$lut$aiger223651$8487.A[2]     10 2.2ms
                                   ddr3.ddr3_controller_inst.stage2_data_unaligned_d[81]      1 2.2ms
                                                  ddr3.ddr3_controller_inst.stage2_do_wr     12 2.2ms
                                    $techmap228992$abc$223652$lut$aiger223651$11222.A[4]      1 2.2ms
                                     $techmap225134$abc$223652$lut$aiger223651$8784.A[2]      3 2.2ms
                                                ddr3.ddr3_controller_inst.stage1_data[8]      1 2.2ms
                                            ddr3.ddr3_controller_inst.read_lane_data[58]      3 2.2ms
                  $techmap227670$auto$abc_ops_reintegrate.cc:611:reintegrate$223781.A[1]      3 2.2ms
                  $techmap225214$auto$abc_ops_reintegrate.cc:611:reintegrate$224446.A[1]     10 2.2ms
                                                                    ddr3.iserdes_data[2]      2 2.2ms
                                     $techmap226806$abc$223652$lut$aiger223651$7279.A[2]      2 2.2ms
                                            ddr3.ddr3_controller_inst.read_lane_data[21]      4 2.2ms
                                    $techmap225578$abc$223652$lut$aiger223651$14191.A[1]      3 2.2ms
                  $techmap224965$auto$abc_ops_reintegrate.cc:611:reintegrate$224492.A[4]      5 2.1ms
                        ddr3.ddr3_controller_inst.delay_before_precharge_counter_d[1][0]      3 2.1ms
                  $techmap226285$auto$abc_ops_reintegrate.cc:611:reintegrate$224178.A[1]      6 2.1ms
                                       ddr3.ddr3_controller_inst.bank_active_row_d[3][3]      4 2.1ms
                                               ddr3.ddr3_controller_inst.stage1_data[13]      1 2.1ms
                                                                   ddr3.iserdes_data[67]      2 2.1ms
                                               ddr3.ddr3_controller_inst.stage1_data[68]      1 2.1ms
                                    $techmap225594$abc$223652$lut$aiger223651$13860.A[1]      3 2.1ms
                                                                   ddr3.iserdes_data[53]      2 2.1ms
                                     ddr3.ddr3_controller_inst.stage2_data_unaligned[17]      7 2.1ms
                                                                  ddr3.iserdes_data[124]      2 2.1ms
                                    $techmap226507$abc$223652$lut$aiger223651$19262.A[2]      3 2.1ms
                                                                   ddr3.iserdes_data[16]      2 2.1ms
                                                 ddr3.ddr3_controller_inst.dqs_store[32]      6 2.1ms
                  $techmap224965$auto$abc_ops_reintegrate.cc:611:reintegrate$224492.A[3]      4 2.1ms
                                     ddr3.ddr3_controller_inst.stage2_data_unaligned[58]      5 2.1ms
                                     ddr3.ddr3_controller_inst.stage2_data_unaligned[76]      6 2.1ms
                                    $techmap225898$abc$223652$lut$aiger223651$15898.A[1]      4 2.1ms
                                    $techmap225996$abc$223652$lut$aiger223651$16535.A[1]      5 2.1ms
                                                                              line_b[11]      2 2.1ms
                                     $techmap225291$abc$223652$lut$aiger223651$5083.A[0]      5 2.1ms
                  $techmap226508$auto$abc_ops_reintegrate.cc:611:reintegrate$224113.A[2]      3 2.1ms
                                                           ddr3.idelay_dqs_cntvaluein[2]      5 2.1ms
                  $techmap225595$auto$abc_ops_reintegrate.cc:611:reintegrate$224357.A[2]      4 2.1ms
                                            ddr3.ddr3_controller_inst.read_lane_data[28]      3 2.1ms
                                               ddr3.ddr3_controller_inst.stage1_data[19]      1 2.1ms
                                     ddr3.ddr3_controller_inst.stage2_data_unaligned[22]      5 2.1ms
                                 ddr3.ddr3_controller_inst.read_test_address_counter[22]      5 2.1ms
                  $techmap226476$auto$abc_ops_reintegrate.cc:611:reintegrate$224124.A[2]      4 2.1ms
                                 ddr3.ddr3_controller_inst.read_test_address_counter[14]      5 2.1ms
                                    $techmap226942$abc$223652$lut$aiger223651$14997.A[1]      2 2.1ms
                  $techmap226019$auto$abc_ops_reintegrate.cc:611:reintegrate$224238.A[4]      3 2.1ms
                                               ddr3.ddr3_controller_inst.calib_data[123]      1 2.1ms
                  $techmap227160$auto$abc_ops_reintegrate.cc:611:reintegrate$223997.A[1]      2 2.1ms
                                            ddr3.ddr3_controller_inst.read_lane_data[29]      3 2.1ms
                                    $techmap226449$abc$223652$lut$aiger223651$12710.A[2]      6 2.1ms
                  $techmap226428$auto$abc_ops_reintegrate.cc:611:reintegrate$224138.A[2]      4 2.1ms
                                     $techmap227597$abc$223652$lut$aiger223651$6501.A[2]      3 2.1ms
                                    $techmap226832$abc$223652$lut$aiger223651$12184.A[2]      2 2.1ms
                                      ddr3.ddr3_controller_inst.stage2_data_unaligned[2]      6 2.1ms
                                  ddr3.ddr3_controller_inst.stage2_data_unaligned_d[119]      1 2.0ms
                                    $techmap228097$abc$223652$lut$not$aiger223651$3665.A      4 2.0ms
                                     $techmap225065$abc$223652$lut$aiger223651$7142.A[4]      5 2.0ms
                                     ddr3.ddr3_controller_inst.stage2_data_unaligned[38]      5 2.0ms
                                   ddr3.ddr3_controller_inst.stage2_data_unaligned_d[44]      1 2.0ms
                                   ddr3.ddr3_controller_inst.stage2_data_unaligned_d[89]      1 2.0ms
                                     ddr3.ddr3_controller_inst.stage2_data_unaligned[40]      8 2.0ms
                                                                  ddr3.iserdes_data[123]      2 2.0ms
                                                  ddr3.ddr3_controller_inst.stage1_dm[5]      2 2.0ms
                                                                   ddr3.iserdes_data[17]      2 2.0ms
                                      ddr3.ddr3_controller_inst.bank_active_row_d[6][13]      4 2.0ms
                                     $techmap227548$abc$223652$lut$aiger223651$6256.A[2]      3 2.0ms
                                    ddr3.ddr3_controller_inst.read_lane_data_shifted[10]      1 2.0ms
                                          $techmap226421$abc$223652$lut$aiger$o3840.A[1]      8 2.0ms
                  $techmap225000$auto$abc_ops_reintegrate.cc:611:reintegrate$223768.A[3]      6 2.0ms
                                          $techmap225417$abc$223652$lut$aiger$o3044.A[3]      8 2.0ms
                                                                    ddr3.iserdes_data[1]      2 2.0ms
                  $techmap226107$auto$abc_ops_reintegrate.cc:611:reintegrate$224212.A[2]      4 2.0ms
                                                ddr3.ddr3_controller_inst.calib_data[60]      1 2.0ms
                                                 ddr3.ddr3_controller_inst.dqs_store[21]      4 2.0ms
                                 ddr3.ddr3_controller_inst.write_test_address_counter[9]      5 2.0ms
                                                ddr3.ddr3_controller_inst.calib_addr[19]      2 2.0ms
                                     $techmap225383$abc$223652$lut$aiger223651$8398.A[0]      8 2.0ms
                                               ddr3.ddr3_controller_inst.stage1_data[41]      1 2.0ms
                                                                            ddr3.cmd[20]      5 2.0ms
                                                                  ddr3.iserdes_data[116]      2 2.0ms
                                  ddr3.ddr3_controller_inst.read_test_address_counter[9]      5 2.0ms
                                     $techmap225194$abc$223652$lut$aiger223651$5317.A[0]      1 2.0ms
                  $techmap227216$auto$abc_ops_reintegrate.cc:611:reintegrate$223981.A[4]      3 2.0ms
                  $techmap226479$auto$abc_ops_reintegrate.cc:611:reintegrate$224122.A[2]      4 2.0ms
                                 ddr3.ddr3_controller_inst.read_test_address_counter[21]      5 2.0ms
                                     ddr3.ddr3_controller_inst.stage2_data_unaligned[26]      5 2.0ms
                                    $techmap225321$abc$223652$lut$aiger223651$12054.A[2]      3 2.0ms
                                      ddr3.ddr3_controller_inst.stage2_dm_unaligned_d[7]      2 2.0ms
                                            ddr3.ddr3_controller_inst.read_lane_data[30]      3 2.0ms
                                     ddr3.ddr3_controller_inst.stage2_data_unaligned[47]      6 2.0ms
                                    $techmap225630$abc$223652$lut$aiger223651$12420.A[0]      6 2.0ms
                                 ddr3.ddr3_controller_inst.read_test_address_counter[24]      5 2.0ms
                                    ddr3.ddr3_controller_inst.stage2_data_unaligned[109]      6 2.0ms
                                    $techmap224907$abc$223652$lut$aiger223651$10128.A[3]      1 2.0ms
                                                  ddr3.ddr3_controller_inst.dqs_store[4]      4 1.9ms
                                                 ddr3.ddr3_controller_inst.stage2_row[3]     11 1.9ms
                                    $techmap227402$abc$223652$lut$aiger223651$21373.A[1]      2 1.9ms
                                     ddr3.ddr3_controller_inst.stage2_data_unaligned[19]      6 1.9ms
                                    $techmap228970$abc$223652$lut$aiger223651$11213.A[3]      3 1.9ms
                                               ddr3.ddr3_controller_inst.instruction[14]      2 1.9ms
                                               ddr3.ddr3_controller_inst.stage1_data[47]      1 1.9ms
                                                                   ddr3.iserdes_data[11]      2 1.9ms
                                $abc$223652$auto$simple.cc:193:make_patterns_logic$35228      7 1.9ms
                                     ddr3.ddr3_controller_inst.stage2_data_unaligned[28]      6 1.9ms
                                      ddr3.ddr3_controller_inst.stage2_data_unaligned[5]      7 1.9ms
                                     $techmap224942$abc$223652$lut$aiger223651$5047.A[0]      4 1.9ms
                                                                   ddr3.iserdes_data[33]      2 1.9ms
                                                                   ddr3.iserdes_data[19]      2 1.9ms
                                            $abc$223652$auto$wreduce.cc:513:run$32412[0]      2 1.9ms
                                 ddr3.ddr3_controller_inst.read_test_address_counter[16]      5 1.9ms
                                              ddr3.ddr3_controller_inst.stage1_data[107]      1 1.9ms
                                              ddr3.ddr3_controller_inst.stage1_data[101]      1 1.9ms
                                    $techmap225554$abc$223652$lut$aiger223651$13973.A[1]      2 1.9ms
                                                 ddr3.ddr3_controller_inst.dqs_store[34]      5 1.9ms
                                         ddr3.ddr3_controller_inst.unaligned_data[1][49]      2 1.9ms
                             ddr3.ddr3_controller_inst.delay_before_read_counter_q[0][0]      3 1.9ms
                                    $techmap226686$abc$223652$lut$aiger223651$20036.A[2]      2 1.9ms
                                    $techmap226887$abc$223652$lut$aiger223651$20263.A[5]      2 1.9ms
                                         ddr3.ddr3_controller_inst.lane_read_dq_early[0]      3 1.9ms
                  $techmap227198$auto$abc_ops_reintegrate.cc:611:reintegrate$223986.A[2]      6 1.9ms
                                              ddr3.ddr3_controller_inst.bank_status_d[6]      4 1.9ms
                                  ddr3.ddr3_controller_inst.stage2_data_unaligned_d[118]      1 1.9ms
                                    $techmap226008$abc$223652$lut$aiger223651$16477.A[2]      8 1.9ms
                                    $techmap226766$abc$223652$lut$aiger223651$20162.A[2]      2 1.9ms
                                          $techmap229104$abc$223652$lut$aiger$o2482.A[4]      3 1.9ms
                                                 ddr3.ddr3_controller_inst.dqs_store[13]      4 1.9ms
                                ddr3.ddr3_controller_inst.write_test_address_counter[23]      6 1.9ms
                                    ddr3.ddr3_controller_inst.stage2_data_unaligned[124]      7 1.9ms
                        ddr3.ddr3_controller_inst.delay_before_precharge_counter_q[1][2]      5 1.9ms
        $abc$223652$flatten\ddr3.\ddr3_phy_inst.$logic_and$build/uberddr3/rtl/ddr3_phy.v:1131$8875_Y      2 1.9ms
                                            ddr3.ddr3_controller_inst.dqs_start_index[5]      6 1.9ms
                                     $techmap225248$abc$223652$lut$aiger223651$5204.A[1]      4 1.9ms
                                    $techmap225717$abc$223652$lut$aiger223651$14748.A[4]      2 1.9ms
                                            ddr3.ddr3_controller_inst.read_lane_data[53]      4 1.9ms
                                    ddr3.ddr3_controller_inst.dqs_bitslip_arrangement[6]      1 1.9ms
                                                                               line_a[5]      2 1.9ms
                                    $techmap228739$abc$223652$lut$aiger223651$10649.A[2]      1 1.9ms
                  $techmap225715$auto$abc_ops_reintegrate.cc:611:reintegrate$224328.A[3]      7 1.8ms
                                    $techmap226127$abc$223652$lut$aiger223651$11793.A[1]      2 1.8ms
                        ddr3.ddr3_controller_inst.delay_before_precharge_counter_d[1][2]      3 1.8ms
                  $techmap227333$auto$abc_ops_reintegrate.cc:611:reintegrate$223941.A[4]      3 1.8ms
                                                                   ddr3.iserdes_data[28]      2 1.8ms
                                          $techmap228347$abc$223652$lut$aiger$o4252.A[1]      1 1.8ms
                                    $techmap226565$abc$223652$lut$aiger223651$16962.A[1]      2 1.8ms
                                              ddr3.ddr3_controller_inst.stage1_data[113]      1 1.8ms
                                     $techmap226775$abc$223652$lut$aiger223651$7246.A[2]      2 1.8ms
                        ddr3.ddr3_controller_inst.delay_before_precharge_counter_q[0][2]      5 1.8ms
                                ddr3.ddr3_controller_inst.write_test_address_counter[18]      5 1.8ms
                  $techmap227095$auto$abc_ops_reintegrate.cc:611:reintegrate$224015.A[2]      2 1.8ms
                  $techmap226155$auto$abc_ops_reintegrate.cc:611:reintegrate$224195.A[2]      4 1.8ms
                                                                   ddr3.iserdes_data[93]      2 1.8ms
                                     $techmap225241$abc$223652$lut$aiger223651$7601.A[1]      6 1.8ms
                  $techmap226523$auto$abc_ops_reintegrate.cc:611:reintegrate$224109.A[2]      4 1.8ms
                                                                   ddr3.iserdes_data[51]      2 1.8ms
                                                ddr3.ddr3_controller_inst.calib_data[56]      1 1.8ms
                                            ddr3.ddr3_controller_inst.read_lane_data[62]      3 1.8ms
                                                ddr3.ddr3_controller_inst.calib_data[30]      1 1.8ms
                                    $techmap226243$abc$223652$lut$aiger223651$17933.A[1]      2 1.8ms
                                    $techmap225429$abc$223652$lut$aiger223651$12821.A[1]      2 1.8ms
                                                ddr3.ddr3_controller_inst.calib_data[76]      1 1.8ms
                                     $techmap225266$abc$223652$lut$aiger223651$7602.A[1]      3 1.8ms
                                ddr3.ddr3_controller_inst.write_test_address_counter[16]      5 1.8ms
                                    $techmap225800$abc$223652$lut$aiger223651$15353.A[1]      3 1.8ms
                                        ddr3.ddr3_controller_inst.write_pattern_lane[45]      2 1.8ms
                                  ddr3.ddr3_controller_inst.read_test_address_counter[4]      5 1.8ms
                                            ddr3.ddr3_controller_inst.read_lane_data[27]      3 1.8ms
                                                 ddr3.ddr3_controller_inst.dqs_store[22]      3 1.8ms
                                            ddr3.ddr3_controller_inst.read_lane_data[51]      4 1.8ms
                                ddr3.ddr3_controller_inst.write_test_address_counter[10]      5 1.8ms
                                            ddr3.ddr3_controller_inst.read_lane_data[59]      4 1.8ms
                  $techmap225715$auto$abc_ops_reintegrate.cc:611:reintegrate$224328.A[2]      4 1.8ms
                                     ddr3.ddr3_controller_inst.stage2_data_unaligned[27]      6 1.8ms
                                                  ddr3.ddr3_controller_inst.stage2_do_rd      4 1.8ms
                                               ddr3.ddr3_controller_inst.stage1_data[91]      1 1.8ms
                                     $techmap224944$abc$223652$lut$aiger223651$5053.A[0]      4 1.8ms
                                                ddr3.ddr3_controller_inst.calib_addr[14]      2 1.8ms
                                                                         resetgen.stage1      1 1.8ms
                                                 ddr3.ddr3_controller_inst.dqs_store[11]      5 1.8ms
                                 ddr3.ddr3_controller_inst.read_test_address_counter[17]      5 1.8ms
                                     ddr3.ddr3_controller_inst.stage2_data_unaligned[11]      8 1.8ms
                                       ddr3.ddr3_controller_inst.bank_active_row_d[3][2]      4 1.8ms
                                            ddr3.ddr3_controller_inst.stage2_do_wr_or_rd      5 1.8ms
                                          $techmap228431$abc$223652$lut$aiger$o2336.A[4]      3 1.8ms
                                                ddr3.ddr3_controller_inst.calib_data[25]      1 1.8ms
                                     ddr3.ddr3_controller_inst.dqs_start_index_stored[2]      3 1.8ms
                                              ddr3.ddr3_controller_inst.stage1_data[105]      1 1.8ms
                                                 ddr3.ddr3_controller_inst.stage1_col[4]      1 1.8ms
                                                  ddr3.ddr3_controller_inst.calib_aux[1]      1 1.8ms
                  $techmap225983$auto$abc_ops_reintegrate.cc:611:reintegrate$224248.A[2]      4 1.8ms
                                    $techmap224950$abc$223652$lut$aiger223651$10119.A[0]      7 1.8ms
                                                                   ddr3.iserdes_data[75]      2 1.8ms
                                    $techmap225908$abc$223652$lut$aiger223651$15937.A[2]      4 1.7ms
                             ddr3.ddr3_controller_inst.delay_before_read_counter_d[3][2]      4 1.7ms
                                    $techmap225342$abc$223652$lut$aiger223651$12368.A[3]      3 1.7ms
                                     $techmap227802$abc$223652$lut$aiger223651$7969.A[4]      1 1.7ms
                                                                       resetgen.hold[20]      2 1.7ms
                                    $techmap228081$abc$223652$lut$not$aiger223651$3617.A      4 1.7ms
                  $techmap227198$auto$abc_ops_reintegrate.cc:611:reintegrate$223986.A[1]      4 1.7ms
                                    $techmap225784$abc$223652$lut$aiger223651$15162.A[2]      3 1.7ms
                                     $techmap225254$abc$223652$lut$aiger223651$6083.A[1]      2 1.7ms
                                    $techmap225784$abc$223652$lut$aiger223651$15162.A[1]      4 1.7ms
                                    ddr3.ddr3_controller_inst.stage2_data_unaligned[103]      7 1.7ms
                                    $techmap225225$abc$223652$lut$aiger223651$11589.A[0]      9 1.7ms
                  $techmap225380$auto$abc_ops_reintegrate.cc:611:reintegrate$224414.A[0]      6 1.7ms
                  $techmap225477$auto$abc_ops_reintegrate.cc:611:reintegrate$224394.A[1]      5 1.7ms
                                ddr3.ddr3_controller_inst.write_test_address_counter[17]      5 1.7ms
                                                 ddr3.ddr3_controller_inst.dqs_store[23]      4 1.7ms
                                     ddr3.ddr3_controller_inst.stage2_data_unaligned[60]      6 1.7ms
                  $techmap226122$auto$abc_ops_reintegrate.cc:611:reintegrate$224205.A[1]      4 1.7ms
                                            ddr3.ddr3_controller_inst.read_lane_data[11]      2 1.7ms
                                                ddr3.ddr3_controller_inst.stage1_pending      6 1.7ms
                                          ddr3.ddr3_controller_inst.unaligned_data[0][2]      2 1.7ms
                                       ddr3.ddr3_controller_inst.bank_active_row_d[2][2]      4 1.7ms
                                     $techmap225002$abc$223652$lut$aiger223651$6973.A[0]      4 1.7ms
                                                                            ddr3.cmd[11]      3 1.7ms
                                          $techmap228764$abc$223652$lut$aiger$o2771.A[5]      2 1.7ms
                                    $techmap228131$abc$223652$lut$not$aiger223651$4276.A      4 1.7ms
                                       ddr3.ddr3_controller_inst.bank_active_row_d[5][1]      4 1.7ms
                                          $techmap228950$abc$223652$lut$aiger$o4906.A[3]      2 1.7ms
                  $techmap226729$auto$abc_ops_reintegrate.cc:611:reintegrate$224068.A[4]      2 1.7ms
                                           ddr3.ddr3_controller_inst.stage1_next_bank[1]      8 1.7ms
                                          $techmap228828$abc$223652$lut$aiger$o2441.A[3]      2 1.7ms
                                                                   ddr3.iserdes_data[23]      2 1.7ms
                                               ddr3.ddr3_phy_inst.shift_bitslip_index[0]      9 1.7ms
                                             ddr3.ddr3_controller_inst.read_lane_data[3]      3 1.7ms
                  $techmap225354$auto$abc_ops_reintegrate.cc:611:reintegrate$224421.A[4]      2 1.7ms
                  $techmap224906$auto$abc_ops_reintegrate.cc:611:reintegrate$224510.A[0]      6 1.7ms
                                                 ddr3.ddr3_controller_inst.stage1_row[4]      2 1.7ms
                                                 ddr3.ddr3_controller_inst.dqs_store[12]      5 1.7ms
                                     ddr3.ddr3_controller_inst.stage2_data_unaligned[21]      5 1.7ms
                                            ddr3.ddr3_controller_inst.read_lane_data[25]      3 1.7ms
                  $techmap225831$auto$abc_ops_reintegrate.cc:611:reintegrate$224300.A[3]      1 1.7ms
                                     $techmap225131$abc$223652$lut$aiger223651$6928.A[1]      2 1.7ms
                                    $techmap225221$abc$223652$lut$aiger223651$11556.A[0]      8 1.7ms
                  $techmap226085$auto$abc_ops_reintegrate.cc:611:reintegrate$224218.A[2]      4 1.7ms
                  $techmap227416$auto$abc_ops_reintegrate.cc:611:reintegrate$223906.A[1]      4 1.7ms
                                                 ddr3.ddr3_controller_inst.calib_addr[6]      2 1.7ms
                                    $techmap224910$abc$223652$lut$aiger223651$10148.A[5]      1 1.7ms
                                                                   ddr3.iserdes_data[61]      2 1.7ms
                  $techmap225993$auto$abc_ops_reintegrate.cc:611:reintegrate$224244.A[4]      3 1.7ms
                                                                   ddr3.iserdes_data[13]      2 1.7ms
                                               ddr3.ddr3_controller_inst.calib_data[104]      1 1.7ms
                                     $techmap226398$abc$223652$lut$aiger223651$8516.A[3]      6 1.7ms
                                    $techmap225326$abc$223652$lut$aiger223651$12071.A[2]      3 1.7ms
                                          $techmap228358$abc$223652$lut$aiger$o2324.A[2]      2 1.7ms
                                    $techmap225646$abc$223652$lut$aiger223651$12490.A[1]      3 1.7ms
                                                           ddr3.idelay_dqs_cntvaluein[1]      5 1.7ms
                                                                    ddr3.iserdes_data[8]      2 1.7ms
                                  ddr3.ddr3_controller_inst.read_test_address_counter[3]      5 1.7ms
                                   ddr3.ddr3_controller_inst.stage2_data_unaligned_d[85]      1 1.7ms
                                    $techmap226322$abc$223652$lut$aiger223651$18080.A[2]      2 1.7ms
                                   ddr3.ddr3_controller_inst.shift_reg_read_pipe_q[0][0]      2 1.7ms
                                    $techmap225724$abc$223652$lut$aiger223651$14793.A[3]      3 1.7ms
                                     ddr3.ddr3_controller_inst.stage2_data_unaligned[93]      5 1.7ms
                                                ddr3.ddr3_controller_inst.calib_addr[15]      2 1.7ms
                  $techmap225390$auto$abc_ops_reintegrate.cc:611:reintegrate$224412.A[4]      2 1.7ms
                                               ddr3.ddr3_controller_inst.instruction[27]      3 1.7ms
                                                                     ddr3.idelayctrl_rdy      3 1.7ms
                                                ddr3.ddr3_controller_inst.calib_data[32]      1 1.7ms
                                     $techmap226083$abc$223652$lut$aiger223651$7240.A[2]      2 1.7ms
                                          $techmap225012$abc$223652$lut$aiger$o3369.A[4]      9 1.7ms
                                    $techmap228099$abc$223652$lut$not$aiger223651$3679.A      4 1.7ms
                                                                   ddr3.iserdes_data[68]      2 1.6ms
                                    $techmap228465$abc$223652$lut$aiger223651$17214.A[2]      2 1.6ms
                                    $techmap227023$abc$223652$lut$aiger223651$20453.A[3]      3 1.6ms
                                     ddr3.ddr3_controller_inst.dqs_target_index_value[5]      3 1.6ms
                  $techmap225565$auto$abc_ops_reintegrate.cc:611:reintegrate$224368.A[4]      2 1.6ms
                                                ddr3.ddr3_controller_inst.calib_addr[12]      2 1.6ms
                                            ddr3.ddr3_controller_inst.read_lane_data[23]      3 1.6ms
                                         ddr3.ddr3_controller_inst.write_pattern_lane[9]      2 1.6ms
                                    $techmap227002$abc$223652$lut$aiger223651$16137.A[1]      2 1.6ms
                                          $techmap225026$abc$223652$lut$aiger$o3171.A[2]      1 1.6ms
                                                 ddr3.ddr3_controller_inst.calib_addr[0]      1 1.6ms
                                         ddr3.ddr3_controller_inst.unaligned_data[1][43]      2 1.6ms
                                                                      ddr3.o_wb_data[77]      2 1.6ms
                                          $techmap228398$abc$223652$lut$aiger$o2329.A[2]      2 1.6ms
                                     $techmap227585$abc$223652$lut$aiger223651$6437.A[3]      2 1.6ms
                  $techmap226416$auto$abc_ops_reintegrate.cc:611:reintegrate$224144.A[2]      4 1.6ms
                                    $techmap226577$abc$223652$lut$aiger223651$19551.A[2]      2 1.6ms
                                    $techmap226444$abc$223652$lut$aiger223651$12419.A[1]      6 1.6ms
                                                                         ddr3.toggle_dqs      4 1.6ms
                                    $techmap226708$abc$223652$lut$aiger223651$12998.A[4]      2 1.6ms
                                                                   ddr3.iserdes_data[83]      2 1.6ms
                  $techmap227176$auto$abc_ops_reintegrate.cc:611:reintegrate$223992.A[4]      1 1.6ms
                                      ddr3.ddr3_controller_inst.bank_active_row_d[2][10]      4 1.6ms
                                     $techmap227711$abc$223652$lut$aiger223651$7895.A[0]      1 1.6ms
                                        ddr3.ddr3_controller_inst.write_pattern_lane[13]      2 1.6ms
                                  ddr3.ddr3_controller_inst.read_test_address_counter[5]      5 1.6ms
                                      ddr3.ddr3_controller_inst.bank_active_row_d[3][10]      4 1.6ms
                                       ddr3.ddr3_controller_inst.bank_active_row_d[7][0]      4 1.6ms
                                                 ddr3.ddr3_controller_inst.calib_data[9]      1 1.6ms
                                         ddr3.ddr3_controller_inst.unaligned_data[1][29]      2 1.6ms
                                $abc$223652$auto$simple.cc:193:make_patterns_logic$35215      7 1.6ms
                                    $techmap228076$abc$223652$lut$not$aiger223651$3606.A      4 1.6ms
                                                                   ddr3.iserdes_data[44]      2 1.6ms
                                         ddr3.ddr3_controller_inst.unaligned_data[1][15]      2 1.6ms
                                                 ddr3.ddr3_controller_inst.stage1_row[3]      3 1.6ms
                                       ddr3.ddr3_controller_inst.bank_active_row_d[0][8]      4 1.6ms
                  $techmap225512$auto$abc_ops_reintegrate.cc:611:reintegrate$224376.A[3]      4 1.6ms
                                    $techmap226840$abc$223652$lut$aiger223651$12253.A[1]      2 1.6ms
                                     $techmap228318$abc$223652$lut$aiger223651$5238.A[2]      4 1.6ms
                                    $techmap226926$abc$223652$lut$aiger223651$20294.A[5]      2 1.6ms
                                              ddr3.ddr3_controller_inst.bank_status_d[2]      4 1.6ms
                                $abc$223652$auto$simple.cc:210:make_patterns_logic$32111      4 1.6ms
                                     $techmap227866$abc$223652$lut$aiger223651$8382.A[4]      1 1.6ms
                                    $techmap226829$abc$223652$lut$aiger223651$12172.A[4]      2 1.6ms
                  $techmap227628$auto$abc_ops_reintegrate.cc:611:reintegrate$223816.A[3]      2 1.6ms
                                                                  ddr3.iserdes_data[110]      2 1.6ms
                  $techmap226511$auto$abc_ops_reintegrate.cc:611:reintegrate$224112.A[2]      4 1.6ms
                                    $techmap228582$abc$223652$lut$aiger223651$18209.A[1]      2 1.6ms
                                                                          ddr3.data[126]      1 1.6ms
                                          $techmap226115$abc$223652$lut$aiger$o4454.A[1]      3 1.6ms
                                                 ddr3.ddr3_controller_inst.dqs_store[35]      5 1.6ms
        $abc$223652$flatten\ddr3.\ddr3_controller_inst.$2$lookahead\calib_data$9914[127:0]$10241[89]      2 1.6ms
                  $techmap227287$auto$abc_ops_reintegrate.cc:611:reintegrate$223955.A[3]      3 1.6ms
                                               ddr3.ddr3_controller_inst.stage1_data[85]      1 1.6ms
                  $techmap226767$auto$abc_ops_reintegrate.cc:611:reintegrate$224064.A[3]      2 1.6ms
                                    $techmap228118$abc$223652$lut$not$aiger223651$4225.A      4 1.6ms
                                            ddr3.ddr3_controller_inst.read_lane_data[63]      4 1.6ms
                                                 ddr3.ddr3_controller_inst.stage1_row[5]      3 1.6ms
                                                                  ddr3.iserdes_data[121]      2 1.6ms
                                    $techmap225755$abc$223652$lut$aiger223651$15001.A[2]      4 1.6ms
                                            ddr3.ddr3_controller_inst.read_lane_data[22]      3 1.6ms
                                                                               line_b[8]      2 1.6ms
                                    $techmap225563$abc$223652$lut$aiger223651$13983.A[2]      3 1.6ms
                  $techmap227354$auto$abc_ops_reintegrate.cc:611:reintegrate$223934.A[2]      3 1.6ms
                                    $techmap225541$abc$223652$lut$aiger223651$13954.A[1]      3 1.6ms
                                                                   ddr3.iserdes_data[80]      2 1.6ms
                  $techmap224965$auto$abc_ops_reintegrate.cc:611:reintegrate$224492.A[0]      3 1.6ms
                                              ddr3.ddr3_controller_inst.stage1_data[115]      1 1.6ms
                                     $techmap228959$abc$223652$lut$aiger223651$5775.A[2]      1 1.6ms
                  $techmap225581$auto$abc_ops_reintegrate.cc:611:reintegrate$224364.A[3]      1 1.6ms
                                      ddr3.ddr3_controller_inst.stage2_data_unaligned[8]      6 1.6ms
                                                                          ddr3.data[125]      1 1.6ms
                  $techmap226588$auto$abc_ops_reintegrate.cc:611:reintegrate$224094.A[2]      4 1.6ms
                                     $techmap227746$abc$223652$lut$aiger223651$7914.A[3]      1 1.6ms
        $flatten\ddr3.\ddr3_controller_inst.$shr$build/uberddr3/rtl/ddr3_controller.v:3127$10483.Y[6]      6 1.6ms
                                     $techmap225290$abc$223652$lut$aiger223651$5095.A[0]      4 1.6ms
                                                                              line_b[24]      2 1.6ms
                                ddr3.ddr3_controller_inst.write_test_address_counter[24]      6 1.6ms
                                     ddr3.ddr3_controller_inst.stage2_data_unaligned[82]      5 1.6ms
                                     $techmap227622$abc$223652$lut$aiger223651$6631.A[2]      2 1.6ms
                  $techmap225581$auto$abc_ops_reintegrate.cc:611:reintegrate$224364.A[1]      4 1.6ms
                  $techmap225222$auto$abc_ops_reintegrate.cc:611:reintegrate$224443.A[2]      4 1.6ms
                                 ddr3.ddr3_controller_inst.read_test_address_counter[20]      5 1.6ms
                                                                  ddr3.iserdes_data[113]      2 1.6ms
                                    $techmap228163$abc$223652$lut$not$aiger223651$4371.A      4 1.6ms
                                    $techmap225686$abc$223652$lut$aiger223651$14606.A[1]      4 1.6ms
                                     $techmap227642$abc$223652$lut$aiger223651$6856.A[1]      4 1.6ms
                  $techmap226687$auto$abc_ops_reintegrate.cc:611:reintegrate$224073.A[3]      2 1.5ms
                                   $techmap228194$abc$223652$lut$not$aiger223651$14017.A      4 1.5ms
        $abc$223652$flatten\ddr3.\ddr3_phy_inst.$logic_and$build/uberddr3/rtl/ddr3_phy.v:1133$8880_Y      4 1.5ms
                                     $techmap226239$abc$223652$lut$aiger223651$7397.A[4]      2 1.5ms
                                                                      ddr3.o_wb_data[35]      3 1.5ms
                                       ddr3.ddr3_controller_inst.bank_active_row_d[7][4]      4 1.5ms
                                                                   ddr3.iserdes_data[35]      2 1.5ms
                  $techmap226470$auto$abc_ops_reintegrate.cc:611:reintegrate$224125.A[3]      4 1.5ms
                                    $techmap226710$abc$223652$lut$aiger223651$18369.A[2]      2 1.5ms
                                                ddr3.ddr3_controller_inst.calib_addr[18]      2 1.5ms
                                                                   ddr3.iserdes_data[86]      2 1.5ms
                                    $techmap227175$abc$223652$lut$aiger223651$20745.A[2]      2 1.5ms
                                    $techmap226818$abc$223652$lut$aiger223651$12127.A[4]      2 1.5ms
                  $techmap225370$auto$abc_ops_reintegrate.cc:611:reintegrate$224417.A[3]      4 1.5ms
                                    $techmap225653$abc$223652$lut$aiger223651$14405.A[3]      7 1.5ms
                                    $techmap225314$abc$223652$lut$aiger223651$11897.A[4]      2 1.5ms
                                                                      ddr3.o_wb_data[65]      3 1.5ms
                                   ddr3.ddr3_controller_inst.shift_reg_read_pipe_q[1][0]      6 1.5ms
                                               ddr3.ddr3_controller_inst.stage1_data[24]      1 1.5ms
                                                                   ddr3.iserdes_data[46]      2 1.5ms
                                         ddr3.ddr3_controller_inst.unaligned_data[1][59]      2 1.5ms
                                    $techmap225880$abc$223652$lut$aiger223651$15852.A[2]      3 1.5ms
                                   ddr3.ddr3_controller_inst.stage2_data_unaligned_d[35]      1 1.5ms
                                                                   ddr3.iserdes_data[31]      2 1.5ms
                                    $techmap228084$abc$223652$lut$not$aiger223651$3630.A      4 1.5ms
                                    $techmap225678$abc$223652$lut$aiger223651$14512.A[1]      4 1.5ms
                                               ddr3.ddr3_controller_inst.stage1_data[76]      1 1.5ms
                  $techmap226140$auto$abc_ops_reintegrate.cc:611:reintegrate$224199.A[4]      4 1.5ms
                                                                           ddr3.data[45]      1 1.5ms
                                         ddr3.ddr3_controller_inst.unaligned_data[1][60]      2 1.5ms
                                    $techmap228836$abc$223652$lut$aiger223651$11161.A[2]      3 1.5ms
                                    $techmap228518$abc$223652$lut$aiger223651$17732.A[2]      2 1.5ms
                  $techmap226025$auto$abc_ops_reintegrate.cc:611:reintegrate$224236.A[4]      2 1.5ms
                                    $techmap226456$abc$223652$lut$aiger223651$18946.A[2]      3 1.5ms
                                                                   ddr3.iserdes_data[10]      2 1.5ms
                                                                  ddr3.iserdes_data[117]      2 1.5ms
                                                                  $abc$223652$aiger$o773      3 1.5ms
                                                ddr3.ddr3_controller_inst.calib_addr[23]      2 1.5ms
                                                ddr3.ddr3_controller_inst.calib_data[55]      1 1.5ms
                                               ddr3.ddr3_controller_inst.stage2_row_d[6]      2 1.5ms
                                    $techmap226897$abc$223652$lut$aiger223651$13388.A[1]      2 1.5ms
                                 ddr3.ddr3_controller_inst.read_test_address_counter[23]      5 1.5ms
                                    $techmap225577$abc$223652$lut$aiger223651$14188.A[2]      3 1.5ms
                                    $techmap225394$abc$223652$lut$aiger223651$12681.A[2]      3 1.5ms
                                    $techmap226711$abc$223652$lut$aiger223651$20054.A[1]      2 1.5ms
                                    $techmap225334$abc$223652$lut$aiger223651$11885.A[4]      2 1.5ms
                                               ddr3.ddr3_controller_inst.stage1_data[89]      1 1.5ms
                  $techmap226729$auto$abc_ops_reintegrate.cc:611:reintegrate$224068.A[0]      3 1.5ms
                  $techmap226146$auto$abc_ops_reintegrate.cc:611:reintegrate$224197.A[0]      3 1.5ms
Info: Router2 time 12.84s
Info: Routing $PACKER_VCC_NET connections...
Info:     $PACKER_VCC_NET: 1023/1023 sinks bridged (0 holdouts; max BFS 33)
Info: Routing $PACKER_GND_NET connections...
Info:     $PACKER_GND_NET: 835/835 sinks bridged (0 holdouts; max BFS 9968)
Info: Running post-routing legalisation...
Info:     BUFHCE pass-through CE: 8 tied to VCC, 0 already driven, 0 could not be reached

Info: Critical path report for clock 'clk_ctrl' (posedge -> posedge):
Info: curr total
Info:  0.1  0.1  Source $auto$ff.cc:337:slice$42739.Q
Info:  1.7  1.8    Net ddr3.ddr3_controller_inst.stage2_bank[2] budget 0.000000 ns (198,108) -> (206,125)
Info:                Sink $abc$223652$lut$aiger223651$5152.A5
Info:  0.1  1.9  Source $abc$223652$lut$aiger223651$5152.O6
Info:  0.4  2.3    Net $techmap224992$abc$223652$lut$aiger223651$5159.A[5] budget 0.000000 ns (206,125) -> (206,125)
Info:                Sink $abc$223652$lut$aiger223651$5159.A6
Info:  0.1  2.5  Source $abc$223652$lut$aiger223651$5159.O6
Info:  0.2  2.6    Net $techmap224994$abc$223652$lut$aiger223651$6843.A[1] budget 0.000000 ns (206,125) -> (206,125)
Info:                Sink $abc$223652$lut$aiger223651$5160.A4
Info:  0.1  2.7  Source $abc$223652$lut$aiger223651$5160.O6
Info:  0.5  3.3    Net $techmap224998$abc$223652$lut$aiger223651$6837.A[1] budget 0.000000 ns (206,125) -> (206,124)
Info:                Sink $abc$223652$lut$aiger223651$6837.A4
Info:  0.1  3.4  Source $abc$223652$lut$aiger223651$6837.O6
Info:  0.5  3.9    Net $techmap224999$abc$223652$lut$aiger223651$6936.A[2] budget 0.000000 ns (206,124) -> (206,125)
Info:                Sink $abc$223652$lut$aiger223651$6936.A1
Info:  0.1  4.1  Source $abc$223652$lut$aiger223651$6936.O6
Info:  0.6  4.7    Net $techmap225000$auto$abc_ops_reintegrate.cc:611:reintegrate$223768.A[3] budget 0.000000 ns (206,125) -> (207,122)
Info:                Sink $abc$223652$lut$aiger223651$6937.A2
Info:  0.1  4.8  Source $abc$223652$lut$aiger223651$6937.O6
Info:  1.6  6.3    Net $techmap225096$auto$abc_ops_reintegrate.cc:611:reintegrate$223759.A[1] budget 0.000000 ns (207,122) -> (203,103)
Info:                Sink $auto$abc_ops_reintegrate.cc:611:reintegrate$223686.A4
Info:  0.1  6.5  Source $auto$abc_ops_reintegrate.cc:611:reintegrate$223686.O6
Info:  0.9  7.4    Net ddr3.ddr3_controller_inst.bank_active_row_d[4][13] budget 0.000000 ns (203,103) -> (203,108)
Info:                Sink $abc$223652$lut$aiger223651$10484.A2
Info:  0.1  7.5  Source $abc$223652$lut$aiger223651$10484.O6
Info:  1.0  8.5    Net $techmap228299$abc$223652$lut$aiger223651$10506.A[4] budget 0.000000 ns (203,108) -> (203,102)
Info:                Sink $abc$223652$lut$aiger223651$10506.A3
Info:  0.1  8.6  Source $abc$223652$lut$aiger223651$10506.O6
Info:  0.9  9.5    Net $techmap228309$abc$223652$lut$aiger223651$10538.A[4] budget 0.000000 ns (203,102) -> (206,106)
Info:                Sink $abc$223652$lut$aiger223651$10538.A1
Info:  0.1  9.7  Source $abc$223652$lut$aiger223651$10538.O6
Info:  1.1 10.7    Net $techmap229043$abc$223652$lut$aiger$o2813.A[4] budget 0.000000 ns (206,106) -> (206,115)
Info:                Sink $abc$223652$lut$aiger$o2813.A4
Info:  0.1 10.9  Source $abc$223652$lut$aiger$o2813.O6
Info:  0.0 10.9    Net ddr3.ddr3_controller_inst.stage1_do_pre_d budget 0.043000 ns (206,115) -> (206,115)
Info:                Sink $auto$ff.cc:337:slice$41830.D
Info:  0.1 11.0  Setup $auto$ff.cc:337:slice$41830.D
Info: 1.6 ns logic, 9.4 ns routing

Info: Max frequency for clock 'clk_ctrl': 90.93 MHz (PASS at 83.33 MHz)

Info: Slack histogram:
Info:  legend: * represents 9 endpoint(s)
Info:          + represents [1,9) endpoint(s)
Info: [  1003,   1536) |+
Info: [  1536,   2069) |*+
Info: [  2069,   2602) |**+
Info: [  2602,   3135) |******+
Info: [  3135,   3668) |******************+
Info: [  3668,   4201) |***************************+
Info: [  4201,   4734) |*********************************+
Info: [  4734,   5267) |************************+
Info: [  5267,   5800) |*********************+
Info: [  5800,   6333) |***************************+
Info: [  6333,   6866) |***********************************+
Info: [  6866,   7399) |***********************************************+
Info: [  7399,   7932) |**********************************************+
Info: [  7932,   8465) |********************************************************+
Info: [  8465,   8998) |******************************************************+
Info: [  8998,   9531) |************************************************************ 
Info: [  9531,  10064) |********************************************************+
Info: [ 10064,  10597) |**********************************+
Info: [ 10597,  11130) |************************************+
Info: [ 11130,  11663) |***************************+
Info: Report written to build/fpga/ddr3-x16/try_heap_seed1.json.
